phase,pointerId,pressure,size,timestamp,x,y
DOWN,0,1.0,0.03137255,115335669,672.62695,718.18945
MOVE,0,1.0,0.027450982,115335702,671.83594,719.8594
UP,0,1.0,0.027450982,115335711,671.83594,719.8594
DOWN,0,1.0,0.03137255,115335836,612.2461,815.0449
MOVE,0,1.0,0.03137255,115335852,613.7233,813.52246
MOVE,0,1.0,0.027450982,115335866,614.8828,812.54004
MOVE,0,1.0,0.027450982,115335870,615.1465,812.2617
UP,0,1.0,0.027450982,115335878,615.1465,812.2617
DOWN,0,1.0,0.03529412,115336003,589.834,845.66016
MOVE,0,1.0,0.03137255,115336020,590.3613,844.5469
MOVE,0,1.0,0.027450982,115336045,589.834,845.1035
UP,0,1.0,0.027450982,115336054,589.834,845.1035
DOWN,0,1.0,0.023529414,115336213,538.68164,856.2363
MOVE,0,1.0,0.03137255,115336237,542.6558,856.79297
MOVE,0,1.0,0.03137255,115336250,545.8008,857.3496
MOVE,0,1.0,0.03137255,115336267,550.9424,857.3496
MOVE,0,1.0,0.03137255,115336284,556.6113,857.0713
MOVE,0,1.0,0.03137255,115336300,557.79785,854.8447
MOVE,0,1.0,0.03137255,115336317,557.5342,852.0615
MOVE,0,1.0,0.03137255,115336333,554.89746,849.0
MOVE,0,1.0,0.03137255,115336338,553.44727,848.44336
UP,0,1.0,0.03137255,115336346,553.44727,848.44336
DOWN,0,1.0,0.03137255,115336480,519.96094,855.6797
MOVE,0,1.0,0.03137255,115336497,519.96094,855.12305
MOVE,0,1.0,0.03137255,115336520,520.2595,854.5664
MOVE,0,1.0,0.027450982,115336522,520.2246,854.5664
UP,0,1.0,0.027450982,115336530,520.2246,854.5664
DOWN,0,1.0,0.03137255,115336647,498.07617,812.81836
MOVE,0,1.0,0.039215688,115336671,497.09137,814.89746
MOVE,0,1.0,0.03529412,115336685,496.23047,816.71484
MOVE,0,1.0,0.03137255,115336702,494.78027,817.8281
MOVE,0,1.0,0.03137255,115336715,489.375,819.49805
UP,0,1.0,0.03137255,115336723,489.375,819.49805
DOWN,0,1.0,0.027450982,115336990,765.7031,1285.4062
MOVE,0,1.0,0.023529414,115337039,763.76843,1281.8048
MOVE,0,1.0,0.023529414,115337053,758.2828,1273.752
MOVE,0,1.0,0.023529414,115337070,748.1684,1255.8602
MOVE,0,1.0,0.023529414,115337087,742.33875,1237.6553
MOVE,0,1.0,0.023529414,115337091,741.18164,1232.5254
UP,0,1.0,0.023529414,115337099,741.18164,1232.5254
DOWN,0,1.0,0.03137255,115337116,596.1621,821.7246
MOVE,0,1.0,0.03137255,115337140,597.4106,824.917
MOVE,0,1.0,0.03137255,115337154,597.876,827.0127
MOVE,0,1.0,0.03137255,115337170,597.876,832.02246
MOVE,0,1.0,0.03137255,115337187,596.1621,838.4238
MOVE,0,1.0,0.03137255,115337204,594.05273,841.20703
MOVE,0,1.0,0.03137255,115337221,592.33887,841.7637
MOVE,0,1.0,0.03137255,115337237,591.6797,842.3203
MOVE,0,1.0,0.03137255,115337249,592.4707,842.3203
MOVE,0,1.0,0.03137255,115337274,594.2116,841.7637
MOVE,0,1.0,0.03137255,115337283,594.84375,841.7637
MOVE,0,1.0,0.027450982,115337309,594.3164,841.7637
DOWN,1,1.0,0.023529414,115337317,716.9238,1214.7129
UP,0,1.0,0.027450982,115337325,594.3164,841.7637
MOVE,1,1.0,0.027450982,115337340,715.71027,1216.3091
MOVE,1,1.0,0.03137255,115337354,714.41895,1217.2178
MOVE,1,1.0,0.027450982,115337371,713.2324,1218.0527
MOVE,1,1.0,0.027450982,115337383,712.57324,1218.331
MOVE,1,1.0,0.027450982,115337405,711.6504,1218.6094
MOVE,1,1.0,0.03137255,115337409,711.3867,1218.6094
MOVE,1,1.0,0.023529414,115337459,711.91406,1218.0527
UP,1,1.0,0.023529414,115337467,711.91406,1218.0527
DOWN,0,1.0,0.03529412,115337493,594.84375,791.1094
MOVE,0,1.0,0.03529412,115337524,596.321,790.0698
MOVE,0,1.0,0.03137255,115337534,596.68945,789.9961
MOVE,0,1.0,0.03137255,115337551,597.08496,789.7178
MOVE,0,1.0,0.03137255,115337568,597.48047,789.16113
MOVE,0,1.0,0.03137255,115337585,597.876,788.8828
MOVE,0,1.0,0.03137255,115337593,598.0078,788.8828
UP,0,1.0,0.03137255,115337643,598.0078,788.8828
DOWN,0,1.0,0.019607844,115337651,763.59375,1184.6543
MOVE,0,1.0,0.023529414,115337675,766.8817,1184.5806
MOVE,0,1.0,0.027450982,115337689,768.8672,1186.3242
MOVE,0,1.0,0.027450982,115337706,770.58105,1188.2725
MOVE,0,1.0,0.027450982,115337718,771.5039,1188.5508
UP,0,1.0,0.027450982,115337727,771.5039,1188.5508
DOWN,0,1.0,0.027450982,115337785,589.834,763.27734
MOVE,0,1.0,0.03137255,115337809,591.83856,764.87354
MOVE,0,1.0,0.03137255,115337823,592.7344,766.06055
MOVE,0,1.0,0.03529412,115337840,593.39355,767.73047
MOVE,0,1.0,0.03137255,115337856,593.78906,768.5654
MOVE,0,1.0,0.03137255,115337869,593.6572,769.1221
MOVE,0,1.0,0.027450982,115337877,593.5254,769.4004
UP,0,1.0,0.027450982,115337885,593.5254,769.4004
DOWN,0,1.0,0.023529414,115337902,747.77344,1208.0332
MOVE,0,1.0,0.023529414,115337926,750.2704,1208.999
MOVE,0,1.0,0.023529414,115337940,751.9922,1210.5381
MOVE,0,1.0,0.027450982,115337956,753.5742,1212.7646
MOVE,0,1.0,0.027450982,115337973,754.8926,1214.4346
MOVE,0,1.0,0.027450982,115337990,755.6836,1214.7129
MOVE,0,1.0,0.023529414,115337994,755.94727,1214.7129
UP,0,1.0,0.023529414,115338002,755.94727,1214.7129
DOWN,0,1.0,0.03137255,115338036,624.375,783.3164
MOVE,0,1.0,0.03529412,115338077,624.6387,784.9126
MOVE,0,1.0,0.03137255,115338086,624.375,785.54297
MOVE,0,1.0,0.03137255,115338110,623.88257,787.13916
MOVE,0,1.0,0.03137255,115338111,623.84766,787.2129
MOVE,0,1.0,0.027450982,115338145,622.79297,787.2129
UP,0,1.0,0.027450982,115338153,622.79297,787.2129
DOWN,0,1.0,0.023529414,115338162,763.3301,1235.8652
MOVE,0,1.0,0.019607844,115338170,763.3301,1236.4219
MOVE,0,1.0,0.027450982,115338194,764.0512,1239.0576
MOVE,0,1.0,0.023529414,115338208,764.7803,1241.4316
MOVE,0,1.0,0.023529414,115338224,764.7803,1243.3799
MOVE,0,1.0,0.023529414,115338241,763.98926,1244.7715
MOVE,0,1.0,0.023529414,115338245,763.59375,1244.7715
UP,0,1.0,0.023529414,115338254,763.59375,1244.7715
DOWN,0,1.0,0.03529412,115338279,620.4199,751.5879
MOVE,0,1.0,0.03529412,115338294,621.6684,752.14453
MOVE,0,1.0,0.03529412,115338304,622.2656,752.14453
MOVE,0,1.0,0.03529412,115338329,623.5491,753.7407
MOVE,0,1.0,0.03529412,115338341,623.84766,755.20605
MOVE,0,1.0,0.03529412,115338358,623.84766,756.31934
MOVE,0,1.0,0.03529412,115338362,623.84766,756.59766
MOVE,0,1.0,0.03137255,115338396,623.05664,756.59766
DOWN,1,1.0,0.019607844,115338404,741.4453,1231.4121
UP,0,1.0,0.03137255,115338413,623.05664,756.59766
MOVE,1,1.0,0.023529414,115338445,740.91797,1234.0479
MOVE,1,1.0,0.023529414,115338458,740.78613,1235.8652
MOVE,1,1.0,0.023529414,115338475,740.52246,1237.2568
MOVE,1,1.0,0.023529414,115338492,739.9951,1238.3701
MOVE,1,1.0,0.023529414,115338505,739.4678,1238.9268
MOVE,1,1.0,0.023529414,115338513,739.07227,1239.2051
UP,1,1.0,0.023529414,115338522,739.07227,1239.2051
DOWN,0,1.0,0.03137255,115338546,612.2461,765.5039
MOVE,0,1.0,0.03529412,115338562,613.987,766.06055
MOVE,0,1.0,0.03529412,115338576,615.542,766.06055
MOVE,0,1.0,0.03529412,115338593,616.9922,766.6172
MOVE,0,1.0,0.03529412,115338605,618.0469,767.1738
MOVE,0,1.0,0.03529412,115338622,618.8379,767.1738
MOVE,0,1.0,0.03529412,115338638,619.8926,767.1738
MOVE,0,1.0,0.03137255,115338663,620.4199,766.1343
MOVE,0,1.0,0.023529414,115338681,619.8926,764.94727
DOWN,1,1.0,0.023529414,115338681,739.8633,1222.5059
UP,0,1.0,0.023529414,115338689,619.8926,764.94727
MOVE,1,1.0,0.023529414,115338713,739.07227,1224.102
MOVE,1,1.0,0.023529414,115338722,738.8086,1225.2891
MOVE,1,1.0,0.023529414,115338746,738.31616,1226.8853
MOVE,1,1.0,0.023529414,115338760,737.88574,1227.5156
MOVE,1,1.0,0.023529414,115338764,737.7539,1227.5156
MOVE,1,1.0,0.023529414,115338789,736.9629,1228.0723
UP,1,1.0,0.023529414,115338806,736.9629,1228.0723
DOWN,0,1.0,0.027450982,115338822,599.0625,813.93164
MOVE,0,1.0,0.03137255,115338846,601.0671,814.9712
MOVE,0,1.0,0.03137255,115338860,601.83105,816.1582
MOVE,0,1.0,0.03137255,115338877,602.49023,817.5498
MOVE,0,1.0,0.03137255,115338894,602.88574,818.6631
MOVE,0,1.0,0.03137255,115338906,602.7539,819.49805
MOVE,0,1.0,0.03137255,115338946,602.7539,819.49805
MOVE,0,1.0,0.023529414,115338957,602.49023,817.8281
DOWN,1,1.0,0.023529414,115338957,739.5996,1194.1172
UP,0,1.0,0.023529414,115338965,602.49023,817.8281
MOVE,1,1.0,0.023529414,115338973,739.33594,1194.6738
MOVE,1,1.0,0.027450982,115338997,738.35114,1195.7134
MOVE,1,1.0,0.027450982,115339007,737.7539,1196.3438
MOVE,1,1.0,0.027450982,115339031,736.24176,1196.9004
MOVE,1,1.0,0.027450982,115339044,735.1172,1196.9004
MOVE,1,1.0,0.023529414,115339061,733.7988,1196.0654
MOVE,1,1.0,0.027450982,115339083,731.4258,1191.334
DOWN,0,1.0,0.027450982,115339083,566.3672,817.8281
UP,1,1.0,0.027450982,115339090,731.4258,1191.334
MOVE,0,1.0,0.027450982,115339097,568.1081,817.8281
MOVE,0,1.0,0.03137255,115339111,569.7949,818.38477
MOVE,0,1.0,0.03529412,115339128,571.77246,820.0547
MOVE,0,1.0,0.03529412,115339145,573.0908,822.28125
MOVE,0,1.0,0.03529412,115339161,573.88184,824.2295
MOVE,0,1.0,0.03529412,115339174,574.541,825.06445
MOVE,0,1.0,0.03529412,115339198,575.2971,826.104
MOVE,0,1.0,0.03529412,115339207,575.33203,826.7344
MOVE,0,1.0,0.03529412,115339229,575.5957,828.126
MOVE,0,1.0,0.03529412,115339241,575.72754,828.96094
MOVE,0,1.0,0.03529412,115339258,575.8594,830.0742
MOVE,0,1.0,0.039215688,115339275,575.5957,831.1875
MOVE,0,1.0,0.03529412,115339291,575.5957,831.74414
MOVE,0,1.0,0.03529412,115339325,575.06836,831.1875
MOVE,0,1.0,0.03529412,115339358,575.06836,830.0742
MOVE,0,1.0,0.03529412,115339383,575.33203,830.0742
MOVE,0,1.0,0.03529412,115339501,575.33203,828.96094
MOVE,0,1.0,0.03529412,115339592,575.33203,828.4043
MOVE,0,1.0,0.03137255,115339651,575.33203,827.291
DOWN,1,1.0,0.027450982,115339659,763.3301,1167.9551
UP,0,1.0,0.03137255,115339668,575.33203,827.291
MOVE,1,1.0,0.027450982,115339682,762.3802,1168.9209
MOVE,1,1.0,0.027450982,115339693,761.74805,1169.625
MOVE,1,1.0,0.027450982,115339709,760.69336,1170.7383
MOVE,1,1.0,0.03137255,115339733,759.93726,1171.2949
MOVE,1,1.0,0.03137255,115339743,759.7705,1171.2949
MOVE,1,1.0,0.027450982,115339751,759.6387,1171.2949
MOVE,1,1.0,0.027450982,115339793,759.6387,1170.7383
MOVE,1,1.0,0.027450982,115339817,760.3948,1169.6987
MOVE,1,1.0,0.027450982,115339818,760.4297,1169.625
UP,1,1.0,0.027450982,115339835,760.4297,1169.625
DOWN,0,1.0,0.027450982,115339851,599.3262,860.1328
MOVE,0,1.0,0.03137255,115339877,599.0625,860.68945
MOVE,0,1.0,0.03137255,115339901,598.57007,862.28564
MOVE,0,1.0,0.03529412,115339914,597.48047,863.19434
MOVE,0,1.0,0.03137255,115339931,596.0303,864.0293
MOVE,0,1.0,0.03137255,115339948,594.9756,864.58594
MOVE,0,1.0,0.03137255,115339965,593.9209,865.1426
MOVE,0,1.0,0.03137255,115339977,593.5254,865.4209
MOVE,0,1.0,0.03137255,115339985,593.2617,865.6992
MOVE,0,1.0,0.027450982,115340019,593.78906,865.1426
UP,0,1.0,0.027450982,115340028,593.78906,865.1426
DOWN,1,1.0,0.023529414,115340028,765.1758,1205.25
MOVE,1,1.0,0.023529414,115340051,765.1758,1206.7725
MOVE,1,1.0,0.027450982,115340065,764.7803,1208.5898
MOVE,1,1.0,0.027450982,115340081,764.1211,1210.8164
MOVE,1,1.0,0.027450982,115340098,762.80273,1212.7646
MOVE,1,1.0,0.027450982,115340115,760.4297,1214.4346
MOVE,1,1.0,0.027450982,115340131,757.00195,1214.4346
MOVE,1,1.0,0.027450982,115340144,753.31055,1213.043
UP,1,1.0,0.027450982,115340152,753.31055,1213.043
DOWN,0,1.0,0.03137255,115340178,586.40625,844.5469
MOVE,0,1.0,0.03137255,115340186,586.6699,844.5469
MOVE,0,1.0,0.03137255,115340211,587.19727,844.5469
MOVE,0,1.0,0.03529412,115340235,586.9685,845.5864
MOVE,0,1.0,0.03137255,115340249,586.5381,846.2168
MOVE,0,1.0,0.03529412,115340261,586.1426,846.77344
MOVE,0,1.0,0.027450982,115340286,585.35156,847.3301
UP,0,1.0,0.027450982,115340295,585.35156,847.3301
DOWN,0,1.0,0.023529414,115340303,724.5703,1236.4219
MOVE,0,1.0,0.023529414,115340319,725.7839,1237.4614
MOVE,0,1.0,0.027450982,115340332,727.33887,1239.2051
MOVE,0,1.0,0.027450982,115340349,729.05273,1241.4316
MOVE,0,1.0,0.027450982,115340366,729.9756,1243.3799
MOVE,0,1.0,0.023529414,115340378,730.3711,1244.2148
MOVE,0,1.0,0.023529414,115340419,726.06335,1242.6187
MOVE,0,1.0,0.023529414,115340420,725.8887,1242.5449
UP,0,1.0,0.023529414,115340429,725.8887,1242.5449
DOWN,0,1.0,0.03137255,115340454,613.3008,856.2363
MOVE,0,1.0,0.03137255,115340462,613.56445,856.2363
MOVE,0,1.0,0.03137255,115340478,614.35547,856.2363
MOVE,0,1.0,0.03137255,115340495,615.1465,856.79297
MOVE,0,1.0,0.03529412,115340519,615.6389,857.2759
MOVE,0,1.0,0.03529412,115340529,615.542,857.6279
MOVE,0,1.0,0.03529412,115340546,615.41016,858.1846
MOVE,0,1.0,0.03529412,115340554,615.41016,858.4629
MOVE,0,1.0,0.027450982,115340588,614.8828,858.4629
DOWN,1,1.0,0.023529414,115340588,739.33594,1203.5801
MOVE,0,1.0,0.023529414,115340597,614.61914,857.90625
MOVE,1,1.0,0.023529414,115340597,739.5996,1204.1367
UP,0,1.0,0.023529414,115340605,614.61914,857.90625
MOVE,1,1.0,0.027450982,115340620,740.6194,1206.7725
MOVE,1,1.0,0.027450982,115340633,741.4453,1209.1465
MOVE,1,1.0,0.027450982,115340650,741.97266,1211.373
MOVE,1,1.0,0.027450982,115340667,741.97266,1212.7646
MOVE,1,1.0,0.027450982,115340680,742.1045,1213.5996
MOVE,1,1.0,0.027450982,115340688,742.2363,1214.1562
MOVE,1,1.0,0.023529414,115340713,742.5,1214.7129
MOVE,1,1.0,0.023529414,115340738,742.2363,1214.1562
UP,1,1.0,0.023529414,115340747,742.2363,1214.1562
DOWN,0,1.0,0.03137255,115340755,595.3711,865.6992
MOVE,0,1.0,0.03137255,115340763,595.3711,866.25586
MOVE,0,1.0,0.03529412,115340787,594.87866,868.33496
MOVE,0,1.0,0.03529412,115340801,594.3164,870.15234
MOVE,0,1.0,0.03529412,115340817,593.2617,872.3789
MOVE,0,1.0,0.03529412,115340834,591.94336,873.4922
MOVE,0,1.0,0.03137255,115340847,591.416,874.0488
MOVE,0,1.0,0.03137255,115340888,591.6448,872.45264
MOVE,0,1.0,0.027450982,115340897,592.20703,871.82227
DOWN,1,1.0,0.027450982,115340897,732.48047,1211.9297
MOVE,0,1.0,0.023529414,115340905,593.2617,869.03906
MOVE,1,1.0,0.027450982,115340905,732.48047,1211.9297
UP,0,1.0,0.023529414,115340915,593.2617,869.03906
MOVE,1,1.0,0.027450982,115340921,731.5306,1213.9349
MOVE,1,1.0,0.03137255,115340935,729.5801,1216.1045
MOVE,1,1.0,0.03137255,115340951,726.94336,1218.6094
MOVE,1,1.0,0.03137255,115340968,724.5703,1220.2793
MOVE,1,1.0,0.027450982,115340985,722.85645,1220.5576
MOVE,1,1.0,0.03137255,115340997,721.9336,1220.2793
MOVE,1,1.0,0.027450982,115341014,721.6699,1219.7227
MOVE,1,1.0,0.027450982,115341038,722.39105,1217.0869
MOVE,1,1.0,0.023529414,115341048,722.9883,1214.7129
UP,1,1.0,0.023529414,115341057,722.9883,1214.7129
DOWN,0,1.0,0.027450982,115341057,596.4258,872.93555
MOVE,0,1.0,0.03137255,115341088,596.4607,875.5713
MOVE,0,1.0,0.03137255,115341102,596.0303,877.3887
MOVE,0,1.0,0.03529412,115341118,595.3711,878.7803
MOVE,0,1.0,0.03529412,115341136,594.44824,879.89355
MOVE,0,1.0,0.03137255,115341148,593.78906,880.1719
MOVE,0,1.0,0.03137255,115341165,593.2617,880.1719
MOVE,0,1.0,0.027450982,115341188,594.2465,878.5757
MOVE,0,1.0,0.027450982,115341198,595.3711,875.71875
DOWN,1,1.0,0.023529414,115341198,736.9629,1194.6738
MOVE,0,1.0,0.023529414,115341206,596.1621,874.0488
MOVE,1,1.0,0.023529414,115341206,736.9629,1194.6738
UP,0,1.0,0.023529414,115341215,596.1621,874.0488
MOVE,1,1.0,0.027450982,115341222,735.48566,1196.27
MOVE,1,1.0,0.027450982,115341236,733.7988,1198.0137
MOVE,1,1.0,0.03137255,115341253,731.29395,1199.9619
MOVE,1,1.0,0.03137255,115341269,728.9209,1201.0752
MOVE,1,1.0,0.027450982,115341286,726.0205,1201.9102
MOVE,1,1.0,0.027450982,115341302,722.9883,1201.6318
MOVE,1,1.0,0.023529414,115341319,720.4834,1200.2402
MOVE,1,1.0,0.023529414,115341336,717.71484,1197.457
MOVE,1,1.0,0.023529414,115341340,716.9238,1196.3438
UP,1,1.0,0.023529414,115341348,716.9238,1196.3438
DOWN,0,1.0,0.03137255,115341357,574.8047,855.12305
MOVE,0,1.0,0.03137255,115341372,575.2971,855.6797
MOVE,0,1.0,0.03529412,115341386,576.12305,856.51465
MOVE,0,1.0,0.03529412,115341403,576.7822,858.1846
MOVE,0,1.0,0.03529412,115341420,577.17773,859.29785
MOVE,0,1.0,0.03529412,115341432,577.17773,860.1328
MOVE,0,1.0,0.03529412,115341449,577.17773,860.68945
MOVE,0,1.0,0.03529412,115341466,577.17773,861.80273
MOVE,0,1.0,0.03529412,115341483,577.17773,862.3594
DOWN,1,1.0,0.023529414,115341516,709.541,1202.4668
UP,0,1.0,0.03529412,115341525,577.17773,862.3594
MOVE,1,1.0,0.027450982,115341540,707.34265,1205.1025
MOVE,1,1.0,0.03137255,115341553,705.4541,1207.7549
MOVE,1,1.0,0.03137255,115341570,703.3447,1209.9814
MOVE,1,1.0,0.03137255,115341587,701.63086,1211.373
MOVE,1,1.0,0.027450982,115341599,700.83984,1211.373
MOVE,1,1.0,0.027450982,115341623,699.82007,1210.3335
MOVE,1,1.0,0.027450982,115341633,699.5215,1210.2598
MOVE,1,1.0,0.023529414,115341657,698.00934,1208.1807
MOVE,1,1.0,0.019607844,115341675,696.88477,1205.8066
DOWN,0,1.0,0.027450982,115341675,590.625,879.0586
UP,1,1.0,0.019607844,115341684,696.88477,1205.8066
MOVE,0,1.0,0.027450982,115341690,591.6098,878.50195
MOVE,0,1.0,0.03137255,115341704,592.60254,878.7803
MOVE,0,1.0,0.03137255,115341721,593.9209,879.0586
MOVE,0,1.0,0.027450982,115341733,594.84375,879.0586
MOVE,0,1.0,0.027450982,115341758,595.8635,878.5757
MOVE,0,1.0,0.027450982,115341759,595.89844,878.50195
MOVE,0,1.0,0.03137255,115341784,596.1621,878.50195
DOWN,1,1.0,0.023529414,115341818,723.25195,1199.6836
MOVE,0,1.0,0.03137255,115341834,596.1621,878.50195
MOVE,1,1.0,0.023529414,115341834,722.7246,1200.2402
UP,0,1.0,0.03137255,115341843,596.1621,878.50195
MOVE,1,1.0,0.027450982,115341858,720.755,1203.3588
MOVE,1,1.0,0.03137255,115341872,718.76953,1205.8066
MOVE,1,1.0,0.027450982,115341888,716.792,1207.1982
MOVE,1,1.0,0.03137255,115341905,715.3418,1208.0332
MOVE,1,1.0,0.027450982,115341918,714.5508,1208.0332
MOVE,1,1.0,0.023529414,115341951,714.5508,1206.3633
MOVE,1,1.0,0.023529414,115341968,714.81445,1204.6934
UP,1,1.0,0.023529414,115341976,714.81445,1204.6934
DOWN,0,1.0,0.023529414,115341984,573.22266,867.9258
MOVE,0,1.0,0.03137255,115342008,575.4909,868.96533
MOVE,0,1.0,0.03137255,115342022,577.17773,870.43066
MOVE,0,1.0,0.03137255,115342039,578.8916,872.3789
MOVE,0,1.0,0.03137255,115342055,579.81445,873.4922
MOVE,0,1.0,0.03137255,115342068,580.3418,874.0488
MOVE,0,1.0,0.03137255,115342085,581.3965,874.0488
MOVE,0,1.0,0.03137255,115342109,582.3813,873.0093
MOVE,0,1.0,0.027450982,115342119,582.71484,872.3789
UP,0,1.0,0.027450982,115342128,582.71484,872.3789
DOWN,1,1.0,0.023529414,115342128,749.61914,1201.9102
MOVE,1,1.0,0.023529414,115342159,750.1116,1206.6249
MOVE,1,1.0,0.027450982,115342173,749.61914,1209.7031
MOVE,1,1.0,0.027450982,115342190,748.8281,1213.043
MOVE,1,1.0,0.027450982,115342206,747.77344,1214.9912
MOVE,1,1.0,0.023529414,115342223,746.71875,1216.1045
MOVE,1,1.0,0.027450982,115342235,745.92773,1216.9395
MOVE,1,1.0,0.023529414,115342260,744.90796,1216.3828
MOVE,1,1.0,0.023529414,115342269,744.87305,1215.5479
MOVE,1,1.0,0.023529414,115342286,744.87305,1213.5996
DOWN,0,1.0,0.027450982,115342286,598.7988,880.7285
UP,1,1.0,0.023529414,115342294,744.87305,1213.5996
MOVE,0,1.0,0.03137255,115342326,599.7836,882.3247
MOVE,0,1.0,0.03137255,115342340,600.249,883.2334
MOVE,0,1.0,0.03137255,115342344,600.38086,883.5117
MOVE,0,1.0,0.03137255,115342369,600.1172,884.06836
MOVE,0,1.0,0.03137255,115342386,599.8535,884.06836
MOVE,0,1.0,0.03529412,115342403,599.0625,885.18164
MOVE,0,1.0,0.03137255,115342428,598.53516,885.7383
DOWN,1,1.0,0.023529414,115342461,730.63477,1224.1758
MOVE,0,1.0,0.019607844,115342471,598.0078,885.7383
MOVE,1,1.0,0.023529414,115342471,730.63477,1224.7324
UP,0,1.0,0.019607844,115342479,598.0078,885.7383
MOVE,1,1.0,0.027450982,115342493,729.64996,1226.8115
MOVE,1,1.0,0.027450982,115342507,728.78906,1228.6289
MOVE,1,1.0,0.027450982,115342524,727.60254,1230.2988
MOVE,1,1.0,0.027450982,115342541,726.54785,1231.6904
MOVE,1,1.0,0.027450982,115342557,725.75684,1232.2471
MOVE,1,1.0,0.023529414,115342561,725.625,1232.5254
DOWN,0,1.0,0.027450982,115342603,582.71484,887.96484
UP,1,1.0,0.023529414,115342612,725.625,1232.5254
MOVE,0,1.0,0.03137255,115342627,586.724,888.5215
MOVE,0,1.0,0.03137255,115342641,589.5703,889.35645
MOVE,0,1.0,0.03137255,115342658,594.1846,890.74805
MOVE,0,1.0,0.03137255,115342675,599.8535,892.41797
MOVE,0,1.0,0.03137255,115342691,601.5674,892.41797
MOVE,0,1.0,0.03137255,115342696,601.6992,892.41797
MOVE,0,1.0,0.027450982,115342745,601.47046,889.29944
MOVE,0,1.0,0.027450982,115342755,601.1719,887.96484
DOWN,1,1.0,0.023529414,115342755,740.12695,1217.4961
UP,0,1.0,0.027450982,115342763,601.1719,887.96484
MOVE,1,1.0,0.023529414,115342778,740.6194,1220.1318
MOVE,1,1.0,0.027450982,115342792,740.91797,1222.7842
MOVE,1,1.0,0.027450982,115342809,741.3135,1225.5674
MOVE,1,1.0,0.023529414,115342826,741.3135,1227.5156
MOVE,1,1.0,0.027450982,115342842,741.0498,1228.9072
MOVE,1,1.0,0.023529414,115342846,740.91797,1229.1855
MOVE,1,1.0,0.027450982,115342888,739.8633,1226.959
UP,1,1.0,0.027450982,115342897,739.8633,1226.959
DOWN,0,1.0,0.027450982,115342897,602.7539,866.8125
MOVE,0,1.0,0.027450982,115342905,603.0176,866.8125
MOVE,0,1.0,0.03137255,115342929,604.5297,867.85205
MOVE,0,1.0,0.027450982,115342938,605.3906,868.4824
MOVE,0,1.0,0.03137255,115342955,606.18164,869.03906
MOVE,0,1.0,0.03137255,115342979,606.4453,870.63525
MOVE,0,1.0,0.03137255,115342980,606.4453,870.709
MOVE,0,1.0,0.027450982,115343006,605.6543,870.709
MOVE,0,1.0,0.027450982,115343047,604.8633,870.15234
UP,0,1.0,0.027450982,115343064,604.8633,870.15234
DOWN,0,1.0,0.023529414,115343072,722.19727,1239.2051
MOVE,0,1.0,0.023529414,115343096,722.46094,1240.8013
MOVE,0,1.0,0.023529414,115343110,722.3291,1242.2666
MOVE,0,1.0,0.027450982,115343127,721.80176,1243.3799
MOVE,0,1.0,0.027450982,115343139,721.5381,1243.3799
MOVE,0,1.0,0.023529414,115343160,720.61523,1241.9883
MOVE,0,1.0,0.027450982,115343164,720.35156,1240.875
UP,0,1.0,0.027450982,115343173,720.35156,1240.875
DOWN,0,1.0,0.03137255,115343206,593.5254,832.3008
MOVE,0,1.0,0.03137255,115343230,595.52997,832.7837
MOVE,0,1.0,0.03137255,115343244,596.68945,833.9707
MOVE,0,1.0,0.03137255,115343260,597.876,835.6406
MOVE,0,1.0,0.03137255,115343277,598.4033,838.4238
MOVE,0,1.0,0.027450982,115343294,598.53516,840.6504
MOVE,0,1.0,0.027450982,115343306,598.2715,841.7637
UP,0,1.0,0.027450982,115343323,598.2715,841.7637
DOWN,0,1.0,0.027450982,115343340,761.74805,1208.0332
MOVE,0,1.0,0.027450982,115343364,762.73285,1210.1123
MOVE,0,1.0,0.027450982,115343377,763.59375,1211.9297
MOVE,0,1.0,0.027450982,115343390,764.38477,1213.043
MOVE,0,1.0,0.027450982,115343406,764.9121,1214.1562
MOVE,0,1.0,0.023529414,115343432,765.1758,1213.5996
UP,0,1.0,0.023529414,115343440,765.1758,1213.5996
DOWN,0,1.0,0.03137255,115343474,591.6797,844.5469
MOVE,0,1.0,0.03137255,115343514,592.4707,845.0298
MOVE,0,1.0,0.03137255,115343524,592.33887,845.1035
MOVE,0,1.0,0.03137255,115343541,591.8115,845.38184
MOVE,0,1.0,0.027450982,115343561,590.2295,845.1035
MOVE,0,1.0,0.03137255,115343566,589.5703,844.5469
UP,0,1.0,0.03137255,115343574,589.5703,844.5469
DOWN,0,1.0,0.027450982,115343700,562.4121,778.30664
MOVE,0,1.0,0.03137255,115343715,563.88934,779.3462
MOVE,0,1.0,0.03137255,115343729,565.18066,779.97656
MOVE,0,1.0,0.03137255,115343745,566.7627,780.8115
MOVE,0,1.0,0.03137255,115343762,567.9492,781.08984
MOVE,0,1.0,0.03137255,115343767,568.2129,781.08984
MOVE,0,1.0,0.027450982,115343792,568.2129,781.08984
UP,0,1.0,0.027450982,115343800,568.2129,781.08984
DOWN,0,1.0,0.019607844,115343808,717.4512,1056.0703
MOVE,0,1.0,0.03137255,115343832,721.53015,1059.1888
MOVE,0,1.0,0.03529412,115343846,722.9883,1061.6367
MOVE,0,1.0,0.03137255,115343863,724.70215,1063.8633
MOVE,0,1.0,0.027450982,115343879,726.54785,1064.9766
MOVE,0,1.0,0.027450982,115343896,730.23926,1063.585
MOVE,0,1.0,0.027450982,115343913,735.9082,1058.0186
MOVE,0,1.0,0.023529414,115343929,738.8086,1053.5654
MOVE,0,1.0,0.023529414,115343942,738.8086,1048.834
UP,0,1.0,0.023529414,115343951,738.8086,1048.834
DOWN,0,1.0,0.039215688,115343959,585.61523,645.8262
MOVE,0,1.0,0.039215688,115343975,586.1426,646.3828
MOVE,0,1.0,0.039215688,115343992,586.40625,646.93945
MOVE,0,1.0,0.039215688,115344018,586.6699,647.4961
MOVE,0,1.0,0.03529412,115344065,586.44116,647.0132
MOVE,0,1.0,0.03137255,115344076,586.1426,646.3828
UP,0,1.0,0.03137255,115344085,586.1426,646.3828
DOWN,0,1.0,0.03137255,115344344,561.3574,855.6797
MOVE,0,1.0,0.03137255,115344368,560.865,856.71924
MOVE,0,1.0,0.03529412,115344381,560.69824,858.1846
MOVE,0,1.0,0.03137255,115344394,560.4346,859.01953
MOVE,0,1.0,0.03137255,115344411,560.30273,860.1328
MOVE,0,1.0,0.03137255,115344450,560.2678,858.61035
MOVE,0,1.0,0.027450982,115344461,560.5664,857.90625
UP,0,1.0,0.027450982,115344469,560.5664,857.90625
DOWN,0,1.0,0.027450982,115344661,489.375,861.80273
MOVE,0,1.0,0.027450982,115344702,488.12653,863.3989
MOVE,0,1.0,0.027450982,115344712,487.66113,863.47266
MOVE,0,1.0,0.027450982,115344728,486.73828,863.47266
MOVE,0,1.0,0.027450982,115344749,485.15625,863.19434
MOVE,0,1.0,0.023529414,115344762,484.36523,862.916
UP,0,1.0,0.023529414,115344770,484.36523,862.916
MOVE,0,1.0,0.03137255,115345084,338.02734,963.66797
MOVE,0,1.0,0.03137255,115345089,337.23633,964.2246
UP,0,1.0,0.03137255,115345097,337.23633,964.2246
DOWN,0,1.0,0.027450982,115345749,311.1328,509.44922
MOVE,0,1.0,0.03137255,115345773,313.43597,510.00586
MOVE,0,1.0,0.03137255,115345787,314.95605,509.72754
MOVE,0,1.0,0.03137255,115345803,316.9336,509.72754
MOVE,0,1.0,0.03137255,115345820,318.64746,510.00586
MOVE,0,1.0,0.03137255,115345837,320.09766,510.28418
MOVE,0,1.0,0.027450982,115345849,320.75684,510.00586
MOVE,0,1.0,0.03137255,115345858,321.15234,510.00586
MOVE,0,1.0,0.027450982,115345891,321.6797,508.9663
MOVE,0,1.0,0.023529414,115345909,320.88867,507.22266
DOWN,1,1.0,0.03137255,115345909,485.94727,695.3672
UP,0,1.0,0.023529414,115345917,320.88867,507.22266
MOVE,1,1.0,0.03137255,115345924,487.68817,695.4409
MOVE,1,1.0,0.03137255,115345937,488.71582,695.3672
MOVE,1,1.0,0.03137255,115345950,489.375,695.08887
MOVE,1,1.0,0.03137255,115345958,489.63867,694.81055
MOVE,1,1.0,0.023529414,115346009,489.375,694.81055
UP,1,1.0,0.023529414,115346026,489.375,694.81055
MOVE,0,1.0,0.027450982,115346695,314.82422,444.8789
UP,0,1.0,0.027450982,115346703,314.82422,444.8789
DOWN,0,1.0,0.027450982,115346761,425.30273,660.2988
MOVE,0,1.0,0.03137255,115346794,424.81033,661.3384
MOVE,0,1.0,0.03137255,115346807,424.37988,662.5254
MOVE,0,1.0,0.03137255,115346824,423.98438,664.47363
MOVE,0,1.0,0.027450982,115346841,423.58887,665.3086
MOVE,0,1.0,0.027450982,115346845,423.45703,665.3086
UP,0,1.0,0.027450982,115346853,423.45703,665.3086
DOWN,0,1.0,0.019607844,115346878,187.20703,642.4863
MOVE,0,1.0,0.023529414,115346894,188.913,643.04297
MOVE,0,1.0,0.023529414,115346908,191.55762,643.8779
MOVE,0,1.0,0.023529414,115346925,196.04004,644.7129
MOVE,0,1.0,0.03137255,115346929,197.49023,644.7129
UP,0,1.0,0.03137255,115346937,197.49023,644.7129
DOWN,0,1.0,0.027450982,115347071,485.94727,538.39453
MOVE,0,1.0,0.027450982,115347095,486.6684,536.79834
MOVE,0,1.0,0.027450982,115347109,487.39746,535.88965
MOVE,0,1.0,0.027450982,115347121,487.26562,535.333
MOVE,0,1.0,0.027450982,115347129,487.00195,535.0547
UP,0,1.0,0.027450982,115347146,487.00195,535.0547
DOWN,0,1.0,0.03529412,115347280,816.3281,464.36133
MOVE,0,1.0,0.03137255,115347312,815.607,461.65186
MOVE,0,1.0,0.03137255,115347326,814.0869,459.9082
MOVE,0,1.0,0.03137255,115347330,813.42773,459.35156
UP,0,1.0,0.03137255,115347339,813.42773,459.35156
DOWN,0,1.0,0.03137255,115347967,726.15234,512.2324
MOVE,0,1.0,0.03137255,115347982,727.3659,509.67047
MOVE,0,1.0,0.03137255,115347995,729.05273,506.94434
MOVE,0,1.0,0.027450982,115348013,731.29395,504.43945
MOVE,0,1.0,0.027450982,115348025,733.0078,503.8828
UP,0,1.0,0.027450982,115348033,733.0078,503.8828
DOWN,0,1.0,0.027450982,115348151,823.1836,685.9043
MOVE,0,1.0,0.027450982,115348166,823.9047,682.8595
MOVE,0,1.0,0.027450982,115348180,824.50195,678.9463
MOVE,0,1.0,0.027450982,115348196,824.6338,674.21484
MOVE,0,1.0,0.027450982,115348213,820.9424,666.14355
MOVE,0,1.0,0.027450982,115348217,819.4922,664.75195
UP,0,1.0,0.027450982,115348226,819.4922,664.75195
DOWN,0,1.0,0.039215688,115348359,827.1387,466.03125
MOVE,0,1.0,0.03529412,115348383,830.16296,460.7599
MOVE,0,1.0,0.03529412,115348397,831.6211,458.23828
MOVE,0,1.0,0.039215688,115348409,832.14844,457.125
MOVE,0,1.0,0.03137255,115348426,831.6211,457.68164
UP,0,1.0,0.03137255,115348435,831.6211,457.68164
DOWN,0,1.0,0.03137255,115348569,464.58984,464.36133
MOVE,0,1.0,0.027450982,115348585,464.85352,462.76514
MOVE,0,1.0,0.03137255,115348594,464.85352,462.13477
MOVE,0,1.0,0.03137255,115348618,463.37628,464.69672
MOVE,0,1.0,0.03137255,115348632,457.8032,481.57
MOVE,0,1.0,0.03529412,115348636,455.88867,487.1836
UP,0,1.0,0.03529412,115348644,455.88867,487.1836
DOWN,0,1.0,0.027450982,115348761,191.42578,653.61914
MOVE,0,1.0,0.027450982,115348785,190.63477,650.90967
MOVE,0,1.0,0.03137255,115348799,190.3711,650.001
MOVE,0,1.0,0.03137255,115348811,190.10742,649.72266
MOVE,0,1.0,0.03137255,115348828,190.10742,651.9492
UP,0,1.0,0.03137255,115348837,190.10742,651.9492
DOWN,0,1.0,0.03137255,115348971,305.5957,595.1719
MOVE,0,1.0,0.03137255,115348986,307.30167,590.6046
MOVE,0,1.0,0.03137255,115348999,309.02344,586.2656
MOVE,0,1.0,0.03137255,115349016,311.39648,583.76074
MOVE,0,1.0,0.027450982,115349033,313.2422,584.874
MOVE,0,1.0,0.03137255,115349037,313.76953,585.709
UP,0,1.0,0.03137255,115349045,313.76953,585.709
DOWN,0,1.0,0.023529414,115349196,427.67578,627.45703
MOVE,0,1.0,0.019607844,115349213,428.4668,624.6738
DOWN,1,1.0,0.043137256,115349213,728.78906,657.5156
MOVE,0,1.0,0.019607844,115349237,428.7654,624.6001
MOVE,1,1.0,0.039215688,115349237,734.3453,646.4162
MOVE,0,1.0,0.019607844,115349251,426.84927,630.39014
MOVE,1,1.0,0.03529412,115349251,737.65314,639.07153
MOVE,0,1.0,0.019607844,115349255,425.83008,634.69336
MOVE,1,1.0,0.03529412,115349255,738.5449,636.9199
UP,0,1.0,0.019607844,115349263,425.83008,634.69336
MOVE,1,1.0,0.03529412,115349270,741.7281,630.68274
MOVE,1,1.0,0.03137255,115349284,744.6094,625.5088
MOVE,1,1.0,0.027450982,115349296,747.50977,622.44727
UP,1,1.0,0.027450982,115349305,747.50977,622.44727
DOWN,0,1.0,0.03137255,115349397,802.6172,644.15625
MOVE,0,1.0,0.027450982,115349421,805.3429,640.481
MOVE,0,1.0,0.027450982,115349434,807.8906,637.47656
MOVE,0,1.0,0.027450982,115349451,811.4502,633.02344
MOVE,0,1.0,0.027450982,115349468,815.00977,628.84863
MOVE,0,1.0,0.023529414,115349480,814.21875,628.0137
UP,0,1.0,0.023529414,115349489,814.21875,628.0137
DOWN,0,1.0,0.027450982,115349614,440.5957,508.89258
MOVE,0,1.0,0.027450982,115349638,442.829,505.70026
MOVE,0,1.0,0.027450982,115349652,444.41895,504.16113
MOVE,0,1.0,0.027450982,115349669,445.7373,504.16113
MOVE,0,1.0,0.027450982,115349681,446.39648,505.55273
MOVE,0,1.0,0.027450982,115349706,435.3908,541.495
MOVE,0,1.0,0.027450982,115349707,435.32227,541.7344
UP,0,1.0,0.027450982,115349715,435.32227,541.7344
DOWN,0,1.0,0.019607844,115350017,647.31445,632.4668
DOWN,1,1.0,0.023529414,115350017,356.2207,572.3496
UP,1,1.0,0.023529414,115350042,356.2207,572.3496
MOVE,0,1.0,0.023529414,115350049,648.8965,631.3535
MOVE,0,1.0,0.027450982,115350066,648.8965,632.4668
UP,0,1.0,0.027450982,115350074,648.8965,632.4668
DOWN,0,1.0,0.027450982,115350200,688.71094,622.44727
MOVE,0,1.0,0.027450982,115350224,694.426,616.13635
MOVE,0,1.0,0.027450982,115350238,698.8623,612.42773
MOVE,0,1.0,0.03137255,115350255,704.2676,608.8096
MOVE,0,1.0,0.027450982,115350271,709.67285,607.13965
MOVE,0,1.0,0.027450982,115350275,710.33203,607.9746
UP,0,1.0,0.027450982,115350284,710.33203,607.9746
MOVE,0,1.0,0.023529414,115350874,703.6084,611.03613
MOVE,0,1.0,0.023529414,115350878,704.2676,612.42773
UP,0,1.0,0.023529414,115350886,704.2676,612.42773
DOWN,0,1.0,0.027450982,115354006,518.90625,1221.9492
MOVE,0,1.0,0.023529414,115354015,520.2246,1221.9492
DOWN,1,1.0,0.027450982,115354015,496.23047,891.3047
MOVE,0,1.0,0.023529414,115354024,521.0156,1221.3926
MOVE,1,1.0,0.023529414,115354024,497.02148,891.3047
UP,1,1.0,0.023529414,115354032,497.02148,891.3047
MOVE,0,1.0,0.023529414,115354039,521.7717,1222.4321
MOVE,0,1.0,0.027450982,115354053,521.54297,1223.3408
MOVE,0,1.0,0.027450982,115354069,520.0928,1224.7324
MOVE,0,1.0,0.023529414,115354082,512.31445,1233.6387
UP,0,1.0,0.023529414,115354091,512.31445,1233.6387
DOWN,0,1.0,0.027450982,115354165,481.46484,984.2637
MOVE,0,1.0,0.027450982,115354189,483.24066,984.2637
MOVE,0,1.0,0.027450982,115354199,483.8379,984.2637
MOVE,0,1.0,0.023529414,115354240,483.4503,983.70703
MOVE,0,1.0,0.023529414,115354241,483.31055,983.70703
UP,0,1.0,0.023529414,115354249,483.31055,983.70703
DOWN,0,1.0,0.023529414,115354349,519.69727,1286.5195
MOVE,0,1.0,0.027450982,115354373,524.42755,1284.4404
MOVE,0,1.0,0.023529414,115354392,529.4531,1282.0664
DOWN,1,1.0,0.023529414,115354392,432.42188,1027.125
MOVE,0,1.0,0.023529414,115354407,535.1873,1276.1243
MOVE,1,1.0,0.023529414,115354407,432.42188,1026.1592
MOVE,0,1.0,0.019607844,115354408,535.78125,1275.3867
MOVE,1,1.0,0.023529414,115354408,432.42188,1026.0117
UP,0,1.0,0.019607844,115354417,535.78125,1275.3867
MOVE,1,1.0,0.019607844,115354424,431.96442,1024.4893
MOVE,1,1.0,0.023529414,115354425,431.89453,1024.3418
UP,1,1.0,0.023529414,115354433,431.89453,1024.3418
UP,0,1.0,0.023529414,115355078,840.0586,1121.1973
DOWN,0,1.0,0.023529414,115355211,507.56836,927.4863
MOVE,0,1.0,0.027450982,115355227,510.25912,924.3678
MOVE,0,1.0,0.027450982,115355240,512.1826,921.9199
MOVE,0,1.0,0.027450982,115355245,512.5781,921.3633
MOVE,0,1.0,0.027450982,115355277,504.66547,930.9287
MOVE,0,1.0,0.027450982,115355278,503.87695,931.93945
UP,0,1.0,0.027450982,115355286,503.87695,931.93945
DOWN,0,1.0,0.027450982,115355421,568.47656,1047.7207
MOVE,0,1.0,0.027450982,115355444,571.431,1044.0455
MOVE,0,1.0,0.023529414,115355458,573.88184,1041.5977
MOVE,0,1.0,0.027450982,115355474,575.8594,1040.7627
MOVE,0,1.0,0.03137255,115355479,576.12305,1041.041
UP,0,1.0,0.03137255,115355487,576.12305,1041.041
DOWN,0,1.0,0.03137255,115355630,480.14648,1168.5117
MOVE,0,1.0,0.027450982,115355645,482.60852,1165.876
MOVE,0,1.0,0.027450982,115355659,483.96973,1163.502
MOVE,0,1.0,0.027450982,115355675,483.31055,1163.2236
MOVE,0,1.0,0.023529414,115355688,480.9375,1165.7285
UP,0,1.0,0.023529414,115355696,480.9375,1165.7285
DOWN,0,1.0,0.03137255,115355830,266.83594,1103.9414
MOVE,0,1.0,0.027450982,115355846,269.5267,1100.34
MOVE,0,1.0,0.03137255,115355860,272.10938,1098.0967
MOVE,0,1.0,0.03529412,115355876,273.16406,1098.9316
MOVE,0,1.0,0.03137255,115355880,273.16406,1099.4883
UP,0,1.0,0.03137255,115355889,273.16406,1099.4883
DOWN,0,1.0,0.03137255,115356023,322.4707,1200.7969
MOVE,0,1.0,0.027450982,115356047,327.49957,1190.2542
MOVE,0,1.0,0.023529414,115356060,330.1172,1182.706
MOVE,0,1.0,0.03137255,115356077,333.54492,1174.6348
MOVE,0,1.0,0.027450982,115356094,338.15918,1166.0068
MOVE,0,1.0,0.027450982,115356110,340.92773,1164.3369
MOVE,0,1.0,0.023529414,115356123,341.98242,1165.1719
UP,0,1.0,0.023529414,115356131,341.98242,1165.1719
DOWN,0,1.0,0.023529414,115356140,461.95312,1435.6992
MOVE,0,1.0,0.027450982,115356164,465.24112,1436.7388
MOVE,0,1.0,0.027450982,115356178,466.83105,1437.6475
MOVE,0,1.0,0.027450982,115356194,468.28125,1437.9258
MOVE,0,1.0,0.027450982,115356211,469.73145,1437.0908
MOVE,0,1.0,0.027450982,115356228,470.91797,1435.1426
MOVE,0,1.0,0.027450982,115356244,472.1045,1432.6377
MOVE,0,1.0,0.023529414,115356261,473.29102,1429.8545
MOVE,0,1.0,0.027450982,115356278,474.60938,1426.793
MOVE,0,1.0,0.027450982,115356295,476.05957,1424.5664
MOVE,0,1.0,0.027450982,115356311,477.37793,1422.3398
MOVE,0,1.0,0.027450982,115356328,478.43262,1420.6699
MOVE,0,1.0,0.027450982,115356332,478.56445,1420.1133
UP,0,1.0,0.027450982,115356341,478.56445,1420.1133
MOVE,0,1.0,0.023529414,115358871,381.26953,1080.5625
MOVE,1,1.0,0.023529414,115358871,513.76465,1296.8174
MOVE,0,1.0,0.023529414,115358888,382.45605,1067.4814
MOVE,1,1.0,0.019607844,115358888,515.7422,1284.0146
MOVE,0,1.0,0.019607844,115358905,384.16992,1053.0088
MOVE,1,1.0,0.023529414,115358905,517.9834,1271.7686
MOVE,0,1.0,0.019607844,115358922,385.62012,1037.7012
MOVE,1,1.0,0.023529414,115358922,519.5654,1260.9141
MOVE,0,1.0,0.023529414,115358938,386.94476,1021.7704
MOVE,1,1.0,0.019607844,115358938,520.6222,1251.4156
MOVE,0,1.0,0.019607844,115358955,388.26312,1006.343
MOVE,1,1.0,0.019607844,115358955,521.4174,1243.2867
MOVE,0,1.0,0.023529414,115358972,389.70703,991.7783
MOVE,1,1.0,0.023529414,115358972,521.9385,1236.4219
MOVE,0,1.0,0.023529414,115358989,391.8164,977.8623
MOVE,1,1.0,0.023529414,115358989,522.8613,1231.4121
MOVE,0,1.0,0.023529414,115359005,394.45312,965.89453
MOVE,1,1.0,0.023529414,115359005,523.65234,1227.794
MOVE,0,1.0,0.023529414,115359022,397.6172,955.875
MOVE,1,1.0,0.023529414,115359022,524.1797,1225.5674
MOVE,0,1.0,0.023529414,115359039,400.38574,948.6387
MOVE,1,1.0,0.023529414,115359039,524.83887,1223.8975
MOVE,0,1.0,0.023529414,115359055,402.89062,942.79395
MOVE,1,1.0,0.023529414,115359055,525.3662,1223.3408
MOVE,0,1.0,0.023529414,115359072,405.13184,938.89746
MOVE,1,1.0,0.023529414,115359072,525.49805,1223.0625
MOVE,0,1.0,0.023529414,115359089,406.71387,936.6709
MOVE,1,1.0,0.023529414,115359089,525.49805,1223.0625
MOVE,0,1.0,0.023529414,115359106,408.2959,935.5576
MOVE,1,1.0,0.023529414,115359106,526.28906,1223.0625
MOVE,0,1.0,0.023529414,115359118,409.0869,935.2793
MOVE,1,1.0,0.023529414,115359118,526.28906,1223.0625
MOVE,0,1.0,0.023529414,115359127,409.48242,935.2793
MOVE,1,1.0,0.023529414,115359127,526.8164,1222.5059
MOVE,0,1.0,0.023529414,115359159,410.2385,936.31885
MOVE,1,1.0,0.023529414,115359159,526.8164,1223.0625
MOVE,0,1.0,0.023529414,115359160,410.27344,936.3926
MOVE,1,1.0,0.023529414,115359160,526.8164,1223.0625
MOVE,0,1.0,0.023529414,115359193,410.99457,937.9888
MOVE,1,1.0,0.023529414,115359193,527.0801,1223.0625
MOVE,0,1.0,0.023529414,115359202,411.06445,938.0625
MOVE,1,1.0,0.023529414,115359202,527.0801,1223.0625
MOVE,0,1.0,0.023529414,115359218,411.06445,938.0625
MOVE,1,1.0,0.023529414,115359218,527.6074,1223.0625
MOVE,0,1.0,0.023529414,115359235,410.66895,938.89746
MOVE,1,1.0,0.023529414,115359235,527.6074,1223.0625
MOVE,0,1.0,0.023529414,115359252,410.00977,939.4541
MOVE,1,1.0,0.023529414,115359252,527.6074,1223.0625
MOVE,0,1.0,0.023529414,115359273,410.27344,939.1758
MOVE,1,1.0,0.023529414,115359273,527.0801,1223.3408
MOVE,0,1.0,0.023529414,115359285,410.5371,939.7324
MOVE,1,1.0,0.023529414,115359285,527.0801,1223.6191
MOVE,0,1.0,0.023529414,115359309,410.30838,939.6587
MOVE,1,1.0,0.023529414,115359309,527.0801,1223.6191
MOVE,0,1.0,0.023529414,115359323,410.00977,939.7324
MOVE,1,1.0,0.023529414,115359323,527.0801,1223.6191
MOVE,0,1.0,0.023529414,115359340,410.1416,939.4541
MOVE,1,1.0,0.023529414,115359340,527.6074,1223.6191
MOVE,0,1.0,0.023529414,115359352,410.00977,938.89746
MOVE,1,1.0,0.023529414,115359352,527.6074,1223.6191
MOVE,0,1.0,0.023529414,115359361,410.00977,938.61914
MOVE,1,1.0,0.023529414,115359361,527.6074,1223.6191
MOVE,0,1.0,0.023529414,115359410,410.00977,938.61914
MOVE,1,1.0,0.023529414,115359410,527.34375,1224.7324
MOVE,0,1.0,0.023529414,115359419,410.27344,939.7324
MOVE,1,1.0,0.023529414,115359419,527.34375,1224.7324
MOVE,0,1.0,0.023529414,115359436,410.27344,939.7324
MOVE,1,1.0,0.023529414,115359436,527.0801,1225.2891
MOVE,0,1.0,0.027450982,115359453,409.21875,941.40234
MOVE,1,1.0,0.023529414,115359453,527.0801,1225.2891
MOVE,0,1.0,0.023529414,115359477,409.48242,941.88525
MOVE,1,1.0,0.023529414,115359477,526.28906,1226.8115
MOVE,0,1.0,0.023529414,115359490,409.48242,943.07227
MOVE,1,1.0,0.019607844,115359490,526.55273,1226.959
MOVE,0,1.0,0.023529414,115359503,409.48242,944.18555
MOVE,1,1.0,0.023529414,115359503,526.0254,1227.5156
MOVE,0,1.0,0.023529414,115359527,409.51736,945.2251
MOVE,1,1.0,0.023529414,115359527,526.0254,1227.5156
MOVE,0,1.0,0.027450982,115359536,409.48242,945.2988
MOVE,1,1.0,0.023529414,115359536,526.0254,1227.5156
MOVE,0,1.0,0.023529414,115359553,409.7461,946.4121
MOVE,1,1.0,0.023529414,115359553,525.7617,1229.1855
MOVE,0,1.0,0.023529414,115359594,410.2385,947.5254
MOVE,1,1.0,0.023529414,115359594,525.7617,1229.1855
MOVE,0,1.0,0.023529414,115359603,410.40527,947.8037
MOVE,1,1.0,0.023529414,115359603,525.7617,1229.1855
MOVE,0,1.0,0.023529414,115359620,410.80078,948.08203
MOVE,1,1.0,0.023529414,115359620,526.28906,1229.1855
MOVE,0,1.0,0.023529414,115359628,411.06445,948.08203
MOVE,1,1.0,0.023529414,115359628,526.28906,1229.1855
MOVE,0,1.0,0.023529414,115359661,411.32812,948.6387
MOVE,1,1.0,0.023529414,115359661,526.28906,1229.1855
MOVE,0,1.0,0.027450982,115359711,411.06445,949.1953
MOVE,1,1.0,0.023529414,115359711,526.28906,1229.1855
MOVE,0,1.0,0.023529414,115359725,410.80078,950.5869
MOVE,1,1.0,0.023529414,115359725,526.28906,1229.7422
MOVE,0,1.0,0.027450982,115359737,410.5371,951.14355
MOVE,1,1.0,0.023529414,115359737,526.28906,1229.7422
MOVE,0,1.0,0.023529414,115359754,410.1416,951.9785
MOVE,1,1.0,0.019607844,115359754,525.7617,1230.5771
MOVE,0,1.0,0.023529414,115359771,410.00977,952.53516
MOVE,1,1.0,0.019607844,115359771,525.3662,1231.1338
MOVE,0,1.0,0.023529414,115359779,410.00977,952.53516
MOVE,1,1.0,0.023529414,115359779,525.2344,1231.4121
UP,0,1.0,0.023529414,115359796,410.00977,952.53516
MOVE,1,1.0,0.019607844,115359796,524.70703,1231.9688
UP,1,1.0,0.019607844,115359812,524.70703,1231.9688
DOWN,0,1.0,0.019607844,115362632,374.1504,1257.0176
DOWN,1,1.0,0.019607844,115362640,474.87305,1466.3145
MOVE,0,1.0,0.019607844,115362672,374.1504,1255.4951
MOVE,1,1.0,0.023529414,115362672,476.3852,1463.1221
MOVE,0,1.0,0.019607844,115362687,374.41406,1254.2344
MOVE,1,1.0,0.023529414,115362687,477.77344,1457.4082
MOVE,0,1.0,0.019607844,115362703,374.41406,1251.7295
MOVE,1,1.0,0.019607844,115362703,480.27832,1444.8838
MOVE,0,1.0,0.023529414,115362720,374.41406,1247.833
MOVE,1,1.0,0.023529414,115362720,480.9375,1431.8027
MOVE,0,1.0,0.019607844,115362737,374.41406,1242.2666
MOVE,1,1.0,0.023529414,115362737,481.9922,1417.0518
MOVE,0,1.0,0.023529414,115362753,374.01855,1235.5869
MOVE,1,1.0,0.023529414,115362753,483.57422,1402.8574
MOVE,0,1.0,0.023529414,115362770,373.35938,1226.4023
MOVE,1,1.0,0.023529414,115362770,484.89258,1389.498
MOVE,0,1.0,0.023529414,115362787,372.17285,1215.8262
MOVE,1,1.0,0.023529414,115362787,485.15625,1376.9736
MOVE,0,1.0,0.023529414,115362803,370.45898,1204.415
MOVE,1,1.0,0.019607844,115362803,484.36523,1363.3359
MOVE,0,1.0,0.023529414,115362820,368.61328,1191.334
MOVE,1,1.0,0.019607844,115362820,483.70605,1349.1416
MOVE,0,1.0,0.023529414,115362837,366.76758,1177.418
MOVE,1,1.0,0.023529414,115362837,483.44238,1335.2256
MOVE,0,1.0,0.023529414,115362853,364.6582,1161.832
MOVE,1,1.0,0.019607844,115362853,483.31055,1321.5879
MOVE,0,1.0,0.023529414,115362870,362.54044,1145.9012
MOVE,1,1.0,0.019607844,115362870,483.8379,1308.1753
MOVE,0,1.0,0.023529414,115362887,360.80975,1129.0026
MOVE,1,1.0,0.019607844,115362887,484.92618,1295.509
MOVE,0,1.0,0.023529414,115362904,359.63583,1113.218
MOVE,1,1.0,0.019607844,115362904,486.49982,1284.4515
MOVE,0,1.0,0.023529414,115362921,358.98926,1097.8184
MOVE,1,1.0,0.019607844,115362921,488.71582,1275.1084
MOVE,0,1.0,0.023529414,115362937,358.4619,1082.5107
MOVE,1,1.0,0.019607844,115362937,491.08887,1264.2539
MOVE,0,1.0,0.023529414,115362954,358.0664,1066.8583
MOVE,1,1.0,0.019607844,115362954,493.60214,1253.9161
MOVE,0,1.0,0.023529414,115362971,357.92383,1050.1412
MOVE,1,1.0,0.019607844,115362971,495.60352,1243.7325
MOVE,0,1.0,0.023529414,115362988,357.6576,1033.4113
MOVE,1,1.0,0.019607844,115362988,497.77386,1232.4945
MOVE,0,1.0,0.023529414,115363004,357.80273,1019.33203
MOVE,1,1.0,0.019607844,115363004,500.58105,1218.8877
MOVE,0,1.0,0.023529414,115363021,357.80273,1006.8076
MOVE,1,1.0,0.015686275,115363021,503.3496,1205.25
MOVE,0,1.0,0.023529414,115363038,357.80273,994.5615
MOVE,1,1.0,0.019607844,115363038,506.77734,1191.334
MOVE,0,1.0,0.023529414,115363054,358.0664,982.0371
MOVE,1,1.0,0.019607844,115363054,509.67773,1177.9746
MOVE,0,1.0,0.023529414,115363071,358.19824,969.791
MOVE,1,1.0,0.019607844,115363071,512.70996,1166.2852
MOVE,0,1.0,0.023529414,115363088,359.1211,960.60645
MOVE,1,1.0,0.019607844,115363088,514.9512,1157.9355
MOVE,0,1.0,0.023529414,115363105,359.5166,954.7617
MOVE,1,1.0,0.019607844,115363105,515.874,1152.3691
MOVE,0,1.0,0.023529414,115363121,359.64844,951.4219
MOVE,1,1.0,0.019607844,115363121,515.7422,1150.6992
MOVE,0,1.0,0.023529414,115363133,359.64844,950.86523
MOVE,1,1.0,0.023529414,115363133,516.00586,1149.0293
UP,1,1.0,0.023529414,115363142,516.00586,1149.0293
MOVE,0,1.0,0.027450982,115363142,359.38477,951.9785
UP,0,1.0,0.027450982,115363150,359.38477,951.9785
DOWN,0,1.0,0.027450982,115363335,389.9707,1004.30273
MOVE,0,1.0,0.027450982,115363343,389.70703,1004.8594
MOVE,0,1.0,0.03137255,115363385,389.1797,1004.8594
MOVE,0,1.0,0.03137255,115363452,388.65234,1004.8594
MOVE,0,1.0,0.03137255,115363469,389.1797,1004.8594
MOVE,0,1.0,0.03137255,115363494,389.9707,1005.416
DOWN,1,1.0,0.023529414,115363519,533.4082,1243.1016
MOVE,0,1.0,0.023529414,115363544,389.9707,1004.8594
MOVE,1,1.0,0.023529414,115363544,533.4082,1243.1016
MOVE,0,1.0,0.023529414,115363569,389.9707,1003.7461
MOVE,1,1.0,0.023529414,115363569,533.14453,1243.1016
MOVE,0,1.0,0.023529414,115363592,390.19943,1002.1499
MOVE,1,1.0,0.023529414,115363592,533.14453,1243.1016
MOVE,0,1.0,0.019607844,115363607,391.55273,999.5713
MOVE,1,1.0,0.023529414,115363607,533.27637,1241.71
MOVE,0,1.0,0.023529414,115363623,397.08984,991.2217
MOVE,1,1.0,0.023529414,115363623,533.54004,1240.875
MOVE,0,1.0,0.023529414,115363640,403.28613,983.4287
MOVE,1,1.0,0.023529414,115363640,534.4629,1238.3701
MOVE,0,1.0,0.023529414,115363657,408.82324,973.6875
MOVE,1,1.0,0.023529414,115363657,535.5176,1234.752
MOVE,0,1.0,0.023529414,115363674,413.96484,962.833
MOVE,1,1.0,0.023529414,115363674,536.83594,1230.0205
MOVE,0,1.0,0.023529414,115363690,417.5244,953.3701
MOVE,1,1.0,0.023529414,115363690,538.5498,1223.6191
MOVE,0,1.0,0.023529414,115363707,419.23828,944.7422
MOVE,1,1.0,0.023529414,115363707,540.52734,1216.9395
MOVE,0,1.0,0.023529414,115363724,420.29297,936.9492
MOVE,1,1.0,0.023529414,115363724,542.5049,1209.4248
MOVE,0,1.0,0.023529414,115363740,420.8203,930.26953
MOVE,1,1.0,0.023529414,115363740,544.4824,1201.6318
MOVE,0,1.0,0.023529414,115363757,420.68848,924.4248
MOVE,1,1.0,0.023529414,115363757,546.45996,1193.8389
MOVE,0,1.0,0.023529414,115363774,419.76562,919.9717
MOVE,1,1.0,0.023529414,115363774,548.1738,1186.3242
MOVE,0,1.0,0.027450982,115363791,418.71094,916.91016
MOVE,1,1.0,0.023529414,115363791,549.2285,1179.6445
MOVE,0,1.0,0.023529414,115363807,416.7334,914.12695
MOVE,1,1.0,0.027450982,115363807,550.01953,1173.2432
MOVE,0,1.0,0.027450982,115363824,415.2832,913.0137
MOVE,1,1.0,0.023529414,115363824,550.2832,1167.6768
MOVE,0,1.0,0.023529414,115363841,413.833,913.0137
MOVE,1,1.0,0.023529414,115363841,550.15137,1162.9453
MOVE,0,1.0,0.023529414,115363858,413.17383,913.84863
MOVE,1,1.0,0.023529414,115363858,550.01953,1159.0488
MOVE,0,1.0,0.027450982,115363874,412.3828,915.51855
MOVE,1,1.0,0.027450982,115363874,549.624,1156.8223
MOVE,0,1.0,0.027450982,115363891,410.93262,917.7451
MOVE,1,1.0,0.027450982,115363891,548.96484,1155.1523
MOVE,0,1.0,0.027450982,115363908,409.0869,920.80664
MOVE,1,1.0,0.027450982,115363908,548.1738,1154.5957
MOVE,0,1.0,0.023529414,115363925,406.0547,924.98145
MOVE,1,1.0,0.027450982,115363925,546.9873,1155.1523
MOVE,0,1.0,0.023529414,115363941,401.7041,930.8262
MOVE,1,1.0,0.023529414,115363941,545.5371,1155.9873
MOVE,0,1.0,0.023529414,115363958,395.1123,936.3926
MOVE,1,1.0,0.023529414,115363958,543.2959,1157.1006
MOVE,0,1.0,0.023529414,115363975,389.9707,941.40234
MOVE,1,1.0,0.023529414,115363975,540.3955,1159.0488
MOVE,0,1.0,0.023529414,115363991,385.62012,945.0205
MOVE,1,1.0,0.027450982,115363991,537.3633,1160.9971
MOVE,0,1.0,0.023529414,115364008,382.06055,948.36035
MOVE,1,1.0,0.023529414,115364008,534.1992,1162.9453
MOVE,0,1.0,0.023529414,115364025,379.81934,950.86523
MOVE,1,1.0,0.023529414,115364025,531.03516,1164.8936
MOVE,0,1.0,0.023529414,115364042,378.76465,953.3701
MOVE,1,1.0,0.023529414,115364042,528.6621,1166.8418
MOVE,0,1.0,0.023529414,115364058,378.10547,955.31836
MOVE,1,1.0,0.023529414,115364058,526.6846,1169.3467
MOVE,0,1.0,0.023529414,115364075,377.97363,957.82324
MOVE,1,1.0,0.023529414,115364075,524.9707,1171.8516
MOVE,0,1.0,0.023529414,115364092,377.4463,960.60645
MOVE,1,1.0,0.023529414,115364092,523.916,1174.6348
MOVE,0,1.0,0.023529414,115364109,377.05078,962.5547
MOVE,1,1.0,0.023529414,115364109,523.3887,1176.3047
MOVE,0,1.0,0.023529414,115364125,376.91895,964.78125
MOVE,1,1.0,0.023529414,115364125,522.8613,1177.9746
MOVE,0,1.0,0.023529414,115364142,376.65527,967.0078
MOVE,1,1.0,0.023529414,115364142,522.334,1178.8096
MOVE,0,1.0,0.023529414,115364158,375.9961,969.2344
MOVE,1,1.0,0.023529414,115364158,522.334,1179.0879
MOVE,0,1.0,0.023529414,115364175,375.6006,971.46094
MOVE,1,1.0,0.023529414,115364175,522.334,1179.9229
MOVE,0,1.0,0.023529414,115364192,375.3369,972.85254
MOVE,1,1.0,0.023529414,115364192,522.334,1180.7578
MOVE,0,1.0,0.023529414,115364209,374.67773,974.52246
MOVE,1,1.0,0.023529414,115364209,521.9385,1182.4277
MOVE,0,1.0,0.023529414,115364226,374.41406,975.91406
MOVE,1,1.0,0.023529414,115364226,520.8838,1184.0977
MOVE,0,1.0,0.023529414,115364243,372.96387,978.1406
MOVE,1,1.0,0.023529414,115364243,519.4336,1185.7676
MOVE,0,1.0,0.023529414,115364259,371.90918,980.3672
MOVE,1,1.0,0.023529414,115364259,518.11523,1188.2725
MOVE,0,1.0,0.023529414,115364276,371.77734,981.48047
MOVE,1,1.0,0.023529414,115364276,517.1924,1190.499
MOVE,0,1.0,0.023529414,115364292,371.77734,982.0371
MOVE,1,1.0,0.019607844,115364292,516.5332,1192.169
MOVE,0,1.0,0.023529414,115364309,371.77734,982.0371
MOVE,1,1.0,0.023529414,115364309,515.4785,1193.8389
MOVE,0,1.0,0.023529414,115364326,370.8545,983.1504
MOVE,1,1.0,0.023529414,115364326,514.4238,1195.5088
MOVE,0,1.0,0.023529414,115364343,370.45898,982.8721
MOVE,1,1.0,0.019607844,115364343,512.8418,1197.7354
MOVE,0,1.0,0.023529414,115364347,370.1953,983.1504
MOVE,1,1.0,0.023529414,115364347,512.31445,1198.5703
UP,0,1.0,0.023529414,115364356,370.1953,983.1504
MOVE,1,1.0,0.023529414,115364362,508.93747,1203.1376
MOVE,1,1.0,0.027450982,115364363,508.62305,1203.5801
UP,1,1.0,0.027450982,115364372,508.62305,1203.5801
DOWN,0,1.0,0.019607844,115364949,374.1504,1330.4941
MOVE,0,1.0,0.019607844,115364958,374.41406,1329.9375
DOWN,1,1.0,0.019607844,115364958,179.56055,1223.6191
MOVE,0,1.0,0.023529414,115364982,375.39886,1328.415
MOVE,1,1.0,0.019607844,115364982,179.78928,1223.1362
MOVE,0,1.0,0.019607844,115364996,376.52344,1327.1543
MOVE,1,1.0,0.027450982,115364996,181.27441,1222.2275
MOVE,0,1.0,0.023529414,115365012,378.36914,1322.9795
MOVE,1,1.0,0.023529414,115365012,182.46094,1219.166
MOVE,0,1.0,0.023529414,115365029,381.79688,1313.5166
MOVE,1,1.0,0.023529414,115365029,183.25195,1213.5996
MOVE,0,1.0,0.019607844,115365046,383.90625,1302.6621
MOVE,1,1.0,0.019607844,115365046,184.04297,1205.8066
MOVE,0,1.0,0.023529414,115365062,385.75195,1291.8076
MOVE,1,1.0,0.019607844,115365062,184.1748,1195.2305
MOVE,0,1.0,0.019607844,115365079,386.93848,1280.3965
MOVE,1,1.0,0.023529414,115365079,184.57031,1183.2627
MOVE,0,1.0,0.023529414,115365096,388.125,1268.9854
MOVE,1,1.0,0.023529414,115365096,185.36133,1171.0166
MOVE,0,1.0,0.023529414,115365112,390.62988,1258.6875
MOVE,1,1.0,0.023529414,115365112,186.41602,1158.4922
MOVE,0,1.0,0.019607844,115365129,393.79395,1249.2246
MOVE,1,1.0,0.023529414,115365129,187.73438,1145.4111
MOVE,0,1.0,0.019607844,115365146,396.5625,1241.1533
MOVE,1,1.0,0.019607844,115365146,188.52539,1132.8867
MOVE,0,1.0,0.019607844,115365163,398.54004,1233.6387
MOVE,1,1.0,0.019607844,115365163,190.10742,1121.4756
MOVE,0,1.0,0.019607844,115365179,400.12207,1226.4023
MOVE,1,1.0,0.019607844,115365179,190.89844,1110.0645
MOVE,0,1.0,0.019607844,115365196,401.04492,1218.0527
MOVE,1,1.0,0.023529414,115365196,191.82129,1098.9316
MOVE,0,1.0,0.023529414,115365213,402.0996,1209.9814
MOVE,1,1.0,0.023529414,115365213,192.87598,1088.3555
MOVE,0,1.0,0.023529414,115365230,404.07715,1202.4668
MOVE,1,1.0,0.023529414,115365230,194.0625,1077.7793
MOVE,0,1.0,0.023529414,115365246,405.65918,1195.2305
MOVE,1,1.0,0.019607844,115365246,195.5127,1065.5332
MOVE,0,1.0,0.023529414,115365263,407.76855,1188.5508
MOVE,1,1.0,0.023529414,115365263,197.7539,1052.7305
MOVE,0,1.0,0.023529414,115365280,409.61426,1181.3145
MOVE,1,1.0,0.023529414,115365280,199.99512,1040.4844
MOVE,0,1.0,0.023529414,115365297,411.06445,1174.6348
MOVE,1,1.0,0.023529414,115365297,202.23633,1029.3516
MOVE,0,1.0,0.019607844,115365313,411.85547,1167.6768
MOVE,1,1.0,0.023529414,115365313,203.42285,1019.33203
MOVE,0,1.0,0.023529414,115365330,412.11914,1159.8838
MOVE,1,1.0,0.023529414,115365330,205.66406,1010.9824
MOVE,0,1.0,0.023529414,115365347,413.042,1152.9258
MOVE,1,1.0,0.023529414,115365347,207.50977,1003.18945
MOVE,0,1.0,0.023529414,115365364,414.62402,1145.9678
MOVE,1,1.0,0.023529414,115365364,209.22363,996.23145
MOVE,0,1.0,0.023529414,115365381,416.20605,1139.5664
MOVE,1,1.0,0.023529414,115365381,210.14648,988.7168
MOVE,0,1.0,0.023529414,115365397,417.91992,1133.165
MOVE,1,1.0,0.019607844,115365397,211.46484,982.0371
MOVE,0,1.0,0.023529414,115365414,419.6338,1127.042
MOVE,1,1.0,0.023529414,115365414,212.7832,976.4707
MOVE,0,1.0,0.023529414,115365431,421.34766,1122.3105
MOVE,1,1.0,0.023529414,115365431,213.57422,972.5742
MOVE,0,1.0,0.023529414,115365447,423.06152,1117.8574
MOVE,1,1.0,0.023529414,115365447,214.76074,968.3994
MOVE,0,1.0,0.023529414,115365464,424.7754,1113.6826
MOVE,1,1.0,0.023529414,115365464,216.73828,962.5547
MOVE,0,1.0,0.023529414,115365481,426.75293,1109.5078
MOVE,1,1.0,0.023529414,115365481,219.375,955.04004
MOVE,0,1.0,0.023529414,115365498,428.8623,1103.9414
MOVE,1,1.0,0.023529414,115365498,223.33008,945.57715
MOVE,0,1.0,0.023529414,115365514,431.89453,1096.4268
MOVE,1,1.0,0.023529414,115365514,228.07617,934.166
MOVE,0,1.0,0.023529414,115365531,435.0586,1089.1904
MOVE,1,1.0,0.023529414,115365531,233.87695,920.80664
MOVE,0,1.0,0.023529414,115365548,438.3545,1081.6758
MOVE,1,1.0,0.023529414,115365548,241.52344,904.66406
MOVE,0,1.0,0.023529414,115365565,441.91406,1074.4395
MOVE,1,1.0,0.023529414,115365565,251.01562,886.2949
MOVE,0,1.0,0.023529414,115365581,445.60547,1067.2031
MOVE,1,1.0,0.027450982,115365581,260.63965,868.76074
MOVE,0,1.0,0.023529414,115365598,448.76953,1060.5234
MOVE,1,1.0,0.027450982,115365598,269.34082,854.8447
MOVE,0,1.0,0.023529414,115365615,451.9336,1054.957
MOVE,1,1.0,0.027450982,115365615,275.1416,845.38184
MOVE,0,1.0,0.023529414,115365631,454.83398,1049.669
MOVE,1,1.0,0.027450982,115365631,278.4375,838.70215
MOVE,0,1.0,0.027450982,115365648,457.73438,1043.5459
MOVE,1,1.0,0.027450982,115365648,279.09668,836.4756
MOVE,0,1.0,0.027450982,115365664,459.9756,1037.9795
MOVE,1,1.0,0.027450982,115365664,279.22852,835.6406
MOVE,0,1.0,0.023529414,115365681,461.42578,1034.918
MOVE,1,1.0,0.027450982,115365681,279.22852,835.6406
MOVE,0,1.0,0.023529414,115365698,462.6123,1032.4131
MOVE,1,1.0,0.027450982,115365698,278.30566,835.3623
MOVE,0,1.0,0.023529414,115365715,463.27148,1031.0215
MOVE,1,1.0,0.023529414,115365715,278.17383,836.19727
MOVE,0,1.0,0.023529414,115365731,464.32617,1030.4648
MOVE,1,1.0,0.027450982,115365731,277.91016,837.8672
MOVE,0,1.0,0.023529414,115365745,464.85352,1029.9082
MOVE,1,1.0,0.027450982,115365745,278.17383,838.98047
MOVE,0,1.0,0.027450982,115365768,465.1172,1030.4648
MOVE,1,1.0,0.027450982,115365768,278.96484,840.57666
MOVE,0,1.0,0.027450982,115365782,465.5127,1030.7432
MOVE,1,1.0,0.027450982,115365782,279.22852,841.20703
MOVE,0,1.0,0.027450982,115365799,465.77637,1031.5781
MOVE,1,1.0,0.027450982,115365799,279.75586,842.59863
MOVE,0,1.0,0.023529414,115365815,466.83105,1031.5781
MOVE,1,1.0,0.027450982,115365815,280.01953,843.4336
MOVE,0,1.0,0.023529414,115365832,466.56738,1032.1348
MOVE,1,1.0,0.027450982,115365832,279.4922,845.38184
MOVE,0,1.0,0.023529414,115365844,466.17188,1032.6914
MOVE,1,1.0,0.027450982,115365844,280.2832,846.2168
UP,1,1.0,0.027450982,115365853,280.2832,846.2168
MOVE,0,1.0,0.023529414,115365853,464.85352,1032.6914
UP,0,1.0,0.023529414,115365861,464.85352,1032.6914
MOVE,0,1.0,0.027450982,115366367,283.05176,898.541
MOVE,0,1.0,0.027450982,115366384,281.86523,902.99414
MOVE,0,1.0,0.027450982,115366400,281.20605,908.56055
MOVE,0,1.0,0.027450982,115366418,279.09668,915.7969
MOVE,0,1.0,0.027450982,115366434,275.5371,923.3115
MOVE,0,1.0,0.027450982,115366451,270.52734,931.3828
MOVE,0,1.0,0.023529414,115366468,265.38574,938.61914
MOVE,0,1.0,0.027450982,115366485,260.5078,945.2988
MOVE,0,1.0,0.023529414,115366501,256.4209,951.14355
MOVE,0,1.0,0.019607844,115366522,250.75195,953.64844
DOWN,1,1.0,0.027450982,115366522,483.57422,1047.1641
MOVE,0,1.0,0.015686275,115366538,248.32486,955.8013
MOVE,1,1.0,0.023529414,115366538,483.57422,1047.1641
MOVE,0,1.0,0.023529414,115366547,245.47852,954.2051
MOVE,1,1.0,0.023529414,115366547,483.57422,1047.1641
UP,0,1.0,0.023529414,115366555,245.47852,954.2051
MOVE,1,1.0,0.027450982,115366571,482.55447,1046.6074
MOVE,1,1.0,0.027450982,115366585,481.72852,1046.0508
MOVE,1,1.0,0.027450982,115366601,480.80566,1045.4941
MOVE,1,1.0,0.027450982,115366605,480.41016,1045.4941
UP,1,1.0,0.027450982,115366622,480.41016,1045.4941
MOVE,0,1.0,0.023529414,115366858,439.5252,1056.9164
MOVE,1,1.0,0.023529414,115366858,231.94687,935.59106
MOVE,0,1.0,0.023529414,115366874,382.0869,1119.199
MOVE,1,1.0,0.023529414,115366874,188.4832,993.98267
MOVE,0,1.0,0.019607844,115366890,346.87616,1161.6483
MOVE,1,1.0,0.019607844,115366890,162.26103,1033.6321
MOVE,0,1.0,0.019607844,115366906,332.99518,1180.3556
MOVE,1,1.0,0.019607844,115366906,153.01538,1053.2941
MOVE,0,1.0,0.019607844,115366915,330.64453,1186.8809
MOVE,1,1.0,0.019607844,115366915,152.40234,1059.9668
UP,0,1.0,0.019607844,115366924,330.64453,1186.8809
MOVE,1,1.0,0.027450982,115366924,151.875,1077.2227
UP,1,1.0,0.027450982,115366932,151.875,1077.2227
DOWN,0,1.0,0.027450982,115367050,469.5996,1052.7305
DOWN,1,1.0,0.023529414,115367057,292.67578,910.7871
MOVE,0,1.0,0.027450982,115367090,469.5996,1052.7305
MOVE,1,1.0,0.023529414,115367090,290.89996,912.3833
MOVE,0,1.0,0.027450982,115367104,469.5996,1052.7305
MOVE,1,1.0,0.019607844,115367104,288.7207,914.4053
MOVE,0,1.0,0.023529414,115367121,468.94043,1053.2871
MOVE,1,1.0,0.019607844,115367121,284.89746,917.7451
MOVE,0,1.0,0.023529414,115367137,467.09473,1054.1221
MOVE,1,1.0,0.019607844,115367137,279.62402,922.19824
MOVE,0,1.0,0.023529414,115367154,458.12988,1057.7402
MOVE,1,1.0,0.023529414,115367154,273.2959,927.76465
MOVE,0,1.0,0.019607844,115367171,447.45117,1062.4717
MOVE,1,1.0,0.019607844,115367171,266.44043,934.166
MOVE,0,1.0,0.019607844,115367188,437.16797,1068.3164
MOVE,1,1.0,0.019607844,115367188,259.45312,940.8457
MOVE,0,1.0,0.019607844,115367204,427.14844,1075.5527
MOVE,1,1.0,0.019607844,115367204,251.93848,947.5254
MOVE,0,1.0,0.019607844,115367221,417.39258,1083.3457
MOVE,1,1.0,0.019607844,115367221,244.29199,954.2051
MOVE,0,1.0,0.015686275,115367238,408.2959,1089.7471
MOVE,1,1.0,0.015686275,115367238,236.64551,960.60645
MOVE,0,1.0,0.019607844,115367250,401.83594,1095.0352
MOVE,1,1.0,0.019607844,115367250,230.97656,965.89453
UP,0,1.0,0.019607844,115367259,401.83594,1095.0352
MOVE,1,1.0,0.019607844,115367259,227.28516,970.34766
UP,1,1.0,0.019607844,115367266,227.28516,970.34766
MOVE,0,1.0,0.027450982,115367911,824.78937,782.5482
MOVE,0,1.0,0.027450982,115367928,822.1447,822.6487
MOVE,0,1.0,0.027450982,115367944,817.92596,860.50574
MOVE,0,1.0,0.027450982,115367961,814.76984,900.0161
MOVE,0,1.0,0.027450982,115367977,814.2135,936.7655
MOVE,0,1.0,0.027450982,115367994,812.9476,964.74
MOVE,0,1.0,0.027450982,115368009,813.36975,980.6349
MOVE,0,1.0,0.023529414,115368024,813.9551,988.579
MOVE,0,1.0,0.027450982,115368041,814.0869,991.2217
MOVE,0,1.0,0.023529414,115368057,814.8779,991.2217
MOVE,0,1.0,0.023529414,115368069,815.5371,990.3867
MOVE,0,1.0,0.023529414,115368094,816.452,989.34717
MOVE,0,1.0,0.023529414,115368103,816.5918,989.55176
MOVE,0,1.0,0.023529414,115368112,816.5918,989.8301
UP,0,1.0,0.023529414,115368120,816.5918,989.8301
MOVE,0,1.0,0.03529412,115370019,588.5156,314.625
UP,0,1.0,0.03529412,115370028,588.5156,314.625
DOWN,0,1.0,0.03137255,115370094,669.72656,197.17383
MOVE,0,1.0,0.03137255,115370128,668.6719,196.61719
MOVE,0,1.0,0.027450982,115370154,668.4082,193.83398
DOWN,1,1.0,0.03137255,115370154,467.7539,410.3672
UP,0,1.0,0.027450982,115370162,668.4082,193.83398
MOVE,1,1.0,0.03137255,115370169,468.47504,409.88428
MOVE,1,1.0,0.03137255,115370182,469.73145,409.81055
MOVE,1,1.0,0.03137255,115370199,472.5,411.20215
MOVE,1,1.0,0.03137255,115370215,479.0918,413.70703
MOVE,1,1.0,0.027450982,115370219,481.46484,414.26367
UP,1,1.0,0.027450982,115370228,481.46484,414.26367
DOWN,0,1.0,0.03137255,115370295,785.21484,196.61719
MOVE,0,1.0,0.03529412,115370319,785.7073,195.57767
MOVE,0,1.0,0.03137255,115370337,787.06055,194.39062
DOWN,1,1.0,0.027450982,115370337,634.6582,418.16016
MOVE,0,1.0,0.03529412,115370353,788.7665,193.83398
MOVE,1,1.0,0.027450982,115370353,635.11566,421.68787
MOVE,0,1.0,0.03137255,115370354,788.90625,193.83398
MOVE,1,1.0,0.03137255,115370354,635.18555,422.05664
UP,0,1.0,0.03137255,115370362,788.90625,193.83398
MOVE,1,1.0,0.03137255,115370369,636.6278,429.81622
MOVE,1,1.0,0.03137255,115370383,639.0088,438.19922
MOVE,1,1.0,0.03137255,115370400,648.9749,462.164
MOVE,1,1.0,0.03529412,115370403,652.06055,468.2578
UP,1,1.0,0.03529412,115370412,652.06055,468.2578
DOWN,0,1.0,0.03529412,115370496,786.5332,459.9082
MOVE,0,1.0,0.03529412,115370520,785.24976,457.27252
MOVE,0,1.0,0.03529412,115370533,784.81934,455.17676
MOVE,0,1.0,0.03529412,115370550,786.1377,448.7754
MOVE,0,1.0,0.03137255,115370562,790.75195,437.64258
UP,0,1.0,0.03137255,115370571,790.75195,437.64258
DOWN,1,1.0,0.027450982,115370571,599.3262,808.9219
MOVE,1,1.0,0.027450982,115370603,600.57465,810.51807
MOVE,1,1.0,0.027450982,115370613,601.9629,811.7051
UP,1,1.0,0.027450982,115370621,601.9629,811.7051
DOWN,0,1.0,0.03529412,115370906,804.1992,571.79297
MOVE,0,1.0,0.03529412,115370937,805.184,572.8325
MOVE,0,1.0,0.039215688,115370952,805.9131,573.1846
MOVE,0,1.0,0.03529412,115370968,807.23145,573.4629
MOVE,0,1.0,0.03529412,115370985,812.90656,569.83997
MOVE,0,1.0,0.03137255,115370989,816.85547,566.7832
UP,0,1.0,0.03137255,115370998,816.85547,566.7832
DOWN,0,1.0,0.027450982,115371006,660.49805,998.1797
MOVE,0,1.0,0.027450982,115371023,660.7617,998.1797
MOVE,0,1.0,0.027450982,115371055,662.5026,996.6572
MOVE,0,1.0,0.027450982,115371069,667.6172,986.76855
MOVE,0,1.0,0.023529414,115371085,672.7588,973.6875
MOVE,0,1.0,0.027450982,115371102,675.3955,967.28613
MOVE,0,1.0,0.027450982,115371119,674.7363,965.3379
MOVE,0,1.0,0.027450982,115371123,674.47266,965.89453
UP,0,1.0,0.027450982,115371131,674.47266,965.89453
DOWN,0,1.0,0.03529412,115371265,580.60547,960.3281
MOVE,0,1.0,0.03529412,115371288,579.62067,961.77673
MOVE,0,1.0,0.03529412,115371303,578.4961,963.9463
MOVE,0,1.0,0.03137255,115371320,571.65625,968.7372
MOVE,0,1.0,0.03137255,115371332,557.666,973.6875
UP,0,1.0,0.03137255,115371341,557.666,973.6875
DOWN,0,1.0,0.03529412,115371416,378.89648,768.84375
MOVE,0,1.0,0.03529412,115371441,373.41013,767.8042
MOVE,0,1.0,0.03529412,115371454,369.0088,766.8955
MOVE,0,1.0,0.027450982,115371475,355.95703,771.0703
DOWN,1,1.0,0.03137255,115371475,262.6172,946.96875
UP,0,1.0,0.027450982,115371483,355.95703,771.0703
MOVE,1,1.0,0.043137256,115371490,266.06403,944.88965
MOVE,1,1.0,0.039215688,115371504,270.26367,944.7422
MOVE,1,1.0,0.039215688,115371521,276.32812,945.2988
MOVE,1,1.0,0.03529412,115371525,278.17383,945.85547
UP,1,1.0,0.03529412,115371533,278.17383,945.85547
DOWN,0,1.0,0.027450982,115371692,329.32617,1120.084
MOVE,0,1.0,0.027450982,115371708,333.4243,1121.1235
MOVE,0,1.0,0.027450982,115371717,338.81836,1122.3105
UP,0,1.0,0.027450982,115371726,338.81836,1122.3105
DOWN,0,1.0,0.03137255,115371818,715.86914,927.4863
MOVE,0,1.0,0.03137255,115371842,716.66016,925.89014
MOVE,0,1.0,0.027450982,115371860,717.4512,924.7031
DOWN,1,1.0,0.023529414,115371860,1032.0117,587.93555
UP,1,1.0,0.023529414,115371869,1032.0117,587.93555
MOVE,0,1.0,0.027450982,115371875,718.66473,924.7031
MOVE,0,1.0,0.027450982,115371884,720.0879,924.7031
UP,0,1.0,0.027450982,115371893,720.0879,924.7031
MOVE,0,1.0,0.019607844,115372120,839.53125,967.56445
DOWN,1,1.0,0.027450982,115372120,489.63867,1028.2383
MOVE,0,1.0,0.015686275,115372128,827.666,948.6387
MOVE,1,1.0,0.03137255,115372128,488.3203,1027.125
UP,0,1.0,0.015686275,115372136,827.666,948.6387
MOVE,1,1.0,0.03137255,115372143,484.18726,1024.0065
MOVE,1,1.0,0.03137255,115372156,479.35547,1021.2803
MOVE,1,1.0,0.03137255,115372173,473.02734,1018.7754
MOVE,1,1.0,0.03137255,115372190,466.9629,1017.3838
MOVE,1,1.0,0.03137255,115372202,462.48047,1016.5488
UP,1,1.0,0.03137255,115372211,462.48047,1016.5488
DOWN,0,1.0,0.03529412,115372470,683.7012,694.2539
MOVE,0,1.0,0.039215688,115372494,684.65106,695.29346
MOVE,0,1.0,0.039215688,115372508,686.0742,696.48047
MOVE,0,1.0,0.039215688,115372525,688.44727,698.70703
MOVE,0,1.0,0.03529412,115372541,697.6758,703.7168
MOVE,0,1.0,0.03137255,115372554,707.6953,706.5
UP,0,1.0,0.03137255,115372562,707.6953,706.5
DOWN,0,1.0,0.027450982,115372604,574.27734,974.24414
MOVE,0,1.0,0.027450982,115372628,574.9985,973.13086
MOVE,0,1.0,0.03137255,115372642,576.51855,972.5742
MOVE,0,1.0,0.03137255,115372658,578.8916,973.13086
MOVE,0,1.0,0.03529412,115372675,581.5283,973.9658
MOVE,0,1.0,0.03137255,115372692,585.7471,973.9658
MOVE,0,1.0,0.027450982,115372696,588.25195,973.6875
UP,0,1.0,0.027450982,115372705,588.25195,973.6875
DOWN,0,1.0,0.019607844,115372730,796.28906,752.7012
MOVE,0,1.0,0.03137255,115372738,796.0254,752.7012
MOVE,0,1.0,0.03529412,115372762,795.7617,754.29736
MOVE,0,1.0,0.03529412,115372775,796.1572,755.7627
MOVE,0,1.0,0.03137255,115372792,797.0801,757.71094
MOVE,0,1.0,0.03137255,115372809,799.18945,761.88574
MOVE,0,1.0,0.03137255,115372826,804.33105,765.7822
MOVE,0,1.0,0.027450982,115372839,808.1543,764.94727
DOWN,1,1.0,0.03137255,115372839,607.7637,1017.10547
UP,0,1.0,0.027450982,115372847,808.1543,764.94727
MOVE,1,1.0,0.03137255,115372862,606.7789,1015.583
MOVE,1,1.0,0.027450982,115372876,605.78613,1013.7656
MOVE,1,1.0,0.023529414,115372889,604.8633,1012.0957
UP,1,1.0,0.023529414,115372897,604.8633,1012.0957
DOWN,0,1.0,0.03137255,115372981,639.4043,884.625
MOVE,0,1.0,0.027450982,115373013,635.4301,886.2212
MOVE,0,1.0,0.023529414,115373026,632.0215,886.0166
MOVE,0,1.0,0.023529414,115373031,630.7031,885.7383
UP,0,1.0,0.023529414,115373039,630.7031,885.7383
DOWN,1,1.0,0.027450982,115373458,639.4043,1186.8809
MOVE,1,1.0,0.027450982,115373481,640.88153,1196.6458
MOVE,1,1.0,0.027450982,115373482,640.9863,1197.457
UP,1,1.0,0.027450982,115373491,640.9863,1197.457
DOWN,0,1.0,0.039215688,115373600,790.75195,1198.0137
MOVE,0,1.0,0.027450982,115373615,790.82184,1195.9346
MOVE,0,1.0,0.03529412,115373629,791.0156,1194.6738
MOVE,0,1.0,0.027450982,115373645,791.80664,1192.7256
MOVE,0,1.0,0.027450982,115373662,792.8613,1191.6123
MOVE,0,1.0,0.027450982,115373679,793.916,1190.7773
MOVE,0,1.0,0.027450982,115373696,795.7617,1189.9424
MOVE,0,1.0,0.027450982,115373712,801.5625,1186.8809
MOVE,0,1.0,0.023529414,115373729,805.5176,1184.9326
MOVE,0,1.0,0.027450982,115373733,805.78125,1184.0977
UP,0,1.0,0.027450982,115373742,805.78125,1184.0977
DOWN,0,1.0,0.027450982,115373767,628.8574,1526.4316
MOVE,0,1.0,0.027450982,115373799,628.55884,1525.875
MOVE,0,1.0,0.027450982,115373809,629.1211,1525.875
MOVE,0,1.0,0.03137255,115373830,631.3623,1525.04
MOVE,0,1.0,0.023529414,115373842,640.1953,1517.5254
UP,0,1.0,0.023529414,115373850,640.1953,1517.5254
DOWN,0,1.0,0.027450982,115373976,721.40625,1461.3047
MOVE,0,1.0,0.03137255,115373993,720.61523,1460.1914
MOVE,0,1.0,0.027450982,115374009,720.61523,1459.6348
UP,0,1.0,0.027450982,115374051,720.61523,1459.6348
DOWN,0,1.0,0.027450982,115374143,908.87695,1055.5137
MOVE,0,1.0,0.027450982,115374168,908.1558,1052.8779
MOVE,0,1.0,0.03137255,115374181,907.2949,1051.0605
MOVE,0,1.0,0.023529414,115374203,905.18555,1044.3809
DOWN,1,1.0,0.03529412,115374203,655.2246,1208.5898
MOVE,0,1.0,0.023529414,115374218,904.7821,1038.6266
MOVE,1,1.0,0.03529412,115374218,655.2246,1208.5898
MOVE,0,1.0,0.019607844,115374219,904.9219,1038.2578
MOVE,1,1.0,0.03529412,115374219,655.2246,1208.5898
UP,0,1.0,0.019607844,115374227,904.9219,1038.2578
MOVE,1,1.0,0.03137255,115374244,655.4883,1209.7031
MOVE,1,1.0,0.027450982,115374268,654.76715,1211.2993
MOVE,1,1.0,0.03137255,115374269,654.69727,1211.373
UP,1,1.0,0.03137255,115374277,654.69727,1211.373
DOWN,0,1.0,0.03137255,115374562,497.02148,684.2344
MOVE,0,1.0,0.027450982,115374585,495.28058,682.712
MOVE,0,1.0,0.027450982,115374599,493.98926,681.17285
MOVE,0,1.0,0.027450982,115374616,492.80273,678.66797
MOVE,0,1.0,0.023529414,115374633,493.4619,670.04004
MOVE,0,1.0,0.023529414,115374637,493.85742,666.9785
UP,0,1.0,0.023529414,115374646,493.85742,666.9785
DOWN,1,1.0,0.027450982,115374646,228.60352,768.84375
MOVE,1,1.0,0.023529414,115374686,229.62326,771.40564
MOVE,1,1.0,0.023529414,115374687,229.6582,771.62695
UP,1,1.0,0.023529414,115374695,229.6582,771.62695
DOWN,0,1.0,0.027450982,115374787,345.41016,379.1953
MOVE,0,1.0,0.027450982,115374819,345.67383,378.22955
MOVE,0,1.0,0.027450982,115374829,345.67383,377.5254
MOVE,0,1.0,0.027450982,115374853,347.3798,376.003
MOVE,0,1.0,0.027450982,115374854,347.51953,375.85547
UP,0,1.0,0.027450982,115374863,347.51953,375.85547
UP,1,1.0,0.027450982,115375591,237.56836,449.33203
DOWN,0,1.0,0.027450982,115375658,587.19727,262.85742
MOVE,0,1.0,0.03137255,115375707,588.7094,264.4536
MOVE,0,1.0,0.03137255,115375721,589.70215,265.3623
MOVE,0,1.0,0.027450982,115375725,590.09766,265.64062
UP,0,1.0,0.027450982,115375733,590.09766,265.64062
DOWN,0,1.0,0.027450982,115376177,715.0781,1215.8262
MOVE,0,1.0,0.027450982,115376192,710.22394,1210.7023
MOVE,0,1.0,0.027450982,115376202,706.9043,1205.8066
DOWN,1,1.0,0.027450982,115376202,821.0742,987.0469
MOVE,0,1.0,0.019607844,115376226,703.178,1196.2296
MOVE,1,1.0,0.027450982,115376226,821.3379,987.6035
MOVE,0,1.0,0.019607844,115376227,703.2129,1195.7871
MOVE,1,1.0,0.027450982,115376227,821.3379,987.6035
UP,0,1.0,0.019607844,115376235,703.2129,1195.7871
MOVE,1,1.0,0.03137255,115376242,822.5165,989.75635
MOVE,1,1.0,0.027450982,115376256,826.084,991.7783
MOVE,1,1.0,0.027450982,115376273,834.95764,997.65076
MOVE,1,1.0,0.027450982,115376291,885.6531,1025.0771
MOVE,1,1.0,0.027450982,115376294,903.33984,1034.3613
UP,1,1.0,0.027450982,115376302,903.33984,1034.3613
DOWN,0,1.0,0.027450982,115376344,751.46484,1277.0566
MOVE,0,1.0,0.027450982,115376359,748.5104,1274.9775
MOVE,0,1.0,0.027450982,115376373,745.26855,1272.3252
MOVE,0,1.0,0.027450982,115376390,741.57715,1268.707
MOVE,0,1.0,0.027450982,115376406,733.7988,1258.9658
MOVE,0,1.0,0.027450982,115376419,731.4258,1252.0078
UP,0,1.0,0.027450982,115376427,731.4258,1252.0078
DOWN,0,1.0,0.027450982,115376570,573.75,1509.7324
MOVE,0,1.0,0.027450982,115376578,572.43164,1509.1758
DOWN,1,1.0,0.027450982,115376578,777.3047,1217.4961
MOVE,0,1.0,0.027450982,115376594,568.7211,1507.0967
MOVE,1,1.0,0.027450982,115376594,777.3047,1217.4961
MOVE,0,1.0,0.027450982,115376608,566.23535,1504.7227
MOVE,1,1.0,0.027450982,115376608,776.77734,1216.1045
MOVE,0,1.0,0.027450982,115376624,562.8076,1498.8779
MOVE,1,1.0,0.023529414,115376624,776.77734,1213.043
MOVE,0,1.0,0.027450982,115376641,560.03906,1485.7969
MOVE,1,1.0,0.023529414,115376641,776.77734,1205.8066
MOVE,0,1.0,0.027450982,115376659,561.4682,1466.5703
MOVE,1,1.0,0.023529414,115376659,776.3634,1190.4766
MOVE,0,1.0,0.027450982,115376677,568.2533,1425.698
MOVE,1,1.0,0.023529414,115376677,773.6587,1140.5168
MOVE,0,1.0,0.027450982,115376695,577.3913,1355.9104
MOVE,1,1.0,0.027450982,115376695,768.8962,1074.7623
MOVE,0,1.0,0.027450982,115376712,584.2705,1277.4407
MOVE,1,1.0,0.027450982,115376712,766.2489,999.6826
MOVE,0,1.0,0.023529414,115376729,589.0298,1202.8286
MOVE,1,1.0,0.027450982,115376729,766.22784,920.0886
MOVE,0,1.0,0.023529414,115376746,589.3146,1139.3048
MOVE,1,1.0,0.027450982,115376746,765.6979,850.44727
MOVE,0,1.0,0.027450982,115376762,586.16895,1096.8943
MOVE,1,1.0,0.027450982,115376762,766.7578,798.02844
MOVE,0,1.0,0.027450982,115376779,582.05554,1070.2637
MOVE,1,1.0,0.027450982,115376779,770.05383,759.53845
MOVE,0,1.0,0.027450982,115376793,578.356,1053.6371
MOVE,1,1.0,0.027450982,115376793,772.05084,735.32776
MOVE,0,1.0,0.027450982,115376809,576.3615,1042.0479
MOVE,1,1.0,0.027450982,115376809,772.28235,721.4229
MOVE,0,1.0,0.027450982,115376825,574.67285,1034.6396
MOVE,1,1.0,0.03137255,115376825,770.97656,715.9629
MOVE,0,1.0,0.027450982,115376842,573.88184,1028.5166
MOVE,1,1.0,0.027450982,115376842,769.13086,714.5713
MOVE,0,1.0,0.027450982,115376854,574.0137,1024.8984
MOVE,1,1.0,0.027450982,115376854,768.33984,714.8496
UP,1,1.0,0.027450982,115376863,768.33984,714.8496
MOVE,0,1.0,0.03137255,115376878,577.2667,1019.07043
MOVE,0,1.0,0.027450982,115376892,579.81445,1016.2705
MOVE,0,1.0,0.027450982,115376909,583.374,1015.9922
MOVE,0,1.0,0.027450982,115376921,587.46094,1015.9922
UP,0,1.0,0.027450982,115376930,587.46094,1015.9922
DOWN,0,1.0,0.027450982,115377239,312.1875,1112.291
MOVE,0,1.0,0.03137255,115377263,312.1875,1108.1329
MOVE,0,1.0,0.03137255,115377277,312.583,1105.0547
MOVE,0,1.0,0.027450982,115377294,314.29688,1099.4883
MOVE,0,1.0,0.03137255,115377310,318.91113,1092.8086
MOVE,0,1.0,0.03529412,115377327,322.99805,1089.1904
MOVE,0,1.0,0.03137255,115377344,328.53516,1087.2422
MOVE,0,1.0,0.03137255,115377348,330.1172,1086.1289
UP,0,1.0,0.03137255,115377356,330.1172,1086.1289
DOWN,0,1.0,0.03137255,115377457,551.0742,1022.6719
MOVE,0,1.0,0.03137255,115377480,554.0287,1022.6719
MOVE,0,1.0,0.03529412,115377494,557.5342,1023.78516
MOVE,0,1.0,0.03137255,115377511,565.8242,1026.8987
MOVE,0,1.0,0.03137255,115377528,578.97107,1033.0813
MOVE,0,1.0,0.027450982,115377544,588.25195,1039.6494
MOVE,0,1.0,0.027450982,115377548,590.625,1041.5977
UP,0,1.0,0.027450982,115377557,590.625,1041.5977
DOWN,0,1.0,0.027450982,115377607,816.3281,893.53125
MOVE,0,1.0,0.027450982,115377632,816.3281,892.9746
MOVE,0,1.0,0.027450982,115377657,816.3281,891.8613
MOVE,0,1.0,0.027450982,115377683,817.11914,891.3047
UP,0,1.0,0.027450982,115377691,817.11914,891.3047
MOVE,0,1.0,0.027450982,115378109,361.23047,989.8301
UP,0,1.0,0.027450982,115378117,361.23047,989.8301
DOWN,0,1.0,0.027450982,115378226,646.7871,850.1133
MOVE,0,1.0,0.027450982,115378250,645.8023,848.5908
MOVE,0,1.0,0.027450982,115378269,644.9414,846.2168
DOWN,1,1.0,0.027450982,115378269,412.3828,988.7168
MOVE,0,1.0,0.027450982,115378284,644.9065,843.58105
MOVE,1,1.0,0.027450982,115378284,413.10394,991.2787
MOVE,0,1.0,0.023529414,115378285,644.9414,843.4336
MOVE,1,1.0,0.027450982,115378285,413.17383,991.5
UP,0,1.0,0.023529414,115378294,644.9414,843.4336
MOVE,1,1.0,0.027450982,115378300,415.8646,997.7372
MOVE,1,1.0,0.027450982,115378314,422.38144,1007.23584
MOVE,1,1.0,0.027450982,115378332,448.87958,1035.3876
MOVE,1,1.0,0.027450982,115378335,454.5703,1040.4844
UP,1,1.0,0.027450982,115378343,454.5703,1040.4844
DOWN,0,1.0,0.027450982,115378410,823.71094,833.9707
MOVE,0,1.0,0.03137255,115378427,823.1836,832.8574
MOVE,0,1.0,0.03137255,115378444,822.3926,832.3008
MOVE,0,1.0,0.03137255,115378484,823.34247,835.97595
MOVE,0,1.0,0.03137255,115378486,823.44727,836.19727
UP,0,1.0,0.03137255,115378494,823.44727,836.19727
DOWN,0,1.0,0.027450982,115378594,629.1211,1280.3965
MOVE,0,1.0,0.03137255,115378618,628.365,1278.3174
MOVE,0,1.0,0.03137255,115378632,627.2754,1274.8301
MOVE,0,1.0,0.027450982,115378646,625.4297,1270.377
DOWN,1,1.0,0.023529414,115378646,811.8457,1083.9023
MOVE,0,1.0,0.027450982,115378669,618.7489,1249.4055
MOVE,1,1.0,0.023529414,115378669,811.8457,1083.9023
MOVE,0,1.0,0.03137255,115378679,618.0469,1244.2148
MOVE,1,1.0,0.023529414,115378679,812.1094,1082.7891
UP,1,1.0,0.023529414,115378687,812.1094,1082.7891
MOVE,0,1.0,0.027450982,115378695,616.7285,1241.4316
UP,0,1.0,0.027450982,115378704,616.7285,1241.4316
DOWN,0,1.0,0.027450982,115378829,762.2754,1319.3613
MOVE,0,1.0,0.023529414,115378838,762.0117,1318.248
DOWN,1,1.0,0.023529414,115378838,551.60156,1482.457
MOVE,0,1.0,0.023529414,115378853,760.79816,1314.1637
MOVE,1,1.0,0.023529414,115378853,550.388,1479.486
MOVE,0,1.0,0.023529414,115378867,759.50684,1306.5586
MOVE,1,1.0,0.027450982,115378867,548.30566,1473.5508
MOVE,0,1.0,0.023529414,115378885,755.1022,1271.8632
MOVE,1,1.0,0.027450982,115378885,544.4231,1456.885
MOVE,0,1.0,0.027450982,115378905,741.506,1170.087
MOVE,1,1.0,0.027450982,115378905,536.0792,1394.8474
MOVE,0,1.0,0.027450982,115378921,734.3473,1074.3337
MOVE,1,1.0,0.03137255,115378921,532.1004,1320.8586
MOVE,0,1.0,0.027450982,115378938,732.74414,991.90076
MOVE,1,1.0,0.03137255,115378938,536.0133,1241.8324
MOVE,0,1.0,0.027450982,115378954,734.84033,921.7029
MOVE,1,1.0,0.027450982,115378954,541.5583,1177.1619
MOVE,0,1.0,0.027450982,115378971,736.4276,872.0393
MOVE,1,1.0,0.027450982,115378971,546.5654,1127.543
MOVE,0,1.0,0.027450982,115378988,736.18604,841.89355
MOVE,1,1.0,0.027450982,115378988,549.6993,1097.9482
MOVE,0,1.0,0.027450982,115379003,734.5345,825.1537
MOVE,1,1.0,0.03137255,115379003,550.93536,1082.3217
MOVE,0,1.0,0.027450982,115379018,733.0078,818.10645
MOVE,1,1.0,0.027450982,115379018,550.41504,1074.7178
MOVE,0,1.0,0.03137255,115379034,732.34863,814.7666
MOVE,1,1.0,0.027450982,115379034,549.0967,1071.0996
MOVE,0,1.0,0.027450982,115379051,731.68945,814.4883
MOVE,1,1.0,0.027450982,115379051,548.042,1069.708
MOVE,0,1.0,0.027450982,115379067,730.89844,814.4883
MOVE,1,1.0,0.027450982,115379067,547.51465,1068.873
MOVE,0,1.0,0.027450982,115379080,730.89844,814.4883
MOVE,1,1.0,0.027450982,115379080,547.11914,1068.5947
MOVE,0,1.0,0.027450982,115379088,730.89844,814.4883
MOVE,1,1.0,0.027450982,115379088,546.85547,1068.3164
MOVE,0,1.0,0.03137255,115379121,731.39087,814.41455
MOVE,1,1.0,0.027450982,115379121,547.11914,1067.7598
MOVE,0,1.0,0.03137255,115379130,731.4258,814.4883
MOVE,1,1.0,0.027450982,115379130,547.11914,1067.7598
MOVE,0,1.0,0.03137255,115379147,731.4258,814.4883
MOVE,1,1.0,0.027450982,115379147,547.51465,1067.4814
MOVE,0,1.0,0.03137255,115379168,731.9531,815.60156
MOVE,1,1.0,0.03137255,115379168,547.7783,1068.3164
MOVE,0,1.0,0.03137255,115379185,733.53516,819.77637
MOVE,1,1.0,0.03137255,115379185,548.30566,1070.8213
MOVE,0,1.0,0.027450982,115379201,738.4131,829.5176
MOVE,1,1.0,0.027450982,115379201,549.75586,1075.5527
MOVE,0,1.0,0.027450982,115379219,750.78723,857.78796
MOVE,1,1.0,0.027450982,115379219,552.85004,1087.9867
MOVE,0,1.0,0.027450982,115379239,767.2272,916.0696
MOVE,1,1.0,0.027450982,115379239,556.07605,1137.607
MOVE,0,1.0,0.027450982,115379256,776.21045,982.8053
MOVE,1,1.0,0.023529414,115379256,558.1802,1209.3302
MOVE,0,1.0,0.023529414,115379272,781.4971,1043.5515
MOVE,1,1.0,0.023529414,115379272,560.0311,1286.6921
MOVE,0,1.0,0.023529414,115379289,785.1964,1092.5637
MOVE,1,1.0,0.023529414,115379289,565.2914,1342.4954
MOVE,0,1.0,0.023529414,115379306,788.62415,1131.0276
MOVE,1,1.0,0.023529414,115379306,566.89716,1378.7493
MOVE,0,1.0,0.023529414,115379323,793.10126,1167.2203
MOVE,1,1.0,0.023529414,115379323,565.8478,1408.8357
MOVE,0,1.0,0.023529414,115379339,797.32794,1205.0552
MOVE,1,1.0,0.023529414,115379339,560.0707,1440.5531
MOVE,0,1.0,0.023529414,115379356,800.75037,1240.708
MOVE,1,1.0,0.023529414,115379356,558.20654,1470.6284
MOVE,0,1.0,0.023529414,115379372,804.5997,1265.5875
MOVE,1,1.0,0.023529414,115379372,559.49054,1492.2295
MOVE,0,1.0,0.023529414,115379387,807.43823,1276.8329
MOVE,1,1.0,0.023529414,115379387,560.3932,1502.2723
MOVE,0,1.0,0.023529414,115379402,808.41797,1280.6748
MOVE,1,1.0,0.023529414,115379402,561.6211,1505.5576
MOVE,0,1.0,0.023529414,115379418,809.209,1281.5098
MOVE,1,1.0,0.023529414,115379418,562.54395,1505.5576
MOVE,0,1.0,0.023529414,115379435,810.0,1279.8398
MOVE,1,1.0,0.019607844,115379435,563.0713,1505.001
MOVE,0,1.0,0.023529414,115379452,808.68164,1275.1084
MOVE,1,1.0,0.023529414,115379452,563.4668,1504.166
MOVE,0,1.0,0.023529414,115379457,807.62695,1272.6035
MOVE,1,1.0,0.019607844,115379457,563.73047,1503.6094
UP,0,1.0,0.023529414,115379465,807.62695,1272.6035
MOVE,1,1.0,0.019607844,115379465,562.6758,1503.0527
UP,1,1.0,0.019607844,115379473,562.6758,1503.0527
DOWN,0,1.0,0.027450982,115379808,802.08984,634.69336
MOVE,0,1.0,0.03137255,115379823,802.5473,635.25
MOVE,0,1.0,0.03137255,115379837,803.4082,636.3633
MOVE,0,1.0,0.027450982,115379849,805.5176,638.58984
UP,0,1.0,0.027450982,115379858,805.5176,638.58984
DOWN,0,1.0,0.027450982,115380753,886.46484,412.0371
MOVE,0,1.0,0.027450982,115380777,885.70874,418.75714
MOVE,0,1.0,0.027450982,115380791,885.542,428.1797
MOVE,0,1.0,0.027450982,115380809,885.83795,460.31317
MOVE,0,1.0,0.027450982,115380829,888.5742,529.4883
DOWN,1,1.0,0.019607844,115380829,692.40234,876.83203
MOVE,0,1.0,0.027450982,115380846,890.412,573.2736
MOVE,1,1.0,0.019607844,115380846,693.71277,880.7007
MOVE,0,1.0,0.023529414,115380862,893.56555,606.69434
MOVE,1,1.0,0.019607844,115380862,696.34424,890.6924
MOVE,0,1.0,0.023529414,115380879,895.69073,645.06915
MOVE,1,1.0,0.019607844,115380879,702.11865,908.99475
MOVE,0,1.0,0.023529414,115380879,895.69336,645.26953
MOVE,1,1.0,0.023529414,115380879,702.1582,909.1172
UP,1,1.0,0.023529414,115380887,702.1582,909.1172
MOVE,0,1.0,0.023529414,115380896,897.0065,681.8241
MOVE,0,1.0,0.023529414,115380912,898.0532,722.4422
MOVE,0,1.0,0.023529414,115380929,900.4263,759.19165
MOVE,0,1.0,0.023529414,115380945,903.75183,786.44775
MOVE,0,1.0,0.027450982,115380960,905.25415,802.1367
MOVE,0,1.0,0.027450982,115380975,905.4492,808.64355
MOVE,0,1.0,0.027450982,115380992,905.18555,810.3135
MOVE,0,1.0,0.027450982,115380996,905.18555,810.5918
MOVE,0,1.0,0.027450982,115381021,904.13086,811.14844
MOVE,0,1.0,0.027450982,115381045,903.972,811.7051
MOVE,0,1.0,0.027450982,115381055,903.999,811.42676
MOVE,0,1.0,0.023529414,115381075,904.52637,810.03516
MOVE,0,1.0,0.023529414,115381092,904.52637,804.46875
MOVE,0,1.0,0.027450982,115381096,904.6582,802.2422
UP,0,1.0,0.027450982,115381105,904.6582,802.2422
MOVE,0,1.0,0.027450982,115382351,713.80255,933.7749
MOVE,0,1.0,0.027450982,115382367,715.21265,957.22705
MOVE,0,1.0,0.027450982,115382382,716.77515,977.5419
MOVE,0,1.0,0.027450982,115382399,718.6797,998.71484
MOVE,0,1.0,0.027450982,115382416,722.5987,1028.5233
MOVE,0,1.0,0.027450982,115382434,726.99744,1056.3495
MOVE,0,1.0,0.023529414,115382450,731.0834,1075.777
MOVE,0,1.0,0.023529414,115382465,734.0673,1088.4811
MOVE,0,1.0,0.027450982,115382477,735.38086,1091.6953
MOVE,0,1.0,0.027450982,115382501,736.62933,1093.2915
MOVE,0,1.0,0.027450982,115382510,736.5674,1093.0869
MOVE,0,1.0,0.023529414,115382518,736.43555,1092.8086
MOVE,0,1.0,0.023529414,115382560,738.28125,1086.6855
UP,0,1.0,0.023529414,115382569,738.28125,1086.6855
DOWN,0,1.0,0.023529414,115383012,783.6328,1157.9355
MOVE,0,1.0,0.023529414,115383036,781.6632,1146.5007
MOVE,0,1.0,0.023529414,115383050,780.1499,1131.1913
MOVE,0,1.0,0.027450982,115383069,778.8867,1063.7026
MOVE,0,1.0,0.027450982,115383087,790.4092,925.8832
MOVE,0,1.0,0.027450982,115383104,814.3585,816.0858
MOVE,0,1.0,0.03137255,115383121,836.51746,744.6633
MOVE,0,1.0,0.03137255,115383137,852.1242,696.1465
MOVE,0,1.0,0.03529412,115383154,863.5998,665.2514
MOVE,0,1.0,0.03529412,115383170,871.4857,645.3592
MOVE,0,1.0,0.03529412,115383185,877.58954,630.14307
MOVE,0,1.0,0.03529412,115383201,882.42206,619.2926
MOVE,0,1.0,0.03137255,115383217,885.2783,611.5928
MOVE,0,1.0,0.03137255,115383234,888.1787,605.1914
MOVE,0,1.0,0.03529412,115383251,890.55176,599.625
MOVE,0,1.0,0.03529412,115383267,893.1885,595.4502
MOVE,0,1.0,0.03137255,115383284,895.8252,591.83203
MOVE,0,1.0,0.03137255,115383301,897.4072,589.32715
MOVE,0,1.0,0.03137255,115383318,900.1758,588.21387
MOVE,0,1.0,0.03529412,115383322,901.49414,587.93555
UP,0,1.0,0.03529412,115383331,901.49414,587.93555
DOWN,0,1.0,0.027450982,115383974,811.58203,1445.1621
MOVE,0,1.0,0.023529414,115383990,808.1701,1440.0382
MOVE,0,1.0,0.023529414,115384004,804.0674,1429.5762
MOVE,0,1.0,0.023529414,115384022,797.773,1405.3138
MOVE,0,1.0,0.027450982,115384041,776.55005,1263.947
MOVE,0,1.0,0.027450982,115384058,772.026,1109.7249
MOVE,0,1.0,0.027450982,115384075,783.5669,983.71814
MOVE,0,1.0,0.03137255,115384091,796.75574,901.1294
MOVE,0,1.0,0.03137255,115384108,801.55457,854.2102
MOVE,0,1.0,0.03137255,115384124,805.6495,826.3862
MOVE,0,1.0,0.03137255,115384140,808.4576,808.08264
MOVE,0,1.0,0.03137255,115384156,810.3337,792.34753
MOVE,0,1.0,0.03529412,115384171,813.84216,778.99524
MOVE,0,1.0,0.03529412,115384188,815.66895,769.6787
MOVE,0,1.0,0.03529412,115384204,816.45996,763.834
MOVE,0,1.0,0.03529412,115384221,816.5918,758.2676
MOVE,0,1.0,0.03137255,115384238,816.3281,755.7627
MOVE,0,1.0,0.03529412,115384255,816.5918,757.4326
MOVE,0,1.0,0.03137255,115384271,815.5371,761.3291
MOVE,0,1.0,0.03529412,115384276,815.27344,762.7207
UP,0,1.0,0.03529412,115384284,815.27344,762.7207
DOWN,0,1.0,0.03529412,115384527,356.74805,854.5664
MOVE,0,1.0,0.039215688,115384542,353.86346,850.96497
MOVE,0,1.0,0.039215688,115384556,350.41992,847.05176
MOVE,0,1.0,0.043137256,115384573,347.91504,843.99023
MOVE,0,1.0,0.03529412,115384589,348.70605,844.26855
MOVE,0,1.0,0.03529412,115384594,349.6289,845.1035
UP,0,1.0,0.03529412,115384602,349.6289,845.1035
MOVE,0,1.0,0.027450982,115386669,785.21484,984.2637
UP,0,1.0,0.027450982,115386677,785.21484,984.2637
DOWN,0,1.0,0.019607844,115386786,755.6836,950.3086
MOVE,0,1.0,0.027450982,115386801,750.1083,946.22424
MOVE,0,1.0,0.027450982,115386815,742.8955,941.959
MOVE,0,1.0,0.027450982,115386831,734.458,937.22754
MOVE,0,1.0,0.027450982,115386849,715.00934,927.97034
MOVE,0,1.0,0.027450982,115386853,710.5957,926.37305
UP,0,1.0,0.027450982,115386861,710.5957,926.37305
DOWN,0,1.0,0.027450982,115386978,314.82422,999.8496
MOVE,0,1.0,0.027450982,115387002,304.8014,997.21387
MOVE,0,1.0,0.03137255,115387015,298.6084,996.23145
MOVE,0,1.0,0.03137255,115387032,291.2256,996.50977
MOVE,0,1.0,0.027450982,115387049,290.03906,1001.2412
MOVE,0,1.0,0.027450982,115387053,292.93945,1003.18945
UP,0,1.0,0.027450982,115387062,292.93945,1003.18945
DOWN,0,1.0,0.027450982,115387179,564.2578,1040.4844
MOVE,0,1.0,0.027450982,115387203,561.76086,1037.292
MOVE,0,1.0,0.027450982,115387212,561.09375,1036.5879
MOVE,0,1.0,0.027450982,115387236,563.4859,1038.5194
MOVE,0,1.0,0.023529414,115387246,575.33203,1049.3906
UP,0,1.0,0.023529414,115387254,575.33203,1049.3906
DOWN,0,1.0,0.027450982,115387379,850.3418,1059.9668
MOVE,0,1.0,0.027450982,115387403,843.30835,1053.0992
MOVE,0,1.0,0.027450982,115387417,839.6631,1049.669
MOVE,0,1.0,0.027450982,115387434,834.38965,1046.0508
MOVE,0,1.0,0.027450982,115387438,831.88477,1044.9375
UP,0,1.0,0.027450982,115387446,831.88477,1044.9375
DOWN,0,1.0,0.03137255,115387581,444.55078,973.6875
MOVE,0,1.0,0.03137255,115387604,432.3296,968.89905
MOVE,0,1.0,0.027450982,115387618,423.58887,966.4512
MOVE,0,1.0,0.027450982,115387635,410.76236,964.1677
MOVE,0,1.0,0.03137255,115387639,405.79102,963.66797
UP,0,1.0,0.03137255,115387648,405.79102,963.66797
DOWN,0,1.0,0.027450982,115387941,645.2051,1090.0254
MOVE,0,1.0,0.027450982,115387956,641.5295,1085.3844
MOVE,0,1.0,0.03137255,115387970,639.1406,1080.5625
MOVE,0,1.0,0.027450982,115387987,638.87695,1077.2227
MOVE,0,1.0,0.023529414,115388003,653.759,1076.7556
MOVE,0,1.0,0.023529414,115388007,659.1797,1077.2227
UP,0,1.0,0.023529414,115388016,659.1797,1077.2227
DOWN,0,1.0,0.023529414,115388116,868.53516,1040.4844
MOVE,0,1.0,0.027450982,115388140,861.34283,1032.5773
MOVE,0,1.0,0.027450982,115388154,856.40625,1027.4033
MOVE,0,1.0,0.027450982,115388170,849.1553,1020.4453
MOVE,0,1.0,0.027450982,115388187,840.98145,1014.04395
MOVE,0,1.0,0.023529414,115388191,840.0586,1013.7656
UP,0,1.0,0.023529414,115388199,840.0586,1013.7656
DOWN,0,1.0,0.027450982,115388300,705.58594,994.2832
MOVE,0,1.0,0.027450982,115388324,695.8268,989.01184
MOVE,0,1.0,0.027450982,115388338,688.8428,986.2119
MOVE,0,1.0,0.023529414,115388355,677.1418,981.8524
MOVE,0,1.0,0.023529414,115388358,672.0996,980.3672
UP,0,1.0,0.023529414,115388367,672.0996,980.3672
DOWN,0,1.0,0.03137255,115388509,357.53906,931.93945
MOVE,0,1.0,0.027450982,115388525,352.64993,928.338
MOVE,0,1.0,0.03137255,115388539,348.04688,925.5381
MOVE,0,1.0,0.027450982,115388555,344.75098,923.0332
MOVE,0,1.0,0.027450982,115388568,345.9375,921.9199
UP,0,1.0,0.027450982,115388576,345.9375,921.9199
DOWN,0,1.0,0.027450982,115389539,566.3672,830.63086
MOVE,0,1.0,0.027450982,115389562,561.0397,825.8424
MOVE,0,1.0,0.03137255,115389572,559.7754,824.5078
MOVE,0,1.0,0.03529412,115389596,561.9039,826.996
MOVE,0,1.0,0.027450982,115389605,575.33203,841.7637
UP,0,1.0,0.027450982,115389613,575.33203,841.7637
DOWN,0,1.0,0.027450982,115389731,730.1074,971.46094
MOVE,0,1.0,0.03137255,115389746,726.92426,967.9332
MOVE,0,1.0,0.027450982,115389760,724.4385,964.5029
MOVE,0,1.0,0.027450982,115389777,723.5156,962.27637
MOVE,0,1.0,0.027450982,115389789,725.8887,961.99805
UP,0,1.0,0.027450982,115389797,725.8887,961.99805
MOVE,0,1.0,0.023529414,115390007,872.22656,857.3496
UP,0,1.0,0.023529414,115390015,872.22656,857.3496
DOWN,0,1.0,0.027450982,115390342,375.46875,860.1328
MOVE,0,1.0,0.027450982,115390366,362.68527,853.74817
MOVE,0,1.0,0.027450982,115390379,355.8252,852.33984
MOVE,0,1.0,0.027450982,115390396,350.5207,857.4995
MOVE,0,1.0,0.027450982,115390400,349.6289,861.80273
UP,0,1.0,0.027450982,115390408,349.6289,861.80273
DOWN,0,1.0,0.027450982,115390542,506.51367,919.69336
MOVE,0,1.0,0.027450982,115390566,500.92252,915.3877
MOVE,0,1.0,0.03137255,115390576,499.92188,914.12695
MOVE,0,1.0,0.027450982,115390601,512.8161,921.4601
MOVE,0,1.0,0.023529414,115390601,513.6328,921.9199
UP,0,1.0,0.023529414,115390609,513.6328,921.9199
DOWN,0,1.0,0.027450982,115390760,843.75,938.0625
MOVE,0,1.0,0.027450982,115390784,835.3982,932.16077
MOVE,0,1.0,0.027450982,115390797,833.0713,931.3828
MOVE,0,1.0,0.027450982,115390810,833.99414,933.6094
UP,0,1.0,0.027450982,115390818,833.99414,933.6094
DOWN,0,1.0,0.027450982,115391070,821.0742,1025.4551
MOVE,0,1.0,0.027450982,115391085,809.8187,1015.13354
MOVE,0,1.0,0.03137255,115391099,802.749,1009.0342
MOVE,0,1.0,0.027450982,115391111,801.5625,1010.4258
UP,0,1.0,0.027450982,115391120,801.5625,1010.4258
MOVE,0,1.0,0.027450982,115392141,594.31903,1379.8347
MOVE,0,1.0,0.027450982,115392157,598.25037,1316.3109
MOVE,0,1.0,0.027450982,115392174,604.2964,1263.3911
MOVE,0,1.0,0.027450982,115392190,612.72595,1210.527
MOVE,0,1.0,0.03137255,115392207,619.8583,1155.4307
MOVE,0,1.0,0.03137255,115392224,626.458,1101.9764
MOVE,0,1.0,0.027450982,115392241,630.4263,1051.3167
MOVE,0,1.0,0.03137255,115392257,632.78876,1002.8722
MOVE,0,1.0,0.03137255,115392274,636.2218,954.45557
MOVE,0,1.0,0.03137255,115392291,642.78986,903.818
MOVE,0,1.0,0.03137255,115392307,652.7936,849.2783
MOVE,0,1.0,0.03137255,115392324,659.9391,795.2731
MOVE,0,1.0,0.03137255,115392341,664.95935,743.4944
MOVE,0,1.0,0.03137255,115392358,672.58215,692.2834
MOVE,0,1.0,0.03529412,115392374,681.0275,642.73126
MOVE,0,1.0,0.03529412,115392391,689.9871,599.26874
MOVE,0,1.0,0.03529412,115392408,697.1115,561.95715
MOVE,0,1.0,0.03529412,115392425,702.092,533.3276
MOVE,0,1.0,0.03137255,115392440,705.1024,512.8827
MOVE,0,1.0,0.03529412,115392455,705.13617,496.44965
MOVE,0,1.0,0.03137255,115392471,705.67786,483.6189
MOVE,0,1.0,0.03137255,115392488,705.0586,476.88574
MOVE,0,1.0,0.03137255,115392504,704.6631,472.98926
MOVE,0,1.0,0.03137255,115392521,705.32227,471.31934
MOVE,0,1.0,0.03137255,115392538,706.6406,472.1543
MOVE,0,1.0,0.03137255,115392550,709.0137,473.82422
UP,0,1.0,0.03137255,115392559,709.0137,473.82422
DOWN,0,1.0,0.027450982,115396290,577.96875,1445.7188
MOVE,0,1.0,0.027450982,115396306,577.2476,1442.674
MOVE,0,1.0,0.027450982,115396319,577.0459,1436.5342
MOVE,0,1.0,0.027450982,115396336,578.65015,1422.7466
MOVE,0,1.0,0.027450982,115396354,593.1443,1358.479
MOVE,0,1.0,0.027450982,115396374,615.5789,1281.2704
MOVE,0,1.0,0.027450982,115396390,629.85144,1231.6348
MOVE,0,1.0,0.027450982,115396406,640.3824,1198.2866
MOVE,0,1.0,0.027450982,115396423,644.49805,1175.2792
MOVE,0,1.0,0.023529414,115396438,648.9533,1157.8513
MOVE,0,1.0,0.027450982,115396454,652.19507,1140.8046
MOVE,0,1.0,0.027450982,115396470,655.6855,1123.7896
MOVE,0,1.0,0.027450982,115396487,657.3058,1103.9362
MOVE,0,1.0,0.027450982,115396504,661.2441,1083.074
MOVE,0,1.0,0.027450982,115396521,664.3941,1063.474
MOVE,0,1.0,0.027450982,115396537,669.1598,1044.5057
MOVE,0,1.0,0.03137255,115396553,675.46484,1027.4954
MOVE,0,1.0,0.027450982,115396570,679.8779,1015.1572
MOVE,0,1.0,0.027450982,115396587,683.4375,1006.5293
MOVE,0,1.0,0.027450982,115396603,686.3379,999.5713
MOVE,0,1.0,0.03137255,115396620,688.9746,993.44824
MOVE,0,1.0,0.03137255,115396637,690.6885,990.3867
MOVE,0,1.0,0.03137255,115396650,691.084,989.55176
MOVE,0,1.0,0.03137255,115396670,691.2158,988.7168
MOVE,0,1.0,0.03137255,115396683,690.0293,989.27344
MOVE,0,1.0,0.03137255,115396707,691.7893,990.3867
MOVE,0,1.0,0.03137255,115396708,692.1387,990.3867
UP,0,1.0,0.03137255,115396716,692.1387,990.3867
MOVE,0,1.0,0.027450982,115399903,312.45117,886.2949
UP,0,1.0,0.027450982,115399912,312.45117,886.2949
DOWN,0,1.0,0.03137255,115400029,361.7578,771.62695
MOVE,0,1.0,0.027450982,115400053,356.46527,766.28186
MOVE,0,1.0,0.03137255,115400062,354.90234,764.94727
MOVE,0,1.0,0.03529412,115400086,357.03082,765.4302
MOVE,0,1.0,0.03137255,115400096,374.1504,769.95703
UP,0,1.0,0.03137255,115400104,374.1504,769.95703
DOWN,0,1.0,0.03137255,115400272,773.08594,631.3535
MOVE,0,1.0,0.03137255,115400287,768.9529,628.2349
MOVE,0,1.0,0.03137255,115400301,765.7031,627.1787
MOVE,0,1.0,0.03137255,115400318,763.4619,628.0137
MOVE,0,1.0,0.03137255,115400330,764.38477,630.7969
UP,0,1.0,0.03137255,115400338,764.38477,630.7969
DOWN,0,1.0,0.03137255,115400472,779.9414,630.24023
MOVE,0,1.0,0.03137255,115400488,773.6449,626.6388
MOVE,0,1.0,0.027450982,115400502,766.626,623.83887
MOVE,0,1.0,0.027450982,115400518,759.375,622.16895
MOVE,0,1.0,0.027450982,115400523,757.79297,621.8906
UP,0,1.0,0.027450982,115400531,757.79297,621.8906
DOWN,0,1.0,0.027450982,115401510,801.8262,694.2539
MOVE,0,1.0,0.027450982,115401526,799.36414,692.6577
MOVE,0,1.0,0.027450982,115401539,798.2666,692.584
MOVE,0,1.0,0.03137255,115401556,799.84863,696.48047
MOVE,0,1.0,0.027450982,115401560,800.7715,698.1504
UP,0,1.0,0.027450982,115401569,800.7715,698.1504
DOWN,0,1.0,0.027450982,115401711,850.0781,810.5918
MOVE,0,1.0,0.03137255,115401726,845.7163,806.02454
MOVE,0,1.0,0.03137255,115401740,840.32227,800.8506
MOVE,0,1.0,0.03137255,115401756,834.2578,795.8408
MOVE,0,1.0,0.027450982,115401761,832.93945,795.00586
UP,0,1.0,0.027450982,115401769,832.93945,795.00586
DOWN,0,1.0,0.027450982,115401987,615.9375,698.1504
MOVE,0,1.0,0.027450982,115402011,616.1313,696.48047
MOVE,0,1.0,0.027450982,115402020,618.0469,697.59375
UP,0,1.0,0.027450982,115402028,618.0469,697.59375
MOVE,0,1.0,0.027450982,115402898,664.2778,1045.8131
MOVE,0,1.0,0.03137255,115402915,672.31055,939.109
MOVE,0,1.0,0.03137255,115402932,683.6379,856.06934
MOVE,0,1.0,0.03137255,115402948,697.87354,784.2405
MOVE,0,1.0,0.03137255,115402965,712.887,718.4956
MOVE,0,1.0,0.03529412,115402982,723.72394,662.2471
MOVE,0,1.0,0.03137255,115402999,735.3281,614.3314
MOVE,0,1.0,0.03529412,115403016,744.3114,571.4534
MOVE,0,1.0,0.03529412,115403032,751.6916,531.353
MOVE,0,1.0,0.03529412,115403049,758.81335,491.83154
MOVE,0,1.0,0.03137255,115403066,766.1909,458.9508
MOVE,0,1.0,0.03529412,115403082,770.3902,431.5608
MOVE,0,1.0,0.03529412,115403097,773.43933,415.1092
MOVE,0,1.0,0.03137255,115403112,776.6202,404.63214
MOVE,0,1.0,0.03529412,115403128,780.6006,399.5127
MOVE,0,1.0,0.03529412,115403145,781.7871,394.50293
MOVE,0,1.0,0.03529412,115403162,784.292,391.71973
MOVE,0,1.0,0.039215688,115403179,786.5332,388.93652
MOVE,0,1.0,0.039215688,115403196,789.1699,388.6582
MOVE,0,1.0,0.03529412,115403212,790.75195,389.77148
MOVE,0,1.0,0.03137255,115403229,791.9385,390.0498
MOVE,0,1.0,0.03137255,115403233,792.59766,389.77148
UP,0,1.0,0.03137255,115403242,792.59766,389.77148
DOWN,0,1.0,0.027450982,115404823,694.5117,681.4512
MOVE,0,1.0,0.03137255,115404838,689.1302,677.3668
MOVE,0,1.0,0.03137255,115404852,682.6465,673.6582
MOVE,0,1.0,0.03137255,115404869,674.7363,670.04004
MOVE,0,1.0,0.027450982,115404873,672.8906,669.2051
UP,0,1.0,0.027450982,115404882,672.8906,669.2051
DOWN,0,1.0,0.03137255,115405049,199.07227,479.94727
MOVE,0,1.0,0.03529412,115405072,194.27213,475.7154
MOVE,0,1.0,0.03529412,115405086,193.00781,474.38086
MOVE,0,1.0,0.027450982,115405104,201.88293,475.66388
MOVE,0,1.0,0.027450982,115405107,207.2461,476.60742
UP,0,1.0,0.027450982,115405115,207.2461,476.60742
DOWN,0,1.0,0.027450982,115405266,733.53516,465.4746
MOVE,0,1.0,0.027450982,115405290,730.01843,462.2085
MOVE,0,1.0,0.03137255,115405304,728.78906,461.85645
MOVE,0,1.0,0.03137255,115405320,728.39355,464.36133
MOVE,0,1.0,0.027450982,115405324,728.5254,465.4746
UP,0,1.0,0.027450982,115405333,728.5254,465.4746
DOWN,0,1.0,0.03137255,115405484,356.2207,665.3086
MOVE,0,1.0,0.03137255,115405507,343.73584,658.92395
MOVE,0,1.0,0.03137255,115405521,335.91797,656.124
MOVE,0,1.0,0.03529412,115405538,326.68945,651.9492
MOVE,0,1.0,0.027450982,115405555,328.9615,648.9208
MOVE,0,1.0,0.03137255,115405559,334.07227,649.166
UP,0,1.0,0.03137255,115405567,334.07227,649.166
DOWN,0,1.0,0.03137255,115405718,819.2285,595.7285
MOVE,0,1.0,0.027450982,115405742,813.44354,589.3439
MOVE,0,1.0,0.03137255,115405755,810.2637,586.54395
MOVE,0,1.0,0.03137255,115405772,807.23145,584.3174
MOVE,0,1.0,0.03137255,115405785,806.57227,585.709
UP,0,1.0,0.03137255,115405793,806.57227,585.709
DOWN,0,1.0,0.027450982,115407424,690.29297,1426.2363
MOVE,0,1.0,0.023529414,115407448,687.2687,1420.482
MOVE,0,1.0,0.03137255,115407462,685.15137,1413.1553
MOVE,0,1.0,0.027450982,115407480,682.7164,1386.8553
MOVE,0,1.0,0.027450982,115407500,684.2048,1319.6508
MOVE,0,1.0,0.027450982,115407516,686.32996,1259.5392
MOVE,0,1.0,0.027450982,115407533,687.9173,1204.3983
MOVE,0,1.0,0.027450982,115407550,687.13684,1157.5905
MOVE,0,1.0,0.027450982,115407566,685.5548,1123.0286
MOVE,0,1.0,0.03137255,115407583,685.01953,1097.3916
MOVE,0,1.0,0.027450982,115407598,684.2865,1077.3221
MOVE,0,1.0,0.027450982,115407614,682.64795,1057.7587
MOVE,0,1.0,0.03137255,115407630,680.0192,1038.8545
MOVE,0,1.0,0.027450982,115407646,676.88434,1022.8351
MOVE,0,1.0,0.03137255,115407663,675.13184,1011.53906
MOVE,0,1.0,0.027450982,115407679,672.23145,1005.1377
MOVE,0,1.0,0.027450982,115407696,670.1221,1000.6846
MOVE,0,1.0,0.03137255,115407713,668.54004,996.50977
MOVE,0,1.0,0.027450982,115407730,666.43066,993.44824
MOVE,0,1.0,0.023529414,115407742,665.24414,990.3867
UP,0,1.0,0.023529414,115407750,665.24414,990.3867
DOWN,0,1.0,0.027450982,115408436,781.25977,660.85547
MOVE,0,1.0,0.03137255,115408452,775.3858,656.7711
MOVE,0,1.0,0.027450982,115408466,768.999,653.3408
MOVE,0,1.0,0.03137255,115408483,763.19824,650.001
MOVE,0,1.0,0.027450982,115408495,757.00195,645.26953
UP,0,1.0,0.027450982,115408503,757.00195,645.26953
DOWN,0,1.0,0.027450982,115408621,640.459,586.2656
MOVE,0,1.0,0.03137255,115408636,634.88367,583.14703
MOVE,0,1.0,0.03137255,115408650,628.59375,580.97754
MOVE,0,1.0,0.027450982,115408666,622.1338,580.97754
MOVE,0,1.0,0.027450982,115408671,620.6836,581.8125
UP,0,1.0,0.027450982,115408679,620.6836,581.8125
MOVE,0,1.0,0.03137255,115409490,345.14648,591.83203
UP,0,1.0,0.03137255,115409500,345.14648,591.83203
DOWN,0,1.0,0.023529414,115409633,781.7871,668.0918
MOVE,0,1.0,0.03137255,115409657,774.7886,659.62805
MOVE,0,1.0,0.03137255,115409670,771.24023,656.40234
MOVE,0,1.0,0.027450982,115409687,770.6121,661.0054
MOVE,0,1.0,0.027450982,115409691,771.5039,665.3086
UP,0,1.0,0.027450982,115409700,771.5039,665.3086
DOWN,0,1.0,0.027450982,115409834,828.9844,712.0664
MOVE,0,1.0,0.03137255,115409858,805.4934,695.3864
MOVE,0,1.0,0.03137255,115409872,792.209,689.6836
MOVE,0,1.0,0.027450982,115409884,783.10547,687.5742
UP,0,1.0,0.027450982,115409892,783.10547,687.5742
DOWN,0,1.0,0.019607844,115410035,513.10547,823.9512
MOVE,0,1.0,0.027450982,115410058,501.79922,815.4874
MOVE,0,1.0,0.027450982,115410072,496.62598,811.42676
MOVE,0,1.0,0.027450982,115410085,494.9121,810.03516
UP,0,1.0,0.027450982,115410093,494.9121,810.03516
DOWN,0,1.0,0.03137255,115410511,376.7871,1027.6816
MOVE,0,1.0,0.03137255,115410527,360.3963,1017.75793
MOVE,0,1.0,0.03529412,115410541,347.70688,1009.5227
MOVE,0,1.0,0.03137255,115410557,340.00488,1004.0244
MOVE,0,1.0,0.023529414,115410570,342.2461,1001.51953
UP,0,1.0,0.023529414,115410579,342.2461,1001.51953
DOWN,0,1.0,0.03137255,115410729,422.9297,1153.4824
MOVE,0,1.0,0.027450982,115410744,419.2541,1148.8414
MOVE,0,1.0,0.027450982,115410758,417.91992,1145.1328
MOVE,0,1.0,0.027450982,115410775,422.9297,1142.6279
MOVE,0,1.0,0.023529414,115410779,425.83008,1142.3496
UP,0,1.0,0.023529414,115410787,425.83008,1142.3496
DOWN,0,1.0,0.027450982,115419044,612.77344,1177.418
MOVE,0,1.0,0.027450982,115419060,596.0739,1171.1045
MOVE,0,1.0,0.027450982,115419074,579.817,1166.5642
MOVE,0,1.0,0.023529414,115419085,570.32227,1164.0586
UP,0,1.0,0.023529414,115419094,570.32227,1164.0586
DOWN,0,1.0,0.027450982,115419253,192.48047,1031.5781
MOVE,0,1.0,0.027450982,115419277,185.86955,1025.7501
MOVE,0,1.0,0.03137255,115419290,186.28418,1023.50684
MOVE,0,1.0,0.023529414,115419303,191.42578,1021.00195
UP,0,1.0,0.023529414,115419311,191.42578,1021.00195
DOWN,0,1.0,0.027450982,115419437,528.39844,907.44727
MOVE,0,1.0,0.027450982,115419461,521.5588,904.7378
MOVE,0,1.0,0.027450982,115419474,519.96094,906.05566
MOVE,0,1.0,0.023529414,115419487,522.59766,910.23047
UP,0,1.0,0.023529414,115419495,522.59766,910.23047
DOWN,0,1.0,0.027450982,115419646,864.05273,993.72656
MOVE,0,1.0,0.023529414,115419661,857.2289,988.60266
MOVE,0,1.0,0.027450982,115419675,851.9238,985.9336
MOVE,0,1.0,0.023529414,115419688,850.0781,986.49023
UP,0,1.0,0.023529414,115419696,850.0781,986.49023
MOVE,0,1.0,0.027450982,115420533,659.6727,1350.3273
MOVE,0,1.0,0.027450982,115420549,669.14124,1284.0369
MOVE,0,1.0,0.027450982,115420566,678.1166,1231.1116
MOVE,0,1.0,0.027450982,115420583,689.70496,1184.877
MOVE,0,1.0,0.027450982,115420600,703.1364,1139.7891
MOVE,0,1.0,0.027450982,115420616,718.42413,1093.6101
MOVE,0,1.0,0.027450982,115420633,731.8846,1046.3013
MOVE,0,1.0,0.027450982,115420650,747.95276,1000.0834
MOVE,0,1.0,0.027450982,115420666,764.03143,951.099
MOVE,0,1.0,0.027450982,115420683,779.87286,907.09656
MOVE,0,1.0,0.027450982,115420700,789.65247,874.2047
MOVE,0,1.0,0.027450982,115420716,798.0786,850.94727
MOVE,0,1.0,0.027450982,115420731,804.83295,833.3002
MOVE,0,1.0,0.03137255,115420747,809.3421,820.6367
MOVE,0,1.0,0.027450982,115420763,813.82324,812.54004
MOVE,0,1.0,0.027450982,115420779,816.9873,807.25195
MOVE,0,1.0,0.027450982,115420796,819.624,804.46875
MOVE,0,1.0,0.027450982,115420813,819.0967,804.46875
MOVE,0,1.0,0.027450982,115420817,818.4375,804.46875
UP,0,1.0,0.027450982,115420826,818.4375,804.46875
DOWN,0,1.0,0.03529412,115421110,308.4961,887.4082
MOVE,0,1.0,0.03137255,115421133,307.67014,886.85156
MOVE,0,1.0,0.03529412,115421144,310.3418,888.5215
UP,0,1.0,0.03529412,115421152,310.3418,888.5215
DOWN,0,1.0,0.03137255,115421303,379.42383,1050.5039
MOVE,0,1.0,0.03137255,115421318,377.91168,1048.4248
MOVE,0,1.0,0.027450982,115421328,378.36914,1048.2773
UP,0,1.0,0.027450982,115421336,378.36914,1048.2773
UP,0,1.0,0.023529414,115422809,285.0293,878.50195
MOVE,0,1.0,0.023529414,115423996,635.4334,1356.6173
MOVE,0,1.0,0.027450982,115424013,642.2783,1249.1857
MOVE,0,1.0,0.027450982,115424030,647.28284,1165.0105
MOVE,0,1.0,0.027450982,115424046,652.0394,1099.8055
MOVE,0,1.0,0.03529412,115424063,660.46375,1047.4146
MOVE,0,1.0,0.027450982,115424080,669.67645,1002.85547
MOVE,0,1.0,0.03137255,115424096,682.0506,961.1074
MOVE,0,1.0,0.027450982,115424113,696.8109,916.5873
MOVE,0,1.0,0.027450982,115424130,709.7414,874.8059
MOVE,0,1.0,0.027450982,115424147,718.72736,838.0398
MOVE,0,1.0,0.027450982,115424163,724.4995,810.63306
MOVE,0,1.0,0.03137255,115424179,727.0312,787.58496
MOVE,0,1.0,0.03137255,115424195,729.4548,765.3666
MOVE,0,1.0,0.03137255,115424211,730.2655,744.1815
MOVE,0,1.0,0.027450982,115424228,730.53937,726.21985
MOVE,0,1.0,0.03137255,115424243,731.6769,714.7166
MOVE,0,1.0,0.03137255,115424260,731.0303,705.94336
MOVE,0,1.0,0.03137255,115424276,730.3711,700.37695
MOVE,0,1.0,0.027450982,115424293,729.44824,695.6455
MOVE,0,1.0,0.027450982,115424310,728.39355,694.81055
MOVE,0,1.0,0.027450982,115424322,728.2617,696.48047
UP,0,1.0,0.027450982,115424331,728.2617,696.48047
DOWN,0,1.0,0.03137255,115424582,344.8828,752.14453
MOVE,0,1.0,0.03137255,115424597,342.1571,750.0654
MOVE,0,1.0,0.03137255,115424611,340.26855,749.083
MOVE,0,1.0,0.027450982,115424624,340.4004,749.91797
UP,0,1.0,0.027450982,115424632,340.4004,749.91797
UP,0,1.0,0.027450982,115425059,787.06055,878.50195
DOWN,0,1.0,0.03137255,115425862,769.6582,953.0918
MOVE,0,1.0,0.027450982,115425886,745.62256,936.49976
MOVE,0,1.0,0.023529414,115425896,739.8633,933.6094
UP,0,1.0,0.023529414,115425904,739.8633,933.6094
DOWN,0,1.0,0.03137255,115426071,307.17773,899.09766
MOVE,0,1.0,0.027450982,115426086,301.3387,894.9396
MOVE,0,1.0,0.027450982,115426100,297.02637,891.583
MOVE,0,1.0,0.027450982,115426113,295.57617,889.63477
UP,0,1.0,0.027450982,115426121,295.57617,889.63477
DOWN,0,1.0,0.027450982,115426272,403.68164,723.1992
MOVE,0,1.0,0.03137255,115426288,400.00604,721.1202
MOVE,0,1.0,0.03137255,115426301,397.88086,720.69434
MOVE,0,1.0,0.027450982,115426318,400.51758,722.6426
MOVE,0,1.0,0.03137255,115426322,402.62695,723.75586
UP,0,1.0,0.03137255,115426330,402.62695,723.75586
DOWN,0,1.0,0.03137255,115426490,826.875,792.7793
MOVE,0,1.0,0.027450982,115426505,814.6347,783.9802
MOVE,0,1.0,0.03137255,115426519,806.4404,778.58496
MOVE,0,1.0,0.027450982,115426535,804.33105,779.1416
MOVE,0,1.0,0.027450982,115426539,805.2539,780.5332
UP,0,1.0,0.027450982,115426548,805.2539,780.5332
DOWN,0,1.0,0.027450982,115426682,800.24414,863.47266
MOVE,0,1.0,0.03137255,115426706,776.7651,850.6102
MOVE,0,1.0,0.03137255,115426719,767.8854,846.2002
MOVE,0,1.0,0.027450982,115426732,765.1758,846.2168
UP,0,1.0,0.027450982,115426740,765.1758,846.2168
MOVE,0,1.0,0.027450982,115428327,657.71405,1238.8704
MOVE,0,1.0,0.027450982,115428347,681.23584,1142.7671
MOVE,0,1.0,0.027450982,115428363,693.93164,1070.337
MOVE,0,1.0,0.027450982,115428380,702.6434,1006.82983
MOVE,0,1.0,0.027450982,115428396,711.07294,953.8933
MOVE,0,1.0,0.03137255,115428413,720.2988,913.2029
MOVE,0,1.0,0.027450982,115428430,731.6367,878.6633
MOVE,0,1.0,0.027450982,115428447,743.2435,844.725
MOVE,0,1.0,0.027450982,115428463,754.51874,814.2046
MOVE,0,1.0,0.03137255,115428479,763.07446,787.5813
MOVE,0,1.0,0.027450982,115428495,770.28345,768.08655
MOVE,0,1.0,0.027450982,115428510,773.82715,755.2433
MOVE,0,1.0,0.027450982,115428526,776.11816,747.9697
MOVE,0,1.0,0.027450982,115428543,777.7002,743.5166
MOVE,0,1.0,0.027450982,115428560,778.62305,740.7334
MOVE,0,1.0,0.027450982,115428576,778.7549,739.89844
MOVE,0,1.0,0.03137255,115428589,776.25,741.0117
UP,0,1.0,0.03137255,115428597,776.25,741.0117
DOWN,0,1.0,0.03137255,115428840,361.7578,761.0508
MOVE,0,1.0,0.03137255,115428864,356.46527,758.3413
MOVE,0,1.0,0.03137255,115428878,355.8252,759.10254
MOVE,0,1.0,0.03137255,115428882,355.95703,759.9375
UP,0,1.0,0.03137255,115428890,355.95703,759.9375
DOWN,0,1.0,0.03137255,115429058,392.60742,949.1953
MOVE,0,1.0,0.03137255,115429081,387.96613,944.88965
MOVE,0,1.0,0.03137255,115429082,387.86133,944.7422
UP,0,1.0,0.03137255,115429099,387.86133,944.7422
DOWN,0,1.0,0.027450982,115431601,706.9043,846.2168
MOVE,0,1.0,0.027450982,115431624,701.5419,840.8717
MOVE,0,1.0,0.027450982,115431638,702.5537,841.48535
MOVE,0,1.0,0.023529414,115431642,703.74023,842.3203
UP,0,1.0,0.023529414,115431651,703.74023,842.3203
DOWN,0,1.0,0.019607844,115431785,816.3281,946.96875
MOVE,0,1.0,0.027450982,115431808,802.3311,936.98267
MOVE,0,1.0,0.027450982,115431822,794.1797,932.4961
MOVE,0,1.0,0.027450982,115431826,791.80664,931.3828
UP,0,1.0,0.027450982,115431835,791.80664,931.3828
DOWN,0,1.0,0.03137255,115432010,301.64062,952.53516
MOVE,0,1.0,0.027450982,115432026,295.3092,946.8546
MOVE,0,1.0,0.03137255,115432039,289.90723,941.68066
MOVE,0,1.0,0.027450982,115432056,288.7207,937.22754
MOVE,0,1.0,0.03137255,115432060,289.51172,936.3926
UP,0,1.0,0.03137255,115432069,289.51172,936.3926
MOVE,0,1.0,0.027450982,115433031,645.43976,1299.1218
MOVE,0,1.0,0.027450982,115433047,650.1937,1247.7885
MOVE,0,1.0,0.027450982,115433056,653.3789,1225.2891
MOVE,0,1.0,0.027450982,115433081,664.66406,1171.473
MOVE,0,1.0,0.027450982,115433098,677.0382,1136.3992
MOVE,0,1.0,0.027450982,115433114,691.62897,1106.6675
MOVE,0,1.0,0.027450982,115433130,706.06775,1082.8611
MOVE,0,1.0,0.027450982,115433146,717.5003,1060.6821
MOVE,0,1.0,0.027450982,115433162,727.66956,1040.793
MOVE,0,1.0,0.027450982,115433178,735.69055,1023.13135
MOVE,0,1.0,0.03137255,115433194,742.1486,1008.8878
MOVE,0,1.0,0.023529414,115433211,746.1914,997.3447
MOVE,0,1.0,0.027450982,115433227,749.4873,989.27344
MOVE,0,1.0,0.027450982,115433244,750.1465,984.542
MOVE,0,1.0,0.027450982,115433261,749.8828,982.3154
MOVE,0,1.0,0.027450982,115433273,749.0918,982.8721
MOVE,0,1.0,0.027450982,115433294,748.6963,985.9336
MOVE,0,1.0,0.03137255,115433299,748.56445,987.0469
UP,0,1.0,0.03137255,115433307,748.56445,987.0469
DOWN,0,1.0,0.027450982,115433608,336.18164,1105.6113
MOVE,0,1.0,0.027450982,115433632,338.83746,1107.0599
MOVE,0,1.0,0.027450982,115433633,339.08203,1107.2812
UP,0,1.0,0.027450982,115433642,339.08203,1107.2812
DOWN,0,1.0,0.03529412,115433826,337.5,971.46094
MOVE,0,1.0,0.03137255,115433849,325.6664,964.51965
MOVE,0,1.0,0.03137255,115433859,322.20703,963.66797
UP,0,1.0,0.03137255,115433868,322.20703,963.66797
DOWN,0,1.0,0.027450982,115435533,539.47266,987.0469
MOVE,0,1.0,0.027450982,115435556,536.87085,986.4165
MOVE,0,1.0,0.027450982,115435570,540.6592,989.55176
MOVE,0,1.0,0.03137255,115435574,543.16406,990.94336
UP,0,1.0,0.03137255,115435582,543.16406,990.94336
DOWN,0,1.0,0.027450982,115435725,891.21094,1006.5293
MOVE,0,1.0,0.027450982,115435740,884.3522,1003.41077
MOVE,0,1.0,0.027450982,115435754,879.08203,1002.0762
MOVE,0,1.0,0.023529414,115435770,876.57715,1004.0244
MOVE,0,1.0,0.023529414,115435775,876.709,1004.8594
UP,0,1.0,0.023529414,115435783,876.709,1004.8594
DOWN,0,1.0,0.027450982,115435934,810.0,1142.3496
MOVE,0,1.0,0.023529414,115435958,788.03876,1130.6198
MOVE,0,1.0,0.027450982,115435971,781.7871,1128.4336
MOVE,0,1.0,0.023529414,115435975,781.25977,1128.4336
UP,0,1.0,0.023529414,115435984,781.25977,1128.4336
DOWN,0,1.0,0.023529414,115439857,649.4238,1260.9141
MOVE,0,1.0,0.027450982,115439872,648.8965,1252.8191
MOVE,0,1.0,0.023529414,115439886,649.9876,1238.8588
MOVE,0,1.0,0.023529414,115439905,654.17065,1213.3174
MOVE,0,1.0,0.027450982,115439923,680.91705,1103.1576
MOVE,0,1.0,0.027450982,115439940,716.21716,994.8064
MOVE,0,1.0,0.027450982,115439957,744.7412,907.3137
MOVE,0,1.0,0.027450982,115439974,765.5897,832.6515
MOVE,0,1.0,0.027450982,115439990,778.3014,768.05334
MOVE,0,1.0,0.027450982,115440007,783.6091,706.24396
MOVE,0,1.0,0.027450982,115440024,788.8799,647.2345
MOVE,0,1.0,0.027450982,115440041,791.79083,591.5648
MOVE,0,1.0,0.027450982,115440057,794.6991,543.07587
MOVE,0,1.0,0.027450982,115440074,793.6576,499.09015
MOVE,0,1.0,0.027450982,115440091,792.07556,462.31287
MOVE,0,1.0,0.027450982,115440108,790.5067,427.7956
MOVE,0,1.0,0.027450982,115440124,790.75195,393.8405
MOVE,0,1.0,0.027450982,115440141,792.06555,363.32568
MOVE,0,1.0,0.027450982,115440157,793.6318,337.89062
MOVE,0,1.0,0.027450982,115440173,795.3171,316.91748
MOVE,0,1.0,0.027450982,115440188,796.39844,301.6864
MOVE,0,1.0,0.027450982,115440204,796.55273,292.35938
MOVE,0,1.0,0.027450982,115440221,797.6074,285.40137
MOVE,0,1.0,0.027450982,115440237,799.4531,280.66992
MOVE,0,1.0,0.027450982,115440250,801.2988,277.88672
UP,0,1.0,0.027450982,115440259,801.2988,277.88672
MOVE,0,1.0,0.023529414,115441062,726.94336,767.73047
UP,0,1.0,0.023529414,115441071,726.94336,767.73047
DOWN,0,1.0,0.027450982,115441254,690.8203,654.1758
MOVE,0,1.0,0.027450982,115441278,680.6577,647.71735
MOVE,0,1.0,0.027450982,115441287,678.16406,649.166
UP,0,1.0,0.027450982,115441296,678.16406,649.166
DOWN,0,1.0,0.03529412,115443705,855.61523,698.1504
MOVE,0,1.0,0.027450982,115443720,840.56177,686.73615
MOVE,0,1.0,0.027450982,115443734,828.0059,676.7636
MOVE,0,1.0,0.027450982,115443751,820.5469,671.43164
MOVE,0,1.0,0.027450982,115443763,826.34766,674.7715
UP,0,1.0,0.027450982,115443771,826.34766,674.7715
DOWN,0,1.0,0.027450982,115443956,260.77148,777.75
MOVE,0,1.0,0.027450982,115443971,254.63387,773.5919
MOVE,0,1.0,0.03137255,115443985,251.01562,770.5137
MOVE,0,1.0,0.027450982,115443997,252.07031,769.4004
UP,0,1.0,0.027450982,115444006,252.07031,769.4004
MOVE,0,1.0,0.027450982,115445526,575.2228,1331.9923
MOVE,0,1.0,0.027450982,115445545,583.1947,1246.2577
MOVE,0,1.0,0.023529414,115445562,594.5326,1184.3982
MOVE,0,1.0,0.027450982,115445578,604.8158,1128.1442
MOVE,0,1.0,0.027450982,115445595,616.4095,1078.0131
MOVE,0,1.0,0.027450982,115445612,629.58514,1035.1128
MOVE,0,1.0,0.027450982,115445629,641.4557,996.13684
MOVE,0,1.0,0.027450982,115445645,654.3729,960.5062
MOVE,0,1.0,0.027450982,115445662,666.5045,929.3176
MOVE,0,1.0,0.027450982,115445679,674.118,898.81396
MOVE,0,1.0,0.03137255,115445695,681.7598,875.8065
MOVE,0,1.0,0.027450982,115445709,687.7571,860.9269
MOVE,0,1.0,0.03137255,115445725,692.842,852.55164
MOVE,0,1.0,0.03137255,115445741,695.1709,847.05176
MOVE,0,1.0,0.03137255,115445758,695.69824,842.042
MOVE,0,1.0,0.03137255,115445775,696.2256,838.1455
MOVE,0,1.0,0.03137255,115445792,695.9619,835.6406
MOVE,0,1.0,0.027450982,115445796,695.5664,835.084
UP,0,1.0,0.027450982,115445813,695.5664,835.084
DOWN,0,1.0,0.019607844,115447411,742.5,764.94727
MOVE,0,1.0,0.03137255,115447434,722.807,745.2366
MOVE,0,1.0,0.03137255,115447448,716.66016,738.78516
MOVE,0,1.0,0.027450982,115447453,715.86914,737.6719
UP,0,1.0,0.027450982,115447461,715.86914,737.6719
DOWN,0,1.0,0.03137255,115447628,803.4082,632.4668
MOVE,0,1.0,0.027450982,115447652,797.026,630.72314
MOVE,0,1.0,0.027450982,115447661,796.28906,633.5801
UP,0,1.0,0.027450982,115447670,796.28906,633.5801
DOWN,0,1.0,0.027450982,115447829,797.34375,723.75586
MOVE,0,1.0,0.03137255,115447853,787.4798,715.2184
MOVE,0,1.0,0.03137255,115447866,785.21484,714.01465
MOVE,0,1.0,0.03137255,115447870,785.21484,714.29297
UP,0,1.0,0.03137255,115447879,785.21484,714.29297
MOVE,0,1.0,0.027450982,115448072,618.8379,694.81055
UP,0,1.0,0.027450982,115448080,618.8379,694.81055
DOWN,0,1.0,0.027450982,115448239,660.49805,705.3867
MOVE,0,1.0,0.027450982,115448254,655.1165,698.7404
MOVE,0,1.0,0.03137255,115448268,651.9287,693.9756
MOVE,0,1.0,0.023529414,115448281,653.11523,692.584
UP,0,1.0,0.023529414,115448289,653.11523,692.584
MOVE,0,1.0,0.027450982,115449753,730.63477,681.4512
UP,0,1.0,0.027450982,115449769,730.63477,681.4512
DOWN,0,1.0,0.027450982,115449929,637.82227,655.28906
MOVE,0,1.0,0.03137255,115449944,630.73474,651.2047
MOVE,0,1.0,0.027450982,115449958,623.7158,648.8877
MOVE,0,1.0,0.027450982,115449970,618.31055,648.6094
UP,0,1.0,0.027450982,115449979,618.31055,648.6094
DOWN,0,1.0,0.027450982,115451510,707.16797,1113.4043
MOVE,0,1.0,0.027450982,115451533,706.9043,1099.8905
MOVE,0,1.0,0.027450982,115451547,707.0452,1085.226
MOVE,0,1.0,0.027450982,115451566,709.68225,1035.4753
MOVE,0,1.0,0.027450982,115451585,718.991,945.1096
MOVE,0,1.0,0.027450982,115451601,729.52997,881.5746
MOVE,0,1.0,0.027450982,115451618,739.0169,829.76245
MOVE,0,1.0,0.03137255,115451635,746.93494,784.1068
MOVE,0,1.0,0.03137255,115451651,756.4219,736.79236
MOVE,0,1.0,0.03137255,115451668,768.005,685.04706
MOVE,0,1.0,0.03137255,115451685,785.66833,638.2614
MOVE,0,1.0,0.03529412,115451702,798.3431,603.67737
MOVE,0,1.0,0.03529412,115451718,807.627,578.6812
MOVE,0,1.0,0.03529412,115451733,813.5164,558.29626
MOVE,0,1.0,0.03529412,115451749,817.3518,542.5475
MOVE,0,1.0,0.03529412,115451765,822.1289,531.4365
MOVE,0,1.0,0.03529412,115451781,826.2158,522.8086
MOVE,0,1.0,0.03529412,115451798,827.666,517.2422
MOVE,0,1.0,0.03529412,115451815,829.1162,513.3457
MOVE,0,1.0,0.03529412,115451827,830.03906,512.78906
MOVE,0,1.0,0.03137255,115451844,832.6758,513.90234
UP,0,1.0,0.03137255,115451853,832.6758,513.90234
DOWN,0,1.0,0.03137255,115452070,719.56055,767.73047
MOVE,0,1.0,0.03529412,115452085,717.62585,766.6909
MOVE,0,1.0,0.03529412,115452099,715.47363,765.2256
MOVE,0,1.0,0.03137255,115452116,714.41895,764.3906
MOVE,0,1.0,0.03137255,115452120,714.81445,764.3906
UP,0,1.0,0.03137255,115452128,714.81445,764.3906
MOVE,0,1.0,0.03137255,115456584,182.13196,551.11304
MOVE,0,1.0,0.027450982,115456601,177.62383,533.6616
MOVE,0,1.0,0.03137255,115456617,174.58218,516.2429
MOVE,0,1.0,0.027450982,115456634,172.11887,496.64117
MOVE,0,1.0,0.027450982,115456651,170.95476,477.4489
MOVE,0,1.0,0.027450982,115456668,170.15907,457.0586
MOVE,0,1.0,0.027450982,115456685,169.62004,435.24603
MOVE,0,1.0,0.027450982,115456702,170.23285,415.84937
MOVE,0,1.0,0.027450982,115456718,171.12305,397.0025
MOVE,0,1.0,0.023529414,115456735,171.38672,380.0573
MOVE,0,1.0,0.027450982,115456750,172.0459,365.55762
MOVE,0,1.0,0.027450982,115456767,171.51855,353.86816
MOVE,0,1.0,0.027450982,115456784,170.85938,344.6836
MOVE,0,1.0,0.027450982,115456801,169.54102,338.56055
MOVE,0,1.0,0.027450982,115456818,167.03613,335.49902
MOVE,0,1.0,0.03529412,115456834,160.83984,330.21094
MOVE,0,1.0,0.027450982,115456839,158.20312,327.98438
UP,0,1.0,0.027450982,115456847,158.20312,327.98438
DOWN,0,1.0,0.027450982,115457851,65.12695,94.75195
MOVE,0,1.0,0.027450982,115457873,65.8481,94.75195
MOVE,0,1.0,0.027450982,115457876,65.91797,94.75195
MOVE,0,1.0,0.027450982,115457901,66.97266,94.75195
MOVE,0,1.0,0.03137255,115457917,67.5,94.75195
MOVE,0,1.0,0.03137255,115457943,68.291016,94.19531
MOVE,0,1.0,0.03137255,115457991,69.0471,94.19531
MOVE,0,1.0,0.03137255,115457993,69.08203,94.19531
MOVE,0,1.0,0.03137255,115458026,69.609375,94.19531
MOVE,0,1.0,0.03137255,115458068,70.40039,93.63867
MOVE,0,1.0,0.03137255,115458110,71.19141,94.19531
MOVE,0,1.0,0.03137255,115458160,71.98242,94.19531
MOVE,0,1.0,0.03137255,115458227,72.77344,94.19531
MOVE,0,1.0,0.03137255,115458294,73.56445,94.19531
MOVE,0,1.0,0.03137255,115458378,73.828125,94.19531
MOVE,0,1.0,0.03137255,115458419,74.0918,94.19531
MOVE,0,1.0,0.03137255,115458470,74.88281,94.75195
MOVE,0,1.0,0.03529412,115458512,75.67383,94.75195
MOVE,0,1.0,0.03137255,115458587,76.46484,94.75195
MOVE,0,1.0,0.03137255,115458621,76.728516,94.19531
MOVE,0,1.0,0.03137255,115458662,77.25586,93.63867
MOVE,0,1.0,0.03137255,115458712,77.51953,93.63867
MOVE,0,1.0,0.03529412,115458746,78.046875,93.08203
MOVE,0,1.0,0.03529412,115458771,78.31055,93.63867
MOVE,0,1.0,0.03137255,115458788,78.83789,93.63867
MOVE,0,1.0,0.03529412,115458812,82.37373,95.16107
MOVE,0,1.0,0.03529412,115458825,87.53906,96.700195
MOVE,0,1.0,0.03529412,115458842,92.15332,98.37012
MOVE,0,1.0,0.03529412,115458859,97.29492,99.4834
MOVE,0,1.0,0.03137255,115458876,104.018555,101.98828
MOVE,0,1.0,0.03137255,115458880,106.52344,103.10156
UP,0,1.0,0.03137255,115458888,106.52344,103.10156
DOWN,0,1.0,0.039215688,115459298,116.2793,78.609375
MOVE,0,1.0,0.039215688,115459307,116.015625,78.609375
MOVE,0,1.0,0.039215688,115459356,115.48828,78.609375
MOVE,0,1.0,0.039215688,115459396,116.20943,79.648895
MOVE,0,1.0,0.039215688,115459407,116.2793,80.2793
MOVE,0,1.0,0.039215688,115459440,117.333984,80.83594
MOVE,0,1.0,0.039215688,115459465,117.86133,81.39258
MOVE,0,1.0,0.039215688,115459499,118.65234,81.94922
MOVE,0,1.0,0.039215688,115459566,119.17969,81.94922
MOVE,0,1.0,0.039215688,115459742,119.9707,81.39258
MOVE,0,1.0,0.039215688,115459842,120.234375,81.39258
MOVE,0,1.0,0.039215688,115460018,120.76172,81.39258
MOVE,0,1.0,0.039215688,115460059,121.28906,81.39258
MOVE,0,1.0,0.039215688,115460100,122.08008,81.39258
MOVE,0,1.0,0.039215688,115460110,122.08008,81.39258
MOVE,0,1.0,0.03137255,115460118,122.60742,82.50586
UP,0,1.0,0.03137255,115460126,122.60742,82.50586
DOWN,0,1.0,0.039215688,115470065,112.58789,245.04492
MOVE,0,1.0,0.039215688,115470087,112.552956,246.01068
MOVE,0,1.0,0.043137256,115470101,112.9834,247.27148
MOVE,0,1.0,0.039215688,115470118,113.90625,249.49805
MOVE,0,1.0,0.043137256,115470135,114.56543,251.16797
MOVE,0,1.0,0.043137256,115470152,115.356445,252.55957
MOVE,0,1.0,0.043137256,115470169,115.88379,253.95117
MOVE,0,1.0,0.043137256,115470181,116.14746,254.50781
MOVE,0,1.0,0.043137256,115470198,116.41113,255.34277
MOVE,0,1.0,0.043137256,115470219,116.93848,256.45605
MOVE,0,1.0,0.043137256,115470231,117.333984,257.29102
MOVE,0,1.0,0.043137256,115470248,117.59766,257.84766
MOVE,0,1.0,0.043137256,115470272,118.61741,258.8872
MOVE,0,1.0,0.04705883,115470286,119.17969,259.51758
MOVE,0,1.0,0.043137256,115470302,119.83887,260.07422
MOVE,0,1.0,0.04705883,115470319,122.08008,262.02246
MOVE,0,1.0,0.04705883,115470332,123.39844,262.85742
MOVE,0,1.0,0.04705883,115470357,123.66211,263.41406
MOVE,0,1.0,0.04705883,115470432,123.66211,262.85742
MOVE,0,1.0,0.04705883,115470457,123.66211,262.30078
MOVE,0,1.0,0.043137256,115470482,123.92578,262.30078
MOVE,0,1.0,0.043137256,115470608,123.66211,261.1875
MOVE,0,1.0,0.043137256,115470666,123.92578,260.63086
MOVE,0,1.0,0.04705883,115470724,124.41819,259.51758
MOVE,0,1.0,0.04705883,115470725,124.453125,259.51758
MOVE,0,1.0,0.043137256,115470767,125.24414,259.51758
MOVE,0,1.0,0.03529412,115470800,126.03516,259.51758
UP,0,1.0,0.03529412,115470809,126.03516,259.51758
DOWN,0,1.0,0.03137255,115497739,863.2617,608.53125
MOVE,0,1.0,0.03529412,115497763,860.5011,604.2994
MOVE,0,1.0,0.03529412,115497776,858.1201,599.9033
MOVE,0,1.0,0.03529412,115497793,854.63074,588.6123
MOVE,0,1.0,0.03529412,115497811,850.64856,566.1957
MOVE,0,1.0,0.039215688,115497827,850.0781,548.2765
MOVE,0,1.0,0.039215688,115497844,851.2693,526.93475
MOVE,0,1.0,0.043137256,115497862,853.8648,501.66107
MOVE,0,1.0,0.039215688,115497880,858.29364,469.01398
MOVE,0,1.0,0.039215688,115497898,866.11993,425.0514
MOVE,0,1.0,0.04705883,115497914,874.829,380.5257
MOVE,0,1.0,0.043137256,115497931,879.8546,345.41278
MOVE,0,1.0,0.04705883,115497948,880.1367,314.89795
MOVE,0,1.0,0.043137256,115497963,878.1172,291.8905
MOVE,0,1.0,0.043137256,115497979,877.3224,273.54486
MOVE,0,1.0,0.050980397,115497995,879.5629,254.86761
MOVE,0,1.0,0.04705883,115498011,883.97015,238.32233
MOVE,0,1.0,0.04705883,115498028,888.39044,223.61151
MOVE,0,1.0,0.043137256,115498044,889.2334,215.26465
MOVE,0,1.0,0.04705883,115498061,889.36523,210.25488
MOVE,0,1.0,0.04705883,115498073,889.6289,208.30664
MOVE,0,1.0,0.050980397,115498097,889.40015,206.71048
MOVE,0,1.0,0.04705883,115498111,890.6836,207.47168
MOVE,0,1.0,0.04705883,115498128,890.6836,207.47168
MOVE,0,1.0,0.043137256,115498144,896.08887,204.9668
MOVE,0,1.0,0.054901965,115498157,909.1406,200.51367
UP,0,1.0,0.054901965,115498165,909.1406,200.51367
MOVE,0,1.0,0.043137256,115508438,681.06445,464.2104
MOVE,0,1.0,0.043137256,115508457,683.68005,385.6468
MOVE,0,1.0,0.039215688,115508473,687.1131,334.3468
MOVE,0,1.0,0.039215688,115508490,687.912,289.23663
MOVE,0,1.0,0.039215688,115508506,689.2277,241.95557
MOVE,0,1.0,0.043137256,115508523,691.8592,186.33047
MOVE,0,1.0,0.039215688,115508540,693.19073,137.29044
MOVE,0,1.0,0.039215688,115508557,690.30615,99.92871
MOVE,0,1.0,0.043137256,115508573,687.9317,73.08423
MOVE,0,1.0,0.043137256,115508589,687.01117,51.717834
MOVE,0,1.0,0.039215688,115508604,688.93243,32.160187
MOVE,0,1.0,0.043137256,115508621,697.0154,11.189484
MOVE,0,1.0,0.043137256,115508638,704.1122,-9.216858
MOVE,0,1.0,0.043137256,115508653,707.3397,-22.367401
MOVE,0,1.0,0.039215688,115508670,708.3545,-30.213867
MOVE,0,1.0,0.039215688,115508686,708.75,-34.11035
MOVE,0,1.0,0.039215688,115508703,708.88184,-36.615234
MOVE,0,1.0,0.039215688,115508720,709.1455,-38.285156
MOVE,0,1.0,0.039215688,115508736,710.2002,-38.841797
MOVE,0,1.0,0.039215688,115508753,712.17773,-38.841797
MOVE,0,1.0,0.043137256,115508766,715.3418,-38.841797
UP,0,1.0,0.043137256,115508775,715.3418,-38.841797
MOVE,0,1.0,0.039215688,115512054,768.8118,438.58887
MOVE,0,1.0,0.039215688,115512071,782.5122,366.17548
MOVE,0,1.0,0.043137256,115512087,791.7697,306.00262
MOVE,0,1.0,0.043137256,115512104,797.05896,256.96814
MOVE,0,1.0,0.039215688,115512121,796.8164,211.86359
MOVE,0,1.0,0.039215688,115512138,799.43994,169.00226
MOVE,0,1.0,0.043137256,115512154,805.48596,123.93106
MOVE,0,1.0,0.043137256,115512171,813.12976,81.0419
MOVE,0,1.0,0.039215688,115512188,819.71893,47.042297
MOVE,0,1.0,0.043137256,115512204,824.0317,25.039917
MOVE,0,1.0,0.043137256,115512218,827.19336,11.676605
MOVE,0,1.0,0.043137256,115512234,830.8301,-0.9902344
MOVE,0,1.0,0.043137256,115512251,838.47656,-15.18457
MOVE,0,1.0,0.039215688,115512267,849.1553,-27.987305
MOVE,0,1.0,0.04705883,115512280,856.6699,-33.27539
UP,0,1.0,0.04705883,115512288,856.6699,-33.27539
DOWN,0,1.0,0.03529412,115512498,780.9961,297.36914
MOVE,0,1.0,0.03529412,115512521,780.9961,294.25055
MOVE,0,1.0,0.03529412,115512535,781.52344,289.57617
MOVE,0,1.0,0.039215688,115512553,784.4202,274.77667
MOVE,0,1.0,0.039215688,115512572,789.5204,245.05188
MOVE,0,1.0,0.039215688,115512587,792.37317,228.13904
MOVE,0,1.0,0.043137256,115512602,795.0085,213.97845
MOVE,0,1.0,0.043137256,115512619,797.0801,202.1836
MOVE,0,1.0,0.043137256,115512636,798.2666,194.1123
MOVE,0,1.0,0.039215688,115512653,799.84863,188.5459
MOVE,0,1.0,0.039215688,115512665,801.2988,186.59766
MOVE,0,1.0,0.039215688,115512689,802.01996,185.48438
MOVE,0,1.0,0.039215688,115512702,803.14453,183.81445
MOVE,0,1.0,0.039215688,115512719,804.8584,182.14453
MOVE,0,1.0,0.03529412,115512732,806.83594,180.47461
UP,0,1.0,0.03529412,115512740,806.83594,180.47461
DOWN,0,1.0,0.039215688,115525735,757.79297,622.44727
MOVE,0,1.0,0.03529412,115525758,757.5293,615.1706
MOVE,0,1.0,0.039215688,115525772,757.66113,606.583
MOVE,0,1.0,0.039215688,115525790,760.8819,576.5342
MOVE,0,1.0,0.043137256,115525810,775.12146,502.5246
MOVE,0,1.0,0.039215688,115525826,791.7381,442.37402
MOVE,0,1.0,0.043137256,115525843,804.13855,399.9914
MOVE,0,1.0,0.039215688,115525861,813.34155,365.55225
MOVE,0,1.0,0.039215688,115525876,821.50635,341.9527
MOVE,0,1.0,0.039215688,115525891,827.3403,321.20282
MOVE,0,1.0,0.039215688,115525908,834.26733,296.8559
MOVE,0,1.0,0.039215688,115525925,843.7056,268.51776
MOVE,0,1.0,0.043137256,115525942,854.69385,241.15942
MOVE,0,1.0,0.043137256,115525958,861.49854,223.71838
MOVE,0,1.0,0.043137256,115525973,866.5576,214.15137
MOVE,0,1.0,0.043137256,115525990,872.7539,205.80176
MOVE,0,1.0,0.039215688,115525994,875.12695,203.29688
UP,0,1.0,0.039215688,115526002,875.12695,203.29688
DOWN,0,1.0,0.03529412,115526220,837.4219,441.53906
MOVE,0,1.0,0.03529412,115526244,837.65063,437.38098
MOVE,0,1.0,0.03529412,115526258,838.74023,433.46777
MOVE,0,1.0,0.03529412,115526274,841.0845,422.989
MOVE,0,1.0,0.039215688,115526292,843.8874,405.3947
MOVE,0,1.0,0.039215688,115526308,846.51855,394.50293
MOVE,0,1.0,0.039215688,115526324,847.8369,385.59668
MOVE,0,1.0,0.043137256,115526341,848.1006,380.03027
MOVE,0,1.0,0.039215688,115526358,848.2324,376.1338
MOVE,0,1.0,0.043137256,115526375,848.36426,373.90723
MOVE,0,1.0,0.039215688,115526391,848.4961,371.68066
MOVE,0,1.0,0.039215688,115526404,848.2324,371.12402
MOVE,0,1.0,0.039215688,115526421,847.96875,369.73242
MOVE,0,1.0,0.039215688,115526437,849.2871,366.39258
UP,0,1.0,0.039215688,115526446,849.2871,366.39258
MOVE,0,1.0,0.039215688,115529104,724.6191,502.67352
MOVE,0,1.0,0.039215688,115529123,749.23944,422.94727
MOVE,0,1.0,0.04705883,115529140,767.4697,372.19275
MOVE,0,1.0,0.04705883,115529157,778.834,335.39325
MOVE,0,1.0,0.04705883,115529173,786.72504,304.87842
MOVE,0,1.0,0.043137256,115529189,795.2527,282.4276
MOVE,0,1.0,0.043137256,115529204,806.79803,262.68463
MOVE,0,1.0,0.04705883,115529207,808.9453,258.96094
UP,0,1.0,0.04705883,115529215,808.9453,258.96094
DOWN,0,1.0,0.039215688,115529357,801.03516,403.13086
MOVE,0,1.0,0.039215688,115529382,801.2988,403.13086
MOVE,0,1.0,0.043137256,115529406,802.05493,401.05182
MOVE,0,1.0,0.043137256,115529420,803.14453,396.45117
MOVE,0,1.0,0.043137256,115529437,805.38574,385.59668
MOVE,0,1.0,0.039215688,115529454,807.3717,372.17078
MOVE,0,1.0,0.043137256,115529471,809.3174,350.3258
MOVE,0,1.0,0.043137256,115529490,811.66,316.82043
MOVE,0,1.0,0.043137256,115529508,814.4468,284.40094
MOVE,0,1.0,0.043137256,115529523,815.5002,260.44324
MOVE,0,1.0,0.043137256,115529538,816.4943,248.42206
MOVE,0,1.0,0.04705883,115529554,817.3828,238.92188
MOVE,0,1.0,0.04705883,115529571,818.4375,230.85059
MOVE,0,1.0,0.043137256,115529587,818.96484,224.1709
MOVE,0,1.0,0.043137256,115529604,819.75586,219.43945
MOVE,0,1.0,0.04705883,115529621,821.3379,215.26465
MOVE,0,1.0,0.04705883,115529638,822.26074,212.48145
MOVE,0,1.0,0.04705883,115529655,822.7881,209.69824
MOVE,0,1.0,0.04705883,115529671,823.71094,208.58496
MOVE,0,1.0,0.04705883,115529684,824.7656,208.30664
MOVE,0,1.0,0.043137256,115529708,826.964,207.26712
MOVE,0,1.0,0.043137256,115529709,827.1387,207.19336
UP,0,1.0,0.043137256,115529718,827.1387,207.19336
MOVE,0,1.0,0.039215688,115547446,854.23096,402.8581
MOVE,0,1.0,0.039215688,115547462,865.3104,352.1537
MOVE,0,1.0,0.03529412,115547479,874.5548,308.15686
MOVE,0,1.0,0.039215688,115547496,882.47815,270.8285
MOVE,0,1.0,0.039215688,115547513,891.4245,234.63574
MOVE,0,1.0,0.039215688,115547529,899.0541,204.1265
MOVE,0,1.0,0.043137256,115547546,907.6153,175.74841
MOVE,0,1.0,0.039215688,115547561,914.2468,155.51544
MOVE,0,1.0,0.039215688,115547577,920.28406,140.81723
MOVE,0,1.0,0.039215688,115547592,929.75323,127.80557
MOVE,0,1.0,0.03529412,115547610,948.47736,106.31207
MOVE,0,1.0,0.043137256,115547613,953.4375,100.875
UP,0,1.0,0.043137256,115547622,953.4375,100.875
DOWN,0,1.0,0.03529412,115547806,836.3672,341.34375
MOVE,0,1.0,0.03529412,115547830,837.80945,339.82135
MOVE,0,1.0,0.039215688,115547843,839.6631,337.16895
MOVE,0,1.0,0.039215688,115547860,843.9133,329.30945
MOVE,0,1.0,0.039215688,115547877,850.80664,314.4654
MOVE,0,1.0,0.039215688,115547894,856.18695,299.4458
MOVE,0,1.0,0.039215688,115547911,862.5855,279.8178
MOVE,0,1.0,0.039215688,115547928,867.6977,259.35345
MOVE,0,1.0,0.039215688,115547945,872.0133,241.38586
MOVE,0,1.0,0.039215688,115547961,875.44104,226.78119
MOVE,0,1.0,0.039215688,115547977,879.08203,213.59473
MOVE,0,1.0,0.043137256,115547994,884.22363,200.23535
MOVE,0,1.0,0.043137256,115548011,889.2334,187.71094
MOVE,0,1.0,0.043137256,115548027,893.05664,176.57812
MOVE,0,1.0,0.03529412,115548044,895.69336,168.50684
MOVE,0,1.0,0.039215688,115548061,898.19824,164.61035
MOVE,0,1.0,0.039215688,115548078,900.3076,163.77539
MOVE,0,1.0,0.039215688,115548094,903.33984,163.77539
MOVE,0,1.0,0.039215688,115548111,908.6133,162.66211
MOVE,0,1.0,0.04705883,115548128,923.8763,158.525
MOVE,0,1.0,0.043137256,115548132,929.1797,157.0957
UP,0,1.0,0.043137256,115548141,929.1797,157.0957
MOVE,0,1.0,0.043137256,115556633,838.96173,479.07892
MOVE,0,1.0,0.043137256,115556650,848.96545,428.9757
MOVE,0,1.0,0.043137256,115556666,861.097,384.98438
MOVE,0,1.0,0.043137256,115556683,875.8283,345.4295
MOVE,0,1.0,0.039215688,115556700,895.57996,307.02686
MOVE,0,1.0,0.04705883,115556708,913.3594,276.77344
UP,0,1.0,0.04705883,115556717,913.3594,276.77344
DOWN,0,1.0,0.03529412,115556859,827.9297,427.62305
MOVE,0,1.0,0.039215688,115556875,828.19336,427.62305
MOVE,0,1.0,0.039215688,115556899,828.19336,426.02686
MOVE,0,1.0,0.039215688,115556913,828.58887,423.72656
MOVE,0,1.0,0.039215688,115556930,830.8301,415.09863
MOVE,0,1.0,0.039215688,115556947,832.54395,404.80078
MOVE,0,1.0,0.043137256,115556963,834.6638,390.53992
MOVE,0,1.0,0.043137256,115556981,837.4835,371.92993
MOVE,0,1.0,0.043137256,115556998,839.5088,351.0915
MOVE,0,1.0,0.043137256,115557015,841.81726,332.89697
MOVE,0,1.0,0.043137256,115557031,843.2563,316.86383
MOVE,0,1.0,0.043137256,115557047,845.6335,301.10602
MOVE,0,1.0,0.043137256,115557064,849.5508,287.3496
MOVE,0,1.0,0.04705883,115557080,853.90137,273.99023
MOVE,0,1.0,0.04705883,115557097,858.3838,260.90918
MOVE,0,1.0,0.04705883,115557114,861.94336,250.33301
MOVE,0,1.0,0.04705883,115557131,864.84375,242.54004
MOVE,0,1.0,0.04705883,115557147,866.9531,237.25195
MOVE,0,1.0,0.039215688,115557164,873.5449,229.7373
MOVE,0,1.0,0.043137256,115557168,876.4453,227.78906
UP,0,1.0,0.043137256,115557177,876.4453,227.78906
DOWN,1,1.0,0.03137255,115558834,246.79688,926.37305
UP,0,1.0,0.027450982,115558842,425.03906,702.0469
MOVE,1,1.0,0.03529412,115558873,247.51802,927.4126
MOVE,1,1.0,0.03137255,115558875,247.58789,927.4863
UP,1,1.0,0.03137255,115558900,247.58789,927.4863
UP,0,1.0,0.03137255,115559377,275.5371,1376.6953
DOWN,0,1.0,0.03529412,115559386,286.61133,979.81055
MOVE,0,1.0,0.03529412,115559410,285.8203,978.2881
MOVE,0,1.0,0.03529412,115559423,285.16113,975.91406
MOVE,0,1.0,0.03529412,115559440,284.89746,970.34766
MOVE,0,1.0,0.03529412,115559457,285.8203,962.833
MOVE,0,1.0,0.03137255,115559470,286.08398,954.2051
DOWN,1,1.0,0.03137255,115559470,165.32227,1214.7129
UP,0,1.0,0.03137255,115559478,286.08398,954.2051
MOVE,1,1.0,0.03529412,115559486,165.58594,1214.7129
MOVE,1,1.0,0.03529412,115559510,165.35721,1212.6338
MOVE,1,1.0,0.03137255,115559524,164.54741,1201.8512
MOVE,1,1.0,0.03529412,115559544,160.35011,1131.4226
MOVE,1,1.0,0.03529412,115559545,160.04883,1126.207
UP,1,1.0,0.03529412,115559553,160.04883,1126.207
DOWN,0,1.0,0.03137255,115559604,162.68555,556.7637
MOVE,0,1.0,0.03529412,115559627,163.17795,556.20703
MOVE,0,1.0,0.03529412,115559641,164.39941,555.9287
MOVE,0,1.0,0.03529412,115559653,165.84961,555.09375
UP,0,1.0,0.03529412,115559662,165.84961,555.09375
UP,0,1.0,0.03529412,115559837,265.51758,516.1289
MOVE,0,1.0,0.027450982,115560072,270.52734,725.9824
DOWN,1,1.0,0.03137255,115560072,166.9043,1269.2637
UP,0,1.0,0.027450982,115560081,270.52734,725.9824
MOVE,1,1.0,0.03529412,115560096,169.10266,1269.7466
MOVE,1,1.0,0.03529412,115560109,170.99121,1270.377
MOVE,1,1.0,0.03529412,115560126,173.4961,1270.9336
MOVE,1,1.0,0.039215688,115560139,176.13281,1270.9336
UP,1,1.0,0.039215688,115560147,176.13281,1270.9336
MOVE,0,1.0,0.03529412,115560430,148.408,1233.6472
MOVE,0,1.0,0.03529412,115560449,123.134766,1166.2852
DOWN,1,1.0,0.03529412,115560449,172.70508,806.1387
UP,0,1.0,0.03529412,115560457,123.134766,1166.2852
MOVE,1,1.0,0.039215688,115560481,172.17773,805.65576
MOVE,1,1.0,0.039215688,115560495,171.65039,804.46875
MOVE,1,1.0,0.03529412,115560511,171.51855,801.1289
MOVE,1,1.0,0.03529412,115560528,172.30957,796.11914
MOVE,1,1.0,0.039215688,115560532,172.70508,794.4492
UP,1,1.0,0.039215688,115560540,172.70508,794.4492
DOWN,0,1.0,0.03529412,115560549,111.5332,1058.8535
MOVE,0,1.0,0.03529412,115560557,111.5332,1058.8535
MOVE,0,1.0,0.03529412,115560581,112.28928,1057.814
MOVE,0,1.0,0.03529412,115560595,112.32422,1056.0703
MOVE,0,1.0,0.03137255,115560612,109.524605,1043.6743
MOVE,0,1.0,0.027450982,115560624,105.20508,1026.0117
UP,0,1.0,0.027450982,115560632,105.20508,1026.0117
DOWN,0,1.0,0.03137255,115560666,76.46484,602.4082
MOVE,0,1.0,0.03137255,115560674,76.20117,602.4082
MOVE,0,1.0,0.03137255,115560698,74.95268,600.812
MOVE,0,1.0,0.03137255,115560712,74.487305,599.625
MOVE,0,1.0,0.03137255,115560729,75.2292,591.24994
MOVE,0,1.0,0.027450982,115560733,75.9375,586.2656
UP,0,1.0,0.027450982,115560741,75.9375,586.2656
DOWN,0,1.0,0.03137255,115560758,70.927734,877.9453
MOVE,0,1.0,0.03137255,115560775,71.19141,877.9453
MOVE,0,1.0,0.027450982,115560799,71.98242,875.8662
MOVE,0,1.0,0.027450982,115560813,71.16431,869.0742
MOVE,0,1.0,0.027450982,115560817,70.66406,864.58594
UP,0,1.0,0.027450982,115560825,70.66406,864.58594
DOWN,0,1.0,0.03137255,115560875,73.30078,483.2871
MOVE,0,1.0,0.03137255,115560899,74.2856,485.84906
MOVE,0,1.0,0.03529412,115560913,75.41016,488.5752
MOVE,0,1.0,0.03529412,115560929,78.44238,495.25488
MOVE,0,1.0,0.03529412,115560946,86.2207,506.66602
MOVE,0,1.0,0.03529412,115560963,96.50391,513.90234
MOVE,0,1.0,0.03137255,115560967,99.93164,515.0156
UP,0,1.0,0.03137255,115560976,99.93164,515.0156
DOWN,1,1.0,0.027450982,115560976,83.05664,933.6094
MOVE,1,1.0,0.03137255,115560999,88.01565,934.5752
MOVE,1,1.0,0.03137255,115561013,92.680664,937.22754
MOVE,1,1.0,0.03137255,115561030,99.140625,940.5674
MOVE,1,1.0,0.03137255,115561043,104.15039,941.959
UP,1,1.0,0.03137255,115561051,104.15039,941.959
DOWN,0,1.0,0.039215688,115561134,181.14258,699.2637
MOVE,0,1.0,0.039215688,115561167,179.63042,704.0522
MOVE,0,1.0,0.039215688,115561180,179.29688,707.05664
MOVE,0,1.0,0.039215688,115561197,179.0332,716.51953
MOVE,0,1.0,0.03529412,115561210,179.56055,721.5293
UP,0,1.0,0.03529412,115561218,179.56055,721.5293
DOWN,0,1.0,0.03137255,115561226,163.74023,1218.6094
MOVE,0,1.0,0.027450982,115561249,163.67036,1218.5356
MOVE,0,1.0,0.03137255,115561264,164.79492,1218.331
MOVE,0,1.0,0.03137255,115561277,166.11328,1217.4961
MOVE,0,1.0,0.03529412,115561293,168.75,1213.5996
UP,0,1.0,0.03529412,115561302,168.75,1213.5996
DOWN,0,1.0,0.039215688,115561394,237.56836,868.4824
MOVE,0,1.0,0.03529412,115561417,238.02583,868.96533
MOVE,0,1.0,0.039215688,115561431,238.49121,869.5957
MOVE,0,1.0,0.039215688,115561444,239.15039,869.874
MOVE,0,1.0,0.03529412,115561461,240.46875,869.5957
UP,0,1.0,0.03529412,115561469,240.46875,869.5957
UP,0,1.0,0.03137255,115563536,471.18164,366.94922
MOVE,0,1.0,0.023529414,115564482,418.1836,577.3594
MOVE,1,1.0,0.03137255,115564482,493.0664,286.23633
UP,0,1.0,0.023529414,115564490,418.1836,577.3594
MOVE,1,1.0,0.03137255,115564497,491.09677,284.71393
MOVE,1,1.0,0.03137255,115564511,490.16602,281.50488
MOVE,1,1.0,0.03529412,115564527,490.69336,276.49512
MOVE,1,1.0,0.039215688,115564544,491.87988,274.8252
MOVE,1,1.0,0.039215688,115564561,493.59375,275.38184
MOVE,1,1.0,0.039215688,115564577,495.5713,277.33008
MOVE,1,1.0,0.039215688,115564594,497.54883,280.94824
MOVE,1,1.0,0.03529412,115564607,499.6582,284.5664
DOWN,0,1.0,0.03529412,115564607,399.99023,652.50586
MOVE,0,1.0,0.03529412,115564631,399.49783,658.66925
MOVE,1,1.0,0.03529412,115564631,503.7372,293.513
MOVE,0,1.0,0.03529412,115564645,398.52673,669.9116
MOVE,1,1.0,0.03137255,115564645,504.5317,302.22235
MOVE,0,1.0,0.03529412,115564663,396.1976,718.3136
MOVE,1,1.0,0.03137255,115564663,499.71942,345.25885
MOVE,0,1.0,0.03137255,115564682,397.59344,830.71436
MOVE,1,1.0,0.027450982,115564682,490.71973,447.2057
MOVE,0,1.0,0.03137255,115564699,406.53192,909.33984
MOVE,1,1.0,0.027450982,115564699,491.4633,534.08057
MOVE,0,1.0,0.027450982,115564716,416.02676,955.1124
MOVE,1,1.0,0.023529414,115564716,500.66016,595.4725
MOVE,0,1.0,0.027450982,115564732,422.98187,980.0309
MOVE,1,1.0,0.023529414,115564732,509.62415,623.6915
MOVE,0,1.0,0.027450982,115564747,426.34192,992.7551
MOVE,1,1.0,0.027450982,115564747,514.491,633.5473
MOVE,0,1.0,0.027450982,115564762,428.4668,998.1797
MOVE,1,1.0,0.027450982,115564762,516.9287,637.7549
MOVE,0,1.0,0.027450982,115564779,428.99414,999.8496
MOVE,1,1.0,0.027450982,115564779,518.11523,639.4248
MOVE,0,1.0,0.027450982,115564795,428.99414,999.8496
MOVE,1,1.0,0.027450982,115564795,518.6426,638.86816
MOVE,0,1.0,0.027450982,115564812,428.4668,998.7363
MOVE,1,1.0,0.027450982,115564812,518.3789,637.47656
MOVE,0,1.0,0.027450982,115564829,427.4121,997.0664
MOVE,1,1.0,0.027450982,115564829,517.1924,636.08496
MOVE,0,1.0,0.023529414,115564842,426.6211,995.3965
MOVE,1,1.0,0.027450982,115564842,514.9512,634.1367
UP,0,1.0,0.023529414,115564850,426.6211,995.3965
MOVE,1,1.0,0.027450982,115564858,507.3047,631.3535
UP,1,1.0,0.027450982,115564866,507.3047,631.3535
DOWN,0,1.0,0.03137255,115565017,531.2988,497.75977
MOVE,0,1.0,0.03529412,115565049,528.01086,496.16357
MOVE,0,1.0,0.03137255,115565063,525.89355,495.25488
MOVE,0,1.0,0.03137255,115565079,521.9385,491.63672
MOVE,0,1.0,0.027450982,115565084,519.69727,489.41016
UP,0,1.0,0.027450982,115565092,519.69727,489.41016
DOWN,0,1.0,0.039215688,115565217,502.5586,505.55273
MOVE,0,1.0,0.03529412,115565226,502.29492,505.55273
MOVE,0,1.0,0.039215688,115565250,500.78278,504.9961
MOVE,0,1.0,0.039215688,115565263,499.79004,504.43945
MOVE,0,1.0,0.03529412,115565277,499.13086,503.8828
MOVE,0,1.0,0.039215688,115565300,498.3748,502.84326
MOVE,0,1.0,0.03529412,115565314,498.8672,501.93457
MOVE,0,1.0,0.03529412,115565326,500.44922,500.54297
UP,0,1.0,0.03529412,115565335,500.44922,500.54297
UP,0,1.0,0.03137255,115566305,359.9121,1191.8906
DOWN,0,1.0,0.03137255,115566381,392.60742,874.60547
MOVE,0,1.0,0.03137255,115566404,391.58768,874.12256
MOVE,0,1.0,0.03529412,115566418,390.3662,872.93555
MOVE,0,1.0,0.03529412,115566435,388.91602,870.709
MOVE,0,1.0,0.03529412,115566452,387.46582,868.76074
MOVE,0,1.0,0.03137255,115566468,386.6748,866.8125
MOVE,0,1.0,0.019607844,115566481,386.80664,862.3594
DOWN,1,1.0,0.027450982,115566481,309.55078,1310.4551
UP,0,1.0,0.019607844,115566490,386.80664,862.3594
MOVE,1,1.0,0.03137255,115566505,312.04776,1311.4946
MOVE,1,1.0,0.03137255,115566518,314.0332,1312.96
MOVE,1,1.0,0.027450982,115566531,316.14258,1314.9082
UP,1,1.0,0.027450982,115566540,316.14258,1314.9082
DOWN,0,1.0,0.03529412,115566606,341.71875,926.9297
MOVE,0,1.0,0.03137255,115566672,340.66406,924.8506
MOVE,0,1.0,0.027450982,115566673,340.66406,924.7031
UP,0,1.0,0.027450982,115566683,340.66406,924.7031
DOWN,1,1.0,0.03137255,115566683,306.12305,1300.4355
MOVE,1,1.0,0.03137255,115566690,305.85938,1299.8789
MOVE,1,1.0,0.03137255,115566722,308.09268,1299.8789
MOVE,1,1.0,0.03137255,115566736,309.55078,1299.8789
MOVE,1,1.0,0.03137255,115566749,310.3418,1298.7656
UP,1,1.0,0.03137255,115566757,310.3418,1298.7656
MOVE,0,1.0,0.03137255,115567694,269.20898,1414.5469
UP,0,1.0,0.03137255,115567703,269.20898,1414.5469
DOWN,0,1.0,0.03529412,115567761,269.73633,1085.5723
MOVE,0,1.0,0.03529412,115567770,270.0,1085.5723
MOVE,0,1.0,0.039215688,115567793,271.28342,1087.1685
MOVE,0,1.0,0.039215688,115567807,272.37305,1088.0771
MOVE,0,1.0,0.039215688,115567824,273.03223,1089.1904
MOVE,0,1.0,0.039215688,115567837,272.9004,1089.4688
MOVE,0,1.0,0.03137255,115567854,272.10938,1088.9121
DOWN,1,1.0,0.027450982,115567854,269.73633,1500.8262
UP,0,1.0,0.03137255,115567862,272.10938,1088.9121
MOVE,1,1.0,0.03137255,115567876,269.77127,1499.7866
MOVE,1,1.0,0.03529412,115567891,269.47266,1498.3213
MOVE,1,1.0,0.03529412,115567907,269.34082,1494.7031
MOVE,1,1.0,0.03529412,115567924,269.86816,1489.1367
MOVE,1,1.0,0.03529412,115567941,271.31836,1481.3438
MOVE,1,1.0,0.03529412,115567958,271.97754,1470.4893
MOVE,1,1.0,0.027450982,115567975,272.86545,1449.586
MOVE,1,1.0,0.03137255,115567979,273.16406,1443.4922
UP,1,1.0,0.03137255,115567987,273.16406,1443.4922
DOWN,0,1.0,0.039215688,115567996,268.9453,961.4414
MOVE,0,1.0,0.039215688,115568038,268.9453,960.88477
MOVE,0,1.0,0.03529412,115568061,269.7014,959.8452
MOVE,0,1.0,0.03137255,115568075,270.65918,958.9365
MOVE,0,1.0,0.027450982,115568079,271.0547,958.6582
UP,0,1.0,0.027450982,115568087,271.0547,958.6582
UP,0,1.0,0.027450982,115571377,391.55273,947.5254
DOWN,1,1.0,0.03137255,115571377,326.42578,1275.3867
MOVE,1,1.0,0.03137255,115571401,326.95312,1275.3867
MOVE,1,1.0,0.03137255,115571425,328.2016,1276.5
MOVE,1,1.0,0.03529412,115571434,328.79883,1276.7783
MOVE,1,1.0,0.03137255,115571443,329.32617,1277.0566
MOVE,1,1.0,0.03137255,115571475,327.6202,1278.1699
MOVE,1,1.0,0.03137255,115571489,324.7119,1279.0049
MOVE,1,1.0,0.03137255,115571506,319.1748,1279.0049
MOVE,1,1.0,0.019607844,115571519,312.45117,1277.6133
DOWN,0,1.0,0.03529412,115571519,308.4961,813.93164
UP,1,1.0,0.019607844,115571527,312.45117,1277.6133
MOVE,0,1.0,0.039215688,115571542,308.23242,814.9712
MOVE,0,1.0,0.039215688,115571543,308.23242,815.0449
MOVE,0,1.0,0.03529412,115571593,308.46115,812.9658
MOVE,0,1.0,0.03137255,115571602,309.2871,811.7051
UP,0,1.0,0.03137255,115571610,309.2871,811.7051
DOWN,0,1.0,0.03137255,115571652,287.66602,1096.7051
MOVE,0,1.0,0.03137255,115571726,287.66602,1094.0693
MOVE,0,1.0,0.027450982,115571736,287.9297,1086.1289
UP,0,1.0,0.027450982,115571744,287.9297,1086.1289
DOWN,0,1.0,0.03529412,115571820,316.66992,739.89844
MOVE,0,1.0,0.03529412,115571859,315.91385,740.4551
MOVE,0,1.0,0.03137255,115571870,316.66992,741.0117
DOWN,1,1.0,0.03137255,115571878,268.1543,1024.8984
MOVE,0,1.0,0.019607844,115571895,317.19727,741.0117
MOVE,1,1.0,0.03529412,115571895,269.47266,1024.3418
UP,0,1.0,0.019607844,115571903,317.19727,741.0117
MOVE,1,1.0,0.03137255,115571910,272.19836,1024.3418
MOVE,1,1.0,0.03529412,115571924,275.00977,1024.3418
MOVE,1,1.0,0.03137255,115571937,277.64648,1023.78516
UP,1,1.0,0.03137255,115571945,277.64648,1023.78516
MOVE,0,1.0,0.03529412,115575740,337.8955,1096.9834
MOVE,0,1.0,0.03137255,115575756,334.46777,1096.7051
MOVE,0,1.0,0.03137255,115575769,332.7539,1096.7051
DOWN,1,1.0,0.027450982,115575777,287.40234,1475.7773
MOVE,0,1.0,0.027450982,115575793,331.80402,1097.2617
MOVE,1,1.0,0.027450982,115575793,288.12347,1476.2603
MOVE,0,1.0,0.027450982,115575794,331.69922,1097.2617
MOVE,1,1.0,0.027450982,115575794,288.19336,1476.334
UP,0,1.0,0.027450982,115575803,331.69922,1097.2617
MOVE,1,1.0,0.027450982,115575809,290.163,1476.8169
MOVE,1,1.0,0.03137255,115575823,292.14844,1477.169
MOVE,1,1.0,0.03137255,115575840,295.3125,1477.4473
MOVE,1,1.0,0.03137255,115575856,298.6084,1477.4473
MOVE,1,1.0,0.03137255,115575869,301.64062,1478.0039
UP,1,1.0,0.03137255,115575878,301.64062,1478.0039
MOVE,1,1.0,0.03137255,115576865,223.85742,905.77734
UP,1,1.0,0.03137255,115576874,223.85742,905.77734
DOWN,0,1.0,0.03137255,115576982,269.73633,393.66797
MOVE,0,1.0,0.03529412,115576997,270.45746,394.15088
MOVE,0,1.0,0.03137255,115577011,271.4502,395.05957
MOVE,0,1.0,0.03529412,115577028,273.82324,397.0078
MOVE,0,1.0,0.03137255,115577045,285.16113,402.57422
MOVE,0,1.0,0.03137255,115577049,288.98438,403.6875
UP,0,1.0,0.03137255,115577057,288.98438,403.6875
DOWN,0,1.0,0.027450982,115577124,274.48242,695.3672
MOVE,0,1.0,0.03137255,115577141,274.48242,695.3672
MOVE,0,1.0,0.03137255,115577165,273.26886,695.3672
MOVE,0,1.0,0.03137255,115577179,271.97754,695.3672
MOVE,0,1.0,0.03137255,115577195,270.92285,695.08887
MOVE,0,1.0,0.027450982,115577208,270.0,693.69727
UP,0,1.0,0.027450982,115577217,270.0,693.69727
MOVE,0,1.0,0.027450982,115577513,239.15039,720.1377
MOVE,0,1.0,0.027450982,115577526,234.93164,720.97266
UP,0,1.0,0.027450982,115577535,234.93164,720.97266
MOVE,0,1.0,0.027450982,115581325,311.39648,388.6582
DOWN,1,1.0,0.03137255,115581325,158.99414,558.99023
MOVE,0,1.0,0.027450982,115581349,318.7984,391.92432
MOVE,1,1.0,0.03137255,115581349,155.77603,560.99554
MOVE,0,1.0,0.023529414,115581363,321.15234,393.38965
MOVE,1,1.0,0.03137255,115581363,152.92969,563.44336
MOVE,0,1.0,0.023529414,115581375,321.6797,394.78125
MOVE,1,1.0,0.03137255,115581375,150.82031,565.6699
UP,0,1.0,0.023529414,115581384,321.6797,394.78125
MOVE,1,1.0,0.027450982,115581384,144.75586,569.00977
UP,1,1.0,0.027450982,115581391,144.75586,569.00977
DOWN,0,1.0,0.027450982,115581467,224.64844,1015.9922
MOVE,0,1.0,0.027450982,115581482,223.20615,1017.03174
MOVE,0,1.0,0.027450982,115581496,221.08887,1019.0537
MOVE,0,1.0,0.027450982,115581513,216.87012,1021.8369
MOVE,0,1.0,0.027450982,115581530,206.58691,1026.29
MOVE,0,1.0,0.027450982,115581534,204.3457,1027.125
UP,0,1.0,0.027450982,115581542,204.3457,1027.125
DOWN,0,1.0,0.023529414,115581634,414.22852,523.9219
MOVE,0,1.0,0.03137255,115581650,414.75586,527.04047
MOVE,0,1.0,0.03137255,115581660,415.2832,528.93164
DOWN,1,1.0,0.03137255,115581660,282.91992,811.14844
MOVE,0,1.0,0.03137255,115581684,415.05447,533.1635
MOVE,1,1.0,0.027450982,115581684,281.4427,811.63135
MOVE,0,1.0,0.03137255,115581698,414.62402,539.2295
MOVE,1,1.0,0.03137255,115581698,280.2832,811.9834
MOVE,0,1.0,0.03137255,115581714,415.2832,542.56934
MOVE,1,1.0,0.027450982,115581714,280.2832,812.54004
MOVE,0,1.0,0.027450982,115581718,415.81055,542.84766
MOVE,1,1.0,0.027450982,115581718,280.54688,812.81836
UP,0,1.0,0.027450982,115581727,415.81055,542.84766
UP,1,1.0,0.027450982,115581727,280.54688,812.81836
MOVE,0,1.0,0.027450982,115583542,186.15234,596.28516
MOVE,1,1.0,0.03137255,115583542,332.22656,354.70312
UP,1,1.0,0.03137255,115583551,332.22656,354.70312
MOVE,0,1.0,0.027450982,115583575,186.67969,595.7285
UP,0,1.0,0.027450982,115583584,186.67969,595.7285
UP,0,1.0,0.019607844,115584421,383.64258,798.3457
MOVE,1,1.0,0.027450982,115584428,218.65715,944.18555
MOVE,1,1.0,0.027450982,115584437,223.59375,943.6289
UP,1,1.0,0.027450982,115584446,223.59375,943.6289
UP,0,1.0,0.027450982,115584989,266.83594,792.7793
MOVE,0,1.0,0.03137255,115585145,180.32927,1079.2748
MOVE,0,1.0,0.03137255,115585156,174.55078,1071.0996
UP,0,1.0,0.03137255,115585165,174.55078,1071.0996
DOWN,0,1.0,0.027450982,115585182,324.05273,417.04688
MOVE,0,1.0,0.03137255,115585197,324.96768,416.49023
MOVE,0,1.0,0.03137255,115585211,327.74414,417.60352
MOVE,0,1.0,0.03137255,115585228,331.9629,420.1084
MOVE,0,1.0,0.03137255,115585244,341.71875,428.458
MOVE,0,1.0,0.03137255,115585261,347.12402,435.97266
MOVE,0,1.0,0.03137255,115585275,348.04688,438.75586
DOWN,1,1.0,0.027450982,115585275,172.4414,653.0625
MOVE,0,1.0,0.027450982,115585291,346.20117,440.42578
MOVE,1,1.0,0.027450982,115585291,173.23242,653.0625
DOWN,2,1.0,0.027450982,115585291,80.947266,969.2344
MOVE,0,1.0,0.027450982,115585308,341.71875,440.98242
MOVE,1,1.0,0.027450982,115585308,173.23242,653.0625
MOVE,2,1.0,0.023529414,115585308,79.89258,969.791
UP,0,1.0,0.027450982,115585316,341.71875,440.98242
MOVE,1,1.0,0.023529414,115585324,172.96875,651.3926
MOVE,2,1.0,0.015686275,115585324,77.7832,969.2344
UP,1,1.0,0.023529414,115585333,172.96875,651.3926
UP,2,1.0,0.015686275,115585333,77.7832,969.2344
UP,0,1.0,0.027450982,115586386,234.66797,774.41016
DOWN,0,1.0,0.03137255,115586462,198.28125,906.334
MOVE,0,1.0,0.027450982,115586486,192.56616,907.37354
MOVE,0,1.0,0.03137255,115586499,187.20703,909.1172
MOVE,0,1.0,0.03137255,115586516,176.84364,912.2742
MOVE,0,1.0,0.03137255,115586534,163.78284,915.5758
MOVE,0,1.0,0.027450982,115586537,162.42188,915.7969
UP,0,1.0,0.027450982,115586545,162.42188,915.7969
DOWN,0,1.0,0.03529412,115586646,248.11523,411.48047
MOVE,0,1.0,0.03137255,115586670,245.1608,412.52002
MOVE,0,1.0,0.03529412,115586683,242.57812,412.87207
MOVE,0,1.0,0.03137255,115586705,239.9414,413.70703
DOWN,1,1.0,0.023529414,115586705,127.88086,722.08594
MOVE,0,1.0,0.027450982,115586713,239.67773,413.70703
MOVE,1,1.0,0.023529414,115586713,128.4082,722.08594
UP,0,1.0,0.027450982,115586722,239.67773,413.70703
MOVE,1,1.0,0.027450982,115586737,136.81406,721.603
MOVE,1,1.0,0.023529414,115586738,137.37305,721.5293
UP,1,1.0,0.023529414,115586746,137.37305,721.5293
MOVE,0,1.0,0.023529414,115592893,303.50412,1063.944
MOVE,0,1.0,0.027450982,115592905,258.13477,1116.1875
UP,0,1.0,0.027450982,115592913,258.13477,1116.1875
DOWN,0,1.0,0.023529414,115592921,135.52734,965.3379
MOVE,0,1.0,0.023529414,115592944,136.51216,965.3379
MOVE,0,1.0,0.023529414,115592959,137.76855,965.0596
MOVE,0,1.0,0.023529414,115592976,139.21875,964.5029
MOVE,0,1.0,0.023529414,115592989,140.27344,964.2246
MOVE,0,1.0,0.023529414,115593013,141.7856,963.66797
MOVE,0,1.0,0.023529414,115593026,144.22852,960.88477
MOVE,0,1.0,0.023529414,115593030,145.81055,958.6582
UP,0,1.0,0.023529414,115593039,145.81055,958.6582
MOVE,0,1.0,0.027450982,115593764,233.29271,596.34125
MOVE,0,1.0,0.027450982,115593776,235.45898,598.5117
DOWN,1,1.0,0.019607844,115593776,388.65234,939.1758
MOVE,0,1.0,0.023529414,115593792,233.87695,593.50195
MOVE,1,1.0,0.019607844,115593792,388.65234,939.1758
UP,0,1.0,0.023529414,115593801,233.87695,593.50195
MOVE,1,1.0,0.019607844,115593815,386.98132,938.20996
MOVE,1,1.0,0.023529414,115593817,386.80664,938.0625
UP,1,1.0,0.023529414,115593825,386.80664,938.0625
MOVE,0,1.0,0.023529414,115596373,225.83496,743.5166
MOVE,0,1.0,0.023529414,115596386,219.63867,741.56836
UP,0,1.0,0.023529414,115596395,219.63867,741.56836
DOWN,1,1.0,0.023529414,115596395,372.04102,892.9746
MOVE,1,1.0,0.023529414,115596410,374.23938,892.0088
MOVE,1,1.0,0.023529414,115596423,376.25977,890.4697
MOVE,1,1.0,0.023529414,115596440,378.89648,888.7998
MOVE,1,1.0,0.019607844,115596445,379.6875,887.96484
UP,1,1.0,0.019607844,115596453,379.6875,887.96484
DOWN,0,1.0,0.03137255,115596553,147.1289,467.70117
MOVE,0,1.0,0.03137255,115596577,147.85005,467.14453
MOVE,0,1.0,0.03137255,115596591,148.71094,466.30957
MOVE,0,1.0,0.03137255,115596608,149.50195,465.4746
MOVE,0,1.0,0.03137255,115596620,150.29297,465.4746
MOVE,0,1.0,0.027450982,115596637,151.08398,465.4746
UP,0,1.0,0.027450982,115596645,151.08398,465.4746
MOVE,0,1.0,0.03137255,115596761,290.10788,775.2328
MOVE,0,1.0,0.03137255,115596775,288.45703,780.8115
MOVE,0,1.0,0.027450982,115596792,288.3252,778.30664
MOVE,0,1.0,0.019607844,115596804,285.29297,773.8535
UP,0,1.0,0.019607844,115596813,285.29297,773.8535
DOWN,0,1.0,0.03137255,115596938,176.66016,570.6797
MOVE,0,1.0,0.027450982,115596946,176.66016,570.12305
MOVE,0,1.0,0.03137255,115596981,176.13281,569.5664
DOWN,1,1.0,0.019607844,115596981,343.30078,866.8125
MOVE,0,1.0,0.03137255,115596996,175.44661,569.0835
MOVE,1,1.0,0.019607844,115596996,342.80838,867.85205
MOVE,0,1.0,0.027450982,115597010,174.55078,568.73145
MOVE,1,1.0,0.019607844,115597010,342.37793,869.874
MOVE,0,1.0,0.023529414,115597014,173.75977,568.4531
MOVE,1,1.0,0.019607844,115597014,342.2461,870.709
UP,0,1.0,0.023529414,115597023,173.75977,568.4531
MOVE,1,1.0,0.015686275,115597029,341.03253,872.3052
MOVE,1,1.0,0.019607844,115597030,340.92773,872.3789
UP,1,1.0,0.019607844,115597039,340.92773,872.3789
DOWN,0,1.0,0.023529414,115597089,350.15625,920.25
MOVE,0,1.0,0.023529414,115597113,351.40472,924.4081
MOVE,0,1.0,0.023529414,115597122,351.73828,926.9297
UP,0,1.0,0.023529414,115597130,351.73828,926.9297
DOWN,0,1.0,0.03137255,115597173,235.98633,630.24023
MOVE,0,1.0,0.03137255,115597196,236.25,628.1612
MOVE,0,1.0,0.03137255,115597210,235.98633,626.9004
MOVE,0,1.0,0.03137255,115597227,235.59082,625.5088
MOVE,0,1.0,0.03137255,115597239,234.93164,624.1172
MOVE,0,1.0,0.03137255,115597263,234.66797,623.07764
MOVE,0,1.0,0.027450982,115597277,234.66797,622.16895
MOVE,0,1.0,0.023529414,115597281,234.66797,621.8906
UP,0,1.0,0.023529414,115597289,234.66797,621.8906
MOVE,0,1.0,0.027450982,115608158,722.2078,883.1555
MOVE,0,1.0,0.027450982,115608175,720.3542,848.61035
MOVE,0,1.0,0.023529414,115608191,720.87415,818.6577
MOVE,0,1.0,0.027450982,115608208,722.65717,788.4105
MOVE,0,1.0,0.027450982,115608224,725.0359,761.49414
MOVE,0,1.0,0.027450982,115608241,726.2771,735.5648
MOVE,0,1.0,0.027450982,115608257,729.7669,712.45026
MOVE,0,1.0,0.027450982,115608273,733.047,692.8926
MOVE,0,1.0,0.027450982,115608289,738.2348,672.93744
MOVE,0,1.0,0.027450982,115608306,743.1113,652.5243
MOVE,0,1.0,0.027450982,115608322,747.78265,634.3041
MOVE,0,1.0,0.027450982,115608339,751.17096,619.7916
MOVE,0,1.0,0.027450982,115608355,752.25586,611.8711
MOVE,0,1.0,0.027450982,115608372,752.25586,607.9746
MOVE,0,1.0,0.027450982,115608388,751.2012,605.4697
MOVE,0,1.0,0.027450982,115608405,750.9375,604.9131
MOVE,0,1.0,0.03137255,115608418,751.46484,604.9131
MOVE,0,1.0,0.027450982,115608439,753.1787,603.5215
MOVE,0,1.0,0.027450982,115608455,754.6289,601.2949
MOVE,0,1.0,0.03137255,115608459,754.8926,600.7383
UP,0,1.0,0.03137255,115608468,754.8926,600.7383
DOWN,0,1.0,0.019607844,115612543,680.27344,1509.1758
MOVE,0,1.0,0.019607844,115612551,679.21875,1507.5059
DOWN,1,1.0,0.019607844,115612551,691.34766,1086.1289
MOVE,0,1.0,0.019607844,115612575,671.4642,1494.9578
MOVE,1,1.0,0.019607844,115612575,691.34766,1076.2166
MOVE,0,1.0,0.019607844,115612589,666.69434,1483.5703
MOVE,1,1.0,0.019607844,115612589,691.084,1065.8115
MOVE,0,1.0,0.015686275,115612607,656.2305,1448.8416
MOVE,1,1.0,0.019607844,115612607,690.4222,1007.2377
MOVE,0,1.0,0.015686275,115612626,640.78064,1373.1384
MOVE,1,1.0,0.019607844,115612626,697.10364,925.0593
MOVE,0,1.0,0.019607844,115612643,633.37415,1298.5875
MOVE,1,1.0,0.019607844,115612643,704.4917,853.2583
MOVE,0,1.0,0.019607844,115612660,628.87585,1218.4313
MOVE,1,1.0,0.023529414,115612660,715.02277,777.01526
MOVE,0,1.0,0.019607844,115612677,626.756,1146.5968
MOVE,1,1.0,0.023529414,115612677,730.0283,701.3065
MOVE,0,1.0,0.019607844,115612693,627.0091,1078.6643
MOVE,1,1.0,0.023529414,115612693,745.85657,631.6986
MOVE,0,1.0,0.019607844,115612710,627.2754,1015.7473
MOVE,1,1.0,0.019607844,115612710,761.93787,565.9928
MOVE,0,1.0,0.019607844,115612727,627.8001,955.6134
MOVE,1,1.0,0.023529414,115612727,775.6541,501.96796
MOVE,0,1.0,0.019607844,115612744,631.7341,896.05286
MOVE,1,1.0,0.023529414,115612744,794.8705,439.062
MOVE,0,1.0,0.023529414,115612760,636.2191,834.8391
MOVE,1,1.0,0.023529414,115612760,820.4203,380.05255
MOVE,0,1.0,0.027450982,115612777,640.16895,775.824
MOVE,1,1.0,0.023529414,115612777,841.80676,323.26965
MOVE,0,1.0,0.027450982,115612794,641.24475,722.89307
MOVE,1,1.0,0.027450982,115612794,857.1261,276.445
MOVE,0,1.0,0.027450982,115612810,642.041,676.65295
MOVE,1,1.0,0.027450982,115612810,868.2135,236.32794
MOVE,0,1.0,0.023529414,115612827,640.4616,639.8812
MOVE,1,1.0,0.027450982,115612827,877.7189,204.00381
MOVE,0,1.0,0.027450982,115612843,639.4279,611.91235
MOVE,1,1.0,0.027450982,115612843,886.03595,171.12772
MOVE,0,1.0,0.027450982,115612859,638.0075,589.43176
MOVE,1,1.0,0.027450982,115612859,892.62573,150.60342
MOVE,0,1.0,0.027450982,115612875,636.8396,566.8886
MOVE,1,1.0,0.023529414,115612875,902.4989,127.19397
MOVE,0,1.0,0.027450982,115612891,636.32715,546.7626
MOVE,1,1.0,0.03137255,115612891,916.1554,97.19888
MOVE,0,1.0,0.027450982,115612894,636.5039,543.4043
MOVE,1,1.0,0.03137255,115612894,919.16016,90.85547
UP,1,1.0,0.03137255,115612903,919.16016,90.85547
MOVE,0,1.0,0.03529412,115612903,640.459,529.4883
UP,0,1.0,0.03529412,115612910,640.459,529.4883
DOWN,2,1.0,0.027450982,115614434,244.16016,1398.4043
MOVE,0,1.0,0.03137255,115614449,445.7261,870.2595
MOVE,1,1.0,0.027450982,115614449,305.7005,1059.9598
MOVE,2,1.0,0.027450982,115614449,244.16016,1398.4043
MOVE,0,1.0,0.027450982,115614464,441.12305,860.1328
MOVE,1,1.0,0.027450982,115614464,304.93652,1041.3193
MOVE,2,1.0,0.027450982,115614464,242.57812,1395.3428
MOVE,0,1.0,0.03137255,115614480,434.79492,845.66016
MOVE,1,1.0,0.023529414,115614480,302.95898,1016.82715
MOVE,2,1.0,0.027450982,115614480,240.33691,1390.333
MOVE,0,1.0,0.027450982,115614497,428.09378,827.50134
MOVE,1,1.0,0.023529414,115614497,297.66248,985.5386
MOVE,2,1.0,0.027450982,115614497,236.01793,1367.8738
MOVE,0,1.0,0.027450982,115614501,426.6211,822.8379
MOVE,1,1.0,0.023529414,115614501,295.57617,976.4707
MOVE,2,1.0,0.027450982,115614501,234.66797,1357.7695
UP,1,1.0,0.023529414,115614509,295.57617,976.4707
MOVE,0,1.0,0.03137255,115614517,417.43475,778.0061
MOVE,2,1.0,0.027450982,115614517,228.121,1238.8878
MOVE,0,1.0,0.027450982,115614517,417.39258,777.75
MOVE,2,1.0,0.027450982,115614517,228.07617,1238.0918
UP,2,1.0,0.027450982,115614525,228.07617,1238.0918
MOVE,0,1.0,0.03137255,115614533,408.73358,715.70685
MOVE,0,1.0,0.03137255,115614550,406.85098,655.02747
MOVE,0,1.0,0.03137255,115614559,407.37305,625.7871
DOWN,1,1.0,0.023529414,115614559,268.1543,746.0215
MOVE,0,1.0,0.03529412,115614585,413.70117,574.01953
MOVE,1,1.0,0.023529414,115614585,269.47266,742.125
DOWN,2,1.0,0.027450982,115614585,214.89258,1048.2773
MOVE,0,1.0,0.03529412,115614601,415.96158,555.5478
MOVE,1,1.0,0.023529414,115614601,270.70654,737.4125
MOVE,2,1.0,0.027450982,115614601,215.62727,1048.2773
MOVE,0,1.0,0.03137255,115614602,416.07422,554.5371
MOVE,1,1.0,0.023529414,115614602,270.79102,737.11523
MOVE,2,1.0,0.03137255,115614602,215.6836,1048.2773
UP,1,1.0,0.023529414,115614609,270.79102,737.11523
MOVE,0,1.0,0.03529412,115614609,422.66602,538.9512
MOVE,2,1.0,0.03137255,115614609,216.47461,1048.2773
UP,0,1.0,0.03529412,115614617,422.66602,538.9512
MOVE,2,1.0,0.027450982,115614633,220.22006,1045.7155
MOVE,2,1.0,0.03137255,115614634,220.42969,1045.4941
UP,2,1.0,0.03137255,115614642,220.42969,1045.4941
DOWN,0,1.0,0.03137255,115614760,307.17773,852.8965
DOWN,1,1.0,0.03137255,115614768,463.27148,655.8457
MOVE,0,1.0,0.03137255,115614777,306.38672,852.33984
MOVE,1,1.0,0.03137255,115614777,463.27148,655.8457
MOVE,0,1.0,0.023529414,115614802,307.4414,850.1133
MOVE,1,1.0,0.03137255,115614802,463.27148,655.8457
DOWN,2,1.0,0.027450982,115614802,226.23047,1181.3145
UP,0,1.0,0.023529414,115614810,307.4414,850.1133
UP,1,1.0,0.03137255,115614810,463.27148,655.8457
MOVE,2,1.0,0.027450982,115614817,228.8863,1182.354
MOVE,2,1.0,0.03137255,115614830,232.9541,1184.376
MOVE,2,1.0,0.027450982,115614847,240.20508,1188.5508
MOVE,2,1.0,0.027450982,115614851,242.31445,1189.6641
UP,2,1.0,0.027450982,115614860,242.31445,1189.6641
DOWN,0,1.0,0.03529412,115614961,485.94727,769.4004
DOWN,1,1.0,0.03137255,115614961,305.5957,979.81055
MOVE,0,1.0,0.03529412,115614985,485.03232,769.4004
MOVE,1,1.0,0.03137255,115614985,304.57596,979.2539
MOVE,0,1.0,0.027450982,115614994,484.36523,768.84375
MOVE,1,1.0,0.03137255,115614994,304.54102,979.2539
DOWN,2,1.0,0.027450982,115614994,226.49414,1359.4395
UP,0,1.0,0.027450982,115615003,484.36523,768.84375
UP,1,1.0,0.03137255,115615003,304.54102,979.2539
MOVE,2,1.0,0.03137255,115615018,228.95618,1358.8828
MOVE,2,1.0,0.03137255,115615031,232.03125,1359.1611
MOVE,2,1.0,0.027450982,115615044,235.72266,1359.9961
UP,2,1.0,0.027450982,115615052,235.72266,1359.9961
UP,0,1.0,0.027450982,115616610,426.09375,695.3672
UP,1,1.0,0.023529414,115616610,245.47852,843.4336
UP,0,1.0,0.039215688,115616876,437.6953,596.28516
MOVE,1,1.0,0.03529412,115616892,169.69987,1222.5059
MOVE,1,1.0,0.03137255,115616906,171.78223,1222.7842
MOVE,1,1.0,0.03137255,115616910,172.70508,1223.0625
UP,1,1.0,0.03137255,115616918,172.70508,1223.0625
MOVE,0,1.0,0.023529414,115617225,343.81265,1503.4779
MOVE,1,1.0,0.027450982,115617225,458.68054,1124.504
MOVE,0,1.0,0.027450982,115617243,345.0352,1477.3663
MOVE,1,1.0,0.027450982,115617243,460.93948,1105.3821
MOVE,0,1.0,0.027450982,115617260,344.66312,1449.7091
MOVE,1,1.0,0.027450982,115617260,465.20486,1066.7412
MOVE,0,1.0,0.027450982,115617277,344.3831,1419.9586
MOVE,1,1.0,0.027450982,115617277,471.66898,1009.385
MOVE,0,1.0,0.027450982,115617294,344.35547,1387.2122
MOVE,1,1.0,0.027450982,115617294,476.83746,961.1315
MOVE,0,1.0,0.027450982,115617312,344.61386,1350.1603
MOVE,1,1.0,0.027450982,115617312,482.75156,920.98474
MOVE,0,1.0,0.027450982,115617328,345.92313,1315.1812
MOVE,1,1.0,0.027450982,115617328,487.75467,891.021
MOVE,0,1.0,0.027450982,115617344,349.1631,1290.9796
MOVE,1,1.0,0.027450982,115617344,495.03516,864.1963
MOVE,0,1.0,0.027450982,115617359,351.14914,1274.6234
MOVE,1,1.0,0.027450982,115617359,502.57513,844.4706
MOVE,0,1.0,0.027450982,115617375,353.7473,1262.7426
MOVE,1,1.0,0.027450982,115617375,508.56052,828.77466
MOVE,0,1.0,0.027450982,115617391,355.69336,1253.3994
MOVE,1,1.0,0.027450982,115617391,512.70996,817.8281
MOVE,0,1.0,0.027450982,115617408,358.0664,1245.8848
MOVE,1,1.0,0.027450982,115617408,514.9512,811.42676
MOVE,0,1.0,0.027450982,115617425,359.64844,1239.7617
MOVE,1,1.0,0.027450982,115617425,516.00586,807.5303
MOVE,0,1.0,0.027450982,115617442,361.23047,1235.3086
MOVE,1,1.0,0.027450982,115617442,516.9287,804.46875
MOVE,0,1.0,0.027450982,115617458,362.94434,1232.2471
MOVE,1,1.0,0.027450982,115617458,516.9287,802.7988
MOVE,0,1.0,0.023529414,115617462,363.60352,1231.4121
MOVE,1,1.0,0.027450982,115617462,516.7969,802.2422
UP,1,1.0,0.027450982,115617471,516.7969,802.2422
MOVE,0,1.0,0.023529414,115617478,368.12418,1224.692
MOVE,0,1.0,0.027450982,115617487,374.1504,1216.9395
UP,0,1.0,0.027450982,115617495,374.1504,1216.9395
DOWN,0,1.0,0.03137255,115617646,390.49805,1073.3262
MOVE,0,1.0,0.03137255,115617661,388.29968,1073.8091
MOVE,0,1.0,0.03137255,115617675,384.56543,1074.7178
MOVE,0,1.0,0.03137255,115617692,377.97363,1074.7178
MOVE,0,1.0,0.023529414,115617705,363.60352,1071.0996
UP,0,1.0,0.023529414,115617713,363.60352,1071.0996
DOWN,0,1.0,0.027450982,115617721,211.72852,1420.1133
MOVE,0,1.0,0.03137255,115617738,211.20117,1420.1133
MOVE,0,1.0,0.027450982,115617763,210.9375,1419.5566
UP,0,1.0,0.027450982,115617780,210.9375,1419.5566
DOWN,0,1.0,0.027450982,115618340,65.12695,1239.2051
MOVE,0,1.0,0.027450982,115618364,64.634544,1237.6826
MOVE,0,1.0,0.023529414,115618378,64.46777,1235.5869
MOVE,0,1.0,0.023529414,115618382,64.33594,1234.752
UP,0,1.0,0.023529414,115618391,64.33594,1234.752
DOWN,0,1.0,0.039215688,115618407,101.51367,883.5117
MOVE,0,1.0,0.03529412,115618431,100.98633,883.9946
MOVE,0,1.0,0.039215688,115618432,100.98633,884.06836
MOVE,0,1.0,0.03529412,115618457,101.25,884.625
MOVE,0,1.0,0.03137255,115618474,101.77734,884.06836
UP,0,1.0,0.03137255,115618483,101.77734,884.06836
MOVE,0,1.0,0.023529414,115620507,513.13184,1380.2913
MOVE,0,1.0,0.027450982,115620524,513.89124,1326.3193
MOVE,0,1.0,0.027450982,115620541,516.5148,1270.6609
MOVE,0,1.0,0.027450982,115620557,520.9813,1207.2372
MOVE,0,1.0,0.027450982,115620574,527.3068,1139.9004
MOVE,0,1.0,0.027450982,115620591,532.85187,1072.5469
MOVE,0,1.0,0.027450982,115620608,538.6553,1002.9835
MOVE,0,1.0,0.027450982,115620624,543.93134,937.2776
MOVE,0,1.0,0.027450982,115620641,552.3372,877.12146
MOVE,0,1.0,0.03137255,115620658,562.8841,818.6742
MOVE,0,1.0,0.027450982,115620675,583.12354,754.1428
MOVE,0,1.0,0.03137255,115620684,599.8535,706.5
UP,0,1.0,0.03137255,115620691,599.8535,706.5
DOWN,0,1.0,0.023529414,115620934,576.6504,1240.3184
MOVE,0,1.0,0.023529414,115620958,573.6959,1236.7169
MOVE,0,1.0,0.027450982,115620972,570.32227,1231.9688
MOVE,0,1.0,0.027450982,115620990,562.5624,1214.8938
MOVE,0,1.0,0.027450982,115621009,550.22015,1180.7991
MOVE,0,1.0,0.027450982,115621027,542.9004,1155.1523
DOWN,1,1.0,0.023529414,115621027,679.21875,754.92773
MOVE,0,1.0,0.023529414,115621042,538.662,1136.7001
MOVE,1,1.0,0.023529414,115621042,679.21875,753.94324
MOVE,0,1.0,0.023529414,115621056,536.6642,1123.3368
MOVE,1,1.0,0.023529414,115621056,679.0736,753.20166
MOVE,0,1.0,0.023529414,115621073,535.1221,1110.6211
MOVE,1,1.0,0.023529414,115621073,678.5596,751.3096
MOVE,0,1.0,0.023529414,115621090,534.5947,1101.1582
MOVE,1,1.0,0.027450982,115621090,678.0322,749.3613
MOVE,0,1.0,0.023529414,115621106,534.1992,1095.0352
MOVE,1,1.0,0.027450982,115621106,677.76855,747.13477
MOVE,0,1.0,0.023529414,115621123,533.8037,1091.9736
MOVE,1,1.0,0.027450982,115621123,677.1094,744.9082
MOVE,0,1.0,0.023529414,115621139,533.27637,1090.0254
MOVE,1,1.0,0.027450982,115621139,676.4502,743.2383
MOVE,0,1.0,0.023529414,115621156,532.88086,1089.4688
MOVE,1,1.0,0.027450982,115621156,675.6592,741.8467
MOVE,0,1.0,0.023529414,115621173,533.14453,1089.4688
MOVE,1,1.0,0.023529414,115621173,674.6045,740.7334
MOVE,0,1.0,0.023529414,115621177,533.14453,1089.4688
MOVE,1,1.0,0.023529414,115621177,674.47266,740.4551
UP,0,1.0,0.023529414,115621185,533.14453,1089.4688
UP,1,1.0,0.023529414,115621185,674.47266,740.4551
MOVE,0,1.0,0.027450982,115621475,372.67258,564.69727
MOVE,1,1.0,0.023529414,115621475,216.44562,757.94336
MOVE,0,1.0,0.027450982,115621479,369.93164,562.3301
MOVE,1,1.0,0.023529414,115621479,215.94727,757.1543
UP,1,1.0,0.023529414,115621487,215.94727,757.1543
MOVE,0,1.0,0.027450982,115621487,364.92188,557.3203
DOWN,2,1.0,0.027450982,115621487,101.51367,1054.957
MOVE,0,1.0,0.027450982,115621511,354.49564,545.0339
MOVE,2,1.0,0.023529414,115621511,102.26975,1057.0361
MOVE,0,1.0,0.023529414,115621512,354.11133,544.5176
MOVE,2,1.0,0.023529414,115621512,102.30469,1057.1836
UP,0,1.0,0.023529414,115621520,354.11133,544.5176
UP,2,1.0,0.023529414,115621520,102.30469,1057.1836
DOWN,0,1.0,0.027450982,115621570,340.4004,591.83203
MOVE,0,1.0,0.027450982,115621587,341.1914,594.0586
DOWN,1,1.0,0.03137255,115621587,201.70898,832.3008
MOVE,0,1.0,0.027450982,115621611,343.4247,598.8471
MOVE,1,1.0,0.03137255,115621611,202.20139,833.82324
MOVE,0,1.0,0.03137255,115621625,346.86035,604.0781
MOVE,1,1.0,0.03137255,115621625,202.76367,835.3623
MOVE,0,1.0,0.027450982,115621641,354.24316,612.42773
MOVE,1,1.0,0.03137255,115621641,204.21387,837.0322
MOVE,0,1.0,0.023529414,115621646,355.69336,613.541
MOVE,1,1.0,0.03137255,115621646,204.60938,837.31055
UP,0,1.0,0.023529414,115621654,355.69336,613.541
MOVE,1,1.0,0.023529414,115621662,208.30078,837.8672
DOWN,0,1.0,0.023529414,115621662,153.19336,1208.0332
UP,1,1.0,0.023529414,115621671,208.30078,837.8672
MOVE,0,1.0,0.027450982,115621677,155.12805,1208.5161
MOVE,0,1.0,0.027450982,115621691,157.93945,1210.2598
MOVE,0,1.0,0.027450982,115621704,161.63086,1213.043
UP,0,1.0,0.027450982,115621712,161.63086,1213.043
DOWN,0,1.0,0.03137255,115621821,247.32422,1024.3418
MOVE,0,1.0,0.027450982,115621846,247.58789,1024.3418
DOWN,1,1.0,0.027450982,115621846,166.9043,1366.1191
MOVE,0,1.0,0.027450982,115621862,248.30904,1023.78516
MOVE,1,1.0,0.027450982,115621862,166.9043,1366.1191
MOVE,0,1.0,0.023529414,115621871,249.16992,1023.2285
MOVE,1,1.0,0.027450982,115621871,167.16797,1367.2324
UP,0,1.0,0.023529414,115621880,249.16992,1023.2285
MOVE,1,1.0,0.027450982,115621895,171.33597,1367.7153
MOVE,1,1.0,0.027450982,115621896,171.65039,1367.7891
UP,1,1.0,0.027450982,115621904,171.65039,1367.7891
MOVE,0,1.0,0.027450982,115622583,200.6543,743.7949
DOWN,1,1.0,0.023529414,115622583,57.74414,1088.9121
MOVE,0,1.0,0.027450982,115622598,195.21472,730.9187
MOVE,1,1.0,0.023529414,115622598,57.48047,1088.9121
MOVE,0,1.0,0.023529414,115622607,189.3164,713.1797
MOVE,1,1.0,0.023529414,115622607,57.48047,1088.9121
UP,0,1.0,0.023529414,115622616,189.3164,713.1797
MOVE,1,1.0,0.023529414,115622632,56.689453,1088.9121
UP,1,1.0,0.023529414,115622658,56.689453,1088.9121
DOWN,0,1.0,0.039215688,115622758,257.34375,457.68164
MOVE,0,1.0,0.03529412,115622775,258.13477,457.125
DOWN,1,1.0,0.03137255,115622775,94.6582,684.791
MOVE,0,1.0,0.03529412,115622799,258.6621,456.56836
MOVE,1,1.0,0.03137255,115622799,94.88694,685.83057
MOVE,0,1.0,0.03529412,115622808,258.6621,456.56836
MOVE,1,1.0,0.03137255,115622808,95.44922,686.46094
UP,0,1.0,0.03529412,115622818,258.6621,456.56836
MOVE,1,1.0,0.03137255,115622832,98.13999,689.0966
MOVE,1,1.0,0.027450982,115622842,100.19531,690.91406
UP,1,1.0,0.027450982,115622850,100.19531,690.91406
DOWN,0,1.0,0.027450982,115622926,140.27344,1032.6914
MOVE,0,1.0,0.03137255,115622949,138.04013,1031.7256
MOVE,0,1.0,0.03137255,115622963,135.65918,1030.4648
MOVE,0,1.0,0.027450982,115622985,123.66211,1022.11523
DOWN,1,1.0,0.03529412,115622985,278.17383,449.88867
MOVE,0,1.0,0.027450982,115622993,118.125,1017.6621
MOVE,1,1.0,0.03137255,115622993,277.64648,449.88867
DOWN,2,1.0,0.023529414,115622993,131.83594,693.69727
UP,0,1.0,0.027450982,115623001,118.125,1017.6621
MOVE,1,1.0,0.027450982,115623017,277.34787,451.9677
MOVE,2,1.0,0.019607844,115623017,132.36328,695.7026
MOVE,1,1.0,0.027450982,115623018,277.3828,452.11523
MOVE,2,1.0,0.027450982,115623018,132.36328,695.9238
UP,1,1.0,0.027450982,115623026,277.3828,452.11523
UP,2,1.0,0.027450982,115623026,132.36328,695.9238
DOWN,0,1.0,0.027450982,115623168,213.57422,1262.0273
MOVE,0,1.0,0.03137255,115623184,211.86826,1260.5049
MOVE,0,1.0,0.03137255,115623197,209.0918,1259.5225
MOVE,0,1.0,0.03137255,115623214,206.1914,1257.8525
MOVE,0,1.0,0.03137255,115623231,204.47754,1257.0176
MOVE,0,1.0,0.027450982,115623235,204.3457,1257.0176
UP,0,1.0,0.027450982,115623243,204.3457,1257.0176
DOWN,0,1.0,0.023529414,115623603,53.789062,1368.3457
MOVE,0,1.0,0.023529414,115623628,55.371094,1367.7891
UP,0,1.0,0.023529414,115623636,55.371094,1367.7891
DOWN,0,1.0,0.027450982,115625996,285.0293,1180.2012
MOVE,0,1.0,0.027450982,115626006,283.9746,1179.6445
DOWN,1,1.0,0.019607844,115626006,389.1797,857.3496
DOWN,2,1.0,0.043137256,115626006,598.0078,650.83594
UP,0,1.0,0.027450982,115626014,283.9746,1179.6445
UP,1,1.0,0.019607844,115626014,389.1797,857.3496
MOVE,2,1.0,0.03529412,115626028,594.4911,649.72266
MOVE,2,1.0,0.03137255,115626042,591.8115,650.83594
MOVE,2,1.0,0.03137255,115626059,587.5928,656.40234
MOVE,2,1.0,0.03137255,115626076,578.77814,675.9437
MOVE,2,1.0,0.03137255,115626095,566.2811,704.4552
MOVE,2,1.0,0.03529412,115626110,560.5154,718.9146
MOVE,2,1.0,0.03529412,115626126,556.34766,726.53906
MOVE,2,1.0,0.039215688,115626142,553.3154,730.71387
MOVE,2,1.0,0.039215688,115626159,550.41504,730.43555
MOVE,2,1.0,0.03529412,115626173,547.91016,728.209
DOWN,0,1.0,0.03137255,115626173,306.12305,895.2012
DOWN,1,1.0,0.027450982,115626173,186.41602,1272.6035
MOVE,0,1.0,0.03137255,115626189,306.12305,895.2012
MOVE,1,1.0,0.027450982,115626189,186.41602,1272.6035
MOVE,2,1.0,0.03529412,115626189,544.7461,726.53906
UP,0,1.0,0.03137255,115626197,306.12305,895.2012
MOVE,1,1.0,0.03137255,115626197,187.73438,1273.1602
MOVE,2,1.0,0.03137255,115626197,543.42773,726.53906
UP,2,1.0,0.03137255,115626206,543.42773,726.53906
MOVE,1,1.0,0.027450982,115626212,189.96768,1274.1997
MOVE,1,1.0,0.03137255,115626226,192.34863,1274.8301
MOVE,1,1.0,0.027450982,115626230,193.27148,1274.8301
UP,1,1.0,0.027450982,115626239,193.27148,1274.8301
MOVE,0,1.0,0.023529414,115639229,621.4746,1092.8086
MOVE,1,1.0,0.023529414,115639229,841.5088,933.8877
MOVE,0,1.0,0.027450982,115639247,624.6334,1060.369
MOVE,1,1.0,0.023529414,115639247,849.3761,895.73975
MOVE,0,1.0,0.023529414,115639266,632.2482,1003.4232
MOVE,1,1.0,0.023529414,115639266,859.0034,853.609
MOVE,0,1.0,0.027450982,115639283,640.9415,958.86975
MOVE,1,1.0,0.023529414,115639283,865.0784,821.33496
MOVE,0,1.0,0.027450982,115639300,647.2293,926.87256
MOVE,1,1.0,0.023529414,115639300,872.3861,792.1255
MOVE,0,1.0,0.023529414,115639316,654.6577,898.86804
MOVE,1,1.0,0.023529414,115639316,878.43933,769.4607
MOVE,0,1.0,0.027450982,115639333,660.00507,872.8873
MOVE,1,1.0,0.023529414,115639333,885.3986,743.79504
MOVE,0,1.0,0.023529414,115639348,664.27814,853.3158
MOVE,1,1.0,0.023529414,115639348,890.3336,721.5243
MOVE,0,1.0,0.027450982,115639365,668.57214,829.0043
MOVE,1,1.0,0.027450982,115639365,895.4542,698.0467
MOVE,0,1.0,0.027450982,115639382,672.854,807.83105
MOVE,1,1.0,0.019607844,115639382,901.39484,673.68066
MOVE,0,1.0,0.027450982,115639397,677.2011,793.2919
MOVE,1,1.0,0.023529414,115639397,906.4435,657.1503
MOVE,0,1.0,0.023529414,115639413,683.5174,775.37354
MOVE,1,1.0,0.027450982,115639413,912.903,640.0911
MOVE,0,1.0,0.027450982,115639430,691.863,757.87415
MOVE,1,1.0,0.023529414,115639430,920.3746,621.69116
MOVE,0,1.0,0.027450982,115639446,695.69824,746.2998
MOVE,1,1.0,0.019607844,115639446,926.80664,606.8613
MOVE,0,1.0,0.027450982,115639463,698.4668,740.7334
MOVE,1,1.0,0.023529414,115639463,930.89355,599.9033
MOVE,0,1.0,0.027450982,115639480,700.18066,739.0635
MOVE,1,1.0,0.019607844,115639480,932.4756,597.67676
MOVE,0,1.0,0.027450982,115639497,702.68555,738.2285
MOVE,1,1.0,0.019607844,115639497,933.2666,596.5635
MOVE,0,1.0,0.027450982,115639513,703.8721,737.9502
MOVE,1,1.0,0.019607844,115639513,934.18945,596.28516
MOVE,0,1.0,0.023529414,115639530,706.5088,736.8369
MOVE,1,1.0,0.019607844,115639530,934.98047,596.28516
MOVE,0,1.0,0.023529414,115639542,708.4863,736.5586
MOVE,1,1.0,0.019607844,115639542,935.5078,596.28516
UP,0,1.0,0.023529414,115639551,708.4863,736.5586
MOVE,1,1.0,0.023529414,115639559,938.6719,592.9453
UP,1,1.0,0.023529414,115639567,938.6719,592.9453
DOWN,0,1.0,0.03137255,115639785,687.65625,584.5957
MOVE,0,1.0,0.03137255,115639801,686.9351,583.0733
MOVE,0,1.0,0.03137255,115639814,686.20605,581.25586
MOVE,0,1.0,0.027450982,115639827,686.0742,579.58594
UP,0,1.0,0.027450982,115639835,686.0742,579.58594
DOWN,0,1.0,0.019607844,115644989,138.16406,1585.9922
MOVE,0,1.0,0.019607844,115645004,140.32748,1582.9474
MOVE,0,1.0,0.023529414,115645018,143.4375,1575.416
MOVE,0,1.0,0.023529414,115645035,148.1836,1562.335
MOVE,0,1.0,0.019607844,115645052,163.32626,1505.5674
MOVE,0,1.0,0.019607844,115645073,175.04385,1426.0415
MOVE,0,1.0,0.019607844,115645089,176.13809,1357.5691
MOVE,0,1.0,0.023529414,115645106,174.30293,1283.0071
MOVE,0,1.0,0.023529414,115645122,172.45195,1199.55
MOVE,0,1.0,0.023529414,115645139,170.08154,1114.3951
MOVE,0,1.0,0.023529414,115645156,166.65909,1033.6488
MOVE,0,1.0,0.023529414,115645173,162.70663,958.4634
MOVE,0,1.0,0.027450982,115645189,155.86172,890.5254
MOVE,0,1.0,0.027450982,115645207,146.38799,829.256
MOVE,0,1.0,0.027450982,115645223,140.30244,775.2229
MOVE,0,1.0,0.027450982,115645240,135.5458,730.096
MOVE,0,1.0,0.027450982,115645256,133.16748,691.64325
MOVE,0,1.0,0.03137255,115645273,132.4127,666.0738
MOVE,0,1.0,0.027450982,115645288,132.36328,649.8506
MOVE,0,1.0,0.027450982,115645303,132.76509,637.6352
MOVE,0,1.0,0.023529414,115645319,133.02246,629.12695
MOVE,0,1.0,0.023529414,115645336,133.02246,624.1172
MOVE,0,1.0,0.027450982,115645353,129.99023,617.7158
MOVE,0,1.0,0.027450982,115645365,122.08008,611.8711
UP,0,1.0,0.027450982,115645374,122.08008,611.8711
DOWN,1,1.0,0.023529414,115647015,273.42773,1358.8828
UP,0,1.0,0.015686275,115647022,188.78906,1098.375
MOVE,1,1.0,0.019607844,115647029,274.41254,1357.8433
MOVE,1,1.0,0.023529414,115647043,276.72363,1355.543
MOVE,1,1.0,0.023529414,115647059,281.3379,1348.0283
MOVE,1,1.0,0.023529414,115647077,290.84918,1312.8221
MOVE,1,1.0,0.023529414,115647097,300.3038,1196.3772
MOVE,1,1.0,0.023529414,115647114,302.67157,1007.71497
MOVE,1,1.0,0.03137255,115647131,199.67607,693.931
MOVE,1,1.0,0.03529412,115647147,174.89355,565.60315
MOVE,1,1.0,0.03529412,115647164,167.98271,508.58643
MOVE,1,1.0,0.03137255,115647181,150.42216,419.37366
MOVE,1,1.0,0.03137255,115647181,150.29297,418.7168
UP,1,1.0,0.03137255,115647189,150.29297,418.7168
DOWN,0,1.0,0.027450982,115647407,114.697266,819.49805
MOVE,0,1.0,0.03137255,115647430,114.66233,819.98096
MOVE,0,1.0,0.03137255,115647440,114.697266,820.6113
MOVE,0,1.0,0.03137255,115647465,114.96094,821.16797
MOVE,0,1.0,0.03137255,115647499,114.43359,821.16797
DOWN,1,1.0,0.023529414,115647516,270.79102,1092.8086
MOVE,0,1.0,0.03137255,115647531,113.64258,821.16797
MOVE,1,1.0,0.023529414,115647531,271.51215,1095.3705
MOVE,0,1.0,0.03137255,115647545,113.115234,825.8994
MOVE,1,1.0,0.023529414,115647545,272.37305,1100.0449
MOVE,0,1.0,0.027450982,115647563,114.70448,846.63
MOVE,1,1.0,0.027450982,115647563,273.3237,1110.769
MOVE,0,1.0,0.023529414,115647582,118.06058,897.5337
MOVE,1,1.0,0.023529414,115647582,272.70114,1146.5901
MOVE,0,1.0,0.023529414,115647599,117.34981,963.334
MOVE,1,1.0,0.023529414,115647599,267.39493,1206.6249
MOVE,0,1.0,0.023529414,115647616,113.924706,1025.6888
MOVE,1,1.0,0.023529414,115647616,259.49796,1268.9519
MOVE,0,1.0,0.023529414,115647633,110.48643,1083.6184
MOVE,1,1.0,0.019607844,115647633,248.70586,1327.427
MOVE,0,1.0,0.023529414,115647650,107.85498,1136.5105
MOVE,1,1.0,0.023529414,115647650,239.71729,1377.0071
MOVE,0,1.0,0.023529414,115647666,105.73506,1188.2947
MOVE,1,1.0,0.019607844,115647666,231.28506,1422.6738
MOVE,0,1.0,0.019607844,115647683,102.85576,1231.7683
MOVE,1,1.0,0.019607844,115647683,224.41377,1460.581
MOVE,0,1.0,0.019607844,115647700,96.551796,1265.0942
MOVE,1,1.0,0.019607844,115647700,219.68178,1486.708
MOVE,0,1.0,0.019607844,115647716,90.35835,1293.9441
MOVE,1,1.0,0.023529414,115647716,215.05688,1506.735
MOVE,0,1.0,0.019607844,115647732,83.14484,1317.876
MOVE,1,1.0,0.023529414,115647732,211.72865,1525.5032
MOVE,0,1.0,0.019607844,115647748,75.85142,1345.6161
MOVE,1,1.0,0.023529414,115647748,205.4848,1545.9882
MOVE,0,1.0,0.019607844,115647766,69.720375,1369.3712
MOVE,1,1.0,0.019607844,115647766,196.87958,1567.4474
MOVE,0,1.0,0.015686275,115647781,67.33456,1386.824
MOVE,1,1.0,0.015686275,115647781,190.3194,1585.8939
MOVE,0,1.0,0.015686275,115647796,66.31348,1397.0127
MOVE,1,1.0,0.015686275,115647796,186.02051,1597.96
MOVE,0,1.0,0.015686275,115647813,66.18164,1403.1357
MOVE,1,1.0,0.015686275,115647813,183.38379,1604.6396
MOVE,0,1.0,0.019607844,115647830,65.78613,1405.919
MOVE,1,1.0,0.015686275,115647830,182.3291,1607.4229
MOVE,0,1.0,0.015686275,115647846,67.10449,1405.3623
MOVE,1,1.0,0.019607844,115647846,182.06543,1606.5879
MOVE,0,1.0,0.015686275,115647863,73.95996,1404.249
MOVE,1,1.0,0.015686275,115647863,183.51562,1599.0732
MOVE,0,1.0,0.015686275,115647868,76.99219,1403.9707
MOVE,1,1.0,0.015686275,115647868,184.30664,1596.0117
UP,0,1.0,0.015686275,115647876,76.99219,1403.9707
UP,1,1.0,0.015686275,115647876,184.30664,1596.0117
DOWN,0,1.0,0.03137255,115648110,87.01172,721.5293
MOVE,0,1.0,0.03137255,115648133,87.27539,720.0069
MOVE,0,1.0,0.03137255,115648143,87.27539,719.8594
MOVE,0,1.0,0.03137255,115648161,87.27539,718.7461
MOVE,0,1.0,0.023529414,115648193,81.47461,714.29297
UP,0,1.0,0.023529414,115648201,81.47461,714.29297
DOWN,0,1.0,0.03137255,115648737,62.490234,400.9043
MOVE,0,1.0,0.03137255,115648769,64.987206,399.86475
MOVE,0,1.0,0.03137255,115648783,66.44531,399.5127
MOVE,0,1.0,0.03137255,115648800,68.15918,399.23438
MOVE,0,1.0,0.027450982,115648816,68.950195,399.5127
MOVE,0,1.0,0.027450982,115648829,69.21387,400.06934
MOVE,0,1.0,0.027450982,115648846,68.950195,400.62598
MOVE,0,1.0,0.023529414,115648867,67.368164,400.9043
MOVE,0,1.0,0.015686275,115648880,66.18164,400.9043
DOWN,1,1.0,0.027450982,115648880,239.67773,555.09375
MOVE,0,1.0,0.015686275,115648888,62.226562,399.23438
MOVE,1,1.0,0.027450982,115648888,240.73242,555.09375
UP,0,1.0,0.015686275,115648896,62.226562,399.23438
MOVE,1,1.0,0.03137255,115648903,242.96573,555.57666
MOVE,1,1.0,0.03529412,115648917,244.55566,556.48535
MOVE,1,1.0,0.03137255,115648934,245.61035,559.26855
MOVE,1,1.0,0.03137255,115648950,245.61035,562.8867
MOVE,1,1.0,0.03137255,115648963,244.6875,566.7832
UP,1,1.0,0.03137255,115648972,244.6875,566.7832
DOWN,0,1.0,0.03137255,115649055,97.29492,440.42578
MOVE,0,1.0,0.03137255,115649063,97.55859,440.98242
MOVE,0,1.0,0.03529412,115649087,98.77214,442.5786
MOVE,0,1.0,0.03529412,115649101,99.4043,444.32227
MOVE,0,1.0,0.03137255,115649118,99.799805,445.71387
MOVE,0,1.0,0.027450982,115649122,99.93164,445.9922
UP,0,1.0,0.027450982,115649131,99.93164,445.9922
MOVE,0,1.0,0.027450982,115649574,230.908,908.8556
MOVE,0,1.0,0.023529414,115649591,243.63281,962.5547
DOWN,1,1.0,0.019607844,115649591,355.4297,1271.4902
MOVE,0,1.0,0.023529414,115649607,252.82178,999.677
MOVE,1,1.0,0.015686275,115649607,357.52588,1277.0177
MOVE,0,1.0,0.023529414,115649624,256.53357,1030.1919
MOVE,1,1.0,0.019607844,115649624,359.63406,1285.3253
MOVE,0,1.0,0.019607844,115649641,256.06177,1064.8997
MOVE,1,1.0,0.019607844,115649641,359.9121,1302.8157
MOVE,0,1.0,0.023529414,115649658,251.57462,1098.2136
MOVE,1,1.0,0.023529414,115649658,354.1535,1344.1764
MOVE,0,1.0,0.023529414,115649674,244.53784,1127.4858
MOVE,1,1.0,0.019607844,115649674,341.36957,1387.2715
MOVE,0,1.0,0.023529414,115649690,236.30371,1152.0513
MOVE,1,1.0,0.019607844,115649690,327.26508,1420.4999
MOVE,0,1.0,0.023529414,115649705,229.1339,1169.275
MOVE,1,1.0,0.019607844,115649705,318.88327,1436.9779
MOVE,0,1.0,0.023529414,115649721,223.53075,1181.1825
MOVE,1,1.0,0.019607844,115649721,315.71558,1445.8252
MOVE,0,1.0,0.023529414,115649737,219.24316,1191.6123
MOVE,1,1.0,0.015686275,115649737,314.29688,1452.9551
MOVE,0,1.0,0.023529414,115649754,216.87012,1202.1885
MOVE,1,1.0,0.015686275,115649754,313.50586,1459.9131
MOVE,0,1.0,0.023529414,115649771,215.94727,1213.8779
MOVE,1,1.0,0.019607844,115649771,313.2422,1468.2627
MOVE,0,1.0,0.019607844,115649783,217.26562,1222.5059
MOVE,1,1.0,0.019607844,115649783,314.0332,1472.9941
UP,1,1.0,0.019607844,115649792,314.0332,1472.9941
MOVE,0,1.0,0.027450982,115649792,219.11133,1231.9688
UP,0,1.0,0.027450982,115649800,219.11133,1231.9688
MOVE,0,1.0,0.023529414,115650343,240.46875,911.34375
UP,0,1.0,0.023529414,115650352,240.46875,911.34375
DOWN,0,1.0,0.027450982,115650444,113.64258,752.7012
MOVE,0,1.0,0.023529414,115650486,113.115234,753.81445
UP,0,1.0,0.023529414,115650494,113.115234,753.81445
DOWN,0,1.0,0.027450982,115650879,78.57422,913.5703
MOVE,0,1.0,0.027450982,115650895,78.83789,913.0874
MOVE,0,1.0,0.027450982,115650908,79.2334,910.7871
MOVE,0,1.0,0.027450982,115650925,79.365234,908.56055
MOVE,0,1.0,0.027450982,115650942,79.365234,906.6123
MOVE,0,1.0,0.023529414,115650958,79.2334,905.2207
MOVE,0,1.0,0.023529414,115650975,77.91504,901.3242
MOVE,0,1.0,0.019607844,115650988,73.828125,892.9746
UP,0,1.0,0.019607844,115650996,73.828125,892.9746
DOWN,0,1.0,0.023529414,115651005,182.98828,1023.2285
MOVE,0,1.0,0.023529414,115651029,185.78386,1022.11523
MOVE,0,1.0,0.023529414,115651042,187.33887,1022.39355
MOVE,0,1.0,0.023529414,115651059,189.18457,1024.3418
MOVE,0,1.0,0.023529414,115651076,190.7666,1026.8467
MOVE,0,1.0,0.023529414,115651092,192.08496,1029.3516
MOVE,0,1.0,0.023529414,115651105,192.74414,1031.0215
MOVE,0,1.0,0.019607844,115651122,192.48047,1031.5781
MOVE,0,1.0,0.019607844,115651147,192.48047,1027.125
DOWN,1,1.0,0.03137255,115651147,120.234375,617.99414
UP,0,1.0,0.019607844,115651156,192.48047,1027.125
MOVE,1,1.0,0.03137255,115651162,121.94033,617.0284
MOVE,1,1.0,0.03137255,115651176,124.18945,616.0459
MOVE,1,1.0,0.03137255,115651193,126.694336,614.9326
MOVE,1,1.0,0.03529412,115651209,128.80371,614.09766
MOVE,1,1.0,0.03137255,115651226,130.38574,614.09766
MOVE,1,1.0,0.03137255,115651243,131.7041,614.09766
MOVE,1,1.0,0.03137255,115651256,132.49512,614.09766
MOVE,1,1.0,0.03137255,115651272,133.41797,613.541
MOVE,1,1.0,0.023529414,115651297,133.41797,612.9844
UP,1,1.0,0.023529414,115651306,133.41797,612.9844
MOVE,0,1.0,0.023529414,115664566,699.5373,1261.1311
MOVE,0,1.0,0.027450982,115664583,700.30457,1219.9064
MOVE,0,1.0,0.023529414,115664599,699.0298,1189.4985
MOVE,0,1.0,0.027450982,115664615,697.3663,1162.4857
MOVE,0,1.0,0.023529414,115664632,696.84094,1140.2167
MOVE,0,1.0,0.027450982,115664647,694.85443,1119.3011
MOVE,0,1.0,0.023529414,115664665,695.7141,1092.7188
MOVE,0,1.0,0.027450982,115664682,697.14844,1067.1222
MOVE,0,1.0,0.027450982,115664698,699.4372,1043.3671
MOVE,0,1.0,0.027450982,115664714,702.6826,1024.3602
MOVE,0,1.0,0.027450982,115664730,706.19073,1004.4701
MOVE,0,1.0,0.027450982,115664747,710.3572,987.7284
MOVE,0,1.0,0.023529414,115664763,714.77924,971.6549
MOVE,0,1.0,0.023529414,115664780,719.58844,953.60547
MOVE,0,1.0,0.023529414,115664796,724.268,938.8385
MOVE,0,1.0,0.027450982,115664813,727.7344,927.208
MOVE,0,1.0,0.027450982,115664830,730.3711,919.9717
MOVE,0,1.0,0.023529414,115664846,732.08496,915.7969
MOVE,0,1.0,0.027450982,115664863,733.0078,913.84863
MOVE,0,1.0,0.023529414,115664880,733.7988,912.73535
MOVE,0,1.0,0.023529414,115664897,736.6992,911.34375
MOVE,0,1.0,0.023529414,115664901,736.9629,910.23047
UP,0,1.0,0.023529414,115664909,736.9629,910.23047
DOWN,0,1.0,0.023529414,115665378,723.5156,1360.5527
MOVE,0,1.0,0.023529414,115665401,723.28687,1356.8776
MOVE,0,1.0,0.023529414,115665415,722.5928,1353.3164
MOVE,0,1.0,0.023529414,115665432,721.2639,1345.7352
MOVE,0,1.0,0.023529414,115665449,719.2843,1332.031
MOVE,0,1.0,0.023529414,115665465,718.50586,1320.7529
MOVE,0,1.0,0.023529414,115665482,718.2422,1309.3418
MOVE,0,1.0,0.023529414,115665499,718.50586,1295.7041
MOVE,0,1.0,0.023529414,115665515,718.76953,1282.623
MOVE,0,1.0,0.023529414,115665532,718.6377,1272.0469
MOVE,0,1.0,0.023529414,115665549,718.374,1262.3057
MOVE,0,1.0,0.023529414,115665566,717.4512,1252.0078
MOVE,0,1.0,0.027450982,115665582,715.86914,1238.6484
MOVE,0,1.0,0.023529414,115665599,713.1006,1223.3408
MOVE,0,1.0,0.023529414,115665616,710.06836,1208.5898
MOVE,0,1.0,0.027450982,115665633,705.98145,1194.3955
MOVE,0,1.0,0.023529414,115665650,702.8174,1179.9229
MOVE,0,1.0,0.023529414,115665666,700.44434,1165.4502
MOVE,0,1.0,0.027450982,115665683,699.2578,1150.1426
MOVE,0,1.0,0.023529414,115665700,698.2031,1133.4434
MOVE,0,1.0,0.027450982,115665717,697.65753,1114.7279
MOVE,0,1.0,0.023529414,115665734,696.9825,1095.2025
MOVE,0,1.0,0.027450982,115665750,696.7305,1077.3475
MOVE,0,1.0,0.023529414,115665767,695.8133,1061.0924
MOVE,0,1.0,0.027450982,115665783,694.47394,1045.8645
MOVE,0,1.0,0.023529414,115665800,692.2642,1029.5634
MOVE,0,1.0,0.027450982,115665804,691.875,1025.4551
UP,0,1.0,0.027450982,115665813,691.875,1025.4551
DOWN,0,1.0,0.019607844,115666223,734.58984,1398.4043
MOVE,0,1.0,0.023529414,115666238,733.60504,1395.8424
MOVE,0,1.0,0.023529414,115666252,732.08496,1390.0547
MOVE,0,1.0,0.023529414,115666269,729.7119,1378.9219
MOVE,0,1.0,0.023529414,115666286,722.33704,1330.9812
MOVE,0,1.0,0.023529414,115666306,713.7914,1268.412
MOVE,0,1.0,0.023529414,115666323,709.83105,1219.3943
MOVE,0,1.0,0.023529414,115666340,708.22003,1180.3904
MOVE,0,1.0,0.027450982,115666356,708.22266,1153.1343
MOVE,0,1.0,0.027450982,115666371,708.06976,1136.8163
MOVE,0,1.0,0.027450982,115666386,707.82715,1123.1455
MOVE,0,1.0,0.027450982,115666403,707.03613,1111.7344
MOVE,0,1.0,0.023529414,115666419,706.37695,1100.0449
MOVE,0,1.0,0.023529414,115666436,706.5088,1086.9639
MOVE,0,1.0,0.027450982,115666453,706.37695,1073.3262
MOVE,0,1.0,0.027450982,115666470,705.98145,1060.2451
MOVE,0,1.0,0.027450982,115666486,706.37695,1047.1641
MOVE,0,1.0,0.023529414,115666503,707.959,1036.5879
MOVE,0,1.0,0.023529414,115666520,710.2002,1027.96
MOVE,0,1.0,0.023529414,115666536,713.2324,1023.50684
MOVE,0,1.0,0.023529414,115666541,714.2871,1022.6719
UP,0,1.0,0.023529414,115666549,714.2871,1022.6719
MOVE,0,1.0,0.027450982,115670169,383.3789,997.0664
MOVE,1,1.0,0.03529412,115670169,586.5381,798.90234
MOVE,2,1.0,0.023529414,115670169,310.3418,1365.0059
MOVE,0,1.0,0.027450982,115670186,385.30734,977.5585
MOVE,1,1.0,0.03529412,115670186,584.651,793.16125
MOVE,2,1.0,0.019607844,115670186,310.86914,1359.8214
MOVE,0,1.0,0.027450982,115670204,388.2572,954.03503
MOVE,1,1.0,0.03529412,115670204,583.3212,784.0945
MOVE,2,1.0,0.023529414,115670204,310.23618,1352.2577
MOVE,0,1.0,0.023529414,115670221,391.34225,931.1566
MOVE,1,1.0,0.03529412,115670221,582.5302,773.07227
MOVE,2,1.0,0.027450982,115670221,309.26053,1342.7386
MOVE,0,1.0,0.027450982,115670238,393.02347,904.5831
MOVE,1,1.0,0.03529412,115670238,582.4512,758.24255
MOVE,2,1.0,0.027450982,115670238,307.1367,1330.2341
MOVE,0,1.0,0.027450982,115670255,394.0735,881.9413
MOVE,1,1.0,0.03529412,115670255,583.1842,741.73486
MOVE,2,1.0,0.027450982,115670255,304.5673,1316.0656
MOVE,0,1.0,0.027450982,115670271,395.70035,860.327
MOVE,1,1.0,0.03529412,115670271,584.8368,723.5967
MOVE,2,1.0,0.027450982,115670271,302.05914,1300.8595
MOVE,0,1.0,0.027450982,115670288,397.40115,835.6455
MOVE,1,1.0,0.03137255,115670288,587.36456,701.343
MOVE,2,1.0,0.027450982,115670288,299.1003,1282.829
MOVE,0,1.0,0.027450982,115670305,399.89194,812.7097
MOVE,1,1.0,0.03137255,115670305,591.3401,678.0027
MOVE,2,1.0,0.027450982,115670305,296.6085,1262.6499
MOVE,0,1.0,0.03137255,115670322,403.25934,787.4863
MOVE,1,1.0,0.03529412,115670322,597.0202,651.79333
MOVE,2,1.0,0.027450982,115670322,294.7628,1241.1957
MOVE,0,1.0,0.027450982,115670339,407.08163,760.28894
MOVE,1,1.0,0.03529412,115670339,604.5025,621.0116
MOVE,2,1.0,0.027450982,115670339,293.7721,1217.203
MOVE,0,1.0,0.03137255,115670356,412.77814,732.1994
MOVE,1,1.0,0.039215688,115670356,614.26715,588.0298
MOVE,2,1.0,0.027450982,115670356,293.4668,1192.3556
MOVE,0,1.0,0.03137255,115670373,418.6195,704.2391
MOVE,1,1.0,0.03529412,115670373,625.7742,552.1966
MOVE,2,1.0,0.027450982,115670373,294.22552,1165.2057
MOVE,0,1.0,0.027450982,115670389,425.76804,677.319
MOVE,1,1.0,0.03137255,115670389,637.9339,517.1134
MOVE,2,1.0,0.027450982,115670389,295.45828,1137.8267
MOVE,0,1.0,0.03137255,115670406,432.5731,655.64514
MOVE,1,1.0,0.03137255,115670406,648.6745,484.88135
MOVE,2,1.0,0.027450982,115670406,297.68265,1110.0952
MOVE,0,1.0,0.027450982,115670421,437.9897,639.0493
MOVE,1,1.0,0.03529412,115670421,658.65485,459.87048
MOVE,2,1.0,0.027450982,115670421,300.07394,1086.0912
MOVE,0,1.0,0.027450982,115670437,441.95187,626.21075
MOVE,1,1.0,0.039215688,115670437,665.3071,440.7962
MOVE,2,1.0,0.027450982,115670437,302.59497,1063.8889
MOVE,0,1.0,0.027450982,115670453,444.9463,616.88086
MOVE,1,1.0,0.039215688,115670453,669.5947,429.29297
MOVE,2,1.0,0.027450982,115670453,305.06836,1044.9375
MOVE,0,1.0,0.027450982,115670470,447.05566,611.8711
MOVE,1,1.0,0.039215688,115670470,671.7041,422.61328
MOVE,2,1.0,0.027450982,115670470,307.17773,1031.0215
MOVE,0,1.0,0.027450982,115670487,448.37402,609.0879
MOVE,1,1.0,0.039215688,115670487,673.02246,418.99512
MOVE,2,1.0,0.023529414,115670487,309.55078,1021.8369
MOVE,0,1.0,0.027450982,115670504,450.0879,607.6963
MOVE,1,1.0,0.039215688,115670504,673.5498,417.60352
MOVE,2,1.0,0.023529414,115670504,312.71484,1014.6006
MOVE,0,1.0,0.023529414,115670520,452.59277,607.13965
MOVE,1,1.0,0.03529412,115670520,674.47266,417.60352
MOVE,2,1.0,0.019607844,115670520,317.19727,1010.9824
MOVE,0,1.0,0.023529414,115670524,453.51562,606.8613
MOVE,1,1.0,0.03529412,115670524,674.47266,417.60352
MOVE,2,1.0,0.019607844,115670524,318.7793,1009.86914
UP,0,1.0,0.023529414,115670533,453.51562,606.8613
UP,2,1.0,0.019607844,115670533,318.7793,1009.86914
MOVE,1,1.0,0.03137255,115670539,674.8253,417.60352
MOVE,1,1.0,0.027450982,115670540,675.0,417.60352
UP,1,1.0,0.027450982,115670548,675.0,417.60352
MOVE,0,1.0,0.027450982,115677535,702.9756,1329.6814
MOVE,0,1.0,0.023529414,115677551,703.2155,1268.9965
MOVE,0,1.0,0.023529414,115677568,707.40265,1209.9982
MOVE,0,1.0,0.027450982,115677584,712.4124,1152.6531
MOVE,0,1.0,0.027450982,115677601,717.69904,1105.8451
MOVE,0,1.0,0.027450982,115677618,722.17883,1070.1477
MOVE,0,1.0,0.03137255,115677635,726.36615,1041.9888
MOVE,0,1.0,0.027450982,115677651,731.5741,1015.0459
MOVE,0,1.0,0.03137255,115677667,738.62036,985.4879
MOVE,0,1.0,0.027450982,115677685,757.43176,948.8113
MOVE,0,1.0,0.03529412,115677685,757.5293,948.6387
UP,0,1.0,0.03529412,115677693,757.5293,948.6387
