phase,pointerId,pressure,size,timestamp,x,y
MOVE,0,1.0,0.0,351641013,207.45703,1477.7295
MOVE,0,1.0,0.0,351641029,154.36133,1362.7012
MOVE,0,1.0,0.0,351641044,84.625,1268.375
UP,0,1.0,0.0,351641048,84.625,1268.375
DOWN,0,1.0,0.0,351641225,273.625,1545.0
MOVE,0,1.0,0.0,351641313,259.2627,1513.6621
MOVE,0,1.0,0.0,351641329,227.42383,1475.2549
MOVE,0,1.0,0.0,351641346,215.14551,1455.0645
MOVE,0,1.0,0.0,351641363,205.63965,1436.3779
MOVE,0,1.0,0.0,351641379,197.99707,1418.1426
MOVE,0,1.0,0.0,351641396,190.58301,1407.3047
MOVE,0,1.0,0.0,351641413,188.3584,1404.1025
MOVE,0,1.0,0.0,351641429,187.49707,1402.7471
MOVE,0,1.0,0.0,351641446,186.71582,1402.625
MOVE,0,1.0,0.0,351641450,186.5,1402.625
UP,0,1.0,0.0,351641454,186.5,1402.625
MOVE,0,1.0,0.0,351642580,230.78906,1611.1465
MOVE,0,1.0,0.0,351642596,199.3877,1468.0176
MOVE,0,1.0,0.0,351642613,143.20703,1341.3818
MOVE,0,1.0,0.0,351642627,88.625,1261.125
UP,0,1.0,0.0,351642631,88.625,1261.125
DOWN,0,1.0,0.0,351642825,287.75,1587.125
MOVE,0,1.0,0.0,351642896,282.58984,1572.833
MOVE,0,1.0,0.0,351642913,245.5332,1527.2031
MOVE,0,1.0,0.0,351642929,230.25195,1501.374
MOVE,0,1.0,0.0,351642946,221.43457,1481.4502
MOVE,0,1.0,0.0,351642962,216.45508,1470.794
MOVE,0,1.0,0.0,351642979,214.22461,1467.6982
MOVE,0,1.0,0.0,351642996,213.48633,1466.7363
MOVE,0,1.0,0.0,351643092,212.625,1467.125
UP,0,1.0,0.0,351643096,212.625,1467.125
DOWN,0,1.0,0.0,351643629,673.625,721.75
UP,0,1.0,0.0,351643674,673.625,721.75
MOVE,0,1.0,0.0,351644463,815.6953,1180.0654
MOVE,0,1.0,0.0,351644479,821.9043,1144.4385
MOVE,0,1.0,0.0,351644496,827.52734,1119.1387
MOVE,0,1.0,0.0,351644513,833.8262,1095.8291
MOVE,0,1.0,0.0,351644529,838.45996,1073.1182
MOVE,0,1.0,0.0,351644546,842.26074,1053.9473
MOVE,0,1.0,0.0,351644563,845.6377,1039.5332
MOVE,0,1.0,0.0,351644579,846.5,1028.8643
MOVE,0,1.0,0.0,351644596,846.4785,1024.0381
MOVE,0,1.0,0.0,351644612,845.375,1018.625
UP,0,1.0,0.0,351644616,845.375,1018.625
MOVE,0,1.0,0.0,351645213,234.29395,1623.1514
MOVE,0,1.0,0.0,351645229,222.73242,1552.1777
MOVE,0,1.0,0.0,351645246,198.61914,1483.7324
MOVE,0,1.0,0.0,351645257,170.625,1431.375
UP,0,1.0,0.0,351645261,170.625,1431.375
DOWN,0,1.0,0.0,351645434,245.875,1599.875
MOVE,0,1.0,0.0,351645546,237.5625,1571.0898
MOVE,0,1.0,0.0,351645563,212.53516,1535.4971
MOVE,0,1.0,0.0,351645580,203.54785,1522.0723
MOVE,0,1.0,0.0,351645596,199.0,1514.501
MOVE,0,1.0,0.0,351645613,196.63867,1510.5264
MOVE,0,1.0,0.0,351645629,195.875,1507.2861
MOVE,0,1.0,0.0,351645642,195.25,1505.375
UP,0,1.0,0.0,351645646,195.25,1505.375
MOVE,0,1.0,0.0,351646496,637.8076,1266.4932
MOVE,0,1.0,0.0,351646513,679.0703,1142.377
MOVE,0,1.0,0.0,351646529,711.9717,1056.6514
MOVE,0,1.0,0.0,351646534,723.125,1032.375
UP,0,1.0,0.0,351646539,723.125,1032.375
DOWN,0,1.0,0.0,351646727,667.125,1037.5
MOVE,0,1.0,0.0,351646796,665.2793,1029.7646
MOVE,0,1.0,0.0,351646813,658.3076,959.38574
MOVE,0,1.0,0.0,351646829,663.83594,928.5752
MOVE,0,1.0,0.0,351646846,669.29004,913.791
MOVE,0,1.0,0.0,351646863,672.834,903.57227
MOVE,0,1.0,0.0,351646879,674.7012,898.0215
MOVE,0,1.0,0.0,351646896,676.4756,893.44727
MOVE,0,1.0,0.0,351646913,677.125,891.6494
MOVE,0,1.0,0.0,351646929,677.125,890.8125
MOVE,0,1.0,0.0,351646936,677.125,888.375
UP,0,1.0,0.0,351646940,677.125,888.375
DOWN,0,1.0,0.0,351647687,754.625,1476.125
MOVE,0,1.0,0.0,351647729,754.416,1429.2168
MOVE,0,1.0,0.0,351647746,768.5615,1298.1182
MOVE,0,1.0,0.0,351647763,787.23145,1220.5537
MOVE,0,1.0,0.0,351647779,806.9404,1149.2695
MOVE,0,1.0,0.0,351647796,828.79297,1084.1631
MOVE,0,1.0,0.0,351647813,850.4883,1027.9941
MOVE,0,1.0,0.0,351647829,867.6748,976.25
MOVE,0,1.0,0.0,351647846,881.1113,927.3877
MOVE,0,1.0,0.0,351647863,892.18555,880.17676
MOVE,0,1.0,0.0,351647879,901.416,833.57324
MOVE,0,1.0,0.0,351647896,908.3408,792.33594
MOVE,0,1.0,0.0,351647913,911.375,756.2344
MOVE,0,1.0,0.0,351647929,911.375,722.67285
MOVE,0,1.0,0.0,351647946,911.375,695.4121
MOVE,0,1.0,0.0,351647963,909.7578,674.0371
MOVE,0,1.0,0.0,351647979,906.40137,660.0781
MOVE,0,1.0,0.0,351647996,903.41406,653.89746
MOVE,0,1.0,0.0,351648008,901.375,651.75
UP,0,1.0,0.0,351648012,901.375,651.75
DOWN,0,1.0,0.0,351648716,668.0,1503.0
MOVE,0,1.0,0.0,351648763,664.39746,1433.376
MOVE,0,1.0,0.0,351648779,665.3877,1341.0566
MOVE,0,1.0,0.0,351648796,677.0908,1265.2627
MOVE,0,1.0,0.0,351648812,708.52637,1126.0947
MOVE,0,1.0,0.0,351648829,741.02246,1021.374
MOVE,0,1.0,0.0,351648846,776.875,928.75
UP,0,1.0,0.0,351648850,776.875,928.75
DOWN,0,1.0,0.0,351649043,729.25,1015.0
MOVE,0,1.0,0.0,351649113,730.0371,996.9121
MOVE,0,1.0,0.0,351649130,749.1553,933.33984
MOVE,0,1.0,0.0,351649146,760.0371,913.85547
MOVE,0,1.0,0.0,351649163,767.40625,902.7373
MOVE,0,1.0,0.0,351649179,771.00977,897.36523
MOVE,0,1.0,0.0,351649196,774.6631,893.7119
MOVE,0,1.0,0.0,351649213,776.76465,891.73535
MOVE,0,1.0,0.0,351649229,778.126,890.249
MOVE,0,1.0,0.0,351649239,780.75,887.75
UP,0,1.0,0.0,351649243,780.75,887.75
MOVE,0,1.0,0.0,351650946,602.6455,756.9043
MOVE,0,1.0,0.0,351650963,598.5469,687.80566
MOVE,0,1.0,0.0,351650979,598.375,613.791
MOVE,0,1.0,0.0,351650996,601.2002,542.3037
MOVE,0,1.0,0.0,351651013,610.10156,459.58496
MOVE,0,1.0,0.0,351651029,620.1113,382.15137
MOVE,0,1.0,0.0,351651046,634.6719,308.85547
MOVE,0,1.0,0.0,351651063,653.4531,248.54688
MOVE,0,1.0,0.0,351651079,672.03125,203.50098
MOVE,0,1.0,0.0,351651096,685.99805,170.42773
MOVE,0,1.0,0.0,351651113,697.5,149.86816
MOVE,0,1.0,0.0,351651129,704.32324,138.3789
MOVE,0,1.0,0.0,351651144,707.0,133.0
UP,0,1.0,0.0,351651148,707.0,133.0
MOVE,0,1.0,0.0,351652313,666.36523,626.64746
MOVE,0,1.0,0.0,351652329,674.79395,578.2256
MOVE,0,1.0,0.0,351652346,692.3418,519.0996
MOVE,0,1.0,0.0,351652363,714.2656,463.21094
MOVE,0,1.0,0.0,351652379,735.19824,410.79102
MOVE,0,1.0,0.0,351652396,753.2344,365.49707
MOVE,0,1.0,0.0,351652413,770.5869,326.40723
MOVE,0,1.0,0.0,351652429,789.15625,293.19336
MOVE,0,1.0,0.0,351652446,808.42773,261.56152
MOVE,0,1.0,0.0,351652463,827.8828,231.49805
MOVE,0,1.0,0.0,351652479,844.9629,208.25781
MOVE,0,1.0,0.0,351652496,855.6758,193.59961
MOVE,0,1.0,0.0,351652513,860.0078,186.33496
MOVE,0,1.0,0.0,351652518,861.0,184.875
UP,0,1.0,0.0,351652522,861.0,184.875
DOWN,0,1.0,0.0,351653412,665.5,593.25
MOVE,0,1.0,0.0,351653463,665.86914,572.5869
MOVE,0,1.0,0.0,351653479,683.4033,469.7119
MOVE,0,1.0,0.0,351653496,703.292,416.8086
MOVE,0,1.0,0.0,351653513,725.12695,365.35938
MOVE,0,1.0,0.0,351653529,757.03613,302.05566
MOVE,0,1.0,0.0,351653546,797.167,236.89355
MOVE,0,1.0,0.0,351653563,834.55273,184.5752
MOVE,0,1.0,0.0,351653577,866.875,145.875
UP,0,1.0,0.0,351653581,866.875,145.875
DOWN,0,1.0,0.0,351653905,610.75,695.625
UP,0,1.0,0.0,351653938,610.75,695.625
DOWN,0,1.0,0.0,351655902,624.75,804.625
MOVE,0,1.0,0.0,351655963,612.63184,738.63184
MOVE,0,1.0,0.0,351655979,609.5664,652.7246
MOVE,0,1.0,0.0,351655996,621.08105,583.81836
MOVE,0,1.0,0.0,351656013,634.56445,516.68164
MOVE,0,1.0,0.0,351656029,648.68066,453.73145
MOVE,0,1.0,0.0,351656046,681.9121,323.72363
MOVE,0,1.0,0.0,351656063,704.0615,233.24902
MOVE,0,1.0,0.0,351656079,715.4346,168.77246
MOVE,0,1.0,0.0,351656096,718.0,138.70898
MOVE,0,1.0,0.0,351656112,718.9248,110.8418
MOVE,0,1.0,0.0,351656129,720.3076,71.22754
MOVE,0,1.0,0.0,351656146,721.25,43.149414
MOVE,0,1.0,0.0,351656162,721.07227,22.960938
MOVE,0,1.0,0.0,351656179,719.9717,14.214844
MOVE,0,1.0,0.0,351656196,718.7744,11.424805
MOVE,0,1.0,0.0,351656207,718.375,10.5
UP,0,1.0,0.0,351656211,718.375,10.5
DOWN,0,1.0,0.0,351657481,596.375,651.5
MOVE,0,1.0,0.0,351657529,595.1748,639.96387
MOVE,0,1.0,0.0,351657546,596.9824,541.6201
MOVE,0,1.0,0.0,351657563,607.2793,497.65625
MOVE,0,1.0,0.0,351657579,622.12695,446.59375
MOVE,0,1.0,0.0,351657596,638.0703,392.76855
MOVE,0,1.0,0.0,351657613,652.8955,341.2627
MOVE,0,1.0,0.0,351657629,666.66797,292.89648
MOVE,0,1.0,0.0,351657646,678.5674,251.88867
MOVE,0,1.0,0.0,351657663,690.38477,220.19043
MOVE,0,1.0,0.0,351657679,704.3369,194.21191
MOVE,0,1.0,0.0,351657696,724.1797,164.08887
MOVE,0,1.0,0.0,351657713,745.6904,134.64746
MOVE,0,1.0,0.0,351657729,763.54785,113.27344
MOVE,0,1.0,0.0,351657746,772.94336,103.65527
MOVE,0,1.0,0.0,351657763,775.08105,102.43164
MOVE,0,1.0,0.0,351657779,776.0791,102.375
MOVE,0,1.0,0.0,351657796,777.70605,102.375
MOVE,0,1.0,0.0,351657813,779.0781,102.56738
MOVE,0,1.0,0.0,351657827,781.0,106.5
UP,0,1.0,0.0,351657831,781.0,106.5
DOWN,0,1.0,0.0,351658724,553.75,690.625
MOVE,0,1.0,0.0,351658779,553.626,652.4658
MOVE,0,1.0,0.0,351658796,563.21875,558.55176
MOVE,0,1.0,0.0,351658813,576.3672,507.92676
MOVE,0,1.0,0.0,351658829,592.88965,450.68457
MOVE,0,1.0,0.0,351658846,612.4219,382.50977
MOVE,0,1.0,0.0,351658863,633.34375,319.36816
MOVE,0,1.0,0.0,351658879,653.90137,266.28516
MOVE,0,1.0,0.0,351658896,670.4053,223.14648
MOVE,0,1.0,0.0,351658913,687.1631,187.29883
MOVE,0,1.0,0.0,351658929,706.3076,153.43555
MOVE,0,1.0,0.0,351658946,733.20703,111.268555
MOVE,0,1.0,0.0,351658963,759.291,70.72363
MOVE,0,1.0,0.0,351658979,779.19336,44.07129
MOVE,0,1.0,0.0,351658996,796.68555,25.300781
MOVE,0,1.0,0.0,351659012,820.625,6.375
UP,0,1.0,0.0,351659016,820.625,6.375
DOWN,0,1.0,0.0,351659273,515.875,1005.5
UP,0,1.0,0.0,351659322,515.875,1005.5
MOVE,0,1.0,0.0,351659579,531.6797,1111.5615
MOVE,0,1.0,0.0,351659596,561.6504,998.17773
MOVE,0,1.0,0.0,351659607,586.375,926.875
UP,0,1.0,0.0,351659611,586.375,926.875
DOWN,0,1.0,0.0,351659784,622.25,947.125
MOVE,0,1.0,0.0,351659846,621.49316,942.4043
MOVE,0,1.0,0.0,351659863,632.042,873.1172
MOVE,0,1.0,0.0,351659879,654.68066,825.51953
MOVE,0,1.0,0.0,351659896,668.25,800.5
MOVE,0,1.0,0.0,351659913,678.68066,789.7881
MOVE,0,1.0,0.0,351659929,681.4463,789.625
MOVE,0,1.0,0.0,351659946,683.8408,789.7412
MOVE,0,1.0,0.0,351659963,685.7168,790.3584
MOVE,0,1.0,0.0,351659979,686.97656,791.35156
MOVE,0,1.0,0.0,351659986,687.1875,791.375
MOVE,0,1.0,0.0,351660009,686.875,788.0
UP,0,1.0,0.0,351660013,686.875,788.0
MOVE,0,1.0,0.0,351660930,595.0791,928.9971
MOVE,0,1.0,0.0,351660946,614.5137,842.99414
MOVE,0,1.0,0.0,351660963,650.4844,715.9951
MOVE,0,1.0,0.0,351660979,672.9531,643.26953
MOVE,0,1.0,0.0,351660996,698.9785,566.1543
MOVE,0,1.0,0.0,351661012,728.5381,500.06738
MOVE,0,1.0,0.0,351661027,755.375,444.125
UP,0,1.0,0.0,351661031,755.375,444.125
DOWN,0,1.0,0.0,351661301,601.0,796.625
MOVE,0,1.0,0.0,351661349,600.875,791.375
MOVE,0,1.0,0.0,351661363,612.51465,724.8906
MOVE,0,1.0,0.0,351661379,636.41895,665.59766
MOVE,0,1.0,0.0,351661396,661.0088,604.63184
MOVE,0,1.0,0.0,351661413,687.23926,539.9365
MOVE,0,1.0,0.0,351661429,714.5762,476.6084
MOVE,0,1.0,0.0,351661446,742.3242,411.08203
MOVE,0,1.0,0.0,351661463,768.1338,352.05957
MOVE,0,1.0,0.0,351661479,787.0498,298.5996
MOVE,0,1.0,0.0,351661496,803.0342,250.4043
MOVE,0,1.0,0.0,351661512,814.90137,206.30664
MOVE,0,1.0,0.0,351661529,824.7803,166.22949
MOVE,0,1.0,0.0,351661546,830.81836,130.05469
MOVE,0,1.0,0.0,351661562,831.625,97.36035
MOVE,0,1.0,0.0,351661579,831.625,72.81543
MOVE,0,1.0,0.0,351661596,831.2363,54.42383
MOVE,0,1.0,0.0,351661612,828.5,43.375
UP,0,1.0,0.0,351661616,828.5,43.375
MOVE,0,1.0,0.0,351662279,525.6592,1222.4004
MOVE,0,1.0,0.0,351662296,550.42676,1112.29
MOVE,0,1.0,0.0,351662313,585.71484,1002.8633
MOVE,0,1.0,0.0,351662316,594.25,977.875
UP,0,1.0,0.0,351662321,594.25,977.875
DOWN,0,1.0,0.0,351662548,618.125,1007.875
MOVE,0,1.0,0.0,351662596,618.3887,983.56055
MOVE,0,1.0,0.0,351662613,631.1865,896.1924
MOVE,0,1.0,0.0,351662629,654.2832,833.49023
MOVE,0,1.0,0.0,351662646,672.5049,792.63086
MOVE,0,1.0,0.0,351662663,693.95703,750.7588
MOVE,0,1.0,0.0,351662679,714.7471,715.4492
MOVE,0,1.0,0.0,351662696,734.99023,684.86426
MOVE,0,1.0,0.0,351662713,752.3916,659.6426
MOVE,0,1.0,0.0,351662729,763.459,643.22363
MOVE,0,1.0,0.0,351662746,769.30176,635.69824
MOVE,0,1.0,0.0,351662762,770.98047,633.3467
MOVE,0,1.0,0.0,351662779,771.6494,632.5508
MOVE,0,1.0,0.0,351662796,772.32227,631.7822
MOVE,0,1.0,0.0,351662812,772.75,630.93164
MOVE,0,1.0,0.0,351662829,773.06934,630.36035
MOVE,0,1.0,0.0,351662846,773.5,629.36816
MOVE,0,1.0,0.0,351662863,773.5,628.68066
MOVE,0,1.0,0.0,351662875,773.375,628.0
UP,0,1.0,0.0,351662885,773.375,628.125
MOVE,0,1.0,0.0,351663563,595.2949,1104.0918
MOVE,0,1.0,0.0,351663579,616.24805,1033.126
MOVE,0,1.0,0.0,351663596,652.76465,915.3672
MOVE,0,1.0,0.0,351663598,657.0,901.625
UP,0,1.0,0.0,351663602,657.0,901.625
DOWN,0,1.0,0.0,351663766,638.0,973.75
MOVE,0,1.0,0.0,351663829,637.98535,964.23145
MOVE,0,1.0,0.0,351663846,657.61816,898.2051
MOVE,0,1.0,0.0,351663863,670.2158,876.35156
MOVE,0,1.0,0.0,351663879,684.6455,853.792
MOVE,0,1.0,0.0,351663896,696.5576,836.5576
MOVE,0,1.0,0.0,351663913,706.0742,823.83984
MOVE,0,1.0,0.0,351663929,714.02637,814.9463
MOVE,0,1.0,0.0,351663946,718.91016,808.5596
MOVE,0,1.0,0.0,351663962,724.0117,799.1494
MOVE,0,1.0,0.0,351663979,729.1543,789.12695
MOVE,0,1.0,0.0,351663996,731.1455,782.9844
MOVE,0,1.0,0.0,351664008,731.25,781.375
UP,0,1.0,0.0,351664012,731.25,781.375
MOVE,0,1.0,0.0,351664613,612.541,1098.627
MOVE,0,1.0,0.0,351664629,659.6533,974.31836
MOVE,0,1.0,0.0,351664636,680.5,920.75
UP,0,1.0,0.0,351664640,680.5,920.75
DOWN,0,1.0,0.0,351664834,691.125,980.875
MOVE,0,1.0,0.0,351664913,693.27344,958.58594
MOVE,0,1.0,0.0,351664929,716.43945,898.7705
MOVE,0,1.0,0.0,351664946,731.4619,865.9707
MOVE,0,1.0,0.0,351664963,743.05664,839.11816
MOVE,0,1.0,0.0,351664979,753.74316,814.26465
MOVE,0,1.0,0.0,351664996,766.01855,787.46387
MOVE,0,1.0,0.0,351665013,781.0674,760.2285
MOVE,0,1.0,0.0,351665029,796.0625,732.48145
MOVE,0,1.0,0.0,351665046,812.4629,700.8799
MOVE,0,1.0,0.0,351665059,832.5,667.875
UP,0,1.0,0.0,351665063,832.5,667.875
DOWN,0,1.0,0.0,351665374,761.0,1006.25
MOVE,0,1.0,0.0,351665396,720.4209,1131.0957
MOVE,0,1.0,0.0,351665413,678.8496,1353.8252
MOVE,0,1.0,0.0,351665419,671.625,1457.75
UP,0,1.0,0.0,351665423,671.625,1457.75
DOWN,0,1.0,0.0,351665662,798.625,850.75
MOVE,0,1.0,0.0,351665696,759.6123,1004.3623
MOVE,0,1.0,0.0,351665713,730.55273,1253.0371
MOVE,0,1.0,0.0,351665716,732.625,1362.125
UP,0,1.0,0.0,351665721,732.625,1362.125
DOWN,0,1.0,0.0,351665919,706.25,1264.75
MOVE,0,1.0,0.0,351665980,731.5,1126.625
UP,0,1.0,0.0,351665984,731.5,1126.625
DOWN,0,1.0,0.0,351666219,831.375,822.125
MOVE,0,1.0,0.0,351666235,831.375,827.0654
MOVE,0,1.0,0.0,351666246,808.22754,936.56445
MOVE,0,1.0,0.0,351666263,757.46094,1205.7041
MOVE,0,1.0,0.0,351666278,760.25,1417.125
UP,0,1.0,0.0,351666282,760.25,1417.125
DOWN,0,1.0,0.0,351666471,798.25,937.5
MOVE,0,1.0,0.0,351666496,797.07227,948.2793
MOVE,0,1.0,0.0,351666513,731.10645,1208.9277
MOVE,0,1.0,0.0,351666525,717.875,1392.5
UP,0,1.0,0.0,351666529,717.875,1392.5
DOWN,0,1.0,0.0,351666744,784.5,1005.25
MOVE,0,1.0,0.0,351666751,779.33105,1026.0547
MOVE,0,1.0,0.0,351666763,747.03516,1171.5029
MOVE,0,1.0,0.0,351666780,725.5,1456.25
UP,0,1.0,0.0,351666784,725.5,1456.25
DOWN,0,1.0,0.0,351670090,285.5,1420.25
MOVE,0,1.0,0.0,351670129,285.04004,1410.5381
MOVE,0,1.0,0.0,351670146,247.46582,1290.4365
MOVE,0,1.0,0.0,351670163,191.95801,1168.8096
MOVE,0,1.0,0.0,351670167,165.5,1129.125
UP,0,1.0,0.0,351670172,165.5,1129.125
DOWN,0,1.0,0.0,351670349,269.875,1231.875
MOVE,0,1.0,0.0,351670463,251.95703,1201.6357
MOVE,0,1.0,0.0,351670479,215.22168,1150.6553
MOVE,0,1.0,0.0,351670496,195.15137,1109.4277
MOVE,0,1.0,0.0,351670513,184.9834,1090.0928
MOVE,0,1.0,0.0,351670521,184.4375,1089.0
MOVE,0,1.0,0.0,351670546,186.7373,1092.5537
MOVE,0,1.0,0.0,351670563,199.27344,1118.2217
MOVE,0,1.0,0.0,351670579,224.42383,1189.7695
MOVE,0,1.0,0.0,351670596,245.44238,1358.4082
MOVE,0,1.0,0.0,351670599,242.375,1405.875
UP,0,1.0,0.0,351670603,242.375,1405.875
DOWN,0,1.0,0.0,351670825,264.75,1251.625
MOVE,0,1.0,0.0,351670863,263.7256,1258.1367
MOVE,0,1.0,0.0,351670879,240.37305,1353.1309
MOVE,0,1.0,0.0,351670896,212.57031,1417.4717
MOVE,0,1.0,0.0,351670913,190.03516,1460.6914
MOVE,0,1.0,0.0,351670929,177.18555,1492.3945
MOVE,0,1.0,0.0,351670938,170.375,1510.375
UP,0,1.0,0.0,351670942,170.375,1510.375
DOWN,0,1.0,0.0,351670959,206.375,1512.75
MOVE,0,1.0,0.0,351670979,206.84961,1505.7422
MOVE,0,1.0,0.0,351670996,258.75684,1334.3164
MOVE,0,1.0,0.0,351671013,236.83887,1211.0527
MOVE,0,1.0,0.0,351671029,175.12988,1101.1162
MOVE,0,1.0,0.0,351671043,40.375,989.625
UP,0,1.0,0.0,351671047,40.375,989.625
DOWN,0,1.0,0.0,351671295,275.875,1411.125
MOVE,0,1.0,0.0,351671329,260.59668,1288.0254
MOVE,0,1.0,0.0,351671346,207.46484,1131.5488
MOVE,0,1.0,0.0,351671363,61.88965,957.9219
MOVE,0,1.0,0.0,351671369,15.625,908.625
UP,0,1.0,0.0,351671374,15.625,908.625
DOWN,0,1.0,0.0,351671592,297.125,1411.375
MOVE,0,1.0,0.0,351671613,294.86035,1391.6807
MOVE,0,1.0,0.0,351671629,231.32422,1170.8701
MOVE,0,1.0,0.0,351671646,139.52051,1030.959
MOVE,0,1.0,0.0,351671658,15.75,906.5
UP,0,1.0,0.0,351671662,15.75,906.5
DOWN,0,1.0,0.0,351671922,313.5,1371.125
MOVE,0,1.0,0.0,351671946,276.0254,1226.5947
MOVE,0,1.0,0.0,351671963,192.33984,1076.8672
MOVE,0,1.0,0.0,351671981,27.25,926.125
UP,0,1.0,0.0,351671985,27.25,926.125
DOWN,0,1.0,0.0,351672233,306.5,1175.125
MOVE,0,1.0,0.0,351672279,306.26074,1185.5352
MOVE,0,1.0,0.0,351672296,304.875,1275.5322
MOVE,0,1.0,0.0,351672313,304.3994,1327.46
MOVE,0,1.0,0.0,351672329,302.37793,1366.8721
MOVE,0,1.0,0.0,351672333,302.0,1371.875
UP,0,1.0,0.0,351672337,302.0,1371.875
DOWN,0,1.0,0.0,351672354,301.0,1397.5
MOVE,0,1.0,0.0,351672396,298.84473,1386.8936
MOVE,0,1.0,0.0,351672412,264.0625,1282.6133
MOVE,0,1.0,0.0,351672429,246.82324,1220.1299
MOVE,0,1.0,0.0,351672446,229.08887,1152.3525
MOVE,0,1.0,0.0,351672462,159.03613,1036.2656
MOVE,0,1.0,0.0,351672479,34.29492,919.97266
MOVE,0,1.0,0.0,351672487,11.25,888.125
UP,0,1.0,0.0,351672491,11.25,888.125
DOWN,0,1.0,0.0,351672743,347.625,1283.0
MOVE,0,1.0,0.0,351672813,315.0254,1218.8076
MOVE,0,1.0,0.0,351672829,255.22559,1123.7324
MOVE,0,1.0,0.0,351672846,219.12207,1074.0693
MOVE,0,1.0,0.0,351672863,209.72461,1061.2578
MOVE,0,1.0,0.0,351672879,196.27441,1044.6387
MOVE,0,1.0,0.0,351672896,187.7373,1034.9873
MOVE,0,1.0,0.0,351672912,185.5625,1032.875
MOVE,0,1.0,0.0,351672946,186.96289,1033.8027
MOVE,0,1.0,0.0,351672963,197.42773,1043.9502
MOVE,0,1.0,0.0,351672979,226.9209,1097.6758
MOVE,0,1.0,0.0,351672996,283.2744,1282.8486
MOVE,0,1.0,0.0,351673006,279.5,1402.25
UP,0,1.0,0.0,351673011,279.5,1402.25
DOWN,0,1.0,0.0,351673288,262.875,1095.0
MOVE,0,1.0,0.0,351673301,270.78516,1122.0625
MOVE,0,1.0,0.0,351673313,295.06055,1296.0664
MOVE,0,1.0,0.0,351673329,245.625,1502.125
UP,0,1.0,0.0,351673333,245.625,1502.125
DOWN,0,1.0,0.0,351673581,309.75,1373.125
MOVE,0,1.0,0.0,351673613,244.74707,1154.0352
MOVE,0,1.0,0.0,351673629,86.387695,975.2529
MOVE,0,1.0,0.0,351673639,11.75,908.5
UP,0,1.0,0.0,351673643,11.75,908.5
DOWN,0,1.0,0.0,351673937,320.5,1408.875
MOVE,0,1.0,0.0,351673963,297.72852,1346.2139
MOVE,0,1.0,0.0,351673979,240.54102,1199.4629
MOVE,0,1.0,0.0,351673996,105.72168,989.8467
MOVE,0,1.0,0.0,351674007,12.375,885.375
UP,0,1.0,0.0,351674012,12.375,885.375
DOWN,0,1.0,0.0,351674289,294.125,1395.25
MOVE,0,1.0,0.0,351674313,283.7373,1365.3652
MOVE,0,1.0,0.0,351674330,221.6582,1206.7637
MOVE,0,1.0,0.0,351674346,151.10254,1054.2002
MOVE,0,1.0,0.0,351674359,16.875,893.375
UP,0,1.0,0.0,351674363,16.875,893.375
DOWN,0,1.0,0.0,351674713,240.75,1506.375
MOVE,0,1.0,0.0,351674763,259.7422,1378.9717
MOVE,0,1.0,0.0,351674779,210.06152,1130.8623
MOVE,0,1.0,0.0,351674795,50.0,930.125
UP,0,1.0,0.0,351674799,50.0,930.125
DOWN,0,1.0,0.0,351675085,347.375,1263.875
MOVE,0,1.0,0.0,351675113,339.62598,1328.2549
MOVE,0,1.0,0.0,351675130,318.4834,1383.6006
MOVE,0,1.0,0.0,351675146,299.5254,1415.9902
MOVE,0,1.0,0.0,351675163,285.54004,1435.3535
MOVE,0,1.0,0.0,351675179,271.8994,1431.0781
MOVE,0,1.0,0.0,351675196,254.68066,1363.8252
MOVE,0,1.0,0.0,351675213,217.54883,1179.7725
MOVE,0,1.0,0.0,351675229,143.72656,1019.6133
MOVE,0,1.0,0.0,351675247,9.5,865.0
UP,0,1.0,0.0,351675251,9.5,865.0
DOWN,0,1.0,0.0,351675512,316.625,1392.75
MOVE,0,1.0,0.0,351675546,307.63672,1360.4004
MOVE,0,1.0,0.0,351675563,226.99121,1144.2969
MOVE,0,1.0,0.0,351675579,65.54199,934.0674
MOVE,0,1.0,0.0,351675586,16.75,883.25
UP,0,1.0,0.0,351675591,16.75,883.25
DOWN,0,1.0,0.0,351675856,295.0,1317.75
MOVE,0,1.0,0.0,351675868,290.01074,1295.0938
MOVE,0,1.0,0.0,351675880,258.73438,1206.1738
MOVE,0,1.0,0.0,351675896,181.16699,1062.3857
MOVE,0,1.0,0.0,351675913,43.186523,915.2578
MOVE,0,1.0,0.0,351675917,13.875,885.0
UP,0,1.0,0.0,351675921,13.875,885.0
DOWN,0,1.0,0.0,351676262,314.375,1419.125
MOVE,0,1.0,0.0,351676315,311.375,1398.875
MOVE,0,1.0,0.0,351676329,286.2373,1318.9482
MOVE,0,1.0,0.0,351676346,162.49805,1085.0498
MOVE,0,1.0,0.0,351676357,51.25,954.75
UP,0,1.0,0.0,351676361,51.25,954.75
MOVE,0,1.0,0.0,351677046,313.82422,1332.5059
MOVE,0,1.0,0.0,351677048,313.125,1343.0
UP,0,1.0,0.0,351677052,313.125,1343.0
DOWN,0,1.0,0.0,351677402,267.5,1128.125
MOVE,0,1.0,0.0,351677430,267.76855,1172.5605
MOVE,0,1.0,0.0,351677446,253.41504,1344.166
MOVE,0,1.0,0.0,351677450,243.875,1370.0
UP,0,1.0,0.0,351677454,243.875,1370.0
DOWN,0,1.0,0.0,351677799,235.375,1076.625
MOVE,0,1.0,0.0,351677846,272.44434,1215.6836
MOVE,0,1.0,0.0,351677863,274.6455,1361.6357
MOVE,0,1.0,0.0,351677877,251.75,1462.0
UP,0,1.0,0.0,351677881,251.75,1462.0
DOWN,0,1.0,0.0,351678252,291.25,1091.125
MOVE,0,1.0,0.0,351678279,318.62012,1209.6104
MOVE,0,1.0,0.0,351678296,317.5957,1382.9053
MOVE,0,1.0,0.0,351678300,309.875,1418.375
UP,0,1.0,0.0,351678304,309.875,1418.375
DOWN,0,1.0,0.0,351678611,314.125,1114.375
MOVE,0,1.0,0.0,351678663,309.28906,1316.2559
MOVE,0,1.0,0.0,351678679,295.53027,1445.8799
MOVE,0,1.0,0.0,351678693,252.75,1507.0
UP,0,1.0,0.0,351678698,252.75,1507.0
DOWN,0,1.0,0.0,351679018,309.625,1100.5
MOVE,0,1.0,0.0,351679063,310.66406,1118.2383
MOVE,0,1.0,0.0,351679080,339.5039,1337.751
MOVE,0,1.0,0.0,351679095,339.0,1445.125
UP,0,1.0,0.0,351679100,339.0,1445.125
DOWN,0,1.0,0.0,351679448,313.875,1170.125
MOVE,0,1.0,0.0,351679513,312.33984,1196.5771
MOVE,0,1.0,0.0,351679529,305.67188,1357.4395
MOVE,0,1.0,0.0,351679543,297.5,1428.875
UP,0,1.0,0.0,351679548,297.5,1428.875
DOWN,0,1.0,0.0,351679795,346.75,1241.0
MOVE,0,1.0,0.0,351679846,338.03125,1207.75
MOVE,0,1.0,0.0,351679863,294.7373,1124.458
MOVE,0,1.0,0.0,351679880,269.15234,1082.2979
MOVE,0,1.0,0.0,351679896,236.79004,1037.0732
MOVE,0,1.0,0.0,351679913,190.47168,989.01465
MOVE,0,1.0,0.0,351679920,154.875,959.625
UP,0,1.0,0.0,351679924,154.875,959.625
MOVE,0,1.0,0.0,351692979,265.16016,1248.8887
MOVE,0,1.0,0.0,351692996,279.0752,1317.544
MOVE,0,1.0,0.0,351693011,292.25,1464.125
UP,0,1.0,0.0,351693015,292.25,1464.125
DOWN,0,1.0,0.0,351693258,273.75,1381.75
MOVE,0,1.0,0.0,351693283,273.625,1376.625
MOVE,0,1.0,0.0,351693296,250.91504,1262.4482
MOVE,0,1.0,0.0,351693313,206.24023,1134.6611
MOVE,0,1.0,0.0,351693329,130.05957,1016.8154
MOVE,0,1.0,0.0,351693341,21.625,889.0
UP,0,1.0,0.0,351693345,21.625,889.0
DOWN,0,1.0,0.0,351693552,220.75,1057.75
MOVE,0,1.0,0.0,351693613,234.55664,1187.1016
MOVE,0,1.0,0.0,351693629,206.01465,1316.71
MOVE,0,1.0,0.0,351693634,193.5,1337.375
UP,0,1.0,0.0,351693639,193.5,1337.375
DOWN,0,1.0,0.0,351693824,249.25,1226.875
MOVE,0,1.0,0.0,351693846,238.69336,1181.3545
MOVE,0,1.0,0.0,351693863,144.88184,992.25586
MOVE,0,1.0,0.0,351693881,16.5,851.25
UP,0,1.0,0.0,351693886,16.5,851.25
DOWN,0,1.0,0.0,351695394,354.875,694.875
MOVE,0,1.0,0.0,351695430,402.85938,923.2334
MOVE,0,1.0,0.0,351695447,432.75,1139.75
UP,0,1.0,0.0,351695451,432.75,1139.75
DOWN,0,1.0,0.0,351695792,212.625,837.375
MOVE,0,1.0,0.0,351695813,213.53027,872.10645
MOVE,0,1.0,0.0,351695829,230.3789,1052.2197
MOVE,0,1.0,0.0,351695846,234.58984,1242.335
MOVE,0,1.0,0.0,351695857,222.375,1392.875
UP,0,1.0,0.0,351695862,222.375,1392.875
DOWN,0,1.0,0.0,351771830,763.5,718.25
MOVE,0,1.0,0.0,351771846,748.22363,800.876
MOVE,0,1.0,0.0,351771863,718.14844,959.15625
MOVE,0,1.0,0.0,351771879,707.8008,1124.0928
MOVE,0,1.0,0.0,351771890,715.75,1276.875
UP,0,1.0,0.0,351771894,715.75,1276.875
DOWN,0,1.0,0.0,351772171,724.625,944.125
MOVE,0,1.0,0.0,351772196,706.1592,1058.2695
MOVE,0,1.0,0.0,351772213,691.56934,1207.8545
MOVE,0,1.0,0.0,351772230,692.7334,1429.6172
MOVE,0,1.0,0.0,351772233,697.5,1460.125
UP,0,1.0,0.0,351772237,697.5,1460.125
DOWN,0,1.0,0.0,351772472,692.625,882.125
MOVE,0,1.0,0.0,351772513,649.9531,1023.5449
MOVE,0,1.0,0.0,351772530,605.46875,1224.8086
MOVE,0,1.0,0.0,351772543,600.5,1367.25
UP,0,1.0,0.0,351772547,600.5,1367.25
DOWN,0,1.0,0.0,351772732,595.75,1280.375
MOVE,0,1.0,0.0,351772763,601.1084,1105.0947
MOVE,0,1.0,0.0,351772779,644.2627,947.30664
MOVE,0,1.0,0.0,351772794,738.875,744.375
UP,0,1.0,0.0,351772798,738.875,744.375
DOWN,0,1.0,0.0,351772991,547.625,1155.75
MOVE,0,1.0,0.0,351773016,547.5,1151.125
MOVE,0,1.0,0.0,351773029,544.5625,1025.8242
MOVE,0,1.0,0.0,351773046,594.0049,863.22266
MOVE,0,1.0,0.0,351773063,660.3672,740.6875
MOVE,0,1.0,0.0,351773079,720.0,654.375
UP,0,1.0,0.0,351773083,720.0,654.375
DOWN,0,1.0,0.0,351773255,583.625,1013.875
MOVE,0,1.0,0.0,351773268,585.2158,993.19727
MOVE,0,1.0,0.0,351773280,625.18555,835.96875
MOVE,0,1.0,0.0,351773296,698.19434,691.30176
MOVE,0,1.0,0.0,351773313,796.5625,567.1865
MOVE,0,1.0,0.0,351773322,867.0,493.375
UP,0,1.0,0.0,351773326,867.0,493.375
DOWN,0,1.0,0.0,351773432,727.125,668.125
MOVE,0,1.0,0.0,351773479,693.7119,867.72656
MOVE,0,1.0,0.0,351773489,672.125,1089.5
UP,0,1.0,0.0,351773493,672.125,1089.5
DOWN,0,1.0,0.0,351774065,374.875,759.375
MOVE,0,1.0,0.0,351774113,366.4922,817.1299
MOVE,0,1.0,0.0,351774129,349.97852,899.10547
MOVE,0,1.0,0.0,351774146,346.5,960.41797
MOVE,0,1.0,0.0,351774163,346.5,1014.2969
MOVE,0,1.0,0.0,351774176,346.0,1047.75
UP,0,1.0,0.0,351774180,346.0,1047.75
DOWN,0,1.0,0.0,351774273,289.125,803.125
MOVE,0,1.0,0.0,351774296,291.17285,777.5459
MOVE,0,1.0,0.0,351774313,311.77344,682.8428
MOVE,0,1.0,0.0,351774329,319.29102,603.60547
MOVE,0,1.0,0.0,351774335,318.25,589.5
UP,0,1.0,0.0,351774339,318.25,589.5
DOWN,0,1.0,0.0,351774591,504.25,1002.875
MOVE,0,1.0,0.0,351774632,504.0,994.125
MOVE,0,1.0,0.0,351774646,458.77734,832.33594
MOVE,0,1.0,0.0,351774663,383.42285,715.10156
MOVE,0,1.0,0.0,351774674,331.625,653.75
UP,0,1.0,0.0,351774678,331.625,653.75
DOWN,0,1.0,0.0,351774867,483.25,1116.5
MOVE,0,1.0,0.0,351774884,483.38184,1110.9463
MOVE,0,1.0,0.0,351774896,485.90918,1065.9541
MOVE,0,1.0,0.0,351774913,467.32617,925.10645
MOVE,0,1.0,0.0,351774930,365.51758,758.52246
MOVE,0,1.0,0.0,351774946,225.375,592.625
UP,0,1.0,0.0,351774950,225.375,592.625
DOWN,0,1.0,0.0,351775115,383.625,785.25
MOVE,0,1.0,0.0,351775146,342.61426,687.0703
MOVE,0,1.0,0.0,351775152,299.25,630.75
UP,0,1.0,0.0,351775156,299.25,630.75
MOVE,0,1.0,0.0,351794129,607.5049,1240.4316
MOVE,0,1.0,0.0,351794146,632.25195,1167.2021
MOVE,0,1.0,0.0,351794163,661.11914,1096.748
MOVE,0,1.0,0.0,351794177,694.125,1028.375
UP,0,1.0,0.0,351794181,694.125,1028.375
DOWN,0,1.0,0.0,351794324,716.375,1022.5
MOVE,0,1.0,0.0,351794363,686.2949,1084.2979
MOVE,0,1.0,0.0,351794380,645.41895,1210.2676
MOVE,0,1.0,0.0,351794396,643.9326,1301.8086
MOVE,0,1.0,0.0,351794413,660.0283,1410.3525
MOVE,0,1.0,0.0,351794416,663.875,1432.125
UP,0,1.0,0.0,351794420,663.875,1432.125
DOWN,0,1.0,0.0,351794559,707.625,1402.125
MOVE,0,1.0,0.0,351794646,713.4844,1284.0293
MOVE,0,1.0,0.0,351794659,741.125,1132.75
UP,0,1.0,0.0,351794663,741.125,1132.75
DOWN,0,1.0,0.0,351794823,662.75,1315.625
MOVE,0,1.0,0.0,351794896,689.626,1212.3223
MOVE,0,1.0,0.0,351794913,744.8457,1075.3672
MOVE,0,1.0,0.0,351794918,777.0,1011.875
UP,0,1.0,0.0,351794922,777.0,1011.875
DOWN,0,1.0,0.0,351795074,725.25,1226.0
MOVE,0,1.0,0.0,351795129,733.0654,1177.123
MOVE,0,1.0,0.0,351795144,777.25,1032.75
UP,0,1.0,0.0,351795148,777.25,1032.75
DOWN,0,1.0,0.0,351795317,678.0,1287.25
MOVE,0,1.0,0.0,351795363,680.8125,1267.7305
MOVE,0,1.0,0.0,351795380,725.25,1106.5107
MOVE,0,1.0,0.0,351795396,783.125,981.0
UP,0,1.0,0.0,351795400,783.125,981.0
DOWN,0,1.0,0.0,351795564,689.625,1245.0
MOVE,0,1.0,0.0,351795630,693.18945,1221.331
MOVE,0,1.0,0.0,351795646,746.1133,1064.9795
MOVE,0,1.0,0.0,351795651,779.75,997.25
UP,0,1.0,0.0,351795655,779.75,997.25
DOWN,0,1.0,0.0,351795820,706.75,1195.625
MOVE,0,1.0,0.0,351795879,707.06055,1181.6748
MOVE,0,1.0,0.0,351795898,763.75,1039.375
UP,0,1.0,0.0,351795902,763.75,1039.375
DOWN,0,1.0,0.0,351796084,713.0,1213.875
MOVE,0,1.0,0.0,351796163,708.8242,1188.5664
MOVE,0,1.0,0.0,351796174,719.375,1092.375
UP,0,1.0,0.0,351796178,719.375,1092.375
DOWN,0,1.0,0.0,351796460,773.375,994.625
MOVE,0,1.0,0.0,351796496,732.2246,1176.0664
MOVE,0,1.0,0.0,351796513,733.6738,1282.6123
MOVE,0,1.0,0.0,351796522,747.125,1331.625
UP,0,1.0,0.0,351796526,747.125,1331.625
DOWN,0,1.0,0.0,351796723,825.875,973.75
MOVE,0,1.0,0.0,351796763,799.1572,1076.4707
MOVE,0,1.0,0.0,351796780,784.95996,1286.2373
MOVE,0,1.0,0.0,351796786,793.625,1340.25
UP,0,1.0,0.0,351796790,793.625,1340.25
DOWN,0,1.0,0.0,351796996,784.625,1081.125
MOVE,0,1.0,0.0,351797030,779.66895,1111.2773
MOVE,0,1.0,0.0,351797046,768.9502,1285.831
MOVE,0,1.0,0.0,351797062,800.125,1425.625
UP,0,1.0,0.0,351797066,800.125,1425.625
DOWN,0,1.0,0.0,351797251,867.625,977.125
MOVE,0,1.0,0.0,351797296,842.9082,1047.9795
MOVE,0,1.0,0.0,351797313,807.49316,1299.8535
MOVE,0,1.0,0.0,351797317,816.625,1403.625
UP,0,1.0,0.0,351797321,816.625,1403.625
DOWN,0,1.0,0.0,351797502,862.75,974.25
MOVE,0,1.0,0.0,351797530,859.0547,993.75195
MOVE,0,1.0,0.0,351797546,804.10547,1136.5605
MOVE,0,1.0,0.0,351797563,782.167,1337.1455
MOVE,0,1.0,0.0,351797573,790.125,1484.75
UP,0,1.0,0.0,351797577,790.125,1484.75
DOWN,0,1.0,0.0,351797703,783.375,1433.0
MOVE,0,1.0,0.0,351797729,769.2168,1350.8369
MOVE,0,1.0,0.0,351797746,767.93555,1215.5527
MOVE,0,1.0,0.0,351797763,785.4883,1118.2695
MOVE,0,1.0,0.0,351797778,861.75,944.0
UP,0,1.0,0.0,351797782,861.75,944.0
DOWN,0,1.0,0.0,351797938,734.375,1283.0
MOVE,0,1.0,0.0,351797996,737.37695,1188.7744
MOVE,0,1.0,0.0,351798013,771.64844,1052.0029
MOVE,0,1.0,0.0,351798025,840.25,912.625
UP,0,1.0,0.0,351798029,840.25,912.625
DOWN,0,1.0,0.0,351798172,729.125,1226.0
MOVE,0,1.0,0.0,351798196,730.6328,1205.2949
MOVE,0,1.0,0.0,351798213,772.29297,1043.5908
MOVE,0,1.0,0.0,351798229,846.81836,889.7285
MOVE,0,1.0,0.0,351798234,871.125,846.25
UP,0,1.0,0.0,351798239,871.125,846.25
DOWN,0,1.0,0.0,351798386,727.0,1290.5
MOVE,0,1.0,0.0,351798413,742.24414,1165.0361
MOVE,0,1.0,0.0,351798430,791.10645,1029.3818
MOVE,0,1.0,0.0,351798446,856.25977,903.1992
MOVE,0,1.0,0.0,351798456,898.625,823.0
UP,0,1.0,0.0,351798460,898.625,823.0
DOWN,0,1.0,0.0,351798578,738.875,1157.375
MOVE,0,1.0,0.0,351798629,765.35254,1077.706
MOVE,0,1.0,0.0,351798645,868.125,883.0
UP,0,1.0,0.0,351798649,868.125,883.0
DOWN,0,1.0,0.0,351798818,879.5,823.875
MOVE,0,1.0,0.0,351798880,880.81445,818.1738
MOVE,0,1.0,0.0,351798896,917.1074,763.06934
MOVE,0,1.0,0.0,351798913,926.4082,756.1123
MOVE,0,1.0,0.0,351798919,927.3125,755.75
MOVE,0,1.0,0.0,351798946,923.83984,757.84375
MOVE,0,1.0,0.0,351798963,908.6113,781.10156
MOVE,0,1.0,0.0,351798979,844.58594,928.2471
MOVE,0,1.0,0.0,351798996,800.4375,1102.0176
MOVE,0,1.0,0.0,351799012,786.69824,1262.1836
MOVE,0,1.0,0.0,351799029,792.38965,1344.1094
MOVE,0,1.0,0.0,351799046,795.26074,1356.5918
MOVE,0,1.0,0.0,351799063,800.25,1349.625
UP,0,1.0,0.0,351799067,800.25,1349.625
DOWN,0,1.0,0.0,351799156,830.75,984.25
MOVE,0,1.0,0.0,351799213,773.0215,1186.9697
MOVE,0,1.0,0.0,351799229,770.05664,1343.0312
MOVE,0,1.0,0.0,351799239,783.0,1407.25
UP,0,1.0,0.0,351799243,783.0,1407.25
DOWN,0,1.0,0.0,351799354,828.5,1021.75
MOVE,0,1.0,0.0,351799396,798.9248,1186.3018
MOVE,0,1.0,0.0,351799407,794.875,1384.0
UP,0,1.0,0.0,351799411,794.875,1384.0
DOWN,0,1.0,0.0,351828405,518.5,961.5
DOWN,1,1.0,0.0,351828405,557.5,1177.75
MOVE,0,1.0,0.0,351828479,517.6875,973.3242
MOVE,1,1.0,0.0,351828479,550.1084,1230.3008
MOVE,0,1.0,0.0,351828496,510.27246,1025.4717
MOVE,1,1.0,0.0,351828496,544.9922,1258.7832
MOVE,0,1.0,0.0,351828513,509.875,1051.248
MOVE,1,1.0,0.0,351828513,545.2871,1291.1826
MOVE,0,1.0,0.0,351828529,512.4707,1081.4893
MOVE,1,1.0,0.0,351828529,547.7207,1324.6846
MOVE,0,1.0,0.0,351828546,518.6133,1114.5303
MOVE,1,1.0,0.0,351828546,553.4463,1360.2627
MOVE,0,1.0,0.0,351828563,525.61914,1149.5312
MOVE,1,1.0,0.0,351828563,557.2207,1394.1084
MOVE,0,1.0,0.0,351828579,529.70215,1183.5713
MOVE,1,1.0,0.0,351828579,559.2002,1425.6426
MOVE,0,1.0,0.0,351828596,533.02344,1206.2812
MOVE,1,1.0,0.0,351828596,560.1992,1445.1104
MOVE,0,1.0,0.0,351828613,533.5,1224.1396
MOVE,1,1.0,0.0,351828613,560.88574,1457.1924
MOVE,0,1.0,0.0,351828629,533.5,1238.4668
MOVE,1,1.0,0.0,351828629,561.8916,1470.2275
MOVE,0,1.0,0.0,351828646,533.5,1244.4834
MOVE,1,1.0,0.0,351828646,562.375,1479.2471
MOVE,0,1.0,0.0,351828663,533.5,1247.6494
MOVE,1,1.0,0.0,351828663,562.375,1482.8994
MOVE,0,1.0,0.0,351828679,533.5,1249.5498
MOVE,1,1.0,0.0,351828679,562.375,1485.6074
MOVE,0,1.0,0.0,351828696,533.5,1250.4326
MOVE,1,1.0,0.0,351828696,562.375,1488.5938
MOVE,0,1.0,0.0,351828713,533.43555,1251.0645
MOVE,1,1.0,0.0,351828713,562.375,1491.8262
MOVE,0,1.0,0.0,351828729,532.7451,1252.1299
MOVE,1,1.0,0.0,351828729,562.375,1494.4443
MOVE,0,1.0,0.0,351828746,532.25,1253.1865
MOVE,1,1.0,0.0,351828746,564.0615,1497.373
MOVE,0,1.0,0.0,351828748,532.25,1253.375
MOVE,1,1.0,0.0,351828748,564.5,1498.0
UP,1,1.0,0.0,351828752,564.5,1498.0
MOVE,0,1.0,0.0,351828763,532.25,1260.8008
MOVE,0,1.0,0.0,351828764,532.25,1262.0
UP,0,1.0,0.0,351828769,532.25,1262.0
DOWN,0,1.0,0.0,351829289,590.0,1262.125
DOWN,1,1.0,0.0,351829309,652.0,1499.5
MOVE,0,1.0,0.0,351829363,594.2012,1202.9961
MOVE,1,1.0,0.0,351829363,668.001,1435.1006
MOVE,0,1.0,0.0,351829379,596.75,1152.4307
MOVE,1,1.0,0.0,351829379,676.917,1388.0557
MOVE,0,1.0,0.0,351829396,594.92285,1102.794
MOVE,1,1.0,0.0,351829396,678.38477,1339.2412
MOVE,0,1.0,0.0,351829413,583.5332,1041.3496
MOVE,1,1.0,0.0,351829413,675.08496,1284.7969
MOVE,0,1.0,0.0,351829429,566.64746,986.4209
MOVE,1,1.0,0.0,351829429,664.4385,1229.5674
MOVE,0,1.0,0.0,351829446,544.97266,937.5703
MOVE,1,1.0,0.0,351829446,644.6162,1169.2959
MOVE,0,1.0,0.0,351829463,523.9785,892.68945
MOVE,1,1.0,0.0,351829463,619.83594,1108.1543
MOVE,0,1.0,0.0,351829479,504.11523,854.9541
MOVE,1,1.0,0.0,351829479,598.49023,1063.7637
MOVE,0,1.0,0.0,351829484,499.125,847.125
MOVE,1,1.0,0.0,351829484,593.375,1054.125
UP,1,1.0,0.0,351829488,593.375,1054.125
MOVE,0,1.0,0.0,351829496,476.17773,819.0459
MOVE,0,1.0,0.0,351829500,470.875,813.25
UP,0,1.0,0.0,351829505,470.875,813.25
DOWN,0,1.0,0.0,351829742,614.0,1262.875
DOWN,1,1.0,0.0,351829750,674.0,1531.0
MOVE,0,1.0,0.0,351829829,609.37695,1182.0156
MOVE,1,1.0,0.0,351829829,674.75,1464.2627
MOVE,0,1.0,0.0,351829846,599.41504,1132.206
MOVE,1,1.0,0.0,351829846,674.62695,1417.5645
MOVE,0,1.0,0.0,351829863,593.5029,1097.376
MOVE,1,1.0,0.0,351829863,673.41797,1386.8047
MOVE,0,1.0,0.0,351829879,585.2656,1052.7412
MOVE,1,1.0,0.0,351829879,669.61816,1346.2627
MOVE,0,1.0,0.0,351829896,575.0762,1014.5547
MOVE,1,1.0,0.0,351829896,665.13965,1311.4307
MOVE,0,1.0,0.0,351829913,562.2373,979.4238
MOVE,1,1.0,0.0,351829913,659.7627,1280.4492
MOVE,0,1.0,0.0,351829929,547.5166,950.0342
MOVE,1,1.0,0.0,351829929,653.375,1255.624
MOVE,0,1.0,0.0,351829946,533.2705,922.0615
MOVE,1,1.0,0.0,351829946,646.9619,1231.0703
MOVE,0,1.0,0.0,351829963,523.6699,902.08984
MOVE,1,1.0,0.0,351829963,642.06445,1212.8398
MOVE,0,1.0,0.0,351829979,512.8926,881.0088
MOVE,1,1.0,0.0,351829979,634.7627,1190.1631
MOVE,0,1.0,0.0,351829996,505.1582,864.1211
MOVE,1,1.0,0.0,351829996,628.6582,1168.5771
MOVE,0,1.0,0.0,351830013,501.49512,854.70703
MOVE,1,1.0,0.0,351830013,624.2412,1155.0381
MOVE,0,1.0,0.0,351830029,499.1504,850.67676
MOVE,1,1.0,0.0,351830029,621.85156,1148.4648
MOVE,0,1.0,0.0,351830046,496.45605,846.9131
MOVE,1,1.0,0.0,351830046,619.41504,1143.7461
MOVE,0,1.0,0.0,351830063,493.87012,843.9053
MOVE,1,1.0,0.0,351830063,618.23047,1141.21
MOVE,0,1.0,0.0,351830079,490.94727,841.1582
MOVE,1,1.0,0.0,351830079,616.9541,1138.5723
MOVE,0,1.0,0.0,351830096,489.4463,839.6963
MOVE,1,1.0,0.0,351830096,615.8213,1136.1426
MOVE,0,1.0,0.0,351830113,488.53906,838.875
MOVE,1,1.0,0.0,351830113,615.03906,1134.3672
MOVE,0,1.0,0.0,351830129,488.5,838.875
MOVE,1,1.0,0.0,351830129,614.625,1132.8711
MOVE,0,1.0,0.0,351830146,488.5,838.875
MOVE,1,1.0,0.0,351830146,614.5,1132.1641
MOVE,0,1.0,0.0,351830163,488.375,838.75
MOVE,1,1.0,0.0,351830163,614.5,1131.9229
MOVE,0,1.0,0.0,351830175,488.375,838.75
MOVE,1,1.0,0.0,351830175,614.5,1131.5625
MOVE,0,1.0,0.0,351830229,488.375,838.75
MOVE,1,1.0,0.0,351830229,613.72266,1132.127
MOVE,0,1.0,0.0,351830246,486.99023,841.6553
MOVE,1,1.0,0.0,351830246,604.52637,1143.0225
MOVE,0,1.0,0.0,351830263,484.875,856.22754
MOVE,1,1.0,0.0,351830263,593.4209,1164.5254
MOVE,0,1.0,0.0,351830279,486.7578,894.6758
MOVE,1,1.0,0.0,351830279,584.4541,1200.7021
MOVE,0,1.0,0.0,351830296,499.16504,960.1113
MOVE,1,1.0,0.0,351830296,582.6621,1265.6309
MOVE,0,1.0,0.0,351830313,517.33984,1046.1895
MOVE,1,1.0,0.0,351830313,593.34375,1356.1621
MOVE,0,1.0,0.0,351830329,534.63574,1143.3867
MOVE,1,1.0,0.0,351830329,600.0742,1456.123
MOVE,0,1.0,0.0,351830340,543.75,1200.625
MOVE,1,1.0,0.0,351830340,600.625,1505.125
UP,1,1.0,0.0,351830343,600.625,1505.125
MOVE,0,1.0,0.0,351830346,548.81445,1233.4131
MOVE,0,1.0,0.0,351830363,559.917,1292.2783
MOVE,0,1.0,0.0,351830379,571.1045,1335.3252
MOVE,0,1.0,0.0,351830389,577.625,1355.125
UP,0,1.0,0.0,351830393,577.625,1355.125
DOWN,0,1.0,0.0,351830636,582.875,1175.625
DOWN,1,1.0,0.0,351830652,658.25,1419.25
MOVE,0,1.0,0.0,351830679,578.8789,1130.1982
MOVE,1,1.0,0.0,351830679,661.59375,1389.3906
MOVE,0,1.0,0.0,351830696,548.86426,1003.86035
MOVE,1,1.0,0.0,351830696,671.7793,1293.6387
MOVE,0,1.0,0.0,351830713,514.1338,894.8916
MOVE,1,1.0,0.0,351830713,669.70605,1207.1445
MOVE,0,1.0,0.0,351830729,454.82812,777.15137
MOVE,1,1.0,0.0,351830729,646.67285,1103.7266
MOVE,0,1.0,0.0,351830739,415.875,720.75
MOVE,1,1.0,0.0,351830739,602.875,1011.25
UP,1,1.0,0.0,351830743,602.875,1011.25
MOVE,0,1.0,0.0,351830743,387.0,681.75
UP,0,1.0,0.0,351830747,387.0,681.75
DOWN,0,1.0,0.0,351830992,516.25,823.5
DOWN,1,1.0,0.0,351830999,685.5,1146.75
MOVE,0,1.0,0.0,351831046,516.03516,815.78613
MOVE,1,1.0,0.0,351831046,685.52734,1141.1445
MOVE,0,1.0,0.0,351831062,483.16504,719.166
MOVE,1,1.0,0.0,351831062,683.42285,1063.5615
MOVE,0,1.0,0.0,351831079,452.6914,668.76855
MOVE,1,1.0,0.0,351831079,668.58984,1011.19336
MOVE,0,1.0,0.0,351831096,422.8496,617.6113
MOVE,1,1.0,0.0,351831096,652.25586,957.9199
MOVE,0,1.0,0.0,351831113,392.36328,566.77637
MOVE,1,1.0,0.0,351831113,639.9072,913.1787
MOVE,0,1.0,0.0,351831129,352.04883,511.88086
MOVE,1,1.0,0.0,351831129,608.8379,851.7744
MOVE,0,1.0,0.0,351831133,342.875,501.5
MOVE,1,1.0,0.0,351831133,597.25,834.875
UP,0,1.0,0.0,351831137,342.875,501.5
MOVE,1,1.0,0.0,351831137,587.375,821.375
UP,1,1.0,0.0,351831141,587.375,821.375
DOWN,0,1.0,0.0,351831850,657.5,1062.875
DOWN,1,1.0,0.0,351831861,544.5,768.0
MOVE,0,1.0,0.0,351831899,657.0,1067.25
MOVE,1,1.0,0.0,351831899,544.5,768.0
MOVE,0,1.0,0.0,351831913,632.83203,1127.1289
MOVE,1,1.0,0.0,351831913,539.24316,812.8779
MOVE,0,1.0,0.0,351831929,606.55176,1184.793
MOVE,1,1.0,0.0,351831929,526.4961,898.2012
MOVE,0,1.0,0.0,351831946,587.6211,1249.1406
MOVE,1,1.0,0.0,351831946,513.92676,982.01465
MOVE,0,1.0,0.0,351831963,573.1582,1304.8428
MOVE,1,1.0,0.0,351831963,492.66992,1066.2412
MOVE,0,1.0,0.0,351831970,566.0,1328.0
MOVE,1,1.0,0.0,351831970,482.75,1100.75
UP,0,1.0,0.0,351831974,566.0,1328.0
UP,1,1.0,0.0,351831974,482.75,1100.75
DOWN,0,1.0,0.0,351832315,491.875,776.875
DOWN,1,1.0,0.0,351832326,577.375,1058.625
MOVE,0,1.0,0.0,351832363,480.67285,826.05664
MOVE,1,1.0,0.0,351832363,570.9629,1094.585
MOVE,0,1.0,0.0,351832380,447.53613,933.0752
MOVE,1,1.0,0.0,351832380,542.50195,1175.0195
MOVE,0,1.0,0.0,351832396,412.3213,1018.2549
MOVE,1,1.0,0.0,351832396,514.1953,1233.542
MOVE,0,1.0,0.0,351832401,398.875,1045.25
MOVE,1,1.0,0.0,351832401,506.75,1246.125
UP,1,1.0,0.0,351832405,506.75,1246.125
MOVE,0,1.0,0.0,351832409,377.875,1128.625
UP,0,1.0,0.0,351832413,377.875,1128.625
DOWN,0,1.0,0.0,351834046,556.75,1328.75
DOWN,1,1.0,0.0,351834062,511.25,1084.375
MOVE,0,1.0,0.0,351834129,558.6758,1317.8486
MOVE,1,1.0,0.0,351834129,510.06055,1049.4365
MOVE,0,1.0,0.0,351834146,571.5537,1236.2188
MOVE,1,1.0,0.0,351834146,507.42383,1018.7383
MOVE,0,1.0,0.0,351834163,573.0,1217.8301
MOVE,1,1.0,0.0,351834163,505.71484,1008.2197
MOVE,0,1.0,0.0,351834179,573.1416,1206.0488
MOVE,1,1.0,0.0,351834179,505.125,1001.9492
MOVE,0,1.0,0.0,351834196,574.542,1198.3428
MOVE,1,1.0,0.0,351834196,504.625,996.4678
MOVE,0,1.0,0.0,351834213,575.77637,1193.1436
MOVE,1,1.0,0.0,351834213,504.625,990.25586
MOVE,0,1.0,0.0,351834229,577.1543,1189.6914
MOVE,1,1.0,0.0,351834229,504.625,986.05664
MOVE,0,1.0,0.0,351834246,578.916,1186.1885
MOVE,1,1.0,0.0,351834246,504.625,982.69824
MOVE,0,1.0,0.0,351834263,581.16895,1183.1973
MOVE,1,1.0,0.0,351834263,504.625,980.33984
MOVE,0,1.0,0.0,351834279,584.03516,1180.0908
MOVE,1,1.0,0.0,351834279,505.00586,977.9707
MOVE,0,1.0,0.0,351834296,587.6328,1177.1172
MOVE,1,1.0,0.0,351834296,505.875,975.9971
MOVE,0,1.0,0.0,351834313,592.44824,1174.1475
MOVE,1,1.0,0.0,351834313,506.49023,975.3779
MOVE,0,1.0,0.0,351834317,594.5,1173.5
MOVE,1,1.0,0.0,351834317,507.625,975.625
UP,0,1.0,0.0,351834321,594.5,1173.5
MOVE,1,1.0,0.0,351834321,512.25,977.75
UP,1,1.0,0.0,351834325,512.25,977.75
DOWN,0,1.0,0.0,351837200,501.5,1416.0
DOWN,1,1.0,0.0,351837214,361.25,1146.25
MOVE,0,1.0,0.0,351837280,500.32422,1378.4961
MOVE,1,1.0,0.0,351837280,361.25,1146.25
MOVE,0,1.0,0.0,351837296,500.5625,1323.0635
MOVE,1,1.0,0.0,351837296,361.25,1108.251
MOVE,0,1.0,0.0,351837313,504.58496,1307.7959
MOVE,1,1.0,0.0,351837313,362.40918,1078.1924
MOVE,0,1.0,0.0,351837329,508.66113,1299.7031
MOVE,1,1.0,0.0,351837329,364.44043,1067.1777
MOVE,0,1.0,0.0,351837346,513.6074,1292.6963
MOVE,1,1.0,0.0,351837346,367.21387,1057.125
MOVE,0,1.0,0.0,351837363,518.8584,1287.0283
MOVE,1,1.0,0.0,351837363,369.2256,1050.5977
MOVE,0,1.0,0.0,351837379,525.751,1278.1943
MOVE,1,1.0,0.0,351837379,370.0,1039.5146
MOVE,0,1.0,0.0,351837396,533.4287,1264.5537
MOVE,1,1.0,0.0,351837396,369.1787,1019.51855
MOVE,0,1.0,0.0,351837413,538.9414,1251.2754
MOVE,1,1.0,0.0,351837413,366.20703,998.3701
MOVE,0,1.0,0.0,351837429,546.02246,1229.0322
MOVE,1,1.0,0.0,351837429,360.05273,963.4346
MOVE,0,1.0,0.0,351837446,551.7637,1206.1631
MOVE,1,1.0,0.0,351837446,353.61914,935.9971
MOVE,0,1.0,0.0,351837463,555.32227,1186.5059
MOVE,1,1.0,0.0,351837463,348.17773,916.08594
MOVE,0,1.0,0.0,351837479,559.2295,1172.4033
MOVE,1,1.0,0.0,351837479,346.0,903.6875
MOVE,0,1.0,0.0,351837496,562.6572,1166.4756
MOVE,1,1.0,0.0,351837496,346.03906,900.21875
MOVE,0,1.0,0.0,351837513,563.667,1165.25
MOVE,1,1.0,0.0,351837513,347.95703,899.125
MOVE,0,1.0,0.0,351837529,566.2715,1169.248
MOVE,1,1.0,0.0,351837529,353.68066,901.7656
MOVE,0,1.0,0.0,351837546,571.09863,1187.0977
MOVE,1,1.0,0.0,351837546,361.6875,911.9404
MOVE,0,1.0,0.0,351837563,573.4131,1212.5254
MOVE,1,1.0,0.0,351837563,370.97266,928.292
MOVE,0,1.0,0.0,351837579,572.73535,1252.4795
MOVE,1,1.0,0.0,351837579,386.24805,966.0293
MOVE,0,1.0,0.0,351837596,569.2832,1289.8594
MOVE,1,1.0,0.0,351837596,396.83105,1005.47363
MOVE,0,1.0,0.0,351837613,565.53125,1331.9707
MOVE,1,1.0,0.0,351837613,405.8125,1050.4707
MOVE,0,1.0,0.0,351837629,563.625,1374.0176
MOVE,1,1.0,0.0,351837629,414.14844,1097.0986
MOVE,0,1.0,0.0,351837646,563.0576,1412.1152
MOVE,1,1.0,0.0,351837646,419.2373,1140.8838
MOVE,0,1.0,0.0,351837663,561.0449,1437.0332
MOVE,1,1.0,0.0,351837663,420.375,1171.9072
MOVE,0,1.0,0.0,351837679,559.7803,1447.2705
MOVE,1,1.0,0.0,351837679,420.375,1187.6084
MOVE,0,1.0,0.0,351837683,558.75,1450.875
MOVE,1,1.0,0.0,351837683,420.375,1193.375
UP,0,1.0,0.0,351837686,558.75,1450.875
MOVE,1,1.0,0.0,351837686,420.375,1195.5
UP,1,1.0,0.0,351837691,420.375,1195.5
DOWN,0,1.0,0.0,351837905,547.5,1556.0
DOWN,1,1.0,0.0,351837913,370.625,1268.125
MOVE,0,1.0,0.0,351837963,548.6084,1531.7852
MOVE,1,1.0,0.0,351837963,370.41602,1252.8389
MOVE,0,1.0,0.0,351837980,550.75,1430.9844
MOVE,1,1.0,0.0,351837980,367.00098,1185.7734
MOVE,0,1.0,0.0,351837996,552.166,1377.8037
MOVE,1,1.0,0.0,351837996,359.5166,1135.3047
MOVE,0,1.0,0.0,351838013,555.16797,1325.585
MOVE,1,1.0,0.0,351838013,345.1494,1071.7773
MOVE,0,1.0,0.0,351838030,558.5713,1282.874
MOVE,1,1.0,0.0,351838030,328.83008,1018.6865
MOVE,0,1.0,0.0,351838046,561.68164,1244.2383
MOVE,1,1.0,0.0,351838046,313.67578,971.00977
MOVE,0,1.0,0.0,351838063,565.7959,1207.4355
MOVE,1,1.0,0.0,351838063,301.2041,926.62695
MOVE,0,1.0,0.0,351838079,566.9707,1181.2949
MOVE,1,1.0,0.0,351838079,291.7744,896.8877
MOVE,0,1.0,0.0,351838096,568.93945,1162.333
MOVE,1,1.0,0.0,351838096,285.08984,877.583
MOVE,0,1.0,0.0,351838113,570.3955,1152.4824
MOVE,1,1.0,0.0,351838113,281.74414,868.69727
MOVE,0,1.0,0.0,351838129,571.05176,1147.0068
MOVE,1,1.0,0.0,351838129,279.48535,863.13184
MOVE,0,1.0,0.0,351838146,571.5,1144.0713
MOVE,1,1.0,0.0,351838146,278.5,860.99316
MOVE,0,1.0,0.0,351838163,571.5,1143.166
MOVE,1,1.0,0.0,351838163,278.375,860.625
MOVE,0,1.0,0.0,351838166,571.5,1143.0625
MOVE,1,1.0,0.0,351838166,278.375,860.625
MOVE,0,1.0,0.0,351838263,571.0576,1143.5674
MOVE,1,1.0,0.0,351838263,278.25,860.625
MOVE,0,1.0,0.0,351838279,569.5449,1145.7168
MOVE,1,1.0,0.0,351838279,277.875,860.625
MOVE,0,1.0,0.0,351838296,567.86914,1147.9531
MOVE,1,1.0,0.0,351838296,277.55957,860.9404
MOVE,0,1.0,0.0,351838313,566.93555,1149.3789
MOVE,1,1.0,0.0,351838313,276.49707,861.81445
MOVE,0,1.0,0.0,351838329,566.25,1150.1836
MOVE,1,1.0,0.0,351838329,276.125,862.125
MOVE,0,1.0,0.0,351838346,566.125,1150.5
MOVE,1,1.0,0.0,351838346,276.0,862.2168
MOVE,0,1.0,0.0,351838363,566.0,1150.5928
MOVE,1,1.0,0.0,351838363,276.0,862.25
MOVE,0,1.0,0.0,351838369,566.0,1150.6875
MOVE,1,1.0,0.0,351838369,276.0,862.25
MOVE,0,1.0,0.0,351838546,565.66895,1150.832
MOVE,1,1.0,0.0,351838546,276.0,862.25
MOVE,0,1.0,0.0,351838562,565.21387,1151.1611
MOVE,1,1.0,0.0,351838562,276.0,862.25
MOVE,0,1.0,0.0,351838579,564.5908,1151.7842
MOVE,1,1.0,0.0,351838579,276.0,862.25
MOVE,0,1.0,0.0,351838596,563.8428,1152.375
MOVE,1,1.0,0.0,351838596,275.875,862.25
MOVE,0,1.0,0.0,351838612,563.625,1152.625
MOVE,1,1.0,0.0,351838612,275.75,862.4082
MOVE,0,1.0,0.0,351838629,563.625,1152.625
MOVE,1,1.0,0.0,351838629,275.375,862.7793
MOVE,0,1.0,0.0,351838728,563.625,1152.625
MOVE,1,1.0,0.0,351838728,275.25,862.75
MOVE,0,1.0,0.0,351838846,563.2256,1153.0488
MOVE,1,1.0,0.0,351838846,275.25,862.75
MOVE,0,1.0,0.0,351838863,560.6865,1156.9893
MOVE,1,1.0,0.0,351838863,274.8623,863.2627
MOVE,0,1.0,0.0,351838879,557.5498,1161.7451
MOVE,1,1.0,0.0,351838879,274.3672,864.39746
MOVE,0,1.0,0.0,351838896,553.2363,1168.5928
MOVE,1,1.0,0.0,351838896,274.125,865.7998
MOVE,0,1.0,0.0,351838913,544.4844,1183.1787
MOVE,1,1.0,0.0,351838913,274.125,868.69336
MOVE,0,1.0,0.0,351838929,528.04395,1212.041
MOVE,1,1.0,0.0,351838929,274.125,875.47363
MOVE,0,1.0,0.0,351838946,514.6846,1242.5967
MOVE,1,1.0,0.0,351838946,274.6172,892.0283
MOVE,0,1.0,0.0,351838963,506.73926,1267.791
MOVE,1,1.0,0.0,351838963,279.13477,913.9219
MOVE,0,1.0,0.0,351838979,499.00293,1298.6133
MOVE,1,1.0,0.0,351838979,286.99707,946.6133
MOVE,0,1.0,0.0,351838996,493.75,1331.5215
MOVE,1,1.0,0.0,351838996,297.00684,980.0254
MOVE,0,1.0,0.0,351839013,494.12598,1357.081
MOVE,1,1.0,0.0,351839013,304.73926,1012.57324
MOVE,0,1.0,0.0,351839029,492.76562,1385.835
MOVE,1,1.0,0.0,351839029,310.8164,1043.6621
MOVE,0,1.0,0.0,351839046,488.83105,1411.2461
MOVE,1,1.0,0.0,351839046,315.19336,1075.8594
MOVE,0,1.0,0.0,351839063,486.042,1427.5049
MOVE,1,1.0,0.0,351839063,316.85742,1098.04
MOVE,0,1.0,0.0,351839079,482.375,1444.1963
MOVE,1,1.0,0.0,351839079,317.625,1123.3574
MOVE,0,1.0,0.0,351839096,479.8252,1457.6719
MOVE,1,1.0,0.0,351839096,317.625,1143.9443
MOVE,0,1.0,0.0,351839113,478.1797,1468.2529
MOVE,1,1.0,0.0,351839113,317.625,1158.7822
MOVE,0,1.0,0.0,351839129,477.375,1473.9111
MOVE,1,1.0,0.0,351839129,317.625,1165.8662
MOVE,0,1.0,0.0,351839146,477.26562,1477.1406
MOVE,1,1.0,0.0,351839146,317.03125,1170.7188
MOVE,0,1.0,0.0,351839163,476.76855,1480.1592
MOVE,1,1.0,0.0,351839163,315.21582,1175.6943
MOVE,0,1.0,0.0,351839179,474.38477,1485.1055
MOVE,1,1.0,0.0,351839179,313.13477,1180.1504
MOVE,0,1.0,0.0,351839196,472.41895,1488.3906
MOVE,1,1.0,0.0,351839196,310.56543,1184.2441
MOVE,0,1.0,0.0,351839213,471.17773,1490.5459
MOVE,1,1.0,0.0,351839213,307.5078,1188.5381
MOVE,0,1.0,0.0,351839229,470.375,1491.3438
MOVE,1,1.0,0.0,351839229,304.44043,1191.748
MOVE,0,1.0,0.0,351839246,470.375,1491.375
MOVE,1,1.0,0.0,351839246,302.03613,1193.3105
MOVE,0,1.0,0.0,351839263,470.375,1491.375
MOVE,1,1.0,0.0,351839263,301.06543,1193.625
MOVE,0,1.0,0.0,351839279,469.15332,1488.3359
MOVE,1,1.0,0.0,351839279,300.15527,1193.625
MOVE,0,1.0,0.0,351839296,465.28613,1472.0557
MOVE,1,1.0,0.0,351839296,298.62695,1192.7842
MOVE,0,1.0,0.0,351839313,461.88574,1453.2881
MOVE,1,1.0,0.0,351839313,296.75586,1189.6084
MOVE,0,1.0,0.0,351839329,461.17285,1426.957
MOVE,1,1.0,0.0,351839329,296.375,1182.0693
MOVE,0,1.0,0.0,351839346,464.82422,1400.5049
MOVE,1,1.0,0.0,351839346,298.62695,1171.6016
MOVE,0,1.0,0.0,351839363,474.69824,1369.3633
MOVE,1,1.0,0.0,351839363,303.5371,1156.1406
MOVE,0,1.0,0.0,351839379,486.12012,1336.3271
MOVE,1,1.0,0.0,351839379,309.26953,1135.0908
MOVE,0,1.0,0.0,351839396,497.0332,1309.3203
MOVE,1,1.0,0.0,351839396,314.875,1111.7295
MOVE,0,1.0,0.0,351839413,507.08496,1286.7197
MOVE,1,1.0,0.0,351839413,318.53223,1088.1865
MOVE,0,1.0,0.0,351839429,515.9287,1267.2998
MOVE,1,1.0,0.0,351839429,322.00195,1061.4678
MOVE,0,1.0,0.0,351839446,527.3545,1247.0127
MOVE,1,1.0,0.0,351839446,323.89258,1036.916
MOVE,0,1.0,0.0,351839463,539.1963,1229.2637
MOVE,1,1.0,0.0,351839463,326.0459,1015.51855
MOVE,0,1.0,0.0,351839479,551.0049,1211.8076
MOVE,1,1.0,0.0,351839479,327.25,997.78516
MOVE,0,1.0,0.0,351839496,556.99316,1201.835
MOVE,1,1.0,0.0,351839496,327.25,987.20996
MOVE,0,1.0,0.0,351839513,561.47754,1193.4043
MOVE,1,1.0,0.0,351839513,327.25,977.4971
MOVE,0,1.0,0.0,351839529,563.6328,1188.8594
MOVE,1,1.0,0.0,351839529,327.25,972.166
MOVE,0,1.0,0.0,351839546,565.24414,1185.8857
MOVE,1,1.0,0.0,351839546,327.25,968.08203
MOVE,0,1.0,0.0,351839563,565.80566,1184.5693
MOVE,1,1.0,0.0,351839563,327.25,965.5127
MOVE,0,1.0,0.0,351839579,565.875,1184.1885
MOVE,1,1.0,0.0,351839579,327.18848,964.9385
MOVE,0,1.0,0.0,351839596,566.0,1184.0
MOVE,1,1.0,0.0,351839596,326.93945,964.43945
MOVE,0,1.0,0.0,351839611,566.0,1184.0
MOVE,1,1.0,0.0,351839611,326.6875,964.1875
MOVE,0,1.0,0.0,351839629,566.0,1183.875
MOVE,1,1.0,0.0,351839629,326.31934,963.81934
MOVE,0,1.0,0.0,351839646,566.0,1183.625
MOVE,1,1.0,0.0,351839646,325.94336,963.31836
MOVE,0,1.0,0.0,351839663,566.0,1183.625
MOVE,1,1.0,0.0,351839663,325.875,963.1084
MOVE,0,1.0,0.0,351839679,566.0,1183.5
MOVE,1,1.0,0.0,351839679,325.875,963.1084
MOVE,0,1.0,0.0,351839696,566.0,1183.5
MOVE,1,1.0,0.0,351839696,325.75,962.75
MOVE,0,1.0,0.0,351839713,566.125,1182.9121
MOVE,1,1.0,0.0,351839713,325.75,962.5
MOVE,0,1.0,0.0,351839729,566.25,1182.4531
MOVE,1,1.0,0.0,351839729,325.45312,962.2031
MOVE,0,1.0,0.0,351839745,566.25,1182.375
MOVE,1,1.0,0.0,351839745,325.1875,961.9375
MOVE,0,1.0,0.0,351839763,566.25,1182.375
MOVE,1,1.0,0.0,351839763,324.875,961.4541
MOVE,0,1.0,0.0,351839779,566.25,1182.375
MOVE,1,1.0,0.0,351839779,324.5,960.58594
MOVE,0,1.0,0.0,351839796,566.25,1182.375
MOVE,1,1.0,0.0,351839796,323.95703,959.7461
MOVE,0,1.0,0.0,351839813,566.375,1181.7559
MOVE,1,1.0,0.0,351839813,323.0459,957.9668
MOVE,0,1.0,0.0,351839829,566.5,1180.1084
MOVE,1,1.0,0.0,351839829,321.6797,955.5381
MOVE,0,1.0,0.0,351839846,567.03125,1177.5342
MOVE,1,1.0,0.0,351839846,320.28223,952.4707
MOVE,0,1.0,0.0,351839863,567.75,1174.4102
MOVE,1,1.0,0.0,351839863,318.69043,949.28516
MOVE,0,1.0,0.0,351839879,568.44434,1171.4873
MOVE,1,1.0,0.0,351839879,317.55566,947.3965
MOVE,0,1.0,0.0,351839896,569.4404,1168.7451
MOVE,1,1.0,0.0,351839896,316.18457,944.8047
MOVE,0,1.0,0.0,351839913,570.0303,1166.6934
MOVE,1,1.0,0.0,351839913,314.93945,942.47363
MOVE,0,1.0,0.0,351839929,570.25,1164.4961
MOVE,1,1.0,0.0,351839929,313.79785,940.42285
MOVE,0,1.0,0.0,351839946,570.375,1163.3477
MOVE,1,1.0,0.0,351839946,312.8213,939.1963
MOVE,0,1.0,0.0,351839963,570.375,1162.8525
MOVE,1,1.0,0.0,351839963,312.125,938.375
MOVE,0,1.0,0.0,351839979,570.375,1161.9805
MOVE,1,1.0,0.0,351839979,311.6914,938.375
MOVE,0,1.0,0.0,351839996,570.375,1161.75
MOVE,1,1.0,0.0,351839996,310.20312,938.375
MOVE,0,1.0,0.0,351840013,570.375,1161.75
MOVE,1,1.0,0.0,351840013,309.07812,938.375
MOVE,0,1.0,0.0,351840029,570.375,1161.75
MOVE,1,1.0,0.0,351840029,307.95703,938.38965
MOVE,0,1.0,0.0,351840046,570.375,1161.75
MOVE,1,1.0,0.0,351840046,306.3369,939.5381
MOVE,0,1.0,0.0,351840063,570.375,1161.75
MOVE,1,1.0,0.0,351840063,304.8457,941.16895
MOVE,0,1.0,0.0,351840079,570.22266,1161.9023
MOVE,1,1.0,0.0,351840079,303.84766,942.3047
MOVE,0,1.0,0.0,351840096,569.3633,1163.1494
MOVE,1,1.0,0.0,351840096,302.98828,943.6494
MOVE,0,1.0,0.0,351840113,568.9795,1163.8955
MOVE,1,1.0,0.0,351840113,302.5,945.0205
MOVE,0,1.0,0.0,351840129,568.24316,1165.1465
MOVE,1,1.0,0.0,351840129,302.0,946.5215
MOVE,0,1.0,0.0,351840146,567.38477,1166.6152
MOVE,1,1.0,0.0,351840146,301.87988,947.61035
MOVE,0,1.0,0.0,351840163,566.5127,1167.9873
MOVE,1,1.0,0.0,351840163,301.75293,948.61914
MOVE,0,1.0,0.0,351840179,565.8672,1169.2578
MOVE,1,1.0,0.0,351840179,301.625,949.6289
MOVE,0,1.0,0.0,351840196,565.24805,1170.3799
MOVE,1,1.0,0.0,351840196,301.375,950.6279
MOVE,0,1.0,0.0,351840213,564.749,1171.251
MOVE,1,1.0,0.0,351840213,301.375,951.126
MOVE,0,1.0,0.0,351840229,564.1299,1172.3604
MOVE,1,1.0,0.0,351840229,301.25,951.98535
MOVE,0,1.0,0.0,351840246,563.6914,1173.0586
MOVE,1,1.0,0.0,351840246,301.25,952.125
MOVE,0,1.0,0.0,351840263,563.5,1173.3682
MOVE,1,1.0,0.0,351840263,301.25,952.25
MOVE,0,1.0,0.0,351840279,563.5,1173.6807
MOVE,1,1.0,0.0,351840279,301.25,952.25
MOVE,0,1.0,0.0,351840296,563.375,1173.8682
MOVE,1,1.0,0.0,351840296,301.25,952.25
MOVE,0,1.0,0.0,351840301,563.375,1173.9375
MOVE,1,1.0,0.0,351840301,301.25,952.25
MOVE,0,1.0,0.0,351840338,563.375,1174.0
MOVE,1,1.0,0.0,351840338,301.25,952.25
UP,1,1.0,0.0,351840342,301.25,952.25
UP,0,1.0,0.0,351840346,563.375,1174.0
MOVE,0,1.0,0.0,351841763,506.75,1445.3467
MOVE,1,1.0,0.0,351841763,328.5,1240.5049
MOVE,0,1.0,0.0,351841779,506.9131,1417.6328
MOVE,1,1.0,0.0,351841779,328.5,1186.6611
MOVE,0,1.0,0.0,351841796,508.58008,1389.8691
MOVE,1,1.0,0.0,351841796,328.30664,1150.9365
MOVE,0,1.0,0.0,351841813,512.374,1364.7188
MOVE,1,1.0,0.0,351841813,327.14746,1122.4346
MOVE,0,1.0,0.0,351841829,517.28125,1344.8125
MOVE,1,1.0,0.0,351841829,326.375,1101.4062
MOVE,0,1.0,0.0,351841846,521.2178,1330.5039
MOVE,1,1.0,0.0,351841846,326.375,1086.1807
MOVE,0,1.0,0.0,351841863,523.4756,1320.6885
MOVE,1,1.0,0.0,351841863,326.375,1074.8037
MOVE,0,1.0,0.0,351841879,525.03516,1315.6445
MOVE,1,1.0,0.0,351841879,326.375,1070.1484
MOVE,0,1.0,0.0,351841896,527.2422,1308.5898
MOVE,1,1.0,0.0,351841896,326.375,1064.2441
MOVE,0,1.0,0.0,351841913,529.209,1302.1348
MOVE,1,1.0,0.0,351841913,326.125,1058.6221
MOVE,0,1.0,0.0,351841929,530.5498,1295.8496
MOVE,1,1.0,0.0,351841929,326.125,1053.7744
MOVE,0,1.0,0.0,351841946,531.125,1291.9746
MOVE,1,1.0,0.0,351841946,325.8584,1050.4746
MOVE,0,1.0,0.0,351841963,531.1416,1287.8545
MOVE,1,1.0,0.0,351841963,325.20117,1046.6211
MOVE,0,1.0,0.0,351841979,531.5,1284.0059
MOVE,1,1.0,0.0,351841979,324.10547,1043.4209
MOVE,0,1.0,0.0,351841996,531.75,1281.165
MOVE,1,1.0,0.0,351841996,323.45703,1041.5615
MOVE,0,1.0,0.0,351842013,531.75,1279.8555
MOVE,1,1.0,0.0,351842013,322.875,1040.2109
MOVE,0,1.0,0.0,351842029,531.75,1279.0918
MOVE,1,1.0,0.0,351842029,322.875,1040.0
MOVE,0,1.0,0.0,351842046,531.8867,1278.2256
MOVE,1,1.0,0.0,351842046,322.875,1039.875
MOVE,0,1.0,0.0,351842063,532.1387,1277.3613
MOVE,1,1.0,0.0,351842063,322.875,1039.875
MOVE,0,1.0,0.0,351842079,531.083,1276.8643
MOVE,1,1.0,0.0,351842079,322.88574,1040.0205
MOVE,0,1.0,0.0,351842087,526.75,1276.75
MOVE,1,1.0,0.0,351842087,323.25,1040.875
UP,0,1.0,0.0,351842091,526.75,1276.75
UP,1,1.0,0.0,351842091,323.25,1040.875
DOWN,0,1.0,0.0,351842427,343.125,1289.25
DOWN,1,1.0,0.0,351842454,494.625,1501.5
MOVE,0,1.0,0.0,351842517,343.125,1289.25
MOVE,1,1.0,0.0,351842517,494.625,1497.375
MOVE,0,1.0,0.0,351842529,340.70312,1249.1514
MOVE,1,1.0,0.0,351842529,496.6953,1454.5049
MOVE,0,1.0,0.0,351842546,333.47363,1198.5186
MOVE,1,1.0,0.0,351842546,500.08008,1423.5361
MOVE,0,1.0,0.0,351842563,328.84766,1176.4639
MOVE,1,1.0,0.0,351842563,501.82617,1404.9277
MOVE,0,1.0,0.0,351842579,327.28516,1162.9854
MOVE,1,1.0,0.0,351842579,503.08984,1393.5635
MOVE,0,1.0,0.0,351842596,324.35254,1148.3828
MOVE,1,1.0,0.0,351842596,503.9707,1381.9629
MOVE,0,1.0,0.0,351842613,321.71973,1136.1113
MOVE,1,1.0,0.0,351842613,505.23438,1370.7051
MOVE,0,1.0,0.0,351842629,318.98145,1125.6543
MOVE,1,1.0,0.0,351842629,505.25,1359.8223
MOVE,0,1.0,0.0,351842646,316.0127,1117.3545
MOVE,1,1.0,0.0,351842646,505.48047,1348.3281
MOVE,0,1.0,0.0,351842663,312.55176,1107.2578
MOVE,1,1.0,0.0,351842663,505.97754,1336.4854
MOVE,0,1.0,0.0,351842679,310.0498,1098.6758
MOVE,1,1.0,0.0,351842679,506.125,1328.0762
MOVE,0,1.0,0.0,351842696,307.87598,1088.5068
MOVE,1,1.0,0.0,351842696,506.125,1321.1289
MOVE,0,1.0,0.0,351842713,305.8955,1078.4795
MOVE,1,1.0,0.0,351842713,506.5,1313.9951
MOVE,0,1.0,0.0,351842729,303.76562,1069.1865
MOVE,1,1.0,0.0,351842729,507.0,1304.666
MOVE,0,1.0,0.0,351842746,301.6289,1060.6719
MOVE,1,1.0,0.0,351842746,507.0,1295.8613
MOVE,0,1.0,0.0,351842763,300.1621,1053.8477
MOVE,1,1.0,0.0,351842763,507.125,1287.584
MOVE,0,1.0,0.0,351842779,299.333,1047.5
MOVE,1,1.0,0.0,351842779,507.917,1279.292
MOVE,0,1.0,0.0,351842796,298.37793,1039.9307
MOVE,1,1.0,0.0,351842796,508.95508,1268.1035
MOVE,0,1.0,0.0,351842812,298.0,1030.5723
MOVE,1,1.0,0.0,351842812,512.09375,1255.5576
MOVE,0,1.0,0.0,351842829,298.07617,1016.2793
MOVE,1,1.0,0.0,351842829,519.7793,1235.1367
MOVE,0,1.0,0.0,351842846,299.28516,997.7246
MOVE,1,1.0,0.0,351842846,536.2754,1205.9893
MOVE,0,1.0,0.0,351842863,303.5,967.80176
MOVE,1,1.0,0.0,351842863,558.9658,1172.5518
MOVE,0,1.0,0.0,351842879,311.18262,942.708
MOVE,1,1.0,0.0,351842879,579.69336,1145.127
MOVE,0,1.0,0.0,351842896,318.44238,932.01074
MOVE,1,1.0,0.0,351842896,593.2754,1128.6611
MOVE,0,1.0,0.0,351842913,321.32715,929.29785
MOVE,1,1.0,0.0,351842913,600.4072,1119.9424
MOVE,0,1.0,0.0,351842929,324.43945,926.7588
MOVE,1,1.0,0.0,351842929,606.2842,1112.6953
MOVE,0,1.0,0.0,351842946,326.86914,924.5801
MOVE,1,1.0,0.0,351842946,610.79004,1106.415
MOVE,0,1.0,0.0,351842963,328.06836,922.4746
MOVE,1,1.0,0.0,351842963,614.35645,1100.6182
MOVE,0,1.0,0.0,351842979,328.25,920.7246
MOVE,1,1.0,0.0,351842979,617.4951,1095.6729
MOVE,0,1.0,0.0,351842996,328.25,918.6748
MOVE,1,1.0,0.0,351842996,620.38477,1091.0449
MOVE,0,1.0,0.0,351843013,328.25,917.1367
MOVE,1,1.0,0.0,351843013,621.6133,1088.5801
MOVE,0,1.0,0.0,351843029,328.25,916.3174
MOVE,1,1.0,0.0,351843029,621.875,1088.0674
MOVE,0,1.0,0.0,351843046,328.0,915.68945
MOVE,1,1.0,0.0,351843046,622.0,1087.875
MOVE,0,1.0,0.0,351843063,327.56738,915.1924
MOVE,1,1.0,0.0,351843063,622.0,1087.875
MOVE,0,1.0,0.0,351843073,327.4375,915.0625
MOVE,1,1.0,0.0,351843073,622.0,1087.875
MOVE,0,1.0,0.0,351843096,326.9453,914.4453
MOVE,1,1.0,0.0,351843096,622.0,1087.875
MOVE,0,1.0,0.0,351843113,326.64453,914.25
MOVE,1,1.0,0.0,351843113,622.0,1087.875
MOVE,0,1.0,0.0,351843129,326.0371,914.0
MOVE,1,1.0,0.0,351843129,622.0,1087.875
MOVE,0,1.0,0.0,351843146,325.70117,914.0
MOVE,1,1.0,0.0,351843146,622.0,1087.875
MOVE,0,1.0,0.0,351843163,325.32812,914.0
MOVE,1,1.0,0.0,351843163,621.7344,1087.9219
MOVE,0,1.0,0.0,351843179,324.95605,914.0
MOVE,1,1.0,0.0,351843179,619.9502,1089.0879
MOVE,0,1.0,0.0,351843196,324.82812,914.0
MOVE,1,1.0,0.0,351843196,618.6885,1090.0146
MOVE,0,1.0,0.0,351843213,324.75,914.0
MOVE,1,1.0,0.0,351843213,617.4668,1091.3154
MOVE,0,1.0,0.0,351843229,324.75,914.0
MOVE,1,1.0,0.0,351843229,617.041,1091.667
MOVE,0,1.0,0.0,351843246,324.75,914.0
MOVE,1,1.0,0.0,351843246,616.542,1092.083
MOVE,0,1.0,0.0,351843263,324.75,914.0
MOVE,1,1.0,0.0,351843263,616.084,1092.791
MOVE,0,1.0,0.0,351843279,324.75,914.0
MOVE,1,1.0,0.0,351843279,616.0,1092.7891
MOVE,0,1.0,0.0,351843296,324.75,914.0
MOVE,1,1.0,0.0,351843296,615.71484,1093.0
MOVE,0,1.0,0.0,351843313,324.75,914.0
MOVE,1,1.0,0.0,351843313,615.75,1093.1758
MOVE,0,1.0,0.0,351843329,324.44238,914.0
MOVE,1,1.0,0.0,351843329,615.625,1093.125
MOVE,0,1.0,0.0,351843346,324.125,914.0
MOVE,1,1.0,0.0,351843346,615.18555,1093.5967
MOVE,0,1.0,0.0,351843363,324.125,914.0
MOVE,1,1.0,0.0,351843363,614.73535,1094.25
MOVE,0,1.0,0.0,351843379,323.69824,914.02637
MOVE,1,1.0,0.0,351843379,614.75,1094.375
MOVE,0,1.0,0.0,351843396,323.3506,914.125
MOVE,1,1.0,0.0,351843396,614.75,1094.375
MOVE,0,1.0,0.0,351843413,323.125,914.25
MOVE,1,1.0,0.0,351843413,614.4844,1094.5156
MOVE,0,1.0,0.0,351843429,322.8545,914.3955
MOVE,1,1.0,0.0,351843429,614.1045,1095.0205
MOVE,0,1.0,0.0,351843446,322.75,914.375
MOVE,1,1.0,0.0,351843446,614.1045,1095.0205
MOVE,0,1.0,0.0,351843462,322.75,914.375
MOVE,1,1.0,0.0,351843462,614.0,1095.1875
MOVE,0,1.0,0.0,351843546,322.625,914.375
MOVE,1,1.0,0.0,351843546,613.7412,1095.3838
MOVE,0,1.0,0.0,351843563,322.625,914.375
MOVE,1,1.0,0.0,351843563,613.4922,1095.75
MOVE,0,1.0,0.0,351843579,322.625,914.375
MOVE,1,1.0,0.0,351843579,613.0,1096.3857
MOVE,0,1.0,0.0,351843596,322.625,914.375
MOVE,1,1.0,0.0,351843596,612.749,1096.751
MOVE,0,1.0,0.0,351843613,322.625,914.375
MOVE,1,1.0,0.0,351843613,612.375,1097.498
MOVE,0,1.0,0.0,351843629,322.625,914.375
MOVE,1,1.0,0.0,351843629,612.292,1097.708
MOVE,0,1.0,0.0,351843646,322.625,914.375
MOVE,1,1.0,0.0,351843646,612.25,1098.1289
MOVE,0,1.0,0.0,351843663,322.5,914.625
MOVE,1,1.0,0.0,351843663,612.25,1098.377
MOVE,0,1.0,0.0,351843679,322.5,914.625
MOVE,1,1.0,0.0,351843679,612.25,1098.623
MOVE,0,1.0,0.0,351843692,322.5,915.0
MOVE,1,1.0,0.0,351843692,612.25,1098.625
MOVE,0,1.0,0.0,351843713,322.5,915.1172
MOVE,1,1.0,0.0,351843713,612.1328,1098.8672
MOVE,0,1.0,0.0,351843729,322.5,915.74023
MOVE,1,1.0,0.0,351843729,612.00977,1099.25
MOVE,0,1.0,0.0,351843746,322.5,916.708
MOVE,1,1.0,0.0,351843746,612.0,1099.75
MOVE,0,1.0,0.0,351843763,322.5,917.4844
MOVE,1,1.0,0.0,351843763,611.7656,1100.2344
MOVE,0,1.0,0.0,351843779,322.5,918.3408
MOVE,1,1.0,0.0,351843779,611.625,1100.7334
MOVE,0,1.0,0.0,351843796,322.5,919.2334
MOVE,1,1.0,0.0,351843796,610.7998,1102.0752
MOVE,0,1.0,0.0,351843813,322.5,920.4453
MOVE,1,1.0,0.0,351843813,610.03613,1104.0527
MOVE,0,1.0,0.0,351843829,322.5,921.3174
MOVE,1,1.0,0.0,351843829,609.51953,1105.9043
MOVE,0,1.0,0.0,351843846,322.5,922.7119
MOVE,1,1.0,0.0,351843846,608.30664,1109.4541
MOVE,0,1.0,0.0,351843863,322.5,924.04004
MOVE,1,1.0,0.0,351843863,606.8135,1114.1836
MOVE,0,1.0,0.0,351843879,322.5,925.67285
MOVE,1,1.0,0.0,351843879,605.80176,1119.3662
MOVE,0,1.0,0.0,351843896,322.5,927.0674
MOVE,1,1.0,0.0,351843896,605.625,1122.9531
MOVE,0,1.0,0.0,351843913,322.5,928.9092
MOVE,1,1.0,0.0,351843913,605.125,1127.8223
MOVE,0,1.0,0.0,351843929,322.5,930.5293
MOVE,1,1.0,0.0,351843929,604.5957,1132.9326
MOVE,0,1.0,0.0,351843946,322.5,932.501
MOVE,1,1.0,0.0,351843946,603.0,1139.627
MOVE,0,1.0,0.0,351843963,322.5,934.0908
MOVE,1,1.0,0.0,351843963,601.875,1146.5781
MOVE,0,1.0,0.0,351843979,322.5,935.51465
MOVE,1,1.0,0.0,351843979,601.875,1152.0566
MOVE,0,1.0,0.0,351843996,322.5,937.0215
MOVE,1,1.0,0.0,351843996,601.875,1157.1895
MOVE,0,1.0,0.0,351844013,322.5,938.2549
MOVE,1,1.0,0.0,351844013,602.0,1161.2207
MOVE,0,1.0,0.0,351844029,322.5,939.9131
MOVE,1,1.0,0.0,351844029,602.0,1164.5293
MOVE,0,1.0,0.0,351844046,322.5,940.7383
MOVE,1,1.0,0.0,351844046,602.0,1166.9756
MOVE,0,1.0,0.0,351844063,322.5,941.9795
MOVE,1,1.0,0.0,351844063,602.0,1170.6602
MOVE,0,1.0,0.0,351844079,322.5,943.6455
MOVE,1,1.0,0.0,351844079,602.0,1175.2256
MOVE,0,1.0,0.0,351844096,322.5,945.5635
MOVE,1,1.0,0.0,351844096,601.63965,1181.3467
MOVE,0,1.0,0.0,351844113,322.4248,947.751
MOVE,1,1.0,0.0,351844113,599.6738,1190.0537
MOVE,0,1.0,0.0,351844129,322.1006,950.27344
MOVE,1,1.0,0.0,351844129,597.47656,1197.4199
MOVE,0,1.0,0.0,351844146,321.4746,954.6992
MOVE,1,1.0,0.0,351844146,591.5762,1211.4238
MOVE,0,1.0,0.0,351844163,321.125,963.7539
MOVE,1,1.0,0.0,351844163,582.58105,1230.7041
MOVE,0,1.0,0.0,351844179,321.125,977.18945
MOVE,1,1.0,0.0,351844179,575.6992,1248.1533
MOVE,0,1.0,0.0,351844196,321.72168,990.6631
MOVE,1,1.0,0.0,351844196,571.001,1262.4131
MOVE,0,1.0,0.0,351844213,323.68164,1000.5205
MOVE,1,1.0,0.0,351844213,568.0117,1272.6455
MOVE,0,1.0,0.0,351844229,324.80664,1007.40625
MOVE,1,1.0,0.0,351844229,566.27344,1278.9746
MOVE,0,1.0,0.0,351844246,325.81445,1014.5703
MOVE,1,1.0,0.0,351844246,564.49805,1285.2568
MOVE,0,1.0,0.0,351844263,327.2422,1020.0215
MOVE,1,1.0,0.0,351844263,563.6328,1290.1465
MOVE,0,1.0,0.0,351844279,328.43164,1024.2383
MOVE,1,1.0,0.0,351844279,561.0117,1296.9082
MOVE,0,1.0,0.0,351844296,329.49512,1027.6045
MOVE,1,1.0,0.0,351844296,559.1953,1301.5342
MOVE,0,1.0,0.0,351844313,330.49023,1031.0283
MOVE,1,1.0,0.0,351844313,557.9424,1304.8555
MOVE,0,1.0,0.0,351844329,331.6123,1033.543
MOVE,1,1.0,0.0,351844329,557.625,1306.2373
MOVE,0,1.0,0.0,351844346,331.9287,1034.7334
MOVE,1,1.0,0.0,351844346,557.5,1306.7334
MOVE,0,1.0,0.0,351844363,332.125,1035.4697
MOVE,1,1.0,0.0,351844363,557.5,1306.875
MOVE,0,1.0,0.0,351844379,332.5459,1036.0928
MOVE,1,1.0,0.0,351844379,557.5,1306.875
MOVE,0,1.0,0.0,351844396,332.9209,1036.7959
MOVE,1,1.0,0.0,351844396,557.5,1306.875
MOVE,0,1.0,0.0,351844429,332.9209,1036.7959
MOVE,1,1.0,0.0,351844429,558.28906,1305.7949
MOVE,0,1.0,0.0,351844446,332.9209,1036.7959
MOVE,1,1.0,0.0,351844446,560.05176,1303.4434
MOVE,0,1.0,0.0,351844463,332.9209,1036.7959
MOVE,1,1.0,0.0,351844463,563.3779,1298.9131
MOVE,0,1.0,0.0,351844479,332.9209,1036.7959
MOVE,1,1.0,0.0,351844479,565.4951,1295.6758
MOVE,0,1.0,0.0,351844491,332.9209,1036.7959
MOVE,1,1.0,0.0,351844491,566.125,1295.0
UP,0,1.0,0.0,351844498,332.9209,1036.7959
MOVE,1,1.0,0.0,351844501,566.292,1295.0
MOVE,1,1.0,0.0,351844503,566.375,1295.0
UP,1,1.0,0.0,351844507,566.375,1295.0
MOVE,0,1.0,0.0,351845063,359.26172,1171.665
MOVE,1,1.0,0.0,351845063,601.5039,1468.1406
MOVE,0,1.0,0.0,351845079,359.375,1130.7158
MOVE,1,1.0,0.0,351845079,617.6875,1430.875
MOVE,0,1.0,0.0,351845096,359.375,1095.5605
MOVE,1,1.0,0.0,351845096,623.9912,1399.4287
MOVE,0,1.0,0.0,351845113,359.375,1064.9229
MOVE,1,1.0,0.0,351845113,630.58984,1368.4326
MOVE,0,1.0,0.0,351845129,359.99023,1042.2568
MOVE,1,1.0,0.0,351845129,635.0996,1343.1543
MOVE,0,1.0,0.0,351845146,360.625,1023.625
MOVE,1,1.0,0.0,351845146,639.375,1320.75
MOVE,0,1.0,0.0,351845163,360.625,1011.916
MOVE,1,1.0,0.0,351845163,642.8584,1305.0557
MOVE,0,1.0,0.0,351845179,360.625,998.9209
MOVE,1,1.0,0.0,351845179,647.57324,1288.5684
MOVE,0,1.0,0.0,351845196,359.65234,991.1865
MOVE,1,1.0,0.0,351845196,650.22266,1279.332
MOVE,0,1.0,0.0,351845213,357.5547,985.8506
MOVE,1,1.0,0.0,351845213,651.22266,1275.7959
MOVE,0,1.0,0.0,351845226,353.0,979.375
MOVE,1,1.0,0.0,351845226,651.75,1274.75
UP,0,1.0,0.0,351845229,353.0,979.375
MOVE,1,1.0,0.0,351845231,651.9375,1274.75
UP,1,1.0,0.0,351845259,651.875,1274.75
MOVE,0,1.0,0.0,351846146,509.85547,1418.7793
MOVE,1,1.0,0.0,351846146,320.21484,1174.7422
MOVE,0,1.0,0.0,351846163,514.1797,1395.1182
MOVE,1,1.0,0.0,351846163,319.4912,1153.748
MOVE,0,1.0,0.0,351846179,520.69336,1367.5928
MOVE,1,1.0,0.0,351846179,317.8916,1128.4395
MOVE,0,1.0,0.0,351846196,526.28613,1344.8643
MOVE,1,1.0,0.0,351846196,316.23438,1107.4697
MOVE,0,1.0,0.0,351846213,529.75977,1329.8193
MOVE,1,1.0,0.0,351846213,313.99512,1090.0576
MOVE,0,1.0,0.0,351846229,531.751,1318.9902
MOVE,1,1.0,0.0,351846229,313.12305,1076.6094
MOVE,0,1.0,0.0,351846246,532.4971,1313.0254
MOVE,1,1.0,0.0,351846246,311.87988,1066.666
MOVE,0,1.0,0.0,351846263,532.875,1308.1504
MOVE,1,1.0,0.0,351846263,311.5,1062.1553
MOVE,0,1.0,0.0,351846279,533.6172,1303.0947
MOVE,1,1.0,0.0,351846279,311.1328,1057.0859
MOVE,0,1.0,0.0,351846296,534.25,1298.3379
MOVE,1,1.0,0.0,351846296,310.375,1052.2129
MOVE,0,1.0,0.0,351846312,534.6045,1293.9336
MOVE,1,1.0,0.0,351846312,310.125,1048.623
MOVE,0,1.0,0.0,351846329,535.0,1291.544
MOVE,1,1.0,0.0,351846329,310.125,1046.0879
MOVE,0,1.0,0.0,351846346,535.6914,1289.6836
MOVE,1,1.0,0.0,351846346,310.01953,1044.0977
MOVE,0,1.0,0.0,351846362,536.3369,1287.9707
MOVE,1,1.0,0.0,351846362,310.0,1042.7881
MOVE,0,1.0,0.0,351846379,537.2012,1286.0488
MOVE,1,1.0,0.0,351846379,310.0,1042.0
MOVE,0,1.0,0.0,351846396,537.93066,1284.9209
MOVE,1,1.0,0.0,351846396,310.0,1041.6484
MOVE,0,1.0,0.0,351846412,538.3506,1283.7988
MOVE,1,1.0,0.0,351846412,310.0,1041.375
MOVE,0,1.0,0.0,351846429,538.9707,1282.3379
MOVE,1,1.0,0.0,351846429,309.9043,1041.0293
MOVE,0,1.0,0.0,351846446,539.5967,1281.1816
MOVE,1,1.0,0.0,351846446,309.52832,1039.8066
MOVE,0,1.0,0.0,351846459,540.375,1280.0
MOVE,1,1.0,0.0,351846459,309.125,1039.125
UP,1,1.0,0.0,351846463,309.125,1039.125
MOVE,0,1.0,0.0,351846472,541.125,1278.75
UP,0,1.0,0.0,351846476,541.125,1278.75
DOWN,0,1.0,0.0,351851332,528.625,1266.5
DOWN,1,1.0,0.0,351851339,320.75,961.875
MOVE,0,1.0,0.0,351851429,522.6914,1309.6436
MOVE,1,1.0,0.0,351851429,320.75,961.875
MOVE,0,1.0,0.0,351851445,511.70215,1342.3555
MOVE,1,1.0,0.0,351851445,318.80762,1002.88477
MOVE,0,1.0,0.0,351851462,505.8623,1359.4834
MOVE,1,1.0,0.0,351851462,315.4668,1030.9287
MOVE,0,1.0,0.0,351851480,498.70117,1384.6904
MOVE,1,1.0,0.0,351851480,313.98828,1057.8359
MOVE,0,1.0,0.0,351851496,492.93945,1407.085
MOVE,1,1.0,0.0,351851496,311.94336,1082.2666
MOVE,0,1.0,0.0,351851513,488.03027,1426.9062
MOVE,1,1.0,0.0,351851513,310.32617,1104.4551
MOVE,0,1.0,0.0,351851530,481.8418,1444.1943
MOVE,1,1.0,0.0,351851530,308.72266,1123.0205
MOVE,0,1.0,0.0,351851546,477.35645,1456.459
MOVE,1,1.0,0.0,351851546,306.42383,1138.8818
MOVE,0,1.0,0.0,351851563,472.8672,1468.3584
MOVE,1,1.0,0.0,351851563,304.167,1152.8164
MOVE,0,1.0,0.0,351851579,466.71777,1480.1729
MOVE,1,1.0,0.0,351851579,302.09082,1167.8848
MOVE,0,1.0,0.0,351851596,459.80078,1490.4248
MOVE,1,1.0,0.0,351851596,299.5752,1183.1865
MOVE,0,1.0,0.0,351851613,453.78125,1498.9531
MOVE,1,1.0,0.0,351851613,297.03125,1197.375
MOVE,0,1.0,0.0,351851629,448.12598,1505.9521
MOVE,1,1.0,0.0,351851629,294.36035,1210.419
MOVE,0,1.0,0.0,351851646,444.83496,1509.748
MOVE,1,1.0,0.0,351851646,292.33398,1217.623
MOVE,0,1.0,0.0,351851663,442.55664,1512.4434
MOVE,1,1.0,0.0,351851663,290.88672,1221.6367
MOVE,0,1.0,0.0,351851679,440.43555,1514.8467
MOVE,1,1.0,0.0,351851679,289.59277,1225.5498
MOVE,0,1.0,0.0,351851696,437.71387,1519.0156
MOVE,1,1.0,0.0,351851696,288.0205,1230.3428
MOVE,0,1.0,0.0,351851713,434.42676,1524.1729
MOVE,1,1.0,0.0,351851713,285.87598,1236.5459
MOVE,0,1.0,0.0,351851729,430.52148,1530.0713
MOVE,1,1.0,0.0,351851729,283.38574,1244.5605
MOVE,0,1.0,0.0,351851746,425.5869,1535.3232
MOVE,1,1.0,0.0,351851746,280.5166,1255.8818
MOVE,0,1.0,0.0,351851752,423.625,1536.5
MOVE,1,1.0,0.0,351851752,279.625,1261.0
UP,0,1.0,0.0,351851756,423.625,1536.5
MOVE,1,1.0,0.0,351851756,279.125,1264.0
UP,1,1.0,0.0,351851760,279.125,1264.0
DOWN,0,1.0,0.0,351856884,291.5,1235.125
DOWN,1,1.0,0.0,351856884,476.625,1564.75
MOVE,0,1.0,0.0,351856946,291.5,1235.125
MOVE,1,1.0,0.0,351856946,477.11133,1545.0352
MOVE,0,1.0,0.0,351856963,291.5,1235.125
MOVE,1,1.0,0.0,351856963,480.31348,1502.2051
MOVE,0,1.0,0.0,351856979,291.5,1235.125
MOVE,1,1.0,0.0,351856979,480.8086,1478.7812
MOVE,0,1.0,0.0,351856996,292.11328,1211.8232
MOVE,1,1.0,0.0,351856996,483.33398,1454.7246
MOVE,0,1.0,0.0,351857013,297.9961,1157.2178
MOVE,1,1.0,0.0,351857013,486.91895,1431.0645
MOVE,0,1.0,0.0,351857029,298.625,1138.4531
MOVE,1,1.0,0.0,351857029,489.82324,1411.541
MOVE,0,1.0,0.0,351857046,298.625,1122.8027
MOVE,1,1.0,0.0,351857046,493.6162,1392.4814
MOVE,0,1.0,0.0,351857063,298.625,1110.0947
MOVE,1,1.0,0.0,351857063,497.80176,1375.6426
MOVE,0,1.0,0.0,351857079,298.02637,1101.6826
MOVE,1,1.0,0.0,351857079,501.11914,1362.0703
MOVE,0,1.0,0.0,351857096,295.21094,1092.1523
MOVE,1,1.0,0.0,351857096,502.75,1348.4248
MOVE,0,1.0,0.0,351857113,290.68457,1080.0049
MOVE,1,1.0,0.0,351857113,502.75,1333.8418
MOVE,0,1.0,0.0,351857129,284.82324,1067.8252
MOVE,1,1.0,0.0,351857129,503.15234,1319.7432
MOVE,0,1.0,0.0,351857146,280.71582,1059.4307
MOVE,1,1.0,0.0,351857146,504.18848,1309.7266
MOVE,0,1.0,0.0,351857163,276.80664,1050.3291
MOVE,1,1.0,0.0,351857163,505.78418,1298.9424
MOVE,0,1.0,0.0,351857179,273.55957,1043.0039
MOVE,1,1.0,0.0,351857179,507.6621,1292.1191
MOVE,0,1.0,0.0,351857196,270.7119,1036.5312
MOVE,1,1.0,0.0,351857196,509.6631,1285.3779
MOVE,0,1.0,0.0,351857213,268.5918,1031.7852
MOVE,1,1.0,0.0,351857213,511.27246,1279.3877
MOVE,0,1.0,0.0,351857229,267.3584,1028.9434
MOVE,1,1.0,0.0,351857229,511.7578,1275.9277
MOVE,0,1.0,0.0,351857246,266.23535,1026.3525
MOVE,1,1.0,0.0,351857246,512.1328,1272.7207
MOVE,0,1.0,0.0,351857263,264.667,1024.6797
MOVE,1,1.0,0.0,351857263,512.63184,1271.3691
MOVE,0,1.0,0.0,351857271,261.125,1021.625
MOVE,1,1.0,0.0,351857271,512.75,1271.0
UP,0,1.0,0.0,351857275,261.125,1021.625
UP,1,1.0,0.0,351857275,512.75,1271.0
DOWN,0,1.0,0.0,351859231,297.125,895.75
DOWN,1,1.0,0.0,351859237,482.625,1141.125
MOVE,0,1.0,0.0,351859346,294.1797,908.3916
MOVE,1,1.0,0.0,351859346,481.54492,1157.3359
MOVE,0,1.0,0.0,351859363,265.24707,947.625
MOVE,1,1.0,0.0,351859363,469.2119,1207.8721
MOVE,0,1.0,0.0,351859379,254.72852,968.9531
MOVE,1,1.0,0.0,351859379,460.34473,1236.4746
MOVE,0,1.0,0.0,351859396,249.90332,986.6279
MOVE,1,1.0,0.0,351859396,455.29297,1256.7832
MOVE,0,1.0,0.0,351859413,244.04883,1011.4961
MOVE,1,1.0,0.0,351859413,448.36523,1284.0801
MOVE,0,1.0,0.0,351859429,239.70801,1033.6191
MOVE,1,1.0,0.0,351859429,440.55566,1309.7646
MOVE,0,1.0,0.0,351859446,235.60645,1057.6016
MOVE,1,1.0,0.0,351859446,434.35254,1334.3516
MOVE,0,1.0,0.0,351859463,232.62305,1080.6729
MOVE,1,1.0,0.0,351859463,428.9873,1358.8037
MOVE,0,1.0,0.0,351859479,230.91699,1100.7725
MOVE,1,1.0,0.0,351859479,424.33398,1380.873
MOVE,0,1.0,0.0,351859496,228.7959,1118.1758
MOVE,1,1.0,0.0,351859496,420.8086,1397.8457
MOVE,0,1.0,0.0,351859513,227.75,1144.6973
MOVE,1,1.0,0.0,351859513,416.19238,1418.707
MOVE,0,1.0,0.0,351859529,227.75,1177.9229
MOVE,1,1.0,0.0,351859529,409.12793,1437.8398
MOVE,0,1.0,0.0,351859538,229.0,1204.0
MOVE,1,1.0,0.0,351859538,403.875,1446.625
UP,1,1.0,0.0,351859542,403.875,1446.625
MOVE,0,1.0,0.0,351859542,236.25,1253.25
UP,0,1.0,0.0,351859546,236.25,1253.25
MOVE,0,1.0,0.0,351860029,301.708,1318.3809
MOVE,1,1.0,0.0,351860029,513.0322,1545.7979
MOVE,0,1.0,0.0,351860046,297.77734,1270.4922
MOVE,1,1.0,0.0,351860046,517.5322,1506.5771
MOVE,0,1.0,0.0,351860063,291.39746,1235.3545
MOVE,1,1.0,0.0,351860063,518.374,1475.3457
MOVE,0,1.0,0.0,351860079,282.26465,1193.831
MOVE,1,1.0,0.0,351860079,519.124,1433.8389
MOVE,0,1.0,0.0,351860096,276.25586,1160.0381
MOVE,1,1.0,0.0,351860096,519.625,1395.044
MOVE,0,1.0,0.0,351860113,270.51953,1134.2002
MOVE,1,1.0,0.0,351860113,519.625,1362.2285
MOVE,0,1.0,0.0,351860129,265.45605,1114.9717
MOVE,1,1.0,0.0,351860129,519.625,1336.7383
MOVE,0,1.0,0.0,351860146,261.81152,1103.1777
MOVE,1,1.0,0.0,351860146,519.625,1322.4521
MOVE,0,1.0,0.0,351860163,258.17578,1089.7051
MOVE,1,1.0,0.0,351860163,519.625,1307.9805
MOVE,0,1.0,0.0,351860179,256.0625,1082.6406
MOVE,1,1.0,0.0,351860179,519.625,1298.2188
MOVE,0,1.0,0.0,351860196,253.9248,1077.9736
MOVE,1,1.0,0.0,351860196,519.0127,1293.249
MOVE,0,1.0,0.0,351860213,251.82422,1074.2373
MOVE,1,1.0,0.0,351860213,518.39355,1288.7744
MOVE,0,1.0,0.0,351860229,250.27148,1071.8154
MOVE,1,1.0,0.0,351860229,518.125,1285.419
MOVE,0,1.0,0.0,351860246,245.5,1066.125
MOVE,1,1.0,0.0,351860246,517.5,1283.375
UP,0,1.0,0.0,351860250,245.5,1066.125
MOVE,1,1.0,0.0,351860251,516.9346,1282.2441
UP,1,1.0,0.0,351860254,517.0,1282.375
DOWN,0,1.0,0.0,351860572,300.25,952.125
DOWN,1,1.0,0.0,351860582,531.625,1280.25
MOVE,0,1.0,0.0,351860613,300.25,952.125
MOVE,1,1.0,0.0,351860613,531.17285,1289.1279
MOVE,0,1.0,0.0,351860630,297.80176,1016.2705
MOVE,1,1.0,0.0,351860630,515.68555,1362.834
MOVE,0,1.0,0.0,351860646,290.60156,1088.6484
MOVE,1,1.0,0.0,351860646,495.2539,1403.959
MOVE,0,1.0,0.0,351860663,282.0713,1131.6416
MOVE,1,1.0,0.0,351860663,475.01367,1439.1807
MOVE,0,1.0,0.0,351860679,272.61328,1172.2812
MOVE,1,1.0,0.0,351860679,457.53027,1471.4844
MOVE,0,1.0,0.0,351860696,265.34473,1203.9004
MOVE,1,1.0,0.0,351860696,444.56738,1497.4932
MOVE,0,1.0,0.0,351860713,257.12695,1259.1855
MOVE,1,1.0,0.0,351860713,430.38477,1536.3301
MOVE,0,1.0,0.0,351860729,245.25,1333.125
MOVE,1,1.0,0.0,351860729,417.625,1577.5
UP,1,1.0,0.0,351860732,417.625,1577.5
MOVE,0,1.0,0.0,351860734,238.3125,1362.75
MOVE,0,1.0,0.0,351860745,236.5,1471.125
UP,0,1.0,0.0,351860749,236.5,1471.125
DOWN,0,1.0,0.0,351861103,306.875,1006.375
DOWN,1,1.0,0.0,351861103,528.75,1318.0
MOVE,0,1.0,0.0,351861179,306.875,1006.375
MOVE,1,1.0,0.0,351861179,521.8447,1351.1855
MOVE,0,1.0,0.0,351861196,306.7002,1013.2119
MOVE,1,1.0,0.0,351861196,504.417,1386.0996
MOVE,0,1.0,0.0,351861213,300.18164,1057.042
MOVE,1,1.0,0.0,351861213,497.19824,1401.5928
MOVE,0,1.0,0.0,351861229,291.48926,1086.4395
MOVE,1,1.0,0.0,351861229,490.35938,1420.3955
MOVE,0,1.0,0.0,351861246,285.9502,1114.1914
MOVE,1,1.0,0.0,351861246,480.57227,1445.1553
MOVE,0,1.0,0.0,351861263,280.40234,1150.7627
MOVE,1,1.0,0.0,351861263,470.68066,1471.0273
MOVE,0,1.0,0.0,351861279,274.68164,1195.0947
MOVE,1,1.0,0.0,351861279,458.74805,1499.3604
MOVE,0,1.0,0.0,351861296,269.02148,1246.8115
MOVE,1,1.0,0.0,351861296,445.6328,1523.3779
MOVE,0,1.0,0.0,351861308,265.25,1277.375
MOVE,1,1.0,0.0,351861308,435.75,1539.375
UP,0,1.0,0.0,351861312,265.25,1277.375
UP,1,1.0,0.0,351861312,435.75,1539.375
DOWN,0,1.0,0.0,351861513,387.25,1392.375
DOWN,1,1.0,0.0,351861521,541.5,1668.375
MOVE,0,1.0,0.0,351861563,387.91602,1384.6143
MOVE,1,1.0,0.0,351861563,555.7578,1616.042
MOVE,0,1.0,0.0,351861580,399.0205,1290.2139
MOVE,1,1.0,0.0,351861580,570.6719,1567.0664
MOVE,0,1.0,0.0,351861596,394.56348,1229.5449
MOVE,1,1.0,0.0,351861596,570.042,1509.1494
MOVE,0,1.0,0.0,351861613,378.26758,1172.8057
MOVE,1,1.0,0.0,351861613,561.4463,1449.6748
MOVE,0,1.0,0.0,351861629,364.1084,1133.4043
MOVE,1,1.0,0.0,351861629,555.7842,1410.8857
MOVE,0,1.0,0.0,351861646,331.7041,1069.4336
MOVE,1,1.0,0.0,351861646,549.8633,1362.9727
MOVE,0,1.0,0.0,351861659,272.0,993.0
MOVE,1,1.0,0.0,351861659,543.625,1319.375
UP,0,1.0,0.0,351861663,272.0,993.0
MOVE,1,1.0,0.0,351861679,525.3799,1241.1309
MOVE,1,1.0,0.0,351861692,479.625,1172.125
UP,1,1.0,0.0,351861696,479.625,1172.125
DOWN,0,1.0,0.0,351861883,443.75,1257.625
DOWN,1,1.0,0.0,351861891,636.0,1558.875
MOVE,0,1.0,0.0,351861930,443.75,1257.625
MOVE,1,1.0,0.0,351861930,636.05176,1551.2988
MOVE,0,1.0,0.0,351861946,443.42773,1200.5166
MOVE,1,1.0,0.0,351861946,637.5674,1473.4863
MOVE,0,1.0,0.0,351861963,426.19336,1122.1436
MOVE,1,1.0,0.0,351861963,632.0615,1405.3584
MOVE,0,1.0,0.0,351861980,400.5078,1067.4053
MOVE,1,1.0,0.0,351861980,623.625,1350.3887
MOVE,0,1.0,0.0,351861996,321.34473,962.28516
MOVE,1,1.0,0.0,351861996,614.3076,1279.0605
MOVE,0,1.0,0.0,351862004,279.25,913.25
MOVE,1,1.0,0.0,351862004,610.375,1249.625
UP,0,1.0,0.0,351862008,279.25,913.25
MOVE,1,1.0,0.0,351862012,588.25,1204.0
UP,1,1.0,0.0,351862016,588.25,1204.0
DOWN,0,1.0,0.0,351862208,367.5,1077.0
DOWN,1,1.0,0.0,351862216,559.0,1356.875
MOVE,0,1.0,0.0,351862263,367.5,1077.0
MOVE,1,1.0,0.0,351862263,558.8496,1364.044
MOVE,0,1.0,0.0,351862279,367.9209,1081.3477
MOVE,1,1.0,0.0,351862279,558.125,1444.0312
MOVE,0,1.0,0.0,351862296,382.21387,1141.4268
MOVE,1,1.0,0.0,351862296,566.64844,1512.1494
MOVE,0,1.0,0.0,351862313,427.24707,1247.916
MOVE,1,1.0,0.0,351862313,602.74023,1620.6387
MOVE,0,1.0,0.0,351862325,492.875,1416.5
MOVE,1,1.0,0.0,351862325,627.0,1705.0
UP,0,1.0,0.0,351862328,492.875,1416.5
UP,1,1.0,0.0,351862328,627.0,1705.0
DOWN,0,1.0,0.0,351862536,478.625,1316.875
DOWN,1,1.0,0.0,351862548,326.5,1041.25
MOVE,0,1.0,0.0,351862579,493.10156,1375.3164
MOVE,1,1.0,0.0,351862579,335.38574,1080.169
MOVE,0,1.0,0.0,351862596,541.59766,1542.0312
MOVE,1,1.0,0.0,351862596,385.38867,1222.8086
MOVE,0,1.0,0.0,351862611,554.625,1647.75
MOVE,1,1.0,0.0,351862611,406.75,1344.625
UP,0,1.0,0.0,351862614,554.625,1647.75
MOVE,1,1.0,0.0,351862627,395.875,1542.25
UP,1,1.0,0.0,351862631,395.875,1542.25
DOWN,0,1.0,0.0,351862819,571.375,1271.125
DOWN,1,1.0,0.0,351862830,348.75,976.625
MOVE,0,1.0,0.0,351862880,568.1699,1324.3398
MOVE,1,1.0,0.0,351862880,349.79883,1008.0498
MOVE,0,1.0,0.0,351862896,554.9121,1382.9463
MOVE,1,1.0,0.0,351862896,352.71875,1076.2256
MOVE,0,1.0,0.0,351862913,542.04297,1438.125
MOVE,1,1.0,0.0,351862913,352.35156,1139.5137
MOVE,0,1.0,0.0,351862930,533.42773,1483.8926
MOVE,1,1.0,0.0,351862930,350.91895,1195.0869
MOVE,0,1.0,0.0,351862946,524.31055,1547.4785
MOVE,1,1.0,0.0,351862946,346.89062,1283.0273
MOVE,0,1.0,0.0,351862956,519.0,1580.75
MOVE,1,1.0,0.0,351862956,338.875,1346.25
UP,0,1.0,0.0,351862960,519.0,1580.75
UP,1,1.0,0.0,351862960,338.875,1346.25
DOWN,0,1.0,0.0,351863310,434.875,1327.25
DOWN,1,1.0,0.0,351863317,591.625,1565.25
MOVE,0,1.0,0.0,351863379,434.875,1327.25
MOVE,1,1.0,0.0,351863379,591.625,1531.1826
MOVE,0,1.0,0.0,351863396,434.13184,1290.7871
MOVE,1,1.0,0.0,351863396,594.3086,1479.456
MOVE,0,1.0,0.0,351863413,434.375,1234.9043
MOVE,1,1.0,0.0,351863413,600.7324,1449.0771
MOVE,0,1.0,0.0,351863429,434.2705,1203.9912
MOVE,1,1.0,0.0,351863429,609.3506,1423.8438
MOVE,0,1.0,0.0,351863446,430.54102,1161.5098
MOVE,1,1.0,0.0,351863446,621.86914,1389.4238
MOVE,0,1.0,0.0,351863463,420.71973,1119.5547
MOVE,1,1.0,0.0,351863463,634.3906,1355.6143
MOVE,0,1.0,0.0,351863479,405.62402,1080.6035
MOVE,1,1.0,0.0,351863479,644.3672,1324.7646
MOVE,0,1.0,0.0,351863496,394.2588,1054.2891
MOVE,1,1.0,0.0,351863496,650.84375,1301.0283
MOVE,0,1.0,0.0,351863513,353.5371,996.8213
MOVE,1,1.0,0.0,351863513,654.3506,1270.1787
MOVE,0,1.0,0.0,351863526,306.0,946.125
MOVE,1,1.0,0.0,351863526,653.75,1243.0
UP,0,1.0,0.0,351863530,306.0,946.125
MOVE,1,1.0,0.0,351863546,636.75,1198.5
UP,1,1.0,0.0,351863551,636.75,1198.5
DOWN,0,1.0,0.0,351864107,446.75,1287.125
DOWN,1,1.0,0.0,351864127,662.625,1502.25
MOVE,0,1.0,0.0,351864179,435.10352,1202.8691
MOVE,1,1.0,0.0,351864179,658.0303,1473.9346
MOVE,0,1.0,0.0,351864196,412.06836,1152.9609
MOVE,1,1.0,0.0,351864196,630.9414,1407.0049
MOVE,0,1.0,0.0,351864213,395.74902,1122.6758
MOVE,1,1.0,0.0,351864213,616.2256,1371.5332
MOVE,0,1.0,0.0,351864229,378.78906,1083.6826
MOVE,1,1.0,0.0,351864229,602.69727,1326.1846
MOVE,0,1.0,0.0,351864246,366.74023,1051.8623
MOVE,1,1.0,0.0,351864246,593.60156,1284.25
MOVE,0,1.0,0.0,351864263,355.8164,1024.6973
MOVE,1,1.0,0.0,351864263,588.0635,1244.835
MOVE,0,1.0,0.0,351864279,345.72266,1002.71387
MOVE,1,1.0,0.0,351864279,585.2363,1216.3652
MOVE,0,1.0,0.0,351864296,328.87305,971.55566
MOVE,1,1.0,0.0,351864296,583.26953,1185.2266
MOVE,0,1.0,0.0,351864313,312.97852,944.4824
MOVE,1,1.0,0.0,351864313,581.5254,1160.6318
MOVE,0,1.0,0.0,351864329,303.82617,928.58496
MOVE,1,1.0,0.0,351864329,580.9033,1146.7783
MOVE,0,1.0,0.0,351864346,299.44727,922.77734
MOVE,1,1.0,0.0,351864346,580.0801,1143.4111
MOVE,0,1.0,0.0,351864363,297.64648,921.1133
MOVE,1,1.0,0.0,351864363,580.0,1143.125
MOVE,0,1.0,0.0,351864379,296.1709,920.625
MOVE,1,1.0,0.0,351864379,580.0,1143.125
MOVE,0,1.0,0.0,351864396,295.1416,920.78613
MOVE,1,1.0,0.0,351864396,579.6416,1143.1611
MOVE,0,1.0,0.0,351864413,293.47266,922.5654
MOVE,1,1.0,0.0,351864413,577.3096,1145.7568
MOVE,0,1.0,0.0,351864429,292.25,925.75195
MOVE,1,1.0,0.0,351864429,572.7158,1153.6611
MOVE,0,1.0,0.0,351864446,292.0,930.79297
MOVE,1,1.0,0.0,351864446,566.5908,1164.124
MOVE,0,1.0,0.0,351864463,291.8037,938.96094
MOVE,1,1.0,0.0,351864463,558.3418,1180.4209
MOVE,0,1.0,0.0,351864479,290.23242,952.22656
MOVE,1,1.0,0.0,351864479,550.0928,1206.8096
MOVE,0,1.0,0.0,351864496,286.86133,979.90137
MOVE,1,1.0,0.0,351864496,539.2715,1247.4434
MOVE,0,1.0,0.0,351864513,286.375,1008.63086
MOVE,1,1.0,0.0,351864513,532.41797,1275.8594
MOVE,0,1.0,0.0,351864529,286.375,1045.8057
MOVE,1,1.0,0.0,351864529,527.7246,1314.4287
MOVE,0,1.0,0.0,351864546,287.0254,1087.5039
MOVE,1,1.0,0.0,351864546,526.8535,1357.6719
MOVE,0,1.0,0.0,351864563,292.2246,1134.6221
MOVE,1,1.0,0.0,351864563,527.2002,1403.7725
MOVE,0,1.0,0.0,351864579,298.64648,1176.206
MOVE,1,1.0,0.0,351864579,528.0547,1446.249
MOVE,0,1.0,0.0,351864596,304.3916,1208.457
MOVE,1,1.0,0.0,351864596,529.4414,1476.5742
MOVE,0,1.0,0.0,351864613,308.36426,1230.3154
MOVE,1,1.0,0.0,351864613,530.17285,1496.0049
MOVE,0,1.0,0.0,351864629,313.3203,1258.2793
MOVE,1,1.0,0.0,351864629,531.499,1513.8711
MOVE,0,1.0,0.0,351864641,317.375,1282.25
MOVE,1,1.0,0.0,351864641,534.375,1526.25
UP,1,1.0,0.0,351864645,534.375,1526.25
MOVE,0,1.0,0.0,351864645,319.0,1289.25
UP,0,1.0,0.0,351864649,319.0,1289.25
DOWN,0,1.0,0.0,351866068,394.0,1398.875
DOWN,1,1.0,0.0,351866075,571.875,1669.75
MOVE,0,1.0,0.0,351866196,393.99902,1398.875
MOVE,1,1.0,0.0,351866196,569.36816,1621.9092
MOVE,0,1.0,0.0,351866213,393.20117,1395.0625
MOVE,1,1.0,0.0,351866213,568.375,1590.7578
MOVE,0,1.0,0.0,351866229,392.1377,1375.3379
MOVE,1,1.0,0.0,351866229,570.0137,1568.0264
MOVE,0,1.0,0.0,351866246,391.15527,1332.2646
MOVE,1,1.0,0.0,351866246,575.9453,1535.501
MOVE,0,1.0,0.0,351866263,390.15527,1285.9873
MOVE,1,1.0,0.0,351866263,583.0801,1499.9512
MOVE,0,1.0,0.0,351866279,387.80762,1247.2422
MOVE,1,1.0,0.0,351866279,591.5654,1466.9785
MOVE,0,1.0,0.0,351866296,383.25488,1211.0
MOVE,1,1.0,0.0,351866296,598.7246,1435.0459
MOVE,0,1.0,0.0,351866313,377.65625,1186.9482
MOVE,1,1.0,0.0,351866313,604.2539,1410.126
MOVE,0,1.0,0.0,351866329,368.47656,1157.4521
MOVE,1,1.0,0.0,351866329,609.4883,1382.6133
MOVE,0,1.0,0.0,351866346,355.70312,1129.5
MOVE,1,1.0,0.0,351866346,614.11426,1356.4062
MOVE,0,1.0,0.0,351866363,344.97754,1108.0605
MOVE,1,1.0,0.0,351866363,616.125,1332.4619
MOVE,0,1.0,0.0,351866379,338.39355,1094.335
MOVE,1,1.0,0.0,351866379,616.77637,1317.5586
MOVE,0,1.0,0.0,351866396,332.09668,1079.5537
MOVE,1,1.0,0.0,351866396,618.97754,1303.3184
MOVE,0,1.0,0.0,351866413,328.82227,1072.7705
MOVE,1,1.0,0.0,351866413,620.0508,1296.5693
MOVE,0,1.0,0.0,351866429,321.79688,1063.9365
MOVE,1,1.0,0.0,351866429,620.7217,1290.5303
MOVE,0,1.0,0.0,351866434,318.0,1059.375
MOVE,1,1.0,0.0,351866434,620.75,1289.0
UP,0,1.0,0.0,351866438,318.0,1059.375
MOVE,1,1.0,0.0,351866446,619.625,1285.125
UP,1,1.0,0.0,351866451,619.625,1285.125
MOVE,0,1.0,0.0,351867213,437.58398,1370.376
MOVE,1,1.0,0.0,351867213,585.083,1530.0625
MOVE,0,1.0,0.0,351867230,430.26172,1337.748
MOVE,1,1.0,0.0,351867230,581.0742,1510.2852
MOVE,0,1.0,0.0,351867246,424.61426,1321.3535
MOVE,1,1.0,0.0,351867246,579.25,1487.7881
MOVE,0,1.0,0.0,351867263,412.5127,1283.0791
MOVE,1,1.0,0.0,351867263,578.9707,1456.834
MOVE,0,1.0,0.0,351867279,394.97168,1238.334
MOVE,1,1.0,0.0,351867279,575.70215,1421.1367
MOVE,0,1.0,0.0,351867296,375.31738,1193.1367
MOVE,1,1.0,0.0,351867296,568.9785,1381.1484
MOVE,0,1.0,0.0,351867313,353.04004,1153.0195
MOVE,1,1.0,0.0,351867313,560.6885,1343.8838
MOVE,0,1.0,0.0,351867329,336.16113,1126.9297
MOVE,1,1.0,0.0,351867329,553.1416,1319.2988
MOVE,0,1.0,0.0,351867346,311.41602,1091.5576
MOVE,1,1.0,0.0,351867346,543.0176,1291.791
MOVE,0,1.0,0.0,351867363,265.62793,1038.7773
MOVE,1,1.0,0.0,351867363,526.3926,1257.8818
MOVE,0,1.0,0.0,351867371,241.0,1012.375
MOVE,1,1.0,0.0,351867371,515.375,1239.125
UP,0,1.0,0.0,351867375,241.0,1012.375
UP,1,1.0,0.0,351867375,515.375,1239.125
MOVE,0,1.0,0.0,351867762,293.73926,1010.6201
MOVE,1,1.0,0.0,351867762,493.5,1322.6602
MOVE,0,1.0,0.0,351867779,303.45605,1075.5547
MOVE,1,1.0,0.0,351867779,493.5,1382.4971
MOVE,0,1.0,0.0,351867796,313.65527,1148.2432
MOVE,1,1.0,0.0,351867796,492.11523,1447.6455
MOVE,0,1.0,0.0,351867812,323.9756,1230.7041
MOVE,1,1.0,0.0,351867812,491.7881,1511.3418
MOVE,0,1.0,0.0,351867826,328.5,1308.875
MOVE,1,1.0,0.0,351867826,490.75,1556.25
UP,1,1.0,0.0,351867830,490.75,1556.25
MOVE,0,1.0,0.0,351867834,329.375,1376.75
UP,0,1.0,0.0,351867838,329.375,1376.75
DOWN,0,1.0,0.0,351868064,392.375,1106.75
DOWN,1,1.0,0.0,351868072,610.25,1413.25
MOVE,0,1.0,0.0,351868130,363.02637,1042.7373
MOVE,1,1.0,0.0,351868130,590.6328,1348.6279
MOVE,0,1.0,0.0,351868146,224.68164,904.334
MOVE,1,1.0,0.0,351868146,560.2637,1289.6914
MOVE,0,1.0,0.0,351868151,155.125,845.875
MOVE,1,1.0,0.0,351868151,542.75,1261.125
UP,0,1.0,0.0,351868155,155.125,845.875
MOVE,1,1.0,0.0,351868163,422.48242,1125.5557
MOVE,1,1.0,0.0,351868167,378.375,1087.875
UP,1,1.0,0.0,351868171,378.375,1087.875
DOWN,0,1.0,0.0,351868421,442.625,1150.375
DOWN,1,1.0,0.0,351868433,641.125,1424.25
MOVE,0,1.0,0.0,351868496,439.1162,1145.9111
MOVE,1,1.0,0.0,351868496,636.8721,1390.2734
MOVE,0,1.0,0.0,351868513,400.14844,1094.8447
MOVE,1,1.0,0.0,351868513,622.5469,1348.0615
MOVE,0,1.0,0.0,351868530,354.26562,1043.0312
MOVE,1,1.0,0.0,351868530,606.11914,1308.21
MOVE,0,1.0,0.0,351868546,281.5,968.75
MOVE,1,1.0,0.0,351868546,590.875,1262.0
UP,0,1.0,0.0,351868550,281.5,968.75
MOVE,1,1.0,0.0,351868551,581.50586,1241.8555
MOVE,1,1.0,0.0,351868554,567.375,1219.75
UP,1,1.0,0.0,351868559,567.375,1219.75
DOWN,0,1.0,0.0,351869063,574.0,1556.0
DOWN,1,1.0,0.0,351869084,373.5,1266.375
MOVE,0,1.0,0.0,351869129,571.08887,1506.1348
MOVE,1,1.0,0.0,351869129,373.5,1266.375
MOVE,0,1.0,0.0,351869146,565.5449,1436.8506
MOVE,1,1.0,0.0,351869146,366.07617,1217.8291
MOVE,0,1.0,0.0,351869163,563.5576,1407.418
MOVE,1,1.0,0.0,351869163,351.49707,1178.8398
MOVE,0,1.0,0.0,351869179,563.125,1384.3838
MOVE,1,1.0,0.0,351869179,341.01172,1152.3701
MOVE,0,1.0,0.0,351869196,561.83105,1348.5918
MOVE,1,1.0,0.0,351869196,323.87695,1113.8281
MOVE,0,1.0,0.0,351869213,558.35547,1313.1465
MOVE,1,1.0,0.0,351869213,307.83594,1073.7314
MOVE,0,1.0,0.0,351869229,556.7002,1277.4229
MOVE,1,1.0,0.0,351869229,291.47363,1037.081
MOVE,0,1.0,0.0,351869246,552.3496,1245.2354
MOVE,1,1.0,0.0,351869246,275.4541,1004.49414
MOVE,0,1.0,0.0,351869262,547.8633,1219.2578
MOVE,1,1.0,0.0,351869262,264.1006,983.1455
MOVE,0,1.0,0.0,351869279,536.48535,1188.3213
MOVE,1,1.0,0.0,351869279,233.18164,943.4971
MOVE,0,1.0,0.0,351869285,530.75,1179.75
MOVE,1,1.0,0.0,351869285,219.375,928.625
UP,0,1.0,0.0,351869289,530.75,1179.75
UP,1,1.0,0.0,351869289,219.375,928.625
DOWN,0,1.0,0.0,351869551,389.5,1308.75
DOWN,1,1.0,0.0,351869575,571.75,1509.375
MOVE,0,1.0,0.0,351869630,388.43945,1239.3828
MOVE,1,1.0,0.0,351869630,573.0049,1491.9873
MOVE,0,1.0,0.0,351869646,385.14648,1199.6953
MOVE,1,1.0,0.0,351869646,585.5371,1440.0684
MOVE,0,1.0,0.0,351869663,380.45117,1176.3896
MOVE,1,1.0,0.0,351869663,590.28906,1414.3945
MOVE,0,1.0,0.0,351869680,376.7881,1158.6865
MOVE,1,1.0,0.0,351869680,592.4844,1397.7891
MOVE,0,1.0,0.0,351869696,372.68652,1137.9775
MOVE,1,1.0,0.0,351869696,593.85645,1380.0713
MOVE,0,1.0,0.0,351869713,368.64746,1123.2041
MOVE,1,1.0,0.0,351869713,594.74414,1366.9473
MOVE,0,1.0,0.0,351869729,365.55664,1114.0078
MOVE,1,1.0,0.0,351869729,595.8369,1358.1328
MOVE,0,1.0,0.0,351869746,362.46875,1108.1602
MOVE,1,1.0,0.0,351869746,597.09863,1352.3965
MOVE,0,1.0,0.0,351869763,359.7373,1103.7861
MOVE,1,1.0,0.0,351869763,597.125,1348.8945
MOVE,0,1.0,0.0,351869779,357.083,1098.8984
MOVE,1,1.0,0.0,351869779,597.125,1345.3496
MOVE,0,1.0,0.0,351869796,354.48535,1094.8975
MOVE,1,1.0,0.0,351869796,597.125,1342.5732
MOVE,0,1.0,0.0,351869812,351.9746,1091.2754
MOVE,1,1.0,0.0,351869812,597.0254,1341.0752
MOVE,0,1.0,0.0,351869829,350.06445,1088.3789
MOVE,1,1.0,0.0,351869829,596.75,1339.5322
MOVE,0,1.0,0.0,351869846,348.25977,1086.1348
MOVE,1,1.0,0.0,351869846,596.4082,1338.043
MOVE,0,1.0,0.0,351869862,346.2666,1083.8633
MOVE,1,1.0,0.0,351869862,596.25,1336.875
MOVE,0,1.0,0.0,351869879,345.15723,1082.5645
MOVE,1,1.0,0.0,351869879,596.125,1336.5
MOVE,0,1.0,0.0,351869896,344.67773,1082.25
MOVE,1,1.0,0.0,351869896,596.125,1336.5
MOVE,0,1.0,0.0,351869912,344.28418,1082.25
MOVE,1,1.0,0.0,351869912,595.8926,1336.6074
MOVE,0,1.0,0.0,351869929,342.87012,1083.8447
MOVE,1,1.0,0.0,351869929,593.02637,1340.8584
MOVE,0,1.0,0.0,351869946,341.53906,1090.4238
MOVE,1,1.0,0.0,351869946,583.4824,1358.793
MOVE,0,1.0,0.0,351869962,339.03906,1102.2627
MOVE,1,1.0,0.0,351869962,571.86523,1388.6992
MOVE,0,1.0,0.0,351869979,333.64453,1125.7793
MOVE,1,1.0,0.0,351869979,562.8174,1435.6641
MOVE,0,1.0,0.0,351869996,324.38867,1171.8145
MOVE,1,1.0,0.0,351869996,556.4043,1484.5547
MOVE,0,1.0,0.0,351870013,318.39746,1212.9814
MOVE,1,1.0,0.0,351870013,551.0918,1527.9902
MOVE,0,1.0,0.0,351870029,315.458,1280.1709
MOVE,1,1.0,0.0,351870029,539.958,1584.5859
MOVE,0,1.0,0.0,351870046,315.375,1360.9062
MOVE,1,1.0,0.0,351870046,527.70996,1643.5771
MOVE,0,1.0,0.0,351870052,315.375,1388.375
MOVE,1,1.0,0.0,351870052,524.25,1657.875
UP,1,1.0,0.0,351870055,524.25,1657.875
MOVE,0,1.0,0.0,351870063,315.28027,1439.1318
MOVE,0,1.0,0.0,351870072,314.75,1468.625
UP,0,1.0,0.0,351870076,314.75,1468.625
DOWN,0,1.0,0.0,351870335,303.0,947.125
DOWN,1,1.0,0.0,351870343,552.0,1260.125
MOVE,0,1.0,0.0,351870413,301.5625,969.7285
MOVE,1,1.0,0.0,351870413,543.7207,1321.3223
MOVE,0,1.0,0.0,351870430,291.29395,1024.5205
MOVE,1,1.0,0.0,351870430,532.834,1363.4297
MOVE,0,1.0,0.0,351870446,286.23242,1068.7139
MOVE,1,1.0,0.0,351870446,523.8926,1397.6426
MOVE,0,1.0,0.0,351870463,283.7207,1108.9863
MOVE,1,1.0,0.0,351870463,513.23145,1429.7793
MOVE,0,1.0,0.0,351870479,283.19922,1146.4873
MOVE,1,1.0,0.0,351870479,504.01758,1456.4023
MOVE,0,1.0,0.0,351870496,282.875,1181.4131
MOVE,1,1.0,0.0,351870496,497.01074,1480.6162
MOVE,0,1.0,0.0,351870513,283.9453,1226.249
MOVE,1,1.0,0.0,351870513,491.10938,1505.8828
MOVE,0,1.0,0.0,351870531,289.75,1279.625
MOVE,1,1.0,0.0,351870531,488.375,1536.125
UP,0,1.0,0.0,351870534,289.75,1279.625
MOVE,1,1.0,0.0,351870534,487.9922,1542.3779
UP,1,1.0,0.0,351870538,488.0,1542.25
DOWN,0,1.0,0.0,351871013,321.25,903.125
DOWN,1,1.0,0.0,351871021,592.75,1229.0
MOVE,0,1.0,0.0,351871080,321.21777,908.72754
MOVE,1,1.0,0.0,351871080,590.30664,1245.8975
MOVE,0,1.0,0.0,351871096,315.62305,981.2666
MOVE,1,1.0,0.0,351871096,563.1709,1308.5762
MOVE,0,1.0,0.0,351871113,310.89062,1030.7012
MOVE,1,1.0,0.0,351871113,544.3125,1353.585
MOVE,0,1.0,0.0,351871129,308.12207,1070.669
MOVE,1,1.0,0.0,351871129,530.3613,1389.1631
MOVE,0,1.0,0.0,351871146,304.2041,1125.0146
MOVE,1,1.0,0.0,351871146,513.78125,1435.0654
MOVE,0,1.0,0.0,351871163,300.70508,1176.5146
MOVE,1,1.0,0.0,351871163,501.1289,1475.585
MOVE,0,1.0,0.0,351871179,297.5879,1232.6104
MOVE,1,1.0,0.0,351871179,492.1748,1514.7314
MOVE,0,1.0,0.0,351871192,295.875,1289.375
MOVE,1,1.0,0.0,351871192,484.125,1544.5
UP,1,1.0,0.0,351871196,484.125,1544.5
MOVE,0,1.0,0.0,351871196,294.9912,1309.2725
MOVE,0,1.0,0.0,351871200,294.5,1330.375
UP,0,1.0,0.0,351871204,294.5,1330.375
DOWN,0,1.0,0.0,351871505,269.125,877.625
DOWN,1,1.0,0.0,351871530,557.0,1211.875
MOVE,0,1.0,0.0,351871613,268.58887,892.1846
MOVE,1,1.0,0.0,351871613,553.83984,1242.1299
MOVE,0,1.0,0.0,351871629,263.7832,956.16113
MOVE,1,1.0,0.0,351871629,537.2842,1297.3125
MOVE,0,1.0,0.0,351871646,262.93652,996.87695
MOVE,1,1.0,0.0,351871646,526.58496,1331.0293
MOVE,0,1.0,0.0,351871663,262.28223,1027.7725
MOVE,1,1.0,0.0,351871663,515.6201,1362.0225
MOVE,0,1.0,0.0,351871679,262.25,1071.5342
MOVE,1,1.0,0.0,351871679,502.61133,1401.2627
MOVE,0,1.0,0.0,351871696,261.5,1112.8037
MOVE,1,1.0,0.0,351871696,491.0244,1435.1436
MOVE,0,1.0,0.0,351871713,260.94434,1150.4766
MOVE,1,1.0,0.0,351871713,480.87207,1464.3271
MOVE,0,1.0,0.0,351871729,259.65918,1186.7275
MOVE,1,1.0,0.0,351871729,472.333,1485.623
MOVE,0,1.0,0.0,351871746,257.27832,1226.8203
MOVE,1,1.0,0.0,351871746,462.63672,1500.959
MOVE,0,1.0,0.0,351871751,256.0,1240.0
MOVE,1,1.0,0.0,351871751,460.5,1504.125
UP,1,1.0,0.0,351871755,460.5,1504.125
MOVE,0,1.0,0.0,351871763,253.125,1264.0
UP,0,1.0,0.0,351871768,253.125,1264.0
DOWN,0,1.0,0.0,351871998,289.375,917.875
DOWN,1,1.0,0.0,351872010,560.125,1232.5
MOVE,0,1.0,0.0,351872080,287.833,944.24805
MOVE,1,1.0,0.0,351872080,543.0254,1292.9971
MOVE,0,1.0,0.0,351872096,280.7422,988.99414
MOVE,1,1.0,0.0,351872096,527.0488,1322.3096
MOVE,0,1.0,0.0,351872113,276.23828,1019.83984
MOVE,1,1.0,0.0,351872113,512.8281,1349.8984
MOVE,0,1.0,0.0,351872129,272.04297,1048.8125
MOVE,1,1.0,0.0,351872129,498.57227,1376.252
MOVE,0,1.0,0.0,351872146,269.875,1078.3965
MOVE,1,1.0,0.0,351872146,487.71973,1399.3164
MOVE,0,1.0,0.0,351872163,269.875,1105.0625
MOVE,1,1.0,0.0,351872163,480.36426,1418.0898
MOVE,0,1.0,0.0,351872179,269.875,1124.6191
MOVE,1,1.0,0.0,351872179,476.5879,1428.7188
MOVE,0,1.0,0.0,351872196,270.125,1134.7129
MOVE,1,1.0,0.0,351872196,476.125,1430.25
MOVE,0,1.0,0.0,351872213,270.4746,1136.2744
MOVE,1,1.0,0.0,351872213,476.125,1430.25
MOVE,0,1.0,0.0,351872229,270.75,1137.0
MOVE,1,1.0,0.0,351872229,476.16992,1429.4336
MOVE,0,1.0,0.0,351872244,270.75,1137.0
MOVE,1,1.0,0.0,351872244,478.0,1422.125
UP,1,1.0,0.0,351872248,478.0,1422.125
MOVE,0,1.0,0.0,351872257,271.125,1137.375
UP,0,1.0,0.0,351872261,271.125,1137.375
MOVE,0,1.0,0.0,351872546,265.13086,989.2168
MOVE,1,1.0,0.0,351872546,504.01758,1318.3545
MOVE,0,1.0,0.0,351872563,261.18555,1029.7656
MOVE,1,1.0,0.0,351872563,488.33105,1353.3945
MOVE,0,1.0,0.0,351872579,256.40332,1076.1826
MOVE,1,1.0,0.0,351872579,470.43457,1394.0449
MOVE,0,1.0,0.0,351872596,254.69727,1143.4385
MOVE,1,1.0,0.0,351872596,453.333,1449.791
MOVE,0,1.0,0.0,351872613,255.11426,1220.0586
MOVE,1,1.0,0.0,351872613,445.54395,1503.3291
MOVE,0,1.0,0.0,351872629,259.06934,1273.8604
MOVE,1,1.0,0.0,351872629,445.25,1532.669
MOVE,0,1.0,0.0,351872646,263.52246,1295.4521
MOVE,1,1.0,0.0,351872646,445.7119,1538.125
MOVE,0,1.0,0.0,351872660,272.25,1305.375
MOVE,1,1.0,0.0,351872660,447.25,1533.125
UP,0,1.0,0.0,351872664,272.25,1305.375
UP,1,1.0,0.0,351872664,447.25,1533.125
MOVE,0,1.0,0.0,351872946,628.958,1234.0879
MOVE,1,1.0,0.0,351872946,330.83105,956.6221
MOVE,0,1.0,0.0,351872963,633.54785,1186.417
MOVE,1,1.0,0.0,351872963,317.7539,903.2881
MOVE,0,1.0,0.0,351872980,634.5957,1145.2031
MOVE,1,1.0,0.0,351872980,310.36816,857.05273
MOVE,0,1.0,0.0,351872996,636.32227,1120.4238
MOVE,1,1.0,0.0,351872996,308.46387,830.1738
MOVE,0,1.0,0.0,351873013,640.3965,1088.0625
MOVE,1,1.0,0.0,351873013,301.6338,798.36035
MOVE,0,1.0,0.0,351873029,637.5205,1054.4805
MOVE,1,1.0,0.0,351873029,280.26172,763.07715
MOVE,0,1.0,0.0,351873046,616.47363,1015.7529
MOVE,1,1.0,0.0,351873046,253.42188,727.375
MOVE,0,1.0,0.0,351873063,603.5635,998.2754
MOVE,1,1.0,0.0,351873063,237.97656,708.8574
MOVE,0,1.0,0.0,351873079,598.6416,991.8916
MOVE,1,1.0,0.0,351873079,234.42773,703.1416
MOVE,0,1.0,0.0,351873096,592.8623,988.7168
MOVE,1,1.0,0.0,351873096,233.80371,701.76855
MOVE,0,1.0,0.0,351873099,591.25,988.0
MOVE,1,1.0,0.0,351873099,233.625,701.5
UP,0,1.0,0.0,351873103,591.25,988.0
MOVE,1,1.0,0.0,351873103,232.875,701.0
UP,1,1.0,0.0,351873107,232.875,701.0
DOWN,0,1.0,0.0,351873186,287.875,795.25
DOWN,1,1.0,0.0,351873193,612.25,1086.375
MOVE,0,1.0,0.0,351873263,287.875,795.25
MOVE,1,1.0,0.0,351873263,611.249,1095.9209
MOVE,0,1.0,0.0,351873279,287.625,806.0586
MOVE,1,1.0,0.0,351873279,588.06445,1151.4346
MOVE,0,1.0,0.0,351873296,274.22754,872.2129
MOVE,1,1.0,0.0,351873296,570.1699,1188.3545
MOVE,0,1.0,0.0,351873313,263.43848,913.3955
MOVE,1,1.0,0.0,351873313,553.9424,1225.792
MOVE,0,1.0,0.0,351873329,254.95898,957.5703
MOVE,1,1.0,0.0,351873329,536.75195,1262.7949
MOVE,0,1.0,0.0,351873346,251.94727,991.27637
MOVE,1,1.0,0.0,351873346,524.18164,1291.4854
MOVE,0,1.0,0.0,351873363,250.75684,1029.9941
MOVE,1,1.0,0.0,351873363,511.32227,1324.6719
MOVE,0,1.0,0.0,351873379,251.74512,1070.6885
MOVE,1,1.0,0.0,351873379,504.33105,1352.8193
MOVE,0,1.0,0.0,351873390,258.125,1098.375
MOVE,1,1.0,0.0,351873390,504.25,1367.25
UP,0,1.0,0.0,351873394,258.125,1098.375
MOVE,1,1.0,0.0,351873398,505.125,1373.0
UP,1,1.0,0.0,351873402,505.125,1373.0
DOWN,0,1.0,0.0,351873463,541.375,1191.75
DOWN,1,1.0,0.0,351873484,248.75,860.875
MOVE,0,1.0,0.0,351873546,563.959,1118.5127
MOVE,1,1.0,0.0,351873546,248.75,857.2793
MOVE,0,1.0,0.0,351873563,579.52734,1093.7471
MOVE,1,1.0,0.0,351873563,256.88086,817.56055
MOVE,0,1.0,0.0,351873579,580.125,1093.3037
MOVE,1,1.0,0.0,351873579,259.25,813.25
MOVE,0,1.0,0.0,351873596,578.85254,1098.3398
MOVE,1,1.0,0.0,351873596,260.05664,814.14746
MOVE,0,1.0,0.0,351873613,567.7158,1126.8652
MOVE,1,1.0,0.0,351873613,261.47656,821.9512
MOVE,0,1.0,0.0,351873629,553.6582,1164.2217
MOVE,1,1.0,0.0,351873629,260.42578,841.6963
MOVE,0,1.0,0.0,351873646,538.8965,1202.748
MOVE,1,1.0,0.0,351873646,255.39453,877.31934
MOVE,0,1.0,0.0,351873663,521.3789,1258.5479
MOVE,1,1.0,0.0,351873663,251.28027,938.7285
MOVE,0,1.0,0.0,351873679,503.72754,1322.2773
MOVE,1,1.0,0.0,351873679,249.875,1015.8965
MOVE,0,1.0,0.0,351873696,489.47168,1393.7402
MOVE,1,1.0,0.0,351873696,253.29883,1107.5117
MOVE,0,1.0,0.0,351873710,481.0,1452.125
MOVE,1,1.0,0.0,351873710,260.125,1196.25
UP,0,1.0,0.0,351873713,481.0,1452.125
MOVE,1,1.0,0.0,351873713,267.5,1280.375
UP,1,1.0,0.0,351873717,267.5,1280.375
DOWN,0,1.0,0.0,351883436,223.5,811.125
DOWN,1,1.0,0.0,351883436,398.5,995.75
MOVE,0,1.0,0.0,351883497,223.5,811.125
MOVE,1,1.0,0.0,351883497,398.83203,957.8125
MOVE,0,1.0,0.0,351883513,223.23242,805.3584
MOVE,1,1.0,0.0,351883513,399.125,918.28125
MOVE,0,1.0,0.0,351883529,209.73438,749.47656
MOVE,1,1.0,0.0,351883529,397.5703,891.58594
MOVE,0,1.0,0.0,351883546,193.7334,705.33594
MOVE,1,1.0,0.0,351883546,395.125,851.0176
MOVE,0,1.0,0.0,351883563,186.15527,670.3301
MOVE,1,1.0,0.0,351883563,395.40625,813.2197
MOVE,0,1.0,0.0,351883579,179.33008,635.708
MOVE,1,1.0,0.0,351883579,398.00977,776.48145
MOVE,0,1.0,0.0,351883596,169.875,604.75
MOVE,1,1.0,0.0,351883596,397.25,747.75
UP,1,1.0,0.0,351883599,397.25,747.75
MOVE,0,1.0,0.0,351883601,166.09473,595.209
MOVE,0,1.0,0.0,351883604,164.125,592.25
UP,0,1.0,0.0,351883608,164.125,592.25
DOWN,0,1.0,0.0,351883869,153.375,900.125
DOWN,1,1.0,0.0,351883876,351.125,1090.0
MOVE,0,1.0,0.0,351883929,153.375,900.125
MOVE,1,1.0,0.0,351883929,348.75977,1079.373
MOVE,0,1.0,0.0,351883946,153.375,900.125
MOVE,1,1.0,0.0,351883946,317.25488,1034.9893
MOVE,0,1.0,0.0,351883963,142.51367,843.1582
MOVE,1,1.0,0.0,351883963,305.7373,1004.24414
MOVE,0,1.0,0.0,351883979,127.27832,796.59375
MOVE,1,1.0,0.0,351883979,305.43066,975.1699
MOVE,0,1.0,0.0,351883996,118.59375,762.0166
MOVE,1,1.0,0.0,351883996,309.80762,942.8008
MOVE,0,1.0,0.0,351884013,112.61719,725.82715
MOVE,1,1.0,0.0,351884013,319.06055,908.4258
MOVE,0,1.0,0.0,351884029,106.28516,693.0537
MOVE,1,1.0,0.0,351884029,328.38184,869.7959
MOVE,0,1.0,0.0,351884046,101.30957,667.37305
MOVE,1,1.0,0.0,351884046,333.65234,837.2803
MOVE,0,1.0,0.0,351884063,96.56055,649.6045
MOVE,1,1.0,0.0,351884063,337.07617,807.4424
MOVE,0,1.0,0.0,351884081,92.375,637.125
MOVE,1,1.0,0.0,351884081,337.375,788.125
UP,0,1.0,0.0,351884084,92.375,637.125
MOVE,1,1.0,0.0,351884084,336.0,779.5
UP,1,1.0,0.0,351884089,336.0,779.5
DOWN,0,1.0,0.0,351884413,389.875,1076.5
DOWN,1,1.0,0.0,351884424,575.375,1306.25
MOVE,0,1.0,0.0,351884513,390.5498,1056.1631
MOVE,1,1.0,0.0,351884513,575.4531,1301.4375
MOVE,0,1.0,0.0,351884529,391.27832,985.4287
MOVE,1,1.0,0.0,351884529,590.0957,1237.8398
MOVE,0,1.0,0.0,351884546,385.71875,950.2529
MOVE,1,1.0,0.0,351884546,595.1279,1202.7568
MOVE,0,1.0,0.0,351884563,371.45605,906.59863
MOVE,1,1.0,0.0,351884563,595.625,1154.8906
MOVE,0,1.0,0.0,351884579,357.1953,865.2256
MOVE,1,1.0,0.0,351884579,595.11914,1107.8086
MOVE,0,1.0,0.0,351884596,344.24512,831.4873
MOVE,1,1.0,0.0,351884596,591.7471,1062.8574
MOVE,0,1.0,0.0,351884613,332.41504,804.20215
MOVE,1,1.0,0.0,351884613,584.2783,1023.4951
MOVE,0,1.0,0.0,351884629,320.9287,783.5459
MOVE,1,1.0,0.0,351884629,577.0967,991.65625
MOVE,0,1.0,0.0,351884638,312.5,771.625
MOVE,1,1.0,0.0,351884638,574.375,980.375
UP,0,1.0,0.0,351884641,312.5,771.625
MOVE,1,1.0,0.0,351884646,572.8408,973.0801
MOVE,1,1.0,0.0,351884650,572.375,970.75
UP,1,1.0,0.0,351884654,572.375,970.75
DOWN,0,1.0,0.0,351885134,462.375,1129.625
DOWN,1,1.0,0.0,351885145,635.25,1353.125
MOVE,0,1.0,0.0,351885213,461.18945,1111.5029
MOVE,1,1.0,0.0,351885213,635.2783,1347.8418
MOVE,0,1.0,0.0,351885229,445.91504,1049.7363
MOVE,1,1.0,0.0,351885229,637.875,1284.9326
MOVE,0,1.0,0.0,351885246,437.05078,1018.65625
MOVE,1,1.0,0.0,351885246,636.9824,1253.6387
MOVE,0,1.0,0.0,351885263,425.71777,977.7529
MOVE,1,1.0,0.0,351885263,636.4971,1211.6348
MOVE,0,1.0,0.0,351885279,413.7627,933.6738
MOVE,1,1.0,0.0,351885279,636.0,1170.1709
MOVE,0,1.0,0.0,351885296,400.95215,889.7002
MOVE,1,1.0,0.0,351885296,637.1406,1129.3291
MOVE,0,1.0,0.0,351885313,389.86035,850.5791
MOVE,1,1.0,0.0,351885313,639.9961,1083.0537
MOVE,0,1.0,0.0,351885329,382.46094,826.7754
MOVE,1,1.0,0.0,351885329,635.4658,1041.8965
MOVE,0,1.0,0.0,351885346,373.24414,799.4541
MOVE,1,1.0,0.0,351885346,615.6826,986.56055
MOVE,0,1.0,0.0,351885362,364.76758,780.51074
MOVE,1,1.0,0.0,351885362,602.88477,950.2373
MOVE,0,1.0,0.0,351885371,360.25,773.75
MOVE,1,1.0,0.0,351885371,599.0,939.0
UP,1,1.0,0.0,351885375,599.0,939.0
MOVE,0,1.0,0.0,351885379,354.96484,768.2168
MOVE,0,1.0,0.0,351885383,352.5,765.875
UP,0,1.0,0.0,351885388,352.5,765.875
DOWN,0,1.0,0.0,351885743,724.75,1343.625
DOWN,1,1.0,0.0,351885751,526.125,1070.625
MOVE,0,1.0,0.0,351885879,724.75,1343.542
MOVE,1,1.0,0.0,351885879,516.8047,1011.5469
MOVE,0,1.0,0.0,351885896,727.8408,1329.5957
MOVE,1,1.0,0.0,351885896,505.99316,973.8447
MOVE,0,1.0,0.0,351885913,738.084,1284.499
MOVE,1,1.0,0.0,351885913,499.36035,941.2539
MOVE,0,1.0,0.0,351885929,745.89355,1242.7529
MOVE,1,1.0,0.0,351885929,493.64258,917.2373
MOVE,0,1.0,0.0,351885946,750.86035,1193.3779
MOVE,1,1.0,0.0,351885946,485.87402,889.1367
MOVE,0,1.0,0.0,351885963,751.5,1153.498
MOVE,1,1.0,0.0,351885963,477.12012,861.291
MOVE,0,1.0,0.0,351885979,751.5,1122.374
MOVE,1,1.0,0.0,351885979,469.292,839.48047
MOVE,0,1.0,0.0,351885996,750.9785,1104.5234
MOVE,1,1.0,0.0,351885996,462.75293,825.2871
MOVE,0,1.0,0.0,351886013,750.3076,1083.9893
MOVE,1,1.0,0.0,351886013,455.88184,809.43555
MOVE,0,1.0,0.0,351886029,749.3086,1069.4678
MOVE,1,1.0,0.0,351886029,451.7412,799.3545
MOVE,0,1.0,0.0,351886046,747.875,1062.625
MOVE,1,1.0,0.0,351886046,448.5625,793.625
MOVE,0,1.0,0.0,351886063,746.9404,1058.5107
MOVE,1,1.0,0.0,351886063,446.12988,790.50586
MOVE,0,1.0,0.0,351886079,746.3115,1055.4297
MOVE,1,1.0,0.0,351886079,443.04785,787.4873
MOVE,0,1.0,0.0,351886090,745.75,1053.875
MOVE,1,1.0,0.0,351886090,436.875,782.75
UP,1,1.0,0.0,351886093,436.875,782.75
MOVE,0,1.0,0.0,351886096,745.42285,1053.0967
MOVE,0,1.0,0.0,351886110,742.625,1051.375
UP,0,1.0,0.0,351886114,742.625,1051.375
DOWN,0,1.0,0.0,351886516,534.75,1120.75
DOWN,1,1.0,0.0,351886543,736.875,1374.375
MOVE,0,1.0,0.0,351886646,531.1123,1092.0459
MOVE,1,1.0,0.0,351886646,734.4707,1345.874
MOVE,0,1.0,0.0,351886663,511.45215,1034.7637
MOVE,1,1.0,0.0,351886663,723.0781,1288.748
MOVE,0,1.0,0.0,351886679,498.9248,994.52734
MOVE,1,1.0,0.0,351886679,717.1699,1249.8604
MOVE,0,1.0,0.0,351886696,487.58496,956.58496
MOVE,1,1.0,0.0,351886696,711.37695,1211.2451
MOVE,0,1.0,0.0,351886713,473.62207,918.1221
MOVE,1,1.0,0.0,351886713,707.0117,1174.5176
MOVE,0,1.0,0.0,351886729,461.50977,889.8252
MOVE,1,1.0,0.0,351886729,704.1279,1148.9463
MOVE,0,1.0,0.0,351886746,447.37793,855.6133
MOVE,1,1.0,0.0,351886746,699.334,1119.0059
MOVE,0,1.0,0.0,351886763,435.03516,829.50195
MOVE,1,1.0,0.0,351886763,698.25,1094.2217
MOVE,0,1.0,0.0,351886779,424.37988,806.8721
MOVE,1,1.0,0.0,351886779,698.25,1075.9619
MOVE,0,1.0,0.0,351886796,417.7119,791.8047
MOVE,1,1.0,0.0,351886796,698.25,1062.669
MOVE,0,1.0,0.0,351886813,412.08105,778.61035
MOVE,1,1.0,0.0,351886813,698.25,1050.1104
MOVE,0,1.0,0.0,351886829,407.63184,767.58105
MOVE,1,1.0,0.0,351886829,698.3115,1037.5859
MOVE,0,1.0,0.0,351886846,403.45215,759.5293
MOVE,1,1.0,0.0,351886846,699.43164,1024.9248
MOVE,0,1.0,0.0,351886862,400.2754,753.61914
MOVE,1,1.0,0.0,351886862,701.1123,1017.5371
MOVE,0,1.0,0.0,351886879,397.22168,746.8867
MOVE,1,1.0,0.0,351886879,702.167,1012.4697
MOVE,0,1.0,0.0,351886896,394.91602,741.83203
MOVE,1,1.0,0.0,351886896,703.6045,1006.22754
MOVE,0,1.0,0.0,351886913,393.1582,738.2285
MOVE,1,1.0,0.0,351886913,704.2881,1001.5117
MOVE,0,1.0,0.0,351886929,391.95215,735.6543
MOVE,1,1.0,0.0,351886929,705.04785,998.6826
MOVE,0,1.0,0.0,351886946,391.75,734.875
MOVE,1,1.0,0.0,351886946,705.2959,997.7041
MOVE,0,1.0,0.0,351886963,391.75,734.875
MOVE,1,1.0,0.0,351886963,705.41895,997.45605
MOVE,0,1.0,0.0,351886975,391.75,734.875
MOVE,1,1.0,0.0,351886975,705.6875,997.25
UP,0,1.0,0.0,351887015,391.75,734.875
UP,1,1.0,0.0,351887019,705.625,997.25
DOWN,0,1.0,0.0,351887435,825.0,1236.75
DOWN,1,1.0,0.0,351887442,570.25,955.875
MOVE,0,1.0,0.0,351887563,825.0,1236.75
MOVE,1,1.0,0.0,351887563,572.41016,911.9238
MOVE,0,1.0,0.0,351887579,825.45996,1233.0576
MOVE,1,1.0,0.0,351887579,572.9287,880.91797
MOVE,0,1.0,0.0,351887596,830.0537,1211.8438
MOVE,1,1.0,0.0,351887596,569.1504,860.6699
MOVE,0,1.0,0.0,351887613,839.16797,1171.4512
MOVE,1,1.0,0.0,351887613,559.6553,829.5303
MOVE,0,1.0,0.0,351887629,844.40234,1138.9131
MOVE,1,1.0,0.0,351887629,546.36426,797.10254
MOVE,0,1.0,0.0,351887646,845.5215,1114.0234
MOVE,1,1.0,0.0,351887646,533.39746,770.5664
MOVE,0,1.0,0.0,351887663,845.95996,1097.2471
MOVE,1,1.0,0.0,351887663,526.2197,753.5176
MOVE,0,1.0,0.0,351887679,846.125,1079.4834
MOVE,1,1.0,0.0,351887679,519.5537,735.4092
MOVE,0,1.0,0.0,351887696,846.125,1065.4688
MOVE,1,1.0,0.0,351887696,515.97363,721.81934
MOVE,0,1.0,0.0,351887713,846.125,1054.9268
MOVE,1,1.0,0.0,351887713,513.86035,714.45605
MOVE,0,1.0,0.0,351887729,846.125,1043.666
MOVE,1,1.0,0.0,351887729,511.68848,708.82715
MOVE,0,1.0,0.0,351887746,846.125,1033.0664
MOVE,1,1.0,0.0,351887746,509.3916,702.33496
MOVE,0,1.0,0.0,351887763,846.8633,1026.0264
MOVE,1,1.0,0.0,351887763,508.06836,696.16113
MOVE,0,1.0,0.0,351887779,847.25,1020.17676
MOVE,1,1.0,0.0,351887779,507.4131,691.8506
MOVE,0,1.0,0.0,351887796,847.25,1014.85156
MOVE,1,1.0,0.0,351887796,507.25,687.22656
MOVE,0,1.0,0.0,351887813,847.25,1011.52246
MOVE,1,1.0,0.0,351887813,507.25,683.6338
MOVE,0,1.0,0.0,351887829,847.25,1009.58105
MOVE,1,1.0,0.0,351887829,507.25,681.16113
MOVE,0,1.0,0.0,351887846,847.25,1009.291
MOVE,1,1.0,0.0,351887846,507.125,680.291
MOVE,0,1.0,0.0,351887854,847.25,1008.875
MOVE,1,1.0,0.0,351887854,507.125,680.0625
MOVE,0,1.0,0.0,351887946,847.25,1008.875
MOVE,1,1.0,0.0,351887946,507.125,680.6631
MOVE,0,1.0,0.0,351887963,846.39355,1012.71094
MOVE,1,1.0,0.0,351887963,507.125,683.17773
MOVE,0,1.0,0.0,351887979,843.58594,1020.66016
MOVE,1,1.0,0.0,351887979,507.125,685.9697
MOVE,0,1.0,0.0,351887996,837.56445,1033.8916
MOVE,1,1.0,0.0,351887996,507.125,689.91504
MOVE,0,1.0,0.0,351888013,832.25977,1046.9756
MOVE,1,1.0,0.0,351888013,507.125,694.24023
MOVE,0,1.0,0.0,351888029,827.55273,1058.043
MOVE,1,1.0,0.0,351888029,506.2256,699.4453
MOVE,0,1.0,0.0,351888046,822.999,1067.502
MOVE,1,1.0,0.0,351888046,504.5,707.43945
MOVE,0,1.0,0.0,351888063,819.0078,1073.6123
MOVE,1,1.0,0.0,351888063,503.25293,713.3623
MOVE,0,1.0,0.0,351888079,814.4043,1080.9424
MOVE,1,1.0,0.0,351888079,502.375,722.95703
MOVE,0,1.0,0.0,351888086,813.0,1083.625
MOVE,1,1.0,0.0,351888086,502.625,729.125
UP,0,1.0,0.0,351888089,813.0,1083.625
MOVE,1,1.0,0.0,351888089,503.0,732.875
UP,1,1.0,0.0,351888094,503.0,732.875
DOWN,0,1.0,0.0,351888590,496.5,1082.0
DOWN,1,1.0,0.0,351888606,732.5,1334.75
MOVE,0,1.0,0.0,351888713,494.29102,1058.6621
MOVE,1,1.0,0.0,351888713,732.5,1334.75
MOVE,0,1.0,0.0,351888729,482.42676,1012.14746
MOVE,1,1.0,0.0,351888729,732.5,1295.54
MOVE,0,1.0,0.0,351888746,477.50098,991.5674
MOVE,1,1.0,0.0,351888746,732.5,1267.9414
MOVE,0,1.0,0.0,351888763,474.55957,977.1094
MOVE,1,1.0,0.0,351888763,732.4365,1255.1748
MOVE,0,1.0,0.0,351888779,471.76367,965.4883
MOVE,1,1.0,0.0,351888779,731.38184,1245.3633
MOVE,0,1.0,0.0,351888796,467.68652,952.8408
MOVE,1,1.0,0.0,351888796,729.83594,1231.9424
MOVE,0,1.0,0.0,351888813,463.74902,939.6572
MOVE,1,1.0,0.0,351888813,726.9453,1215.8525
MOVE,0,1.0,0.0,351888829,459.67285,926.76953
MOVE,1,1.0,0.0,351888829,722.92285,1198.6172
MOVE,0,1.0,0.0,351888846,454.93066,913.8418
MOVE,1,1.0,0.0,351888846,718.6543,1182.5195
MOVE,0,1.0,0.0,351888863,449.9121,901.19824
MOVE,1,1.0,0.0,351888863,715.4131,1167.2803
MOVE,0,1.0,0.0,351888879,445.55664,892.19824
MOVE,1,1.0,0.0,351888879,712.9238,1157.6143
MOVE,0,1.0,0.0,351888896,439.8418,882.0547
MOVE,1,1.0,0.0,351888896,710.1289,1148.0098
MOVE,0,1.0,0.0,351888912,434.48828,873.0664
MOVE,1,1.0,0.0,351888912,707.3672,1142.2773
MOVE,0,1.0,0.0,351888929,429.53027,867.166
MOVE,1,1.0,0.0,351888929,704.2324,1135.8008
MOVE,0,1.0,0.0,351888946,425.43652,861.0303
MOVE,1,1.0,0.0,351888946,701.1006,1128.1631
MOVE,0,1.0,0.0,351888962,421.833,856.5078
MOVE,1,1.0,0.0,351888962,698.1592,1122.8066
MOVE,0,1.0,0.0,351888979,417.33594,850.85254
MOVE,1,1.0,0.0,351888979,694.44434,1115.4209
MOVE,0,1.0,0.0,351888996,413.05957,846.0039
MOVE,1,1.0,0.0,351888996,691.8242,1108.3291
MOVE,0,1.0,0.0,351889013,408.74316,842.0635
MOVE,1,1.0,0.0,351889013,688.3135,1102.79
MOVE,0,1.0,0.0,351889029,405.01562,838.8906
MOVE,1,1.0,0.0,351889029,685.1924,1099.5156
MOVE,0,1.0,0.0,351889046,400.49414,834.6758
MOVE,1,1.0,0.0,351889046,681.02246,1094.7158
MOVE,0,1.0,0.0,351889063,396.2119,830.3369
MOVE,1,1.0,0.0,351889063,676.9004,1089.9297
MOVE,0,1.0,0.0,351889079,391.81543,826.1387
MOVE,1,1.0,0.0,351889079,673.16504,1084.4609
MOVE,0,1.0,0.0,351889096,389.17773,822.9961
MOVE,1,1.0,0.0,351889096,670.3877,1080.1895
MOVE,0,1.0,0.0,351889113,386.23828,819.33594
MOVE,1,1.0,0.0,351889113,668.16797,1075.7812
MOVE,0,1.0,0.0,351889129,384.18066,816.8838
MOVE,1,1.0,0.0,351889129,666.85156,1072.3838
MOVE,0,1.0,0.0,351889146,383.375,815.875
MOVE,1,1.0,0.0,351889146,666.5,1070.8301
MOVE,0,1.0,0.0,351889163,383.375,815.875
MOVE,1,1.0,0.0,351889163,666.5,1070.0
MOVE,0,1.0,0.0,351889170,382.625,815.5
MOVE,1,1.0,0.0,351889170,666.5,1070.0
UP,0,1.0,0.0,351889174,382.625,815.5
UP,1,1.0,0.0,351889174,666.5,1070.0
DOWN,0,1.0,0.0,351889419,515.25,1106.375
DOWN,1,1.0,0.0,351889419,700.625,1342.5
MOVE,0,1.0,0.0,351889513,515.25,1102.2715
MOVE,1,1.0,0.0,351889513,701.08105,1327.6387
MOVE,0,1.0,0.0,351889530,515.13574,1042.0645
MOVE,1,1.0,0.0,351889530,709.93555,1275.6855
MOVE,0,1.0,0.0,351889546,514.2783,1013.8672
MOVE,1,1.0,0.0,351889546,715.20215,1256.6904
MOVE,0,1.0,0.0,351889563,512.39453,982.46875
MOVE,1,1.0,0.0,351889563,722.7158,1231.9727
MOVE,0,1.0,0.0,351889579,508.7881,950.29004
MOVE,1,1.0,0.0,351889579,728.48535,1206.4014
MOVE,0,1.0,0.0,351889596,506.1328,920.48926
MOVE,1,1.0,0.0,351889596,732.50684,1183.79
MOVE,0,1.0,0.0,351889613,502.54883,893.1631
MOVE,1,1.0,0.0,351889613,738.6533,1157.9131
MOVE,0,1.0,0.0,351889629,499.67773,870.50977
MOVE,1,1.0,0.0,351889629,744.3877,1136.4209
MOVE,0,1.0,0.0,351889646,494.78906,842.27344
MOVE,1,1.0,0.0,351889646,750.3457,1109.331
MOVE,0,1.0,0.0,351889663,489.6006,812.8838
MOVE,1,1.0,0.0,351889663,757.8672,1077.7588
MOVE,0,1.0,0.0,351889679,482.87305,784.416
MOVE,1,1.0,0.0,351889679,762.7041,1049.1455
MOVE,0,1.0,0.0,351889696,477.38086,768.59766
MOVE,1,1.0,0.0,351889696,767.1621,1029.4355
MOVE,0,1.0,0.0,351889713,471.55762,753.0801
MOVE,1,1.0,0.0,351889713,770.4951,1012.1621
MOVE,0,1.0,0.0,351889722,467.75,747.0
MOVE,1,1.0,0.0,351889722,771.125,1006.375
UP,0,1.0,0.0,351889726,467.75,747.0
MOVE,1,1.0,0.0,351889726,771.125,1005.125
UP,1,1.0,0.0,351889730,771.125,1005.125
DOWN,0,1.0,0.0,351889939,738.0,1389.25
DOWN,1,1.0,0.0,351889950,564.875,1125.875
MOVE,0,1.0,0.0,351890013,747.2881,1341.6592
MOVE,1,1.0,0.0,351890013,565.9795,1070.7871
MOVE,0,1.0,0.0,351890029,763.3955,1270.7227
MOVE,1,1.0,0.0,351890029,562.9199,1014.24316
MOVE,0,1.0,0.0,351890046,769.6328,1233.0928
MOVE,1,1.0,0.0,351890046,554.0918,970.00977
MOVE,0,1.0,0.0,351890063,774.95703,1184.7539
MOVE,1,1.0,0.0,351890063,539.5039,913.35547
MOVE,0,1.0,0.0,351890080,779.625,1141.375
MOVE,1,1.0,0.0,351890080,523.625,861.0
UP,1,1.0,0.0,351890084,523.625,861.0
MOVE,0,1.0,0.0,351890084,779.77344,1132.7412
MOVE,0,1.0,0.0,351890096,779.1465,1118.6865
MOVE,0,1.0,0.0,351890100,778.25,1115.25
UP,0,1.0,0.0,351890104,778.25,1115.25
DOWN,0,1.0,0.0,351890297,726.375,1253.875
DOWN,1,1.0,0.0,351890304,515.375,947.875
MOVE,0,1.0,0.0,351890346,726.27246,1228.623
MOVE,1,1.0,0.0,351890346,515.375,947.875
MOVE,0,1.0,0.0,351890363,708.0127,1136.6191
MOVE,1,1.0,0.0,351890363,498.35645,890.8408
MOVE,0,1.0,0.0,351890371,699.0,1113.25
MOVE,1,1.0,0.0,351890371,474.5,854.75
UP,1,1.0,0.0,351890375,474.5,854.75
MOVE,0,1.0,0.0,351890379,690.709,1090.9023
MOVE,0,1.0,0.0,351890396,670.7295,1038.168
MOVE,0,1.0,0.0,351890413,607.5,945.125
UP,0,1.0,0.0,351890417,607.5,945.125
DOWN,0,1.0,0.0,351890682,443.25,1023.0
DOWN,1,1.0,0.0,351890705,614.0,1278.5
MOVE,0,1.0,0.0,351890746,424.2998,959.874
MOVE,1,1.0,0.0,351890746,613.6201,1265.5693
MOVE,0,1.0,0.0,351890763,388.12402,891.249
MOVE,1,1.0,0.0,351890763,606.3789,1212.7324
MOVE,0,1.0,0.0,351890779,359.1377,830.54395
MOVE,1,1.0,0.0,351890779,605.48145,1207.082
MOVE,0,1.0,0.0,351890796,331.18457,777.1338
MOVE,1,1.0,0.0,351890796,602.5322,1189.0205
MOVE,0,1.0,0.0,351890814,298.875,718.875
MOVE,1,1.0,0.0,351890814,591.75,1144.375
UP,0,1.0,0.0,351890818,298.875,718.875
UP,1,1.0,0.0,351890818,591.75,1144.375
DOWN,0,1.0,0.0,351891041,356.125,618.5
DOWN,1,1.0,0.0,351891058,569.5,915.75
MOVE,0,1.0,0.0,351891146,356.1084,618.8076
MOVE,1,1.0,0.0,351891146,569.9346,935.70605
MOVE,0,1.0,0.0,351891163,355.7461,692.7578
MOVE,1,1.0,0.0,351891163,572.58105,1036.1826
MOVE,0,1.0,0.0,351891179,364.625,827.25
MOVE,1,1.0,0.0,351891179,567.875,1143.375
UP,0,1.0,0.0,351891183,364.625,827.25
MOVE,1,1.0,0.0,351891184,565.2324,1177.3779
UP,1,1.0,0.0,351891187,566.0,1167.5
DOWN,0,1.0,0.0,351972834,403.0,867.25
MOVE,0,1.0,0.0,351972913,408.36523,835.4912
MOVE,0,1.0,0.0,351972929,422.89062,776.25195
MOVE,0,1.0,0.0,351972947,429.96973,722.5674
MOVE,0,1.0,0.0,351972963,430.25,666.5879
MOVE,0,1.0,0.0,351972979,430.55957,611.51855
MOVE,0,1.0,0.0,351972996,434.66016,573.4863
MOVE,0,1.0,0.0,351973013,438.34766,552.458
MOVE,0,1.0,0.0,351973029,438.76465,538.5166
MOVE,0,1.0,0.0,351973036,437.875,531.5
UP,0,1.0,0.0,351973040,437.875,531.5
DOWN,0,1.0,0.0,351973159,485.0,633.375
MOVE,0,1.0,0.0,351973213,483.82715,684.01855
MOVE,0,1.0,0.0,351973230,481.52637,765.75684
MOVE,0,1.0,0.0,351973246,473.82227,829.85254
MOVE,0,1.0,0.0,351973263,458.0,912.5547
MOVE,0,1.0,0.0,351973279,423.0,1047.375
UP,0,1.0,0.0,351973283,423.0,1047.375
MOVE,0,1.0,0.0,351977846,192.48535,1042.5879
MOVE,0,1.0,0.0,351977863,184.76074,1093.3271
MOVE,0,1.0,0.0,351977879,181.16797,1127.2119
MOVE,0,1.0,0.0,351977896,180.5,1161.6992
MOVE,0,1.0,0.0,351977913,180.92383,1193.8008
MOVE,0,1.0,0.0,351977918,181.5,1201.625
UP,0,1.0,0.0,351977922,181.5,1201.625
DOWN,0,1.0,0.0,351978073,195.25,1251.625
MOVE,0,1.0,0.0,351978130,191.91895,1210.8115
MOVE,0,1.0,0.0,351978146,165.04199,1102.041
MOVE,0,1.0,0.0,351978163,113.00586,963.7422
MOVE,0,1.0,0.0,351978177,41.125,834.75
UP,0,1.0,0.0,351978181,41.125,834.75
DOWN,0,1.0,0.0,351978387,280.25,1296.5
MOVE,0,1.0,0.0,351978446,278.14746,1208.2764
MOVE,0,1.0,0.0,351978463,252.91406,1122.333
MOVE,0,1.0,0.0,351978474,178.375,1000.0
UP,0,1.0,0.0,351978479,178.375,1000.0
DOWN,0,1.0,0.0,351978642,318.0,1214.25
MOVE,0,1.0,0.0,351978746,300.18945,1146.792
MOVE,0,1.0,0.0,351978763,292.04688,1095.2959
MOVE,0,1.0,0.0,351978779,291.80957,1035.9746
MOVE,0,1.0,0.0,351978796,284.49902,962.4199
MOVE,0,1.0,0.0,351978813,194.5,814.0
UP,0,1.0,0.0,351978818,194.5,814.0
DOWN,0,1.0,0.0,351978986,324.0,1211.625
MOVE,0,1.0,0.0,351979063,322.3662,1162.5557
MOVE,0,1.0,0.0,351979079,308.6123,1087.834
MOVE,0,1.0,0.0,351979096,261.68652,976.30566
MOVE,0,1.0,0.0,351979111,180.75,858.0
UP,0,1.0,0.0,351979115,180.75,858.0
DOWN,0,1.0,0.0,351979284,81.625,791.875
MOVE,0,1.0,0.0,351979430,80.61621,782.9795
MOVE,0,1.0,0.0,351979446,75.950195,754.53125
MOVE,0,1.0,0.0,351979463,72.82129,736.1797
MOVE,0,1.0,0.0,351979480,71.75,731.0703
MOVE,0,1.0,0.0,351979496,72.43945,730.54297
MOVE,0,1.0,0.0,351979513,76.97363,734.94727
MOVE,0,1.0,0.0,351979529,80.75391,749.32227
MOVE,0,1.0,0.0,351979546,80.25098,772.59375
MOVE,0,1.0,0.0,351979563,87.265625,814.83496
MOVE,0,1.0,0.0,351979579,113.91406,859.58594
MOVE,0,1.0,0.0,351979596,146.45605,910.18066
MOVE,0,1.0,0.0,351979613,176.54199,969.14355
MOVE,0,1.0,0.0,351979629,212.83691,1063.5723
MOVE,0,1.0,0.0,351979638,228.5,1146.125
UP,0,1.0,0.0,351979642,228.5,1146.125
DOWN,0,1.0,0.0,351979794,320.25,1214.25
MOVE,0,1.0,0.0,351979846,320.38965,1196.3613
MOVE,0,1.0,0.0,351979863,303.8164,1094.5273
MOVE,0,1.0,0.0,351979880,259.4502,993.4629
MOVE,0,1.0,0.0,351979894,147.0,839.375
UP,0,1.0,0.0,351979898,147.0,839.375
DOWN,0,1.0,0.0,351980080,264.625,1072.375
MOVE,0,1.0,0.0,351980146,246.3086,1127.0068
MOVE,0,1.0,0.0,351980163,230.34961,1174.5352
MOVE,0,1.0,0.0,351980179,229.61133,1209.1201
MOVE,0,1.0,0.0,351980196,237.52344,1279.0127
MOVE,0,1.0,0.0,351980213,254.09668,1352.4238
MOVE,0,1.0,0.0,351980221,260.0,1387.0
UP,0,1.0,0.0,351980225,260.0,1387.0
DOWN,0,1.0,0.0,351980431,189.75,995.75
MOVE,0,1.0,0.0,351980480,203.09766,1060.9199
MOVE,0,1.0,0.0,351980496,229.26562,1127.7305
MOVE,0,1.0,0.0,351980513,248.7373,1190.1387
MOVE,0,1.0,0.0,351980530,272.417,1255.2861
MOVE,0,1.0,0.0,351980546,296.02246,1307.2158
MOVE,0,1.0,0.0,351980563,315.05566,1339.5742
MOVE,0,1.0,0.0,351980572,324.75,1348.625
UP,0,1.0,0.0,351980577,324.75,1348.625
DOWN,0,1.0,0.0,351980593,374.625,1339.25
MOVE,0,1.0,0.0,351980629,393.8789,1312.3799
MOVE,0,1.0,0.0,351980646,407.58203,1271.4531
MOVE,0,1.0,0.0,351980662,417.08203,1221.084
MOVE,0,1.0,0.0,351980679,414.93457,1163.2119
MOVE,0,1.0,0.0,351980696,398.68066,1106.7783
MOVE,0,1.0,0.0,351980712,380.40137,1057.7773
MOVE,0,1.0,0.0,351980729,363.73145,1010.85547
MOVE,0,1.0,0.0,351980746,287.91406,896.67676
MOVE,0,1.0,0.0,351980761,145.625,760.25
UP,0,1.0,0.0,351980764,145.625,760.25
DOWN,0,1.0,0.0,351980929,272.0,1055.125
MOVE,0,1.0,0.0,351981016,271.75,1059.375
MOVE,0,1.0,0.0,351981029,261.77246,1119.7949
MOVE,0,1.0,0.0,351981046,255.125,1182.9707
MOVE,0,1.0,0.0,351981063,256.38867,1236.4502
MOVE,0,1.0,0.0,351981079,266.12305,1287.4951
MOVE,0,1.0,0.0,351981096,288.0713,1336.0479
MOVE,0,1.0,0.0,351981113,319.7832,1390.1123
MOVE,0,1.0,0.0,351981116,330.5,1411.0
UP,0,1.0,0.0,351981121,330.5,1411.0
DOWN,0,1.0,0.0,351981184,295.625,1318.125
MOVE,0,1.0,0.0,351981229,284.7871,1263.1943
MOVE,0,1.0,0.0,351981246,258.7705,1183.3301
MOVE,0,1.0,0.0,351981263,239.7168,1109.5352
MOVE,0,1.0,0.0,351981280,158.25,933.125
UP,0,1.0,0.0,351981284,158.25,933.125
DOWN,0,1.0,0.0,351981453,236.125,992.375
MOVE,0,1.0,0.0,351981546,230.00684,925.45703
MOVE,0,1.0,0.0,351981563,223.3916,886.3838
MOVE,0,1.0,0.0,351981579,222.5,868.2168
MOVE,0,1.0,0.0,351981596,223.3125,851.7471
MOVE,0,1.0,0.0,351981613,224.87305,841.4502
MOVE,0,1.0,0.0,351981629,225.68555,836.3291
MOVE,0,1.0,0.0,351981646,226.125,833.1045
MOVE,0,1.0,0.0,351981663,226.25,830.70996
MOVE,0,1.0,0.0,351981679,226.25,828.9199
MOVE,0,1.0,0.0,351981696,226.25,827.10254
MOVE,0,1.0,0.0,351981712,226.20215,825.3574
MOVE,0,1.0,0.0,351981729,225.75,824.1631
MOVE,0,1.0,0.0,351981734,225.75,823.875
MOVE,0,1.0,0.0,351981763,225.11035,824.4707
MOVE,0,1.0,0.0,351981779,218.63477,834.5625
MOVE,0,1.0,0.0,351981796,208.6123,861.22363
MOVE,0,1.0,0.0,351981813,203.61426,913.3496
MOVE,0,1.0,0.0,351981829,240.39258,1007.2412
MOVE,0,1.0,0.0,351981840,285.5,1097.75
UP,0,1.0,0.0,351981845,285.5,1097.75
DOWN,0,1.0,0.0,351982038,163.875,872.375
MOVE,0,1.0,0.0,351982096,204.93652,964.2666
MOVE,0,1.0,0.0,351982113,257.375,1045.75
UP,0,1.0,0.0,351982117,257.375,1045.75
DOWN,0,1.0,0.0,351982294,303.0,1081.375
MOVE,0,1.0,0.0,351982348,303.0,1075.875
MOVE,0,1.0,0.0,351982363,296.042,999.57227
MOVE,0,1.0,0.0,351982377,203.75,848.75
UP,0,1.0,0.0,351982381,203.75,848.75
DOWN,0,1.0,0.0,351982558,279.0,1007.625
MOVE,0,1.0,0.0,351982613,272.94824,980.63184
MOVE,0,1.0,0.0,351982629,223.28027,891.1826
MOVE,0,1.0,0.0,351982637,168.75,832.875
UP,0,1.0,0.0,351982641,168.75,832.875
DOWN,0,1.0,0.0,351982800,264.0,947.75
MOVE,0,1.0,0.0,351982863,264.55762,1025.082
MOVE,0,1.0,0.0,351982879,278.6006,1104.7588
MOVE,0,1.0,0.0,351982896,293.125,1180.5
UP,0,1.0,0.0,351982900,293.125,1180.5
DOWN,0,1.0,0.0,351983144,223.625,972.0
MOVE,0,1.0,0.0,351983196,228.99902,1039.7832
MOVE,0,1.0,0.0,351983213,234.0586,1129.4355
MOVE,0,1.0,0.0,351983219,232.875,1152.75
UP,0,1.0,0.0,351983223,232.875,1152.75
DOWN,0,1.0,0.0,351983485,203.75,936.875
MOVE,0,1.0,0.0,351983563,218.56934,1013.6465
MOVE,0,1.0,0.0,351983580,247.22656,1154.1084
MOVE,0,1.0,0.0,351983587,243.375,1208.875
UP,0,1.0,0.0,351983591,243.375,1208.875
DOWN,0,1.0,0.0,351995928,544.0,1340.375
MOVE,0,1.0,0.0,351995980,561.1221,1197.4248
MOVE,0,1.0,0.0,351995992,514.625,993.375
UP,0,1.0,0.0,351995996,514.625,993.375
DOWN,0,1.0,0.0,351996199,433.5,1080.0
MOVE,0,1.0,0.0,351996246,326.3369,942.80566
MOVE,0,1.0,0.0,351996263,149.98438,734.2988
MOVE,0,1.0,0.0,351996269,87.25,687.25
UP,0,1.0,0.0,351996273,87.25,687.25
DOWN,0,1.0,0.0,351996437,453.625,1354.5
MOVE,0,1.0,0.0,351996496,383.5498,1173.7656
MOVE,0,1.0,0.0,351996511,228.375,961.375
UP,0,1.0,0.0,351996515,228.375,961.375
DOWN,0,1.0,0.0,351996725,451.25,1301.5
MOVE,0,1.0,0.0,351996746,437.80762,1255.4512
MOVE,0,1.0,0.0,351996763,270.5205,1003.2744
MOVE,0,1.0,0.0,351996775,160.375,878.875
UP,0,1.0,0.0,351996779,160.375,878.875
DOWN,0,1.0,0.0,351997002,252.625,1006.25
MOVE,0,1.0,0.0,351997029,259.98926,1160.7256
MOVE,0,1.0,0.0,351997039,295.625,1290.625
UP,0,1.0,0.0,351997043,295.625,1290.625
DOWN,0,1.0,0.0,351997336,348.125,1129.75
MOVE,0,1.0,0.0,351997363,376.3545,1272.8682
MOVE,0,1.0,0.0,351997378,402.25,1449.375
UP,0,1.0,0.0,351997382,402.25,1449.375
DOWN,0,1.0,0.0,351997622,306.375,1060.125
MOVE,0,1.0,0.0,351997663,358.83984,1177.4014
MOVE,0,1.0,0.0,351997675,433.75,1383.625
UP,0,1.0,0.0,351997679,433.75,1383.625
DOWN,0,1.0,0.0,351997970,311.5,1056.125
MOVE,0,1.0,0.0,351997996,316.62598,1072.7236
MOVE,0,1.0,0.0,351998013,412.14453,1252.0254
MOVE,0,1.0,0.0,351998023,449.25,1339.5
UP,0,1.0,0.0,351998027,449.25,1339.5
DOWN,0,1.0,0.0,351998234,468.375,1318.875
MOVE,0,1.0,0.0,351998263,459.51562,1268.1572
MOVE,0,1.0,0.0,351998280,425.5244,1193.9961
MOVE,0,1.0,0.0,351998296,350.80273,1094.168
MOVE,0,1.0,0.0,351998312,242.625,984.25
UP,0,1.0,0.0,351998316,242.625,984.25
DOWN,0,1.0,0.0,351998594,614.0,1440.75
MOVE,0,1.0,0.0,351998613,613.0674,1425.3301
MOVE,0,1.0,0.0,351998630,594.0918,1348.79
MOVE,0,1.0,0.0,351998646,508.3047,1188.6943
MOVE,0,1.0,0.0,351998663,407.5,1070.875
UP,0,1.0,0.0,351998667,407.5,1070.875
DOWN,0,1.0,0.0,351998937,588.75,1279.25
MOVE,0,1.0,0.0,351998963,575.0469,1218.499
MOVE,0,1.0,0.0,351998980,481.2295,1067.4971
MOVE,0,1.0,0.0,351998996,387.0498,982.8125
MOVE,0,1.0,0.0,351998998,372.375,972.375
UP,0,1.0,0.0,351999002,372.375,972.375
DOWN,0,1.0,0.0,351999237,593.75,1384.5
MOVE,0,1.0,0.0,351999263,524.71094,1238.873
MOVE,0,1.0,0.0,351999280,439.8506,1119.5049
MOVE,0,1.0,0.0,351999296,337.18652,1012.86914
MOVE,0,1.0,0.0,351999308,241.875,924.125
UP,0,1.0,0.0,351999312,241.875,924.125
DOWN,0,1.0,0.0,351999510,605.625,1365.5
MOVE,0,1.0,0.0,351999529,603.4199,1343.5596
MOVE,0,1.0,0.0,351999546,548.1787,1189.6973
MOVE,0,1.0,0.0,351999563,465.45312,1054.6084
MOVE,0,1.0,0.0,351999572,377.875,963.875
UP,0,1.0,0.0,351999576,377.875,963.875
DOWN,0,1.0,0.0,351999791,297.625,936.0
MOVE,0,1.0,0.0,351999813,308.39062,959.20703
MOVE,0,1.0,0.0,351999830,389.83984,1115.8115
MOVE,0,1.0,0.0,351999846,448.1123,1261.9258
MOVE,0,1.0,0.0,351999857,490.375,1370.25
UP,0,1.0,0.0,351999861,490.375,1370.25
DOWN,0,1.0,0.0,352000108,323.625,979.75
MOVE,0,1.0,0.0,352000146,351.2627,1049.3848
MOVE,0,1.0,0.0,352000163,419.7754,1241.3262
MOVE,0,1.0,0.0,352000179,457.25,1431.875
UP,0,1.0,0.0,352000183,457.25,1431.875
DOWN,0,1.0,0.0,352000422,307.625,950.25
MOVE,0,1.0,0.0,352000446,317.08887,994.66797
MOVE,0,1.0,0.0,352000463,353.81738,1141.9326
MOVE,0,1.0,0.0,352000479,382.43945,1332.706
MOVE,0,1.0,0.0,352000493,381.375,1551.5
UP,0,1.0,0.0,352000497,381.375,1551.5
DOWN,0,1.0,0.0,352000746,319.625,951.5
MOVE,0,1.0,0.0,352000763,323.12207,986.2949
MOVE,0,1.0,0.0,352000780,355.78027,1182.1465
MOVE,0,1.0,0.0,352000790,355.25,1329.375
UP,0,1.0,0.0,352000794,355.25,1329.375
MOVE,0,1.0,0.0,352001779,386.99414,1238.2949
MOVE,0,1.0,0.0,352001796,332.23633,1084.4824
MOVE,0,1.0,0.0,352001813,236.39258,919.334
MOVE,0,1.0,0.0,352001829,112.31152,768.75586
MOVE,0,1.0,0.0,352001837,16.75,655.0
UP,0,1.0,0.0,352001841,16.75,655.0
DOWN,0,1.0,0.0,352002263,439.75,1436.375
MOVE,0,1.0,0.0,352002313,418.52832,1338.5273
MOVE,0,1.0,0.0,352002329,362.76562,1186.3184
MOVE,0,1.0,0.0,352002346,314.63574,1088.669
MOVE,0,1.0,0.0,352002360,164.25,907.125
UP,0,1.0,0.0,352002365,164.25,907.125
DOWN,0,1.0,0.0,352002731,486.125,1444.75
MOVE,0,1.0,0.0,352002751,482.9121,1423.999
MOVE,0,1.0,0.0,352002763,440.75977,1285.2324
MOVE,0,1.0,0.0,352002779,375.54492,1152.9238
MOVE,0,1.0,0.0,352002796,316.4131,1044.5752
MOVE,0,1.0,0.0,352002813,262.8379,967.0283
MOVE,0,1.0,0.0,352002829,198.20508,889.36426
MOVE,0,1.0,0.0,352002838,63.75,793.0
UP,0,1.0,0.0,352002842,63.75,793.0
DOWN,0,1.0,0.0,352003300,401.0,1422.5
MOVE,0,1.0,0.0,352003346,405.10938,1346.0068
MOVE,0,1.0,0.0,352003363,401.95996,1263.3887
MOVE,0,1.0,0.0,352003379,383.28906,1189.918
MOVE,0,1.0,0.0,352003396,364.9463,1141.1113
MOVE,0,1.0,0.0,352003413,341.3047,1084.206
MOVE,0,1.0,0.0,352003429,314.41016,1031.1377
MOVE,0,1.0,0.0,352003446,264.79395,951.05176
MOVE,0,1.0,0.0,352003457,156.0,833.625
UP,0,1.0,0.0,352003461,156.0,833.625
DOWN,0,1.0,0.0,352003987,489.5,1439.25
MOVE,0,1.0,0.0,352004048,489.75,1434.25
MOVE,0,1.0,0.0,352004063,485.75,1368.0713
MOVE,0,1.0,0.0,352004079,472.38477,1319.7461
MOVE,0,1.0,0.0,352004096,456.06934,1275.96
MOVE,0,1.0,0.0,352004113,439.0713,1231.7979
MOVE,0,1.0,0.0,352004129,421.76758,1188.166
MOVE,0,1.0,0.0,352004146,401.99805,1146.3711
MOVE,0,1.0,0.0,352004163,382.6914,1107.6328
MOVE,0,1.0,0.0,352004179,363.92578,1074.5713
MOVE,0,1.0,0.0,352004196,345.3838,1045.9619
MOVE,0,1.0,0.0,352004213,327.84473,1021.6533
MOVE,0,1.0,0.0,352004229,311.8369,999.3369
MOVE,0,1.0,0.0,352004246,296.6455,980.7588
MOVE,0,1.0,0.0,352004262,278.70898,961.2539
MOVE,0,1.0,0.0,352004279,255.44238,938.7363
MOVE,0,1.0,0.0,352004296,229.06543,912.9697
MOVE,0,1.0,0.0,352004313,206.14551,887.88477
MOVE,0,1.0,0.0,352004329,185.5127,865.4492
MOVE,0,1.0,0.0,352004346,169.75684,846.33105
MOVE,0,1.0,0.0,352004363,156.51367,830.5156
MOVE,0,1.0,0.0,352004374,140.625,817.25
UP,0,1.0,0.0,352004378,140.625,817.25
DOWN,0,1.0,0.0,352004609,538.625,1482.125
MOVE,0,1.0,0.0,352004663,537.34375,1451.6982
MOVE,0,1.0,0.0,352004679,513.0654,1329.7041
MOVE,0,1.0,0.0,352004696,476.92285,1205.5332
MOVE,0,1.0,0.0,352004713,446.8037,1109.6455
MOVE,0,1.0,0.0,352004729,417.94922,1031.5244
MOVE,0,1.0,0.0,352004746,386.95703,971.0049
MOVE,0,1.0,0.0,352004763,359.08594,932.27246
MOVE,0,1.0,0.0,352004779,343.9375,917.6387
MOVE,0,1.0,0.0,352004784,321.5,899.25
UP,0,1.0,0.0,352004789,321.5,899.25
MOVE,0,1.0,0.0,352005346,290.57715,996.90625
MOVE,0,1.0,0.0,352005363,299.7705,1086.4639
MOVE,0,1.0,0.0,352005379,306.1631,1222.1553
MOVE,0,1.0,0.0,352005396,305.375,1335.875
UP,0,1.0,0.0,352005400,305.375,1335.875
DOWN,0,1.0,0.0,352005683,288.125,934.5
MOVE,0,1.0,0.0,352005713,315.3291,1054.123
MOVE,0,1.0,0.0,352005729,331.8252,1191.0713
MOVE,0,1.0,0.0,352005739,327.125,1281.125
UP,0,1.0,0.0,352005744,327.125,1281.125
DOWN,0,1.0,0.0,352006021,347.5,1048.125
MOVE,0,1.0,0.0,352006049,348.375,1069.25
MOVE,0,1.0,0.0,352006063,351.50586,1251.1328
MOVE,0,1.0,0.0,352006079,314.125,1413.125
UP,0,1.0,0.0,352006083,314.125,1413.125
MOVE,0,1.0,0.0,352037913,362.3125,1178.376
MOVE,0,1.0,0.0,352037929,376.76855,1256.8799
MOVE,0,1.0,0.0,352037946,385.11816,1334.9248
MOVE,0,1.0,0.0,352037960,386.375,1409.875
UP,0,1.0,0.0,352037964,386.375,1409.875
DOWN,0,1.0,0.0,352038241,307.0,851.25
MOVE,0,1.0,0.0,352038296,303.58398,866.5342
MOVE,0,1.0,0.0,352038313,279.9287,942.2988
MOVE,0,1.0,0.0,352038330,281.48633,1085.7627
MOVE,0,1.0,0.0,352038346,312.20215,1257.4297
MOVE,0,1.0,0.0,352038353,325.125,1365.875
UP,0,1.0,0.0,352038357,325.125,1365.875
DOWN,0,1.0,0.0,352038632,231.25,872.5
MOVE,0,1.0,0.0,352038646,231.125,895.3203
MOVE,0,1.0,0.0,352038663,241.2168,956.66797
MOVE,0,1.0,0.0,352038680,288.06543,1091.4443
MOVE,0,1.0,0.0,352038696,306.3213,1214.7012
MOVE,0,1.0,0.0,352038713,297.29297,1356.2354
MOVE,0,1.0,0.0,352038718,288.125,1402.125
UP,0,1.0,0.0,352038722,288.125,1402.125
DOWN,0,1.0,0.0,352039046,263.625,1019.75
MOVE,0,1.0,0.0,352039068,263.91113,1024.6152
MOVE,0,1.0,0.0,352039080,299.61133,1098.333
MOVE,0,1.0,0.0,352039096,357.43652,1224.0254
MOVE,0,1.0,0.0,352039113,366.42285,1310.6914
MOVE,0,1.0,0.0,352039124,363.5,1371.75
UP,0,1.0,0.0,352039128,363.5,1371.75
DOWN,0,1.0,0.0,352039364,254.75,1010.125
MOVE,0,1.0,0.0,352039396,268.30566,1030.1885
MOVE,0,1.0,0.0,352039413,364.52832,1185.9746
MOVE,0,1.0,0.0,352039430,419.94336,1306.0801
MOVE,0,1.0,0.0,352039434,431.875,1337.125
UP,0,1.0,0.0,352039438,431.875,1337.125
DOWN,0,1.0,0.0,352039669,312.25,915.375
MOVE,0,1.0,0.0,352039730,343.30078,996.0049
MOVE,0,1.0,0.0,352039746,365.5879,1143.0352
MOVE,0,1.0,0.0,352039756,351.25,1225.25
UP,0,1.0,0.0,352039760,351.25,1225.25
DOWN,0,1.0,0.0,352040097,348.625,1006.125
MOVE,0,1.0,0.0,352040179,353.4629,1039.291
MOVE,0,1.0,0.0,352040196,383.3252,1182.3857
MOVE,0,1.0,0.0,352040212,366.25,1339.125
UP,0,1.0,0.0,352040216,366.25,1339.125
DOWN,0,1.0,0.0,352040469,358.75,1376.5
MOVE,0,1.0,0.0,352040513,338.90625,1260.6064
MOVE,0,1.0,0.0,352040530,286.53027,1111.5205
MOVE,0,1.0,0.0,352040546,232.37598,1017.56836
MOVE,0,1.0,0.0,352040564,122.75,875.75
UP,0,1.0,0.0,352040568,122.75,875.75
DOWN,0,1.0,0.0,352040791,390.375,1268.25
MOVE,0,1.0,0.0,352040830,389.64648,1231.0762
MOVE,0,1.0,0.0,352040846,347.68848,1078.2266
MOVE,0,1.0,0.0,352040863,241.95898,919.4297
MOVE,0,1.0,0.0,352040865,227.375,901.75
UP,0,1.0,0.0,352040870,227.375,901.75
DOWN,0,1.0,0.0,352041059,361.5,1222.125
MOVE,0,1.0,0.0,352041096,360.81738,1213.1465
MOVE,0,1.0,0.0,352041113,310.8252,1081.2285
MOVE,0,1.0,0.0,352041129,191.625,911.75
UP,0,1.0,0.0,352041133,191.625,911.75
DOWN,0,1.0,0.0,352041322,325.25,1236.375
MOVE,0,1.0,0.0,352041363,324.1748,1213.1914
MOVE,0,1.0,0.0,352041380,309.00977,1102.2725
MOVE,0,1.0,0.0,352041396,282.5996,1016.4541
MOVE,0,1.0,0.0,352041414,151.875,831.75
UP,0,1.0,0.0,352041418,151.875,831.75
DOWN,0,1.0,0.0,352041636,358.75,1266.5
MOVE,0,1.0,0.0,352041679,361.375,1239.9541
MOVE,0,1.0,0.0,352041696,361.96484,1140.8721
MOVE,0,1.0,0.0,352041713,333.91504,1065.4902
MOVE,0,1.0,0.0,352041729,255.17188,942.37695
MOVE,0,1.0,0.0,352041745,142.75,817.75
UP,0,1.0,0.0,352041749,142.75,817.75
DOWN,0,1.0,0.0,352041921,428.375,1220.625
MOVE,0,1.0,0.0,352041980,428.2793,1214.6992
MOVE,0,1.0,0.0,352041996,415.05176,1157.874
MOVE,0,1.0,0.0,352042013,381.73047,1103.499
MOVE,0,1.0,0.0,352042030,346.29297,1050.54
MOVE,0,1.0,0.0,352042046,272.84766,958.94434
MOVE,0,1.0,0.0,352042059,132.75,828.125
UP,0,1.0,0.0,352042063,132.75,828.125
DOWN,0,1.0,0.0,352042256,345.5,1145.75
MOVE,0,1.0,0.0,352042313,309.8203,1045.4199
MOVE,0,1.0,0.0,352042330,195.9082,893.76465
MOVE,0,1.0,0.0,352042339,104.0,825.0
UP,0,1.0,0.0,352042343,104.0,825.0
DOWN,0,1.0,0.0,352042517,368.75,1237.75
MOVE,0,1.0,0.0,352042563,368.75,1229.7324
MOVE,0,1.0,0.0,352042580,358.28516,1151.208
MOVE,0,1.0,0.0,352042596,280.04883,1021.88477
MOVE,0,1.0,0.0,352042603,194.0,910.125
UP,0,1.0,0.0,352042607,194.0,910.125
DOWN,0,1.0,0.0,352042809,318.375,1061.375
MOVE,0,1.0,0.0,352042846,316.9873,1053.9277
MOVE,0,1.0,0.0,352042863,241.20312,928.30566
MOVE,0,1.0,0.0,352042879,79.51758,779.5615
MOVE,0,1.0,0.0,352042884,38.375,750.5
UP,0,1.0,0.0,352042888,38.375,750.5
DOWN,0,1.0,0.0,352043115,338.875,1188.875
MOVE,0,1.0,0.0,352043164,338.875,1183.75
MOVE,0,1.0,0.0,352043180,316.53906,1110.8926
MOVE,0,1.0,0.0,352043196,274.39355,1057.3203
MOVE,0,1.0,0.0,352043213,162.66699,945.1338
MOVE,0,1.0,0.0,352043227,13.75,809.0
UP,0,1.0,0.0,352043231,13.75,809.0
DOWN,0,1.0,0.0,352043480,344.75,1076.0
MOVE,0,1.0,0.0,352043513,334.43262,1061.2959
MOVE,0,1.0,0.0,352043530,199.83008,898.64355
MOVE,0,1.0,0.0,352043545,66.375,802.25
UP,0,1.0,0.0,352043549,66.375,802.25
DOWN,0,1.0,0.0,352043759,356.25,1192.5
MOVE,0,1.0,0.0,352043813,324.24316,1097.5566
MOVE,0,1.0,0.0,352043830,273.40137,1014.2842
MOVE,0,1.0,0.0,352043846,195.67871,903.8135
MOVE,0,1.0,0.0,352043863,43.536133,766.5488
MOVE,0,1.0,0.0,352043867,13.375,735.625
UP,0,1.0,0.0,352043872,13.375,735.625
DOWN,0,1.0,0.0,352044062,379.375,1136.0
MOVE,0,1.0,0.0,352044113,377.542,1066.5859
MOVE,0,1.0,0.0,352044129,359.9375,1003.8447
MOVE,0,1.0,0.0,352044146,325.4336,952.7617
MOVE,0,1.0,0.0,352044163,239.97852,852.58594
MOVE,0,1.0,0.0,352044173,107.25,749.0
UP,0,1.0,0.0,352044177,107.25,749.0
DOWN,0,1.0,0.0,352044363,319.625,1006.875
MOVE,0,1.0,0.0,352044413,304.48633,944.001
MOVE,0,1.0,0.0,352044429,250.64258,857.20605
MOVE,0,1.0,0.0,352044446,136.57129,751.9053
MOVE,0,1.0,0.0,352044454,73.625,708.5
UP,0,1.0,0.0,352044458,73.625,708.5
DOWN,0,1.0,0.0,352044581,265.75,847.625
MOVE,0,1.0,0.0,352044629,282.96484,1084.5957
MOVE,0,1.0,0.0,352044642,254.5,1217.125
UP,0,1.0,0.0,352044646,254.5,1217.125
DOWN,0,1.0,0.0,352044987,337.0,947.25
MOVE,0,1.0,0.0,352045030,261.2334,1124.2002
MOVE,0,1.0,0.0,352045036,205.875,1233.5
UP,0,1.0,0.0,352045040,205.875,1233.5
DOWN,0,1.0,0.0,352045355,224.875,874.625
MOVE,0,1.0,0.0,352045396,204.95117,964.9404
MOVE,0,1.0,0.0,352045413,141.25,1167.75
UP,0,1.0,0.0,352045417,141.25,1167.75
DOWN,0,1.0,0.0,352045733,218.0,898.875
MOVE,0,1.0,0.0,352045765,214.875,917.0
MOVE,0,1.0,0.0,352045779,155.25586,1136.7549
MOVE,0,1.0,0.0,352045785,120.875,1229.625
UP,0,1.0,0.0,352045790,120.875,1229.625
DOWN,0,1.0,0.0,352046118,223.375,863.375
MOVE,0,1.0,0.0,352046163,224.8086,889.67285
MOVE,0,1.0,0.0,352046179,221.52832,1024.4277
MOVE,0,1.0,0.0,352046196,155.4873,1212.1494
MOVE,0,1.0,0.0,352046208,74.5,1313.5
UP,0,1.0,0.0,352046212,74.5,1313.5
DOWN,0,1.0,0.0,352046511,211.125,936.125
MOVE,0,1.0,0.0,352046546,213.37988,958.29395
MOVE,0,1.0,0.0,352046563,198.23145,1137.1582
MOVE,0,1.0,0.0,352046581,100.625,1309.125
UP,0,1.0,0.0,352046585,100.625,1309.125
DOWN,0,1.0,0.0,352046875,221.75,976.25
MOVE,0,1.0,0.0,352046896,218.31934,1010.2637
MOVE,0,1.0,0.0,352046913,145.28906,1255.706
MOVE,0,1.0,0.0,352046916,120.875,1305.875
UP,0,1.0,0.0,352046920,120.875,1305.875
DOWN,0,1.0,0.0,352047265,221.875,899.5
MOVE,0,1.0,0.0,352047313,217.70996,1151.0547
MOVE,0,1.0,0.0,352047322,150.625,1352.625
UP,0,1.0,0.0,352047326,150.625,1352.625
DOWN,0,1.0,0.0,352073524,699.25,1381.0
MOVE,0,1.0,0.0,352073549,699.25,1360.75
MOVE,0,1.0,0.0,352073563,694.9258,1276.9297
MOVE,0,1.0,0.0,352073579,662.9707,1108.3955
MOVE,0,1.0,0.0,352073596,581.62305,935.6494
MOVE,0,1.0,0.0,352073613,482.1494,771.042
MOVE,0,1.0,0.0,352073628,376.125,637.125
UP,0,1.0,0.0,352073632,376.125,637.125
DOWN,0,1.0,0.0,352073830,596.125,979.75
MOVE,0,1.0,0.0,352073850,596.0,975.5
MOVE,0,1.0,0.0,352073863,562.45215,866.84375
MOVE,0,1.0,0.0,352073880,492.16406,748.5342
MOVE,0,1.0,0.0,352073896,397.5,624.375
UP,0,1.0,0.0,352073901,397.5,624.375
DOWN,0,1.0,0.0,352074082,465.875,761.25
MOVE,0,1.0,0.0,352074101,450.34277,735.9717
MOVE,0,1.0,0.0,352074113,286.89258,554.50977
MOVE,0,1.0,0.0,352074119,222.25,507.875
UP,0,1.0,0.0,352074123,222.25,507.875
DOWN,0,1.0,0.0,352074350,589.5,866.375
MOVE,0,1.0,0.0,352074380,590.3262,733.7627
MOVE,0,1.0,0.0,352074396,539.3467,574.61426
MOVE,0,1.0,0.0,352074412,398.0,357.625
UP,0,1.0,0.0,352074416,398.0,357.625
DOWN,0,1.0,0.0,352074677,545.625,828.75
MOVE,0,1.0,0.0,352074701,545.5,823.625
MOVE,0,1.0,0.0,352074713,541.36035,755.126
MOVE,0,1.0,0.0,352074730,491.28906,546.70215
MOVE,0,1.0,0.0,352074746,392.17188,417.8916
MOVE,0,1.0,0.0,352074763,222.44238,233.63672
MOVE,0,1.0,0.0,352074767,176.375,188.0
UP,0,1.0,0.0,352074772,176.375,188.0
DOWN,0,1.0,0.0,352075134,323.125,655.5
MOVE,0,1.0,0.0,352075146,322.55762,666.1465
MOVE,0,1.0,0.0,352075163,312.5752,793.32324
MOVE,0,1.0,0.0,352075179,321.1963,961.417
MOVE,0,1.0,0.0,352075196,346.3037,1162.4023
MOVE,0,1.0,0.0,352075203,352.75,1273.625
UP,0,1.0,0.0,352075207,352.75,1273.625
MOVE,0,1.0,0.0,352090513,303.84766,1225.8066
MOVE,0,1.0,0.0,352090529,242.10254,1095.7148
MOVE,0,1.0,0.0,352090546,118.0,917.625
UP,0,1.0,0.0,352090550,118.0,917.625
DOWN,0,1.0,0.0,352090832,426.25,1526.875
MOVE,0,1.0,0.0,352090880,407.16113,1421.7217
MOVE,0,1.0,0.0,352090896,345.36328,1277.5166
MOVE,0,1.0,0.0,352090913,234.69922,1107.2861
MOVE,0,1.0,0.0,352090929,145.87305,990.74316
MOVE,0,1.0,0.0,352090946,18.601562,815.3926
MOVE,0,1.0,0.0,352090947,11.875,802.5
UP,0,1.0,0.0,352090952,11.875,802.5
DOWN,0,1.0,0.0,352091271,408.625,1409.375
MOVE,0,1.0,0.0,352091313,408.625,1402.4785
MOVE,0,1.0,0.0,352091329,392.8545,1326.3359
MOVE,0,1.0,0.0,352091346,355.4004,1244.7168
MOVE,0,1.0,0.0,352091363,313.7256,1171.7695
MOVE,0,1.0,0.0,352091379,268.24023,1103.9893
MOVE,0,1.0,0.0,352091396,222.30371,1040.1182
MOVE,0,1.0,0.0,352091413,179.94824,982.39746
MOVE,0,1.0,0.0,352091429,139.41504,930.04395
MOVE,0,1.0,0.0,352091446,96.33008,884.8613
MOVE,0,1.0,0.0,352091450,79.375,869.625
UP,0,1.0,0.0,352091454,79.375,869.625
DOWN,0,1.0,0.0,352091774,432.375,1386.125
MOVE,0,1.0,0.0,352091814,425.25,1360.25
MOVE,0,1.0,0.0,352091829,343.49414,1218.665
MOVE,0,1.0,0.0,352091846,292.40625,1131.6152
MOVE,0,1.0,0.0,352091863,224.67578,1016.29297
MOVE,0,1.0,0.0,352091879,141.73438,890.53906
MOVE,0,1.0,0.0,352091896,29.646484,729.6074
MOVE,0,1.0,0.0,352091902,7.875,688.125
UP,0,1.0,0.0,352091906,7.875,688.125
DOWN,0,1.0,0.0,352092339,517.25,1356.0
MOVE,0,1.0,0.0,352092409,514.625,1336.5
UP,0,1.0,0.0,352092413,514.625,1336.5
DOWN,0,1.0,0.0,352093531,387.0,1364.375
MOVE,0,1.0,0.0,352093579,306.30762,1241.2842
MOVE,0,1.0,0.0,352093596,235.57324,1129.2676
MOVE,0,1.0,0.0,352093613,174.35156,1021.6533
MOVE,0,1.0,0.0,352093629,103.950195,903.61816
MOVE,0,1.0,0.0,352093646,13.071289,737.9551
MOVE,0,1.0,0.0,352093648,7.375,724.25
UP,0,1.0,0.0,352093652,7.375,724.25
DOWN,0,1.0,0.0,352093879,386.375,1264.75
MOVE,0,1.0,0.0,352093913,374.9668,1246.084
MOVE,0,1.0,0.0,352093929,293.69434,1131.4072
MOVE,0,1.0,0.0,352093946,203.39258,1019.97754
MOVE,0,1.0,0.0,352093963,36.708008,840.79004
MOVE,0,1.0,0.0,352093966,14.125,807.125
UP,0,1.0,0.0,352093970,14.125,807.125
DOWN,0,1.0,0.0,352094244,393.75,1333.625
MOVE,0,1.0,0.0,352094263,385.7246,1306.9316
MOVE,0,1.0,0.0,352094279,288.72363,1131.4365
MOVE,0,1.0,0.0,352094296,145.00684,963.02344
MOVE,0,1.0,0.0,352094310,23.5,836.5
UP,0,1.0,0.0,352094314,23.5,836.5
DOWN,0,1.0,0.0,352094520,378.375,1253.25
MOVE,0,1.0,0.0,352094563,276.32227,1101.9346
MOVE,0,1.0,0.0,352094579,148.52539,956.59863
MOVE,0,1.0,0.0,352094596,14.925781,791.2539
MOVE,0,1.0,0.0,352094598,5.125,768.5
UP,0,1.0,0.0,352094603,5.125,768.5
DOWN,0,1.0,0.0,352094830,376.625,1237.375
MOVE,0,1.0,0.0,352094863,306.00488,1110.3574
MOVE,0,1.0,0.0,352094880,199.89551,979.91406
MOVE,0,1.0,0.0,352094896,66.68652,836.81934
MOVE,0,1.0,0.0,352094904,12.5,749.25
UP,0,1.0,0.0,352094908,12.5,749.25
DOWN,0,1.0,0.0,352095122,481.375,1360.125
MOVE,0,1.0,0.0,352095180,477.8955,1344.3867
MOVE,0,1.0,0.0,352095196,432.63965,1263.751
MOVE,0,1.0,0.0,352095213,340.8125,1132.6719
MOVE,0,1.0,0.0,352095229,262.6621,1034.0781
MOVE,0,1.0,0.0,352095246,173.34961,935.58105
MOVE,0,1.0,0.0,352095256,85.875,858.375
UP,0,1.0,0.0,352095260,85.875,858.375
DOWN,0,1.0,0.0,352095584,520.125,1420.75
MOVE,0,1.0,0.0,352095629,519.3135,1412.1182
MOVE,0,1.0,0.0,352095646,490.86816,1334.291
MOVE,0,1.0,0.0,352095663,393.1504,1191.2617
MOVE,0,1.0,0.0,352095679,336.05566,1117.7773
MOVE,0,1.0,0.0,352095696,289.66406,1063.4375
MOVE,0,1.0,0.0,352095713,226.78711,991.3154
MOVE,0,1.0,0.0,352095729,136.0293,901.61914
MOVE,0,1.0,0.0,352095742,20.875,791.0
UP,0,1.0,0.0,352095746,20.875,791.0
DOWN,0,1.0,0.0,352095973,152.25,884.125
MOVE,0,1.0,0.0,352096013,159.85645,914.48145
MOVE,0,1.0,0.0,352096029,230.80469,1083.1416
MOVE,0,1.0,0.0,352096047,242.25,1223.75
UP,0,1.0,0.0,352096051,242.25,1223.75
DOWN,0,1.0,0.0,352096388,222.375,974.5
MOVE,0,1.0,0.0,352096430,226.10449,1009.5449
MOVE,0,1.0,0.0,352096446,245.84473,1125.6299
MOVE,0,1.0,0.0,352096463,261.54297,1268.874
MOVE,0,1.0,0.0,352096474,260.625,1344.25
UP,0,1.0,0.0,352096479,260.625,1344.25
DOWN,0,1.0,0.0,352096837,293.875,1045.625
MOVE,0,1.0,0.0,352096881,294.5,1049.625
MOVE,0,1.0,0.0,352096896,331.89648,1161.0283
MOVE,0,1.0,0.0,352096902,353.125,1235.75
UP,0,1.0,0.0,352096906,353.125,1235.75
DOWN,0,1.0,0.0,352097234,217.25,1018.125
MOVE,0,1.0,0.0,352097246,234.16406,1050.5
MOVE,0,1.0,0.0,352097263,307.5918,1219.4248
MOVE,0,1.0,0.0,352097270,329.375,1296.875
UP,0,1.0,0.0,352097274,329.375,1296.875
DOWN,0,1.0,0.0,352097787,216.125,982.75
MOVE,0,1.0,0.0,352097813,238.17871,1022.3721
MOVE,0,1.0,0.0,352097829,313.43555,1172.1377
MOVE,0,1.0,0.0,352097848,339.625,1327.5
UP,0,1.0,0.0,352097852,339.625,1327.5
DOWN,0,1.0,0.0,352098242,240.375,996.375
MOVE,0,1.0,0.0,352098263,240.86914,1001.36426
MOVE,0,1.0,0.0,352098279,276.57812,1079.3584
MOVE,0,1.0,0.0,352098296,327.06152,1179.3105
MOVE,0,1.0,0.0,352098313,366.80957,1314.6992
MOVE,0,1.0,0.0,352098329,380.125,1434.5
UP,0,1.0,0.0,352098333,380.125,1434.5
DOWN,0,1.0,0.0,352099684,396.0,1476.75
MOVE,0,1.0,0.0,352099746,394.37793,1444.1172
MOVE,0,1.0,0.0,352099763,388.17676,1365.7666
MOVE,0,1.0,0.0,352099779,386.53516,1321.4297
MOVE,0,1.0,0.0,352099796,384.62207,1276.834
MOVE,0,1.0,0.0,352099813,381.31152,1232.4531
MOVE,0,1.0,0.0,352099829,375.5078,1188.4297
MOVE,0,1.0,0.0,352099846,367.27734,1147.6123
MOVE,0,1.0,0.0,352099863,358.19922,1113.5957
MOVE,0,1.0,0.0,352099879,352.01367,1088.2344
MOVE,0,1.0,0.0,352099896,346.86523,1070.3457
MOVE,0,1.0,0.0,352099912,344.07227,1059.6553
MOVE,0,1.0,0.0,352099929,343.75,1055.4912
MOVE,0,1.0,0.0,352099946,343.75,1053.2031
MOVE,0,1.0,0.0,352099963,343.75,1052.6074
MOVE,0,1.0,0.0,352100346,343.75,1052.1943
MOVE,0,1.0,0.0,352100362,343.75,1051.8828
MOVE,0,1.0,0.0,352100373,343.9375,1051.375
MOVE,0,1.0,0.0,352100461,343.875,1051.0625
MOVE,0,1.0,0.0,352100479,344.1045,1050.4365
MOVE,0,1.0,0.0,352100496,344.85352,1048.917
MOVE,0,1.0,0.0,352100513,345.6006,1047.2979
MOVE,0,1.0,0.0,352100529,345.97363,1045.8574
MOVE,0,1.0,0.0,352100546,346.5,1044.1113
MOVE,0,1.0,0.0,352100563,347.0,1042.9414
MOVE,0,1.0,0.0,352100579,347.125,1042.3184
MOVE,0,1.0,0.0,352100596,347.25,1041.3477
MOVE,0,1.0,0.0,352100613,347.46582,1039.5107
MOVE,0,1.0,0.0,352100629,348.05176,1036.7197
MOVE,0,1.0,0.0,352100646,348.71387,1033.7197
MOVE,0,1.0,0.0,352100663,350.00977,1029.5098
MOVE,0,1.0,0.0,352100679,351.41895,1023.7783
MOVE,0,1.0,0.0,352100696,352.208,1016.63574
MOVE,0,1.0,0.0,352100713,351.37207,1005.3838
MOVE,0,1.0,0.0,352100729,347.15527,990.4463
MOVE,0,1.0,0.0,352100746,343.5625,976.6221
MOVE,0,1.0,0.0,352100763,342.59863,965.31055
MOVE,0,1.0,0.0,352100779,338.59668,952.0459
MOVE,0,1.0,0.0,352100796,328.10254,937.0088
MOVE,0,1.0,0.0,352100806,320.125,929.25
UP,0,1.0,0.0,352100810,320.125,929.25
DOWN,0,1.0,0.0,352101518,251.75,821.5
MOVE,0,1.0,0.0,352101646,251.59668,827.5488
MOVE,0,1.0,0.0,352101663,250.875,882.80566
MOVE,0,1.0,0.0,352101679,250.875,902.0322
MOVE,0,1.0,0.0,352101696,250.875,914.07227
MOVE,0,1.0,0.0,352101713,250.875,923.9043
MOVE,0,1.0,0.0,352101729,250.73828,930.2051
MOVE,0,1.0,0.0,352101746,249.59961,934.95996
MOVE,0,1.0,0.0,352101763,248.62012,938.0137
MOVE,0,1.0,0.0,352101779,248.24902,939.376
MOVE,0,1.0,0.0,352101794,248.0,940.125
MOVE,0,1.0,0.0,352101946,248.44531,937.3076
MOVE,0,1.0,0.0,352101959,249.625,932.375
UP,0,1.0,0.0,352101963,249.625,932.375
MOVE,0,1.0,0.0,352102296,397.0,1063.0576
MOVE,0,1.0,0.0,352102312,396.5371,1038.2334
MOVE,0,1.0,0.0,352102329,395.2832,1015.73047
MOVE,0,1.0,0.0,352102346,394.625,995.999
MOVE,0,1.0,0.0,352102363,394.125,980.8779
MOVE,0,1.0,0.0,352102379,394.125,969.2549
MOVE,0,1.0,0.0,352102396,394.125,962.8164
MOVE,0,1.0,0.0,352102413,394.125,958.77637
MOVE,0,1.0,0.0,352102429,394.5381,956.9238
MOVE,0,1.0,0.0,352102462,395.25,958.0
UP,0,1.0,0.0,352102466,395.25,958.0
DOWN,0,1.0,0.0,352104651,491.125,1342.5
MOVE,0,1.0,0.0,352104730,465.02832,1299.3223
MOVE,0,1.0,0.0,352104746,423.6787,1241.0537
MOVE,0,1.0,0.0,352104763,401.1162,1184.3115
MOVE,0,1.0,0.0,352104779,382.87207,1130.0371
MOVE,0,1.0,0.0,352104796,371.71875,1082.417
MOVE,0,1.0,0.0,352104813,365.24023,1038.8301
MOVE,0,1.0,0.0,352104829,354.37207,995.5547
MOVE,0,1.0,0.0,352104846,330.95215,951.25684
MOVE,0,1.0,0.0,352104848,323.875,942.375
UP,0,1.0,0.0,352104853,323.875,942.375
DOWN,0,1.0,0.0,352105918,425.125,1382.75
MOVE,0,1.0,0.0,352105980,405.9873,1304.3633
MOVE,0,1.0,0.0,352105996,388.4707,1251.1289
MOVE,0,1.0,0.0,352106013,374.9209,1198.1475
MOVE,0,1.0,0.0,352106029,364.6045,1150.3916
MOVE,0,1.0,0.0,352106046,354.74023,1102.3047
MOVE,0,1.0,0.0,352106062,338.96973,1050.1084
MOVE,0,1.0,0.0,352106079,315.1953,997.2285
MOVE,0,1.0,0.0,352106084,299.375,971.5
UP,0,1.0,0.0,352106088,299.375,971.5
DOWN,0,1.0,0.0,352108049,337.5,938.125
MOVE,0,1.0,0.0,352108163,340.2539,983.0332
MOVE,0,1.0,0.0,352108179,348.833,1029.1924
MOVE,0,1.0,0.0,352108196,353.292,1054.7363
MOVE,0,1.0,0.0,352108213,354.7256,1076.1885
MOVE,0,1.0,0.0,352108229,355.2998,1095.1914
MOVE,0,1.0,0.0,352108246,357.51562,1116.3203
MOVE,0,1.0,0.0,352108263,361.74707,1137.9053
MOVE,0,1.0,0.0,352108279,364.70996,1158.918
MOVE,0,1.0,0.0,352108296,366.91113,1179.3613
MOVE,0,1.0,0.0,352108312,368.56738,1195.8564
MOVE,0,1.0,0.0,352108329,369.0,1208.8936
MOVE,0,1.0,0.0,352108346,369.0,1220.2559
MOVE,0,1.0,0.0,352108362,369.19043,1227.3926
MOVE,0,1.0,0.0,352108379,371.4043,1235.1787
MOVE,0,1.0,0.0,352108382,372.25,1238.75
UP,0,1.0,0.0,352108387,372.25,1238.75
DOWN,0,1.0,0.0,352108725,439.5,1076.625
MOVE,0,1.0,0.0,352108780,436.97656,1128.8848
MOVE,0,1.0,0.0,352108797,431.44043,1196.4512
MOVE,0,1.0,0.0,352108813,426.1045,1234.873
MOVE,0,1.0,0.0,352108830,420.6416,1272.6855
MOVE,0,1.0,0.0,352108846,413.13477,1305.041
MOVE,0,1.0,0.0,352108863,406.3545,1337.8525
MOVE,0,1.0,0.0,352108879,398.95605,1372.5518
MOVE,0,1.0,0.0,352108896,390.46582,1407.7178
MOVE,0,1.0,0.0,352108913,383.10254,1440.0176
MOVE,0,1.0,0.0,352108923,376.625,1463.0
UP,0,1.0,0.0,352108927,376.625,1463.0
MOVE,0,1.0,0.0,352129963,325.86816,749.5752
MOVE,0,1.0,0.0,352129967,305.875,724.5
UP,0,1.0,0.0,352129971,305.875,724.5
DOWN,0,1.0,0.0,352130223,289.75,740.125
MOVE,0,1.0,0.0,352130279,283.4541,897.7217
MOVE,0,1.0,0.0,352130293,255.25,1011.75
UP,0,1.0,0.0,352130297,255.25,1011.75
DOWN,0,1.0,0.0,352130584,381.25,760.25
MOVE,0,1.0,0.0,352130646,381.46094,768.64746
MOVE,0,1.0,0.0,352130663,346.89648,890.13965
MOVE,0,1.0,0.0,352130670,314.375,959.0
UP,0,1.0,0.0,352130674,314.375,959.0
DOWN,0,1.0,0.0,352130936,303.75,687.25
MOVE,0,1.0,0.0,352130967,305.375,703.5
MOVE,0,1.0,0.0,352130980,300.90527,856.6758
MOVE,0,1.0,0.0,352130996,243.75,1040.375
UP,0,1.0,0.0,352131001,243.75,1040.375
DOWN,0,1.0,0.0,352131337,296.5,713.625
MOVE,0,1.0,0.0,352131429,297.21973,736.3037
MOVE,0,1.0,0.0,352131446,287.8047,809.06934
MOVE,0,1.0,0.0,352131463,212.08301,1011.03906
MOVE,0,1.0,0.0,352131465,192.125,1059.625
UP,0,1.0,0.0,352131470,192.125,1059.625
DOWN,0,1.0,0.0,352131803,276.375,710.25
MOVE,0,1.0,0.0,352131846,264.46582,840.56055
MOVE,0,1.0,0.0,352131859,192.75,1057.0
UP,0,1.0,0.0,352131863,192.75,1057.0
DOWN,0,1.0,0.0,352132183,271.625,715.875
MOVE,0,1.0,0.0,352132229,275.4082,741.0039
MOVE,0,1.0,0.0,352132246,290.8662,888.05273
MOVE,0,1.0,0.0,352132263,273.69727,994.03125
MOVE,0,1.0,0.0,352132279,225.94727,1151.9609
MOVE,0,1.0,0.0,352132286,203.25,1225.25
UP,0,1.0,0.0,352132290,203.25,1225.25
DOWN,0,1.0,0.0,352132555,270.25,803.625
MOVE,0,1.0,0.0,352132596,270.7207,809.6826
MOVE,0,1.0,0.0,352132613,286.21582,900.07715
MOVE,0,1.0,0.0,352132629,287.80176,1007.5762
MOVE,0,1.0,0.0,352132646,256.53613,1133.7422
MOVE,0,1.0,0.0,352132663,201.04883,1270.875
MOVE,0,1.0,0.0,352132671,153.75,1340.625
UP,0,1.0,0.0,352132675,153.75,1340.625
DOWN,0,1.0,0.0,352133096,247.75,783.0
MOVE,0,1.0,0.0,352133146,249.29395,793.8574
MOVE,0,1.0,0.0,352133163,264.18555,877.93945
MOVE,0,1.0,0.0,352133180,253.1416,1038.1133
MOVE,0,1.0,0.0,352133196,212.19434,1190.9902
MOVE,0,1.0,0.0,352133203,191.25,1253.625
UP,0,1.0,0.0,352133207,191.25,1253.625
DOWN,0,1.0,0.0,352133435,298.625,1265.625
MOVE,0,1.0,0.0,352133479,303.8252,1208.6934
MOVE,0,1.0,0.0,352133496,307.74316,1113.7559
MOVE,0,1.0,0.0,352133513,300.99707,1038.9795
MOVE,0,1.0,0.0,352133529,293.0791,977.9072
MOVE,0,1.0,0.0,352133546,264.6836,861.5547
MOVE,0,1.0,0.0,352133563,174.75,710.375
UP,0,1.0,0.0,352133567,174.75,710.375
DOWN,0,1.0,0.0,352133770,202.625,816.25
MOVE,0,1.0,0.0,352133796,205.08105,846.1543
MOVE,0,1.0,0.0,352133813,216.75195,935.8301
MOVE,0,1.0,0.0,352133829,216.64551,1013.8613
MOVE,0,1.0,0.0,352133846,202.59766,1187.3184
MOVE,0,1.0,0.0,352133856,194.25,1267.25
UP,0,1.0,0.0,352133860,194.25,1267.25
DOWN,0,1.0,0.0,352134024,297.25,1272.125
MOVE,0,1.0,0.0,352134046,301.6621,1248.8799
MOVE,0,1.0,0.0,352134063,328.708,1181.3125
MOVE,0,1.0,0.0,352134079,344.76074,1111.8223
MOVE,0,1.0,0.0,352134096,344.79297,1060.834
MOVE,0,1.0,0.0,352134107,325.375,995.25
UP,0,1.0,0.0,352134111,325.375,995.25
DOWN,0,1.0,0.0,352134432,243.0,734.75
MOVE,0,1.0,0.0,352134496,240.80078,791.49023
MOVE,0,1.0,0.0,352134513,222.01074,906.6045
MOVE,0,1.0,0.0,352134529,190.81445,1043.9082
MOVE,0,1.0,0.0,352134543,154.75,1149.75
UP,0,1.0,0.0,352134547,154.75,1149.75
DOWN,0,1.0,0.0,352134821,315.75,832.5
MOVE,0,1.0,0.0,352134863,315.28223,849.26953
MOVE,0,1.0,0.0,352134879,294.04004,1020.7676
MOVE,0,1.0,0.0,352134896,245.31543,1178.7168
MOVE,0,1.0,0.0,352134903,218.25,1257.25
UP,0,1.0,0.0,352134907,218.25,1257.25
DOWN,0,1.0,0.0,352135302,240.5,748.125
MOVE,0,1.0,0.0,352135346,244.25879,815.4209
MOVE,0,1.0,0.0,352135363,229.83203,973.1758
MOVE,0,1.0,0.0,352135379,194.68164,1099.6084
MOVE,0,1.0,0.0,352135389,165.375,1194.375
UP,0,1.0,0.0,352135393,165.375,1194.375
DOWN,0,1.0,0.0,352135663,294.125,1217.5
MOVE,0,1.0,0.0,352135713,297.73828,1182.7559
MOVE,0,1.0,0.0,352135729,306.23535,1111.1719
MOVE,0,1.0,0.0,352135746,306.35742,1039.7373
MOVE,0,1.0,0.0,352135763,295.2627,961.2793
MOVE,0,1.0,0.0,352135779,247.20703,831.584
MOVE,0,1.0,0.0,352135796,157.79395,698.9346
MOVE,0,1.0,0.0,352135799,142.0,679.125
UP,0,1.0,0.0,352135803,142.0,679.125
DOWN,0,1.0,0.0,352136014,437.625,1043.625
MOVE,0,1.0,0.0,352136096,430.14258,989.08594
MOVE,0,1.0,0.0,352136113,391.61133,910.05566
MOVE,0,1.0,0.0,352136129,290.9922,778.6904
MOVE,0,1.0,0.0,352136142,167.375,669.375
UP,0,1.0,0.0,352136146,167.375,669.375
DOWN,0,1.0,0.0,352136348,413.5,1159.25
MOVE,0,1.0,0.0,352136413,417.6123,1144.6387
MOVE,0,1.0,0.0,352136429,441.95215,1066.0371
MOVE,0,1.0,0.0,352136446,441.03223,1008.00195
MOVE,0,1.0,0.0,352136463,427.73926,951.13184
MOVE,0,1.0,0.0,352136479,405.48242,893.8203
MOVE,0,1.0,0.0,352136496,329.07617,790.6963
MOVE,0,1.0,0.0,352136502,254.375,717.375
UP,0,1.0,0.0,352136506,254.375,717.375
DOWN,0,1.0,0.0,352136741,431.625,1038.375
UP,0,1.0,0.0,352136758,431.625,1038.375
DOWN,0,1.0,0.0,352136797,473.0,1109.75
MOVE,0,1.0,0.0,352136863,469.05664,1089.3613
MOVE,0,1.0,0.0,352136880,431.64258,1018.6289
MOVE,0,1.0,0.0,352136896,403.5459,973.5703
MOVE,0,1.0,0.0,352136913,364.7334,907.1367
MOVE,0,1.0,0.0,352136917,342.625,875.0
UP,0,1.0,0.0,352136921,342.625,875.0
DOWN,0,1.0,0.0,352137156,433.875,1021.25
MOVE,0,1.0,0.0,352137229,416.70996,957.71094
MOVE,0,1.0,0.0,352137246,364.29492,874.8662
MOVE,0,1.0,0.0,352137263,255.15137,746.6885
MOVE,0,1.0,0.0,352137268,213.125,707.25
UP,0,1.0,0.0,352137273,213.125,707.25
DOWN,0,1.0,0.0,352137470,459.25,1076.625
MOVE,0,1.0,0.0,352137549,459.25,1072.125
MOVE,0,1.0,0.0,352137563,445.8037,1006.99316
MOVE,0,1.0,0.0,352137580,422.85156,952.58496
MOVE,0,1.0,0.0,352137596,387.50684,891.04004
MOVE,0,1.0,0.0,352137613,352.61816,837.3164
MOVE,0,1.0,0.0,352137629,316.50586,789.02246
MOVE,0,1.0,0.0,352137633,303.625,773.375
UP,0,1.0,0.0,352137637,303.625,773.375
DOWN,0,1.0,0.0,352137822,353.875,786.75
MOVE,0,1.0,0.0,352137863,347.14746,938.8633
MOVE,0,1.0,0.0,352137876,312.375,1097.125
UP,0,1.0,0.0,352137880,312.375,1097.125
DOWN,0,1.0,0.0,352138287,409.0,787.625
MOVE,0,1.0,0.0,352138329,405.78613,827.2471
MOVE,0,1.0,0.0,352138346,381.94824,925.5928
MOVE,0,1.0,0.0,352138353,356.375,986.75
UP,0,1.0,0.0,352138357,356.375,986.75
DOWN,0,1.0,0.0,352138853,377.0,838.375
MOVE,0,1.0,0.0,352138896,371.30762,889.9082
MOVE,0,1.0,0.0,352138913,308.31152,1075.0527
MOVE,0,1.0,0.0,352138914,302.375,1087.125
UP,0,1.0,0.0,352138918,302.375,1087.125
MOVE,0,1.0,0.0,352139563,413.12598,1137.8643
MOVE,0,1.0,0.0,352139579,404.50195,1094.7441
MOVE,0,1.0,0.0,352139596,394.59473,1050.9512
MOVE,0,1.0,0.0,352139613,384.57422,1008.1865
MOVE,0,1.0,0.0,352139629,373.97266,968.2422
MOVE,0,1.0,0.0,352139646,363.30664,934.9658
MOVE,0,1.0,0.0,352139662,351.70605,907.36035
MOVE,0,1.0,0.0,352139679,336.70508,882.63184
MOVE,0,1.0,0.0,352139696,319.09277,856.94336
MOVE,0,1.0,0.0,352139712,297.667,829.5908
MOVE,0,1.0,0.0,352139729,266.25684,799.1719
MOVE,0,1.0,0.0,352139739,241.625,778.75
UP,0,1.0,0.0,352139743,241.625,778.75
DOWN,0,1.0,0.0,352140314,417.25,1342.5
MOVE,0,1.0,0.0,352140463,416.79297,1342.708
MOVE,0,1.0,0.0,352140479,412.48535,1340.0693
MOVE,0,1.0,0.0,352140496,398.88086,1319.4863
MOVE,0,1.0,0.0,352140513,383.73633,1265.8027
MOVE,0,1.0,0.0,352140529,372.21387,1202.0527
MOVE,0,1.0,0.0,352140546,362.27637,1143.3457
MOVE,0,1.0,0.0,352140563,353.5244,1094.5146
MOVE,0,1.0,0.0,352140579,346.57617,1051.4375
MOVE,0,1.0,0.0,352140596,333.9131,1010.2158
MOVE,0,1.0,0.0,352140613,304.38086,946.0205
MOVE,0,1.0,0.0,352140630,249.375,858.125
UP,0,1.0,0.0,352140634,249.375,858.125
DOWN,0,1.0,0.0,352141076,406.5,1352.875
MOVE,0,1.0,0.0,352141163,404.69922,1295.3525
MOVE,0,1.0,0.0,352141179,398.68555,1237.6484
MOVE,0,1.0,0.0,352141196,393.00195,1179.3906
MOVE,0,1.0,0.0,352141213,384.00684,1118.7773
MOVE,0,1.0,0.0,352141229,370.49512,1060.2949
MOVE,0,1.0,0.0,352141246,351.08398,1005.75684
MOVE,0,1.0,0.0,352141263,315.16504,937.1553
MOVE,0,1.0,0.0,352141280,220.0,810.125
UP,0,1.0,0.0,352141284,220.0,810.125
DOWN,0,1.0,0.0,352141662,366.375,1352.0
MOVE,0,1.0,0.0,352141729,369.28613,1322.7578
MOVE,0,1.0,0.0,352141746,378.70703,1244.3574
MOVE,0,1.0,0.0,352141763,378.4746,1185.2266
MOVE,0,1.0,0.0,352141779,371.54297,1117.0303
MOVE,0,1.0,0.0,352141795,347.375,1032.875
UP,0,1.0,0.0,352141799,347.375,1032.875
DOWN,0,1.0,0.0,352142047,430.125,1189.125
MOVE,0,1.0,0.0,352142096,430.25,1179.54
MOVE,0,1.0,0.0,352142113,412.79492,1105.0967
MOVE,0,1.0,0.0,352142129,382.98633,1044.2471
MOVE,0,1.0,0.0,352142142,310.5,934.875
UP,0,1.0,0.0,352142146,310.5,934.875
DOWN,0,1.0,0.0,352142450,399.75,1276.0
MOVE,0,1.0,0.0,352142529,391.38965,1224.0156
MOVE,0,1.0,0.0,352142546,366.417,1141.6787
MOVE,0,1.0,0.0,352142563,335.3037,1059.9326
MOVE,0,1.0,0.0,352142574,247.875,905.625
UP,0,1.0,0.0,352142578,247.875,905.625
DOWN,0,1.0,0.0,352142898,364.625,1347.375
MOVE,0,1.0,0.0,352143013,364.29297,1272.6074
MOVE,0,1.0,0.0,352143029,365.27344,1236.2305
MOVE,0,1.0,0.0,352143046,369.71777,1209.667
MOVE,0,1.0,0.0,352143063,370.5,1188.2861
MOVE,0,1.0,0.0,352143079,370.27344,1174.4375
MOVE,0,1.0,0.0,352143096,369.0625,1165.6455
MOVE,0,1.0,0.0,352143113,366.417,1157.6797
MOVE,0,1.0,0.0,352143129,362.82715,1147.0107
MOVE,0,1.0,0.0,352143146,358.96387,1134.4707
MOVE,0,1.0,0.0,352143163,355.1162,1121.4092
MOVE,0,1.0,0.0,352143179,351.8584,1108.8477
MOVE,0,1.0,0.0,352143196,348.8369,1098.4219
MOVE,0,1.0,0.0,352143213,346.97363,1090.4277
MOVE,0,1.0,0.0,352143229,345.27148,1084.4404
MOVE,0,1.0,0.0,352143246,344.6631,1079.4307
MOVE,0,1.0,0.0,352143263,343.9502,1076.7754
MOVE,0,1.0,0.0,352143279,343.54297,1075.293
MOVE,0,1.0,0.0,352143291,343.375,1074.8125
UP,0,1.0,0.0,352143423,343.375,1074.875
DOWN,0,1.0,0.0,352145988,358.375,1308.25
MOVE,0,1.0,0.0,352146080,362.8828,1286.7139
MOVE,0,1.0,0.0,352146096,386.33203,1238.4746
MOVE,0,1.0,0.0,352146113,393.18945,1210.6387
MOVE,0,1.0,0.0,352146129,394.6543,1178.5293
MOVE,0,1.0,0.0,352146146,394.75,1142.6553
MOVE,0,1.0,0.0,352146163,394.5381,1106.9531
MOVE,0,1.0,0.0,352146179,392.36328,1072.748
MOVE,0,1.0,0.0,352146196,390.15137,1042.873
MOVE,0,1.0,0.0,352146213,388.92578,1019.99023
MOVE,0,1.0,0.0,352146229,387.33496,1002.08594
MOVE,0,1.0,0.0,352146246,386.708,987.95215
MOVE,0,1.0,0.0,352146263,385.84668,980.6211
MOVE,0,1.0,0.0,352146279,384.98535,975.8672
MOVE,0,1.0,0.0,352146296,384.61133,972.708
MOVE,0,1.0,0.0,352146313,384.0,970.9717
MOVE,0,1.0,0.0,352146329,383.875,969.86426
MOVE,0,1.0,0.0,352146346,383.875,969.24023
MOVE,0,1.0,0.0,352146396,384.00586,969.25
MOVE,0,1.0,0.0,352146408,384.75,969.75
UP,0,1.0,0.0,352146413,384.75,969.75
MOVE,0,1.0,0.0,352147963,433.6162,1055.0488
MOVE,0,1.0,0.0,352147980,430.94434,996.6211
MOVE,0,1.0,0.0,352147996,413.1621,915.6416
MOVE,0,1.0,0.0,352148013,356.1963,801.5127
MOVE,0,1.0,0.0,352148021,330.375,765.5
UP,0,1.0,0.0,352148025,330.375,765.5
DOWN,0,1.0,0.0,352148307,306.5,789.125
MOVE,0,1.0,0.0,352148363,307.33105,801.88574
MOVE,0,1.0,0.0,352148379,318.6084,879.59863
MOVE,0,1.0,0.0,352148396,319.69727,940.24316
MOVE,0,1.0,0.0,352148413,313.2168,1003.33887
MOVE,0,1.0,0.0,352148429,301.06152,1058.4414
MOVE,0,1.0,0.0,352148440,288.5,1116.25
UP,0,1.0,0.0,352148444,288.5,1116.25
DOWN,0,1.0,0.0,352148725,388.125,960.25
MOVE,0,1.0,0.0,352148879,391.06445,974.83594
MOVE,0,1.0,0.0,352148896,395.7129,1009.3906
MOVE,0,1.0,0.0,352148913,398.10645,1047.8545
MOVE,0,1.0,0.0,352148929,397.54492,1080.1914
MOVE,0,1.0,0.0,352148946,395.30957,1110.2617
MOVE,0,1.0,0.0,352148963,389.64258,1142.3643
MOVE,0,1.0,0.0,352148967,385.375,1159.25
UP,0,1.0,0.0,352148971,385.375,1159.25
DOWN,0,1.0,0.0,352149324,270.375,823.25
MOVE,0,1.0,0.0,352149413,273.99316,844.8164
MOVE,0,1.0,0.0,352149429,296.2256,901.22656
MOVE,0,1.0,0.0,352149446,306.95605,938.4873
MOVE,0,1.0,0.0,352149463,312.7207,971.5137
MOVE,0,1.0,0.0,352149479,315.46973,1000.74023
MOVE,0,1.0,0.0,352149496,315.90527,1024.2891
MOVE,0,1.0,0.0,352149513,317.1543,1046.8643
MOVE,0,1.0,0.0,352149529,317.25,1067.7695
MOVE,0,1.0,0.0,352149546,316.6748,1092.5234
MOVE,0,1.0,0.0,352149549,315.375,1101.125
UP,0,1.0,0.0,352149554,315.375,1101.125
DOWN,0,1.0,0.0,352149873,299.625,1428.625
MOVE,0,1.0,0.0,352149929,299.90527,1412.8115
MOVE,0,1.0,0.0,352149946,300.5293,1325.9082
MOVE,0,1.0,0.0,352149963,291.10352,1250.9326
MOVE,0,1.0,0.0,352149981,244.0,1073.0
UP,0,1.0,0.0,352149985,244.0,1073.0
DOWN,0,1.0,0.0,352150234,342.375,1167.375
MOVE,0,1.0,0.0,352150266,340.625,1145.5
MOVE,0,1.0,0.0,352150274,323.25,1040.125
UP,0,1.0,0.0,352150278,323.25,1040.125
MOVE,0,1.0,0.0,352171896,672.97754,1230.4902
MOVE,0,1.0,0.0,352171913,709.6084,1088.3398
MOVE,0,1.0,0.0,352171929,868.66406,865.0088
MOVE,0,1.0,0.0,352171932,905.875,825.625
UP,0,1.0,0.0,352171936,905.875,825.625
MOVE,0,1.0,0.0,352202530,533.6719,1136.2881
MOVE,0,1.0,0.0,352202547,462.15723,933.1699
MOVE,0,1.0,0.0,352202563,300.2539,664.28516
MOVE,0,1.0,0.0,352202573,178.25,511.625
UP,0,1.0,0.0,352202577,178.25,511.625
