timestamp_ns,acc_x,acc_y,acc_z,gyro_x,gyro_y,gyro_z,mag_x,mag_y,mag_z,activity
2033925582500308,1.0013963,4.1467614,8.260024,-0.4133223,0.81412774,-0.058323186,-45.4,-18.5625,-38.7375,sitting
2033925602500308,0.03888337,4.089334,9.28475,-0.21744694,0.50626653,0.0022636852,-45.1875,-18.35,-39.375,sitting
2033925622500308,-0.18664017,4.0510488,10.275977,-0.08748478,0.31145647,0.12903006,-45.0,-18.2125,-39.975002,sitting
2033925642500308,-0.4019942,3.888337,10.864612,-0.0011984216,0.20386483,0.20785956,-44.8625,-17.975,-40.425,sitting
2033925662500308,-0.55034924,3.6867416,10.342976,0.030759487,0.1900164,0.1950764,-44.7375,-17.95,-40.6375,sitting
2033925682500308,-0.01375873,3.5001013,10.031909,-0.0022636852,0.2134522,0.17696692,-44.6375,-17.9,-40.850002,sitting
2033925702500308,0.57009,3.3565319,9.457033,-0.060853187,0.19108167,0.16098797,-44.575,-17.85,-41.100002,sitting
2033925722500308,0.80937225,3.3326037,9.165109,-0.10879005,0.12503532,0.13116059,-44.5,-17.7625,-41.275,sitting
2033925742500308,0.9194421,3.275176,9.02154,-0.1013332,0.053662658,0.08855004,-44.2625,-17.550001,-41.8,sitting
2033925762500308,0.9487542,3.165106,9.078967,-0.003328949,0.020639483,0.039547913,-44.1125,-17.362501,-42.1375,sitting
2033925782500308,0.86201435,2.9210382,9.189037,0.11385005,-0.013448954,-0.0105194785,-43.9875,-17.2125,-42.350002,sitting
2033925802500308,0.651446,2.7338,9.413962,0.10426268,-0.026232118,-0.07643267,-43.8875,-17.1875,-42.5125,sitting
2033925822500308,0.6227321,2.7481568,9.323035,-0.021438431,-0.043276336,-0.14460954,-43.8375,-17.112501,-42.775,sitting
2033925842500308,0.67058855,2.9353952,8.71466,-0.14607428,-0.05286371,-0.16165376,-43.8,-17.075,-42.9375,sitting
2033925862500308,0.6897311,3.3852458,8.365308,-0.20572904,-6.6578976E-4,-0.09986847,-43.7375,-17.025,-43.0,sitting
2033925882500308,0.36909288,3.830909,8.590233,-0.19933745,0.09946899,0.031025803,-43.675,-17.0125,-43.05,sitting
2033925902500308,-0.17706887,4.065406,8.930014,-0.117312156,0.12503532,0.17270587,-43.65,-17.025,-43.025,sitting
2033925922500308,-0.5599205,4.1611185,9.313464,-0.054461602,0.06751108,0.26112276,-43.6375,-17.0125,-43.100002,sitting
2033925942500308,-0.53599226,4.0127635,9.935597,-0.03635212,0.01105211,0.2707101,-43.600002,-17.0,-43.1875,sitting
2033925962500308,-0.19621146,3.6293137,9.763314,-0.044874232,-0.01238369,0.20359851,-43.525,-16.9,-43.25,sitting
2033925982500308,0.27337998,3.1603205,9.457033,-0.10026794,0.04301002,0.15459639,-43.4375,-16.7625,-43.3375,sitting
2033926002500308,0.86201435,2.9736803,9.074182,-0.14927007,0.1079911,0.14500901,-43.350002,-16.575,-43.350002,sitting
2033926022500308,0.9391829,2.925824,8.695518,-0.15672691,0.13249217,0.1130511,-43.25,-16.35,-43.4375,sitting
2033926042500308,1.0013963,2.949752,8.733803,-0.11944269,0.13036163,0.038482647,-43.1875,-16.112501,-43.525,sitting
2033926062500308,1.0779666,2.8396823,8.997611,-0.06191845,0.11864374,-0.06897582,-43.162502,-15.875,-43.625,sitting
2033926082500308,1.14018,2.6620152,9.222537,-0.016112113,0.123970054,-0.14141375,-43.0875,-15.6625,-43.6125,sitting
2033926102500308,1.0301101,2.5663023,9.299107,-0.015046849,0.093077414,-0.16698007,-43.075,-15.475,-43.5875,sitting
2033926122500308,0.60837513,2.6045876,9.145967,-0.052331075,0.030226856,-0.17656745,-43.0625,-15.325,-43.7,sitting
2033926142500308,0.28773692,2.7385855,8.939586,-0.11198584,-0.005992108,-0.1691106,-42.975002,-15.2375,-43.7,sitting
2033926162500308,0.12502499,2.9688947,8.9348,-0.18229324,0.06005424,-0.12756532,-42.925,-15.1625,-43.825,sitting
2033926182500308,-0.061615184,3.3278182,8.886943,-0.2185122,0.18469009,-0.034887385,-42.9,-15.1375,-43.8875,sitting
2033926202500308,-0.19621146,3.6915271,8.843872,-0.20572904,0.25925854,0.106659524,-42.8375,-15.1,-44.025,sitting
2033926222500308,-0.4211368,3.9218364,9.136395,-0.15459639,0.19747324,0.22383852,-42.725002,-15.025001,-44.125,sitting
2033926242500308,-0.70348984,3.8548372,9.681958,-0.054461602,0.07390267,0.2483396,-42.575,-14.925,-44.275,sitting
2033926262500308,-0.6269195,3.5144582,10.175478,0.042477388,-0.02410159,0.18122798,-42.375,-14.8,-44.412502,sitting
2033926282500308,-0.19621146,3.0358937,10.429117,0.03715107,0.02809633,0.08215846,-42.2375,-14.6125,-44.45,sitting
2033926302500308,0.39780676,2.6620152,10.00798,-0.01824264,0.08775109,0.027830012,-42.15,-14.3875,-44.537502,sitting
2033926322500308,0.76630145,2.6045876,9.193823,-0.05659213,0.0611195,0.037417386,-41.975002,-14.175,-44.5,sitting
2033926342500308,0.68494546,2.7338,9.078967,-0.0896153,0.030226856,0.044874232,-41.8375,-13.975,-44.675,sitting
2033926362500308,0.4743771,2.8540392,9.265608,-0.12157321,0.05472792,0.0043942127,-41.7375,-13.775001,-44.65,sitting
2033926382500308,0.52223355,2.8109684,9.212965,-0.12583427,0.093077414,-0.058323186,-41.675,-13.6375,-44.675,sitting
2033926402500308,0.6466603,2.6572297,9.069396,-0.1130511,0.12610058,-0.08602004,-41.6125,-13.5,-44.7125,sitting
2033926422500308,0.57009,2.5328028,8.968898,-0.07044056,0.08668583,-0.07962846,-41.575,-13.3875,-44.7375,sitting
2033926442500308,0.20638095,2.489732,8.944969,-0.05339634,0.0035952649,-0.094542146,-41.5,-13.35,-44.6875,sitting
2033926462500308,-0.17228323,2.4514468,9.256036,-0.12263848,-0.009187899,-0.14674006,-41.4,-13.275001,-44.725002,sitting
2033926482500308,-0.0951147,2.5423741,9.165109,-0.2739059,0.05472792,-0.17230639,-41.3625,-13.2375,-44.8875,sitting
2033926502500308,0.21595225,2.8492537,8.762517,-0.48256442,0.17190692,-0.12010848,-41.25,-13.175,-44.9625,sitting
2033926522500308,0.13938192,3.1842487,8.480164,-0.6860298,0.30826068,-0.02223738,-41.100002,-13.075,-45.1125,sitting
2033926542500308,-0.25842485,3.423531,8.403593,-0.7467498,0.40839544,0.054461602,-40.8625,-12.900001,-45.3125,sitting
2033926562500308,-0.5599205,3.2847474,8.551949,-0.5166529,0.4924181,0.09281109,-40.6375,-12.6375,-45.600002,sitting
2033926582500308,-0.5886344,2.7625136,9.179466,-0.013981585,0.24541011,0.09920268,-40.325,-12.3,-45.9625,sitting
2033926602500308,-0.65084773,2.3030918,10.567902,0.37151068,0.053662658,0.07683214,-40.0125,-11.8875,-46.3875,sitting
2033926622500308,-0.57427746,2.0877378,12.129218,0.40133807,0.24114905,0.064048976,-39.7125,-11.5125,-46.7375,sitting
2033926642500308,-0.18185452,2.1260228,11.2959175,0.17550218,0.36365438,0.06191845,-39.3625,-11.212501,-46.850002,sitting
2033926662500308,0.17766708,2.3078775,9.69153,-0.116246894,0.26458487,0.042743705,-39.037502,-10.9875,-47.037502,sitting
2033926682500308,0.27337998,2.5232315,8.915657,-0.39734334,0.16551533,0.010785795,-38.7375,-10.6875,-47.287502,sitting
2033926702500308,0.15373886,2.43709,8.781659,-0.5571329,0.07816372,-0.026498433,-38.5125,-10.462501,-47.5875,sitting
2033926722500308,0.024526432,2.1834507,8.595019,-0.5571329,-0.07203846,-0.09134636,-38.3125,-10.3125,-47.787502,sitting
2033926742500308,-0.15314065,1.8532411,8.800801,-0.51984864,-0.15073481,-0.19148114,-38.175,-10.175,-48.037502,sitting
2033926762500308,-0.15314065,1.4841483,9.031111,-0.5592634,-0.078430034,-0.2628538,-38.0625,-10.0125,-48.2125,sitting
2033926782500308,-0.07597212,1.4793626,8.968898,-0.6285055,0.033422645,-0.29161593,-37.9,-9.75,-48.3375,sitting
2033926802500308,-0.26799613,1.6660028,8.63809,-0.6572677,0.12929638,-0.2777675,-37.8,-9.400001,-48.7375,sitting
2033926822500308,-0.37806597,1.9202402,8.685946,-0.5944171,0.20279956,-0.20000325,-37.6875,-8.9125,-48.9375,sitting
2033926842500308,-0.5455636,2.288735,9.165109,-0.47404233,0.26671538,-0.07430214,-37.575,-8.45,-49.287502,sitting
2033926862500308,-1.1246266,2.4562325,10.137193,-0.3154512,0.33702278,0.03528686,-37.325,-7.9125,-49.4625,sitting
2033926882500308,-1.4841483,2.2839491,10.630115,-0.06511424,0.2635196,0.098137416,-37.0875,-7.3875003,-49.7625,sitting
2033926902500308,-1.474577,1.9010975,10.984252,0.17137429,0.13249217,0.10239847,-36.8125,-6.925,-50.0125,sitting
2033926922500308,-1.2975081,1.5798612,11.554342,0.2660496,0.105860576,0.04167844,-36.537502,-6.5750003,-50.275,sitting
2033926942500308,-0.89013004,1.378864,11.195419,0.22983064,0.16018902,-0.043409493,-36.3,-6.3,-50.6375,sitting
2033926962500308,-0.40677986,1.2496517,10.194621,0.1681785,0.23795326,-0.12330426,-36.0125,-6.0875,-50.8625,sitting
2033926982500308,-0.08075777,1.2161521,9.299107,0.19148114,0.27417222,-0.24261379,-35.7625,-6.0125003,-51.125,sitting
2033927002500308,-0.032901313,1.1539388,8.98804,0.27989802,0.3050649,-0.45460126,-35.55,-6.025,-51.3125,sitting
2033927022500308,0.19680966,0.8859426,9.31825,0.36618438,0.41052598,-0.68136925,-35.45,-6.2125,-51.575,sitting
2033927042500308,0.66101724,0.5982057,9.232108,0.4620581,0.52011496,-0.8315714,-35.325,-6.5,-51.75,sitting
2033927062500308,0.6897311,0.47377887,8.815159,0.57817185,0.48389602,-1.0265146,-35.2625,-7.0,-51.9,sitting
2033927082500308,0.06281159,0.37806597,8.671589,0.4886897,0.4689823,-1.2713921,-35.2125,-7.55,-52.225002,sitting
2033927102500308,0.010169496,0.22013968,9.107681,0.12343743,0.53502864,-1.4716617,-35.1875,-8.3125,-52.625,sitting
2033927122500308,0.1058824,0.526421,8.398808,-0.2685796,0.5137234,-1.6026891,-35.1375,-9.2,-53.15,sitting
2033927142500308,-0.43070808,1.1060823,7.920243,-0.5241097,0.5595297,-1.6026891,-35.075,-10.1875,-53.787502,sitting
2033927162500308,-1.1970096,1.541576,8.413164,-0.58909076,0.6436856,-1.4237249,-35.0125,-11.225,-54.3625,sitting
2033927182500308,-2.0919251,2.0494525,8.709874,-0.488956,0.60320556,-1.16167,-34.912502,-12.25,-55.075,sitting
2033927202500308,-3.394817,2.2839491,9.509675,-0.38029912,0.5073318,-0.99562204,-34.8,-13.212501,-55.875,sitting
2033927222500308,-4.165306,2.2025933,10.204192,-0.47084653,0.4689823,-1.0957568,-34.65,-14.0125,-56.6875,sitting
2033927242500308,-3.935595,2.044667,10.079765,-0.80960035,0.60533607,-1.2458259,-34.412502,-14.675,-57.5625,sitting
2033927262500308,-2.7625136,1.9872392,8.925228,-1.0214547,0.58296555,-1.0957568,-34.125,-15.125,-58.325,sitting
2033927282500308,-2.8869405,1.5702899,7.541579,-0.8383625,0.31571752,-0.5780387,-33.850002,-15.337501,-59.125,sitting
2033927302500308,-4.682754,0.9625129,8.705089,-0.47404233,0.032357384,-0.12330426,-33.5125,-15.325,-59.8625,sitting
2033927322500308,-5.898906,0.5886344,10.663614,-0.14927007,-0.020905798,-0.055127393,-33.175,-15.1625,-60.6375,sitting
2033927342500308,-4.587041,0.8811569,11.530415,0.088283725,0.056858446,-0.1254348,-32.8875,-14.925,-61.325,sitting
2033927362500308,-3.0257242,0.85244304,11.176276,0.17656745,0.19747324,-0.062584236,-32.65,-14.650001,-61.912502,sitting
2033927382500308,-2.652444,0.5694918,10.77847,0.14261217,0.28269434,-0.009454215,-32.3875,-14.3625,-62.45,sitting
2033927402500308,-2.8103702,0.67477596,9.873384,0.1447427,0.30613014,-0.063649505,-32.15,-14.125,-62.9,sitting
2033927422500308,-2.7481568,0.28713873,9.169894,0.13089427,0.36045858,-0.15632744,-31.925001,-13.975,-63.2125,sitting
2033927442500308,-2.6333013,0.0526421,9.476176,0.039281595,0.51798445,-0.24794011,-31.6875,-13.962501,-63.3625,sitting
2033927462500308,-2.4849463,0.11964113,8.968898,-0.07896267,0.6628603,-0.2894854,-31.45,-14.0125,-63.537502,sitting
2033927482500308,-2.705086,0.26799613,8.4705925,-0.024634222,0.7299719,-0.29161593,-31.15,-14.2,-63.7625,sitting
2033927502500308,-3.1310084,0.5024927,8.571091,0.13409007,0.65007716,-0.26072326,-30.737501,-14.400001,-63.9875,sitting
2033927522500308,-3.3086755,0.59342,9.758529,0.11385005,0.37324175,-0.20532957,-30.225,-14.625,-64.137505,sitting
2033927542500308,-3.5240295,0.42592242,10.285548,0.06058687,0.07603319,-0.16271903,-29.6375,-14.9125,-64.325005,sitting
2033927562500308,-3.7537405,0.45942193,9.87817,0.13728586,-0.043276336,-0.13502216,-29.15,-15.175,-64.3625,sitting
2033927582500308,-3.7537405,0.51206404,10.055838,0.15752587,-0.11771163,-0.07962846,-28.7,-15.525001,-64.5375,sitting
2033927602500308,-3.7010984,0.5455636,10.031909,0.01691106,-0.3296991,0.016112113,-28.362501,-15.7625,-64.825005,sitting
2033927622500308,-3.9978085,0.66041905,9.567103,-0.1013332,-0.6608629,0.106659524,-28.125,-16.0375,-64.9625,sitting
2033927642500308,-4.2275195,0.8237292,9.275179,-0.13755217,-1.0230526,0.19614168,-28.025,-16.300001,-64.9,sitting
2033927662500308,-4.1988053,0.8237292,9.954741,-0.06191845,-1.3073448,0.2802975,-28.2125,-16.475,-64.65,sitting
2033927682500308,-4.338187,0.7328019,10.491331,0.1893506,-1.5289197,0.38469332,-28.7,-16.675001,-64.450005,sitting
2033927702500308,-4.290331,0.71365935,11.12842,0.4301002,-1.9112161,0.54967606,-29.425001,-16.7875,-64.1125,sitting
2033927722500308,-4.3238306,0.75673014,11.989836,0.53130025,-2.4234748,0.7499456,-30.4125,-16.8875,-63.600002,sitting
2033927742500308,-4.6396832,0.75673014,12.2584305,0.62291294,-2.8750134,0.92358357,-31.7125,-16.9,-62.787502,sitting
2033927762500308,-4.759324,1.0055838,12.047264,0.7538072,-3.0816746,1.0365015,-33.287502,-16.9,-61.65,sitting
2033927782500308,-4.362116,1.2640085,11.965908,0.8720515,-3.0379987,1.1333073,-35.175,-16.875,-60.0625,sitting
2033927802500308,-3.906881,1.1778669,11.525628,0.837963,-2.6130917,1.2440947,-37.325,-16.800001,-58.2375,sitting
2033927822500308,-3.4761732,1.3692927,10.630115,0.7708514,-1.9133466,1.2643348,-39.45,-16.8125,-56.2375,sitting
2033927842500308,-2.8199415,1.1108679,8.4705925,0.80387455,-1.2242543,1.2121369,-41.537502,-16.7,-53.8625,sitting
2033927862500308,-1.2640085,0.90508515,7.4123664,0.8315714,-0.725844,1.1972232,-43.5625,-16.575,-51.3625,sitting
2033927882500308,0.048454657,0.91465646,7.3692956,0.7143924,-0.45966128,1.10348,-45.287502,-16.3875,-48.9875,sitting
2033927902500308,1.0636097,1.0103694,7.3118677,0.46312338,-0.29241487,0.9246488,-46.7375,-16.050001,-46.675,sitting
2033927922500308,2.2031915,0.96729857,6.7561345,0.1925464,-0.19867167,0.72757506,-47.8,-15.675,-44.5,sitting
2033927942500308,3.0652058,0.9385847,6.4402823,-0.09494162,-0.19973694,0.47417548,-48.537502,-15.25,-42.875,sitting
2033927962500308,3.505485,0.77587277,6.818348,-0.31332067,-0.2711096,0.0011984216,-48.912502,-14.8125,-41.537502,sitting
2033927982500308,3.9840498,0.3397808,7.2352977,-0.33675647,-0.13369058,-0.56006235,-49.15,-14.325,-40.325,sitting
2033928002500308,5.239085,-0.40737805,8.063812,-0.21957746,0.29121643,-0.9061399,-49.25,-13.962501,-39.5625,sitting
2033928022500308,5.8803616,-0.5461618,8.786445,-0.051265813,0.55313814,-1.0808431,-49.3,-13.7,-39.05,sitting
2033928042500308,5.061418,-0.09571291,9.390035,0.05419529,0.6628603,-1.1307774,-49.325,-13.650001,-38.662502,sitting
2033928062500308,4.0510488,0.44506502,10.33819,0.09147952,0.8215846,-1.1126679,-49.287502,-13.900001,-38.6375,sitting
2033928082500308,2.629114,0.8428718,10.30469,0.1532648,1.0835062,-1.186171,-49.275,-14.4125,-38.7375,sitting
2033928102500308,1.6235301,1.1587243,9.84467,0.356597,1.1708579,-1.1872363,-49.1375,-15.125,-38.8375,sitting
2033928122500308,1.1928221,1.5894325,9.772886,0.44820967,0.93024147,-1.1371689,-48.925,-16.075,-39.037502,sitting
2033928142500308,0.2015953,2.2504497,10.768898,0.3097254,0.5020055,-0.97964305,-48.575,-17.35,-39.475002,sitting
2033928162500308,-0.6412765,2.2648067,10.587044,0.058456343,0.52437603,-0.87737775,-48.100002,-18.800001,-39.875,sitting
2033928182500308,-1.527219,2.652444,10.060623,0.0051931604,0.5392897,-0.7388935,-47.5125,-20.25,-40.3375,sitting
2033928202500308,-1.1294123,2.475375,7.886145,0.03502054,0.4487423,-0.37577176,-46.8375,-21.6,-40.7375,sitting
2033928222500308,-2.0823538,3.1986058,9.045467,-0.12263848,0.5233108,-0.0105194785,-46.0875,-22.8375,-40.975002,sitting
2033928242500308,-2.5663023,3.3900316,8.489735,-0.13435638,0.7800393,0.10879005,-45.3125,-23.9125,-41.2625,sitting
2033928262500308,-2.1780667,3.260819,7.6755767,0.013715269,1.1367694,0.034221593,-44.55,-24.800001,-41.625,sitting
2033928282500308,-0.74177504,2.7529426,7.9680996,-0.011851058,1.3913674,-0.095607415,-43.825,-25.45,-42.0,sitting
2033928302500308,-0.23449662,2.193022,8.059027,-0.14927007,1.5701987,-0.239418,-43.037502,-25.9,-42.525,sitting
2033928322500308,-0.07597212,1.9920249,7.1300135,-0.42717072,1.3476917,-0.33848754,-42.1875,-26.15,-43.2125,sitting
2033928342500308,-0.29671,1.7670995,6.8422766,-0.6125266,1.154879,-0.55793184,-41.25,-26.300001,-43.912502,sitting
2033928362500308,-0.2727818,1.5463617,7.2209406,-0.49321705,0.9897631,-0.6536724,-40.275,-26.3125,-44.8,sitting
2033928382500308,-0.23928227,1.0438689,7.982456,-0.545415,0.35832804,-0.60786605,-39.2625,-26.275,-45.7625,sitting
2033928402500308,-1.5128621,1.8867407,9.753743,-0.59654766,0.13249217,-0.6472808,-38.1875,-26.1875,-46.775,sitting
2033928422500308,-1.0289137,1.8532411,9.91167,-0.49960864,0.42650494,-0.639824,-37.15,-26.1,-47.7625,sitting
2033928442500308,-1.052842,1.3692927,9.586246,-0.53156656,-0.48096654,-0.65047663,-36.162502,-26.075,-48.8125,sitting
2033928462500308,-1.3070793,1.1778669,9.370892,-0.8266446,-2.1338563,-0.3629886,-35.325,-25.9,-49.6125,sitting
2033928482500308,-1.7186449,1.3453646,11.468201,-0.719053,-0.9463536,-0.39601177,-34.9375,-25.6625,-50.1375,sitting
2033928502500308,-3.7250266,2.0685952,13.823935,-0.30586383,-0.9772462,-0.62597555,-34.825,-25.425001,-50.5,sitting
2033928522500308,-0.9284152,0.69930243,8.092526,-0.4335623,-1.3467596,-0.34807488,-34.9875,-25.25,-50.7,sitting
2033928542500308,-1.7473587,1.16351,11.530415,-0.68070346,-1.3669996,-0.038083173,-35.412502,-25.0125,-50.787502,sitting
2033928562500308,-2.8438697,1.6947167,9.351749,-0.6562024,-1.518267,0.07896267,-36.175,-24.8125,-50.7375,sitting
2033928582500308,-2.1684954,1.326222,9.0646105,-0.3930823,-1.2913659,0.05978792,-37.1375,-24.487501,-50.4625,sitting
2033928602500308,-1.7521443,0.44985065,9.787243,0.04034686,-0.35206965,0.07789741,-38.3875,-24.0625,-49.975002,sitting
2033928622500308,-1.326222,0.4019942,11.578271,0.049934234,0.3508712,-0.011584742,-39.675,-23.75,-49.4375,sitting
2033928642500308,-1.2687942,1.230509,11.492129,0.09147952,0.8950878,-0.15100113,-40.600002,-23.45,-49.0875,sitting
2033928662500308,0.12981063,0.047856454,9.299107,0.34381384,1.3796495,-0.14674006,-41.3875,-23.2125,-48.8125,sitting
2033928682500308,-0.2105684,-0.58923256,10.232906,0.59521604,1.7033565,-0.023302643,-41.9,-23.0125,-48.55,sitting
2033928702500308,-0.42592242,0.2105684,11.429915,0.8858999,1.7555544,0.055526868,-42.037502,-22.987501,-48.45,sitting
2033928722500308,-1.0241281,1.1252248,11.621342,0.955142,1.4851106,-0.0519316,-41.775,-23.0125,-48.575,sitting
2033928742500308,-0.30149564,0.90508515,11.45863,0.69854665,0.88550043,-0.2127864,-41.1375,-23.3375,-48.850002,sitting
2033928762500308,0.23988047,0.51206404,9.677173,0.23515695,0.277368,-0.35446647,-40.0875,-23.85,-49.3125,sitting
2033928782500308,-0.18185452,0.5168497,8.360522,-0.5390234,-0.040080544,-0.57178026,-38.975002,-24.425001,-49.875,sitting
2033928802500308,-0.44506502,0.76630145,6.526424,-1.5411701,-0.31372014,-0.84222406,-37.9,-25.0875,-50.350002,sitting
2033928822500308,-0.49292147,0.71365935,3.112464,-2.0747342,-4.5577307,-0.7878956,-36.912502,-25.575,-50.912502,sitting
2033928842500308,-0.33499518,0.8141579,0.87158567,-1.3389032,-4.706867,0.057657395,-36.55,-25.85,-51.2125,sitting
2033928862500308,-3.78724,1.7575282,21.887747,0.61865187,-1.7301213,0.4997418,-36.9875,-25.85,-51.0875,sitting
2033928882500308,-6.248258,2.1690936,8.949755,0.8592683,-0.11771163,0.2739059,-37.9375,-25.7125,-50.412502,sitting
2033928902500308,-2.9922247,0.33020952,18.04248,0.45140547,0.88976145,0.020373167,-39.1125,-25.45,-49.75,sitting
2033928922500308,1.4081762,-2.7583263,6.7322063,0.32783487,0.49774444,-0.12863058,-40.4,-25.1375,-49.0,sitting
2033928942500308,2.5094728,-1.4608182,8.216953,0.15965639,-0.12410321,-0.10199899,-41.6375,-24.825,-48.287502,sitting
2033928962500308,0.6562316,1.1491531,10.175478,-0.10452899,-0.28921908,-0.02862896,-42.9375,-24.4375,-47.600002,sitting
2033928982500308,-0.72263247,1.5128621,9.47139,-0.27603644,-0.14540848,0.044874232,-44.225002,-24.15,-46.75,sitting
2033929002500308,-0.5024927,1.2400804,9.045467,-0.26325327,0.104795314,0.084288985,-45.0625,-24.1,-46.225002,sitting
2033929022500308,0.12023934,0.9098708,9.045467,-0.052331075,0.19427745,0.031025803,-45.2625,-24.15,-45.9625,sitting
2033929042500308,0.39780676,0.3493521,9.600603,0.1532648,-0.0070573715,-0.029694224,-45.162502,-24.25,-46.0125,sitting
2033929062500308,0.20638095,-0.06699903,10.472188,0.15433007,-0.17097482,-0.021172116,-45.0875,-24.4,-46.162502,sitting
2033929082500308,-0.21535404,-0.033499517,10.811969,0.06058687,-0.069907926,0.0011984216,-45.025,-24.4,-46.1375,sitting
2033929102500308,-0.2009971,0.28235307,9.984053,0.024367906,0.07496793,0.0022636852,-45.075,-24.3375,-46.100002,sitting
2033929122500308,0.19680966,0.5407779,9.3613205,0.0126500055,0.06005424,-0.0073236874,-45.0875,-24.3375,-46.037502,sitting
2033929142500308,0.3068795,0.7088737,9.562318,-0.04167844,-0.02410159,-0.0041278964,-45.05,-24.3375,-46.0,sitting
2033929162500308,0.07238288,0.69930243,9.710672,-0.064048976,-0.07629951,0.010785795,-45.025,-24.325,-45.8875,sitting
2033929182500308,-0.15314065,0.5455636,9.710672,-0.010785795,0.016378429,0.012916322,-45.037502,-24.3125,-45.7625,sitting
2033929202500308,-0.01375873,0.45942193,9.815957,0.041412123,0.07390267,-0.0041278964,-45.0625,-24.2625,-45.7,sitting
2033929222500308,0.22073789,0.37328035,9.859028,0.02543317,-0.015579481,-0.0073236874,-45.0125,-24.2125,-45.600002,sitting
2033929242500308,0.11066805,0.35413775,9.949955,0.0030626329,-0.057124764,-9.321057E-4,-45.025,-24.275,-45.65,sitting
2033929262500308,-0.07597212,0.38763726,9.84467,0.02223738,0.00785632,0.0043942127,-45.0125,-24.275,-45.662502,sitting
2033929282500308,5.9820566E-4,0.47856453,9.787243,0.009454215,0.029161593,0.0043942127,-44.975002,-24.2875,-45.6125,sitting
2033929302500308,0.11545369,0.55034924,9.806385,-0.023568958,0.0035952649,-0.0019973693,-44.9875,-24.300001,-45.675,sitting
2033929322500308,0.11545369,0.52163535,9.701101,-0.016112113,-0.013448954,-0.0030626329,-44.9625,-24.2875,-45.6375,sitting
2033929342500308,0.03888337,0.4977071,9.744172,-0.0043942127,-0.01238369,0.003328949,-44.975002,-24.300001,-45.65,sitting
2033929362500308,5.9820566E-4,0.4881358,9.873384,-0.10346373,0.015313165,0.010785795,-44.975002,-24.35,-45.600002,sitting
2033929382500308,0.06759724,0.4211368,9.839885,-0.29308066,-0.0326237,0.017177377,-44.9875,-24.3375,-45.5875,sitting
2033929402500308,0.06759724,0.35413775,9.500104,-0.23981747,-0.0017310535,0.085354246,-45.0,-24.225,-45.6125,sitting
2033929422500308,0.12023934,0.67477596,9.212965,-0.062983714,0.1900164,0.24194801,-45.025,-24.1375,-45.675,sitting
2033929442500308,-0.01375873,1.0103694,9.945169,0.02223738,0.1431448,0.30799434,-45.0625,-24.025,-45.9,sitting
2033929462500308,0.1058824,0.78065836,10.060623,-0.024634222,0.045140546,0.26112276,-45.1125,-23.862501,-46.0,sitting
2033929482500308,0.5509474,0.28235307,10.232906,0.019041587,0.024900537,0.1833585,-45.1875,-23.7,-46.125,sitting
2033929502500308,0.42652065,0.148355,9.753743,0.08295741,0.07603319,0.16098797,-45.2,-23.5,-46.3,sitting
2033929522500308,0.2015953,0.11485548,10.1084795,0.08082688,0.12290479,0.18975009,-45.225002,-23.3125,-46.4875,sitting
2033929542500308,-0.3493521,-0.062213387,9.892527,0.10213215,0.071772136,0.15033533,-45.25,-23.15,-46.662502,sitting
2033929562500308,-0.86141616,-0.148355,9.739387,0.09254478,0.20066904,0.038482647,-45.287502,-23.0125,-46.725002,sitting
2033929582500308,-0.148355,0.062213387,10.07498,0.098936364,0.1431448,-0.0105194785,-45.287502,-22.862501,-46.7625,sitting
2033929602500308,0.47916272,0.26799613,9.490533,0.2042643,-0.21145484,-0.02862896,-45.2625,-22.7875,-46.6375,sitting
2033929622500308,-0.31106696,0.42592242,9.973883,0.14261217,-0.12410321,-0.15419692,-45.2375,-22.7625,-46.5625,sitting
2033929642500308,-0.3684947,0.5407779,10.6205435,0.021172116,-0.069907926,-0.30866015,-45.2,-22.7875,-46.5125,sitting
2033929662500308,0.3930211,0.38763726,9.332606,-0.023568958,-0.039015282,-0.30226856,-45.2,-22.9,-46.425,sitting
2033929682500308,0.6562316,0.71365935,9.480962,-0.050200548,0.06857634,-0.19787273,-45.175,-23.0,-46.3875,sitting
2033929702500308,0.34037903,0.799801,9.567103,-0.07789741,0.062184766,-0.17337166,-45.0875,-23.175001,-46.2625,sitting
2033929722500308,0.04366901,0.7328019,9.557532,-0.07789741,0.10266478,-0.24048327,-45.0125,-23.362501,-46.175,sitting
2033929742500308,0.014955142,0.6125626,9.748958,-0.07044056,0.070706874,-0.33103067,-44.9875,-23.5875,-46.0875,sitting
2033929762500308,-0.052043892,0.57906306,9.715458,-0.084288985,-0.051798444,-0.36405385,-44.9625,-23.7625,-45.9875,sitting
2033929782500308,-0.13878371,0.47377887,9.902099,-0.028895276,-0.2828275,-0.24261379,-44.912502,-24.0,-45.9875,sitting
2033929802500308,-0.7322037,0.22013968,9.849456,0.03502054,-0.52677286,0.015046849,-44.8375,-24.1875,-46.075,sitting
2033929822500308,-1.3884354,0.24885355,10.342976,0.11065426,-0.31585068,0.13116059,-44.825,-24.35,-46.037502,sitting
2033929842500308,-1.230509,0.22971097,10.443475,0.21917799,0.07709846,0.08322372,-44.850002,-24.550001,-45.9375,sitting
2033929862500308,0.48394838,0.18185452,9.825528,0.18722008,0.1697764,0.03635212,-44.9,-24.6625,-45.8125,sitting
2033929882500308,1.154537,0.35413775,9.677173,0.064847924,0.14101428,-0.009454215,-44.9625,-24.737501,-45.787502,sitting
2033929902500308,0.89072824,0.5024927,9.528818,0.014780533,0.04620581,-0.048735812,-44.95,-24.862501,-45.8,sitting
2033929922500308,0.3068795,0.6795616,9.375677,-0.028895276,-0.028362645,-0.058323186,-44.9875,-24.925001,-45.8625,sitting
2033929942500308,-0.08075777,0.80937225,9.787243,-0.11411637,-0.092278466,-0.015845796,-44.9875,-25.0,-45.825,sitting
2033929962500308,-0.29192436,0.81894356,9.638887,-0.13329111,-0.049667917,0.044874232,-45.0625,-25.050001,-45.675,sitting
2033929982500308,-0.3062813,0.8045866,9.567103,-0.09387636,0.04833634,0.044874232,-45.075,-25.075,-45.662502,sitting
2033930002500308,-0.061615184,0.71365935,9.701101,-0.050200548,0.05472792,-0.019041587,-45.0875,-25.0375,-45.625,sitting
2033930022500308,0.30209386,0.40677986,9.748958,0.0019973693,-0.016644744,-0.03701791,-45.075,-25.025,-45.65,sitting
2033930042500308,0.38344982,0.17228323,9.984053,0.065913185,0.013182637,0.008655267,-45.037502,-25.1,-45.675,sitting
2033930062500308,0.07238288,0.16271193,10.256834,0.11598058,0.0067910557,0.012916322,-45.05,-25.050001,-45.675,sitting
2033930082500308,-0.21535404,0.30149564,9.882956,0.042477388,-0.031558435,-0.0019973693,-45.037502,-25.0625,-45.65,sitting
2033930102500308,-0.071186475,0.5168497,10.051051,-0.023568958,0.009986847,-0.0051931604,-45.05,-25.050001,-45.5,sitting
2033930122500308,0.053240303,0.5599205,9.5048895,-0.01824264,-0.017710008,1.3315796E-4,-45.05,-25.050001,-45.5125,sitting
2033930142500308,0.048454657,0.66041905,9.567103,-0.04061318,0.012117374,0.003328949,-45.05,-25.0375,-45.525,sitting
2033930162500308,0.07238288,0.6891329,9.854242,-0.042743705,0.016378429,-0.0041278964,-45.037502,-25.075,-45.525,sitting
2033930182500308,0.11066805,0.56470615,9.634102,-0.034221593,0.017443692,-0.011584742,-45.037502,-25.0875,-45.55,sitting
2033930202500308,0.10109676,0.4833502,9.882956,-0.0043942127,-0.030493172,-0.0030626329,-45.0625,-25.0875,-45.5125,sitting
2033930222500308,-0.018544376,0.3397808,9.772886,0.047803707,-0.033688962,0.011851058,-45.037502,-25.0625,-45.475002,sitting
2033930242500308,-0.05682954,0.33499518,10.070194,0.06058687,0.0259658,0.00972053,-45.037502,-25.1,-45.5125,sitting
2033930262500308,0.08673982,0.39720857,9.921241,0.02543317,0.0259658,-9.321057E-4,-45.0875,-25.1,-45.65,sitting
2033930282500308,0.23509483,0.49292147,9.7681,-0.03528686,-0.11451584,0.098137416,-45.0625,-25.075,-45.6875,sitting
2033930302500308,0.15373886,0.56470615,9.6580305,-0.2483396,0.08349004,0.27816698,-45.075,-25.112501,-45.6375,sitting
2033930322500308,0.18245272,1.9345971,9.921241,-0.35806173,0.28269434,0.51345706,-45.0875,-25.025,-45.662502,sitting
2033930342500308,-0.07597212,0.933799,8.350951,-0.060853187,0.0259658,0.840493,-45.15,-24.95,-45.7625,sitting
2033930362500308,-0.6556334,0.11964113,9.466604,0.23515695,0.12077426,1.2323769,-45.225002,-24.7125,-45.825,sitting
2033930382500308,-0.971486,-0.23928227,11.3677025,0.24794011,0.15592797,1.5679349,-45.275,-24.4375,-45.925,sitting
2033930402500308,-1.7856439,-0.10049855,10.462617,0.15433007,0.047271073,1.807486,-45.4,-23.9125,-45.9375,sitting
2033930422500308,-1.5559329,0.0526421,9.935597,0.19574219,0.012117374,1.9353178,-45.475002,-23.2875,-46.0,sitting
2033930442500308,-1.4554343,0.3397808,9.677173,0.24048327,0.013182637,1.9555577,-45.6375,-22.3375,-46.1375,sitting
2033930462500308,-0.9762716,0.63170516,10.118051,0.19148114,0.03448791,1.9257303,-45.8,-21.225,-46.2625,sitting
2033930482500308,-0.3397808,0.5982057,9.902099,0.15433007,0.06751108,1.8714019,-45.912502,-20.0125,-46.3,sitting
2033930502500308,0.13938192,0.4546363,9.562318,0.15539533,0.123970054,1.7488966,-46.0125,-18.625,-46.2625,sitting
2033930522500308,0.421735,0.44985065,9.662816,0.11171953,0.21984379,1.5498254,-46.1125,-17.1875,-46.275,sitting
2033930542500308,0.7328019,0.4019942,9.725029,0.03502054,0.31465223,1.2717916,-46.2375,-15.7,-46.287502,sitting
2033930562500308,0.85244304,0.47377887,9.466604,-0.008655267,0.22090904,0.9022783,-46.2,-14.2625,-46.3625,sitting
2033930582500308,0.99661064,0.66999036,9.39482,-0.0896153,0.037683703,0.54008865,-46.125,-12.837501,-46.3875,sitting
2033930602500308,1.4177474,0.65084773,9.811171,-0.23981747,0.15166691,0.21212062,-45.9875,-11.6375,-46.3875,sitting
2033930622500308,1.7144574,0.64606214,9.653245,-0.33143014,0.25925854,-0.12863058,-45.8375,-10.5625,-46.537502,sitting
2033930642500308,1.6474584,0.46899325,9.078967,-0.11198584,0.051532127,-0.42051283,-45.7,-9.625,-46.775,sitting
2033930662500308,1.3698909,-0.35473597,9.480962,0.1330248,-0.16245271,-0.5270392,-45.5,-8.875,-47.05,sitting
2033930682500308,0.503091,-0.3062813,10.984252,0.07869635,-0.26152223,-0.4151865,-45.3,-8.375,-47.225002,sitting
2033930702500308,-0.26799613,-0.11964113,10.711471,0.027563697,-0.050733183,-0.23409168,-45.175,-8.0625,-47.4,sitting
2033930722500308,-0.41156548,0.08135597,9.734601,0.09361004,0.11225215,-0.103064254,-45.162502,-7.9125,-47.5125,sitting
2033930742500308,-0.44985065,0.69930243,9.442677,0.011584742,0.03981423,0.0011984216,-45.1875,-7.875,-47.6375,sitting
2033930762500308,-0.28235307,1.0007981,9.91167,-0.07683214,-0.058190025,0.055526868,-45.225002,-8.0,-47.600002,sitting
2033930782500308,-0.6125626,0.8859426,9.466604,-0.025699485,-0.05392897,0.0011984216,-45.2375,-8.1125,-47.662502,sitting
2033930802500308,-0.4354937,0.69930243,9.69153,0.042477388,0.04620581,-0.02223738,-45.287502,-8.275001,-47.5625,sitting
2033930822500308,0.29252258,0.33499518,9.984053,0.038216334,0.0046605286,0.021438431,-45.3625,-8.400001,-47.525,sitting
2033930842500308,0.12502499,0.34456646,9.892527,-0.016112113,-0.03581949,0.008655267,-45.45,-8.5125,-47.537502,sitting
2033930862500308,-0.25842485,0.64606214,9.835099,-0.032091066,0.018508956,-0.019041587,-45.45,-8.5625,-47.425,sitting
2033930882500308,0.091525465,0.6125626,9.619745,-0.019307904,0.030226856,0.0075900033,-45.4375,-8.587501,-47.3625,sitting
2033930902500308,0.15373886,0.5694918,9.696316,0.011584742,-0.002796317,0.015046849,-45.4375,-8.575,-47.375,sitting
2033930922500308,-0.15792629,0.5024927,9.820743,0.029694224,-0.043276336,0.0022636852,-45.4375,-8.5125,-47.4625,sitting
2033930942500308,-0.15792629,0.41635114,9.973883,0.024367906,-0.04860265,0.028895276,-45.45,-8.5125,-47.4375,sitting
2033930962500308,-0.15314065,0.43070808,9.873384,0.05526055,0.014247901,0.07683214,-45.4625,-8.5375,-47.412502,sitting
2033930982500308,-0.0951147,0.4833502,9.806385,0.06910898,-0.008122635,0.07576688,-45.5125,-8.587501,-47.3,sitting
2033931002500308,-0.16271193,0.57427746,9.839885,0.042477388,-0.04221107,0.02996054,-45.55,-8.575,-47.287502,sitting
2033931022500308,-0.023330022,0.53599226,9.892527,0.02543317,-0.015579481,-0.0019973693,-45.5875,-8.6125,-47.287502,sitting
2033931042500308,0.12502499,0.55034924,9.725029,0.0073236874,0.02277001,-0.0073236874,-45.5875,-8.6125,-47.2125,sitting
2033931062500308,0.16331014,0.63170516,9.7298155,-0.008655267,0.009986847,-0.0019973693,-45.5625,-8.6375,-47.125,sitting
2033931082500308,0.03888337,0.6795616,9.648459,-0.049135286,-0.033688962,0.0043942127,-45.5875,-8.6625,-47.1125,sitting
2033931102500308,-0.11485548,0.7328019,9.744172,-0.054461602,-0.009187899,0.0022636852,-45.5625,-8.675,-47.075,sitting
2033931122500308,-0.066400826,0.61734825,9.672387,0.0030626329,0.047271073,-9.321057E-4,-45.55,-8.675,-47.125,sitting
2033931142500308,0.11545369,0.52163535,9.763314,0.08295741,0.23582274,0.02996054,-45.5125,-8.650001,-47.100002,sitting
2033931162500308,0.15373886,0.44027936,9.949955,0.09680583,0.044075284,0.00972053,-45.4625,-8.675,-47.075,sitting
2033931182500308,-0.13399807,0.3493521,9.7298155,0.07443529,0.09946899,-0.06897582,-45.4,-8.650001,-47.037502,sitting
2033931202500308,-0.023330022,0.44506502,10.390832,0.09680583,0.013182637,-0.049801074,-45.375,-8.6625,-47.1125,sitting
2033931222500308,0.029312078,0.44985065,9.562318,0.10745847,0.04620581,0.019307904,-45.350002,-8.7,-47.1375,sitting
2033931242500308,-0.01375873,0.6364908,9.954741,0.064847924,0.11225215,0.05659213,-45.275,-8.7875,-47.1125,sitting
2033931262500308,-0.15314065,0.6269195,9.725029,0.031824753,0.12290479,0.0022636852,-45.2625,-8.8625,-47.100002,sitting
2033931282500308,-0.09990034,0.57427746,9.61496,0.16711323,0.18575534,-0.2543317,-45.1875,-8.95,-47.0875,sitting
2033931302500308,0.33559337,0.3684947,9.701101,0.3885549,0.20386483,-0.42903492,-45.15,-9.0625,-47.1875,sitting
2033931322500308,2.2701905,-0.35473597,10.390832,0.04886897,-0.09440899,-0.48975495,-45.100002,-9.212501,-47.2125,sitting
2033931342500308,0.22073789,0.2727818,10.610972,-0.18229324,-0.21571589,-0.13502216,-45.05,-9.475,-47.325,sitting
2033931362500308,-1.2400804,1.3405789,8.413164,-0.124769,-0.3882886,0.41345546,-45.0125,-9.75,-47.375,sitting
2033931382500308,-3.6867416,2.964109,9.203394,-0.2771017,-0.5342297,0.6562024,-45.0125,-9.962501,-47.3875,sitting
2033931402500308,-3.0879376,2.4275186,9.710672,-0.24194801,-0.26578328,0.5592634,-45.0625,-10.0375,-47.350002,sitting
2033931422500308,-1.1778669,0.9912268,9.648459,-0.0022636852,-0.2125201,0.1364869,-45.1125,-9.9875,-47.2125,sitting
2033931442500308,1.1880364,-0.53659046,9.782457,0.14048164,-0.17843166,-0.1573927,-45.2125,-9.900001,-47.0875,sitting
2033931462500308,2.4424736,-0.90029955,10.811969,0.03715107,-0.099735305,-0.20000325,-45.275,-9.8125,-46.8375,sitting
2033931482500308,1.4608182,0.08135597,10.046266,-0.107724786,-0.06458161,-0.09028109,-45.4375,-9.7,-46.7,sitting
2033931502500308,0.80937225,0.78065836,9.294321,-0.17590165,-0.031558435,0.020373167,-45.662502,-9.4875,-46.5,sitting
2033931522500308,0.17766708,1.0582259,9.208179,-0.13755217,0.033422645,0.08322372,-45.8375,-9.25,-46.287502,sitting
2033931542500308,-0.023330022,1.0199406,9.495318,-0.1130511,0.12716585,0.11411637,-46.0125,-8.9875,-46.162502,sitting
2033931562500308,0.19202402,0.799801,9.815957,-0.124769,0.2283659,0.1279648,-46.1375,-8.8,-46.075,sitting
2033931582500308,0.43130627,0.59342,9.672387,-0.08748478,0.430766,0.10452899,-46.2,-8.712501,-46.025,sitting
2033931602500308,0.61794645,0.56470615,9.624531,-0.010785795,0.30826068,0.13222586,-46.225002,-8.650001,-46.05,sitting
2033931622500308,0.39780676,0.4833502,9.667602,0.065913185,0.18575534,0.22703432,-46.2,-8.55,-46.2,sitting
2033931642500308,-0.40677986,0.35413775,10.386046,0.11598058,0.15060164,0.29627645,-46.0625,-8.375,-46.287502,sitting
2033931662500308,-0.8805587,0.29192436,10.175478,0.16604798,-0.057124764,0.3410175,-45.8875,-8.1875,-46.4375,sitting
2033931682500308,-0.90448695,0.4546363,10.094122,0.15539533,-0.17310534,0.30692908,-45.725002,-8.0125,-46.625,sitting
2033931702500308,-0.86141616,0.59342,10.266405,0.046738442,-0.11025479,0.15672691,-45.55,-7.9,-46.7125,sitting
2033931722500308,-0.018544376,0.4881358,9.863813,-0.03635212,-0.0049268445,-0.054062128,-45.412502,-7.775,-46.8625,sitting
2033931742500308,0.8237292,0.41635114,9.313464,-0.034221593,-0.04114581,-0.20319904,-45.3125,-7.675,-47.0,sitting
2033931762500308,1.2646067,0.31106696,9.433105,-0.021438431,-0.039015282,-0.19467694,-45.2375,-7.6,-47.100002,sitting
2033931782500308,0.7088737,0.4642076,9.854242,-0.028895276,-0.12197269,-0.10839058,-45.225002,-7.5625,-47.1375,sitting
2033931802500308,-0.2727818,0.7423732,9.787243,0.0126500055,-0.12410321,-0.0519316,-45.2375,-7.5625,-47.1375,sitting
2033931822500308,-0.57906306,0.6652047,9.882956,0.097871095,-0.18908429,-0.058323186,-45.3125,-7.5875,-47.0875,sitting
2033931842500308,-0.47377887,0.41635114,9.973883,0.13195953,-0.1741706,-0.14354427,-45.3875,-7.625,-47.0625,sitting
2033931862500308,-0.17706887,0.31585258,10.266405,0.12769848,-0.15819165,-0.5653887,-45.4875,-7.7000003,-46.9875,sitting
2033931882500308,0.23030917,0.22013968,9.91167,0.15752587,-0.06245108,-0.70800084,-45.600002,-7.8250003,-46.975002,sitting
2033931902500308,3.4097722,-0.53180486,9.624531,0.1681785,0.041944757,-0.3065296,-45.662502,-8.0125,-46.8625,sitting
2033931922500308,0.33559337,1.4171492,9.815957,0.09147952,0.037683703,0.13329111,-45.7625,-8.3125,-46.8125,sitting
2033931942500308,-1.933999,1.9202402,9.744172,-0.074701615,0.22090904,0.2366217,-45.850002,-8.587501,-46.7,sitting
2033931962500308,-1.4315062,1.1682956,9.5048895,-0.16631429,0.22410484,0.2483396,-45.912502,-8.875,-46.575,sitting
2033931982500308,-0.15792629,0.8668,8.805588,-0.26431856,0.45939493,0.2707101,-45.975002,-9.1125,-46.525,sitting
2033932002500308,0.053240303,0.9912268,9.557532,-0.29095012,0.4402202,0.18868482,-45.95,-9.25,-46.5125,sitting
2033932022500308,-0.30149564,0.799801,9.107681,-0.025699485,0.07603319,-0.015845796,-45.875,-9.3125,-46.7125,sitting
2033932042500308,0.45044887,0.09571291,9.863813,0.1681785,-0.040080544,-0.082824245,-45.7,-9.2875,-46.7375,sitting
2033932062500308,0.5940182,0.15792629,11.353345,0.15433007,0.06644582,-0.009454215,-45.525,-9.225,-46.925,sitting
2033932082500308,-0.4642076,0.55513483,10.319048,0.021172116,0.13675322,0.03635212,-45.3375,-9.0625,-46.9875,sitting
2033932102500308,-0.5312066,0.799801,9.892527,-0.11518163,0.15699323,0.09387636,-45.15,-8.9125,-47.162502,sitting
2033932122500308,-0.1052842,0.8380861,9.279964,-0.11944269,0.12929638,0.107724786,-44.95,-8.75,-47.275,sitting
2033932142500308,-0.41156548,0.85244304,9.222537,-0.09281109,-0.0038615807,0.00652474,-44.7375,-8.6375,-47.4375,sitting
2033932162500308,-0.07597212,0.34456646,9.6580305,-0.024634222,-0.1038632,-0.12436953,-44.5625,-8.575,-47.525,sitting
2033932182500308,0.86201435,0.18664017,9.964312,0.039281595,-0.080560565,-0.2042643,-44.4375,-8.5375,-47.475002,sitting
2033932202500308,1.0779666,0.40677986,9.945169,0.17443693,0.06431529,-0.36724964,-44.3625,-8.55,-47.4875,sitting
2033932222500308,0.37387854,0.42592242,10.046266,0.42370862,0.29441223,-0.7591335,-44.3875,-8.575,-47.55,sitting
2033932242500308,0.61794645,0.15792629,10.438689,0.65380555,0.20066904,-0.8858999,-44.3875,-8.6625,-47.625,sitting
2033932262500308,1.5756737,0.40677986,10.457831,0.6697845,0.06964161,-0.74635035,-44.3,-8.9125,-47.6125,sitting
2033932282500308,-0.42592242,1.7814565,10.811969,0.514256,-0.0049268445,-0.44820967,-44.275,-9.3625,-47.8125,sitting
2033932302500308,-1.4219348,1.7383857,9.820743,0.25113592,-0.12836426,-0.10412952,-44.275,-9.8875,-48.0625,sitting
2033932322500308,-2.0823538,1.5942181,9.370892,-0.12903006,-0.24234748,0.16844481,-44.287502,-10.575,-48.025,sitting
2033932342500308,-2.0153549,1.1587243,8.944969,-0.448476,-0.25193486,0.33036488,-44.3,-11.2625,-48.350002,sitting
2033932362500308,-1.7042879,0.94337034,8.336594,-0.585895,-0.17949693,0.45819652,-44.3375,-11.925,-48.412502,sitting
2033932382500308,-0.93320084,0.7615158,8.571091,-0.66685504,-0.3062633,0.7062698,-44.3375,-12.375,-48.5,sitting
2033932402500308,-0.7704889,0.98644114,9.179466,-0.8554067,-0.39894122,0.9843036,-44.350002,-12.55,-48.4625,sitting
2033932422500308,-1.6660028,1.0295119,9.595817,-1.0406294,-0.4032023,1.1940274,-44.475002,-12.462501,-48.575,sitting
2033932442500308,-1.3453646,1.0055838,9.011969,-0.9852357,-0.40426755,1.3282506,-44.55,-11.925,-48.4375,sitting
2033932462500308,-0.8422736,1.1778669,8.85823,-0.8351667,-0.18375798,1.2089411,-44.662502,-11.0125,-48.162502,sitting
2033932482500308,0.091525465,1.1539388,10.285548,-0.7350319,-0.054994237,0.8820383,-44.7125,-9.7625,-48.15,sitting
2033932502500308,1.2167503,-0.14356937,9.744172,-0.40799597,-0.051798444,0.496546,-44.75,-8.3625,-47.7625,sitting
2033932522500308,1.6091732,-1.5613167,9.820743,0.12237216,0.07603319,0.08109319,-44.775,-6.8375,-47.525,sitting
2033932542500308,2.1314068,-1.8484555,11.171491,0.58882445,0.09840373,-0.24794011,-44.775,-5.425,-47.2125,sitting
2033932562500308,2.1744776,-1.9345971,11.630913,0.65380555,0.0962732,-0.30013803,-44.7625,-4.1875,-47.0125,sitting
2033932582500308,1.3842479,-1.2831511,11.568699,0.4183823,0.07922898,-0.122239,-44.7375,-3.25,-46.725002,sitting
2033932602500308,0.43130627,-0.0047856453,10.003195,0.129829,0.09520794,0.086419515,-44.7625,-2.625,-46.600002,sitting
2033932622500308,-0.42592242,0.94337034,9.122038,-0.062983714,0.22090904,0.19081534,-44.7375,-2.325,-46.4625,sitting
2033932642500308,-0.4211368,0.9242278,8.733803,-0.016112113,0.3487407,0.18975009,-44.7125,-2.2250001,-46.425,sitting
2033932662500308,0.1585245,0.3397808,8.853444,0.14048164,0.3977428,0.13755217,-44.662502,-2.2250001,-46.537502,sitting
2033932682500308,0.7902297,0.033499517,9.811171,0.04354265,0.2134522,0.045939494,-44.575,-2.4125001,-46.787502,sitting
2033932702500308,0.8333005,-0.28713873,10.563115,-0.08215846,0.016378429,0.04807002,-44.4625,-2.6375,-47.1875,sitting
2033932722500308,-0.52163535,0.02871387,9.533604,-0.0075900033,-0.16032217,0.12050795,-44.350002,-2.8875,-47.5125,sitting
2033932742500308,-1.2927225,0.40677986,9.782457,0.0105194785,-0.18482324,0.11518163,-44.2625,-2.95,-47.7625,sitting
2033932762500308,-1.105484,0.9720842,10.357333,-0.15885743,-0.0038615807,0.028895276,-44.1375,-2.9125001,-47.9625,sitting
2033932782500308,0.019740786,0.7471589,9.811171,-0.26325327,0.12610058,-0.04447476,-44.037502,-2.8375,-48.2625,sitting
2033932802500308,0.8811569,-0.043070808,8.920443,-0.12370374,0.08135951,-0.04554002,-43.95,-2.7375,-48.412502,sitting
2033932822500308,0.72323066,-0.38344982,9.327821,0.08508793,-0.046472125,-0.0030626329,-43.912502,-2.6875,-48.4875,sitting
2033932842500308,-0.19142582,0.033499517,10.505688,0.14048164,-0.06564687,0.023568958,-43.9,-2.625,-48.575,sitting
2033932862500308,-0.59342,0.18185452,10.735399,0.068043716,-0.016644744,-0.0041278964,-43.912502,-2.5875,-48.475002,sitting
2033932882500308,-0.23928227,-0.023928227,10.027123,0.008388951,0.0046605286,-0.024367906,-43.975002,-2.4875,-48.425,sitting
2033932902500308,0.17766708,0.0047856453,9.509675,-0.012916322,-6.6578976E-4,-0.006258424,-43.9625,-2.425,-48.350002,sitting
2033932922500308,0.13459627,0.2440679,9.586246,-0.05339634,0.029161593,0.010785795,-43.95,-2.3625,-48.325,sitting
2033932942500308,-0.037686955,0.37328035,9.720243,-0.07896267,0.032357384,0.019307904,-43.9625,-2.3375,-48.2625,sitting
2033932962500308,-0.061615184,0.22492532,9.576674,-0.04700476,-0.036884755,0.052331075,-43.9875,-2.3625,-48.275,sitting
2033932982500308,-0.18664017,0.13399807,9.777672,-0.012916322,3.9947388E-4,-0.021172116,-44.025,-2.3375,-48.175,sitting
2033933002500308,-0.3589234,0.21535404,10.070194,0.056325816,0.00785632,0.03528686,-44.037502,-2.3500001,-48.100002,sitting
2033933022500308,0.6131608,-0.40259242,9.8015995,0.064847924,-6.6578976E-4,0.107724786,-43.975002,-2.3375,-48.0,sitting
2033933042500308,-0.45942193,0.3493521,10.228121,-0.05978792,0.04833634,0.037417386,-43.9375,-2.3375,-47.95,sitting
2033933062500308,-0.17706887,0.46899325,9.763314,-0.15672691,0.08668583,0.04061318,-43.95,-2.3,-48.05,sitting
2033933082500308,0.4408776,0.11006984,9.342177,-0.0896153,-0.018775271,0.055526868,-43.95,-2.3125,-48.075,sitting
2033933102500308,-0.24885355,0.0047856453,9.433105,0.065913185,-0.07523424,0.02996054,-43.912502,-2.2625,-48.075,sitting
2033933122500308,-0.37328035,-0.009571291,10.26162,0.13089427,-0.060320552,0.042743705,-43.8875,-2.15,-48.0125,sitting
2033933142500308,-0.08554341,-0.023928227,10.476974,0.07869635,-0.031558435,0.03528686,-43.850002,-2.1375,-48.05,sitting
2033933162500308,-0.16271193,0.0047856453,10.036695,0.0051931604,-0.0070573715,-0.038083173,-43.8375,-2.075,-47.9375,sitting
2033933182500308,0.048454657,0.047856454,9.591031,-0.05872266,0.032357384,-0.0519316,-43.850002,-2.075,-47.925,sitting
2033933202500308,0.53659046,0.2105684,9.524033,-0.07576688,0.02809633,0.0043942127,-43.8625,-2.0625,-47.850002,sitting
2033933222500308,0.081954174,0.23928227,9.509675,-0.016112113,0.002530001,0.023568958,-43.8625,-2.075,-47.7375,sitting
2033933242500308,-0.35413775,0.16749759,9.787243,0.041412123,-0.027297381,0.044874232,-43.850002,-1.9875001,-47.6125,sitting
2033933262500308,-0.23928227,0.08135597,10.118051,0.07550056,-0.12410321,0.18442377,-43.850002,-1.975,-47.45,sitting
2033933282500308,-0.5312066,-0.2105684,10.094122,0.12876374,-0.2327601,0.18229324,-43.8375,-2.0125,-47.4,sitting
2033933302500308,-1.3214363,-0.20578274,9.998409,0.27031064,-0.24660853,-0.114782155,-43.8875,-2.0,-47.25,sitting
2033933322500308,-0.33020952,-0.66101724,10.18505,0.53130025,-0.30519804,-0.42157808,-43.95,-2.0,-47.225002,sitting
2033933342500308,1.2215359,-1.1491531,10.505688,0.71332717,-0.36059174,-0.6153229,-44.0625,-2.0375001,-47.05,sitting
2033933362500308,1.2023934,-0.5509474,11.047064,0.6644582,-0.26045695,-0.72184926,-44.1875,-2.2375,-46.95,sitting
2033933382500308,1.1162517,0.019142581,10.462617,0.49188548,-0.11451584,-0.7356977,-44.3125,-2.5875,-46.725002,sitting
2033933402500308,1.0923235,0.35413775,9.385248,0.3299654,0.10905637,-0.6632598,-44.525,-3.125,-46.575,sitting
2033933422500308,1.0540384,0.6125626,8.978469,0.22024326,0.26884592,-0.4972118,-44.7625,-3.8,-46.3375,sitting
2033933442500308,0.75673014,1.0630114,8.810373,0.086153194,0.19534272,-0.25752747,-44.9875,-4.5,-46.1375,sitting
2033933462500308,-0.07597212,1.7527425,9.122038,-0.105594255,0.052597392,-0.0073236874,-45.1875,-5.275,-45.9625,sitting
2033933482500308,-0.9523434,2.0207388,9.323035,-0.3356912,-0.12303795,0.25473118,-45.350002,-6.0875,-45.8,sitting
2033933502500308,-1.5032908,2.1164517,9.131609,-0.59122133,-0.08162583,0.43476072,-45.4625,-6.775,-45.7125,sitting
2033933522500308,-1.6420746,2.2121646,9.083753,-0.8330362,0.11757848,0.42943442,-45.525,-7.275,-45.662502,sitting
2033933542500308,-0.7322037,1.7330018,8.681161,-1.0033453,0.20599535,0.33143014,-45.525,-7.4375,-45.6375,sitting
2033933562500308,0.34516466,1.1252248,8.585447,-1.0544778,0.26458487,0.18761955,-45.4375,-7.3375,-45.7125,sitting
2033933582500308,0.7423732,0.5599205,9.059825,-0.88949513,0.19960378,-0.09134636,-45.3,-6.975,-45.825,sitting
2033933602500308,0.8859426,-0.53180486,9.653245,-0.3664507,0.10266478,-0.3129212,-45.175,-6.3875003,-45.925,sitting
2033933622500308,1.288535,-2.5094728,10.615758,0.3832286,0.09946899,-0.22556958,-45.0,-5.6875,-46.037502,sitting
2033933642500308,0.933799,-2.3365912,11.645269,0.75806826,-0.023036325,0.03635212,-44.825,-4.9625,-46.162502,sitting
2033933662500308,0.05802595,-0.53659046,12.77528,0.5728455,-0.1038632,0.1279648,-44.7125,-4.35,-46.4,sitting
2033933682500308,-1.119841,0.57906306,11.420344,0.17243955,-0.120907426,0.044874232,-44.600002,-3.825,-46.6125,sitting
2033933702500308,-0.70348984,0.3589234,9.260822,-0.20572904,-0.002796317,0.0043942127,-44.55,-3.55,-46.775,sitting
2033933722500308,-0.0041874396,0.21535404,8.384451,-0.36751595,0.07603319,0.038482647,-44.55,-3.4125001,-46.9375,sitting
2033933742500308,0.2111666,0.11485548,8.178668,-0.2099901,0.04620581,0.057657395,-44.537502,-3.375,-47.05,sitting
2033933762500308,0.096311115,0.033499517,9.09811,0.10106689,-0.027297381,0.04167844,-44.525,-3.4625,-47.100002,sitting
2033933782500308,0.005383851,0.06699903,10.539187,0.26818013,-0.08801741,-0.017976323,-44.55,-3.5625,-47.15,sitting
2033933802500308,-0.124426775,0.023928227,11.137991,0.21491694,-0.11025479,-0.09241162,-44.6125,-3.6625001,-47.15,sitting
2033933822500308,-0.07597212,-0.2105684,10.491331,0.14261217,-0.12516847,-0.13608743,-44.6375,-3.7375,-47.162502,sitting
2033933842500308,0.1058824,-0.36430725,9.643674,0.13728586,-0.11771163,-0.14034848,-44.675,-3.825,-47.075,sitting
2033933862500308,0.17288144,0.019142581,9.638887,0.11917637,-0.05392897,-0.08069372,-44.6875,-3.8625,-47.0,sitting
2033933882500308,0.30209386,0.35413775,9.792028,0.044607915,0.027031064,0.032091066,-44.7,-3.95,-46.875,sitting
2033933902500308,0.1680958,0.5599205,9.61496,-0.06617951,0.07390267,0.07789741,-44.775,-4.025,-46.75,sitting
2033933922500308,-0.047258247,0.7280163,9.413962,-0.21318589,0.06857634,0.050200548,-44.8125,-4.1625,-46.7125,sitting
2033933942500308,0.12981063,0.7615158,9.337392,-0.34847438,0.10905637,0.05659213,-44.9,-4.3375,-46.675,sitting
2033933962500308,0.22073789,0.59342,9.246465,-0.39947388,0.13994901,0.06511424,-44.8875,-4.425,-46.65,sitting
2033933982500308,0.11545369,0.44027936,9.260822,-0.32610384,0.13355742,-0.0041278964,-44.825,-4.4,-46.537502,sitting
2033934002500308,0.07716853,0.1052842,9.667602,-0.074701615,0.029161593,-0.038083173,-44.8125,-4.3250003,-46.6125,sitting
2033934022500308,0.28295127,-0.85244304,10.079765,0.23622221,-0.08162583,0.00652474,-44.75,-4.1875,-46.7375,sitting
2033934042500308,-0.2536392,-0.9098708,10.907682,0.3097254,-0.06564687,1.3315796E-4,-44.65,-3.95,-46.825,sitting
2033934062500308,-0.38763726,-0.16749759,11.1523485,0.1447427,-0.021971062,-0.0019973693,-44.575,-3.8125,-46.850002,sitting
2033934082500308,0.05802595,-0.02871387,10.022338,-0.034221593,0.029161593,0.04700476,-44.525,-3.7,-46.8625,sitting
2033934102500308,0.029312078,0.09092726,9.193823,-0.06937529,-0.0070573715,0.06831003,-44.45,-3.55,-46.8875,sitting
2033934122500308,-0.19142582,0.16271193,9.088538,0.03715107,-0.034754228,0.050200548,-44.45,-3.5,-46.9375,sitting
2033934142500308,-0.1052842,0.15792629,9.8015995,0.16924377,-0.04860265,0.022503695,-44.4375,-3.4625,-46.9375,sitting
2033934162500308,-0.0041874396,-0.043070808,10.256834,0.19893798,-0.034754228,-9.321057E-4,-44.4375,-3.45,-46.8875,sitting
2033934182500308,0.16331014,-0.062213387,10.386046,0.11598058,-0.014514217,-0.015845796,-44.5125,-3.55,-46.8,sitting
2033934202500308,0.18723837,0.0526421,9.906884,-0.003328949,-0.0038615807,-0.02543317,-44.625,-3.7375,-46.6875,sitting
2033934222500308,0.21595225,0.29192436,9.461819,-0.13435638,0.021704746,-0.014780533,-44.65,-3.8500001,-46.775,sitting
2033934242500308,0.16331014,0.57427746,9.356535,-0.26005748,0.08988162,0.008655267,-44.675,-3.875,-46.7625,sitting
2033934262500308,0.12502499,0.6412765,9.256036,-0.3271691,0.12503532,0.015046849,-44.675,-3.9,-46.7375,sitting
2033934282500308,0.14416756,0.4833502,9.256036,-0.26964486,0.08775109,-0.0051931604,-44.6375,-3.875,-46.725002,sitting
2033934302500308,0.034097724,0.124426775,9.562318,-0.04807002,-0.0326237,-0.021172116,-44.6125,-3.8625,-46.787502,sitting
2033934322500308,-0.148355,-0.57487565,10.1084795,0.20213377,-0.069907926,0.0043942127,-44.600002,-3.8125,-46.912502,sitting
2033934342500308,-0.2632105,-0.6753742,10.821541,0.24367906,-0.051798444,-0.0041278964,-44.5625,-3.7,-46.8875,sitting
2033934362500308,-0.21535404,-0.23928227,10.797612,0.09361004,-0.021971062,-0.01691106,-44.45,-3.6000001,-46.95,sitting
2033934382500308,0.096311115,0.014356935,9.926026,-0.06937529,0.0046605286,0.0011984216,-44.4625,-3.5,-46.9375,sitting
2033934402500308,0.06759724,0.13878371,9.212965,-0.09174583,0.029161593,0.013981585,-44.45,-3.425,-47.0125,sitting
2033934422500308,0.03888337,0.17228323,9.184252,0.019041587,0.009986847,-0.006258424,-44.45,-3.425,-47.075,sitting
2033934442500308,0.05802595,0.10049855,9.758529,0.15859112,-0.025166854,-0.034887385,-44.45,-3.4125001,-47.025,sitting
2033934462500308,0.053240303,-0.16271193,10.309476,0.23835275,-0.043276336,-0.04447476,-44.4875,-3.45,-47.037502,sitting
2033934482500308,0.014955142,-0.3397808,10.4051895,0.239418,-0.04114581,-0.0519316,-44.5,-3.5125,-46.912502,sitting
2033934502500308,-0.008973085,-0.2105684,10.15155,0.18615483,-0.011318427,-0.058323186,-44.5625,-3.6625001,-46.9375,sitting
2033934522500308,0.13938192,0.08135597,9.811171,0.08402267,0.033422645,-0.05725792,-44.5875,-3.8125,-46.9375,sitting
2033934542500308,0.23988047,0.41635114,9.58146,-0.064048976,0.06005424,-0.05619266,-44.600002,-3.9375,-46.8875,sitting
2033934562500308,0.2111666,0.6652047,9.346964,-0.22809958,0.044075284,-0.019041587,-44.600002,-4.1125,-46.8375,sitting
2033934582500308,0.06759724,0.7423732,9.189037,-0.34847438,0.033422645,0.064048976,-44.625,-4.275,-46.8375,sitting
2033934602500308,-0.27756742,0.7375876,9.212965,-0.39095175,0.05472792,0.09174583,-44.6375,-4.35,-46.8875,sitting
2033934622500308,-0.4211368,0.6221339,9.370892,-0.33995226,0.06857634,-0.006258424,-44.65,-4.3625,-46.9,sitting
2033934642500308,-0.11964113,0.22013968,9.696316,-0.08855004,-0.010253162,-0.059388448,-44.625,-4.3375,-46.975002,sitting
2033934662500308,0.36430725,-0.9912268,9.993624,0.25007063,-0.058190025,0.016112113,-44.5875,-4.1625,-46.9625,sitting
2033934682500308,5.9820566E-4,-0.99601245,10.883754,0.32676962,-0.04860265,0.010785795,-44.575,-3.9375,-47.037502,sitting
2033934702500308,-0.3493521,-0.11485548,11.16192,0.12876374,-0.017710008,-0.02543317,-44.600002,-3.8375,-47.1125,sitting
2033934722500308,0.12981063,0.047856454,10.051051,-0.08748478,0.032357384,0.0011984216,-44.625,-3.775,-47.2,sitting
2033934742500308,0.07716853,0.062213387,9.059825,-0.086419515,0.024900537,0.034221593,-44.6125,-3.65,-47.2375,sitting
2033934762500308,-0.061615184,-0.043070808,8.95454,0.12769848,-0.058190025,0.01824264,-44.625,-3.6125,-47.2625,sitting
2033934782500308,-0.2536392,-0.08135597,9.902099,0.30333382,-0.049667917,-0.02543317,-44.600002,-3.6375,-47.2625,sitting
2033934802500308,0.005383851,-0.09092726,10.773684,0.28735486,0.002530001,-0.046605285,-44.600002,-3.7125,-47.2125,sitting
2033934822500308,0.29252258,-0.14356937,10.44826,0.20852536,0.04620581,-0.032890014,-44.625,-3.8375,-47.2375,sitting
2033934842500308,0.30209386,-0.15792629,9.69153,0.1532648,0.07816372,-0.04234423,-44.662502,-4.0375,-47.2,sitting
2033934862500308,0.17766708,0.22492532,9.543175,0.06058687,0.07603319,-0.063649505,-44.65,-4.175,-47.2125,sitting
2033934882500308,0.20638095,0.6412765,9.567103,-0.11944269,0.024900537,-0.054062128,-44.6375,-4.3,-47.175,sitting
2033934902500308,0.014955142,0.87158567,9.404391,-0.34634385,-0.04753739,0.015046849,-44.5875,-4.425,-47.0625,sitting
2033934922500308,-0.37806597,0.9625129,9.145967,-0.55606765,-0.025166854,0.107724786,-44.600002,-4.5875,-47.05,sitting
2033934942500308,-0.6364908,0.99601245,8.9928255,-0.64981085,0.092012145,0.09068057,-44.5875,-4.625,-47.025,sitting
2033934962500308,-0.43070808,0.6891329,9.016754,-0.43462756,0.08349004,-0.04554002,-44.575,-4.6,-47.0875,sitting
2033934982500308,0.27337998,-0.6418747,9.480962,0.12343743,3.9947388E-4,-0.0519316,-44.537502,-4.4500003,-47.0625,sitting
2033935002500308,0.5605187,-1.7718852,10.543973,0.550475,-0.109189525,0.012916322,-44.5,-4.275,-47.175,sitting
2033935022500308,-0.20578274,-0.87637126,12.100504,0.46631917,-0.10279794,0.0075900033,-44.45,-4.0375,-47.100002,sitting
2033935042500308,-0.38285163,0.16749759,11.559128,0.12237216,-0.011318427,-9.321057E-4,-44.4,-3.8875,-47.037502,sitting
2033935062500308,0.029312078,0.10049855,9.437891,-0.17590165,0.030226856,0.025699485,-44.4375,-3.75,-47.1375,sitting
2033935082500308,0.081954174,0.038285162,8.446664,-0.2483396,0.0046605286,0.031025803,-44.4375,-3.575,-47.1375,sitting
2033935102500308,-0.19142582,0.24885355,8.685946,-0.10452899,0.023835273,0.00652474,-44.45,-3.5375001,-47.162502,sitting
2033935122500308,-0.008973085,0.2440679,9.600603,0.09574057,0.01957422,-0.017976323,-44.425,-3.5,-47.0875,sitting
2033935142500308,0.23030917,-0.038285162,10.362119,0.17137429,0.0014647375,-0.02223738,-44.475002,-3.5625,-47.15,sitting
2033935162500308,0.14416756,-0.19142582,10.6205435,0.10745847,-6.6578976E-4,-0.026498433,-44.4625,-3.5875,-47.037502,sitting
2033935182500308,-0.0041874396,-0.12921242,10.113265,0.006258424,0.021704746,-0.027563697,-44.4625,-3.675,-47.125,sitting
2033935202500308,-0.0041874396,0.05742774,9.562318,-0.06937529,0.051532127,-0.017976323,-44.475002,-3.7250001,-47.1375,sitting
2033935222500308,0.04366901,0.25842485,9.423533,-0.06511424,0.02277001,0.008655267,-44.45,-3.7625,-47.1375,sitting
2033935242500308,-0.066400826,0.16749759,9.495318,0.02223738,-0.0326237,0.038482647,-44.412502,-3.8,-47.162502,sitting
2033935262500308,-0.33020952,0.019142581,9.906884,0.121306896,-0.05392897,0.06511424,-44.412502,-3.775,-47.2,sitting
2033935282500308,-0.34456646,-0.1052842,10.237692,0.15859112,-0.027297381,0.06191845,-44.4375,-3.8,-47.287502,sitting
2033935302500308,-0.21535404,-0.11006984,10.213763,0.14048164,-0.002796317,0.032091066,-44.4,-3.8625,-47.25,sitting
2033935322500308,0.08673982,-0.09571291,9.940384,0.11491532,-0.013448954,-0.0073236874,-44.412502,-3.925,-47.225002,sitting
2033935342500308,0.12023934,-0.0,9.748958,0.07443529,-0.028362645,-0.027563697,-44.4625,-4.0,-47.2375,sitting
2033935362500308,0.12502499,0.23449662,9.7681,-0.017177377,-0.04221107,0.0043942127,-44.4875,-3.9750001,-47.25,sitting
2033935382500308,0.010169496,0.4546363,9.648459,-0.14394376,0.0067910557,0.043808967,-44.5125,-4.0125003,-47.162502,sitting
2033935402500308,-0.16749759,0.5982057,9.457033,-0.21744694,0.03981423,0.023568958,-44.5625,-4.1,-47.1125,sitting
2033935422500308,5.9820566E-4,0.40677986,9.246465,-0.17909744,0.029161593,-0.011584742,-44.600002,-4.15,-47.0125,sitting
2033935442500308,0.19680966,0.21535404,9.514461,-0.107724786,0.020639483,-0.0126500055,-44.575,-4.1625,-46.925,sitting
2033935462500308,0.12502499,0.124426775,10.022338,-0.107724786,0.032357384,-0.0019973693,-44.575,-4.175,-46.9625,sitting
2033935482500308,-0.032901313,0.08135597,10.122836,-0.12370374,0.03448791,-0.0041278964,-44.537502,-4.15,-46.9625,sitting
2033935502500308,-0.037686955,-0.05742774,9.792028,-0.057657395,0.018508956,-0.009454215,-44.4875,-4.025,-46.9375,sitting
2033935522500308,-0.018544376,-0.22013968,9.796814,0.008388951,0.005725792,-0.0051931604,-44.475002,-3.95,-46.8875,sitting
2033935542500308,-0.066400826,-0.09571291,10.15155,0.0030626329,0.01957422,0.00652474,-44.412502,-3.775,-46.9375,sitting
2033935562500308,-0.037686955,-0.10049855,10.084551,0.013715269,-0.020905798,0.0022636852,-44.375,-3.625,-46.9625,sitting
2033935582500308,-0.13399807,-0.2105684,9.710672,0.059521604,-0.028362645,-0.008388951,-44.287502,-3.5625,-47.025,sitting
2033935602500308,-0.148355,-0.11006984,9.959526,0.08189214,-0.009187899,-0.0041278964,-44.287502,-3.525,-47.0875,sitting
2033935622500308,-0.028115666,-0.086141616,9.978668,0.08934899,0.01105211,-0.009454215,-44.3,-3.4750001,-47.100002,sitting
2033935642500308,0.024526432,-0.086141616,9.902099,0.120241635,-0.046472125,-0.008388951,-44.3,-3.4750001,-47.125,sitting
2033935662500308,-0.037686955,-0.12921242,9.839885,0.15752587,-0.04753739,-0.0126500055,-44.325,-3.525,-47.0625,sitting
2033935682500308,-0.21535404,-0.038285162,10.079765,0.1681785,-0.018775271,-0.027563697,-44.325,-3.5875,-47.1125,sitting
2033935702500308,5.9820566E-4,-0.02871387,9.969097,0.14793849,-0.008122635,-0.03914844,-44.3625,-3.7,-47.100002,sitting
2033935722500308,0.11545369,0.047856454,9.825528,0.12663321,-0.002796317,-0.04447476,-44.375,-3.8500001,-47.05,sitting
2033935742500308,0.10109676,0.1052842,9.734601,0.129829,0.008921583,-0.04234423,-44.4375,-3.9625,-47.0125,sitting
2033935762500308,0.11545369,0.148355,9.753743,0.121306896,0.018508956,-0.04234423,-44.4875,-4.1,-47.05,sitting
2033935782500308,0.053240303,0.2536392,9.825528,0.038216334,0.029161593,-0.03914844,-44.5125,-4.2625003,-47.0,sitting
2033935802500308,0.053240303,0.44985065,9.763314,-0.11411637,0.01105211,-0.0105194785,-44.5625,-4.425,-46.95,sitting
2033935822500308,-0.023330022,0.6221339,9.452248,-0.26964486,-0.009187899,0.042743705,-44.575,-4.5625,-47.0125,sitting
2033935842500308,-0.2536392,0.6939186,9.232108,-0.36751595,-0.009187899,0.08002793,-44.6125,-4.65,-46.95,sitting
2033935862500308,-0.3924229,0.66041905,9.227323,-0.38562545,0.030226856,0.07683214,-44.625,-4.7125,-46.95,sitting
2033935882500308,-0.21535404,0.47856453,9.466604,-0.30160278,0.051532127,0.017177377,-44.6125,-4.6375003,-46.9625,sitting
2033935902500308,0.019740786,0.023928227,9.720243,-0.073636346,-0.016644744,-0.055127393,-44.5875,-4.5375,-46.9625,sitting
2033935922500308,0.17766708,-0.7471589,10.208978,0.20319904,-0.051798444,-0.013715269,-44.5125,-4.3875003,-46.925,sitting
2033935942500308,0.18723837,-0.98644114,10.783256,0.25326642,-0.020905798,0.024634222,-44.4875,-4.25,-46.95,sitting
2033935962500308,-0.2009971,-0.11485548,10.93161,0.066978455,-0.009187899,-0.013715269,-44.412502,-4.0625,-47.05,sitting
2033935982500308,-0.018544376,0.12921242,9.921241,-0.1364869,0.008921583,-0.0030626329,-44.412502,-3.925,-47.025,sitting
2033936002500308,0.1058824,0.11485548,9.145967,-0.16737954,0.02809633,0.015046849,-44.3875,-3.8500001,-47.100002,sitting
2033936022500308,-0.12921242,0.10049855,9.016754,-0.02996054,0.03448791,-0.0105194785,-44.350002,-3.7250001,-47.0625,sitting
2033936042500308,0.08673982,0.062213387,9.748958,0.11598058,0.01105211,-0.0126500055,-44.375,-3.6875,-47.05,sitting
2033936062500308,0.1585245,-0.18185452,10.342976,0.15965639,0.012117374,-0.013715269,-44.3875,-3.675,-47.075,sitting
2033936082500308,-0.066400826,-0.2536392,10.419546,0.16285218,0.008921583,-0.035952646,-44.4,-3.7125,-47.15,sitting
2033936102500308,-0.0424726,-0.33499518,9.978668,0.21917799,0.021704746,-0.041278966,-44.412502,-3.7125,-47.175,sitting
2033936122500308,0.048454657,-0.30149564,9.897313,0.27883276,0.04301002,-0.023302643,-44.4625,-3.8,-47.075,sitting
2033936142500308,0.081954174,-0.10049855,10.065409,0.259658,0.062184766,0.012916322,-44.412502,-3.875,-47.0625,sitting
2033936162500308,-0.01375873,0.08135597,10.027123,0.20639484,0.06431529,0.05339634,-44.412502,-3.9375,-47.05,sitting
2033936182500308,-0.13878371,0.124426775,9.701101,0.17869797,0.035553172,0.064048976,-44.45,-4.1125,-47.125,sitting
2033936202500308,-0.2727818,0.22492532,9.624531,0.13622059,-0.025166854,0.028895276,-44.4625,-4.2875,-47.2,sitting
2033936222500308,-0.31106696,0.47856453,9.758529,0.006258424,-0.10279794,-0.011584742,-44.4625,-4.4625,-47.2,sitting
2033936242500308,-0.22492532,0.7710871,9.681958,-0.21425115,-0.14753902,0.013981585,-44.4625,-4.6625,-47.037502,sitting
2033936262500308,-0.23449662,1.0007981,9.351749,-0.4836297,-0.12197269,0.09494162,-44.5,-4.875,-47.025,sitting
2033936282500308,-0.39720857,1.1682956,8.949755,-0.7243793,0.031292118,0.12689953,-44.5125,-4.9500003,-47.0625,sitting
2033936302500308,-0.3684947,1.0773684,8.762517,-0.7904256,0.14847112,-0.0019973693,-44.55,-4.9375,-47.05,sitting
2033936322500308,0.12981063,0.4881358,8.781659,-0.4857602,0.0962732,-0.17017587,-44.5,-4.85,-47.15,sitting
2033936342500308,0.8141579,-1.0390832,9.705887,0.14580797,0.032357384,-0.12117374,-44.4625,-4.5750003,-47.3,sitting
2033936362500308,0.6897311,-1.7383857,10.89811,0.5568666,-0.046472125,0.062983714,-44.4375,-4.3,-47.3125,sitting
2033936382500308,-0.11964113,-0.9816555,12.268002,0.5089297,0.015313165,0.04807002,-44.412502,-4.0125003,-47.3375,sitting
2033936402500308,-0.6221339,-0.33499518,11.2959175,0.21917799,0.009986847,-0.073236875,-44.3625,-3.7875001,-47.412502,sitting
2033936422500308,0.23988047,0.047856454,9.662816,-0.1279648,0.012117374,-0.041278966,-44.287502,-3.6000001,-47.412502,sitting
2033936442500308,0.14416756,0.2632105,8.839087,-0.2920154,0.02809633,0.028895276,-44.2375,-3.4750001,-47.5,sitting
2033936462500308,-0.46899325,0.11485548,8.422736,-0.1514006,0.02809633,0.0075900033,-44.2125,-3.4,-47.5875,sitting
2033936482500308,-0.35413775,0.038285162,9.236894,0.15539533,-0.016644744,0.0043942127,-44.225002,-3.3500001,-47.537502,sitting
2033936502500308,0.07238288,-0.29192436,10.424332,0.40133807,-0.050733183,0.031025803,-44.175,-3.4375,-47.4625,sitting
2033936522500308,-0.16271193,-0.4408776,11.090135,0.44394863,-0.02410159,0.013981585,-44.175,-3.5625,-47.525,sitting
2033936542500308,-0.15314065,-0.3930211,10.768898,0.3395528,0.023835273,-0.04234423,-44.2125,-3.7125,-47.537502,sitting
2033936562500308,0.18723837,-0.11964113,9.964312,0.17550218,0.0494016,-0.07749793,-44.287502,-3.8125,-47.5875,sitting
2033936582500308,0.33559337,0.28713873,9.380463,-0.011851058,0.027031064,-0.055127393,-44.3,-3.9375,-47.575,sitting
2033936602500308,0.1058824,0.69930243,9.136395,-0.21638168,-0.043276336,0.013981585,-44.3375,-4.0875,-47.5,sitting
2033936622500308,-0.32542387,1.0295119,9.093325,-0.4388886,-0.109189525,0.0896153,-44.375,-4.2125,-47.4,sitting
2033936642500308,-0.66999036,1.1730813,9.059825,-0.64874554,-0.049667917,0.12050795,-44.3625,-4.3375,-47.3125,sitting
2033936662500308,-0.63170516,1.0677971,9.011969,-0.7329014,0.09733847,0.042743705,-44.412502,-4.425,-47.175,sitting
2033936682500308,-0.11006984,0.60777694,9.026325,-0.44101915,0.12290479,-0.058323186,-44.3875,-4.375,-47.025,sitting
2033936702500308,0.72323066,-1.1156535,9.528818,0.13622059,0.07496793,-0.043409493,-44.350002,-4.1875,-47.025,sitting
2033936722500308,0.6131608,-1.4656038,10.835897,0.4620581,-0.014514217,0.03635212,-44.287502,-3.9625,-46.9875,sitting
2033936742500308,0.005383851,-0.89072824,12.013764,0.4119907,0.0046605286,0.055526868,-44.2625,-3.7,-46.95,sitting
2033936762500308,-0.4642076,-0.7328019,10.902896,0.21811274,-0.0049268445,-0.041278966,-44.2,-3.45,-47.037502,sitting
2033936782500308,-0.20578274,-0.31106696,9.677173,-0.0011984216,-0.06245108,-0.063649505,-44.125,-3.2625,-47.037502,sitting
2033936802500308,0.048454657,0.09092726,9.227323,-0.09920268,-0.017710008,0.026764749,-44.1375,-3.1375,-47.075,sitting
2033936822500308,-0.3493521,0.15792629,9.0646105,0.039281595,-0.009187899,0.07576688,-44.1375,-3.025,-47.15,sitting
2033936842500308,-0.3924229,-0.09571291,9.375677,0.27563697,-0.034754228,0.04167844,-44.15,-3.1375,-47.2,sitting
2033936862500308,-0.20578274,-0.14356937,10.476974,0.38109806,-0.0326237,-0.02543317,-44.1375,-3.2875001,-47.162502,sitting
2033936882500308,0.11545369,-0.23449662,10.768898,0.30866015,-0.009187899,-0.06897582,-44.125,-3.4125001,-47.125,sitting
2033936902500308,0.28295127,-0.148355,10.1802635,0.15859112,0.02809633,-0.071106344,-44.175,-3.6125,-47.125,sitting
2033936922500308,0.22552353,0.16749759,9.500104,0.0030626329,0.050466865,-0.03701791,-44.2375,-3.8,-47.05,sitting
2033936942500308,0.06281159,0.526421,9.227323,-0.12903006,0.014247901,0.011851058,-44.2625,-4.0,-47.025,sitting
2033936962500308,-0.2009971,0.75194454,9.184252,-0.26431856,-0.04114581,0.03315633,-44.3375,-4.1375003,-47.037502,sitting
2033936982500308,-0.44506502,0.9098708,9.323035,-0.42930126,-0.054994237,0.042743705,-44.3125,-4.25,-46.9625,sitting
2033937002500308,-0.37806597,0.87158567,9.294321,-0.5720466,-0.0017310535,0.057657395,-44.3625,-4.2875,-47.0125,sitting
2033937022500308,-0.2632105,0.66999036,9.203394,-0.565655,0.093077414,0.028895276,-44.375,-4.2625003,-47.037502,sitting
2033937042500308,-0.0424726,0.25842485,9.332606,-0.23875222,0.08881636,-0.023302643,-44.3625,-4.1875,-47.037502,sitting
2033937062500308,0.3930211,-1.1204392,9.796814,0.20746009,0.023835273,-0.041278966,-44.3375,-4.0125003,-47.0125,sitting
2033937082500308,0.2973082,-1.1826526,11.085349,0.37790227,-0.051798444,-0.0041278964,-44.2625,-3.7625,-47.025,sitting
2033937102500308,-0.071186475,-0.87158567,11.463415,0.30439907,-0.09653952,0.008655267,-44.2375,-3.5375001,-47.175,sitting
2033937122500308,-0.55034924,-0.71365935,10.366904,0.15539533,-0.034754228,-0.02543317,-44.15,-3.3875,-47.15,sitting
2033937142500308,-0.2440679,-0.16749759,9.725029,-0.01824264,0.018508956,-0.015845796,-44.125,-3.2625,-47.1375,sitting
2033937162500308,0.13459627,0.24885355,9.232108,-0.04700476,0.031292118,0.037417386,-44.1125,-3.1875,-47.100002,sitting
2033937182500308,0.005383851,-0.019142581,9.093325,0.16604798,-0.030493172,0.04700476,-44.1125,-3.1625001,-47.05,sitting
2033937202500308,-0.34456646,-0.31106696,9.753743,0.3800328,-0.037950017,-0.006258424,-44.162502,-3.2125,-47.100002,sitting
2033937222500308,-0.11006984,-0.148355,10.792827,0.3597928,-0.0017310535,-0.043409493,-44.15,-3.3125,-47.100002,sitting
2033937242500308,0.23030917,-0.02871387,10.6349,0.1925464,0.027031064,-0.043409493,-44.2,-3.5,-47.075,sitting
2033937262500308,0.23030917,0.06699903,9.643674,0.008388951,0.024900537,-0.035952646,-44.275,-3.7250001,-47.025,sitting
2033937282500308,0.029312078,0.41635114,9.17468,-0.17909744,-0.0070573715,-0.021172116,-44.3125,-3.875,-47.0125,sitting
2033937302500308,-0.11006984,0.87637126,9.112467,-0.40266967,-0.040080544,0.025699485,-44.3875,-4.0375,-47.0625,sitting
2033937322500308,-0.29192436,1.1108679,9.074182,-0.64874554,-0.0070573715,0.074701615,-44.3625,-4.1625,-47.05,sitting
2033937342500308,-0.4833502,1.0917253,8.983254,-0.73609716,0.104795314,0.07683214,-44.3375,-4.2125,-47.100002,sitting
2033937362500308,-0.30149564,0.52163535,8.98804,-0.36751595,0.093077414,0.03635212,-44.3125,-4.175,-47.100002,sitting
2033937382500308,0.2015953,-1.2113664,9.404391,0.21065588,-0.0049268445,-0.020106852,-44.3,-4.025,-47.15,sitting
2033937402500308,0.20638095,-1.2017952,11.377274,0.43436125,-0.07203846,-0.05086634,-44.287502,-3.775,-47.225002,sitting
2033937422500308,0.091525465,-1.0103694,11.918052,0.36405385,-0.09867004,-0.03914844,-44.2125,-3.45,-47.175,sitting
2033937442500308,-0.31106696,-1.082154,10.472188,0.23515695,-0.069907926,-9.321057E-4,-44.175,-3.2625,-47.2625,sitting
2033937462500308,-0.23928227,-0.3786642,9.686745,0.024367906,-0.014514217,0.012916322,-44.15,-3.0875,-47.25,sitting
2033937482500308,-0.19621146,0.6029913,9.485747,-0.20572904,0.07496793,-0.008388951,-44.175,-2.95,-47.275,sitting
2033937502500308,0.1680958,0.5024927,8.964112,-0.19720693,0.027031064,-0.013715269,-44.1875,-2.8875,-47.225002,sitting
2033937522500308,0.1058824,-0.28235307,8.748159,0.031824753,-0.0038615807,0.015046849,-44.162502,-2.9,-47.1875,sitting
2033937542500308,-0.13399807,-0.11964113,10.031909,0.22343905,-0.026232118,0.03528686,-44.1875,-3.0125,-47.175,sitting
2033937562500308,-0.22013968,-0.19142582,10.735399,0.22556958,-0.017710008,0.024634222,-44.175,-3.1125,-47.162502,sitting
2033937582500308,-0.148355,-0.22492532,10.553544,0.11278479,0.008921583,-0.014780533,-44.2,-3.2375,-47.1375,sitting
2033937602500308,0.019740786,-0.11964113,9.820743,-0.0054594763,0.038748965,-0.04234423,-44.225002,-3.325,-47.125,sitting
2033937622500308,0.2111666,0.07178468,9.404391,-0.07789741,0.044075284,-0.0126500055,-44.25,-3.375,-47.162502,sitting
2033937642500308,0.14416756,0.2536392,9.337392,-0.1279648,0.014247901,0.01824264,-44.225002,-3.375,-47.125,sitting
2033937662500308,-0.22492532,0.4019942,9.54796,-0.18122798,-0.0049268445,0.017177377,-44.2,-3.4,-47.125,sitting
2033937682500308,-0.33020952,0.31585258,9.662816,-0.15885743,0.0067910557,0.011851058,-44.2375,-3.4,-47.15,sitting
2033937702500308,-0.19142582,-0.038285162,9.653245,-0.017177377,-0.009187899,0.0054594763,-44.2625,-3.425,-47.2125,sitting
2033937722500308,-0.08554341,-0.37387854,9.91167,0.086153194,-0.039015282,1.3315796E-4,-44.275,-3.4750001,-47.15,sitting
2033937742500308,-0.0951147,-0.2536392,10.453046,0.044607915,-0.03581949,1.3315796E-4,-44.3,-3.4625,-47.2,sitting
2033937762500308,-0.13878371,-0.13878371,10.242477,-0.050200548,-0.009187899,-0.0041278964,-44.2625,-3.375,-47.1375,sitting
2033937782500308,-0.066400826,-0.06699903,9.624531,-0.096006885,3.9947388E-4,-0.0105194785,-44.2125,-3.3125,-47.162502,sitting
2033937802500308,-0.018544376,0.014356935,9.476176,-0.07576688,-0.014514217,-0.014780533,-44.1875,-3.2625,-47.1375,sitting
2033937822500308,-0.052043892,0.047856454,9.69153,0.0030626329,0.008921583,0.0011984216,-44.2,-3.2250001,-47.1125,sitting
2033937842500308,-0.0424726,-0.17706887,9.887741,0.14261217,0.06751108,0.00972053,-44.175,-3.175,-47.075,sitting
2033937862500308,0.12981063,-0.52223355,10.036695,0.24048327,0.02277001,-9.321057E-4,-44.125,-3.125,-46.925,sitting
2033937882500308,0.07716853,-0.46959144,10.295119,0.20532957,-0.020905798,0.022503695,-44.100002,-3.1375,-46.9,sitting
2033937902500308,-0.15314065,-0.13878371,10.319048,0.15219954,-0.0038615807,0.03635212,-44.0875,-3.1625001,-46.8625,sitting
2033937922500308,-0.37806597,-0.12921242,9.7298155,0.16072164,0.06431529,0.008655267,-44.100002,-3.2,-46.8875,sitting
2033937942500308,0.005383851,-0.019142581,9.638887,0.1808285,0.10266478,-0.014780533,-44.125,-3.2625,-46.787502,sitting
2033937962500308,0.35473597,0.038285162,9.792028,0.18402429,0.10266478,-0.02543317,-44.100002,-3.3875,-46.8375,sitting
2033937982500308,0.19680966,0.07178468,9.854242,0.18189377,0.080294244,-0.03395528,-44.100002,-3.5,-46.8875,sitting
2033938002500308,-0.071186475,0.047856454,9.854242,0.16391744,0.047271073,-0.02862896,-44.15,-3.6875,-46.9625,sitting
2033938022500308,-0.22013968,0.16271193,9.84467,0.12556796,-0.021971062,0.00652474,-44.175,-3.8500001,-47.0625,sitting
2033938042500308,-0.41635114,0.2536392,9.739387,0.049934234,-0.09867004,0.04061318,-44.2,-4.0125003,-47.175,sitting
2033938062500308,-0.6221339,0.44985065,9.739387,-0.06617951,-0.14327796,0.060853187,-44.225002,-4.2000003,-47.2375,sitting
2033938082500308,-0.59342,0.6412765,9.567103,-0.22809958,-0.16458324,0.072571084,-44.2125,-4.3625,-47.225002,sitting
2033938102500308,-0.44985065,0.84765744,9.375677,-0.4399539,-0.13795164,0.09707215,-44.2,-4.5125003,-47.325,sitting
2033938122500308,-0.2727818,0.9816555,9.179466,-0.6657898,-0.009187899,0.11198584,-44.2625,-4.5375,-47.325,sitting
2033938142500308,-0.12921242,0.9625129,8.9928255,-0.77231616,0.06964161,0.003328949,-44.2625,-4.5125003,-47.225002,sitting
2033938162500308,0.096311115,0.53599226,8.882157,-0.4868255,0.014247901,-0.13608743,-44.225002,-4.3625,-47.175,sitting
2033938182500308,0.6945168,-1.0630114,9.634102,0.064847924,-0.0560595,-0.15206638,-44.2625,-4.0875,-47.25,sitting
2033938202500308,0.42652065,-1.3692927,10.96511,0.336357,-0.049667917,-0.06578003,-44.2125,-3.75,-47.25,sitting
2033938222500308,0.11545369,-0.87637126,11.874981,0.28842014,0.062184766,0.04700476,-44.2125,-3.4,-47.125,sitting
2033938242500308,-0.17706887,-0.89072824,10.520044,0.24261379,0.24647537,0.08109319,-44.25,-3.1000001,-47.1875,sitting
2033938262500308,0.11066805,-0.8141579,9.351749,0.31398645,0.16445008,-0.0126500055,-44.25,-2.8,-47.15,sitting
2033938282500308,0.48394838,-0.651446,9.442677,0.2692454,-0.018775271,-0.09134636,-44.225002,-2.625,-47.175,sitting
2033938302500308,0.07716853,0.28713873,10.663614,0.0946753,-0.057124764,-0.027563697,-44.2125,-2.55,-47.3,sitting
2033938322500308,-0.5168497,0.2727818,9.696316,-0.019307904,-0.04860265,0.09174583,-44.1875,-2.6125,-47.275,sitting
2033938342500308,-0.8135597,0.18185452,9.189037,0.0030626329,-0.03581949,0.11198584,-44.175,-2.7875001,-47.162502,sitting
2033938362500308,-0.65084773,0.23449662,9.399606,0.11917637,-0.04114581,0.04061318,-44.162502,-3.0,-47.1375,sitting
2033938382500308,-0.13878371,-0.009571291,9.921241,0.25220117,-0.025166854,-0.030759487,-44.125,-3.2375,-47.2625,sitting
2033938402500308,0.3068795,-0.29671,10.290334,0.31185594,0.00785632,-0.063649505,-44.1125,-3.4125001,-47.2625,sitting
2033938422500308,0.31166515,-0.26799613,10.342976,0.28096327,0.04087949,-0.09028109,-44.1125,-3.6000001,-47.25,sitting
2033938442500308,0.23030917,-0.076570325,10.00798,0.22130851,0.03448791,-0.12117374,-44.1125,-3.7625,-47.225002,sitting
2033938462500308,0.16331014,0.11964113,9.686745,0.15433007,0.013182637,-0.1254348,-44.175,-3.9375,-47.2,sitting
2033938482500308,0.053240303,0.3397808,9.591031,0.04034686,-0.009187899,-0.08815057,-44.225002,-4.1,-47.2125,sitting
2033938502500308,-0.14356937,0.7088737,9.543175,-0.1396827,-0.061385818,-0.026498433,-44.2,-4.3375,-47.25,sitting
2033938522500308,-0.3924229,1.0055838,9.346964,-0.38029912,-0.12303795,0.03315633,-44.287502,-4.5625,-47.1875,sitting
2033938542500308,-0.6029913,1.1970096,9.122038,-0.65833294,-0.10279794,0.09174583,-44.3125,-4.6875,-47.025,sitting
2033938562500308,-0.59342,1.244866,8.915657,-0.90121305,0.052597392,0.11944269,-44.375,-4.8250003,-47.037502,sitting
2033938582500308,-0.32063824,0.9912268,8.733803,-0.87458146,0.11012163,0.05978792,-44.412502,-4.875,-46.975002,sitting
2033938602500308,0.1585245,0.09092726,8.978469,-0.28988487,0.05472792,-0.015845796,-44.412502,-4.7125,-47.0125,sitting
2033938622500308,0.4552345,-1.6091732,9.930812,0.35020542,-0.05286371,-0.055127393,-44.350002,-4.3875003,-47.0125,sitting
2033938642500308,0.2542374,-1.4991034,12.335001,0.50466865,-0.010253162,-0.040213704,-44.3125,-4.025,-47.0125,sitting
2033938662500308,0.024526432,-1.5086746,11.693126,0.5270392,0.055793185,-0.027563697,-44.325,-3.65,-46.95,sitting
2033938682500308,-0.047258247,-1.6905292,10.012766,0.53130025,-0.018775271,-0.008388951,-44.325,-3.325,-47.037502,sitting
2033938702500308,0.11545369,-0.61794645,10.256834,0.32570437,-0.08269109,0.021438431,-44.325,-3.125,-47.125,sitting
2033938722500308,-0.4211368,0.86201435,10.161121,0.027563697,-0.040080544,0.042743705,-44.25,-3.0,-47.0875,sitting
2033938742500308,-0.47856453,0.4977071,9.011969,-0.13329111,0.017443692,0.05339634,-44.2625,-3.0375001,-47.162502,sitting
2033938762500308,-0.20578274,0.29671,8.666803,-0.09068057,0.029161593,0.042743705,-44.3,-3.2125,-47.15,sitting
2033938782500308,0.06759724,0.3062813,9.165109,0.0126500055,-0.008122635,0.019307904,-44.325,-3.4625,-47.1375,sitting
2033938802500308,0.12502499,0.3493521,9.988838,-0.0011984216,-0.04114581,0.0022636852,-44.3375,-3.7125,-47.125,sitting
2033938822500308,0.010169496,0.29192436,10.237692,-0.14607428,-0.008122635,-0.0041278964,-44.3375,-3.925,-47.2,sitting
2033938842500308,-0.071186475,0.28713873,9.748958,-0.30692908,0.031292118,0.00972053,-44.3125,-4.1,-47.0875,sitting
2033938862500308,0.024526432,0.3397808,9.227323,-0.39414755,0.06005424,0.03315633,-44.3125,-4.125,-47.0625,sitting
2033938882500308,-0.05682954,0.40677986,9.198608,-0.3420828,0.06325003,0.01824264,-44.3375,-4.0750003,-46.9875,sitting
2033938902500308,-0.09990034,0.09092726,9.543175,-0.10879005,0.031292118,-0.0073236874,-44.3125,-3.8875,-46.95,sitting
2033938922500308,0.05802595,-0.6897311,10.051051,0.12663321,-0.008122635,-0.019041587,-44.275,-3.6875,-46.925,sitting
2033938942500308,-0.0041874396,-0.651446,10.754541,0.17976324,-0.05925529,-0.009454215,-44.2625,-3.525,-47.0,sitting
2033938962500308,-0.16749759,-0.58923256,10.677971,0.13622059,-0.060320552,-9.321057E-4,-44.2625,-3.375,-47.0,sitting
2033938982500308,-0.36370903,-0.5413761,9.984053,0.08295741,0.050466865,-0.008388951,-44.25,-3.2250001,-46.9625,sitting
2033939002500308,0.05802595,-0.16749759,9.701101,0.041412123,0.030226856,-0.0073236874,-44.2375,-3.075,-47.0,sitting
2033939022500308,0.19202402,-0.019142581,9.466604,0.07550056,-0.002796317,0.013981585,-44.25,-2.9875,-47.037502,sitting
2033939042500308,-0.1052842,-0.08135597,9.748958,0.2127864,-0.04221107,0.039547913,-44.225002,-3.0125,-47.025,sitting
2033939062500308,-0.38763726,-0.3499503,10.036695,0.3597928,-0.030493172,0.00972053,-44.2,-3.0625,-46.9625,sitting
2033939082500308,-0.22492532,-0.3930211,10.443475,0.39388123,0.013182637,-0.04234423,-44.225002,-3.1625001,-46.9875,sitting
2033939102500308,0.19202402,-0.31106696,10.4051895,0.34274858,0.06751108,-0.08069372,-44.2625,-3.2875001,-46.9,sitting
2033939122500308,0.40737805,-0.20578274,9.849456,0.27563697,0.10159952,-0.08921583,-44.287502,-3.4375,-46.850002,sitting
2033939142500308,0.34037903,0.13399807,9.595817,0.16924377,0.09520794,-0.06684529,-44.287502,-3.675,-46.775,sitting
2033939162500308,0.08673982,0.63170516,9.552746,-0.023568958,0.031292118,-0.026498433,-44.3125,-3.9,-46.725002,sitting
2033939182500308,-0.2536392,1.015155,9.346964,-0.30479857,-0.068842664,-9.321057E-4,-44.275,-4.1875,-46.7125,sitting
2033939202500308,-0.56470615,1.2831511,9.093325,-0.6285055,-0.20399798,0.026764749,-44.3,-4.425,-46.725002,sitting
2033939222500308,-0.72263247,1.2640085,8.781659,-0.9181241,-0.16564849,0.1013332,-44.275,-4.5750003,-46.8,sitting
2033939242500308,-0.8279166,1.1300105,8.705089,-0.9596694,0.0845553,0.086419515,-44.2625,-4.6125,-46.825,sitting
2033939262500308,-0.42592242,0.51206404,8.863015,-0.3442133,0.09094688,-0.047670547,-44.225002,-4.55,-46.825,sitting
2033939282500308,0.7471589,-1.6809579,9.519247,0.4364918,-0.0038615807,-0.13076112,-44.2125,-4.275,-46.9375,sitting
2033939302500308,0.8572287,-1.7910278,12.574283,0.60906446,0.0067910557,-0.073236875,-44.2,-3.8875,-46.95,sitting
2033939322500308,0.33080772,-1.585245,11.970694,0.53769183,0.008921583,0.0075900033,-44.2,-3.6125,-46.95,sitting
2033939342500308,-0.2105684,-1.3692927,10.256834,0.356597,-0.07736477,0.008655267,-44.175,-3.325,-46.912502,sitting
2033939362500308,-0.39720857,0.42592242,10.132407,-0.051265813,-0.08375636,-0.006258424,-44.162502,-3.0875,-46.8875,sitting
2033939382500308,-0.41635114,1.3501502,9.270393,-0.41225702,0.035553172,-9.321057E-4,-44.2125,-2.9625,-46.875,sitting
2033939402500308,-0.2440679,0.16749759,8.116454,-0.3930823,0.12290479,0.0022636852,-44.1875,-2.9,-46.75,sitting
2033939422500308,0.21595225,-0.3397808,8.303095,-0.05978792,0.06431529,-0.0051931604,-44.2125,-2.9125001,-46.75,sitting
2033939442500308,0.2542374,-0.0,9.935597,0.24261379,-0.079495296,0.0022636852,-44.2125,-3.075,-46.65,sitting
2033939462500308,-0.16271193,-0.15314065,11.219347,0.28415906,-0.051798444,0.022503695,-44.175,-3.275,-46.775,sitting
2033939482500308,-0.32542387,-0.34516466,11.080564,0.14367743,0.021704746,0.015046849,-44.162502,-3.4125001,-46.850002,sitting
2033939502500308,-0.05682954,-0.12921242,9.91167,-0.064048976,0.044075284,-0.02543317,-44.2125,-3.4875,-46.8875,sitting
2033939522500308,0.2111666,0.20578274,9.260822,-0.21105535,0.047271073,-0.0041278964,-44.225002,-3.5125,-46.975002,sitting
2033939542500308,0.18723837,0.19621146,9.011969,-0.1599227,-6.6578976E-4,0.031025803,-44.1875,-3.5125,-46.9875,sitting
2033939562500308,-0.3493521,0.043070808,9.260822,0.02223738,-0.04860265,0.0022636852,-44.2125,-3.5,-47.1125,sitting
2033939582500308,-0.44506502,-0.1052842,10.175478,0.14367743,-0.069907926,0.020373167,-44.1875,-3.4750001,-47.125,sitting
2033939602500308,-0.032901313,-0.36430725,10.591829,0.18615483,0.038748965,0.057657395,-44.175,-3.425,-47.1125,sitting
2033939622500308,-0.028115666,-0.39780676,10.228121,0.16711323,0.033422645,0.03528686,-44.1875,-3.45,-47.05,sitting
2033939642500308,0.019740786,-0.019142581,9.87817,0.06910898,-0.010253162,0.0075900033,-44.2,-3.4875,-47.037502,sitting
2033939662500308,-0.07597212,0.09571291,9.839885,-0.028895276,-0.051798444,0.023568958,-44.162502,-3.4875,-46.95,sitting
2033939682500308,-0.24885355,0.124426775,9.47139,-0.02996054,-0.06351634,0.084288985,-44.15,-3.45,-46.95,sitting
2033939702500308,-0.30149564,0.15792629,9.480962,-0.012916322,0.009986847,0.06511424,-44.1875,-3.4375,-46.975002,sitting
2033939722500308,-0.18185452,0.29671,9.815957,-0.06937529,0.0494016,-0.03914844,-44.1875,-3.45,-46.912502,sitting
2033939742500308,0.34516466,0.16749759,9.777672,-0.1364869,0.016378429,-0.060453713,-44.1875,-3.5125,-46.8875,sitting
2033939762500308,0.45044887,0.014356935,9.54796,-0.16737954,-0.028362645,0.021438431,-44.225002,-3.6125,-46.975002,sitting
2033939782500308,-0.20578274,0.22013968,9.634102,-0.21318589,0.014247901,0.044874232,-44.2625,-3.575,-46.9875,sitting
2033939802500308,-0.45942193,0.35413775,9.7681,-0.1833585,0.070706874,-0.015845796,-44.225002,-3.4625,-47.0625,sitting
2033939822500308,0.06281159,-0.19621146,9.571889,0.0019973693,0.02809633,-0.0105194785,-44.2375,-3.3625,-47.1375,sitting
2033939842500308,0.32123643,-0.7040881,9.873384,0.14048164,-0.03581949,0.015046849,-44.225002,-3.325,-47.125,sitting
2033939862500308,-0.2536392,-0.2727818,10.658829,0.08721846,-0.04860265,-0.015845796,-44.2,-3.275,-47.1125,sitting
2033939882500308,-0.35413775,-0.15792629,10.362119,-0.019307904,-0.0038615807,-0.0105194785,-44.125,-3.2125,-47.0875,sitting
2033939902500308,-0.01375873,-0.2727818,9.576674,-0.012916322,0.00785632,0.00972053,-44.0875,-3.125,-47.1125,sitting
2033939922500308,-0.0041874396,-0.19621146,9.351749,0.08402267,-0.016644744,0.0011984216,-44.100002,-3.0625,-47.1375,sitting
2033939942500308,-0.11006984,-0.086141616,9.906884,0.14900376,-0.013448954,0.038482647,-44.075,-3.0375001,-47.162502,sitting
2033939962500308,-0.0041874396,-0.15314065,10.247263,0.1681785,-0.05286371,0.07576688,-44.0625,-3.05,-47.075,sitting
2033939982500308,-0.3493521,-0.22492532,10.060623,0.15965639,-0.039015282,0.034221593,-44.0875,-3.1125,-47.0625,sitting
2033940002500308,-0.2632105,-0.062213387,9.998409,0.13089427,0.0046605286,-0.008388951,-44.125,-3.15,-47.0875,sitting
2033940022500308,0.24466611,-0.02871387,9.796814,0.12556796,0.01105211,-0.014780533,-44.1875,-3.1625001,-47.162502,sitting
2033940042500308,0.24466611,-0.05742774,9.648459,0.15859112,0.0035952649,-0.02223738,-44.2375,-3.2125,-47.075,sitting
2033940062500308,0.034097724,-0.0,9.825528,0.18402429,-0.0038615807,-0.023302643,-44.3375,-3.3375,-47.1375,sitting
2033940082500308,0.010169496,0.038285162,9.969097,0.14048164,0.012117374,-0.021172116,-44.325,-3.4375,-47.05,sitting
2033940102500308,-0.01375873,0.22971097,9.926026,0.011584742,0.02277001,-0.031824753,-44.4,-3.5875,-47.075,sitting
2033940122500308,0.029312078,0.4546363,9.610174,-0.17377113,0.012117374,-0.046605285,-44.45,-3.7625,-47.0625,sitting
2033940142500308,0.04366901,0.66041905,9.313464,-0.38029912,0.002530001,-0.029694224,-44.45,-3.8875,-47.0125,sitting
2033940162500308,-0.05682954,0.7902297,9.083753,-0.5720466,0.01105211,0.016112113,-44.4375,-4.0,-46.9625,sitting
2033940182500308,-0.25842485,0.85244304,9.040682,-0.66259396,0.09733847,0.023568958,-44.4,-4.0750003,-46.8125,sitting
2033940202500308,-0.35413775,0.60777694,9.160323,-0.3984086,0.06538056,-0.084954776,-44.3625,-4.0125003,-46.925,sitting
2033940222500308,-0.0951147,-0.79501534,9.528818,0.1564606,-0.045406863,-0.17550218,-44.287502,-3.825,-46.9,sitting
2033940242500308,0.3068795,-1.4321043,10.93161,0.40027282,-0.08482162,-0.17443693,-44.2375,-3.65,-46.95,sitting
2033940262500308,0.12981063,-0.9529416,11.922837,0.30866015,-0.068842664,-0.02543317,-44.2,-3.45,-47.025,sitting
2033940282500308,-0.124426775,-0.9194421,10.5487585,0.16391744,0.03981423,0.07150582,-44.2,-3.3,-47.075,sitting
2033940302500308,-0.57906306,-0.25842485,9.485747,-1.3315796E-4,0.07603319,-0.023302643,-44.175,-3.15,-47.162502,sitting
2033940322500308,0.15373886,0.31106696,9.260822,-0.14394376,-6.6578976E-4,-0.04554002,-44.15,-3.1125,-47.1375,sitting
2033940342500308,0.31166515,0.2536392,9.241679,-0.06831003,-0.019840535,0.03528686,-44.162502,-3.1125,-47.162502,sitting
2033940362500308,-0.3684947,-0.23928227,9.241679,0.17443693,0.00785632,0.039547913,-44.162502,-3.1375,-47.25,sitting
2033940382500308,-0.37328035,-0.2440679,10.280763,0.26711485,3.9947388E-4,-0.0073236874,-44.2125,-3.2250001,-47.2375,sitting
2033940402500308,0.11066805,-0.09092726,10.768898,0.17763272,0.0035952649,-0.019041587,-44.25,-3.3375,-47.2,sitting
2033940422500308,0.16331014,-0.2440679,10.1084795,0.08189214,0.027031064,0.010785795,-44.25,-3.4875,-47.125,sitting
2033940442500308,-0.0041874396,-0.124426775,9.500104,0.04354265,0.02277001,0.028895276,-44.25,-3.6000001,-47.1375,sitting
2033940462500308,-0.17228323,0.15792629,9.447462,0.013715269,-0.008122635,0.028895276,-44.25,-3.7,-47.162502,sitting
2033940482500308,-0.19142582,0.28235307,9.69153,-0.034221593,-0.04860265,0.03635212,-44.2625,-3.7,-47.25,sitting
2033940502500308,-0.26799613,0.28235307,9.734601,-0.11518163,-0.05392897,0.050200548,-44.25,-3.75,-47.3,sitting
2033940522500308,-0.28713873,0.37806597,9.653245,-0.22596905,-0.018775271,0.038482647,-44.287502,-3.8125,-47.2625,sitting
2033940542500308,-0.16271193,0.3924229,9.495318,-0.31651646,0.03981423,0.00652474,-44.2625,-3.8875,-47.225002,sitting
2033940562500308,0.13459627,0.30149564,9.366106,-0.30692908,0.09520794,0.008655267,-44.275,-3.9125001,-47.2125,sitting
2033940582500308,0.25902304,0.076570325,9.47139,-0.1514006,-0.08482162,0.015046849,-44.225002,-3.8375,-47.1875,sitting
2033940602500308,-0.037686955,-0.6658029,9.839885,0.10106689,0.0014647375,-0.026498433,-44.2125,-3.7375,-47.225002,sitting
2033940622500308,-0.46899325,-0.5174479,11.157134,0.19893798,0.032357384,-0.019041587,-44.1875,-3.6000001,-47.15,sitting
2033940642500308,0.43130627,-0.45044887,10.113265,0.1925464,-0.020905798,0.008655267,-44.162502,-3.45,-47.0875,sitting
2033940662500308,-0.01375873,-0.77587277,10.098908,0.10213215,-0.017710008,-0.015845796,-44.15,-3.3,-47.075,sitting
2033940682500308,-0.22492532,0.08135597,9.940384,-0.045939494,0.02809633,-0.006258424,-44.125,-3.2250001,-47.025,sitting
2033940702500308,0.034097724,0.16271193,9.447462,-0.057657395,0.052597392,0.034221593,-44.1375,-3.2,-47.0,sitting
2033940722500308,-0.11006984,-0.2536392,9.184252,0.08295741,-0.092278466,0.06831003,-44.1375,-3.125,-47.0125,sitting
2033940742500308,-0.28713873,-0.2632105,9.562318,0.23622221,-0.005992108,0.055526868,-44.162502,-3.1000001,-47.05,sitting
2033940762500308,-0.40677986,0.124426775,11.008181,0.26178855,0.0035952649,0.038482647,-44.2,-3.1125,-47.0125,sitting
2033940782500308,0.19202402,-0.4121637,10.089336,0.24474432,3.9947388E-4,0.024634222,-44.2,-3.2,-47.075,sitting
2033940802500308,0.08673982,-0.39780676,9.998409,0.20213377,0.0014647375,0.0011984216,-44.2125,-3.3375,-47.162502,sitting
2033940822500308,0.034097724,0.07178468,9.782457,0.07443529,-0.031558435,-0.014780533,-44.25,-3.45,-47.287502,sitting
2033940842500308,-0.018544376,0.4977071,9.624531,-0.13116059,-0.08375636,0.0054594763,-44.287502,-3.5875,-47.375,sitting
2033940862500308,-0.18664017,0.75673014,9.3613205,-0.3664507,-0.060320552,0.055526868,-44.275,-3.675,-47.4625,sitting
2033940882500308,-0.37806597,0.90508515,9.055039,-0.55606765,0.053662658,0.06511424,-44.275,-3.8125,-47.5625,sitting
2033940902500308,-0.22971097,0.799801,8.9013,-0.57524234,0.14421007,-0.029694224,-44.3125,-3.9,-47.7,sitting
2033940922500308,0.20638095,0.2727818,9.011969,-0.19614168,0.08135951,-0.10093373,-44.25,-3.9375,-47.8,sitting
2033940942500308,0.5844469,-1.096511,9.744172,0.33422646,-0.060320552,-0.008388951,-44.2,-3.8875,-47.95,sitting
2033940962500308,0.15373886,-1.2687942,11.4394865,0.10532794,0.023568958,-0.052996866,-44.125,-3.75,-48.175,sitting
2033940982500308,-0.4546363,-0.5844469,11.812767,-0.15433007,0.031292118,-0.0074568456,-44.037502,-3.65,-48.3625,sitting
2033941002500308,-0.11964113,-0.34516466,9.969097,-0.23262694,0.026232118,0.014247901,-43.9375,-3.575,-48.575,sitting
2033941022500308,0.3164508,0.13878371,9.198608,-0.074701615,0.00785632,-0.017710008,-43.875,-3.4750001,-48.8125,sitting
2033941042500308,-0.2632105,0.24885355,8.7673025,0.1849564,-0.036751594,-0.013582111,-43.775,-3.4125001,-49.05,sitting
2033941062500308,0.068793654,-0.36789647,10.449456,0.32770172,-0.035553172,-0.0047936863,-43.675,-3.3500001,-49.1125,sitting
2033941082500308,-0.06580263,-0.5174479,10.821541,0.32370698,-0.03302317,-0.017443692,-43.6875,-3.3,-49.3125,sitting
2033941102500308,-0.12562318,-0.49830532,10.73181,0.27417222,0.024367906,-0.040480018,-43.675,-3.3625,-49.375,sitting
2033941122500308,-0.022731815,-0.36370903,10.04507,0.23702116,0.06285056,-0.06311687,-43.6875,-3.4625,-49.412502,sitting
2033941142500308,0.22253251,-0.18903299,9.600603,0.19454378,0.06977477,-0.07350319,-43.7125,-3.575,-49.3625,sitting
2033941162500308,0.2638087,0.13399807,9.614362,0.10719215,0.042477388,-0.06391582,-43.75,-3.6625001,-49.2125,sitting
2033941182500308,0.124426775,0.39720857,9.669396,-0.050733183,-0.034887385,-0.023968432,-43.8,-3.8,-49.100002,sitting
2033941202500308,-0.16271193,0.6562316,9.588638,-0.25979117,-0.10066742,0.03142528,-43.8375,-3.95,-48.8125,sitting
2033941222500308,-0.48873404,0.8446664,9.350553,-0.4696481,-0.11385005,0.06897582,-43.8875,-4.1625,-48.725002,sitting
2033941242500308,-0.6759724,0.91585284,9.131011,-0.60387135,-0.09614004,0.04886897,-43.8875,-4.3625,-48.5625,sitting
2033941262500308,-0.573081,0.8853444,9.005388,-0.5063997,-0.02543317,-0.08602004,-43.95,-4.525,-48.4625,sitting
2033941282500308,-0.23090738,0.39900318,9.1465645,-0.008522109,-0.045406863,-0.21718062,-43.9375,-4.6625,-48.3,sitting
2033941302500308,0.32362926,-0.698106,9.744172,0.42823598,-0.07590003,-0.044607915,-43.9625,-4.65,-48.2625,sitting
2033941322500308,0.88414794,-1.8658035,11.110474,0.43902177,0.04607265,0.0962732,-43.95,-4.525,-48.3,sitting
2033941342500308,0.41156548,-0.785444,11.955738,0.20240009,0.053795815,-0.032357384,-43.95,-4.35,-48.375,sitting
2033941362500308,-0.6562316,0.15254244,10.508678,-0.13089427,0.10985532,-0.029561065,-43.9625,-4.175,-48.475002,sitting
2033941382500308,0.22612174,0.15074782,9.09811,-0.35579807,0.06910898,0.042477388,-43.975002,-4.05,-48.475002,sitting
2033941402500308,0.23090738,0.24466611,8.580064,-0.28202856,0.024634222,6.6578976E-4,-43.9875,-3.9750001,-48.375,sitting
2033941422500308,-0.42951167,0.27696922,8.682357,0.017310534,0.0049268445,-0.01890843,-43.95,-3.9,-48.287502,sitting
2033941442500308,-0.26919255,-0.076570325,9.61795,0.18562219,0.033555806,0.08016109,-43.9875,-3.775,-48.350002,sitting
2033941462500308,0.22671995,-0.23389842,10.869995,0.09054741,-0.20253325,0.2410159,-43.95,-3.7625,-48.375,sitting
2033941482500308,-0.13938192,-0.24825534,10.877173,-0.041545283,-0.16578165,0.4953476,-43.975002,-3.8625,-48.475002,sitting
2033941502500308,-0.9415757,0.14416756,9.98824,-0.075101085,0.018109482,0.687894,-43.925,-3.9375,-48.4875,sitting
2033941522500308,-1.550549,0.28175488,9.434301,-0.06005424,0.13755217,0.7033403,-43.9,-4.025,-48.55,sitting
2033941542500308,-0.7932207,0.30927232,9.260223,-0.0042610546,0.14500901,0.5185171,-43.850002,-3.9875,-48.7125,sitting
2033941562500308,0.29850462,0.10109676,9.6173525,0.12996216,0.13009532,0.12650006,-43.850002,-3.8500001,-48.875,sitting
2033941582500308,0.7890333,-0.5449654,9.8632145,0.21398483,0.10879005,-0.18948378,-43.825,-3.6625001,-48.8625,sitting
2033941602500308,1.6031911,-1.032503,10.347761,0.23901853,0.09906952,-0.24114905,-43.787502,-3.4375,-48.8625,sitting
2033941622500308,1.7001005,-1.0187442,10.362717,0.24887222,0.052996866,-0.19720693,-43.7,-3.2375,-48.8375,sitting
2033941642500308,0.32482567,-0.30927232,10.070792,0.14900376,-0.04700476,-0.019041587,-43.55,-3.0375001,-48.850002,sitting
2033941662500308,-0.36251262,-0.17826529,9.864411,-0.17590165,-0.06671213,0.032091066,-43.475002,-2.875,-48.912502,sitting
2033941682500308,-0.69332033,0.27876383,9.891929,-0.37923387,-0.079495296,0.024634222,-43.3875,-2.7250001,-48.912502,sitting
2033941702500308,0.421735,-1.585245,11.468201,-0.5880255,-0.0560595,0.027830012,-43.3125,-2.6625001,-48.9375,sitting
2033941722500308,-0.17228323,-1.6331015,11.334203,-0.6370277,0.06964161,0.034221593,-43.2375,-2.675,-48.95,sitting
2033941742500308,-0.30149564,-0.77587277,10.208978,-0.2536659,0.07390267,-0.021172116,-43.15,-2.775,-49.2,sitting
2033941762500308,0.014955142,0.5982057,9.672387,0.25113592,-0.016644744,-0.046605285,-43.075,-2.925,-49.275,sitting
2033941782500308,-0.071186475,0.38763726,8.800801,0.35872754,-0.057124764,-0.014780533,-43.125,-3.0,-49.25,sitting
2033941802500308,-0.31106696,-0.30149564,8.920443,0.24261379,-0.045406863,-0.020106852,-43.175,-2.9625,-49.2125,sitting
2033941822500308,-0.0041874396,-0.57009,10.960324,-0.0054594763,0.018508956,-0.020106852,-43.162502,-2.8875,-49.2,sitting
2033941842500308,-0.11964113,-0.68494546,11.181062,-0.22703432,0.052597392,0.0075900033,-43.1125,-2.7250001,-49.25,sitting
2033941862500308,0.11066805,-0.57487565,9.725029,-0.01824264,0.029161593,0.00652474,-43.075,-2.5125,-49.2625,sitting
2033941882500308,0.47916272,0.0047856453,9.480962,0.37044543,-0.04860265,0.0011984216,-43.037502,-2.3625,-49.287502,sitting
2033941902500308,0.32123643,0.4642076,9.533604,0.37577176,-0.025166854,-0.019041587,-43.100002,-2.2375,-49.2375,sitting
2033941922500308,-0.19142582,0.78065836,9.308679,0.27563697,0.050466865,-0.073236875,-43.1125,-2.1375,-49.2,sitting
2033941942500308,-0.66999036,0.9242278,9.141181,0.21385168,0.09520794,-0.122239,-43.0875,-2.075,-49.2125,sitting
2033941962500308,-0.8805587,0.8955139,9.045467,0.0946753,0.09094688,-0.12010848,-43.0875,-2.0625,-49.2,sitting
2033941982500308,-0.7848458,0.718445,9.150752,-0.086419515,0.03448791,-0.06471477,-43.1375,-2.1000001,-49.100002,sitting
2033942002500308,-0.2632105,0.23449662,9.442677,-0.29627645,-0.05392897,0.011851058,-43.25,-2.25,-48.9625,sitting
2033942022500308,0.68494546,-1.2592229,10.706685,-0.49641284,-0.12516847,0.07150582,-43.325,-2.45,-48.8125,sitting
2033942042500308,0.58923256,-1.7144574,11.3677025,-0.6146571,-0.09547425,0.10879005,-43.425,-2.5875,-48.7,sitting
2033942062500308,-0.037686955,-1.5565311,10.419546,-0.4399539,0.013182637,0.054461602,-43.425,-2.7250001,-48.55,sitting
2033942082500308,-0.16271193,-0.19621146,10.443475,0.042477388,0.033422645,-0.03701791,-43.4375,-2.825,-48.412502,sitting
2033942102500308,-0.2440679,0.44985065,9.39482,0.316117,0.04087949,-0.023302643,-43.4875,-2.95,-48.287502,sitting
2033942122500308,-0.44985065,0.3062813,8.867801,0.38109806,0.012117374,0.0011984216,-43.537502,-3.0125,-48.125,sitting
2033942142500308,-0.27756742,-0.02871387,9.299107,0.25646222,-0.018775271,-0.03395528,-43.575,-2.9875,-47.925,sitting
2033942162500308,0.08673982,-0.2727818,10.735399,0.0019973693,-0.0070573715,1.3315796E-4,-43.525,-2.8,-47.825,sitting
2033942182500308,0.2638087,-0.53659046,10.424332,-0.13329111,0.02809633,0.052331075,-43.4875,-2.6000001,-47.75,sitting
2033942202500308,0.26859435,-0.2632105,9.638887,0.05419529,0.005725792,0.045939494,-43.45,-2.3875,-47.7125,sitting
2033942222500308,0.07716853,0.16749759,9.586246,0.25539696,-0.01238369,-0.006258424,-43.45,-2.2250001,-47.6875,sitting
2033942242500308,-0.33499518,0.27756742,9.610174,0.2277001,0.04087949,-0.047670547,-43.475002,-2.125,-47.625,sitting
2033942262500308,-0.6939186,0.3589234,9.696316,0.16178691,0.08881636,-0.052996866,-43.475002,-2.05,-47.5625,sitting
2033942282500308,-0.63170516,0.5072784,9.54796,0.109588996,0.09520794,-0.026498433,-43.4875,-2.0375001,-47.537502,sitting
2033942302500308,-0.3924229,0.57427746,9.562318,0.066978455,0.0259658,0.023568958,-43.4625,-2.05,-47.575,sitting
2033942322500308,-0.2727818,0.4833502,9.122038,0.0126500055,-0.05392897,0.05872266,-43.5,-2.2125,-47.5125,sitting
2033942342500308,0.07238288,0.5694918,9.662816,-0.10985532,-0.11664637,0.05872266,-43.537502,-2.4125001,-47.5,sitting
2033942362500308,0.19680966,0.15792629,9.629316,-0.2739059,-0.118776895,0.06617951,-43.55,-2.55,-47.4,sitting
2033942382500308,0.3499503,-0.89072824,9.624531,-0.3271691,-0.029427908,0.08215846,-43.575,-2.625,-47.4625,sitting
2033942402500308,0.22073789,-1.2879368,11.262418,-0.36751595,-0.0038615807,0.05339634,-43.575,-2.7125,-47.5625,sitting
2033942422500308,-0.23928227,-1.1204392,10.802398,-0.4218444,0.06005424,-0.031824753,-43.575,-2.8,-47.65,sitting
2033942442500308,-0.066400826,-0.31585258,9.815957,-0.10452899,-0.0017310535,-0.0870853,-43.55,-2.8625,-47.625,sitting
2033942462500308,-0.07597212,0.25842485,9.418748,0.26498434,-0.025166854,-0.014780533,-43.5625,-2.9125001,-47.625,sitting
2033942482500308,-0.47377887,0.18185452,9.241679,0.259658,0.05472792,0.032091066,-43.6125,-2.8375,-47.7125,sitting
2033942502500308,-0.11485548,-0.014356935,9.91167,0.10426268,0.017443692,-0.04554002,-43.5875,-2.6875,-47.725002,sitting
2033942522500308,0.3068795,-0.28713873,10.208978,-0.049135286,-0.039015282,-0.01691106,-43.537502,-2.6000001,-47.675,sitting
2033942542500308,-0.0951147,-0.33020952,9.811171,-0.03635212,0.002530001,0.055526868,-43.5125,-2.4625,-47.55,sitting
2033942562500308,-0.4642076,-0.09571291,9.954741,0.07230477,0.029161593,0.0011984216,-43.5125,-2.2250001,-47.5125,sitting
2033942582500308,-0.34456646,-0.043070808,9.945169,0.07017424,0.0046605286,-0.05725792,-43.475002,-2.15,-47.4625,sitting
2033942602500308,5.9820566E-4,-0.11964113,9.725029,0.07976162,-0.019840535,-0.0105194785,-43.45,-2.075,-47.525,sitting
2033942622500308,0.18723837,-0.043070808,9.882956,0.11385005,-0.04114581,0.03528686,-43.4625,-2.0125,-47.525,sitting
2033942642500308,0.06759724,0.2009971,9.811171,0.098936364,-0.04114581,0.017177377,-43.412502,-2.0,-47.5125,sitting
2033942662500308,-0.11006984,0.35413775,9.452248,0.10106689,-0.014514217,-0.017976323,-43.3875,-2.05,-47.4375,sitting
2033942682500308,-0.28713873,0.44506502,9.313464,0.10745847,3.9947388E-4,-0.026498433,-43.425,-2.05,-47.45,sitting
2033942702500308,-0.30149564,0.4211368,9.442677,0.021172116,0.015313165,-0.015845796,-43.412502,-2.0875,-47.4,sitting
2033942722500308,-0.11006984,0.25842485,9.600603,-0.11518163,0.0035952649,0.003328949,-43.412502,-2.2125,-47.375,sitting
2033942742500308,0.11545369,-0.22492532,9.792028,-0.22490379,-0.013448954,0.031025803,-43.412502,-2.2375,-47.412502,sitting
2033942762500308,0.18723837,-0.98644114,10.395618,-0.28668907,3.9947388E-4,0.043808967,-43.4625,-2.2625,-47.3625,sitting
2033942782500308,-0.09032906,-0.799801,10.706685,-0.30692908,0.03448791,0.013981585,-43.5,-2.325,-47.4375,sitting
2033942802500308,-0.30149564,-0.40259242,9.84467,-0.1748364,0.032357384,-0.048735812,-43.537502,-2.4125001,-47.45,sitting
2033942822500308,0.10109676,-0.086141616,9.61496,0.07123951,-0.010253162,-0.04447476,-43.5625,-2.4625,-47.425,sitting
2033942842500308,-0.24885355,-0.1052842,9.705887,0.12769848,0.00785632,0.028895276,-43.5875,-2.5125,-47.5125,sitting
2033942862500308,-0.38285163,-0.30149564,10.046266,0.053130023,0.04620581,0.012916322,-43.5875,-2.525,-47.6375,sitting
2033942882500308,-0.008973085,-0.6466603,10.285548,0.0030626329,0.018508956,-0.02543317,-43.6125,-2.45,-47.6875,sitting
2033942902500308,-0.071186475,-0.60358953,10.319048,0.04567318,-0.028362645,0.0022636852,-43.575,-2.3375,-47.6375,sitting
2033942922500308,0.05802595,-0.2536392,10.031909,0.16285218,-0.025166854,-0.008388951,-43.525,-2.2,-47.662502,sitting
2033942942500308,0.19680966,0.18185452,9.591031,0.28096327,-0.0326237,-0.03395528,-43.5125,-2.125,-47.6375,sitting
2033942962500308,0.091525465,0.57906306,9.351749,0.33742225,-0.031558435,-0.043409493,-43.475002,-2.025,-47.675,sitting
2033942982500308,-0.28713873,0.91465646,9.241679,0.28842014,-0.008122635,-0.07430214,-43.4875,-1.9375,-47.775,sitting
2033943002500308,-0.6221339,1.0486546,9.074182,0.17030902,0.017443692,-0.0988032,-43.475002,-1.875,-47.7125,sitting
2033943022500308,-0.5072784,0.8141579,8.95454,0.015845796,0.018508956,-0.06897582,-43.475002,-1.8375,-47.662502,sitting
2033943042500308,-0.11485548,0.29671,9.131609,-0.17590165,-0.015579481,0.017177377,-43.4875,-1.9375,-47.6375,sitting
2033943062500308,0.4121637,-0.6897311,10.491331,-0.40480018,-0.039015282,0.08109319,-43.5625,-2.0125,-47.625,sitting
2033943082500308,0.38344982,-1.570888,11.233705,-0.58696026,0.005725792,0.08322372,-43.600002,-2.175,-47.675,sitting
2033943102500308,-0.11006984,-1.4799608,10.649257,-0.5102613,0.053662658,0.003328949,-43.6125,-2.3375,-47.5625,sitting
2033943122500308,-0.29671,-0.4648058,10.161121,-0.10026794,0.02277001,-0.09134636,-43.662502,-2.5375001,-47.6125,sitting
2033943142500308,0.12023934,0.5168497,9.648459,0.22343905,0.009986847,-0.048735812,-43.65,-2.7250001,-47.600002,sitting
2033943162500308,-0.4881358,0.32542387,8.829515,0.29907277,0.031292118,0.04700476,-43.7125,-2.8,-47.6125,sitting
2033943182500308,-0.526421,-0.2440679,9.074182,0.20639484,0.014247901,-0.02223738,-43.725002,-2.875,-47.65,sitting
2033943202500308,0.30209386,-0.28713873,11.032707,-0.05978792,-0.016644744,-0.03914844,-43.725002,-2.75,-47.6875,sitting
2033943222500308,-0.148355,-0.5605187,10.309476,-0.24088274,0.012117374,0.043808967,-43.7125,-2.6625001,-47.7375,sitting
2033943242500308,-0.2440679,-0.22013968,9.643674,-0.0054594763,-0.011318427,-0.0019973693,-43.65,-2.525,-47.7125,sitting
2033943262500308,5.9820566E-4,0.10049855,9.777672,0.19361167,-0.039015282,-0.023302643,-43.6125,-2.3500001,-47.8125,sitting
2033943282500308,0.019740786,0.22013968,9.567103,0.13622059,-0.019840535,0.026764749,-43.575,-2.2125,-47.75,sitting
2033943302500308,-0.11964113,0.18664017,9.399606,0.100001626,-0.011318427,0.019307904,-43.575,-2.0625,-47.725002,sitting
2033943322500308,-0.16749759,0.043070808,9.748958,0.041412123,-0.017710008,-0.021172116,-43.5,-2.0125,-47.75,sitting
2033943342500308,0.08673982,-0.2727818,10.055838,-0.060853187,-0.002796317,-0.014780533,-43.4875,-1.975,-47.787502,sitting
2033943362500308,0.06759724,-0.38344982,10.094122,-0.08748478,0.014247901,0.024634222,-43.475002,-2.075,-47.8,sitting
2033943382500308,-0.12921242,-0.1052842,9.969097,-0.027830012,0.012117374,0.008655267,-43.475002,-2.15,-47.787502,sitting
2033943402500308,-0.11485548,0.124426775,9.653245,0.03715107,0.01105211,-0.026498433,-43.537502,-2.25,-47.8,sitting
2033943422500308,-0.20578274,0.22971097,9.437891,0.07337003,0.009986847,-0.019041587,-43.5625,-2.3625,-47.7125,sitting
2033943442500308,-0.32542387,0.18664017,9.557532,0.031824753,0.016378429,-0.014780533,-43.6125,-2.3500001,-47.662502,sitting
2033943462500308,-0.22013968,-0.043070808,9.887741,-0.06937529,0.012117374,-0.0105194785,-43.5875,-2.3875,-47.7,sitting
2033943482500308,0.014955142,-0.503091,10.070194,-0.14500901,0.0035952649,0.016112113,-43.575,-2.4125001,-47.662502,sitting
2033943502500308,-0.037686955,-0.53659046,10.275977,-0.14287849,-0.0038615807,0.027830012,-43.5625,-2.4375,-47.5125,sitting
2033943522500308,-0.11964113,-0.11964113,9.969097,-0.07896267,-0.008122635,-0.0030626329,-43.575,-2.45,-47.5,sitting
2033943542500308,-0.05682954,0.02871387,9.485747,0.03502054,-0.011318427,-0.011584742,-43.55,-2.5125,-47.4625,sitting
2033943562500308,-0.14356937,-0.05742774,9.600603,0.08295741,-0.015579481,0.0054594763,-43.5,-2.4875,-47.5,sitting
2033943582500308,-0.11964113,-0.27756742,10.094122,-0.003328949,-0.0017310535,-0.0030626329,-43.525,-2.4625,-47.625,sitting
2033943602500308,-0.047258247,-0.40259242,10.122836,-0.07044056,0.013182637,1.3315796E-4,-43.475002,-2.4125001,-47.6375,sitting
2033943622500308,-0.09990034,-0.3397808,9.902099,-0.010785795,0.0035952649,0.0043942127,-43.4875,-2.3625,-47.600002,sitting
2033943642500308,-0.0041874396,-0.13878371,9.954741,0.07230477,-0.016644744,-0.0126500055,-43.575,-2.375,-47.662502,sitting
2033943662500308,0.12023934,-0.019142581,9.744172,0.097871095,-0.0070573715,-0.0030626329,-43.5625,-2.3625,-47.7125,sitting
2033943682500308,-0.018544376,0.15792629,9.533604,0.12343743,0.0014647375,-9.321057E-4,-43.575,-2.3625,-47.6875,sitting
2033943702500308,-0.27756742,0.23928227,9.54796,0.11065426,0.013182637,-0.026498433,-43.6125,-2.275,-47.7125,sitting
2033943722500308,-0.42592242,0.16271193,9.662816,0.042477388,0.03448791,-0.03701791,-43.6375,-2.2250001,-47.575,sitting
2033943742500308,-0.31106696,-0.062213387,9.873384,-0.032091066,0.029161593,-0.017976323,-43.6375,-2.1375,-47.537502,sitting
2033943762500308,-0.047258247,-0.22492532,10.017552,-0.08322372,3.9947388E-4,0.017177377,-43.7,-2.1625001,-47.575,sitting
2033943782500308,0.048454657,-0.29192436,9.978668,-0.08109319,-0.023036325,0.03528686,-43.7125,-2.2125,-47.537502,sitting
2033943802500308,-0.0424726,-0.076570325,9.897313,-0.03528686,-0.026232118,0.022503695,-43.675,-2.2250001,-47.4875,sitting
2033943822500308,-0.08554341,0.1052842,9.629316,0.0105194785,-0.0070573715,0.0075900033,-43.675,-2.2375,-47.475002,sitting
2033943842500308,-0.13399807,0.1052842,9.552746,0.029694224,-0.005992108,0.0054594763,-43.6875,-2.25,-47.475002,sitting
2033943862500308,-0.18185452,-0.014356935,9.792028,-0.017177377,-0.0049268445,0.0022636852,-43.7,-2.325,-47.525,sitting
2033943882500308,-0.037686955,-0.35473597,10.003195,-0.09494162,0.0046605286,0.0054594763,-43.662502,-2.375,-47.525,sitting
2033943902500308,-0.028115666,-0.39780676,10.079765,-0.117312156,0.002530001,0.012916322,-43.6125,-2.45,-47.5,sitting
2033943922500308,-0.037686955,-0.2440679,9.873384,-0.07150582,-0.0049268445,-0.0041278964,-43.600002,-2.4875,-47.4375,sitting
2033943942500308,-0.028115666,-0.1052842,9.7681,-0.0011984216,-0.008122635,-0.011584742,-43.625,-2.5125,-47.475002,sitting
2033943962500308,-0.12921242,-0.124426775,9.7298155,0.029694224,0.012117374,0.0075900033,-43.6375,-2.45,-47.4875,sitting
2033943982500308,-0.13399807,-0.32063824,9.964312,0.0105194785,0.018508956,0.0022636852,-43.65,-2.4,-47.55,sitting
2033944002500308,-0.11485548,-0.4121637,10.18505,-0.015046849,0.02277001,1.3315796E-4,-43.625,-2.3625,-47.525,sitting
2033944022500308,-0.15792629,-0.23449662,9.969097,0.014780533,0.023835273,0.003328949,-43.600002,-2.2875001,-47.525,sitting
2033944042500308,-0.18185452,-0.1052842,9.7681,0.0946753,-6.6578976E-4,-0.015845796,-43.625,-2.2375,-47.675,sitting
2033944062500308,-0.19142582,0.062213387,9.782457,0.13835111,-0.013448954,-0.023302643,-43.6125,-2.175,-47.787502,sitting
2033944082500308,-0.19621146,0.043070808,9.734601,0.12237216,-0.005992108,-0.0073236874,-43.55,-2.0875,-47.850002,sitting
2033944102500308,-0.22013968,0.19142582,9.7681,0.10532794,-0.0038615807,0.013981585,-43.5125,-2.0,-47.95,sitting
2033944122500308,-0.061615184,0.30149564,9.54796,0.08082688,-0.005992108,0.022503695,-43.4875,-2.0125,-47.9875,sitting
2033944142500308,-0.047258247,0.26799613,9.337392,0.053130023,-0.028362645,0.020373167,-43.5,-2.0,-47.8875,sitting
2033944162500308,-0.148355,0.16749759,9.595817,-0.012916322,-0.03581949,0.010785795,-43.4875,-2.0125,-47.912502,sitting
2033944182500308,-0.0424726,-0.043070808,9.906884,-0.1279648,-0.0049268445,0.016112113,-43.5125,-2.0625,-47.875,sitting
2033944202500308,0.07716853,-0.5270192,10.00798,-0.1950764,0.009986847,0.03315633,-43.4625,-2.1125,-47.825,sitting
2033944222500308,0.019740786,-0.62751776,10.323833,-0.17696692,0.005725792,0.02996054,-43.5,-2.15,-47.7375,sitting
2033944242500308,-0.11964113,-0.24885355,10.079765,-0.12370374,0.016378429,0.0022636852,-43.55,-2.275,-47.7,sitting
2033944262500308,-0.1052842,0.019142581,9.538389,-0.0043942127,0.018508956,-0.009454215,-43.5625,-2.3500001,-47.625,sitting
2033944282500308,-0.12921242,0.02871387,9.543175,0.07443529,0.0067910557,0.003328949,-43.600002,-2.3875,-47.5625,sitting
2033944302500308,-0.15792629,-0.3062813,9.973883,-0.0011984216,0.01105211,0.0011984216,-43.600002,-2.45,-47.6125,sitting
2033944322500308,-0.148355,-0.5988039,10.295119,-0.085354246,0.0259658,0.0075900033,-43.600002,-2.4375,-47.625,sitting
2033944342500308,-0.29192436,-0.41694933,10.141979,-0.045939494,0.047271073,0.025699485,-43.6125,-2.3875,-47.6125,sitting
2033944362500308,-0.09990034,-0.16271193,9.854242,0.06910898,-6.6578976E-4,-0.008388951,-43.65,-2.3125,-47.575,sitting
2033944382500308,5.9820566E-4,-0.1052842,9.772886,0.1415469,-0.05925529,-0.030759487,-43.662502,-2.2625,-47.575,sitting
2033944402500308,-0.08075777,0.062213387,9.839885,0.14261217,-0.043276336,-0.019041587,-43.662502,-2.175,-47.600002,sitting
2033944422500308,-0.11485548,0.23449662,9.61496,0.12769848,-0.01238369,-0.019041587,-43.65,-2.1000001,-47.6875,sitting
2033944442500308,-0.15314065,0.33499518,9.39482,0.12876374,-0.013448954,-0.015845796,-43.6125,-2.0375001,-47.725002,sitting
2033944462500308,-0.16271193,0.3062813,9.404391,0.08295741,-0.013448954,-0.009454215,-43.662502,-2.0125,-47.775,sitting
2033944482500308,-0.17228323,0.15792629,9.6580305,-0.022503695,-0.005992108,0.0022636852,-43.662502,-2.0,-47.8375,sitting
2033944502500308,-0.066400826,-0.09092726,9.892527,-0.12583427,0.0067910557,0.019307904,-43.7,-2.0,-47.850002,sitting
2033944522500308,0.091525465,-0.421735,10.036695,-0.17377113,0.00785632,0.032091066,-43.6875,-2.05,-47.8375,sitting
2033944542500308,0.019740786,-0.49351966,10.18505,-0.1599227,0.00785632,0.028895276,-43.675,-2.1125,-47.775,sitting
2033944562500308,-0.13878371,-0.23928227,10.031909,-0.10985532,0.020639483,0.0075900033,-43.6875,-2.2,-47.775,sitting
2033944582500308,-0.16271193,-0.038285162,9.638887,-0.022503695,0.02809633,-0.0041278964,-43.7,-2.2875001,-47.625,sitting
2033944602500308,-0.19621146,-0.0526421,9.6580305,0.03502054,0.016378429,0.0043942127,-43.7125,-2.3500001,-47.6375,sitting
2033944622500308,-0.16749759,-0.36909288,9.998409,-0.010785795,0.013182637,0.0043942127,-43.675,-2.4,-47.625,sitting
2033944642500308,-0.16749759,-0.5270192,10.26162,-0.07044056,0.017443692,0.0075900033,-43.7125,-2.4,-47.4625,sitting
2033944662500308,-0.16749759,-0.32542387,10.012766,-0.031025803,0.015313165,0.010785795,-43.675,-2.4375,-47.4625,sitting
2033944682500308,-0.0424726,-0.22492532,9.782457,0.07230477,-0.023036325,-0.008388951,-43.675,-2.3875,-47.475002,sitting
2033944702500308,-0.028115666,-0.21535404,9.964312,0.12876374,-0.037950017,-0.011584742,-43.7,-2.3125,-47.4625,sitting
2033944722500308,-0.052043892,-0.019142581,9.973883,0.121306896,-0.020905798,-0.014780533,-43.662502,-2.2375,-47.537502,sitting
2033944742500308,-0.032901313,0.16271193,9.591031,0.14793849,-0.013448954,-0.024367906,-43.625,-2.175,-47.55,sitting
2033944762500308,-0.124426775,0.32542387,9.413962,0.18402429,-0.015579481,-0.020106852,-43.625,-2.0875,-47.55,sitting
2033944782500308,-0.28713873,0.3589234,9.5048895,0.13409007,-0.0017310535,-0.019041587,-43.6125,-1.9875001,-47.425,sitting
2033944802500308,-0.17706887,0.27756742,9.591031,0.029694224,0.01105211,-0.014780533,-43.575,-1.9375,-47.5125,sitting
2033944822500308,-0.01375873,0.16749759,9.624531,-0.057657395,-6.6578976E-4,0.00652474,-43.575,-1.9375,-47.537502,sitting
2033944842500308,0.014955142,0.11006984,9.69153,-0.11518163,-0.011318427,0.022503695,-43.5875,-1.9875001,-47.55,sitting
2033944862500308,-0.008973085,-0.17228323,9.806385,-0.16418377,0.0046605286,0.021438431,-43.537502,-2.0625,-47.625,sitting
2033944882500308,-0.11964113,-0.6131608,10.228121,-0.19614168,0.029161593,0.023568958,-43.55,-2.15,-47.55,sitting
2033944902500308,-0.148355,-0.637089,10.429117,-0.20572904,0.04833634,0.021438431,-43.5625,-2.2250001,-47.5875,sitting
2033944922500308,-0.22492532,-0.3786642,9.945169,-0.12157321,0.036618438,0.00972053,-43.5625,-2.3875,-47.625,sitting
2033944942500308,-0.23449662,-0.038285162,9.672387,0.039281595,0.0067910557,0.0054594763,-43.600002,-2.5,-47.75,sitting
2033944962500308,-0.148355,-0.086141616,9.662816,0.08402267,-0.01238369,1.3315796E-4,-43.600002,-2.625,-47.75,sitting
2033944982500308,-0.037686955,-0.3397808,10.003195,0.027563697,-0.028362645,-0.006258424,-43.6125,-2.6125,-47.6875,sitting
2033945002500308,-0.13878371,-0.31585258,10.175478,-0.013981585,-0.019840535,-9.321057E-4,-43.575,-2.575,-47.7,sitting
2033945022500308,-0.0951147,-0.21535404,9.882956,0.026498433,-0.005992108,-0.0030626329,-43.600002,-2.5,-47.6875,sitting
2033945042500308,0.019740786,-0.2632105,9.830314,0.1063932,-0.02410159,-0.009454215,-43.600002,-2.375,-47.65,sitting
2033945062500308,0.06759724,-0.2440679,10.04148,0.12556796,-0.031558435,-0.014780533,-43.600002,-2.2625,-47.6375,sitting
2033945082500308,0.18723837,-0.15792629,9.902099,0.12876374,-0.01238369,-0.027563697,-43.5875,-2.125,-47.5875,sitting
2033945102500308,0.13938192,0.17228323,9.667602,0.17337166,-0.0070573715,-0.055127393,-43.575,-2.05,-47.575,sitting
2033945122500308,-0.17228323,0.5694918,9.452248,0.19574219,-0.005992108,-0.10839058,-43.5625,-1.9625,-47.6125,sitting
2033945142500308,-0.44506502,0.76630145,9.222537,0.15965639,0.008921583,-0.13289164,-43.5625,-1.9,-47.575,sitting
2033945162500308,-0.4833502,0.6843473,9.126823,0.07017424,0.03448791,-0.08602004,-43.5875,-1.95,-47.5,sitting
2033945182500308,-0.33499518,0.44985065,9.275179,-0.07576688,0.041944757,-0.008388951,-43.600002,-2.025,-47.45,sitting
2033945202500308,-0.124426775,-0.086141616,9.863813,-0.26218802,0.01105211,0.032091066,-43.65,-2.1625001,-47.537502,sitting
2033945222500308,0.21595225,-1.3986049,10.735399,-0.4154528,-0.017710008,0.03635212,-43.6375,-2.3,-47.5125,sitting
2033945242500308,0.014955142,-1.5086746,11.032707,-0.4388886,0.01105211,0.038482647,-43.7,-2.4125001,-47.5625,sitting
2033945262500308,-0.2632105,-0.651446,10.400404,-0.21744694,0.020639483,-0.0073236874,-43.75,-2.525,-47.625,sitting
2033945282500308,-0.19621146,0.4642076,9.509675,0.16391744,-0.017710008,-0.035952646,-43.7375,-2.675,-47.600002,sitting
2033945302500308,-0.2009971,0.4833502,8.839087,0.32463908,-0.04114581,-9.321057E-4,-43.7625,-2.8375,-47.625,sitting
2033945322500308,0.019740786,-0.15314065,8.98804,0.20746009,-0.043276336,0.0054594763,-43.7625,-2.8375,-47.65,sitting
2033945342500308,5.9820566E-4,-0.31106696,10.864612,-0.054461602,-0.019840535,0.012916322,-43.7625,-2.7875001,-47.6375,sitting
2033945362500308,-0.19142582,-0.56530434,10.520044,-0.24727432,0.047271073,0.0075900033,-43.6875,-2.6875,-47.625,sitting
2033945382500308,-0.15314065,-0.28235307,9.624531,-0.055526868,0.017443692,-0.008388951,-43.7,-2.55,-47.625,sitting
2033945402500308,0.10109676,0.11485548,9.681958,0.18189377,-0.040080544,0.0022636852,-43.65,-2.4875,-47.537502,sitting
2033945422500308,0.06759724,0.22013968,9.538389,0.13515532,-0.016644744,0.017177377,-43.575,-2.4,-47.475002,sitting
2033945442500308,-0.26799613,0.19142582,9.452248,0.07123951,3.9947388E-4,-0.0041278964,-43.625,-2.3375,-47.4375,sitting
2033945462500308,-0.124426775,0.019142581,9.763314,0.0073236874,0.008921583,-0.034887385,-43.55,-2.2250001,-47.475002,sitting
2033945482500308,0.019740786,-0.29671,9.973883,-0.084288985,0.017443692,-0.0073236874,-43.600002,-2.1875,-47.4625,sitting
2033945502500308,-0.19621146,-0.46002015,10.127622,-0.106659524,0.01957422,0.015046849,-43.625,-2.2125,-47.525,sitting
2033945522500308,-0.29671,-0.24885355,10.189836,-0.064048976,0.02809633,-0.0030626329,-43.675,-2.2625,-47.425,sitting
2033945542500308,-0.16749759,-0.08135597,9.739387,0.009454215,0.020639483,-0.0019973693,-43.7125,-2.3375,-47.475002,sitting
2033945562500308,-0.18185452,0.047856454,9.624531,0.08295741,-0.029427908,0.003328949,-43.725002,-2.3375,-47.5,sitting
2033945582500308,-0.023330022,0.148355,9.744172,0.068043716,-0.03581949,0.0054594763,-43.725002,-2.375,-47.5125,sitting
2033945602500308,-0.008973085,0.30149564,9.528818,0.014780533,-0.011318427,0.031025803,-43.7125,-2.3625,-47.4875,sitting
2033945622500308,-0.05682954,0.0047856453,9.351749,-0.0075900033,-0.011318427,0.03528686,-43.75,-2.4,-47.425,sitting
2033945642500308,-0.061615184,-0.43609193,10.161121,-0.07683214,-0.0017310535,0.026764749,-43.6875,-2.4375,-47.4625,sitting
2033945662500308,-0.1052842,-0.5174479,10.476974,-0.19401114,0.0259658,0.021438431,-43.675,-2.425,-47.5125,sitting
2033945682500308,-0.023330022,-0.5174479,9.787243,-0.14713953,0.017443692,0.003328949,-43.65,-2.4125001,-47.6125,sitting
2033945702500308,0.053240303,-0.17706887,9.849456,0.032890014,-0.023036325,-0.0019973693,-43.600002,-2.375,-47.5625,sitting
2033945722500308,-0.16749759,-0.05742774,9.787243,0.06910898,-0.0038615807,0.0011984216,-43.5875,-2.3875,-47.55,sitting
2033945742500308,-0.047258247,-0.086141616,9.7681,0.050999496,0.014247901,-0.0105194785,-43.600002,-2.375,-47.5625,sitting
2033945762500308,-0.0951147,-0.07178468,9.830314,0.039281595,0.00785632,-0.0030626329,-43.575,-2.3500001,-47.537502,sitting
2033945782500308,-0.148355,-0.0526421,9.792028,0.023302643,0.00785632,-0.0041278964,-43.600002,-2.2875001,-47.6375,sitting
2033945802500308,-0.19142582,-0.06699903,9.748958,0.02223738,0.017443692,-0.0051931604,-43.625,-2.2125,-47.625,sitting
2033945822500308,-0.22013968,-0.14356937,9.859028,0.014780533,0.015313165,-0.0019973693,-43.6125,-2.2,-47.55,sitting
2033945842500308,-0.148355,-0.22013968,9.984053,-0.008655267,0.0014647375,-0.0030626329,-43.6125,-2.2250001,-47.4625,sitting
2033945862500308,-0.148355,-0.17706887,9.902099,-0.0054594763,-0.010253162,0.003328949,-43.662502,-2.25,-47.5125,sitting
2033945882500308,-0.14356937,-0.023928227,9.796814,0.031824753,-0.020905798,1.3315796E-4,-43.662502,-2.2,-47.600002,sitting
2033945902500308,-0.028115666,0.076570325,9.686745,0.05419529,-0.028362645,-9.321057E-4,-43.6375,-2.175,-47.5625,sitting
2033945922500308,0.04366901,0.09092726,9.58146,0.044607915,-0.025166854,0.011851058,-43.6375,-2.1375,-47.675,sitting
2033945942500308,-0.1052842,0.043070808,9.720243,0.011584742,-0.015579481,0.015046849,-43.600002,-2.175,-47.65,sitting
2033945962500308,-0.124426775,-0.038285162,9.849456,-0.043808967,0.0035952649,0.003328949,-43.575,-2.25,-47.575,sitting
2033945982500308,-0.01375873,-0.28713873,9.84467,-0.08215846,0.014247901,0.00652474,-43.575,-2.3,-47.55,sitting
2033946002500308,-0.07597212,-0.26799613,10.003195,-0.08002793,0.009986847,0.011851058,-43.55,-2.275,-47.55,sitting
2033946022500308,-0.08554341,-0.23928227,9.868599,-0.07150582,0.008921583,-0.0030626329,-43.537502,-2.275,-47.45,sitting
2033946042500308,-0.028115666,-0.29671,9.835099,-0.032091066,0.005725792,-0.0041278964,-43.537502,-2.3375,-47.4,sitting
2033946062500308,-0.11485548,-0.36430725,10.003195,-0.00972053,0.015313165,0.015046849,-43.5875,-2.3500001,-47.45,sitting
2033946082500308,-0.2105684,-0.25842485,10.031909,-0.003328949,0.032357384,0.011851058,-43.600002,-2.375,-47.412502,sitting
2033946102500308,-0.0424726,-0.11964113,9.787243,0.039281595,0.02277001,-0.0051931604,-43.600002,-2.3375,-47.475002,sitting
2033946122500308,-0.11485548,-0.043070808,9.725029,0.08082688,-0.008122635,-0.011584742,-43.625,-2.3,-47.5875,sitting
2033946142500308,-0.26799613,-0.09571291,9.835099,0.07550056,-0.0049268445,-0.02223738,-43.600002,-2.25,-47.65,sitting
2033946162500308,-0.25842485,-0.15314065,9.921241,0.04567318,0.0035952649,-0.023302643,-43.6375,-2.2375,-47.8,sitting
2033946182500308,-0.07597212,-0.20578274,9.892527,0.03715107,-0.01238369,-0.011584742,-43.5875,-2.175,-47.925,sitting
2033946202500308,0.081954174,-0.18185452,9.91167,0.059521604,-0.03581949,-9.321057E-4,-43.575,-2.125,-47.9,sitting
2033946222500308,0.05802595,0.023928227,9.806385,0.08508793,-0.031558435,-0.0073236874,-43.5625,-2.075,-47.9375,sitting
2033946242500308,-0.11485548,0.27756742,9.595817,0.10532794,-0.019840535,-0.03914844,-43.55,-2.075,-47.925,sitting
2033946262500308,-0.29192436,0.4211368,9.390035,0.10213215,-0.014514217,-0.05725792,-43.55,-2.0875,-47.8875,sitting
2033946282500308,-0.15314065,0.29671,9.404391,0.04567318,-0.002796317,-0.029694224,-43.525,-2.1375,-47.775,sitting
2033946302500308,-0.0424726,0.13399807,9.6580305,-0.054461602,0.012117374,0.023568958,-43.5625,-2.1875,-47.775,sitting
2033946322500308,-0.01375873,-0.24885355,9.935597,-0.16205323,0.012117374,0.03635212,-43.5625,-2.2625,-47.7,sitting
2033946342500308,0.05802595,-0.78065836,10.290334,-0.21744694,0.012117374,0.019307904,-43.625,-2.375,-47.625,sitting
2033946362500308,-0.066400826,-0.56530434,10.414761,-0.1982722,0.027031064,0.012916322,-43.6125,-2.4875,-47.5875,sitting
2033946382500308,-0.148355,-0.09092726,9.758529,-0.07896267,0.0259658,1.3315796E-4,-43.600002,-2.55,-47.5,sitting
2033946402500308,-0.13399807,0.07178468,9.399606,0.08189214,0.009986847,1.3315796E-4,-43.625,-2.625,-47.575,sitting
2033946422500308,-0.24885355,-0.09571291,9.777672,0.07550056,0.009986847,0.00972053,-43.65,-2.7,-47.4875,sitting
2033946442500308,-0.148355,-0.41694933,10.199407,-0.044874232,0.023835273,0.0022636852,-43.675,-2.6875,-47.4875,sitting
2033946462500308,-0.18664017,-0.5413761,10.137193,-0.074701615,0.0259658,0.012916322,-43.6375,-2.6125,-47.4375,sitting
2033946482500308,-0.14356937,-0.28713873,10.012766,0.01691106,-0.0049268445,0.0011984216,-43.625,-2.525,-47.375,sitting
2033946502500308,-0.071186475,-0.15792629,9.839885,0.10106689,-0.037950017,-0.01691106,-43.575,-2.4875,-47.4375,sitting
2033946522500308,-0.023330022,0.043070808,9.796814,0.14261217,-0.04114581,-0.008388951,-43.575,-2.4,-47.475002,sitting
2033946542500308,-0.032901313,0.16749759,9.619745,0.14793849,-0.027297381,-0.009454215,-43.5875,-2.3125,-47.5125,sitting
2033946562500308,-0.13399807,0.31106696,9.5048895,0.13728586,-0.02410159,-0.013715269,-43.55,-2.2375,-47.4875,sitting
2033946582500308,-0.15314065,0.32063824,9.437891,0.09147952,-0.005992108,-0.0126500055,-43.55,-2.1375,-47.5125,sitting
2033946602500308,-0.124426775,0.18185452,9.557532,0.009454215,-6.6578976E-4,1.3315796E-4,-43.575,-2.125,-47.600002,sitting
2033946622500308,-0.07597212,0.023928227,9.811171,-0.085354246,-6.6578976E-4,0.012916322,-43.6125,-2.1875,-47.6125,sitting
2033946642500308,0.029312078,-0.23928227,9.926026,-0.15566164,0.01105211,0.022503695,-43.65,-2.25,-47.75,sitting
2033946662500308,0.024526432,-0.47916272,10.094122,-0.16524902,0.014247901,0.022503695,-43.7125,-2.25,-47.7,sitting
2033946682500308,-0.09032906,-0.3595216,10.15155,-0.13861743,0.02277001,0.011851058,-43.7125,-2.2875001,-47.675,sitting
2033946702500308,-0.15792629,-0.17228323,9.787243,-0.072571084,0.032357384,0.0043942127,-43.6875,-2.425,-47.625,sitting
2033946722500308,-0.16271193,-0.086141616,9.686745,0.011584742,0.027031064,0.011851058,-43.7375,-2.4750001,-47.5625,sitting
2033946742500308,-0.23928227,-0.19621146,9.835099,0.0126500055,0.021704746,0.016112113,-43.725002,-2.55,-47.575,sitting
2033946762500308,-0.2009971,-0.421735,10.055838,-0.02996054,0.018508956,0.010785795,-43.7,-2.5875,-47.525,sitting
2033946782500308,-0.22492532,-0.35473597,10.079765,-0.031025803,0.015313165,0.012916322,-43.662502,-2.575,-47.55,sitting
2033946802500308,-0.066400826,-0.3062813,9.882956,0.017976323,-0.015579481,-0.008388951,-43.65,-2.55,-47.45,sitting
2033946822500308,-0.13399807,-0.21535404,9.969097,0.08402267,-0.045406863,-0.0105194785,-43.6125,-2.525,-47.4625,sitting
2033946842500308,-0.1052842,-0.043070808,9.926026,0.10745847,-0.028362645,-0.0041278964,-43.600002,-2.4625,-47.5125,sitting
2033946862500308,0.091525465,0.0526421,9.610174,0.12556796,-0.031558435,-0.014780533,-43.6125,-2.3500001,-47.5625,sitting
2033946882500308,0.096311115,0.062213387,9.552746,0.1447427,-0.046472125,-0.015845796,-43.6125,-2.2625,-47.575,sitting
2033946902500308,-0.07597212,0.124426775,9.796814,0.10745847,-0.020905798,-0.027563697,-43.6125,-2.25,-47.55,sitting
2033946922500308,-0.2727818,0.2632105,9.739387,0.041412123,0.008921583,-0.04554002,-43.625,-2.1875,-47.575,sitting
2033946942500308,-0.2105684,0.29192436,9.437891,0.024367906,0.0035952649,-0.048735812,-43.65,-2.1875,-47.600002,sitting
2033946962500308,0.053240303,0.17228323,9.47139,0.0073236874,-0.005992108,-0.0073236874,-43.625,-2.1875,-47.65,sitting
2033946982500308,0.005383851,0.033499517,9.787243,-0.08109319,0.009986847,0.03528686,-43.675,-2.2375,-47.7,sitting
2033947002500308,-0.0951147,-0.2440679,9.978668,-0.17590165,0.0259658,0.019307904,-43.7,-2.3,-47.6875,sitting
2033947022500308,-0.08554341,-0.58923256,10.1802635,-0.18975009,0.035553172,0.0075900033,-43.662502,-2.4125001,-47.575,sitting
2033947042500308,-0.124426775,-0.4456632,10.213763,-0.15033533,0.04620581,0.022503695,-43.6375,-2.5375001,-47.5875,sitting
2033947062500308,-0.31106696,-0.18664017,9.792028,-0.06617951,0.038748965,0.017177377,-43.65,-2.625,-47.675,sitting
2033947082500308,-0.22971097,-0.08135597,9.734601,0.03395528,0.012117374,-0.0030626329,-43.65,-2.7250001,-47.65,sitting
2033947102500308,-0.09032906,-0.29671,9.887741,0.029694224,-0.011318427,-0.0051931604,-43.6375,-2.8125,-47.625,sitting
2033947122500308,-0.13878371,-0.34516466,10.098908,-0.00972053,-0.018775271,0.0043942127,-43.6375,-2.825,-47.55,sitting
2033947142500308,-0.047258247,-0.28235307,9.993624,0.0051931604,-0.017710008,-0.0041278964,-43.5875,-2.775,-47.525,sitting
2033947162500308,-0.052043892,-0.11485548,9.811171,0.068043716,-0.0326237,-0.0073236874,-43.575,-2.7125,-47.525,sitting
2033947182500308,5.9820566E-4,0.043070808,9.744172,0.11278479,-0.0326237,-0.008388951,-43.6125,-2.625,-47.575,sitting
2033947202500308,-0.052043892,0.023928227,9.638887,0.10745847,-0.02410159,-0.0126500055,-43.625,-2.525,-47.525,sitting
2033947222500308,-0.19621146,0.124426775,9.701101,0.08189214,-0.010253162,-0.02223738,-43.5875,-2.4125001,-47.5,sitting
2033947242500308,-0.11006984,0.10049855,9.571889,0.042477388,0.002530001,-0.023302643,-43.55,-2.325,-47.5625,sitting
2033947262500308,0.06759724,0.11964113,10.031909,0.006258424,3.9947388E-4,1.3315796E-4,-43.537502,-2.2375,-47.625,sitting
2033947282500308,0.034097724,-0.033499517,9.667602,-0.023568958,-0.030493172,0.017177377,-43.5625,-2.2625,-47.6375,sitting
2033947302500308,-0.27756742,-0.16271193,9.246465,0.0051931604,0.002530001,0.023568958,-43.625,-2.3125,-47.7125,sitting
2033947322500308,-0.19621146,0.09571291,10.376475,-0.025699485,0.03981423,-0.0126500055,-43.65,-2.325,-47.7625,sitting
2033947342500308,-0.037686955,-0.0,10.141979,-0.16951008,0.0259658,-0.020106852,-43.675,-2.3375,-47.775,sitting
2033947362500308,0.19202402,-0.36909288,9.117252,-0.084288985,0.027031064,0.013981585,-43.725002,-2.375,-47.9,sitting
2033947382500308,-0.18185452,-0.17706887,9.984053,0.027563697,-0.039015282,0.020373167,-43.7625,-2.4375,-47.912502,sitting
2033947402500308,-0.4833502,-0.13878371,10.366904,-0.10985532,0.06964161,0.013981585,-43.8125,-2.5375001,-47.875,sitting
2033947422500308,-0.23928227,-0.2440679,9.84467,-0.1279648,0.08988162,0.0054594763,-43.8375,-2.55,-47.825,sitting
2033947442500308,-0.008973085,-0.23928227,9.567103,0.0073236874,-0.017710008,0.00972053,-43.8125,-2.5125,-47.8,sitting
2033947462500308,0.07238288,-0.35473597,9.815957,0.019041587,-0.049667917,-9.321057E-4,-43.7375,-2.4625,-47.675,sitting
2033947482500308,-0.19621146,-0.29192436,10.256834,-0.04807002,-0.017710008,-0.0126500055,-43.7,-2.4750001,-47.55,sitting
2033947502500308,-0.18664017,-0.16271193,9.940384,-0.042743705,0.01957422,-0.0126500055,-43.65,-2.4750001,-47.537502,sitting
2033947522500308,-0.11006984,-0.23449662,9.495318,0.065913185,-0.009187899,-0.0019973693,-43.6125,-2.4125001,-47.5,sitting
2033947542500308,-0.13399807,-0.16271193,9.984053,0.100001626,-0.028362645,-0.0030626329,-43.525,-2.3625,-47.525,sitting
2033947562500308,0.03888337,-0.06699903,10.103694,0.017976323,-0.0049268445,-0.0126500055,-43.4875,-2.2625,-47.55,sitting
2033947582500308,0.07716853,-0.11964113,9.571889,0.027563697,-0.016644744,-0.0041278964,-43.45,-2.1875,-47.525,sitting
2033947602500308,-0.032901313,-0.07178468,9.672387,0.108523734,-0.0326237,-0.0126500055,-43.45,-2.1125,-47.575,sitting
2033947622500308,-0.2009971,-0.0526421,9.916455,0.07017424,0.009986847,-0.011584742,-43.4625,-2.0625,-47.600002,sitting
2033947642500308,-0.27756742,-0.009571291,9.892527,0.017976323,0.04833634,-0.009454215,-43.5,-2.0375001,-47.6875,sitting
2033947662500308,-0.15792629,-0.02871387,9.7298155,0.032890014,0.012117374,-0.020106852,-43.525,-2.0375001,-47.7,sitting
2033947682500308,-0.13399807,0.043070808,9.701101,0.04886897,-0.016644744,-0.0126500055,-43.525,-2.0875,-47.6875,sitting
2033947702500308,-0.11485548,0.17228323,9.710672,0.030759487,-0.0070573715,0.0043942127,-43.6125,-2.1000001,-47.5875,sitting
2033947722500308,-0.15314065,0.22492532,9.600603,-0.003328949,-0.0049268445,0.008655267,-43.6375,-2.1125,-47.475002,sitting
2033947742500308,-0.12921242,0.11964113,9.533604,-0.03315633,-0.009187899,0.010785795,-43.7,-2.2125,-47.5125,sitting
2033947762500308,-0.037686955,-0.3062813,9.859028,-0.086419515,-0.0070573715,0.020373167,-43.75,-2.275,-47.6125,sitting
2033947782500308,-0.037686955,-0.58923256,10.390832,-0.16205323,0.008921583,0.023568958,-43.775,-2.3375,-47.6875,sitting
2033947802500308,-0.08075777,-0.38823548,10.141979,-0.17057534,0.015313165,0.0022636852,-43.8125,-2.3875,-47.7125,sitting
2033947822500308,-0.047258247,-0.13399807,9.538389,-0.03315633,-0.009187899,-0.017976323,-43.787502,-2.425,-47.7,sitting
2033947842500308,-0.037686955,-0.11964113,9.686745,0.07017424,-0.029427908,-0.013715269,-43.775,-2.4750001,-47.7375,sitting
2033947862500308,-0.16271193,-0.22492532,10.051051,0.014780533,0.008921583,0.0075900033,-43.7375,-2.4750001,-47.8,sitting
2033947882500308,-0.09032906,-0.3786642,9.973883,-0.03315633,0.029161593,0.003328949,-43.7,-2.5,-47.9625,sitting
2033947902500308,-0.052043892,-0.28235307,9.916455,0.01691106,0.0035952649,-0.0041278964,-43.662502,-2.4875,-48.0,sitting
2033947922500308,-0.1052842,-0.124426775,9.825528,0.07123951,0.0035952649,1.3315796E-4,-43.625,-2.4875,-47.95,sitting
2033947942500308,-0.16271193,-0.18185452,9.892527,0.088283725,0.0014647375,-0.019041587,-43.6125,-2.45,-47.9375,sitting
2033947962500308,-0.15792629,-0.13399807,9.993624,0.08508793,-0.0070573715,-0.02862896,-43.55,-2.425,-47.825,sitting
2033947982500308,-0.037686955,0.0047856453,9.744172,0.097871095,0.0035952649,-0.0126500055,-43.575,-2.3875,-47.9,sitting
2033948002500308,-0.0951147,0.2536392,9.591031,0.13622059,-0.005992108,-0.009454215,-43.5625,-2.275,-47.875,sitting
2033948022500308,-0.28235307,0.44027936,9.461819,0.12556796,-0.009187899,-0.027563697,-43.5625,-2.2625,-47.8375,sitting
2033948042500308,-0.32542387,0.40677986,9.323035,0.06058687,-6.6578976E-4,-0.029694224,-43.600002,-2.2125,-47.7375,sitting
2033948062500308,-0.18664017,0.23928227,9.485747,-0.031025803,-0.0038615807,0.003328949,-43.6125,-2.2250001,-47.65,sitting
2033948082500308,-0.023330022,-0.11964113,9.916455,-0.15566164,-0.008122635,0.037417386,-43.575,-2.275,-47.5625,sitting
2033948102500308,0.2111666,-0.96729857,10.37169,-0.25260064,-0.009187899,0.043808967,-43.575,-2.3875,-47.5625,sitting
2033948122500308,-0.01375873,-0.76630145,10.582258,-0.24727432,0.005725792,0.03635212,-43.6125,-2.4375,-47.6875,sitting
2033948142500308,-0.124426775,-0.10049855,9.820743,-0.107724786,0.018508956,-0.0030626329,-43.65,-2.4875,-47.662502,sitting
2033948162500308,-0.061615184,0.18664017,9.270393,0.10106689,-0.0017310535,-0.008388951,-43.6875,-2.5875,-47.65,sitting
2033948182500308,-0.19621146,-0.076570325,9.543175,0.118111104,-0.0038615807,0.010785795,-43.725002,-2.6375,-47.6875,sitting
2033948202500308,-0.12921242,-0.43130627,10.347761,-0.038482647,0.017443692,-0.0030626329,-43.7375,-2.7,-47.675,sitting
2033948222500308,-0.15792629,-0.6131608,10.1802635,-0.12157321,0.045140546,0.013981585,-43.7375,-2.7125,-47.675,sitting
2033948242500308,-0.2009971,-0.31106696,9.906884,-0.0011984216,0.02809633,0.016112113,-43.75,-2.6375,-47.75,sitting
2033948262500308,-0.11964113,-0.2536392,9.954741,0.108523734,-0.023036325,-0.019041587,-43.725002,-2.55,-47.7,sitting
2033948282500308,-0.07597212,-0.23928227,10.017552,0.12556796,-0.034754228,-0.014780533,-43.675,-2.4625,-47.600002,sitting
2033948302500308,-0.023330022,-0.02871387,9.87817,0.14367743,-0.025166854,-0.0126500055,-43.6375,-2.375,-47.55,sitting
2033948322500308,0.10109676,0.19142582,9.557532,0.18828535,-0.019840535,-0.02223738,-43.6125,-2.325,-47.4625,sitting
2033948342500308,-0.032901313,0.47856453,9.404391,0.20319904,-0.02410159,-0.035952646,-43.55,-2.2625,-47.425,sitting
2033948362500308,-0.38285163,0.60777694,9.313464,0.14261217,-0.018775271,-0.06471477,-43.537502,-2.2125,-47.4625,sitting
2033948382500308,-0.44985065,0.4642076,9.366106,0.038216334,0.002530001,-0.059388448,-43.537502,-2.15,-47.575,sitting
2033948402500308,-0.11964113,0.19621146,9.653245,-0.084288985,0.018508956,0.0075900033,-43.5125,-2.2,-47.55,sitting
2033948422500308,0.12502499,-0.11485548,9.863813,-0.2067943,0.0014647375,0.06511424,-43.5125,-2.25,-47.525,sitting
2033948442500308,0.27337998,-0.78065836,10.175478,-0.26751432,-0.020905798,0.050200548,-43.55,-2.375,-47.525,sitting
2033948462500308,0.048454657,-0.80937225,10.582258,-0.25473118,0.005725792,0.026764749,-43.55,-2.5,-47.5125,sitting
2033948482500308,-0.2536392,-0.32063824,10.055838,-0.16098797,0.051532127,-0.0030626329,-43.5625,-2.6000001,-47.600002,sitting
2033948502500308,-0.1052842,0.014356935,9.509675,0.03502054,0.037683703,-0.014780533,-43.6125,-2.775,-47.5125,sitting
2033948522500308,-0.28713873,0.05742774,9.586246,0.11598058,0.016378429,0.013981585,-43.65,-2.8375,-47.4375,sitting
2033948542500308,-0.29192436,-0.28235307,9.978668,0.017976323,0.02277001,-0.0030626329,-43.6375,-2.925,-47.3875,sitting
2033948562500308,-0.07597212,-0.48394838,10.232906,-0.06511424,0.015313165,-0.011584742,-43.675,-2.925,-47.3875,sitting
2033948582500308,-0.16749759,-0.26799613,9.940384,-0.028895276,-6.6578976E-4,0.010785795,-43.7,-2.875,-47.3875,sitting
2033948602500308,-0.008973085,-0.1052842,9.758529,0.07123951,-0.029427908,-0.0105194785,-43.7375,-2.75,-47.425,sitting
2033948622500308,-0.09032906,-0.07178468,9.830314,0.10532794,-0.043276336,-0.015845796,-43.725002,-2.6375,-47.475002,sitting
2033948642500308,-0.11964113,-0.0,9.849456,0.08508793,-0.02410159,-0.020106852,-43.7,-2.5375001,-47.475002,sitting
2033948662500308,-0.047258247,0.11485548,9.634102,0.08189214,-0.013448954,-0.02223738,-43.675,-2.3875,-47.575,sitting
2033948682500308,-0.08075777,0.18664017,9.58146,0.08508793,-0.023036325,-0.020106852,-43.6375,-2.3500001,-47.6125,sitting
2033948702500308,-0.047258247,0.16271193,9.629316,0.044607915,-0.018775271,-0.011584742,-43.6375,-2.2625,-47.5875,sitting
2033948722500308,-0.08554341,0.0526421,9.701101,-0.015046849,0.0035952649,0.008655267,-43.662502,-2.25,-47.575,sitting
2033948742500308,-0.13878371,0.038285162,9.8015995,-0.062983714,0.018508956,0.013981585,-43.65,-2.325,-47.6375,sitting
2033948762500308,-0.032901313,-0.11006984,9.782457,-0.09707215,0.014247901,0.0054594763,-43.625,-2.4125001,-47.662502,sitting
2033948782500308,0.03888337,-0.39780676,9.964312,-0.107724786,0.01105211,0.012916322,-43.6375,-2.45,-47.6125,sitting
2033948802500308,-0.11485548,-0.38344982,10.1802635,-0.11092058,0.024900537,0.019307904,-43.6875,-2.4875,-47.6125,sitting
2033948822500308,-0.17228323,-0.23928227,9.897313,-0.07896267,0.045140546,0.010785795,-43.7375,-2.6000001,-47.600002,sitting
2033948842500308,-0.2536392,-0.18185452,9.744172,0.006258424,0.033422645,0.00972053,-43.7625,-2.6000001,-47.5875,sitting
2033948862500308,-0.34456646,-0.13878371,9.930812,0.029694224,0.020639483,0.0022636852,-43.7625,-2.7125,-47.5875,sitting
2033948882500308,-0.08075777,-0.29671,9.902099,0.0019973693,0.013182637,-0.0030626329,-43.725002,-2.7375,-47.575,sitting
2033948902500308,-0.0951147,-0.31585258,9.959526,0.009454215,-0.021971062,0.003328949,-43.7,-2.6625001,-47.5125,sitting
2033948922500308,-0.071186475,-0.3397808,10.046266,0.032890014,-0.0326237,-0.0073236874,-43.675,-2.6000001,-47.4375,sitting
2033948942500308,0.019740786,-0.2536392,9.973883,0.07017424,-0.014514217,-0.0073236874,-43.7,-2.6000001,-47.5,sitting
2033948962500308,0.05802595,-0.014356935,9.777672,0.11917637,-0.028362645,-0.026498433,-43.6125,-2.575,-47.5875,sitting
2033948982500308,-0.0424726,0.18185452,9.595817,0.15433007,-0.03581949,-0.055127393,-43.55,-2.5125,-47.537502,sitting
2033949002500308,-0.2440679,0.31106696,9.533604,0.14687322,-0.008122635,-0.05725792,-43.4875,-2.525,-47.5875,sitting
2033949022500308,-0.30149564,0.3589234,9.480962,0.09574057,0.02277001,-0.038083173,-43.5,-2.4625,-47.5625,sitting
2033949042500308,-0.2536392,0.31585258,9.500104,0.024367906,0.0259658,-0.0051931604,-43.5125,-2.4375,-47.6125,sitting
2033949062500308,-0.16271193,0.2105684,9.595817,-0.06191845,0.00785632,0.016112113,-43.537502,-2.4625,-47.7125,sitting
2033949082500308,-0.037686955,-0.15792629,9.792028,-0.15246587,-0.008122635,0.023568958,-43.5625,-2.4875,-47.875,sitting
2033949102500308,0.1058824,-0.8045866,10.328619,-0.21425115,0.0014647375,0.04061318,-43.55,-2.55,-47.8375,sitting
2033949122500308,-0.032901313,-0.7328019,10.505688,-0.221708,0.027031064,0.049135286,-43.6375,-2.6000001,-47.8,sitting
2033949142500308,-0.20578274,-0.22492532,9.863813,-0.10026794,0.038748965,0.026764749,-43.6875,-2.7,-47.875,sitting
2033949162500308,-0.33499518,0.06699903,9.461819,0.08934899,0.020639483,0.003328949,-43.7125,-2.7625,-47.8625,sitting
2033949182500308,-0.2105684,-0.10049855,9.792028,0.10213215,-0.008122635,-0.013715269,-43.7125,-2.8500001,-47.975002,sitting
2033949202500308,-0.071186475,-0.5988039,10.232906,-0.0075900033,-0.002796317,1.3315796E-4,-43.7,-2.9125001,-47.95,sitting
2033949222500308,-0.071186475,-0.85244304,10.462617,-0.03528686,-0.011318427,0.0011984216,-43.675,-2.9125001,-47.925,sitting
2033949242500308,0.25902304,-0.63230336,10.314262,0.068043716,-0.021971062,-0.019041587,-43.65,-2.925,-47.7375,sitting
2033949262500308,0.5413761,-0.16271193,9.748958,0.2277001,-0.03581949,-0.038083173,-43.600002,-2.8875,-47.7375,sitting
2033949282500308,0.36430725,0.21535404,9.437891,0.35233596,-0.039015282,-0.09667268,-43.5125,-2.825,-47.7125,sitting
2033949302500308,-0.31106696,0.7471589,9.562318,0.35446647,-0.002796317,-0.18722008,-43.4625,-2.7375,-47.7375,sitting
2033949322500308,-0.9523434,1.2209377,9.313464,0.26818013,0.06857634,-0.23515695,-43.475002,-2.65,-47.675,sitting
2033949342500308,-0.9619147,1.3549358,8.930014,0.19148114,0.09520794,-0.17550218,-43.4625,-2.575,-47.537502,sitting
2033949362500308,-0.75613195,1.0438689,8.63809,0.07337003,0.04833634,-0.015845796,-43.4875,-2.6125,-47.600002,sitting
2033949382500308,-0.30149564,0.37328035,8.685946,-0.16098797,-0.023036325,0.116246894,-43.525,-2.65,-47.55,sitting
2033949402500308,0.3260221,-0.96729857,10.658829,-0.48256442,-0.10173268,0.1599227,-43.5625,-2.7,-47.675,sitting
2033949422500308,0.5174479,-1.9345971,12.315858,-0.7936214,-0.1155811,0.16844481,-43.65,-2.8625,-47.6125,sitting
2033949442500308,0.6658029,-2.2791636,10.711471,-0.68922555,0.037683703,0.21957746,-43.7,-3.1000001,-47.662502,sitting
2033949462500308,0.096311115,-0.15792629,10.094122,0.064847924,0.051532127,0.21425115,-43.775,-3.3125,-47.575,sitting
2033949482500308,-0.89013004,0.8859426,9.107681,0.46418864,0.06857634,0.05339634,-43.8625,-3.625,-47.6875,sitting
2033949502500308,-0.7082755,0.55034924,8.695518,0.3917507,-0.011318427,-0.12436953,-43.850002,-3.8,-47.787502,sitting
2033949522500308,-0.11006984,0.11485548,9.160323,0.17976324,-0.07736477,-0.041278966,-43.875,-3.8,-47.7,sitting
2033949542500308,0.36430725,-0.25842485,10.630115,-0.10026794,-0.03581949,0.08748478,-43.850002,-3.7375,-47.7125,sitting
2033949562500308,0.24466611,-0.81894356,10.4051895,-0.2707101,-0.005992108,0.07683214,-43.787502,-3.6000001,-47.662502,sitting
2033949582500308,0.17288144,-0.6562316,10.1084795,-0.11092058,-0.04221107,-0.008388951,-43.7125,-3.3500001,-47.725002,sitting
2033949602500308,0.12023934,-0.086141616,10.07498,0.09254478,-0.045406863,-0.043409493,-43.7,-3.05,-47.6375,sitting
2033949622500308,-0.20578274,0.24885355,9.457033,0.16924377,0.01957422,-0.04554002,-43.65,-2.8875,-47.675,sitting
2033949642500308,-0.5072784,0.5312066,9.327821,0.21172115,0.02277001,-0.08921583,-43.575,-2.625,-47.600002,sitting
2033949662500308,-0.29192436,0.5455636,9.390035,0.12663321,0.014247901,-0.094542146,-43.600002,-2.5,-47.5875,sitting
2033949682500308,0.11545369,0.21535404,9.413962,-0.011851058,0.002530001,-0.0051931604,-43.5625,-2.375,-47.6125,sitting
2033949702500308,-0.061615184,-0.06699903,9.787243,-0.11944269,0.0067910557,0.06617951,-43.5875,-2.375,-47.625,sitting
2033949722500308,-0.3493521,-0.50787663,10.275977,-0.21425115,0.03448791,0.03528686,-43.6375,-2.4375,-47.600002,sitting
2033949742500308,-0.01375873,-0.9194421,10.543973,-0.2451438,0.036618438,0.0022636852,-43.662502,-2.5,-47.4875,sitting
2033949762500308,-0.0424726,-0.3786642,10.1802635,-0.14927007,0.018508956,0.031025803,-43.675,-2.6000001,-47.525,sitting
2033949782500308,-0.28713873,0.12921242,9.452248,0.03502054,-0.021971062,0.00652474,-43.7125,-2.625,-47.5625,sitting
2033949802500308,-0.1052842,0.11485548,9.457033,0.13515532,-0.04221107,-0.02223738,-43.7,-2.6625001,-47.5875,sitting
2033949822500308,-0.05682954,-0.13399807,9.897313,0.049934234,-0.010253162,0.024634222,-43.7125,-2.675,-47.55,sitting
2033949842500308,-0.0951147,-0.36430725,10.113265,-0.060853187,3.9947388E-4,0.020373167,-43.7125,-2.7625,-47.5875,sitting
2033949862500308,-0.052043892,-0.31106696,9.998409,-0.055526868,-0.013448954,-0.0105194785,-43.6875,-2.7250001,-47.5625,sitting
2033949882500308,-0.0951147,-0.17228323,9.849456,0.021172116,-0.017710008,-0.0051931604,-43.662502,-2.7125,-47.5875,sitting
2033949902500308,-0.0041874396,-0.023928227,9.839885,0.07443529,-0.010253162,0.003328949,-43.6375,-2.675,-47.675,sitting
2033949922500308,0.019740786,0.13399807,9.634102,0.07976162,-0.009187899,0.00972053,-43.65,-2.575,-47.7,sitting
2033949942500308,-0.17228323,0.16749759,9.466604,0.07337003,-0.011318427,-0.0051931604,-43.600002,-2.5375001,-47.675,sitting
2033949962500308,-0.09032906,-0.043070808,9.753743,0.032890014,0.0014647375,-0.021172116,-43.5875,-2.4750001,-47.6875,sitting
2033949982500308,0.019740786,-0.23928227,10.103694,-0.054461602,0.018508956,1.3315796E-4,-43.525,-2.3875,-47.6875,sitting
2033950002500308,-0.13878371,-0.25842485,9.973883,-0.08322372,0.023835273,0.013981585,-43.5125,-2.275,-47.6125,sitting
2033950022500308,-0.18664017,-0.038285162,9.8015995,-0.017177377,0.015313165,-0.009454215,-43.5125,-2.325,-47.662502,sitting
2033950042500308,-0.2440679,0.019142581,9.69153,0.029694224,0.012117374,-0.015845796,-43.5125,-2.3875,-47.7,sitting
2033950062500308,-0.23449662,-0.076570325,9.782457,0.020106852,0.009986847,-0.0073236874,-43.537502,-2.45,-47.675,sitting
2033950082500308,-0.08075777,-0.17228323,9.959526,-0.01824264,3.9947388E-4,0.0043942127,-43.5125,-2.5625,-47.625,sitting
2033950102500308,-0.066400826,-0.076570325,9.868599,-0.037417386,-0.011318427,0.016112113,-43.525,-2.5375001,-47.600002,sitting
2033950122500308,-0.052043892,-0.038285162,9.69153,-0.008655267,-0.015579481,0.011851058,-43.5625,-2.575,-47.5875,sitting
2033950142500308,-0.08075777,-0.033499517,9.763314,0.008388951,-0.010253162,0.011851058,-43.6125,-2.6125,-47.5875,sitting
2033950162500308,-0.071186475,-0.2105684,9.859028,-0.025699485,3.9947388E-4,0.012916322,-43.625,-2.6625001,-47.6125,sitting
2033950182500308,-0.09032906,-0.39780676,10.07498,-0.052331075,-0.0017310535,0.0022636852,-43.6375,-2.6875,-47.55,sitting
2033950202500308,-0.08075777,-0.37387854,10.103694,-0.037417386,0.002530001,-9.321057E-4,-43.675,-2.65,-47.5625,sitting
2033950222500308,-0.066400826,-0.30149564,9.930812,0.020106852,0.005725792,-0.0041278964,-43.662502,-2.575,-47.600002,sitting
2033950242500308,-0.07597212,-0.047856454,9.921241,0.08721846,-0.015579481,-0.020106852,-43.662502,-2.5375001,-47.6375,sitting
2033950262500308,-0.071186475,0.2105684,9.629316,0.118111104,-0.016644744,-0.023302643,-43.662502,-2.5625,-47.662502,sitting
2033950282500308,-0.0424726,0.28713873,9.418748,0.13728586,-0.009187899,-0.009454215,-43.662502,-2.4875,-47.625,sitting
2033950302500308,-0.11964113,0.19142582,9.490533,0.097871095,-0.0070573715,1.3315796E-4,-43.675,-2.4875,-47.6875,sitting
2033950322500308,-0.22013968,0.062213387,9.7681,-0.00652474,-0.0049268445,-0.0105194785,-43.6875,-2.4375,-47.65,sitting
2033950342500308,-0.19621146,-0.043070808,9.787243,-0.098137416,-0.009187899,-0.020106852,-43.6875,-2.4625,-47.662502,sitting
2033950362500308,-0.018544376,-0.28235307,9.892527,-0.116246894,0.009986847,0.00972053,-43.6375,-2.4750001,-47.65,sitting
2033950382500308,-0.1052842,-0.37387854,10.137193,-0.107724786,0.038748965,0.045939494,-43.662502,-2.5375001,-47.675,sitting
2033950402500308,-0.20578274,-0.2440679,10.15155,-0.096006885,0.030226856,0.023568958,-43.675,-2.5625,-47.662502,sitting
2033950422500308,-0.037686955,-0.076570325,9.753743,-0.03635212,-0.0038615807,-0.0073236874,-43.65,-2.575,-47.65,sitting
2033950442500308,-0.071186475,0.009571291,9.586246,0.038216334,-0.02410159,0.00652474,-43.662502,-2.65,-47.7625,sitting
2033950462500308,-0.14356937,-0.07178468,9.815957,0.029694224,-0.013448954,0.0054594763,-43.6875,-2.675,-47.7125,sitting
2033950482500308,-0.061615184,-0.23928227,9.988838,-0.03635212,0.002530001,-0.0019973693,-43.7,-2.7625,-47.7625,sitting
2033950502500308,-0.01375873,-0.2727818,9.916455,-0.050200548,3.9947388E-4,0.0022636852,-43.7125,-2.7375,-47.825,sitting
2033950522500308,-0.0951147,-0.2009971,9.839885,-0.010785795,-0.011318427,-0.0019973693,-43.725002,-2.75,-47.8375,sitting
2033950542500308,-0.08554341,-0.124426775,9.854242,0.026498433,0.0035952649,-0.0051931604,-43.7375,-2.7125,-47.8375,sitting
2033950562500308,-0.052043892,-0.11485548,9.835099,0.031824753,0.005725792,-0.0073236874,-43.7375,-2.6625001,-47.8875,sitting
2033950582500308,-0.037686955,-0.11964113,9.839885,0.03395528,-0.0017310535,-0.0105194785,-43.7625,-2.6375,-47.850002,sitting
2033950602500308,-0.071186475,-0.10049855,9.815957,0.04034686,0.002530001,-0.0126500055,-43.75,-2.6125,-47.8125,sitting
2033950622500308,-0.22971097,-0.0526421,9.820743,0.041412123,0.00785632,-0.021172116,-43.7125,-2.525,-47.8375,sitting
2033950642500308,-0.2632105,-0.038285162,9.820743,0.039281595,0.008921583,-0.027563697,-43.662502,-2.4375,-47.825,sitting
2033950662500308,-0.17706887,-0.06699903,9.830314,0.032890014,0.0046605286,-0.011584742,-43.6375,-2.3875,-47.8375,sitting
2033950682500308,-0.08075777,-0.014356935,9.830314,0.027563697,-0.0049268445,0.010785795,-43.675,-2.3625,-47.825,sitting
2033950702500308,-0.08075777,0.05742774,9.7298155,0.024367906,-0.015579481,0.013981585,-43.625,-2.3375,-47.775,sitting
2033950722500308,-0.047258247,0.09092726,9.672387,0.026498433,-0.018775271,0.0054594763,-43.5875,-2.325,-47.7625,sitting
2033950742500308,-0.05682954,0.05742774,9.701101,0.0041278964,-0.013448954,0.011851058,-43.5625,-2.325,-47.825,sitting
2033950762500308,-0.15314065,0.0526421,9.772886,-0.03635212,-6.6578976E-4,0.016112113,-43.5625,-2.3500001,-47.8375,sitting
2033950782500308,-0.061615184,-0.033499517,9.758529,-0.06937529,0.0035952649,0.013981585,-43.5875,-2.425,-47.7375,sitting
2033950802500308,0.010169496,-0.3595216,9.916455,-0.086419515,0.0035952649,0.023568958,-43.6125,-2.5125,-47.675,sitting
2033950822500308,-0.071186475,-0.3786642,10.1802635,-0.10239847,0.012117374,0.026764749,-43.65,-2.6000001,-47.625,sitting
2033950842500308,-0.05682954,-0.29671,9.882956,-0.08322372,0.018508956,0.0075900033,-43.65,-2.675,-47.6125,sitting
2033950862500308,-0.09990034,-0.18664017,9.792028,-1.3315796E-4,0.005725792,1.3315796E-4,-43.662502,-2.7125,-47.625,sitting
2033950882500308,-0.17228323,-0.16271193,9.873384,0.03395528,0.008921583,0.0011984216,-43.6875,-2.7625,-47.575,sitting
2033950902500308,-0.07597212,-0.22971097,9.969097,0.01691106,0.015313165,-0.006258424,-43.7,-2.75,-47.575,sitting
2033950922500308,-0.11006984,-0.16749759,9.873384,0.024367906,0.002530001,-0.0073236874,-43.7125,-2.75,-47.5625,sitting
2033950942500308,-0.16749759,-0.09571291,9.772886,0.05419529,-0.0038615807,-0.015845796,-43.675,-2.6875,-47.55,sitting
2033950962500308,-0.18664017,-0.05742774,9.84467,0.068043716,-0.008122635,-0.023302643,-43.662502,-2.625,-47.625,sitting
2033950982500308,-0.16271193,-0.023928227,9.8015995,0.057391077,-0.010253162,-0.015845796,-43.65,-2.5375001,-47.662502,sitting
2033951002500308,-0.11485548,0.033499517,9.758529,0.053130023,-0.018775271,-0.009454215,-43.6375,-2.45,-47.5875,sitting
2033951022500308,-0.047258247,0.124426775,9.681958,0.053130023,-0.020905798,-0.0041278964,-43.6375,-2.4625,-47.5875,sitting
2033951042500308,-0.018544376,0.07178468,9.61496,0.031824753,-0.019840535,-9.321057E-4,-43.600002,-2.4,-47.6125,sitting
2033951062500308,-0.032901313,0.02871387,9.792028,-0.0043942127,-0.015579481,0.0022636852,-43.575,-2.425,-47.7,sitting
2033951082500308,-0.066400826,-0.014356935,9.796814,-0.049135286,0.00785632,0.011851058,-43.575,-2.4125001,-47.6375,sitting
2033951102500308,-0.09990034,-0.038285162,9.748958,-0.060853187,0.012117374,0.010785795,-43.600002,-2.45,-47.7375,sitting
2033951122500308,-0.1052842,-0.10049855,9.854242,-0.06511424,0.01105211,0.008655267,-43.6125,-2.4750001,-47.725002,sitting
2033951142500308,-0.071186475,-0.28235307,9.964312,-0.086419515,0.01957422,0.012916322,-43.625,-2.5625,-47.6875,sitting
2033951162500308,-0.05682954,-0.32542387,9.988838,-0.08748478,0.020639483,0.013981585,-43.662502,-2.625,-47.7375,sitting
2033951182500308,-0.08554341,-0.29671,9.868599,-0.05339634,0.015313165,0.013981585,-43.7125,-2.6375,-47.7625,sitting
2033951202500308,-0.21535404,-0.2440679,9.935597,-0.0075900033,0.01957422,0.010785795,-43.7375,-2.625,-47.8125,sitting
2033951222500308,-0.2009971,-0.22013968,9.945169,0.011584742,0.018508956,0.0011984216,-43.7625,-2.5875,-47.75,sitting
2033951242500308,-0.11485548,-0.22492532,9.882956,0.023302643,-0.0017310535,-0.0073236874,-43.7625,-2.5875,-47.7625,sitting
2033951262500308,-0.14356937,-0.26799613,9.973883,0.04567318,-0.019840535,-0.0073236874,-43.75,-2.5375001,-47.7,sitting
2033951282500308,-0.018544376,-0.23449662,10.00798,0.06165213,-0.018775271,-0.013715269,-43.7625,-2.4875,-47.6875,sitting
2033951302500308,0.06281159,-0.033499517,9.811171,0.08721846,-0.028362645,-0.020106852,-43.75,-2.45,-47.7625,sitting
2033951322500308,-0.01375873,0.2105684,9.543175,0.13195953,-0.0326237,-0.032890014,-43.6875,-2.3875,-47.8,sitting
2033951342500308,-0.30149564,0.41635114,9.461819,0.13835111,-0.019840535,-0.049801074,-43.65,-2.325,-47.8,sitting
2033951362500308,-0.34456646,0.3684947,9.409177,0.06910898,0.0014647375,-0.048735812,-43.6375,-2.3,-47.725002,sitting
2033951382500308,-0.071186475,0.13878371,9.595817,-0.024634222,0.00785632,-9.321057E-4,-43.7,-2.3125,-47.6375,sitting
2033951402500308,0.034097724,-0.09571291,9.906884,-0.12689953,0.002530001,0.04807002,-43.6875,-2.2875001,-47.600002,sitting
2033951422500308,0.03888337,-0.5557331,10.070194,-0.19188061,0.008921583,0.04700476,-43.662502,-2.3375,-47.600002,sitting
2033951442500308,-0.05682954,-0.5174479,10.323833,-0.1748364,0.021704746,0.02996054,-43.65,-2.425,-47.5625,sitting
2033951462500308,-0.0424726,-0.28235307,9.887741,-0.105594255,0.035553172,0.021438431,-43.662502,-2.45,-47.4375,sitting
2033951482500308,-0.16271193,-0.10049855,9.595817,0.014780533,0.018508956,0.019307904,-43.75,-2.5,-47.412502,sitting
2033951502500308,-0.32063824,-0.20578274,9.945169,0.047803707,0.014247901,0.0075900033,-43.775,-2.6000001,-47.412502,sitting
2033951522500308,-0.15792629,-0.38823548,10.170692,-0.020373167,0.024900537,-0.0019973693,-43.8125,-2.65,-47.45,sitting
2033951542500308,-0.0951147,-0.31106696,9.945169,-0.016112113,0.0014647375,0.0043942127,-43.7125,-2.7,-47.5125,sitting
2033951562500308,-0.032901313,-0.2440679,9.854242,0.0627174,-0.034754228,-0.015845796,-43.725002,-2.6875,-47.5125,sitting
2033951582500308,0.034097724,-0.09571291,9.935597,0.10213215,-0.037950017,-0.02223738,-43.75,-2.625,-47.55,sitting
2033951602500308,5.9820566E-4,0.11006984,9.677173,0.11065426,-0.020905798,-0.023302643,-43.7375,-2.525,-47.6125,sitting
2033951622500308,-0.16271193,0.23449662,9.466604,0.13089427,-0.02410159,-0.043409493,-43.7,-2.45,-47.625,sitting
2033951642500308,-0.31106696,0.20578274,9.648459,0.098936364,-0.015579481,-0.058323186,-43.625,-2.3500001,-47.625,sitting
2033951662500308,-0.23928227,0.09571291,9.835099,0.006258424,0.002530001,-0.043409493,-43.575,-2.25,-47.6375,sitting
2033951682500308,0.081954174,-0.076570325,9.7681,-0.055526868,-0.002796317,-9.321057E-4,-43.5125,-2.1875,-47.575,sitting
2033951702500308,0.12023934,-0.08135597,9.772886,-0.051265813,-0.01238369,0.037417386,-43.537502,-2.15,-47.5625,sitting
2033951722500308,-0.124426775,0.038285162,9.7681,-0.052331075,-6.6578976E-4,0.021438431,-43.5,-2.1875,-47.5625,sitting
2033951742500308,-0.15314065,0.014356935,9.705887,-0.05978792,0.021704746,-0.0041278964,-43.5125,-2.275,-47.537502,sitting
2033951762500308,-0.15792629,-0.22492532,9.849456,-0.06831003,0.03448791,0.015046849,-43.5625,-2.375,-47.537502,sitting
2033951782500308,-0.16271193,-0.4552345,10.161121,-0.1013332,0.030226856,0.02996054,-43.6125,-2.4625,-47.475002,sitting
2033951802500308,-0.1052842,-0.4743771,10.137193,-0.106659524,0.02809633,0.026764749,-43.6375,-2.6000001,-47.412502,sitting
2033951822500308,-0.15792629,-0.15314065,9.854242,-0.031025803,0.012117374,0.021438431,-43.7,-2.65,-47.3625,sitting
2033951842500308,-0.15792629,-0.13399807,9.701101,0.050999496,-0.011318427,1.3315796E-4,-43.775,-2.7375,-47.4,sitting
2033951862500308,-0.09032906,-0.18185452,9.949955,0.05526055,-0.025166854,-0.0105194785,-43.8,-2.7375,-47.4375,sitting
2033951882500308,-0.15314065,-0.31585258,10.00798,0.021172116,-0.01238369,-9.321057E-4,-43.8375,-2.675,-47.425,sitting
2033951902500308,0.053240303,-0.38344982,10.060623,0.039281595,-0.013448954,-0.0105194785,-43.8375,-2.6625001,-47.5125,sitting
2033951922500308,0.2638087,-0.17228323,9.849456,0.086153194,-0.031558435,-0.021172116,-43.8,-2.6000001,-47.5625,sitting
2033951942500308,0.17288144,0.09571291,9.619745,0.13835111,-0.040080544,-0.055127393,-43.7625,-2.5,-47.7,sitting
2033951962500308,-0.33499518,0.45942193,9.576674,0.1564606,-0.027297381,-0.10945584,-43.75,-2.4375,-47.775,sitting
2033951982500308,-0.5168497,0.5886344,9.404391,0.10213215,0.0014647375,-0.13182637,-43.7125,-2.4,-47.8,sitting
2033952002500308,-0.08554341,0.3397808,9.303893,0.03395528,0.02277001,-0.047670547,-43.662502,-2.375,-47.8125,sitting
2033952022500308,0.05802595,0.14356937,9.605389,-0.064048976,0.030226856,0.06191845,-43.625,-2.375,-47.725002,sitting
2033952042500308,-0.19621146,-0.32542387,10.070194,-0.1982722,0.021704746,0.05659213,-43.65,-2.45,-47.850002,sitting
2033952062500308,-0.13399807,-0.8380861,10.539187,-0.26325327,0.035553172,0.023568958,-43.65,-2.4750001,-47.75,sitting
2033952082500308,0.091525465,-0.7471589,10.319048,-0.21212062,0.052597392,0.060853187,-43.662502,-2.55,-47.7,sitting
2033952102500308,-0.28713873,-0.14356937,9.758529,-0.03635212,0.029161593,0.07789741,-43.7,-2.7,-47.575,sitting
2033952122500308,-0.37328035,0.16749759,9.519247,0.11491532,0.002530001,0.011851058,-43.725002,-2.8,-47.537502,sitting
2033952142500308,0.034097724,-0.19621146,9.753743,0.08082688,-0.0326237,-0.026498433,-43.725002,-2.925,-47.5625,sitting
2033952162500308,-0.08075777,-0.32542387,10.165907,-0.008655267,-0.027297381,0.025699485,-43.75,-2.9625,-47.6375,sitting
2033952182500308,-0.16271193,-0.46002015,10.017552,-0.031025803,0.002530001,0.015046849,-43.775,-2.9750001,-47.65,sitting
2033952202500308,0.06281159,-0.3930211,10.122836,0.046738442,-0.019840535,-0.0126500055,-43.7375,-2.925,-47.575,sitting
2033952222500308,0.24945176,-0.11006984,9.892527,0.1063932,-0.037950017,-0.008388951,-43.725002,-2.8875,-47.55,sitting
2033952242500308,0.11066805,0.19142582,9.5048895,0.16391744,-0.037950017,-0.03395528,-43.675,-2.8375,-47.5125,sitting
2033952262500308,-0.3589234,0.5024927,9.385248,0.19148114,-0.021971062,-0.08921583,-43.662502,-2.775,-47.5,sitting
2033952282500308,-0.4881358,0.5407779,9.3613205,0.11704584,0.013182637,-0.10412952,-43.6375,-2.6875,-47.4875,sitting
2033952302500308,-0.037686955,0.26799613,9.500104,0.0051931604,0.030226856,-0.026498433,-43.6375,-2.575,-47.412502,sitting
2033952322500308,0.048454657,-0.014356935,9.748958,-0.10985532,0.017443692,0.062983714,-43.675,-2.55,-47.3125,sitting
2033952342500308,-0.2009971,-0.40259242,10.089336,-0.20253325,0.009986847,0.04807002,-43.675,-2.5125,-47.375,sitting
2033952362500308,-0.028115666,-0.90508515,10.462617,-0.221708,0.032357384,0.017177377,-43.7,-2.5375001,-47.4625,sitting
2033952382500308,-0.09032906,-0.50787663,10.362119,-0.16098797,0.04301002,0.037417386,-43.7125,-2.5875,-47.575,sitting
2033952402500308,-0.33499518,0.05742774,9.562318,-0.0043942127,0.01105211,0.017177377,-43.787502,-2.7,-47.5875,sitting
2033952422500308,-0.11006984,0.09571291,9.418748,0.1330248,-0.036884755,-0.021172116,-43.8,-2.7625,-47.725002,sitting
2033952442500308,-0.047258247,-0.07178468,9.930812,0.07976162,-0.026232118,0.015046849,-43.8125,-2.8,-47.8125,sitting
2033952462500308,-0.061615184,-0.24885355,10.046266,-0.034221593,0.0046605286,0.026764749,-43.8,-2.825,-47.7625,sitting
2033952482500308,-0.061615184,-0.38823548,9.906884,-0.031025803,-0.01238369,-0.0019973693,-43.7625,-2.8500001,-47.725002,sitting
2033952502500491,-0.028115666,-0.53180486,10.161121,0.03395528,-0.019840535,-0.008388951,-43.775,-2.875,-47.662502,sitting
2033952522500491,0.1585245,-0.31585258,10.1802635,0.06378266,-0.011318427,-0.011584742,-43.7375,-2.9,-47.625,sitting
2033952542500387,0.1680958,0.07178468,9.6580305,0.12769848,-0.034754228,-0.049801074,-43.7125,-2.9125001,-47.5875,sitting
2033952562500387,-0.11964113,0.5072784,9.370892,0.21811274,-0.043276336,-0.10412952,-43.662502,-2.825,-47.5625,sitting
2033952582500387,-0.44985065,0.75673014,9.241679,0.19361167,-0.020905798,-0.12969585,-43.65,-2.7375,-47.4375,sitting
2033952602500387,-0.26799613,0.4546363,9.256036,0.077631086,0.015313165,-0.07749793,-43.625,-2.7,-47.4,sitting
2033952622500387,-0.05682954,0.13878371,9.677173,-0.064048976,0.044075284,0.031025803,-43.662502,-2.7375,-47.537502,sitting
2033952642500387,-0.12921242,-0.124426775,10.04148,-0.20892483,0.036618438,0.064048976,-43.65,-2.7625,-47.575,sitting
2033952662500387,-0.0951147,-0.68494546,10.165907,-0.26751432,0.015313165,0.025699485,-43.6375,-2.7875001,-47.675,sitting
2033952682500387,0.081954174,-0.84765744,10.48176,-0.21212062,0.027031064,0.03315633,-43.675,-2.8625,-47.625,sitting
2033952702500387,-0.21535404,-0.32542387,10.132407,-0.12263848,0.037683703,0.051265813,-43.7125,-2.875,-47.5125,sitting
2033952722500387,-0.3684947,0.11964113,9.480962,0.038216334,0.013182637,0.0054594763,-43.75,-2.9875,-47.5875,sitting
2033952742500387,-0.13878371,0.05742774,9.528818,0.12556796,-0.027297381,-0.020106852,-43.775,-3.0875,-47.662502,sitting
2033952762500387,-0.1052842,-0.16271193,10.04148,0.031824753,-0.025166854,0.016112113,-43.787502,-3.15,-47.600002,sitting
2033952782500387,-0.0951147,-0.32542387,10.089336,-0.05978792,-0.0070573715,0.020373167,-43.8125,-3.1125,-47.537502,sitting
2033952802500387,0.034097724,-0.29671,9.87817,-0.022503695,-0.017710008,0.011851058,-43.850002,-3.05,-47.5125,sitting
2033952822500387,0.03888337,-0.29671,9.940384,0.053130023,-0.033688962,0.012916322,-43.8375,-3.0625,-47.4,sitting
2033952842500387,0.07238288,-0.2105684,10.079765,0.076565824,-0.02410159,0.00652474,-43.775,-2.9625,-47.350002,sitting
2033952862500387,0.005383851,0.12921242,9.686745,0.100001626,-0.014514217,-0.021172116,-43.7375,-2.875,-47.475002,sitting
2033952882500387,-0.09990034,0.4019942,9.3613205,0.15006901,-0.026232118,-0.059388448,-43.7,-2.7625,-47.45,sitting
2033952902500387,-0.17228323,0.41635114,9.323035,0.12769848,-0.013448954,-0.060453713,-43.675,-2.7125,-47.45,sitting
2033952922500387,-0.09032906,0.17228323,9.557532,0.019041587,0.020639483,-0.01691106,-43.7,-2.65,-47.5,sitting
2033952942500387,-0.17706887,-0.09092726,9.954741,-0.106659524,0.037683703,0.019307904,-43.662502,-2.6375,-47.5125,sitting
2033952962500387,-0.20578274,-0.38344982,10.141979,-0.18122798,0.036618438,0.011851058,-43.6375,-2.7,-47.5125,sitting
2033952982500387,-0.066400826,-0.53180486,10.189836,-0.15885743,0.03448791,0.012916322,-43.675,-2.7250001,-47.45,sitting
2033953002500387,-0.124426775,-0.3062813,10.027123,-0.08109319,0.02277001,0.026764749,-43.7375,-2.75,-47.5,sitting
2033953022500387,-0.29671,-0.023928227,9.7298155,0.0051931604,-0.002796317,0.0075900033,-43.7625,-2.8,-47.45,sitting
2033953042500387,-0.19142582,0.02871387,9.734601,0.05419529,-0.020905798,-0.0030626329,-43.787502,-2.8625,-47.4375,sitting
2033953062500387,-0.052043892,0.009571291,9.796814,0.032890014,-0.013448954,0.02996054,-43.8,-2.9125001,-47.425,sitting
2033953082500387,0.07716853,-0.124426775,9.753743,-0.00652474,-0.016644744,0.04061318,-43.75,-3.0,-47.375,sitting
2033953102500387,0.04366901,-0.2632105,9.87817,-0.020373167,-0.020905798,0.023568958,-43.7375,-3.0,-47.412502,sitting
2033953122500387,-0.13399807,-0.2105684,10.027123,-0.02996054,-0.005992108,0.00652474,-43.775,-3.0,-47.425,sitting
2033953142500387,-0.0951147,-0.22971097,9.854242,-0.015046849,0.0067910557,-0.006258424,-43.787502,-2.925,-47.5,sitting
2033953162500387,-0.15792629,-0.16271193,9.897313,0.029694224,-0.0049268445,-0.0030626329,-43.75,-2.9125001,-47.45,sitting
2033953182500387,-0.061615184,-0.09092726,9.916455,0.044607915,-0.010253162,-0.0073236874,-43.7375,-2.875,-47.4625,sitting
2033953202500387,0.12023934,-0.07178468,9.734601,0.053130023,-0.008122635,-0.0019973693,-43.7375,-2.7875001,-47.45,sitting
2033953222500387,0.081954174,-0.033499517,9.701101,0.076565824,-0.020905798,-0.0041278964,-43.7375,-2.7375,-47.4625,sitting
2033953242500387,-0.09990034,-0.023928227,9.873384,0.059521604,-0.010253162,-0.030759487,-43.787502,-2.65,-47.45,sitting
2033953262500387,-0.16749759,0.0526421,9.8015995,0.036085807,0.018508956,-0.04234423,-43.8125,-2.625,-47.3625,sitting
2033953282500387,-0.2632105,0.16271193,9.638887,0.041412123,0.020639483,-0.032890014,-43.8125,-2.6000001,-47.3375,sitting
2033953302500387,-0.24885355,0.15314065,9.595817,0.03715107,0.00785632,-0.026498433,-43.8125,-2.625,-47.3125,sitting
2033953322500387,-0.16749759,0.009571291,9.772886,-0.008655267,0.002530001,-0.0041278964,-43.8375,-2.6375,-47.3125,sitting
2033953342500387,-0.124426775,-0.08135597,9.940384,-0.06511424,0.0067910557,0.026764749,-43.850002,-2.6875,-47.287502,sitting
2033953362500387,-0.09032906,-0.05742774,9.815957,-0.08109319,0.0067910557,0.038482647,-43.8625,-2.75,-47.3125,sitting
2033953382500387,-0.052043892,-0.0526421,9.748958,-0.05659213,-0.0049268445,0.03528686,-43.850002,-2.7875001,-47.3375,sitting
2033953402500387,-0.008973085,-0.12921242,9.854242,-0.052331075,-0.0017310535,0.03528686,-43.8375,-2.9,-47.3125,sitting
2033953422500387,-0.052043892,-0.3062813,9.984053,-0.07683214,0.0035952649,0.031025803,-43.850002,-3.0,-47.3875,sitting
2033953442500387,-0.09032906,-0.31106696,10.065409,-0.07683214,0.0046605286,0.013981585,-43.8625,-3.05,-47.4625,sitting
2033953462500387,-0.028115666,-0.2632105,9.863813,-0.038482647,0.002530001,0.0075900033,-43.850002,-3.1375,-47.55,sitting
2033953482500387,-0.08075777,-0.14356937,9.811171,0.017976323,-0.005992108,0.003328949,-43.850002,-3.1375,-47.6125,sitting
2033953502500387,-0.008973085,-0.23449662,9.916455,0.030759487,-0.009187899,-0.013715269,-43.8625,-3.125,-47.6375,sitting
2033953522500387,-0.01375873,-0.31106696,10.00798,0.027563697,0.0046605286,-0.0051931604,-43.850002,-3.1375,-47.5875,sitting
2033953542500387,0.03888337,-0.24885355,9.954741,0.044607915,0.005725792,-0.017976323,-43.8625,-3.0625,-47.525,sitting
2033953562500387,0.081954174,-0.12921242,9.830314,0.086153194,-0.010253162,-0.04554002,-43.875,-2.925,-47.55,sitting
2033953582500387,-0.13399807,0.076570325,9.748958,0.12343743,-0.0070573715,-0.06684529,-43.8125,-2.8625,-47.525,sitting
2033953602500387,-0.4211368,0.19621146,9.648459,0.12876374,0.008921583,-0.0870853,-43.8,-2.8,-47.4625,sitting
2033953622500387,-0.4546363,0.2440679,9.725029,0.109588996,0.02277001,-0.06791056,-43.8,-2.675,-47.4,sitting
2033953642500387,-0.27756742,0.27756742,9.662816,0.065913185,0.015313165,-0.008388951,-43.8125,-2.625,-47.412502,sitting
2033953662500387,-0.066400826,0.2440679,9.533604,0.026498433,-0.013448954,0.04061318,-43.8,-2.5875,-47.3875,sitting
2033953682500387,0.014955142,0.2009971,9.610174,-0.017177377,-0.034754228,0.05659213,-43.8,-2.5375001,-47.4375,sitting
2033953702500387,0.014955142,0.047856454,9.696316,-0.0896153,-0.021971062,0.05872266,-43.825,-2.5625,-47.5125,sitting
2033953722500387,-0.01375873,-0.22492532,9.935597,-0.14927007,0.0014647375,0.062983714,-43.825,-2.6625001,-47.4875,sitting
2033953742500387,0.029312078,-0.56530434,10.18505,-0.17696692,0.017443692,0.057657395,-43.8625,-2.7375,-47.5125,sitting
2033953762500387,-0.0041874396,-0.60837513,10.280763,-0.15779218,0.012117374,0.03635212,-43.8375,-2.8500001,-47.5125,sitting
2033953782500387,-0.11964113,-0.13878371,9.945169,-0.07044056,0.0035952649,0.0011984216,-43.8375,-3.0125,-47.475002,sitting
2033953802500387,-0.008973085,-0.086141616,9.5048895,0.049934234,-0.0038615807,-0.01691106,-43.825,-3.1125,-47.5,sitting
2033953822500387,-0.032901313,-0.23449662,9.926026,0.08934899,-0.010253162,-0.0051931604,-43.8625,-3.2250001,-47.5875,sitting
2033953842500387,0.034097724,-0.3930211,10.256834,0.013715269,0.0046605286,-0.017976323,-43.850002,-3.2875001,-47.65,sitting
2033953862500387,0.096311115,-0.31585258,9.984053,0.01691106,0.008921583,-0.03701791,-43.8125,-3.2875001,-47.7375,sitting
2033953882500387,0.07238288,0.0047856453,9.739387,0.121306896,-0.005992108,-0.062584236,-43.775,-3.25,-47.825,sitting
2033953902500387,-0.22492532,0.2632105,9.557532,0.17337166,-0.002796317,-0.09773794,-43.7375,-3.2,-47.925,sitting
2033953922500387,-0.5886344,0.38285163,9.543175,0.1532648,0.015313165,-0.11158637,-43.7125,-3.075,-47.9625,sitting
2033953942500387,-0.526421,0.30149564,9.6580305,0.088283725,0.036618438,-0.06684529,-43.662502,-2.9875,-47.9875,sitting
2033953962500387,-0.2632105,0.2440679,9.653245,0.011584742,0.029161593,0.023568958,-43.6375,-2.925,-48.025,sitting
2033953982500387,-0.052043892,0.23449662,9.586246,-0.04700476,-0.02410159,0.06724477,-43.600002,-2.8375,-48.037502,sitting
2033954002500387,0.13938192,0.07178468,9.634102,-0.096006885,-0.05925529,0.06511424,-43.5625,-2.8,-48.025,sitting
2033954022500387,0.19202402,-0.20578274,9.892527,-0.14607428,-0.020905798,0.08855004,-43.5875,-2.8625,-47.9375,sitting
2033954042500387,0.014955142,-0.5461618,10.141979,-0.18548903,0.023835273,0.0896153,-43.65,-2.95,-47.9375,sitting
2033954062500387,-0.15792629,-0.63230336,10.328619,-0.17803219,0.016378429,0.028895276,-43.65,-3.05,-47.8875,sitting
2033954082500387,-0.032901313,-0.22971097,10.065409,-0.10239847,0.009986847,-0.0105194785,-43.675,-3.15,-47.9375,sitting
2033954102500387,-0.05682954,-0.014356935,9.447462,0.027563697,-0.002796317,0.0011984216,-43.725002,-3.2375,-47.9875,sitting
2033954122500387,-0.028115666,-0.06699903,9.701101,0.09574057,-0.015579481,-0.0030626329,-43.7375,-3.3,-47.9375,sitting
2033954142500387,-0.0424726,-0.32542387,10.141979,0.0126500055,0.0014647375,-0.008388951,-43.75,-3.3625,-47.912502,sitting
2033954162500387,0.034097724,-0.46002015,10.15155,-0.034221593,0.02277001,-0.0030626329,-43.8125,-3.3500001,-47.875,sitting
2033954182500387,0.13459627,-0.3062813,9.935597,0.038216334,0.005725792,-0.026498433,-43.787502,-3.3375,-47.850002,sitting
2033954202500387,-0.071186475,0.0047856453,9.763314,0.11598058,-0.020905798,-0.075367406,-43.75,-3.25,-47.8375,sitting
2033954222500387,-0.30149564,0.23928227,9.634102,0.15113428,-0.0017310535,-0.10626005,-43.8125,-3.1125,-47.8,sitting
2033954242500387,-0.47377887,0.37806597,9.514461,0.14367743,0.02809633,-0.083889514,-43.8,-2.9875,-47.7375,sitting
2033954262500387,-0.47856453,0.31585258,9.528818,0.09574057,0.031292118,-0.03701791,-43.787502,-2.8625,-47.75,sitting
2033954282500387,-0.30149564,0.25842485,9.672387,0.011584742,0.009986847,0.016112113,-43.8,-2.7625,-47.6875,sitting
2033954302500387,-0.0424726,0.13399807,9.672387,-0.07896267,-0.02410159,0.05339634,-43.8,-2.7,-47.6375,sitting
2033954322500387,0.1585245,-0.11006984,9.715458,-0.12370374,-0.037950017,0.074701615,-43.787502,-2.7,-47.65,sitting
2033954342500387,0.2015953,-0.4743771,10.084551,-0.15459639,-0.013448954,0.08855004,-43.8125,-2.7375,-47.7125,sitting
2033954362500387,-0.0424726,-0.57487565,10.290334,-0.17696692,0.016378429,0.064048976,-43.825,-2.7625,-47.7,sitting
2033954382500387,-0.15314065,-0.28235307,10.022338,-0.12050795,0.018508956,0.00652474,-43.7625,-2.8875,-47.675,sitting
2033954402500387,-0.09990034,-0.047856454,9.619745,0.0030626329,0.0067910557,-0.0126500055,-43.8125,-3.0625,-47.75,sitting
2033954422500387,-0.11485548,-0.086141616,9.677173,0.0627174,-0.0017310535,0.0011984216,-43.850002,-3.1625001,-47.775,sitting
2033954442500387,-0.066400826,-0.22492532,10.055838,0.011584742,0.0035952649,-9.321057E-4,-43.825,-3.2250001,-47.787502,sitting
2033954462500387,-0.0424726,-0.2632105,9.959526,-0.037417386,0.00785632,-0.0051931604,-43.8125,-3.275,-47.775,sitting
2033954482500387,-0.032901313,-0.09571291,9.772886,0.013715269,0.0035952649,-0.0041278964,-43.8,-3.2375,-47.725002,sitting
2033954502500387,-0.11964113,-0.11485548,9.715458,0.0627174,3.9947388E-4,-0.013715269,-43.75,-3.1875,-47.6875,sitting
2033954522500387,-0.13878371,-0.26799613,10.046266,0.04886897,0.002530001,-0.026498433,-43.7125,-3.15,-47.6875,sitting
2033954542500387,-0.124426775,-0.23928227,10.094122,0.020106852,0.0067910557,-0.027563697,-43.725002,-3.1000001,-47.725002,sitting
2033954562500387,-0.2009971,-0.08135597,9.787243,0.056325816,-0.008122635,-0.03395528,-43.7,-2.9625,-47.5625,sitting
2033954582500387,-0.19142582,0.15314065,9.715458,0.12343743,-0.021971062,-0.03914844,-43.662502,-2.8625,-47.5125,sitting
2033954602500387,-0.18185452,0.26799613,9.576674,0.120241635,-0.023036325,-0.026498433,-43.662502,-2.7875001,-47.412502,sitting
2033954622500387,-0.13878371,0.31585258,9.490533,0.08508793,-0.021971062,-0.0019973693,-43.6875,-2.7250001,-47.45,sitting
2033954642500387,-0.032901313,0.2632105,9.500104,0.026498433,-0.016644744,0.023568958,-43.7125,-2.7375,-47.475002,sitting
2033954662500387,-0.037686955,0.15314065,9.629316,-0.055526868,-0.0038615807,0.045939494,-43.6875,-2.7250001,-47.4375,sitting
2033954682500387,-0.01375873,-0.08135597,9.792028,-0.13222586,0.009986847,0.04807002,-43.725002,-2.7375,-47.4625,sitting
2033954702500387,0.053240303,-0.6466603,10.137193,-0.17909744,0.01957422,0.045939494,-43.7125,-2.7125,-47.3875,sitting
2033954722500387,-0.028115666,-0.69930243,10.472188,-0.18975009,0.027031064,0.039547913,-43.7375,-2.8125,-47.475002,sitting
2033954742500387,-0.19142582,-0.22971097,10.003195,-0.117312156,0.029161593,0.015046849,-43.75,-2.9125001,-47.4375,sitting
2033954762500387,-0.07597212,-0.009571291,9.47139,0.04886897,0.0067910557,-0.008388951,-43.775,-3.0,-47.5625,sitting
2033954782500387,-0.066400826,-0.15314065,9.763314,0.10532794,-0.01238369,-0.0051931604,-43.787502,-3.05,-47.575,sitting
2033954802500387,-0.08075777,-0.25842485,10.228121,0.0105194785,0.002530001,-0.0073236874,-43.775,-3.1000001,-47.55,sitting
2033954822500387,0.04366901,-0.30149564,9.87817,-0.025699485,0.014247901,-0.019041587,-43.8375,-3.0875,-47.5875,sitting
2033954842500387,-0.052043892,-0.148355,9.811171,0.066978455,-0.0049268445,-0.02543317,-43.8125,-3.05,-47.525,sitting
2033954862500387,-0.2440679,0.086141616,9.777672,0.10426268,-0.0070573715,-0.054062128,-43.825,-3.0125,-47.600002,sitting
2033954882500387,-0.39720857,0.17706887,9.634102,0.09254478,3.9947388E-4,-0.06578003,-43.775,-2.875,-47.5125,sitting
2033954902500387,-0.29192436,0.2105684,9.653245,0.08402267,0.005725792,-0.031824753,-43.8125,-2.7875001,-47.600002,sitting
2033954922500387,-0.13878371,0.17706887,9.629316,0.04034686,-0.0038615807,0.016112113,-43.787502,-2.7250001,-47.6125,sitting
2033954942500387,-0.018544376,0.12921242,9.667602,-0.017177377,-0.027297381,0.037417386,-43.775,-2.6875,-47.5875,sitting
2033954962500387,0.096311115,0.009571291,9.715458,-0.06511424,-0.023036325,0.042743705,-43.7625,-2.675,-47.6125,sitting
2033954982500387,-0.032901313,-0.20578274,9.825528,-0.098137416,0.0035952649,0.05339634,-43.7625,-2.7125,-47.600002,sitting
2033955002500387,-0.061615184,-0.4408776,10.156336,-0.12050795,0.020639483,0.037417386,-43.8375,-2.7875001,-47.600002,sitting
2033955022500387,-0.052043892,-0.36909288,10.127622,-0.12263848,0.01957422,0.016112113,-43.825,-2.8625,-47.55,sitting
2033955042500387,-0.13878371,-0.14356937,9.7681,-0.052331075,0.008921583,0.00652474,-43.8375,-2.925,-47.5625,sitting
2033955062500387,-0.124426775,-0.038285162,9.681958,0.03502054,3.9947388E-4,-0.0019973693,-43.825,-3.0125,-47.575,sitting
2033955082500387,-0.032901313,-0.28235307,9.902099,0.027563697,0.002530001,-9.321057E-4,-43.8375,-3.0375001,-47.5,sitting
2033955102500387,-0.11485548,-0.38344982,10.156336,-0.01824264,0.0067910557,0.0022636852,-43.8125,-3.075,-47.4875,sitting
2033955122500387,0.034097724,-0.40259242,10.060623,-0.00652474,0.009986847,-0.011584742,-43.8125,-3.0375001,-47.45,sitting
2033955142500387,0.07716853,-0.2009971,9.854242,0.07017424,-0.0038615807,-0.023302643,-43.8,-2.9625,-47.412502,sitting
2033955162500387,-0.17228323,-0.02871387,9.763314,0.12343743,-0.028362645,-0.06471477,-43.775,-2.9,-47.5125,sitting
2033955182500387,-0.2632105,0.12921242,9.782457,0.13728586,-0.013448954,-0.094542146,-43.775,-2.8125,-47.55,sitting
2033955202500387,-0.37328035,0.32063824,9.61496,0.12556796,0.008921583,-0.062584236,-43.787502,-2.7375,-47.675,sitting
2033955222500387,-0.33499518,0.3493521,9.437891,0.10745847,0.0035952649,-0.027563697,-43.75,-2.65,-47.7,sitting
2033955242500387,-0.17228323,0.32542387,9.5048895,0.05419529,-0.018775271,0.0075900033,-43.725002,-2.6375,-47.75,sitting
2033955262500387,0.005383851,0.21535404,9.61496,-0.04700476,-0.023036325,0.044874232,-43.725002,-2.575,-47.7375,sitting
2033955282500387,0.048454657,-0.086141616,9.701101,-0.13009532,-0.013448954,0.07044056,-43.7375,-2.6000001,-47.8,sitting
2033955302500387,0.05802595,-0.6131608,10.199407,-0.18122798,0.0035952649,0.073636346,-43.6875,-2.65,-47.8125,sitting
2033955322500387,0.024526432,-0.7615158,10.486546,-0.20892483,0.01957422,0.052331075,-43.7,-2.75,-47.75,sitting
2033955342500387,-0.14356937,-0.18185452,10.003195,-0.13329111,0.00785632,0.00972053,-43.7125,-2.8625,-47.662502,sitting
2033955362500387,-0.061615184,0.09092726,9.390035,0.03715107,-0.016644744,-0.01691106,-43.725002,-2.9750001,-47.537502,sitting
2033955382500387,-0.0424726,-0.019142581,9.619745,0.10213215,-0.013448954,0.003328949,-43.75,-3.0875,-47.375,sitting
2033955402500387,-0.05682954,-0.24885355,10.137193,-0.00652474,3.9947388E-4,0.003328949,-43.7375,-3.15,-47.275,sitting
2033955422500387,-0.0424726,-0.40737805,10.036695,-0.08322372,0.015313165,-0.0041278964,-43.7375,-3.1875,-47.3625,sitting
2033955442500387,-0.066400826,-0.2727818,9.868599,-0.0075900033,0.012117374,-9.321057E-4,-43.725002,-3.1625001,-47.3,sitting
2033955462500387,0.05802595,-0.24885355,9.993624,0.059521604,-0.0017310535,-0.01691106,-43.725002,-3.1125,-47.3125,sitting
2033955482500387,5.9820566E-4,-0.047856454,9.815957,0.06910898,-0.008122635,-0.034887385,-43.725002,-3.0125,-47.3375,sitting
2033955502500387,-0.35413775,0.1052842,9.586246,0.09254478,-0.018775271,-0.073236875,-43.7375,-2.9,-47.4,sitting
2033955522500387,-0.41156548,0.14356937,9.734601,0.10213215,-0.008122635,-0.09134636,-43.7125,-2.775,-47.4375,sitting
2033955542500387,-0.09032906,0.15792629,9.782457,0.04567318,-6.6578976E-4,-0.04447476,-43.725002,-2.7125,-47.45,sitting
2033955562500387,0.14895321,0.11964113,9.567103,0.009454215,-0.020905798,0.020373167,-43.75,-2.6625001,-47.45,sitting
2033955582500387,-0.023330022,0.11964113,9.595817,0.0030626329,-0.020905798,0.04167844,-43.725002,-2.6125,-47.3875,sitting
2033955602500387,-0.23449662,0.07178468,9.763314,-0.049135286,0.015313165,0.020373167,-43.7375,-2.625,-47.4375,sitting
2033955622500387,-0.01375873,-0.32542387,9.916455,-0.11092058,0.031292118,0.016112113,-43.787502,-2.6625001,-47.412502,sitting
2033955642500387,0.053240303,-0.4743771,10.228121,-0.13222586,0.023835273,0.04167844,-43.8125,-2.7250001,-47.3625,sitting
2033955662500387,-0.16271193,-0.2727818,9.988838,-0.11198584,0.01957422,0.032091066,-43.787502,-2.8125,-47.350002,sitting
2033955682500387,-0.124426775,-0.062213387,9.662816,-0.017177377,0.02277001,0.0054594763,-43.8125,-2.9,-47.325,sitting
2033955702500387,-0.07597212,-0.009571291,9.720243,0.039281595,0.017443692,0.015046849,-43.787502,-2.9625,-47.3625,sitting
2033955722500387,-0.27756742,-0.0526421,10.003195,-0.003328949,0.01105211,0.01824264,-43.8125,-3.0125,-47.525,sitting
2033955742500387,-0.18185452,-0.5509474,9.610174,-0.027830012,0.038748965,0.015046849,-43.875,-3.0875,-47.5125,sitting
2033955762500387,0.37387854,-0.53659046,10.342976,-0.012916322,0.027031064,0.031025803,-43.850002,-3.1000001,-47.537502,sitting
2033955782500387,-0.5407779,0.047856454,10.15155,-0.042743705,-0.002796317,0.04167844,-43.8125,-3.1000001,-47.5125,sitting
2033955802500387,-0.44985065,-0.18185452,9.380463,0.06910898,0.01105211,-0.03701791,-43.775,-3.025,-47.537502,sitting
2033955822500387,-0.2536392,-0.023928227,9.916455,0.1681785,-0.011318427,-9.321057E-4,-43.8,-2.95,-47.525,sitting
2033955842500387,-0.19142582,-0.009571291,9.916455,0.05526055,-0.0049268445,0.044874232,-43.8125,-2.9,-47.575,sitting
2033955862500387,0.19202402,-0.033499517,9.701101,0.026498433,-0.0326237,0.02996054,-43.787502,-2.8375,-47.65,sitting
2033955882500387,0.25902304,0.11485548,9.744172,0.066978455,-0.08162583,0.042743705,-43.775,-2.775,-47.625,sitting
2033955902500387,-0.08554341,0.18664017,9.476176,0.05206476,-0.036884755,0.055526868,-43.7625,-2.7250001,-47.6875,sitting
2033955922500387,-0.44027936,0.22013968,9.562318,0.032890014,0.02277001,0.026764749,-43.75,-2.7250001,-47.65,sitting
2033955942500387,-0.16749759,0.0526421,9.892527,-0.051265813,0.01957422,-0.013715269,-43.7625,-2.7625,-47.6875,sitting
2033955962500387,0.48394838,-0.49830532,9.945169,-0.13755217,-0.025166854,0.016112113,-43.7375,-2.7875001,-47.75,sitting
2033955982500387,0.14895321,-0.5174479,10.065409,-0.12263848,-0.03581949,0.06511424,-43.7,-2.7875001,-47.75,sitting
2033956002500387,-0.44506502,-0.09092726,9.993624,-0.06831003,0.021704746,0.020373167,-43.662502,-2.7625,-47.775,sitting
2033956022500387,-0.15314065,-0.014356935,9.662816,-1.3315796E-4,0.05792371,-0.023302643,-43.675,-2.75,-47.7,sitting
2033956042500387,0.04366901,-0.023928227,9.782457,0.02543317,0.021704746,0.012916322,-43.6875,-2.7625,-47.6375,sitting
2033956062500387,-0.0951147,-0.19621146,9.84467,-0.021438431,-0.018775271,0.00652474,-43.65,-2.7625,-47.55,sitting
2033956082500387,-0.066400826,-0.56530434,9.897313,-0.03315633,0.031292118,0.010785795,-43.662502,-2.7375,-47.5625,sitting
2033956102500387,-0.3589234,-0.26799613,10.37169,-0.017177377,0.051532127,0.02996054,-43.625,-2.6375,-47.6125,sitting
2033956122500387,-0.34456646,-0.148355,9.815957,0.0041278964,0.04087949,-0.0073236874,-43.625,-2.5875,-47.6125,sitting
2033956142500387,0.07238288,-0.014356935,9.677173,0.10532794,-0.036884755,-0.03914844,-43.625,-2.55,-47.662502,sitting
2033956162500387,-0.124426775,0.12921242,9.715458,0.120241635,-0.06671213,-0.0105194785,-43.6375,-2.55,-47.625,sitting
2033956182500387,-0.16749759,0.16749759,9.605389,0.076565824,-0.005992108,-0.0051931604,-43.65,-2.4750001,-47.65,sitting
2033956202500387,-0.07597212,0.18664017,9.629316,0.049934234,-0.008122635,-9.321057E-4,-43.625,-2.4125001,-47.675,sitting
2033956222500387,-0.0951147,0.11006984,9.600603,-0.0011984216,-0.01238369,0.013981585,-43.6125,-2.3875,-47.662502,sitting
2033956242500387,-0.071186475,-0.09092726,9.782457,-0.057657395,-0.0049268445,0.012916322,-43.5875,-2.3625,-47.65,sitting
2033956262500387,0.010169496,-0.40737805,10.07498,-0.10985532,0.0067910557,0.015046849,-43.662502,-2.3875,-47.6125,sitting
2033956282500387,-0.008973085,-0.36430725,10.113265,-0.12370374,0.012117374,0.013981585,-43.6875,-2.375,-47.5875,sitting
2033956302500387,-0.09990034,-0.13878371,9.7681,-0.06191845,0.008921583,0.003328949,-43.7375,-2.4,-47.5625,sitting
2033956322500387,-0.15314065,-0.033499517,9.686745,0.017976323,0.0067910557,1.3315796E-4,-43.775,-2.425,-47.537502,sitting
2033956342500387,-0.16749759,-0.10049855,9.849456,0.015845796,0.016378429,0.00652474,-43.7625,-2.5,-47.4875,sitting
2033956362500387,-0.05682954,-0.30149564,9.940384,-0.031025803,0.015313165,0.00972053,-43.787502,-2.5625,-47.5625,sitting
2033956382500387,-0.0424726,-0.3786642,9.954741,-0.03315633,0.018508956,0.024634222,-43.787502,-2.5875,-47.6125,sitting
2033956402500387,-0.33499518,-0.21535404,9.959526,0.0041278964,0.0259658,0.020373167,-43.8125,-2.5625,-47.625,sitting
2033956422500387,-0.11006984,-0.22013968,9.916455,0.03715107,0.008921583,-0.01691106,-43.7625,-2.55,-47.675,sitting
2033956442500387,-0.09032906,-0.10049855,9.830314,0.0627174,-0.021971062,-0.0041278964,-43.7375,-2.55,-47.65,sitting
2033956462500387,-0.09990034,0.009571291,9.710672,0.08082688,-0.029427908,-0.0105194785,-43.6875,-2.525,-47.625,sitting
2033956482500387,-0.05682954,-0.014356935,9.772886,0.07976162,-0.027297381,-0.02543317,-43.6375,-2.4625,-47.7125,sitting
2033956502500387,-0.061615184,-0.023928227,9.854242,0.059521604,-0.01238369,-0.0073236874,-43.662502,-2.4,-47.75,sitting
2033956522500387,-0.11006984,0.12921242,9.734601,0.042477388,-0.009187899,-0.0041278964,-43.600002,-2.3625,-47.662502,sitting
2033956542500387,-0.20578274,0.21535404,9.509675,0.04354265,-0.011318427,-0.015845796,-43.600002,-2.2875001,-47.725002,sitting
2033956562500387,-0.11485548,0.11006984,9.58146,0.023302643,-0.005992108,-0.014780533,-43.600002,-2.3125,-47.787502,sitting
2033956582500387,0.04366901,-0.0526421,9.863813,-0.050200548,0.002530001,0.00972053,-43.5875,-2.3125,-47.7125,sitting
2033956602500387,0.048454657,-0.22971097,9.87817,-0.11518163,0.00785632,0.024634222,-43.6125,-2.3875,-47.7,sitting
2033956622500387,-0.11485548,-0.33020952,9.984053,-0.107724786,0.014247901,0.016112113,-43.600002,-2.425,-47.6875,sitting
2033956642500387,-0.2105684,-0.2536392,10.070194,-0.08322372,0.03448791,0.00652474,-43.6125,-2.4875,-47.5875,sitting
2033956662500387,-0.2009971,-0.17228323,9.811171,-0.049135286,0.04301002,0.012916322,-43.625,-2.5625,-47.575,sitting
2033956682500387,-0.11485548,-0.17228323,9.796814,0.0030626329,0.014247901,0.015046849,-43.675,-2.65,-47.55,sitting
2033956702500387,-0.18185452,-0.22492532,9.921241,0.0019973693,0.002530001,0.00972053,-43.7,-2.7375,-47.4875,sitting
2033956722500387,-0.15314065,-0.24885355,9.984053,-0.012916322,0.0067910557,0.0011984216,-43.725002,-2.7625,-47.412502,sitting
2033956742500387,-0.11485548,-0.15314065,9.839885,0.0105194785,3.9947388E-4,0.0011984216,-43.7625,-2.75,-47.4875,sitting
2033956762500387,-0.13399807,-0.26799613,9.863813,0.046738442,-0.020905798,-0.0051931604,-43.75,-2.6625001,-47.5625,sitting
2033956782500387,-0.066400826,-0.18664017,10.084551,0.05419529,-0.021971062,-0.0126500055,-43.787502,-2.6000001,-47.600002,sitting
2033956802500387,-0.148355,0.02871387,9.710672,0.06058687,-0.015579481,-0.0126500055,-43.75,-2.575,-47.662502,sitting
2033956822500387,-0.028115666,0.2009971,9.500104,0.11491532,-0.026232118,-0.019041587,-43.725002,-2.5125,-47.725002,sitting
2033956842500387,-0.032901313,0.25842485,9.524033,0.10319742,-0.025166854,-0.011584742,-43.7375,-2.45,-47.787502,sitting
2033956862500387,-0.0951147,0.11964113,9.619745,0.019041587,-0.0070573715,-0.0019973693,-43.7125,-2.3500001,-47.825,sitting
2033956882500387,-0.09990034,-0.033499517,9.882956,-0.054461602,0.015313165,0.003328949,-43.7125,-2.3375,-47.875,sitting
2033956902500387,-0.07597212,-0.15314065,9.91167,-0.10239847,0.024900537,0.0075900033,-43.6875,-2.3375,-47.787502,sitting
2033956922500387,-0.08075777,-0.26799613,9.897313,-0.098137416,0.023835273,0.008655267,-43.6875,-2.375,-47.775,sitting
2033956942500387,-0.17228323,-0.2536392,10.00798,-0.07576688,0.027031064,0.00652474,-43.7,-2.4,-47.725002,sitting
2033956962500387,-0.21535404,-0.28235307,9.87817,-0.05872266,0.032357384,0.0075900033,-43.7,-2.4750001,-47.675,sitting
2033956982500387,-0.26799613,-0.25842485,9.945169,-0.01824264,0.0259658,0.013981585,-43.7125,-2.55,-47.55,sitting
2033957002500387,-0.29192436,-0.2632105,9.993624,9.321057E-4,0.01105211,0.008655267,-43.7125,-2.575,-47.55,sitting
2033957022500387,-0.023330022,-0.33020952,9.945169,0.015845796,-0.010253162,-0.0041278964,-43.725002,-2.7,-47.475002,sitting
2033957042500387,-0.008973085,-0.29192436,9.949955,0.05419529,-0.037950017,0.0011984216,-43.7,-2.7250001,-47.4875,sitting
2033957062500387,-0.052043892,-0.076570325,9.935597,0.088283725,-0.033688962,-0.0073236874,-43.7,-2.7,-47.6125,sitting
2033957082500387,0.024526432,0.06699903,9.600603,0.12343743,-0.023036325,-0.0105194785,-43.7,-2.7125,-47.6125,sitting
2033957102500387,-0.028115666,0.124426775,9.562318,0.15006901,-0.018775271,-9.321057E-4,-43.675,-2.7125,-47.7,sitting
2033957122500387,-0.25842485,0.2440679,9.8015995,0.10745847,0.0035952649,-0.0126500055,-43.7125,-2.625,-47.7375,sitting
2033957142500387,-0.31106696,0.24885355,9.600603,0.039281595,0.018508956,-0.038083173,-43.7,-2.55,-47.8125,sitting
2033957162500387,0.029312078,0.043070808,9.595817,0.014780533,-0.002796317,-0.024367906,-43.7125,-2.525,-47.850002,sitting
2033957182500387,0.10109676,-0.076570325,9.935597,-0.02996054,-0.016644744,0.01824264,-43.7125,-2.45,-47.875,sitting
2033957202500387,-0.124426775,-0.09092726,9.91167,-0.08748478,0.005725792,0.017177377,-43.7,-2.4625,-47.8375,sitting
2033957222500387,-0.23928227,0.086141616,9.744172,-0.064048976,0.020639483,-0.011584742,-43.675,-2.5,-47.75,sitting
2033957242500387,-0.20578274,0.14356937,9.567103,-0.03528686,0.021704746,-0.0105194785,-43.662502,-2.525,-47.6875,sitting
2033957262500387,-0.22492532,-0.0047856453,9.720243,-0.060853187,0.015313165,0.00652474,-43.7125,-2.575,-47.625,sitting
2033957282500387,-0.14356937,-0.40259242,10.118051,-0.12903006,0.013182637,0.01824264,-43.7125,-2.675,-47.600002,sitting
2033957302500387,-0.028115666,-0.61794645,10.223334,-0.16737954,0.014247901,0.031025803,-43.787502,-2.7250001,-47.6125,sitting
2033957322500387,-0.124426775,-0.46959144,10.04148,-0.10346373,0.005725792,0.032091066,-43.8,-2.825,-47.6125,sitting
2033957342500387,-0.25842485,-0.11006984,9.897313,0.011584742,-0.0049268445,0.003328949,-43.825,-2.9125001,-47.625,sitting
2033957362500387,-0.052043892,-0.18185452,9.686745,0.07443529,-0.017710008,-0.013715269,-43.875,-2.9375,-47.5875,sitting
2033957382500387,-0.16271193,-0.32063824,10.127622,0.07976162,-0.0326237,0.0054594763,-43.95,-2.9625,-47.575,sitting
2033957402500387,0.04366901,-0.3499503,10.218549,0.057391077,-0.0070573715,0.008655267,-43.95,-2.9,-47.662502,sitting
2033957422500387,0.12023934,-0.076570325,9.7298155,0.109588996,-0.005992108,0.013981585,-43.925,-2.8625,-47.675,sitting
2033957442500387,0.08673982,0.2105684,9.495318,0.2042643,-0.033688962,-0.01691106,-43.875,-2.7375,-47.725002,sitting
2033957462500387,-0.19142582,0.4881358,9.485747,0.19574219,-0.014514217,-0.05086634,-43.8,-2.6875,-47.7375,sitting
2033957482500387,-0.37328035,0.60777694,9.370892,0.11917637,0.02277001,-0.049801074,-43.8,-2.5625,-47.725002,sitting
2033957502500387,-0.2632105,0.45942193,9.279964,0.029694224,0.037683703,-0.02223738,-43.75,-2.5125,-47.6375,sitting
2033957522500387,-0.12921242,0.2440679,9.543175,-0.086419515,0.01105211,0.00972053,-43.725002,-2.4750001,-47.725002,sitting
2033957542500387,-0.028115666,-0.2009971,10.017552,-0.22809958,-0.015579481,0.016112113,-43.675,-2.45,-47.7375,sitting
2033957562500387,-0.052043892,-0.9242278,10.429117,-0.30692908,0.005725792,0.02996054,-43.675,-2.5125,-47.725002,sitting
2033957582500387,-0.08554341,-0.8333005,10.500902,-0.27603644,0.045140546,0.049135286,-43.7,-2.575,-47.7625,sitting
2033957602500387,-0.22492532,-0.39780676,9.882956,-0.118377425,0.045140546,0.051265813,-43.8,-2.7250001,-47.8125,sitting
2033957622500387,-0.3684947,0.13399807,9.61496,0.07443529,0.009986847,0.025699485,-43.8625,-2.825,-47.8125,sitting
2033957642500387,0.096311115,-0.10049855,9.600603,0.08934899,-0.034754228,-0.021172116,-43.8375,-3.025,-47.787502,sitting
2033957662500387,0.005383851,-0.24885355,10.003195,0.0126500055,-0.04860265,0.0011984216,-43.8625,-3.0625,-47.875,sitting
2033957682500387,-0.19621146,-0.37387854,10.022338,-0.03315633,0.008921583,0.010785795,-43.825,-3.1000001,-47.787502,sitting
2033957702500387,-0.09032906,-0.3786642,10.060623,0.0051931604,0.023835273,-0.0105194785,-43.850002,-3.1000001,-47.8375,sitting
2033957722500387,-0.23449662,-0.124426775,9.959526,0.065913185,-0.005992108,-0.0030626329,-43.850002,-3.025,-47.8375,sitting
2033957742500387,-0.09990034,0.05742774,9.672387,0.11491532,-0.008122635,-0.009454215,-43.8125,-2.9125001,-47.8125,sitting
2033957762500387,-0.05682954,0.2536392,9.543175,0.14261217,-0.011318427,-0.0030626329,-43.725002,-2.7625,-47.65,sitting
2033957782500387,-0.18185452,0.29192436,9.428319,0.108523734,-0.010253162,0.0011984216,-43.7,-2.5875,-47.6375,sitting
2033957802500387,-0.032901313,0.11006984,9.595817,0.030759487,-0.0017310535,-0.0019973693,-43.6875,-2.425,-47.7,sitting
2033957822500387,-0.008973085,-0.07178468,9.91167,-0.06937529,-0.0070573715,0.008655267,-43.6375,-2.375,-47.7375,sitting
2033957842500387,-0.15792629,-0.32542387,9.964312,-0.13222586,0.00785632,0.00972053,-43.675,-2.3,-47.8125,sitting
2033957862500387,-0.148355,-0.27756742,10.051051,-0.10985532,0.02809633,0.0022636852,-43.6125,-2.3125,-47.725002,sitting
2033957882500387,-0.2009971,-0.15792629,9.825528,-0.06831003,0.023835273,0.0043942127,-43.5875,-2.3625,-47.675,sitting
2033957902500387,-0.2440679,-0.08135597,9.739387,-0.01824264,0.005725792,0.0043942127,-43.6125,-2.4,-47.5875,sitting
2033957922500387,-0.09990034,-0.18664017,9.84467,-0.010785795,-6.6578976E-4,0.0075900033,-43.7,-2.4750001,-47.662502,sitting
2033957942500387,-0.08554341,-0.3930211,9.954741,-0.04061318,-0.008122635,0.011851058,-43.6875,-2.5625,-47.625,sitting
2033957962500387,-0.18664017,-0.3397808,10.137193,-0.04061318,-0.010253162,0.0011984216,-43.6875,-2.5875,-47.537502,sitting
2033957982500387,-0.15792629,-0.16271193,9.859028,0.0041278964,-0.0070573715,-0.0041278964,-43.7125,-2.5875,-47.5875,sitting
2033958002500387,-0.124426775,-0.11964113,9.7298155,0.07337003,-0.014514217,0.003328949,-43.7,-2.6000001,-47.537502,sitting
2033958022500387,-0.11485548,-0.12921242,9.969097,0.08934899,-0.030493172,-9.321057E-4,-43.7375,-2.6000001,-47.625,sitting
2033958042500387,0.010169496,-0.2009971,9.916455,0.06165213,-0.014514217,0.0043942127,-43.75,-2.5875,-47.7,sitting
2033958062500387,0.04366901,-0.11485548,9.820743,0.086153194,-0.014514217,0.0075900033,-43.7,-2.5375001,-47.775,sitting
2033958082500387,-0.0041874396,0.12921242,9.720243,0.109588996,-0.030493172,-0.02543317,-43.625,-2.45,-47.7375,sitting
2033958102500387,-0.066400826,0.25842485,9.500104,0.1063932,-0.026232118,-0.0519316,-43.65,-2.375,-47.725002,sitting
2033958122500387,-0.11964113,0.17706887,9.562318,0.08402267,-0.005992108,-0.04234423,-43.662502,-2.3500001,-47.775,sitting
2033958142500387,-0.1052842,0.18185452,9.7681,0.014780533,0.023835273,-0.021172116,-43.6875,-2.3125,-47.725002,sitting
2033958162500387,-0.124426775,0.07178468,9.638887,-0.05978792,0.030226856,-0.01691106,-43.6875,-2.3500001,-47.8,sitting
2033958182500387,-0.20578274,-0.08135597,9.825528,-0.084288985,0.0067910557,-0.021172116,-43.7375,-2.375,-47.787502,sitting
2033958202500387,-0.29192436,-0.22492532,10.055838,-0.118377425,0.024900537,-0.0041278964,-43.7625,-2.3500001,-47.7125,sitting
2033958222500387,-0.2440679,-0.2440679,10.017552,-0.12370374,0.037683703,0.01824264,-43.8125,-2.4125001,-47.8,sitting
2033958242500387,-0.061615184,-0.1052842,9.87817,-0.08002793,-6.6578976E-4,0.016112113,-43.850002,-2.5125,-47.8125,sitting
2033958262500387,-0.05682954,-0.10049855,9.69153,-0.04061318,-0.033688962,0.011851058,-43.825,-2.625,-47.8875,sitting
2033958282500387,-0.1052842,-0.18664017,9.830314,-0.02996054,-0.015579481,0.011851058,-43.8625,-2.7125,-47.875,sitting
2033958302500387,-0.09032906,-0.2727818,10.003195,-0.060853187,-0.0017310535,0.0054594763,-43.787502,-2.7625,-47.8,sitting
2033958322500387,-0.061615184,-0.3062813,9.91167,-0.06937529,-6.6578976E-4,1.3315796E-4,-43.787502,-2.8,-47.725002,sitting
2033958342500387,-0.047258247,-0.18664017,9.859028,-0.023568958,-0.008122635,-0.0051931604,-43.7375,-2.8375,-47.7125,sitting
2033958362500387,-0.11485548,-0.2105684,9.8015995,0.0126500055,-0.0049268445,-0.006258424,-43.7375,-2.8375,-47.7375,sitting
2033958382500387,-0.07597212,-0.24885355,9.935597,0.026498433,0.015313165,0.003328949,-43.75,-2.825,-47.65,sitting
2033958402500387,-0.08075777,-0.28235307,9.969097,0.023302643,0.01105211,-9.321057E-4,-43.75,-2.8,-47.7,sitting
2033958422500387,-0.071186475,-0.15314065,9.945169,0.036085807,-6.6578976E-4,-0.009454215,-43.7375,-2.7125,-47.662502,sitting
2033958442500387,-0.008973085,-0.02871387,9.696316,0.07550056,0.008921583,-0.0073236874,-43.7125,-2.6125,-47.6375,sitting
2033958462500387,-0.037686955,0.047856454,9.667602,0.10213215,0.00785632,-0.013715269,-43.75,-2.575,-47.65,sitting
2033958482500387,-0.29671,-0.038285162,9.748958,0.07443529,0.01957422,-0.027563697,-43.787502,-2.45,-47.625,sitting
2033958502500387,-0.42592242,-0.06699903,9.998409,0.031824753,0.027031064,-0.043409493,-43.8125,-2.3375,-47.5125,sitting
2033958522500387,-0.29192436,-0.033499517,9.849456,0.008388951,0.016378429,-0.02862896,-43.787502,-2.325,-47.4625,sitting
2033958542500387,-0.066400826,0.043070808,9.672387,0.04034686,-0.013448954,0.013981585,-43.7625,-2.25,-47.5125,sitting
2033958562500387,-0.07597212,0.22492532,9.653245,0.056325816,-0.036884755,0.03528686,-43.75,-2.25,-47.5625,sitting
2033958582500387,-0.071186475,0.37328035,9.480962,0.014780533,-0.029427908,0.027830012,-43.75,-2.25,-47.525,sitting
2033958602500387,-0.032901313,0.38285163,9.313464,-0.032091066,-0.017710008,0.034221593,-43.7375,-2.2875001,-47.537502,sitting
2033958622500387,-0.17706887,-0.28713873,9.739387,-0.11092058,0.0014647375,0.042743705,-43.7625,-2.3125,-47.625,sitting
2033958642500387,-0.22013968,-0.38823548,10.735399,-0.2504701,0.021704746,0.027830012,-43.7375,-2.4125001,-47.6875,sitting
2033958662500387,-0.23928227,-0.79501534,9.916455,-0.298407,0.035553172,0.028895276,-43.7375,-2.5,-47.8625,sitting
2033958682500387,0.24466611,-1.0438689,9.973883,-0.09494162,-0.01238369,0.072571084,-43.75,-2.5625,-47.912502,sitting
2033958702500387,0.3260221,-0.71365935,10.44826,0.0041278964,-0.008122635,0.12370374,-43.787502,-2.6875,-47.8125,sitting
2033958722500387,-0.526421,0.12921242,9.7681,0.05419529,0.036618438,0.073636346,-43.7625,-2.7375,-47.7125,sitting
2033958742500387,-0.14356937,0.22013968,9.203394,0.20532957,0.015313165,-0.052996866,-43.75,-2.75,-47.825,sitting
2033958762500387,-0.032901313,-0.07178468,9.557532,0.18189377,-0.025166854,-0.0126500055,-43.7375,-2.7125,-47.8625,sitting
2033958782500387,-0.22013968,-0.29192436,10.347761,0.0105194785,-6.6578976E-4,0.016112113,-43.6875,-2.6875,-47.825,sitting
2033958802500387,-0.018544376,-0.5557331,10.098908,-0.073636346,0.02277001,-0.02223738,-43.7125,-2.525,-47.825,sitting
2033958822500387,0.096311115,-0.5270192,9.973883,0.042477388,-0.0038615807,-0.0105194785,-43.6875,-2.3875,-47.7,sitting
2033958842500387,0.07238288,-0.32063824,9.973883,0.13941638,-0.018775271,-0.031824753,-43.662502,-2.25,-47.7,sitting
2033958862500387,-0.1052842,-0.076570325,9.863813,0.16604798,-0.015579481,-0.09028109,-43.5875,-2.1000001,-47.7375,sitting
2033958882500387,-0.3397808,0.29671,9.744172,0.20639484,-0.005992108,-0.13289164,-43.600002,-2.025,-47.725002,sitting
2033958902500387,-0.42592242,0.5838487,9.528818,0.2159822,-0.002796317,-0.13182637,-43.6125,-2.0125,-47.7,sitting
2033958922500387,-0.42592242,0.8333005,9.275179,0.1925464,-0.008122635,-0.084954776,-43.625,-2.0375001,-47.65,sitting
2033958942500387,-0.30149564,0.6556334,9.026325,0.11278479,-0.01238369,-0.020106852,-43.6375,-2.05,-47.6125,sitting
2033958962500387,-0.19142582,0.3589234,9.303893,-0.031025803,-0.021971062,0.039547913,-43.6125,-2.1375,-47.6375,sitting
2033958982500387,0.014955142,0.15792629,10.017552,-0.22916484,-0.025166854,0.06511424,-43.600002,-2.2875001,-47.75,sitting
2033959002500387,0.25902304,-0.6658029,10.113265,-0.37071174,-0.019840535,0.06937529,-43.6125,-2.4375,-47.725002,sitting
2033959022500387,0.15373886,-1.096511,10.515259,-0.3442133,3.9947388E-4,0.06617951,-43.662502,-2.575,-47.7375,sitting
2033959042500387,-0.16749759,-0.63230336,10.48176,-0.26964486,0.030226856,0.020373167,-43.675,-2.7125,-47.725002,sitting
2033959062500387,-0.09032906,-0.13399807,9.619745,-0.08855004,0.035553172,-0.0073236874,-43.675,-2.875,-47.6875,sitting
2033959082500387,-0.14356937,0.15792629,9.385248,0.120241635,0.01957422,0.032091066,-43.675,-3.0125,-47.7,sitting
2033959102500387,-0.3589234,-0.09092726,9.705887,0.07976162,0.02277001,0.023568958,-43.725002,-3.125,-47.662502,sitting
2033959122500387,-0.13399807,-0.56530434,10.280763,-0.060853187,0.02277001,-0.009454215,-43.7125,-3.2250001,-47.600002,sitting
2033959142500387,-0.08554341,-0.78065836,10.290334,-0.09707215,0.035553172,0.039547913,-43.7375,-3.175,-47.5625,sitting
2033959162500387,-0.31106696,-0.1052842,10.027123,0.017976323,0.017443692,0.04061318,-43.7375,-3.125,-47.5125,sitting
2033959182500387,-0.11964113,0.0526421,9.461819,0.13835111,-0.04114581,-0.02862896,-43.7375,-3.0,-47.4375,sitting
2033959202500387,-0.061615184,0.043070808,9.662816,0.17869797,-0.068842664,-0.008388951,-43.725002,-2.875,-47.3625,sitting
2033959222500387,0.029312078,-0.0,9.902099,0.10532794,-0.013448954,0.03315633,-43.7375,-2.7250001,-47.412502,sitting
2033959242500387,-0.0951147,-0.0526421,9.705887,0.044607915,0.0035952649,0.022503695,-43.725002,-2.5875,-47.4,sitting
2033959262500387,-0.11964113,0.043070808,9.839885,0.058456343,-0.017710008,-0.014780533,-43.662502,-2.4375,-47.45,sitting
2033959282500387,-0.018544376,0.047856454,9.7298155,0.046738442,-0.008122635,-0.014780533,-43.65,-2.2625,-47.5,sitting
2033959302500387,-0.071186475,0.09092726,9.629316,0.04034686,-0.002796317,0.0054594763,-43.625,-2.2250001,-47.4875,sitting
2033959322500387,-0.16271193,0.13399807,9.696316,0.02543317,0.005725792,0.0011984216,-43.5625,-2.2,-47.4875,sitting
2033959342500387,-0.0951147,0.076570325,9.69153,-0.021438431,0.009986847,-0.0105194785,-43.55,-2.25,-47.45,sitting
2033959362500387,-0.01375873,0.05742774,9.744172,-0.060853187,0.002530001,-9.321057E-4,-43.537502,-2.25,-47.575,sitting
2033959382500387,-0.13399807,-0.038285162,9.7681,-0.08855004,0.013182637,0.00972053,-43.537502,-2.25,-47.5625,sitting
2033959402500387,-0.22971097,-0.28235307,9.954741,-0.1130511,0.02809633,1.3315796E-4,-43.575,-2.3,-47.575,sitting
2033959422500387,-0.148355,-0.51266223,10.161121,-0.13222586,0.035553172,1.3315796E-4,-43.600002,-2.3500001,-47.575,sitting
2033959442500387,-0.23928227,-0.38823548,10.07498,-0.11198584,0.02809633,0.00972053,-43.625,-2.4625,-47.45,sitting
2033959462500387,-0.2009971,-0.11006984,9.8015995,-0.028895276,0.0067910557,1.3315796E-4,-43.625,-2.55,-47.3625,sitting
2033959482500387,-0.071186475,-0.062213387,9.653245,0.038216334,-0.018775271,-0.0041278964,-43.662502,-2.6000001,-47.325,sitting
2033959502500387,-0.124426775,-0.16271193,9.835099,0.032890014,-0.025166854,0.003328949,-43.6875,-2.6125,-47.412502,sitting
2033959522500387,-0.12921242,-0.31585258,10.017552,-0.008655267,-0.0049268445,-9.321057E-4,-43.6875,-2.6375,-47.425,sitting
2033959542500387,-0.13878371,-0.2632105,9.921241,-0.013981585,0.0035952649,-0.0030626329,-43.725002,-2.6625001,-47.4625,sitting
2033959562500387,-0.023330022,-0.32542387,9.859028,0.036085807,-0.0070573715,-0.0051931604,-43.675,-2.6000001,-47.525,sitting
2033959582500387,0.04366901,-0.28713873,10.055838,0.066978455,-0.020905798,-0.009454215,-43.6875,-2.525,-47.5125,sitting
2033959602500387,0.12502499,-0.2727818,9.906884,0.076565824,-0.0017310535,-0.0126500055,-43.662502,-2.4750001,-47.6125,sitting
2033959622500387,0.019740786,-0.0,9.753743,0.12769848,0.005725792,-0.032890014,-43.675,-2.4125001,-47.662502,sitting
2033959642500387,-0.2009971,0.2536392,9.638887,0.16072164,0.01105211,-0.071106344,-43.6875,-2.3500001,-47.8,sitting
2033959662500387,-0.29671,0.29671,9.500104,0.15006901,0.032357384,-0.06684529,-43.65,-2.3125,-47.7625,sitting
2033959682500387,-0.3589234,0.32063824,9.58146,0.10426268,0.06325003,-0.019041587,-43.65,-2.2875001,-47.787502,sitting
2033959702500387,-0.5312066,0.34456646,9.571889,0.023302643,0.06325003,0.008655267,-43.6375,-2.25,-47.7375,sitting
2033959722500387,-0.5838487,0.26799613,9.528818,-0.05659213,0.027031064,-9.321057E-4,-43.65,-2.275,-47.65,sitting
2033959742500387,-0.28713873,0.043070808,9.753743,-0.13435638,-0.033688962,0.0075900033,-43.6125,-2.3375,-47.6875,sitting
2033959762500387,0.4408776,-0.72323066,10.189836,-0.21531641,-0.07097319,0.062983714,-43.6375,-2.4,-47.7,sitting
2033959782500387,0.34516466,-0.96729857,10.491331,-0.24727432,-0.07097319,0.096006885,-43.65,-2.4875,-47.7,sitting
2033959802500387,-0.3397808,-0.18664017,10.146765,-0.1631185,-0.020905798,0.02996054,-43.65,-2.5625,-47.65,sitting
2033959822500387,-0.17228323,0.13399807,9.370892,0.032890014,0.017443692,-0.032890014,-43.65,-2.6625001,-47.7375,sitting
2033959842500387,0.014955142,-0.13399807,9.413962,0.12237216,-0.014514217,1.3315796E-4,-43.6375,-2.775,-47.65,sitting
2033959862500387,-0.18185452,-0.31106696,10.352547,9.321057E-4,-0.02410159,0.0054594763,-43.6125,-2.875,-47.7125,sitting
2033959882500387,-0.037686955,-0.49351966,10.127622,-0.105594255,0.027031064,-0.011584742,-43.65,-2.9125001,-47.8,sitting
2033959902500387,-0.0951147,-0.27756742,9.825528,0.0030626329,0.020639483,0.0054594763,-43.662502,-2.9125001,-47.8125,sitting
2033959922500387,-0.13878371,-0.02871387,9.882956,0.10532794,-0.016644744,-0.015845796,-43.65,-2.8125,-47.75,sitting
2033959942500387,0.053240303,-0.047856454,9.696316,0.10745847,0.005725792,-0.019041587,-43.6375,-2.675,-47.775,sitting
2033959962500387,-0.05682954,-0.023928227,9.763314,0.10745847,0.0067910557,-0.0051931604,-43.5875,-2.6000001,-47.8375,sitting
2033959982500387,-0.22971097,0.02871387,9.84467,0.08295741,0.023835273,-0.023302643,-43.600002,-2.4750001,-47.8625,sitting
2033960002500387,-0.21535404,0.12921242,9.715458,0.06058687,0.031292118,-0.035952646,-43.600002,-2.3875,-47.9625,sitting
2033960022500387,-0.35413775,0.19621146,9.576674,0.0627174,0.017443692,-0.02223738,-43.600002,-2.2375,-47.8625,sitting
2033960042500387,-0.45942193,0.15792629,9.681958,0.04354265,0.016378429,-0.006258424,-43.600002,-2.1625001,-47.7375,sitting
2033960062500387,-0.33499518,0.13878371,9.7681,-0.026764749,0.00785632,0.012916322,-43.600002,-2.15,-47.6875,sitting
2033960082500387,-0.037686955,0.10049855,9.653245,-0.07896267,-0.0326237,0.038482647,-43.625,-2.2625,-47.7625,sitting
2033960102500387,0.1585245,-0.09571291,9.710672,-0.098137416,-0.061385818,0.05659213,-43.5625,-2.3500001,-47.6875,sitting
2033960122500387,0.06281159,-0.5174479,10.118051,-0.13861743,-0.039015282,0.051265813,-43.6375,-2.375,-47.6375,sitting
2033960142500387,-0.15314065,-0.503091,10.347761,-0.1716406,0.0014647375,0.017177377,-43.662502,-2.4875,-47.600002,sitting
2033960162500387,-0.0951147,-0.26799613,9.87817,-0.105594255,0.013182637,-0.011584742,-43.662502,-2.575,-47.575,sitting
2033960182500387,-0.061615184,-0.08135597,9.61496,0.027563697,-0.011318427,-0.0019973693,-43.675,-2.6875,-47.5625,sitting
2033960202500387,-0.15314065,-0.148355,9.8015995,0.057391077,-0.009187899,0.0054594763,-43.65,-2.75,-47.575,sitting
2033960222500387,5.9820566E-4,-0.34516466,10.012766,-0.0011984216,0.01105211,-0.0051931604,-43.65,-2.7625,-47.600002,sitting
2033960242500387,-0.023330022,-0.26799613,9.954741,-0.017177377,0.017443692,0.003328949,-43.6125,-2.7375,-47.600002,sitting
2033960262500387,-0.023330022,-0.09092726,9.806385,0.038216334,0.008921583,-0.0030626329,-43.662502,-2.7,-47.7125,sitting
2033960282500387,-0.15314065,-0.11485548,9.777672,0.08295741,0.013182637,-0.013715269,-43.6375,-2.65,-47.725002,sitting
2033960302500387,-0.25842485,0.014356935,9.854242,0.07869635,0.037683703,-0.020106852,-43.625,-2.55,-47.662502,sitting
2033960322500387,-0.3924229,0.09571291,9.696316,0.050999496,0.030226856,-0.034887385,-43.65,-2.4375,-47.65,sitting
2033960342500387,-0.3397808,0.08135597,9.6580305,0.049934234,0.017443692,-0.030759487,-43.662502,-2.3375,-47.6875,sitting
2033960362500387,-0.18664017,0.0047856453,9.787243,0.02223738,-0.008122635,1.3315796E-4,-43.6375,-2.2625,-47.7125,sitting
2033960382500387,-0.11964113,0.0047856453,9.811171,-0.028895276,-0.025166854,0.02996054,-43.625,-2.25,-47.662502,sitting
2033960402500387,-0.052043892,0.0047856453,9.758529,-0.045939494,-0.0326237,0.032091066,-43.65,-2.2125,-47.5625,sitting
2033960422500387,-0.028115666,-0.038285162,9.734601,-0.049135286,-0.031558435,0.022503695,-43.625,-2.2375,-47.4625,sitting
2033960442500387,0.010169496,-0.19621146,9.84467,-0.06831003,-0.018775271,0.012916322,-43.6375,-2.2875001,-47.537502,sitting
2033960462500387,-0.13399807,-0.2536392,10.022338,-0.09707215,-0.01238369,0.0011984216,-43.625,-2.375,-47.65,sitting
2033960482500387,-0.12921242,-0.2727818,9.87817,-0.09387636,3.9947388E-4,-0.0126500055,-43.600002,-2.45,-47.600002,sitting
2033960502500387,0.024526432,-0.36430725,9.849456,-0.049135286,-0.008122635,-0.009454215,-43.55,-2.55,-47.525,sitting
2033960522500387,-0.066400826,-0.33020952,10.031909,-0.026764749,-0.009187899,1.3315796E-4,-43.600002,-2.575,-47.5125,sitting
2033960542500387,-0.07597212,-0.3595216,9.897313,-0.010785795,0.015313165,0.0022636852,-43.625,-2.575,-47.625,sitting
2033960562500387,-0.037686955,-0.3595216,9.949955,0.03715107,0.023835273,0.0022636852,-43.6125,-2.6000001,-47.662502,sitting
2033960582500387,-0.1052842,-0.18185452,10.012766,0.065913185,0.017443692,-0.0041278964,-43.662502,-2.55,-47.7375,sitting
2033960602500387,-0.066400826,-0.09571291,9.744172,0.09361004,0.0259658,-0.015845796,-43.6375,-2.525,-47.6375,sitting
2033960622500387,-0.17706887,-0.07178468,9.772886,0.13089427,0.017443692,-0.029694224,-43.662502,-2.425,-47.537502,sitting
2033960642500387,-0.35413775,-0.033499517,9.849456,0.118111104,0.02809633,-0.034887385,-43.662502,-2.325,-47.55,sitting
2033960662500387,-0.44506502,0.1052842,9.782457,0.09680583,0.044075284,-0.020106852,-43.675,-2.2250001,-47.600002,sitting
2033960682500387,-0.36370903,0.24885355,9.648459,0.10106689,0.021704746,0.0043942127,-43.6375,-2.2125,-47.600002,sitting
2033960702500387,-0.22971097,0.3397808,9.485747,0.086153194,-0.020905798,0.026764749,-43.625,-2.15,-47.575,sitting
2033960722500387,-0.13878371,0.34456646,9.413962,0.029694224,-0.04860265,0.04061318,-43.6125,-2.1000001,-47.537502,sitting
2033960742500387,-0.037686955,0.21535404,9.557532,-0.06191845,-0.05286371,0.04700476,-43.6125,-2.15,-47.537502,sitting
2033960762500387,0.091525465,-0.25842485,9.906884,-0.16098797,-0.04221107,0.050200548,-43.6125,-2.1875,-47.5,sitting
2033960782500387,0.1585245,-0.785444,10.37169,-0.23023011,-0.019840535,0.049135286,-43.6125,-2.2375,-47.5,sitting
2033960802500387,-0.11006984,-0.56530434,10.247263,-0.22277325,0.0035952649,0.019307904,-43.625,-2.325,-47.575,sitting
2033960822500387,-0.12921242,-0.23449662,9.715458,-0.08855004,0.0035952649,-0.02543317,-43.6375,-2.425,-47.6875,sitting
2033960842500387,0.010169496,-0.13399807,9.710672,0.046738442,-0.0070573715,-0.011584742,-43.6125,-2.5,-47.7125,sitting
2033960862500387,-0.148355,-0.16749759,9.873384,0.03502054,0.01105211,0.017177377,-43.575,-2.6125,-47.7,sitting
2033960882500387,-0.066400826,-0.36909288,9.969097,-0.0043942127,0.031292118,-0.0030626329,-43.5875,-2.6625001,-47.787502,sitting
2033960902500387,0.07716853,-0.43609193,10.065409,0.0051931604,0.027031064,-0.0051931604,-43.5875,-2.65,-47.9,sitting
2033960922500387,0.10109676,-0.43609193,10.017552,0.04886897,0.03448791,0.0011984216,-43.5875,-2.55,-47.95,sitting
2033960942500387,-0.05682954,-0.31106696,10.031909,0.108523734,0.038748965,-0.03395528,-43.5625,-2.525,-48.0125,sitting
2033960962500387,-0.47377887,-0.07178468,9.935597,0.15433007,0.04087949,-0.082824245,-43.5625,-2.4125001,-47.975002,sitting
2033960982500387,-0.6412765,0.086141616,9.701101,0.19574219,0.055793185,-0.09986847,-43.5875,-2.3125,-47.912502,sitting
2033961002500387,-0.51206404,0.2632105,9.677173,0.2245043,0.051532127,-0.049801074,-43.65,-2.2,-47.912502,sitting
2033961022500387,-0.30149564,0.51206404,9.605389,0.1925464,0.008921583,0.024634222,-43.7375,-2.0625,-47.875,sitting
2033961042500387,-0.13878371,0.7040881,9.2895355,0.1415469,-0.027297381,0.06191845,-43.7125,-2.0375001,-47.9,sitting
2033961062500387,-0.20578274,0.7040881,9.050254,0.08082688,-0.0560595,0.05339634,-43.6875,-1.9875001,-47.8375,sitting
2033961082500387,-0.33020952,0.5455636,9.236894,-0.055526868,-0.06671213,0.031025803,-43.6875,-2.0375001,-47.825,sitting
2033961102500387,-0.05682954,0.17706887,9.806385,-0.24940485,-0.05392897,0.03635212,-43.6875,-2.1125,-47.7625,sitting
2033961122500387,0.49830532,-1.2017952,10.443475,-0.40586546,-0.04860265,0.072571084,-43.675,-2.25,-47.7125,sitting
2033961142500387,0.27816564,-1.2927225,10.89811,-0.4388886,-0.028362645,0.07150582,-43.65,-2.3125,-47.725002,sitting
2033961162500387,-0.2105684,-0.8380861,10.175478,-0.29947224,0.01105211,-0.02223738,-43.600002,-2.4625,-47.662502,sitting
2033961182500387,-0.38763726,0.009571291,9.720243,0.014780533,0.014247901,-0.093476884,-43.537502,-2.6125,-47.662502,sitting
2033961202500387,0.2111666,0.1052842,9.461819,0.1681785,0.002530001,-0.04554002,-43.525,-2.7125,-47.5875,sitting
2033961222500387,-0.2440679,-0.18185452,9.543175,0.11917637,0.01957422,0.054461602,-43.537502,-2.825,-47.5625,sitting
2033961242500387,-0.4019942,-0.3062813,10.381261,0.011584742,0.045140546,-9.321057E-4,-43.5625,-2.8375,-47.600002,sitting
2033961262500387,-0.018544376,-0.6466603,10.161121,-0.064048976,0.04301002,-0.03701791,-43.575,-2.775,-47.55,sitting
2033961282500387,-0.0041874396,-0.33020952,9.993624,0.046738442,0.002530001,0.0075900033,-43.5625,-2.675,-47.5125,sitting
2033961302500387,-0.2105684,-0.16749759,9.839885,0.15539533,-0.023036325,-0.02543317,-43.575,-2.5625,-47.5625,sitting
2033961322500387,-0.32542387,0.009571291,9.830314,0.18189377,-0.017710008,-0.062584236,-43.600002,-2.4375,-47.5875,sitting
2033961342500387,-0.27756742,0.22492532,9.720243,0.1893506,0.008921583,-0.02862896,-43.625,-2.2625,-47.675,sitting
2033961362500387,-0.14356937,0.5168497,9.495318,0.18722008,0.0035952649,0.013981585,-43.575,-2.1125,-47.75,sitting
2033961382500387,-0.19621146,0.67477596,9.193823,0.15219954,-0.017710008,0.022503695,-43.5875,-2.0125,-47.7625,sitting
2033961402500387,-0.31106696,0.5024927,9.126823,0.06058687,-0.026232118,0.011851058,-43.5625,-1.9875001,-47.7125,sitting
2033961422500387,-0.21535404,0.2727818,9.600603,-0.09068057,-0.025166854,0.017177377,-43.55,-1.9875001,-47.8,sitting
2033961442500387,0.1058824,-0.33499518,10.118051,-0.26431856,-0.016644744,0.04700476,-43.600002,-2.0125,-47.8625,sitting
2033961462500387,0.33559337,-1.2017952,10.491331,-0.3410175,-0.020905798,0.060853187,-43.600002,-2.125,-47.787502,sitting
2033961482500387,-0.124426775,-0.75194454,10.55833,-0.28668907,-0.0038615807,0.024634222,-43.6125,-2.1875,-47.912502,sitting
2033961502500387,-0.20578274,-0.148355,9.715458,-0.10452899,0.017443692,-0.04234423,-43.625,-2.3500001,-47.787502,sitting
2033961522500387,0.081954174,0.09092726,9.404391,0.11385005,0.012117374,-0.0126500055,-43.7125,-2.4625,-47.725002,sitting
2033961542500387,-0.32063824,-0.11006984,9.6580305,0.109588996,0.020639483,0.03528686,-43.725002,-2.575,-47.675,sitting
2033961562500387,-0.26799613,-0.49351966,10.362119,-0.021438431,0.035553172,-0.017976323,-43.7625,-2.6875,-47.6875,sitting
2033961582500387,-0.008973085,-0.60837513,10.237692,-0.074701615,0.04087949,-0.008388951,-43.775,-2.7125,-47.7375,sitting
2033961602500387,-0.15314065,-0.2009971,9.892527,0.046738442,0.01105211,0.01824264,-43.7375,-2.675,-47.787502,sitting
2033961622500387,-0.30149564,0.009571291,9.696316,0.1681785,-0.016644744,-0.024367906,-43.7375,-2.6125,-47.775,sitting
2033961642500387,-0.3062813,0.14356937,9.739387,0.17976324,-0.013448954,-0.026498433,-43.7,-2.525,-47.675,sitting
2033961662500387,-0.2727818,0.22013968,9.667602,0.14687322,0.014247901,0.026764749,-43.675,-2.4375,-47.7375,sitting
2033961682500387,-0.17228323,0.14356937,9.600603,0.11917637,0.005725792,0.055526868,-43.6125,-2.3500001,-47.7125,sitting
2033961702500387,-0.11006984,0.22013968,9.739387,0.07123951,-0.021971062,0.044874232,-43.575,-2.2,-47.675,sitting
2033961722500387,0.034097724,0.20578274,9.54796,0.0126500055,-0.034754228,0.034221593,-43.537502,-2.0875,-47.7125,sitting
2033961742500387,-0.037686955,0.12921242,9.538389,-0.011851058,-0.030493172,0.03635212,-43.5,-2.0625,-47.5875,sitting
2033961762500387,-0.16271193,0.09571291,9.811171,-0.06617951,-0.015579481,0.020373167,-43.5,-2.1125,-47.55,sitting
2033961782500387,-0.07597212,0.019142581,9.763314,-0.13755217,-0.0017310535,0.008655267,-43.4625,-2.2125,-47.55,sitting
2033961802500387,0.019740786,-0.23928227,9.806385,-0.1514006,-0.005992108,0.021438431,-43.475002,-2.3,-47.5125,sitting
2033961822500387,-0.0951147,-0.47916272,10.232906,-0.1631185,-6.6578976E-4,0.020373167,-43.4625,-2.3625,-47.4625,sitting
2033961842500387,-0.09032906,-0.46002015,10.170692,-0.17057534,0.02809633,0.011851058,-43.5,-2.45,-47.4625,sitting
2033961862500387,0.05802595,-0.48394838,9.734601,-0.07683214,0.03981423,0.034221593,-43.525,-2.5875,-47.525,sitting
2033961882500387,-0.37328035,-0.22971097,10.00798,0.030759487,0.03448791,0.044874232,-43.5625,-2.6625001,-47.4375,sitting
2033961902500387,-0.47377887,-0.3595216,10.003195,0.02862896,0.045140546,-0.008388951,-43.5625,-2.7375,-47.412502,sitting
2033961922500387,-0.018544376,-0.5270192,10.189836,0.04034686,0.002530001,-0.02543317,-43.575,-2.7250001,-47.5,sitting
2033961942500387,-0.124426775,-0.41694933,10.213763,0.08508793,-0.039015282,0.010785795,-43.6125,-2.675,-47.4875,sitting
2033961962500387,-0.16749759,-0.023928227,9.945169,0.16285218,-0.0326237,-0.0051931604,-43.5875,-2.6000001,-47.4625,sitting
2033961982500387,0.010169496,0.33020952,9.457033,0.2628538,-0.005992108,0.0054594763,-43.600002,-2.525,-47.5,sitting
2033962002500387,-0.032901313,0.6843473,9.212965,0.29800752,-0.0017310535,0.04700476,-43.5875,-2.4,-47.5875,sitting
2033962022500387,-0.3589234,0.8380861,9.107681,0.21491694,0.015313165,0.039547913,-43.575,-2.2375,-47.600002,sitting
2033962042500387,-0.5694918,0.785444,9.078967,0.05419529,0.023835273,-0.0019973693,-43.537502,-2.1125,-47.7,sitting
2033962062500387,-0.33499518,0.36370903,9.25125,-0.13755217,-0.021971062,-0.017976323,-43.537502,-2.025,-47.7625,sitting
2033962082500387,0.43609193,-0.7328019,10.433903,-0.3410175,-0.078430034,0.026764749,-43.55,-2.0,-47.6875,sitting
2033962102500387,0.49351966,-1.5517455,11.133205,-0.4836297,-0.04114581,0.09068057,-43.5125,-1.9875001,-47.725002,sitting
2033962122500387,-0.023330022,-1.0103694,10.433903,-0.38029912,0.036618438,0.06191845,-43.525,-2.05,-47.7625,sitting
2033962142500387,-0.37328035,0.11006984,9.619745,9.321057E-4,0.050466865,-0.013715269,-43.5125,-2.15,-47.725002,sitting
2033962162500387,-0.22492532,0.21535404,9.155538,0.2245043,0.033422645,-0.024367906,-43.537502,-2.3125,-47.5875,sitting
2033962182500387,-0.37806597,-0.124426775,9.6580305,0.1415469,0.015313165,0.0022636852,-43.5625,-2.4125001,-47.575,sitting
2033962202500387,-0.20578274,-0.5509474,10.582258,-0.049135286,0.020639483,-0.015845796,-43.6125,-2.525,-47.4625,sitting
2033962222500387,0.010169496,-0.75673014,10.26162,-0.1130511,0.017443692,-0.008388951,-43.625,-2.5375001,-47.575,sitting
2033962242500387,0.07238288,-0.4648058,10.003195,0.06378266,-0.020905798,0.0075900033,-43.575,-2.4750001,-47.625,sitting
2033962262500387,0.06281159,-0.2009971,9.926026,0.20319904,-0.044341598,-0.032890014,-43.5625,-2.3875,-47.600002,sitting
2033962282500387,-0.018544376,0.12921242,9.744172,0.23728748,-0.020905798,-0.059388448,-43.525,-2.2125,-47.5625,sitting
2033962302500387,-0.21535404,0.5455636,9.47139,0.27031064,0.024900537,-0.058323186,-43.525,-2.0625,-47.5875,sitting
2033962322500387,-0.5024927,0.91465646,9.232108,0.25646222,0.031292118,-0.075367406,-43.45,-1.8625001,-47.7,sitting
2033962342500387,-0.6029913,0.86201435,8.983254,0.15859112,0.01105211,-0.07856319,-43.425,-1.7375001,-47.7375,sitting
2033962362500387,-0.3684947,0.49292147,9.069396,0.0030626329,-0.011318427,-0.021172116,-43.3875,-1.6,-47.8625,sitting
2033962382500387,-0.071186475,0.2009971,9.835099,-0.20359851,-0.0326237,0.05978792,-43.375,-1.5625,-47.825,sitting
2033962402500387,0.29252258,-0.7328019,10.429117,-0.40160438,-0.045406863,0.07789741,-43.4375,-1.625,-47.7625,sitting
2033962422500387,0.4552345,-1.4608182,10.687542,-0.42823598,-0.03581949,0.06511424,-43.4625,-1.7375001,-47.675,sitting
2033962442500387,-0.19621146,-0.7088737,10.539187,-0.28988487,0.01105211,0.023568958,-43.5,-1.9375,-47.725002,sitting
2033962462500387,-0.33020952,0.0047856453,9.571889,-0.04061318,0.036618438,-0.046605285,-43.525,-2.1000001,-47.775,sitting
2033962482500387,-0.0424726,0.12921242,9.299107,0.17443693,0.014247901,-0.017976323,-43.600002,-2.3,-47.7125,sitting
2033962502500387,-0.42592242,-0.18664017,9.830314,0.11598058,0.012117374,0.032091066,-43.5875,-2.4875,-47.6375,sitting
2033962522500387,-0.16271193,-0.5988039,10.496117,-0.043808967,0.017443692,-0.017976323,-43.600002,-2.6375,-47.5625,sitting
2033962542500387,0.024526432,-0.71365935,10.232906,-0.06617951,0.0067910557,-0.0019973693,-43.625,-2.65,-47.425,sitting
2033962562500387,-0.08554341,-0.2440679,10.027123,0.09680583,-0.026232118,0.008655267,-43.6125,-2.5875,-47.45,sitting
2033962582500387,0.05802595,0.11485548,9.701101,0.21917799,-0.036884755,-0.030759487,-43.65,-2.5,-47.6125,sitting
2033962602500387,-0.05682954,0.4211368,9.39482,0.259658,-0.011318427,-0.013715269,-43.662502,-2.3875,-47.6875,sitting
2033962622500387,-0.41156548,0.69930243,9.260822,0.24048327,0.020639483,-0.0041278964,-43.6375,-2.25,-47.6875,sitting
2033962642500387,-0.5694918,0.64606214,9.193823,0.13089427,0.03448791,-0.021172116,-43.625,-2.0875,-47.7625,sitting
2033962662500387,-0.29192436,0.3589234,9.418748,-0.022503695,-6.6578976E-4,-0.011584742,-43.6375,-1.95,-47.7125,sitting
2033962682500387,0.12502499,-0.05742774,9.873384,-0.18975009,-0.0560595,0.03315633,-43.6125,-1.875,-47.65,sitting
2033962702500387,0.38344982,-0.8285148,10.280763,-0.30266804,-0.0560595,0.06724477,-43.5625,-1.875,-47.675,sitting
2033962722500387,0.11545369,-1.0295119,10.649257,-0.28988487,-0.008122635,0.062983714,-43.600002,-2.0,-47.65,sitting
2033962742500387,-0.2536392,-0.20578274,10.189836,-0.1716406,0.035553172,0.008655267,-43.6125,-2.075,-47.525,sitting
2033962762500387,-0.1052842,0.148355,9.241679,0.04567318,0.033422645,-0.02223738,-43.5875,-2.175,-47.4375,sitting
2033962782500387,-0.2440679,0.02871387,9.390035,0.1532648,0.0014647375,0.00652474,-43.6125,-2.325,-47.45,sitting
2033962802500387,-0.21535404,-0.39780676,10.328619,0.0041278964,0.014247901,-0.0051931604,-43.5875,-2.45,-47.5,sitting
2033962822500387,-0.17228323,-0.5988039,10.323833,-0.124769,0.03981423,-9.321057E-4,-43.600002,-2.5,-47.625,sitting
2033962842500387,-0.018544376,-0.52223355,9.959526,-0.020373167,0.012117374,0.00652474,-43.6375,-2.525,-47.6875,sitting
2033962862500387,-0.018544376,-0.4743771,10.1802635,0.120241635,-0.040080544,-0.021172116,-43.662502,-2.5125,-47.725002,sitting
2033962882500387,0.048454657,-0.22492532,10.137193,0.15965639,-0.025166854,-0.034887385,-43.6125,-2.3875,-47.7375,sitting
2033962902500387,0.11066805,0.16749759,9.619745,0.23196116,0.0046605286,-0.03701791,-43.537502,-2.3125,-47.875,sitting
2033962922500387,-0.16749759,0.56470615,9.299107,0.31505173,0.00785632,-0.0519316,-43.55,-2.2,-47.8875,sitting
2033962942500387,-0.56470615,0.8668,9.256036,0.27670223,0.0259658,-0.082824245,-43.5125,-2.075,-47.850002,sitting
2033962962500387,-0.6843473,0.87637126,9.160323,0.14261217,0.041944757,-0.075367406,-43.475002,-1.95,-47.8,sitting
2033962982500387,-0.3924229,0.6412765,9.145967,-0.010785795,0.00785632,-0.014780533,-43.4375,-1.85,-47.7625,sitting
2033963002500387,-0.071186475,0.2727818,9.500104,-0.1865543,-0.054994237,0.051265813,-43.412502,-1.8375,-47.75,sitting
2033963022500387,0.3499503,-0.4456632,10.232906,-0.3685812,-0.08695214,0.07150582,-43.425,-1.875,-47.8,sitting
2033963042500387,0.5174479,-1.570888,10.730613,-0.45273703,-0.040080544,0.084288985,-43.475002,-2.0625,-47.875,sitting
2033963062500387,-0.08554341,-1.1395818,10.802398,-0.3623228,0.036618438,0.057657395,-43.55,-2.2,-47.8125,sitting
2033963082500387,-0.28235307,-0.13878371,9.935597,-0.105594255,0.055793185,-0.029694224,-43.575,-2.4,-47.8375,sitting
2033963102500387,-0.05682954,0.15792629,9.193823,0.18722008,0.033422645,-0.021172116,-43.625,-2.575,-47.8875,sitting
2033963122500387,-0.57906306,0.014356935,9.543175,0.21491694,0.009986847,0.012916322,-43.7,-2.7875001,-48.037502,sitting
2033963142500387,-0.26799613,-0.421735,10.486546,0.02862896,0.00785632,-0.049801074,-43.75,-2.9750001,-48.162502,sitting
2033963162500387,0.1058824,-0.9194421,10.342976,-0.07044056,3.9947388E-4,-0.015845796,-43.75,-2.9875,-48.2375,sitting
2033963182500387,0.34037903,-0.61794645,10.285548,0.07337003,-0.0326237,0.025699485,-43.75,-2.9375,-48.2625,sitting
2033963202500387,0.41694933,-0.0526421,9.825528,0.23728748,-0.031558435,-0.023302643,-43.7125,-2.775,-48.3125,sitting
2033963222500387,-0.0041874396,0.52163535,9.399606,0.34594437,-0.016644744,-0.083889514,-43.65,-2.6375,-48.350002,sitting
2033963242500387,-0.4977071,0.9816555,9.222537,0.3619233,0.033422645,-0.13395691,-43.5875,-2.4375,-48.4,sitting
2033963262500387,-0.98584294,1.1347961,9.069396,0.25646222,0.08349004,-0.13395691,-43.55,-2.2625,-48.425,sitting
2033963282500387,-0.8422736,0.99601245,8.9108715,0.098936364,0.06538056,-0.07856319,-43.5,-2.0875,-48.3375,sitting
2033963302500387,-0.32542387,0.57427746,8.959326,-0.10452899,-0.019840535,0.021438431,-43.5,-1.975,-48.3375,sitting
2033963322500387,0.23988047,-0.0047856453,9.835099,-0.35167015,-0.11771163,0.09707215,-43.5,-1.95,-48.375,sitting
2033963342500387,0.7088737,-1.5086746,11.209776,-0.5773729,-0.109189525,0.1279648,-43.55,-2.0375001,-48.275,sitting
2033963362500387,0.4552345,-1.9250258,10.922039,-0.58269924,0.01105211,0.1396827,-43.600002,-2.2375,-48.1375,sitting
2033963382500387,-0.19142582,-0.81894356,10.6014,-0.2483396,0.05792371,0.07150582,-43.6875,-2.425,-48.125,sitting
2033963402500387,-0.29671,0.3589234,9.528818,0.14580797,0.071772136,-0.0030626329,-43.725002,-2.6875,-48.0125,sitting
2033963422500387,-0.57906306,0.33499518,8.843872,0.32783487,0.03448791,-0.017976323,-43.7625,-2.875,-47.912502,sitting
2033963442500387,-0.4642076,0.086141616,9.509675,0.22024326,-0.025166854,-0.046605285,-43.8,-3.0875,-47.787502,sitting
2033963462500387,0.04366901,-0.2632105,10.610972,-0.044874232,-0.020905798,-0.01691106,-43.8125,-3.1625001,-47.675,sitting
2033963482500387,0.12502499,-0.67058855,10.003195,-0.15033533,0.0014647375,0.055526868,-43.8125,-3.175,-47.6875,sitting
2033963502500387,0.05802595,-0.40737805,10.079765,0.023302643,-0.03581949,0.024634222,-43.75,-3.0625,-47.6875,sitting
2033963522500387,0.091525465,-0.038285162,9.949955,0.120241635,-0.034754228,-0.02543317,-43.7125,-2.8375,-47.65,sitting
2033963542500387,-0.08075777,0.25842485,9.480962,0.15965639,-0.005992108,-0.029694224,-43.625,-2.65,-47.5625,sitting
2033963562500387,-0.37806597,0.5168497,9.3613205,0.19893798,0.0046605286,-0.048735812,-43.600002,-2.4875,-47.525,sitting
2033963582500387,-0.45942193,0.5072784,9.327821,0.121306896,0.013182637,-0.063649505,-43.575,-2.3375,-47.5,sitting
2033963602500387,-0.09032906,0.2009971,9.524033,-0.0075900033,0.002530001,-0.023302643,-43.5625,-2.125,-47.5875,sitting
2033963622500387,0.081954174,-0.09092726,9.921241,-0.13435638,-0.013448954,0.037417386,-43.525,-2.025,-47.5125,sitting
2033963642500387,-0.0041874396,-0.3786642,10.084551,-0.21318589,-0.013448954,0.037417386,-43.5125,-2.0375001,-47.3875,sitting
2033963662500387,-0.037686955,-0.503091,10.156336,-0.19401114,0.002530001,0.008655267,-43.5,-2.1625001,-47.4625,sitting
2033963682500387,-0.18664017,-0.31106696,10.051051,-0.118377425,0.02809633,0.0054594763,-43.5,-2.25,-47.4875,sitting
2033963702500387,-0.2632105,-0.09092726,9.777672,-0.03528686,0.0259658,-9.321057E-4,-43.537502,-2.3500001,-47.4625,sitting
2033963722500387,-0.16749759,-0.11964113,9.710672,0.024367906,0.00785632,-9.321057E-4,-43.55,-2.4375,-47.537502,sitting
2033963742500387,-0.18664017,-0.22013968,9.940384,0.0105194785,-0.0017310535,0.00972053,-43.575,-2.4750001,-47.600002,sitting
2033963762500387,-0.09032906,-0.29192436,10.017552,-0.027830012,-0.0049268445,0.0022636852,-43.5625,-2.55,-47.5625,sitting
2033963782500387,-0.08554341,-0.16749759,9.849456,-0.008655267,-0.009187899,0.0011984216,-43.600002,-2.6000001,-47.575,sitting
2033963802500387,-0.0951147,-0.15792629,9.820743,0.044607915,-0.013448954,-0.0030626329,-43.600002,-2.5875,-47.5625,sitting
2033963822500387,-0.09032906,-0.148355,9.973883,0.056325816,-0.011318427,-0.008388951,-43.625,-2.5125,-47.537502,sitting
2033963842500387,-0.1052842,-0.1052842,9.854242,0.05206476,-0.002796317,-0.006258424,-43.625,-2.5,-47.5,sitting
2033963862500387,-0.11485548,0.06699903,9.69153,0.08295741,-0.002796317,-0.009454215,-43.6125,-2.425,-47.600002,sitting
2033963882500387,-0.2105684,0.18664017,9.610174,0.09361004,-0.010253162,-0.017976323,-43.625,-2.2875001,-47.6375,sitting
2033963902500387,-0.124426775,0.18664017,9.58146,0.059521604,-0.0038615807,-0.014780533,-43.6375,-2.175,-47.6125,sitting
2033963922500387,-0.066400826,0.06699903,9.653245,0.0041278964,-6.6578976E-4,0.0043942127,-43.625,-2.1000001,-47.537502,sitting
2033963942500387,-0.07597212,-0.0526421,9.863813,-0.060853187,-0.008122635,0.0075900033,-43.6125,-2.05,-47.55,sitting
2033963962500387,-0.052043892,-0.2105684,9.902099,-0.10346373,0.00785632,0.00652474,-43.625,-2.075,-47.5875,sitting
2033963982500387,-0.08075777,-0.27756742,9.998409,-0.098137416,0.017443692,0.015046849,-43.600002,-2.1000001,-47.600002,sitting
2033964002500387,-0.18185452,-0.19142582,9.930812,-0.073636346,0.018508956,0.011851058,-43.5875,-2.1375,-47.5625,sitting
2033964022500387,-0.2105684,-0.13399807,9.792028,-0.037417386,0.016378429,0.008655267,-43.600002,-2.2,-47.537502,sitting
2033964042500387,-0.17228323,-0.17228323,9.835099,-0.00652474,0.008921583,0.010785795,-43.625,-2.275,-47.525,sitting
2033964062500387,-0.124426775,-0.28235307,9.959526,-0.019307904,-0.0017310535,0.0054594763,-43.6375,-2.3625,-47.575,sitting
2033964082500387,-0.124426775,-0.24885355,9.998409,-0.024634222,-0.005992108,-9.321057E-4,-43.65,-2.425,-47.65,sitting
2033964102500387,-0.15792629,-0.27756742,9.849456,0.009454215,-0.0038615807,-0.0019973693,-43.662502,-2.4375,-47.7,sitting
2033964122500387,-0.15314065,-0.22971097,10.046266,0.050999496,-0.010253162,-0.0051931604,-43.675,-2.425,-47.65,sitting
2033964142500387,-0.124426775,-0.22971097,10.00798,0.064847924,-0.009187899,-0.0030626329,-43.662502,-2.45,-47.5875,sitting
2033964162500387,0.03888337,0.033499517,9.792028,0.10426268,-0.008122635,0.00652474,-43.65,-2.425,-47.675,sitting
2033964182500387,0.005383851,0.2632105,9.447462,0.14900376,-0.020905798,0.0011984216,-43.6125,-2.3375,-47.675,sitting
2033964202500387,-0.2009971,0.3589234,9.342177,0.1415469,-0.017710008,-0.017976323,-43.537502,-2.275,-47.6125,sitting
2033964222500387,-0.2440679,0.20578274,9.576674,0.05526055,0.008921583,-0.02223738,-43.4875,-2.2125,-47.4875,sitting
2033964242500387,-0.08554341,-0.0526421,9.91167,-0.06724477,0.018508956,-0.0030626329,-43.5,-2.1625001,-47.525,sitting
2033964262500387,-0.008973085,-0.20578274,9.978668,-0.14181322,0.0035952649,0.010785795,-43.425,-2.1875,-47.55,sitting
2033964282500387,-0.066400826,-0.24885355,9.906884,-0.12689953,3.9947388E-4,0.008655267,-43.3875,-2.1875,-47.6375,sitting
2033964302500387,-0.23449662,-0.21535404,9.959526,-0.08002793,0.018508956,0.0022636852,-43.4375,-2.1875,-47.7125,sitting
2033964322500387,-0.2440679,-0.14356937,9.902099,-0.057657395,0.02809633,-9.321057E-4,-43.4625,-2.175,-47.725002,sitting
2033964342500387,-0.15792629,-0.09571291,9.806385,-0.034221593,0.005725792,0.0054594763,-43.537502,-2.2625,-47.6875,sitting
2033964362500387,-0.11485548,-0.086141616,9.753743,-0.01824264,-0.016644744,0.010785795,-43.5625,-2.325,-47.725002,sitting
2033964382500387,-0.05682954,-0.23928227,9.830314,-0.028895276,-0.019840535,0.0022636852,-43.5875,-2.425,-47.825,sitting
2033964402500387,-0.11006984,-0.27756742,9.998409,-0.04807002,-0.013448954,-0.0051931604,-43.5625,-2.4375,-47.7625,sitting
2033964422500387,-0.0951147,-0.22492532,9.921241,-0.042743705,-0.0070573715,-0.011584742,-43.600002,-2.4125001,-47.8125,sitting
2033964442500387,-0.052043892,-0.15314065,9.782457,0.0030626329,-0.010253162,-0.008388951,-43.625,-2.4625,-47.850002,sitting
2033964462500387,-0.13399807,-0.23928227,9.825528,0.03715107,-0.0070573715,-0.0030626329,-43.600002,-2.4875,-47.7625,sitting
2033964482500387,-0.13878371,-0.29671,10.103694,0.026498433,0.002530001,-0.0105194785,-43.575,-2.4750001,-47.825,sitting
2033964502500387,-0.028115666,-0.2440679,9.964312,0.027563697,0.005725792,-0.006258424,-43.5625,-2.425,-47.912502,sitting
2033964522500387,0.12981063,-0.15314065,9.753743,0.08295741,-0.0038615807,-0.006258424,-43.55,-2.3375,-47.925,sitting
2033964542500387,0.11066805,-0.06699903,9.720243,0.12663321,-0.014514217,-0.024367906,-43.55,-2.2125,-47.8875,sitting
2033964562500387,-0.008973085,-0.009571291,9.863813,0.11598058,0.0035952649,-0.052996866,-43.55,-2.1875,-47.95,sitting
2033964582500387,-0.22013968,0.19142582,9.753743,0.098936364,0.033422645,-0.07643267,-43.575,-2.15,-47.875,sitting
2033964602500387,-0.45942193,0.33020952,9.485747,0.10426268,0.04087949,-0.08175898,-43.5625,-2.075,-47.8125,sitting
2033964622500387,-0.5694918,0.32063824,9.452248,0.08934899,0.04087949,-0.063649505,-43.5875,-2.0,-47.912502,sitting
2033964642500387,-0.4833502,0.2727818,9.677173,0.0030626329,0.027031064,-0.020106852,-43.6125,-2.0,-47.8875,sitting
2033964662500387,-0.18664017,0.15314065,9.710672,-0.10346373,-0.011318427,0.027830012,-43.575,-2.0,-47.787502,sitting
2033964682500387,0.17288144,-0.1052842,9.7298155,-0.16098797,-0.057124764,0.05659213,-43.575,-2.0625,-47.75,sitting
2033964702500387,0.3595216,-0.7375876,10.141979,-0.18975009,-0.06351634,0.05872266,-43.5875,-2.1375,-47.662502,sitting
2033964722500387,-0.19621146,-0.5557331,10.476974,-0.21212062,-0.013448954,0.02996054,-43.6125,-2.275,-47.625,sitting
2033964742500387,-0.2632105,-0.23928227,9.839885,-0.13861743,0.02277001,-0.03701791,-43.5875,-2.425,-47.600002,sitting
2033964762500387,0.034097724,-0.06699903,9.54796,0.03502054,-0.005992108,-0.024367906,-43.575,-2.55,-47.6125,sitting
2033964782500387,-0.23449662,-0.148355,9.820743,0.068043716,-0.01238369,0.021438431,-43.575,-2.625,-47.525,sitting
2033964802500387,0.014955142,-0.43609193,10.089336,-0.013981585,0.014247901,-0.0073236874,-43.575,-2.7250001,-47.4,sitting
2033964822500387,0.019740786,-0.45044887,10.094122,-0.031025803,0.009986847,-0.0030626329,-43.5875,-2.75,-47.537502,sitting
2033964842500387,-0.061615184,-0.2536392,9.945169,0.04567318,0.005725792,0.0022636852,-43.575,-2.7250001,-47.575,sitting
2033964862500387,0.048454657,-0.22971097,9.873384,0.121306896,0.018508956,-0.013715269,-43.5625,-2.65,-47.600002,sitting
2033964882500387,0.019740786,0.009571291,9.87817,0.14793849,0.016378429,-0.024367906,-43.5875,-2.55,-47.625,sitting
2033964902500387,-0.20578274,0.2105684,9.591031,0.15433007,0.033422645,-0.04447476,-43.6375,-2.425,-47.600002,sitting
2033964922500387,-0.46899325,0.3397808,9.447462,0.16924377,0.056858446,-0.054062128,-43.625,-2.3,-47.4875,sitting
2033964942500387,-0.6221339,0.3062813,9.595817,0.11491532,0.06325003,-0.038083173,-43.6375,-2.2375,-47.600002,sitting
2033964962500387,-0.4881358,0.21535404,9.701101,0.009454215,0.033422645,-0.006258424,-43.6375,-2.1375,-47.625,sitting
2033964982500387,-0.20578274,0.038285162,9.753743,-0.07044056,-0.033688962,0.027830012,-43.6125,-2.1125,-47.537502,sitting
2033965002500387,0.14416756,-0.09092726,9.859028,-0.11411637,-0.09334373,0.044874232,-43.6375,-2.1375,-47.5625,sitting
2033965022500387,0.2638087,-0.2105684,9.84467,-0.13009532,-0.069907926,0.062983714,-43.65,-2.2250001,-47.55,sitting
2033965042500387,-0.08554341,-0.18185452,9.91167,-0.11092058,-0.021971062,0.05659213,-43.600002,-2.3125,-47.5875,sitting
2033965062500387,-0.19142582,-0.09092726,9.916455,-0.09281109,0.0014647375,0.00652474,-43.575,-2.3875,-47.625,sitting
2033965082500387,-0.037686955,-0.11964113,9.753743,-0.073636346,3.9947388E-4,-0.0030626329,-43.600002,-2.45,-47.775,sitting
2033965102500387,-0.061615184,-0.19621146,9.830314,-0.05659213,-0.011318427,0.013981585,-43.5875,-2.575,-47.662502,sitting
2033965122500387,-0.061615184,-0.38823548,9.959526,-0.074701615,-6.6578976E-4,-0.0019973693,-43.6125,-2.6625001,-47.662502,sitting
2033965142500387,-0.018544376,-0.5174479,10.060623,-0.08215846,0.012117374,-0.009454215,-43.5875,-2.7375,-47.75,sitting
2033965162500387,-0.018544376,-0.41694933,10.060623,-0.03528686,0.01957422,0.0043942127,-43.5875,-2.7625,-47.725002,sitting
2033965182500387,-0.061615184,-0.29192436,9.906884,0.039281595,0.030226856,0.00972053,-43.537502,-2.7125,-47.787502,sitting
2033965202500387,0.029312078,-0.20578274,9.902099,0.10106689,0.023835273,-0.009454215,-43.55,-2.6625001,-47.662502,sitting
2033965222500387,-0.13399807,-0.11485548,9.887741,0.11704584,0.030226856,-0.026498433,-43.55,-2.6125,-47.6875,sitting
2033965242500387,-0.37328035,0.014356935,9.753743,0.12876374,0.037683703,-0.058323186,-43.525,-2.6000001,-47.5875,sitting
2033965262500387,-0.5838487,0.02871387,9.753743,0.13622059,0.04301002,-0.06471477,-43.5,-2.4625,-47.600002,sitting
2033965282500387,-0.6269195,0.2009971,9.887741,0.11917637,0.035553172,-0.030759487,-43.4875,-2.375,-47.600002,sitting
2033965302500387,-0.23449662,0.25842485,9.571889,0.09361004,0.002530001,0.023568958,-43.4875,-2.3,-47.5,sitting
2033965322500387,-0.01375873,0.28713873,9.437891,0.08721846,-0.058190025,0.072571084,-43.45,-2.2375,-47.4875,sitting
2033965342500387,-0.061615184,0.2440679,9.600603,0.02543317,-0.080560565,0.06617951,-43.4375,-2.25,-47.4375,sitting
2033965362500387,0.029312078,0.1052842,9.725029,-0.072571084,-0.058190025,0.042743705,-43.4375,-2.275,-47.4875,sitting
2033965382500387,0.12981063,0.0526421,9.715458,-0.1279648,-0.033688962,0.052331075,-43.45,-2.3125,-47.4375,sitting
2033965402500387,0.04366901,-0.11006984,9.772886,-0.14713953,-0.026232118,0.050200548,-43.475002,-2.3500001,-47.537502,sitting
2033965422500387,-0.071186475,-0.4552345,10.118051,-0.16844481,-0.002796317,0.025699485,-43.475002,-2.4375,-47.575,sitting
2033965442500387,-0.2009971,-0.4121637,10.247263,-0.18548903,0.029161593,0.010785795,-43.4625,-2.5125,-47.6375,sitting
2033965462500387,-0.19142582,-0.20578274,9.792028,-0.12583427,0.031292118,1.3315796E-4,-43.4625,-2.6000001,-47.65,sitting
2033965482500387,-0.0424726,-0.11964113,9.681958,-0.013981585,3.9947388E-4,0.010785795,-43.525,-2.7,-47.662502,sitting
2033965502500387,0.024526432,-0.21535404,9.849456,-0.00652474,0.0035952649,0.038482647,-43.5625,-2.7375,-47.675,sitting
2033965522500387,0.014955142,-0.49351966,9.902099,-0.045939494,0.024900537,0.052331075,-43.5875,-2.7625,-47.625,sitting
2033965542500387,-0.29192436,-0.5796613,10.084551,-0.039547913,0.047271073,0.032091066,-43.600002,-2.7625,-47.6375,sitting
2033965562500387,-0.64606214,-0.4648058,10.199407,-0.00972053,0.052597392,-0.029694224,-43.575,-2.6875,-47.55,sitting
2033965582500387,-0.071186475,-0.31106696,10.094122,0.047803707,0.00785632,-0.061518975,-43.5875,-2.625,-47.5875,sitting
2033965602500387,0.1585245,-0.18664017,9.624531,0.13515532,-0.0560595,-9.321057E-4,-43.5625,-2.5375001,-47.5875,sitting
2033965622500387,0.13938192,-0.28235307,9.753743,0.18615483,-0.08162583,-0.006258424,-43.5625,-2.4,-47.5875,sitting
2033965642500387,0.07238288,-0.35473597,10.242477,0.15113428,-0.04114581,-0.062584236,-43.55,-2.2625,-47.525,sitting
2033965662500387,-0.052043892,-0.0047856453,9.998409,0.1330248,0.008921583,-0.083889514,-43.537502,-2.1625001,-47.537502,sitting
2033965682500387,-0.11485548,0.2727818,9.452248,0.22343905,-6.6578976E-4,-0.11158637,-43.5,-2.0125,-47.5625,sitting
2033965702500387,-0.3684947,0.57427746,9.476176,0.2777675,-0.014514217,-0.11904321,-43.475002,-1.9125,-47.575,sitting
2033965722500387,-0.5024927,0.799801,9.433105,0.19574219,0.016378429,-0.09667268,-43.4625,-1.875,-47.65,sitting
2033965742500387,-0.35413775,0.7280163,9.150752,0.09574057,0.036618438,-0.040213704,-43.4875,-1.875,-47.662502,sitting
2033965762500387,-0.2009971,0.6029913,9.179466,-1.3315796E-4,0.0067910557,0.026764749,-43.5125,-1.875,-47.675,sitting
2033965782500387,-0.15314065,0.4211368,9.500104,-0.16844481,-0.025166854,0.050200548,-43.5625,-1.95,-47.662502,sitting
2033965802500387,-0.018544376,-0.086141616,9.926026,-0.3410175,-0.02410159,0.050200548,-43.575,-2.025,-47.6875,sitting
2033965822500387,0.034097724,-1.1922239,10.572687,-0.43036652,3.9947388E-4,0.06724477,-43.600002,-2.1625001,-47.662502,sitting
2033965842500387,0.029312078,-1.2257234,10.893325,-0.4388886,0.031292118,0.07896267,-43.65,-2.3875,-47.7375,sitting
2033965862500387,0.010169496,-1.1012967,9.91167,-0.25579643,0.041944757,0.08322372,-43.7,-2.6000001,-47.725002,sitting
2033965882500387,-0.3684947,-0.148355,10.122836,0.077631086,0.031292118,0.07789741,-43.775,-2.7625,-47.65,sitting
2033965902500387,-0.42592242,0.2440679,9.552746,0.1649827,0.029161593,0.016112113,-43.775,-3.0,-47.575,sitting
2033965922500387,0.019740786,-0.1052842,9.313464,0.1564606,-0.04114581,-0.02543317,-43.7625,-3.1875,-47.475002,sitting
2033965942500387,-0.08075777,-0.32063824,10.247263,0.08508793,-0.07097319,0.003328949,-43.7375,-3.2625,-47.4875,sitting
2033965962500387,-0.20578274,-0.42652065,10.309476,-0.034221593,0.002530001,0.0075900033,-43.7125,-3.25,-47.5,sitting
2033965982500387,0.1680958,-0.22013968,9.8015995,0.041412123,0.01105211,0.0022636852,-43.675,-3.1125,-47.55,sitting
2033966002500387,0.21595225,0.08135597,9.533604,0.18189377,-0.03581949,0.010785795,-43.65,-2.9,-47.55,sitting
2033966022500387,-0.25842485,0.3062813,9.58146,0.18402429,-0.029427908,-0.027563697,-43.625,-2.675,-47.662502,sitting
2033966042500387,-0.5072784,0.43070808,9.586246,0.11598058,0.01957422,-0.06684529,-43.575,-2.525,-47.662502,sitting
2033966062500387,-0.12921242,0.32063824,9.399606,0.04567318,0.032357384,-0.03395528,-43.55,-2.3375,-47.662502,sitting
2033966082500387,0.091525465,0.148355,9.485747,-0.022503695,-0.0049268445,0.027830012,-43.575,-2.1375,-47.75,sitting
2033966102500387,-0.023330022,-0.08135597,9.921241,-0.12370374,-0.025166854,0.032091066,-43.575,-2.0,-47.775,sitting
2033966122500387,-0.19142582,-0.46002015,10.175478,-0.2067943,0.01957422,0.011851058,-43.5625,-1.9625,-47.787502,sitting
2033966142500387,-0.0951147,-0.53180486,10.237692,-0.18761955,0.056858446,0.016112113,-43.600002,-2.0,-47.75,sitting
2033966162500387,-0.19142582,-0.28713873,9.921241,-0.106659524,0.035553172,0.017177377,-43.6125,-2.1000001,-47.725002,sitting
2033966182500387,-0.31585258,-0.08135597,9.696316,-0.00652474,0.012117374,0.0054594763,-43.675,-2.2375,-47.6125,sitting
2033966202500387,-0.20578274,-0.06699903,9.811171,0.027563697,0.00785632,0.0043942127,-43.7,-2.3125,-47.65,sitting
2033966222500387,-0.15792629,-0.16749759,9.882956,-0.017177377,-0.014514217,0.0043942127,-43.7625,-2.3625,-47.625,sitting
2033966242500387,-0.032901313,-0.23449662,9.854242,-0.032091066,-0.026232118,-9.321057E-4,-43.7625,-2.45,-47.575,sitting
2033966262500387,-0.032901313,-0.28235307,9.897313,-0.013981585,-0.021971062,0.0022636852,-43.75,-2.5125,-47.6125,sitting
2033966282500387,-0.12921242,-0.22492532,9.964312,-0.0043942127,-0.020905798,-0.008388951,-43.7625,-2.55,-47.575,sitting
2033966302500387,-0.17228323,-0.16271193,9.782457,0.02223738,-0.0017310535,-0.006258424,-43.725002,-2.5,-47.6125,sitting
2033966322500387,-0.20578274,-0.16271193,9.863813,0.05526055,-0.0017310535,-0.0019973693,-43.7125,-2.4750001,-47.6125,sitting
2033966342500387,-0.13399807,-0.15314065,9.978668,0.047803707,-0.010253162,-0.0030626329,-43.65,-2.325,-47.662502,sitting
2033966362500387,0.08673982,-0.062213387,9.753743,0.049934234,-0.002796317,0.012916322,-43.6125,-2.2375,-47.65,sitting
2033966382500387,0.10109676,0.15792629,9.58146,0.08508793,-0.018775271,0.015046849,-43.5625,-2.125,-47.7375,sitting
2033966402500387,-0.14356937,0.2105684,9.480962,0.07443529,-0.01238369,-0.0051931604,-43.5625,-2.025,-47.7125,sitting
2033966422500387,-0.23449662,0.1052842,9.667602,0.01691106,0.018508956,-0.019041587,-43.600002,-1.9625,-47.75,sitting
2033966442500387,-0.18664017,-0.13399807,9.892527,-0.07044056,0.032357384,-0.008388951,-43.625,-1.9375,-47.8,sitting
2033966462500387,-0.13878371,-0.38823548,10.065409,-0.124769,0.021704746,0.003328949,-43.6125,-1.95,-47.787502,sitting
2033966482500387,-0.22492532,-0.31585258,10.04148,-0.11411637,0.021704746,0.00972053,-43.6125,-1.975,-47.7625,sitting
2033966502500387,-0.29192436,-0.19142582,9.815957,-0.054461602,0.027031064,0.013981585,-43.600002,-2.0875,-47.6875,sitting
2033966522500387,-0.13399807,-0.17706887,9.825528,0.0019973693,0.00785632,0.013981585,-43.5875,-2.1375,-47.725002,sitting
2033966542500387,-0.2009971,-0.10049855,9.873384,-0.0075900033,-0.021971062,0.008655267,-43.5875,-2.2,-47.600002,sitting
2033966562500387,-0.037686955,-0.13878371,9.7681,-0.01824264,-0.037950017,-0.0105194785,-43.575,-2.275,-47.575,sitting
2033966582500387,0.014955142,-0.19142582,9.787243,-0.00972053,-0.036884755,-0.006258424,-43.525,-2.3,-47.5625,sitting
2033966602500387,-0.12921242,-0.2009971,9.91167,-0.01824264,-0.021971062,-0.0030626329,-43.525,-2.325,-47.525,sitting
2033966622500387,-0.09032906,-0.2632105,9.892527,-0.023568958,-0.0038615807,-0.011584742,-43.5625,-2.3625,-47.662502,sitting
2033966642500387,-0.13878371,-0.23928227,9.873384,-0.0011984216,0.0014647375,-9.321057E-4,-43.55,-2.325,-47.6875,sitting
2033966662500387,-0.15314065,-0.22971097,9.897313,0.023302643,0.0014647375,0.003328949,-43.5625,-2.2625,-47.662502,sitting
2033966682500387,-0.032901313,-0.20578274,9.868599,0.029694224,-0.0017310535,-0.0019973693,-43.537502,-2.2125,-47.6125,sitting
2033966702500387,-0.08075777,-0.18185452,9.835099,0.041412123,-0.009187899,-0.0051931604,-43.575,-2.15,-47.675,sitting
2033966722500387,-0.07597212,-0.086141616,9.825528,0.05526055,-0.0017310535,-0.009454215,-43.55,-2.0875,-47.787502,sitting
2033966742500387,-0.037686955,-0.11485548,9.796814,0.06058687,0.016378429,-0.0030626329,-43.55,-2.05,-47.7,sitting
2033966762500387,-0.066400826,-0.12921242,9.863813,0.05526055,0.009986847,-0.006258424,-43.525,-2.05,-47.675,sitting
2033966782500387,-0.09032906,-0.18185452,9.863813,0.047803707,0.018508956,-0.013715269,-43.525,-2.0,-47.575,sitting
2033966802500387,-0.3397808,-0.09571291,9.91167,0.06058687,0.030226856,-0.01691106,-43.537502,-2.0,-47.575,sitting
2033966822500387,-0.4833502,0.0526421,9.8015995,0.07443529,0.03448791,-0.026498433,-43.537502,-2.0,-47.6125,sitting
2033966842500387,-0.37806597,0.17228323,9.653245,0.08295741,0.0046605286,-0.019041587,-43.600002,-2.0,-47.625,sitting
2033966862500387,-0.17228323,0.25842485,9.605389,0.068043716,-0.0326237,0.017177377,-43.625,-2.0125,-47.662502,sitting
2033966882500387,0.04366901,0.33020952,9.480962,0.019041587,-0.051798444,0.051265813,-43.662502,-2.0375001,-47.65,sitting
2033966902500387,0.091525465,0.22971097,9.385248,-0.044874232,-0.05286371,0.055526868,-43.65,-2.075,-47.537502,sitting
2033966922500387,0.06281159,-0.3930211,9.887741,-0.12689953,-0.034754228,0.04167844,-43.65,-2.125,-47.537502,sitting
2033966942500387,-0.037686955,-0.8285148,10.663614,-0.22916484,0.01105211,0.023568958,-43.662502,-2.175,-47.4625,sitting
2033966962500387,-0.2632105,-0.56530434,10.213763,-0.23555642,0.033422645,-0.0073236874,-43.662502,-2.2375,-47.425,sitting
2033966982500387,0.019740786,-0.038285162,9.638887,-0.04167844,-0.01238369,-0.040213704,-43.6875,-2.2875001,-47.475002,sitting
2033967002500387,-0.05682954,0.076570325,9.423533,0.10106689,-0.0326237,-0.0041278964,-43.65,-2.3500001,-47.5,sitting
2033967022500387,-0.17228323,-0.08135597,9.811171,0.05526055,0.0067910557,0.015046849,-43.5875,-2.4,-47.4,sitting
2033967042500387,-0.0041874396,-0.30149564,10.103694,-0.05659213,0.02277001,-0.0051931604,-43.6125,-2.4375,-47.3,sitting
2033967062500387,0.10109676,-0.503091,9.859028,-0.07683214,0.018508956,0.017177377,-43.625,-2.4625,-47.4375,sitting
2033967082500387,-0.11964113,-0.29671,10.060623,0.006258424,0.033422645,0.03528686,-43.65,-2.3625,-47.45,sitting
2033967102500387,-0.25842485,-0.17228323,9.849456,0.04034686,0.058988973,0.008655267,-43.6375,-2.3125,-47.537502,sitting
2033967122500387,-0.33020952,-0.124426775,9.792028,0.07230477,0.038748965,-0.019041587,-43.662502,-2.2250001,-47.537502,sitting
2033967142500387,-0.3684947,-0.033499517,9.902099,0.07443529,0.014247901,-0.024367906,-43.6375,-2.125,-47.4875,sitting
2033967162500387,-0.2536392,-0.17706887,9.763314,0.04567318,-0.005992108,-0.024367906,-43.662502,-2.0875,-47.4,sitting
2033967182500387,-0.032901313,-0.22971097,9.973883,0.04886897,-0.034754228,-0.0105194785,-43.675,-2.05,-47.375,sitting
2033967202500387,-0.032901313,-0.11006984,9.921241,0.044607915,-0.037950017,0.013981585,-43.6125,-1.9375,-47.4625,sitting
2033967222500387,-0.0951147,0.16749759,9.629316,0.07123951,-0.028362645,0.0043942127,-43.5875,-1.825,-47.4875,sitting
2033967242500387,-0.19142582,0.31585258,9.480962,0.098936364,-0.028362645,-0.020106852,-43.55,-1.85,-47.537502,sitting
2033967262500387,-0.18664017,0.21535404,9.452248,0.05526055,-0.019840535,-0.017976323,-43.5125,-1.8125,-47.525,sitting
2033967282500387,0.019740786,-0.0526421,9.806385,-0.032091066,-0.009187899,0.016112113,-43.4875,-1.85,-47.537502,sitting
2033967302500387,0.024526432,-0.36909288,10.103694,-0.12263848,-0.002796317,0.042743705,-43.4625,-1.9125,-47.55,sitting
2033967322500387,-0.11964113,-0.35473597,10.113265,-0.14074796,3.9947388E-4,0.022503695,-43.412502,-1.9,-47.55,sitting
2033967342500387,-0.066400826,-0.10049855,9.782457,-0.07576688,0.0046605286,-0.0030626329,-43.375,-1.875,-47.7,sitting
2033967362500387,-0.066400826,-0.014356935,9.600603,-0.0022636852,0.013182637,0.00652474,-43.412502,-2.0,-47.7,sitting
2033967382500387,-0.11964113,-0.062213387,9.839885,-0.00652474,0.009986847,0.011851058,-43.45,-2.1375,-47.6375,sitting
2033967402500387,-0.124426775,-0.24885355,9.897313,-0.06191845,0.027031064,0.015046849,-43.525,-2.1875,-47.65,sitting
2033967422500387,-0.05682954,-0.43130627,9.984053,-0.06831003,0.036618438,0.04061318,-43.5125,-2.25,-47.575,sitting
2033967442500387,-0.19142582,-0.43130627,10.003195,-0.038482647,0.0494016,0.06724477,-43.4875,-2.275,-47.5,sitting
2033967462500387,-0.5024927,-0.18185452,9.930812,0.0019973693,0.047271073,0.03528686,-43.5,-2.2625,-47.5625,sitting
2033967482500387,-0.032901313,-0.20578274,9.796814,0.03502054,-0.002796317,-0.026498433,-43.575,-2.25,-47.5875,sitting
2033967502500387,-0.032901313,-0.086141616,9.796814,0.05206476,-0.050733183,0.0011984216,-43.625,-2.2875001,-47.525,sitting
2033967522500387,-0.14356937,-0.019142581,9.772886,0.044607915,-0.04221107,0.003328949,-43.6125,-2.2625,-47.537502,sitting
2033967542500387,5.9820566E-4,-0.08135597,9.681958,0.03715107,-0.01238369,-0.011584742,-43.575,-2.1375,-47.5875,sitting
2033967562500387,-0.18185452,-0.06699903,9.830314,0.02223738,-0.013448954,0.0011984216,-43.5125,-2.0625,-47.625,sitting
2033967582500387,-0.16749759,-0.17228323,9.887741,-0.00972053,-0.0049268445,-0.014780533,-43.55,-1.9875001,-47.725002,sitting
2033967602500387,-0.032901313,-0.15792629,9.868599,-0.015046849,0.005725792,-0.0051931604,-43.5875,-1.8375,-47.8125,sitting
2033967622500387,-0.13399807,-0.07178468,9.758529,0.0041278964,-0.01238369,0.0043942127,-43.5625,-1.775,-47.7125,sitting
2033967642500387,-0.05682954,-0.062213387,9.744172,0.017976323,-0.013448954,-0.0126500055,-43.537502,-1.7375001,-47.7625,sitting
2033967662500387,-0.19142582,-0.033499517,9.873384,0.0019973693,-0.008122635,-0.0041278964,-43.537502,-1.7125,-47.8125,sitting
2033967682500387,0.048454657,-0.25842485,9.734601,-0.017177377,0.013182637,0.0011984216,-43.537502,-1.65,-47.775,sitting
2033967702500387,0.2111666,-0.40259242,9.777672,-0.021438431,-0.009187899,0.0022636852,-43.575,-1.7125,-47.8,sitting
2033967722500387,-0.18185452,-0.13878371,10.113265,-0.038482647,-0.014514217,1.3315796E-4,-43.575,-1.7375001,-47.8,sitting
2033967742500387,-0.32542387,-0.02871387,9.964312,-0.031025803,0.035553172,-0.009454215,-43.575,-1.7875,-47.7125,sitting
2033967762500387,-0.55034924,-0.23928227,9.610174,0.046738442,0.06964161,0.013981585,-43.5875,-1.9,-47.7125,sitting
2033967782500387,-0.2632105,-0.503091,10.103694,0.068043716,0.03981423,-0.008388951,-43.625,-1.9375,-47.787502,sitting
2033967802500387,0.41694933,-0.60837513,10.400404,-0.0075900033,-0.026232118,-0.019041587,-43.6375,-1.975,-47.8625,sitting
2033967822500387,0.31166515,-0.421735,10.055838,0.036085807,-0.06458161,0.012916322,-43.65,-1.9375,-47.8375,sitting
2033967842500387,0.13459627,-0.0,9.763314,0.20213377,-0.044341598,-0.026498433,-43.6875,-2.0,-47.8625,sitting
2033967862500387,-0.30149564,0.43070808,9.437891,0.28096327,0.0259658,-0.075367406,-43.662502,-1.95,-47.8125,sitting
2033967882500387,-0.6843473,0.7471589,9.279964,0.259658,0.072837405,-0.114782155,-43.675,-1.9250001,-47.8125,sitting
2033967902500387,-0.70348984,0.8955139,9.203394,0.15433007,0.044075284,-0.1254348,-43.625,-1.9,-47.875,sitting
2033967922500387,-0.24885355,0.55513483,9.09811,9.321057E-4,-0.037950017,-0.059388448,-43.625,-1.875,-47.8875,sitting
2033967942500387,0.1058824,0.07178468,9.557532,-0.16098797,-0.07629951,0.06191845,-43.6375,-1.8875,-47.8375,sitting
2033967962500387,0.11545369,-0.7423732,10.563115,-0.33356068,-0.025166854,0.116246894,-43.600002,-1.8875,-47.775,sitting
2033967982500387,0.091525465,-1.3166506,10.893325,-0.42077914,0.0067910557,0.06511424,-43.5625,-1.9375,-47.7125,sitting
2033968002500387,0.096311115,-0.7375876,10.18505,-0.27603644,0.008921583,0.012916322,-43.55,-2.0125,-47.7125,sitting
2033968022500387,-0.31585258,0.21535404,9.47139,0.029694224,-0.011318427,-9.321057E-4,-43.5625,-2.1875,-47.75,sitting
2033968042500387,-0.2727818,0.13878371,9.212965,0.17137429,-0.01238369,-0.0126500055,-43.5625,-2.3625,-47.7,sitting
2033968062500387,-0.09990034,-0.3595216,10.070194,0.059521604,-0.008122635,0.0011984216,-43.600002,-2.525,-47.6875,sitting
2033968082500387,-0.15314065,-0.56530434,10.476974,-0.106659524,-0.009187899,0.0075900033,-43.6375,-2.6625001,-47.6375,sitting
2033968102500387,-0.2536392,-0.4408776,9.84467,-0.07150582,0.0035952649,-0.0019973693,-43.6375,-2.7250001,-47.6375,sitting
2033968122500387,-0.36370903,-0.09571291,9.926026,0.1063932,-0.033688962,-0.0030626329,-43.675,-2.6875,-47.662502,sitting
2033968142500387,-0.13878371,-0.14356937,10.003195,0.1415469,-0.036884755,0.03315633,-43.6875,-2.5875,-47.725002,sitting
2033968162500387,0.096311115,-0.014356935,9.739387,0.13835111,-0.031558435,0.09494162,-43.675,-2.4750001,-47.725002,sitting
2033968182500387,0.12981063,0.17228323,9.543175,0.16604798,-0.054994237,0.07896267,-43.65,-2.325,-47.7625,sitting
2033968202500387,0.048454657,0.22971097,9.543175,0.1532648,-0.05925529,0.023568958,-43.675,-2.2,-47.725002,sitting
2033968222500387,0.23988047,0.22971097,9.667602,0.08508793,-0.040080544,0.003328949,-43.6875,-2.05,-47.7,sitting
2033968242500387,0.28773692,0.19142582,9.495318,0.024367906,-0.017710008,0.027830012,-43.675,-1.9125,-47.7375,sitting
2033968262500387,-0.0951147,0.16749759,9.638887,-0.012916322,0.012117374,0.028895276,-43.6125,-1.85,-47.675,sitting
2033968282500387,-0.32063824,0.17228323,9.825528,-0.08002793,0.0611195,-0.013715269,-43.625,-1.9,-47.575,sitting
2033968302500387,-0.14356937,-0.019142581,9.720243,-0.13861743,0.062184766,-0.029694224,-43.6375,-1.9875001,-47.525,sitting
2033968322500387,-0.032901313,-0.29671,9.897313,-0.15033533,0.02809633,-0.0019973693,-43.65,-2.0375001,-47.4625,sitting
2033968342500387,-0.17706887,-0.6658029,10.347761,-0.1748364,0.0259658,0.015046849,-43.6875,-2.15,-47.375,sitting
2033968362500387,-0.23449662,-0.45044887,10.314262,-0.16631429,0.051532127,0.013981585,-43.75,-2.2,-47.350002,sitting
2033968382500387,-0.23928227,-0.0,9.643674,-0.04167844,0.032357384,0.0075900033,-43.75,-2.275,-47.325,sitting
2033968402500387,-0.047258247,0.033499517,9.457033,0.08189214,-0.025166854,-0.0105194785,-43.775,-2.3625,-47.25,sitting
2033968422500387,-0.07597212,-0.124426775,9.959526,0.03715107,-0.03581949,-0.006258424,-43.825,-2.425,-47.25,sitting
2033968442500387,-0.11006984,-0.24885355,10.036695,-0.060853187,0.0014647375,-9.321057E-4,-43.8,-2.4375,-47.275,sitting
2033968462500387,-0.023330022,-0.23449662,9.772886,-0.049135286,-0.002796317,-0.011584742,-43.8,-2.45,-47.2375,sitting
2033968482500387,0.04366901,-0.148355,9.792028,0.0105194785,-0.027297381,-0.013715269,-43.787502,-2.4375,-47.2375,sitting
2033968502500387,-0.1052842,-0.12921242,9.825528,0.011584742,-0.011318427,1.3315796E-4,-43.775,-2.2875001,-47.25,sitting
2033968522500387,-0.09990034,-0.13399807,9.849456,0.0051931604,0.017443692,0.0054594763,-43.725002,-2.2,-47.3125,sitting
2033968542500387,-0.061615184,-0.16271193,9.8015995,0.0030626329,0.013182637,0.0022636852,-43.7,-2.1375,-47.3375,sitting
2033968562500387,-0.11006984,-0.13878371,9.859028,0.0030626329,0.008921583,0.0054594763,-43.662502,-2.0125,-47.4,sitting
2033968582500387,-0.15792629,-0.13399807,9.849456,0.0019973693,0.018508956,0.00652474,-43.625,-1.8875,-47.425,sitting
2033968602500387,-0.16749759,-0.11485548,9.806385,0.0051931604,0.020639483,0.0043942127,-43.6375,-1.8375,-47.475002,sitting
2033968622500387,-0.11964113,-0.148355,9.815957,0.009454215,0.005725792,0.0011984216,-43.6125,-1.825,-47.575,sitting
2033968642500387,-0.11485548,-0.14356937,9.868599,-0.0011984216,-0.0049268445,-9.321057E-4,-43.600002,-1.725,-47.6375,sitting
2033968662500387,-0.13399807,-0.13399807,9.825528,-0.003328949,0.0014647375,0.0011984216,-43.5875,-1.775,-47.662502,sitting
2033968682500387,-0.0951147,-0.11485548,9.825528,0.0051931604,-0.0017310535,-9.321057E-4,-43.5625,-1.8000001,-47.625,sitting
2033968702500387,-0.09990034,-0.11964113,9.792028,0.008388951,-0.008122635,-0.0019973693,-43.55,-1.725,-47.6375,sitting
2033968722500387,-0.066400826,-0.13399807,9.839885,0.0019973693,-0.0049268445,-9.321057E-4,-43.5,-1.7125,-47.600002,sitting
2033968742500387,-0.071186475,-0.124426775,9.839885,-0.00652474,-0.0017310535,1.3315796E-4,-43.525,-1.75,-47.6875,sitting
2033968762500387,-0.11006984,-0.124426775,9.811171,-0.0054594763,0.0046605286,0.003328949,-43.4875,-1.7625,-47.6375,sitting
2033968782500387,-0.12921242,-0.14356937,9.859028,-1.3315796E-4,0.0046605286,1.3315796E-4,-43.5,-1.7625,-47.6125,sitting
2033968802500387,-0.15314065,-0.13878371,9.849456,-0.0011984216,0.0035952649,0.0022636852,-43.537502,-1.8000001,-47.537502,sitting
2033968822500387,-0.17228323,-0.13399807,9.84467,0.0019973693,0.0014647375,1.3315796E-4,-43.537502,-1.7875,-47.537502,sitting
2033968842500387,-0.061615184,-0.13878371,9.815957,0.0051931604,-0.005992108,1.3315796E-4,-43.55,-1.7625,-47.525,sitting
2033968862500387,-0.11964113,-0.124426775,9.825528,0.006258424,-0.013448954,0.00652474,-43.5625,-1.8375,-47.5,sitting
2033968882500387,-0.19142582,-0.12921242,9.868599,0.006258424,-0.0049268445,0.0043942127,-43.6125,-1.85,-47.600002,sitting
2033968902500387,-0.071186475,-0.2009971,9.849456,0.006258424,-0.0017310535,0.00652474,-43.5625,-1.825,-47.5625,sitting
2033968922500387,0.019740786,-0.124426775,9.87817,0.008388951,-0.021971062,0.011851058,-43.600002,-1.825,-47.625,sitting
2033968942500387,-0.028115666,0.014356935,9.686745,0.021172116,-0.021971062,0.008655267,-43.65,-1.825,-47.65,sitting
2033968962500387,-0.11485548,-0.0047856453,9.634102,0.03502054,-0.011318427,0.0011984216,-43.600002,-1.8625001,-47.75,sitting
2033968982500387,-0.14356937,-0.11964113,9.882956,0.009454215,0.0035952649,0.0011984216,-43.575,-1.9,-47.725002,sitting
2033969002500387,-0.09032906,-0.23928227,9.973883,-0.039547913,0.013182637,0.0022636852,-43.575,-1.9,-47.725002,sitting
2033969022500387,-0.0424726,-0.17706887,9.87817,-0.037417386,-0.0017310535,-9.321057E-4,-43.537502,-1.9,-47.7375,sitting
2033969042500387,-0.11964113,-0.086141616,9.739387,0.0019973693,-0.0038615807,0.0022636852,-43.525,-1.8875,-47.7,sitting
2033969062500387,-0.08075777,-0.11485548,9.792028,0.019041587,3.9947388E-4,-9.321057E-4,-43.575,-1.95,-47.75,sitting
2033969082500387,-0.09032906,-0.15792629,9.887741,9.321057E-4,0.002530001,0.0022636852,-43.5625,-1.95,-47.625,sitting
2033969102500387,-0.09032906,-0.16271193,9.835099,-0.012916322,0.005725792,-0.0019973693,-43.537502,-1.9250001,-47.575,sitting
2033969122500387,-0.028115666,-0.124426775,9.763314,0.0019973693,0.005725792,-0.0030626329,-43.575,-1.9250001,-47.525,sitting
2033969142500387,-0.16271193,-0.09092726,9.811171,0.009454215,0.002530001,-0.0041278964,-43.537502,-1.9250001,-47.525,sitting
2033969162500387,-0.148355,-0.15314065,9.87817,-0.0022636852,0.008921583,-0.0073236874,-43.55,-1.95,-47.537502,sitting
2033969182500387,-0.11485548,-0.17706887,9.854242,-0.011851058,0.009986847,0.0011984216,-43.5625,-1.9250001,-47.412502,sitting
2033969202500387,-0.09990034,-0.11006984,9.835099,-0.0075900033,-0.0049268445,-0.0030626329,-43.6125,-1.9625,-47.3125,sitting
2033969222500387,-0.07597212,-0.11006984,9.787243,0.0041278964,-0.005992108,-0.0051931604,-43.600002,-1.9375,-47.1125,sitting
2033969242500387,-0.08554341,-0.15314065,9.84467,0.006258424,-0.005992108,-0.0030626329,-43.5875,-1.9250001,-47.2,sitting
2033969262500387,-0.09032906,-0.14356937,9.87817,-0.0043942127,-0.008122635,-0.0041278964,-43.537502,-1.9125,-47.1375,sitting
2033969282500387,-0.09032906,-0.06699903,9.792028,-0.0022636852,-0.0017310535,1.3315796E-4,-43.4875,-1.8625001,-47.175,sitting
2033969302500387,-0.047258247,-0.086141616,9.7681,0.0105194785,-0.0070573715,-0.0030626329,-43.525,-1.8875,-47.2125,sitting
2033969322500387,-0.052043892,-0.17706887,9.825528,0.0030626329,-0.0070573715,-0.0051931604,-43.55,-1.8875,-47.275,sitting
2033969342500387,-0.0951147,-0.18664017,9.916455,-0.013981585,0.0035952649,-9.321057E-4,-43.55,-1.95,-47.2625,sitting
2033969362500387,-0.032901313,-0.10049855,9.811171,-0.013981585,0.009986847,0.0011984216,-43.537502,-1.9250001,-47.3,sitting
2033969382500387,-0.032901313,-0.086141616,9.753743,0.0051931604,-6.6578976E-4,1.3315796E-4,-43.537502,-1.9250001,-47.3625,sitting
2033969402500387,-0.124426775,-0.124426775,9.811171,0.0105194785,0.0046605286,0.0011984216,-43.525,-1.9125,-47.3125,sitting
2033969422500387,-0.15792629,-0.17706887,9.897313,-0.0054594763,0.020639483,0.003328949,-43.55,-1.8875,-47.375,sitting
2033969442500387,-0.148355,-0.11964113,9.859028,-0.012916322,0.01957422,0.0022636852,-43.5875,-1.9250001,-47.4,sitting
2033969462500387,-0.17706887,-0.11964113,9.777672,9.321057E-4,0.008921583,-9.321057E-4,-43.6375,-1.875,-47.4375,sitting
2033969482500387,-0.12921242,-0.086141616,9.815957,0.0105194785,-0.0017310535,-0.0030626329,-43.662502,-1.8375,-47.45,sitting
2033969502500387,-0.09990034,-0.11485548,9.806385,-0.0011984216,-0.005992108,-9.321057E-4,-43.7125,-1.7625,-47.525,sitting
2033969522500387,-0.1052842,-0.086141616,9.825528,-0.0054594763,-0.010253162,-0.0030626329,-43.7125,-1.7875,-47.625,sitting
2033969542500387,-0.09990034,-0.13399807,9.753743,-0.00652474,-0.0070573715,-0.006258424,-43.7125,-1.7625,-47.787502,sitting
2033969562500387,-0.11485548,-0.20578274,9.887741,-0.008655267,-0.008122635,-0.008388951,-43.7625,-1.7625,-47.8125,sitting
2033969582500387,-0.124426775,-0.20578274,9.902099,-0.022503695,-0.0070573715,-0.009454215,-43.725002,-1.825,-47.850002,sitting
2033969602500387,-0.071186475,-0.15314065,9.839885,-0.016112113,-0.005992108,-0.0041278964,-43.725002,-1.825,-47.8375,sitting
2033969622500387,0.010169496,-0.086141616,9.758529,0.0073236874,-0.016644744,-0.0041278964,-43.6875,-1.825,-47.8,sitting
2033969642500387,0.019740786,-0.15792629,9.739387,0.0105194785,-0.021971062,-0.0041278964,-43.6375,-1.8625001,-47.8125,sitting
2033969662500387,-0.12921242,-0.2632105,9.949955,-1.3315796E-4,-0.0017310535,0.0022636852,-43.575,-1.9250001,-47.912502,sitting
2033969682500387,-0.18185452,-0.18185452,9.978668,-0.00972053,0.021704746,0.00652474,-43.5125,-1.9250001,-47.875,sitting
2033969702500387,-0.22013968,-0.062213387,9.739387,0.011584742,0.01105211,0.0054594763,-43.525,-1.9125,-47.775,sitting
2033969722500387,-0.052043892,-0.076570325,9.7681,0.04034686,-0.010253162,0.0022636852,-43.5125,-1.8875,-47.8125,sitting
2033969742500387,0.005383851,-0.07178468,9.820743,0.021172116,-0.018775271,0.0054594763,-43.600002,-1.8875,-47.8375,sitting
2033969762500387,0.014955142,-0.11485548,9.758529,-0.0011984216,-0.014514217,0.0022636852,-43.5625,-1.8375,-47.775,sitting
2033969782500387,-0.16271193,-0.11964113,9.835099,0.0041278964,0.002530001,0.0054594763,-43.600002,-1.8000001,-47.6875,sitting
2033969802500387,-0.13399807,-0.12921242,9.906884,-0.0043942127,0.009986847,1.3315796E-4,-43.6125,-1.7625,-47.575,sitting
2033969822500387,-0.08554341,-0.09092726,9.792028,-0.0075900033,0.002530001,1.3315796E-4,-43.65,-1.7125,-47.5,sitting
2033969842500387,-0.028115666,-0.11964113,9.777672,0.006258424,-0.0038615807,0.0022636852,-43.7,-1.725,-47.5,sitting
2033969862500387,-0.0041874396,-0.16271193,9.87817,-1.3315796E-4,-0.002796317,-0.0019973693,-43.7,-1.7875,-47.55,sitting
2033969882500387,-0.09032906,-0.18185452,9.84467,-0.011851058,0.009986847,0.0022636852,-43.7125,-1.8125,-47.4875,sitting
2033969902500387,-0.11964113,-0.09092726,9.811171,9.321057E-4,0.01105211,1.3315796E-4,-43.6875,-1.7875,-47.45,sitting
2033969922500387,-0.14356937,-0.12921242,9.811171,0.011584742,0.012117374,-9.321057E-4,-43.75,-1.8375,-47.4625,sitting
2033969942500387,-0.11006984,-0.16271193,9.882956,0.006258424,0.009986847,1.3315796E-4,-43.7375,-1.9250001,-47.5,sitting
2033969962500387,-0.1052842,-0.16271193,9.854242,-0.0022636852,0.009986847,0.0022636852,-43.7625,-1.975,-47.537502,sitting
2033969982500387,-0.11485548,-0.17228323,9.854242,0.0073236874,0.005725792,0.003328949,-43.7625,-1.9875001,-47.525,sitting
2033970002500387,-0.148355,-0.18185452,9.906884,0.015845796,-0.0017310535,1.3315796E-4,-43.7625,-1.9625,-47.5625,sitting
2033970022500387,-0.19142582,-0.086141616,9.897313,0.021172116,-0.0038615807,0.0022636852,-43.775,-1.9125,-47.6125,sitting
2033970042500387,-0.13399807,-0.009571291,9.753743,0.04034686,-6.6578976E-4,0.0075900033,-43.75,-1.9375,-47.6125,sitting
2033970062500387,-0.008973085,0.0526421,9.653245,0.05526055,-0.01238369,0.012916322,-43.7375,-1.9125,-47.625,sitting
2033970082500387,0.019740786,-0.014356935,9.667602,0.036085807,-0.019840535,0.015046849,-43.7375,-1.8875,-47.6125,sitting
2033970102500387,-0.13878371,-0.1052842,10.1084795,-0.00652474,-0.011318427,0.0075900033,-43.725002,-1.8000001,-47.5875,sitting
2033970122500387,-0.148355,-0.2727818,10.328619,-0.039547913,0.009986847,-0.0030626329,-43.75,-1.7625,-47.675,sitting
2033970142500387,-0.037686955,-0.19142582,10.223334,0.021172116,0.01105211,0.010785795,-43.7625,-1.775,-47.75,sitting
2033970162500387,-0.018544376,0.033499517,9.701101,0.1564606,-0.002796317,0.024634222,-43.75,-1.7875,-47.7125,sitting
2033970182500387,-0.032901313,0.11964113,9.112467,0.24474432,-0.020905798,0.00652474,-43.7375,-1.7875,-47.662502,sitting
2033970202500387,-0.15314065,0.13399807,8.867801,0.20852536,-0.043276336,-0.01691106,-43.7625,-1.8125,-47.6875,sitting
2033970222500387,-0.23449662,0.15314065,9.954741,0.03395528,-0.019840535,-0.021172116,-43.787502,-1.8375,-47.625,sitting
2033970242500387,0.034097724,-0.22013968,10.692328,-0.18016271,0.04087949,0.0022636852,-43.7625,-1.875,-47.625,sitting
2033970262500387,-0.052043892,-0.3786642,10.33819,-0.17696692,0.06751108,0.055526868,-43.7375,-1.9625,-47.625,sitting
2033970282500387,-0.2440679,0.038285162,9.868599,0.020106852,0.009986847,0.016112113,-43.6375,-1.9875001,-47.537502,sitting
2033970302500387,-0.09990034,0.16749759,9.7681,0.15539533,-0.045406863,-0.041278966,-43.5875,-2.0375001,-47.4875,sitting
2033970322500387,-0.0041874396,0.09092726,9.945169,0.16711323,-0.039015282,-0.011584742,-43.575,-2.1375,-47.5125,sitting
2033970342500387,-0.09032906,0.047856454,10.003195,0.15219954,-0.016644744,0.015046849,-43.55,-2.25,-47.475002,sitting
2033970362500387,-0.23928227,0.124426775,10.228121,0.17337166,-0.013448954,0.0075900033,-43.525,-2.3500001,-47.4875,sitting
2033970382500387,-0.29192436,0.15792629,9.811171,0.2245043,-0.029427908,0.0075900033,-43.5125,-2.4,-47.625,sitting
2033970402500387,-0.0424726,0.22971097,9.227323,0.30226856,-0.0326237,0.04700476,-43.5125,-2.425,-47.7,sitting
2033970422500387,0.22552353,0.17706887,9.0646105,0.29374644,-0.07097319,0.07683214,-43.5125,-2.425,-47.825,sitting
2033970442500387,0.30209386,0.19142582,9.222537,0.15752587,-0.051798444,0.08002793,-43.55,-2.5,-48.05,sitting
2033970462500387,-0.01375873,0.41156548,9.485747,-0.01824264,0.016378429,0.04700476,-43.537502,-2.5375001,-48.162502,sitting
2033970482500387,-0.35413775,0.47856453,10.036695,-0.16737954,0.02277001,-0.02862896,-43.537502,-2.5625,-48.225002,sitting
2033970502500387,-0.13878371,0.09571291,10.328619,-0.2334259,0.045140546,-0.035952646,-43.5625,-2.6375,-48.2625,sitting
2033970522500387,0.12502499,-0.033499517,10.022338,-0.17909744,0.06751108,0.044874232,-43.537502,-2.65,-48.2125,sitting
2033970542500387,-0.11006984,0.15314065,9.863813,-0.074701615,0.017443692,0.054461602,-43.575,-2.7875001,-48.2,sitting
2033970562500387,-0.17706887,0.12921242,10.055838,-0.022503695,-0.011318427,-0.0073236874,-43.600002,-2.9125001,-48.1875,sitting
2033970582500387,0.019740786,-0.0047856453,9.859028,-0.0054594763,0.0035952649,-9.321057E-4,-43.65,-3.1125,-48.2,sitting
2033970602500387,0.019740786,0.16271193,9.648459,0.042477388,-0.002796317,0.032091066,-43.675,-3.275,-48.0625,sitting
2033970622500387,-0.17706887,0.16749759,9.748958,0.050999496,-0.026232118,-9.321057E-4,-43.7625,-3.4,-47.875,sitting
2033970642500387,-0.028115666,0.0526421,9.480962,0.0105194785,0.0014647375,-0.020106852,-43.825,-3.4625,-47.8,sitting
2033970662500387,0.024526432,0.15792629,9.050254,-0.012916322,0.00785632,0.00652474,-43.787502,-3.45,-47.7,sitting
2033970682500387,-0.037686955,0.05742774,8.886943,-0.10239847,-0.018775271,-0.013715269,-43.8125,-3.425,-47.7375,sitting
2033970702500387,-0.066400826,0.18185452,9.557532,-0.28775433,0.015313165,-0.02543317,-43.775,-3.375,-47.775,sitting
2033970722500387,-0.18664017,0.148355,11.702698,-0.50493497,0.080294244,-0.01691106,-43.787502,-3.3375,-47.8125,sitting
2033970742500387,-0.31106696,-0.95772725,11.171491,-0.5709813,0.0962732,-0.021172116,-43.787502,-3.2375,-47.75,sitting
2033970762500387,0.22552353,-0.40737805,9.748958,-0.19720693,0.050466865,0.00652474,-43.775,-3.15,-47.7375,sitting
2033970782500387,-0.17706887,0.37328035,9.270393,0.23089589,-0.05286371,0.027830012,-43.7625,-3.075,-47.8375,sitting
2033970802500387,-0.32063824,0.10049855,9.141181,0.20319904,-0.05286371,-0.041278966,-43.7125,-2.9875,-47.8,sitting
2033970822500387,0.081954174,-0.15792629,9.863813,0.041412123,-0.0017310535,-0.021172116,-43.7375,-2.9875,-47.825,sitting
2033970842500387,-0.13878371,-0.18664017,10.515259,-0.12263848,0.020639483,0.037417386,-43.75,-3.0125,-47.850002,sitting
2033970862500387,-0.11964113,-0.36430725,9.916455,-0.13861743,0.018508956,-0.0019973693,-43.7625,-2.9375,-47.9,sitting
2033970882500387,0.05802595,-0.019142581,9.705887,0.024367906,-0.002796317,-0.0051931604,-43.6875,-2.8125,-47.912502,sitting
2033970902500387,-0.19142582,0.07178468,9.595817,0.07337003,-0.019840535,0.0054594763,-43.6375,-2.6375,-48.0125,sitting
2033970922500387,-0.066400826,-0.124426775,9.820743,0.026498433,-0.01238369,-0.015845796,-43.6125,-2.4625,-48.1125,sitting
2033970942500387,-0.148355,-0.19621146,9.993624,-0.023568958,0.018508956,0.011851058,-43.600002,-2.3375,-48.075,sitting
2033970962500387,-0.066400826,-0.13399807,9.906884,-0.038482647,0.013182637,0.0011984216,-43.5625,-2.2375,-48.162502,sitting
2033970982500387,-0.01375873,-0.076570325,9.7298155,-0.0011984216,-0.0070573715,-0.0073236874,-43.55,-2.0625,-48.1875,sitting
2033971002500387,-0.21535404,-0.033499517,9.7298155,0.02862896,-0.002796317,0.00652474,-43.537502,-1.9,-48.225002,sitting
2033971022500387,-0.0951147,-0.11006984,9.882956,0.0105194785,0.0046605286,-0.008388951,-43.5125,-1.8125,-48.175,sitting
2033971042500387,-0.13399807,-0.24885355,10.046266,-0.01824264,0.0046605286,0.003328949,-43.525,-1.8375,-48.037502,sitting
2033971062500387,-0.13878371,-0.047856454,9.820743,-0.00972053,-0.0049268445,1.3315796E-4,-43.55,-1.85,-47.975002,sitting
2033971082500387,0.019740786,-0.11006984,9.701101,0.02223738,-0.04221107,-0.024367906,-43.525,-1.9250001,-47.8625,sitting
2033971102500387,-0.09032906,-0.13399807,9.820743,0.039281595,-0.020905798,1.3315796E-4,-43.5,-1.8875,-47.8125,sitting
2033971122500387,-0.3684947,0.09092726,9.930812,0.014780533,0.002530001,-0.006258424,-43.5125,-1.875,-47.850002,sitting
2033971142500387,-0.066400826,0.076570325,9.643674,0.006258424,-0.005992108,-0.02223738,-43.5125,-1.9,-47.9,sitting
2033971162500387,0.19680966,-0.047856454,9.586246,0.023302643,-0.030493172,0.031025803,-43.475002,-1.9250001,-47.8625,sitting
2033971182500387,0.11545369,-0.2009971,9.863813,-0.011851058,-0.016644744,0.057657395,-43.4625,-1.9375,-47.8375,sitting
2033971202500387,-0.17706887,-0.19621146,10.084551,-0.07044056,0.013182637,0.022503695,-43.4625,-1.9,-47.9375,sitting
2033971222500387,-0.0951147,-0.22013968,9.873384,-0.05872266,0.04087949,0.0011984216,-43.475002,-1.9375,-47.9,sitting
2033971242500387,-0.2105684,-0.0,9.744172,0.0073236874,0.030226856,0.010785795,-43.5,-1.8625001,-47.8625,sitting
2033971262500387,0.05802595,-0.19142582,10.098908,0.023302643,0.016378429,-0.0051931604,-43.525,-1.9125,-47.9,sitting
2033971282500387,-0.0424726,-0.31106696,12.095718,-0.003328949,0.01105211,0.003328949,-43.525,-1.8875,-47.787502,sitting
2033971302500387,-0.6556334,-0.3930211,11.396416,0.07017424,-0.12303795,-0.034887385,-43.5125,-1.8875,-47.775,sitting
2033971322500387,-0.8135597,0.09092726,11.176276,0.51106024,-0.34674332,-0.103064254,-43.55,-1.8625001,-47.8,sitting
2033971342500387,-0.7513463,0.5168497,9.806385,0.96685994,-0.23808642,0.117312156,-43.55,-1.85,-47.775,sitting
2033971362500387,-0.18185452,0.9625129,8.408379,1.22998,-0.28176224,0.3442133,-43.55,-1.8375,-47.7625,sitting
2033971382500387,0.28773692,1.3310076,7.3166533,1.1543463,-0.5139897,0.4613923,-43.55,-1.775,-47.775,sitting
2033971402500387,0.87637126,1.1922239,7.3836527,0.7804388,-0.60240656,0.5209139,-43.537502,-1.8125,-47.8,sitting
2033971422500387,2.0452652,0.41635114,8.039884,0.28522435,-0.3829623,0.5539371,-43.55,-1.775,-47.850002,sitting
2033971442500387,1.8580267,0.33499518,9.078967,-0.19933745,-0.07097319,0.4848281,-43.537502,-1.7375001,-47.8375,sitting
2033971462500387,1.867598,-0.5796613,10.00798,-0.4953476,0.3018691,0.15033533,-43.6125,-1.8125,-47.787502,sitting
2033971482500387,-0.66041905,0.86201435,10.496117,-0.57524234,0.5637908,-0.13715269,-43.6875,-2.025,-47.7125,sitting
2033971502500387,-1.5607185,0.84765744,11.070992,-0.5038697,0.6660561,-0.336357,-43.8125,-2.3375,-47.7125,sitting
2033971522500387,-1.1682956,0.18185452,10.587044,-0.35380068,0.69162244,-0.22343905,-43.925,-2.7250001,-47.65,sitting
2033971542500387,-0.37328035,0.2632105,9.777672,-0.15779218,0.3519365,0.11198584,-44.125,-3.175,-47.375,sitting
2033971562500387,0.14895321,0.2440679,9.69153,-0.03315633,0.10053425,0.28349328,-44.350002,-3.5125,-47.0625,sitting
2033971582500387,0.23509483,0.5024927,9.418748,-0.055526868,0.05472792,0.33143014,-44.575,-3.8500001,-46.675,sitting
2033971602500387,0.18245272,0.32542387,9.112467,-0.11092058,0.0611195,0.28668907,-44.8125,-4.175,-46.412502,sitting
2033971622500387,-0.6987042,0.36370903,9.533604,-0.19294588,0.08988162,0.23981747,-44.9375,-4.2875,-46.1875,sitting
2033971642500387,-1.0001999,0.5312066,9.993624,-0.32610384,0.21984379,0.22383852,-44.9,-4.275,-45.9875,sitting
2033971662500387,-1.1539388,0.6269195,10.510473,-0.40906125,0.31571752,0.34634385,-44.8125,-4.1,-45.95,sitting
2033971682500387,-0.33499518,0.3589234,9.332606,-0.37603807,0.27310696,0.5155876,-44.7,-3.825,-45.9375,sitting
2033971702500387,0.24945176,0.02871387,9.189037,-0.27284065,-0.009187899,0.6913561,-44.4875,-3.525,-46.2125,sitting
2033971722500387,-0.047258247,-0.09571291,10.654043,-0.32610384,-0.09760478,0.75207615,-44.2,-3.1875,-46.425,sitting
2033971742500387,0.47916272,-0.89072824,10.237692,-0.44741073,0.13888375,0.6679203,-43.925,-2.8500001,-46.7125,sitting
2033971762500387,0.029312078,-0.61794645,9.567103,-0.34953964,0.14101428,0.6125266,-43.6125,-2.4875,-46.9625,sitting
2033971782500387,-0.55034924,-0.18664017,10.491331,-0.19933745,0.09094688,0.49548075,-43.275,-2.2250001,-47.225002,sitting
2033971802500387,-0.09990034,-0.61794645,10.141979,-0.23875222,0.18362482,0.30266804,-43.1125,-1.9125,-47.375,sitting
2033971822500387,0.52223355,-0.421735,10.366904,-0.1716406,0.0014647375,0.3037333,-42.9,-1.5500001,-47.425,sitting
2033971842500387,0.6227321,-0.785444,10.323833,-0.08322372,-0.27750117,0.27603644,-42.7125,-1.1125001,-47.600002,sitting
2033971862500387,1.0923235,-0.7328019,10.299905,0.04886897,-0.27324012,0.1396827,-42.475002,-0.58750004,-47.5875,sitting
2033971882500387,1.5804594,-0.38344982,10.725827,0.17656745,-0.16564849,-0.026498433,-42.25,-0.0125,-47.725002,sitting
2033971902500387,1.814956,0.1052842,11.224133,0.2628538,-0.15925692,-0.24048327,-42.025,0.575,-47.8375,sitting
2033971922500387,1.5038891,0.39720857,11.114063,0.3800328,-0.30093697,-0.47058022,-41.775,1.2,-48.0125,sitting
2033971942500387,0.62751776,0.8572287,9.758529,0.5366266,-0.5384908,-0.68136925,-41.5625,1.85,-48.100002,sitting
2033971962500387,-1.2687942,0.8955139,7.2448688,0.6410224,-0.7492798,-0.75806826,-41.2625,2.5125,-48.225002,sitting
2033971982500387,-1.527219,0.98644114,7.2305117,0.5611276,-0.5107939,-0.700544,-41.125,3.0875,-48.2125,sitting
2033972002500387,-0.7704889,0.40677986,7.3453674,0.1447427,0.06644582,-0.38429385,-40.975002,3.575,-48.0625,sitting
2033972022500387,-1.2831511,0.2105684,7.8574314,-0.3452786,0.2816291,-0.026498433,-40.875,3.95,-48.025,sitting
2033972042500387,-2.4562325,0.15792629,8.188239,-0.63596237,0.4721781,0.05339634,-40.9,4.1875,-47.9375,sitting
2033972062500387,-3.3469608,-0.3062813,9.466604,-0.8106656,0.42863545,0.074701615,-40.9375,4.3,-47.8,sitting
2033972082500387,-0.5407779,-1.719243,13.230515,-0.9586041,0.26671538,0.25899222,-41.1375,4.2125,-47.6125,sitting
2033972102500387,0.9098708,-1.6283158,15.839888,-0.9170588,0.62238026,0.4997418,-41.4625,3.9625,-47.537502,sitting
2033972122500387,-1.1294123,-0.8859426,9.868599,-0.39947388,0.7065361,0.43049967,-41.95,3.5625,-47.537502,sitting
2033972142500387,0.11545369,-1.3501502,8.475378,0.47058022,0.4519381,0.1716406,-42.4,3.1125,-47.375,sitting
2033972162500387,0.503091,-0.87158567,9.949955,0.63676137,0.22197431,0.1631185,-42.825,2.6875,-47.25,sitting
2033972182500387,-0.09032906,-1.0007981,10.491331,0.31079066,-0.019840535,0.049135286,-43.175,2.4125001,-47.175,sitting
2033972202500387,0.23988047,-0.84765744,10.347761,0.28202856,-0.20080219,-0.15952323,-43.425,2.2250001,-47.15,sitting
2033972222500387,-0.08075777,-0.7710871,8.915657,0.4034686,-0.5747097,-0.24900538,-43.625,2.25,-47.2625,sitting
2033972242500387,-0.7609176,-0.3786642,8.508878,0.36938018,-0.7897598,-0.3129212,-43.6125,2.5125,-47.425,sitting
2033972262500387,-0.6987042,0.5407779,9.710672,0.1681785,-0.43409494,-0.30546436,-43.287502,2.9750001,-47.537502,sitting
2033972282500387,1.3890336,0.56470615,10.309476,-0.050200548,-0.18695377,-0.103064254,-42.8125,3.525,-47.725002,sitting
2033972302500387,2.4041886,0.42592242,8.566305,-0.034221593,-0.43835598,0.19081534,-42.25,4.05,-48.1125,sitting
2033972322500387,1.7144574,0.55034924,7.603792,0.120241635,-0.52464235,0.2717754,-41.7625,4.4875,-48.45,sitting
2033972342500387,1.2550355,0.16271193,8.288737,0.038216334,0.12610058,0.060853187,-41.287502,4.725,-48.7,sitting
2033972362500387,-0.22013968,0.009571291,10.204192,-0.31119013,0.66712135,-0.16165376,-40.8875,4.85,-48.8,sitting
2033972382500387,-2.3078775,0.15792629,10.610972,-0.63170135,0.76086456,-0.33209595,-40.65,4.7625003,-48.675,sitting
2033972402500387,-2.4179473,-1.096511,11.39163,-0.77231616,0.4966792,-0.3917507,-40.600002,4.4875,-48.475002,sitting
2033972422500387,-1.2687942,-1.8053846,11.463415,-0.6711161,0.33276173,-0.2543317,-40.7625,4.1,-48.2625,sitting
2033972442500387,-0.148355,-1.0773684,11.45863,-0.3866907,0.14953639,-0.049801074,-41.05,3.7125,-47.912502,sitting
2033972462500387,0.32123643,-0.30149564,10.888539,-0.064048976,-0.16032217,0.01824264,-41.3625,3.4,-47.4,sitting
2033972482500387,0.2542374,-0.09092726,8.374879,0.3331612,-0.30093697,-0.030759487,-41.662502,3.125,-47.037502,sitting
2033972502500387,0.22073789,-0.0,7.6085777,0.5323655,-0.4735097,-0.07217161,-41.925,2.9875,-46.7625,sitting
2033972522500387,-0.2440679,-0.014356935,9.370892,0.28202856,-0.244478,-0.052996866,-42.0625,2.9125001,-46.725002,sitting
2033972542500387,-1.2496517,-0.76630145,10.37169,-0.1482048,0.17510271,-0.009454215,-42.037502,3.0,-46.9875,sitting
2033972562500387,-1.6420746,-1.2017952,11.070992,-0.26112276,0.2869554,0.02996054,-41.8875,3.15,-47.2625,sitting
2033972582500387,-0.6987042,-0.7615158,11.678769,-0.117312156,0.21238694,0.16205323,-41.7,3.425,-47.6375,sitting
2033972602500387,0.096311115,-0.3062813,11.68834,0.10426268,0.036618438,0.37830174,-41.4875,3.7,-47.9875,sitting
2033972622500387,-0.33020952,0.023928227,11.137991,0.4151865,-0.21571589,0.4997418,-41.3,3.8625,-48.4,sitting
2033972642500387,-0.2536392,-0.16749759,6.4402823,0.6282392,-0.903743,0.46671864,-41.1375,4.0,-48.6875,sitting
2033972662500387,1.881955,0.13878371,4.3764725,0.63995713,-1.4681996,0.3218428,-41.125,4.05,-48.825,sitting
2033972682500387,1.3842479,0.8668,9.423533,0.47803706,-0.109189525,0.14713953,-41.15,4.1125,-48.875,sitting
2033972702500387,1.3842479,0.7471589,10.740185,-0.025699485,1.8397104,0.09707215,-41.175,4.1125,-48.787502,sitting
2033972722500387,0.39780676,-0.31106696,9.480962,-0.6657898,0.50946236,0.10239847,-41.2375,4.0750003,-48.7375,sitting
2033972742500387,-0.37328035,-0.6897311,10.77847,-0.6945519,-0.12729901,-0.095607415,-41.3125,4.0,-48.6875,sitting
2033972762500387,-0.7896315,-1.3549358,10.721042,-0.42717072,0.5723129,-0.31931278,-41.325,3.9875,-48.55,sitting
2033972782500387,-0.75613195,-1.5661024,10.735399,-0.41971388,0.25819328,-0.3949465,-41.412502,3.9375,-48.4625,sitting
2033972802500387,-0.75613195,-0.3595216,11.23849,-0.33356068,0.023835273,-0.3832286,-41.6125,3.95,-48.2625,sitting
2033972822500387,-0.94277215,-0.043070808,10.199407,-0.06617951,0.15379743,-0.30866015,-41.7,3.875,-48.1875,sitting
2033972842500387,-0.46899325,-0.32063824,8.571091,0.21811274,-0.12516847,-0.14887059,-41.662502,3.7375,-48.2375,sitting
2033972862500387,-0.0041874396,-0.16749759,8.915657,0.31185594,-0.23915169,0.03528686,-41.5875,3.6375,-48.275,sitting
2033972882500387,-0.11964113,-0.41694933,9.921241,0.07337003,0.013182637,0.08748478,-41.55,3.625,-48.275,sitting
2033972902500387,-0.31106696,-0.76630145,10.395618,-0.16844481,0.16445008,0.0075900033,-41.5125,3.6625001,-48.2625,sitting
2033972922500387,-0.55513483,-0.6418747,10.386046,-0.16631429,0.115447946,-0.063649505,-41.425,3.6375,-48.4,sitting
2033972942500387,-0.6125626,-0.36909288,9.940384,-0.04061318,0.013182637,-0.07962846,-41.2125,3.7,-48.600002,sitting
2033972962500387,-0.44506502,-0.30149564,9.39482,0.08295741,-0.07097319,-0.035952646,-40.850002,3.7875001,-48.9375,sitting
2033972982500387,-0.14356937,-0.37387854,9.476176,0.108523734,-0.09867004,0.03315633,-40.5625,3.95,-49.1875,sitting
2033973002500387,0.005383851,-0.48394838,9.835099,0.02223738,-0.023036325,0.055526868,-40.4625,4.1,-49.2625,sitting
2033973022500387,-0.21535404,-0.5557331,10.051051,-0.06617951,0.00785632,0.012916322,-40.4375,4.2000003,-49.25,sitting
2033973042500387,-0.47856453,-0.42652065,9.945169,-0.05659213,0.009986847,-0.030759487,-40.4,4.2375,-49.325,sitting
2033973062500387,-0.38285163,-0.41694933,9.758529,9.321057E-4,0.01105211,-0.020106852,-40.3625,4.1375003,-49.350002,sitting
2033973082500387,-0.22013968,-0.40737805,9.725029,0.031824753,-0.0070573715,0.021438431,-40.375,4.125,-49.2125,sitting
2033973102500387,-0.22971097,-0.46959144,9.772886,0.011584742,-0.010253162,0.026764749,-40.425,4.0625,-49.100002,sitting
2033973122500387,-0.2727818,-0.48873404,9.84467,-0.015046849,0.0035952649,-9.321057E-4,-40.475002,4.025,-48.975002,sitting
2033973142500387,-0.33499518,-0.4456632,9.820743,-0.023568958,0.009986847,-0.01691106,-40.537502,3.9750001,-48.850002,sitting
2033973162500387,-0.3684947,-0.40737805,9.796814,-0.010785795,0.018508956,-0.006258424,-40.575,4.025,-48.7625,sitting
2033973182500387,-0.37328035,-0.4121637,9.763314,0.0030626329,0.027031064,0.010785795,-40.5875,4.025,-48.7125,sitting
2033973202500387,-0.37806597,-0.53659046,9.796814,-0.0043942127,0.033422645,0.016112113,-40.5875,4.0,-48.5625,sitting
2033973222500387,-0.41156548,-0.5605187,9.978668,-0.025699485,0.027031064,0.008655267,-40.625,4.0625,-48.425,sitting
2033973242500387,-0.36370903,-0.48394838,9.998409,-0.03635212,0.01957422,-0.009454215,-40.7,4.05,-48.3,sitting
2033973262500387,-0.29192436,-0.42652065,9.758529,-0.008655267,-0.010253162,-0.011584742,-40.725002,4.0875,-48.225002,sitting
2033973282500387,-0.3062813,-0.38344982,9.653245,0.029694224,-0.036884755,0.0011984216,-40.7625,4.0625,-48.15,sitting
2033973302500387,-0.33020952,-0.46002015,9.7298155,0.02862896,-0.014514217,0.0043942127,-40.75,4.0750003,-48.2,sitting
2033973322500387,-0.22492532,-0.6227321,9.930812,-0.011851058,0.005725792,-0.0051931604,-40.7375,4.025,-48.1375,sitting
2033973342500387,-0.23928227,-0.5605187,10.027123,-0.03635212,0.009986847,-0.011584742,-40.725002,4.0625,-48.1125,sitting
2033973362500387,-0.28713873,-0.37387854,9.777672,-0.011851058,0.009986847,-0.013715269,-40.7125,4.1125,-48.100002,sitting
2033973382500387,-0.43070808,-0.34516466,9.500104,0.041412123,0.01957422,-0.0019973693,-40.6875,4.15,-48.125,sitting
2033973402500387,-0.39720857,-0.4121637,9.648459,0.046738442,0.031292118,0.038482647,-40.675,4.2375,-48.100002,sitting
2033973422500387,-0.53599226,-0.32542387,9.863813,-0.008655267,0.09733847,0.0896153,-40.6375,4.2375,-48.075,sitting
2033973442500387,-0.5312066,-0.33499518,9.854242,-0.045939494,0.13888375,0.14287849,-40.6125,4.3125,-48.037502,sitting
2033973462500387,-0.35413775,-0.4648058,9.748958,-0.032091066,0.1548627,0.19401114,-40.575,4.3875003,-48.0,sitting
2033973482500387,-0.33499518,-0.5844469,9.782457,-0.028895276,0.123970054,0.21957746,-40.5625,4.4625,-48.0125,sitting
2033973502500387,-0.4211368,-0.56530434,9.926026,-0.051265813,0.1079911,0.18442377,-40.5875,4.4875,-47.9375,sitting
2033973522500387,-0.49292147,-0.48394838,9.906884,-0.05872266,0.12716585,0.13116059,-40.600002,4.5,-47.8625,sitting
2033973542500387,-0.5455636,-0.48394838,9.739387,-0.039547913,0.114382684,0.09387636,-40.625,4.4875,-47.775,sitting
2033973562500387,-0.53599226,-0.50787663,9.748958,-0.02996054,0.06964161,0.06724477,-40.600002,4.425,-47.850002,sitting
2033973582500387,-0.526421,-0.5270192,9.873384,-0.052331075,0.050466865,0.04700476,-40.6375,4.4375,-47.8625,sitting
2033973602500387,-0.5599205,-0.5988039,9.820743,-0.072571084,0.051532127,0.026764749,-40.662502,4.5,-47.9625,sitting
2033973622500387,-0.64606214,-0.7280163,9.906884,-0.06937529,0.037683703,0.011851058,-40.625,4.5125003,-48.0,sitting
2033973642500387,-0.6987042,-0.7088737,10.060623,-0.057657395,0.037683703,0.008655267,-40.575,4.5750003,-47.9875,sitting
2033973662500387,-0.66999036,-0.60837513,9.998409,-0.034221593,0.04301002,0.031025803,-40.4625,4.675,-48.175,sitting
2033973682500387,-0.6125626,-0.47916272,9.753743,0.015845796,0.01957422,0.064048976,-40.375,4.8,-48.2,sitting
2033973702500387,-0.43070808,-0.36909288,9.643674,0.06058687,-0.009187899,0.09281109,-40.2125,4.9125,-48.325,sitting
2033973722500387,-0.3589234,-0.45044887,9.557532,0.05526055,-6.6578976E-4,0.09387636,-40.075,5.025,-48.45,sitting
2033973742500387,-0.5024927,-0.60358953,9.748958,9.321057E-4,-0.011318427,0.04700476,-39.9625,5.125,-48.537502,sitting
2033973762500387,-0.47856453,-0.89072824,10.084551,-0.06191845,0.009986847,-0.02223738,-39.8125,5.225,-48.525,sitting
2033973782500387,-0.36370903,-1.0486546,10.457831,-0.07683214,0.032357384,-0.06578003,-39.75,5.3375,-48.6125,sitting
2033973802500387,-0.64606214,-0.7328019,10.208978,-0.015046849,-0.009187899,-0.14141375,-39.662502,5.4125,-48.7125,sitting
2033973822500387,-0.91405827,-0.32063824,9.696316,0.09574057,-0.14540848,-0.25752747,-39.600002,5.5,-48.7125,sitting
2033973842500387,-0.8327023,-0.062213387,9.256036,0.19148114,-0.19867167,-0.25007063,-39.525,5.5,-48.850002,sitting
2033973862500387,-0.43070808,-0.09571291,9.346964,0.17656745,-0.15819165,-0.105194785,-39.5,5.55,-48.825,sitting
2033973882500387,-0.066400826,-0.4552345,9.681958,0.06378266,-0.061385818,0.05339634,-39.475002,5.65,-48.825,sitting
2033973902500387,0.34516466,-1.1874382,8.618947,-0.038482647,0.032357384,0.096006885,-39.4625,5.7125,-48.8125,sitting
2033973922500387,0.37387854,-0.6945168,10.381261,-0.13542163,-0.014514217,-0.034887385,-39.4375,5.75,-48.8375,sitting
2033973942500387,-0.17228323,-0.3397808,10.563115,-0.3356912,0.08668583,-0.2830938,-39.3625,5.725,-48.8125,sitting
2033973962500387,-1.2257234,0.08135597,10.04148,-0.21212062,0.26565012,-0.42370862,-39.3875,5.7000003,-48.8,sitting
2033973982500387,-1.986641,0.0526421,9.935597,-0.00652474,0.16338481,-0.4034686,-39.425,5.6375003,-48.6375,sitting
2033974002500387,-1.311865,-0.34516466,10.137193,-0.032091066,-0.13688637,-0.20852536,-39.5125,5.5750003,-48.675,sitting
2033974022500387,-0.2009971,-1.0486546,9.457033,-0.06617951,-0.27537066,0.037417386,-39.625,5.5,-48.65,sitting
2033974042500387,0.8285148,-1.5565311,9.385248,-0.085354246,-0.41811597,0.09387636,-39.7375,5.35,-48.625,sitting
2033974062500387,0.94396853,-1.7240287,9.897313,-0.19401114,-0.45433494,0.0022636852,-39.787502,5.25,-48.525,sitting
2033974082500387,0.66101724,-1.8532411,10.213763,-0.2685796,-0.30519804,-0.16698007,-39.8875,5.1625,-48.4875,sitting
2033974102500387,-0.09032906,-1.5182459,9.696316,-0.22809958,-0.2530001,-0.49295074,-39.9875,5.1125,-48.475002,sitting
2033974122500387,-0.16271193,-1.6139588,10.644471,-0.18761955,-0.3233075,-0.6675208,-40.0625,5.05,-48.5,sitting
2033974142500387,-0.7465607,-0.948156,10.673185,-0.16951008,-0.29454538,-0.5929524,-40.075,5.0,-48.6125,sitting
2033974162500387,-0.44027936,-0.7375876,9.145967,-0.032091066,-0.37230965,-0.5961482,-40.075,4.9625,-48.5125,sitting
2033974182500387,-0.7752745,-0.6227321,8.1020975,0.17869797,-0.47244442,-0.5440834,-40.1125,5.025,-48.375,sitting
2033974202500387,-0.4354937,-0.503091,9.686745,0.2010685,-0.20399798,-0.42370862,-40.15,5.1375003,-48.3,sitting
2033974222500387,0.048454657,-0.30149564,10.663614,0.0627174,0.354067,-0.36724964,-40.275,5.1625,-48.225002,sitting
2033974242500387,0.6897311,-0.26799613,10.840683,0.08508793,0.59361815,-0.41625178,-40.45,5.1625,-48.1125,sitting
2033974262500387,1.43689,-0.10049855,10.036695,0.21491694,0.40200385,-0.50147283,-40.675,5.2000003,-47.9375,sitting
2033974282500387,0.4552345,-0.31585258,8.054241,0.3214433,0.0611195,-0.5611276,-40.925,5.225,-47.7125,sitting
2033974302500387,-0.5072784,-0.20578274,9.074182,0.34807488,-0.0326237,-0.53982234,-41.275,5.1625,-47.45,sitting
2033974322500387,-1.0289137,0.19621146,10.639686,0.09041425,0.31252173,-0.31931278,-41.7,5.1,-47.2125,sitting
2033974342500387,-1.1006985,-0.09092726,10.285548,-0.15459639,0.49774444,-0.11797795,-42.125,4.85,-46.9625,sitting
2033974362500387,-1.1491531,-0.5988039,9.873384,-0.10985532,0.18255955,-0.08815057,-42.5,4.55,-46.787502,sitting
2033974382500387,-0.89013004,-0.8572287,10.103694,-0.074701615,-0.12623374,-0.073236875,-42.7375,4.1875,-46.7125,sitting
2033974402500387,-0.032901313,-1.2831511,10.6014,-0.08215846,-0.17523587,0.03528686,-42.8875,3.7875001,-46.5875,sitting
2033974422500387,-0.39720857,-0.3930211,10.395618,-0.04061318,-0.2125201,0.13116059,-43.0125,3.25,-46.525,sitting
2033974442500387,0.5509474,-0.3930211,7.536793,0.11278479,-0.3296991,0.0896153,-43.1375,2.6875,-46.45,sitting
2033974462500387,1.0588241,-1.2831511,10.342976,0.15859112,-0.458596,0.22383852,-43.162502,2.1375,-46.537502,sitting
2033974482500387,0.29252258,-0.9720842,10.342976,0.068043716,0.2539322,0.45073968,-43.075,1.6,-46.7625,sitting
2033974502500387,0.11545369,-0.75194454,9.437891,0.08934899,0.3253049,0.31012487,-42.925,1.1875,-47.0875,sitting
2033974522500387,-0.26799613,-0.56530434,9.605389,0.20852536,0.14740586,0.07683214,-42.8,0.875,-47.225002,sitting
2033974542500387,-0.4019942,-0.17706887,9.978668,0.13622059,0.21025641,-0.06471477,-42.7625,0.6125,-47.3625,sitting
2033974562500387,-0.6987042,-0.08135597,9.385248,0.07230477,0.31145647,-0.1573927,-42.75,0.425,-47.475002,sitting
2033974582500387,-0.7896315,-0.38823548,9.796814,0.04886897,0.27310696,-0.22130851,-42.75,0.3125,-47.525,sitting
2033974602500387,-0.2009971,-0.8572287,10.098908,-0.039547913,0.25819328,-0.239418,-42.7625,0.26250002,-47.65,sitting
2033974622500387,0.49830532,-1.2927225,9.993624,-0.1364869,0.08668583,-0.27350643,-42.75,0.26250002,-47.6375,sitting
2033974642500387,0.91465646,-1.3214363,10.084551,-0.12689953,-0.118776895,-0.4322307,-42.7125,0.3625,-47.6125,sitting
2033974662500387,0.7088737,-0.80937225,10.098908,-0.07150582,-0.16458324,-0.73782825,-42.662502,0.4125,-47.55,sitting
2033974682500387,-0.018544376,-0.33020952,9.543175,-0.042743705,-0.18695377,-1.0510157,-42.600002,0.375,-47.4875,sitting
2033974702500387,-0.5886344,-0.086141616,9.806385,-0.051265813,-0.26152223,-1.1435605,-42.537502,0.38750002,-47.475002,sitting
2033974722500387,-0.7609176,-0.148355,9.500104,-0.05339634,-0.3094591,-0.9455546,-42.4625,0.3625,-47.5875,sitting
2033974742500387,-0.64606214,-0.35473597,9.653245,0.014780533,-0.15925692,-0.57910395,-42.325,0.35,-47.7625,sitting
2033974762500387,-0.15792629,-0.87158567,10.1802635,0.07869635,0.16764587,-0.17230639,-42.125,0.2875,-47.8875,sitting
2033974782500387,-0.23449662,-0.8333005,10.395618,0.121306896,0.354067,0.13542163,-41.9375,0.22500001,-48.0,sitting
2033974802500387,-0.83748794,0.043070808,9.882956,0.21811274,0.36152384,0.18016271,-41.8625,0.0,-48.0125,sitting
2033974822500387,-1.0193424,0.59342,9.083753,0.28096327,0.23795326,0.037417386,-41.8125,-0.2375,-48.0,sitting
2033974842500387,-0.12921242,-0.086141616,9.122038,0.16072164,-0.044341598,-0.073236875,-41.8375,-0.5375,-48.075,sitting
2033974862500387,0.40737805,-0.69930243,10.070194,-0.062983714,-0.11345058,-0.01691106,-41.912502,-0.9375,-48.100002,sitting
2033974882500387,-0.28713873,-1.1491531,10.103694,-0.2099901,0.01957422,0.06511424,-42.037502,-1.35,-48.0,sitting
2033974902500387,-0.9667004,-0.8285148,10.146765,-0.12157321,0.13249217,0.085354246,-42.1875,-1.85,-47.912502,sitting
2033974922500387,-1.0911272,-0.17706887,10.323833,0.024367906,0.26245433,0.14500901,-42.350002,-2.3125,-47.925,sitting
2033974942500387,-0.44506502,-0.3930211,9.701101,0.057391077,0.12077426,0.12370374,-42.5125,-2.7375,-47.9625,sitting
2033974962500387,0.17766708,-0.7423732,9.552746,0.07869635,-0.17097482,0.062983714,-42.5875,-3.1625001,-48.0625,sitting
2033974982500387,-0.2536392,-0.6945168,9.998409,0.039281595,-0.21784641,0.011851058,-42.675,-3.55,-48.2375,sitting
2033975002500387,-0.67477596,-0.34516466,10.161121,-0.00652474,-0.090147935,-0.029694224,-42.7125,-3.8625,-48.287502,sitting
2033975022500387,-0.66041905,-0.34516466,9.772886,0.068043716,0.018508956,0.032091066,-42.6875,-4.0125003,-48.3375,sitting
2033975042500387,-0.6269195,-0.7328019,9.87817,0.14687322,-0.04114581,0.116246894,-42.6125,-4.125,-48.4875,sitting
2033975062500387,-0.5024927,-0.7280163,10.37169,0.121306896,-0.11025479,0.14607428,-42.537502,-4.1125,-48.625,sitting
2033975082500387,0.11066805,-0.49351966,10.44826,0.11171953,-0.09867004,0.18016271,-42.4375,-4.1125,-48.6875,sitting
2033975102500387,0.5461618,-0.18185452,9.428319,0.23089589,-0.10492847,0.23449115,-42.3375,-4.1125,-48.7375,sitting
2033975122500387,0.9194421,0.06699903,9.112467,0.35020542,-0.1155811,0.21425115,-42.325,-4.0375,-48.8,sitting
2033975142500387,0.6466603,0.39720857,9.026325,0.30333382,-0.118776895,0.08215846,-42.3,-3.9875,-48.6875,sitting
2033975162500387,-0.19142582,0.5024927,9.203394,0.13089427,-0.05392897,-0.07856319,-42.2375,-3.9125001,-48.6875,sitting
2033975182500387,-0.90448695,0.3684947,9.31825,-0.0075900033,0.103730045,-0.17656745,-42.2125,-3.9,-48.7,sitting
2033975202500387,-0.95712906,0.16271193,9.69153,-0.124769,0.15379743,-0.15952323,-42.2125,-3.9375,-48.675,sitting
2033975222500387,-0.32542387,-0.17228323,9.859028,-0.2536659,0.094142675,-0.054062128,-42.2375,-3.9375,-48.537502,sitting
2033975242500387,0.37387854,-0.9098708,10.137193,-0.32610384,-0.002796317,0.072571084,-42.25,-3.9375,-48.475002,sitting
2033975262500387,0.06759724,-1.1252248,10.476974,-0.3154512,0.005725792,0.107724786,-42.350002,-3.9750001,-48.3875,sitting
2033975282500387,-0.6556334,-0.67058855,10.2520485,-0.26218802,0.044075284,-0.008388951,-42.350002,-4.0625,-48.1875,sitting
2033975302500387,-0.41635114,-0.6801598,9.686745,-0.116246894,0.056858446,-0.09773794,-42.425,-4.1625,-48.0625,sitting
2033975322500387,-0.20578274,-0.7710871,10.223334,-0.0011984216,-0.011318427,-0.01691106,-42.525,-4.275,-47.9875,sitting
2033975342500387,-0.4833502,-0.6801598,10.194621,-0.0075900033,0.015313165,0.028895276,-42.55,-4.3625,-47.8625,sitting
2033975362500387,-0.47377887,-0.3930211,9.772886,0.04354265,-0.019840535,-0.032890014,-42.5625,-4.4500003,-47.725002,sitting
2033975382500387,-0.41156548,-0.2105684,9.667602,0.13941638,-0.061385818,-0.029694224,-42.575,-4.55,-47.675,sitting
2033975402500387,-0.26799613,-0.18185452,9.87817,0.1330248,-0.04114581,0.00972053,-42.5875,-4.525,-47.575,sitting
2033975422500387,0.048454657,-0.2727818,9.744172,0.07443529,-0.057124764,0.017177377,-42.575,-4.4875,-47.537502,sitting
2033975442500387,0.34037903,-0.31106696,9.524033,0.07550056,-0.07736477,0.04167844,-42.600002,-4.3625,-47.6875,sitting
2033975462500387,0.081954174,-0.05742774,9.624531,0.08402267,-0.036884755,0.052331075,-42.525,-4.2000003,-47.787502,sitting
2033975482500387,-0.44985065,0.16271193,9.5048895,0.036085807,0.02809633,-0.011584742,-42.4375,-4.025,-47.825,sitting
2033975502500387,-0.43070808,-0.019142581,9.404391,-0.017177377,0.031292118,-0.08175898,-42.4375,-3.8625,-47.9,sitting
2033975522500387,0.04366901,-0.718445,10.003195,-0.09068057,0.002530001,-0.035952646,-42.425,-3.7625,-47.9,sitting
2033975542500387,-0.19142582,-0.69930243,10.37169,-0.17590165,0.06857634,0.04167844,-42.425,-3.65,-47.95,sitting
2033975562500387,-0.42592242,-0.38823548,9.835099,-0.15779218,0.08668583,0.0011984216,-42.475002,-3.625,-47.9625,sitting
2033975582500387,-0.32542387,-0.2632105,9.576674,-0.031025803,0.04301002,-0.035952646,-42.5,-3.6625001,-48.0125,sitting
2033975602500387,-0.37328035,-0.38823548,9.782457,-0.0075900033,0.023835273,-0.0051931604,-42.525,-3.7250001,-47.875,sitting
2033975622500387,-0.42592242,-0.5174479,10.012766,-0.08748478,0.027031064,-0.0126500055,-42.575,-3.825,-47.8875,sitting
2033975642500387,-0.25842485,-0.68494546,9.921241,-0.12370374,0.00785632,-0.05725792,-42.6375,-3.8625,-47.912502,sitting
2033975662500387,-0.023330022,-0.799801,9.916455,-0.1013332,-0.045406863,-0.0870853,-42.65,-3.9375,-47.912502,sitting
2033975682500387,-0.05682954,-0.5413761,9.964312,-0.08002793,-0.069907926,-0.11371689,-42.65,-3.9750001,-47.9625,sitting
2033975702500387,-0.47856453,-0.33499518,9.792028,-0.055526868,-0.06458161,-0.15313165,-42.65,-4.025,-48.0,sitting
2033975722500387,-0.44506502,-0.5461618,9.734601,-0.0022636852,-0.03581949,-0.13395691,-42.625,-4.0125003,-48.037502,sitting
2033975742500387,-0.148355,-0.71365935,10.079765,0.024367906,0.017443692,0.00652474,-42.5625,-3.9750001,-47.9875,sitting
2033975762500387,-0.0041874396,-1.0486546,10.04148,0.032890014,0.07922898,0.1279648,-42.537502,-3.9125001,-48.075,sitting
2033975782500387,-0.16749759,-0.57009,10.170692,0.09147952,0.07603319,0.1130511,-42.475002,-3.8125,-48.0,sitting
2033975802500387,-0.5455636,0.0526421,9.600603,0.14261217,0.041944757,-0.0051931604,-42.425,-3.7875001,-48.0,sitting
2033975822500387,-0.55034924,-0.09092726,9.351749,0.17443693,-0.04114581,-0.08921583,-42.4375,-3.7125,-48.075,sitting
2033975842500387,-0.4881358,-0.3499503,9.782457,0.14048164,-0.014514217,-0.027563697,-42.45,-3.6375,-48.1125,sitting
2033975862500387,-0.023330022,-0.46002015,10.060623,0.021172116,0.027031064,0.052331075,-42.4625,-3.55,-48.0875,sitting
2033975882500387,0.2015953,-0.5509474,9.84467,-0.010785795,0.008921583,0.10346373,-42.4625,-3.625,-48.075,sitting
2033975902500387,-0.29671,-0.28713873,9.662816,0.06058687,0.00785632,0.07683214,-42.475002,-3.6125,-48.1375,sitting
2033975922500387,-0.6221339,-0.09092726,9.739387,0.07869635,0.0035952649,-0.014780533,-42.45,-3.575,-48.1125,sitting
2033975942500387,-0.4642076,0.023928227,9.69153,0.047803707,0.02277001,-0.01691106,-42.4375,-3.6625001,-48.225002,sitting
2033975962500387,-0.2105684,0.12921242,9.47139,0.020106852,0.016378429,0.050200548,-42.45,-3.7125,-48.2125,sitting
2033975982500387,-0.061615184,-0.043070808,9.404391,-0.027830012,-0.028362645,0.050200548,-42.4625,-3.8125,-48.15,sitting
2033976002500387,0.005383851,-0.85244304,9.868599,-0.12050795,-0.07523424,-0.008388951,-42.4375,-3.875,-48.125,sitting
2033976022500387,-0.23449662,-0.8668,10.486546,-0.22277325,-0.044341598,-0.04234423,-42.4,-4.0125003,-48.1375,sitting
2033976042500387,-0.44506502,-0.71365935,10.170692,-0.2185122,0.031292118,-0.05619266,-42.3875,-4.05,-48.1875,sitting
2033976062500387,-0.33499518,-0.5605187,9.748958,-0.055526868,0.020639483,-0.043409493,-42.425,-4.125,-48.162502,sitting
2033976082500387,-0.148355,-0.4456632,9.753743,0.046738442,-0.02410159,-0.021172116,-42.4625,-4.225,-48.1875,sitting
2033976102500387,-0.23449662,-0.5174479,9.863813,0.014780533,-0.033688962,-0.024367906,-42.4625,-4.2375,-48.162502,sitting
2033976122500387,-0.32542387,-0.72323066,9.988838,-0.00972053,-0.01238369,-0.031824753,-42.4625,-4.2625003,-48.1375,sitting
2033976142500387,-0.3062813,-0.5796613,10.165907,0.013715269,0.014247901,-0.0073236874,-42.4375,-4.25,-48.175,sitting
2033976162500387,-0.2009971,-0.22971097,9.705887,0.06058687,0.021704746,0.019307904,-42.4375,-4.1875,-48.162502,sitting
2033976182500387,-0.3397808,-0.22971097,9.437891,0.12237216,-0.013448954,0.021438431,-42.412502,-4.0750003,-48.125,sitting
2033976202500387,-0.44506502,-0.39780676,9.863813,0.11278479,-0.0070573715,0.028895276,-42.412502,-3.9875,-48.100002,sitting
2033976222500387,-0.4546363,-0.5413761,10.1802635,0.02223738,0.044075284,0.055526868,-42.412502,-3.9375,-48.1125,sitting
2033976242500387,-0.33020952,-0.4121637,9.998409,0.009454215,0.029161593,0.073636346,-42.3625,-3.9,-48.037502,sitting
2033976262500387,-0.23928227,-0.41694933,9.715458,0.07869635,-0.027297381,0.07896267,-42.412502,-3.8125,-48.037502,sitting
2033976282500387,-0.19142582,-0.45044887,9.84467,0.12556796,-0.036884755,0.08322372,-42.4,-3.7625,-48.025,sitting
2033976302500387,0.081954174,-0.18664017,9.906884,0.10213215,-0.015579481,0.08322372,-42.3625,-3.7625,-48.025,sitting
2033976322500387,0.10109676,0.038285162,9.47139,0.09574057,-0.019840535,0.052331075,-42.3875,-3.8125,-48.225002,sitting
2033976342500387,-0.22013968,0.23928227,9.212965,0.11598058,-0.046472125,-0.011584742,-42.425,-3.8500001,-48.275,sitting
2033976362500387,-0.5072784,0.24885355,9.375677,0.04034686,-0.025166854,-0.062584236,-42.4375,-3.9375,-48.225002,sitting
2033976382500387,-0.38763726,0.0526421,9.58146,-0.09281109,0.017443692,-0.038083173,-42.4375,-3.9875,-48.25,sitting
2033976402500387,-0.052043892,-0.43609193,9.887741,-0.19401114,0.032357384,0.02996054,-42.4375,-3.95,-48.325,sitting
2033976422500387,0.28295127,-1.1587243,10.175478,-0.26325327,0.009986847,0.03635212,-42.425,-4.025,-48.275,sitting
2033976442500387,-0.061615184,-0.87158567,10.362119,-0.29308066,-0.018775271,-0.041278966,-42.45,-4.0625,-48.3,sitting
2033976462500387,-0.51206404,-0.5796613,9.873384,-0.21318589,-6.6578976E-4,-0.14354427,-42.5,-4.1,-48.275,sitting
2033976482500387,-0.5407779,-0.48873404,9.725029,-0.045939494,0.027031064,-0.12650006,-42.475002,-4.1375003,-48.100002,sitting
2033976502500387,-0.20578274,-0.7710871,9.945169,-0.0043942127,0.03448791,-0.023302643,-42.4875,-4.175,-48.1375,sitting
2033976522500387,-0.29671,-1.16351,10.232906,-0.042743705,0.044075284,0.05659213,-42.475002,-4.1875,-48.1375,sitting
2033976542500387,-0.35413775,-1.0773684,10.491331,-0.01824264,0.033422645,0.026764749,-42.475002,-4.175,-48.05,sitting
2033976562500387,-0.2727818,-0.503091,10.084551,0.086153194,0.0067910557,-0.027563697,-42.475002,-4.225,-47.9375,sitting
2033976582500387,-0.0424726,-0.29671,9.299107,0.24261379,-0.029427908,-0.019041587,-42.475002,-4.175,-47.9875,sitting
2033976602500387,0.034097724,-0.19142582,9.605389,0.29800752,-0.040080544,-0.009454215,-42.475002,-4.0750003,-47.95,sitting
2033976622500387,-0.3062813,0.023928227,9.887741,0.17550218,-0.005992108,-0.05725792,-42.4375,-3.9750001,-47.9875,sitting
2033976642500387,-0.47377887,0.038285162,9.576674,0.09254478,0.014247901,-0.11797795,-42.4375,-3.8625,-48.0,sitting
2033976662500387,-0.39720857,0.086141616,9.437891,0.10532794,-0.011318427,-0.10945584,-42.4,-3.75,-47.925,sitting
2033976682500387,-0.34456646,0.11485548,9.538389,0.059521604,-0.0070573715,-0.0519316,-42.350002,-3.6125,-47.925,sitting
2033976702500387,-0.34456646,0.019142581,9.543175,-0.025699485,-6.6578976E-4,-0.020106852,-42.275,-3.5,-48.025,sitting
2033976722500387,-0.3397808,-0.10049855,9.638887,-0.09920268,-0.013448954,-0.0126500055,-42.287502,-3.45,-48.075,sitting
2033976742500387,0.06759724,-0.61794645,9.916455,-0.16737954,-0.008122635,0.0043942127,-42.287502,-3.4750001,-48.0875,sitting
2033976762500387,0.08673982,-0.87637126,10.18505,-0.2099901,0.002530001,0.028895276,-42.287502,-3.5875,-48.0625,sitting
2033976782500387,-0.38285163,-0.53659046,10.098908,-0.21425115,0.0035952649,-0.023302643,-42.3,-3.7,-47.975002,sitting
2033976802500387,-0.31106696,-0.52223355,9.681958,-0.12689953,0.023835273,-0.073236875,-42.3125,-3.875,-47.9875,sitting
2033976822500387,-0.31106696,-0.5605187,9.839885,-0.03315633,0.031292118,-0.008388951,-42.3125,-4.0,-48.0,sitting
2033976842500387,-0.4881358,-0.80937225,10.132407,-0.060853187,0.04301002,0.024634222,-42.375,-4.1625,-47.975002,sitting
2033976862500387,-0.30149564,-1.015155,10.204192,-0.07896267,0.031292118,-0.0019973693,-42.45,-4.35,-47.8375,sitting
2033976882500387,-0.11485548,-1.1778669,10.2520485,-0.01824264,-0.019840535,-0.008388951,-42.4625,-4.4125,-47.787502,sitting
2033976902500387,-0.14356937,-0.7375876,10.213763,0.08508793,-0.03581949,-0.0126500055,-42.45,-4.5,-47.662502,sitting
2033976922500387,0.019740786,-0.20578274,9.509675,0.20532957,-0.015579481,-0.04447476,-42.45,-4.5125003,-47.7125,sitting
2033976942500387,0.13938192,-0.11485548,9.303893,0.28522435,-0.031558435,-0.08069372,-42.4375,-4.525,-47.725002,sitting
2033976962500387,-0.19621146,-0.22013968,9.796814,0.21704747,-0.018775271,-0.11371689,-42.425,-4.475,-47.662502,sitting
2033976982500387,-0.47856453,-0.18664017,9.969097,0.09361004,0.037683703,-0.16484955,-42.4,-4.35,-47.625,sitting
2033977002500387,-0.4833502,-0.019142581,9.715458,0.068043716,0.02809633,-0.18722008,-42.3625,-4.2125,-47.7125,sitting
2033977022500387,-0.47377887,-0.0047856453,9.610174,0.098936364,-0.011318427,-0.15100113,-42.325,-4.1,-47.7,sitting
2033977042500387,-0.4019942,0.06699903,9.634102,0.08402267,-0.014514217,-0.0870853,-42.3375,-4.0750003,-47.787502,sitting
2033977062500387,-0.23928227,0.124426775,9.5048895,0.031824753,0.0067910557,-0.023302643,-42.325,-4.0375,-47.850002,sitting
2033977082500387,-0.2440679,0.07178468,9.433105,-0.00652474,0.016378429,0.021438431,-42.325,-4.05,-47.8375,sitting
2033977102500387,-0.4642076,0.043070808,9.600603,-0.074701615,0.009986847,0.017177377,-42.3625,-4.05,-47.8,sitting
2033977122500387,-0.4354937,-0.124426775,9.710672,-0.16844481,0.018508956,0.00652474,-42.350002,-4.1125,-47.8625,sitting
2033977142500387,-0.08075777,-0.80937225,10.079765,-0.22809958,0.017443692,0.03315633,-42.4,-4.3250003,-47.9625,sitting
2033977162500387,-0.07597212,-0.8333005,10.390832,-0.26751432,-0.009187899,0.042743705,-42.425,-4.5375,-47.8875,sitting
2033977182500387,-0.25842485,-0.71365935,9.969097,-0.25473118,-0.043276336,-0.027563697,-42.45,-4.7375,-47.912502,sitting
2033977202500387,-0.28713873,-0.69930243,9.677173,-0.12157321,-0.06245108,-0.07430214,-42.4375,-4.9375,-47.8375,sitting
2033977222500387,-0.13878371,-0.66101724,10.003195,-0.052331075,-0.04753739,-0.047670547,-42.475002,-5.15,-47.7375,sitting
2033977242500387,-0.148355,-0.87637126,9.964312,-0.086419515,-0.009187899,-0.029694224,-42.537502,-5.3,-47.7375,sitting
2033977262500387,-0.037686955,-1.16351,10.046266,-0.06617951,-0.021971062,-0.0519316,-42.5,-5.425,-47.7125,sitting
2033977282500387,0.10109676,-1.2400804,10.362119,-0.00652474,-0.021971062,-0.06897582,-42.537502,-5.4875,-47.662502,sitting
2033977302500387,-0.3062813,-0.32063824,10.2520485,0.08082688,0.017443692,-0.07749793,-42.537502,-5.475,-47.6375,sitting
2033977322500387,-0.80877405,0.2536392,9.155538,0.24794011,0.06751108,-0.08921583,-42.55,-5.3625,-47.7,sitting
2033977342500387,-0.5072784,-0.10049855,9.256036,0.35020542,0.062184766,-0.027563697,-42.537502,-5.25,-47.725002,sitting
2033977362500387,-0.32063824,-0.53659046,10.314262,0.1681785,0.035553172,0.06724477,-42.537502,-5.15,-47.75,sitting
2033977382500387,0.20638095,-0.9290134,10.37169,-0.03528686,3.9947388E-4,0.062983714,-42.525,-4.9500003,-47.9625,sitting
2033977402500387,0.07716853,-0.5844469,9.926026,0.049934234,-0.018775271,0.050200548,-42.5125,-4.7875,-47.9625,sitting
2033977422500387,0.5844469,-0.62751776,9.552746,0.2277001,0.016378429,0.03635212,-42.5125,-4.6375003,-47.9625,sitting
2033977442500387,0.3164508,-0.3595216,9.825528,0.27883276,0.06964161,0.025699485,-42.5125,-4.5125003,-48.0125,sitting
2033977462500387,-0.4642076,-0.047856454,9.930812,0.23728748,0.13355742,-0.063649505,-42.4875,-4.4625,-47.975002,sitting
2033977482500387,-1.0049855,0.36370903,9.696316,0.23515695,0.14847112,-0.17443693,-42.5,-4.5375,-47.9,sitting
2033977502500387,-1.0624132,0.79501534,9.184252,0.25113592,0.13675322,-0.17337166,-42.537502,-4.6625,-47.925,sitting
2033977522500387,-1.105484,1.1108679,8.79123,0.21811274,0.08775109,-0.07430214,-42.55,-4.7125,-47.9375,sitting
2033977542500387,-1.1970096,1.2831511,8.599805,0.06378266,0.02277001,0.00652474,-42.575,-4.8375,-47.875,sitting
2033977562500387,-1.0911272,0.9194421,8.800801,-0.20359851,-0.08695214,0.044874232,-42.5625,-4.9875,-47.925,sitting
2033977582500387,0.18723837,-0.8572287,10.390832,-0.5187834,-0.21997695,0.098137416,-42.600002,-5.1625,-48.025,sitting
2033977602500387,0.9194421,-2.815754,11.118849,-0.79894775,-0.26791382,0.17377113,-42.5875,-5.4,-48.0,sitting
2033977622500387,0.9242278,-2.2121646,11.573485,-0.8532762,-0.18056218,0.11198584,-42.6125,-5.6375003,-47.9625,sitting
2033977642500387,0.6227321,-1.6426728,9.993624,-0.4857602,-0.17097482,-0.10626005,-42.625,-5.8875003,-48.0125,sitting
2033977662500387,0.5940182,-1.015155,9.270393,0.09680583,-0.14966954,-0.19893798,-42.575,-6.0750003,-48.037502,sitting
2033977682500387,-0.44506502,-0.22013968,10.094122,0.35446647,0.06644582,-0.12863058,-42.5625,-6.3250003,-48.100002,sitting
2033977702500387,-1.230509,0.22013968,9.887741,0.32037804,0.36258912,-0.03395528,-42.525,-6.5625,-48.0875,sitting
2033977722500387,-0.7848458,0.27756742,9.212965,0.30226856,0.38282913,0.019307904,-42.5625,-6.675,-48.15,sitting
2033977742500387,-0.95712906,0.023928227,9.452248,0.17763272,0.031292118,-0.0019973693,-42.525,-6.7000003,-48.0875,sitting
2033977762500387,-0.26799613,-1.0725827,10.199407,-0.015046849,-0.090147935,-0.055127393,-42.5,-6.525,-48.0875,sitting
2033977782500387,-0.07597212,-1.1587243,10.826326,-0.11092058,-0.057124764,0.050200548,-42.475002,-6.1875,-48.1875,sitting
2033977802500387,-0.08075777,-0.7375876,10.232906,-0.022503695,0.009986847,0.118377425,-42.475002,-5.85,-48.1875,sitting
2033977822500387,0.1680958,-0.33020952,9.433105,0.22876537,0.009986847,0.118377425,-42.537502,-5.5375,-48.100002,sitting
2033977842500387,0.1585245,-0.033499517,9.480962,0.35127068,-0.008122635,0.10346373,-42.5625,-5.225,-47.9875,sitting
2033977862500387,-0.09990034,0.22971097,9.5048895,0.25859275,0.03448791,0.017177377,-42.55,-4.9875,-48.025,sitting
2033977882500387,-0.6939186,0.43070808,9.275179,0.15752587,0.056858446,-0.093476884,-42.4875,-4.8875003,-47.975002,sitting
2033977902500387,-1.1246266,0.4833502,9.265608,0.09361004,0.03448791,-0.15952323,-42.5125,-4.85,-48.0,sitting
2033977922500387,-0.8662018,0.23449662,9.543175,-0.027830012,-0.002796317,-0.107325315,-42.5125,-4.9500003,-48.037502,sitting
2033977942500387,-0.24885355,-0.0,9.681958,-0.16737954,-0.028362645,0.038482647,-42.537502,-5.175,-48.025,sitting
2033977962500387,-0.008973085,-0.17228323,9.58146,-0.2536659,-0.07629951,0.12050795,-42.5125,-5.3250003,-48.162502,sitting
2033977982500387,0.1585245,-0.9385847,10.04148,-0.2952112,-0.1038632,0.08215846,-42.4625,-5.5,-48.25,sitting
2033978002500387,0.05802595,-1.3501502,10.577473,-0.34314805,-0.060320552,0.03315633,-42.425,-5.6625,-48.287502,sitting
2033978022500387,-0.052043892,-1.015155,10.491331,-0.33675647,-0.023036325,-0.0105194785,-42.4375,-5.8125,-48.275,sitting
2033978042500387,-0.27756742,-0.6466603,9.701101,-0.13222586,0.002530001,-0.020106852,-42.4875,-5.9125,-48.3125,sitting
2033978062500387,-0.526421,-0.3930211,9.662816,0.10106689,0.03981423,0.01824264,-42.475002,-6.0125003,-48.2625,sitting
2033978082500387,-0.5886344,-0.42652065,9.959526,0.09361004,0.0611195,0.016112113,-42.5,-6.125,-48.1875,sitting
2033978102500387,-0.19621146,-0.933799,10.079765,-1.3315796E-4,0.0046605286,-0.0126500055,-42.4875,-6.2000003,-48.1375,sitting
2033978122500387,-0.061615184,-0.81894356,10.1802635,-0.0011984216,-0.06458161,-0.015845796,-42.537502,-6.2125,-48.075,sitting
2033978142500387,-0.3397808,-0.4456632,9.882956,0.06910898,-0.0677774,-0.03914844,-42.525,-6.15,-47.9625,sitting
2033978162500387,-0.19621146,-0.3397808,9.710672,0.16604798,-0.033688962,-0.054062128,-42.537502,-6.0625,-47.9875,sitting
2033978182500387,-0.071186475,-0.13878371,9.753743,0.1893506,-0.009187899,-0.009454215,-42.525,-5.8625,-47.9875,sitting
2033978202500387,-0.27756742,0.062213387,9.428319,0.15539533,0.0046605286,0.008655267,-42.5125,-5.625,-47.975002,sitting
2033978222500387,-0.30149564,0.033499517,9.399606,0.13728586,0.0014647375,-0.017976323,-42.525,-5.4500003,-48.0625,sitting
2033978242500387,-0.3589234,0.023928227,9.677173,0.07443529,0.032357384,0.003328949,-42.4875,-5.25,-48.075,sitting
2033978262500387,-0.43070808,-0.1052842,9.715458,-0.027830012,0.0494016,0.022503695,-42.4875,-5.0750003,-48.075,sitting
2033978282500387,-0.29192436,-0.27756742,9.701101,-0.07896267,0.016378429,0.00972053,-42.4,-4.9625,-47.912502,sitting
2033978302500387,-0.09032906,-0.3397808,9.806385,-0.10452899,-0.015579481,0.020373167,-42.4,-4.9125,-47.9625,sitting
2033978322500387,-0.23928227,-0.32063824,9.758529,-0.13116059,0.0067910557,0.037417386,-42.4,-4.9125,-47.975002,sitting
2033978342500387,-0.41156548,-0.50787663,9.91167,-0.1364869,0.014247901,0.010785795,-42.4375,-5.0125003,-47.8125,sitting
2033978362500387,-0.31585258,-0.63230336,10.146765,-0.15566164,3.9947388E-4,-0.0105194785,-42.4625,-5.175,-47.775,sitting
2033978382500387,-0.28235307,-0.79501534,9.978668,-0.15779218,-0.014514217,-0.006258424,-42.475002,-5.2875,-47.7125,sitting
2033978402500387,-0.29192436,-0.8237292,9.978668,-0.098137416,-0.049667917,-0.014780533,-42.5125,-5.4,-47.6875,sitting
2033978422500387,-0.19621146,-0.651446,10.031909,-0.04807002,-0.04860265,-0.023302643,-42.5125,-5.55,-47.6375,sitting
2033978442500387,-0.11964113,-0.46002015,9.69153,-0.008655267,-0.043276336,-0.031824753,-42.5625,-5.6875,-47.6375,sitting
2033978462500387,-0.24885355,-0.25842485,9.629316,0.02862896,-0.08162583,-0.07856319,-42.5875,-5.775,-47.600002,sitting
2033978482500387,-0.4019942,-0.15792629,9.7681,-0.010785795,-0.10173268,-0.14567481,-42.6125,-5.8,-47.55,sitting
2033978502500387,-0.5168497,-0.22013968,9.725029,-0.08002793,-0.10279794,-0.1691106,-42.575,-5.7375,-47.65,sitting
2033978522500387,-0.4211368,-0.43130627,9.825528,-0.12050795,-0.12836426,-0.13715269,-42.5125,-5.675,-47.625,sitting
2033978542500387,-0.08554341,-0.7615158,9.959526,-0.14607428,-0.14647375,-0.054062128,-42.4875,-5.5375,-47.625,sitting
2033978562500387,0.2638087,-0.9529416,9.964312,-0.1482048,-0.14540848,0.03528686,-42.4625,-5.425,-47.675,sitting
2033978582500387,0.56530434,-1.0486546,9.84467,-0.09707215,-0.120907426,0.074701615,-42.475002,-5.3,-47.787502,sitting
2033978602500387,0.85244304,-1.1491531,9.677173,-0.00972053,-0.05925529,0.07896267,-42.475002,-5.1375003,-47.912502,sitting
2033978622500387,1.1449656,-1.2640085,9.725029,0.077631086,0.07390267,0.105594255,-42.4875,-5.05,-47.975002,sitting
2033978642500387,0.2015953,-0.84765744,10.237692,0.17030902,0.27949855,0.12583427,-42.4625,-5.025,-48.0125,sitting
2033978662500387,-1.5176477,0.2632105,10.213763,0.27137592,0.48496127,0.057657395,-42.55,-5.05,-47.9875,sitting
2033978682500387,-1.3405789,0.47377887,8.978469,0.3448791,0.54461604,-0.013715269,-42.625,-5.025,-47.9375,sitting
2033978702500387,-1.4315062,0.2632105,9.399606,0.23409168,0.14207953,-0.03914844,-42.6875,-5.0,-47.875,sitting
2033978722500387,-0.12921242,-0.9242278,10.07498,-0.039547913,-0.08695214,-0.06897582,-42.7625,-5.0125003,-47.7625,sitting
2033978742500387,0.61794645,-1.2400804,10.496117,-0.19720693,-0.1155811,0.05339634,-42.8125,-4.9875,-47.662502,sitting
2033978762500387,-0.29192436,-0.61794645,10.15155,-0.1364869,-0.0912132,0.07150582,-42.850002,-4.9875,-47.600002,sitting
2033978782500387,-0.43070808,-0.16271193,9.480962,0.08295741,-0.010253162,-0.020106852,-42.912502,-4.925,-47.537502,sitting
2033978802500387,-0.3062813,0.16271193,9.375677,0.20319904,0.033422645,0.026764749,-42.912502,-4.9,-47.537502,sitting
2033978822500387,-0.6364908,0.13399807,9.327821,0.10426268,0.016378429,0.045939494,-42.8125,-4.875,-47.6125,sitting
2033978842500387,-0.43070808,-0.38344982,9.748958,-0.04061318,-0.025166854,-0.029694224,-42.725002,-4.9,-47.7125,sitting
2033978862500387,-0.061615184,-0.76630145,10.30469,-0.16418377,-0.049667917,-0.020106852,-42.600002,-5.0125003,-47.775,sitting
2033978882500387,-0.17228323,-0.68494546,9.988838,-0.20892483,-0.054994237,-0.0030626329,-42.4875,-5.0875,-47.9375,sitting
2033978902500387,-0.2440679,-0.48873404,9.629316,-0.13222586,-0.12729901,-0.08921583,-42.425,-5.1625,-48.0125,sitting
2033978922500387,-0.23449662,-0.35473597,9.7298155,-0.07896267,-0.15606113,-0.13502216,-42.3875,-5.225,-48.2,sitting
2033978942500387,-0.2536392,-0.4743771,9.744172,-0.10879005,-0.107058994,-0.10093373,-42.3125,-5.35,-48.275,sitting
2033978962500387,-0.17706887,-0.6801598,9.815957,-0.117312156,-0.04860265,-0.02543317,-42.287502,-5.4125,-48.325,sitting
2033978982500387,-0.071186475,-0.7710871,9.940384,-0.11198584,-0.005992108,0.052331075,-42.25,-5.4500003,-48.275,sitting
2033979002500387,-0.2105684,-0.90508515,9.935597,-0.10452899,0.005725792,0.06937529,-42.25,-5.475,-48.275,sitting
2033979022500387,-0.30149564,-0.9529416,10.07498,-0.07576688,-0.015579481,0.025699485,-42.287502,-5.375,-48.287502,sitting
2033979042500387,-0.14356937,-0.8859426,10.065409,-0.04061318,-0.021971062,-0.0030626329,-42.287502,-5.275,-48.175,sitting
2033979062500387,0.024526432,-0.7328019,9.772886,0.021172116,-0.0326237,-0.0073236874,-42.287502,-5.2375,-48.175,sitting
2033979082500387,0.07716853,-0.5988039,9.638887,0.08721846,-0.04753739,-0.02543317,-42.287502,-5.225,-48.0625,sitting
2033979102500387,0.11545369,-0.5605187,9.725029,0.09361004,-0.028362645,-0.059388448,-42.3,-5.1375003,-48.125,sitting
2033979122500387,0.14895321,-0.80937225,9.811171,0.07230477,0.037683703,-0.059388448,-42.3625,-5.05,-48.125,sitting
2033979142500387,-0.16271193,-0.75673014,10.18505,0.09361004,0.1314269,-0.013715269,-42.425,-4.9625,-48.175,sitting
2033979162500387,-0.6939186,-0.09571291,10.022338,0.16391744,0.25073642,0.04700476,-42.5,-4.875,-48.2375,sitting
2033979182500387,-0.8279166,0.2632105,9.179466,0.23835275,0.26671538,0.05872266,-42.475002,-4.8625,-48.325,sitting
2033979202500387,-0.66041905,-0.06699903,9.337392,0.19574219,0.0845553,0.00652474,-42.5,-4.8250003,-48.45,sitting
2033979222500387,0.04366901,-0.785444,10.098908,-0.00972053,-0.04753739,-0.02862896,-42.4875,-4.8,-48.5875,sitting
2033979242500387,-0.028115666,-0.81894356,10.256834,-0.15885743,-0.026232118,0.013981585,-42.5,-4.725,-48.675,sitting
2033979262500387,-0.35413775,-0.39780676,9.782457,-0.085354246,0.030226856,0.020373167,-42.525,-4.725,-48.65,sitting
2033979282500387,-0.47377887,-0.15792629,9.461819,0.06378266,0.05472792,0.010785795,-42.4875,-4.7125,-48.5625,sitting
2033979302500387,-0.6795616,-0.16271193,9.701101,0.066978455,0.038748965,0.024634222,-42.525,-4.7875,-48.55,sitting
2033979322500387,-0.66041905,-0.38344982,9.959526,-0.044874232,0.02277001,0.015046849,-42.5,-4.9,-48.55,sitting
2033979342500387,-0.40677986,-0.66101724,9.998409,-0.1130511,-0.02410159,0.015046849,-42.4875,-4.9875,-48.412502,sitting
2033979362500387,-0.11485548,-0.78065836,9.921241,-0.11092058,-0.0912132,0.026764749,-42.5125,-5.1125,-48.350002,sitting
2033979382500387,-0.0041874396,-0.6801598,9.839885,-0.08748478,-0.14008217,0.008655267,-42.537502,-5.2125,-48.2125,sitting
2033979402500387,-0.05682954,-0.5940182,9.7298155,-0.05659213,-0.13156006,-0.02862896,-42.475002,-5.3125,-48.175,sitting
2033979422500387,-0.13878371,-0.60837513,9.792028,-0.02996054,-0.08908267,-0.048735812,-42.4,-5.4,-48.1125,sitting
2033979442500387,-0.19142582,-0.60358953,9.892527,-0.023568958,-0.034754228,-0.046605285,-42.3625,-5.4500003,-48.2125,sitting
2033979462500387,-0.22013968,-0.57487565,9.839885,-0.020373167,-0.005992108,-0.043409493,-42.287502,-5.475,-48.1875,sitting
2033979482500387,-0.18664017,-0.60837513,9.796814,9.321057E-4,-0.0038615807,-0.040213704,-42.2625,-5.425,-48.1875,sitting
2033979502500387,-0.061615184,-0.6897311,9.882956,0.021172116,0.0067910557,-0.01691106,-42.3,-5.4375,-48.287502,sitting
2033979522500387,-0.15314065,-0.651446,9.935597,0.038216334,0.053662658,0.023568958,-42.275,-5.3875003,-48.275,sitting
2033979542500387,-0.3589234,-0.36430725,9.796814,0.06910898,0.08668583,0.022503695,-42.2375,-5.2875,-48.2125,sitting
2033979562500387,-0.28713873,-0.29192436,9.595817,0.0946753,0.07709846,0.0022636852,-42.25,-5.2125,-48.15,sitting
2033979582500387,-0.28235307,-0.3930211,9.720243,0.08721846,0.07496793,0.031025803,-42.287502,-5.1125,-48.2125,sitting
2033979602500387,-0.4211368,-0.4648058,9.902099,0.03395528,0.092012145,0.051265813,-42.287502,-5.0625,-48.15,sitting
2033979622500387,-0.46899325,-0.5270192,9.887741,-0.00652474,0.08988162,0.028895276,-42.3125,-5.0,-48.1875,sitting
2033979642500387,-0.5312066,-0.49351966,9.887741,0.0030626329,0.06644582,0.022503695,-42.3125,-4.9625,-48.15,sitting
2033979662500387,-0.5694918,-0.4552345,9.873384,0.015845796,0.044075284,0.024634222,-42.3375,-4.925,-48.075,sitting
2033979682500387,-0.4546363,-0.41694933,9.815957,0.014780533,0.0035952649,0.010785795,-42.3375,-4.9375,-48.075,sitting
2033979702500387,-0.31585258,-0.36909288,9.7681,0.0105194785,-0.04860265,-0.0019973693,-42.350002,-4.9625,-48.1875,sitting
2033979722500387,-0.41635114,-0.22971097,9.715458,0.0019973693,-0.06671213,-0.0030626329,-42.3375,-5.0625,-48.162502,sitting
2033979742500387,-0.41635114,-0.22971097,9.69153,-0.015046849,-0.06245108,-0.019041587,-42.3,-5.1125,-48.162502,sitting
2033979762500387,-0.35413775,-0.32063824,9.748958,-0.06511424,-0.09653952,-0.04447476,-42.275,-5.1625,-48.2375,sitting
2033979782500387,-0.31585258,-0.49830532,9.7681,-0.13116059,-0.14114743,-0.06684529,-42.225002,-5.1875,-48.275,sitting
2033979802500387,-0.29671,-0.6227321,9.916455,-0.17803219,-0.15819165,-0.06791056,-42.1875,-5.2125,-48.3,sitting
2033979822500387,-0.25842485,-0.69930243,9.945169,-0.20040272,-0.15819165,-0.06684529,-42.125,-5.2375,-48.3125,sitting
2033979842500387,-0.124426775,-0.7902297,9.902099,-0.19933745,-0.19973694,-0.08921583,-42.100002,-5.2375,-48.4,sitting
2033979862500387,0.22552353,-0.9912268,9.806385,-0.17270587,-0.22636852,-0.08602004,-42.075,-5.25,-48.287502,sitting
2033979882500387,0.7375876,-1.2783655,9.815957,-0.13009532,-0.20080219,-0.031824753,-42.0875,-5.2000003,-48.287502,sitting
2033979902500387,1.1114662,-1.4943178,9.787243,-0.050200548,-0.08588688,0.045939494,-42.125,-5.2000003,-48.287502,sitting
2033979922500387,0.9290134,-1.4321043,9.873384,0.06910898,0.094142675,0.08002793,-42.162502,-5.1875,-48.2625,sitting
2033979942500387,-0.22971097,-0.9098708,10.486546,0.21385168,0.31571752,0.04700476,-42.2625,-5.175,-48.2375,sitting
2033979962500387,-1.4267205,0.29671,10.189836,0.3683149,0.5254413,0.016112113,-42.325,-5.1625,-48.275,sitting
2033979982500387,-1.3453646,0.7088737,8.595019,0.49614653,0.5659213,0.052331075,-42.425,-5.0625,-48.275,sitting
2033980002500387,-1.9244276,0.5982057,9.208179,0.37151068,0.15166691,0.012916322,-42.4875,-4.9875,-48.175,sitting
2033980022500387,0.024526432,-0.85244304,10.18505,-0.034221593,-0.12303795,-0.1105211,-42.5875,-4.9,-48.125,sitting
2033980042500387,0.9774681,-1.2209377,10.309476,-0.28455856,-0.2125201,0.017177377,-42.65,-4.8250003,-48.0125,sitting
2033980062500387,-0.2105684,-0.651446,9.892527,-0.21531641,-0.17949693,0.034221593,-42.7125,-4.75,-47.8625,sitting
2033980082500387,-0.57427746,-0.19142582,9.6580305,-0.003328949,-0.06245108,-0.11158637,-42.7625,-4.6375003,-47.8,sitting
2033980102500387,-0.16271193,-0.2727818,9.557532,0.08508793,0.032357384,-0.03701791,-42.7375,-4.55,-47.7375,sitting
2033980122500387,-0.4977071,-0.3786642,9.772886,0.014780533,0.002530001,0.049135286,-42.7125,-4.5375,-47.7125,sitting
2033980142500387,-0.4977071,-0.4408776,9.964312,-0.085354246,-0.037950017,-0.04447476,-42.6125,-4.675,-47.6875,sitting
2033980162500387,-0.2105684,-0.5461618,9.825528,-0.13222586,-0.0677774,-0.08815057,-42.5125,-4.85,-47.875,sitting
2033980182500387,0.10109676,-0.7710871,9.734601,-0.12263848,-0.12516847,-0.047670547,-42.412502,-4.9875,-48.025,sitting
2033980202500387,0.2973082,-0.98644114,9.882956,-0.09707215,-0.10492847,0.012916322,-42.3625,-5.1,-48.3,sitting
2033980222500387,0.14895321,-1.0486546,10.036695,-0.060853187,-0.0038615807,0.060853187,-42.2625,-5.175,-48.55,sitting
2033980242500387,-0.2727818,-0.80937225,10.137193,0.024367906,0.11331742,0.07150582,-42.225002,-5.3375,-48.7375,sitting
2033980262500387,-0.49292147,-0.36430725,9.882956,0.14367743,0.21132168,0.09281109,-42.175,-5.4625,-48.9,sitting
2033980282500387,-0.6556334,-0.10049855,9.433105,0.22343905,0.23475747,0.13116059,-42.15,-5.4625,-48.95,sitting
2033980302500387,-1.0241281,-0.13399807,9.7298155,0.1808285,0.13675322,0.08215846,-42.1875,-5.4,-48.9375,sitting
2033980322500387,-0.41635114,-0.5940182,10.003195,0.02862896,0.012117374,-0.020106852,-42.2625,-5.2875,-48.825,sitting
2033980342500387,0.19202402,-0.6801598,9.993624,-0.060853187,-0.090147935,-0.013715269,-42.3125,-5.2375,-48.7375,sitting
2033980362500387,-0.29192436,-0.25842485,9.629316,0.5728455,-0.04860265,-0.043409493,-42.3375,-5.2125,-48.600002,sitting
2033980382500387,-0.3589234,-0.20578274,9.495318,0.08082688,0.07816372,-0.18828535,-42.375,-5.1875,-48.45,sitting
2033980402500387,-0.34456646,-0.3499503,9.830314,-0.116246894,0.08349004,-0.16484955,-42.4,-5.1,-48.375,sitting
2033980422500387,-0.45942193,-0.45044887,9.897313,-0.19081534,-0.03581949,0.020373167,-42.412502,-5.0125003,-48.275,sitting
2033980442500387,-0.30149564,-0.47916272,9.796814,-0.2952112,-0.09547425,0.0896153,-42.412502,-5.0375,-48.1875,sitting
2033980462500387,-0.21535404,-0.48873404,9.772886,-0.32290804,-0.07203846,0.003328949,-42.412502,-5.05,-48.350002,sitting
2033980482500387,-0.31106696,-0.503091,9.815957,-0.28668907,0.00785632,-0.07643267,-42.3875,-5.0750003,-48.425,sitting
2033980502500387,-0.29192436,-0.52223355,9.820743,-0.15246587,0.08988162,-0.03395528,-42.3375,-5.1125,-48.4375,sitting
2033985482500387,-0.22492532,-0.69930243,9.8015995,-0.01824264,0.07390267,0.04807002,-42.325,-5.125,-48.537502,sitting
2033985502500387,0.014955142,-0.9385847,9.949955,-0.0011984216,0.04301002,0.022503695,-42.3125,-5.1,-48.65,sitting
2033985522500387,0.22552353,-1.1539388,9.988838,-0.017177377,0.009986847,-0.026498433,-42.287502,-5.0875,-48.6875,sitting
2033985542500387,0.005383851,-1.0725827,10.122836,-0.038482647,-0.031558435,-0.0051931604,-42.275,-5.0375,-48.7,sitting
2033985562500387,-0.65084773,-0.42652065,10.141979,-0.024634222,-0.045406863,0.025699485,-42.25,-4.975,-48.8,sitting
2033985582500387,-0.7704889,0.0047856453,9.485747,0.039281595,-0.03581949,0.00652474,-42.25,-4.9,-48.775,sitting
2033985602500387,-0.59342,-0.047856454,9.413962,0.05526055,-0.010253162,-0.0126500055,-42.25,-4.8375,-48.7125,sitting
2033985622500387,-0.2105684,-0.3930211,9.887741,-0.015046849,0.024900537,0.011851058,-42.25,-4.725,-48.825,sitting
2033985642500387,-0.01375873,-0.6658029,9.949955,-0.10026794,0.0259658,0.044874232,-42.2125,-4.6625,-48.825,sitting
2033985662500387,-0.2727818,-0.4121637,9.815957,-0.13755217,0.0014647375,0.04807002,-42.2125,-4.6625,-48.7125,sitting
2033985682500387,-0.3589234,-0.2105684,9.643674,-0.1396827,-0.023036325,0.0011984216,-42.15,-4.625,-48.6375,sitting
2033985702500387,-0.38763726,-0.2632105,9.591031,-0.0896153,-0.0326237,-0.04554002,-42.162502,-4.6875,-48.6875,sitting
2033985722500387,-0.3062813,-0.4552345,9.835099,0.02862896,-0.02410159,-0.03914844,-42.175,-4.65,-48.6875,sitting
2033985742500387,-0.2727818,-0.52223355,9.949955,0.14900376,0.01105211,0.0075900033,-42.1875,-4.65,-48.7,sitting
2033985762500387,-0.3062813,-0.49351966,9.796814,0.25859275,0.0494016,0.049135286,-42.15,-4.6125,-48.6875,sitting
2033985782500387,-0.24885355,-0.43609193,9.739387,0.33103067,0.024900537,0.04061318,-42.1375,-4.5875,-48.6375,sitting
2033985802500387,-0.3589234,-0.37387854,9.782457,0.23835275,-0.013448954,0.008655267,-42.125,-4.6125,-48.675,sitting
2033985822500387,-0.40677986,-0.3930211,9.787243,0.021172116,0.016378429,-0.015845796,-42.15,-4.6,-48.725002,sitting
2033985842500387,-0.3397808,-0.53659046,9.772886,-0.10026794,0.00785632,0.011851058,-42.2,-4.625,-48.787502,sitting
2033985862500387,-0.2536392,-0.8380861,9.949955,-0.06831003,-0.051798444,0.027830012,-42.225002,-4.6125,-48.787502,sitting
2033985882500387,-0.13399807,-1.0725827,10.18505,0.03395528,-0.051798444,0.0043942127,-42.2625,-4.5750003,-48.725002,sitting
2033985902500387,-0.22492532,-0.9625129,10.146765,0.077631086,-0.01238369,0.015046849,-42.2625,-4.5625,-48.6875,sitting
2033985922500387,-0.2632105,-0.6466603,9.940384,-0.003328949,0.01957422,0.0043942127,-42.2625,-4.625,-48.662502,sitting
2033985942500387,-0.35413775,-0.16271193,9.667602,-0.116246894,0.021704746,-0.014780533,-42.3,-4.6875,-48.662502,sitting
2033985962500387,-0.44985065,0.043070808,9.380463,-0.21318589,0.014247901,0.0043942127,-42.350002,-4.65,-48.662502,sitting
2033985982500387,-0.3397808,-0.17706887,9.58146,-0.30905962,0.029161593,-0.0030626329,-42.325,-4.65,-48.662502,sitting
2033986002500387,-0.14356937,-0.5940182,9.930812,-0.3442133,0.008921583,0.012916322,-42.275,-4.65,-48.662502,sitting
2033986022500387,-0.2727818,-0.51266223,10.036695,-0.33036488,-0.045406863,0.04167844,-42.275,-4.6375003,-48.55,sitting
2033986042500387,-0.34456646,-0.31106696,9.701101,-0.23981747,-0.07629951,0.028895276,-42.25,-4.7000003,-48.537502,sitting
2033986062500387,-0.38285163,-0.20578274,9.557532,-0.08855004,-0.069907926,-0.021172116,-42.225002,-4.7375,-48.55,sitting
2033986082500387,-0.38285163,-0.22492532,9.677173,0.024367906,0.0035952649,-0.03914844,-42.2125,-4.6625,-48.55,sitting
2033986102500387,-0.41156548,-0.34516466,9.787243,0.1447427,0.09520794,1.3315796E-4,-42.2,-4.65,-48.475002,sitting
2033986122500387,-0.4546363,-0.3786642,9.859028,0.33209595,0.13888375,0.017177377,-42.15,-4.625,-48.45,sitting
2033986142500387,-0.37806597,-0.41694933,9.748958,0.5036034,0.09840373,-0.015845796,-42.15,-4.6125,-48.425,sitting
2033986162500387,-0.34456646,-0.5988039,9.782457,0.51958233,-0.06671213,-0.023302643,-42.15,-4.625,-48.3875,sitting
2033986182500387,-0.32542387,-0.9290134,10.036695,0.28415906,-0.15073481,0.023568958,-42.125,-4.6125,-48.412502,sitting
2033986202500387,0.048454657,-1.3645071,10.199407,-0.07150582,-0.04753739,0.037417386,-42.125,-4.625,-48.475002,sitting
2033986222500387,0.5174479,-1.5038891,10.1802635,-0.23023011,0.0035952649,0.019307904,-42.0875,-4.6125,-48.425,sitting
2033986242500387,0.6418747,-1.4033905,9.887741,-0.13329111,0.009986847,-0.03701791,-42.1375,-4.5875,-48.5125,sitting
2033986262500387,0.26859435,-1.0582259,9.993624,0.023302643,0.008921583,-0.02223738,-42.1375,-4.55,-48.5625,sitting
2033986282500387,-1.0097711,0.11485548,10.290334,0.03395528,0.00785632,0.024634222,-42.15,-4.5375,-48.55,sitting
2033986302500387,-0.971486,0.6939186,8.810373,-0.06724477,0.0259658,-0.0073236874,-42.175,-4.5375,-48.55,sitting
2033986322500387,-0.72741807,0.32542387,8.85823,-0.14394376,0.03448791,-0.014780533,-42.2125,-4.55,-48.5875,sitting
2033986342500387,-0.27756742,-0.6658029,10.089336,-0.17377113,0.021704746,1.3315796E-4,-42.25,-4.5750003,-48.662502,sitting
2033986362500387,0.25902304,-1.2257234,10.553544,-0.14074796,-0.0070573715,-0.011584742,-42.275,-4.55,-48.662502,sitting
2033986382500387,-0.3397808,-0.53659046,10.118051,-0.06937529,-0.015579481,-0.019041587,-42.3375,-4.5,-48.7125,sitting
2033986402500387,-0.6029913,0.033499517,9.270393,-0.032091066,0.01957422,-0.008388951,-42.3,-4.5,-48.6875,sitting
2033986422500387,-0.4211368,-0.023928227,9.375677,-0.034221593,0.05472792,0.00652474,-42.3125,-4.5125003,-48.7,sitting
2033986442500387,-0.6029913,-0.13878371,9.863813,-0.049135286,0.052597392,0.015046849,-42.275,-4.525,-48.7125,sitting
2033986462500387,-0.5694918,-0.3930211,9.820743,-0.044874232,0.014247901,0.020373167,-42.225002,-4.5125003,-48.725002,sitting
2033986482500387,-0.4019942,-0.6131608,9.887741,0.01691106,-0.029427908,0.022503695,-42.2,-4.375,-48.825,sitting
2033986502500387,-0.16749759,-0.9816555,9.973883,0.11917637,-0.049667917,0.012916322,-42.100002,-4.2625003,-48.850002,sitting
2033986522500387,0.1058824,-1.3842479,10.051051,0.20852536,-0.04114581,0.0022636852,-42.037502,-4.1625,-48.787502,sitting
2033986542500387,0.38823548,-1.5182459,10.228121,0.22024326,-0.020905798,0.0022636852,-41.95,-3.9875,-48.7625,sitting
2033986562500387,0.5605187,-1.3842479,10.036695,0.12876374,-0.011318427,0.00972053,-41.912502,-3.8875,-48.8,sitting
2033986582500387,0.6466603,-1.1491531,9.696316,0.0041278964,-0.013448954,0.0054594763,-41.8625,-3.75,-48.8125,sitting
2033986602500387,0.33559337,-0.6227321,9.792028,-0.043808967,-0.021971062,-0.015845796,-41.912502,-3.7,-48.787502,sitting
2033986622500387,-1.2687942,0.2727818,10.060623,-0.0022636852,-0.025166854,-0.013715269,-41.9625,-3.6000001,-48.825,sitting
2033986642500387,-1.2257234,0.5886344,9.055039,0.039281595,-0.017710008,-9.321057E-4,-41.975002,-3.6000001,-48.625,sitting
2033986662500387,-0.5312066,0.014356935,9.193823,-0.0054594763,0.013182637,1.3315796E-4,-42.025,-3.6000001,-48.5,sitting
2033986682500387,-0.17706887,-0.72323066,10.094122,-0.098137416,0.04620581,0.003328949,-42.0875,-3.575,-48.4375,sitting
2033986702500387,0.18245272,-1.082154,10.275977,-0.21318589,0.08135951,0.010785795,-42.0875,-3.625,-48.325,sitting
2033986722500387,-0.12921242,-0.637089,9.978668,-0.3271691,0.1079911,0.04061318,-42.100002,-3.6625001,-48.1875,sitting
2033986742500387,-0.5455636,-0.124426775,9.528818,-0.36338806,0.062184766,0.09920268,-42.100002,-3.6625001,-48.1125,sitting
2033986762500387,-0.6029913,-0.086141616,9.490533,-0.35167015,-0.005992108,0.1396827,-42.0625,-3.6125,-48.0625,sitting
2033986782500387,-0.6364908,-0.17706887,9.825528,-0.24301326,-0.07629951,0.10346373,-41.9875,-3.575,-47.975002,sitting
2033986802500387,-0.46899325,-0.58923256,9.830314,0.077631086,-0.14647375,-0.017976323,-41.975002,-3.5375001,-47.9375,sitting
2033986822500387,-0.08554341,-1.0295119,10.00798,0.42583913,-0.11451584,-0.12863058,-42.0125,-3.5125,-47.9375,sitting
2033986842500387,0.12502499,-1.3070793,10.132407,0.5568666,0.04620581,-0.12969585,-41.975002,-3.4875,-48.0,sitting
2033986862500387,0.1585245,-1.230509,10.15155,0.53982234,0.119709,-0.0105194785,-41.9875,-3.4125001,-48.0,sitting
2033986882500387,-0.047258247,-0.89072824,9.945169,0.35446647,-0.026232118,0.084288985,-42.025,-3.3125,-48.0,sitting
2033986902500387,-0.35413775,-0.4408776,9.806385,-0.044874232,-0.06351634,0.003328949,-42.025,-3.2625,-47.9625,sitting
2033986922500387,-0.45942193,-0.033499517,9.629316,-0.3175817,-0.010253162,-0.05725792,-42.0125,-3.25,-48.0125,sitting
2033986942500387,-0.44506502,0.014356935,9.346964,-0.221708,0.0046605286,-0.030759487,-42.05,-3.2125,-47.975002,sitting
2033986962500387,-0.40677986,-0.36909288,9.638887,0.017976323,-0.01238369,-0.021172116,-42.037502,-3.125,-48.0125,sitting
2033986982500387,-0.18664017,-0.718445,10.1084795,0.086153194,0.017443692,0.012916322,-42.025,-3.075,-47.9875,sitting
2033987002500387,-0.24885355,-0.6562316,10.022338,-0.028895276,0.06538056,0.03528686,-42.05,-3.1125,-47.95,sitting
2033987022500387,-0.31106696,-0.39780676,9.672387,-0.16205323,0.0962732,0.00972053,-42.0875,-3.1625001,-47.95,sitting
2033987042500387,-0.38285163,-0.26799613,9.605389,-0.23449115,0.080294244,-0.009454215,-42.05,-3.2125,-47.95,sitting
2033987062500387,-0.44027936,-0.29671,9.753743,-0.24088274,0.02277001,0.012916322,-42.025,-3.2625,-48.0,sitting
2033987082500387,-0.44506502,-0.38344982,9.8015995,-0.1716406,-0.04753739,0.043808967,-42.037502,-3.2375,-47.912502,sitting
2033987102500387,-0.43070808,-0.49830532,9.8015995,-0.028895276,-0.07629951,0.04700476,-42.025,-3.2625,-47.9625,sitting
2033987122500387,-0.3493521,-0.637089,9.892527,0.13728586,-0.033688962,0.011851058,-42.025,-3.3625,-48.0125,sitting
2033987142500387,-0.20578274,-0.8428718,9.926026,0.26178855,0.016378429,-0.014780533,-42.0125,-3.3625,-48.0625,sitting
2033987162500387,-0.11485548,-0.98644114,9.978668,0.27563697,0.0067910557,0.013981585,-41.9875,-3.325,-48.0,sitting
2033987182500387,-0.028115666,-0.9912268,9.978668,0.17656745,-0.046472125,0.017177377,-41.9875,-3.325,-48.0125,sitting
2033987202500387,0.12023934,-0.90029955,9.892527,0.04886897,-0.07310372,-0.024367906,-41.975002,-3.3500001,-48.0875,sitting
2033987222500387,0.2015953,-0.8141579,9.734601,-0.042743705,-0.031558435,-0.031824753,-42.0125,-3.3,-48.037502,sitting
2033987242500387,-0.11485548,-0.6466603,9.916455,-0.044874232,0.01957422,-0.0030626329,-42.0125,-3.25,-48.0625,sitting
2033987262500387,-0.6029913,-0.25842485,9.949955,0.0051931604,0.016378429,0.00972053,-41.9875,-3.2625,-48.05,sitting
2033987282500387,-0.63170516,0.02871387,9.514461,-1.3315796E-4,0.013182637,0.003328949,-42.0125,-3.2250001,-47.95,sitting
2033987302500387,-0.5024927,-0.062213387,9.390035,-0.07044056,0.041944757,0.0043942127,-42.0625,-3.2,-47.95,sitting
2033987322500387,-0.30149564,-0.503091,9.796814,-0.14394376,0.06857634,0.008655267,-42.05,-3.2625,-48.0,sitting
2033987342500387,-0.15792629,-0.75673014,10.113265,-0.19081534,0.06751108,0.003328949,-42.037502,-3.2625,-47.975002,sitting
2033987362500387,-0.27756742,-0.60358953,9.945169,-0.21318589,0.045140546,0.010785795,-42.0875,-3.2625,-47.850002,sitting
2033987382500387,-0.38285163,-0.34516466,9.672387,-0.19188061,0.0067910557,0.04061318,-42.125,-3.3,-47.825,sitting
2033987402500387,-0.44027936,-0.28235307,9.6580305,-0.0896153,-0.028362645,0.055526868,-42.1375,-3.4,-47.8,sitting
2033987422500387,-0.5168497,-0.3499503,9.7681,0.09361004,-0.037950017,0.027830012,-42.162502,-3.3875,-47.775,sitting
2033987442500387,-0.4977071,-0.5461618,9.87817,0.2830938,-0.030493172,-0.02543317,-42.15,-3.3625,-47.8625,sitting
2033987462500387,-0.34456646,-0.7423732,9.926026,0.3534012,-0.034754228,-0.01691106,-42.0875,-3.3875,-47.850002,sitting
2033987482500387,-0.16271193,-0.9098708,9.954741,0.27989802,-0.06245108,0.016112113,-42.037502,-3.3375,-47.912502,sitting
2033987502500387,0.03888337,-0.9768698,9.940384,0.09574057,-0.07416898,-0.0051931604,-42.037502,-3.3,-48.025,sitting
2033987522500387,0.11545369,-0.89072824,9.906884,-0.096006885,-0.017710008,-0.026498433,-41.975002,-3.2625,-48.025,sitting
2033987542500387,-0.037686955,-0.71365935,9.873384,-0.13861743,0.04833634,-0.0073236874,-41.9375,-3.2,-48.075,sitting
2033987562500387,-0.2632105,-0.4743771,9.830314,-0.05339634,0.035553172,0.010785795,-41.9,-3.15,-48.1875,sitting
2033987582500387,-0.34456646,-0.25842485,9.7298155,-0.03528686,0.035553172,0.010785795,-41.9,-3.125,-48.1875,sitting
2033987602500387,-0.4642076,-0.12921242,9.605389,-0.0896153,0.056858446,0.013981585,-41.8875,-3.15,-48.175,sitting
2033987622500387,-0.5407779,-0.2105684,9.610174,-0.13009532,0.062184766,0.013981585,-41.8875,-3.1375,-48.225002,sitting
2033987642500387,-0.3062813,-0.5270192,9.859028,-0.16418377,0.06857634,0.013981585,-41.925,-3.1375,-48.162502,sitting
2033987662500387,-0.16749759,-0.63230336,9.988838,-0.16098797,0.056858446,0.02996054,-41.925,-3.1375,-48.100002,sitting
2033987682500387,-0.3493521,-0.47916272,9.854242,-0.072571084,0.01105211,0.024634222,-41.95,-3.15,-48.1375,sitting
2033987702500387,-0.38285163,-0.34516466,9.686745,0.098936364,-0.043276336,-0.0051931604,-41.95,-3.1375,-48.15,sitting
2033987722500387,-0.4833502,-0.29671,9.705887,0.25646222,-0.08482162,-0.0126500055,-41.95,-3.0875,-48.100002,sitting
2033987742500387,-0.5072784,-0.34516466,9.820743,0.29481173,-0.09760478,0.0054594763,-41.9375,-3.075,-48.100002,sitting
2033987762500387,-0.32542387,-0.5844469,9.782457,0.21385168,-0.08162583,0.0011984216,-41.925,-3.0875,-48.1125,sitting
2033987782500387,-0.11964113,-0.9194421,9.940384,0.021172116,-0.0326237,-0.019041587,-41.912502,-3.075,-48.037502,sitting
2033987802500387,-0.08554341,-1.0055838,10.146765,-0.14927007,0.033422645,-0.011584742,-41.912502,-3.025,-48.0625,sitting
2033987822500387,-0.2632105,-0.718445,10.012766,-0.12157321,0.036618438,-0.006258424,-41.925,-3.05,-48.0875,sitting
2033987842500387,-0.29192436,-0.37387854,9.705887,-0.012916322,0.0014647375,-0.0073236874,-41.925,-3.025,-48.125,sitting
2033987862500387,-0.30149564,-0.20578274,9.538389,-0.0011984216,0.0035952649,-0.0019973693,-41.925,-3.0375001,-48.1875,sitting
2033987882500387,-0.28713873,-0.36430725,9.648459,-0.055526868,0.021704746,-9.321057E-4,-41.95,-3.075,-48.2,sitting
2033987902500387,-0.28235307,-0.5509474,9.87817,-0.10346373,0.038748965,-0.013715269,-41.95,-3.075,-48.1875,sitting
2033987922500387,-0.19621146,-0.6897311,9.91167,-0.12370374,0.050466865,-0.023302643,-41.95,-3.05,-48.125,sitting
2033987942500387,-0.008973085,-0.89072824,9.868599,-0.10346373,0.045140546,-0.014780533,-41.975002,-3.05,-48.100002,sitting
2033987962500387,0.10109676,-0.98644114,10.022338,-0.03635212,0.027031064,0.0022636852,-41.975002,-3.1000001,-48.075,sitting
2033987982500387,-0.15792629,-0.6658029,10.036695,0.064847924,-0.0038615807,0.013981585,-41.925,-3.0875,-48.0625,sitting
2033988002500387,-0.39720857,-0.21535404,9.667602,0.17656745,-0.05392897,0.015046849,-41.912502,-3.075,-48.0875,sitting
2033988022500387,-0.49292147,-0.0047856453,9.299107,0.2277001,-0.079495296,0.0043942127,-41.9375,-3.1000001,-48.0125,sitting
2033988042500387,-0.8853444,-0.13878371,9.643674,0.17550218,-0.07203846,-0.006258424,-41.8875,-3.125,-48.0,sitting
2033988062500387,-0.7082755,-0.57009,10.089336,0.039281595,-0.0326237,-0.0073236874,-41.9,-3.125,-47.95,sitting
2033988082500387,-0.29192436,-0.8572287,10.127622,-0.09068057,0.021704746,-0.0041278964,-41.9,-3.125,-48.0,sitting
2033988102500387,-0.2440679,-0.8285148,9.926026,-0.10026794,0.030226856,-0.0041278964,-41.875,-3.125,-48.025,sitting
2033988122500387,-0.5024927,-0.5509474,9.926026,-0.060853187,0.016378429,-0.0019973693,-41.8875,-3.1000001,-47.9875,sitting
2033988142500387,-0.38285163,-0.40259242,9.7681,-0.085354246,0.023835273,1.3315796E-4,-41.925,-3.125,-47.925,sitting
2033988162500387,-0.20578274,-0.35473597,9.610174,-0.14394376,0.036618438,0.003328949,-41.9,-3.1375,-47.850002,sitting
2033988182500387,-0.22971097,-0.3397808,9.662816,-0.1865543,0.0494016,0.015046849,-41.9,-3.0875,-47.9,sitting
2033988202500387,-0.24885355,-0.421735,9.772886,-0.16951008,0.0611195,0.027830012,-41.9,-3.05,-47.875,sitting
2033988222500387,-0.23928227,-0.58923256,9.854242,-0.05659213,0.038748965,0.01824264,-41.912502,-3.0625,-47.975002,sitting
2033988242500387,5.9820566E-4,-0.75673014,9.859028,0.07230477,0.009986847,-0.006258424,-41.925,-3.0375001,-47.9875,sitting
2033988262500387,0.25902304,-0.9529416,9.8015995,0.14048164,-0.010253162,-9.321057E-4,-41.975002,-3.0875,-47.975002,sitting
2033988282500387,0.4456632,-1.0869397,9.820743,0.1564606,-0.0326237,0.025699485,-41.9875,-3.175,-48.075,sitting
2033988302500387,0.34037903,-1.0725827,9.949955,0.17656745,-0.07416898,0.020373167,-42.05,-3.275,-48.1375,sitting
2033988322500387,-0.44027936,-0.637089,10.256834,0.18508956,-0.09547425,-0.0105194785,-42.1125,-3.4,-48.15,sitting
2033988342500387,-0.7704889,0.043070808,9.705887,0.108523734,-0.060320552,-0.01691106,-42.125,-3.525,-48.1125,sitting
2033988362500387,-0.6652047,0.16749759,9.011969,-0.016112113,-0.008122635,1.3315796E-4,-42.175,-3.6125,-48.100002,sitting
2033988382500387,-0.89491564,-0.17706887,9.720243,-0.085354246,0.027031064,-0.0019973693,-42.2,-3.7250001,-48.0875,sitting
2033988402500387,-0.526421,-0.8237292,10.2520485,-0.098137416,0.035553172,-0.0073236874,-42.2125,-3.8375,-48.025,sitting
2033988422500387,-0.071186475,-1.082154,10.2520485,-0.10985532,0.031292118,0.0011984216,-42.2,-3.825,-48.125,sitting
2033988442500387,-0.4833502,-0.5270192,9.978668,-0.13009532,0.0259658,0.0011984216,-42.175,-3.7875001,-48.1375,sitting
2033988462500387,-0.5599205,-0.22971097,9.538389,-0.15566164,0.029161593,0.0054594763,-42.1125,-3.625,-48.1875,sitting
2033988482500387,-0.20578274,-0.2440679,9.586246,-0.15353112,0.041944757,0.01824264,-42.037502,-3.3500001,-48.2,sitting
2033988502500387,-0.33020952,-0.31585258,9.748958,-0.08322372,0.031292118,0.011851058,-42.0125,-3.15,-48.225002,sitting
2033988522500387,-0.29671,-0.48873404,9.782457,-0.026764749,0.03981423,0.0022636852,-41.9375,-2.9125001,-48.2625,sitting
2033988542500387,0.024526432,-0.718445,9.859028,-0.010785795,0.056858446,0.015046849,-41.825,-2.5625,-48.25,sitting
2033988562500387,0.21595225,-0.95772725,9.887741,0.038216334,0.04087949,0.020373167,-41.7625,-2.2875001,-48.225002,sitting
2033988582500387,0.37387854,-1.1252248,9.930812,0.14793849,-0.030493172,0.0043942127,-41.7375,-2.1125,-48.1125,sitting
2033988602500387,-0.0424726,-0.8668,10.132407,0.25539696,-0.11132005,-0.011584742,-41.7125,-1.9250001,-48.025,sitting
2033988622500387,-0.65084773,-0.2105684,9.978668,0.27883276,-0.13795164,-0.008388951,-41.7125,-1.825,-47.8875,sitting
2033988642500387,-0.5694918,0.148355,9.222537,0.18615483,-0.08801741,-0.0030626329,-41.662502,-1.825,-47.8125,sitting
2033988662500387,-0.6939186,0.014356935,9.342177,0.0030626329,-6.6578976E-4,-0.0105194785,-41.662502,-1.8125,-47.7,sitting
2033988682500387,-0.4881358,-0.58923256,10.003195,-0.1279648,0.045140546,-0.0041278964,-41.675,-1.7875,-47.675,sitting
2033988702500387,-0.14356937,-1.0295119,10.223334,-0.10452899,0.0259658,-0.008388951,-41.7,-1.9375,-47.6375,sitting
2033988722500387,-0.41156548,-0.80937225,10.137193,-0.042743705,3.9947388E-4,-0.0105194785,-41.725002,-2.0375001,-47.725002,sitting
2033988742500387,-0.7082755,-0.36430725,9.820743,-0.06191845,0.02277001,0.0011984216,-41.725002,-2.0375001,-47.8625,sitting
2033988762500387,-0.39720857,-0.28713873,9.591031,-0.11518163,0.04087949,0.0075900033,-41.7,-2.1000001,-47.850002,sitting
2033988782500387,-0.16271193,-0.3786642,9.648459,-0.18122798,0.05472792,0.0043942127,-41.7,-2.125,-47.975002,sitting
2033988802500387,-0.31106696,-0.4456632,9.820743,-0.24088274,0.07496793,0.01824264,-41.775,-2.0875,-48.025,sitting
2033988822500387,-0.34456646,-0.49830532,9.835099,-0.21318589,0.05472792,0.044874232,-41.787502,-2.075,-48.025,sitting
2033988842500387,-0.33020952,-0.46002015,9.787243,-0.1130511,0.017443692,0.054461602,-41.75,-2.1125,-47.925,sitting
2033988862500387,-0.3062813,-0.4456632,9.782457,-0.00652474,0.008921583,0.019307904,-41.7625,-2.1000001,-47.9625,sitting
2033988882500387,-0.2105684,-0.5413761,9.763314,0.14793849,-0.0070573715,-0.02543317,-41.7625,-2.0625,-48.0,sitting
2033988902500387,-0.08554341,-0.6753742,9.820743,0.34061804,-0.0677774,-0.024367906,-41.7375,-2.0375001,-47.850002,sitting
2033988922500387,-0.08075777,-0.7328019,9.887741,0.40772966,-0.11771163,0.00652474,-41.7375,-2.0625,-47.8375,sitting
2033988942500387,-0.2009971,-0.68494546,9.892527,0.2862896,-0.120907426,0.015046849,-41.725002,-2.0625,-47.7625,sitting
2033988962500387,-0.33020952,-0.5557331,9.859028,0.044607915,-0.049667917,-0.019041587,-41.7,-2.1000001,-47.8,sitting
2033988982500387,-0.38763726,-0.46002015,9.748958,-0.16631429,0.041944757,-0.026498433,-41.7,-2.0875,-47.8625,sitting
2033989002500387,-0.38285163,-0.5270192,9.7298155,-0.16844481,0.051532127,-0.0126500055,-41.775,-2.1125,-47.9375,sitting
2033989022500387,-0.36370903,-0.6753742,10.003195,-0.054461602,0.002530001,-0.017976323,-41.7625,-2.0375001,-47.912502,sitting
2033989042500387,-0.31106696,-0.75194454,10.060623,-0.02996054,0.00785632,-0.006258424,-41.7625,-2.025,-47.8625,sitting
2033989062500387,-0.22971097,-0.6801598,9.835099,-0.08002793,0.03981423,0.012916322,-41.775,-2.0,-47.8625,sitting
2033989082500387,-0.3493521,-0.3786642,9.744172,-0.14181322,0.05792371,0.0043942127,-41.775,-1.8125,-47.8875,sitting
2033989102500387,-0.40677986,-0.2727818,9.643674,-0.1748364,0.05792371,-0.0030626329,-41.7375,-1.6375,-47.825,sitting
2033989122500387,-0.32063824,-0.37387854,9.681958,-0.1631185,0.03981423,0.0043942127,-41.662502,-1.45,-47.7625,sitting
2033989142500387,-0.29671,-0.5509474,9.873384,-0.105594255,0.023835273,0.00652474,-41.6125,-1.225,-47.675,sitting
2033989162500387,-0.30149564,-0.53180486,9.921241,0.014780533,-6.6578976E-4,-0.0019973693,-41.5625,-0.925,-47.6375,sitting
2033989182500387,-0.27756742,-0.43130627,9.772886,0.1808285,-0.039015282,0.0011984216,-41.5,-0.7625,-47.5125,sitting
2033989202500387,-0.29192436,-0.421735,9.643674,0.30226856,-0.07310372,0.00972053,-41.425,-0.5125,-47.4625,sitting
2033989222500387,-0.33020952,-0.47916272,9.806385,0.316117,-0.090147935,0.0075900033,-41.3375,-0.3625,-47.4625,sitting
2033989242500387,-0.3589234,-0.5461618,9.892527,0.2010685,-0.08482162,-0.006258424,-41.350002,-0.25,-47.45,sitting
2033989262500387,-0.32542387,-0.503091,9.849456,-0.011851058,-0.027297381,-0.020106852,-41.3125,-0.2125,-47.375,sitting
2033989282500387,-0.28713873,-0.48394838,9.734601,-0.14713953,0.037683703,-0.015845796,-41.325,-0.16250001,-47.350002,sitting
2033989302500387,-0.3062813,-0.5796613,9.787243,-0.096006885,0.029161593,-0.014780533,-41.3375,-0.22500001,-47.275,sitting
2033989322500387,-0.30149564,-0.75194454,9.945169,-0.011851058,-0.0049268445,-0.0126500055,-41.325,-0.275,-47.2125,sitting
2033989342500387,-0.37328035,-0.8237292,10.055838,-0.016112113,0.0035952649,0.00652474,-41.3375,-0.26250002,-47.25,sitting
2033989362500387,-0.5168497,-0.6658029,10.04148,-0.06724477,0.031292118,0.012916322,-41.3375,-0.26250002,-47.25,sitting
2033989382500387,-0.31585258,-0.5270192,9.835099,-0.13435638,0.07816372,0.010785795,-41.350002,-0.22500001,-47.275,sitting
2033989402500387,-0.19621146,-0.40259242,9.629316,-0.1833585,0.10159952,0.020373167,-41.350002,-0.22500001,-47.2375,sitting
2033989422500387,-0.29671,-0.31106696,9.6580305,-0.18761955,0.080294244,0.025699485,-41.3625,-0.2375,-47.275,sitting
2033989442500387,-0.23928227,-0.3930211,9.811171,-0.1396827,0.024900537,0.026764749,-41.3625,-0.22500001,-47.275,sitting
2033989462500387,-0.2440679,-0.49351966,9.806385,-0.051265813,-0.026232118,0.022503695,-41.350002,-0.175,-47.3375,sitting
2033989482500387,-0.28713873,-0.47916272,9.792028,0.07976162,-0.036884755,0.0075900033,-41.375,-0.15,-47.325,sitting
2033989502500387,-0.29192436,-0.51266223,9.839885,0.23089589,-0.037950017,0.0011984216,-41.4,-0.1375,-47.3125,sitting
2033989522500387,-0.3493521,-0.46959144,9.820743,0.29587698,-0.07629951,0.003328949,-41.412502,-0.15,-47.350002,sitting
2033989542500387,-0.30149564,-0.48873404,9.758529,0.25326642,-0.11345058,-0.0030626329,-41.425,-0.2,-47.375,sitting
2033989562500387,-0.23928227,-0.48873404,9.806385,0.129829,-0.090147935,-0.031824753,-41.3875,-0.1875,-47.350002,sitting
2033989582500387,-0.31585258,-0.46959144,9.815957,-0.00972053,-0.021971062,-0.03701791,-41.4,-0.15,-47.287502,sitting
2033989602500387,-0.33020952,-0.4743771,9.782457,-0.05978792,0.009986847,-0.019041587,-41.412502,-0.1375,-47.287502,sitting
2033989622500387,-0.37328035,-0.5270192,9.815957,-0.026764749,3.9947388E-4,-0.01691106,-41.412502,-0.1375,-47.325,sitting
2033989642500387,-0.41156548,-0.637089,9.921241,9.321057E-4,-0.0049268445,-0.0041278964,-41.375,-0.16250001,-47.350002,sitting
2033989662500387,-0.44027936,-0.7280163,10.070194,-0.017177377,0.029161593,0.0075900033,-41.3625,-0.15,-47.287502,sitting
2033989682500387,-0.34456646,-0.5557331,9.984053,-0.062983714,0.0494016,0.0075900033,-41.4,-0.1375,-47.2125,sitting
2033989702500387,-0.27756742,-0.30149564,9.567103,-0.1279648,0.06964161,-0.0041278964,-41.412502,-0.0875,-47.162502,sitting
2033989722500387,-0.44027936,-0.14356937,9.480962,-0.17590165,0.07816372,-0.017976323,-41.412502,-0.0875,-47.225002,sitting
2033989742500387,-0.11964113,-0.45044887,9.686745,-0.17696692,0.062184766,-0.006258424,-41.3625,-0.05,-47.3,sitting
2033989762500387,-0.25842485,-0.6131608,10.017552,-0.12583427,0.04087949,0.027830012,-41.350002,-0.0875,-47.3375,sitting
2033989782500387,-0.38763726,-0.68494546,10.00798,-0.026764749,0.01105211,0.044874232,-41.3125,-0.1,-47.287502,sitting
2033989802500387,-0.33020952,-0.5844469,9.930812,0.08721846,-0.016644744,0.017177377,-41.287502,-0.075,-47.325,sitting
2033989822500387,-0.30149564,-0.40737805,9.744172,0.15752587,-0.04114581,-0.01691106,-41.275,-0.0875,-47.3625,sitting
2033989842500387,-0.2727818,-0.3930211,9.648459,0.17550218,-0.06351634,-0.024367906,-41.2375,-0.0875,-47.350002,sitting
2033989862500387,-0.25842485,-0.52223355,9.715458,0.18402429,-0.08482162,-0.029694224,-41.2125,-0.05,-47.325,sitting
2033989882500387,-0.28235307,-0.503091,9.930812,0.1681785,-0.09653952,-0.040213704,-41.1875,-0.075,-47.3,sitting
2033989902500387,-0.3397808,-0.48394838,9.84467,0.098936364,-0.06671213,-0.029694224,-41.225002,-0.1,-47.3,sitting
2033989922500387,-0.28713873,-0.4648058,9.744172,-0.0022636852,-0.0017310535,-0.0051931604,-41.2,-0.0875,-47.3375,sitting
2033989942500387,-0.14356937,-0.50787663,9.782457,-0.06724477,0.037683703,0.0075900033,-41.2375,-0.075,-47.425,sitting
2033989962500387,-0.22971097,-0.43609193,9.7681,-0.06724477,0.03448791,-0.0051931604,-41.275,-0.075,-47.5,sitting
2033989982500387,-0.37806597,-0.4456632,9.696316,-0.05872266,0.02809633,-9.321057E-4,-41.25,-0.0625,-47.5625,sitting
2033990002500387,-0.65084773,-0.4552345,9.777672,-0.10026794,0.050466865,0.00972053,-41.2625,-0.05,-47.5875,sitting
2033990022500387,-0.76570326,-0.40737805,9.873384,-0.1364869,0.06325003,0.015046849,-41.25,-0.0875,-47.600002,sitting
2033990042500387,-0.6843473,-0.47916272,9.715458,-0.14927007,0.058988973,0.03528686,-41.2375,-0.05,-47.65,sitting
2033990062500387,-0.5886344,-0.57009,9.830314,-0.14074796,0.050466865,0.06191845,-41.25,-0.0125,-47.7375,sitting
2033990082500387,-0.6269195,-0.7423732,9.993624,-0.08002793,0.030226856,0.06511424,-41.275,-0.0125,-47.725002,sitting
2033990102500387,-0.7752745,-0.90029955,10.022338,0.020106852,0.0014647375,0.027830012,-41.2125,-0.025,-47.6375,sitting
2033990122500387,-0.66999036,-0.9194421,10.194621,0.09361004,-0.023036325,-0.027563697,-41.2125,-0.0125,-47.55,sitting
2033990142500387,-0.5599205,-0.8045866,10.027123,0.10426268,-0.04860265,-0.03395528,-41.2,-0.0125,-47.5,sitting
2033990162500387,-0.6795616,-0.5988039,9.835099,0.08934899,-0.05925529,-0.008388951,-41.2,-0.025,-47.4875,sitting
2033990182500387,-0.76570326,-0.4648058,9.84467,0.109588996,-0.06458161,-0.020106852,-41.2,-0.0,-47.4875,sitting
2033990202500387,-0.53599226,-0.5270192,9.835099,0.12769848,-0.054994237,-0.04234423,-41.225002,-0.0,-47.375,sitting
2033990222500387,0.3260221,-0.53659046,9.839885,0.109588996,-0.045406863,-0.020106852,-41.2375,-0.05,-47.3,sitting
2033990242500387,0.4743771,-0.10049855,9.442677,0.059521604,-0.02410159,0.0022636852,-41.2,-0.0875,-47.2625,sitting
2033990262500387,-0.15314065,0.06699903,9.107681,-0.050200548,0.027031064,-0.0041278964,-41.2125,-0.025,-47.3125,sitting
2033990282500387,-0.3589234,-0.31106696,9.595817,-0.106659524,0.053662658,0.0011984216,-41.2,-0.0,-47.287502,sitting
2033990302500387,-0.36370903,-0.651446,10.208978,-0.07896267,0.037683703,-9.321057E-4,-41.225002,0.025,-47.3375,sitting
2033990322500387,-0.45942193,-0.84765744,10.070194,-0.05978792,0.029161593,-0.0126500055,-41.2125,0.0125,-47.3625,sitting
2033990342500387,-0.6029913,-0.7375876,10.012766,-0.032091066,0.021704746,0.016112113,-41.2625,-0.025,-47.4875,sitting
2033990362500387,-0.5407779,-0.6418747,9.921241,9.321057E-4,-0.0038615807,0.037417386,-41.2625,-0.0875,-47.537502,sitting
2033990382500387,-0.17706887,-0.503091,10.003195,0.014780533,-0.002796317,0.01824264,-41.275,-0.0625,-47.5875,sitting
2033990402500387,0.06281159,-0.2632105,9.677173,-0.011851058,0.00785632,0.0043942127,-41.3,-0.0625,-47.5875,sitting
2033990422500387,-0.1052842,-0.16271193,9.131609,-0.04700476,0.016378429,0.010785795,-41.3125,-0.075,-47.575,sitting
2033990442500387,-0.5982057,-0.05742774,9.600603,-0.050200548,0.018508956,0.00652474,-41.3375,-0.112500004,-47.65,sitting
2033990462500387,-0.61734825,-0.4456632,9.973883,-0.026764749,0.0035952649,-0.0126500055,-41.350002,-0.15,-47.675,sitting
2033990482500387,-0.4211368,-0.9385847,10.070194,0.039281595,-0.018775271,-0.020106852,-41.375,-0.175,-47.6125,sitting
2033990502500387,-0.44985065,-1.015155,10.2520485,0.12556796,-0.051798444,-0.011584742,-41.325,-0.2,-47.3875,sitting
2033990522500387,-0.7848458,-0.71365935,10.194621,0.18722008,-0.07523424,-0.0126500055,-41.3125,-0.15,-47.350002,sitting
2033990542500387,-0.7800602,-0.3930211,9.825528,0.15539533,-0.060320552,-0.013715269,-41.287502,-0.2,-47.350002,sitting
2033990562500387,-0.018544376,-0.28713873,9.543175,0.023302643,-0.002796317,0.0011984216,-41.3125,-0.175,-47.3875,sitting
2033990582500387,0.49830532,-0.2536392,9.413962,-0.09068057,0.0494016,0.008655267,-41.325,-0.2125,-47.4,sitting
2033990602500387,-0.32542387,-0.16271193,9.500104,-0.1013332,0.06431529,1.3315796E-4,-41.3125,-0.2375,-47.3,sitting
2033990622500387,-0.59342,-0.4121637,9.782457,-0.044874232,0.045140546,0.012916322,-41.3,-0.2375,-47.2625,sitting
2033990642500387,-0.5024927,-0.7471589,10.060623,-0.03635212,0.038748965,0.022503695,-41.287502,-0.22500001,-47.3125,sitting
2033990662500387,-0.36370903,-1.0295119,10.204192,-0.044874232,0.037683703,0.03528686,-41.275,-0.2125,-47.3875,sitting
2033990682500387,-0.526421,-0.7375876,10.275977,-0.024634222,-0.0017310535,0.04700476,-41.325,-0.22500001,-47.425,sitting
2033990702500387,-0.5694918,-0.29192436,9.758529,-0.021438431,-0.0070573715,0.028895276,-41.325,-0.22500001,-47.3875,sitting
2033990722500387,-0.19621146,-0.15314065,9.332606,-0.013981585,0.008921583,-0.0041278964,-41.3125,-0.22500001,-47.325,sitting
2033990742500387,0.081954174,-0.23449662,9.514461,-0.0075900033,3.9947388E-4,-0.013715269,-41.3125,-0.16250001,-47.287502,sitting
2033990762500387,-0.13878371,-0.4743771,9.782457,-0.025699485,-0.0038615807,-0.008388951,-41.325,-0.125,-47.4,sitting
2033990782500387,-0.37328035,-0.5988039,9.916455,-0.042743705,-0.0049268445,-0.017976323,-41.4,-0.0875,-47.4625,sitting
2033990802500387,-0.4833502,-0.63230336,9.930812,-0.008655267,-0.0038615807,-0.024367906,-41.412502,-0.0375,-47.412502,sitting
2033990822500387,-0.6364908,-0.46959144,10.027123,0.056325816,-0.015579481,-0.013715269,-41.4625,-0.0125,-47.425,sitting
2033990842500387,-0.51206404,-0.48873404,9.820743,0.08508793,-0.031558435,-0.014780533,-41.425,-0.0125,-47.5,sitting
2033990862500387,-0.19621146,-0.5557331,9.782457,0.07017424,-0.031558435,-0.023302643,-41.375,0.075,-47.4875,sitting
2033990882500387,-0.09032906,-0.46959144,9.792028,0.05206476,-0.025166854,-0.013715269,-41.350002,0.1875,-47.575,sitting
2033990902500387,-0.25842485,-0.36430725,9.677173,9.321057E-4,0.005725792,-0.006258424,-41.3,0.26250002,-47.5875,sitting
2033990922500387,-0.3924229,-0.38344982,9.739387,-0.06191845,0.03448791,-0.019041587,-41.2625,0.35,-47.537502,sitting
2033990942500387,-0.4546363,-0.5796613,9.873384,-0.055526868,0.027031064,-0.02223738,-41.175,0.425,-47.425,sitting
2033990962500387,-0.5407779,-0.6466603,10.022338,-0.01824264,0.0046605286,0.0043942127,-41.1375,0.4625,-47.475002,sitting
2033990982500387,-0.4881358,-0.58923256,9.969097,0.0041278964,-0.008122635,0.025699485,-41.100002,0.5375,-47.4875,sitting
2033991002500387,-0.22492532,-0.50787663,9.825528,0.009454215,-0.014514217,0.020373167,-41.0875,0.65000004,-47.475002,sitting
2033991022500387,-0.2440679,-0.33499518,9.634102,-0.028895276,-0.002796317,0.01824264,-41.1375,0.7,-47.5625,sitting
2033991042500387,-0.36370903,-0.33499518,9.605389,-0.096006885,0.03981423,0.031025803,-41.1125,0.71250004,-47.475002,sitting
2033991062500387,-0.29192436,-0.46959144,9.882956,-0.12903006,0.06005424,0.04061318,-41.162502,0.675,-47.412502,sitting
2033991082500387,-0.3062813,-0.5796613,9.882956,-0.13116059,0.041944757,0.011851058,-41.1875,0.65000004,-47.350002,sitting
2033991102500387,-0.4546363,-0.5413761,9.873384,-0.098137416,0.00785632,-0.027563697,-41.2,0.65000004,-47.4375,sitting
2033991122500387,-0.43070808,-0.4408776,9.849456,-0.012916322,-0.030493172,-0.03914844,-41.2,0.6625,-47.3,sitting
2033991142500387,-0.28713873,-0.3786642,9.701101,0.09254478,-0.034754228,-0.026498433,-41.2625,0.6625,-47.3125,sitting
2033991162500387,-0.2727818,-0.39780676,9.696316,0.16711323,-0.027297381,-0.0105194785,-41.2625,0.625,-47.2125,sitting
2033991182500387,-0.32542387,-0.38344982,9.734601,0.16391744,-0.0326237,-0.008388951,-41.225002,0.625,-47.100002,sitting
2033991202500387,-0.41156548,-0.41694933,9.758529,0.07337003,-0.027297381,-0.0041278964,-41.225002,0.6375,-47.162502,sitting
2033991222500387,-0.5455636,-0.41694933,9.7681,-0.07044056,0.015313165,-0.0073236874,-41.1875,0.65000004,-47.2375,sitting
2033991242500387,-0.76570326,-0.4743771,9.8015995,-0.13755217,0.04833634,-0.026498433,-41.2125,0.675,-47.1375,sitting
2033991262500387,-0.8135597,-0.60837513,9.926026,-0.085354246,0.013182637,-0.031824753,-41.225002,0.6875,-47.125,sitting
2033991282500387,-0.7178468,-0.77587277,10.060623,-1.3315796E-4,0.030226856,1.3315796E-4,-41.2625,0.725,-47.225002,sitting
2033991302500387,-0.3684947,-0.99601245,10.07498,0.07869635,0.080294244,0.060853187,-41.2125,0.6875,-47.162502,sitting
2033991322500387,-0.2009971,-1.1874382,10.127622,0.046738442,0.005725792,0.062983714,-41.225002,0.71250004,-47.175,sitting
2033991342500387,-0.89013004,-0.89072824,10.433903,0.0041278964,-0.07736477,0.012916322,-41.25,0.71250004,-47.162502,sitting
2033991362500387,-1.0289137,-0.32063824,10.1802635,0.041412123,-0.13795164,-0.030759487,-41.2375,0.6875,-47.162502,sitting
2033991382500387,0.096311115,0.062213387,9.0646105,0.058456343,-0.020905798,-0.026498433,-41.25,0.725,-47.162502,sitting
2033991402500387,0.651446,0.033499517,8.877372,0.03715107,0.10266478,0.04167844,-41.25,0.7,-47.3625,sitting
2033991422500387,0.8955139,-0.3930211,9.457033,-0.032091066,0.056858446,0.054461602,-41.25,0.6875,-47.350002,sitting
2033991442500387,-0.4354937,-0.3499503,10.170692,-0.06617951,-0.026232118,-0.006258424,-41.2,0.675,-47.3625,sitting
2033991462500387,-0.8566305,-0.63230336,9.882956,-0.028895276,-0.06671213,-0.0519316,-41.175,0.6875,-47.412502,sitting
2033991482500387,-0.46899325,-0.86201435,10.07498,0.024367906,-0.0017310535,-0.017976323,-41.125,0.7,-47.425,sitting
2033991502500387,-0.80877405,-0.48394838,10.094122,0.023302643,0.04833634,0.034221593,-41.1375,0.71250004,-47.45,sitting
2033991522500387,-0.8327023,-0.30149564,9.734601,-0.023568958,0.03981423,0.021438431,-41.1125,0.7875,-47.5,sitting
2033991542500387,0.03888337,-0.32063824,9.7681,-0.034221593,0.01105211,-0.0105194785,-41.1125,0.8125,-47.45,sitting
2033991562500387,0.718445,-0.51266223,9.667602,-0.008655267,-0.023036325,-0.0105194785,-41.075,0.83750004,-47.3875,sitting
2033991582500387,0.10109676,-0.4456632,9.610174,0.02223738,-0.015579481,0.003328949,-41.037502,0.9125,-47.375,sitting
2033991602500387,-0.7896315,-0.28235307,9.873384,0.03395528,-0.008122635,0.008655267,-41.05,0.95,-47.3625,sitting
2033991622500387,-0.9667004,-0.421735,9.806385,0.038216334,-0.026232118,0.0075900033,-41.075,1.025,-47.3625,sitting
2033991642500387,-0.18185452,-0.6562316,10.046266,0.05419529,-0.045406863,0.0022636852,-41.0875,1.0500001,-47.3625,sitting
2033991662500387,0.3164508,-0.5605187,9.984053,0.05526055,-0.040080544,-0.0073236874,-41.0875,1.0875,-47.3625,sitting
2033991682500387,-0.07597212,-0.28235307,9.69153,0.026498433,-0.028362645,-0.008388951,-41.1375,1.075,-47.2125,sitting
2033991702500387,-0.57906306,-0.49830532,9.720243,-0.017177377,-0.019840535,-0.011584742,-41.1375,1.1,-47.3,sitting
2033991722500387,-0.4546363,-0.53180486,10.094122,-0.022503695,0.005725792,-0.0073236874,-41.175,1.1625,-47.2,sitting
2033991742500387,-0.071186475,-0.47916272,9.863813,-0.0054594763,0.014247901,0.0043942127,-41.1875,1.1375,-47.162502,sitting
2033991762500387,-0.0951147,-0.34516466,9.629316,-0.00972053,0.014247901,0.0011984216,-41.162502,1.1125001,-47.175,sitting
2033991782500387,-0.44985065,-0.19621146,9.643674,-0.023568958,0.015313165,-0.0019973693,-41.15,1.1,-47.1875,sitting
2033991802500387,-0.51206404,-0.3786642,9.835099,-0.043808967,0.024900537,-0.0051931604,-41.125,1.15,-47.0625,sitting
2033991822500387,-0.33020952,-0.5174479,9.984053,-0.042743705,0.036618438,-0.011584742,-41.125,1.1625,-47.075,sitting
2033991842500387,-0.35413775,-0.46002015,9.863813,-0.00652474,0.021704746,-0.011584742,-41.125,1.1375,-47.175,sitting
2033991862500387,-0.30149564,-0.4552345,9.787243,0.1893506,-0.017710008,0.031025803,-41.125,1.075,-47.0875,sitting
2033991882500387,-0.2536392,-0.3786642,9.839885,0.15219954,0.0035952649,0.0011984216,-41.100002,1.0875,-47.0875,sitting
2033991902500387,-0.41156548,-0.28235307,9.8015995,-0.015046849,0.04301002,0.016112113,-41.1125,1.0625,-47.1375,sitting
2033991922500387,-0.39720857,-0.31585258,9.715458,-0.17057534,0.09094688,0.06191845,-41.1125,1.0625,-47.1125,sitting
2033991942500387,-0.35413775,-0.421735,9.792028,-0.1631185,0.09840373,0.09707215,-41.1125,1.0625,-47.0875,sitting
2033991962500387,-0.4642076,-0.48394838,9.940384,-0.04807002,0.10053425,0.08215846,-41.1375,1.0125,-47.125,sitting
2033991982500387,-0.25842485,-0.41694933,9.916455,0.0073236874,0.045140546,0.0022636852,-41.075,1.0,-47.162502,sitting
2033992002500387,-0.17228323,-0.3499503,9.69153,0.03715107,-0.078430034,-0.06578003,-41.05,1.0,-47.025,sitting
2033992022500387,-0.3493521,-0.32063824,9.705887,0.076565824,-0.12942953,-0.093476884,-41.05,1.025,-47.075,sitting
2033992042500387,-0.2727818,-0.4743771,9.902099,9.321057E-4,-0.07097319,-0.09134636,-41.0625,1.0125,-47.125,sitting
2033992062500387,-0.27756742,-0.56530434,9.897313,-0.1279648,0.0259658,-0.034887385,-41.05,1.075,-47.1125,sitting
2033992082500387,-0.38285163,-0.52223355,9.906884,-0.14713953,0.08349004,0.013981585,-41.037502,1.1375,-47.125,sitting
2033992102500387,-0.64606214,-0.3499503,10.438689,-0.08109319,0.07816372,-0.024367906,-41.025,1.1750001,-47.100002,sitting
2033992122500387,-0.526421,-0.503091,10.017552,-0.04167844,0.0962732,-0.08069372,-41.075,1.1875,-47.175,sitting
2033992142500387,0.07716853,-0.421735,9.246465,-0.08855004,0.13781849,-0.082824245,-41.100002,1.1625,-47.15,sitting
2033992162500387,0.3068795,-0.13878371,8.671589,-0.15246587,0.13036163,-0.0019973693,-41.125,1.1750001,-47.25,sitting
2033992182500387,-0.11485548,-0.043070808,9.734601,-0.15566164,0.1463406,0.13222586,-41.15,1.1875,-47.25,sitting
2033992202500387,-0.4642076,-0.4121637,10.48176,-0.09387636,0.15379743,0.17270587,-41.1375,1.1875,-47.25,sitting
2033992222500387,-0.47377887,-0.8380861,9.988838,0.042477388,0.07922898,0.060853187,-41.1375,1.15,-47.2375,sitting
2033992242500387,-0.6556334,-0.7471589,10.089336,0.08934899,0.041944757,-0.06578003,-41.162502,1.0875,-47.2375,sitting
2033992262500387,-0.6843473,-0.53180486,10.055838,-0.06191845,0.04833634,-0.075367406,-41.1875,1.0375,-47.325,sitting
2033992282500387,-0.39720857,-0.49830532,9.835099,-0.18868482,0.053662658,0.039547913,-41.162502,1.0625,-47.350002,sitting
2033992302500387,0.034097724,-0.33499518,9.705887,-0.20359851,0.05792371,0.13755217,-41.2,1.0500001,-47.4,sitting
2033992322500387,-0.0041874396,-0.2536392,9.476176,-0.13222586,0.047271073,0.10879005,-41.1875,1.0375,-47.287502,sitting
2033992342500387,-0.32063824,-0.29671,9.667602,0.02543317,-0.009187899,-0.038083173,-41.1875,1.025,-47.225002,sitting
2033992362500387,-0.40677986,-0.4552345,9.945169,0.21917799,-0.15606113,-0.21704747,-41.1875,0.975,-47.225002,sitting
2033992382500387,-0.4833502,-0.7088737,9.969097,0.31824753,-0.27537066,-0.2894854,-41.2,0.96250004,-47.225002,sitting
2033992402500387,-0.53599226,-0.6418747,10.07498,0.21065588,-0.24021696,-0.24900538,-41.2125,0.975,-47.2375,sitting
2033992422500387,-0.3397808,-0.46002015,9.897313,0.058456343,-0.14860427,-0.16271903,-41.1875,1.0,-47.175,sitting
2033992442500387,-0.2105684,-0.26799613,9.638887,0.053130023,-0.06671213,-0.046605285,-41.2,0.96250004,-47.0875,sitting
2033992462500387,-0.2009971,-0.30149564,9.552746,0.108523734,-0.010253162,0.049135286,-41.175,1.025,-47.0,sitting
2033992482500387,-0.22971097,-0.47916272,9.825528,0.12876374,-0.002796317,0.031025803,-41.1875,1.0375,-47.075,sitting
2033992502500387,-0.3924229,-0.52223355,10.003195,0.11385005,-0.037950017,-0.055127393,-41.1875,1.0375,-47.05,sitting
2033992522500387,-0.4642076,-0.53180486,9.868599,0.059521604,-0.05286371,-0.060453713,-41.25,1.0500001,-47.0125,sitting
2033992542500387,-0.37806597,-0.4648058,9.835099,0.053130023,-0.050733183,0.03635212,-41.2625,0.975,-46.975002,sitting
2033992562500387,-0.30149564,-0.41694933,9.796814,0.13195953,-0.0677774,0.0896153,-41.3,0.875,-46.9375,sitting
2033992582500387,-0.3062813,-0.38823548,9.748958,0.18615483,-0.09653952,0.03528686,-41.3625,0.8125,-46.912502,sitting
2033992602500387,-0.26799613,-0.46002015,9.7681,0.17243955,-0.10492847,-0.027563697,-41.4375,0.725,-46.9625,sitting
2033992622500387,-0.38285163,-0.4648058,9.87817,0.12876374,-0.08801741,-0.021172116,-41.475002,0.6125,-46.925,sitting
2033992642500387,-0.4211368,-0.503091,9.868599,0.04034686,-0.034754228,0.008655267,-41.5125,0.5375,-46.9375,sitting
2033992662500387,-0.3924229,-0.50787663,9.892527,-0.06191845,0.009986847,-0.021172116,-41.525,0.475,-47.025,sitting
2033992682500387,-0.33020952,-0.43130627,9.873384,-0.10239847,0.031292118,-0.083889514,-41.475002,0.4375,-47.037502,sitting
2033992702500387,-0.22013968,-0.41694933,9.705887,-0.09281109,0.03448791,-0.13715269,-41.45,0.45000002,-47.0125,sitting
2033992722500387,-0.23449662,-0.3499503,9.758529,-0.051265813,0.009986847,-0.18189377,-41.4,0.475,-47.0125,sitting
2033992742500387,-0.3397808,-0.4121637,9.772886,0.024367906,-0.04114581,-0.23089589,-41.3875,0.4625,-47.0875,sitting
2033992762500387,-0.39720857,-0.51266223,9.839885,0.10106689,-0.08695214,-0.2926812,-41.287502,0.4875,-47.100002,sitting
2033992782500387,-0.4019942,-0.50787663,9.969097,0.18295904,-0.12729901,-0.33742225,-41.2625,0.5,-47.1125,sitting
2033992802500387,-0.33020952,-0.40259242,9.825528,0.25113592,-0.14647375,-0.30759487,-41.25,0.5,-47.075,sitting
2033992822500387,-0.26799613,-0.29671,9.696316,0.2543317,-0.11664637,-0.17869797,-41.2375,0.4625,-47.162502,sitting
2033992842500387,-0.30149564,-0.42652065,9.710672,0.17137429,-0.011318427,-9.321057E-4,-41.287502,0.425,-47.15,sitting
2033992862500387,-0.38763726,-0.5605187,9.940384,-0.027830012,0.12290479,0.09174583,-41.325,0.4125,-47.162502,sitting
2033992882500387,-0.40677986,-0.53180486,9.954741,-0.21425115,0.114382684,0.0054594763,-41.325,0.4,-47.0875,sitting
2033992902500387,-0.38763726,-0.31106696,9.859028,-0.14607428,0.044075284,-0.083889514,-41.325,0.38750002,-47.0125,sitting
2033992922500387,-0.028115666,-0.36430725,9.552746,-0.0043942127,0.05472792,-0.07004108,-41.350002,0.35,-47.025,sitting
2033992942500387,-0.17706887,-0.43609193,9.677173,0.020106852,0.06325003,-0.017976323,-41.350002,0.32500002,-47.075,sitting
2033992962500387,-0.4833502,-0.38823548,9.973883,-0.049135286,0.04087949,-0.0030626329,-41.287502,0.32500002,-47.175,sitting
2033992982500387,-0.32542387,-0.4408776,9.863813,-0.1364869,0.056858446,-0.047670547,-41.2625,0.35,-47.125,sitting
2033993002500387,-0.05682954,-0.5413761,9.830314,-0.15353112,0.07496793,-0.1105211,-41.175,0.4125,-47.175,sitting
2033993022500387,0.06759724,-0.69930243,9.782457,-0.15779218,0.09840373,-0.13715269,-41.1375,0.4625,-47.287502,sitting
2033993042500387,0.06281159,-0.84765744,9.873384,-0.221708,0.09946899,-0.13715269,-41.1375,0.5,-47.350002,sitting
2033993062500387,-0.27756742,-0.7375876,10.036695,-0.26112276,0.07603319,-0.1254348,-41.100002,0.5375,-47.287502,sitting
2033993082500387,-0.91884387,-0.3499503,10.051051,-0.2185122,0.032357384,-0.09241162,-41.1125,0.5625,-47.3,sitting
2033993102500387,-1.1539388,-0.0,9.624531,-0.1514006,-0.0017310535,-0.05619266,-41.1125,0.6,-47.325,sitting
2033993122500387,0.11545369,-0.34516466,9.466604,0.0073236874,-0.049667917,-0.052996866,-41.1375,0.58750004,-47.3,sitting
2033993142500387,-0.008973085,-0.23449662,9.787243,0.2660496,-0.07523424,-0.063649505,-41.162502,0.58750004,-47.275,sitting
2033993162500387,-0.5407779,-0.3499503,9.715458,0.41944757,-0.04114581,-0.083889514,-41.25,0.5375,-47.2625,sitting
2033993182500387,-0.7752745,-0.3786642,9.87817,0.3864244,-0.06351634,-0.08921583,-41.3,0.4625,-47.2,sitting
2033993202500387,-0.75613195,-0.2536392,9.849456,0.23835275,-0.14753902,-0.03701791,-41.3375,0.38750002,-47.25,sitting
2033993222500387,-0.71306115,-0.38823548,9.653245,0.014780533,-0.13582112,-0.013715269,-41.412502,0.3375,-47.3375,sitting
2033993242500387,-0.61734825,-0.50787663,9.87817,-0.12689953,-0.014514217,-0.095607415,-41.4625,0.3125,-47.287502,sitting
2033993262500387,-0.46899325,-0.6562316,9.949955,-0.086419515,0.04301002,-0.16058849,-41.4875,0.2375,-47.1875,sitting
2033993282500387,-0.1052842,-0.9385847,10.022338,-0.0022636852,0.014247901,-0.07856319,-41.537502,0.2125,-47.1125,sitting
2033993302500387,0.52223355,-0.96729857,10.137193,-0.008655267,0.020639483,0.06724477,-41.537502,0.16250001,-47.05,sitting
2033993322500387,0.5461618,-0.8380861,9.892527,-0.04807002,0.05792371,0.11092058,-41.5625,0.1,-47.0125,sitting
2033993342500387,-0.6364908,-0.22492532,9.8015995,-0.03315633,0.03981423,0.08855004,-41.600002,0.05,-46.9875,sitting
2033993362500387,-0.6029913,-0.043070808,9.442677,0.0105194785,-0.016644744,0.06937529,-41.6125,0.025,-46.9375,sitting
2033993382500387,0.3260221,-0.36909288,9.457033,0.036085807,-0.04753739,0.020373167,-41.6125,-0.0125,-46.9375,sitting
2033993402500387,-0.19621146,-0.75194454,9.945169,0.027563697,-0.030493172,-0.038083173,-41.600002,-0.075,-46.9375,sitting
2033993422500387,-0.8662018,-0.8045866,10.342976,-0.016112113,-0.013448954,-0.062584236,-41.65,-0.112500004,-47.0125,sitting
2033993442500387,-0.7369894,-0.60358953,10.175478,-0.034221593,-0.021971062,-0.09134636,-41.675,-0.112500004,-47.0625,sitting
2033993462500387,0.04366901,-0.45044887,9.686745,0.0073236874,-0.033688962,-0.15100113,-41.725002,-0.125,-47.100002,sitting
2033993482500387,-0.11485548,-0.086141616,9.413962,0.032890014,-0.04860265,-0.20852536,-41.7125,-0.112500004,-47.0875,sitting
2033993502500387,-0.26799613,-0.22013968,9.437891,0.059521604,-0.06671213,-0.20000325,-41.6875,-0.0875,-47.0625,sitting
2033993522500387,-0.33020952,-0.503091,10.055838,0.10319742,-0.08162583,-0.14354427,-41.725002,-0.075,-47.0875,sitting
2033993542500387,-0.4833502,-0.5509474,10.113265,0.07550056,-0.05392897,-0.06471477,-41.7625,-0.05,-47.037502,sitting
2033993562500387,-0.27756742,-0.50787663,9.701101,-0.011851058,0.013182637,0.027830012,-41.787502,-0.05,-47.0625,sitting
2033993582500387,-0.19621146,-0.33499518,9.720243,-0.06617951,0.047271073,0.038482647,-41.7375,-0.0875,-47.0,sitting
2033993602500387,-0.36370903,-0.32542387,9.758529,-0.022503695,0.02277001,0.015046849,-41.7125,-0.1875,-46.975002,sitting
2033993622500387,-0.4019942,-0.4456632,9.806385,0.056325816,-0.021971062,0.04167844,-41.7375,-0.3125,-46.975002,sitting
2033993642500387,-0.2009971,-0.49830532,9.825528,0.097871095,-0.036884755,0.06831003,-41.75,-0.45000002,-46.912502,sitting
2033993662500387,-0.44027936,-0.6658029,9.87817,0.07017424,-0.07736477,0.096006885,-41.787502,-0.6125,-46.925,sitting
2033993682500387,-0.5599205,-0.5605187,10.137193,-0.020373167,-0.0560595,0.042743705,-41.775,-0.7375,-46.9375,sitting
2033993702500387,-0.20578274,-0.4743771,9.825528,-0.09494162,-0.010253162,-0.11797795,-41.7625,-0.83750004,-46.9375,sitting
2033993722500387,-0.32542387,-0.36909288,9.600603,-0.107724786,0.016378429,-0.20746009,-41.7375,-0.8875,-46.9,sitting
2033993742500387,-0.39720857,-0.3595216,9.715458,-0.10452899,0.030226856,-0.15206638,-41.7375,-0.90000004,-46.8625,sitting
2033993762500387,-0.23449662,-0.60358953,9.959526,-0.08748478,0.0035952649,-0.061518975,-41.725002,-0.8625,-46.8,sitting
2033993782500387,-0.85184485,-0.5509474,9.984053,-0.073636346,-0.03581949,-0.029694224,-41.7,-0.7875,-46.8,sitting
2033993802500387,-0.9092726,-0.40259242,9.839885,-0.06724477,0.014247901,-0.021172116,-41.7,-0.7,-46.912502,sitting
2033993822500387,-1.0336994,-0.25842485,9.715458,-0.044874232,0.0611195,0.01824264,-41.675,-0.6,-46.912502,sitting
2033993842500387,-0.82313097,-0.3062813,9.686745,-0.012916322,0.055793185,0.05339634,-41.675,-0.55,-46.95,sitting
2033993862500387,-0.5694918,-0.32063824,9.815957,-0.021438431,0.062184766,0.06724477,-41.625,-0.5375,-47.0125,sitting
2033993882500387,5.9820566E-4,-0.53180486,9.806385,-0.034221593,0.06857634,0.0896153,-41.65,-0.55,-47.05,sitting
2033993902500387,0.38344982,-0.57009,9.949955,0.0051931604,0.033422645,0.116246894,-41.662502,-0.55,-47.075,sitting
2033993922500387,1.0205388,-0.7328019,9.949955,0.07443529,-0.028362645,0.11092058,-41.75,-0.5625,-47.2125,sitting
2033993942500387,0.8811569,-0.5796613,9.7681,0.13835111,-0.078430034,0.05978792,-41.725002,-0.65000004,-47.2625,sitting
2033993962500387,-0.8566305,-0.12921242,9.638887,0.16604798,-0.08908267,0.02996054,-41.6875,-0.75,-47.2125,sitting
2033993982500387,-0.42592242,-0.43130627,9.792028,0.098936364,-0.080560565,0.05339634,-41.6875,-0.83750004,-47.1875,sitting
2033994002500387,0.1680958,-0.5413761,10.00798,-0.050200548,-0.046472125,0.023568958,-41.7125,-0.8875,-47.125,sitting
2033994022500387,-0.8566305,-0.72323066,9.921241,-0.15779218,0.016378429,-0.07856319,-41.7625,-1.0625,-47.125,sitting
2033994042500387,-0.60777694,-0.42652065,10.204192,-0.17909744,0.03981423,-0.1691106,-41.787502,-1.1875,-47.075,sitting
2033994062500387,0.03888337,-0.23928227,9.672387,-0.13009532,0.02809633,-0.15845796,-41.8125,-1.2875,-47.125,sitting
2033994082500387,0.03888337,-0.11964113,9.303893,-0.025699485,0.037683703,-0.021172116,-41.775,-1.3125,-47.037502,sitting
2033994102500387,0.05802595,-0.43130627,9.619745,0.05206476,0.041944757,0.08322372,-41.775,-1.2625,-47.0125,sitting
2033994122500387,-0.55034924,-0.421735,10.161121,0.056325816,0.0494016,0.050200548,-41.775,-1.1875,-46.9625,sitting
2033994142500387,-0.5168497,-0.42652065,9.973883,0.0073236874,0.05472792,0.042743705,-41.7625,-1.125,-47.025,sitting
2033994162500387,-0.09990034,-0.33499518,9.681958,-0.045939494,0.038748965,0.10879005,-41.6875,-1.0625,-47.05,sitting
2033994182500387,-0.31106696,-0.33499518,9.648459,-0.04061318,0.018508956,0.1364869,-41.6375,-0.925,-47.05,sitting
2033994202500387,-0.4211368,-0.4408776,9.984053,0.01691106,-0.020905798,0.051265813,-41.6125,-0.83750004,-47.05,sitting
2033994222500387,-0.31585258,-0.4121637,9.964312,0.12343743,-0.08375636,-0.049801074,-41.575,-0.8,-47.1125,sitting
2033994242500387,-0.35413775,-0.36909288,9.662816,0.18508956,-0.08375636,-0.024367906,-41.575,-0.825,-47.25,sitting
2033994262500387,-0.25842485,-0.3930211,9.772886,0.086153194,-0.07310372,0.025699485,-41.575,-0.85,-47.25,sitting
2033994282500387,-0.20578274,-0.46002015,9.926026,-0.07576688,-0.027297381,-0.060453713,-41.575,-0.9125,-47.3,sitting
2033994302500387,-0.25842485,-0.45044887,9.839885,-0.18975009,0.038748965,-0.21491694,-41.5875,-1.0125,-47.2375,sitting
2033994322500387,-0.28235307,-0.421735,9.772886,-0.24088274,0.00785632,-0.27989802,-41.625,-1.0875,-47.225002,sitting
2033994342500387,-0.27756742,-0.11006984,9.715458,0.0051931604,0.008921583,0.0022636852,-41.6375,-1.1375,-47.2,sitting
2033994362500387,-0.032901313,-0.421735,9.442677,-0.011851058,0.008921583,0.008655267,-41.6375,-1.1625,-47.175,sitting
2033994382500387,-0.31585258,-0.8285148,10.156336,-0.045939494,0.008921583,0.022503695,-41.675,-1.1750001,-47.15,sitting
2033994402500387,-0.7800602,-0.6658029,10.386046,-0.057657395,0.0035952649,0.032091066,-41.725002,-1.1750001,-47.0875,sitting
2033994422500387,-0.44027936,-0.43609193,9.835099,-0.04061318,-6.6578976E-4,0.044874232,-41.7,-1.2,-47.05,sitting
2033994442500387,5.9820566E-4,-0.11964113,9.5048895,0.013715269,-0.009187899,0.04700476,-41.7,-1.1750001,-47.100002,sitting
2033994462500387,-0.21535404,-0.24885355,9.423533,0.100001626,-0.018775271,0.015046849,-41.6875,-1.125,-47.1375,sitting
2033994482500387,-0.39720857,-0.61794645,10.060623,0.16285218,-0.021971062,-0.01691106,-41.6875,-1.0875,-47.075,sitting
2033994502500387,-0.41156548,-0.57009,10.237692,0.120241635,-0.019840535,-0.011584742,-41.7,-1.025,-47.125,sitting
2033994522500387,-0.34456646,-0.3499503,9.69153,-0.003328949,-0.017710008,-0.011584742,-41.675,-1.025,-47.175,sitting
2033994542500387,-0.20578274,-0.28235307,9.524033,-0.10346373,-0.01238369,-0.029694224,-41.662502,-1.025,-47.15,sitting
2033994562500387,-0.2727818,-0.45044887,9.873384,-0.12050795,-0.015579481,-0.030759487,-41.6125,-1.0,-47.125,sitting
2033994582500387,-0.3589234,-0.49830532,10.027123,-0.07789741,-0.018775271,-0.009454215,-41.625,-0.95,-47.1875,sitting
2033994602500387,-0.2536392,-0.36430725,9.7298155,-0.008655267,-0.0038615807,0.008655267,-41.6375,-0.975,-47.2125,sitting
2033994622500387,-0.2536392,-0.37387854,9.638887,0.047803707,0.02277001,0.003328949,-41.600002,-1.0,-47.2375,sitting
2033994642500387,-0.36370903,-0.4456632,9.892527,0.058456343,0.032357384,-9.321057E-4,-41.537502,-1.0375,-47.3,sitting
2033994662500387,-0.29192436,-0.53659046,9.964312,0.01691106,0.013182637,0.010785795,-41.475002,-1.0625,-47.225002,sitting
2033994682500387,-0.28235307,-0.41694933,9.8015995,-0.044874232,-0.0070573715,0.010785795,-41.475002,-1.0875,-47.2125,sitting
2033994702500387,-0.28713873,-0.3397808,9.69153,-0.06937529,-0.009187899,0.0022636852,-41.4625,-1.0625,-47.1875,sitting
2033994722500387,-0.32063824,-0.43130627,9.8015995,-0.034221593,-0.015579481,0.00652474,-41.475002,-1.0875,-47.1125,sitting
2033994742500387,-0.36370903,-0.51266223,9.940384,0.032890014,-0.023036325,-0.0030626329,-41.5,-1.15,-47.0125,sitting
2033994762500387,-0.37328035,-0.50787663,9.935597,0.10106689,-0.013448954,-0.027563697,-41.4625,-1.2,-46.95,sitting
2033994782500387,-0.37328035,-0.36430725,9.830314,0.12450269,0.002530001,-0.02862896,-41.5125,-1.2125,-46.95,sitting
2033994802500387,-0.2536392,-0.33020952,9.705887,0.07230477,-0.026232118,-0.017976323,-41.6125,-1.2375001,-46.9625,sitting
2033994822500387,-0.3493521,-0.39780676,9.763314,-0.023568958,-0.029427908,-0.027563697,-41.65,-1.2375001,-47.0,sitting
2033994842500387,-0.53599226,-0.4552345,9.973883,-0.10985532,0.00785632,-0.052996866,-41.662502,-1.2125,-47.0,sitting
2033994862500387,-0.4354937,-0.37387854,9.87817,-0.116246894,0.008921583,-0.03701791,-41.65,-1.25,-46.95,sitting
2033994882500387,0.005383851,-0.3595216,9.643674,-0.064048976,-0.010253162,0.012916322,-41.6375,-1.25,-46.95,sitting
2033994902500387,-0.066400826,-0.51266223,9.739387,-0.017177377,0.017443692,0.024634222,-41.6375,-1.25,-47.037502,sitting
2033994922500387,-0.39720857,-0.46959144,10.003195,0.021172116,0.04620581,-0.006258424,-41.6125,-1.25,-47.075,sitting
2033994942500387,-0.5407779,-0.34516466,9.815957,0.04354265,0.035553172,-9.321057E-4,-41.5625,-1.2,-47.025,sitting
2033994962500387,-0.17706887,-0.19621146,9.653245,0.0126500055,0.016378429,0.027830012,-41.475002,-1.1375,-47.025,sitting
2033994982500387,-0.08554341,-0.5174479,9.672387,-0.04167844,3.9947388E-4,0.021438431,-41.45,-1.1,-47.025,sitting
2033995002500387,-0.47856453,-0.5509474,10.04148,-0.05872266,-0.002796317,0.020373167,-41.4,-1.1,-46.9625,sitting
2033995022500387,-0.55513483,-0.60358953,9.949955,-0.013981585,-0.009187899,0.02996054,-41.412502,-1.075,-47.0625,sitting
2033995042500387,-0.36370903,-0.785444,10.04148,0.08402267,-0.016644744,0.003328949,-41.3875,-1.0875,-47.100002,sitting
2033995062500387,-0.30149564,-0.5796613,10.098908,0.17137429,-0.009187899,-0.02862896,-41.3625,-1.0625,-47.0125,sitting
2033995082500387,-0.16271193,-0.2727818,9.610174,0.16072164,-6.6578976E-4,-0.024367906,-41.4,-1.0375,-47.0625,sitting
2033995102500387,-0.29192436,-0.076570325,9.490533,0.047803707,-0.002796317,-0.017976323,-41.45,-1.025,-47.100002,sitting
2033995122500387,-0.26799613,-0.3499503,9.720243,-0.10026794,-0.002796317,-0.029694224,-41.4625,-1.0625,-47.100002,sitting
2033995142500387,-0.35413775,-0.5174479,10.04148,-0.20040272,0.018508956,-0.026498433,-41.475002,-1.125,-47.1375,sitting
2033995162500387,-0.44506502,-0.51266223,9.926026,-0.20892483,0.013182637,0.0022636852,-41.525,-1.1375,-47.275,sitting
2033995182500387,-0.29671,-0.4408776,9.758529,-0.12903006,-0.008122635,0.05339634,-41.55,-1.1875,-47.2625,sitting
2033995202500387,-0.14356937,-0.43130627,9.782457,0.02862896,-0.014514217,0.09068057,-41.600002,-1.2,-47.325,sitting
2033995222500387,-0.3493521,-0.38344982,9.825528,0.18295904,0.016378429,0.08855004,-41.6125,-1.275,-47.425,sitting
2033995242500387,-0.16749759,-0.5270192,9.815957,0.21491694,0.06644582,0.085354246,-41.5875,-1.2875,-47.3375,sitting
2033995262500387,-0.34456646,-0.42652065,9.926026,0.16285218,0.04620581,0.105594255,-41.600002,-1.325,-47.350002,sitting
2033995282500387,-0.31585258,-0.46959144,9.820743,0.09254478,-6.6578976E-4,0.12263848,-41.662502,-1.325,-47.3375,sitting
2033995302500387,-0.27756742,-0.40737805,9.839885,0.009454215,0.053662658,0.13435638,-41.65,-1.2875,-47.2625,sitting
2033995322500387,-0.47856453,-0.30149564,9.782457,0.009454215,0.056858446,0.18761955,-41.662502,-1.2375001,-47.2375,sitting
2033995342500387,-0.37328035,-0.3595216,9.806385,-0.034221593,-0.050733183,0.12370374,-41.6375,-1.1625,-47.3,sitting
2033995362500387,-0.13878371,-0.421735,9.91167,-0.01824264,0.014247901,-0.038083173,-41.575,-1.0625,-47.2375,sitting
2033995382500387,-0.2536392,-0.46959144,9.667602,0.1893506,-0.0560595,0.00972053,-41.537502,-0.925,-47.162502,sitting
2033995402500387,-0.4833502,-0.5988039,9.969097,0.26498434,-0.08588688,0.11092058,-41.537502,-0.8625,-47.225002,sitting
2033995422500387,-0.20578274,-0.5461618,10.07498,0.068043716,-0.0070573715,0.00652474,-41.4875,-0.825,-47.2,sitting
2033995442500387,-0.59342,-0.21535404,9.8015995,-0.14927007,-0.018775271,-0.08069372,-41.4,-0.75,-47.1875,sitting
2033995462500387,-0.61734825,-0.09571291,9.452248,-0.13009532,-0.008122635,-0.038083173,-41.4375,-0.8,-47.2625,sitting
2033995482500387,-0.29192436,-0.25842485,9.638887,0.065913185,-0.014514217,-0.023302643,-41.412502,-0.825,-47.225002,sitting
2033995502500387,-0.1052842,-0.49830532,9.945169,0.08189214,-0.017710008,-0.021172116,-41.45,-0.875,-47.1875,sitting
2033995522500387,-0.2536392,-0.47916272,10.266405,-0.06831003,0.020639483,-0.01691106,-41.5,-0.925,-47.1875,sitting
2033995542500387,-0.29192436,-0.33020952,9.6580305,-0.084288985,0.03448791,-0.040213704,-41.537502,-1.025,-47.2125,sitting
2033995562500387,0.019740786,-0.29671,9.490533,-0.013981585,0.002530001,-0.046605285,-41.5875,-1.0875,-47.1375,sitting
2033995582500387,0.029312078,-0.4121637,9.806385,-0.01824264,-0.002796317,-0.038083173,-41.6375,-1.1125001,-47.075,sitting
2033995602500387,-0.59342,-0.21535404,9.892527,-0.045939494,0.005725792,-0.048735812,-41.6875,-1.1875,-47.075,sitting
2033995622500387,-0.56470615,-0.32542387,9.591031,-0.010785795,-0.005992108,-0.04447476,-41.675,-1.225,-47.075,sitting
2033995642500387,-0.79441714,-0.3786642,9.921241,0.044607915,-0.030493172,-0.014780533,-41.675,-1.3125,-47.05,sitting
2033995662500387,-0.6125626,-0.45044887,10.036695,0.04034686,-0.026232118,-0.019041587,-41.6375,-1.3000001,-47.025,sitting
2033995682500387,0.08673982,-0.8045866,10.060623,0.0105194785,-0.0038615807,-0.047670547,-41.6375,-1.3000001,-46.925,sitting
2033995702500387,0.46002015,-0.785444,9.849456,0.0105194785,-0.002796317,-0.034887385,-41.625,-1.1875,-46.925,sitting
2033995722500387,-0.27756742,-0.5796613,9.7298155,-1.3315796E-4,-0.002796317,-0.008388951,-41.600002,-1.1625,-46.95,sitting
2033995742500387,-0.55513483,-0.33020952,9.973883,-0.021438431,0.023835273,-0.011584742,-41.575,-1.1375,-46.9625,sitting
2033995762500387,-0.124426775,-0.42652065,9.696316,-0.012916322,0.012117374,-0.0019973693,-41.5625,-1.075,-47.05,sitting
2033995782500387,-0.3493521,-0.3595216,9.710672,-0.008655267,0.013182637,0.0022636852,-41.537502,-1.0,-47.0125,sitting
2033995802500387,-0.4642076,-0.46959144,9.835099,0.009454215,0.0014647375,0.019307904,-41.5125,-0.8625,-46.9625,sitting
2033995822500387,-0.27756742,-0.53659046,10.036695,0.05206476,-0.025166854,0.02996054,-41.4875,-0.825,-47.025,sitting
2033995842500387,-0.028115666,-0.45044887,9.763314,0.07550056,-0.037950017,0.0043942127,-41.412502,-0.7875,-47.162502,sitting
2033995862500387,-0.17228323,-0.503091,9.533604,0.030759487,-0.039015282,-0.0073236874,-41.425,-0.83750004,-47.2125,sitting
2033995882500387,-0.29192436,-0.4552345,9.921241,-0.04807002,-0.018775271,-9.321057E-4,-41.412502,-0.8625,-47.225002,sitting
2033995902500387,-0.4642076,-0.16749759,10.127622,-0.1013332,0.023835273,0.0022636852,-41.412502,-0.90000004,-47.2375,sitting
2033995922500387,-0.44506502,-0.2727818,9.409177,-0.09281109,0.016378429,0.013981585,-41.4375,-0.96250004,-47.162502,sitting
2033995942500387,-0.41635114,-0.34516466,9.7298155,-0.04061318,0.02809633,0.031025803,-41.4375,-1.0625,-47.05,sitting
2033995962500387,-0.2105684,-0.6658029,9.998409,-0.04167844,0.0259658,0.03528686,-41.475002,-1.2125,-47.100002,sitting
2033995982500387,-0.27756742,-0.6227321,10.089336,-0.064048976,0.045140546,0.03315633,-41.525,-1.325,-47.0625,sitting
2033996002500387,-0.40677986,-0.31585258,9.715458,-0.025699485,0.030226856,0.052331075,-41.575,-1.4125,-47.0875,sitting
2033996022500387,-0.64606214,-0.3595216,9.69153,0.013715269,-0.018775271,0.05659213,-41.600002,-1.475,-47.037502,sitting
2033996042500387,-0.36370903,-0.45044887,10.079765,-0.020373167,-0.0070573715,0.016112113,-41.6375,-1.4625,-47.025,sitting
2033996062500387,0.12981063,-0.651446,9.815957,-0.010785795,0.02809633,-0.02223738,-41.65,-1.4625,-47.0875,sitting
2033996082500387,-0.037686955,-0.29671,9.715458,0.07443529,-0.051798444,-0.017976323,-41.6125,-1.4625,-47.1125,sitting
2033996102500387,-0.16271193,-0.23928227,9.442677,0.1063932,-0.04753739,-0.019041587,-41.625,-1.4,-47.162502,sitting
2033996122500387,-0.5599205,-0.34516466,9.835099,0.05526055,-0.0560595,-0.055127393,-41.575,-1.3625001,-47.25,sitting
2033996142500387,-0.56470615,-0.60358953,10.098908,0.013715269,-0.06671213,-0.075367406,-41.4875,-1.2625,-47.2625,sitting
2033996162500387,-0.4546363,-0.7328019,10.094122,-1.3315796E-4,-0.069907926,-0.08921583,-41.4875,-1.1750001,-47.1875,sitting
2033996182500387,-0.2632105,-0.36909288,9.897313,-0.057657395,-0.044341598,-0.09986847,-41.45,-1.0875,-47.2125,sitting
2033996202500387,0.081954174,-0.16749759,9.428319,-0.106659524,-0.0017310535,-0.07004108,-41.4,-1.0500001,-47.2125,sitting
2033996222500387,-0.20578274,-0.24885355,9.576674,-0.03528686,-0.009187899,-0.017976323,-41.375,-1.0,-47.15,sitting
2033996242500387,-0.41635114,-0.57487565,9.84467,0.100001626,0.008921583,0.019307904,-41.3875,-0.9375,-47.1875,sitting
2033996262500387,-1.119841,-0.76630145,10.055838,0.15859112,0.02277001,0.013981585,-41.3375,-0.975,-47.287502,sitting
2033996282500387,-0.6987042,-0.6466603,10.44826,0.11385005,0.017443692,-9.321057E-4,-41.375,-0.975,-47.2125,sitting
2033996302500387,-0.11485548,-0.45044887,9.806385,0.011584742,-0.020905798,-0.0030626329,-41.4375,-1.0625,-47.2,sitting
2033996322500387,0.081954174,-0.28713873,9.423533,-0.085354246,-0.01238369,-0.015845796,-41.45,-1.1875,-47.175,sitting
2033996342500387,-0.19142582,-0.33020952,9.7298155,-0.072571084,0.01957422,-0.017976323,-41.4375,-1.3000001,-47.25,sitting
2033996362500387,0.15373886,-0.43130627,9.959526,-0.003328949,-0.011318427,-0.011584742,-41.475002,-1.375,-47.2125,sitting
2033996382500387,-0.43070808,-0.29671,9.753743,0.0073236874,-0.019840535,-0.027563697,-41.537502,-1.4625,-47.225002,sitting
2033996402500387,-0.28235307,-0.37387854,9.681958,-0.01824264,-0.0038615807,-0.038083173,-41.537502,-1.5500001,-47.2,sitting
2033996422500387,-0.2009971,-0.41694933,9.830314,-0.019307904,-6.6578976E-4,-0.015845796,-41.575,-1.6,-47.15,sitting
2033996442500387,-0.33020952,-0.39780676,9.868599,-0.0043942127,-0.002796317,0.008655267,-41.5875,-1.65,-47.162502,sitting
2033996462500387,-0.148355,-0.47916272,9.854242,0.0019973693,0.01105211,-0.0019973693,-41.5875,-1.6,-47.0625,sitting
2033996482500387,-0.3684947,-0.4456632,9.859028,0.026498433,0.013182637,-0.008388951,-41.625,-1.525,-47.125,sitting
2033996502500387,-0.28713873,-0.57487565,9.782457,0.03502054,-0.01238369,-0.0073236874,-41.6125,-1.475,-47.0875,sitting
2033996522500387,-0.3493521,-0.48394838,9.930812,-0.011851058,-0.0049268445,-0.014780533,-41.600002,-1.4375,-47.175,sitting
2033996542500387,-0.38763726,-0.43130627,9.868599,-0.049135286,0.009986847,-0.029694224,-41.5625,-1.4,-47.2375,sitting
2033996562500387,-0.44506502,-0.39780676,9.868599,-0.031025803,-0.0038615807,-0.0519316,-41.525,-1.2875,-47.225002,sitting
2033996582500387,-0.2440679,-0.4408776,9.811171,0.0019973693,3.9947388E-4,-0.031824753,-41.5,-1.0625,-47.2375,sitting
2033996602500387,-0.12921242,-0.33020952,9.720243,0.0030626329,-0.002796317,0.012916322,-41.45,-0.8875,-47.325,sitting
2033996622500387,-0.12921242,-0.40737805,9.7681,-0.013981585,-0.0038615807,0.003328949,-41.412502,-0.75,-47.4375,sitting
2033996642500387,-0.33020952,-0.56530434,9.796814,-0.008655267,-0.002796317,-0.008388951,-41.3625,-0.6875,-47.412502,sitting
2033996662500387,-0.3924229,-0.4408776,10.027123,-0.0011984216,-0.005992108,0.0075900033,-41.3375,-0.6875,-47.3,sitting
2033996682500387,-0.47856453,-0.31106696,9.84467,-0.012916322,-0.0017310535,-9.321057E-4,-41.325,-0.75,-47.2,sitting
2033996702500387,-0.19142582,-0.5413761,9.619745,-0.0075900033,3.9947388E-4,-0.0041278964,-41.3875,-0.90000004,-47.1875,sitting
2033996722500387,-0.18664017,-0.29671,10.065409,0.02223738,3.9947388E-4,0.0075900033,-41.4875,-1.1375,-47.225002,sitting
2033996742500387,-0.32063824,-0.421735,9.734601,0.0030626329,-0.008122635,-0.0019973693,-41.55,-1.5375,-47.2625,sitting
2033996762500387,-0.28713873,-0.41694933,9.667602,-0.011851058,0.0046605286,1.3315796E-4,-41.625,-1.875,-47.2375,sitting
2033996782500387,-0.2105684,-0.45044887,9.772886,0.008388951,-0.0038615807,0.00972053,-41.675,-2.175,-47.25,sitting
2033996802500387,-0.41156548,-0.503091,9.954741,0.0073236874,-0.0049268445,0.0043942127,-41.7,-2.375,-47.275,sitting
2033996822500387,-0.24885355,-0.48873404,9.897313,-0.013981585,0.01105211,-9.321057E-4,-41.7625,-2.5125,-47.350002,sitting
2033996842500387,-0.13878371,-0.5509474,9.681958,-0.003328949,0.002530001,0.0075900033,-41.787502,-2.5625,-47.4375,sitting
2033996862500387,-0.47377887,-0.48394838,9.959526,0.015845796,-0.008122635,-0.0030626329,-41.7375,-2.4875,-47.475002,sitting
2033996882500387,-0.40677986,-0.4121637,9.984053,0.0041278964,-0.0049268445,-0.0019973693,-41.675,-2.3625,-47.5,sitting
2033996902500387,-0.28713873,-0.4648058,9.734601,-0.011851058,0.0014647375,0.0054594763,-41.65,-2.175,-47.475002,sitting
2033996922500387,-0.39720857,-0.4456632,9.734601,-0.003328949,3.9947388E-4,-0.0030626329,-41.600002,-2.025,-47.425,sitting
2033996942500387,-0.16749759,-0.6227321,9.758529,0.008388951,-0.0017310535,1.3315796E-4,-41.5875,-1.9250001,-47.45,sitting
2033996962500387,-0.23449662,-0.33499518,10.084551,0.008388951,-0.002796317,0.003328949,-41.575,-1.8625001,-47.4875,sitting
2033996982500387,-0.32063824,-0.38823548,9.638887,-0.0011984216,-0.005992108,0.0075900033,-41.575,-1.8125,-47.525,sitting
2033997002500387,-0.6029913,-0.30149564,9.854242,0.017976323,0.0067910557,0.017177377,-41.525,-1.7625,-47.525,sitting
2033997022500387,-0.32063824,-0.36909288,9.792028,0.04034686,0.02277001,0.024634222,-41.55,-1.75,-47.475002,sitting
2033997042500387,0.07238288,-0.5796613,9.882956,0.021172116,0.0259658,0.04167844,-41.5625,-1.7,-47.45,sitting
2033997062500387,-0.27756742,-0.48394838,9.959526,0.0030626329,0.032357384,0.073636346,-41.55,-1.6125001,-47.412502,sitting
2033997082500387,-0.3684947,-0.3062813,9.701101,0.021172116,0.062184766,0.116246894,-41.525,-1.5375,-47.4375,sitting
2033997102500387,-0.23449662,-0.31106696,9.634102,0.04034686,0.08668583,0.15353112,-41.45,-1.475,-47.350002,sitting
2033997122500387,-0.3924229,-0.41694933,9.87817,0.03395528,0.08668583,0.17590165,-41.412502,-1.4125,-47.25,sitting
2033997142500387,-0.66999036,-0.3595216,10.079765,0.017976323,0.06538056,0.17377113,-41.4,-1.3375,-47.2125,sitting
2033997162500387,-0.2727818,-0.40259242,9.701101,-0.026764749,0.031292118,0.13222586,-41.3875,-1.3375,-47.162502,sitting
2033997182500387,-0.124426775,-0.5509474,9.806385,-0.06191845,0.0067910557,0.060853187,-41.425,-1.4125,-47.1875,sitting
2033997202500387,-0.28713873,-0.4552345,9.973883,-0.016112113,-6.6578976E-4,0.0043942127,-41.4,-1.525,-47.125,sitting
2033997222500387,-0.43070808,-0.39780676,9.8015995,0.011584742,0.018508956,0.010785795,-41.412502,-1.625,-47.2375,sitting
2033997242500387,-0.41635114,-0.4121637,9.815957,-0.01824264,0.031292118,0.08215846,-41.4875,-1.725,-47.275,sitting
2033997262500387,-0.22971097,-0.50787663,9.964312,-0.042743705,0.06538056,0.12050795,-41.55,-1.825,-47.375,sitting
2033997282500387,-0.05682954,-0.60837513,9.854242,-0.07896267,0.0611195,0.09387636,-41.575,-1.9375,-47.475002,sitting
2033997302500387,0.2111666,-0.7710871,9.921241,-0.098137416,0.02809633,0.052331075,-41.575,-2.075,-47.4875,sitting
2033997322500387,0.3595216,-0.38823548,9.720243,-0.03315633,-0.0070573715,0.011851058,-41.5875,-2.175,-47.4875,sitting
2033997342500387,0.20638095,0.15314065,9.413962,0.066978455,0.012117374,1.3315796E-4,-41.525,-2.1375,-47.5875,sitting
2033997362500387,-0.4642076,0.32542387,9.275179,0.038216334,0.0035952649,0.012916322,-41.5,-2.1125,-47.6125,sitting
2033997382500387,-0.2536392,-0.3595216,9.6580305,-0.06191845,-0.014514217,-0.0126500055,-41.4875,-2.0625,-47.625,sitting
2033997402500387,-0.3397808,-0.71365935,10.280763,-0.031025803,-0.06564687,-0.032890014,-41.4375,-1.975,-47.5875,sitting
2033997422500387,-0.8805587,-0.43609193,10.237692,0.05419529,-0.07097319,-0.023302643,-41.375,-1.825,-47.537502,sitting
2033997442500387,-0.9236295,-0.38823548,9.84467,0.10532794,-0.014514217,-0.0126500055,-41.3625,-1.625,-47.5125,sitting
2033997462500387,-0.008973085,-0.40737805,9.763314,0.100001626,-0.025166854,-0.0019973693,-41.350002,-1.4375,-47.5125,sitting
2033997482500387,0.43609193,-0.5988039,9.619745,0.04886897,-0.0677774,-0.011584742,-41.3375,-1.2125,-47.5625,sitting
2033997502500387,-0.22013968,-0.48394838,9.873384,0.019041587,-0.058190025,-0.03914844,-41.3,-1.0875,-47.412502,sitting
2033997522500387,-0.43070808,-0.3595216,9.998409,0.014780533,-0.01238369,-0.030759487,-41.287502,-0.96250004,-47.5125,sitting
2033997542500387,-0.4211368,-0.4552345,9.763314,-1.3315796E-4,0.01105211,1.3315796E-4,-41.2375,-0.975,-47.4875,sitting
2033997562500387,-0.6029913,-0.4408776,9.87817,-0.00652474,0.009986847,-0.008388951,-41.2625,-1.1,-47.45,sitting
2033997582500387,-0.526421,-0.36430725,9.984053,0.009454215,-0.0070573715,-0.024367906,-41.350002,-1.275,-47.5,sitting
2033997602500387,0.048454657,-0.52223355,9.672387,0.013715269,-0.023036325,-0.032890014,-41.3875,-1.4875001,-47.4375,sitting
2033997622500387,0.3164508,-0.66101724,9.6580305,0.0041278964,-0.025166854,-0.0519316,-41.412502,-1.5875,-47.4375,sitting
2033997642500387,-0.17228323,-0.5509474,9.945169,-0.013981585,-0.008122635,-0.058323186,-41.45,-1.7625,-47.3875,sitting
2033997662500387,-0.55034924,-0.31106696,9.945169,-0.011851058,0.016378429,-0.03701791,-41.4875,-1.85,-47.375,sitting
2033997682500387,-0.13399807,-0.5174479,9.634102,-1.3315796E-4,0.0014647375,-0.009454215,-41.537502,-1.975,-47.275,sitting
2033997702500387,-0.23928227,-0.60837513,9.753743,-0.00652474,-6.6578976E-4,-9.321057E-4,-41.6125,-1.975,-47.287502,sitting
2033997722500387,-0.7609176,-0.6131608,10.027123,-0.003328949,0.00785632,1.3315796E-4,-41.6125,-1.9250001,-47.325,sitting
2033997742500387,-1.0624132,-0.13399807,10.175478,0.0073236874,-6.6578976E-4,0.003328949,-41.525,-1.85,-47.275,sitting
2033997762500387,-0.70348984,-0.1052842,9.567103,0.0126500055,0.0046605286,0.0011984216,-41.5,-1.725,-47.325,sitting
2033997782500387,-0.13878371,-0.33499518,9.595817,-0.0043942127,0.0035952649,-0.0019973693,-41.475002,-1.7,-47.350002,sitting
2033997802500387,0.23509483,-0.7040881,9.964312,-0.022503695,0.005725792,-0.0041278964,-41.45,-1.625,-47.3875,sitting
2033997822500387,0.04366901,-0.67058855,10.012766,-0.003328949,0.0035952649,-9.321057E-4,-41.425,-1.5875,-47.5125,sitting
2033997842500387,-0.3589234,-0.36430725,9.8015995,0.026498433,-0.014514217,-9.321057E-4,-41.3625,-1.4625,-47.5875,sitting
2033997862500387,-0.4642076,-0.36909288,9.662816,0.02223738,-0.010253162,1.3315796E-4,-41.3,-1.4,-47.625,sitting
2033997882500387,-0.4977071,-0.4456632,9.930812,-0.008655267,0.017443692,0.008655267,-41.2625,-1.325,-47.6875,sitting
2033997902500387,-0.4642076,-0.4743771,10.036695,-0.021438431,0.016378429,0.0075900033,-41.3125,-1.25,-47.6875,sitting
2033997922500387,-0.20578274,-0.4456632,9.777672,-0.008655267,0.005725792,0.0043942127,-41.3125,-1.2875,-47.7375,sitting
2033997942500387,0.21595225,-0.5509474,9.686745,0.011584742,0.002530001,0.008655267,-41.325,-1.325,-47.7375,sitting
2033997962500387,0.23988047,-0.60358953,9.839885,0.019041587,-0.009187899,0.003328949,-41.325,-1.35,-47.7625,sitting
2033997982500387,-0.27756742,-0.2632105,9.91167,0.008388951,-0.010253162,-0.0051931604,-41.350002,-1.4250001,-47.65,sitting
2033998002500387,-0.6652047,0.0047856453,9.681958,-0.020373167,0.0046605286,-0.0051931604,-41.375,-1.475,-47.6125,sitting
2033998022500387,-0.15792629,-0.4121637,9.557532,-0.017177377,0.0035952649,-0.0041278964,-41.425,-1.525,-47.525,sitting
2033998042500387,-0.0424726,-0.68494546,10.046266,0.019041587,-0.010253162,-0.0073236874,-41.4625,-1.625,-47.3875,sitting
2033998062500387,-0.17706887,-0.785444,9.993624,0.039281595,0.02277001,-0.02543317,-41.4375,-1.725,-47.4,sitting
2033998082500387,-0.32063824,-0.49351966,9.897313,0.01691106,-0.0049268445,-0.026498433,-41.4625,-1.725,-47.25,sitting
2033998102500387,-0.4211368,-0.11006984,9.873384,-0.04700476,-0.04860265,-0.047670547,-41.4625,-1.7,-47.225002,sitting
2033998122500387,-0.15792629,0.043070808,9.610174,-0.026764749,0.029161593,-0.17443693,-41.45,-1.625,-47.25,sitting
2033998142500387,0.63230336,-0.48394838,9.337392,0.04567318,0.0046605286,-0.18508956,-41.4,-1.4875001,-47.4,sitting
2033998162500387,-0.31585258,-0.43130627,10.00798,0.07550056,-0.0326237,-0.093476884,-41.3625,-1.3000001,-47.3625,sitting
2033998182500387,-0.9619147,-0.29671,10.132407,0.026498433,-0.043276336,-0.1105211,-41.275,-1.125,-47.3625,sitting
2033998202500387,-0.5024927,-0.35473597,9.87817,-0.04807002,-0.023036325,-0.24474432,-41.2125,-0.9125,-47.3125,sitting
2033998222500387,-0.29192436,-0.22492532,9.643674,-0.049135286,-0.005992108,-0.2926812,-41.2125,-0.7625,-47.287502,sitting
2033998242500387,-0.124426775,-0.37387854,9.648459,0.020106852,0.005725792,-0.15419692,-41.1875,-0.77500004,-47.4375,sitting
2033998262500387,0.3164508,-0.60358953,9.720243,0.05526055,-0.020905798,0.016112113,-41.2,-0.7375,-47.4375,sitting
2033998282500387,0.2542374,-0.6227321,9.739387,0.014780533,-0.017710008,-0.009454215,-41.25,-0.875,-47.375,sitting
2033998302500387,-0.19142582,-0.77587277,9.897313,-0.03315633,-6.6578976E-4,-0.13715269,-41.287502,-1.0375,-47.287502,sitting
2033998322500387,-0.5072784,-1.2113664,10.376475,-0.04167844,-0.01238369,-0.14674006,-41.325,-1.2625,-47.3625,sitting
2033998342500387,-0.22492532,-1.4177474,10.649257,-0.0022636852,-0.013448954,-0.060453713,-41.3625,-1.5,-47.3875,sitting
2033998362500387,-0.53599226,-0.40737805,10.524831,0.038216334,-0.010253162,0.011851058,-41.412502,-1.65,-47.5625,sitting
2033998382500387,-0.86141616,0.18664017,9.050254,0.015845796,0.0046605286,0.0011984216,-41.4,-1.8000001,-47.5125,sitting
2033998402500387,-0.16749759,0.33020952,9.203394,-0.023568958,0.015313165,-0.011584742,-41.4,-1.7875,-47.5125,sitting
2033998422500387,-0.25842485,0.31585258,9.567103,-0.020373167,-6.6578976E-4,0.00652474,-41.3625,-1.825,-47.55,sitting
2033998442500387,-0.17228323,0.15792629,9.222537,0.013715269,-0.0049268445,-0.0030626329,-41.325,-1.7375001,-47.5625,sitting
2033998462500387,0.034097724,-0.009571291,9.423533,0.042477388,-0.0038615807,0.008655267,-41.25,-1.6,-47.575,sitting
2033998482500387,0.14416756,-0.63230336,9.916455,0.030759487,-0.02410159,0.019307904,-41.225002,-1.45,-47.55,sitting
2033998502500387,0.010169496,-1.2113664,10.424332,-1.3315796E-4,-0.009187899,-0.014780533,-41.225002,-1.2875,-47.5,sitting
2033998522500387,-0.6412765,-0.60358953,10.543973,-0.016112113,0.012117374,-0.035952646,-41.225002,-1.1875,-47.5125,sitting
2033998542500387,-0.38763726,-0.3499503,9.605389,-0.013981585,0.008921583,-9.321057E-4,-41.2375,-1.1125001,-47.600002,sitting
2033998562500387,0.2111666,-0.32063824,9.413962,-0.015046849,0.0035952649,1.3315796E-4,-41.2375,-1.1125001,-47.5,sitting
2033998582500387,0.23030917,-0.52223355,9.744172,-0.020373167,0.015313165,-0.04234423,-41.2625,-1.075,-47.475002,sitting
2033998602500387,-0.3493521,-0.72323066,10.04148,0.056325816,-0.021971062,0.0022636852,-41.275,-1.125,-47.537502,sitting
2033998622500387,-0.70348984,-0.7328019,10.333405,0.1063932,-0.031558435,-0.0019973693,-41.3375,-1.2,-47.4875,sitting
2033998642500387,-0.047258247,-0.718445,10.084551,0.04034686,-0.029427908,-0.0051931604,-41.412502,-1.3125,-47.4875,sitting
2033998662500387,-0.40677986,-0.31585258,9.681958,-0.07789741,0.015313165,-0.013715269,-41.4375,-1.4,-47.5,sitting
2033998682500387,-0.56470615,-0.3062813,9.705887,-0.09707215,0.035553172,-0.0126500055,-41.45,-1.4625,-47.412502,sitting
2033998702500387,-0.20578274,-0.53180486,10.079765,-0.028895276,0.015313165,1.3315796E-4,-41.475002,-1.5,-47.4,sitting
2033998722500387,-0.028115666,-0.60837513,10.051051,0.0041278964,0.0067910557,0.0011984216,-41.475002,-1.4625,-47.412502,sitting
2033998742500387,0.04366901,-0.41694933,9.835099,-0.0075900033,0.005725792,-9.321057E-4,-41.4625,-1.4375,-47.45,sitting
2033998762500387,0.07716853,-0.14356937,9.643674,-0.01824264,-0.002796317,-0.0019973693,-41.412502,-1.3375,-47.45,sitting
2033998782500387,-0.14356937,0.24885355,9.47139,-0.017177377,-0.0049268445,-0.0073236874,-41.375,-1.225,-47.575,sitting
2033998802500387,-0.6364908,0.6412765,9.160323,-0.017177377,0.012117374,-0.0105194785,-41.287502,-1.1,-47.5875,sitting
2033998822500387,-0.6029913,0.6125626,8.925228,-0.021438431,0.016378429,-0.0105194785,-41.2375,-0.975,-47.625,sitting
2033998842500387,-0.2727818,0.2009971,9.270393,-0.031025803,0.002530001,-0.009454215,-41.1875,-0.9375,-47.625,sitting
2033998862500387,0.37387854,-1.1970096,10.280763,-0.03315633,-0.009187899,-0.0019973693,-41.162502,-0.9125,-47.6125,sitting
2033998882500387,0.421735,-1.6618153,10.859825,0.021172116,-0.015579481,0.0054594763,-41.2125,-1.0,-47.625,sitting
2033998902500387,-0.37328035,-1.1922239,10.6014,0.11385005,-0.020905798,0.0022636852,-41.275,-1.025,-47.5875,sitting
2033998922500387,-0.9619147,-0.47916272,9.964312,0.13728586,-0.030493172,-0.0019973693,-41.3375,-1.1125001,-47.55,sitting
2033998942500387,-0.2105684,-0.17228323,9.543175,0.029694224,-0.01238369,1.3315796E-4,-41.3875,-1.2125,-47.4625,sitting
2033998962500387,0.05802595,-0.36909288,9.495318,-0.09707215,0.029161593,-0.0051931604,-41.4375,-1.35,-47.425,sitting
2033998982500387,-0.72741807,-0.5557331,10.036695,-0.08855004,0.038748965,-0.0019973693,-41.4875,-1.475,-47.425,sitting
2033999002500387,-0.3589234,-0.799801,10.319048,0.0051931604,0.012117374,0.0075900033,-41.537502,-1.5,-47.425,sitting
2033999022500387,-0.11964113,-0.45044887,9.945169,0.039281595,-0.0049268445,0.003328949,-41.5125,-1.4875001,-47.5,sitting
2033999042500387,-0.4019942,-0.07178468,9.404391,0.013715269,0.0014647375,0.0043942127,-41.425,-1.4125,-47.525,sitting
2033999062500387,-0.17706887,-0.086141616,9.58146,-0.01824264,0.005725792,-9.321057E-4,-41.3,-1.3625001,-47.600002,sitting
2033999082500387,0.096311115,-0.24885355,9.753743,-0.028895276,0.009986847,-0.006258424,-41.287502,-1.2375001,-47.75,sitting
2033999102500387,-0.2536392,-0.31585258,9.744172,-0.027830012,0.009986847,-0.0030626329,-41.2625,-1.1625,-47.8875,sitting
2033999122500387,-0.3684947,-0.46002015,9.868599,-0.02996054,3.9947388E-4,-0.0030626329,-41.225002,-1.1125001,-47.8375,sitting
2033999142500387,-0.07597212,-0.47916272,9.954741,-0.023568958,-0.005992108,0.0011984216,-41.2375,-1.0875,-47.8,sitting
2033999162500387,-0.23449662,-0.3930211,9.7681,0.02543317,-0.019840535,0.0022636852,-41.275,-1.15,-47.875,sitting
2033999182500387,-0.31106696,-0.3397808,9.787243,0.10106689,-0.029427908,0.0022636852,-41.325,-1.15,-47.8,sitting
2033999202500387,-0.11964113,-0.45044887,9.849456,0.11171953,-0.026232118,0.003328949,-41.350002,-1.1750001,-47.75,sitting
2033999222500387,-0.25842485,-0.36909288,9.835099,0.014780533,-0.01238369,0.0043942127,-41.4375,-1.25,-47.675,sitting
2033999242500387,-0.17228323,-0.3595216,9.734601,-0.084288985,0.017443692,-0.009454215,-41.375,-1.3625001,-47.475002,sitting
2033999262500387,-0.22013968,-0.3930211,9.8015995,-0.06937529,0.030226856,-0.009454215,-41.375,-1.4125,-47.325,sitting
2033999282500387,-0.29671,-0.43609193,9.859028,0.0030626329,0.01105211,0.011851058,-41.3875,-1.4125,-47.4,sitting
2033999302500387,-0.19142582,-0.503091,9.863813,0.046738442,-0.0049268445,0.003328949,-41.4,-1.3875,-47.5,sitting
2033999322500387,-0.27756742,-0.46959144,9.863813,0.05526055,-0.017710008,0.0022636852,-41.375,-1.3000001,-47.5,sitting
2033999342500387,-0.32063824,-0.45044887,9.839885,0.015845796,-0.0070573715,0.003328949,-41.3125,-1.25,-47.4625,sitting
2033999362500387,-0.2105684,-0.4743771,9.835099,-0.038482647,0.014247901,-0.006258424,-41.2625,-1.2375001,-47.537502,sitting
2033999382500387,-0.2009971,-0.49351966,9.868599,-0.039547913,0.013182637,-9.321057E-4,-41.225002,-1.1750001,-47.5625,sitting
2033999402500387,-0.3589234,-0.45044887,9.84467,-0.024634222,0.002530001,-0.0019973693,-41.2625,-1.1625,-47.65,sitting
2033999422500387,-0.44985065,-0.5413761,9.859028,-0.027830012,0.0046605286,-0.0030626329,-41.275,-1.2,-47.625,sitting
2033999442500387,-0.41635114,-0.49830532,9.973883,-1.3315796E-4,-0.002796317,0.003328949,-41.3,-1.2375001,-47.5875,sitting
2033999462500387,-0.2009971,-0.4648058,9.815957,0.08721846,-0.027297381,0.0054594763,-41.2625,-1.3125,-47.4625,sitting
2033999482500387,-0.26799613,-0.43609193,9.763314,0.13835111,-0.034754228,0.0075900033,-41.25,-1.375,-47.4375,sitting
2033999502500387,-0.34456646,-0.43130627,9.868599,0.076565824,-0.020905798,0.016112113,-41.2625,-1.4125,-47.425,sitting
2033999522500387,-0.19621146,-0.47916272,9.84467,-0.013981585,-0.002796317,0.008655267,-41.3125,-1.4250001,-47.375,sitting
2033999542500387,-0.24885355,-0.4121637,9.820743,-0.06511424,0.035553172,-0.015845796,-41.3625,-1.4375,-47.3375,sitting
2033999562500387,-0.22492532,-0.40259242,9.777672,-0.03635212,0.031292118,0.00652474,-41.3625,-1.3875,-47.275,sitting
2033999582500387,-0.2105684,-0.39780676,9.830314,9.321057E-4,0.0014647375,0.0054594763,-41.3125,-1.3000001,-47.287502,sitting
2033999602500387,-0.22971097,-0.34516466,9.806385,-0.028895276,0.0035952649,-0.008388951,-41.25,-1.225,-47.3375,sitting
2033999622500387,-0.27756742,-0.28235307,9.7298155,-0.07044056,0.0035952649,0.003328949,-41.2125,-1.0875,-47.4875,sitting
2033999642500387,-0.2632105,-0.33020952,9.739387,-0.09068057,-6.6578976E-4,-0.014780533,-41.15,-1.025,-47.475002,sitting
2033999662500387,-0.2440679,-0.3930211,9.815957,-0.086419515,0.0014647375,-0.020106852,-41.15,-0.9875,-47.5125,sitting
2033999682500387,-0.2632105,-0.4648058,9.830314,-0.05872266,0.0067910557,-0.008388951,-41.125,-1.0,-47.5875,sitting
2033999702500387,-0.2727818,-0.49351966,9.868599,-0.012916322,0.012117374,-0.0019973693,-41.100002,-1.0375,-47.662502,sitting
2033999722500387,-0.3062813,-0.48394838,9.87817,0.07550056,0.014247901,0.008655267,-41.1375,-1.1375,-47.675,sitting
2033999742500387,-0.2536392,-0.47916272,9.859028,0.2010685,-0.010253162,0.012916322,-41.2,-1.2375001,-47.662502,sitting
2033999762500387,-0.22971097,-0.4648058,9.825528,0.20959063,-0.049667917,0.020373167,-41.2125,-1.3125,-47.6125,sitting
2033999782500387,-0.25842485,-0.53659046,9.8015995,0.030759487,-0.027297381,0.00652474,-41.275,-1.4250001,-47.4625,sitting
2033999802500387,-0.3589234,-0.69930243,9.978668,-0.12370374,0.029161593,-0.019041587,-41.325,-1.45,-47.412502,sitting
2033999822500387,-0.3924229,-0.7471589,10.1802635,-0.09387636,0.035553172,-0.0105194785,-41.3375,-1.5125,-47.3625,sitting
2033999842500387,-0.28235307,-0.46002015,9.945169,0.008388951,3.9947388E-4,0.0022636852,-41.3875,-1.4625,-47.375,sitting
2033999862500387,-0.20578274,-0.3786642,9.595817,0.0041278964,0.0046605286,-0.0073236874,-41.375,-1.4375,-47.3,sitting
2033999882500387,-0.31106696,-0.33499518,9.820743,-0.062983714,0.017443692,-0.0030626329,-41.3375,-1.325,-47.350002,sitting
2033999902500387,-0.28235307,-0.31585258,9.839885,-0.096006885,0.0035952649,-0.009454215,-41.325,-1.1750001,-47.4625,sitting
2033999922500387,-0.17706887,-0.38823548,9.715458,-0.09494162,-6.6578976E-4,-0.021172116,-41.3,-1.1,-47.55,sitting
2033999942500387,-0.2632105,-0.30149564,9.839885,-0.042743705,0.013182637,-0.013715269,-41.275,-0.96250004,-47.6375,sitting
2033999962500387,-0.40677986,-0.18185452,9.811171,0.07869635,0.017443692,-0.0051931604,-41.25,-0.90000004,-47.7125,sitting
2033999982500387,-0.526421,-0.13399807,9.725029,0.18189377,-0.023036325,0.0054594763,-41.2375,-0.8,-47.8125,sitting
2034000002500387,-0.43070808,-0.16749759,9.638887,0.15752587,-0.04860265,0.019307904,-41.225002,-0.825,-47.7125,sitting
2034000022500387,-0.17706887,-0.28713873,9.638887,0.014780533,-0.016644744,0.0054594763,-41.25,-0.825,-47.6875,sitting
2034000042500387,0.14895321,-0.34516466,9.796814,-0.05659213,0.00785632,0.003328949,-41.287502,-0.9125,-47.675,sitting
2034000062500387,-0.01375873,-0.29671,9.815957,-0.00972053,-0.0017310535,0.0043942127,-41.275,-1.0375,-47.6375,sitting
2034000082500387,-0.46899325,-0.05742774,9.653245,0.008388951,-0.005992108,-0.0051931604,-41.3125,-1.1,-47.5875,sitting
2034000102500387,-0.3397808,-0.25842485,9.54796,-0.031025803,0.008921583,0.0011984216,-41.3625,-1.1750001,-47.55,sitting
2034000122500387,-0.20578274,-0.6658029,9.835099,-0.05872266,0.021704746,-0.0019973693,-41.3625,-1.275,-47.5125,sitting
2034000142500387,-0.3062813,-0.9912268,10.237692,-0.051265813,0.015313165,0.0011984216,-41.3875,-1.3875,-47.45,sitting
2034000162500387,-0.4642076,-1.0582259,10.424332,-0.027830012,0.0035952649,0.0043942127,-41.375,-1.375,-47.4375,sitting
2034000182500387,-0.46899325,-0.89072824,10.141979,-0.010785795,0.0014647375,-0.0019973693,-41.375,-1.3125,-47.4625,sitting
2034000202500387,-0.31585258,-0.5270192,9.835099,0.0019973693,-6.6578976E-4,0.003328949,-41.325,-1.1750001,-47.412502,sitting
2034000222500387,-0.44985065,-0.17706887,9.653245,0.0030626329,-0.0070573715,0.0011984216,-41.3,-1.025,-47.4,sitting
2034000242500387,-0.27756742,-0.2632105,9.643674,-0.011851058,-6.6578976E-4,1.3315796E-4,-41.25,-0.90000004,-47.3625,sitting
2034000262500387,0.010169496,-0.47916272,9.892527,0.02223738,-0.005992108,0.024634222,-41.15,-0.8,-47.3625,sitting
2034000282500387,-0.008973085,-0.52223355,9.916455,0.098936364,-0.013448954,0.042743705,-41.1125,-0.675,-47.350002,sitting
2034000302500387,-0.20578274,-0.46002015,9.830314,0.11917637,-0.027297381,0.045939494,-41.100002,-0.58750004,-47.3875,sitting
2034000322500387,-0.23449662,-0.3397808,9.854242,0.053130023,-0.027297381,0.055526868,-41.0875,-0.575,-47.412502,sitting
2034000342500387,-0.032901313,-0.31106696,9.744172,-0.015046849,3.9947388E-4,0.026764749,-41.0625,-0.6375,-47.375,sitting
2034000362500387,-0.08075777,-0.148355,9.648459,-0.03315633,0.01957422,-0.029694224,-41.125,-0.7625,-47.3625,sitting
2034000382500387,-0.3397808,0.11964113,9.5048895,-0.02996054,0.024900537,-0.006258424,-41.15,-0.875,-47.325,sitting
2034000402500387,-0.55034924,0.20578274,9.346964,-0.028895276,0.014247901,0.0054594763,-41.225002,-0.96250004,-47.375,sitting
2034000422500387,-0.5168497,0.043070808,9.480962,-0.03635212,0.013182637,-0.0126500055,-41.287502,-1.125,-47.3375,sitting
2034000442500387,-0.2105684,-0.6131608,9.926026,-0.042743705,0.00785632,0.0022636852,-41.3625,-1.1875,-47.45,sitting
2034000462500387,-0.11485548,-1.0103694,10.390832,-0.03528686,0.00785632,-0.0073236874,-41.3375,-1.2375001,-47.3375,sitting
2034000482500387,-0.3493521,-0.7471589,10.290334,-0.03635212,0.014247901,-0.013715269,-41.350002,-1.275,-47.412502,sitting
2034000502500387,-0.3062813,-0.42652065,9.69153,-0.055526868,0.015313165,-9.321057E-4,-41.3125,-1.1625,-47.45,sitting
2034000522500387,-0.124426775,-0.19621146,9.490533,-0.04167844,0.0046605286,0.0011984216,-41.2625,-1.0375,-47.5125,sitting
2034000542500387,-0.2009971,-0.2632105,9.629316,0.021172116,-0.021971062,-0.006258424,-41.225002,-0.975,-47.5125,sitting
2034000562500387,-0.3062813,-0.53180486,9.839885,0.058456343,-0.027297381,-0.0051931604,-41.1875,-0.925,-47.45,sitting
2034000582500387,-0.36370903,-0.80937225,10.031909,0.03715107,-0.016644744,-0.0030626329,-41.162502,-0.7875,-47.537502,sitting
2034000602500387,-0.3493521,-0.99601245,10.127622,-0.015046849,3.9947388E-4,-0.006258424,-41.125,-0.77500004,-47.525,sitting
2034000622500387,-0.31106696,-1.2783655,10.26162,-0.044874232,0.021704746,-0.006258424,-41.1125,-0.8125,-47.5875,sitting
2034000642500387,-0.19142582,-1.2735798,10.467402,-0.03315633,0.01957422,-0.0019973693,-41.125,-0.85,-47.600002,sitting
2034000662500387,-0.28713873,-0.5509474,10.342976,-0.01824264,0.009986847,-0.0030626329,-41.175,-0.95,-47.5875,sitting
2034000682500387,-0.19142582,0.08135597,9.203394,-0.019307904,-0.002796317,-0.008388951,-41.2,-1.075,-47.65,sitting
2034000702500387,0.14416756,0.18185452,9.040682,-0.01824264,-0.013448954,-0.021172116,-41.225002,-1.1125001,-47.725002,sitting
2034000722500387,-0.49292147,0.2009971,9.509675,-0.027830012,-0.010253162,-0.027563697,-41.2625,-1.1750001,-47.775,sitting
2034000742500387,-0.8039884,-0.019142581,9.677173,-0.04807002,0.0014647375,-0.0105194785,-41.275,-1.25,-47.7375,sitting
2034000762500387,-0.44985065,-0.23928227,9.8015995,-0.02996054,0.00785632,0.017177377,-41.3375,-1.275,-47.675,sitting
2034000782500387,-0.27756742,-0.32063824,9.782457,0.049934234,-0.0049268445,0.016112113,-41.375,-1.2125,-47.7375,sitting
2034000802500387,-0.1052842,-0.48873404,9.839885,0.12556796,-0.021971062,-0.0019973693,-41.375,-1.1375,-47.6875,sitting
2034000822500387,-0.01375873,-0.49830532,9.969097,0.109588996,-0.028362645,0.008655267,-41.3625,-1.0500001,-47.7375,sitting
2034000842500387,-0.27756742,-0.25842485,9.758529,0.0041278964,-0.021971062,0.0075900033,-41.3,-0.925,-47.7,sitting
2034000862500387,-0.3062813,-0.15314065,9.54796,-0.086419515,0.015313165,-0.024367906,-41.2375,-0.8625,-47.7,sitting
2034000882500387,-0.19621146,-0.29192436,9.648459,-0.074701615,0.027031064,-0.011584742,-41.1875,-0.77500004,-47.7375,sitting
2034000902500387,-0.33020952,-0.637089,9.835099,-0.013981585,0.009986847,0.00652474,-41.15,-0.7375,-47.7125,sitting
2034000922500387,-0.3062813,-0.8668,10.15155,0.008388951,0.002530001,-0.0051931604,-41.075,-0.7625,-47.787502,sitting
2034000942500387,-0.20578274,-0.9912268,10.15155,-0.0011984216,-0.0017310535,1.3315796E-4,-41.0625,-0.8,-47.662502,sitting
2034000962500387,-0.22971097,-0.9720842,9.959526,-0.015046849,-0.0049268445,-9.321057E-4,-41.075,-0.85,-47.675,sitting
2034000982500387,-0.44027936,-1.0630114,10.098908,-0.037417386,3.9947388E-4,-0.015845796,-41.125,-0.975,-47.65,sitting
2034001002500387,-0.33499518,-1.1300105,10.362119,-0.04700476,0.013182637,-0.01691106,-41.2,-1.1,-47.600002,sitting
2034001022500387,-0.3924229,-0.7375876,10.319048,-0.0022636852,0.012117374,0.008655267,-41.3125,-1.225,-47.575,sitting
2034001042500387,-0.41156548,0.047856454,9.543175,0.09147952,-0.013448954,0.012916322,-41.3875,-1.2875,-47.525,sitting
2034001062500387,-0.24885355,0.22013968,8.944969,0.16178691,-0.04114581,-0.014780533,-41.425,-1.3625001,-47.425,sitting
2034001082500387,-0.4881358,0.086141616,9.480962,0.129829,-0.030493172,0.0054594763,-41.4625,-1.3875,-47.4,sitting
2034001102500387,-0.4211368,-0.38344982,9.964312,0.0051931604,-0.017710008,0.039547913,-41.475002,-1.3625001,-47.350002,sitting
2034001122500387,-0.047258247,-0.67058855,10.103694,-0.08855004,0.021704746,-0.02543317,-41.475002,-1.325,-47.45,sitting
2034001142500387,-0.0424726,-0.53659046,10.017552,-0.072571084,0.037683703,-0.029694224,-41.3875,-1.2375001,-47.475002,sitting
2034001162500387,-0.13399807,-0.124426775,9.600603,-0.024634222,0.002530001,0.01824264,-41.3375,-1.1625,-47.5,sitting
2034001182500387,-0.38285163,0.13399807,9.294321,-0.0075900033,0.0067910557,-0.0073236874,-41.25,-1.0125,-47.4375,sitting
2034001202500387,-0.42592242,0.17228323,9.370892,9.321057E-4,0.0067910557,0.003328949,-41.2,-0.96250004,-47.412502,sitting
2034001222500387,-0.29671,-0.06699903,9.567103,-0.0075900033,-6.6578976E-4,0.0075900033,-41.175,-0.9125,-47.575,sitting
2034001242500387,0.010169496,-0.6658029,9.926026,-0.032091066,0.0046605286,-0.01691106,-41.162502,-0.8125,-47.525,sitting
2034001262500387,0.1058824,-0.6658029,10.017552,-0.050200548,0.008921583,-0.0051931604,-41.1875,-0.85,-47.65,sitting
2034001282500387,-0.13878371,-0.5174479,9.662816,-0.042743705,3.9947388E-4,-0.006258424,-41.225002,-0.9375,-47.5875,sitting
2034001302500387,-0.40677986,-0.45044887,9.643674,0.0019973693,-6.6578976E-4,1.3315796E-4,-41.325,-1.0500001,-47.55,sitting
2034001322500387,-0.38763726,-0.62751776,9.854242,0.08402267,-0.011318427,0.021438431,-41.375,-1.125,-47.525,sitting
2034001342500387,-0.41156548,-1.0486546,10.031909,0.14367743,-0.015579481,0.011851058,-41.4625,-1.3125,-47.5625,sitting
2034001362500387,-0.49292147,-1.3890336,10.290334,0.10532794,-0.020905798,0.0054594763,-41.4875,-1.3875,-47.575,sitting
2034001382500387,-0.5072784,-1.747957,10.505688,-0.015046849,-0.010253162,1.3315796E-4,-41.5125,-1.475,-47.4375,sitting
2034001402500387,-0.23449662,-1.9968106,10.625329,-0.09494162,0.03448791,-0.020106852,-41.5,-1.5625,-47.4625,sitting
2034001422500387,0.11545369,-1.9872392,10.687542,-0.057657395,0.023835273,-0.0073236874,-41.45,-1.5125,-47.412502,sitting
2034001442500387,-0.15792629,-0.91465646,10.874183,-0.025699485,0.002530001,-0.0041278964,-41.3875,-1.4125,-47.412502,sitting
2034001462500387,-0.061615184,0.5312066,8.863015,-0.06724477,0.020639483,-0.0126500055,-41.3,-1.25,-47.3875,sitting
2034001482500387,0.3499503,0.78065836,7.862217,-0.074701615,0.017443692,-0.0030626329,-41.275,-1.1625,-47.45,sitting
2034001502500387,-0.6125626,1.0247263,9.112467,-0.054461602,0.005725792,-0.019041587,-41.225002,-1.0,-47.45,sitting
2034001522500387,-1.5176477,0.71365935,9.452248,-0.055526868,0.0046605286,-0.040213704,-41.162502,-0.95,-47.425,sitting
2034001542500387,-0.75613195,0.09092726,9.457033,-0.05659213,3.9947388E-4,-0.02862896,-41.1375,-0.8875,-47.5125,sitting
2034001562500387,0.12502499,-0.28235307,9.787243,-0.039547913,0.0035952649,0.0043942127,-41.15,-0.825,-47.5875,sitting
2034001582500387,0.43609193,-0.8955139,9.993624,0.03395528,0.0014647375,0.023568958,-41.1875,-0.8625,-47.7625,sitting
2034001602500387,-0.09032906,-0.98644114,10.2520485,0.15859112,-0.019840535,0.013981585,-41.1875,-0.96250004,-47.8,sitting
2034001622500387,-0.4881358,-0.8333005,10.271192,0.21811274,-0.031558435,0.008655267,-41.2,-1.075,-47.975002,sitting
2034001642500387,-0.33020952,-0.79501534,9.882956,0.12237216,-0.043276336,0.023568958,-41.2125,-1.1875,-47.95,sitting
2034001662500387,-0.38763726,-0.503091,9.87817,-0.057657395,-0.01238369,0.0022636852,-41.2375,-1.3000001,-47.925,sitting
2034001682500387,-0.6412765,-0.4552345,9.763314,-0.13755217,0.05472792,-0.038083173,-41.3125,-1.35,-48.0125,sitting
2034001702500387,-0.45942193,-0.6466603,9.921241,-0.06617951,0.024900537,1.3315796E-4,-41.350002,-1.3375,-48.0,sitting
2034001722500387,-0.08554341,-0.7471589,10.027123,0.0030626329,-0.0049268445,0.0022636852,-41.325,-1.3625001,-47.850002,sitting
2034001742500387,-0.061615184,-0.503091,9.8015995,0.006258424,-0.0038615807,-0.0126500055,-41.3,-1.325,-47.7,sitting
2034001762500387,-0.33499518,-0.22013968,9.533604,-0.008655267,-0.0070573715,0.008655267,-41.275,-1.2375001,-47.55,sitting
2034001782500387,-0.47856453,-0.19142582,9.567103,-0.037417386,-0.008122635,-0.009454215,-41.287502,-1.225,-47.4,sitting
2034001802500387,-0.4546363,-0.3499503,9.753743,-0.08002793,0.0014647375,-0.01691106,-41.25,-1.2125,-47.3875,sitting
2034001822500387,-0.2536392,-0.651446,9.849456,-0.085354246,0.0067910557,0.0054594763,-41.2125,-1.1875,-47.425,sitting
2034001842500387,-0.22971097,-0.9816555,10.022338,-0.008655267,-0.009187899,0.012916322,-41.125,-1.15,-47.375,sitting
2034001862500387,-0.2440679,-1.0534402,10.189836,0.11491532,-0.021971062,0.011851058,-41.1375,-1.1625,-47.475002,sitting
2034001882500387,-0.26799613,-1.1347961,10.146765,0.19041587,-0.023036325,0.00652474,-41.1125,-1.1375,-47.55,sitting
2034001902500387,-0.2440679,-1.1347961,10.161121,0.129829,-0.027297381,0.04700476,-41.100002,-1.1625,-47.525,sitting
2034001922500387,-0.26799613,-0.68494546,10.218549,-0.037417386,-0.028362645,0.04061318,-41.15,-1.2375001,-47.525,sitting
2034001942500387,-0.31585258,-0.0,9.567103,-0.12370374,0.038748965,-0.063649505,-41.15,-1.25,-47.5,sitting
2034001962500387,-0.30149564,0.22492532,8.983254,-0.074701615,0.031292118,-0.014780533,-41.162502,-1.2875,-47.45,sitting
2034001982500387,-0.66041905,0.06699903,9.437891,0.009454215,-0.011318427,0.031025803,-41.2125,-1.375,-47.412502,sitting
2034002002500387,-0.5024927,-0.48873404,10.017552,0.050999496,-0.0017310535,-0.017976323,-41.275,-1.4125,-47.412502,sitting
2034002022500387,-0.11006984,-0.77587277,10.204192,0.019041587,-6.6578976E-4,0.00972053,-41.2625,-1.4375,-47.225002,sitting
2034002042500387,-0.16749759,-0.4456632,9.916455,-0.028895276,-0.0038615807,0.0075900033,-41.287502,-1.4875001,-47.2125,sitting
2034002062500387,-0.09990034,-0.13878371,9.457033,-0.028895276,0.0046605286,-0.02223738,-41.3125,-1.4875001,-47.25,sitting
2034002082500387,-0.29671,0.05742774,9.418748,-0.00972053,0.0035952649,0.008655267,-41.2625,-1.4125,-47.2625,sitting
2034002102500387,-0.41635114,0.124426775,9.509675,-0.0054594763,0.0067910557,-9.321057E-4,-41.275,-1.4,-47.3125,sitting
2034002122500387,-0.24885355,-0.16271193,9.538389,-0.023568958,0.01105211,-0.0051931604,-41.3,-1.3375,-47.3125,sitting
2034002142500387,-0.5024927,-0.3397808,9.811171,-0.021438431,-6.6578976E-4,0.011851058,-41.275,-1.2125,-47.425,sitting
2034002162500387,-0.5982057,-0.68494546,9.91167,0.047803707,-0.01238369,0.0022636852,-41.2625,-1.15,-47.425,sitting
2034002182500387,-0.38285163,-1.1922239,10.194621,-0.06617951,0.023835273,-0.0030626329,-41.2375,-1.125,-47.6875,sitting
2034002202500387,0.014955142,-1.3501502,10.290334,0.008388951,0.012117374,0.020373167,-41.225002,-1.075,-47.7125,sitting
2034002222500387,0.096311115,-1.3938192,9.984053,0.03502054,-0.017710008,0.0022636852,-41.225002,-1.0625,-47.7625,sitting
2034002242500387,-0.052043892,-1.4464613,10.051051,9.321057E-4,3.9947388E-4,-0.0041278964,-41.275,-1.075,-47.8125,sitting
2034002262500387,-0.09990034,-1.5326029,10.33819,0.006258424,0.002530001,0.011851058,-41.25,-1.0,-47.912502,sitting
2034002282500387,-0.27756742,-1.3310076,10.496117,0.013715269,-0.013448954,-0.0030626329,-41.2375,-1.0625,-47.9625,sitting
2034002302500387,-0.83748794,-0.42652065,10.280763,-0.020373167,0.0014647375,-0.0073236874,-41.25,-1.1125001,-47.912502,sitting
2034002322500387,-0.8662018,0.57906306,9.083753,-0.0075900033,-0.0017310535,0.00652474,-41.2625,-1.2,-47.9,sitting
2034002342500387,-0.3397808,0.6843473,8.374879,0.038216334,-0.023036325,-0.0051931604,-41.287502,-1.2125,-47.725002,sitting
2034002362500387,-0.15792629,0.11485548,9.2895355,0.029694224,-0.008122635,-9.321057E-4,-41.275,-1.25,-47.775,sitting
2034002382500387,0.19202402,-0.785444,10.189836,-0.0043942127,0.002530001,0.0043942127,-41.2625,-1.2375001,-47.6875,sitting
2034002402500387,-0.22971097,-0.7710871,10.357333,-0.013981585,3.9947388E-4,-0.0126500055,-41.2375,-1.2375001,-47.7,sitting
2034002422500387,-0.37806597,-0.42652065,9.796814,-0.010785795,0.0014647375,-0.013715269,-41.25,-1.2625,-47.6125,sitting
2034002442500387,-0.14356937,-0.21535404,9.457033,-0.015046849,-0.0070573715,-0.0126500055,-41.275,-1.2375001,-47.5625,sitting
2034002462500387,-0.38285163,-0.12921242,9.61496,-0.04807002,-0.002796317,-0.024367906,-41.225002,-1.2125,-47.537502,sitting
2034002482500387,-0.44985065,-0.42652065,9.7298155,-0.10879005,0.0014647375,-0.032890014,-41.175,-1.125,-47.525,sitting
2034002502500387,-0.35413775,-0.7040881,10.027123,-0.20253325,-0.029427908,-0.043409493,-41.175,-1.0625,-47.5125,sitting
2034002522500387,-0.22492532,-0.7902297,10.060623,-0.29308066,-0.051798444,-0.020106852,-41.1875,-1.025,-47.5125,sitting
2034002542500387,-0.17228323,-0.7328019,9.859028,-0.298407,-0.07310372,0.05659213,-41.175,-1.025,-47.537502,sitting
2034002562500387,-0.22492532,-0.60837513,9.758529,-0.17377113,-0.11771163,0.13009532,-41.175,-0.975,-47.5125,sitting
2034002582500387,-0.38763726,-0.5509474,9.782457,0.053130023,-0.08588688,0.10879005,-41.1875,-1.0,-47.55,sitting
2034002602500387,-0.526421,-0.7088737,9.887741,0.30120328,0.104795314,-0.02543317,-41.15,-0.975,-47.525,sitting
2034002622500387,-0.526421,-0.9194421,10.113265,0.5323655,0.26458487,-0.09241162,-41.1375,-0.975,-47.4875,sitting
2034002642500387,-0.36370903,-1.0677971,10.1802635,0.6058687,0.104795314,0.03528686,-41.2,-0.975,-47.537502,sitting
2034002662500387,-0.22971097,-0.948156,10.113265,0.239418,-0.12942953,0.12583427,-41.225002,-0.975,-47.55,sitting
2034002682500387,-0.19621146,-0.52223355,9.849456,-0.35486594,-0.0070573715,-0.05725792,-41.3,-1.0125,-47.537502,sitting
2034002702500387,-0.35413775,-0.11006984,9.495318,-0.44421494,0.15060164,-0.12330426,-41.3125,-1.025,-47.5625,sitting
2034002722500387,-0.3924229,-0.033499517,9.399606,-0.09494162,-0.06351634,0.0011984216,-41.287502,-1.0375,-47.525,sitting
2034002742500387,-0.30149564,-0.3062813,9.701101,0.118111104,-0.15180007,0.04167844,-41.287502,-0.9875,-47.55,sitting
2034002762500387,-0.29671,-0.57009,9.973883,0.07869635,-0.0017310535,0.008655267,-41.3125,-1.0,-47.5125,sitting
2034002782500387,-0.20578274,-0.49830532,9.926026,0.011584742,0.030226856,0.016112113,-41.350002,-1.0,-47.5,sitting
2034002802500387,-0.12921242,-0.2536392,9.571889,-0.06831003,0.009986847,0.00972053,-41.3,-1.0625,-47.3875,sitting
2034002822500387,-0.17706887,-0.033499517,9.500104,-0.1130511,0.036618438,-0.034887385,-41.3,-1.1,-47.4,sitting
2034002842500387,-0.148355,0.09571291,9.3613205,-0.04167844,0.031292118,-0.0051931604,-41.2125,-1.075,-47.3375,sitting
2034002862500387,-0.39720857,-0.043070808,9.442677,0.026498433,0.020639483,0.017177377,-41.225002,-1.075,-47.3125,sitting
2034002882500387,-0.6795616,-0.23449662,9.796814,0.031824753,0.008921583,-0.0105194785,-41.25,-1.0625,-47.4375,sitting
2034002902500387,-0.7465607,-0.81894356,9.916455,0.008388951,-6.6578976E-4,-9.321057E-4,-41.25,-1.0500001,-47.4625,sitting
2034002922500387,-0.6795616,-1.7958134,10.2520485,0.0019973693,0.00785632,0.03315633,-41.2375,-1.0500001,-47.65,sitting
2034002942500387,-0.14356937,-2.2360928,11.012966,0.011584742,0.0067910557,0.024634222,-41.2125,-1.0375,-47.725002,sitting
2034002962500387,0.3786642,-2.0207388,10.77847,0.029694224,-0.021971062,-0.0030626329,-41.225002,-1.0125,-47.7625,sitting
2034002982500387,0.3930211,-1.4703895,9.873384,0.053130023,-0.0326237,0.0011984216,-41.225002,-0.96250004,-47.7375,sitting
2034003002500387,-0.38285163,-0.39780676,9.835099,0.07123951,-0.020905798,0.003328949,-41.2625,-1.0,-47.8,sitting
2034003022500387,-1.0145568,0.7040881,9.58146,0.07443529,0.0067910557,-0.0051931604,-41.275,-0.9875,-47.8375,sitting
2034003042500387,-0.32542387,0.8859426,8.260024,0.027563697,0.0259658,-0.008388951,-41.25,-1.0375,-47.7625,sitting
2034003062500387,-0.32063824,0.2727818,8.915657,-0.038482647,0.029161593,-0.009454215,-41.25,-1.125,-47.675,sitting
2034003082500387,-0.28235307,-0.78065836,10.290334,-0.06617951,0.017443692,-0.0051931604,-41.3125,-1.125,-47.5875,sitting
2034003102500387,-0.0041874396,-1.0773684,10.615758,-0.050200548,0.00785632,-0.017976323,-41.350002,-1.1875,-47.600002,sitting
2034003122500387,-0.17228323,-0.6658029,9.926026,-0.024634222,-0.0038615807,-0.024367906,-41.4,-1.1750001,-47.6375,sitting
2034003142500387,-0.19142582,-0.12921242,9.375677,-0.026764749,-0.011318427,-0.01691106,-41.4,-1.2375001,-47.65,sitting
2034003162500387,-0.23449662,-0.014356935,9.366106,-0.032091066,-0.0049268445,-0.014780533,-41.3625,-1.2625,-47.5875,sitting
2034003182500387,-0.4642076,-0.19142582,9.61496,-0.02996054,3.9947388E-4,-0.013715269,-41.325,-1.3000001,-47.537502,sitting
2034003202500387,-0.6795616,-0.5796613,9.873384,-0.010785795,-6.6578976E-4,0.0022636852,-41.3375,-1.2625,-47.5625,sitting
2034003222500387,-0.64606214,-0.9912268,10.146765,0.053130023,-0.008122635,0.017177377,-41.275,-1.2375001,-47.5625,sitting
2034003242500387,-0.38285163,-1.2975081,10.299905,0.11491532,-0.017710008,0.015046849,-41.2,-1.225,-47.600002,sitting
2034021922500820,0.005383851,-1.4464613,10.285548,0.109588996,-0.014514217,0.00972053,-41.125,-1.15,-47.675,sitting
2034021942500820,-0.037686955,-1.16351,10.165907,0.05206476,-6.6578976E-4,0.00972053,-41.075,-1.1125001,-47.662502,sitting
2034021962500820,-0.49292147,-0.5605187,9.897313,-0.008655267,0.012117374,1.3315796E-4,-41.025,-1.1125001,-47.6875,sitting
2034021982500820,-0.5455636,-0.17228323,9.595817,-0.04167844,0.009986847,-0.0073236874,-41.025,-1.075,-47.7625,sitting
2034022002500820,-0.31106696,0.033499517,9.457033,-0.021438431,-6.6578976E-4,-0.006258424,-40.9875,-1.025,-47.7625,sitting
2034022022500820,-0.2009971,-0.12921242,9.423533,0.0105194785,-0.009187899,-0.0051931604,-40.9375,-1.075,-47.775,sitting
2034022042500820,-0.19142582,-0.46002015,9.777672,-0.0054594763,0.0014647375,-0.0019973693,-40.9375,-1.025,-47.787502,sitting
2034022062500820,-0.21535404,-0.5509474,10.00798,-0.03528686,0.0014647375,-0.0041278964,-40.9,-1.0125,-47.8375,sitting
2034022082500820,-0.22013968,-0.41694933,9.7681,-0.032091066,-0.002796317,-0.006258424,-40.9,-1.025,-47.7125,sitting
2034022102500820,-0.2440679,-0.22492532,9.576674,0.006258424,0.0046605286,0.00972053,-40.912502,-1.0500001,-47.787502,sitting
2034022122500820,-0.27756742,-0.18185452,9.562318,0.05206476,-0.005992108,0.020373167,-40.925,-1.0375,-47.825,sitting
2034022142500820,-0.34456646,-0.29192436,9.681958,0.05526055,-0.008122635,0.008655267,-40.925,-1.0500001,-47.7125,sitting
2034022162500820,-0.4642076,-0.49830532,9.7681,0.017976323,0.00785632,0.00652474,-40.9,-1.0875,-47.7375,sitting
2034022182500820,-0.5886344,-0.8045866,9.940384,-0.011851058,0.01105211,0.00652474,-40.9,-1.0875,-47.775,sitting
2034022202500820,-0.55034924,-1.2400804,10.1802635,-0.013981585,0.0035952649,-0.006258424,-40.912502,-1.1,-47.7625,sitting
2034022222500820,-0.26799613,-1.5373886,10.438689,-0.008655267,-0.002796317,-0.008388951,-40.9375,-1.0500001,-47.7,sitting
2034022242500820,-0.071186475,-1.4081762,10.419546,-0.0075900033,0.002530001,1.3315796E-4,-40.9375,-1.0,-47.65,sitting
2034022262500820,-0.41156548,-0.85244304,10.060623,0.015845796,-0.17736639,-0.0073236874,-40.925,-0.96250004,-47.725002,sitting
2034022282500820,-0.51206404,-0.13399807,9.686745,0.12556796,-0.2561959,-0.026498433,-40.912502,-0.8875,-47.775,sitting
2034022302500820,-0.29671,0.24885355,9.208179,0.08295741,-0.010253162,0.0022636852,-40.8875,-0.85,-47.9,sitting
2034022322500820,-0.11964113,0.18185452,9.0646105,-0.09387636,0.1314269,0.049135286,-40.9,-0.8,-48.037502,sitting
2034022342500820,-0.16271193,-0.36430725,9.638887,-0.14074796,0.12183953,0.024634222,-40.925,-0.7625,-48.025,sitting
2034022362500820,-0.23928227,-0.5557331,10.165907,-0.07150582,0.09094688,-0.008388951,-40.975002,-0.75,-48.075,sitting
2034022382500820,-0.22971097,-0.52223355,9.796814,0.03395528,0.055793185,-0.024367906,-40.9875,-0.825,-48.05,sitting
2034022402500820,-0.29671,-0.3595216,9.619745,0.109588996,0.014247901,-0.023302643,-41.0125,-0.90000004,-48.1375,sitting
2034022422500820,-0.31585258,-0.27756742,9.701101,0.053130023,-0.028362645,0.027830012,-41.037502,-0.9875,-48.0,sitting
2034022442500820,-0.3684947,-0.42652065,9.696316,-0.09068057,0.0259658,-0.011584742,-41.075,-1.075,-47.9,sitting
2034022462500820,-0.526421,-0.7328019,9.863813,-0.09387636,0.052597392,-0.019041587,-41.0875,-1.0500001,-47.875,sitting
2034022482500820,-0.5407779,-1.1970096,10.18505,-0.00652474,0.0046605286,0.010785795,-41.125,-1.0875,-47.75,sitting
2034022502500820,-0.44506502,-1.3938192,10.467402,0.02223738,-0.0070573715,0.0054594763,-41.1125,-1.0875,-47.787502,sitting
2034022522500820,-0.45942193,-1.1970096,10.37169,-0.02996054,-0.08482162,0.03315633,-41.100002,-1.0625,-47.787502,sitting
2034022542500820,-0.46899325,-0.7328019,9.964312,0.011584742,-0.17097482,-0.024367906,-41.075,-1.025,-47.7625,sitting
2034022562500820,-0.22971097,-0.062213387,9.58146,0.07550056,-0.050733183,-0.07217161,-41.05,-0.975,-47.7625,sitting
2034022582500820,-0.11485548,0.2727818,9.050254,0.031824753,0.09094688,-0.0030626329,-41.0125,-0.875,-47.8125,sitting
2034022602500820,-0.21535404,-0.009571291,9.169894,-0.032091066,0.09840373,0.019307904,-40.9375,-0.8,-47.8625,sitting
2034022622500820,-0.2440679,-0.53659046,10.00798,-0.084288985,0.035553172,-0.0051931604,-40.95,-0.8,-47.850002,sitting
2034022642500820,-0.30149564,-0.71365935,10.204192,-0.073636346,-0.009187899,-0.0073236874,-40.95,-0.77500004,-47.8375,sitting
2034022662500820,-0.33020952,-0.57009,9.820743,-0.008655267,0.017443692,-0.009454215,-40.9375,-0.7625,-47.8375,sitting
2034022682500820,-0.29192436,-0.3595216,9.643674,0.02223738,0.0067910557,0.00652474,-40.912502,-0.7625,-47.850002,sitting
2034022702500820,-0.23928227,-0.35473597,9.643674,0.015845796,-0.01238369,0.0054594763,-40.925,-0.75,-47.9375,sitting
2034022722500820,-0.27756742,-0.48394838,9.748958,-0.00652474,0.015313165,-0.006258424,-40.9625,-0.8125,-47.975002,sitting
2034022742500820,-0.4019942,-0.718445,9.873384,-0.0011984216,0.02277001,0.012916322,-41.0,-0.90000004,-47.9375,sitting
2034022762500820,-0.44985065,-0.9290134,10.065409,0.056325816,-0.0017310535,0.023568958,-41.025,-0.96250004,-47.9,sitting
2034022782500820,-0.5168497,-1.1204392,10.18505,0.11171953,-0.01238369,0.021438431,-41.037502,-0.975,-47.8375,sitting
2034022802500820,-0.5072784,-1.0390832,10.266405,0.09361004,-0.0017310535,0.024634222,-41.0,-1.025,-47.8625,sitting
2034022822500820,-0.39720857,-0.75194454,10.022338,0.015845796,3.9947388E-4,0.017177377,-41.025,-1.0500001,-47.7625,sitting
2034022842500820,-0.3062813,-0.25842485,9.667602,-0.02996054,-0.002796317,-0.006258424,-41.05,-1.1,-47.7375,sitting
2034022862500820,-0.2009971,0.09571291,9.275179,-0.020373167,3.9947388E-4,-0.009454215,-41.0875,-1.125,-47.7375,sitting
2034022882500820,-0.16271193,-0.062213387,9.2895355,-0.017177377,0.0035952649,-0.0073236874,-41.037502,-1.025,-47.725002,sitting
2034022902500820,-0.23449662,-0.36909288,9.815957,-0.06617951,0.020639483,-0.019041587,-41.0125,-0.9125,-47.7625,sitting
2034022922500820,-0.29192436,-0.47916272,9.949955,-0.1279648,0.031292118,-0.026498433,-40.975002,-0.8,-47.7625,sitting
2034022942500820,-0.3062813,-0.38823548,9.69153,-0.16524902,0.029161593,-0.031824753,-40.912502,-0.7375,-47.8625,sitting
2034022962500820,-0.31585258,-0.31585258,9.638887,-0.15672691,0.008921583,-0.02862896,-40.912502,-0.65000004,-47.9,sitting
2034022982500820,-0.3397808,-0.39780676,9.672387,-0.096006885,-0.015579481,-0.027563697,-40.8875,-0.625,-47.95,sitting
2034023002500820,-0.4019942,-0.8141579,9.854242,-0.003328949,-0.010253162,-0.0126500055,-40.8875,-0.58750004,-47.975002,sitting
2034023022500820,-0.36370903,-1.1252248,10.2520485,0.11704584,0.017443692,0.027830012,-40.8625,-0.58750004,-47.9875,sitting
2034023042500820,-0.3397808,-1.1970096,10.266405,0.21491694,0.0014647375,0.04167844,-40.875,-0.6,-47.975002,sitting
2034023062500820,-0.47856453,-0.95772725,10.07498,0.19041587,-0.033688962,0.026764749,-40.9,-0.675,-47.975002,sitting
2034023082500820,-0.55513483,-0.79501534,9.887741,0.07017424,-0.028362645,0.023568958,-40.9,-0.75,-47.975002,sitting
2034023102500820,-0.4881358,-0.69930243,10.003195,0.0041278964,0.0046605286,0.017177377,-40.9625,-0.85,-47.912502,sitting
2034023122500820,-0.30149564,-0.4408776,9.892527,0.023302643,0.005725792,0.0043942127,-41.025,-0.95,-47.9,sitting
2034023142500820,-0.22013968,-0.13399807,9.490533,0.024367906,0.0046605286,0.0022636852,-41.075,-1.0125,-47.8875,sitting
2034023162500820,-0.23449662,-0.023928227,9.327821,-0.0075900033,0.012117374,0.0011984216,-41.037502,-1.0875,-47.8375,sitting
2034023182500820,-0.11006984,-0.16271193,9.557532,-0.042743705,0.021704746,-0.006258424,-41.037502,-1.0875,-47.7375,sitting
2034023202500820,-0.22492532,-0.33499518,9.758529,-0.05872266,0.020639483,-0.006258424,-41.025,-1.1375,-47.65,sitting
2034023222500820,-0.36370903,-0.43130627,9.782457,-0.09281109,0.016378429,-0.019041587,-41.0,-1.1,-47.5875,sitting
2034023242500820,-0.3493521,-0.41694933,9.772886,-0.15459639,0.008921583,-0.03701791,-41.037502,-1.0875,-47.675,sitting
2034023262500820,-0.35413775,-0.4552345,9.7298155,-0.1833585,0.01105211,-0.02543317,-41.0,-1.0375,-47.7,sitting
2034023282500820,-0.37806597,-0.7328019,9.806385,-0.15779218,0.029161593,-9.321057E-4,-40.95,-0.95,-47.6875,sitting
2034023302500820,-0.2727818,-0.8333005,10.113265,-0.03315633,0.032357384,0.01824264,-40.9,-0.8625,-47.7125,sitting
2034023322500820,-0.25842485,-0.8859426,9.935597,0.15965639,0.01105211,0.038482647,-40.95,-0.7625,-47.787502,sitting
2034023342500820,-0.3924229,-0.86201435,9.835099,0.29481173,-0.026232118,0.073636346,-40.925,-0.7,-47.8875,sitting
2034023362500820,-0.5168497,-1.0295119,10.022338,0.26072326,-0.03581949,0.08109319,-40.912502,-0.65000004,-47.975002,sitting
2034023382500820,-0.5982057,-1.1539388,10.309476,0.06910898,-0.0017310535,0.034221593,-40.850002,-0.6875,-48.0125,sitting
2034023402500820,-0.5886344,-1.0007981,10.285548,-0.07789741,0.024900537,-0.011584742,-40.850002,-0.71250004,-47.975002,sitting
2034023422500820,-0.44506502,-0.5988039,9.959526,-0.07044056,0.023835273,-0.0126500055,-40.875,-0.7375,-47.925,sitting
2034023442500820,-0.12921242,-0.02871387,9.452248,0.0041278964,0.002530001,-0.006258424,-40.9375,-0.83750004,-47.95,sitting
2034023462500820,-0.0041874396,0.17706887,9.040682,0.026498433,-0.01238369,-0.0126500055,-40.975002,-0.90000004,-47.8875,sitting
2034023482500820,-0.23928227,-0.033499517,9.351749,-0.044874232,0.0067910557,-0.020106852,-40.925,-1.0,-47.8125,sitting
2034023502500820,-0.32063824,-0.4743771,10.003195,-0.086419515,0.016378429,-0.02223738,-40.95,-1.0125,-47.775,sitting
2034023522500820,-0.31585258,-0.57487565,10.036695,-0.04700476,0.0014647375,-0.017976323,-41.0125,-1.0625,-47.8125,sitting
2034023542500820,-0.29192436,-0.4648058,9.696316,0.014780533,-0.010253162,1.3315796E-4,-41.075,-1.0500001,-47.775,sitting
2034023562500820,-0.2727818,-0.28235307,9.653245,0.098936364,-0.025166854,0.00652474,-41.1125,-0.9875,-47.7625,sitting
2034023582500820,-0.2536392,-0.23449662,9.571889,0.27563697,-0.11771163,-0.060453713,-41.0625,-0.9875,-47.7625,sitting
2034023602500820,-0.38763726,-0.4456632,9.595817,0.1649827,-0.036884755,0.015046849,-40.9875,-0.9125,-47.7125,sitting
2034023622500820,-0.5312066,-0.75194454,9.973883,-0.010785795,0.0259658,0.032091066,-40.9625,-0.875,-47.8125,sitting
2034023642500820,-0.4833502,-1.0630114,10.189836,-0.07576688,0.027031064,-0.013715269,-40.9875,-0.8,-47.8875,sitting
2034023662500820,-0.3397808,-1.4416757,10.118051,-0.08322372,0.045140546,0.020373167,-40.9625,-0.83750004,-47.8125,sitting
2034023682500820,-0.33020952,-1.6043876,10.357333,-0.023568958,0.018508956,0.017177377,-40.8875,-0.825,-47.8,sitting
2034023702500820,-0.526421,-1.326222,10.572687,0.014780533,-0.011318427,-0.02543317,-40.8625,-0.85,-47.850002,sitting
2034023722500820,-0.5982057,-0.75194454,10.065409,-0.032091066,-0.010253162,-0.013715269,-40.8125,-0.925,-47.7375,sitting
2034023742500820,-0.3924229,0.0047856453,9.495318,-0.10239847,0.013182637,-0.020106852,-40.875,-0.925,-47.8,sitting
2034023762500820,0.005383851,0.40677986,8.891729,-0.12903006,0.0035952649,-0.04554002,-40.8875,-0.9375,-47.7625,sitting
2034023782500820,-0.11964113,0.18185452,8.983254,-0.11944269,-0.013448954,-0.060453713,-40.9,-0.96250004,-47.7375,sitting
2034023802500820,-0.28713873,-0.4408776,9.897313,-0.073636346,-0.020905798,-0.04554002,-40.825,-0.95,-47.6875,sitting
2034023822500820,-0.27756742,-0.7088737,10.242477,0.021172116,0.0014647375,0.020373167,-40.8375,-0.9375,-47.7375,sitting
2034023842500820,-0.33020952,-0.5940182,9.849456,0.097871095,0.012117374,0.060853187,-40.8625,-0.8875,-47.7625,sitting
2034023862500820,-0.29192436,-0.3397808,9.643674,0.064847924,0.015313165,0.05659213,-40.825,-0.825,-47.7625,sitting
2034023882500820,-0.24885355,-0.36430725,9.595817,0.0073236874,0.008921583,0.019307904,-40.825,-0.7375,-47.9375,sitting
2034023902500820,-0.36370903,-0.4743771,9.744172,-0.023568958,0.0067910557,-0.019041587,-40.775,-0.6625,-47.925,sitting
2034023922500820,-0.44985065,-0.6945168,9.902099,-0.02996054,0.030226856,0.022503695,-40.75,-0.6,-47.975002,sitting
2034023942500820,-0.44506502,-1.0247263,9.998409,0.042477388,0.020639483,0.042743705,-40.7,-0.52500004,-47.9,sitting
2034023962500820,-0.44985065,-1.3310076,10.242477,0.09041425,-0.0070573715,0.00972053,-40.7375,-0.475,-48.025,sitting
2034023982500820,-0.49292147,-1.3501502,10.4051895,0.03502054,-0.013448954,1.3315796E-4,-40.7,-0.5125,-47.9875,sitting
2034024002500820,-0.4833502,-1.1395818,10.256834,-0.049135286,0.013182637,0.0022636852,-40.6875,-0.5625,-47.9375,sitting
2034024022500820,-0.40677986,-0.60358953,9.916455,-0.05339634,0.016378429,-0.009454215,-40.7375,-0.6625,-47.9375,sitting
2034024042500820,-0.28713873,0.0526421,9.47139,-0.003328949,-0.0049268445,-0.006258424,-40.787502,-0.8125,-47.9375,sitting
2034024062500820,-0.148355,0.2536392,8.973683,0.0030626329,-0.0070573715,-0.0019973693,-40.8,-0.9125,-47.95,sitting
2034024082500820,-0.18664017,-0.10049855,9.294321,-0.03315633,-0.0070573715,-0.0105194785,-40.825,-0.96250004,-47.95,sitting
2034024102500820,-0.2632105,-0.5461618,10.070194,-0.08109319,-0.010253162,-0.024367906,-40.8625,-1.0875,-48.0,sitting
2034024122500820,-0.32542387,-0.6801598,10.098908,-0.11092058,-0.0038615807,-0.029694224,-40.850002,-1.1375,-47.8875,sitting
2034024142500820,-0.32063824,-0.5174479,9.7681,-0.10985532,0.0014647375,-0.017976323,-40.875,-1.075,-47.9,sitting
2034024162500820,-0.16749759,-0.28235307,9.638887,-0.06724477,0.014247901,1.3315796E-4,-40.875,-1.075,-47.9625,sitting
2034024182500820,-0.18185452,-0.26799613,9.533604,-1.3315796E-4,0.018508956,1.3315796E-4,-40.850002,-1.0125,-47.9375,sitting
2034024202500820,-0.36370903,-0.37387854,9.643674,0.044607915,0.005725792,-0.0019973693,-40.775,-0.83750004,-47.912502,sitting
2034024222500820,-0.5024927,-0.58923256,9.849456,0.058456343,-6.6578976E-4,0.00972053,-40.787502,-0.7875,-47.875,sitting
2034024242500820,-0.5694918,-0.8859426,10.065409,0.049934234,0.0067910557,0.013981585,-40.75,-0.75,-47.875,sitting
2034024262500820,-0.5168497,-1.1922239,10.1802635,0.03502054,3.9947388E-4,0.008655267,-40.7375,-0.7375,-47.9,sitting
2034024282500820,-0.37328035,-1.3890336,10.2520485,0.047803707,0.0035952649,0.017177377,-40.775,-0.71250004,-47.912502,sitting
2034024302500820,-0.37806597,-1.2257234,10.342976,0.08189214,0.013182637,0.037417386,-40.8125,-0.75,-47.9375,sitting
2034024322500820,-0.5312066,-0.8811569,10.065409,0.09041425,-0.0070573715,0.038482647,-40.825,-0.7875,-47.8625,sitting
2034024342500820,-0.4642076,-0.35473597,9.772886,0.05526055,-0.023036325,0.021438431,-40.8125,-0.83750004,-47.8,sitting
2034024362500820,-0.16749759,-0.023928227,9.370892,-0.003328949,-0.011318427,0.0043942127,-40.9,-0.9125,-47.7625,sitting
2034024382500820,-0.14356937,0.0047856453,9.270393,-0.032091066,0.0067910557,-0.0030626329,-40.9,-0.975,-47.8125,sitting
2034024402500820,-0.22013968,-0.21535404,9.624531,-0.01824264,0.0046605286,-0.0041278964,-40.9625,-1.0500001,-47.8,sitting
2034024422500820,-0.2440679,-0.50787663,9.949955,-0.010785795,0.0014647375,-0.0073236874,-40.9625,-1.0375,-47.850002,sitting
2034024442500820,-0.27756742,-0.53180486,9.87817,-0.024634222,0.005725792,-0.0073236874,-40.9625,-1.1125001,-47.8875,sitting
2034024462500820,-0.20578274,-0.421735,9.715458,-0.03528686,0.009986847,-0.009454215,-40.95,-1.15,-47.875,sitting
2034024482500820,-0.26799613,-0.2440679,9.662816,-0.028895276,0.009986847,-0.0126500055,-40.95,-1.1125001,-47.95,sitting
2034024502500820,-0.22013968,-0.24885355,9.557532,-0.024634222,0.012117374,-0.014780533,-40.975002,-1.0875,-48.037502,sitting
2034024522500820,-0.29671,-0.40259242,9.667602,0.1532648,-0.06351634,-0.0988032,-40.9,-1.0375,-48.100002,sitting
2034024542500820,-0.44985065,-0.5940182,9.839885,0.42051283,-0.24128221,-0.2830938,-40.8375,-0.96250004,-48.025,sitting
2034024562500820,-0.55513483,-0.8859426,10.00798,0.066978455,0.080294244,-0.07217161,-40.787502,-0.8875,-47.9625,sitting
2034024582500820,-0.5168497,-1.1012967,10.208978,-0.29308066,0.14207953,0.14394376,-40.775,-0.85,-47.9,sitting
2034024602500820,-0.37806597,-1.1587243,10.2520485,-0.2067943,0.030226856,0.074701615,-40.75,-0.75,-47.7625,sitting
2034024622500820,-0.38285163,-0.9912268,10.084551,-0.003328949,0.012117374,-0.013715269,-40.7125,-0.6625,-47.8,sitting
2034024642500820,-0.47856453,-0.75194454,9.906884,0.030759487,0.01957422,0.00972053,-40.7,-0.6,-47.787502,sitting
2034024662500820,-0.44027936,-0.60358953,9.916455,0.059521604,0.002530001,0.03315633,-40.7125,-0.55,-47.8,sitting
2034024682500820,-0.33499518,-0.36909288,9.796814,0.0105194785,-6.6578976E-4,0.0011984216,-40.7375,-0.58750004,-47.7625,sitting
2034024702500820,-0.19621146,-0.13399807,9.519247,-0.07896267,0.030226856,-0.0105194785,-40.787502,-0.6,-47.8875,sitting
2034024722500820,-0.11964113,-0.047856454,9.380463,-0.09707215,0.032357384,-0.02223738,-40.825,-0.6875,-47.8875,sitting
2034024742500820,-0.18664017,-0.19621146,9.533604,-0.054461602,0.0067910557,-0.04234423,-40.8625,-0.7375,-47.8625,sitting
2034024762500820,-0.22013968,-0.4408776,9.849456,-0.016112113,-0.020905798,-0.04447476,-40.925,-0.825,-47.9625,sitting
2034024782500820,-0.32063824,-0.38344982,9.849456,-0.026764749,-0.029427908,-0.038083173,-40.975002,-0.9375,-47.9875,sitting
2034024802500820,-0.29192436,-0.38823548,9.629316,-0.045939494,-0.037950017,-0.03701791,-40.9875,-1.0,-47.925,sitting
2034024822500820,-0.29671,-0.37387854,9.710672,-0.0075900033,-0.021971062,-0.029694224,-40.9625,-1.0875,-47.95,sitting
2034024842500820,-0.4019942,-0.4648058,9.7681,0.098936364,-0.005992108,0.015046849,-41.0125,-1.125,-47.8875,sitting
2034024862500820,-0.47377887,-0.67058855,9.84467,0.13515532,-0.015579481,0.057657395,-41.0125,-1.2125,-47.825,sitting
2034024882500820,-0.46899325,-0.9625129,10.060623,0.04034686,0.002530001,0.064048976,-41.0,-1.2,-47.912502,sitting
2034024902500820,-0.36370903,-1.082154,10.213763,-0.026764749,0.029161593,0.03635212,-40.975002,-1.1750001,-47.9875,sitting
2034024922500820,-0.31585258,-0.9768698,10.089336,0.009454215,0.012117374,0.003328949,-40.9,-1.125,-47.9875,sitting
2034024942500820,-0.5168497,-0.6753742,9.91167,0.03395528,-0.0017310535,0.022503695,-40.8625,-1.0500001,-47.9,sitting
2034024962500820,-0.526421,-0.637089,9.772886,0.04567318,3.9947388E-4,0.037417386,-40.850002,-0.9875,-48.0625,sitting
2034024982500820,-0.2632105,-0.6418747,9.954741,0.03395528,0.0035952649,0.008655267,-40.8625,-0.95,-48.100002,sitting
2034025002500820,-0.16271193,-0.5796613,9.825528,-0.0043942127,-0.0017310535,-0.006258424,-40.8,-0.875,-48.125,sitting
2034025022500820,-0.37328035,-0.4121637,9.772886,-0.05659213,0.008921583,-0.011584742,-40.8125,-0.8125,-48.0625,sitting
2034025042500820,-0.22492532,-0.11006984,9.610174,-0.07044056,0.016378429,-0.019041587,-40.8,-0.77500004,-48.0125,sitting
2034025062500820,-0.15792629,-0.11964113,9.337392,-0.05339634,-0.011318427,-0.02223738,-40.825,-0.8125,-47.95,sitting
2034025082500820,-0.26799613,-0.29192436,9.662816,-0.06617951,-0.017710008,-0.03395528,-40.850002,-0.8625,-47.912502,sitting
2034025102500820,-0.29192436,-0.503091,9.921241,-0.1130511,-0.01238369,-0.03914844,-40.8625,-0.9375,-47.850002,sitting
2034025122500820,-0.3062813,-0.67058855,9.868599,-0.15353112,-0.014514217,-0.03395528,-40.9,-1.0125,-47.65,sitting
2034025142500820,-0.4977071,-0.6227321,9.940384,-0.13116059,-0.018775271,-0.02223738,-40.8875,-1.0500001,-47.537502,sitting
2034025162500820,-0.45942193,-0.67058855,9.973883,-0.042743705,-6.6578976E-4,-0.0019973693,-40.95,-1.1125001,-47.5125,sitting
2034025182500820,-0.2632105,-0.60358953,9.859028,0.077631086,0.037683703,0.020373167,-40.9625,-1.1375,-47.537502,sitting
2034025202500820,-0.31585258,-0.46959144,9.710672,0.17243955,0.04620581,0.03528686,-40.9625,-1.1125001,-47.55,sitting
2034025222500820,-0.3589234,-0.43130627,9.705887,0.18295904,0.012117374,0.051265813,-40.95,-1.0500001,-47.675,sitting
2034025242500820,-0.3397808,-0.52223355,9.830314,0.08295741,-0.01238369,0.04061318,-40.9375,-0.9875,-47.662502,sitting
2034025262500820,-0.34456646,-0.7710871,9.906884,-0.038482647,0.016378429,-9.321057E-4,-40.925,-0.8625,-47.775,sitting
2034025282500820,-0.43070808,-0.8859426,10.103694,-0.073636346,0.032357384,-0.011584742,-40.8875,-0.75,-47.8875,sitting
2034025302500820,-0.49292147,-0.95772725,10.165907,-0.013981585,0.009986847,0.0075900033,-40.925,-0.6625,-47.975002,sitting
2034025322500820,-0.3589234,-0.7375876,10.089336,0.049934234,-0.027297381,0.0011984216,-40.8875,-0.625,-47.975002,sitting
2034025342500820,-0.23449662,-0.2536392,9.686745,0.039281595,-0.018775271,-9.321057E-4,-40.875,-0.65000004,-48.025,sitting
2034025362500820,-0.18185452,0.023928227,9.25125,-0.016112113,-0.002796317,0.0054594763,-40.9,-0.725,-48.0125,sitting
2034025382500820,-0.12921242,-0.06699903,9.351749,-0.03315633,0.002530001,-0.0073236874,-40.9375,-0.77500004,-47.925,sitting
2034025402500820,-0.20578274,-0.46002015,9.787243,-0.0043942127,0.0035952649,-0.0073236874,-40.975002,-0.8625,-47.9875,sitting
2034025422500820,-0.3924229,-0.53180486,10.065409,0.0051931604,0.002530001,1.3315796E-4,-41.025,-0.95,-47.95,sitting
2034025442500820,-0.38285163,-0.5844469,9.796814,-0.012916322,0.0035952649,1.3315796E-4,-41.075,-1.0500001,-47.9,sitting
2034025462500820,-0.46899325,-0.53659046,9.825528,-0.019307904,0.005725792,1.3315796E-4,-41.0625,-1.15,-47.8375,sitting
2034025482500820,-0.4977071,-0.5174479,9.969097,-0.003328949,0.0046605286,1.3315796E-4,-41.075,-1.1750001,-47.9,sitting
2034025502500820,-0.32063824,-0.637089,9.8015995,0.0030626329,0.0035952649,-0.0019973693,-41.075,-1.125,-47.8625,sitting
2034025522500820,-0.22492532,-0.5988039,9.863813,-0.0075900033,-6.6578976E-4,-0.0051931604,-41.025,-1.075,-47.9375,sitting
2034025542500820,-0.3924229,-0.49830532,9.854242,-0.0075900033,-0.008122635,-0.011584742,-40.9875,-1.0125,-47.9,sitting
2034025562500820,-0.4211368,-0.4552345,9.748958,0.077631086,-0.06245108,-0.034887385,-41.0,-0.9375,-47.912502,sitting
2034025582500820,-0.33020952,-0.56530434,9.763314,-0.03315633,0.05472792,0.028895276,-40.95,-0.83750004,-47.9,sitting
2034025602500820,-0.33020952,-0.7328019,9.921241,-0.12903006,0.052597392,0.016112113,-40.912502,-0.75,-47.975002,sitting
2034025622500820,-0.40677986,-0.75194454,10.089336,-0.02996054,-0.04114581,-0.062584236,-40.925,-0.7,-48.025,sitting
2034025642500820,-0.3684947,-0.6897311,9.91167,0.0073236874,-0.015579481,-0.0073236874,-40.9375,-0.6875,-47.9375,sitting
2034025662500820,-0.3589234,-0.57009,9.777672,-0.01824264,0.0046605286,0.01824264,-40.95,-0.71250004,-47.9375,sitting
2034025682500820,-0.34456646,-0.33499518,9.777672,-0.044874232,-0.011318427,-0.040213704,-40.9625,-0.77500004,-47.775,sitting
2034025702500820,-0.2440679,-0.21535404,9.586246,-0.11944269,-0.029427908,-0.05725792,-40.975002,-0.825,-47.8,sitting
2034025722500820,-0.21535404,-0.38344982,9.571889,-0.20253325,-0.0326237,-0.040213704,-40.9875,-0.90000004,-47.7125,sitting
2034025742500820,-0.3493521,-0.52223355,9.873384,-0.17803219,-0.015579481,-0.020106852,-41.0125,-1.0125,-47.775,sitting
2034025762500820,-0.47856453,-0.60358953,9.959526,-0.020373167,0.01957422,0.017177377,-41.025,-1.0875,-47.7125,sitting
2034025782500820,-0.4546363,-0.60358953,9.916455,0.17550218,0.058988973,0.03528686,-41.037502,-1.125,-47.6875,sitting
2034025802500820,-0.3397808,-0.49351966,9.859028,0.30546436,0.045140546,0.034221593,-41.025,-1.1125001,-47.675,sitting
2034025822500820,-0.28235307,-0.3062813,9.6580305,0.2543317,-0.016644744,0.042743705,-41.0,-1.1375,-47.7,sitting
2034025842500820,-0.2727818,-0.31106696,9.543175,0.030759487,-0.046472125,0.024634222,-40.95,-1.0625,-47.8375,sitting
2034025862500820,-0.35413775,-0.3786642,9.710672,-0.14607428,0.020639483,-0.021172116,-40.9,-1.0125,-47.9,sitting
2034025882500820,-0.36370903,-0.5988039,9.84467,-0.10239847,0.03981423,-0.011584742,-40.8625,-0.875,-47.9875,sitting
2034025902500820,-0.4019942,-0.8572287,10.003195,0.041412123,-0.015579481,0.015046849,-40.850002,-0.75,-47.95,sitting
2034025922500820,-0.4354937,-1.0390832,10.156336,0.10745847,-0.03581949,0.0054594763,-40.8375,-0.7,-47.975002,sitting
2034025942500820,-0.38285163,-1.0677971,10.1802635,0.03715107,-0.015579481,-9.321057E-4,-40.8375,-0.675,-47.912502,sitting
2034025962500820,-0.3397808,-0.8859426,10.055838,-0.07044056,0.018508956,-0.0051931604,-40.850002,-0.725,-47.975002,sitting
2034025982500820,-0.32063824,-0.48394838,9.811171,-0.09387636,0.021704746,-0.015845796,-40.875,-0.75,-47.9875,sitting
2034026002500820,-0.3589234,-0.09571291,9.533604,-0.055526868,0.008921583,-0.011584742,-40.9625,-0.7875,-47.9375,sitting
2034026022500820,-0.21535404,-0.07178468,9.256036,-0.021438431,-6.6578976E-4,-0.008388951,-41.0125,-0.85,-47.875,sitting
2034026042500820,-0.14356937,-0.43609193,9.567103,9.321057E-4,-0.008122635,-0.011584742,-41.025,-1.0,-47.7625,sitting
2034026062500820,-0.2440679,-0.718445,10.04148,-0.003328949,-0.02410159,-0.0105194785,-41.0625,-1.1,-47.7125,sitting
2034026082500820,-0.3062813,-0.90029955,10.04148,-0.012916322,-0.025166854,-0.0073236874,-41.0875,-1.15,-47.65,sitting
2034026102500820,-0.6652047,-0.651446,10.1084795,0.0126500055,0.009986847,-0.0041278964,-41.0625,-1.125,-47.675,sitting
2034026122500820,-0.79920274,-0.5509474,9.792028,0.0126500055,-0.026232118,0.003328949,-41.05,-1.0375,-47.575,sitting
2034026142500820,-0.60777694,-0.5413761,9.839885,-0.044874232,0.0046605286,-9.321057E-4,-41.0125,-0.90000004,-47.5,sitting
2034026162500820,-0.13399807,-0.6227321,10.022338,-0.010785795,0.036618438,0.0043942127,-40.925,-0.7875,-47.5125,sitting
2034026182500820,0.27816564,-0.6753742,9.629316,0.06910898,-0.025166854,0.019307904,-40.912502,-0.7,-47.5875,sitting
2034026202500820,-0.28235307,-0.27756742,9.6580305,0.017976323,-0.01238369,1.3315796E-4,-40.9,-0.575,-47.725002,sitting
2034026222500820,-0.6029913,-0.28235307,9.648459,-0.04167844,0.035553172,-0.0073236874,-40.825,-0.55,-47.75,sitting
2034026242500820,-0.5168497,-0.4743771,9.854242,0.019041587,0.00785632,0.00972053,-40.825,-0.5,-47.825,sitting
2034026262500820,-0.22492532,-0.7375876,10.003195,0.07123951,-0.0070573715,0.0075900033,-40.850002,-0.5375,-47.825,sitting
2034026282500820,-0.148355,-0.6562316,9.892527,-0.0022636852,-0.0070573715,-0.0073236874,-40.825,-0.6,-47.9,sitting
2034026302500820,-0.33020952,-0.48394838,9.734601,-0.08855004,-0.009187899,-0.021172116,-40.850002,-0.71250004,-47.9,sitting
2034026322500820,-0.3589234,-0.48394838,9.681958,-0.04167844,-0.0070573715,-0.017976323,-40.8875,-0.7875,-47.95,sitting
2034026342500820,-0.42592242,-0.5174479,9.854242,0.02543317,-0.015579481,-9.321057E-4,-40.912502,-0.8625,-47.912502,sitting
2034026362500820,-0.4977071,-0.63230336,9.978668,0.0073236874,0.002530001,0.0054594763,-40.925,-0.96250004,-47.7625,sitting
2034026382500820,-0.3589234,-0.66101724,9.887741,-0.0054594763,0.0035952649,1.3315796E-4,-40.9625,-0.975,-47.7625,sitting
2034026402500820,-0.34456646,-0.637089,9.830314,0.011584742,-0.0038615807,-0.0019973693,-40.975002,-1.0,-47.75,sitting
2034026422500820,-0.4211368,-0.60358953,9.868599,0.0019973693,0.008921583,0.0022636852,-40.9375,-0.95,-47.7125,sitting
2034026442500820,-0.39720857,-0.57487565,9.902099,-0.02996054,0.016378429,0.0011984216,-40.9,-0.8625,-47.7,sitting
2034026462500820,-0.33020952,-0.49830532,9.825528,-0.024634222,0.013182637,1.3315796E-4,-40.850002,-0.7625,-47.8375,sitting
2034026482500820,-0.34456646,-0.36430725,9.715458,0.026498433,-6.6578976E-4,0.00652474,-40.8375,-0.75,-47.7625,sitting
2034026502500820,-0.23449662,-0.38823548,9.643674,0.04567318,-0.009187899,0.0043942127,-40.825,-0.7375,-47.7,sitting
2034026522500820,-0.2009971,-0.49351966,9.763314,0.030759487,0.002530001,0.008655267,-40.825,-0.725,-47.787502,sitting
2034026542500820,-0.3062813,-0.5174479,9.863813,0.049934234,-0.010253162,0.016112113,-40.875,-0.7375,-47.7625,sitting
2034026562500820,-0.3062813,-0.503091,9.8015995,0.07230477,-0.017710008,0.0075900033,-40.875,-0.7625,-47.850002,sitting
2034026582500820,-0.33020952,-0.421735,9.777672,0.06378266,0.002530001,0.021438431,-40.912502,-0.83750004,-47.9,sitting
2034026602500820,-0.28235307,-0.4743771,9.7298155,0.065913185,3.9947388E-4,0.04061318,-40.975002,-0.975,-47.8875,sitting
2034026622500820,-0.28713873,-0.5988039,9.806385,0.057391077,-0.01238369,0.017177377,-41.0125,-1.0375,-47.7375,sitting
2034026642500820,-0.4211368,-0.75194454,9.973883,0.009454215,-0.0049268445,-0.0030626329,-41.037502,-1.075,-47.725002,sitting
2034026662500820,-0.5024927,-0.8285148,10.089336,-0.05978792,0.01957422,-0.008388951,-41.05,-1.1,-47.7,sitting
2034026682500820,-0.4881358,-0.7280163,10.098908,-0.09281109,0.030226856,-0.0126500055,-41.05,-1.0875,-47.7125,sitting
2034026702500820,-0.29192436,-0.4552345,9.820743,-0.098137416,0.014247901,-0.020106852,-40.9875,-1.0375,-47.825,sitting
2034026722500820,-0.19621146,-0.17228323,9.485747,-0.11518163,0.013182637,-0.030759487,-40.95,-0.96250004,-47.7625,sitting
2034026742500820,-0.2009971,-0.15792629,9.442677,-0.09068057,0.017443692,-0.011584742,-40.8875,-0.85,-47.787502,sitting
2034026762500820,-0.2632105,-0.4552345,9.748958,-0.0075900033,-0.0038615807,0.010785795,-40.825,-0.6875,-47.8,sitting
2034026782500820,-0.3589234,-0.49830532,10.00798,0.07337003,-0.019840535,0.003328949,-40.8125,-0.6125,-47.925,sitting
2034026802500820,-0.3397808,-0.48394838,9.763314,0.088283725,-0.016644744,0.00652474,-40.7625,-0.5375,-47.8375,sitting
2034026822500820,-0.35413775,-0.503091,9.748958,0.02223738,-0.0038615807,0.020373167,-40.7125,-0.475,-47.9,sitting
2034026842500820,-0.33020952,-0.56530434,9.897313,-0.025699485,0.008921583,0.016112113,-40.7125,-0.475,-47.8375,sitting
2034026862500820,-0.3397808,-0.6562316,9.868599,0.021172116,0.0046605286,0.011851058,-40.725002,-0.5,-47.825,sitting
2034026882500820,-0.4019942,-0.6801598,9.926026,0.077631086,-0.0070573715,0.016112113,-40.7375,-0.5375,-47.787502,sitting
2034026902500820,-0.39720857,-0.61794645,9.921241,0.058456343,0.005725792,0.015046849,-40.725002,-0.6,-47.7125,sitting
2034026922500820,-0.36370903,-0.5509474,9.8015995,-0.0022636852,0.017443692,0.008655267,-40.775,-0.75,-47.775,sitting
2034026942500820,-0.38763726,-0.5557331,9.811171,-0.025699485,0.01105211,0.0011984216,-40.775,-0.8125,-47.775,sitting
2034026962500820,-0.37328035,-0.5844469,9.882956,-0.010785795,0.0014647375,-0.0073236874,-40.8,-0.83750004,-47.8875,sitting
2034026982500820,-0.35413775,-0.60358953,9.887741,-0.012916322,-0.0070573715,-0.0126500055,-40.8375,-0.8625,-47.912502,sitting
2034027002500820,-0.3589234,-0.5270192,9.849456,-0.02996054,-0.013448954,-0.017976323,-40.825,-0.83750004,-47.875,sitting
2034027022500820,-0.30149564,-0.4743771,9.796814,-0.05872266,-0.011318427,-0.026498433,-40.825,-0.7875,-47.8875,sitting
2034027042500820,-0.28235307,-0.40259242,9.7298155,-0.086419515,-0.013448954,-0.027563697,-40.825,-0.77500004,-47.9625,sitting
2034027062500820,-0.28713873,-0.40737805,9.710672,-0.09494162,-0.017710008,-0.019041587,-40.850002,-0.77500004,-48.0125,sitting
2034027082500820,-0.30149564,-0.48394838,9.782457,-0.08109319,-0.016644744,-0.009454215,-40.8375,-0.725,-47.9875,sitting
2034027102500820,-0.34456646,-0.53180486,9.868599,-0.02996054,-0.013448954,-0.0019973693,-40.850002,-0.725,-48.037502,sitting
2034027122500820,-0.3684947,-0.5461618,9.87817,0.07550056,0.008921583,0.012916322,-40.8875,-0.75,-47.9875,sitting
2034027142500820,-0.34456646,-0.5174479,9.830314,0.15433007,0.01957422,0.016112113,-40.8875,-0.7875,-47.9,sitting
2034027162500820,-0.32063824,-0.4743771,9.782457,0.12876374,0.0067910557,0.020373167,-40.8875,-0.77500004,-47.9375,sitting
2034027182500820,-0.32542387,-0.51266223,9.796814,0.041412123,3.9947388E-4,0.021438431,-40.9,-0.8,-47.9375,sitting
2034027202500820,-0.3493521,-0.53180486,9.87817,-0.042743705,0.01957422,-9.321057E-4,-40.912502,-0.7875,-47.8625,sitting
2034027222500820,-0.33499518,-0.5270192,9.84467,-0.034221593,0.009986847,-0.0041278964,-40.925,-0.7875,-47.8875,sitting
2034027242500820,-0.3493521,-0.48873404,9.796814,0.02223738,-0.01238369,1.3315796E-4,-40.8875,-0.7625,-47.925,sitting
2034027262500820,-0.3397808,-0.52223355,9.830314,0.036085807,-0.015579481,-0.0051931604,-40.825,-0.75,-47.8125,sitting
2034027282500820,-0.32542387,-0.5174479,9.863813,0.015845796,-0.011318427,1.3315796E-4,-40.787502,-0.71250004,-47.9,sitting
2034027302500820,-0.33020952,-0.503091,9.815957,-0.00972053,3.9947388E-4,0.003328949,-40.7375,-0.7,-48.05,sitting
2034027322500820,-0.31106696,-0.48394838,9.796814,-0.015046849,0.002530001,0.0022636852,-40.725002,-0.675,-48.075,sitting
2034027342500820,-0.33499518,-0.49351966,9.835099,0.008388951,-0.0038615807,0.00652474,-40.7125,-0.6375,-48.05,sitting
2034027362500820,-0.36370903,-0.5174479,9.849456,0.0105194785,-0.0049268445,0.0011984216,-40.6875,-0.6375,-48.075,sitting
2034027382500820,-0.33020952,-0.49830532,9.825528,-0.02996054,0.012117374,-0.009454215,-40.662502,-0.65000004,-48.100002,sitting
2034027402500820,-0.32542387,-0.47916272,9.772886,-0.086419515,0.02277001,-0.01691106,-40.725002,-0.725,-48.037502,sitting
2034027422500820,-0.3397808,-0.49830532,9.796814,-0.12157321,0.018508956,-0.024367906,-40.8,-0.8,-48.037502,sitting
2034027442500820,-0.33020952,-0.503091,9.820743,-0.118377425,0.012117374,-0.023302643,-40.875,-0.90000004,-47.850002,sitting
2034027462500820,-0.32542387,-0.51266223,9.811171,-0.060853187,0.0035952649,-0.009454215,-40.925,-0.9875,-47.8375,sitting
2034027482500820,-0.3589234,-0.5461618,9.830314,0.015845796,-0.0070573715,-0.0019973693,-40.95,-1.1125001,-47.8,sitting
2034027502500820,-0.3397808,-0.5605187,9.873384,0.07337003,-0.0049268445,0.0022636852,-40.975002,-1.1750001,-47.787502,sitting
2034027522500820,-0.33499518,-0.5557331,9.825528,0.118111104,-0.0049268445,0.020373167,-41.0125,-1.2375001,-47.775,sitting
2034027542500820,-0.3397808,-0.53180486,9.806385,0.12556796,-0.017710008,0.032091066,-41.037502,-1.2,-47.7375,sitting
2034027562500820,-0.3589234,-0.53180486,9.863813,0.066978455,-0.015579481,0.021438431,-41.037502,-1.1125001,-47.725002,sitting
2034027582500820,-0.34456646,-0.49830532,9.835099,0.01691106,0.0067910557,0.021438431,-40.9875,-1.0500001,-47.7,sitting
2034027602500820,-0.32542387,-0.49351966,9.787243,0.031824753,0.0035952649,0.024634222,-40.9375,-0.9375,-47.875,sitting
2034027622500820,-0.31106696,-0.48873404,9.820743,0.044607915,-0.0049268445,0.00972053,-40.9,-0.8125,-47.8625,sitting
2034027642500820,-0.34456646,-0.51266223,9.811171,9.321057E-4,0.0067910557,-0.0041278964,-40.8875,-0.725,-47.875,sitting
2034027662500820,-0.3493521,-0.5174479,9.825528,-0.04807002,0.01957422,-0.008388951,-40.8625,-0.675,-47.8875,sitting
2034027682500820,-0.35413775,-0.5509474,9.820743,-0.06617951,0.020639483,-0.015845796,-40.850002,-0.6625,-47.875,sitting
2034027702500820,-0.3493521,-0.53180486,9.859028,-0.072571084,0.0046605286,-0.02543317,-40.850002,-0.6875,-47.8375,sitting
2034027722500820,-0.32542387,-0.52223355,9.806385,-0.08855004,-0.0038615807,-0.031824753,-40.8375,-0.7625,-47.850002,sitting
2034027742500820,-0.3397808,-0.5270192,9.796814,-0.09494162,-0.014514217,-0.031824753,-40.875,-0.77500004,-47.8625,sitting
2034027762500820,-0.36370903,-0.53180486,9.854242,-0.08322372,-0.028362645,-0.034887385,-40.875,-0.825,-47.787502,sitting
2034027782500820,-0.35413775,-0.53659046,9.859028,-0.052331075,-0.015579481,-0.019041587,-40.875,-0.875,-47.775,sitting
2034027802500820,-0.32542387,-0.503091,9.825528,0.04034686,0.0067910557,0.017177377,-40.8625,-0.8875,-47.7625,sitting
2034027822500820,-0.33020952,-0.49830532,9.792028,0.14900376,0.0067910557,0.03528686,-40.8875,-0.9875,-47.7625,sitting
2034027842500820,-0.33020952,-0.51266223,9.825528,0.1893506,-0.0049268445,0.037417386,-40.875,-0.9375,-47.825,sitting
2034027862500820,-0.3493521,-0.5270192,9.854242,0.12663321,-0.0049268445,0.039547913,-40.825,-0.8625,-47.8875,sitting
2034027882500820,-0.34456646,-0.53180486,9.84467,-0.0054594763,0.016378429,0.013981585,-40.7625,-0.7875,-47.875,sitting
2034027902500820,-0.3493521,-0.503091,9.825528,-0.084288985,0.030226856,-0.01691106,-40.725002,-0.75,-47.9875,sitting
2034027922500820,-0.32542387,-0.47916272,9.8015995,-0.04807002,0.018508956,1.3315796E-4,-40.7125,-0.725,-48.0125,sitting
2034027942500820,-0.3397808,-0.51266223,9.782457,0.02543317,-0.009187899,0.0022636852,-40.75,-0.6875,-47.912502,sitting
2034027962500820,-0.33499518,-0.50787663,9.849456,0.027563697,-0.025166854,-0.017976323,-40.7375,-0.7,-47.975002,sitting
2034027982500820,-0.34456646,-0.52223355,9.806385,-0.027830012,-0.016644744,-0.0126500055,-40.725002,-0.7,-47.975002,sitting
2034028002500820,-0.3684947,-0.52223355,9.811171,-0.06617951,3.9947388E-4,-0.0126500055,-40.7625,-0.7625,-47.875,sitting
2034028022500820,-0.35413775,-0.51266223,9.839885,-0.05978792,3.9947388E-4,-0.01691106,-40.787502,-0.8875,-47.825,sitting
2034028042500820,-0.33020952,-0.48873404,9.815957,-0.03315633,-0.011318427,-0.0105194785,-40.825,-0.95,-47.8625,sitting
2034028062500820,-0.32063824,-0.49351966,9.787243,-0.0054594763,-0.017710008,-0.006258424,-40.8625,-1.0125,-47.8625,sitting
2034028082500820,-0.31106696,-0.503091,9.811171,-0.0011984216,-0.013448954,-0.0073236874,-40.912502,-1.0,-47.875,sitting
2034028102500820,-0.33020952,-0.51266223,9.815957,-0.013981585,0.0046605286,-0.0051931604,-40.9375,-1.0125,-47.95,sitting
2034028122500820,-0.3684947,-0.49830532,9.820743,0.024367906,0.018508956,0.0075900033,-40.9875,-1.0,-47.9,sitting
2034028142500820,-0.34456646,-0.5270192,9.835099,0.05526055,0.0067910557,0.008655267,-41.025,-0.95,-47.8875,sitting
2034028162500820,-0.3493521,-0.5270192,9.849456,0.024367906,-6.6578976E-4,0.0011984216,-41.0,-0.875,-47.95,sitting
2034028182500820,-0.34456646,-0.5461618,9.830314,-0.017177377,0.0035952649,1.3315796E-4,-41.0,-0.8,-47.9375,sitting
2034028202500820,-0.32063824,-0.53180486,9.835099,-0.013981585,0.008921583,0.00652474,-41.025,-0.77500004,-47.95,sitting
2034028222500820,-0.3493521,-0.51266223,9.811171,0.03395528,-0.008122635,0.015046849,-41.037502,-0.75,-47.95,sitting
2034028242500820,-0.3589234,-0.49830532,9.815957,0.06910898,-0.011318427,0.01824264,-40.975002,-0.75,-47.9375,sitting
2034028262500820,-0.33499518,-0.52223355,9.820743,0.05419529,-0.002796317,0.01824264,-40.9625,-0.77500004,-47.9375,sitting
2034028282500820,-0.32063824,-0.5461618,9.835099,0.017976323,-0.0038615807,0.012916322,-40.95,-0.8125,-47.975002,sitting
2034028302500820,-0.33020952,-0.5413761,9.839885,-0.015046849,-0.0038615807,-0.0019973693,-40.8875,-0.85,-47.9,sitting
2034028322500820,-0.3397808,-0.50787663,9.8015995,-0.03528686,0.008921583,-0.013715269,-40.912502,-0.96250004,-47.8625,sitting
2034028342500820,-0.3493521,-0.49351966,9.8015995,-0.04167844,0.014247901,-0.009454215,-40.9375,-1.025,-47.825,sitting
2034028362500820,-0.3397808,-0.49830532,9.820743,-0.051265813,0.0046605286,-0.01691106,-40.9375,-1.0500001,-47.675,sitting
2034028382500820,-0.35413775,-0.5270192,9.8015995,-0.084288985,0.0035952649,-0.027563697,-40.9375,-1.0500001,-47.6375,sitting
2034028402500820,-0.33020952,-0.52223355,9.835099,-0.118377425,-0.0049268445,-0.032890014,-40.9625,-1.125,-47.6125,sitting
2034028422500820,-0.33020952,-0.53180486,9.820743,-0.12689953,-0.028362645,-0.035952646,-40.95,-1.1,-47.6125,sitting
2034028442500820,-0.3589234,-0.5174479,9.8015995,-0.10239847,-0.033688962,-0.026498433,-40.925,-1.0875,-47.625,sitting
2034028462500820,-0.3589234,-0.503091,9.815957,-0.03315633,-0.020905798,0.0075900033,-40.9875,-1.025,-47.7,sitting
2034028482500820,-0.31585258,-0.49830532,9.806385,0.08189214,0.014247901,0.034221593,-40.95,-0.9125,-47.75,sitting
2034028502500820,-0.33020952,-0.51266223,9.815957,0.22876537,0.04620581,0.045939494,-40.912502,-0.83750004,-47.8375,sitting
2034028522500820,-0.32542387,-0.51266223,9.811171,0.31079066,0.014247901,0.06511424,-40.9,-0.77500004,-47.9625,sitting
2034028542500820,-0.3397808,-0.53659046,9.825528,0.1925464,-0.034754228,0.05872266,-40.875,-0.8,-47.912502,sitting
2034028562500820,-0.33499518,-0.52223355,9.811171,-0.08322372,0.008921583,-0.0126500055,-40.850002,-0.7625,-47.8625,sitting
2034028582500820,-0.3397808,-0.53659046,9.8015995,-0.20572904,0.07816372,-0.030759487,-40.8125,-0.75,-47.850002,sitting
2034028602500820,-0.41635114,-0.57487565,9.868599,-0.07576688,0.04087949,0.017177377,-40.8125,-0.725,-47.7625,sitting
2034028622500820,-0.44506502,-0.6562316,9.916455,0.06378266,-0.027297381,-0.0073236874,-40.775,-0.7375,-47.7125,sitting
2034028642500820,-0.44506502,-0.80937225,10.04148,0.06165213,-0.037950017,-0.02543317,-40.775,-0.7625,-47.6125,sitting
2034028662500820,-0.38285163,-0.6658029,10.127622,-0.04061318,3.9947388E-4,-0.0041278964,-40.825,-0.77500004,-47.600002,sitting
2034028682500820,-0.22971097,-0.36909288,9.748958,-0.11092058,0.005725792,-0.027563697,-40.850002,-0.875,-47.537502,sitting
2034028702500820,-0.17706887,-0.11485548,9.476176,-0.105594255,-0.016644744,-0.035952646,-40.8625,-0.85,-47.537502,sitting
2034028722500820,-0.18185452,-0.15792629,9.5048895,-0.062983714,-0.009187899,0.0011984216,-40.9375,-0.825,-47.662502,sitting
2034028742500820,-0.23928227,-0.43609193,9.758529,0.03395528,0.0067910557,0.022503695,-40.9875,-0.8125,-47.600002,sitting
2034028762500820,-0.32542387,-0.49351966,9.978668,0.10319742,0.0067910557,0.00972053,-40.95,-0.83750004,-47.625,sitting
2034028782500820,-0.25842485,-0.46959144,9.796814,0.057391077,-0.008122635,0.00972053,-40.95,-0.8125,-47.625,sitting
2034028802500820,-0.2536392,-0.3499503,9.662816,-0.038482647,0.013182637,0.0022636852,-40.925,-0.825,-47.6875,sitting
2034028822500820,-0.31585258,-0.4456632,9.739387,-0.09174583,0.02809633,-0.01691106,-40.912502,-0.8125,-47.725002,sitting
2034028842500820,-0.33499518,-0.60837513,9.969097,-0.074701615,0.014247901,-0.013715269,-40.8625,-0.75,-47.787502,sitting
2034028862500820,-0.44027936,-0.7423732,9.984053,-0.01824264,-0.010253162,-0.0073236874,-40.850002,-0.725,-47.9,sitting
2034028882500820,-0.5886344,-0.72323066,9.984053,0.029694224,-0.021971062,-0.008388951,-40.8,-0.7625,-47.8375,sitting
2034028902500820,-0.44027936,-0.7328019,10.027123,0.047803707,-0.013448954,0.0043942127,-40.8,-0.8125,-47.875,sitting
2034028922500820,-0.19142582,-0.6753742,9.945169,0.064847924,-0.0049268445,0.024634222,-40.8375,-0.85,-47.875,sitting
2034028942500820,-0.32542387,-0.52223355,9.811171,0.08295741,3.9947388E-4,0.028895276,-40.825,-0.95,-47.9,sitting
2034028962500820,-0.32063824,-0.43130627,9.8015995,0.07550056,-0.0038615807,0.024634222,-40.875,-1.0,-47.8625,sitting
2034028982500820,-0.4019942,-0.2632105,9.772886,0.041412123,-0.002796317,0.01824264,-40.8625,-1.075,-47.7,sitting
2034029002500820,-0.31585258,-0.17706887,9.595817,-0.010785795,0.00785632,-9.321057E-4,-40.912502,-1.125,-47.65,sitting
2034029022500820,0.005383851,-0.38823548,9.61496,-0.044874232,0.015313165,-0.0105194785,-40.925,-1.2,-47.475002,sitting
2034029042500820,-0.18185452,-0.46959144,9.863813,-0.04061318,0.009986847,-0.009454215,-41.0,-1.2,-47.537502,sitting
2034029062500820,-0.28713873,-0.4456632,9.897313,-0.026764749,-0.0017310535,-0.015845796,-41.025,-1.2,-47.475002,sitting
2034029082500820,-0.17228323,-0.35473597,9.701101,-0.034221593,-0.010253162,-0.026498433,-41.0125,-1.1375,-47.475002,sitting
2034029102500820,-0.34456646,-0.23928227,9.638887,-0.06511424,-0.019840535,-0.034887385,-41.05,-1.075,-47.4625,sitting
2034029122500820,-0.28713873,-0.32542387,9.681958,-0.11411637,-0.028362645,-0.040213704,-41.0125,-1.0375,-47.4375,sitting
2034029142500820,-0.24885355,-0.36430725,9.758529,-0.13116059,-0.029427908,-0.024367906,-41.025,-0.96250004,-47.4875,sitting
2034029162500820,-0.31585258,-0.46959144,9.7298155,-0.0896153,-0.026232118,1.3315796E-4,-41.025,-0.95,-47.4625,sitting
2034029182500820,-0.41156548,-0.7280163,9.806385,-0.00972053,-0.008122635,0.015046849,-40.9875,-0.95,-47.5125,sitting
2034029202500820,-0.6029913,-1.0103694,10.1802635,0.08508793,0.014247901,0.010785795,-40.95,-0.975,-47.5,sitting
2034029222500820,-0.5599205,-1.1443675,10.357333,0.13941638,0.02277001,0.0075900033,-40.9375,-1.0125,-47.5625,sitting
2034029242500820,-0.37328035,-1.0869397,10.208978,0.11704584,0.017443692,0.019307904,-41.0125,-1.0375,-47.6125,sitting
2034029262500820,-0.28235307,-0.7328019,9.940384,0.0627174,0.02277001,0.025699485,-41.025,-1.0625,-47.65,sitting
2034029282500820,-0.3062813,-0.22013968,9.643674,0.026498433,0.02277001,0.021438431,-41.05,-1.0875,-47.7,sitting
2034029302500820,-0.2632105,-0.09571291,9.313464,0.009454215,0.01105211,0.0075900033,-41.037502,-1.15,-47.6375,sitting
2034029322500820,-0.31106696,-0.40737805,9.591031,0.0041278964,-0.0017310535,-0.0051931604,-41.025,-1.15,-47.675,sitting
2034029342500820,-0.4642076,-0.68494546,10.18505,-0.0022636852,-0.008122635,-0.0051931604,-41.037502,-1.125,-47.7,sitting
2034029362500820,-0.30149564,-0.60837513,10.098908,-0.019307904,-0.0049268445,-0.0073236874,-41.0,-1.1,-47.7375,sitting
2034029382500820,-0.11006984,-0.25842485,9.595817,-0.012916322,-0.005992108,-0.006258424,-41.0125,-1.0625,-47.775,sitting
2034029402500820,-0.0951147,-0.09092726,9.327821,0.0030626329,-0.005992108,1.3315796E-4,-40.9625,-1.0875,-47.8,sitting
2034029422500820,-0.23449662,-0.33499518,9.619745,-0.0022636852,3.9947388E-4,-0.0019973693,-40.9375,-1.0875,-47.6875,sitting
2034029442500820,-0.3684947,-0.503091,9.984053,-0.025699485,0.0035952649,-0.008388951,-40.95,-1.0625,-47.6875,sitting
2034029462500820,-0.3684947,-0.58923256,9.916455,-0.062983714,0.0035952649,-0.015845796,-40.9875,-1.0375,-47.75,sitting
2034029482500820,-0.4019942,-0.61794645,9.815957,-0.0896153,0.0014647375,-0.02223738,-40.9875,-1.025,-47.725002,sitting
2034029502500820,-0.45942193,-0.67058855,9.935597,-0.09920268,-0.005992108,-0.024367906,-40.9875,-1.025,-47.7625,sitting
2034029522500820,-0.4881358,-0.718445,9.988838,-0.08002793,-0.010253162,-0.020106852,-41.025,-0.9875,-47.787502,sitting
2034029542500820,-0.4354937,-0.6418747,9.973883,-0.031025803,-0.014514217,-0.014780533,-41.025,-0.975,-47.8125,sitting
2034029562500820,-0.31585258,-0.57009,9.868599,0.015845796,-0.0049268445,-0.0030626329,-41.0125,-0.95,-47.8,sitting
2034029582500820,-0.24885355,-0.3930211,9.753743,0.059521604,0.01105211,0.01824264,-41.037502,-0.925,-47.875,sitting
2034029602500820,-0.2536392,-0.29192436,9.629316,0.118111104,0.012117374,0.034221593,-41.05,-0.9125,-47.912502,sitting
2034029622500820,-0.27756742,-0.38344982,9.677173,0.16072164,-6.6578976E-4,0.037417386,-41.0,-0.9125,-47.95,sitting
2034029642500820,-0.3493521,-0.56530434,9.863813,0.13941638,-0.008122635,0.03315633,-41.05,-0.8875,-48.05,sitting
2034029662500820,-0.4354937,-0.7471589,10.017552,0.05526055,-0.0070573715,0.017177377,-41.037502,-0.8875,-47.9875,sitting
2034029682500820,-0.42592242,-0.7471589,10.113265,-0.034221593,0.009986847,-0.0030626329,-41.0,-0.90000004,-47.9,sitting
2034029702500820,-0.3924229,-0.5557331,9.949955,-0.060853187,0.021704746,-0.009454215,-41.0125,-0.9125,-47.8125,sitting
2034029722500820,-0.3397808,-0.26799613,9.667602,-0.031025803,0.013182637,-0.0051931604,-41.037502,-0.90000004,-47.8625,sitting
2034029742500820,-0.032901313,-0.22492532,9.533604,-0.00972053,-0.0017310535,-0.009454215,-41.025,-0.95,-47.9,sitting
2034029762500820,0.08673982,-0.33499518,9.591031,-0.03315633,-0.014514217,-0.024367906,-41.037502,-0.9875,-47.850002,sitting
2034029782500820,-0.33020952,-0.34516466,9.811171,-0.07896267,-0.015579481,-0.034887385,-41.0875,-0.925,-47.8875,sitting
2034029802500820,-0.2536392,-0.4648058,9.825528,-0.117312156,-0.019840535,-0.032890014,-41.0125,-0.95,-47.775,sitting
2034029822500820,-0.30149564,-0.503091,9.782457,-0.10026794,-0.025166854,-0.0073236874,-41.025,-0.925,-47.8125,sitting
2034029842500820,-0.52163535,-0.5988039,9.859028,-0.027830012,-0.016644744,0.019307904,-41.037502,-0.925,-47.7625,sitting
2034029862500820,-0.55513483,-0.80937225,10.118051,0.07443529,0.008921583,0.024634222,-41.0,-0.9125,-47.775,sitting
2034029882500820,-0.33499518,-0.90508515,10.199407,0.1649827,0.009986847,0.01824264,-41.0,-0.9125,-47.7125,sitting
2034029902500820,-0.24885355,-0.5796613,9.984053,0.15752587,-6.6578976E-4,0.026764749,-40.9625,-0.83750004,-47.7,sitting
2034029922500820,-0.19621146,-0.05742774,9.5048895,0.047803707,0.01105211,0.022503695,-40.8875,-0.83750004,-47.7375,sitting
2034029942500820,-0.15314065,-0.023928227,9.2177515,-0.052331075,0.02809633,-0.0019973693,-40.8375,-0.8625,-47.6125,sitting
2034029962500820,-0.39720857,-0.40259242,9.725029,-0.072571084,0.032357384,-0.006258424,-40.8625,-0.875,-47.65,sitting
2034029982500820,-0.29671,-0.77587277,10.103694,-0.024634222,0.015313165,-9.321057E-4,-40.8875,-0.875,-47.662502,sitting
2034030002500820,-0.15314065,-0.933799,10.079765,0.027563697,-0.008122635,-0.0073236874,-40.8625,-0.9125,-47.7125,sitting
2034030022500820,-0.28713873,-0.75194454,10.003195,0.021172116,-0.014514217,-0.008388951,-40.8875,-0.9875,-47.7625,sitting
2034030042500820,-0.52163535,-0.5270192,9.930812,-0.024634222,-0.009187899,-0.009454215,-40.850002,-1.0125,-47.7625,sitting
2034030062500820,-0.22971097,-0.4456632,9.758529,-0.06191845,0.0014647375,-0.015845796,-40.912502,-1.0625,-47.7125,sitting
2034030082500820,-0.17228323,-0.3786642,9.6580305,-0.060853187,-0.0070573715,-0.0051931604,-40.975002,-1.0875,-47.65,sitting
2034030102500820,-0.4642076,-0.36430725,9.744172,-0.034221593,-0.029427908,-9.321057E-4,-41.0125,-1.1125001,-47.787502,sitting
2034030122500820,-0.21535404,-0.5270192,9.859028,-0.03528686,-0.04221107,-0.015845796,-41.0125,-1.125,-47.7625,sitting
2034030142500820,-0.25842485,-0.5461618,9.868599,-0.07044056,-0.034754228,-0.017976323,-40.9875,-1.1625,-47.75,sitting
2034030162500820,-0.45942193,-0.503091,9.796814,-0.060853187,-0.005992108,0.0022636852,-41.0125,-1.1750001,-47.75,sitting
2034030182500820,-0.3684947,-0.58923256,9.892527,0.017976323,0.033422645,0.00972053,-41.025,-1.1125001,-47.725002,sitting
2034030202500820,-0.36370903,-0.60358953,9.973883,0.09147952,0.03448791,-0.0019973693,-41.037502,-1.0875,-47.7,sitting
2034030222500820,-0.47377887,-0.38823548,9.854242,0.07337003,0.002530001,-9.321057E-4,-40.9875,-1.025,-47.7375,sitting
2034030242500820,-0.24885355,-0.19142582,9.648459,-0.003328949,-0.0049268445,0.003328949,-40.925,-0.96250004,-47.775,sitting
2034030262500820,0.27816564,-0.2440679,9.480962,-0.034221593,0.0035952649,-0.006258424,-40.912502,-0.875,-47.725002,sitting
2034030282500820,-0.28713873,-0.2727818,9.61496,0.0041278964,-0.002796317,-0.0051931604,-40.925,-0.83750004,-47.7,sitting
2034030302500820,-0.43070808,-0.503091,9.868599,0.056325816,-0.0070573715,0.0075900033,-40.95,-0.7875,-47.675,sitting
2034030322500820,-0.0424726,-0.8428718,9.949955,0.086153194,0.009986847,0.013981585,-40.95,-0.7625,-47.7,sitting
2034030342500820,-0.23449662,-0.81894356,10.051051,0.08402267,0.013182637,0.022503695,-40.95,-0.85,-47.75,sitting
2034030362500820,-0.4833502,-0.5509474,9.993624,0.036085807,-0.01238369,0.016112113,-40.925,-0.9125,-47.7125,sitting
2034030382500820,-0.42592242,-0.35473597,9.7298155,-0.038482647,-0.01238369,-0.0126500055,-40.9625,-0.9875,-47.6875,sitting
2034030402500820,-0.061615184,-0.36909288,9.576674,-0.08109319,0.01105211,-0.01691106,-41.0125,-1.0625,-47.6125,sitting
2034030422500820,0.024526432,-0.39780676,9.6580305,-0.08215846,0.0014647375,-0.009454215,-41.05,-1.125,-47.65,sitting
2034030442500820,-0.32542387,-0.4648058,9.7681,-0.08002793,-0.013448954,-0.02223738,-41.0875,-1.15,-47.65,sitting
2034030462500820,-0.5838487,-0.5796613,9.854242,-0.1013332,-0.020905798,-0.029694224,-41.0625,-1.2125,-47.675,sitting
2034030482500820,-0.6364908,-0.8428718,9.988838,-0.11198584,-0.031558435,-0.027563697,-41.075,-1.225,-47.7,sitting
2034030502500820,-0.5982057,-1.1874382,10.237692,-0.07896267,-0.029427908,-0.019041587,-41.0625,-1.1625,-47.6375,sitting
2034030522500820,-0.47377887,-1.2687942,10.433903,-0.031025803,-0.015579481,-0.006258424,-41.1125,-1.125,-47.725002,sitting
2034030542500820,-0.15792629,-0.9385847,10.242477,0.027563697,0.024900537,0.016112113,-41.0875,-1.0875,-47.8,sitting
2034030562500820,-0.08554341,-0.02871387,9.638887,0.12343743,0.058988973,0.024634222,-41.075,-1.0500001,-47.850002,sitting
2034030582500820,-0.19621146,0.6364908,8.719446,0.21811274,0.04833634,0.03635212,-41.0625,-1.0625,-47.8,sitting
2034030602500820,0.07716853,0.009571291,8.863015,0.22343905,0.015313165,0.055526868,-41.025,-1.0500001,-47.875,sitting
2034030622500820,-0.39720857,-0.5461618,10.175478,0.109588996,-0.01238369,0.03528686,-41.037502,-1.0,-47.875,sitting
2034030642500820,-0.40677986,-1.0534402,10.362119,-0.06831003,0.0046605286,-0.014780533,-41.0125,-0.9875,-47.850002,sitting
2034030662500820,-0.30149564,-1.0725827,10.141979,-0.14394376,0.045140546,-0.019041587,-41.025,-0.96250004,-47.850002,sitting
2034030682500820,-0.32542387,-0.6418747,10.012766,-0.062983714,0.02277001,0.0022636852,-41.0,-0.95,-47.8125,sitting
2034030702500820,-0.28235307,-0.32542387,9.600603,0.024367906,-0.016644744,-0.013715269,-41.0,-0.96250004,-47.7125,sitting
2034030722500820,-0.2009971,-0.22971097,9.452248,0.017976323,-0.020905798,-0.017976323,-41.0125,-0.9375,-47.8,sitting
2034030742500820,-0.33020952,-0.38344982,9.653245,-0.04700476,-0.017710008,-0.014780533,-40.95,-0.96250004,-47.787502,sitting
2034030762500820,-0.49292147,-0.6418747,9.945169,-0.12050795,-0.02410159,-0.034887385,-40.9375,-0.975,-47.7375,sitting
2034030782500820,-0.51206404,-0.90029955,10.036695,-0.16524902,-0.03581949,-0.032890014,-40.912502,-1.0125,-47.7625,sitting
2034030802500820,-0.41156548,-1.1347961,10.127622,-0.14394376,-0.036884755,-0.0019973693,-40.9375,-1.025,-47.75,sitting
2034030822500820,-0.43070808,-1.1826526,10.299905,-0.043808967,-0.019840535,0.021438431,-40.912502,-0.9875,-47.75,sitting
2034030842500820,-0.35413775,-0.8668,10.280763,0.08934899,0.01957422,0.017177377,-40.8625,-0.9875,-47.775,sitting
2034030862500820,-0.4211368,-0.12921242,9.705887,0.17337166,0.038748965,0.0054594763,-40.8375,-0.96250004,-47.8,sitting
2034030882500820,-0.57427746,0.52163535,8.973683,0.17443693,0.02277001,0.021438431,-40.8125,-0.95,-47.7125,sitting
2034030902500820,0.58923256,-0.047856454,8.973683,0.100001626,0.0035952649,0.026764749,-40.8125,-0.925,-47.725002,sitting
2034030922500820,0.30209386,-0.43130627,9.839885,-0.031025803,0.0035952649,-0.006258424,-40.8125,-0.925,-47.7375,sitting
2034030942500820,-0.6029913,-0.4121637,10.027123,-0.10452899,0.008921583,-0.017976323,-40.8,-0.925,-47.662502,sitting
2034030962500820,-0.3493521,-0.5270192,9.744172,-0.050200548,0.002530001,-0.0051931604,-40.787502,-0.90000004,-47.662502,sitting
2034030982500820,-0.08075777,-0.60358953,9.796814,0.044607915,-0.017710008,-0.006258424,-40.787502,-0.95,-47.6375,sitting
2034031002500820,-0.29671,-0.7710871,9.902099,0.06378266,-0.011318427,0.0011984216,-40.875,-0.975,-47.6125,sitting
2034031022500820,-0.43070808,-0.77587277,10.031909,0.0126500055,0.0014647375,0.011851058,-40.8875,-1.0,-47.662502,sitting
2034031042500820,-0.4019942,-0.85244304,9.954741,-0.022503695,0.0014647375,0.003328949,-40.9375,-1.025,-47.7125,sitting
2034031062500820,-0.35413775,-1.0295119,9.969097,-0.00972053,-0.0017310535,-0.0019973693,-40.9625,-0.9875,-47.7,sitting
2034031082500820,-0.4019942,-1.082154,10.094122,0.0105194785,-0.002796317,1.3315796E-4,-41.0125,-0.975,-47.75,sitting
2034031102500820,-0.6412765,-1.0390832,10.15155,-0.0011984216,0.0035952649,-0.0041278964,-41.0625,-0.95,-47.775,sitting
2034031122500820,-0.79920274,-0.785444,10.132407,-0.026764749,0.008921583,-0.0041278964,-41.0625,-0.975,-47.75,sitting
2034031142500820,-0.67477596,-0.3786642,9.940384,-0.044874232,0.012117374,-0.0019973693,-41.075,-0.9375,-47.775,sitting
2034031162500820,-0.11485548,-0.11485548,9.452248,-0.049135286,0.0067910557,-0.008388951,-41.025,-0.9375,-47.8625,sitting
2034031182500820,0.20638095,-0.086141616,9.232108,-0.042743705,-0.010253162,-0.015845796,-41.025,-0.9125,-47.8,sitting
2034031202500820,-0.23928227,-0.11964113,9.605389,-0.042743705,-0.015579481,-0.01691106,-41.0,-0.925,-47.8875,sitting
2034031222500820,-0.25842485,-0.38344982,9.84467,-0.045939494,-0.010253162,-0.014780533,-41.0,-0.975,-47.9375,sitting
2034031242500820,-0.28713873,-0.43130627,9.854242,-0.044874232,-0.011318427,-0.006258424,-40.975002,-0.975,-47.9,sitting
2034031262500820,-0.3397808,-0.42652065,9.710672,-0.00652474,-0.008122635,0.01824264,-40.9375,-0.975,-48.0,sitting
2034031282500820,-0.26799613,-0.45044887,9.720243,0.098936364,0.0014647375,0.03635212,-40.925,-0.9375,-48.0,sitting
2034031302500820,-0.2727818,-0.4456632,9.825528,0.2010685,0.009986847,0.03315633,-40.95,-0.96250004,-48.0,sitting
2034031322500820,-0.26799613,-0.4408776,9.748958,0.17443693,0.01105211,0.021438431,-41.0125,-0.975,-47.95,sitting
2034031342500820,-0.25842485,-0.42652065,9.662816,0.032890014,0.002530001,0.01824264,-41.025,-1.025,-48.0,sitting
2034031362500820,-0.3924229,-0.46002015,9.7298155,-0.09174583,0.016378429,-0.0019973693,-41.0,-1.075,-47.9875,sitting
2034031382500820,-0.55034924,-0.6131608,9.830314,-0.096006885,0.029161593,-0.014780533,-41.025,-1.075,-47.9875,sitting
2034031402500820,-0.61734825,-0.8955139,9.984053,-0.015046849,0.0046605286,-0.0019973693,-41.025,-1.1125001,-48.025,sitting
2034031422500820,-0.5312066,-1.1300105,10.132407,0.029694224,-0.013448954,-0.011584742,-41.05,-1.1625,-47.912502,sitting
2034031442500820,-0.43070808,-1.2496517,10.170692,0.0041278964,-0.013448954,-0.0126500055,-41.0625,-1.2,-47.925,sitting
2034031462500820,-0.3493521,-1.244866,10.194621,-0.039547913,-0.008122635,-0.0073236874,-41.0125,-1.2375001,-47.925,sitting
2034031482500820,-0.26799613,-1.1156535,10.084551,-0.05978792,0.0014647375,-0.009454215,-40.925,-1.3125,-47.912502,sitting
2034031502500820,-0.23928227,-0.81894356,9.949955,-0.034221593,0.002530001,0.0011984216,-40.925,-1.3000001,-47.875,sitting
2034031522500820,-0.41635114,-0.4121637,9.720243,0.024367906,-0.0038615807,0.011851058,-40.9375,-1.2375001,-47.875,sitting
2034031542500820,-0.5072784,-0.11485548,9.562318,0.06165213,-0.0049268445,0.0054594763,-40.912502,-1.2375001,-47.8625,sitting
2034031562500820,-0.28235307,-0.08135597,9.47139,0.031824753,-0.002796317,1.3315796E-4,-40.875,-1.1875,-47.9,sitting
2034031582500820,-0.124426775,-0.37387854,9.538389,-0.03528686,0.012117374,1.3315796E-4,-40.8375,-1.1625,-47.925,sitting
2034031602500820,-0.19621146,-0.56530434,9.916455,-0.05978792,0.018508956,-0.0041278964,-40.825,-1.125,-47.9625,sitting
2034031622500820,-0.2105684,-0.53659046,9.940384,-0.02996054,0.0067910557,-0.0051931604,-40.8375,-1.0125,-48.0,sitting
2034031642500820,-0.2536392,-0.38344982,9.725029,0.014780533,0.0035952649,1.3315796E-4,-40.875,-0.925,-47.9875,sitting
2034031662500820,-0.35413775,-0.2009971,9.605389,0.039281595,-0.0038615807,1.3315796E-4,-40.8625,-0.85,-48.037502,sitting
2034031682500820,-0.22971097,-0.26799613,9.61496,0.026498433,-0.010253162,-9.321057E-4,-40.8375,-0.825,-47.9875,sitting
2034031702500820,-0.2105684,-0.38823548,9.696316,0.0041278964,-6.6578976E-4,0.0022636852,-40.825,-0.8125,-48.0125,sitting
2034031722500820,-0.26799613,-0.4743771,9.748958,0.0030626329,0.002530001,0.00652474,-40.850002,-0.85,-47.9875,sitting
2034031742500820,-0.37806597,-0.62751776,9.782457,0.020106852,-0.008122635,0.0054594763,-40.8375,-0.8,-47.9625,sitting
2034031762500820,-0.5455636,-0.86201435,10.012766,0.038216334,-0.009187899,0.0075900033,-40.8375,-0.8,-47.875,sitting
2034031782500820,-0.5455636,-1.0725827,10.204192,0.029694224,-0.002796317,0.003328949,-40.875,-0.875,-47.775,sitting
2034031802500820,-0.34456646,-1.2209377,10.213763,-0.016112113,0.002530001,-0.0073236874,-40.875,-0.8875,-47.7375,sitting
2034031822500820,-0.13399807,-1.1252248,10.118051,-0.06511424,0.014247901,-0.013715269,-40.9,-0.9375,-47.65,sitting
2034031842500820,-0.18185452,-0.7328019,9.916455,-0.086419515,0.018508956,-0.013715269,-40.925,-1.0375,-47.625,sitting
2034031862500820,-0.41156548,-0.35473597,9.634102,-0.07044056,0.005725792,-0.0073236874,-40.9625,-1.075,-47.575,sitting
2034031882500820,-0.38285163,-0.21535404,9.591031,-0.00972053,-0.005992108,0.0022636852,-40.9875,-1.0500001,-47.575,sitting
2034031902500820,-0.3062813,-0.2536392,9.619745,0.06165213,-0.011318427,0.0011984216,-41.037502,-1.1,-47.5875,sitting
2034031922500820,-0.28235307,-0.38344982,9.672387,0.09041425,-0.019840535,0.008655267,-41.05,-1.15,-47.6125,sitting
2034031942500820,-0.24885355,-0.5557331,9.820743,0.065913185,-0.0049268445,0.020373167,-41.037502,-1.0875,-47.725002,sitting
2034031962500820,-0.2727818,-0.5988039,9.935597,0.032890014,0.008921583,0.019307904,-41.0,-1.0500001,-47.7625,sitting
2034031982500820,-0.31106696,-0.503091,9.863813,0.029694224,0.0046605286,0.011851058,-40.9875,-1.0500001,-47.8625,sitting
2034032002500820,-0.29671,-0.31585258,9.681958,0.038216334,3.9947388E-4,0.013981585,-40.9875,-1.0125,-47.925,sitting
2034032022500820,-0.26799613,-0.32063824,9.586246,0.046738442,-0.005992108,0.012916322,-40.975002,-1.0125,-47.9875,sitting
2034032042500820,-0.32063824,-0.38823548,9.7298155,0.019041587,-0.0049268445,-0.0041278964,-40.975002,-1.0125,-47.9,sitting
2034032062500820,-0.33499518,-0.4648058,9.830314,-0.039547913,0.008921583,-0.014780533,-40.9875,-1.0375,-47.8375,sitting
2034032082500820,-0.4211368,-0.57009,9.748958,-0.07789741,0.024900537,-0.013715269,-40.9875,-1.025,-47.912502,sitting
2034032102500820,-0.44985065,-0.67058855,9.916455,-0.08322372,0.009986847,-0.017976323,-41.0125,-1.0625,-47.8375,sitting
2034032122500820,-0.4019942,-0.7328019,10.003195,-0.08215846,-0.0049268445,-0.021172116,-41.05,-1.1,-47.8125,sitting
2034032142500820,-0.2536392,-0.66101724,9.873384,-0.073636346,-0.008122635,-0.021172116,-41.05,-1.1375,-47.725002,sitting
2034032162500820,-0.148355,-0.51266223,9.686745,-0.050200548,-0.014514217,-0.023302643,-41.05,-1.15,-47.65,sitting
2034032182500820,-0.18664017,-0.42652065,9.619745,-0.021438431,-0.021971062,-0.017976323,-41.0,-1.1375,-47.55,sitting
2034032202500820,-0.34456646,-0.4456632,9.629316,-1.3315796E-4,-0.0049268445,1.3315796E-4,-40.975002,-1.1625,-47.5625,sitting
2034032222500820,-0.47377887,-0.6562316,9.777672,0.04567318,0.016378429,0.017177377,-40.975002,-1.1375,-47.625,sitting
2034032242500820,-0.56470615,-0.9912268,10.04148,0.09574057,0.012117374,0.023568958,-40.9625,-1.1375,-47.600002,sitting
2034032262500820,-0.45942193,-1.2687942,10.213763,0.13409007,0.0067910557,0.034221593,-40.9,-1.1875,-47.662502,sitting
2034032282500820,-0.37806597,-1.5613167,10.242477,0.1330248,-0.0038615807,0.03315633,-40.8375,-1.1625,-47.725002,sitting
2034032302500820,-0.32063824,-1.5038891,10.395618,0.04567318,-0.005992108,0.0075900033,-40.8,-1.15,-47.7125,sitting
2034032322500820,-0.37806597,-1.1443675,10.299905,-0.062983714,0.0067910557,-0.011584742,-40.787502,-1.1375,-47.7125,sitting
2034032342500820,-0.5694918,-0.40737805,9.854242,-0.07896267,0.024900537,-0.008388951,-40.8375,-1.1125001,-47.7625,sitting
2034032362500820,-0.5599205,0.32063824,9.299107,-0.019307904,0.005725792,-0.0041278964,-40.8375,-1.1875,-47.8125,sitting
2034032382500820,-0.07597212,0.32063824,8.79123,0.021172116,-0.020905798,-0.009454215,-40.8625,-1.225,-47.8125,sitting
2034032402500820,-0.061615184,-0.28235307,9.433105,-0.0043942127,-0.01238369,-0.014780533,-40.925,-1.3000001,-47.8375,sitting
2034032422500820,-0.32063824,-0.8045866,10.381261,-0.057657395,-6.6578976E-4,-0.017976323,-41.0,-1.325,-47.8,sitting
2034032442500820,-0.2727818,-0.5940182,10.285548,-0.08002793,-0.0070573715,-0.021172116,-41.075,-1.375,-47.787502,sitting
2034032462500820,-0.037686955,-0.15792629,9.39482,-0.07044056,-0.014514217,-0.015845796,-41.162502,-1.4125,-47.8125,sitting
2034032482500820,-0.07597212,0.043070808,9.189037,-0.039547913,-0.008122635,1.3315796E-4,-41.2,-1.4875001,-47.7625,sitting
2034032502500820,-0.30149564,-0.038285162,9.562318,0.027563697,-0.0017310535,0.016112113,-41.2125,-1.6,-47.75,sitting
2034032522500820,-0.38763726,-0.3062813,9.715458,0.08934899,-0.002796317,0.015046849,-41.25,-1.5875,-47.675,sitting
2034032542500820,-0.39720857,-0.7040881,9.811171,0.088283725,0.0014647375,0.008655267,-41.25,-1.6,-47.675,sitting
2034032562500820,-0.39720857,-1.0725827,10.189836,0.031824753,0.013182637,0.008655267,-41.2375,-1.5875,-47.575,sitting
2034032582500820,-0.4642076,-1.3022938,10.357333,-0.031025803,0.017443692,0.0011984216,-41.2,-1.5875,-47.537502,sitting
2034032602500820,-0.47377887,-1.3310076,10.33819,-0.042743705,0.013182637,-0.0041278964,-41.2125,-1.625,-47.537502,sitting
2034032622500820,-0.4211368,-0.9720842,10.141979,0.0030626329,0.0067910557,0.0043942127,-41.162502,-1.6125001,-47.525,sitting
2034032642500820,-0.36370903,-0.5557331,9.758529,0.047803707,-0.0049268445,0.003328949,-41.1875,-1.525,-47.625,sitting
2034032662500820,-0.37328035,-0.17228323,9.543175,0.041412123,-0.008122635,-0.0019973693,-41.162502,-1.45,-47.625,sitting
2034032682500820,-0.3397808,-0.15314065,9.452248,-0.011851058,3.9947388E-4,-0.0019973693,-41.15,-1.3875,-47.7125,sitting
2034032702500820,-0.28235307,-0.43609193,9.681958,-0.057657395,0.013182637,-0.0051931604,-41.125,-1.375,-47.7125,sitting
2034032722500820,-0.32542387,-0.71365935,10.055838,-0.039547913,0.01105211,-0.0019973693,-41.0875,-1.325,-47.65,sitting
2034032742500820,-0.2632105,-0.63230336,10.094122,0.0105194785,-0.0038615807,0.00652474,-41.0875,-1.3375,-47.675,sitting
2034032762500820,-0.19142582,-0.35473597,9.710672,0.038216334,-0.013448954,0.0054594763,-41.100002,-1.3125,-47.662502,sitting
2034032782500820,-0.21535404,-0.086141616,9.418748,0.014780533,-0.009187899,-0.0030626329,-41.15,-1.3375,-47.7,sitting
2034032802500820,-0.29671,-0.20578274,9.538389,-0.042743705,-0.0017310535,-0.0105194785,-41.175,-1.4125,-47.65,sitting
2034032822500820,-0.33020952,-0.45044887,9.859028,-0.08748478,0.009986847,-0.014780533,-41.2,-1.5375,-47.6375,sitting
2034032842500820,-0.30149564,-0.5461618,9.906884,-0.08322372,0.014247901,-0.008388951,-41.275,-1.65,-47.5875,sitting
2034032862500820,-0.29192436,-0.49351966,9.787243,-0.03635212,0.005725792,-0.0041278964,-41.3,-1.725,-47.55,sitting
2034032882500820,-0.32542387,-0.33499518,9.710672,0.013715269,-0.0070573715,-0.0051931604,-41.3625,-1.8000001,-47.65,sitting
2034032902500820,-0.3062813,-0.32063824,9.629316,0.044607915,-0.0070573715,-0.0019973693,-41.350002,-1.8000001,-47.6875,sitting
2034032922500820,-0.33020952,-0.41694933,9.667602,0.053130023,-0.0049268445,0.0043942127,-41.3625,-1.85,-47.65,sitting
2034032942500820,-0.41635114,-0.5988039,9.753743,0.05206476,-0.0070573715,0.010785795,-41.3375,-1.875,-47.6375,sitting
2034032962500820,-0.5407779,-0.95772725,9.949955,0.041412123,-6.6578976E-4,0.011851058,-41.3,-1.9125,-47.675,sitting
2034032982500820,-0.47856453,-1.2592229,10.295119,0.01691106,0.005725792,0.016112113,-41.3125,-1.875,-47.7,sitting
2034033002500820,-0.15792629,-1.4033905,10.347761,0.031824753,0.0046605286,0.020373167,-41.2625,-1.8375,-47.7375,sitting
2034033022500820,-0.18185452,-1.3214363,10.118051,0.06165213,3.9947388E-4,0.017177377,-41.2375,-1.7625,-47.825,sitting
2034033042500820,-0.4642076,-0.9912268,10.046266,0.049934234,-0.008122635,0.00652474,-41.162502,-1.7875,-47.825,sitting
2034033062500820,-0.6221339,-0.50787663,9.969097,-0.013981585,3.9947388E-4,-0.0073236874,-41.125,-1.75,-47.8375,sitting
2034033082500820,-0.5455636,-0.0047856453,9.524033,-0.07044056,0.01957422,-0.0126500055,-41.025,-1.6625,-48.05,sitting
2034033102500820,-0.30149564,0.10049855,9.160323,-0.06191845,0.012117374,-0.0126500055,-40.95,-1.5625,-48.15,sitting
2034033122500820,-0.05682954,-0.22971097,9.452248,-0.03635212,-0.0049268445,-0.015845796,-40.875,-1.45,-48.1875,sitting
2034033142500820,-0.2105684,-0.60358953,9.964312,-0.04167844,-0.009187899,-0.017976323,-40.75,-1.3625001,-48.2625,sitting
2034033162500820,-0.38763726,-0.637089,10.079765,-0.05978792,-0.013448954,-0.02223738,-40.6375,-1.3625001,-48.2375,sitting
2034033182500820,-0.31106696,-0.43609193,9.7681,-0.08215846,-0.023036325,-0.029694224,-40.575,-1.3625001,-48.225002,sitting
2034033202500820,-0.2727818,-0.2536392,9.528818,-0.08748478,-0.020905798,-0.020106852,-40.5125,-1.3000001,-48.3375,sitting
2034033222500820,-0.3062813,-0.22492532,9.54796,-0.04167844,-0.011318427,0.0022636852,-40.4875,-1.3000001,-48.412502,sitting
2034033242500820,-0.28713873,-0.32063824,9.701101,0.041412123,0.008921583,0.016112113,-40.45,-1.2625,-48.3125,sitting
2034033262500820,-0.37328035,-0.5174479,9.725029,0.12343743,0.024900537,0.01824264,-40.4375,-1.275,-48.25,sitting
2034033282500820,-0.4211368,-0.7040881,9.868599,0.15965639,0.015313165,0.026764749,-40.412502,-1.2125,-48.287502,sitting
2034033302500820,-0.41635114,-0.86201435,9.984053,0.11704584,0.005725792,0.028895276,-40.425,-1.1875,-48.287502,sitting
2034033322500820,-0.35413775,-1.0055838,10.036695,-0.0043942127,0.0035952649,1.3315796E-4,-40.4,-1.1125001,-48.350002,sitting
2034033342500820,-0.31585258,-1.1587243,10.046266,-0.10346373,0.012117374,-0.01691106,-40.4,-1.075,-48.412502,sitting
2034033362500820,-0.38285163,-1.1778669,10.127622,-0.06831003,0.014247901,-0.0041278964,-40.4,-1.0,-48.3875,sitting
2034033382500820,-0.5024927,-1.1347961,10.137193,0.020106852,-0.014514217,-0.006258424,-40.412502,-0.975,-48.3375,sitting
2034033402500820,-0.52163535,-1.0582259,10.122836,0.046738442,-0.023036325,-0.006258424,-40.425,-0.9875,-48.350002,sitting
2034033422500820,-0.4833502,-0.63230336,10.07498,0.0073236874,-0.0049268445,0.0043942127,-40.3875,-0.95,-48.4,sitting
2034033442500820,-0.41156548,-0.18185452,9.54796,-0.03315633,0.0067910557,-9.321057E-4,-40.375,-0.96250004,-48.412502,sitting
2034033462500820,-0.23928227,0.14356937,9.212965,-0.031025803,-6.6578976E-4,1.3315796E-4,-40.375,-0.9375,-48.575,sitting
2034033482500820,0.06281159,-0.0047856453,9.246465,-0.0022636852,-0.005992108,0.0022636852,-40.3125,-0.85,-48.662502,sitting
2034033502500820,-0.2009971,-0.38823548,9.681958,0.017976323,-0.005992108,-0.0019973693,-40.2125,-0.75,-48.7375,sitting
2034033522500820,-0.41156548,-0.60358953,10.046266,0.006258424,-0.002796317,1.3315796E-4,-40.15,-0.6375,-48.825,sitting
2034033542500820,-0.33499518,-0.7088737,9.940384,-0.034221593,0.009986847,-0.0051931604,-40.05,-0.58750004,-49.025,sitting
2034033562500820,-0.39720857,-0.651446,9.849456,-0.054461602,0.014247901,-0.008388951,-39.912502,-0.4875,-49.162502,sitting
2034033582500820,-0.45942193,-0.63230336,9.916455,-0.03315633,0.0046605286,-0.006258424,-39.8375,-0.4,-49.350002,sitting
2034033602500820,-0.3493521,-0.57009,9.859028,-0.0011984216,3.9947388E-4,-0.0041278964,-39.75,-0.25,-49.4875,sitting
2034033622500820,-0.31585258,-0.57009,9.7681,0.024367906,-0.0017310535,0.0011984216,-39.6125,-0.1375,-49.475002,sitting
2034033642500820,-0.29192436,-0.49351966,9.792028,0.030759487,-0.002796317,0.0054594763,-39.625,-0.05,-49.5625,sitting
2034033662500820,-0.28713873,-0.50787663,9.748958,0.021172116,-0.0017310535,0.00652474,-39.600002,-0.0,-49.575,sitting
2034033682500820,-0.3589234,-0.5461618,9.796814,0.006258424,0.0046605286,0.0054594763,-39.575,-0.0625,-49.7125,sitting
2034033702500820,-0.3924229,-0.6131608,9.859028,0.011584742,0.0035952649,0.011851058,-39.6375,-0.125,-49.55,sitting
2034033722500820,-0.38763726,-0.6131608,9.84467,0.04034686,-6.6578976E-4,0.016112113,-39.725002,-0.2125,-49.475002,sitting
2034033742500820,-0.33499518,-0.6131608,9.830314,0.056325816,-0.008122635,0.0075900033,-39.8,-0.38750002,-49.3,sitting
2034033762500820,-0.25842485,-0.5940182,9.8015995,0.02223738,-0.0017310535,-0.0041278964,-39.875,-0.5625,-49.15,sitting
2034033782500820,-0.28235307,-0.5940182,9.782457,-0.05339634,0.014247901,-0.009454215,-39.975002,-0.75,-49.05,sitting
2034033802500820,-0.34456646,-0.5557331,9.787243,-0.09494162,0.017443692,-0.015845796,-40.100002,-1.025,-48.9375,sitting
2034033822500820,-0.33499518,-0.52223355,9.734601,-0.08002793,-0.002796317,-0.020106852,-40.2125,-1.2,-48.912502,sitting
2034033842500820,-0.39720857,-0.53659046,9.705887,-0.050200548,-0.018775271,-0.02223738,-40.3375,-1.35,-48.787502,sitting
2034033862500820,-0.4977071,-0.637089,9.758529,-0.015046849,-0.02410159,-0.019041587,-40.412502,-1.4625,-48.75,sitting
2034033882500820,-0.5694918,-0.76630145,9.916455,0.0126500055,-0.01238369,-0.006258424,-40.475002,-1.5875,-48.725002,sitting
2034033902500820,-0.57906306,-0.90508515,10.012766,0.032890014,0.005725792,0.015046849,-40.5,-1.7,-48.7125,sitting
2034033922500820,-0.4881358,-0.9242278,9.978668,0.08082688,0.01105211,0.032091066,-40.600002,-1.825,-48.6875,sitting
2034033942500820,-0.4354937,-0.8572287,9.887741,0.15219954,0.00785632,0.04061318,-40.6875,-1.9375,-48.65,sitting
2034033962500820,-0.49292147,-0.7710871,9.820743,0.14261217,-0.010253162,0.03315633,-40.7375,-1.975,-48.6125,sitting
2034033982500820,-0.4881358,-0.6801598,9.806385,0.031824753,-0.011318427,0.013981585,-40.787502,-2.075,-48.4875,sitting
2034034002500820,-0.43070808,-0.67058855,9.782457,-0.073636346,0.016378429,-0.011584742,-40.825,-2.15,-48.5125,sitting
2034034022500820,-0.4546363,-0.71365935,9.782457,-0.07576688,0.027031064,-0.0051931604,-40.8375,-2.1875,-48.55,sitting
2034034042500820,-0.46899325,-0.7423732,9.830314,-0.003328949,-6.6578976E-4,0.0043942127,-40.850002,-2.3,-48.537502,sitting
2034034062500820,-0.4354937,-0.7471589,9.835099,0.03395528,-0.016644744,-0.0105194785,-40.925,-2.3625,-48.537502,sitting
2034034082500820,-0.36370903,-0.7423732,9.825528,-0.0054594763,-0.0070573715,-0.011584742,-40.95,-2.5,-48.5625,sitting
2034034102500820,-0.34456646,-0.71365935,9.796814,-0.064048976,0.002530001,-0.017976323,-41.05,-2.7,-48.600002,sitting
2034034122500820,-0.36370903,-0.6418747,9.772886,-0.09387636,-0.0070573715,-0.03395528,-41.100002,-2.95,-48.5625,sitting
2034034142500820,-0.4642076,-0.63230336,9.7298155,-0.096006885,-0.01238369,-0.02543317,-41.2,-3.175,-48.5625,sitting
2034034162500820,-0.55034924,-0.6801598,9.806385,-0.06617951,-0.005992108,1.3315796E-4,-41.2625,-3.4375,-48.45,sitting
2034034182500820,-0.47856453,-0.7423732,9.906884,0.014780533,0.002530001,0.016112113,-41.3,-3.675,-48.3375,sitting
2034034202500820,-0.38763726,-0.8380861,9.854242,0.097871095,3.9947388E-4,0.019307904,-41.325,-3.8500001,-48.2625,sitting
2034034222500820,-0.4019942,-0.81894356,9.892527,0.11491532,-0.0070573715,0.019307904,-41.3875,-3.9875,-48.2375,sitting
2034034242500820,-0.44027936,-0.7375876,9.868599,0.059521604,3.9947388E-4,0.011851058,-41.425,-4.0875,-48.225002,sitting
2034034262500820,-0.40677986,-0.6466603,9.777672,-0.027830012,0.017443692,0.0022636852,-41.3875,-4.1125,-48.2625,sitting
2034034282500820,-0.38763726,-0.5557331,9.701101,-0.05978792,0.024900537,0.00652474,-41.3625,-4.1,-48.3375,sitting
2034034302500820,-0.42592242,-0.58923256,9.720243,-0.015046849,0.01105211,0.0075900033,-41.325,-4.0875,-48.425,sitting
2034034322500820,-0.4881358,-0.6945168,9.835099,0.03502054,-0.0038615807,-0.0019973693,-41.275,-3.9625,-48.600002,sitting
2034034342500820,-0.46899325,-0.7710871,9.930812,0.036085807,-0.005992108,-0.0019973693,-41.25,-3.9125001,-48.725002,sitting
2034034362500820,-0.28713873,-0.799801,9.921241,-0.00652474,-0.005992108,-0.0073236874,-41.2125,-3.7875001,-48.75,sitting
2034034382500820,-0.018544376,-0.6945168,9.725029,-0.052331075,-0.0017310535,-0.019041587,-41.1125,-3.6875,-48.8125,sitting
2034034402500820,-0.052043892,-0.5174479,9.648459,-0.054461602,3.9947388E-4,-0.019041587,-41.0625,-3.575,-48.875,sitting
2034034422500820,-0.3397808,-0.40259242,9.643674,-0.043808967,-6.6578976E-4,-0.009454215,-40.9875,-3.4750001,-48.8875,sitting
2034034442500820,-0.5168497,-0.5270192,9.624531,-0.027830012,-0.0017310535,1.3315796E-4,-40.9375,-3.4,-48.9,sitting
2034034462500820,-0.5599205,-0.6562316,9.811171,0.014780533,-0.005992108,0.00652474,-40.925,-3.4,-48.9,sitting
2034034482500820,-0.5838487,-0.80937225,10.017552,0.06058687,-0.0070573715,0.012916322,-40.9375,-3.4875,-48.8375,sitting
2034034502500820,-0.4546363,-0.9529416,9.954741,0.076565824,-0.01238369,0.010785795,-40.975002,-3.6125,-48.8,sitting
2034034522500820,-0.30149564,-0.9768698,9.849456,0.030759487,0.0046605286,0.0054594763,-41.05,-3.8375,-48.775,sitting
2034034542500820,-0.37328035,-0.91465646,9.916455,-0.028895276,0.023835273,0.008655267,-41.125,-4.0125003,-48.8,sitting
2034034562500820,-0.6221339,-0.76630145,9.984053,-0.017177377,0.029161593,0.015046849,-41.162502,-4.2125,-48.8125,sitting
2034034582500820,-0.63170516,-0.67058855,9.782457,0.039281595,0.018508956,0.017177377,-41.2125,-4.4125,-48.7625,sitting
2034034602500820,-0.38285163,-0.6801598,9.681958,0.0627174,-0.011318427,0.00652474,-41.287502,-4.5125003,-48.8,sitting
2034034622500820,-0.2727818,-0.80937225,9.825528,0.026498433,-0.020905798,-0.0051931604,-41.3,-4.6,-48.8125,sitting
2034034642500820,-0.37806597,-0.86201435,9.954741,-0.038482647,-6.6578976E-4,-0.008388951,-41.3125,-4.6375003,-48.8,sitting
2034034662500820,-0.46899325,-0.7471589,9.921241,-0.045939494,0.014247901,1.3315796E-4,-41.325,-4.6,-48.875,sitting
2034034682500820,-0.38763726,-0.6227321,9.753743,0.0126500055,0.002530001,0.012916322,-41.350002,-4.5,-48.975002,sitting
2034034702500820,-0.33020952,-0.53659046,9.7298155,0.064847924,-0.018775271,0.015046849,-41.3375,-4.4875,-48.875,sitting
2034034722500820,-0.29671,-0.47916272,9.739387,0.059521604,-0.019840535,0.015046849,-41.3625,-4.475,-48.8375,sitting
2034034742500820,-0.23928227,-0.4648058,9.677173,0.0105194785,0.0014647375,0.011851058,-41.3625,-4.475,-48.7625,sitting
2034034762500820,-0.17706887,-0.46002015,9.629316,-0.044874232,0.016378429,-0.009454215,-41.325,-4.5,-48.6875,sitting
2034034782500820,-0.22013968,-0.4743771,9.6580305,-0.06937529,0.02809633,-0.0105194785,-41.350002,-4.4875,-48.5625,sitting
2034034802500820,-0.37328035,-0.5509474,9.725029,-0.051265813,0.020639483,0.0054594763,-41.3875,-4.55,-48.600002,sitting
2034034822500820,-0.46899325,-0.66101724,9.839885,-0.023568958,0.008921583,1.3315796E-4,-41.425,-4.65,-48.45,sitting
2034034842500820,-0.5024927,-0.7423732,9.854242,-1.3315796E-4,-0.0038615807,-0.006258424,-41.425,-4.7625003,-48.325,sitting
2034034862500820,-0.5168497,-0.8237292,9.921241,0.0030626329,-0.008122635,-0.0030626329,-41.4875,-4.8625,-48.3,sitting
2034034882500820,-0.4977071,-0.87158567,9.949955,-0.00652474,3.9947388E-4,-0.006258424,-41.525,-4.9375,-48.15,sitting
2034034902500820,-0.41156548,-0.8955139,9.902099,-0.008655267,3.9947388E-4,-0.0105194785,-41.575,-4.9875,-48.2,sitting
2034034922500820,-0.38285163,-0.8141579,9.859028,0.0030626329,-0.008122635,-0.009454215,-41.6125,-5.0750003,-48.2125,sitting
2034034942500820,-0.44985065,-0.69930243,9.84467,0.008388951,-0.0038615807,1.3315796E-4,-41.6125,-5.175,-48.1875,sitting
2034034962500820,-0.4642076,-0.60358953,9.744172,0.0126500055,0.0035952649,0.017177377,-41.6375,-5.1375003,-48.0875,sitting
2034034982500820,-0.38285163,-0.6227321,9.701101,0.05419529,-0.013448954,0.025699485,-41.662502,-5.175,-48.1375,sitting
2034035002500820,-0.3493521,-0.7040881,9.763314,0.09147952,-0.018775271,0.026764749,-41.65,-5.225,-48.1125,sitting
2034035022500820,-0.38763726,-0.77587277,9.868599,0.06165213,-0.008122635,0.021438431,-41.600002,-5.2375,-48.175,sitting
2034035042500820,-0.4354937,-0.8141579,9.897313,-0.020373167,0.00785632,-0.006258424,-41.575,-5.2375,-48.2,sitting
2034035062500820,-0.44985065,-0.7710871,9.825528,-0.08215846,0.0259658,-0.023302643,-41.55,-5.3,-48.125,sitting
2034035082500820,-0.4546363,-0.718445,9.792028,-0.07789741,0.032357384,-0.009454215,-41.525,-5.275,-48.0875,sitting
2034035102500820,-0.41156548,-0.7088737,9.796814,-0.043808967,0.014247901,-0.009454215,-41.4875,-5.2875,-48.1375,sitting
2034035122500820,-0.30149564,-0.71365935,9.825528,-0.013981585,-0.015579481,-0.014780533,-41.45,-5.35,-48.1875,sitting
2034035142500820,-0.26799613,-0.67058855,9.748958,0.015845796,-0.029427908,-0.009454215,-41.412502,-5.3250003,-48.175,sitting
2034035162500820,-0.38763726,-0.6562316,9.725029,0.02223738,-0.011318427,-0.0073236874,-41.412502,-5.2625003,-48.3625,sitting
2034035182500820,-0.4642076,-0.6466603,9.792028,0.006258424,0.00785632,0.0022636852,-41.425,-5.1875,-48.3875,sitting
2034035202500820,-0.4211368,-0.7280163,9.811171,-0.008655267,0.0035952649,0.00652474,-41.412502,-5.15,-48.45,sitting
2034035222500820,-0.38285163,-0.7615158,9.835099,0.006258424,3.9947388E-4,0.00652474,-41.375,-5.05,-48.5125,sitting
2034035242500820,-0.42592242,-0.7615158,9.815957,0.042477388,-0.0017310535,0.021438431,-41.375,-5.0375,-48.5,sitting
2034035262500820,-0.4546363,-0.7328019,9.825528,0.07550056,-0.015579481,0.032091066,-41.4375,-5.05,-48.412502,sitting
2034035282500820,-0.46899325,-0.75673014,9.835099,0.08934899,-0.021971062,0.024634222,-41.4375,-5.0375,-48.3,sitting
2034035302500820,-0.47856453,-0.7710871,9.854242,0.046738442,-0.009187899,0.011851058,-41.4625,-5.0375,-48.2625,sitting
2034035322500820,-0.42592242,-0.75194454,9.839885,-0.02996054,0.018508956,-0.0041278964,-41.5,-5.0125003,-48.1375,sitting
2034035342500820,-0.38285163,-0.7423732,9.782457,-0.07150582,0.030226856,-0.0126500055,-41.475002,-5.05,-48.0875,sitting
2034035362500820,-0.38285163,-0.7375876,9.782457,-0.054461602,0.013182637,-0.017976323,-41.5125,-5.0625,-47.975002,sitting
2034035382500820,-0.42592242,-0.8045866,9.835099,-0.049135286,-0.009187899,-0.04234423,-41.525,-5.0375,-47.912502,sitting
2034035402500820,-0.52163535,-0.87637126,9.935597,-0.07044056,-0.020905798,-0.062584236,-41.537502,-5.0125003,-47.9375,sitting
2034035422500820,-0.49292147,-0.8045866,9.988838,-0.09387636,-0.034754228,-0.083889514,-41.55,-4.9625,-48.037502,sitting
2034035442500820,-0.32542387,-0.637089,9.787243,-0.14394376,-0.057124764,-0.116912685,-41.5125,-4.9500003,-48.162502,sitting
2034035462500820,-0.29671,-0.48873404,9.619745,-0.19401114,-0.061385818,-0.10839058,-41.5,-4.8875003,-48.2,sitting
2034035482500820,-0.3493521,-0.4648058,9.605389,-0.118377425,-0.027297381,1.3315796E-4,-41.4625,-4.8625,-48.2375,sitting
2034035502500820,-0.3589234,-0.6562316,9.753743,0.0627174,0.030226856,0.0896153,-41.45,-4.8,-48.2375,sitting
2034035522500820,-0.38285163,-0.77587277,9.940384,0.28735486,0.07709846,0.07576688,-41.4375,-4.7625003,-48.425,sitting
2034035542500820,-0.41156548,-0.79501534,9.926026,0.4386223,0.038748965,0.05659213,-41.425,-4.8375,-48.45,sitting
2034035562500820,-0.4019942,-0.6658029,9.820743,0.29161593,-0.06351634,0.08322372,-41.425,-4.875,-48.4,sitting
2034035582500352,-0.3589234,-0.5605187,9.686745,-0.09174583,-0.026232118,0.012916322,-41.3625,-4.875,-48.3625,sitting
2034035602500352,-0.36370903,-0.57487565,9.701101,-0.2802975,0.103730045,-0.060453713,-41.350002,-4.8625,-48.3375,sitting
2034035622500352,-0.39720857,-0.6801598,9.806385,-0.124769,0.06964161,0.023568958,-41.325,-4.8875003,-48.4,sitting
2034040202500352,-0.38763726,-0.79501534,9.882956,0.08295741,-0.020905798,0.031025803,-41.25,-5.1375003,-48.4,sitting
2034040222500352,-0.3589234,-0.76630145,9.854242,0.120241635,-0.04114581,-0.024367906,-41.2,-5.425,-48.412502,sitting
2034040242500352,-0.4019942,-0.7088737,9.792028,-0.010785795,-0.0049268445,0.0022636852,-41.0875,-5.725,-48.3625,sitting
2034040262500352,-0.5072784,-0.6945168,9.763314,-0.13435638,0.029161593,-0.014780533,-41.037502,-5.9375,-48.4375,sitting
2034040282500352,-0.5024927,-0.7088737,9.820743,-0.12583427,-0.005992108,-0.048735812,-40.975002,-6.1625,-48.425,sitting
2034040302500352,-0.38285163,-0.77587277,9.811171,-0.105594255,-0.039015282,-0.03395528,-40.95,-6.35,-48.4875,sitting
2034040322500352,-0.32542387,-0.78065836,9.777672,-0.09707215,-0.029427908,-0.014780533,-40.9,-6.6375003,-48.4875,sitting
2034040342500352,-0.40677986,-0.77587277,9.811171,-0.043808967,-0.01238369,0.0054594763,-40.8125,-6.8,-48.3875,sitting
2034040362500352,-0.51206404,-0.8237292,9.84467,0.046738442,-6.6578976E-4,0.027830012,-40.8,-6.775,-48.375,sitting
2034040382500352,-0.46899325,-0.8668,9.873384,0.16072164,0.005725792,0.020373167,-40.75,-6.75,-48.3125,sitting
2034040402500352,-0.42592242,-0.85244304,9.873384,0.17337166,0.0046605286,-9.321057E-4,-40.7375,-6.6875,-48.25,sitting
2034040422500352,-0.47377887,-0.8380861,9.839885,0.065913185,0.0067910557,-0.0019973693,-40.675,-6.6,-48.15,sitting
2034040442500352,-0.44985065,-0.799801,9.825528,-0.049135286,0.016378429,-0.0041278964,-40.662502,-6.5625,-48.125,sitting
2034040462500352,-0.3589234,-0.718445,9.777672,-0.08002793,0.02277001,-0.014780533,-40.6375,-6.5625,-48.1125,sitting
2034040482500352,-0.37806597,-0.6658029,9.725029,-0.0075900033,0.009986847,0.0043942127,-40.6375,-6.5,-48.0625,sitting
2034040502500352,-0.526421,-0.6945168,9.763314,0.064847924,-0.013448954,0.020373167,-40.6375,-6.525,-48.0125,sitting
2034040522500352,-0.5312066,-0.7710871,9.854242,0.059521604,-0.009187899,0.00972053,-40.675,-6.55,-48.0,sitting
2034040542500352,-0.43070808,-0.85244304,9.868599,-0.0022636852,0.002530001,0.0043942127,-40.662502,-6.5750003,-48.0,sitting
2034040562500352,-0.41156548,-0.8572287,9.868599,-0.06617951,3.9947388E-4,-0.0051931604,-40.7,-6.5625,-47.975002,sitting
2034040582500352,-0.44506502,-0.7710871,9.868599,-0.07789741,-0.0017310535,-0.008388951,-40.775,-6.6,-48.025,sitting
2034040602500352,-0.41635114,-0.718445,9.796814,-0.05978792,-0.01238369,-0.0030626329,-40.75,-6.5375,-48.125,sitting
2034040622500352,-0.35413775,-0.6753742,9.744172,-0.04700476,-0.010253162,-0.0041278964,-40.7375,-6.4500003,-48.0125,sitting
2034040642500352,-0.35413775,-0.63230336,9.763314,-0.05339634,-0.013448954,-0.0030626329,-40.675,-6.4125,-47.975002,sitting
2034040662500352,-0.34456646,-0.6227321,9.748958,-0.08855004,-0.026232118,-0.0041278964,-40.6875,-6.375,-48.05,sitting
2034040682500352,-0.34456646,-0.61794645,9.715458,-0.05978792,0.035553172,0.003328949,-40.675,-6.375,-48.100002,sitting
2034040702500352,-0.3589234,-0.62751776,9.725029,0.068043716,0.05472792,0.022503695,-40.75,-6.3250003,-48.100002,sitting
2034040722500352,-0.42592242,-0.6801598,9.792028,0.12769848,-0.009187899,0.021438431,-40.75,-6.3375,-48.1875,sitting
2034040742500352,-0.4833502,-0.75194454,9.849456,0.07869635,-0.010253162,0.00972053,-40.7125,-6.3,-48.05,sitting
2034040762500352,-0.44027936,-0.8285148,9.839885,0.039281595,-0.008122635,-0.0073236874,-40.725002,-6.3375,-48.0,sitting
2034040782500352,-0.3924229,-0.8428718,9.849456,0.029694224,-0.0017310535,-0.0041278964,-40.775,-6.4375,-48.025,sitting
2034040802500352,-0.35413775,-0.81894356,9.820743,0.0126500055,0.0014647375,0.0054594763,-40.8625,-6.4625,-48.0625,sitting
2034040822500352,-0.3684947,-0.78065836,9.782457,-0.00972053,0.008921583,-0.0019973693,-40.850002,-6.55,-47.9625,sitting
2034040842500352,-0.44027936,-0.76630145,9.782457,-0.0043942127,0.005725792,0.0054594763,-40.8625,-6.5875,-47.8625,sitting
2034040862500352,-0.53599226,-0.8333005,9.84467,0.057391077,0.002530001,0.031025803,-40.8375,-6.625,-47.9,sitting
2034040882500352,-0.5168497,-0.91465646,9.91167,0.09574057,0.0035952649,0.03635212,-40.825,-6.625,-47.8,sitting
2034040902500352,-0.38285163,-0.95772725,9.906884,0.047803707,-0.009187899,0.01824264,-40.875,-6.675,-47.9875,sitting
2034040922500352,-0.33020952,-0.9720842,9.84467,-0.020373167,0.008921583,0.010785795,-40.8625,-6.675,-47.975002,sitting
2034040942500352,-0.37328035,-0.948156,9.868599,-0.04167844,0.030226856,0.019307904,-40.8625,-6.6625,-48.15,sitting
2034040962500352,-0.3924229,-0.8955139,9.87817,-0.01824264,0.024900537,0.022503695,-40.8375,-6.6625,-48.1875,sitting
2034040982500352,-0.3924229,-0.933799,9.873384,-0.003328949,0.013182637,0.017177377,-40.8375,-6.5625,-48.2375,sitting
2034041002500352,-0.33499518,-0.90508515,9.859028,-0.0022636852,0.005725792,0.020373167,-40.8125,-6.525,-48.25,sitting
2034041022500352,-0.32063824,-0.8045866,9.830314,0.0030626329,-0.002796317,0.026764749,-40.825,-6.475,-48.2375,sitting
2034041042500352,-0.4211368,-0.6466603,9.777672,-0.0011984216,3.9947388E-4,0.00972053,-40.8375,-6.4875,-48.2625,sitting
2034041062500352,-0.49292147,-0.48394838,9.701101,-0.012916322,0.01957422,0.0075900033,-40.8125,-6.55,-48.1375,sitting
2034041082500352,-0.47377887,-0.4743771,9.6580305,-0.01824264,0.017443692,0.023568958,-40.8125,-6.625,-48.1375,sitting
2034041102500352,-0.3684947,-0.651446,9.748958,-0.011851058,0.015313165,0.011851058,-40.775,-6.6625,-47.975002,sitting
2034041122500352,-0.2727818,-0.7710871,9.882956,-0.016112113,0.0067910557,-0.0126500055,-40.7625,-6.675,-47.8875,sitting
2034041142500352,-0.33020952,-0.77587277,9.87817,-0.017177377,3.9947388E-4,-0.0019973693,-40.8125,-6.7125,-47.975002,sitting
2034041162500352,-0.44506502,-0.718445,9.854242,-0.00652474,0.005725792,0.0011984216,-40.8375,-6.7125,-48.025,sitting
2034041182500352,-0.5024927,-0.62751776,9.854242,-0.01824264,0.012117374,-0.013715269,-40.787502,-6.7000003,-47.95,sitting
2034041202500352,-0.43070808,-0.5940182,9.835099,-0.03635212,0.008921583,-0.014780533,-40.775,-6.6875,-47.925,sitting
2034041222500352,-0.27756742,-0.56530434,9.815957,-0.04061318,0.014247901,-0.02223738,-40.8,-6.6,-48.025,sitting
2034041242500352,-0.19142582,-0.49351966,9.701101,-0.044874232,0.024900537,-0.02223738,-40.8,-6.5125003,-48.037502,sitting
2034041262500352,-0.26799613,-0.46002015,9.6580305,-0.0043942127,0.002530001,-9.321057E-4,-40.8125,-6.4500003,-48.0,sitting
2034041282500352,-0.3684947,-0.5605187,9.777672,0.019041587,-0.018775271,0.0022636852,-40.8125,-6.5,-48.05,sitting
2034041302500352,-0.42592242,-0.7328019,9.954741,0.0105194785,-0.016644744,-0.0126500055,-40.787502,-6.5375,-48.0,sitting
2034041322500352,-0.526421,-0.80937225,10.022338,-0.032091066,0.002530001,-0.014780533,-40.7375,-6.5375,-47.925,sitting
2034041342500352,-0.49292147,-0.6945168,9.993624,-0.05978792,0.005725792,-0.015845796,-40.75,-6.65,-47.95,sitting
2034041362500352,-0.29192436,-0.4648058,9.806385,-0.045939494,-0.023036325,-0.023302643,-40.75,-6.675,-47.9875,sitting
2034041382500352,-0.11006984,-0.3062813,9.600603,-0.054461602,-0.040080544,-0.02223738,-40.725002,-6.725,-47.912502,sitting
2034041402500352,-0.047258247,-0.31106696,9.543175,-0.06937529,-0.046472125,-0.0105194785,-40.725002,-6.7625003,-47.8625,sitting
2034041422500352,-0.066400826,-0.421735,9.7298155,-0.04807002,-0.05392897,-0.0051931604,-40.7375,-6.7875,-47.9375,sitting
2034041442500352,-0.21535404,-0.5461618,9.835099,-0.0011984216,-0.028362645,-0.009454215,-40.7375,-6.7375,-47.9625,sitting
2034041462500352,-0.2632105,-0.5844469,9.902099,0.049934234,0.02277001,0.0011984216,-40.7125,-6.7125,-47.9375,sitting
2034041482500352,-0.29671,-0.50787663,9.830314,0.08508793,0.03448791,0.020373167,-40.7375,-6.6625,-48.0,sitting
2034041502500352,-0.31585258,-0.4456632,9.705887,0.13515532,0.023835273,0.04061318,-40.7375,-6.6125,-48.037502,sitting
2034041522500352,-0.27756742,-0.51266223,9.748958,0.1808285,0.0014647375,0.055526868,-40.7375,-6.55,-48.075,sitting
2034041542500352,-0.26799613,-0.62751776,9.868599,0.1063932,-0.0070573715,0.039547913,-40.775,-6.5,-48.0875,sitting
2034041562500352,-0.29671,-0.67058855,9.902099,-0.025699485,0.0046605286,0.0022636852,-40.787502,-6.55,-48.0875,sitting
2034041582500352,-0.33020952,-0.651446,9.868599,-0.07683214,0.02277001,-0.013715269,-40.75,-6.6,-47.95,sitting
2034041602500352,-0.34456646,-0.5940182,9.859028,-0.044874232,0.021704746,1.3315796E-4,-40.775,-6.6625,-47.9875,sitting
2034041622500352,-0.29671,-0.47916272,9.806385,-0.008655267,-0.005992108,-9.321057E-4,-40.8125,-6.6875,-47.9875,sitting
2034041642500352,-0.2105684,-0.3930211,9.643674,-0.0075900033,-0.017710008,-0.008388951,-40.825,-6.7000003,-47.925,sitting
2034041662500352,-0.17228323,-0.3786642,9.591031,-0.01824264,-0.036884755,-0.0073236874,-40.850002,-6.6375003,-47.975002,sitting
2034041682500352,-0.29671,-0.4552345,9.710672,-0.025699485,-0.028362645,-0.014780533,-40.912502,-6.6125,-47.912502,sitting
2034041702500352,-0.47856453,-0.6418747,9.859028,-0.010785795,-0.0070573715,-0.013715269,-40.8875,-6.5875,-47.8625,sitting
2034041722500352,-0.5599205,-0.785444,9.964312,0.01691106,0.0014647375,0.0011984216,-40.8875,-6.5,-47.925,sitting
2034041742500352,-0.47377887,-0.84765744,9.984053,0.021172116,0.009986847,0.0043942127,-40.9,-6.4500003,-48.0125,sitting
2034041762500352,-0.3684947,-0.87637126,9.940384,-0.010785795,0.014247901,-9.321057E-4,-40.850002,-6.425,-47.912502,sitting
2034041782500352,-0.3493521,-0.8285148,9.882956,-0.034221593,0.018508956,1.3315796E-4,-40.8375,-6.425,-47.850002,sitting
2034041802500352,-0.39720857,-0.7280163,9.854242,-0.021438431,0.013182637,1.3315796E-4,-40.825,-6.475,-47.8625,sitting
2034041822500352,-0.44506502,-0.651446,9.8015995,0.0030626329,0.00785632,0.0022636852,-40.787502,-6.5875,-47.7625,sitting
2034041842500352,-0.46899325,-0.71365935,9.825528,0.014780533,0.0014647375,0.0022636852,-40.75,-6.7125,-47.787502,sitting
2034041862500352,-0.4833502,-0.8285148,9.930812,-0.0011984216,0.008921583,-0.0051931604,-40.75,-6.7875,-47.8625,sitting
2034041882500352,-0.47856453,-0.94337034,10.051051,-0.027830012,0.008921583,-0.008388951,-40.7625,-6.875,-47.875,sitting
2034041902500352,-0.3062813,-0.8859426,10.017552,-0.026764749,0.017443692,-0.009454215,-40.75,-6.9625,-47.850002,sitting
2034041922500352,-0.11485548,-0.61794645,9.825528,0.008388951,-0.011318427,-9.321057E-4,-40.775,-6.975,-48.0,sitting
2034041942500352,-0.148355,-0.2632105,9.533604,0.03395528,-0.021971062,0.017177377,-40.7625,-6.9875,-48.100002,sitting
2034041962500352,-0.31585258,-0.02871387,9.380463,0.036085807,-0.0049268445,0.00972053,-40.775,-6.975,-48.1875,sitting
2034041982500352,-0.3924229,-0.20578274,9.514461,0.024367906,-0.0038615807,0.0075900033,-40.787502,-6.9,-48.25,sitting
2034042002500352,-0.3397808,-0.5988039,9.873384,-0.013981585,0.01105211,0.0054594763,-40.7625,-6.8250003,-48.3,sitting
2034042022500352,-0.42592242,-0.8811569,10.113265,-0.037417386,0.024900537,-0.006258424,-40.7125,-6.7875,-48.287502,sitting
2034042042500352,-0.44506502,-0.87637126,10.046266,-0.03315633,0.02277001,-9.321057E-4,-40.7,-6.7125,-48.25,sitting
2034042062500352,-0.27756742,-0.71365935,9.916455,-0.019307904,0.01957422,1.3315796E-4,-40.6875,-6.5875,-48.287502,sitting
2034042082500352,-0.2105684,-0.47916272,9.715458,-0.00972053,0.015313165,-0.0019973693,-40.6875,-6.6125,-48.1875,sitting
2034042102500352,-0.33020952,-0.36909288,9.595817,-0.0043942127,0.00785632,-9.321057E-4,-40.662502,-6.6375003,-48.125,sitting
2034042122500352,-0.37328035,-0.4552345,9.677173,-0.003328949,-0.008122635,-0.015845796,-40.662502,-6.7000003,-48.0625,sitting
2034042142500352,-0.37806597,-0.637089,9.830314,-0.03635212,-0.005992108,-0.041278966,-40.6375,-6.7375,-48.037502,sitting
2034042162500352,-0.36370903,-0.87158567,9.973883,-0.09387636,3.9947388E-4,-0.06578003,-40.675,-6.775,-48.0,sitting
2034042182500352,-0.38763726,-0.9816555,10.089336,-0.14394376,-0.011318427,-0.07430214,-40.725002,-6.7875,-48.05,sitting
2034042202500352,-0.41635114,-0.94337034,10.070194,-0.16205323,-0.028362645,-0.063649505,-40.7375,-6.8125,-48.0875,sitting
2034042222500352,-0.37806597,-0.79501534,9.969097,-0.13222586,-0.03581949,-0.052996866,-40.7625,-6.7625003,-48.0125,sitting
2034042242500352,-0.25842485,-0.5988039,9.854242,-0.027830012,-0.021971062,-0.009454215,-40.75,-6.725,-48.037502,sitting
2034042262500352,-0.20578274,-0.33020952,9.701101,0.13835111,0.018508956,0.049135286,-40.7375,-6.6375003,-48.075,sitting
2034042282500352,-0.19621146,-0.09571291,9.5048895,0.25539696,0.023835273,0.049135286,-40.75,-6.5875,-48.0875,sitting
2034042302500352,-0.23928227,-0.14356937,9.409177,0.22983064,-0.005992108,0.034221593,-40.775,-6.6,-48.1375,sitting
2034042322500352,-0.41156548,-0.38344982,9.715458,0.086153194,-0.030493172,0.03528686,-40.8,-6.625,-48.15,sitting
2034042342500352,-0.45942193,-0.6466603,9.984053,-0.04167844,0.002530001,0.011851058,-40.8,-6.7000003,-48.05,sitting
2034042362500352,-0.37806597,-0.6897311,10.003195,-0.03635212,0.024900537,-9.321057E-4,-40.787502,-6.7625003,-48.0125,sitting
2034042382500352,-0.31585258,-0.503091,9.782457,0.039281595,-0.015579481,0.011851058,-40.8,-6.875,-48.100002,sitting
2034042402500352,-0.3062813,-0.36430725,9.624531,0.056325816,-0.025166854,0.00652474,-40.8,-6.8875003,-48.0625,sitting
2034042422500352,-0.28713873,-0.3499503,9.643674,-0.0043942127,0.00785632,-0.0030626329,-40.825,-7.0,-48.0875,sitting
2034042442500352,-0.2536392,-0.4648058,9.648459,-0.073636346,0.02277001,-0.006258424,-40.787502,-6.975,-48.100002,sitting
2034042462500352,-0.32063824,-0.68494546,9.84467,-0.07150582,0.00785632,-0.011584742,-40.787502,-6.9375,-48.125,sitting
2034042482500352,-0.33020952,-0.86201435,9.940384,-0.019307904,-0.0070573715,-0.006258424,-40.7375,-6.8875003,-48.162502,sitting
2034042502500352,-0.3493521,-1.0773684,9.984053,0.042477388,-0.01238369,0.008655267,-40.75,-6.85,-48.2375,sitting
2034042522500352,-0.3684947,-1.3070793,10.084551,0.068043716,-0.028362645,0.00652474,-40.775,-6.8,-48.3,sitting
2034042542500352,-0.40677986,-1.4847465,10.299905,0.020106852,-0.017710008,-0.0051931604,-40.775,-6.7625003,-48.175,sitting
2034042562500352,-0.46899325,-1.3740784,10.443475,-0.03528686,0.016378429,-0.0019973693,-40.7625,-6.75,-48.2,sitting
2034042582500352,-0.5694918,-0.8668,10.189836,-0.03528686,0.0259658,0.0011984216,-40.7625,-6.6875,-48.225002,sitting
2034042602500352,-0.47856453,-0.124426775,9.686745,-0.00972053,0.008921583,-0.0019973693,-40.8,-6.725,-48.2625,sitting
2034042622500352,-0.018544376,0.35413775,8.997611,-0.010785795,0.008921583,-0.0019973693,-40.8,-6.7875,-48.225002,sitting
2034042642500352,0.06281159,0.29192436,8.834301,-0.031025803,0.00785632,-0.0030626329,-40.8125,-6.8375,-48.125,sitting
2034042662500352,-0.2440679,-0.31585258,9.61496,-0.03315633,-0.010253162,-0.0105194785,-40.775,-6.8375,-48.125,sitting
2034042682500352,-0.33499518,-0.68494546,10.285548,-0.038482647,-0.009187899,-0.019041587,-40.7625,-6.875,-48.025,sitting
2034042702500352,-0.3493521,-0.72323066,9.984053,-0.055526868,-0.0070573715,-0.02223738,-40.7625,-6.8625,-48.125,sitting
2034042722500352,-0.38285163,-0.49830532,9.739387,-0.054461602,-0.002796317,-0.013715269,-40.8125,-6.8250003,-48.15,sitting
2034042742500352,-0.36370903,-0.35473597,9.701101,-0.024634222,-0.008122635,-9.321057E-4,-40.825,-6.8625,-48.1375,sitting
2034042762500352,-0.3493521,-0.4743771,9.672387,0.029694224,-0.020905798,0.0022636852,-40.8,-6.8625,-48.0875,sitting
2034042782500352,-0.4019942,-0.6753742,9.873384,0.065913185,-0.027297381,-0.0030626329,-40.787502,-6.8375,-48.037502,sitting
2034042802500352,-0.46899325,-0.84765744,10.036695,0.050999496,-0.026232118,-0.009454215,-40.787502,-6.8,-48.05,sitting
2034042822500352,-0.53599226,-0.9768698,10.060623,-0.0011984216,-0.015579481,-0.015845796,-40.825,-6.775,-48.05,sitting
2034042842500352,-0.4833502,-1.0199406,10.103694,-0.049135286,-0.0070573715,-0.02543317,-40.8375,-6.7125,-48.1125,sitting
2034042862500352,-0.3397808,-0.91465646,10.079765,-0.07576688,-0.0070573715,-0.030759487,-40.8125,-6.7375,-48.0625,sitting
2034042882500352,-0.20578274,-0.6131608,9.854242,-0.09281109,-0.013448954,-0.029694224,-40.825,-6.8,-48.0,sitting
2034042902500352,-0.2440679,-0.25842485,9.576674,-0.098137416,-0.014514217,-0.02223738,-40.825,-6.8250003,-47.9375,sitting
2034042922500352,-0.32063824,-0.17706887,9.413962,-0.07576688,-0.016644744,1.3315796E-4,-40.850002,-6.8250003,-47.925,sitting
2034042942500352,-0.3589234,-0.4121637,9.681958,-0.013981585,0.002530001,0.020373167,-40.8375,-6.7875,-47.925,sitting
2034042962500352,-0.4019942,-0.7280163,10.027123,0.068043716,0.044075284,0.019307904,-40.8375,-6.7625003,-47.9875,sitting
2034042982500352,-0.4019942,-0.7040881,10.07498,0.129829,0.06644582,0.028895276,-40.8125,-6.75,-48.0,sitting
2034043002500352,-0.28713873,-0.52223355,9.8015995,0.16072164,0.04620581,0.051265813,-40.775,-6.8,-48.0,sitting
2034043022500352,-0.22013968,-0.31585258,9.619745,0.120241635,0.0067910557,0.054461602,-40.8125,-6.8125,-48.037502,sitting
2034043042500352,-0.2105684,-0.18664017,9.571889,0.036085807,-0.013448954,0.024634222,-40.8,-6.775,-48.037502,sitting
2034043062500352,-0.16749759,-0.2105684,9.538389,0.006258424,-0.018775271,0.0022636852,-40.775,-6.7625003,-48.0125,sitting
2034043082500352,-0.2009971,-0.33020952,9.638887,0.036085807,-0.014514217,0.00972053,-40.7625,-6.775,-48.037502,sitting
2034043102500352,-0.37806597,-0.5940182,9.744172,0.046738442,-0.0070573715,0.0075900033,-40.75,-6.8,-48.05,sitting
2034043122500352,-0.61734825,-0.9290134,10.04148,0.021172116,-0.0038615807,-0.0073236874,-40.787502,-6.85,-48.025,sitting
2034043142500352,-0.66041905,-1.1874382,10.275977,-0.032091066,-0.0038615807,-0.01691106,-40.787502,-6.9125,-47.9875,sitting
2034043162500352,-0.46899325,-1.244866,10.266405,-0.073636346,0.00785632,-0.02543317,-40.787502,-6.9125,-47.8625,sitting
2034043182500352,-0.21535404,-0.9816555,10.094122,-0.074701615,-6.6578976E-4,-0.03395528,-40.7625,-6.8875003,-47.8375,sitting
2034043202500352,-0.19621146,-0.48394838,9.734601,-0.06511424,-0.017710008,-0.04554002,-40.7125,-6.9,-47.8,sitting
2034043222500352,-0.2727818,-0.1052842,9.3613205,-0.07044056,-0.023036325,-0.062584236,-40.7,-6.9125,-47.8125,sitting
2034043242500352,-0.37328035,-0.18185452,9.342177,-0.10346373,-0.027297381,-0.071106344,-40.675,-6.875,-47.7625,sitting
2034043262500352,-0.46899325,-0.5796613,9.863813,-0.15672691,-0.043276336,-0.05725792,-40.7125,-6.8875003,-47.7375,sitting
2034043282500352,-0.47856453,-0.87158567,10.170692,-0.1716406,-0.06671213,-0.023302643,-40.7,-6.8625,-47.7125,sitting
2034043302500352,-0.36370903,-0.86201435,10.055838,-0.09920268,-0.08162583,0.011851058,-40.725002,-6.8,-47.7125,sitting
2034043322500352,-0.35413775,-0.5940182,9.777672,0.026498433,-0.04753739,0.021438431,-40.725002,-6.75,-47.825,sitting
2034043342500352,-0.3493521,-0.3397808,9.605389,0.1532648,0.03448791,0.0043942127,-40.725002,-6.7375,-47.825,sitting
2034043362500352,-0.2632105,-0.29671,9.552746,0.24900538,0.09094688,-0.006258424,-40.7625,-6.6875,-47.850002,sitting
2034043382500352,-0.30149564,-0.421735,9.681958,0.26711485,0.06538056,0.019307904,-40.7625,-6.6375003,-47.875,sitting
2034043402500352,-0.42592242,-0.5796613,9.782457,0.1532648,0.0067910557,0.04167844,-40.775,-6.675,-47.912502,sitting
2034043422500352,-0.53599226,-0.8237292,9.91167,-0.04061318,-0.009187899,0.012916322,-40.787502,-6.7125,-47.975002,sitting
2034043442500352,-0.5838487,-1.0630114,10.113265,-0.12583427,0.044075284,-0.0126500055,-40.787502,-6.7625003,-47.9625,sitting
2034043462500352,-0.4833502,-1.1539388,10.199407,-0.08109319,-0.068842664,0.0054594763,-40.8,-6.8250003,-47.95,sitting
2034043482500352,-0.3397808,-0.99601245,10.132407,0.04354265,-0.019840535,1.3315796E-4,-40.8125,-6.9,-48.0125,sitting
2034043502500352,-0.29671,-0.60837513,9.815957,0.15219954,0.050466865,0.00652474,-40.850002,-6.9125,-48.05,sitting
2034043522500352,-0.29671,-0.28235307,9.514461,0.07337003,-0.013448954,0.026764749,-40.850002,-6.9625,-48.100002,sitting
2034043542500352,-0.32542387,-0.29671,9.47139,-0.096006885,0.016378429,-9.321057E-4,-40.9,-6.975,-48.1125,sitting
2034043562500352,-0.4354937,-0.5509474,9.825528,-0.10879005,-0.016644744,-0.021172116,-40.8875,-6.975,-48.05,sitting
2034043582500352,-0.40677986,-0.69930243,10.070194,9.321057E-4,-0.027297381,-0.009454215,-40.8625,-6.9500003,-48.025,sitting
2034043602500352,-0.2440679,-0.6466603,9.882956,0.04886897,-0.019840535,-0.024367906,-40.8625,-6.925,-48.037502,sitting
2034043622500352,-0.22492532,-0.3930211,9.643674,-0.0011984216,0.008921583,-0.02543317,-40.8375,-6.8875003,-48.0875,sitting
2034043642500352,-0.2632105,-0.22013968,9.528818,-0.106659524,0.012117374,-0.01691106,-40.8375,-6.8375,-48.0625,sitting
2034043662500352,-0.21535404,-0.27756742,9.557532,-0.1716406,-0.008122635,-0.03395528,-40.825,-6.8125,-48.0875,sitting
2034043682500352,-0.20578274,-0.421735,9.739387,-0.17377113,-0.028362645,-0.03914844,-40.8625,-6.8625,-48.1125,sitting
2034043702500352,-0.33020952,-0.5509474,9.772886,-0.1482048,-0.039015282,-0.015845796,-40.8375,-6.8875003,-48.1125,sitting
2034043722500352,-0.47377887,-0.75673014,9.835099,-0.05659213,-0.008122635,0.013981585,-40.8625,-6.925,-48.2375,sitting
2034043742500352,-0.57427746,-0.9912268,10.103694,0.07017424,0.036618438,0.021438431,-40.9,-6.9875,-48.2375,sitting
2034043762500352,-0.57906306,-1.1826526,10.228121,0.18508956,0.06431529,0.024634222,-40.925,-7.025,-48.287502,sitting
2034043782500352,-0.4833502,-1.1300105,10.256834,0.26072326,0.04620581,0.057657395,-40.912502,-7.0125003,-48.287502,sitting
2034043802500352,-0.32063824,-0.8045866,10.017552,0.25859275,0.009986847,0.07576688,-40.8875,-7.025,-48.2625,sitting
2034043822500352,-0.23449662,-0.37387854,9.61496,0.13409007,-0.0038615807,0.038482647,-40.912502,-7.05,-48.175,sitting
2034043842500352,-0.2727818,-0.06699903,9.3613205,-0.050200548,-0.002796317,-9.321057E-4,-40.8375,-7.05,-48.100002,sitting
2034043862500352,-0.3397808,-0.20578274,9.433105,-0.12903006,0.038748965,-0.009454215,-40.8125,-7.0125003,-48.1375,sitting
2034043882500352,-0.34456646,-0.5844469,9.863813,-0.04700476,0.031292118,0.0075900033,-40.8125,-6.9500003,-48.1375,sitting
2034043902500352,-0.3589234,-0.80937225,10.122836,0.053130023,-0.009187899,0.003328949,-40.8,-6.8250003,-48.1375,sitting
2034043922500352,-0.3397808,-0.6753742,9.964312,0.04034686,-0.01238369,-0.011584742,-40.8125,-6.7625003,-48.175,sitting
2034043942500352,-0.23928227,-0.38344982,9.662816,-0.055526868,3.9947388E-4,-0.013715269,-40.8375,-6.775,-48.1875,sitting
2034043962500352,-0.17706887,-0.2727818,9.480962,-0.11518163,0.0014647375,-0.027563697,-40.850002,-6.8125,-48.1125,sitting
2034043982500352,-0.2009971,-0.32063824,9.600603,-0.13009532,-0.021971062,-0.038083173,-40.850002,-6.8625,-48.1875,sitting
2034044002500352,-0.32542387,-0.43609193,9.701101,-0.1396827,-0.03581949,-0.027563697,-40.9,-6.8625,-48.162502,sitting
2034044022500352,-0.4642076,-0.6466603,9.763314,-0.11092058,-0.0326237,-0.0041278964,-40.9375,-6.9375,-48.0625,sitting
2034044042500352,-0.6029913,-0.8668,10.017552,-0.020373167,-0.018775271,0.021438431,-40.912502,-6.975,-48.0125,sitting
2034044062500352,-0.6891329,-1.1300105,10.170692,0.11704584,0.009986847,0.020373167,-40.912502,-7.025,-47.9375,sitting
2034044082500352,-0.55034924,-1.2017952,10.256834,0.19467694,0.02277001,-9.321057E-4,-40.875,-6.975,-47.9625,sitting
2034044102500352,-0.30149564,-1.0055838,10.098908,0.12556796,0.0067910557,0.008655267,-40.8625,-6.9,-47.95,sitting
2034044122500352,-0.23928227,-0.61794645,9.758529,-0.013981585,0.009986847,0.01824264,-40.825,-6.8375,-48.0875,sitting
2034044142500352,-0.38763726,-0.2727818,9.480962,-0.07683214,0.024900537,-0.0019973693,-40.787502,-6.8125,-48.037502,sitting
2034044162500352,-0.4881358,-0.32063824,9.509675,-0.03528686,0.013182637,-0.0019973693,-40.775,-6.7875,-48.0625,sitting
2034044182500352,-0.38763726,-0.62751776,9.873384,0.038216334,-0.0070573715,0.008655267,-40.775,-6.7625003,-48.075,sitting
2034044202500352,-0.3589234,-0.8141579,10.027123,0.056325816,-0.005992108,-9.321057E-4,-40.787502,-6.725,-48.15,sitting
2034044222500352,-0.41635114,-0.77587277,9.926026,0.009454215,-0.0070573715,-0.0019973693,-40.775,-6.7000003,-48.2125,sitting
2034044242500352,-0.41156548,-0.63230336,9.825528,-0.051265813,-0.009187899,-0.0030626329,-40.7625,-6.75,-48.2,sitting
2034044262500352,-0.2536392,-0.48394838,9.734601,-0.05339634,-0.0017310535,0.0011984216,-40.75,-6.8125,-48.2625,sitting
2034044282500352,-0.24885355,-0.41694933,9.653245,0.0105194785,-0.01238369,0.00652474,-40.787502,-6.85,-48.1875,sitting
2034044302500352,-0.3062813,-0.40259242,9.653245,0.06058687,-0.017710008,-0.0051931604,-40.825,-6.875,-48.25,sitting
2034044322500352,-0.3493521,-0.5844469,9.758529,0.026498433,-0.011318427,-0.0126500055,-40.8125,-6.9375,-48.3,sitting
2034044342500352,-0.37806597,-0.7328019,9.964312,-0.06831003,0.0067910557,-0.021172116,-40.8,-6.9125,-48.3125,sitting
2034044362500352,-0.4546363,-0.7375876,9.973883,-0.1364869,0.0046605286,-0.031824753,-40.8125,-6.9,-48.275,sitting
2034044382500352,-0.47856453,-0.66101724,9.87817,-0.12370374,-0.018775271,-0.02862896,-40.825,-6.925,-48.287502,sitting
2034044402500352,-0.3589234,-0.5413761,9.806385,-0.07576688,-0.01238369,-0.014780533,-40.825,-6.9,-48.275,sitting
2034044422500352,-0.23928227,-0.47916272,9.705887,-0.020373167,0.01105211,0.0022636852,-40.825,-6.9375,-48.2375,sitting
2034044442500352,-0.2632105,-0.4743771,9.681958,0.053130023,0.017443692,0.0075900033,-40.8375,-6.9,-48.3375,sitting
2034044462500352,-0.3062813,-0.50787663,9.734601,0.09680583,0.014247901,0.0043942127,-40.8375,-6.8125,-48.3375,sitting
2034044482500352,-0.33020952,-0.56530434,9.806385,0.07230477,0.014247901,0.011851058,-40.8375,-6.725,-48.2375,sitting
2034044502500352,-0.38763726,-0.60837513,9.820743,0.02223738,0.0067910557,0.022503695,-40.825,-6.75,-48.287502,sitting
2034044522500352,-0.4354937,-0.63230336,9.825528,0.011584742,3.9947388E-4,0.015046849,-40.787502,-6.7875,-48.287502,sitting
2034044542500352,-0.43070808,-0.67058855,9.849456,0.029694224,3.9947388E-4,0.011851058,-40.787502,-6.8375,-48.2375,sitting
2034044562500352,-0.38285163,-0.69930243,9.84467,0.07337003,-6.6578976E-4,0.024634222,-40.8375,-6.9125,-48.162502,sitting
2034044582500352,-0.4354937,-0.7280163,9.87817,0.108523734,-0.0049268445,0.019307904,-40.825,-6.9125,-48.1125,sitting
2034044602500352,-0.5168497,-0.75673014,9.921241,0.07443529,-0.002796317,0.0043942127,-40.850002,-6.975,-48.075,sitting
2034044622500352,-0.4881358,-0.72323066,9.906884,-0.015046849,0.012117374,-0.0019973693,-40.8375,-7.05,-48.0125,sitting
2034044642500352,-0.4211368,-0.6562316,9.873384,-0.09281109,0.024900537,-0.014780533,-40.787502,-7.1,-48.075,sitting
2034044662500352,-0.32063824,-0.5509474,9.777672,-0.098137416,0.027031064,-0.015845796,-40.787502,-7.05,-47.9875,sitting
2034044682500352,-0.24885355,-0.48873404,9.69153,-0.07044056,0.015313165,-0.0105194785,-40.787502,-7.05,-47.9625,sitting
2034044702500352,-0.31106696,-0.49351966,9.677173,-0.054461602,0.002530001,-0.01691106,-40.775,-6.975,-47.9875,sitting
2034044722500352,-0.44506502,-0.56530434,9.787243,-0.05339634,-0.010253162,-0.02862896,-40.75,-6.9500003,-48.05,sitting
2034044742500352,-0.526421,-0.6945168,9.954741,-0.074701615,-0.021971062,-0.029694224,-40.7375,-6.925,-48.037502,sitting
2034044762500352,-0.46899325,-0.77587277,9.969097,-0.08855004,-0.02410159,-0.019041587,-40.7125,-6.8875003,-47.975002,sitting
2034044782500352,-0.3684947,-0.718445,9.906884,-0.049135286,-0.023036325,0.0043942127,-40.7,-6.9,-48.0125,sitting
2034044802500352,-0.27756742,-0.5940182,9.792028,0.021172116,-0.0038615807,0.026764749,-40.775,-6.875,-48.0125,sitting
2034044822500352,-0.24885355,-0.48394838,9.710672,0.12556796,0.024900537,0.04167844,-40.8,-6.9875,-48.125,sitting
2034044842500352,-0.28713873,-0.4121637,9.662816,0.24900538,0.020639483,0.049135286,-40.8375,-7.0625,-48.1875,sitting
2034044862500352,-0.41156548,-0.5461618,9.710672,0.25007063,-0.002796317,0.038482647,-40.8375,-7.1,-48.2125,sitting
2034044882500352,-0.51206404,-0.785444,9.954741,0.06910898,-0.020905798,0.012916322,-40.825,-7.1375003,-48.1875,sitting
2034044902500352,-0.5168497,-0.94337034,10.122836,-0.13755217,0.02277001,-0.020106852,-40.8375,-7.125,-48.2125,sitting
2034044922500352,-0.4211368,-0.8045866,10.060623,-0.16205323,0.06005424,-0.0126500055,-40.825,-7.1125,-48.2375,sitting
2034044942500352,-0.31585258,-0.53180486,9.772886,-0.027830012,0.013182637,0.008655267,-40.8,-7.05,-48.2125,sitting
2034044962500352,-0.23928227,-0.34516466,9.528818,0.068043716,-0.020905798,-0.0041278964,-40.7625,-6.9625,-48.2625,sitting
2034044982500352,-0.32063824,-0.3786642,9.610174,0.04567318,-0.017710008,-0.0073236874,-40.725002,-6.875,-48.162502,sitting
2034045002500352,-0.3684947,-0.5605187,9.835099,-0.039547913,-0.0070573715,-0.009454215,-40.7125,-6.8,-48.100002,sitting
2034045022500352,-0.38285163,-0.7088737,9.964312,-0.107724786,3.9947388E-4,-0.03395528,-40.7125,-6.7375,-48.125,sitting
2034045042500352,-0.37806597,-0.6753742,9.882956,-0.13542163,-0.017710008,-0.04234423,-40.7,-6.6875,-48.05,sitting
2034045062500352,-0.32542387,-0.5413761,9.806385,-0.15353112,-0.016644744,-0.026498433,-40.675,-6.7000003,-48.037502,sitting
2034045082500352,-0.29671,-0.4408776,9.7298155,-0.096006885,-0.002796317,0.015046849,-40.7,-6.75,-48.075,sitting
2034045102500352,-0.3062813,-0.42652065,9.701101,0.068043716,0.013182637,0.04167844,-40.725002,-6.8125,-48.100002,sitting
2034045122500352,-0.31106696,-0.48394838,9.725029,0.26178855,0.0035952649,0.024634222,-40.7375,-6.925,-48.075,sitting
2034045142500352,-0.37328035,-0.61794645,9.830314,0.33422646,-0.05286371,0.003328949,-40.787502,-6.925,-48.1125,sitting
2034045162500352,-0.44506502,-0.718445,9.949955,0.13941638,-0.07310372,1.3315796E-4,-40.775,-6.9500003,-48.100002,sitting
2034045182500352,-0.5168497,-0.7710871,9.978668,-0.15566164,0.01957422,-0.01691106,-40.8,-7.0,-48.05,sitting
2034045202500352,-0.49292147,-0.76630145,9.964312,-0.23129536,0.08135951,-0.015845796,-40.8375,-7.0,-48.100002,sitting
2034045222500352,-0.42592242,-0.6562316,9.916455,-0.073636346,0.020639483,0.00972053,-40.8625,-7.025,-48.125,sitting
2034045242500352,-0.23449662,-0.5174479,9.796814,0.08082688,-0.009187899,0.008655267,-40.8375,-7.05,-48.125,sitting
2034045262500352,-0.15792629,-0.3930211,9.638887,0.10106689,-0.010253162,0.0011984216,-40.825,-7.0375,-48.075,sitting
2034045282500352,-0.29192436,-0.3397808,9.605389,0.0105194785,-0.021971062,-0.0019973693,-40.850002,-6.9625,-48.0875,sitting
2034045302500352,-0.3684947,-0.52223355,9.782457,-0.08748478,-0.0038615807,-0.020106852,-40.825,-6.9625,-48.0875,sitting
2034045322500352,-0.39720857,-0.651446,9.969097,-0.098137416,0.002530001,-0.021172116,-40.825,-6.9375,-48.100002,sitting
2034045342500352,-0.37328035,-0.63230336,9.902099,-0.05872266,-0.017710008,-0.006258424,-40.8,-6.9125,-48.125,sitting
2034045362500352,-0.33499518,-0.5461618,9.763314,-0.013981585,-0.009187899,0.0043942127,-40.775,-6.9500003,-48.1375,sitting
2034045382500352,-0.33020952,-0.53659046,9.758529,0.047803707,0.0035952649,0.012916322,-40.8125,-6.9625,-48.1375,sitting
2034045402500352,-0.32063824,-0.57009,9.84467,0.10106689,-0.0070573715,0.011851058,-40.825,-7.0125003,-48.125,sitting
2034045422500352,-0.30149564,-0.5174479,9.825528,0.088283725,-0.016644744,0.0043942127,-40.8625,-7.0375,-48.0875,sitting
2034045442500352,-0.2440679,-0.46002015,9.701101,0.021172116,-6.6578976E-4,1.3315796E-4,-40.8625,-7.0750003,-48.025,sitting
2034045462500352,-0.29671,-0.4552345,9.681958,-0.037417386,0.020639483,-0.0019973693,-40.850002,-7.0750003,-47.9625,sitting
2034045482500352,-0.43070808,-0.53180486,9.782457,-0.044874232,0.017443692,0.0011984216,-40.8375,-7.0750003,-48.0,sitting
2034045502500352,-0.4546363,-0.6753742,9.921241,-0.008655267,0.0035952649,0.003328949,-40.825,-7.0875,-48.037502,sitting
2034045522500352,-0.3493521,-0.718445,9.949955,0.032890014,-0.0017310535,0.0022636852,-40.8375,-7.05,-48.100002,sitting
2034045542500352,-0.2632105,-0.60837513,9.792028,0.036085807,-0.010253162,1.3315796E-4,-40.8125,-7.025,-48.1875,sitting
2034045562500352,-0.42592242,-0.5461618,9.777672,-0.0011984216,-0.010253162,-0.0073236874,-40.8125,-6.9500003,-48.162502,sitting
2034045582500352,-0.4546363,-0.62751776,9.739387,-0.043808967,3.9947388E-4,-0.0105194785,-40.787502,-6.8875003,-48.25,sitting
2034045602500352,-0.3924229,-0.8811569,9.873384,-0.04700476,0.002530001,-0.0051931604,-40.7375,-6.8875003,-48.2375,sitting
2034045622500352,-0.4019942,-0.90508515,10.137193,-0.020373167,-0.005992108,1.3315796E-4,-40.787502,-6.8375,-48.350002,sitting
2034045642500352,-0.6652047,-0.6897311,10.103694,0.009454215,-0.010253162,0.0011984216,-40.8125,-6.8375,-48.325,sitting
2034045662500352,-0.6364908,-0.5988039,9.763314,0.031824753,-0.014514217,-0.0019973693,-40.8375,-6.9,-48.3125,sitting
2034045682500352,-0.22971097,-0.56530434,9.7298155,0.02223738,-0.014514217,-0.0073236874,-40.850002,-6.9500003,-48.2375,sitting
2034045702500352,-0.071186475,-0.48873404,9.739387,-0.020373167,3.9947388E-4,-0.013715269,-40.825,-6.9500003,-48.100002,sitting
2034045722500352,-0.31106696,-0.32542387,9.638887,-0.07150582,0.005725792,-0.02223738,-40.8125,-7.025,-48.0625,sitting
2034045742500352,-0.32063824,-0.3499503,9.600603,-0.11092058,-0.002796317,-0.031824753,-40.8,-7.0375,-48.037502,sitting
2034045762500352,-0.14356937,-0.421735,9.696316,-0.13222586,-0.017710008,-0.03701791,-40.8,-7.0625,-48.1125,sitting
2034045782500352,-0.29671,-0.43130627,9.686745,-0.10452899,-0.025166854,-0.009454215,-40.775,-7.1125,-48.0875,sitting
2034045802500352,-0.60777694,-0.5413761,9.787243,-0.013981585,-0.016644744,0.022503695,-40.7625,-7.1375003,-48.1125,sitting
2034045822500352,-0.7322037,-0.7615158,10.031909,0.10106689,0.02809633,0.020373167,-40.7375,-7.0875,-48.125,sitting
2034045842500352,-0.47856453,-1.1682956,9.921241,0.20532957,0.053662658,0.013981585,-40.7125,-7.0750003,-48.100002,sitting
2034045862500352,-0.028115666,-1.1682956,10.2520485,0.22876537,0.017443692,0.031025803,-40.7375,-7.1625,-48.162502,sitting
2034045882500352,-0.19142582,-0.81894356,10.347761,0.10106689,-0.030493172,0.021438431,-40.725002,-7.125,-48.2625,sitting
2034045902500352,-0.5886344,-0.5270192,9.538389,-0.084288985,-0.010253162,-0.015845796,-40.725002,-7.2000003,-48.275,sitting
2034045922500352,-0.44985065,-0.36909288,9.413962,-0.12583427,0.02809633,-0.006258424,-40.75,-7.2125,-48.2625,sitting
2034045942500352,-0.22492532,-0.5174479,9.926026,0.0073236874,3.9947388E-4,0.016112113,-40.775,-7.2875,-48.3,sitting
2034045962500352,-0.31585258,-0.58923256,10.017552,0.12556796,-0.02410159,-0.0030626329,-40.787502,-7.3625,-48.287502,sitting
2034045982500352,-0.4211368,-0.503091,9.7298155,0.07869635,-0.014514217,-0.0019973693,-40.8,-7.4125,-48.3125,sitting
2034046002500352,-0.17706887,-0.43130627,9.571889,-0.051265813,0.01105211,1.3315796E-4,-40.8125,-7.4,-48.3625,sitting
2034046022500352,-0.15314065,-0.31585258,9.7298155,-0.12050795,0.020639483,-0.019041587,-40.787502,-7.3625,-48.3875,sitting
2034046042500352,-0.36370903,-0.33499518,9.720243,-0.10346373,0.0046605286,-0.017976323,-40.787502,-7.3375,-48.325,sitting
2034046062500352,-0.3493521,-0.41694933,9.686745,-0.07576688,-0.010253162,-0.020106852,-40.7625,-7.275,-48.2625,sitting
2034046082500352,-0.32542387,-0.50787663,9.772886,-0.072571084,-0.020905798,-0.031824753,-40.725002,-7.2625003,-48.25,sitting
2034046102500352,-0.41156548,-0.60358953,9.868599,-0.08322372,-0.031558435,-0.023302643,-40.6875,-7.2375,-48.2125,sitting
2034046122500352,-0.32063824,-0.6753742,9.921241,-0.07789741,-0.028362645,1.3315796E-4,-40.7125,-7.1625,-48.2125,sitting
2034046142500352,-0.21535404,-0.5844469,9.825528,-0.027830012,-0.017710008,0.023568958,-40.675,-7.0875,-48.125,sitting
2034046162500352,-0.37328035,-0.4648058,9.653245,0.056325816,-0.0049268445,0.011851058,-40.65,-7.1,-48.037502,sitting
2034046182500352,-0.4881358,-0.5940182,9.696316,-0.00652474,-0.0049268445,0.008655267,-40.65,-7.1375003,-47.95,sitting
2034046202500352,-0.4833502,-0.8285148,10.07498,-0.019307904,0.0014647375,-0.0030626329,-40.65,-7.2125,-47.9,sitting
2034046222500352,-0.42592242,-1.0103694,10.031909,0.0051931604,-6.6578976E-4,-0.0041278964,-40.7,-7.3250003,-47.9875,sitting
2034046242500352,-0.5072784,-1.1156535,10.003195,-1.3315796E-4,-0.0017310535,-0.0073236874,-40.75,-7.3625,-47.9375,sitting
2034046262500352,-0.5694918,-1.1539388,10.2520485,-0.049135286,-0.0038615807,-0.014780533,-40.787502,-7.375,-47.925,sitting
2034046282500352,-0.4211368,-0.9385847,10.194621,-0.09707215,-0.01238369,-0.019041587,-40.775,-7.3875003,-47.912502,sitting
2034046302500352,-0.32063824,-0.4456632,9.772886,-0.13329111,-0.027297381,-0.027563697,-40.787502,-7.4875,-47.8875,sitting
2034046322500352,-0.32542387,0.05742774,9.299107,-0.1482048,-0.04860265,-0.030759487,-40.787502,-7.4875,-47.9625,sitting
2034046342500352,-0.11006984,0.009571291,9.160323,-0.12689953,-0.05392897,-0.008388951,-40.8,-7.425,-47.975002,sitting
2034046362500352,-0.14356937,-0.43130627,9.629316,-0.06511424,-0.0326237,0.027830012,-40.8125,-7.4125,-48.075,sitting
2034046382500352,-0.4977071,-0.71365935,10.156336,0.039281595,0.018508956,0.039547913,-40.825,-7.3375,-48.05,sitting
2034046402500352,-0.4546363,-0.799801,10.132407,0.1893506,0.08775109,0.01824264,-40.787502,-7.3,-48.162502,sitting
2034046422500352,-0.32542387,-0.48873404,9.859028,0.34914017,0.11331742,0.017177377,-40.787502,-7.275,-48.175,sitting
2034046442500352,-0.18664017,-0.12921242,9.461819,0.356597,0.03448791,0.050200548,-40.8,-7.3125,-48.1375,sitting
2034046462500352,-0.19621146,-0.148355,9.346964,0.11385005,-0.04860265,0.04167844,-40.8125,-7.2875,-48.2,sitting
2034046482500352,-0.25842485,-0.36909288,9.624531,-0.18016271,0.009986847,-0.03395528,-40.8625,-7.3125,-48.2125,sitting
2034046502500352,-0.44506502,-0.785444,9.916455,-0.2334259,0.06857634,-0.031824753,-40.8875,-7.375,-48.2375,sitting
2034046522500352,-0.7178468,-1.1443675,10.247263,-0.072571084,-0.009187899,0.011851058,-40.875,-7.3625,-48.2125,sitting
2034046542500352,-0.6269195,-1.2161521,10.409975,0.04886897,-0.033688962,-0.02223738,-40.8625,-7.3875003,-48.25,sitting
2034046562500352,-0.33499518,-1.096511,10.094122,0.039281595,-0.0017310535,-0.02543317,-40.8375,-7.425,-48.1125,sitting
2034046582500352,-0.2536392,-0.8045866,9.825528,-0.050200548,-0.010253162,0.003328949,-40.825,-7.4125,-48.1875,sitting
2034046602500352,-0.33499518,-0.48394838,9.701101,-0.14713953,-0.0326237,-0.026498433,-40.7625,-7.3875003,-48.2125,sitting
2034046622500352,-0.34456646,-0.29192436,9.61496,-0.19188061,-0.046472125,-0.03914844,-40.75,-7.35,-48.1875,sitting
2034046642500352,-0.30149564,-0.24885355,9.538389,-0.15672691,-0.0560595,1.3315796E-4,-40.7375,-7.275,-48.1875,sitting
2034046662500352,-0.3493521,-0.421735,9.624531,-0.032091066,-0.033688962,0.038482647,-40.7,-7.1875,-48.2,sitting
2034046682500352,-0.4642076,-0.69930243,9.897313,0.12769848,0.027031064,0.020373167,-40.6875,-7.1625,-48.15,sitting
2034046702500352,-0.44985065,-0.8572287,10.132407,0.23089589,0.080294244,-0.011584742,-40.6875,-7.125,-48.175,sitting
2034046722500352,-0.33020952,-0.6801598,10.00798,0.24261379,0.06431529,0.01824264,-40.7,-7.1625,-48.2625,sitting
2034046742500352,-0.23928227,-0.3595216,9.653245,0.13409007,0.002530001,0.04061318,-40.725002,-7.2000003,-48.1125,sitting
2034046762500352,-0.19142582,-0.17228323,9.380463,-0.06511424,-0.008122635,-0.0073236874,-40.7375,-7.225,-48.100002,sitting
2034046782500352,-0.31106696,-0.3062813,9.509675,-0.1631185,0.01957422,-0.023302643,-40.75,-7.2875,-48.0875,sitting
2034046802500352,-0.44027936,-0.5796613,9.887741,-0.08748478,-0.002796317,0.0022636852,-40.7125,-7.3625,-48.100002,sitting
2034046822500352,-0.44506502,-0.8428718,9.998409,0.0051931604,-0.030493172,-0.013715269,-40.7625,-7.4125,-48.0875,sitting
2034046842500352,-0.41156548,-0.8955139,10.036695,-0.0011984216,-0.021971062,-0.023302643,-40.775,-7.4375,-48.1375,sitting
2034046862500352,-0.38285163,-0.7710871,9.949955,-0.06724477,-0.028362645,-0.0073236874,-40.7625,-7.475,-48.075,sitting
2034046882500352,-0.36370903,-0.6945168,9.796814,-0.11518163,-0.049667917,-0.013715269,-40.7625,-7.425,-48.125,sitting
2034046902500352,-0.4211368,-0.6753742,9.763314,-0.12263848,-0.051798444,-0.021172116,-40.7375,-7.4125,-48.2375,sitting
2034046922500352,-0.41156548,-0.7471589,9.921241,-0.06724477,-0.0326237,0.0043942127,-40.775,-7.4125,-48.3375,sitting
2034046942500352,-0.3684947,-0.78065836,9.897313,0.04567318,0.008921583,0.021438431,-40.7625,-7.375,-48.4,sitting
2034046962500352,-0.4642076,-0.78065836,9.926026,0.14687322,0.06751108,-0.0030626329,-40.7625,-7.35,-48.3875,sitting
2034046982500352,-0.4881358,-0.60358953,9.964312,0.18508956,0.070706874,-0.006258424,-40.7625,-7.375,-48.4375,sitting
2034047002500352,-0.41156548,-0.5174479,9.753743,0.14048164,0.017443692,0.027830012,-40.8125,-7.3875003,-48.5125,sitting
2034047022500352,-0.2105684,-0.39780676,9.677173,0.023302643,-0.005992108,0.019307904,-40.8125,-7.3875003,-48.55,sitting
2034047042500352,-0.13399807,-0.3397808,9.638887,-0.08322372,0.002530001,-0.020106852,-40.8375,-7.4375,-48.475002,sitting
2034047062500352,-0.25842485,-0.35473597,9.58146,-0.09281109,0.014247901,0.0011984216,-40.850002,-7.4375,-48.4875,sitting
2034047082500352,-0.37328035,-0.421735,9.715458,-0.023568958,-0.0049268445,0.015046849,-40.8375,-7.425,-48.45,sitting
2034047102500352,-0.39720857,-0.57487565,9.854242,0.03715107,-0.0070573715,-0.006258424,-40.8375,-7.4,-48.325,sitting
2034047122500352,-0.37806597,-0.60358953,9.863813,0.05206476,3.9947388E-4,0.003328949,-40.8125,-7.4125,-48.2375,sitting
2034047142500352,-0.4019942,-0.6658029,9.753743,0.032890014,-0.009187899,0.0075900033,-40.825,-7.3875003,-48.2,sitting
2034047162500352,-0.43070808,-0.718445,9.906884,-0.0022636852,-0.015579481,-0.014780533,-40.787502,-7.375,-48.175,sitting
2034047182500352,-0.34456646,-0.72323066,9.868599,-0.04167844,0.002530001,-0.013715269,-40.8,-7.3375,-48.15,sitting
2034047202500352,-0.32063824,-0.718445,9.763314,-0.06511424,0.012117374,-0.0051931604,-40.7375,-7.2875,-48.0875,sitting
2034047222500352,-0.36370903,-0.72323066,9.796814,-0.06511424,-0.0049268445,-0.0126500055,-40.725002,-7.2875,-47.9875,sitting
2034047242500352,-0.47856453,-0.85244304,9.887741,-0.05978792,-0.0070573715,-0.0073236874,-40.7,-7.275,-47.95,sitting
2034047262500352,-0.61734825,-1.0869397,10.098908,-0.04167844,-0.0038615807,1.3315796E-4,-40.7,-7.3125,-48.125,sitting
2034047282500352,-0.5599205,-1.1156535,10.208978,-0.0054594763,0.0014647375,-0.0019973693,-40.7375,-7.3375,-48.225002,sitting
2034047302500352,-0.45942193,-0.8955139,10.141979,0.03502054,0.00785632,0.0075900033,-40.787502,-7.3875003,-48.2,sitting
2034047322500352,-0.41156548,-0.43609193,9.84467,0.05419529,0.012117374,0.021438431,-40.7625,-7.4,-48.15,sitting
2034047342500352,-0.20578274,-0.06699903,9.342177,0.07443529,0.009986847,0.020373167,-40.7625,-7.4500003,-48.15,sitting
2034047362500352,-0.018544376,-0.05742774,9.232108,0.08402267,0.0067910557,0.019307904,-40.775,-7.4625,-48.25,sitting
2034047382500352,-0.22492532,-0.36909288,9.610174,0.064847924,0.008921583,0.020373167,-40.75,-7.475,-48.287502,sitting
2034047402500352,-0.51206404,-0.7280163,10.017552,0.030759487,0.00785632,0.0054594763,-40.75,-7.4625,-48.325,sitting
2034047422500352,-0.526421,-0.81894356,10.15155,-0.019307904,0.002530001,-0.0073236874,-40.75,-7.4,-48.225002,sitting
2034047442500352,-0.32542387,-0.651446,9.902099,-0.062983714,0.002530001,-0.011584742,-40.725002,-7.35,-48.15,sitting
2034047462500352,-0.23928227,-0.41694933,9.591031,0.0105194785,-0.0017310535,0.00652474,-40.662502,-7.3125,-48.2375,sitting
2034047482500352,-0.28235307,-0.36909288,9.543175,0.011584742,-6.6578976E-4,0.0075900033,-40.65,-7.2875,-48.225002,sitting
2034047502500352,-0.32063824,-0.46002015,9.686745,0.015845796,-6.6578976E-4,0.0075900033,-40.6375,-7.225,-48.225002,sitting
2034047522500352,-0.40677986,-0.63230336,9.792028,0.021172116,-0.0017310535,0.0043942127,-40.662502,-7.2000003,-48.175,sitting
2034047542500352,-0.47856453,-0.785444,9.897313,0.015845796,3.9947388E-4,1.3315796E-4,-40.7,-7.2125,-48.175,sitting
2034047562500352,-0.5838487,-0.9720842,9.973883,-0.003328949,0.005725792,-9.321057E-4,-40.75,-7.2625003,-48.162502,sitting
2034047582500352,-0.61734825,-1.2161521,10.175478,-0.019307904,0.002530001,-0.0051931604,-40.7625,-7.3125,-48.2375,sitting
2034047602500352,-0.55513483,-1.3597214,10.309476,-0.024634222,0.002530001,-0.006258424,-40.8,-7.3375,-48.225002,sitting
2034047622500352,-0.44985065,-1.1300105,10.333405,-0.019307904,0.00785632,-9.321057E-4,-40.787502,-7.35,-48.15,sitting
2034047642500352,-0.29671,-0.49351966,9.859028,-0.003328949,0.002530001,0.0022636852,-40.8375,-7.3,-48.162502,sitting
2034047662500352,-0.26799613,0.07178468,9.212965,0.0105194785,-0.0049268445,-9.321057E-4,-40.8625,-7.3,-48.225002,sitting
2034047682500352,-0.11485548,0.11964113,9.011969,0.0105194785,-0.005992108,-0.0041278964,-40.8875,-7.3,-48.2625,sitting
2034047702500352,-0.2536392,-0.37387854,9.571889,-0.0011984216,-0.008122635,-0.006258424,-40.8875,-7.2375,-48.3,sitting
2034047722500352,-0.4546363,-0.76630145,10.218549,-0.017177377,-6.6578976E-4,-0.006258424,-40.8625,-7.175,-48.325,sitting
2034047742500352,-0.36370903,-0.8141579,10.122836,-0.021438431,0.005725792,-0.0030626329,-40.9,-7.1375003,-48.375,sitting
2034047762500352,-0.24885355,-0.53659046,9.758529,-0.00972053,0.005725792,-0.0019973693,-40.875,-7.15,-48.425,sitting
2034047782500352,-0.23928227,-0.26799613,9.514461,-0.003328949,0.0014647375,-0.0041278964,-40.875,-7.1,-48.5,sitting
2034047802500352,-0.22013968,-0.25842485,9.495318,-0.0075900033,-0.0017310535,-9.321057E-4,-40.875,-7.1625,-48.4375,sitting
2034047822500352,-0.32542387,-0.46002015,9.619745,-0.00972053,-0.0049268445,-9.321057E-4,-40.8875,-7.2000003,-48.350002,sitting
2034047842500352,-0.5168497,-0.7280163,9.887741,-0.003328949,-0.0038615807,1.3315796E-4,-40.875,-7.25,-48.287502,sitting
2034047862500352,-0.51206404,-0.87158567,10.04148,0.0073236874,-0.0038615807,1.3315796E-4,-40.8875,-7.3125,-48.3125,sitting
2034047882500352,-0.49292147,-0.9912268,9.935597,0.014780533,-0.0049268445,0.0022636852,-40.875,-7.375,-48.3,sitting
2034047902500352,-0.56470615,-1.1730813,10.031909,0.0030626329,0.0014647375,0.0022636852,-40.8375,-7.4125,-48.2,sitting
2034047922500352,-0.60777694,-1.3740784,10.314262,-0.016112113,0.0046605286,0.003328949,-40.875,-7.4,-48.2125,sitting
2034047942500352,-0.49292147,-1.2640085,10.381261,-0.008655267,0.002530001,0.003328949,-40.8625,-7.425,-48.2125,sitting
2034047962500352,-0.36370903,-0.87637126,10.027123,0.0073236874,0.0014647375,0.0075900033,-40.8,-7.4375,-48.25,sitting
2034047982500352,-0.2440679,-0.20578274,9.543175,0.02543317,0.017443692,0.020373167,-40.7375,-7.4125,-48.3,sitting
2034048002500352,-0.21535404,0.22492532,9.088538,0.06165213,0.017443692,0.03528686,-40.75,-7.375,-48.412502,sitting
2034048022500352,-0.28235307,0.014356935,9.131609,0.07869635,-0.002796317,0.03315633,-40.7375,-7.3,-48.425,sitting
2034048042500352,-0.32063824,-0.63230336,9.897313,0.03502054,-0.017710008,0.0011984216,-40.7125,-7.2375,-48.4,sitting
2034048062500352,-0.3397808,-0.87158567,10.352547,-0.07789741,-0.046472125,-0.04234423,-40.75,-7.2125,-48.5,sitting
2034048082500352,-0.32542387,-0.6945168,9.959526,-0.20146799,-0.06671213,-0.059388448,-40.7125,-7.2375,-48.4375,sitting
2034048102500352,-0.2727818,-0.29671,9.519247,-0.2568617,-0.08695214,-0.048735812,-40.7375,-7.25,-48.375,sitting
2034048122500352,-0.18185452,-0.15314065,9.366106,-0.23768695,-0.11238532,-0.026498433,-40.75,-7.25,-48.350002,sitting
2034048142500352,-0.22971097,-0.2632105,9.509675,-0.14287849,-0.08482162,0.023568958,-40.7625,-7.2875,-48.3375,sitting
2034048162500352,-0.43070808,-0.5174479,9.696316,0.02862896,-0.0049268445,0.05659213,-40.775,-7.3250003,-48.3,sitting
2034048182500352,-0.6652047,-0.90508515,9.91167,0.20959063,0.123970054,0.015046849,-40.787502,-7.3625,-48.1875,sitting
2034048202500352,-0.8135597,-1.2496517,10.295119,0.35766226,0.20599535,-0.019041587,-40.8625,-7.375,-48.287502,sitting
2034048222500352,-0.6221339,-1.4751751,10.44826,0.41731703,0.09733847,0.051265813,-40.8375,-7.375,-48.225002,sitting
2034048242500352,-0.2105684,-1.5373886,10.271192,0.22983064,-0.08375636,0.09068057,-40.8125,-7.3250003,-48.287502,sitting
2034048262500352,-0.023330022,-1.2687942,10.113265,-0.12689953,-0.027297381,-0.02223738,-40.8,-7.3125,-48.3875,sitting
2034048282500352,-0.34456646,-0.67058855,9.87817,-0.25899222,0.09946899,-0.054062128,-40.8125,-7.3125,-48.4,sitting
2034048302500352,-0.63170516,-0.10049855,9.480962,-0.073636346,0.01957422,0.037417386,-40.8,-7.2625003,-48.3625,sitting
2034048322500352,-0.55513483,0.09571291,9.308679,0.108523734,-0.040080544,-0.0030626329,-40.7625,-7.2000003,-48.225002,sitting
2034048342500352,-0.16271193,-0.19621146,9.461819,0.08402267,-0.025166854,-0.032890014,-40.7,-7.1875,-48.3,sitting
2034048362500352,-0.037686955,-0.53659046,9.734601,-0.06937529,-0.011318427,0.0075900033,-40.675,-7.2000003,-48.2,sitting
2034048382500352,-0.29192436,-0.62751776,9.892527,-0.18229324,-0.008122635,-0.03395528,-40.6375,-7.25,-48.125,sitting
2034048402500352,-0.32542387,-0.5605187,9.806385,-0.18761955,-0.04114581,-0.04554002,-40.65,-7.3125,-48.100002,sitting
2034048422500352,-0.3062813,-0.4743771,9.677173,-0.13435638,-0.036884755,-0.0051931604,-40.662502,-7.3375,-48.0,sitting
2034048442500352,-0.37806597,-0.40737805,9.681958,-0.013981585,0.014247901,0.008655267,-40.6875,-7.3,-48.025,sitting
2034048462500352,-0.42592242,-0.43130627,9.662816,0.12663321,0.0494016,0.00652474,-40.7125,-7.3250003,-48.075,sitting
2034048482500352,-0.4546363,-0.58923256,9.710672,0.19893798,0.035553172,0.022503695,-40.7375,-7.3625,-48.2,sitting
2034048502500352,-0.49292147,-0.8285148,9.859028,0.17763272,0.015313165,0.03528686,-40.75,-7.3625,-48.162502,sitting
2034048522500352,-0.59342,-1.1587243,10.031909,0.06378266,0.0046605286,0.017177377,-40.7375,-7.375,-48.1875,sitting
2034048542500352,-0.5838487,-1.4321043,10.328619,-0.06617951,0.013182637,-0.0030626329,-40.787502,-7.35,-48.2,sitting
2034048562500352,-0.35413775,-1.5134603,10.395618,-0.09387636,0.017443692,-0.0041278964,-40.75,-7.3,-48.2125,sitting
2034048582500352,-0.2536392,-1.230509,10.18505,-0.010785795,-0.008122635,-0.0019973693,-40.7125,-7.2625003,-48.287502,sitting
2034048602500352,-0.4211368,-0.5557331,9.772886,0.056325816,-0.019840535,-0.0030626329,-40.662502,-7.2625003,-48.3125,sitting
2034048622500352,-0.5455636,-0.02871387,9.3613205,0.026498433,-0.02410159,-0.0041278964,-40.6375,-7.275,-48.287502,sitting
2034048642500352,-0.39720857,0.047856454,9.279964,-0.07150582,-0.043276336,-0.021172116,-40.6375,-7.2875,-48.3,sitting
2034048662500352,-0.05682954,-0.33499518,9.54796,-0.1631185,-0.07310372,-0.041278966,-40.6875,-7.3375,-48.2625,sitting
2034048682500352,-0.19142582,-0.6562316,9.892527,-0.24407853,-0.11451584,-0.04554002,-40.7125,-7.35,-48.2625,sitting
2034048702500352,-0.38285163,-0.66101724,9.959526,-0.34634385,-0.18801904,-0.030759487,-40.7375,-7.35,-48.2375,sitting
2034048722500352,-0.31585258,-0.5461618,9.763314,-0.39414755,-0.2476738,0.044874232,-40.75,-7.35,-48.162502,sitting
2034048742500352,-0.2632105,-0.43130627,9.643674,-0.31971225,-0.23808642,0.13329111,-40.75,-7.35,-48.037502,sitting
2034048762500352,-0.36370903,-0.36430725,9.624531,-0.16205323,-0.13795164,0.1364869,-40.7625,-7.35,-48.100002,sitting
2034048782500352,-0.4354937,-0.48394838,9.677173,0.05206476,0.052597392,0.054461602,-40.787502,-7.3,-48.1375,sitting
2034048802500352,-0.49292147,-0.69930243,9.835099,0.32570437,0.29441223,-0.054062128,-40.7625,-7.3,-48.0125,sitting
2034048822500352,-0.53599226,-0.9720842,10.00798,0.6122603,0.46259072,-0.12330426,-40.725002,-7.2875,-48.125,sitting
2034048842500352,-0.51206404,-1.1347961,10.127622,0.79748297,0.42330915,-0.071106344,-40.6875,-7.25,-48.125,sitting
2034048862500352,-0.3684947,-1.244866,10.156336,0.63569605,-0.07629951,0.1396827,-40.6375,-7.175,-48.162502,sitting
2034048882500352,-0.2440679,-1.0486546,10.051051,-0.06937529,-0.27324012,0.11092058,-40.662502,-7.1375003,-48.1875,sitting
2034048902500352,-0.5024927,-0.71365935,9.8015995,-0.6732466,0.10905637,-0.15526217,-40.7125,-7.175,-48.2625,sitting
2034048922500352,-0.63170516,-0.46002015,9.705887,-0.51345706,0.1346227,-0.12117374,-40.7625,-7.2125,-48.2125,sitting
2034048942500352,-0.44506502,-0.52223355,9.720243,-0.045939494,-0.14647375,0.027830012,-40.75,-7.275,-48.15,sitting
2034048962500352,-0.13399807,-0.6131608,9.811171,0.18402429,-0.14647375,0.013981585,-40.787502,-7.275,-48.2,sitting
2034048982500352,-0.19621146,-0.57009,9.758529,0.13409007,0.080294244,-0.04554002,-40.8,-7.2625003,-48.1875,sitting
2034049002500352,-0.40677986,-0.45044887,9.686745,0.0051931604,0.07390267,-0.0073236874,-40.8375,-7.2625003,-48.2,sitting
2034049022500352,-0.3062813,-0.4456632,9.653245,-0.086419515,-0.08162583,0.031025803,-40.8875,-7.3250003,-48.2375,sitting
2034049042500352,-0.18664017,-0.49351966,9.686745,-0.12903006,-0.040080544,-0.019041587,-40.8875,-7.3625,-48.350002,sitting
2034049062500352,-0.37328035,-0.49830532,9.734601,-0.072571084,0.03981423,-0.027563697,-40.8875,-7.375,-48.25,sitting
2034049082500352,-0.47377887,-0.60358953,9.782457,0.07017424,0.050466865,0.031025803,-40.8625,-7.375,-48.2125,sitting
2034049102500352,-0.4354937,-0.7088737,9.916455,0.18722008,0.023835273,0.03635212,-40.875,-7.3875003,-48.25,sitting
2034049122500352,-0.4211368,-0.8237292,9.930812,0.20746009,0.032357384,0.00652474,-40.850002,-7.35,-48.275,sitting
2034049142500352,-0.42592242,-0.8141579,9.926026,0.1063932,0.017443692,0.010785795,-40.8375,-7.3375,-48.2375,sitting
2034049162500352,-0.36370903,-0.7040881,9.87817,-0.06724477,-0.018775271,0.00972053,-40.8125,-7.3625,-48.275,sitting
2034049182500352,-0.34456646,-0.6753742,9.7298155,-0.16844481,0.0046605286,-0.021172116,-40.8,-7.3625,-48.2125,sitting
2034049202500352,-0.5168497,-0.7471589,9.806385,-0.1130511,-0.0038615807,-0.013715269,-40.8125,-7.375,-48.175,sitting
2034049222500352,-0.6029913,-0.90029955,10.070194,-0.015046849,-0.049667917,-0.0030626329,-40.8625,-7.3875003,-48.3125,sitting
2034049242500352,-0.4642076,-0.95772725,10.118051,9.321057E-4,-0.029427908,-0.019041587,-40.912502,-7.4375,-48.375,sitting
2034049262500352,-0.25842485,-0.7423732,9.940384,-0.02996054,0.014247901,-0.014780533,-40.9,-7.3875003,-48.3375,sitting
2034049282500352,-0.18185452,-0.35473597,9.605389,-0.025699485,0.0046605286,0.00652474,-40.8875,-7.4625,-48.325,sitting
2034049302500352,-0.2440679,-0.11485548,9.404391,0.019041587,-0.002796317,0.008655267,-40.912502,-7.4625,-48.375,sitting
2034049322500352,-0.30149564,-0.2727818,9.466604,0.065913185,0.036618438,0.00652474,-40.925,-7.4375,-48.275,sitting
2034049342500352,-0.2536392,-0.57009,9.825528,0.10106689,-0.0017310535,0.0022636852,-40.912502,-7.4,-48.350002,sitting
2034049362500352,-0.39720857,-0.7280163,9.988838,0.03395528,-0.011318427,-0.0030626329,-40.875,-7.4125,-48.325,sitting
2034049382500352,-0.44027936,-0.6658029,9.902099,-0.054461602,-0.0017310535,-0.006258424,-40.8125,-7.3625,-48.1875,sitting
2034049402500352,-0.4211368,-0.60837513,9.772886,-0.084288985,0.017443692,-0.0051931604,-40.8125,-7.3125,-48.275,sitting
2034049422500352,-0.38763726,-0.58923256,9.782457,-0.04807002,0.008921583,-0.0051931604,-40.850002,-7.3,-48.425,sitting
2034049442500352,-0.35413775,-0.6418747,9.815957,-0.020373167,0.002530001,-0.0051931604,-40.912502,-7.275,-48.45,sitting
2034049462500352,-0.3684947,-0.63230336,9.815957,-0.024634222,0.00785632,-0.0030626329,-40.8625,-7.3250003,-48.375,sitting
2034049482500352,-0.35413775,-0.67058855,9.777672,-0.031025803,0.0067910557,-0.0073236874,-40.875,-7.375,-48.4375,sitting
2034049502500352,-0.42592242,-0.6801598,9.8015995,-0.042743705,-0.0017310535,-0.0126500055,-40.8625,-7.5125003,-48.4625,sitting
2034049522500352,-0.5407779,-0.87158567,9.940384,-0.044874232,-0.008122635,-0.009454215,-40.8875,-7.5,-48.412502,sitting
2034049542500352,-0.5838487,-1.1539388,10.132407,-0.022503695,-0.014514217,0.0022636852,-40.9,-7.5,-48.5125,sitting
2034049562500352,-0.43070808,-1.16351,10.30469,0.008388951,-0.008122635,0.00972053,-40.8125,-7.4375,-48.4375,sitting
2034049582500352,-0.28713873,-0.94337034,10.070194,0.050999496,0.008921583,0.00972053,-40.7625,-7.425,-48.3625,sitting
2034049602500352,-0.31106696,-0.29192436,9.667602,0.108523734,0.00785632,0.011851058,-40.7,-7.4375,-48.3375,sitting
2034049622500352,-0.23449662,0.13878371,9.179466,0.129829,-0.005992108,0.010785795,-40.725002,-7.4,-48.375,sitting
2034049642500352,-0.05682954,0.009571291,9.117252,0.0627174,-0.008122635,-9.321057E-4,-40.662502,-7.3125,-48.3625,sitting
2034049662500352,-0.3589234,-0.49351966,9.7298155,-0.044874232,0.0014647375,-0.006258424,-40.675,-7.225,-48.287502,sitting
2034049682500352,-0.55034924,-0.8811569,10.237692,-0.09281109,0.018508956,1.3315796E-4,-40.65,-7.2000003,-48.350002,sitting
2034049702500352,-0.47856453,-1.0534402,10.1802635,-0.037417386,0.017443692,0.003328949,-40.65,-7.25,-48.275,sitting
2034049722500352,-0.39720857,-0.8811569,10.031909,0.02223738,0.005725792,0.0022636852,-40.7125,-7.35,-48.3125,sitting
2034049742500352,-0.31106696,-0.45044887,9.7681,0.024367906,-6.6578976E-4,0.0011984216,-40.7125,-7.425,-48.3375,sitting
2034049762500352,-0.23449662,-0.26799613,9.39482,-0.00972053,-0.002796317,-0.0041278964,-40.725002,-7.4,-48.3625,sitting
2034049782500352,-0.28713873,-0.3397808,9.514461,-0.050200548,0.002530001,-0.011584742,-40.7375,-7.375,-48.3375,sitting
2034049802500352,-0.49292147,-0.637089,9.873384,-0.06511424,-6.6578976E-4,-0.011584742,-40.7125,-7.4125,-48.25,sitting
2034049822500352,-0.5599205,-0.9385847,10.094122,-0.045939494,-0.008122635,-0.0041278964,-40.75,-7.3875003,-48.25,sitting
2034049842500352,-0.4211368,-1.082154,10.122836,-0.0054594763,3.9947388E-4,1.3315796E-4,-40.75,-7.4,-48.2625,sitting
2034049862500352,-0.33020952,-1.0295119,10.017552,0.04034686,-0.005992108,-0.0030626329,-40.75,-7.3625,-48.375,sitting
2034049882500352,-0.38285163,-0.80937225,9.892527,0.059521604,-0.016644744,-0.0030626329,-40.7,-7.3,-48.325,sitting
2034049902500352,-0.37806597,-0.57487565,9.782457,0.030759487,-0.009187899,-0.0041278964,-40.7125,-7.2000003,-48.275,sitting
2034049922500352,-0.26799613,-0.38823548,9.662816,-0.020373167,0.0046605286,-0.006258424,-40.675,-7.1875,-48.2375,sitting
2034049942500352,-0.28713873,-0.32063824,9.524033,-0.055526868,0.008921583,-0.0051931604,-40.7625,-7.2125,-48.287502,sitting
2034049962500352,-0.43070808,-0.49830532,9.653245,-0.052331075,0.009986847,0.0011984216,-40.8,-7.25,-48.275,sitting
2034049982500352,-0.46899325,-0.7710871,9.984053,-0.017177377,0.01105211,0.00972053,-40.7625,-7.3125,-48.3375,sitting
2034050002500352,-0.42592242,-0.9816555,10.098908,0.020106852,0.01105211,0.0043942127,-40.8125,-7.3375,-48.325,sitting
2034050022500352,-0.4546363,-0.8572287,10.046266,0.03502054,3.9947388E-4,1.3315796E-4,-40.8375,-7.35,-48.1875,sitting
2034050042500352,-0.3924229,-0.5461618,9.792028,0.0126500055,-0.0049268445,0.0022636852,-40.8625,-7.3625,-48.075,sitting
2034050062500352,-0.21535404,-0.29192436,9.509675,-0.023568958,3.9947388E-4,1.3315796E-4,-40.8625,-7.4,-48.075,sitting
2034050082500352,-0.21535404,-0.2632105,9.437891,-0.023568958,0.0014647375,0.0054594763,-40.8875,-7.4375,-48.05,sitting
2034050102500352,-0.36370903,-0.43130627,9.662816,0.023302643,-0.0017310535,0.010785795,-40.8375,-7.425,-48.037502,sitting
2034050122500352,-0.44985065,-0.6897311,9.87817,0.056325816,3.9947388E-4,0.0054594763,-40.8875,-7.425,-48.1875,sitting
2034050142500352,-0.4642076,-0.8811569,9.993624,0.065913185,-6.6578976E-4,0.010785795,-40.912502,-7.4125,-48.2625,sitting
2034050162500352,-0.44985065,-0.96729857,10.003195,0.06165213,-0.002796317,0.0043942127,-40.850002,-7.3250003,-48.275,sitting
2034050182500352,-0.41156548,-0.9290134,9.984053,0.029694224,-0.009187899,-0.006258424,-40.8,-7.3250003,-48.3375,sitting
2034050202500352,-0.33020952,-0.7902297,9.830314,-0.026764749,0.002530001,-0.0051931604,-40.8375,-7.2875,-48.525,sitting
2034050222500352,-0.3493521,-0.69930243,9.701101,-0.06511424,0.020639483,-0.0051931604,-40.8125,-7.3,-48.55,sitting
2034050242500352,-0.4977071,-0.7040881,9.820743,-0.043808967,0.015313165,-0.0030626329,-40.8,-7.3,-48.5625,sitting
2034050262500352,-0.6029913,-0.933799,10.00798,-0.016112113,0.008921583,-9.321057E-4,-40.787502,-7.3125,-48.537502,sitting
2034050282500352,-0.4881358,-1.0199406,10.1802635,-0.016112113,0.0067910557,-0.0041278964,-40.7625,-7.3250003,-48.475002,sitting
2034050302500352,-0.33020952,-0.8955139,10.012766,-0.02996054,0.0035952649,-0.008388951,-40.75,-7.3125,-48.350002,sitting
2034050322500352,-0.25842485,-0.56530434,9.763314,-0.04061318,-0.0049268445,-0.011584742,-40.75,-7.375,-48.3625,sitting
2034050342500352,-0.28713873,-0.2009971,9.509675,-0.038482647,-0.009187899,-0.009454215,-40.775,-7.375,-48.425,sitting
2034050362500352,-0.26799613,-0.1052842,9.356535,-0.023568958,-0.0070573715,1.3315796E-4,-40.7625,-7.3625,-48.375,sitting
2034050382500352,-0.31106696,-0.3062813,9.552746,0.009454215,-0.0017310535,0.0054594763,-40.75,-7.35,-48.412502,sitting
2034050402500352,-0.39720857,-0.56530434,9.897313,0.057391077,-0.0049268445,0.0043942127,-40.7,-7.3,-48.4625,sitting
2034050422500352,-0.4019942,-0.7328019,9.949955,0.07550056,-0.008122635,1.3315796E-4,-40.65,-7.25,-48.4,sitting
2034050442500352,-0.30149564,-0.72323066,9.87817,0.042477388,-0.0070573715,-9.321057E-4,-40.662502,-7.225,-48.3875,sitting
2034050462500352,-0.30149564,-0.5940182,9.748958,-0.015046849,-0.002796317,1.3315796E-4,-40.65,-7.175,-48.45,sitting
2034050482500352,-0.3684947,-0.5509474,9.672387,-0.051265813,0.0067910557,-0.0030626329,-40.65,-7.1375003,-48.475002,sitting
2034050502500352,-0.37806597,-0.58923256,9.7681,-0.038482647,0.0035952649,1.3315796E-4,-40.675,-7.15,-48.350002,sitting
2034050522500352,-0.35413775,-0.7375876,9.830314,-0.008655267,3.9947388E-4,0.0043942127,-40.662502,-7.25,-48.275,sitting
2034050542500352,-0.3924229,-0.9242278,9.868599,0.014780533,0.005725792,0.003328949,-40.7125,-7.275,-48.2,sitting
2034050562500352,-0.4977071,-1.0869397,10.036695,0.021172116,-0.0017310535,-9.321057E-4,-40.787502,-7.3125,-48.2,sitting
2034050582500352,-0.60777694,-1.1587243,10.194621,-0.0011984216,-0.008122635,-0.0051931604,-40.8375,-7.3625,-48.2125,sitting
2034050602500352,-0.5599205,-1.0582259,10.175478,-0.024634222,-0.0017310535,-0.0041278964,-40.8,-7.3375,-48.15,sitting
2034050622500352,-0.3589234,-0.81894356,9.906884,-0.020373167,-0.002796317,1.3315796E-4,-40.7625,-7.35,-48.100002,sitting
2034050642500352,-0.28235307,-0.3595216,9.634102,-0.0054594763,0.0014647375,0.0054594763,-40.7375,-7.3125,-48.0625,sitting
2034050662500352,-0.3062813,-0.11485548,9.366106,0.020106852,0.0035952649,0.0022636852,-40.775,-7.275,-48.175,sitting
2034050682500352,-0.25842485,-0.16271193,9.433105,0.041412123,-0.002796317,-9.321057E-4,-40.8,-7.25,-48.2625,sitting
2034050702500352,-0.3062813,-0.57009,9.715458,0.03395528,-0.0070573715,-0.0041278964,-40.7625,-7.25,-48.25,sitting
2034050722500352,-0.47856453,-0.80937225,10.098908,-0.0054594763,-0.005992108,-0.0073236874,-40.7625,-7.25,-48.2375,sitting
2034050742500352,-0.3924229,-0.7375876,10.022338,-0.045939494,0.0067910557,-0.0051931604,-40.775,-7.2375,-48.325,sitting
2034050762500352,-0.30149564,-0.5413761,9.667602,-0.037417386,0.05792371,0.14500901,-40.8125,-7.2625003,-48.4,sitting
2034050782500352,-0.3062813,-0.35473597,9.543175,-0.07896267,0.071772136,0.20466378,-40.8125,-7.275,-48.3875,sitting
2034050802500352,-0.33499518,-0.3786642,9.610174,-0.052331075,0.08668583,0.29095012,-40.875,-7.3375,-48.350002,sitting
2034050822500352,-0.37806597,-0.5605187,9.696316,-0.016112113,0.11331742,0.31012487,-40.8125,-7.4125,-48.3625,sitting
2034050842500352,-0.55513483,-0.8668,9.873384,0.006258424,0.105860576,0.23875222,-40.8125,-7.4125,-48.287502,sitting
2034050862500352,-0.6221339,-1.16351,10.18505,0.030759487,0.07922898,0.1482048,-40.8125,-7.4625,-48.3,sitting
2034050882500352,-0.44985065,-1.326222,10.285548,-0.022503695,0.06964161,0.116246894,-40.8125,-7.475,-48.3125,sitting
2034050902500352,-0.33020952,-1.1826526,10.137193,-0.11411637,0.07709846,0.17057534,-40.8125,-7.4500003,-48.275,sitting
2034050922500352,-0.44027936,-0.69930243,9.892527,-0.12903006,0.070706874,0.21212062,-40.8125,-7.4625,-48.3125,sitting
2034050942500352,-0.4354937,-0.23928227,9.514461,-0.052331075,0.052597392,0.1599227,-40.850002,-7.4500003,-48.3375,sitting
2034050962500352,-0.28713873,-0.18664017,9.2895355,0.0051931604,0.06964161,0.0075900033,-40.850002,-7.4375,-48.3625,sitting
2034050982500352,-0.33499518,-0.53659046,9.643674,0.01691106,-0.010253162,-0.095607415,-40.825,-7.3875003,-48.350002,sitting
2034051002500352,-0.4833502,-0.87637126,10.118051,-0.028895276,-0.04860265,0.00652474,-40.825,-7.4,-48.350002,sitting
2034051022500352,-0.4354937,-0.9720842,10.199407,-0.09707215,0.0035952649,0.18122798,-40.8375,-7.35,-48.3875,sitting
2034051042500352,-0.37328035,-0.7902297,9.887741,-0.055526868,-0.043276336,0.24620906,-40.825,-7.35,-48.375,sitting
2034051062500352,-0.3493521,-0.49351966,9.701101,-1.3315796E-4,-0.054994237,0.2717754,-40.8375,-7.4,-48.375,sitting
2034051082500352,-0.2727818,-0.2632105,9.538389,-0.043808967,0.018508956,0.33143014,-40.825,-7.375,-48.3625,sitting
2034051102500352,-0.23928227,-0.27756742,9.485747,-0.008655267,0.09946899,0.23555642,-40.8375,-7.3875003,-48.3625,sitting
2034051122500352,-0.2536392,-0.42652065,9.677173,0.06910898,0.0494016,0.016112113,-40.850002,-7.375,-48.4,sitting
2034051142500352,-0.32063824,-0.52223355,9.763314,0.044607915,-0.06458161,-0.07643267,-40.850002,-7.375,-48.3,sitting
2034051162500352,-0.44506502,-0.6131608,9.772886,-0.060853187,-0.05286371,0.010785795,-40.8375,-7.35,-48.287502,sitting
2034051182500352,-0.526421,-0.5796613,9.84467,-0.13435638,0.04087949,0.14074796,-40.825,-7.3375,-48.2,sitting
2034051202500352,-0.5072784,-0.7088737,9.8015995,-0.07896267,0.06431529,0.17270587,-40.7625,-7.3375,-48.15,sitting
2034051222500352,-0.4354937,-0.8428718,9.897313,-0.011851058,0.055793185,0.064048976,-40.725002,-7.3250003,-48.15,sitting
2034051242500352,-0.4354937,-1.0725827,9.993624,-0.026764749,0.0611195,-0.023302643,-40.7125,-7.3250003,-48.1875,sitting
2034051262500352,-0.32063824,-1.1252248,10.113265,-0.049135286,0.051532127,-0.0030626329,-40.6875,-7.2875,-48.2375,sitting
2034051282500352,-0.4019942,-1.1060823,10.003195,-0.04700476,0.03448791,0.038482647,-40.675,-7.2875,-48.2625,sitting
2034051302500352,-0.6652047,-0.99601245,10.022338,-0.044874232,0.00785632,0.020373167,-40.7,-7.3250003,-48.325,sitting
2034051322500352,-0.5694918,-0.85244304,10.070194,-0.03528686,-0.0070573715,-0.027563697,-40.7125,-7.3625,-48.3,sitting
2034051342500352,-0.27756742,-0.60358953,9.835099,-0.020373167,-0.01238369,-0.05086634,-40.725002,-7.375,-48.425,sitting
2034051362500352,-0.23449662,-0.22492532,9.476176,0.0051931604,-0.010253162,-0.03395528,-40.75,-7.4375,-48.375,sitting
2034051382500352,-0.29671,-0.07178468,9.294321,0.029694224,-0.0017310535,-0.009454215,-40.7625,-7.475,-48.3,sitting
2034051402500352,-0.16749759,-0.25842485,9.476176,0.04567318,3.9947388E-4,0.0043942127,-40.787502,-7.5125003,-48.25,sitting
2034051422500352,-0.2105684,-0.5413761,9.8015995,0.05206476,-0.0049268445,0.013981585,-40.787502,-7.5625,-48.225002,sitting
2034051442500352,-0.46899325,-0.61794645,9.926026,0.04567318,0.02277001,-0.0019973693,-40.8125,-7.5625,-48.15,sitting
2034051462500352,-0.52163535,-0.6227321,9.815957,0.07123951,0.008921583,-0.058323186,-40.787502,-7.5125003,-48.15,sitting
2034051482500352,-0.47377887,-0.7280163,9.787243,0.1447427,-0.05392897,-0.10093373,-40.787502,-7.4375,-48.1375,sitting
2034051502500352,-0.4833502,-0.9098708,9.954741,0.13622059,-0.08908267,-0.1105211,-40.7625,-7.4500003,-48.025,sitting
2034051522500352,-0.38285163,-0.9529416,10.079765,0.06058687,-0.068842664,-0.049801074,-40.75,-7.3375,-48.162502,sitting
2034051542500352,-0.29671,-0.84765744,9.892527,0.0105194785,0.08135951,0.09707215,-40.75,-7.275,-48.2375,sitting
2034051562500352,-0.43070808,-0.5844469,9.710672,-0.021438431,0.2134522,0.17270587,-40.7,-7.2125,-48.2,sitting
2034051582500352,-0.5455636,-0.5509474,9.69153,-0.08322372,0.19534272,0.10985532,-40.725002,-7.225,-48.162502,sitting
2034051602500352,-0.47377887,-0.81894356,9.863813,-0.20040272,0.10266478,-0.019041587,-40.725002,-7.2875,-48.2125,sitting
2034051622500352,-0.36370903,-0.9385847,10.103694,-0.24088274,0.04620581,-0.12756532,-40.725002,-7.2875,-48.1375,sitting
2034051642500352,-0.3397808,-0.8045866,9.921241,-0.1631185,0.0259658,-0.14354427,-40.7125,-7.3125,-48.1125,sitting
2034051662500352,-0.37328035,-0.56530434,9.686745,-0.027830012,0.014247901,-0.040213704,-40.75,-7.2625003,-48.162502,sitting
2034051682500352,-0.37328035,-0.38823548,9.605389,0.1649827,-0.028362645,0.105594255,-40.775,-7.3,-48.0625,sitting
2034051702500352,-0.28713873,-0.36909288,9.600603,0.32357383,-0.15819165,0.1599227,-40.8,-7.275,-48.025,sitting
2034051722500352,-0.28713873,-0.48394838,9.662816,0.24048327,-0.22743379,0.09387636,-40.8125,-7.2875,-48.037502,sitting
2034051742500352,-0.41156548,-0.5844469,9.763314,-0.08855004,-0.080560565,-0.023302643,-40.8125,-7.3,-48.0125,sitting
2034051762500352,-0.5407779,-0.7088737,9.863813,-0.3356912,0.15592797,-0.043409493,-40.787502,-7.25,-47.9875,sitting
2034051782500352,-0.53599226,-0.87158567,9.945169,-0.3239733,0.31252173,0.1013332,-40.775,-7.2375,-48.0875,sitting
2034051802500352,-0.43070808,-0.9385847,10.022338,-0.22383852,0.3572628,0.28136277,-40.775,-7.275,-48.15,sitting
2034051822500352,-0.31585258,-0.9098708,9.906884,-0.085354246,0.3508712,0.4006723,-40.775,-7.3125,-48.1875,sitting
2034051842500352,-0.3589234,-0.7328019,9.806385,0.13089427,0.34980595,0.40599862,-40.8,-7.2875,-48.2625,sitting
2034051862500352,-0.4881358,-0.58923256,9.705887,0.2926812,0.19853851,0.2568617,-40.8125,-7.3250003,-48.225002,sitting
2034051882500352,-0.53599226,-0.718445,9.734601,0.24154852,-0.028362645,0.06724477,-40.8125,-7.3875003,-48.2625,sitting
2034051902500352,-0.46899325,-0.9768698,10.055838,0.009454215,-0.16245271,1.3315796E-4,-40.8,-7.4,-48.325,sitting
2034051922500352,-0.3493521,-1.0199406,10.141979,-0.14394376,-0.24554327,0.049135286,-40.8125,-7.4125,-48.3375,sitting
2034051942500352,-0.37328035,-0.80937225,9.940384,0.015845796,-0.34887385,0.08322372,-40.850002,-7.4875,-48.225002,sitting
2034051962500352,-0.43070808,-0.3595216,9.667602,0.22343905,-0.40107176,0.0043942127,-40.8875,-7.4875,-48.287502,sitting
2034051982500352,-0.2727818,-0.13399807,9.356535,0.19787273,-0.3531349,-0.0988032,-40.8875,-7.475,-48.2125,sitting
2034052002500352,-0.14356937,-0.26799613,9.409177,0.026498433,-0.2764359,-0.0988032,-40.912502,-7.4875,-48.1875,sitting
2034052022500352,-0.3493521,-0.52223355,9.8015995,-0.1514006,-0.16671376,-0.021172116,-40.8875,-7.4875,-48.225002,sitting
2034052042500352,-0.5312066,-0.72323066,10.00798,-0.14927007,-0.10173268,0.024634222,-40.875,-7.4500003,-48.162502,sitting
2034052062500352,-0.4642076,-0.7710871,9.959526,0.039281595,-0.06351634,0.00652474,-40.875,-7.4375,-48.15,sitting
2034052082500352,-0.3397808,-0.6945168,9.815957,0.16924377,-0.0560595,-0.02223738,-40.875,-7.4625,-48.125,sitting
2034052102500352,-0.3589234,-0.6562316,9.720243,0.066978455,-0.07097319,-9.321057E-4,-40.8875,-7.4375,-48.2625,sitting
2034052122500352,-0.35413775,-0.5940182,9.787243,-0.11092058,-0.039015282,0.019307904,-40.850002,-7.4,-48.1875,sitting
2034052142500352,-0.3924229,-0.63230336,9.748958,-0.08855004,-0.0326237,1.3315796E-4,-40.825,-7.375,-48.175,sitting
2034052162500352,-0.5599205,-0.75194454,9.854242,0.05526055,-0.057124764,-0.04447476,-40.8,-7.3875003,-48.15,sitting
2034052182500352,-0.55034924,-0.9242278,10.046266,0.12556796,-0.09653952,-0.05725792,-40.8125,-7.4625,-48.15,sitting
2034052202500352,-0.4019942,-1.0725827,10.055838,0.09041425,-0.11664637,-0.020106852,-40.825,-7.525,-48.225002,sitting
2034052222500352,-0.32063824,-0.98644114,10.031909,0.04886897,-0.11025479,0.0043942127,-40.8625,-7.5875,-48.275,sitting
2034052242500352,-0.37806597,-0.72323066,9.859028,0.056325816,-0.11238532,-0.014780533,-40.8125,-7.5750003,-48.2625,sitting
2034052262500352,-0.4642076,-0.4552345,9.69153,0.019041587,-0.078430034,-0.043409493,-40.825,-7.5625,-48.162502,sitting
2034052282500352,-0.38763726,-0.29192436,9.576674,-0.010785795,-0.019840535,-0.049801074,-40.8125,-7.5625,-48.100002,sitting
2034052302500352,-0.28713873,-0.421735,9.571889,0.0073236874,-0.010253162,-0.021172116,-40.8125,-7.55,-48.1875,sitting
2034052322500352,-0.34456646,-0.60358953,9.830314,0.015845796,-0.002796317,0.012916322,-40.8125,-7.55,-48.2,sitting
2034052342500352,-0.42592242,-0.7040881,9.984053,0.036085807,-0.026232118,0.0075900033,-40.825,-7.4625,-48.225002,sitting
2034052362500352,-0.34456646,-0.637089,9.859028,0.056325816,-0.05392897,-0.011584742,-40.825,-7.375,-48.225002,sitting
2034052382500352,-0.22971097,-0.421735,9.648459,0.066978455,-0.07203846,-0.013715269,-40.775,-7.3375,-48.15,sitting
2034052402500352,-0.2727818,-0.32542387,9.519247,0.07869635,-0.0912132,-0.019041587,-40.787502,-7.2625003,-48.162502,sitting
2034052422500352,-0.31585258,-0.3595216,9.61496,0.05419529,-0.08269109,-0.026498433,-40.7375,-7.2875,-48.2,sitting
2034052442500352,-0.44985065,-0.5605187,9.7298155,-0.011851058,-0.016644744,-0.019041587,-40.7625,-7.275,-48.3,sitting
2034052462500352,-0.5982057,-0.8955139,9.949955,-0.064048976,0.038748965,0.0054594763,-40.75,-7.275,-48.275,sitting
2034052482500352,-0.5886344,-1.0773684,10.237692,-0.034221593,0.032357384,0.017177377,-40.787502,-7.2875,-48.3375,sitting
2034052502500352,-0.37328035,-1.0438689,10.1084795,0.06058687,-6.6578976E-4,0.016112113,-40.787502,-7.3125,-48.325,sitting
2034052522500352,-0.18185452,-0.8668,9.753743,0.06910898,-0.0017310535,0.013981585,-40.7625,-7.3250003,-48.3125,sitting
2034052542500352,-0.3062813,-0.66101724,9.672387,-0.054461602,0.047271073,-0.0019973693,-40.8125,-7.2875,-48.3625,sitting
2034052562500352,-0.4642076,-0.6753742,9.7681,-0.17057534,0.13994901,0.02996054,-40.825,-7.35,-48.3375,sitting
2034052582500352,-0.5072784,-0.84765744,9.887741,-0.16951008,0.19427745,0.11411637,-40.8625,-7.35,-48.287502,sitting
2034052602500352,-0.5024927,-0.9912268,10.079765,-0.055526868,0.13781849,0.1865543,-40.8625,-7.4625,-48.225002,sitting
2034052622500352,-0.5072784,-0.9290134,10.103694,0.065913185,0.02277001,0.21744694,-40.8875,-7.5375,-48.175,sitting
2034052642500352,-0.35413775,-0.68494546,9.859028,0.121306896,-0.08482162,0.23023011,-40.8375,-7.5875,-48.1125,sitting
2034052662500352,-0.25842485,-0.39780676,9.576674,0.1415469,-0.1741706,0.20572904,-40.8,-7.5875,-48.0875,sitting
2034052682500352,-0.26799613,-0.20578274,9.509675,-0.096006885,0.04833634,-0.006258424,-40.825,-7.6375003,-48.100002,sitting
2034052702500352,-0.36370903,-0.3062813,9.543175,-0.08215846,0.035553172,0.010785795,-40.775,-7.6625,-48.025,sitting
2034052722500352,-0.38285163,-0.57009,9.84467,-0.020373167,-0.002796317,-0.0041278964,-40.775,-7.65,-48.05,sitting
2034052742500352,-0.3493521,-0.69930243,9.993624,0.050999496,-0.046472125,-0.02543317,-40.787502,-7.6625,-48.075,sitting
2034052762500352,-0.32542387,-0.67058855,9.849456,0.06165213,-0.043276336,-0.0126500055,-40.825,-7.625,-48.0875,sitting
2034052782500352,-0.32063824,-0.5413761,9.725029,0.024367906,-0.017710008,-0.0105194785,-40.8125,-7.6375003,-48.037502,sitting
2034052802500352,-0.26799613,-0.46959144,9.662816,0.0041278964,-0.014514217,-0.011584742,-40.8375,-7.625,-48.075,sitting
2034052822500352,-0.32063824,-0.51266223,9.696316,0.017976323,-0.018775271,-0.0030626329,-40.8625,-7.6625,-48.100002,sitting
2034052842500352,-0.40677986,-0.56530434,9.830314,0.046738442,-0.015579481,0.0075900033,-40.8625,-7.7000003,-48.0125,sitting
2034052862500352,-0.4354937,-0.6945168,9.8015995,0.049934234,-0.0049268445,0.010785795,-40.875,-7.7125,-48.0875,sitting
2034052882500352,-0.46899325,-0.8141579,9.887741,0.03395528,0.0014647375,0.011851058,-40.850002,-7.725,-48.0875,sitting
2034052902500352,-0.49292147,-0.90508515,9.993624,0.047803707,3.9947388E-4,0.01824264,-40.8375,-7.7375,-48.037502,sitting
2034052922500352,-0.56470615,-1.0773684,10.051051,0.056325816,-0.008122635,0.010785795,-40.8,-7.7125,-48.025,sitting
2034052942500352,-0.53599226,-1.0534402,10.189836,0.013715269,-0.0070573715,0.0011984216,-40.775,-7.75,-48.037502,sitting
2034052962500352,-0.4211368,-0.8237292,10.017552,-0.03315633,-0.0038615807,0.0022636852,-40.8,-7.7625003,-48.05,sitting
2034052982500352,-0.30149564,-0.45044887,9.653245,-0.039547913,-0.005992108,0.008655267,-40.8375,-7.775,-48.0125,sitting
2034053002500352,-0.23449662,-0.18664017,9.437891,-0.03635212,-0.01238369,0.0022636852,-40.8125,-7.775,-48.0625,sitting
2034053022500352,-0.21535404,-0.21535404,9.447462,-0.045939494,0.005725792,-0.020106852,-40.8375,-7.775,-48.0,sitting
2034053042500352,-0.3493521,-0.46959144,9.715458,-0.05978792,0.024900537,-0.021172116,-40.8625,-7.775,-47.975002,sitting
2034053062500352,-0.44027936,-0.68494546,9.988838,-0.06724477,0.01957422,-0.0051931604,-40.8125,-7.7375,-48.0125,sitting
2034053082500352,-0.34456646,-0.62751776,9.921241,-0.07150582,0.013182637,-0.0073236874,-40.825,-7.725,-48.0625,sitting
2034053102500352,-0.26799613,-0.46959144,9.653245,-0.044874232,0.016378429,-0.0105194785,-40.8375,-7.6375003,-48.100002,sitting
2034053122500352,-0.24885355,-0.38344982,9.538389,9.321057E-4,0.016378429,0.00972053,-40.8,-7.55,-48.0875,sitting
2034053142500352,-0.29192436,-0.43609193,9.638887,0.03715107,0.01105211,0.013981585,-40.7375,-7.475,-48.075,sitting
2034053162500352,-0.4211368,-0.63230336,9.787243,0.059521604,-0.0049268445,1.3315796E-4,-40.75,-7.4,-48.1125,sitting
2034053182500352,-0.5982057,-0.9625129,9.954741,0.056325816,-0.011318427,0.0054594763,-40.75,-7.3250003,-48.162502,sitting
2034053202500352,-0.6221339,-1.1778669,10.208978,0.04567318,-0.010253162,0.0054594763,-40.7125,-7.3375,-48.162502,sitting
2034053222500352,-0.53599226,-1.3549358,10.242477,0.032890014,-0.013448954,-0.0019973693,-40.75,-7.3375,-48.100002,sitting
2034053242500352,-0.47377887,-1.3645071,10.299905,0.03395528,-0.025166854,0.0054594763,-40.725002,-7.3625,-48.100002,sitting
2034053262500352,-0.37328035,-0.9385847,10.18505,0.042477388,-0.030493172,0.0022636852,-40.7125,-7.425,-48.0125,sitting
2034053282500352,-0.34456646,-0.31106696,9.586246,0.020106852,-0.02410159,1.3315796E-4,-40.725002,-7.4875,-47.8875,sitting
2034053302500352,-0.27756742,0.14356937,9.155538,-0.03528686,0.0067910557,1.3315796E-4,-40.775,-7.5125003,-47.8875,sitting
2034053322500352,-0.17706887,0.033499517,9.160323,-0.07789741,0.03448791,-0.0105194785,-40.787502,-7.6,-47.8,sitting
2034053342500352,-0.27756742,-0.45044887,9.715458,-0.07150582,0.02809633,-0.0051931604,-40.8,-7.6625,-47.775,sitting
2034053362500352,-0.4354937,-0.79501534,10.161121,-0.03635212,0.008921583,1.3315796E-4,-40.8125,-7.7125,-47.725002,sitting
2034053382500352,-0.37806597,-0.8380861,10.022338,-0.00652474,0.009986847,0.0011984216,-40.850002,-7.7625003,-47.787502,sitting
2034053402500352,-0.2536392,-0.637089,9.753743,0.0041278964,0.015313165,0.008655267,-40.8875,-7.8125,-47.7125,sitting
2034053422500352,-0.32542387,-0.4456632,9.591031,0.024367906,3.9947388E-4,0.0075900033,-40.925,-7.8625,-47.8375,sitting
2034053442500352,-0.36370903,-0.40259242,9.605389,0.02862896,-0.008122635,0.0011984216,-40.9,-7.9,-47.912502,sitting
2034053462500352,-0.38285163,-0.51266223,9.710672,-0.0011984216,0.0035952649,1.3315796E-4,-40.8375,-7.9,-47.8875,sitting
2034053482500352,-0.5455636,-0.8428718,9.84467,-0.026764749,0.012117374,-0.0030626329,-40.8375,-7.9125,-47.8875,sitting
2034053502500352,-0.56470615,-1.0677971,10.137193,-0.016112113,0.0035952649,-0.0051931604,-40.8375,-7.975,-47.8625,sitting
2034053522500352,-0.47856453,-1.2592229,10.161121,0.019041587,-0.017710008,-0.0041278964,-40.875,-7.975,-47.875,sitting
2034053542500352,-0.4881358,-1.3357933,10.1802635,0.013715269,-0.016644744,-0.008388951,-40.8625,-7.9625,-47.8125,sitting
2034053562500352,-0.47856453,-1.1060823,10.242477,-0.011851058,-0.002796317,-0.0051931604,-40.875,-7.975,-47.825,sitting
2034053582500352,-0.3684947,-0.63230336,9.859028,-0.0054594763,-0.0049268445,-0.0051931604,-40.8875,-7.9375,-47.7625,sitting
2034053602500352,-0.30149564,-0.13878371,9.404391,-0.0011984216,-0.0017310535,-0.0030626329,-40.95,-7.9625,-47.725002,sitting
2034053622500352,-0.28235307,0.023928227,9.256036,-0.016112113,0.00785632,0.0022636852,-41.0,-8.025001,-47.7125,sitting
2034053642500352,-0.2536392,-0.28235307,9.509675,-0.0054594763,0.0014647375,-9.321057E-4,-41.0,-8.075,-47.7375,sitting
2034053662500352,-0.33020952,-0.6562316,9.945169,0.017976323,-6.6578976E-4,0.0011984216,-41.025,-8.075,-47.7,sitting
2034053682500352,-0.34456646,-0.6945168,10.031909,0.027563697,-6.6578976E-4,0.008655267,-41.0125,-8.0625,-47.75,sitting
2034053702500352,-0.28713873,-0.53659046,9.710672,0.027563697,-0.005992108,0.0011984216,-41.025,-8.0625,-47.775,sitting
2034053722500352,-0.29192436,-0.3786642,9.567103,0.031824753,-0.005992108,0.0075900033,-41.0125,-8.05,-47.825,sitting
2034053742500352,-0.29192436,-0.33020952,9.58146,0.017976323,-0.0017310535,0.003328949,-41.025,-8.05,-47.787502,sitting
2034053762500352,-0.3589234,-0.4456632,9.619745,-0.022503695,0.014247901,-9.321057E-4,-41.025,-8.025001,-47.8,sitting
2034053782500352,-0.5072784,-0.6945168,9.763314,-0.026764749,0.012117374,0.0054594763,-41.037502,-7.9500003,-47.8625,sitting
2034053802500352,-0.64606214,-1.0438689,10.031909,0.0051931604,-0.0070573715,-0.0030626329,-41.075,-7.9,-47.912502,sitting
2034053822500352,-0.61734825,-1.3357933,10.299905,0.0126500055,-0.020905798,-0.0051931604,-41.075,-7.8875003,-47.9375,sitting
2034053842500352,-0.44985065,-1.5230316,10.323833,-0.00972053,-0.009187899,-0.0030626329,-41.100002,-7.9125,-47.912502,sitting
2034053862500352,-0.3589234,-1.4847465,10.30469,-0.027830012,0.002530001,-0.006258424,-41.125,-7.925,-47.95,sitting
2034053882500352,-0.3684947,-1.0103694,10.137193,-0.028895276,0.00785632,-0.0019973693,-41.162502,-7.9375,-47.9375,sitting
2034053902500352,-0.46899325,-0.3397808,9.6580305,-0.021438431,0.00785632,-9.321057E-4,-41.1375,-7.975,-47.9875,sitting
2034053922500352,-0.4642076,0.14356937,9.227323,-0.012916322,0.009986847,0.0011984216,-41.125,-7.975,-48.0,sitting
2034053942500352,-0.22013968,0.1052842,9.184252,-0.0022636852,0.01957422,0.0075900033,-41.100002,-8.0375,-47.975002,sitting
2034053962500352,-0.0041874396,-0.31106696,9.538389,0.02543317,-6.6578976E-4,0.00652474,-41.100002,-8.05,-47.975002,sitting
2034053982500352,-0.2536392,-0.5557331,9.887741,0.059521604,-0.020905798,0.0022636852,-41.0625,-8.0375,-48.037502,sitting
2034054002500352,-0.34456646,-0.5988039,9.84467,0.042477388,-0.015579481,1.3315796E-4,-41.037502,-8.0625,-48.0,sitting
2034054022500352,-0.3397808,-0.56530434,9.734601,0.0051931604,-0.002796317,1.3315796E-4,-41.0625,-8.05,-47.9875,sitting
2034054042500352,-0.3684947,-0.49351966,9.686745,-0.011851058,-6.6578976E-4,-0.0051931604,-41.025,-8.05,-47.975002,sitting
2034054062500352,-0.47377887,-0.57487565,9.715458,-1.3315796E-4,-0.009187899,-0.0051931604,-41.037502,-8.025001,-47.912502,sitting
2034054082500352,-0.53599226,-0.81894356,9.887741,0.02223738,-0.021971062,0.00972053,-41.037502,-8.025001,-47.875,sitting
2034054102500352,-0.55034924,-1.1443675,10.070194,0.006258424,-0.020905798,0.008655267,-41.037502,-8.0,-47.875,sitting
2034054122500352,-0.5072784,-1.3740784,10.242477,-0.022503695,-0.002796317,-0.011584742,-41.025,-8.0,-47.825,sitting
2034054142500352,-0.4833502,-1.3070793,10.309476,-0.039547913,0.021704746,-0.0041278964,-41.0125,-8.0125,-47.7125,sitting
2034054162500352,-0.4642076,-0.9529416,10.084551,-0.045939494,0.032357384,0.0075900033,-41.025,-7.9875,-47.7125,sitting
2034054182500352,-0.37806597,-0.50787663,9.648459,-0.032091066,0.017443692,-0.0030626329,-41.0125,-8.0,-47.75,sitting
2034054202500352,-0.3397808,-0.148355,9.413962,-0.015046849,0.01105211,0.0075900033,-40.9875,-7.9500003,-47.7375,sitting
2034054222500352,-0.35413775,-0.15314065,9.418748,-0.0022636852,0.009986847,0.00972053,-40.9,-7.9375,-47.7125,sitting
2034054242500352,-0.32542387,-0.43130627,9.681958,0.01691106,3.9947388E-4,0.0043942127,-40.8875,-7.9125,-47.775,sitting
2034054262500352,-0.28713873,-0.66101724,9.91167,0.04354265,-0.010253162,0.0043942127,-40.825,-7.85,-47.8,sitting
2034054282500352,-0.3397808,-0.6418747,9.854242,0.049934234,-0.019840535,-0.0041278964,-40.8125,-7.7875,-47.8875,sitting
2034054302500352,-0.3589234,-0.503091,9.701101,0.02543317,-0.017710008,-0.0019973693,-40.8,-7.75,-47.912502,sitting
2034054322500352,-0.31106696,-0.43609193,9.634102,9.321057E-4,-0.002796317,-0.0041278964,-40.75,-7.7000003,-47.9,sitting
2034054342500352,-0.3493521,-0.49351966,9.648459,0.0030626329,-0.0070573715,-0.0030626329,-40.6875,-7.6,-47.9375,sitting
2034054362500352,-0.47856453,-0.68494546,9.782457,0.03502054,-0.016644744,0.0022636852,-40.662502,-7.525,-47.975002,sitting
2034054382500352,-0.6029913,-0.9816555,10.003195,0.038216334,-0.020905798,-9.321057E-4,-40.65,-7.425,-48.0625,sitting
2034054402500352,-0.6029913,-1.2400804,10.218549,0.0041278964,-0.002796317,0.00652474,-40.600002,-7.35,-48.0,sitting
2034054422500352,-0.4881358,-1.3453646,10.285548,-0.032091066,0.015313165,-9.321057E-4,-40.5875,-7.25,-48.0,sitting
2034054442500352,-0.4833502,-1.2879368,10.228121,-0.03635212,0.009986847,-0.0041278964,-40.55,-7.175,-47.975002,sitting
2034054462500352,-0.5072784,-0.8045866,10.122836,-0.019307904,0.0046605286,0.010785795,-40.5125,-7.0875,-47.975002,sitting
2034054482500352,-0.3589234,-0.14356937,9.552746,-0.015046849,0.023835273,0.008655267,-40.5125,-6.9625,-48.100002,sitting
2034054502500352,-0.148355,0.19142582,9.026325,-0.0054594763,0.023835273,0.010785795,-40.4875,-6.9125,-48.05,sitting
2034054522500352,-0.071186475,-0.038285162,9.184252,-0.016112113,0.017443692,0.010785795,-40.45,-6.8875003,-47.9875,sitting
2034054542500352,-0.2440679,-0.52223355,9.882956,-0.04167844,0.020639483,0.0022636852,-40.45,-6.8875003,-47.9875,sitting
2034054562500352,-0.39720857,-0.6945168,10.137193,-0.03635212,0.020639483,0.00652474,-40.475002,-6.8875003,-48.025,sitting
2034054582500352,-0.35413775,-0.53180486,9.748958,-0.008655267,-0.0038615807,-0.0019973693,-40.537502,-6.9875,-48.0125,sitting
2034054602500352,-0.30149564,-0.41694933,9.490533,0.015845796,-0.021971062,-0.011584742,-40.5625,-7.0,-47.9375,sitting
2034054622500352,-0.3684947,-0.53659046,9.696316,0.014780533,-0.016644744,-0.0041278964,-40.600002,-7.0375,-47.8625,sitting
2034054642500352,-0.5168497,-0.8141579,9.882956,9.321057E-4,-0.005992108,-0.014780533,-40.5875,-7.125,-47.787502,sitting
2034054662500352,-0.5886344,-1.1012967,10.094122,0.015845796,-0.0038615807,-0.021172116,-40.600002,-7.175,-47.8125,sitting
2034054682500352,-0.5312066,-1.3214363,10.223334,0.058456343,-0.017710008,-0.031824753,-40.6375,-7.1875,-47.825,sitting
2034054702500352,-0.46899325,-1.3405789,10.271192,0.121306896,-0.018775271,-0.06471477,-40.7,-7.25,-47.8375,sitting
2034054722500352,-0.42592242,-1.0342976,10.141979,0.15965639,0.0014647375,-0.12756532,-40.725002,-7.2875,-47.875,sitting
2034054742500352,-0.40677986,-0.53180486,9.725029,0.15433007,0.00785632,-0.15419692,-40.725002,-7.25,-47.9,sitting
2034054762500352,-0.35413775,-0.11964113,9.375677,0.13409007,0.030226856,-0.07856319,-40.7125,-7.3,-47.9375,sitting
2034054782500352,-0.28713873,-0.05742774,9.303893,0.07123951,0.056858446,0.038482647,-40.75,-7.3250003,-48.0125,sitting
2034054802500352,-0.30149564,-0.43609193,9.591031,-0.012916322,0.027031064,0.062983714,-40.75,-7.35,-48.1125,sitting
2034054822500352,-0.4211368,-0.75673014,10.04148,-0.084288985,-0.02410159,0.034221593,-40.775,-7.3875003,-48.125,sitting
2034054842500352,-0.37806597,-0.79501534,10.04148,-0.1716406,-0.018775271,0.04700476,-40.787502,-7.4375,-48.100002,sitting
2034054862500352,-0.3493521,-0.718445,9.777672,-0.2504701,0.016378429,0.05872266,-40.787502,-7.4625,-48.15,sitting
2034054882500352,-0.37806597,-0.57009,9.705887,-0.2366217,0.021704746,0.00972053,-40.7625,-7.5,-48.125,sitting
2034054902500352,-0.35413775,-0.53659046,9.701101,-0.06511424,0.017443692,-0.031824753,-40.7375,-7.55,-48.0625,sitting
2034054922500352,-0.42592242,-0.637089,9.777672,0.11917637,-0.017710008,0.011851058,-40.725002,-7.55,-48.025,sitting
2034054942500352,-0.4977071,-0.78065836,9.868599,0.07550056,-0.033688962,0.0075900033,-40.675,-7.5750003,-48.037502,sitting
2034054962500352,-0.5312066,-0.9720842,9.984053,-0.07576688,0.00785632,-0.019041587,-40.675,-7.55,-47.912502,sitting
2034054982500352,-0.52163535,-1.0438689,10.103694,-0.096006885,0.037683703,0.0011984216,-40.65,-7.5375,-47.95,sitting
2034055002500352,-0.51206404,-0.95772725,10.060623,-0.01824264,0.0067910557,-0.0105194785,-40.662502,-7.5125003,-48.0875,sitting
2034055022500352,-0.4211368,-0.68494546,9.854242,0.057391077,0.0014647375,0.008655267,-40.662502,-7.5,-48.1375,sitting
2034055042500352,-0.2727818,-0.41694933,9.605389,0.109588996,-6.6578976E-4,0.024634222,-40.675,-7.4875,-48.2625,sitting
2034055062500352,-0.27756742,-0.33499518,9.500104,0.109588996,-0.013448954,0.0054594763,-40.662502,-7.475,-48.3875,sitting
2034055082500352,-0.38763726,-0.46959144,9.672387,0.07550056,-0.0038615807,0.003328949,-40.675,-7.5,-48.4875,sitting
2034055102500352,-0.44027936,-0.72323066,9.91167,0.021172116,0.023835273,0.017177377,-40.6875,-7.475,-48.675,sitting
2034055122500352,-0.37328035,-0.77587277,10.00798,-0.0075900033,0.038748965,0.00972053,-40.7125,-7.5125003,-48.7625,sitting
2034055142500352,-0.35413775,-0.5988039,9.815957,0.017976323,0.01957422,-0.0041278964,-40.7375,-7.5875,-48.8,sitting
2034055162500352,-0.32063824,-0.503091,9.490533,0.038216334,-0.013448954,-0.0105194785,-40.7125,-7.6125,-48.825,sitting
2034055182500352,-0.34456646,-0.49351966,9.69153,0.0126500055,-0.030493172,0.0043942127,-40.7375,-7.6,-48.7625,sitting
2034055202500352,-0.44027936,-0.5461618,9.863813,-0.04700476,-0.014514217,0.010785795,-40.725002,-7.5875,-48.7375,sitting
2034055222500352,-0.42592242,-0.7423732,9.753743,-0.107724786,0.008921583,1.3315796E-4,-40.7375,-7.5875,-48.662502,sitting
2034055242500352,-0.44985065,-0.90508515,9.882956,-0.10985532,0.02277001,1.3315796E-4,-40.725002,-7.5875,-48.662502,sitting
2034055262500352,-0.55513483,-1.0869397,10.055838,-0.05872266,0.016378429,-0.0030626329,-40.7125,-7.65,-48.5125,sitting
2034055282500352,-0.6891329,-1.2352947,10.2520485,-0.011851058,3.9947388E-4,-0.0019973693,-40.75,-7.675,-48.5125,sitting
2034055302500352,-0.72263247,-1.230509,10.333405,-0.023568958,0.008921583,0.010785795,-40.7375,-7.7000003,-48.3625,sitting
2034055322500352,-0.5072784,-0.933799,10.156336,-0.04807002,0.021704746,0.03315633,-40.7625,-7.7875,-48.3,sitting
2034055342500352,-0.2727818,-0.35473597,9.701101,-0.031025803,0.0259658,0.060853187,-40.75,-7.925,-48.325,sitting
2034055362500352,-0.071186475,0.15792629,9.150752,-0.0043942127,0.038748965,0.086419515,-40.7625,-8.1,-48.375,sitting
2034055382500352,0.029312078,0.15792629,8.959326,-1.3315796E-4,0.047271073,0.08215846,-40.75,-8.2625,-48.350002,sitting
2034055402500352,-0.18185452,-0.28235307,9.54796,0.02862896,0.01957422,0.019307904,-40.787502,-8.375,-48.3375,sitting
2034055422500352,-0.38763726,-0.5844469,10.103694,0.076565824,-0.039015282,-0.014780533,-40.850002,-8.475,-48.412502,sitting
2034055442500352,-0.41156548,-0.7088737,9.926026,0.0627174,-0.05925529,0.00652474,-40.8375,-8.625,-48.350002,sitting
2034055462500352,-0.4019942,-0.6658029,9.7681,0.026498433,-0.018775271,0.012916322,-40.850002,-8.6875,-48.375,sitting
2034055482500352,-0.4019942,-0.6418747,9.8015995,0.011584742,0.00785632,0.00652474,-40.850002,-8.7625,-48.350002,sitting
2034055502500352,-0.4019942,-0.71365935,9.859028,-0.011851058,0.02277001,-0.0030626329,-40.875,-8.825,-48.325,sitting
2034055522500352,-0.44027936,-0.77587277,9.868599,-0.016112113,0.012117374,0.0011984216,-40.912502,-8.8125,-48.2125,sitting
2034055542500352,-0.53599226,-0.8859426,9.949955,-0.0022636852,-0.0070573715,-0.0051931604,-40.975002,-8.8125,-48.2375,sitting
2034055562500352,-0.6029913,-1.0295119,10.094122,0.0019973693,-0.005992108,-9.321057E-4,-40.975002,-8.8625,-48.2125,sitting
2034055582500352,-0.5407779,-1.0007981,10.118051,0.0105194785,0.0014647375,0.011851058,-40.975002,-8.8875,-48.1375,sitting
2034055602500352,-0.46899325,-0.785444,9.964312,0.03715107,0.0014647375,0.0075900033,-40.975002,-8.8875,-48.125,sitting
2034055622500352,-0.37328035,-0.49830532,9.705887,0.06165213,0.012117374,0.0022636852,-40.95,-8.925,-48.05,sitting
2034055642500352,-0.25842485,-0.29192436,9.552746,0.064847924,0.00785632,0.003328949,-40.912502,-8.925,-48.0125,sitting
2034055662500352,-0.19142582,-0.28713873,9.480962,0.023302643,-0.005992108,-0.0019973693,-40.9,-8.9125,-47.9875,sitting
2034055682500352,-0.31585258,-0.46002015,9.667602,-0.02996054,-0.019840535,1.3315796E-4,-40.8875,-8.962501,-48.037502,sitting
2034055702500352,-0.41635114,-0.5988039,9.892527,-0.051265813,-0.016644744,0.0075900033,-40.850002,-8.975,-48.125,sitting
2034055722500352,-0.36370903,-0.637089,9.854242,-0.02996054,-0.002796317,-9.321057E-4,-40.8375,-8.9875,-48.162502,sitting
2034055742500352,-0.3589234,-0.5940182,9.744172,-0.003328949,-0.0017310535,-0.008388951,-40.825,-9.0125,-48.1375,sitting
2034055762500352,-0.39720857,-0.6131608,9.753743,-0.028895276,-0.0017310535,-0.0051931604,-40.850002,-8.9875,-48.162502,sitting
2034055782500352,-0.43070808,-0.68494546,9.815957,-0.07150582,0.0035952649,-0.009454215,-40.850002,-9.0,-48.275,sitting
2034055802500352,-0.46899325,-0.80937225,9.859028,-0.073636346,0.009986847,-0.013715269,-40.912502,-9.0375,-48.3625,sitting
2034055822500352,-0.51206404,-0.96729857,9.949955,-0.04167844,0.015313165,-0.0105194785,-40.925,-9.0125,-48.325,sitting
2034055842500352,-0.55513483,-1.1012967,10.1084795,-0.0054594763,0.015313165,1.3315796E-4,-40.9375,-9.0375,-48.375,sitting
2034055862500352,-0.59342,-1.1204392,10.199407,0.02543317,-0.0038615807,0.0022636852,-40.9375,-9.05,-48.2125,sitting
2034055882500352,-0.51206404,-0.94337034,10.098908,0.03502054,-0.017710008,0.0022636852,-40.912502,-9.05,-48.1375,sitting
2034055902500352,-0.32063824,-0.5557331,9.820743,-1.3315796E-4,-0.0070573715,1.3315796E-4,-40.912502,-9.075,-48.162502,sitting
2034055922500352,-0.17228323,-0.13399807,9.423533,-0.04807002,0.018508956,-9.321057E-4,-40.875,-9.075,-48.15,sitting
2034055942500352,-0.15792629,-0.009571291,9.189037,-0.037417386,0.014247901,0.003328949,-40.912502,-9.0375,-48.1375,sitting
2034055962500352,-0.25842485,-0.27756742,9.480962,0.008388951,-0.015579481,-0.0105194785,-40.8625,-9.0,-48.037502,sitting
2034055982500352,-0.38763726,-0.6131608,9.973883,0.031824753,-0.026232118,-0.006258424,-40.8375,-9.0125,-47.9875,sitting
2034056002500352,-0.44506502,-0.7902297,10.022338,-1.3315796E-4,-0.008122635,-0.0019973693,-40.8,-8.962501,-47.8125,sitting
2034056022500352,-0.4546363,-0.8237292,9.892527,-0.02996054,0.002530001,-0.0105194785,-40.8125,-8.925,-47.9,sitting
2034056042500352,-0.42592242,-0.7710871,9.892527,-0.013981585,3.9947388E-4,-0.009454215,-40.825,-8.8875,-47.9375,sitting
2034056062500352,-0.3493521,-0.69930243,9.830314,0.01691106,0.0046605286,0.003328949,-40.8,-8.8625,-47.8625,sitting
2034056082500352,-0.34456646,-0.6466603,9.753743,0.036085807,0.005725792,0.010785795,-40.787502,-8.837501,-47.95,sitting
2034056102500352,-0.43070808,-0.66101724,9.763314,0.041412123,0.005725792,0.016112113,-40.775,-8.85,-47.875,sitting
2034056122500352,-0.5072784,-0.77587277,9.868599,0.10106689,-0.018775271,0.028895276,-40.8,-8.875,-47.912502,sitting
2034056142500352,-0.55513483,-1.0390832,10.031909,0.16604798,-0.029427908,0.027830012,-40.787502,-8.8875,-47.95,sitting
2034056162500352,-0.52163535,-1.1012967,10.189836,0.14687322,-0.026232118,0.011851058,-40.8125,-8.9125,-48.05,sitting
2034056182500352,-0.43070808,-0.94337034,10.098908,0.05419529,-0.009187899,-0.0041278964,-40.9,-8.975,-48.0625,sitting
2034056202500352,-0.33020952,-0.51266223,9.748958,-0.055526868,0.014247901,-0.0019973693,-40.8625,-8.975,-47.975002,sitting
2034056222500352,-0.28235307,-0.17228323,9.413962,-0.10239847,0.0014647375,0.016112113,-40.8625,-9.0,-47.9875,sitting
2034056242500352,-0.2536392,-0.15792629,9.404391,-0.07896267,-0.02410159,0.01824264,-40.8875,-9.0375,-47.8,sitting
2034056262500352,-0.30149564,-0.45044887,9.69153,-0.07044056,-0.020905798,0.0054594763,-40.9,-9.0125,-47.8375,sitting
2034056282500352,-0.37806597,-0.66101724,9.954741,-0.08109319,-6.6578976E-4,-0.008388951,-40.912502,-9.0,-47.850002,sitting
2034056302500352,-0.40677986,-0.6945168,9.916455,-0.07150582,0.02277001,-0.014780533,-40.9375,-9.0,-47.8625,sitting
2034056322500352,-0.29671,-0.60358953,9.758529,-0.049135286,0.02809633,-0.0051931604,-40.9625,-8.95,-47.8875,sitting
2034056342500352,-0.28713873,-0.503091,9.662816,-0.03528686,0.02809633,0.003328949,-40.875,-8.95,-47.8,sitting
2034056362500352,-0.37806597,-0.49830532,9.662816,-0.017177377,0.018508956,0.00652474,-40.912502,-8.975,-47.8875,sitting
2034056382500352,-0.47856453,-0.651446,9.796814,0.030759487,-0.009187899,0.0054594763,-40.9375,-8.9875,-47.8875,sitting
2034056402500352,-0.51206404,-0.8859426,9.964312,0.06910898,-0.016644744,0.010785795,-40.975002,-9.0125,-48.025,sitting
2034056422500352,-0.51206404,-1.082154,10.103694,0.10426268,-0.009187899,0.021438431,-40.95,-9.05,-47.9375,sitting
2034056442500352,-0.5168497,-1.0582259,10.165907,0.10319742,-0.014514217,1.3315796E-4,-40.925,-9.075,-47.9,sitting
2034056462500352,-0.49292147,-0.87637126,9.993624,0.06165213,-0.01238369,-0.0051931604,-40.912502,-9.075,-47.8375,sitting
2034056482500352,-0.37328035,-0.53659046,9.777672,9.321057E-4,-0.009187899,0.0075900033,-40.9,-9.087501,-47.787502,sitting
2034056502500352,-0.28713873,-0.34516466,9.538389,-0.05339634,-0.01238369,0.0043942127,-40.9375,-9.1,-47.925,sitting
2034056522500352,-0.30149564,-0.3499503,9.524033,-0.074701615,-0.011318427,0.0022636852,-40.9375,-9.1125,-47.912502,sitting
2034056542500352,-0.3684947,-0.5557331,9.739387,-0.06831003,-0.0049268445,-0.0019973693,-40.95,-9.05,-48.0125,sitting
2034056562500352,-0.4354937,-0.76630145,9.984053,-0.03315633,-0.005992108,-0.013715269,-40.975002,-9.0375,-48.0125,sitting
2034056582500352,-0.4546363,-0.8045866,10.00798,-0.025699485,-0.0017310535,-0.008388951,-40.95,-9.025001,-48.0625,sitting
2034056602500352,-0.4019942,-0.651446,9.815957,-0.054461602,0.030226856,0.0054594763,-40.9625,-9.0125,-48.0875,sitting
2034056622500352,-0.37328035,-0.48394838,9.686745,-0.044874232,0.051532127,0.008655267,-40.9875,-9.0,-48.175,sitting
2034056642500352,-0.26799613,-0.40737805,9.619745,-0.017177377,0.038748965,0.020373167,-40.9375,-9.025001,-48.1125,sitting
2034056662500352,-0.30149564,-0.51266223,9.619745,0.015845796,0.033422645,0.038482647,-40.912502,-9.0375,-48.0625,sitting
2034056682500352,-0.4546363,-0.6801598,9.863813,0.04567318,0.027031064,0.027830012,-40.8625,-9.075,-47.95,sitting
2034056702500352,-0.53599226,-0.8333005,10.017552,0.030759487,0.029161593,0.012916322,-40.8625,-9.125,-47.925,sitting
2034056722500352,-0.4977071,-0.91465646,10.00798,0.013715269,0.005725792,-0.0041278964,-40.875,-9.125,-47.9375,sitting
2034056742500352,-0.44506502,-0.8955139,9.969097,0.041412123,-0.04114581,-0.0105194785,-40.9,-9.1375,-47.875,sitting
2034056762500352,-0.37328035,-0.7088737,9.873384,0.05206476,-0.05392897,-0.0105194785,-40.925,-9.125,-47.850002,sitting
2034056782500352,-0.37806597,-0.57009,9.710672,0.013715269,-0.03581949,-0.011584742,-40.9375,-9.1625,-47.9375,sitting
2034056802500352,-0.5072784,-0.6562316,9.777672,-0.019307904,-0.026232118,-0.0073236874,-40.975002,-9.2,-47.95,sitting
2034056822500352,-0.4833502,-0.7710871,9.998409,-0.028895276,-0.011318427,-0.0105194785,-41.0,-9.1625,-47.825,sitting
2034056842500352,-0.3493521,-0.85244304,9.998409,-0.02996054,0.009986847,-0.0019973693,-41.0125,-9.125,-47.8875,sitting
2034056862500352,-0.35413775,-0.62751776,9.906884,-0.015046849,0.03448791,0.013981585,-41.0,-9.150001,-47.850002,sitting
2034056882500352,-0.29671,-0.33020952,9.605389,-0.012916322,0.03448791,0.0075900033,-40.95,-9.1125,-47.825,sitting
2034056902500352,-0.124426775,-0.19142582,9.409177,-0.024634222,0.01957422,0.0054594763,-40.9375,-9.1625,-47.9375,sitting
2034056922500352,-0.124426775,-0.24885355,9.500104,-0.034221593,0.008921583,-0.0051931604,-40.9375,-9.2,-47.9875,sitting
2034056942500352,-0.3493521,-0.4121637,9.758529,-0.051265813,0.00785632,-0.01691106,-40.925,-9.2,-47.8625,sitting
2034056962500352,-0.3493521,-0.5605187,9.820743,-0.08109319,0.018508956,-0.006258424,-40.9375,-9.175,-47.912502,sitting
2034056982500352,-0.4019942,-0.61794645,9.839885,-0.08322372,0.023835273,0.0022636852,-40.850002,-9.2,-48.0,sitting
2034057002500352,-0.4977071,-0.6658029,9.815957,-0.037417386,0.0014647375,-0.0051931604,-40.9,-9.1875,-48.15,sitting
2034057022500352,-0.55034924,-0.90029955,9.984053,0.030759487,-0.028362645,-0.020106852,-40.912502,-9.1625,-48.15,sitting
2034057042500352,-0.5072784,-1.0199406,10.189836,0.068043716,-0.05392897,-0.027563697,-40.925,-9.212501,-48.175,sitting
2034057062500352,-0.37806597,-0.91465646,10.065409,0.03395528,-0.046472125,-0.019041587,-40.9375,-9.175,-48.2,sitting
2034057082500352,-0.3493521,-0.5413761,9.734601,0.0019973693,-6.6578976E-4,0.00972053,-40.925,-9.175,-48.162502,sitting
2034057102500352,-0.35413775,-0.31106696,9.524033,0.027563697,0.020639483,0.028895276,-40.9,-9.1875,-48.175,sitting
2034057122500352,-0.3493521,-0.40737805,9.595817,0.06165213,0.014247901,0.021438431,-40.8875,-9.1875,-48.2,sitting
2034057142500352,-0.42592242,-0.7710871,9.897313,0.07550056,0.0067910557,0.013981585,-40.912502,-9.175,-48.2125,sitting
2034057162500352,-0.47377887,-0.8811569,10.161121,0.065913185,-0.0038615807,0.0022636852,-40.8625,-9.1875,-48.15,sitting
2034057182500352,-0.4546363,-0.8285148,9.949955,0.032890014,-0.008122635,-0.0051931604,-40.8625,-9.1875,-48.2125,sitting
2034057202500352,-0.31106696,-0.5509474,9.7681,-1.3315796E-4,3.9947388E-4,0.0043942127,-40.850002,-9.1875,-48.162502,sitting
2034057222500352,-0.22492532,-0.3595216,9.567103,-0.0011984216,3.9947388E-4,-0.0019973693,-40.825,-9.1875,-48.1375,sitting
2034057242500352,-0.27756742,-0.34516466,9.533604,-0.0022636852,-0.0070573715,-9.321057E-4,-40.787502,-9.2,-48.1375,sitting
2034057262500352,-0.32063824,-0.53180486,9.739387,-0.037417386,-0.0038615807,0.0043942127,-40.787502,-9.2,-48.162502,sitting
2034057282500352,-0.4546363,-0.7375876,9.930812,-0.07789741,-0.002796317,-0.006258424,-40.8,-9.2,-48.1375,sitting
2034057302500352,-0.57427746,-0.89072824,10.051051,-0.09174583,0.0014647375,-0.019041587,-40.8375,-9.1875,-48.162502,sitting
2034057322500352,-0.51206404,-0.8668,10.07498,-0.08109319,0.005725792,-0.020106852,-40.850002,-9.2,-48.175,sitting
2034057342500352,-0.3589234,-0.6945168,9.902099,-0.074701615,0.015313165,-0.0041278964,-40.825,-9.225,-48.125,sitting
2034057362500352,-0.26799613,-0.43130627,9.653245,-0.062983714,0.035553172,0.01824264,-40.8125,-9.225,-48.2125,sitting
2034057382500352,-0.2105684,-0.28235307,9.495318,-0.025699485,0.04301002,0.03315633,-40.7625,-9.225,-48.15,sitting
2034057402500352,-0.28235307,-0.38344982,9.571889,0.02543317,0.027031064,0.03315633,-40.787502,-9.175,-48.1125,sitting
2034057422500352,-0.44506502,-0.6131608,9.854242,0.06165213,-0.002796317,0.013981585,-40.8375,-9.1375,-48.175,sitting
2034057442500352,-0.49292147,-0.8237292,10.070194,0.09147952,-0.027297381,0.0043942127,-40.775,-9.1375,-48.125,sitting
2034057462500352,-0.41635114,-0.81894356,10.027123,0.08934899,-0.021971062,0.00652474,-40.787502,-9.2,-48.1375,sitting
2034057482500352,-0.3397808,-0.62751776,9.8015995,0.056325816,-0.015579481,-0.0030626329,-40.7625,-9.2375,-48.0,sitting
2034057502500352,-0.33020952,-0.48394838,9.605389,0.038216334,-0.027297381,-0.011584742,-40.75,-9.25,-47.9375,sitting
2034057522500352,-0.33020952,-0.53659046,9.696316,0.042477388,-0.043276336,-0.0073236874,-40.775,-9.2375,-47.8875,sitting
2034057542500352,-0.35413775,-0.68494546,9.897313,0.046738442,-0.046472125,-9.321057E-4,-40.875,-9.2375,-47.8875,sitting
2034057562500352,-0.4642076,-0.77587277,9.954741,-0.0011984216,-0.021971062,0.0011984216,-40.9,-9.2875,-47.9,sitting
2034057582500352,-0.5072784,-0.76630145,9.945169,-0.07683214,3.9947388E-4,-0.0105194785,-40.875,-9.3,-47.8375,sitting
2034057602500352,-0.47377887,-0.68494546,9.892527,-0.11092058,0.018508956,-0.01691106,-40.9375,-9.3,-47.850002,sitting
2034057622500352,-0.4019942,-0.6466603,9.830314,-0.06191845,0.033422645,0.00652474,-40.8875,-9.3,-47.75,sitting
2034057642500352,-0.39720857,-0.63230336,9.8015995,-0.0054594763,0.04833634,0.03315633,-40.9,-9.2625,-47.8,sitting
2034057662500352,-0.3493521,-0.57487565,9.839885,-0.04061318,0.0611195,0.039547913,-40.95,-9.2,-47.8375,sitting
2034057682500352,-0.23928227,-0.4456632,9.7298155,-0.07789741,0.052597392,0.06831003,-40.95,-9.175,-47.875,sitting
2034057702500352,-0.2440679,-0.32542387,9.54796,-0.073636346,0.032357384,0.107724786,-40.925,-9.175,-48.025,sitting
2034057722500352,-0.33020952,-0.36909288,9.591031,-0.0896153,0.02809633,0.10879005,-40.875,-9.1875,-48.0875,sitting
2034057742500352,-0.37328035,-0.49351966,9.758529,-0.09174583,0.030226856,0.064048976,-40.850002,-9.2375,-48.075,sitting
2034057762500352,-0.3924229,-0.6658029,9.84467,-0.032091066,0.014247901,-0.021172116,-40.8625,-9.2875,-48.075,sitting
2034057782500352,-0.45942193,-0.8333005,9.87817,0.11278479,-0.054994237,-0.06684529,-40.9,-9.2875,-48.1375,sitting
2034057802500352,-0.5455636,-0.9720842,10.04148,0.27031064,-0.15712638,-0.040213704,-40.9375,-9.2625,-48.2125,sitting
2034057822500352,-0.4642076,-1.0534402,10.103694,0.29800752,-0.17310534,-0.05086634,-40.912502,-9.3,-48.2375,sitting
2034057842500352,-0.42592242,-1.015155,10.022338,0.12343743,-0.09334373,-0.084954776,-40.925,-9.3875,-48.2,sitting
2034057862500352,-0.37806597,-0.7615158,9.954741,-0.050200548,-0.002796317,-0.07749793,-40.8875,-9.3875,-48.1125,sitting
2034057882500352,-0.38285163,-0.4648058,9.667602,-0.057657395,0.072837405,0.024634222,-40.875,-9.375,-48.100002,sitting
2034057902500352,-0.47856453,-0.36909288,9.571889,-0.057657395,0.093077414,0.039547913,-40.8875,-9.375,-48.1375,sitting
2034057922500352,-0.41635114,-0.52223355,9.748958,-0.03315633,0.030226856,-0.020106852,-40.9,-9.325,-48.2375,sitting
2034057942500352,-0.3493521,-0.6945168,9.954741,0.01691106,-0.020905798,0.012916322,-40.825,-9.2875,-48.225002,sitting
2034057962500352,-0.27756742,-0.60358953,9.892527,-0.020373167,0.0046605286,0.0022636852,-40.8125,-9.3125,-48.1125,sitting
2034057982500352,-0.28713873,-0.40259242,9.653245,-0.07683214,0.031292118,-0.0030626329,-40.787502,-9.3125,-48.125,sitting
2034058002500352,-0.3397808,-0.31585258,9.54796,-0.09494162,0.04087949,0.00972053,-40.8,-9.2875,-48.15,sitting
2034058022500352,-0.33020952,-0.4408776,9.6580305,-0.054461602,0.024900537,-0.0073236874,-40.8125,-9.3125,-48.0875,sitting
2034058042500352,-0.41635114,-0.5557331,9.887741,0.0019973693,-0.016644744,-0.0126500055,-40.825,-9.3125,-48.05,sitting
2034058062500352,-0.40677986,-0.6418747,9.873384,0.013715269,-0.034754228,-0.011584742,-40.8375,-9.2875,-48.037502,sitting
2034058082500352,-0.34456646,-0.7328019,9.748958,-0.020373167,-0.026232118,-0.024367906,-40.825,-9.2625,-48.05,sitting
2034058102500352,-0.4019942,-0.7471589,9.902099,-0.04167844,-0.011318427,-0.031824753,-40.8875,-9.3,-48.1125,sitting
2034058122500352,-0.4019942,-0.7328019,9.882956,-0.03315633,0.018508956,-0.008388951,-40.8875,-9.3125,-48.225002,sitting
2034058142500352,-0.3924229,-0.718445,9.835099,0.013715269,0.03981423,0.022503695,-40.95,-9.35,-48.2,sitting
2034058162500352,-0.4211368,-0.718445,9.8015995,0.086153194,0.0067910557,0.011851058,-40.95,-9.35,-48.225002,sitting
2034058182500352,-0.51206404,-0.8428718,9.887741,0.11491532,-0.039015282,1.3315796E-4,-40.95,-9.35,-48.2625,sitting
2034058202500352,-0.55034924,-0.9720842,10.079765,0.08402267,-0.04114581,0.0022636852,-40.975002,-9.35,-48.3125,sitting
2034058222500352,-0.46899325,-0.94337034,10.122836,0.059521604,-0.017710008,-0.006258424,-40.975002,-9.375,-48.25,sitting
2034058242500352,-0.44506502,-0.7471589,9.954741,0.050999496,-0.015579481,-0.011584742,-40.95,-9.475,-48.1375,sitting
2034058262500352,-0.4019942,-0.37387854,9.715458,0.044607915,-0.015579481,-0.0030626329,-40.9625,-9.525001,-48.100002,sitting
2034058282500352,-0.17228323,-0.19142582,9.437891,0.03502054,-0.015579481,0.0054594763,-40.9875,-9.5625,-48.0125,sitting
2034058302500352,-0.1052842,-0.22971097,9.428319,-0.00652474,-0.01238369,0.0022636852,-40.95,-9.6125,-47.95,sitting
2034058322500352,-0.35413775,-0.4121637,9.715458,-0.086419515,0.0067910557,0.008655267,-40.9375,-9.625,-47.925,sitting
2034058342500352,-0.3924229,-0.63230336,9.935597,-0.15779218,0.02809633,0.0054594763,-40.9375,-9.650001,-47.925,sitting
2034058362500352,-0.36370903,-0.67058855,9.926026,-0.15246587,0.03448791,-0.023302643,-40.9375,-9.675,-47.9375,sitting
2034058382500352,-0.36370903,-0.5509474,9.7681,-0.07896267,0.020639483,-0.020106852,-40.95,-9.6125,-48.037502,sitting
2034058402500352,-0.3493521,-0.5174479,9.677173,-0.10452899,0.029161593,-0.0041278964,-40.975002,-9.587501,-48.0,sitting
2034058422500352,-0.31585258,-0.53180486,9.763314,-0.18229324,0.0494016,0.016112113,-40.9625,-9.525001,-47.975002,sitting
2034058442500352,-0.30149564,-0.57487565,9.787243,-0.16524902,0.03448791,0.04061318,-40.95,-9.525001,-48.037502,sitting
2034058462500352,-0.3684947,-0.60837513,9.744172,-0.05339634,0.0046605286,0.03315633,-40.95,-9.4875,-48.075,sitting
2034058482500352,-0.5072784,-0.69930243,9.902099,0.108523734,-0.033688962,-0.038083173,-40.912502,-9.4875,-48.025,sitting
2034058502500352,-0.52163535,-0.84765744,9.954741,0.19574219,-0.030493172,-0.06578003,-40.8875,-9.5125,-48.075,sitting
2034058522500352,-0.47856453,-0.9529416,10.003195,0.16285218,-0.027297381,-0.023302643,-40.8625,-9.5125,-48.0125,sitting
2034058542500352,-0.44027936,-0.81894356,10.07498,0.109588996,-0.037950017,0.0022636852,-40.825,-9.5625,-47.9625,sitting
2034058562500352,-0.3589234,-0.6418747,9.763314,0.06165213,-0.03581949,-0.024367906,-40.8125,-9.575,-47.975002,sitting
2034058582500352,-0.2536392,-0.46959144,9.567103,0.032890014,-0.026232118,-0.03395528,-40.8125,-9.625,-47.912502,sitting
2034058602500352,-0.36370903,-0.45044887,9.710672,0.023302643,-0.016644744,-0.009454215,-40.787502,-9.6375,-47.875,sitting
2034058622500352,-0.4354937,-0.60358953,9.7681,0.013715269,0.0035952649,0.0075900033,-40.7625,-9.587501,-47.8625,sitting
2034058642500352,-0.43070808,-0.7423732,9.930812,0.0073236874,0.020639483,0.00972053,-40.787502,-9.5625,-47.9,sitting
2034058662500352,-0.3589234,-0.72323066,9.887741,0.013715269,0.027031064,0.015046849,-40.8125,-9.5125,-47.8875,sitting
2034058682500352,-0.35413775,-0.651446,9.777672,0.031824753,0.016378429,0.011851058,-40.825,-9.462501,-47.825,sitting
2034058702500352,-0.37328035,-0.53659046,9.763314,0.041412123,-0.0038615807,0.0022636852,-40.8125,-9.400001,-47.825,sitting
2034058722500352,-0.3493521,-0.5796613,9.720243,0.032890014,-0.018775271,0.0022636852,-40.787502,-9.337501,-47.875,sitting
2034058742500352,-0.39720857,-0.6131608,9.815957,-0.0022636852,-0.011318427,0.0043942127,-40.8,-9.2875,-47.850002,sitting
2034058762500352,-0.47377887,-0.6945168,9.854242,-0.054461602,0.013182637,0.0011984216,-40.8125,-9.25,-47.9625,sitting
2034058782500352,-0.44027936,-0.75673014,9.873384,-0.085354246,0.02277001,0.0022636852,-40.825,-9.3125,-47.925,sitting
2034058802500352,-0.46899325,-0.85244304,9.964312,-0.057657395,0.002530001,-0.0041278964,-40.8625,-9.400001,-47.9375,sitting
2034058822500352,-0.49292147,-0.8428718,10.003195,-0.03315633,-0.021971062,-0.020106852,-40.875,-9.45,-47.875,sitting
2034058842500352,-0.4019942,-0.71365935,9.91167,-0.07576688,-0.013448954,-0.032890014,-40.9375,-9.5125,-48.037502,sitting
2034058862500352,-0.32542387,-0.51266223,9.753743,-0.12370374,-0.0038615807,-0.0519316,-40.975002,-9.587501,-48.075,sitting
2034058882500352,-0.27756742,-0.38823548,9.54796,-0.118377425,-0.014514217,-0.073236875,-41.0,-9.6,-48.05,sitting
2034058902500352,-0.33020952,-0.4552345,9.605389,-0.06617951,-0.031558435,-0.04234423,-41.0,-9.6,-48.15,sitting
2034058922500352,-0.44506502,-0.60837513,9.930812,0.03715107,-0.011318427,0.020373167,-41.0,-9.6125,-48.05,sitting
2034058942500352,-0.34456646,-0.7615158,9.945169,0.14261217,0.038748965,0.01824264,-41.037502,-9.587501,-48.0875,sitting
2034058962500352,-0.3062813,-0.6658029,9.868599,0.16924377,0.062184766,0.0022636852,-41.0125,-9.55,-48.0625,sitting
2034058982500352,-0.37328035,-0.5557331,9.739387,0.10532794,0.014247901,0.027830012,-41.0125,-9.4875,-48.0625,sitting
2034059002500352,-0.3589234,-0.5270192,9.7298155,0.008388951,-0.033688962,0.0011984216,-40.95,-9.4375,-47.912502,sitting
2034059022500352,-0.33020952,-0.57009,9.739387,-0.04061318,-0.018775271,-0.020106852,-40.9375,-9.337501,-47.95,sitting
2034059042500352,-0.33020952,-0.6418747,9.7681,-0.008655267,3.9947388E-4,0.010785795,-40.925,-9.3625,-47.95,sitting
2034059062500352,-0.37806597,-0.7088737,9.84467,0.044607915,-0.021971062,-0.006258424,-40.9375,-9.375,-47.9375,sitting
2034059082500352,-0.41156548,-0.7615158,9.91167,0.05526055,-0.033688962,-0.0073236874,-40.912502,-9.375,-47.975002,sitting
2034059102500352,-0.40677986,-0.78065836,9.91167,0.026498433,-0.017710008,0.0054594763,-40.9,-9.4125,-47.95,sitting
2034059122500352,-0.44027936,-0.6658029,9.868599,-0.03315633,0.01105211,-0.0041278964,-40.8875,-9.4125,-47.875,sitting
2034059142500352,-0.4019942,-0.5844469,9.701101,-0.06937529,0.02809633,0.0054594763,-40.912502,-9.4375,-47.875,sitting
2034059162500352,-0.38763726,-0.6131608,9.748958,-0.049135286,0.02277001,0.0054594763,-40.9375,-9.5,-47.9375,sitting
2034059182500352,-0.3493521,-0.67058855,9.815957,-0.0075900033,0.023835273,0.0043942127,-40.925,-9.625,-47.850002,sitting
2034059202500352,-0.3493521,-0.7040881,9.830314,0.0051931604,0.02277001,0.00972053,-40.9,-9.650001,-47.725002,sitting
2034059222500352,-0.4642076,-0.71365935,9.859028,-0.017177377,0.014247901,0.0043942127,-40.9,-9.625,-47.65,sitting
2034059242500352,-0.47377887,-0.7375876,9.873384,-0.024634222,-0.0049268445,-0.0051931604,-40.875,-9.625,-47.5,sitting
2034059262500352,-0.3589234,-0.7280163,9.859028,0.013715269,-0.019840535,-0.0126500055,-40.8625,-9.587501,-47.5,sitting
2034059282500352,-0.35413775,-0.6466603,9.854242,0.031824753,-0.014514217,-0.0051931604,-40.875,-9.587501,-47.625,sitting
2034059302500352,-0.4019942,-0.57009,9.739387,0.006258424,-0.005992108,-0.0030626329,-40.8375,-9.6,-47.65,sitting
2034059322500352,-0.42592242,-0.60837513,9.643674,0.0051931604,-0.017710008,-0.0041278964,-40.8375,-9.575,-47.65,sitting
2034059342500352,-0.44027936,-0.6945168,9.873384,0.014780533,-0.026232118,-0.0073236874,-40.850002,-9.5375,-47.75,sitting
2034059362500352,-0.44506502,-0.7328019,9.959526,-0.0011984216,-0.011318427,-0.0073236874,-40.9,-9.525001,-47.9625,sitting
2034059382500352,-0.41156548,-0.7375876,9.811171,-0.017177377,0.017443692,0.0054594763,-40.912502,-9.5625,-47.95,sitting
2034059402500352,-0.46899325,-0.6418747,9.815957,0.015845796,0.023835273,0.016112113,-40.9375,-9.575,-48.0625,sitting
2034059422500352,-0.44027936,-0.5509474,9.777672,0.05206476,0.0035952649,0.00972053,-40.95,-9.5625,-48.05,sitting
2034059442500352,-0.3493521,-0.5509474,9.686745,0.04354265,-0.008122635,0.00652474,-40.925,-9.587501,-48.05,sitting
2034059462500352,-0.3589234,-0.5413761,9.720243,0.04034686,-6.6578976E-4,0.010785795,-40.975002,-9.587501,-48.0875,sitting
2034059482500352,-0.36370903,-0.5605187,9.734601,0.05419529,0.0014647375,0.0075900033,-40.9375,-9.625,-48.075,sitting
2034059502500352,-0.32542387,-0.5844469,9.720243,0.03502054,-0.005992108,-0.0051931604,-40.9375,-9.625,-47.9875,sitting
2034059522500352,-0.44985065,-0.67058855,9.782457,-0.026764749,3.9947388E-4,-0.0041278964,-40.9,-9.6375,-47.9,sitting
2034059542500352,-0.5694918,-0.84765744,9.906884,-0.09387636,0.014247901,1.3315796E-4,-40.8625,-9.6875,-47.95,sitting
2034059562500352,-0.53599226,-0.94337034,10.003195,-0.10026794,0.005725792,-0.015845796,-40.875,-9.6125,-47.9625,sitting
2034059582500352,-0.40677986,-0.9625129,9.959526,-0.050200548,-0.019840535,-0.02862896,-40.850002,-9.6375,-47.975002,sitting
2034059602500352,-0.32063824,-0.94337034,9.820743,-0.031025803,-0.021971062,-0.03914844,-40.875,-9.6,-47.925,sitting
2034059622500352,-0.4354937,-0.80937225,9.906884,-0.04700476,-0.0070573715,-0.06684529,-40.875,-9.6125,-47.850002,sitting
2034059642500352,-0.52163535,-0.7375876,9.882956,-0.050200548,0.0046605286,-0.075367406,-40.9,-9.5625,-47.8375,sitting
2034059662500352,-0.47377887,-0.799801,9.806385,-0.03635212,3.9947388E-4,-0.026498433,-40.912502,-9.575,-47.875,sitting
2034059682500352,-0.41156548,-0.8285148,9.902099,-0.012916322,-6.6578976E-4,0.027830012,-40.9375,-9.5625,-47.8875,sitting
2034059702500352,-0.51206404,-0.81894356,10.012766,0.03502054,0.01957422,0.01824264,-40.95,-9.462501,-47.8625,sitting
2034059722500352,-0.4354937,-0.67058855,9.91167,0.12556796,0.024900537,0.016112113,-40.9625,-9.525001,-47.95,sitting
2034059742500352,-0.13878371,-0.41694933,9.619745,0.17550218,-0.0038615807,0.04167844,-40.975002,-9.5375,-48.0125,sitting
2034059762500352,-0.0424726,-0.1052842,9.409177,0.12450269,-0.040080544,0.02996054,-40.975002,-9.575,-48.0,sitting
2034059782500352,-0.2727818,-0.11006984,9.337392,0.039281595,-0.031558435,0.025699485,-40.975002,-9.5625,-48.0875,sitting
2034059802500352,-0.4019942,-0.48873404,9.653245,-0.003328949,-0.013448954,0.023568958,-40.9875,-9.6,-48.175,sitting
2034059822500352,-0.44985065,-0.77587277,10.036695,-0.01824264,-0.010253162,0.00972053,-40.9625,-9.575,-48.1875,sitting
2034059842500352,-0.4354937,-0.89072824,9.998409,0.0051931604,-0.016644744,0.026764749,-40.975002,-9.5625,-48.1875,sitting
2034059862500352,-0.4211368,-0.933799,9.902099,0.042477388,-0.025166854,0.03635212,-40.975002,-9.6,-48.1875,sitting
2034059882500352,-0.38763726,-0.9385847,9.993624,0.017976323,-0.017710008,-0.0019973693,-40.975002,-9.6125,-48.125,sitting
2034059902500352,-0.41635114,-0.8141579,9.973883,-0.05659213,0.014247901,-0.014780533,-40.9625,-9.5625,-48.0875,sitting
2034059922500352,-0.44985065,-0.651446,9.787243,-0.1130511,0.035553172,0.012916322,-40.9625,-9.55,-48.1125,sitting
2034059942500352,-0.44027936,-0.651446,9.7298155,-0.1013332,0.030226856,-0.0041278964,-40.925,-9.55,-48.0125,sitting
2034059962500352,-0.31106696,-0.7088737,9.873384,-0.039547913,0.021704746,-0.0105194785,-40.9375,-9.4875,-47.9875,sitting
2034059982500352,-0.25842485,-0.67058855,9.811171,0.0019973693,0.015313165,0.00972053,-40.925,-9.475,-47.9375,sitting
2034060002500352,-0.38285163,-0.57009,9.744172,9.321057E-4,0.00785632,-0.0030626329,-40.95,-9.462501,-47.975002,sitting
2034060022500352,-0.4019942,-0.503091,9.744172,-0.003328949,-0.0049268445,-0.006258424,-40.925,-9.4875,-48.037502,sitting
2034060042500352,-0.32063824,-0.5509474,9.715458,0.01691106,3.9947388E-4,0.00972053,-40.9,-9.4875,-48.075,sitting
2034060062500352,-0.26799613,-0.6658029,9.787243,0.02862896,-0.0017310535,1.3315796E-4,-40.925,-9.525001,-48.162502,sitting
2034060082500352,-0.33020952,-0.67058855,9.806385,-1.3315796E-4,-0.005992108,-0.008388951,-40.95,-9.5125,-48.175,sitting
2034060102500352,-0.33499518,-0.7423732,9.763314,-0.01824264,0.0014647375,1.3315796E-4,-40.95,-9.5125,-48.275,sitting
2034060122500352,-0.28713873,-0.80937225,9.863813,0.04034686,-0.009187899,0.020373167,-40.912502,-9.5375,-48.175,sitting
2034060142500352,-0.6556334,-0.68494546,10.089336,0.12237216,-0.043276336,0.05339634,-40.9,-9.5625,-48.2375,sitting
2034060162500352,-0.47377887,-0.75194454,9.643674,0.129829,-0.05925529,0.05659213,-40.825,-9.6125,-48.1875,sitting
2034060182500352,-0.31585258,-0.4743771,9.87817,0.07017424,-0.017710008,0.031025803,-40.8875,-9.625,-48.1875,sitting
2034060202500352,-0.44506502,-0.58923256,9.672387,-0.0011984216,0.032357384,-0.011584742,-40.875,-9.625,-48.100002,sitting
2034060222500352,-0.5694918,-0.8333005,9.6580305,-0.09707215,0.04833634,-0.03395528,-40.8875,-9.6625,-48.025,sitting
2034060242500352,-0.7322037,-1.0582259,10.242477,-0.1748364,0.04301002,0.008655267,-40.8625,-9.725,-47.95,sitting
2034060262500352,-0.5982057,-0.9720842,10.357333,-0.1482048,0.032357384,0.032091066,-40.8375,-9.7375,-47.95,sitting
2034060282500352,-0.22013968,-0.5844469,9.849456,-0.023568958,0.024900537,-9.321057E-4,-40.8625,-9.7625,-48.0125,sitting
2034060302500352,0.03888337,-0.3062813,9.227323,0.08934899,-0.005992108,-0.0019973693,-40.8875,-9.75,-48.0875,sitting
2034060322500352,-0.32542387,-0.28713873,9.442677,0.056325816,-0.013448954,0.003328949,-40.9,-9.6625,-48.1375,sitting
2034060342500352,-0.63170516,-0.6562316,9.984053,-0.05659213,0.021704746,-0.013715269,-40.850002,-9.6,-48.15,sitting
2034060362500352,-0.3397808,-0.87637126,10.132407,-0.08002793,0.045140546,0.0022636852,-40.850002,-9.587501,-48.125,sitting
2034060382500352,-0.047258247,-0.7375876,9.906884,-0.027830012,0.01105211,0.00652474,-40.825,-9.5375,-48.175,sitting
2034060402500352,-0.11006984,-0.45044887,9.567103,0.0041278964,-0.027297381,-0.019041587,-40.8,-9.4875,-48.2375,sitting
2034060422500352,-0.4354937,-0.2009971,9.567103,0.011584742,-0.014514217,-0.0051931604,-40.787502,-9.4875,-48.125,sitting
2034060442500352,-0.44506502,-0.40737805,9.624531,0.006258424,0.013182637,0.00652474,-40.7625,-9.45,-48.075,sitting
2034060462500352,-0.24885355,-0.60837513,9.815957,-0.0022636852,0.002530001,-0.0041278964,-40.725002,-9.4125,-47.8875,sitting
2034060482500352,-0.35413775,-0.76630145,9.835099,-0.011851058,-0.014514217,-0.0073236874,-40.7375,-9.4875,-47.8125,sitting
2034060502500352,-0.41156548,-0.8285148,9.949955,-0.00972053,-0.009187899,-0.01691106,-40.7375,-9.5375,-47.787502,sitting
2034060522500352,-0.39720857,-0.8237292,10.017552,-0.0054594763,3.9947388E-4,-0.006258424,-40.787502,-9.5625,-47.8375,sitting
2034060542500352,-0.29192436,-0.8428718,9.84467,0.0030626329,0.009986847,0.013981585,-40.8125,-9.5625,-47.8625,sitting
2034060562500352,-0.33499518,-0.67058855,9.806385,0.032890014,0.0067910557,0.00652474,-40.8375,-9.525001,-47.925,sitting
2034060582500352,-0.53599226,-0.56530434,9.763314,0.056325816,-0.0017310535,0.010785795,-40.875,-9.4875,-48.05,sitting
2034060602500352,-0.4833502,-0.62751776,9.792028,0.046738442,-0.011318427,0.0022636852,-40.8875,-9.4875,-48.075,sitting
2034060622500352,-0.37328035,-0.7615158,9.87817,-0.010785795,-0.005992108,-0.008388951,-40.9625,-9.5375,-48.15,sitting
2034060642500352,-0.41635114,-0.91465646,9.935597,-0.055526868,0.016378429,-0.0030626329,-40.9625,-9.525001,-48.2125,sitting
2034060662500352,-0.40677986,-0.9529416,10.04148,-0.03315633,0.0067910557,-0.011584742,-40.9,-9.55,-48.1125,sitting
2034060682500352,-0.25842485,-0.9385847,10.00798,0.0105194785,-0.011318427,-0.0041278964,-40.8625,-9.55,-48.100002,sitting
2034060702500352,-0.27756742,-0.7328019,9.902099,0.036085807,-0.020905798,-0.0030626329,-40.8125,-9.575,-48.05,sitting
2034060722500352,-0.26799613,-0.42652065,9.710672,9.321057E-4,-0.020905798,-0.014780533,-40.825,-9.6125,-47.9,sitting
2034060742500352,-0.2632105,-0.2009971,9.528818,-0.034221593,-0.0070573715,-0.0073236874,-40.7625,-9.587501,-47.8625,sitting
2034060762500352,-0.31585258,-0.08135597,9.442677,-0.022503695,-0.0017310535,-0.009454215,-40.7375,-9.6,-47.8625,sitting
2034060782500352,-0.25842485,-0.3062813,9.552746,-0.00972053,0.002530001,-9.321057E-4,-40.7125,-9.625,-47.875,sitting
2034060802500352,-0.2009971,-0.57009,9.854242,0.0019973693,0.00785632,0.012916322,-40.675,-9.6,-47.8625,sitting
2034060822500352,-0.23449662,-0.7328019,9.696316,0.036085807,-0.0049268445,0.0011984216,-40.787502,-9.6125,-47.9375,sitting
2034060842500352,0.081954174,-0.9529416,10.256834,0.0073236874,-0.0038615807,0.0043942127,-40.787502,-9.587501,-47.8875,sitting
2034060862500352,-0.52163535,-0.6801598,9.892527,-0.011851058,-6.6578976E-4,1.3315796E-4,-40.8,-9.625,-47.8625,sitting
2034060882500352,-0.55513483,-0.40737805,9.811171,-0.01824264,0.0035952649,-0.0041278964,-40.8125,-9.6375,-47.912502,sitting
2034060902500352,-0.3397808,-0.47916272,9.524033,-0.019307904,0.005725792,-0.0019973693,-40.8875,-9.7,-47.9375,sitting
2034060922500352,0.081954174,-0.5844469,9.648459,-0.03528686,0.00785632,-0.0030626329,-40.925,-9.7375,-48.025,sitting
2034060942500352,0.17288144,-0.62751776,9.696316,-0.038482647,0.0035952649,-0.0051931604,-40.9,-9.712501,-48.0125,sitting
2034060962500352,-0.25842485,-0.5461618,9.792028,-0.025699485,-0.0049268445,-0.006258424,-40.95,-9.712501,-48.100002,sitting
2034060982500352,-0.4642076,-0.57009,9.562318,-0.022503695,-0.0038615807,-0.008388951,-40.8875,-9.712501,-48.0625,sitting
2034061002500352,-0.6221339,-0.8859426,9.84467,-0.020373167,0.008921583,-9.321057E-4,-40.9,-9.7,-48.0875,sitting
2034061022500352,-0.8997013,-1.0342976,10.271192,-0.00972053,0.01957422,0.00972053,-40.875,-9.6625,-48.0625,sitting
2034061042500352,-1.0241281,-1.1922239,10.141979,0.0126500055,0.015313165,0.011851058,-40.8875,-9.625,-48.125,sitting
2034061062500352,-0.6891329,-1.2400804,10.146765,0.030759487,0.0035952649,0.010785795,-40.8875,-9.650001,-48.1375,sitting
2034061082500352,-0.3397808,-0.9816555,10.113265,0.02543317,3.9947388E-4,0.00972053,-40.875,-9.6625,-48.05,sitting
2034061102500352,-0.29192436,-0.43130627,9.619745,0.013715269,3.9947388E-4,0.0043942127,-40.912502,-9.6875,-48.037502,sitting
2034061122500352,-0.37328035,-0.038285162,9.203394,0.0019973693,3.9947388E-4,0.0022636852,-40.8625,-9.712501,-47.95,sitting
2034061142500352,-0.52163535,-0.25842485,9.212965,-0.011851058,0.00785632,0.0011984216,-40.875,-9.7,-48.0,sitting
2034061162500352,-0.57427746,-0.7280163,9.916455,-0.0075900033,0.0014647375,1.3315796E-4,-40.8875,-9.7375,-48.037502,sitting
2034061182500352,-0.5072784,-1.0247263,10.1802635,0.011584742,-0.013448954,-0.0019973693,-40.9,-9.7375,-48.0625,sitting
2034061202500352,-0.5886344,-1.1252248,10.00798,0.011584742,-0.013448954,-0.0030626329,-40.9,-9.7375,-47.975002,sitting
2034061222500352,-0.7800602,-1.0582259,10.094122,-0.0011984216,-0.009187899,-0.0030626329,-40.8375,-9.6875,-47.9875,sitting
2034061242500352,-0.55034924,-0.7088737,10.027123,-0.0022636852,-0.0070573715,-0.0041278964,-40.8375,-9.675,-48.1125,sitting
2034061262500352,-0.38285163,-0.3930211,9.428319,0.008388951,-0.005992108,-0.0019973693,-40.8125,-9.6375,-48.125,sitting
2034061282500352,-0.44027936,-0.38823548,9.25125,0.009454215,-0.002796317,0.0022636852,-40.850002,-9.6,-48.1375,sitting
2034061302500352,-0.38285163,-0.651446,9.715458,0.0051931604,-0.002796317,0.00652474,-40.8625,-9.55,-48.2125,sitting
2034061322500352,-0.2536392,-1.0007981,10.017552,0.015845796,-0.002796317,0.00972053,-40.875,-9.55,-48.1375,sitting
2034061342500352,-0.22013968,-0.8955139,9.892527,0.014780533,0.002530001,0.0022636852,-40.8875,-9.575,-48.1375,sitting
2034061362500352,-0.5024927,-0.6562316,9.557532,-0.0075900033,0.009986847,-9.321057E-4,-40.8875,-9.6375,-48.1375,sitting
2034061382500352,-0.8279166,-0.60358953,9.624531,-0.034221593,0.009986847,-9.321057E-4,-40.912502,-9.650001,-48.1375,sitting
2034061402500352,-0.91405827,-0.8380861,9.734601,-0.042743705,0.0067910557,-0.0051931604,-40.912502,-9.6125,-48.037502,sitting
2034061422500352,-0.79920274,-1.326222,9.988838,-0.021438431,0.0035952649,-0.0030626329,-40.912502,-9.650001,-47.9375,sitting
2034061442500352,-0.5072784,-1.3405789,10.443475,-0.003328949,0.0014647375,-0.0030626329,-40.8875,-9.6875,-47.8625,sitting
2034061462500352,-0.3924229,-0.86201435,9.945169,0.0019973693,-0.002796317,-0.0051931604,-40.875,-9.7375,-47.850002,sitting
2034061482500352,-0.7848458,-0.48873404,9.222537,0.0051931604,-0.0038615807,-0.0041278964,-40.850002,-9.725,-47.9375,sitting
2034061502500352,-1.0719845,-0.40259242,9.437891,-0.0011984216,-0.0038615807,-0.0030626329,-40.875,-9.725,-47.8875,sitting
2034061522500352,-0.9762716,-0.799801,9.686745,-0.008655267,0.0014647375,0.0011984216,-40.8625,-9.6625,-47.9625,sitting
2034061542500352,-0.7322037,-1.43689,10.031909,-0.00972053,0.008921583,0.003328949,-40.912502,-9.6625,-48.0,sitting
2034061562500352,-0.5838487,-1.8723837,10.37169,0.008388951,0.0046605286,0.0054594763,-40.925,-9.712501,-48.025,sitting
2034061582500352,-0.7178468,-1.8245273,10.639686,0.026498433,-0.0070573715,0.003328949,-40.9375,-9.712501,-48.125,sitting
2034061602500352,-0.8279166,-1.1587243,10.237692,0.019041587,-0.005992108,0.0022636852,-40.9375,-9.712501,-48.15,sitting
2034061622500352,-0.7322037,-0.60358953,9.327821,0.0019973693,0.005725792,0.003328949,-40.9625,-9.6875,-48.2125,sitting
2034061642500352,-0.5599205,-0.46002015,9.2177515,-0.0011984216,0.0046605286,0.0022636852,-40.975002,-9.7,-48.15,sitting
2034061662500352,-0.526421,-0.58923256,9.734601,0.0073236874,0.0035952649,0.0011984216,-40.975002,-9.650001,-48.1875,sitting
2034061682500352,-0.56470615,-0.84765744,9.835099,0.013715269,0.0035952649,0.0011984216,-40.9375,-9.6625,-48.1125,sitting
2034061702500352,-0.3924229,-0.94337034,9.859028,0.023302643,-0.002796317,0.0011984216,-40.8875,-9.650001,-48.05,sitting
2034061722500352,-0.4019942,-0.7280163,9.825528,0.02543317,-0.0070573715,-9.321057E-4,-40.875,-9.625,-47.9375,sitting
2034061742500352,-0.67477596,-0.60837513,9.610174,0.030759487,-0.013448954,-0.0041278964,-40.875,-9.587501,-47.9,sitting
2034061762500352,-0.9523434,-0.785444,9.815957,0.06165213,-0.018775271,-0.013715269,-40.875,-9.5625,-47.95,sitting
2034061782500352,-0.6843473,-0.9385847,10.132407,0.08295741,-0.020905798,-0.02862896,-40.825,-9.55,-47.8875,sitting
2034061802500352,-0.37806597,-0.9098708,10.003195,0.07443529,-0.018775271,-0.02543317,-40.8375,-9.55,-47.9,sitting
2034061822500352,-0.32063824,-0.71365935,9.777672,0.066978455,-0.0017310535,-0.009454215,-40.8125,-9.575,-47.8625,sitting
2034061842500352,-0.40677986,-0.35473597,9.672387,0.050999496,0.0046605286,-0.0073236874,-40.825,-9.5625,-47.8375,sitting
2034061862500352,-0.3684947,-0.20578274,9.423533,0.015845796,0.012117374,-0.011584742,-40.8375,-9.575,-47.8625,sitting
2034061882500352,-0.20578274,-0.2632105,9.404391,-0.04807002,0.021704746,-0.008388951,-40.875,-9.6,-47.975002,sitting
2034061902500352,-0.19621146,-0.503091,9.662816,-0.10879005,0.01957422,0.0054594763,-40.875,-9.650001,-48.0125,sitting
2034061922500352,-0.32542387,-0.76630145,9.830314,-0.1013332,3.9947388E-4,0.019307904,-40.912502,-9.6625,-47.9875,sitting
2034061942500352,-0.4977071,-1.0247263,9.988838,-0.03315633,-0.0070573715,0.00652474,-40.9625,-9.6875,-47.925,sitting
2034061962500352,-0.55513483,-1.1347961,10.165907,-0.0011984216,3.9947388E-4,-0.0105194785,-40.95,-9.675,-47.9,sitting
2034061982500352,-0.5312066,-1.244866,10.132407,-0.050200548,0.002530001,0.003328949,-40.912502,-9.6625,-47.9,sitting
2034062002500352,-0.4833502,-1.1682956,10.1802635,-0.09174583,0.020639483,0.003328949,-40.9375,-9.6625,-48.0,sitting
2034062022500352,-0.4977071,-0.8380861,10.079765,-0.05978792,0.027031064,-9.321057E-4,-40.925,-9.6875,-47.8875,sitting
2034062042500352,-0.53599226,-0.24885355,9.7681,0.011584742,0.023835273,0.021438431,-40.8875,-9.6625,-47.850002,sitting
2034062062500352,-0.3924229,0.32542387,9.428319,0.044607915,0.015313165,0.021438431,-40.875,-9.625,-47.8375,sitting
2034062082500352,-0.2440679,0.44027936,8.867801,0.03502054,-0.0070573715,-0.0051931604,-40.875,-9.6,-47.8875,sitting
2034062102500352,-0.20578274,-0.11964113,9.25125,0.027563697,-0.023036325,-9.321057E-4,-40.8375,-9.587501,-47.925,sitting
2034062122500352,-0.21535404,-0.6897311,10.256834,0.03502054,-0.01238369,0.0022636852,-40.825,-9.5,-47.975002,sitting
2034062142500352,-0.34456646,-0.948156,10.218549,0.024367906,-0.005992108,-0.006258424,-40.825,-9.4875,-48.0875,sitting
2034062162500352,-0.59342,-0.6227321,9.892527,0.008388951,-0.005992108,-0.0019973693,-40.850002,-9.5125,-48.1125,sitting
2034062182500352,-0.55513483,-0.2536392,9.610174,0.0051931604,3.9947388E-4,-0.006258424,-40.912502,-9.5,-48.1375,sitting
2034062202500352,-0.29192436,-0.3786642,9.500104,0.0030626329,-0.005992108,-0.011584742,-40.925,-9.575,-48.100002,sitting
2034062222500352,-0.16271193,-0.50787663,9.787243,-0.013981585,-0.011318427,-0.0073236874,-40.925,-9.675,-48.0625,sitting
2034062242500352,-0.29192436,-0.48873404,9.734601,-0.054461602,-6.6578976E-4,-0.0073236874,-40.9375,-9.7625,-47.9875,sitting
2034062262500352,-0.4977071,-0.421735,9.567103,-0.057657395,0.01105211,-0.006258424,-40.9,-9.7625,-47.975002,sitting
2034062282500352,-0.6652047,-0.69930243,9.7298155,-0.023568958,0.005725792,-0.0019973693,-40.9,-9.8875,-47.975002,sitting
2034062302500352,-0.7369894,-0.8428718,10.027123,-0.008655267,-0.0070573715,-0.0019973693,-40.9375,-9.95,-47.925,sitting
2034062322500352,-0.81834537,-1.2352947,9.988838,-0.00652474,-0.013448954,0.0022636852,-40.8875,-9.975,-47.9875,sitting
2034062342500352,-0.6843473,-1.6570296,10.414761,0.006258424,-0.011318427,0.010785795,-40.850002,-9.9875,-48.05,sitting
2034062362500352,-0.37806597,-1.6953149,10.706685,0.02862896,0.002530001,0.017177377,-40.8125,-9.900001,-48.1875,sitting
2034062382500352,-0.23449662,-1.3842479,10.18505,0.015845796,0.009986847,0.00972053,-40.7625,-9.85,-48.2,sitting
2034062402500352,-0.5838487,-0.6466603,9.811171,-0.016112113,0.017443692,0.0022636852,-40.725002,-9.825,-48.2125,sitting
2034062422500352,-0.9762716,0.15792629,9.490533,-0.022503695,0.018508956,0.0043942127,-40.775,-9.8625,-48.2,sitting
2034062442500352,-0.5455636,0.2536392,9.02154,-0.0054594763,-0.002796317,-9.321057E-4,-40.8125,-9.8625,-48.2,sitting
2034062462500352,0.25902304,-0.27756742,9.212965,0.011584742,-0.015579481,-0.009454215,-40.8,-9.8125,-48.1375,sitting
2034062482500352,0.12023934,-0.7088737,9.935597,0.01691106,-0.016644744,-0.008388951,-40.8,-9.8125,-47.95,sitting
2034062502500352,-0.60777694,-0.61794645,10.127622,-1.3315796E-4,-0.011318427,-0.0126500055,-40.825,-9.825,-47.9625,sitting
2034062522500352,-0.7848458,-0.48394838,9.725029,-0.0075900033,-0.009187899,-0.0126500055,-40.850002,-9.8875,-47.850002,sitting
2034062542500352,-0.43070808,-0.5605187,9.6580305,-0.003328949,-0.011318427,-0.013715269,-40.9,-9.875,-47.912502,sitting
2034062562500352,-0.5168497,-0.67058855,9.916455,0.014780533,-0.016644744,-0.006258424,-40.875,-9.837501,-47.8625,sitting
2034062582500352,-0.5982057,-0.718445,10.031909,0.036085807,-0.0049268445,0.0022636852,-40.850002,-9.8,-47.8375,sitting
2034062602500352,-0.37806597,-0.7471589,9.945169,0.04567318,-0.0049268445,0.00972053,-40.825,-9.7625,-47.9,sitting
2034062622500352,-0.2009971,-0.60358953,9.772886,0.07443529,-0.026232118,0.024634222,-40.8125,-9.7875,-47.9625,sitting
2034062642500352,-0.38285163,-0.48873404,9.638887,0.11704584,-0.033688962,0.02996054,-40.8,-9.775001,-48.0625,sitting
2034062662500352,-0.39720857,-0.66101724,9.792028,0.088283725,-0.019840535,0.008655267,-40.787502,-9.7375,-48.025,sitting
2034062682500352,-0.28235307,-0.8237292,10.012766,-0.039547913,0.012117374,-0.009454215,-40.775,-9.650001,-48.162502,sitting
2034062702500352,-0.33020952,-0.9290134,9.87817,-0.1599227,0.04301002,0.0075900033,-40.7625,-9.6125,-48.0875,sitting
2034062722500352,-0.5312066,-0.85244304,9.964312,-0.15246587,0.032357384,0.020373167,-40.7625,-9.625,-48.175,sitting
2034062742500352,-0.5072784,-0.5605187,9.973883,-0.050200548,0.00785632,-0.0030626329,-40.787502,-9.625,-48.2,sitting
2034062762500352,-0.37806597,-0.2727818,9.667602,0.02862896,-0.002796317,-0.0030626329,-40.7625,-9.675,-48.100002,sitting
2034062782500352,-0.4211368,-0.14356937,9.423533,0.0030626329,0.017443692,0.020373167,-40.775,-9.675,-48.0875,sitting
2034062802500352,-0.18185452,-0.4456632,9.571889,-0.05872266,0.036618438,0.013981585,-40.7625,-9.650001,-48.075,sitting
2034062822500352,-0.3684947,-0.7040881,10.017552,-0.06831003,0.04301002,0.011851058,-40.787502,-9.675,-48.025,sitting
2034062842500352,-0.6412765,-0.8045866,10.137193,-0.043808967,0.035553172,0.019307904,-40.8125,-9.7375,-47.925,sitting
2034062862500352,-0.6652047,-0.6466603,9.964312,0.0019973693,-0.0017310535,0.00652474,-40.8375,-9.775001,-48.0,sitting
2034062882500352,-0.7800602,-0.29192436,9.806385,0.06165213,-0.018775271,-9.321057E-4,-40.850002,-9.7625,-47.95,sitting
2034062902500352,-0.16271193,-0.3499503,9.452248,0.065913185,0.0014647375,0.00652474,-40.8625,-9.8,-48.0,sitting
2034062922500352,0.47916272,-0.5413761,9.543175,0.020106852,-0.0070573715,-0.0041278964,-40.8625,-9.7625,-48.0125,sitting
2034062942500352,0.17288144,-0.5605187,9.748958,-0.01824264,-0.008122635,-0.0073236874,-40.8625,-9.75,-48.0125,sitting
2034062962500352,-0.41156548,-0.53659046,9.84467,-0.025699485,0.0067910557,-0.0105194785,-40.8625,-9.75,-48.037502,sitting
2034062982500352,-0.64606214,-0.52223355,10.00798,0.009454215,-0.023036325,-0.024367906,-40.8375,-9.7,-48.162502,sitting
2034063002500352,-0.42592242,-0.6418747,9.849456,0.030759487,-0.0326237,-0.02862896,-40.825,-9.6625,-48.175,sitting
2034063022500352,-0.11964113,-0.6753742,9.710672,0.015845796,-0.026232118,-0.02862896,-40.825,-9.650001,-48.125,sitting
2034063042500352,-0.27756742,-0.66101724,9.84467,0.015845796,-0.031558435,-0.03395528,-40.8,-9.625,-48.1875,sitting
2034063062500352,-0.35413775,-0.637089,9.906884,0.020106852,-0.027297381,-0.02543317,-40.8,-9.6125,-48.100002,sitting
2034063082500352,-0.3684947,-0.6227321,9.744172,-0.012916322,3.9947388E-4,-0.0030626329,-40.787502,-9.587501,-48.2,sitting
2034063102500352,-0.5168497,-0.6753742,9.787243,-0.05872266,0.037683703,0.0054594763,-40.8,-9.625,-48.287502,sitting
2034063122500352,-0.67477596,-0.8428718,10.012766,-0.054461602,0.00785632,-0.013715269,-40.825,-9.650001,-48.25,sitting
2034063142500352,-0.6795616,-0.99601245,10.141979,-0.034221593,0.005725792,-0.0019973693,-40.8375,-9.675,-48.162502,sitting
2034063162500352,-0.5407779,-1.0247263,10.103694,-0.027830012,0.04833634,0.021438431,-40.8,-9.7,-48.1875,sitting
2034063182500352,-0.4642076,-0.6658029,9.993624,0.030759487,-0.015579481,0.00972053,-40.8,-9.6625,-48.2375,sitting
2034063202500352,-0.4977071,-0.086141616,9.552746,0.029694224,0.018508956,0.0075900033,-40.8,-9.675,-48.225002,sitting
2034063222500352,-0.071186475,-0.06699903,9.256036,0.0105194785,0.015313165,0.0022636852,-40.787502,-9.675,-48.225002,sitting
2034063242500352,0.33080772,-0.36909288,9.485747,0.04354265,-0.07203846,-0.030759487,-40.8,-9.7,-48.2125,sitting
2034063262500352,0.22552353,-0.72323066,9.619745,0.036085807,-0.05392897,-0.07004108,-40.775,-9.6375,-48.075,sitting
2034063282500078,-0.18185452,-0.94337034,10.00798,0.038216334,-0.044341598,-0.08815057,-40.75,-9.587501,-48.0875,sitting
2034063302500078,-0.6412765,-0.85244304,10.165907,0.07230477,-0.050733183,-0.054062128,-40.7125,-9.575,-48.15,sitting
2034063322500078,-0.55513483,-0.84765744,10.046266,0.068043716,-0.021971062,0.00972053,-40.725002,-9.5625,-48.15,sitting
2034063342500078,-0.13399807,-0.6753742,9.806385,0.032890014,0.01957422,0.012916322,-40.6875,-9.6375,-48.0,sitting
2034063362500078,-0.41156548,-0.45044887,9.634102,-0.023568958,0.035553172,-0.009454215,-40.725002,-9.6375,-48.0,sitting
2034063382500078,-0.6891329,-0.40259242,9.667602,-0.05339634,0.01957422,0.019307904,-40.7125,-9.625,-48.037502,sitting
2034063402500078,-0.59342,-0.7040881,9.868599,-0.011851058,0.016378429,0.021438431,-40.7375,-9.587501,-48.037502,sitting
2034063422500078,-0.38285163,-1.1730813,10.055838,0.023302643,0.01957422,0.011851058,-40.787502,-9.587501,-48.1125,sitting
2034063442500078,-0.39720857,-1.1539388,10.319048,-0.0075900033,0.036618438,0.031025803,-40.787502,-9.650001,-48.0875,sitting
2034063462500078,-0.6795616,-0.6466603,9.964312,-0.06724477,0.04620581,0.034221593,-40.775,-9.650001,-47.9875,sitting
2034063482500078,-0.61734825,-0.14356937,9.509675,-0.10026794,0.058988973,0.038482647,-40.7625,-9.6375,-47.925,sitting
2034063502500078,0.091525465,-0.148355,9.222537,-0.074701615,0.04833634,0.049135286,-40.775,-9.575,-48.037502,sitting
2034063522500078,0.45044887,-0.3595216,9.380463,0.014780533,-0.002796317,0.0054594763,-40.75,-9.575,-47.9625,sitting
2034063542500078,0.04366901,-0.62751776,9.701101,0.07976162,-0.054994237,-0.030759487,-40.7375,-9.5375,-47.9875,sitting
2034063562500078,-0.44506502,-0.69930243,9.887741,0.042477388,-0.039015282,-0.006258424,-40.7,-9.5,-47.9625,sitting
2034063582500078,-0.67477596,-0.799801,10.118051,9.321057E-4,-0.0049268445,-0.011584742,-40.675,-9.475,-47.875,sitting
2034063602500078,-0.4833502,-0.948156,10.051051,0.04034686,-0.034754228,-0.019041587,-40.675,-9.45,-47.825,sitting
2034063622500078,-0.16271193,-0.98644114,9.902099,0.10745847,-0.06564687,-0.013715269,-40.6875,-9.462501,-47.9,sitting
2034063642500078,-0.22492532,-0.9290134,9.825528,0.11278479,-0.037950017,0.0022636852,-40.725002,-9.5,-47.975002,sitting
2034063662500078,-0.4354937,-0.799801,9.849456,0.05419529,0.016378429,0.011851058,-40.7375,-9.5625,-48.0125,sitting
2034063682500078,-0.53599226,-0.6801598,9.69153,0.044607915,0.037683703,-0.0041278964,-40.7625,-9.55,-48.05,sitting
2034063702500078,-0.55034924,-0.9194421,9.686745,0.108523734,0.005725792,-9.321057E-4,-40.8125,-9.5625,-48.05,sitting
2034063722500078,-0.4833502,-1.0582259,10.1802635,0.07976162,0.0035952649,0.012916322,-40.825,-9.675,-48.0625,sitting
2034063742500078,-0.47377887,-1.0630114,10.18505,-0.064048976,0.03448791,0.00972053,-40.8,-9.7375,-48.100002,sitting
2034063762500078,-0.14356937,-0.87637126,9.8015995,-0.18761955,0.035553172,0.017177377,-40.787502,-9.712501,-48.175,sitting
2034063782500078,0.010169496,-0.58923256,9.562318,-0.23555642,0.030226856,0.04700476,-40.8,-9.725,-48.162502,sitting
2034063802500078,-0.032901313,-0.46959144,9.638887,-0.20466378,0.031292118,0.045939494,-40.787502,-9.6875,-48.162502,sitting
2034063822500078,-0.028115666,-0.3786642,9.452248,-0.074701615,0.052597392,0.003328949,-40.825,-9.6875,-48.0875,sitting
2034063842500078,-0.36370903,-0.53659046,9.629316,0.100001626,-6.6578976E-4,1.3315796E-4,-40.8125,-9.6875,-48.1125,sitting
2034063862500078,-0.526421,-0.76630145,9.930812,0.11171953,-0.050733183,0.011851058,-40.787502,-9.725,-48.100002,sitting
2034063882500078,-0.47377887,-0.9194421,9.935597,-0.024634222,-0.0038615807,-0.015845796,-40.825,-9.6875,-48.075,sitting
2034063902500078,-0.32063824,-1.0007981,9.897313,-0.05872266,0.031292118,1.3315796E-4,-40.8375,-9.6875,-48.05,sitting
2034063922500078,-0.36370903,-1.0055838,9.906884,0.038216334,3.9947388E-4,0.008655267,-40.8375,-9.75,-48.0125,sitting
2034063942500078,-0.5072784,-0.94337034,9.935597,0.12769848,-0.01238369,-0.021172116,-40.850002,-9.725,-48.0,sitting
2034063962500078,-0.526421,-1.0342976,9.859028,0.15113428,-0.002796317,-0.027563697,-40.825,-9.712501,-47.95,sitting
2034063982500078,-0.46899325,-1.0725827,9.973883,0.129829,0.008921583,-0.02543317,-40.8,-9.6875,-47.9375,sitting
2034064002500078,-0.40677986,-0.9720842,10.012766,0.04886897,0.012117374,-0.024367906,-40.787502,-9.725,-47.975002,sitting
2034064022500078,-0.35413775,-0.7040881,9.806385,-0.08748478,0.0035952649,-9.321057E-4,-40.8,-9.7375,-48.0125,sitting
2034064042500078,-0.29671,-0.5270192,9.524033,-0.1716406,-0.0017310535,0.017177377,-40.775,-9.7375,-48.0125,sitting
2034064062500078,-0.2536392,-0.56530434,9.586246,-0.15246587,0.0014647375,0.013981585,-40.787502,-9.712501,-48.025,sitting
2034064082500078,-0.28713873,-0.67058855,9.758529,-0.11092058,0.014247901,0.011851058,-40.8,-9.675,-48.1125,sitting
2034064102500078,-0.3924229,-0.718445,9.782457,-0.04807002,0.027031064,0.003328949,-40.775,-9.675,-48.1875,sitting
2034064122500078,-0.47856453,-0.75673014,9.815957,0.008388951,0.012117374,0.011851058,-40.787502,-9.7,-48.2125,sitting
2034064142500078,-0.44027936,-0.72323066,9.859028,0.014780533,0.0014647375,0.015046849,-40.8,-9.7,-48.25,sitting
2034064162500078,-0.39720857,-0.6562316,9.7298155,0.01691106,-0.019840535,-0.0105194785,-40.75,-9.6625,-48.287502,sitting
2034064182500078,-0.51206404,-0.66101724,9.744172,0.01691106,-0.019840535,-0.014780533,-40.7125,-9.625,-48.2625,sitting
2034064202500078,-0.5694918,-0.8380861,9.87817,0.02862896,-0.0070573715,-0.0030626329,-40.725002,-9.675,-48.2125,sitting
2034064222500078,-0.49292147,-1.1108679,10.027123,0.08082688,-0.017710008,-0.0105194785,-40.75,-9.6875,-48.15,sitting
2034064242500078,-0.38285163,-1.1682956,10.113265,0.100001626,-0.017710008,-0.020106852,-40.7375,-9.7,-48.0,sitting
2034064262500078,-0.33020952,-0.94337034,9.969097,0.07230477,-0.0049268445,-0.015845796,-40.7125,-9.6875,-47.9625,sitting
2034064282500078,-0.29671,-0.48873404,9.595817,0.031824753,-0.0049268445,-0.011584742,-40.75,-9.675,-48.05,sitting
2034064302500078,-0.16271193,-0.31585258,9.351749,-0.025699485,-0.010253162,0.0043942127,-40.7375,-9.6875,-48.037502,sitting
2034064322500078,-0.148355,-0.3397808,9.538389,-0.073636346,0.005725792,0.013981585,-40.825,-9.6875,-48.0125,sitting
2034064342500078,-0.34456646,-0.5413761,9.624531,-0.08109319,0.016378429,0.00652474,-40.875,-9.7,-48.0125,sitting
2034064362500078,-0.526421,-0.785444,9.916455,-0.06831003,0.013182637,0.00652474,-40.8375,-9.6125,-48.025,sitting
2034064382500078,-0.44985065,-1.0103694,9.984053,-0.05659213,0.008921583,0.00652474,-40.8,-9.6125,-48.175,sitting
2034064402500078,-0.15314065,-1.1060823,9.945169,-0.038482647,0.013182637,0.008655267,-40.8375,-9.5625,-48.287502,sitting
2034064422500078,-0.008973085,-1.2352947,9.854242,-0.051265813,0.027031064,0.0011984216,-40.850002,-9.587501,-48.287502,sitting
2034064442500078,-0.11006984,-1.1970096,10.00798,-0.10346373,0.021704746,0.016112113,-40.8,-9.587501,-48.2,sitting
2034064462500078,-0.41156548,-1.0390832,9.921241,-0.105594255,0.017443692,0.012916322,-40.787502,-9.6125,-48.1875,sitting
2034064482500078,-0.5982057,-0.8572287,9.849456,-0.039547913,0.0014647375,0.0043942127,-40.7375,-9.6625,-48.075,sitting
2034064502500078,-0.6412765,-0.77587277,9.825528,0.041412123,-0.021971062,0.010785795,-40.75,-9.7,-48.162502,sitting
2034064522500078,-0.5024927,-0.9529416,9.892527,0.05526055,-0.002796317,0.0011984216,-40.775,-9.75,-48.2125,sitting
2034064542500078,-0.31106696,-0.98644114,9.973883,0.015845796,0.009986847,-0.0051931604,-40.787502,-9.7375,-48.25,sitting
2034064562500078,-0.27756742,-0.785444,9.748958,0.013715269,-0.018775271,-0.014780533,-40.787502,-9.7625,-48.2,sitting
2034064582500078,-0.22971097,-0.5270192,9.672387,0.07017424,-0.029427908,-0.01691106,-40.775,-9.712501,-48.162502,sitting
2034064602500078,-0.148355,-0.3786642,9.61496,0.108523734,-0.02410159,-9.321057E-4,-40.7625,-9.675,-48.175,sitting
2034064622500078,-0.22971097,-0.32542387,9.557532,0.12876374,-0.030493172,0.0022636852,-40.775,-9.6375,-48.1875,sitting
2034064642500078,-0.3924229,-0.4552345,9.557532,0.16072164,-0.040080544,-0.0105194785,-40.75,-9.6,-48.2625,sitting
2034064662500078,-0.42592242,-0.72323066,9.849456,0.13515532,-0.019840535,-0.01691106,-40.7,-9.55,-48.225002,sitting
2034064682500078,-0.37328035,-1.0534402,9.988838,0.04567318,0.0035952649,-0.014780533,-40.6875,-9.587501,-48.225002,sitting
2034064702500078,-0.28235307,-1.1682956,10.098908,-0.050200548,-0.002796317,-0.008388951,-40.6875,-9.6375,-48.1375,sitting
2034064722500078,-0.3397808,-0.99601245,10.027123,-0.14287849,-0.005992108,0.016112113,-40.6875,-9.6875,-48.15,sitting
2034064742500078,-0.5168497,-0.71365935,9.854242,-0.19720693,-0.002796317,0.008655267,-40.7125,-9.7625,-48.175,sitting
2034064762500078,-0.59342,-0.52223355,9.686745,-0.19933745,0.008921583,-0.0041278964,-40.725002,-9.8125,-48.175,sitting
2034064782500078,-0.5024927,-0.66101724,9.677173,-0.15353112,0.031292118,0.0075900033,-40.75,-9.85,-48.125,sitting
2034064802500078,-0.4211368,-0.9529416,9.930812,-0.04700476,0.052597392,0.021438431,-40.725002,-9.8875,-48.025,sitting
2034064822500078,-0.38285163,-0.9912268,10.146765,0.05419529,0.050466865,0.045939494,-40.725002,-9.900001,-47.925,sitting
2034064842500078,-0.38763726,-0.6753742,9.87817,0.05419529,-0.0038615807,0.044874232,-40.725002,-9.900001,-47.8875,sitting
2034064862500078,-0.21535404,-0.33499518,9.619745,0.030759487,0.012117374,0.01824264,-40.7125,-9.8875,-47.8375,sitting
2034064882500078,-0.008973085,-0.26799613,9.303893,0.03395528,0.052597392,0.011851058,-40.725002,-9.837501,-47.9,sitting
2034064902500078,-0.11485548,-0.3930211,9.480962,-0.04807002,-0.033688962,-0.011584742,-40.75,-9.837501,-47.912502,sitting
2034064922500078,-0.49292147,-0.5844469,9.830314,0.011584742,-0.04753739,-0.029694224,-40.7625,-9.837501,-47.8875,sitting
2034064942500078,-0.5455636,-0.8380861,9.993624,0.12663321,-0.08908267,-0.006258424,-40.7625,-9.837501,-47.912502,sitting
2034064962500078,-0.22013968,-1.0725827,9.978668,0.1063932,0.005725792,-0.015845796,-40.8,-9.825,-47.9875,sitting
2034064982500078,-0.14356937,-1.0677971,10.00798,0.09147952,0.032357384,-0.06578003,-40.8125,-9.825,-48.05,sitting
2034065002500078,-0.4354937,-0.8141579,9.930812,0.11917637,0.018508956,-0.052996866,-40.8125,-9.8,-48.037502,sitting
2034065022500078,-0.5599205,-0.5796613,9.748958,0.0041278964,0.052597392,0.060853187,-40.825,-9.8,-48.0625,sitting
2034065042500078,-0.5599205,-0.57009,9.677173,-0.19614168,0.0035952649,0.055526868,-40.8,-9.8125,-48.037502,sitting
2034065062500078,-0.5168497,-0.85244304,9.873384,-0.18016271,3.9947388E-4,-0.058323186,-40.7625,-9.8,-47.9375,sitting
2034065082500078,-0.43070808,-1.1252248,10.122836,-0.003328949,0.0035952649,-0.019041587,-40.775,-9.775001,-47.9875,sitting
2034065102500078,-0.28713873,-1.0917253,10.098908,0.065913185,0.017443692,0.060853187,-40.775,-9.725,-48.0125,sitting
2034065122500078,-0.17706887,-0.7088737,9.835099,-0.038482647,0.01105211,0.027830012,-40.8,-9.75,-48.0625,sitting
2034065142500078,-0.18185452,-0.32063824,9.629316,-0.13329111,0.029161593,0.00972053,-40.8125,-9.775001,-48.037502,sitting
2034065162500078,-0.09032906,-0.2009971,9.270393,-0.10026794,0.06325003,0.049135286,-40.8125,-9.712501,-48.0875,sitting
2034065182500078,-0.22971097,-0.38344982,9.480962,-0.031025803,0.037683703,0.050200548,-40.825,-9.6625,-48.175,sitting
2034065202500078,-0.4833502,-0.60837513,9.87817,0.01691106,-0.027297381,-0.017976323,-40.8,-9.675,-48.2125,sitting
2034065222500078,-0.4881358,-0.8572287,9.993624,0.046738442,-0.08162583,-0.049801074,-40.850002,-9.650001,-48.325,sitting
2034065242500078,-0.3062813,-1.0390832,9.959526,0.02223738,-0.04114581,-0.030759487,-40.825,-9.650001,-48.3125,sitting
2034065262500078,-0.23449662,-0.9816555,9.988838,0.01691106,-0.01238369,-0.02223738,-40.8125,-9.6625,-48.3125,sitting
2034065282500078,-0.4354937,-0.7710871,9.887741,0.050999496,-0.030493172,-0.03395528,-40.787502,-9.625,-48.2375,sitting
2034065302500078,-0.5407779,-0.6658029,9.8015995,0.056325816,-0.14221269,-0.055127393,-40.775,-9.587501,-48.2625,sitting
2034065322500078,-0.42592242,-0.8380861,9.825528,0.011584742,-0.020905798,-0.060453713,-40.775,-9.6375,-48.2125,sitting
2034065342500078,-0.26799613,-1.0247263,9.984053,0.068043716,0.0845553,0.016112113,-40.725002,-9.7,-48.175,sitting
2034065362500078,-0.4546363,-0.87637126,9.902099,0.10532794,0.031292118,0.044874232,-40.7625,-9.675,-48.075,sitting
2034065382500078,-0.5407779,-0.53659046,9.882956,0.07230477,-0.043276336,-0.01691106,-40.725002,-9.675,-48.037502,sitting
2034065402500078,0.024526432,-0.36909288,9.662816,-0.044874232,0.01957422,0.017177377,-40.7,-9.6625,-48.037502,sitting
2034065422500078,0.25902304,-0.3786642,9.356535,-0.1631185,0.06325003,0.023568958,-40.6875,-9.675,-48.05,sitting
2034065442500078,-0.27756742,-0.41694933,9.58146,-0.13116059,0.015313165,-0.0105194785,-40.662502,-9.6125,-48.075,sitting
2034065462500078,-0.6221339,-0.5509474,9.945169,-0.07044056,-0.068842664,-0.008388951,-40.6375,-9.625,-48.0,sitting
2034065482500078,-0.36370903,-0.799801,9.87817,-0.09707215,0.07922898,-0.011584742,-40.662502,-9.6,-48.075,sitting
2034065502500078,-0.11006984,-0.9816555,9.830314,-0.07044056,0.11118689,-0.020106852,-40.7125,-9.6125,-48.100002,sitting
2034065522500078,-0.2009971,-0.948156,9.964312,0.04567318,-0.028362645,-0.032890014,-40.7,-9.6375,-48.15,sitting
2034065542500078,-0.34456646,-0.785444,9.935597,0.06378266,-0.06564687,-0.043409493,-40.7375,-9.6875,-48.175,sitting
2034065562500078,-0.4019942,-0.637089,9.710672,0.02862896,-0.021971062,-0.052996866,-40.7625,-9.712501,-48.100002,sitting
2034065582500078,-0.51206404,-0.637089,9.705887,0.08402267,-0.018775271,-0.020106852,-40.8,-9.6375,-48.0625,sitting
2034065602500078,-0.5694918,-0.85244304,9.940384,0.1564606,-0.0326237,-0.009454215,-40.8,-9.675,-48.037502,sitting
2034065622500078,-0.4019942,-1.1347961,10.113265,0.17976324,-0.01238369,-0.059388448,-40.825,-9.6875,-48.15,sitting
2034065642500078,-0.13878371,-1.1108679,10.051051,0.22343905,0.021704746,-0.071106344,-40.825,-9.6875,-48.0625,sitting
2034065662500078,-0.18664017,-0.72323066,9.686745,0.25646222,0.02809633,-0.035952646,-40.825,-9.625,-48.025,sitting
2034065682500078,-0.27756742,-0.2440679,9.815957,-0.15406376,0.017576851,0.011984216,-40.8375,-9.6125,-48.0125,sitting
2034065702500078,-0.12921242,-0.13399807,9.303893,-0.26844645,-0.008655267,0.029827382,-40.8125,-9.55,-48.037502,sitting
2034065722500078,-0.19142582,-0.3397808,9.351749,-0.29694223,-0.01624527,0.03968107,-40.8,-9.525001,-48.05,sitting
2034065742500078,-0.49292147,-0.58923256,9.849456,-0.26138908,0.002929475,0.03728423,-40.787502,-9.5375,-48.025,sitting
2034065762500078,-0.46899325,-0.8859426,10.04148,-0.14580797,0.037417386,2.663159E-4,-40.825,-9.5625,-47.9875,sitting
2034065782500078,-0.22013968,-1.0534402,9.984053,0.024501063,0.051265813,-0.005725792,-40.8125,-9.587501,-47.8875,sitting
2034065802500078,-0.09990034,-1.0486546,9.902099,0.061785292,0.024900537,0.01824264,-40.8125,-9.6375,-47.9,sitting
2034065822500078,-0.36370903,-0.89072824,9.91167,-0.016644744,0.02223738,0.017976323,-40.8,-9.712501,-47.95,sitting
2034065842500078,-0.6843473,-0.7615158,9.849456,-0.047137916,0.014114743,0.005592634,-40.8,-9.712501,-47.975002,sitting
2034065862500078,-0.65084773,-0.86201435,9.873384,0.0018642114,-0.006258424,0.0070573715,-40.8125,-9.725,-47.8875,sitting
2034065882500078,-0.33499518,-1.0917253,9.988838,0.07163898,-0.02809633,0.008388951,-40.825,-9.7625,-47.9375,sitting
2034065902500078,-0.15314065,-1.16351,10.022338,0.10759163,-0.022636853,0.008255793,-40.8,-9.85,-47.9625,sitting
2034065922500078,-0.28713873,-0.76630145,9.930812,0.05925529,-0.003328949,0.0061252657,-40.775,-9.837501,-48.0125,sitting
2034065942500078,-0.46899325,-0.23449662,9.567103,-0.011185268,0.0051931604,0.003195791,-40.75,-9.775001,-48.0625,sitting
2034065962500078,-0.13399807,-0.06699903,9.342177,-0.021837905,-0.010386321,-0.0046605286,-40.7375,-9.725,-48.1875,sitting
2034065982500078,-0.08075777,-0.22013968,9.356535,-0.021837905,-0.008655267,-0.0087884255,-40.6875,-9.6875,-48.0875,sitting
2034066002500078,-0.3684947,-0.5605187,9.753743,0.0017310535,-1.3315796E-4,-0.003462107,-40.662502,-9.675,-48.100002,sitting
2034066022500078,-0.44506502,-0.87637126,10.089336,0.002663159,7.9894776E-4,-0.008255793,-40.662502,-9.7,-48.1125,sitting
2034066042500078,-0.2440679,-1.0199406,9.964312,-0.025699485,0.0054594763,-0.006391582,-40.7,-9.6625,-48.175,sitting
2034066062500078,-0.0424726,-1.0582259,9.839885,-0.03728423,0.0041278964,-0.0077231615,-40.7375,-9.7,-48.1375,sitting
2034066082500078,-0.2009971,-0.9720842,9.945169,-0.011185268,0.010253162,1.3315796E-4,-40.775,-9.725,-48.175,sitting
2034066102500078,-0.39720857,-0.785444,9.91167,0.024900537,-3.9947388E-4,0.0043942127,-40.787502,-9.775001,-48.15,sitting
2034066122500078,-0.4977071,-0.651446,9.7681,0.04567318,-0.002530001,0.0010652636,-40.8,-9.775001,-48.05,sitting
2034066142500078,-0.55034924,-0.57009,9.7298155,0.06910898,-0.0045273704,0.0021305273,-40.850002,-9.775001,-48.1375,sitting
2034066162500078,-0.5886344,-0.7375876,9.806385,0.09174583,-0.0017310535,-0.008921583,-40.850002,-9.8125,-48.037502,sitting
2034066182500078,-0.45942193,-1.096511,9.984053,0.108523734,0.018508956,-0.027830012,-40.850002,-9.7625,-48.162502,sitting
2034066202500078,-0.23928227,-1.3214363,10.189836,0.13875058,0.02862896,-0.025166854,-40.8125,-9.7625,-48.175,sitting
2034066222500078,-0.12921242,-1.0534402,10.170692,0.11345058,0.017177377,0.0043942127,-40.825,-9.6625,-48.275,sitting
2034066242500078,-0.26799613,-0.41694933,9.6580305,-0.0022636852,-0.047271073,0.003195791,-40.725002,-9.5625,-48.275,sitting
2034066262500078,-0.33020952,-0.033499517,9.256036,-0.108923204,-0.093077414,-0.030360013,-40.7375,-9.525001,-48.325,sitting
2034066282500078,-0.28713873,-0.043070808,9.275179,-0.123970054,-0.09321057,-0.01957422,-40.7,-9.5,-48.325,sitting
2034066302500078,-0.22971097,-0.4456632,9.543175,-0.060320552,-0.05779055,-0.0039947387,-40.662502,-9.4875,-48.3,sitting
2034066322500078,-0.38285163,-0.79501534,9.892527,-0.01957422,0.01624527,0.018508956,-40.6875,-9.5,-48.425,sitting
2034066342500078,-0.5072784,-1.0055838,10.07498,-0.062983714,0.078430034,0.03968107,-40.725002,-9.575,-48.3,sitting
2034066362500078,-0.3062813,-1.1730813,10.04148,-0.08442214,0.09187899,0.0077231615,-40.725002,-9.650001,-48.175,sitting
2034066382500078,-0.066400826,-1.1730813,9.973883,-0.019707378,0.08841688,0.0061252657,-40.725002,-9.6875,-48.037502,sitting
2034066402500078,-0.30149564,-0.9625129,9.945169,0.04301002,0.020772642,0.022636853,-40.75,-9.775001,-47.9875,sitting
2034066422500078,-0.6269195,-0.60837513,9.84467,0.032091066,-0.005326318,0.030493172,-40.725002,-9.75,-47.9375,sitting
2034066442500078,-0.67477596,-0.4648058,9.643674,-0.031025803,0.015313165,0.01824264,-40.7625,-9.8,-48.0,sitting
2034066462500078,-0.526421,-0.67058855,9.648459,-0.024634222,0.015313165,0.010785795,-40.775,-9.825,-47.925,sitting
2034066482500078,-0.43070808,-1.0677971,9.973883,-0.023568958,-0.08162583,-0.0019973693,-40.7375,-9.7875,-47.8125,sitting
2034066502500078,-0.33499518,-1.1491531,10.242477,0.008388951,-0.11345058,-0.026498433,-40.7125,-9.725,-47.850002,sitting
2034066522500078,-0.18664017,-0.8380861,9.945169,0.0051931604,-0.045406863,-0.03395528,-40.6875,-9.6625,-47.912502,sitting
2034066542500078,-0.17228323,-0.43130627,9.5048895,-0.024634222,0.02277001,1.3315796E-4,-40.7,-9.6875,-47.975002,sitting
2034066562500078,-0.12921242,-0.23928227,9.428319,-0.03635212,0.06751108,0.027830012,-40.7375,-9.650001,-48.0125,sitting
2034066582500078,-0.14356937,-0.29192436,9.404391,-0.034221593,0.08668583,0.016112113,-40.775,-9.725,-48.05,sitting
2034066602500078,-0.35413775,-0.4408776,9.629316,0.021172116,0.071772136,0.016112113,-40.7625,-9.75,-47.912502,sitting
2034066622500078,-0.55034924,-0.58923256,9.777672,0.07337003,-0.027297381,0.020373167,-40.787502,-9.7625,-47.8875,sitting
2034066642500078,-0.6125626,-0.7423732,9.792028,0.044607915,-0.046472125,-0.006258424,-40.8,-9.775001,-47.8875,sitting
2034066662500078,-0.5168497,-1.0247263,9.969097,-0.032091066,0.0035952649,-0.0019973693,-40.8,-9.8,-47.9625,sitting
2034066682500078,-0.16749759,-1.3549358,10.1084795,-0.04167844,0.027031064,0.0022636852,-40.825,-9.8125,-47.925,sitting
2034066702500078,0.21595225,-1.6283158,10.089336,9.321057E-4,0.0014647375,-0.0105194785,-40.8,-9.7625,-47.9375,sitting
2034066722500078,0.19202402,-1.6570296,10.031909,0.0030626329,-0.015579481,-0.008388951,-40.8125,-9.8,-47.8875,sitting
2034066742500078,-0.24885355,-1.4464613,10.079765,-0.019307904,-0.01238369,-0.019041587,-40.825,-9.8125,-47.8125,sitting
2034066762500078,-0.55513483,-1.3070793,10.098908,9.321057E-4,-0.027297381,-0.029694224,-40.787502,-9.8125,-47.875,sitting
2034066782500078,-0.44506502,-1.0677971,9.949955,0.064847924,-0.031558435,-0.029694224,-40.775,-9.825,-47.95,sitting
2034066802499922,-0.2536392,-0.58923256,9.739387,0.08934899,-0.019840535,-0.026498433,-40.725002,-9.7875,-48.0625,sitting
2034066822499922,-0.43070808,-0.023928227,9.54796,0.07017424,-6.6578976E-4,-0.027563697,-40.6875,-9.8125,-48.100002,sitting
2034066842499922,-0.4833502,0.21535404,9.208179,0.09574057,0.014247901,-0.034887385,-40.675,-9.825,-48.1875,sitting
2034066862499922,-0.18185452,-0.076570325,9.122038,0.15219954,0.008921583,-0.02862896,-40.662502,-9.837501,-48.3,sitting
2034066882499922,-0.28713873,-0.5796613,9.681958,0.17443693,0.0035952649,-9.321057E-4,-40.625,-9.825,-48.425,sitting
2034066902499922,-0.5024927,-0.9385847,10.113265,0.109588996,0.009986847,0.013981585,-40.65,-9.7875,-48.5875,sitting
2034066922499922,-0.4019942,-1.2017952,10.103694,-0.045939494,0.024900537,0.015046849,-40.7125,-9.8125,-48.662502,sitting
2034066942499922,-0.08075777,-1.3070793,10.04148,-0.221708,0.018508956,0.011851058,-40.7125,-9.8125,-48.75,sitting
2034066962499922,-0.11964113,-1.1778669,10.00798,-0.32929963,-0.0017310535,0.021438431,-40.787502,-9.825,-48.8,sitting
2034066982499922,-0.41156548,-0.9385847,9.91167,-0.3207775,0.0046605286,0.032091066,-40.8,-9.837501,-48.7625,sitting
2034067002499922,-0.5838487,-0.81894356,9.868599,-0.15353112,0.047271073,0.0075900033,-40.787502,-9.85,-48.6875,sitting
2034067022499922,-0.49292147,-0.8141579,9.839885,0.0627174,0.036618438,-0.013715269,-40.8,-9.8625,-48.6125,sitting
2034067042499922,-0.33020952,-0.7375876,9.796814,0.109588996,-0.010253162,-0.013715269,-40.825,-9.825,-48.45,sitting
2034067062499922,-0.32542387,-0.5509474,9.686745,0.032890014,-0.017710008,-0.0041278964,-40.8125,-9.825,-48.4,sitting
2034067082499922,-0.2727818,-0.4121637,9.696316,-0.021438431,0.0067910557,-0.0105194785,-40.7625,-9.7875,-48.350002,sitting
2034067102499922,-0.20578274,-0.41694933,9.610174,0.050999496,-0.0017310535,-0.013715269,-40.75,-9.725,-48.325,sitting
2034067122499922,-0.16271193,-0.5174479,9.509675,0.17656745,-0.034754228,-0.013715269,-40.725002,-9.725,-48.175,sitting
2034067142499922,-0.40677986,-0.61794645,9.720243,0.22556958,-0.026232118,-0.032890014,-40.7375,-9.6875,-48.05,sitting
2034067162499922,-0.49292147,-0.76630145,9.902099,0.22024326,0.023835273,-0.032890014,-40.725002,-9.6625,-48.0125,sitting
2034067182499922,-0.2727818,-0.9768698,9.973883,0.20532957,0.04087949,-0.0051931604,-40.75,-9.6875,-47.95,sitting
2034067202499922,-0.11964113,-1.0342976,9.945169,0.108523734,0.017443692,0.008655267,-40.787502,-9.725,-48.0125,sitting
2034067222499922,-0.3397808,-0.933799,9.897313,-0.07789741,-0.0070573715,0.008655267,-40.7625,-9.7375,-47.95,sitting
2034067242499922,-0.55034924,-0.80937225,9.945169,-0.23449115,-0.023036325,0.017177377,-40.7625,-9.75,-47.95,sitting
2034067262499922,-0.5455636,-0.8333005,9.887741,-0.28455856,-0.025166854,0.021438431,-40.775,-9.775001,-47.9,sitting
2034067282499922,-0.3397808,-0.9385847,9.835099,-0.23981747,-0.011318427,0.015046849,-40.8,-9.8,-48.0,sitting
2034067302499922,-0.2727818,-0.8380861,9.926026,-0.096006885,0.005725792,-9.321057E-4,-40.8125,-9.837501,-47.975002,sitting
2034067322499922,-0.33020952,-0.56530434,9.753743,0.08508793,0.01957422,-0.0041278964,-40.850002,-9.8625,-48.1375,sitting
2034067342499922,-0.17706887,-0.42652065,9.648459,0.2127864,-0.029427908,1.3315796E-4,-40.8,-9.837501,-48.25,sitting
2034067362499922,-0.12921242,-0.3930211,9.538389,0.14900376,-0.02410159,-0.0019973693,-40.7625,-9.8,-48.2625,sitting
2034067382499922,-0.25842485,-0.4552345,9.533604,0.021172116,0.036618438,0.032091066,-40.7625,-9.725,-48.3125,sitting
2034067402499922,-0.4977071,-0.5796613,9.734601,0.08508793,3.9947388E-4,0.0075900033,-40.725002,-9.7,-48.2625,sitting
2034067422499922,-0.52163535,-0.80937225,9.973883,-0.04807002,-0.0038615807,0.0022636852,-40.7,-9.650001,-48.275,sitting
2034067442499922,-0.18664017,-1.0055838,9.984053,-0.08109319,0.0046605286,1.3315796E-4,-40.7,-9.587501,-48.275,sitting
2034067462499922,-0.09032906,-1.0438689,9.859028,0.02223738,-0.002796317,-0.015845796,-40.725002,-9.5625,-48.3625,sitting
2034067482499922,-0.29671,-0.96729857,9.902099,0.032890014,-0.021971062,-0.015845796,-40.7,-9.5625,-48.3125,sitting
2034067502499922,-0.45942193,-0.8955139,9.978668,-0.052331075,-0.009187899,-0.0030626329,-40.7125,-9.5375,-48.275,sitting
2034067522499922,-0.4546363,-0.9194421,9.839885,-0.09068057,0.0014647375,-0.006258424,-40.7,-9.5625,-48.2625,sitting
2034067542499922,-0.38763726,-0.9625129,9.87817,-0.04167844,0.0014647375,-0.01691106,-40.725002,-9.6125,-48.287502,sitting
2034067562499922,-0.41156548,-0.85244304,9.935597,0.0105194785,-0.018775271,-0.021172116,-40.775,-9.587501,-48.3375,sitting
2034067582499922,-0.2727818,-0.637089,9.782457,-0.038482647,0.0035952649,-0.0030626329,-40.775,-9.625,-48.3,sitting
2034067602499922,-0.32063824,-0.3786642,9.524033,-0.13861743,0.04087949,0.017177377,-40.7625,-9.6375,-48.2625,sitting
2034067622499922,-0.11964113,-0.3930211,9.54796,-0.12263848,0.052597392,0.042743705,-40.725002,-9.6125,-48.25,sitting
2034067642499922,-0.22013968,-0.49830532,9.629316,0.014780533,0.00785632,-0.006258424,-40.725002,-9.5375,-48.2,sitting
2034067662499922,-0.4881358,-0.637089,9.825528,0.109588996,-0.025166854,-0.0030626329,-40.6875,-9.5375,-48.2,sitting
2034067682499922,-0.4211368,-0.8141579,9.91167,0.1415469,-0.031558435,0.0054594763,-40.662502,-9.5625,-48.25,sitting
2034067702499922,-0.2105684,-1.015155,9.873384,0.2010685,-0.020905798,-0.01691106,-40.6375,-9.575,-48.1875,sitting
2034067722499922,-0.15314065,-1.082154,9.954741,0.29055065,-0.0017310535,0.0022636852,-40.6125,-9.575,-48.162502,sitting
2034067742499922,-0.29192436,-1.0725827,9.969097,0.35020542,0.009986847,-0.0030626329,-40.6375,-9.625,-48.1375,sitting
2034067762499922,-0.3924229,-1.0725827,9.964312,0.29800752,0.00785632,-0.05725792,-40.625,-9.6375,-48.100002,sitting
2034067782499922,-0.3397808,-1.0725827,9.969097,0.13089427,0.01957422,-0.07430214,-40.625,-9.675,-48.125,sitting
2034067802499922,-0.2727818,-0.9720842,9.916455,-0.049135286,0.00785632,-0.02223738,-40.6375,-9.712501,-48.1375,sitting
2034067822499922,-0.3924229,-0.60358953,9.796814,-0.17909744,-0.037950017,0.026764749,-40.675,-9.725,-48.0625,sitting
2034067842499922,-0.38763726,-0.33020952,9.552746,-0.2568617,-0.05392897,0.03528686,-40.75,-9.7375,-47.975002,sitting
2034067862499922,-0.21535404,-0.30149564,9.5048895,-0.3005375,-0.017710008,0.037417386,-40.775,-9.7,-48.025,sitting
2034067882499922,-0.22492532,-0.4552345,9.571889,-0.32610384,0.027031064,0.045939494,-40.8,-9.7625,-48.0875,sitting
2034067902499922,-0.45942193,-0.6466603,9.792028,-0.3207775,0.047271073,0.05978792,-40.787502,-9.725,-48.15,sitting
2034067922499922,-0.41635114,-0.87158567,9.959526,-0.2334259,0.05792371,0.062983714,-40.8375,-9.712501,-48.225002,sitting
2034067942499922,-0.124426775,-1.0342976,9.902099,-0.0075900033,0.07603319,0.055526868,-40.850002,-9.6625,-48.25,sitting
2034067962499922,-0.09032906,-1.0295119,9.849456,0.19467694,0.009986847,0.042743705,-40.8375,-9.675,-48.3,sitting
2034067982499922,-0.28235307,-0.89072824,9.902099,0.1808285,-0.045406863,0.022503695,-40.8375,-9.7,-48.275,sitting
2034068002499922,-0.38285163,-0.718445,9.825528,0.08934899,-0.021971062,-0.0051931604,-40.787502,-9.725,-48.3625,sitting
2034068022499922,-0.46899325,-0.5796613,9.710672,0.11065426,-0.0017310535,-0.015845796,-40.7625,-9.7875,-48.3,sitting
2034068042499922,-0.60777694,-0.5461618,9.715458,0.17137429,-0.015579481,-0.04234423,-40.787502,-9.725,-48.3375,sitting
2034068062499922,-0.6029913,-0.75673014,9.792028,0.14793849,-0.027297381,-0.060453713,-40.8,-9.775001,-48.275,sitting
2034068082499922,-0.39720857,-1.1395818,9.998409,0.050999496,-0.01238369,-0.01691106,-40.775,-9.7875,-48.1875,sitting
2034068102499922,-0.124426775,-1.326222,10.170692,-0.085354246,0.0067910557,0.01824264,-40.7625,-9.85,-48.0625,sitting
2034068122499922,-0.008973085,-1.1347961,10.051051,-0.20572904,-0.010253162,0.00652474,-40.7375,-9.875,-48.037502,sitting
2034068142499922,-0.11485548,-0.718445,9.705887,-0.24407853,-0.020905798,0.008655267,-40.725002,-9.8875,-48.0,sitting
2034068162499922,-0.44027936,-0.2632105,9.54796,-0.21744694,-0.0049268445,0.020373167,-40.7625,-9.837501,-47.9375,sitting
2034068182499922,-0.5024927,-0.07178468,9.461819,-0.10452899,0.041944757,0.012916322,-40.75,-9.775001,-47.9625,sitting
2034068202499922,-0.33020952,-0.31106696,9.380463,0.06058687,0.056858446,0.03528686,-40.7375,-9.775001,-47.850002,sitting
2034068222499922,-0.3493521,-0.75194454,9.758529,0.12556796,0.008921583,0.049135286,-40.7625,-9.7375,-47.9625,sitting
2034068242499922,-0.4211368,-1.0438689,10.137193,0.10745847,-0.017710008,0.012916322,-40.8,-9.7875,-48.0,sitting
2034068262499922,-0.2009971,-1.2113664,10.132407,0.10532794,-0.021971062,1.3315796E-4,-40.775,-9.775001,-47.9875,sitting
2034068282499922,-0.05682954,-1.1587243,9.949955,0.12876374,-0.025166854,-0.008388951,-40.8125,-9.7625,-47.975002,sitting
2034068302499922,-0.28713873,-0.85244304,9.84467,0.2010685,-0.016644744,-0.047670547,-40.8,-9.7625,-47.9625,sitting
2034068322499922,-0.5838487,-0.57009,9.777672,0.27883276,-0.019840535,-0.06897582,-40.775,-9.75,-48.0125,sitting
2034068342499922,-0.55513483,-0.47916272,9.648459,0.27563697,3.9947388E-4,-0.062584236,-40.787502,-9.7375,-47.975002,sitting
2034068362499922,-0.3589234,-0.7375876,9.686745,0.11278479,0.023835273,-0.049801074,-40.7375,-9.7625,-48.0,sitting
2034068382499922,-0.27756742,-1.0438689,9.930812,-0.16418377,-0.0038615807,-0.0019973693,-40.7375,-9.712501,-47.9875,sitting
2034068402499922,-0.19621146,-1.0582259,10.055838,-0.38456017,-0.0326237,0.054461602,-40.7625,-9.650001,-48.05,sitting
2034068422499922,-0.15314065,-0.84765744,9.926026,-0.4601939,-0.033688962,0.055526868,-40.775,-9.6125,-48.075,sitting
2034068442499922,-0.17706887,-0.5270192,9.576674,-0.40799597,-0.0038615807,0.032091066,-40.75,-9.587501,-48.100002,sitting
2034068462499922,-0.38285163,-0.3499503,9.509675,-0.19188061,0.06005424,0.021438431,-40.775,-9.5125,-48.15,sitting
2034068482499922,-0.4354937,-0.39780676,9.61496,0.15433007,0.071772136,0.03635212,-40.7625,-9.4875,-48.15,sitting
2034068502499922,-0.37328035,-0.6466603,9.696316,0.31931278,-0.011318427,0.043808967,-40.7625,-9.575,-48.2,sitting
2034068522499922,-0.30149564,-0.9385847,9.839885,0.1893506,-0.026232118,-0.0105194785,-40.8,-9.5625,-48.175,sitting
2034068542499922,-0.21535404,-1.1443675,10.022338,0.031824753,-0.016644744,-0.027563697,-40.8,-9.6,-48.15,sitting
2034068562499922,-0.19621146,-1.1874382,10.055838,0.024367906,-0.027297381,-0.019041587,-40.75,-9.625,-48.1125,sitting
2034068582499922,-0.2727818,-1.0390832,9.945169,0.07869635,-0.03581949,-0.048735812,-40.75,-9.650001,-48.1125,sitting
2034068602499922,-0.4881358,-0.78065836,9.830314,0.13622059,-0.036884755,-0.046605285,-40.787502,-9.6375,-48.1125,sitting
2034068622499922,-0.63170516,-0.6418747,9.7681,0.12556796,-0.0017310535,-0.017976323,-40.8,-9.6,-48.2,sitting
2034068642499922,-0.5072784,-0.69930243,9.734601,0.0105194785,0.01957422,-0.0051931604,-40.8375,-9.6,-48.225002,sitting
2034068662499922,-0.29192436,-0.9290134,9.830314,-0.12263848,-0.0038615807,0.012916322,-40.8625,-9.55,-48.2375,sitting
2034068682499922,-0.16271193,-1.0247263,9.940384,-0.20466378,-0.005992108,0.037417386,-40.875,-9.5125,-48.1875,sitting
2034068702499922,-0.08075777,-0.87158567,9.868599,-0.20892483,0.0259658,0.039547913,-40.8,-9.5125,-48.075,sitting
2034068722499922,-0.17228323,-0.6227321,9.696316,-0.14607428,0.044075284,0.04061318,-40.850002,-9.5375,-48.100002,sitting
2034068742499922,-0.38285163,-0.45044887,9.605389,-0.034221593,0.036618438,0.03635212,-40.825,-9.45,-48.15,sitting
2034068762499922,-0.4642076,-0.421735,9.610174,0.065913185,0.018508956,0.028895276,-40.7625,-9.475,-48.075,sitting
2034068782499922,-0.40677986,-0.57009,9.6580305,0.04567318,0.008921583,0.032091066,-40.7375,-9.5125,-48.075,sitting
2034068802499922,-0.35413775,-0.8333005,9.811171,-0.042743705,0.016378429,0.020373167,-40.7,-9.5625,-47.975002,sitting
2034068822499922,-0.31106696,-0.9912268,9.949955,-0.06831003,0.0035952649,-0.0041278964,-40.7,-9.6125,-47.9875,sitting
2034068842499922,-0.3062813,-0.96729857,9.954741,-0.028895276,-0.013448954,-0.008388951,-40.662502,-9.6875,-48.05,sitting
2034068862499922,-0.38285163,-0.9242278,9.830314,-0.0075900033,-0.010253162,-0.0051931604,-40.7125,-9.675,-48.1875,sitting
2034068882499922,-0.40677986,-0.9529416,9.863813,-0.010785795,-0.005992108,-0.0105194785,-40.662502,-9.625,-48.175,sitting
2034068902499922,-0.35413775,-1.096511,9.930812,-0.0011984216,-0.01238369,-0.0126500055,-40.6875,-9.6875,-48.1875,sitting
2034068922499922,-0.2632105,-1.1826526,9.984053,0.0019973693,-0.014514217,-0.02223738,-40.7125,-9.7,-48.162502,sitting
2034068942499922,-0.13878371,-0.98644114,9.954741,0.015845796,-0.020905798,-0.027563697,-40.75,-9.7375,-48.2,sitting
2034068962499922,-0.24885355,-0.6131608,9.610174,0.046738442,-0.013448954,-0.034887385,-40.775,-9.7,-48.2375,sitting
2034068982499922,-0.39720857,-0.3062813,9.701101,0.08508793,-0.0070573715,-0.030759487,-40.75,-9.650001,-48.15,sitting
2034069002499922,-0.39720857,-0.16749759,9.480962,0.13515532,-0.011318427,-0.019041587,-40.7375,-9.55,-48.1875,sitting
2034069022499922,-0.43070808,-0.36430725,9.47139,0.19361167,0.0046605286,-0.01691106,-40.6875,-9.5125,-48.15,sitting
2034069042499922,-0.40677986,-0.651446,9.830314,0.23196116,0.013182637,-0.009454215,-40.7375,-9.475,-48.15,sitting
2034069062499922,-0.28713873,-0.96729857,9.892527,0.1447427,0.017443692,1.3315796E-4,-40.725002,-9.475,-48.075,sitting
2034069082499922,-0.061615184,-1.1778669,9.916455,-0.051265813,0.01957422,0.0054594763,-40.7625,-9.4875,-48.2625,sitting
2034069102499922,0.010169496,-1.2831511,9.993624,-0.19720693,-0.0017310535,0.008655267,-40.725002,-9.5,-48.2,sitting
2034069122499922,-0.21535404,-1.1922239,10.031909,-0.2749712,-0.021971062,0.021438431,-40.7125,-9.5,-48.2625,sitting
2034069142499922,-0.4881358,-0.9720842,9.959526,-0.31438592,-0.009187899,0.02996054,-40.7125,-9.5375,-48.287502,sitting
2034069162499922,-0.56470615,-0.7375876,9.806385,-0.21744694,0.01105211,1.3315796E-4,-40.725002,-9.6125,-48.2125,sitting
2034069182499922,-0.45942193,-0.75194454,9.7298155,0.04886897,0.021704746,-0.020106852,-40.7375,-9.6625,-48.162502,sitting
2034069202499922,-0.28235307,-0.8811569,9.815957,0.1808285,3.9947388E-4,0.038482647,-40.7125,-9.712501,-48.225002,sitting
2034069222499922,-0.11485548,-0.8285148,9.863813,0.009454215,0.012117374,0.037417386,-40.7125,-9.7375,-48.275,sitting
2034069242499922,-0.16271193,-0.67058855,9.662816,-0.12157321,0.033422645,-0.0105194785,-40.625,-9.725,-48.100002,sitting
2034069262499922,-0.22971097,-0.53180486,9.705887,-0.052331075,0.027031064,0.0075900033,-40.6375,-9.712501,-48.1125,sitting
2034069282499922,-0.3684947,-0.48873404,9.648459,0.07337003,-0.014514217,0.012916322,-40.662502,-9.6875,-48.0625,sitting
2034069302499922,-0.4833502,-0.58923256,9.69153,0.12663321,-0.039015282,-0.021172116,-40.65,-9.675,-48.05,sitting
2034069322499922,-0.39720857,-0.7902297,9.868599,0.09041425,-0.018775271,-0.02543317,-40.6875,-9.675,-48.025,sitting
2034069342499922,-0.31106696,-0.8811569,9.887741,0.057391077,0.014247901,-0.02543317,-40.725002,-9.725,-48.05,sitting
2034069362499922,-0.32063824,-0.91465646,9.873384,0.07976162,-0.019840535,-0.03914844,-40.725002,-9.75,-47.9,sitting
2034069382499922,-0.3062813,-0.9720842,9.916455,0.11171953,-0.049667917,-0.03914844,-40.7625,-9.75,-47.8875,sitting
2034069402499922,-0.2632105,-1.0725827,9.926026,0.09147952,-0.029427908,-0.02223738,-40.8125,-9.7375,-47.975002,sitting
2034069422499922,-0.29671,-1.1491531,9.906884,0.011584742,-0.0049268445,1.3315796E-4,-40.8625,-9.75,-47.9375,sitting
2034069442499922,-0.22492532,-1.096511,10.003195,-0.10239847,0.0035952649,0.010785795,-40.850002,-9.8,-47.9,sitting
2034069462499922,-0.27756742,-0.81894356,9.806385,-0.17377113,0.0035952649,0.00652474,-40.875,-9.8125,-47.9,sitting
2034069482499922,-0.3493521,-0.503091,9.681958,-0.17270587,0.0067910557,0.00972053,-40.875,-9.775001,-47.9875,sitting
2034069502499922,-0.31585258,-0.24885355,9.69153,-0.118377425,0.032357384,0.016112113,-40.8375,-9.712501,-47.9625,sitting
2034069522499922,-0.2536392,-0.24885355,9.366106,-0.010785795,0.05472792,0.028895276,-40.8625,-9.7,-48.075,sitting
2034069542499922,-0.3589234,-0.41694933,9.576674,0.046738442,0.035553172,0.05339634,-40.8,-9.6625,-48.05,sitting
2034069562499922,-0.42592242,-0.7375876,9.863813,0.024367906,0.024900537,0.051265813,-40.8,-9.6875,-47.850002,sitting
2034069582499922,-0.23449662,-1.0534402,9.998409,9.321057E-4,0.02277001,0.021438431,-40.7375,-9.712501,-47.8375,sitting
2034069602499922,-0.01375873,-1.2209377,9.964312,0.0030626329,-0.0017310535,-0.0105194785,-40.7,-9.725,-47.775,sitting
2034069622499922,-0.066400826,-1.2017952,9.964312,0.0105194785,-0.026232118,-0.017976323,-40.7125,-9.712501,-47.775,sitting
2034069642499922,-0.31106696,-1.0438689,9.969097,0.023302643,-0.026232118,-0.02543317,-40.7125,-9.75,-47.775,sitting
2034069662499922,-0.3924229,-0.933799,9.859028,0.049934234,-0.025166854,-0.038083173,-40.7375,-9.725,-47.8625,sitting
2034069682499922,-0.34456646,-0.8859426,9.820743,0.08082688,-0.030493172,-0.032890014,-40.725002,-9.7375,-47.8375,sitting
2034069702499922,-0.2536392,-0.89072824,9.882956,0.06378266,-0.03581949,-0.032890014,-40.75,-9.7625,-47.8875,sitting
2034069722499922,-0.22013968,-0.7710871,9.820743,0.009454215,-0.018775271,-0.029694224,-40.7375,-9.7625,-48.0125,sitting
2034069742499922,-0.2105684,-0.60358953,9.705887,-0.039547913,0.012117374,0.00652474,-40.75,-9.725,-48.0875,sitting
2034069762499922,-0.27756742,-0.41694933,9.6580305,-0.054461602,0.02277001,0.01824264,-40.725002,-9.712501,-48.2375,sitting
2034069782499922,-0.4354937,-0.34516466,9.610174,-0.0022636852,0.017443692,0.00972053,-40.675,-9.7,-48.3,sitting
2034069802499922,-0.43070808,-0.43130627,9.610174,0.02543317,0.014247901,0.021438431,-40.65,-9.7,-48.25,sitting
2034069822499922,-0.33020952,-0.6897311,9.744172,-0.024634222,0.018508956,0.025699485,-40.625,-9.7625,-48.225002,sitting
2034069842499922,-0.27756742,-0.87158567,9.916455,-0.057657395,0.031292118,0.02996054,-40.6125,-9.7375,-48.162502,sitting
2034069862499922,-0.20578274,-0.9625129,9.940384,-0.08215846,0.020639483,0.023568958,-40.6375,-9.725,-48.1125,sitting
2034069882499922,-0.22013968,-0.948156,9.902099,-0.042743705,0.005725792,0.010785795,-40.65,-9.725,-48.100002,sitting
2034069902499922,-0.38285163,-0.799801,9.863813,-0.008655267,-6.6578976E-4,0.0075900033,-40.662502,-9.7375,-48.100002,sitting
2034069922499922,-0.5599205,-0.75194454,9.806385,-0.023568958,-0.009187899,0.00652474,-40.662502,-9.725,-47.975002,sitting
2034069942499922,-0.4211368,-0.90508515,9.87817,-0.049135286,-0.005992108,-9.321057E-4,-40.725002,-9.75,-47.875,sitting
2034069962499922,-0.16271193,-1.0869397,9.973883,-0.044874232,-6.6578976E-4,-0.019041587,-40.7375,-9.7375,-47.9375,sitting
2034069982499922,-0.15314065,-1.0103694,9.940384,-0.00652474,3.9947388E-4,-0.02862896,-40.75,-9.7375,-47.9625,sitting
2034070002499922,-0.26799613,-0.6897311,9.835099,0.019041587,-6.6578976E-4,-0.015845796,-40.725002,-9.75,-47.95,sitting
2034070022499922,-0.29671,-0.38344982,9.629316,0.042477388,-0.002796317,-0.0030626329,-40.7125,-9.8,-47.9875,sitting
2034070042499922,-0.42592242,-0.2009971,9.433105,0.09147952,-0.010253162,-0.017976323,-40.7125,-9.8125,-48.100002,sitting
2034070062499922,-0.44027936,-0.37387854,9.5048895,0.12876374,-0.017710008,-0.034887385,-40.7,-9.837501,-48.100002,sitting
2034070082499922,-0.35413775,-0.7615158,9.820743,0.14367743,-0.002796317,-0.040213704,-40.775,-9.8625,-48.1875,sitting
2034070102499922,-0.4211368,-1.0055838,10.07498,0.1681785,0.013182637,-0.030759487,-40.7625,-9.85,-48.3875,sitting
2034070122499922,-0.40677986,-1.0486546,10.022338,0.14793849,0.015313165,-0.02862896,-40.775,-9.9125,-48.3875,sitting
2034070142499922,-0.2105684,-1.0486546,9.930812,0.059521604,0.0046605286,-0.019041587,-40.787502,-9.9125,-48.3625,sitting
2034070162499922,-0.2009971,-0.9912268,9.882956,-0.064048976,-0.01238369,0.012916322,-40.787502,-9.900001,-48.350002,sitting
2034070182499922,-0.38285163,-0.98644114,9.87817,-0.17909744,-0.025166854,0.022503695,-40.8,-9.825,-48.3875,sitting
2034070202499922,-0.37328035,-0.9529416,9.930812,-0.22064273,-0.020905798,0.015046849,-40.775,-9.8125,-48.350002,sitting
2034070222499922,-0.28235307,-0.8141579,9.87817,-0.19081534,-0.010253162,0.013981585,-40.775,-9.8,-48.25,sitting
2034070242499922,-0.28713873,-0.56530434,9.725029,-0.09281109,0.014247901,0.0011984216,-40.7625,-9.7625,-48.1875,sitting
2034070262499922,-0.29671,-0.3930211,9.624531,0.014780533,0.04301002,0.016112113,-40.725002,-9.7875,-48.037502,sitting
2034070282499922,-0.34456646,-0.38823548,9.591031,0.02543317,0.04301002,0.049135286,-40.675,-9.7375,-47.912502,sitting
2034070302499922,-0.3684947,-0.503091,9.643674,-0.003328949,0.035553172,0.04700476,-40.625,-9.7625,-47.875,sitting
2034070322499922,-0.3684947,-0.7375876,9.811171,0.017976323,0.01957422,0.02996054,-40.6125,-9.7875,-47.9,sitting
2034070342499922,-0.34456646,-0.8859426,9.949955,0.050999496,0.0046605286,0.025699485,-40.6125,-9.8875,-47.8375,sitting
2034070362499922,-0.3062813,-0.9290134,9.945169,0.04886897,-0.0070573715,0.013981585,-40.625,-9.8625,-47.850002,sitting
2034070382499922,-0.21535404,-0.95772725,9.84467,0.023302643,-0.010253162,1.3315796E-4,-40.625,-9.837501,-47.9,sitting
2034070402499922,-0.25842485,-0.8572287,9.87817,-0.025699485,-0.0017310535,-0.0051931604,-40.662502,-9.8625,-47.975002,sitting
2034070422499922,-0.4019942,-0.69930243,9.830314,-0.04700476,-6.6578976E-4,-0.008388951,-40.6875,-9.837501,-47.9875,sitting
2034070442499922,-0.5024927,-0.66101724,9.725029,-0.019307904,-0.021971062,-0.013715269,-40.7,-9.85,-48.0875,sitting
2034070462499922,-0.43070808,-0.7423732,9.787243,-0.003328949,-0.029427908,-0.02543317,-40.7125,-9.8,-48.100002,sitting
2034070482499922,-0.38763726,-0.90508515,9.964312,0.009454215,-0.027297381,-0.02223738,-40.75,-9.775001,-48.1375,sitting
2034070502499922,-0.26799613,-0.9242278,9.978668,-0.0054594763,-0.015579481,-0.020106852,-40.75,-9.725,-48.100002,sitting
2034070522499922,-0.15792629,-0.7615158,9.815957,-0.028895276,-6.6578976E-4,-0.01691106,-40.775,-9.725,-48.0875,sitting
2034070542499922,-0.2009971,-0.5270192,9.662816,-0.013981585,0.0067910557,0.0011984216,-40.775,-9.7625,-48.075,sitting
2034070562499922,-0.30149564,-0.38823548,9.58146,0.019041587,0.01105211,0.011851058,-40.787502,-9.8,-48.025,sitting
2034070582499922,-0.3589234,-0.4552345,9.619745,0.047803707,3.9947388E-4,0.00972053,-40.7625,-9.775001,-48.05,sitting
2034070602499922,-0.32063824,-0.68494546,9.7681,0.04886897,-0.0070573715,0.008655267,-40.8,-9.7625,-48.0625,sitting
2034070622499922,-0.34456646,-0.85244304,9.930812,0.027563697,-0.0049268445,0.0043942127,-40.8625,-9.7625,-48.162502,sitting
2034070642499922,-0.34456646,-0.8859426,9.954741,-0.025699485,0.0259658,-0.0041278964,-40.8625,-9.7875,-48.15,sitting
2034070662499922,-0.30149564,-0.8572287,9.863813,-0.0054594763,0.0067910557,-0.0019973693,-40.912502,-9.7875,-48.25,sitting
2034070682499922,-0.3589234,-0.79501534,9.835099,0.038216334,-0.02410159,0.003328949,-40.912502,-9.825,-48.275,sitting
2034070702499922,-0.43070808,-0.71365935,9.835099,-1.3315796E-4,-0.016644744,-0.009454215,-40.925,-9.7875,-48.1875,sitting
2034070722499922,-0.4019942,-0.7902297,9.787243,-0.03635212,-0.009187899,1.3315796E-4,-40.875,-9.7375,-48.125,sitting
2034070742499922,-0.33020952,-0.948156,9.902099,-0.034221593,-0.0049268445,-0.011584742,-40.9375,-9.7625,-48.1375,sitting
2034070762499922,-0.30149564,-0.90508515,9.998409,0.0126500055,-0.008122635,-0.011584742,-40.9375,-9.8,-48.1375,sitting
2034070782499922,-0.2632105,-0.69930243,9.820743,0.03395528,-0.0017310535,-0.0073236874,-40.875,-9.85,-48.037502,sitting
2034070802499922,-0.2632105,-0.47916272,9.61496,0.03715107,3.9947388E-4,-0.015845796,-40.875,-9.837501,-48.0875,sitting
2034070822499922,-0.36370903,-0.40259242,9.576674,0.049934234,0.0046605286,-0.024367906,-40.8625,-9.825,-48.075,sitting
2034070842499922,-0.3589234,-0.5844469,9.715458,0.09254478,0.0035952649,-0.032890014,-40.8125,-9.7875,-47.9625,sitting
2034070862499922,-0.2632105,-0.75673014,9.854242,0.17550218,0.016378429,-0.031824753,-40.825,-9.7875,-48.075,sitting
2034070882499922,-0.32063824,-0.84765744,9.859028,0.19041587,0.021704746,-0.01691106,-40.8125,-9.8125,-48.1125,sitting
2034070902499922,-0.3924229,-0.8285148,9.882956,0.06165213,0.029161593,0.0022636852,-40.775,-9.825,-48.075,sitting
2034070922499922,-0.41635114,-0.7902297,9.873384,-0.117312156,0.0259658,0.017177377,-40.775,-9.8,-48.0875,sitting
2034070942499922,-0.3924229,-0.7710871,9.835099,-0.22277325,-0.0017310535,0.021438431,-40.8375,-9.75,-48.15,sitting
2034070962499922,-0.36370903,-0.85244304,9.820743,-0.2536659,-0.018775271,0.034221593,-40.8625,-9.725,-48.15,sitting
2034070982499922,-0.33020952,-1.0055838,9.916455,-0.21531641,-0.009187899,0.04167844,-40.825,-9.725,-48.0875,sitting
2034071002499922,-0.28713873,-0.9912268,10.04148,-0.086419515,0.02809633,0.022503695,-40.8625,-9.75,-48.0875,sitting
2034071022499922,-0.2536392,-0.76630145,9.854242,0.04354265,0.041944757,0.017177377,-40.850002,-9.8,-48.075,sitting
2034071042499922,-0.29192436,-0.48873404,9.643674,0.046738442,0.013182637,0.02996054,-40.9,-9.8,-48.1125,sitting
2034071062499922,-0.3589234,-0.33020952,9.567103,-0.031025803,0.0046605286,0.008655267,-40.8875,-9.7875,-48.15,sitting
2034071082499922,-0.43070808,-0.43609193,9.619745,-0.050200548,0.0046605286,-0.019041587,-40.8875,-9.775001,-48.2,sitting
2034071102499922,-0.33499518,-0.6801598,9.787243,0.020106852,-0.011318427,-0.0073236874,-40.8125,-9.75,-48.2,sitting
2034071122499922,-0.31106696,-0.8668,9.887741,0.118111104,-0.037950017,-0.008388951,-40.75,-9.75,-48.162502,sitting
2034071142499922,-0.29192436,-0.9194421,9.940384,0.16072164,-0.0326237,-0.026498433,-40.7625,-9.75,-48.175,sitting
2034071162499922,-0.27756742,-0.8380861,9.87817,0.14793849,0.002530001,-0.01691106,-40.7625,-9.75,-48.225002,sitting
2034071182499922,-0.34456646,-0.6753742,9.748958,0.1532648,0.013182637,-0.020106852,-40.75,-9.712501,-48.2375,sitting
2034071202499922,-0.44027936,-0.5988039,9.705887,0.18508956,3.9947388E-4,-0.061518975,-40.725002,-9.7,-48.2375,sitting
2034071222499922,-0.47856453,-0.68494546,9.792028,0.16924377,-0.009187899,-0.06897582,-40.725002,-9.712501,-48.2125,sitting
2034071242499922,-0.41156548,-0.89072824,9.859028,0.059521604,-6.6578976E-4,-0.015845796,-40.7125,-9.7,-48.175,sitting
2034071262499922,-0.33020952,-1.1300105,9.988838,-0.08855004,-0.0049268445,0.019307904,-40.725002,-9.725,-48.0875,sitting
2034071282499922,-0.18664017,-1.2831511,10.098908,-0.20892483,-0.027297381,0.00972053,-40.7375,-9.75,-48.0125,sitting
2034071302499922,-0.08075777,-1.1491531,10.051051,-0.2515354,-0.02410159,0.025699485,-40.775,-9.7875,-48.05,sitting
2034071322499922,-0.2105684,-0.7280163,9.835099,-0.2366217,-0.0017310535,0.042743705,-40.775,-9.8125,-48.05,sitting
2034071342499922,-0.47856453,-0.23449662,9.605389,-0.17057534,0.023835273,0.026764749,-40.775,-9.8,-48.0625,sitting
2034071362499922,-0.44985065,-0.019142581,9.337392,-0.055526868,0.06325003,0.019307904,-40.75,-9.8125,-48.0625,sitting
2034071382499922,-0.19621146,-0.24885355,9.323035,0.029694224,0.06538056,0.04700476,-40.725002,-9.8,-48.037502,sitting
2034071402499922,-0.28713873,-0.71365935,9.787243,0.065913185,0.018508956,0.05872266,-40.7,-9.825,-47.9875,sitting
2034071422499922,-0.35413775,-1.015155,10.15155,0.10319742,-0.033688962,0.0075900033,-40.725002,-9.8125,-48.0625,sitting
2034071442499922,-0.2536392,-1.1395818,10.070194,0.11171953,-0.04860265,-0.02223738,-40.725002,-9.7625,-48.2,sitting
2034071462499922,-0.2009971,-1.0007981,9.897313,0.07017424,-0.031558435,-0.019041587,-40.65,-9.712501,-48.1875,sitting
2034071482499922,-0.36370903,-0.7328019,9.854242,0.04034686,-0.016644744,-0.054062128,-40.65,-9.6875,-48.2125,sitting
2034071502499922,-0.44027936,-0.48394838,9.681958,0.05206476,-0.014514217,-0.07217161,-40.662502,-9.6875,-48.2,sitting
2034071522499922,-0.46899325,-0.5270192,9.567103,0.06165213,-0.029427908,-0.038083173,-40.65,-9.7,-48.1875,sitting
2034071542499922,-0.5168497,-0.8428718,9.859028,0.013715269,-0.028362645,-0.013715269,-40.675,-9.75,-48.25,sitting
2034071562499922,-0.44985065,-1.2209377,10.194621,-0.05659213,-0.013448954,-0.009454215,-40.675,-9.725,-48.1875,sitting
2034071582499922,-0.2632105,-1.2783655,10.232906,-0.10239847,-0.002796317,-0.0019973693,-40.662502,-9.7375,-48.175,sitting
2034071602499922,-0.16749759,-0.8859426,9.935597,-0.09387636,0.009986847,0.00972053,-40.65,-9.7625,-48.15,sitting
2034071622499922,-0.2009971,-0.34516466,9.54796,-0.03635212,0.032357384,0.026764749,-40.675,-9.8,-48.15,sitting
2034071642499922,-0.32542387,-0.019142581,9.366106,0.01691106,0.03448791,0.037417386,-40.662502,-9.8125,-48.100002,sitting
2034071662499922,-0.2536392,-0.17228323,9.294321,0.013715269,0.020639483,0.044874232,-40.662502,-9.7875,-48.15,sitting
2034071682499922,-0.31585258,-0.5940182,9.705887,-0.04061318,0.01957422,0.042743705,-40.7,-9.7875,-48.1875,sitting
2034071702499922,-0.43070808,-0.9720842,10.103694,-0.04807002,0.01957422,0.011851058,-40.7,-9.7375,-48.15,sitting
2034071722499922,-0.28713873,-1.1778669,10.132407,0.036085807,-0.0038615807,-0.014780533,-40.675,-9.7625,-48.25,sitting
2034071742499922,-0.07597212,-1.1204392,9.978668,0.09254478,-0.036884755,-0.019041587,-40.662502,-9.775001,-48.275,sitting
2034071762499922,-0.26799613,-0.77587277,9.835099,0.08295741,-0.040080544,-0.029694224,-40.7,-9.7875,-48.2375,sitting
2034071782499922,-0.5312066,-0.4552345,9.69153,0.09147952,-0.029427908,-0.030759487,-40.7125,-9.7625,-48.2125,sitting
2034071802499922,-0.5072784,-0.4121637,9.595817,0.08721846,-0.023036325,-0.041278966,-40.7375,-9.775001,-48.2375,sitting
2034071822499922,-0.45942193,-0.6945168,9.710672,0.04567318,-0.009187899,-0.05725792,-40.725002,-9.825,-48.1875,sitting
2034071842499922,-0.43070808,-1.1204392,10.036695,-0.034221593,0.012117374,-0.035952646,-40.7375,-9.8,-48.162502,sitting
2034071862499922,-0.25842485,-1.3549358,10.247263,-0.13009532,0.021704746,0.016112113,-40.7375,-9.7875,-48.15,sitting
2034071882499922,-0.08075777,-1.1682956,10.118051,-0.1514006,0.02277001,0.027830012,-40.787502,-9.7875,-48.2,sitting
2034071902499922,-0.2105684,-0.61794645,9.7681,-0.05872266,0.024900537,0.024634222,-40.8,-9.75,-48.100002,sitting
2034071922499922,-0.40677986,-0.06699903,9.442677,0.04034686,0.023835273,0.03635212,-40.775,-9.725,-48.075,sitting
2034071942499922,-0.37806597,0.014356935,9.227323,0.029694224,0.023835273,0.054461602,-40.8,-9.725,-48.1125,sitting
2034071962499922,-0.2440679,-0.40259242,9.47139,-0.04061318,0.024900537,0.06617951,-40.7625,-9.725,-48.05,sitting
2034071982499922,-0.36370903,-0.8380861,9.984053,-0.05872266,0.0259658,0.043808967,-40.8,-9.75,-47.9875,sitting
2034072002499922,-0.41156548,-1.1060823,10.170692,-0.003328949,0.009986847,-0.0051931604,-40.787502,-9.8,-47.925,sitting
2034072022499922,-0.18185452,-1.1778669,10.060623,0.05526055,-0.0326237,-0.023302643,-40.787502,-9.85,-47.9625,sitting
2034072042499922,-0.15314065,-1.015155,9.892527,0.038216334,-0.043276336,-0.020106852,-40.775,-9.85,-47.8125,sitting
2034072062499922,-0.47856453,-0.6945168,9.820743,0.0105194785,-0.023036325,-0.032890014,-40.7625,-9.900001,-47.8,sitting
2034072082499922,-0.6364908,-0.51266223,9.715458,0.050999496,-0.017710008,-0.030759487,-40.775,-9.8875,-47.8125,sitting
2034072102499922,-0.49292147,-0.6897311,9.686745,0.07976162,-0.017710008,-0.032890014,-40.75,-9.8875,-47.7625,sitting
2034072122499922,-0.3589234,-1.0534402,9.954741,0.0627174,-0.009187899,-0.052996866,-40.75,-9.85,-47.825,sitting
2034072142499922,-0.28235307,-1.16351,10.156336,0.044607915,0.008921583,-0.054062128,-40.7,-9.837501,-47.9,sitting
2034072162499922,-0.148355,-0.9098708,9.969097,0.023302643,0.01957422,-0.009454215,-40.662502,-9.8,-47.9375,sitting
2034072182499922,-0.18185452,-0.50787663,9.610174,-0.011851058,0.02277001,0.027830012,-40.675,-9.775001,-48.0,sitting
2034072202499922,-0.36370903,-0.23449662,9.485747,0.006258424,0.018508956,0.037417386,-40.6875,-9.7625,-48.0875,sitting
2034072222499922,-0.4019942,-0.27756742,9.466604,0.044607915,0.015313165,0.043808967,-40.6875,-9.6625,-48.1125,sitting
2034072242499922,-0.29192436,-0.6131608,9.696316,0.038216334,0.018508956,0.052331075,-40.6875,-9.650001,-48.162502,sitting
2034072262499922,-0.35413775,-0.8955139,9.945169,-0.01824264,0.023835273,0.052331075,-40.6875,-9.6625,-48.2,sitting
2034072282499922,-0.3397808,-1.0199406,10.027123,-0.107724786,0.016378429,0.039547913,-40.7,-9.712501,-48.15,sitting
2034072302499922,-0.23928227,-0.96729857,9.964312,-0.19720693,-0.0070573715,0.028895276,-40.7125,-9.7375,-48.162502,sitting
2034072322499922,-0.32063824,-0.799801,9.820743,-0.19933745,-0.026232118,0.022503695,-40.7625,-9.7625,-48.2125,sitting
2034072342499922,-0.46899325,-0.6897311,9.772886,-0.086419515,-0.009187899,-0.0019973693,-40.725002,-9.75,-48.125,sitting
2034072362499922,-0.4977071,-0.7280163,9.763314,-0.11518163,0.06325003,0.010785795,-40.7125,-9.7375,-48.125,sitting
2034072382499922,-0.43070808,-0.9625129,9.906884,-0.04061318,0.02277001,-0.034887385,-40.725002,-9.825,-48.125,sitting
2034072402499922,-0.3397808,-1.1204392,10.103694,0.07443529,-0.020905798,-0.07962846,-40.725002,-9.85,-48.1125,sitting
2034072422499922,-0.22492532,-1.0295119,10.051051,0.12343743,-0.023036325,-0.055127393,-40.7125,-9.8625,-48.0875,sitting
2034072442499922,-0.20578274,-0.67058855,9.69153,0.100001626,-0.020905798,0.039547913,-40.7125,-9.875,-48.1125,sitting
2034072462499922,-0.28713873,-0.31106696,9.643674,-0.025699485,-0.015579481,0.062983714,-40.7,-9.837501,-48.075,sitting
2034072482499922,-0.28235307,-0.16749759,9.457033,-0.057657395,0.0014647375,-0.03701791,-40.6875,-9.8125,-48.100002,sitting
2034072502499922,-0.26799613,-0.3930211,9.480962,0.024367906,-0.0049268445,0.01824264,-40.7,-9.837501,-48.0,sitting
2034072522499922,-0.3062813,-0.75194454,9.84467,0.05419529,-0.0017310535,0.021438431,-40.7125,-9.837501,-47.9375,sitting
2034072542499922,-0.36370903,-0.9912268,10.060623,0.027563697,3.9947388E-4,-0.027563697,-40.675,-9.8,-47.95,sitting
2034072562499922,-0.27756742,-1.0390832,10.012766,0.0105194785,-0.008122635,0.0022636852,-40.6875,-9.837501,-47.9375,sitting
2034072582499922,-0.29671,-0.8668,9.873384,0.0073236874,-0.018775271,-0.014780533,-40.7,-9.837501,-48.0,sitting
2034072602499922,-0.39720857,-0.6418747,9.782457,0.0105194785,-0.029427908,-0.046605285,-40.7125,-9.7875,-48.0625,sitting
2034072622499922,-0.4211368,-0.5509474,9.720243,0.053130023,-0.029427908,-0.041278966,-40.7,-9.775001,-48.025,sitting
2034072642499922,-0.44985065,-0.6753742,9.7298155,0.13409007,-0.009187899,-0.03701791,-40.6875,-9.775001,-47.9375,sitting
2034072662499922,-0.4354937,-0.948156,9.949955,0.19787273,-6.6578976E-4,-0.047670547,-40.662502,-9.712501,-48.05,sitting
2034072682499922,-0.28713873,-1.1587243,10.089336,0.19787273,0.029161593,-0.11904321,-40.662502,-9.712501,-48.175,sitting
2034072702499922,-0.19621146,-1.0677971,10.04148,0.15433007,0.045140546,-0.18295904,-40.6875,-9.7,-48.225002,sitting
2034072722499922,-0.22013968,-0.6753742,9.839885,0.07443529,0.05472792,-0.10199899,-40.6375,-9.6625,-48.162502,sitting
2034072742499922,-0.33499518,-0.28713873,9.524033,-0.044874232,0.04087949,0.08748478,-40.625,-9.6375,-48.1125,sitting
2034072762499922,-0.38285163,-0.17228323,9.375677,-0.13755217,0.00785632,0.116246894,-40.625,-9.6125,-48.15,sitting
2034072782499922,-0.32063824,-0.43609193,9.576674,-0.20040272,-0.020905798,0.052331075,-40.6375,-9.587501,-48.1375,sitting
2034072802499922,-0.33499518,-0.785444,9.887741,-0.25792697,-0.015579481,0.08109319,-40.662502,-9.5375,-48.25,sitting
2034072822499922,-0.38285163,-0.99601245,10.00798,-0.25792697,-0.016644744,0.09494162,-40.7,-9.575,-48.2125,sitting
2034072842499922,-0.24885355,-1.0390832,10.012766,-0.12157321,-0.010253162,0.034221593,-40.7,-9.575,-48.175,sitting
2034072862499922,-0.22492532,-0.90508515,9.887741,0.06910898,0.012117374,-0.0051931604,-40.725002,-9.6,-48.2,sitting
2034072882499922,-0.4211368,-0.72323066,9.792028,0.11491532,0.0035952649,0.027830012,-40.7125,-9.6125,-48.2125,sitting
2034072902499922,-0.4833502,-0.66101724,9.748958,0.008388951,-0.015579481,0.011851058,-40.7,-9.55,-48.2375,sitting
2034072922499922,-0.41635114,-0.8668,9.84467,-0.05872266,-0.008122635,-0.043409493,-40.7125,-9.475,-48.2625,sitting
2034072942499922,-0.3589234,-1.082154,10.031909,0.0041278964,-0.009187899,-0.02223738,-40.7125,-9.35,-48.2625,sitting
2034072962499922,-0.3062813,-1.0055838,10.079765,0.09147952,-0.017710008,-0.020106852,-40.6875,-9.2375,-48.1375,sitting
2034072982499922,-0.20578274,-0.6801598,9.796814,0.07337003,-0.005992108,-0.03701791,-40.6875,-9.125,-48.100002,sitting
2034073002499922,-0.23928227,-0.31585258,9.557532,0.047803707,0.014247901,-0.017976323,-40.7125,-9.0125,-48.075,sitting
2034073022499922,-0.39720857,-0.2009971,9.428319,0.086153194,0.018508956,0.0022636852,-40.7,-9.05,-48.0,sitting
2034073042499922,-0.3589234,-0.48394838,9.576674,0.06910898,0.005725792,0.013981585,-40.7375,-9.1,-48.100002,sitting
2034073062499922,-0.28713873,-0.79501534,9.91167,-0.008655267,0.005725792,0.031025803,-40.8,-9.212501,-48.05,sitting
2034073082499922,-0.30149564,-0.9625129,9.988838,-0.06191845,0.00785632,0.034221593,-40.775,-9.3,-47.95,sitting
2034073102499922,-0.25842485,-1.015155,9.945169,-0.08748478,0.01957422,0.025699485,-40.775,-9.400001,-48.075,sitting
2034073122499922,-0.22013968,-0.933799,9.902099,-0.051265813,0.04620581,0.019307904,-40.7375,-9.5125,-48.100002,sitting
2034073142499922,-0.3589234,-0.71365935,9.811171,-0.09068057,-0.051798444,0.019307904,-40.725002,-9.625,-48.175,sitting
2034073162499922,-0.4881358,-0.5413761,9.69153,-0.09707215,-0.016644744,-0.0051931604,-40.7,-9.725,-48.125,sitting
2034073182499922,-0.46899325,-0.5844469,9.720243,0.014780533,-0.02410159,0.0043942127,-40.7,-9.7,-48.125,sitting
2034073202499922,-0.4881358,-0.7710871,9.820743,-0.003328949,-0.043276336,0.0022636852,-40.675,-9.6,-48.100002,sitting
2034073222499922,-0.4546363,-1.0773684,9.978668,-0.08215846,0.0035952649,-0.02862896,-40.625,-9.5,-48.1375,sitting
2034073242499922,-0.2009971,-1.2592229,10.146765,-0.06831003,0.018508956,-0.023302643,-40.5875,-9.462501,-48.1875,sitting
2034073262499922,-0.008973085,-1.082154,10.04148,-0.02996054,0.013182637,-0.0030626329,-40.625,-9.4125,-48.25,sitting
2034073282499922,-0.17706887,-0.61794645,9.744172,-0.003328949,0.021704746,0.017177377,-40.662502,-9.3875,-48.3375,sitting
2034073302499922,-0.44027936,-0.14356937,9.495318,0.039281595,0.020639483,0.027830012,-40.662502,-9.4125,-48.350002,sitting
2034073322499922,-0.41635114,-0.05742774,9.380463,0.06165213,0.008921583,0.023568958,-40.6375,-9.3875,-48.4625,sitting
2034073342499922,-0.2440679,-0.39780676,9.447462,0.049934234,-0.005992108,0.0054594763,-40.600002,-9.3875,-48.5125,sitting
2034073362499922,-0.36370903,-0.86201435,9.906884,0.050999496,-0.020905798,-0.008388951,-40.625,-9.4125,-48.5875,sitting
2034073382499922,-0.38763726,-1.0773684,10.175478,0.032890014,-0.0070573715,-0.015845796,-40.6125,-9.462501,-48.600002,sitting
2034073402499922,-0.18664017,-1.1395818,10.04148,-0.0043942127,0.0035952649,-0.02862896,-40.625,-9.5,-48.575,sitting
2034073422499922,-0.11006984,-0.99601245,9.882956,-0.00972053,-0.011318427,-0.043409493,-40.5625,-9.625,-48.5625,sitting
2034073442499922,-0.42592242,-0.6466603,9.830314,0.027563697,-0.0326237,-0.07004108,-40.5,-9.6875,-48.6375,sitting
2034073462499922,-0.57427746,-0.45044887,9.705887,0.064847924,-0.030493172,-0.071106344,-40.475002,-9.675,-48.7125,sitting
2034073482499922,-0.42592242,-0.53180486,9.610174,0.07976162,-0.008122635,-0.041278966,-40.4875,-9.7,-48.8375,sitting
2034073502499922,-0.3924229,-0.8380861,9.806385,0.06378266,0.014247901,-0.014780533,-40.4875,-9.675,-48.9375,sitting
2034073522499922,-0.38285163,-1.1587243,10.122836,-0.013981585,0.012117374,-0.0030626329,-40.4625,-9.6875,-48.975002,sitting
2034073542499922,-0.17706887,-1.1826526,10.15155,-0.096006885,0.01105211,0.017177377,-40.5125,-9.6625,-49.100002,sitting
2034073562499922,-0.13399807,-0.8955139,9.902099,-0.0896153,0.016378429,0.021438431,-40.525,-9.650001,-49.175,sitting
2034073582499922,-0.35413775,-0.39780676,9.667602,-0.02996054,0.012117374,0.023568958,-40.525,-9.6,-49.2,sitting
2034073602499922,-0.41635114,-0.13399807,9.404391,0.011584742,0.005725792,0.037417386,-40.5625,-9.5625,-49.1375,sitting
2034073622499922,-0.29192436,-0.28713873,9.409177,0.032890014,-0.0017310535,0.04167844,-40.5875,-9.575,-49.1875,sitting
2034073642499922,-0.27756742,-0.6945168,9.7298155,0.03715107,0.0035952649,0.03528686,-40.5875,-9.575,-49.15,sitting
2034073662499922,-0.33020952,-1.096511,10.065409,0.019041587,0.00785632,0.031025803,-40.5875,-9.6625,-49.075,sitting
2034073682499922,-0.22492532,-1.2975081,10.228121,-0.017177377,-0.0049268445,0.015046849,-40.575,-9.712501,-48.9625,sitting
2034073702499922,-0.18185452,-1.1252248,10.127622,-0.04167844,-0.013448954,-9.321057E-4,-40.55,-9.75,-48.8875,sitting
2034073722499922,-0.43070808,-0.6658029,9.839885,-0.037417386,-0.0070573715,0.0043942127,-40.537502,-9.8,-48.9,sitting
2034073742499922,-0.57906306,-0.29192436,9.605389,-0.017177377,-0.0038615807,0.0075900033,-40.5625,-9.85,-48.8625,sitting
2034073762499922,-0.47856453,-0.2440679,9.480962,-0.016112113,-0.0017310535,0.0011984216,-40.537502,-9.900001,-48.8125,sitting
2034073782499922,-0.41635114,-0.5605187,9.672387,-0.031025803,0.005725792,-0.0041278964,-40.5,-9.900001,-48.7,sitting
2034073802499922,-0.4833502,-0.9098708,10.031909,-0.03528686,0.00785632,1.3315796E-4,-40.4625,-9.925,-48.6375,sitting
2034073822499922,-0.3493521,-1.0534402,10.161121,-0.020373167,0.0014647375,-0.0019973693,-40.5,-9.8625,-48.7125,sitting
2034073842499922,-0.2105684,-0.785444,9.935597,-0.0011984216,-6.6578976E-4,-0.006258424,-40.4875,-9.837501,-48.725002,sitting
2034073862499922,-0.28235307,-0.38823548,9.567103,0.02223738,-0.0017310535,-0.0030626329,-40.4875,-9.825,-48.725002,sitting
2034073882499922,-0.2632105,-0.2536392,9.428319,0.047803707,-0.0038615807,-0.008388951,-40.4875,-9.8125,-48.7,sitting
2034073902499922,-0.31106696,-0.4743771,9.61496,0.07230477,-0.0070573715,-0.015845796,-40.4625,-9.8125,-48.6125,sitting
2034073922499922,-0.4019942,-0.7040881,9.87817,0.10106689,-0.011318427,-0.024367906,-40.4625,-9.7875,-48.625,sitting
2034073942499922,-0.36370903,-0.8955139,9.964312,0.12663321,-0.0049268445,-0.02862896,-40.5,-9.8125,-48.662502,sitting
2034073962499922,-0.31106696,-0.95772725,9.949955,0.13409007,0.002530001,-0.029694224,-40.5625,-9.7875,-48.662502,sitting
2034073982499922,-0.3397808,-0.8955139,9.91167,0.10532794,-0.0038615807,-0.026498433,-40.525,-9.837501,-48.55,sitting
2034074002499922,-0.42592242,-0.8237292,9.882956,0.0051931604,-0.01238369,-0.006258424,-40.5875,-9.8625,-48.4875,sitting
2034074022499922,-0.44027936,-0.8045866,9.854242,-0.13329111,-0.009187899,0.01824264,-40.6125,-9.8875,-48.45,sitting
2034074042499922,-0.39720857,-0.84765744,9.892527,-0.1982722,-0.005992108,0.015046849,-40.6375,-9.9375,-48.375,sitting
2034074062499922,-0.3924229,-0.79501534,9.892527,-0.15459639,-0.0017310535,0.011851058,-40.7,-9.95,-48.5,sitting
2034074082499922,-0.3589234,-0.61794645,9.825528,-0.08215846,-6.6578976E-4,0.008655267,-40.725002,-10.0,-48.575,sitting
2034074102499922,-0.29192436,-0.45044887,9.653245,-0.027830012,0.009986847,0.003328949,-40.6875,-9.975,-48.7125,sitting
2034074122499922,-0.21535404,-0.40737805,9.605389,-0.022503695,0.018508956,0.021438431,-40.6375,-10.05,-48.8625,sitting
2034074142499922,-0.22971097,-0.46959144,9.610174,-0.044874232,0.027031064,0.026764749,-40.6125,-10.075,-49.075,sitting
2034074162499922,-0.38763726,-0.56530434,9.777672,-1.3315796E-4,0.01105211,0.00652474,-40.525,-10.1,-49.3,sitting
2034074182499922,-0.33020952,-0.7423732,9.873384,0.08402267,-0.019840535,0.00652474,-40.45,-10.1,-49.5625,sitting
2034074202499922,-0.22971097,-0.8333005,9.87817,0.10213215,-0.015579481,0.019307904,-40.375,-10.025001,-49.8375,sitting
2034074222499922,-0.32063824,-0.76630145,9.882956,0.08508793,-0.002796317,0.02996054,-40.3375,-10.05,-50.0125,sitting
2034074242499922,-0.38285163,-0.6801598,9.84467,0.098936364,-0.011318427,0.025699485,-40.275,-10.025001,-50.15,sitting
2034074262499922,-0.3684947,-0.6562316,9.782457,0.12343743,-0.016644744,-0.011584742,-40.25,-10.05,-50.1875,sitting
2034074282499922,-0.41635114,-0.718445,9.772886,0.11917637,-0.019840535,-0.034887385,-40.25,-10.025001,-50.2375,sitting
2034074302499922,-0.43070808,-0.933799,9.921241,0.065913185,-0.029427908,-0.021172116,-40.2625,-10.0375,-50.2625,sitting
2034074322499922,-0.38285163,-1.0342976,10.137193,-0.031025803,-0.03581949,-0.009454215,-40.25,-10.0375,-50.2375,sitting
2034074342499922,-0.31106696,-0.8668,10.003195,-0.13861743,-0.02410159,-0.0073236874,-40.3125,-10.075,-50.1875,sitting
2034074362499922,-0.29671,-0.57009,9.715458,-0.19188061,-0.010253162,-0.009454215,-40.350002,-10.1,-50.225002,sitting
2034074382499922,-0.3493521,-0.2727818,9.586246,-0.16844481,-0.008122635,-0.019041587,-40.3125,-10.1,-50.2625,sitting
2034074402499922,-0.28713873,-0.2105684,9.490533,-0.107724786,3.9947388E-4,-0.032890014,-40.3625,-10.150001,-50.287502,sitting
2034074422499922,-0.20578274,-0.43609193,9.562318,-0.010785795,0.033422645,-0.0051931604,-40.325,-10.225,-50.3375,sitting
2034074442499922,-0.32063824,-0.71365935,9.897313,0.053130023,0.052597392,0.054461602,-40.325,-10.225,-50.2375,sitting
2034074462499922,-0.4211368,-0.8333005,9.993624,0.042477388,0.036618438,0.024634222,-40.287502,-10.1625,-50.2,sitting
2034074482499922,-0.41156548,-0.87158567,9.930812,0.039281595,0.017443692,0.008655267,-40.3375,-10.1625,-50.287502,sitting
2034074502499922,-0.3924229,-0.6945168,9.916455,0.053130023,0.013182637,0.022503695,-40.2375,-10.1375,-50.2625,sitting
2034074522499922,-0.34456646,-0.57009,9.725029,0.044607915,0.008921583,-0.0019973693,-40.225002,-10.1625,-50.125,sitting
2034074542499922,-0.32063824,-0.58923256,9.6580305,0.013715269,-0.008122635,-0.017976323,-40.1875,-10.150001,-50.037502,sitting
2034074562499922,-0.4211368,-0.76630145,9.84467,-0.016112113,-0.016644744,-0.0105194785,-40.1875,-10.1125,-49.8375,sitting
2034074582499922,-0.5168497,-1.015155,10.070194,-0.028895276,-0.019840535,-0.019041587,-40.2375,-10.05,-49.675,sitting
2034074602499922,-0.41635114,-1.0295119,10.146765,0.011584742,-0.034754228,-0.02543317,-40.2125,-10.0625,-49.65,sitting
2034074622499922,-0.28235307,-0.7902297,9.945169,0.05206476,-0.04860265,-0.034887385,-40.2625,-10.075,-49.6125,sitting
2034074642499922,-0.23449662,-0.37387854,9.629316,0.06058687,-0.050733183,-0.038083173,-40.2375,-10.0375,-49.4875,sitting
2034074662499922,-0.28713873,-0.15792629,9.433105,0.031824753,-0.03581949,-0.038083173,-40.25,-10.0,-49.375,sitting
2034074682499922,-0.31106696,-0.32542387,9.490533,-0.020373167,-0.011318427,-0.013715269,-40.25,-9.925,-49.3375,sitting
2034074702499922,-0.32063824,-0.67058855,9.8015995,-0.034221593,0.015313165,0.022503695,-40.287502,-9.85,-49.3125,sitting
2034074722499922,-0.40677986,-0.90029955,10.036695,-0.0011984216,0.02277001,0.019307904,-40.2625,-9.7875,-49.412502,sitting
2034074742499922,-0.37328035,-0.9385847,10.012766,0.03502054,0.0259658,0.031025803,-40.2625,-9.7625,-49.425,sitting
2034074762499922,-0.28235307,-0.77587277,9.882956,0.031824753,0.041944757,0.06831003,-40.287502,-9.675,-49.375,sitting
2034074782499922,-0.4019942,-0.53180486,9.725029,-0.008655267,0.052597392,0.09281109,-40.3,-9.6125,-49.2625,sitting
2034074802499922,-0.4546363,-0.5174479,9.662816,-0.05872266,0.038748965,0.10452899,-40.3375,-9.6,-49.225002,sitting
2034074822499922,-0.44027936,-0.75194454,9.8015995,-0.085354246,0.027031064,0.06191845,-40.3625,-9.650001,-49.3,sitting
2034074842499922,-0.4642076,-1.082154,10.07498,-0.039547913,3.9947388E-4,-0.031824753,-40.3875,-9.675,-49.3125,sitting
2034074862499922,-0.3684947,-1.1922239,10.237692,0.049934234,-0.033688962,-0.030759487,-40.412502,-9.75,-49.25,sitting
2034074882499922,-0.2440679,-0.933799,10.04148,0.09361004,-0.050733183,-0.017976323,-40.412502,-9.825,-49.1875,sitting
2034074902499922,-0.30149564,-0.38823548,9.624531,0.097871095,-0.051798444,-0.060453713,-40.425,-9.875,-49.162502,sitting
2034074922499922,-0.3397808,-0.014356935,9.423533,0.109588996,-0.06351634,-0.054062128,-40.425,-9.9375,-49.1875,sitting
2034074942499922,-0.19142582,-0.13878371,9.313464,0.12343743,-0.06245108,-0.030759487,-40.375,-9.975,-49.2125,sitting
2034074962499922,-0.3062813,-0.56530434,9.667602,0.08295741,-0.029427908,-0.030759487,-40.3875,-10.0125,-49.275,sitting
2034074982499922,-0.44027936,-0.8380861,10.079765,-0.016112113,0.016378429,-0.030759487,-40.3875,-9.962501,-49.225002,sitting
2034075002499922,-0.33020952,-0.9912268,10.017552,-0.08322372,0.030226856,-0.008388951,-40.3625,-9.8875,-49.075,sitting
2034075022499922,-0.14356937,-0.96729857,9.926026,-0.054461602,0.012117374,0.020373167,-40.3375,-9.775001,-49.0625,sitting
2034075042499922,-0.32063824,-0.66101724,9.854242,0.0030626329,0.0067910557,0.038482647,-40.375,-9.6875,-49.075,sitting
2034075062499922,-0.47377887,-0.46959144,9.667602,0.02543317,0.02277001,0.045939494,-40.350002,-9.6,-49.0875,sitting
2034075082499922,-0.42592242,-0.5605187,9.662816,0.015845796,0.02809633,0.054461602,-40.350002,-9.6,-49.037502,sitting
2034075102499922,-0.43070808,-0.8428718,9.873384,-0.027830012,0.02809633,0.04807002,-40.4,-9.5625,-49.075,sitting
2034075122499922,-0.4881358,-1.0677971,10.122836,-0.116246894,0.030226856,0.026764749,-40.3875,-9.55,-48.95,sitting
2034075142499922,-0.37328035,-1.1012967,10.165907,-0.18975009,0.02277001,0.012916322,-40.3875,-9.575,-48.9,sitting
2034075162499922,-0.23449662,-0.75673014,9.916455,-0.15246587,-0.002796317,0.011851058,-40.412502,-9.675,-48.9,sitting
2034075182499922,-0.25842485,-0.29671,9.54796,-0.015046849,-0.043276336,-0.009454215,-40.4875,-9.7375,-48.8875,sitting
2034075202499922,-0.30149564,-0.09571291,9.346964,0.11278479,-0.04753739,-0.032890014,-40.475002,-9.7625,-48.825,sitting
2034075222499922,-0.22013968,-0.37387854,9.476176,0.14580797,-0.04114581,-0.02543317,-40.525,-9.8,-48.75,sitting
2034075242499922,-0.28713873,-0.68494546,9.882956,0.14580797,-0.03581949,-0.047670547,-40.537502,-9.775001,-48.7375,sitting
2034075262499922,-0.41156548,-0.85244304,10.00798,0.14367743,-0.020905798,-0.084954776,-40.4875,-9.7875,-48.7375,sitting
2034075282499922,-0.38285163,-0.9194421,9.949955,0.08402267,0.024900537,-0.038083173,-40.4875,-9.775001,-48.725002,sitting
2034075302499922,-0.3397808,-0.8237292,9.892527,0.03715107,0.0494016,0.020373167,-40.5125,-9.775001,-48.675,sitting
2034075322499922,-0.4019942,-0.6466603,9.8015995,0.08189214,0.0014647375,-0.0105194785,-40.537502,-9.8,-48.787502,sitting
2034075342499922,-0.44027936,-0.57009,9.7298155,0.12237216,-0.01238369,0.010785795,-40.4875,-9.875,-48.7125,sitting
2034075362499922,-0.4354937,-0.66101724,9.753743,0.08934899,0.035553172,0.06511424,-40.525,-9.9875,-48.75,sitting
2034075382499922,-0.44027936,-0.9098708,9.916455,0.024367906,0.05792371,0.031025803,-40.5,-10.05,-48.787502,sitting
2034075402499922,-0.39720857,-1.1108679,10.118051,-0.09174583,0.052597392,0.032091066,-40.4625,-10.087501,-48.787502,sitting
2034075422499922,-0.32542387,-0.96729857,10.07498,-0.26005748,0.029161593,0.037417386,-40.5,-10.125,-48.787502,sitting
2034075442499922,-0.2632105,-0.5557331,9.772886,-0.37603807,0.0035952649,0.028895276,-40.525,-10.175,-48.925,sitting
2034075462499922,-0.3062813,-0.20578274,9.457033,-0.36751595,-0.013448954,0.04807002,-40.5125,-10.2,-49.0,sitting
2034075482499922,-0.2727818,-0.2105684,9.404391,-0.19188061,-0.019840535,0.017177377,-40.537502,-10.175,-49.037502,sitting
2034075502499922,-0.33020952,-0.5461618,9.686745,0.13835111,-0.009187899,-0.05086634,-40.537502,-10.1,-49.175,sitting
2034075522499922,-0.37328035,-0.8380861,9.978668,0.30759487,-0.023036325,-0.0051931604,-40.5,-10.025001,-49.1375,sitting
2034075542499922,-0.3684947,-0.9194421,10.003195,0.13728586,-0.0017310535,-0.021172116,-40.5125,-9.9875,-49.15,sitting
2034075562499922,-0.25842485,-0.89072824,9.854242,-1.3315796E-4,0.021704746,-0.07004108,-40.5625,-9.925,-49.225002,sitting
2034075582499922,-0.28235307,-0.7423732,9.830314,-0.003328949,0.014247901,-0.009454215,-40.575,-9.8875,-49.175,sitting
2034075602499922,-0.40677986,-0.56530434,9.782457,0.0105194785,-0.002796317,0.021438431,-40.5875,-9.85,-49.15,sitting
2034075622499922,-0.44985065,-0.53180486,9.686745,0.07337003,-0.010253162,0.0022636852,-40.65,-9.8125,-49.15,sitting
2034075642499922,-0.46899325,-0.66101724,9.739387,0.129829,0.012117374,0.0022636852,-40.6125,-9.775001,-49.075,sitting
2034075662499922,-0.46899325,-0.948156,9.964312,0.07230477,0.035553172,-0.006258424,-40.6125,-9.775001,-48.9875,sitting
2034075682499922,-0.36370903,-1.1395818,10.122836,-0.022503695,0.023835273,-0.013715269,-40.600002,-9.7875,-49.025,sitting
2034075702499922,-0.31585258,-1.0438689,10.098908,-0.09387636,-0.008122635,0.0075900033,-40.575,-9.837501,-49.0625,sitting
2034075722499922,-0.32542387,-0.68494546,9.882956,-0.16631429,-0.013448954,0.023568958,-40.5875,-9.837501,-49.025,sitting
2034075742499922,-0.2727818,-0.29671,9.562318,-0.19614168,-0.011318427,0.016112113,-40.6125,-9.875,-49.037502,sitting
2034075762499922,-0.33499518,-0.11964113,9.409177,-0.15353112,-0.009187899,0.008655267,-40.5875,-9.875,-48.9625,sitting
2034075782499922,-0.18664017,-0.38344982,9.452248,-0.072571084,-0.010253162,-0.01691106,-40.55,-9.900001,-48.9375,sitting
2034075802499922,-0.2727818,-0.71365935,9.87817,0.017976323,-0.0049268445,-0.024367906,-40.5875,-9.900001,-48.875,sitting
2034075822499922,-0.3924229,-0.90508515,10.051051,0.05206476,0.0014647375,0.01824264,-40.575,-9.95,-48.875,sitting
2034075842499922,-0.33499518,-0.96729857,9.978668,-0.00972053,-6.6578976E-4,0.013981585,-40.625,-9.925,-48.8375,sitting
2034075862499922,-0.29671,-0.8668,9.921241,-0.044874232,0.015313165,-0.006258424,-40.65,-9.825,-48.7625,sitting
2034075882499922,-0.42592242,-0.5844469,9.811171,-0.0011984216,0.014247901,0.010785795,-40.6375,-9.825,-48.75,sitting
2034075902499922,-0.45942193,-0.48394838,9.662816,0.07017424,-0.005992108,-9.321057E-4,-40.625,-9.775001,-48.7,sitting
2034075922499922,-0.37328035,-0.5844469,9.672387,0.1063932,-0.018775271,-0.0126500055,-40.625,-9.6875,-48.75,sitting
2034075942499922,-0.44506502,-0.84765744,9.930812,0.12876374,-0.0049268445,-0.017976323,-40.600002,-9.5625,-48.9,sitting
2034075962499922,-0.44985065,-1.0582259,10.084551,0.16604798,-0.0049268445,-0.02862896,-40.5875,-9.525001,-48.9875,sitting
2034075982499922,-0.33499518,-1.0630114,10.103694,0.17763272,-0.02410159,-0.054062128,-40.575,-9.45,-49.037502,sitting
2034076002499922,-0.2440679,-0.81894356,9.87817,0.16711323,-0.026232118,-0.063649505,-40.55,-9.4375,-49.05,sitting
2034076022499922,-0.25842485,-0.41694933,9.662816,0.13941638,-0.034754228,-0.05086634,-40.5,-9.462501,-49.075,sitting
2034076042499922,-0.3397808,-0.15314065,9.495318,0.07443529,-0.03581949,-0.046605285,-40.4625,-9.4875,-49.075,sitting
2034076062499922,-0.31106696,-0.2632105,9.418748,-0.045939494,-0.02410159,-0.027563697,-40.4375,-9.475,-49.1125,sitting
2034076082499922,-0.31585258,-0.60358953,9.720243,-0.16524902,-0.014514217,0.00652474,-40.4375,-9.525001,-49.075,sitting
2034076102499922,-0.3397808,-0.90508515,10.027123,-0.24194801,0.005725792,0.027830012,-40.425,-9.6375,-48.9375,sitting
2034076122499922,-0.31585258,-0.95772725,10.022338,-0.28455856,0.0259658,0.019307904,-40.412502,-9.650001,-48.9625,sitting
2034076142499922,-0.27756742,-0.89072824,9.887741,-0.2749712,0.0494016,0.02996054,-40.4,-9.7,-48.9875,sitting
2034076162499922,-0.36370903,-0.67058855,9.796814,-0.17590165,0.06751108,0.024634222,-40.45,-9.725,-48.9875,sitting
2034076182499922,-0.47856453,-0.53659046,9.744172,0.029694224,0.050466865,0.015046849,-40.45,-9.7375,-48.9375,sitting
2034076202499922,-0.4977071,-0.6801598,9.734601,0.19680746,0.0035952649,0.03528686,-40.4875,-9.712501,-48.8625,sitting
2034076222499922,-0.44506502,-0.9290134,9.964312,0.12663321,-6.6578976E-4,0.01824264,-40.4625,-9.7375,-48.8,sitting
2034076242499922,-0.3684947,-1.096511,10.1084795,-0.026764749,0.005725792,-0.0030626329,-40.45,-9.7625,-48.8,sitting
2034076262499922,-0.27756742,-0.9625129,10.04148,-0.062983714,-0.01238369,-0.008388951,-40.4875,-9.8,-48.8125,sitting
2034076282499922,-0.22492532,-0.56530434,9.763314,-0.019307904,-0.027297381,-0.023302643,-40.525,-9.962501,-48.7375,sitting
2034076302499922,-0.32063824,-0.21535404,9.47139,0.06378266,-0.04114581,-0.02862896,-40.575,-10.075,-48.7,sitting
2034076322499922,-0.3493521,-0.22013968,9.399606,0.1063932,-0.04221107,-0.023302643,-40.5625,-10.075,-48.675,sitting
2034076342499922,-0.28235307,-0.5413761,9.672387,0.076565824,-0.034754228,-0.024367906,-40.575,-10.1125,-48.775,sitting
2034076362499922,-0.32063824,-0.8428718,9.964312,0.041412123,-0.02410159,-0.027563697,-40.5875,-10.150001,-48.8875,sitting
2034076382499922,-0.37328035,-0.94337034,10.031909,0.024367906,-0.009187899,-0.021172116,-40.6125,-10.1875,-49.025,sitting
2034076402499922,-0.29671,-0.9385847,9.949955,-0.01824264,0.020639483,-0.009454215,-40.6375,-10.225,-49.0,sitting
2034076422499922,-0.29192436,-0.7710871,9.830314,-0.06724477,0.041944757,0.00652474,-40.6375,-10.225,-49.0125,sitting
2034076442499922,-0.41156548,-0.5844469,9.772886,-0.04807002,0.03448791,0.019307904,-40.600002,-10.150001,-48.9875,sitting
2034076462499922,-0.45942193,-0.5796613,9.7298155,0.026498433,0.014247901,0.01824264,-40.537502,-10.0375,-49.0,sitting
2034076482499922,-0.4211368,-0.77587277,9.815957,0.04886897,0.00785632,0.013981585,-40.5,-10.087501,-49.1125,sitting
2034076502499922,-0.4211368,-0.99601245,10.036695,-0.003328949,0.023835273,0.01824264,-40.475002,-10.0625,-49.100002,sitting
2034076522499922,-0.35413775,-0.9625129,10.084551,-0.084288985,0.03448791,0.019307904,-40.475002,-10.0375,-49.1375,sitting
2034076542499922,-0.2105684,-0.69930243,9.835099,-0.15033533,0.03448791,0.024634222,-40.45,-10.0125,-49.0,sitting
2034076562499922,-0.22971097,-0.36909288,9.58146,-0.1482048,0.013182637,0.022503695,-40.412502,-10.0375,-49.0875,sitting
2034076582499922,-0.32542387,-0.23449662,9.457033,-0.04061318,-0.019840535,-0.006258424,-40.3625,-10.05,-49.0875,sitting
2034076602499922,-0.28713873,-0.4552345,9.552746,0.07123951,-0.04114581,-0.013715269,-40.4,-10.1125,-49.25,sitting
2034076622499922,-0.26799613,-0.76630145,9.854242,0.053130023,-0.034754228,0.0043942127,-40.412502,-10.150001,-49.25,sitting
2034076642499922,-0.3684947,-0.9385847,9.998409,-0.022503695,-0.011318427,-0.0041278964,-40.412502,-10.125,-49.25,sitting
2034076662499922,-0.39720857,-0.9529416,10.003195,-0.031025803,0.008921583,-0.0019973693,-40.425,-10.1625,-49.3125,sitting
2034076682499922,-0.34456646,-0.81894356,9.892527,0.04034686,0.03448791,0.00972053,-40.3875,-10.2,-49.25,sitting
2034076702499922,-0.42592242,-0.60358953,9.748958,0.05526055,-0.013448954,0.0011984216,-40.375,-10.225,-49.3875,sitting
2034076722499922,-0.53599226,-0.49351966,9.696316,0.0041278964,-0.021971062,-0.008388951,-40.375,-10.1875,-49.4,sitting
2034076742499922,-0.5024927,-0.651446,9.725029,0.14261217,0.04620581,0.044874232,-40.425,-10.1875,-49.525,sitting
2034076762499922,-0.40677986,-0.96729857,9.897313,0.30120328,0.03448791,0.057657395,-40.375,-10.087501,-49.575,sitting
2034076782499922,-0.20578274,-1.2209377,10.094122,0.22130851,0.014247901,0.0075900033,-40.350002,-10.0375,-49.600002,sitting
2034076802499922,0.005383851,-1.1826526,10.122836,0.097871095,0.014247901,-0.04234423,-40.375,-10.0375,-49.5625,sitting
2034076822499922,-0.09032906,-0.8237292,9.859028,0.030759487,-0.023036325,-0.017976323,-40.350002,-10.025001,-49.55,sitting
2034076842499922,-0.40677986,-0.32542387,9.610174,-0.107724786,0.0014647375,0.013981585,-40.375,-10.05,-49.7,sitting
2034076862499922,-0.5168497,-0.09571291,9.457033,-0.2515354,-0.013448954,-0.015845796,-40.375,-10.0,-49.725002,sitting
2034076882499922,-0.36370903,-0.32542387,9.447462,-0.24727432,-0.060320552,0.003328949,-40.375,-10.0,-49.8,sitting
2034076902499922,-0.33020952,-0.7280163,9.796814,-0.15353112,-0.060320552,0.034221593,-40.3125,-9.900001,-49.7125,sitting
2034076922499922,-0.37328035,-0.98644114,10.122836,-0.08748478,-0.013448954,-0.014780533,-40.287502,-9.875,-49.625,sitting
2034076942499922,-0.25842485,-0.9720842,10.046266,-0.052331075,0.045140546,-0.031824753,-40.3125,-9.900001,-49.575,sitting
2034076962499922,-0.32063824,-0.78065836,9.8015995,0.0051931604,0.037683703,0.026764749,-40.25,-9.8625,-49.5875,sitting
2034076982499922,-0.46899325,-0.51266223,9.739387,0.038216334,0.016378429,0.022503695,-40.3375,-9.85,-49.525,sitting
2034077002499922,-0.5312066,-0.46002015,9.710672,0.009454215,0.0067910557,-9.321057E-4,-40.3625,-9.8125,-49.4375,sitting
2034077022499922,-0.4546363,-0.77587277,9.739387,-1.3315796E-4,0.013182637,0.017177377,-40.3625,-9.875,-49.3625,sitting
2034077042499922,-0.22013968,-1.1012967,10.017552,0.053130023,0.0035952649,0.0054594763,-40.4,-9.8875,-49.3,sitting
2034077062499922,-0.124426775,-1.096511,10.070194,0.053130023,0.002530001,-0.0030626329,-40.412502,-9.925,-49.4,sitting
2034077082499922,-0.16271193,-0.94337034,9.902099,-0.016112113,0.0046605286,0.0011984216,-40.4375,-9.95,-49.4,sitting
2034077102499922,-0.24885355,-0.60837513,9.830314,-0.051265813,-0.002796317,-0.006258424,-40.45,-9.925,-49.412502,sitting
2034077122499922,-0.47856453,-0.27756742,9.595817,-0.01824264,-0.018775271,-0.0019973693,-40.4875,-9.962501,-49.325,sitting
2034077142499922,-0.44506502,-0.25842485,9.399606,0.006258424,-0.018775271,-0.0019973693,-40.425,-9.9875,-49.3125,sitting
2034077162499922,-0.22971097,-0.5940182,9.69153,-0.0022636852,-0.020905798,-0.0073236874,-40.412502,-9.962501,-49.275,sitting
2034077182499922,-0.21535404,-0.87637126,9.978668,-0.01824264,-0.017710008,-0.0051931604,-40.4,-9.962501,-49.3,sitting
2034077202499922,-0.3062813,-0.9720842,9.978668,-0.028895276,0.005725792,-0.0041278964,-40.4,-9.975,-49.2375,sitting
2034077222499922,-0.3397808,-0.86201435,9.940384,-0.034221593,0.012117374,1.3315796E-4,-40.412502,-10.05,-49.100002,sitting
2034077242499922,-0.46899325,-0.6897311,9.854242,-0.011851058,0.014247901,0.0075900033,-40.45,-10.05,-49.05,sitting
2034077262499922,-0.526421,-0.6131608,9.7681,0.024367906,0.0067910557,0.008655267,-40.4625,-10.05,-49.0625,sitting
2034077282499922,-0.43070808,-0.75673014,9.796814,0.04886897,0.014247901,0.012916322,-40.475002,-10.0625,-49.1375,sitting
2034077302499922,-0.3589234,-0.8955139,9.945169,0.039281595,0.015313165,0.008655267,-40.5,-10.0125,-49.075,sitting
2034077322499922,-0.33020952,-0.94337034,10.012766,0.02223738,0.002530001,0.0022636852,-40.5,-10.025001,-49.05,sitting
2034077342499922,-0.2440679,-0.7375876,9.863813,0.013715269,0.0014647375,-9.321057E-4,-40.55,-10.0125,-49.05,sitting
2034077362499922,-0.21535404,-0.41694933,9.605389,-0.00972053,0.002530001,-0.0073236874,-40.525,-9.975,-49.175,sitting
2034077382499922,-0.32542387,-0.31106696,9.485747,-0.010785795,-0.0049268445,-0.0073236874,-40.4875,-9.962501,-49.45,sitting
2034077402499922,-0.32542387,-0.43130627,9.629316,0.02223738,-0.020905798,-0.013715269,-40.425,-9.9875,-49.6125,sitting
2034077422499922,-0.33020952,-0.6897311,9.782457,0.08508793,0.002530001,-0.021172116,-40.325,-10.05,-49.6875,sitting
2034077442499922,-0.42592242,-0.85244304,9.916455,0.11065426,0.0046605286,-0.01691106,-40.3,-10.0,-49.7,sitting
2034077462499922,-0.4019942,-0.9194421,9.964312,0.12876374,0.0046605286,-0.0073236874,-40.3125,-9.95,-49.8125,sitting
2034077482499922,-0.33020952,-0.9242278,9.921241,0.07337003,0.0014647375,0.012916322,-40.2375,-9.8625,-49.925,sitting
2034077502499922,-0.40677986,-0.78065836,9.892527,-0.011851058,0.009986847,0.020373167,-40.2,-9.7875,-49.95,sitting
2034077522499922,-0.52163535,-0.69930243,9.763314,-0.08002793,0.0046605286,0.00652474,-40.225002,-9.775001,-49.925,sitting
2034077542499922,-0.51206404,-0.85244304,9.825528,-0.1279648,0.0035952649,0.012916322,-40.2375,-9.675,-49.7625,sitting
2034077562499922,-0.38763726,-1.1491531,10.070194,-0.13116059,0.0035952649,0.026764749,-40.2625,-9.675,-49.625,sitting
2034077582499922,-0.28235307,-1.0677971,10.146765,-0.117312156,-0.0017310535,0.023568958,-40.3625,-9.675,-49.5,sitting
2034077602499922,-0.23928227,-0.6801598,9.811171,-0.09281109,0.0014647375,0.008655267,-40.350002,-9.675,-49.55,sitting
2034077622499922,-0.29192436,-0.23449662,9.452248,-0.015046849,3.9947388E-4,-0.0073236874,-40.325,-9.75,-49.5125,sitting
2034077642499922,-0.2727818,-0.09092726,9.399606,0.057391077,-0.005992108,-0.0030626329,-40.3375,-9.85,-49.4375,sitting
2034077662499922,-0.30149564,-0.39780676,9.490533,0.01691106,-0.0038615807,-0.0073236874,-40.350002,-9.925,-49.4625,sitting
2034077682499922,-0.3684947,-0.785444,9.91167,-0.032091066,0.005725792,-0.019041587,-40.3375,-9.962501,-49.3625,sitting
2034077702499922,-0.3493521,-1.0007981,10.098908,0.021172116,3.9947388E-4,-0.0105194785,-40.3625,-10.05,-49.3,sitting
2034077722499922,-0.26799613,-1.0390832,9.984053,0.088283725,-0.0070573715,-0.01691106,-40.3875,-9.9875,-49.325,sitting
2034077742499922,-0.30149564,-0.8285148,9.926026,0.12556796,-0.0070573715,-0.030759487,-40.3375,-9.975,-49.325,sitting
2034077762499922,-0.44506502,-0.5605187,9.753743,0.15113428,0.0014647375,-0.017976323,-40.350002,-9.975,-49.3,sitting
2034077782499922,-0.4881358,-0.50787663,9.619745,0.13941638,0.008921583,0.0054594763,-40.375,-9.925,-49.3375,sitting
2034077802499922,-0.4354937,-0.7423732,9.772886,0.041412123,0.01105211,0.0054594763,-40.3875,-9.875,-49.3625,sitting
2034077822499922,-0.40677986,-1.0917253,10.065409,-0.08855004,0.002530001,0.00972053,-40.375,-9.85,-49.3125,sitting
2034077842499922,-0.33020952,-1.2113664,10.199407,-0.15353112,-0.01238369,0.022503695,-40.3875,-9.8125,-49.3625,sitting
2034077862499922,-0.22971097,-0.9098708,9.973883,-0.15033533,-0.013448954,0.026764749,-40.4,-9.725,-49.3375,sitting
2034077882499922,-0.2632105,-0.40259242,9.643674,-0.11944269,-0.0017310535,0.022503695,-40.350002,-9.75,-49.325,sitting
2034077902499922,-0.39720857,-0.062213387,9.413962,-0.06511424,0.00785632,0.012916322,-40.3625,-9.7375,-49.45,sitting
2034077922499922,-0.2440679,-0.18185452,9.3613205,9.321057E-4,0.012117374,0.00972053,-40.350002,-9.75,-49.412502,sitting
2034077942499922,-0.22013968,-0.61794645,9.6580305,0.017976323,0.005725792,0.00652474,-40.3125,-9.7625,-49.412502,sitting
2034077962499922,-0.41635114,-0.9290134,10.036695,-0.020373167,0.0035952649,1.3315796E-4,-40.3125,-9.837501,-49.5,sitting
2034077982499922,-0.37328035,-1.082154,10.127622,-0.049135286,0.016378429,0.0011984216,-40.3125,-9.85,-49.525,sitting
2034078002499922,-0.21535404,-1.0869397,9.954741,-0.027830012,0.02277001,0.008655267,-40.3375,-9.9125,-49.525,sitting
2034078022499922,-0.35413775,-0.78065836,9.897313,0.06165213,-0.0038615807,-0.0019973693,-40.3375,-9.975,-49.55,sitting
2034078042499922,-0.5455636,-0.4743771,9.734601,0.11491532,-0.014514217,-0.015845796,-40.3625,-9.95,-49.55,sitting
2034078062499922,-0.46899325,-0.49830532,9.591031,0.09147952,0.0046605286,-0.011584742,-40.3875,-9.9125,-49.4625,sitting
2034078082499922,-0.37328035,-0.77587277,9.763314,0.07869635,3.9947388E-4,-0.029694224,-40.4,-9.9375,-49.4875,sitting
2034078102499922,-0.42592242,-1.1060823,10.055838,0.09147952,-0.016644744,-0.027563697,-40.412502,-9.9375,-49.4625,sitting
2034078122499922,-0.32542387,-1.1922239,10.213763,0.07337003,-0.019840535,-9.321057E-4,-40.425,-9.925,-49.3125,sitting
2034078142499922,-0.19142582,-0.8668,9.978668,-0.00652474,-0.018775271,0.008655267,-40.4625,-9.875,-49.275,sitting
2034078162499922,-0.2727818,-0.3499503,9.595817,-0.09920268,-0.0038615807,0.012916322,-40.425,-9.8,-49.287502,sitting
2034078182499922,-0.36370903,-0.047856454,9.313464,-0.13009532,-0.0017310535,0.01824264,-40.4375,-9.7375,-49.275,sitting
2034078202499922,-0.28235307,-0.2727818,9.366106,-0.12370374,0.0014647375,0.013981585,-40.412502,-9.75,-49.175,sitting
2034078222499922,-0.26799613,-0.6945168,9.806385,-0.116246894,0.012117374,0.00972053,-40.4375,-9.7625,-49.125,sitting
2034078242499922,-0.3684947,-0.90508515,10.04148,-0.07044056,0.0259658,0.011851058,-40.4375,-9.725,-49.025,sitting
2034078262499922,-0.4354937,-0.9385847,9.988838,-0.01824264,0.029161593,0.021438431,-40.4625,-9.725,-48.95,sitting
2034078282499922,-0.42592242,-0.89072824,9.87817,-0.0043942127,0.02809633,0.026764749,-40.475002,-9.6625,-48.9375,sitting
2034078302499922,-0.39720857,-0.84765744,9.882956,0.014780533,0.020639483,0.025699485,-40.412502,-9.7375,-48.9,sitting
2034078322499922,-0.4546363,-0.948156,9.882956,0.041412123,0.0046605286,0.010785795,-40.4375,-9.75,-48.8125,sitting
2034078342499922,-0.44985065,-1.0773684,10.017552,0.042477388,-0.011318427,-0.0030626329,-40.425,-9.7875,-48.7375,sitting
2034078362499922,-0.3589234,-1.1108679,10.079765,0.023302643,-0.01238369,-0.0030626329,-40.4875,-9.8,-48.8,sitting
2034078382499922,-0.22492532,-0.84765744,9.945169,0.015845796,-0.0017310535,-0.006258424,-40.4625,-9.8125,-48.775,sitting
2034078402499922,-0.3062813,-0.3499503,9.696316,0.006258424,-0.010253162,-0.0105194785,-40.4625,-9.85,-48.7625,sitting
2034078422499922,-0.31585258,-0.13399807,9.327821,0.0041278964,-0.01238369,-0.006258424,-40.4625,-9.8875,-48.8375,sitting
2034078442499922,-0.15792629,-0.29192436,9.356535,0.0105194785,-0.030493172,-0.013715269,-40.45,-9.9125,-48.8125,sitting
2034078462499922,-0.37806597,-0.60358953,9.787243,-0.0054594763,-0.025166854,-0.015845796,-40.525,-9.8875,-48.975002,sitting
2034078482499922,-0.42592242,-0.81894356,10.027123,-0.017177377,-0.0017310535,-0.0073236874,-40.475002,-9.8625,-49.0125,sitting
2034078502499922,-0.16271193,-0.9720842,9.930812,-0.03315633,0.017443692,-9.321057E-4,-40.425,-9.775001,-49.0125,sitting
2034078522499922,-0.07597212,-0.9816555,9.811171,-0.031025803,0.021704746,0.0011984216,-40.3875,-9.7875,-49.037502,sitting
2034078542499922,-0.3062813,-0.90508515,9.91167,-0.010785795,0.009986847,0.0011984216,-40.375,-9.7625,-49.05,sitting
2034078562499922,-0.52163535,-0.8045866,9.954741,0.0041278964,0.014247901,0.008655267,-40.375,-9.7375,-49.037502,sitting
2034078582499922,-0.49292147,-0.7280163,9.84467,0.01691106,0.00785632,0.00652474,-40.350002,-9.6875,-49.025,sitting
2034078602499922,-0.4211368,-0.71365935,9.7298155,0.03715107,-0.0070573715,-0.0030626329,-40.3625,-9.650001,-49.05,sitting
2034078622499922,-0.41156548,-0.81894356,9.882956,0.06165213,-0.009187899,-0.009454215,-40.3375,-9.650001,-48.8375,sitting
2034078642499922,-0.2727818,-0.90029955,9.945169,0.07017424,-6.6578976E-4,-0.021172116,-40.375,-9.675,-48.8375,sitting
2034078662499922,-0.148355,-0.799801,9.863813,0.09041425,-0.009187899,-0.023302643,-40.4375,-9.7875,-48.8875,sitting
2034078682499922,-0.28713873,-0.56530434,9.734601,0.12769848,-0.02410159,-0.017976323,-40.475002,-9.75,-48.825,sitting
2034078702499922,-0.35413775,-0.4456632,9.634102,0.13728586,-0.029427908,-0.014780533,-40.4875,-9.75,-48.787502,sitting
2034078722499922,-0.30149564,-0.49830532,9.629316,0.058456343,-0.026232118,-0.0105194785,-40.5,-9.7375,-48.8625,sitting
2034078742499922,-0.33020952,-0.637089,9.772886,-0.09920268,-0.0070573715,0.0075900033,-40.4875,-9.7375,-48.8125,sitting
2034078762499922,-0.3589234,-0.75194454,9.830314,-0.20040272,0.0067910557,0.01824264,-40.5,-9.8,-48.7625,sitting
2034078782499922,-0.29671,-0.8237292,9.854242,-0.1833585,0.00785632,0.010785795,-40.5,-9.75,-48.850002,sitting
2034078802499922,-0.3062813,-0.7710871,9.873384,-0.13116059,0.024900537,0.017177377,-40.4875,-9.75,-48.95,sitting
2034078822499922,-0.38763726,-0.7328019,9.806385,-0.074701615,0.051532127,0.024634222,-40.475002,-9.712501,-48.925,sitting
2034078842499922,-0.37806597,-0.7902297,9.815957,-0.0075900033,0.047271073,0.03315633,-40.4375,-9.7375,-48.8875,sitting
2034078862499922,-0.38763726,-0.8285148,9.916455,0.020106852,0.02277001,0.03528686,-40.412502,-9.75,-48.9,sitting
2034078882499922,-0.39720857,-0.8333005,9.902099,0.038216334,0.002530001,0.010785795,-40.412502,-9.775001,-48.875,sitting
2034078902499922,-0.3684947,-0.76630145,9.825528,0.05419529,-0.01238369,-0.006258424,-40.4625,-9.775001,-48.9375,sitting
2034078922499922,-0.3397808,-0.6466603,9.782457,0.04886897,-0.013448954,-0.009454215,-40.4625,-9.7625,-48.9625,sitting
2034078942499922,-0.33499518,-0.5270192,9.710672,0.038216334,-0.015579481,-0.026498433,-40.5,-9.825,-48.95,sitting
2034078962499922,-0.32542387,-0.53659046,9.6580305,0.07017424,-0.017710008,-0.027563697,-40.525,-9.875,-48.875,sitting
2034078982499922,-0.3589234,-0.63230336,9.739387,0.100001626,-0.02410159,-0.02223738,-40.537502,-9.8625,-48.9,sitting
2034079002499922,-0.4019942,-0.7088737,9.854242,0.07123951,-0.030493172,-0.017976323,-40.537502,-9.875,-48.95,sitting
2034079022499922,-0.40677986,-0.76630145,9.854242,0.16711323,0.4041344,-0.04234423,-40.575,-9.900001,-48.875,sitting
2034079042499922,-0.3684947,-0.8141579,9.859028,-0.18868482,0.48389602,-0.19041587,-40.55,-9.9125,-48.850002,sitting
2034079062499922,-0.3589234,-0.79501534,9.830314,-0.33036488,0.32637015,-0.24261379,-40.4875,-9.925,-48.8125,sitting
2034079082499922,-0.33499518,-0.8141579,9.825528,-0.27603644,0.055793185,-0.22343905,-40.45,-9.900001,-48.8125,sitting
2034079102499922,-0.30149564,-0.8237292,9.868599,0.006258424,-0.25193486,-0.1105211,-40.4375,-9.875,-48.775,sitting
2034079122499922,-0.3589234,-0.75194454,9.8015995,0.23302642,-0.31052434,0.13542163,-40.412502,-9.8625,-48.7125,sitting
2034079142499922,-0.4642076,-0.71365935,9.763314,0.30546436,-0.14434323,0.26431856,-40.412502,-9.875,-48.662502,sitting
2034079162499922,-0.40677986,-0.8045866,9.882956,0.2660496,0.058988973,0.12050795,-40.412502,-9.85,-48.7,sitting
2034079182499922,-0.3062813,-0.90508515,9.906884,0.24794011,0.1580585,-0.03395528,-40.3625,-9.8125,-48.850002,sitting
2034079202499922,-0.25842485,-0.8380861,9.863813,0.2010685,0.24754064,-0.02543317,-40.350002,-9.775001,-48.925,sitting
2034079222499922,-0.22013968,-0.6562316,9.758529,-0.043808967,0.41159123,-0.14674006,-40.350002,-9.7625,-48.912502,sitting
2034079242499922,-0.21535404,-0.51266223,9.667602,-0.39947388,0.333827,-0.34700963,-40.350002,-9.7625,-48.825,sitting
2034079262499922,-0.34456646,-0.47916272,9.629316,-0.585895,0.115447946,-0.29055065,-40.3625,-9.7375,-48.8125,sitting
2034079282499922,-0.44506502,-0.6227321,9.748958,-0.48789075,-0.11345058,-0.19467694,-40.3625,-9.725,-48.8375,sitting
2034079302499922,-0.3589234,-0.77587277,9.892527,-0.17696692,-0.33182964,-0.13928322,-40.3625,-9.775001,-48.8375,sitting
2034079322499922,-0.32542387,-0.8428718,9.892527,0.08721846,-0.34248227,0.021438431,-40.3875,-9.8125,-48.875,sitting
2034079342499922,-0.29192436,-0.75194454,9.859028,0.2159822,-0.21038957,0.18229324,-40.4375,-9.825,-48.825,sitting
2034079362499922,-0.3397808,-0.60837513,9.744172,0.2894854,-0.057124764,0.15566164,-40.5,-9.85,-48.7625,sitting
2034079382499922,-0.37328035,-0.6131608,9.696316,0.3448791,0.13249217,0.027830012,-40.575,-9.925,-48.775,sitting
2034079402499922,-0.37806597,-0.68494546,9.796814,0.09680583,0.5456813,-0.1893506,-40.600002,-9.9375,-48.825,sitting
2034079422499922,-0.44027936,-0.86201435,9.863813,-0.31971225,0.560595,-0.3864244,-40.575,-9.975,-48.850002,sitting
2034079442499922,-0.44506502,-1.082154,10.003195,-0.4921518,0.25073642,-0.34807488,-40.575,-9.95,-48.8875,sitting
2034079462499922,-0.29192436,-1.1970096,10.127622,-0.48789075,-0.10599373,-0.31079066,-40.6125,-9.875,-48.9875,sitting
2034079482499922,-0.22971097,-0.91465646,10.051051,-0.20785956,-0.39787596,-0.2660496,-40.6125,-9.775001,-48.912502,sitting
2034079502499922,-0.3589234,-0.4552345,9.672387,0.05526055,-0.41492018,0.015046849,-40.6125,-9.775001,-48.9,sitting
2034079522499922,-0.32542387,-0.2105684,9.404391,0.20213377,-0.27324012,0.26751432,-40.537502,-9.7625,-48.975002,sitting
2034079542499922,-0.28235307,-0.33020952,9.514461,0.29374644,-0.09653952,0.23555642,-40.5,-9.675,-49.037502,sitting
2034079562499922,-0.3589234,-0.61794645,9.787243,0.33529174,0.10053425,0.055526868,-40.5125,-9.625,-49.037502,sitting
2034079582499922,-0.3684947,-0.8668,9.959526,0.13835111,0.47430864,-0.17550218,-40.475002,-9.6375,-49.075,sitting
2034079602499922,-0.25842485,-1.0103694,9.993624,-0.2920154,0.57976973,-0.38748965,-40.525,-9.6875,-49.125,sitting
2034079622499922,-0.12921242,-0.9625129,9.921241,-0.40799597,0.26991117,-0.32357383,-40.5125,-9.7625,-49.0875,sitting
2034079642499922,-0.26799613,-0.7088737,9.825528,-0.33995226,-0.0560595,-0.17124113,-40.4875,-9.837501,-49.1125,sitting
2034079662499922,-0.4833502,-0.47916272,9.715458,-0.07576688,-0.31798118,-0.06684529,-40.525,-9.8875,-49.025,sitting
2034079682499922,-0.4211368,-0.47916272,9.634102,0.17869797,-0.3382212,0.18975009,-40.55,-9.875,-49.037502,sitting
2034079702499922,-0.3684947,-0.6562316,9.758529,0.27670223,-0.24341275,0.36658385,-40.55,-9.9125,-49.0,sitting
2034079722499922,-0.39720857,-0.8811569,9.959526,0.30013803,-0.11238532,0.25792697,-40.5,-9.925,-48.9875,sitting
2034079742499922,-0.3062813,-1.082154,10.051051,0.27031064,0.09946899,0.05339634,-40.55,-9.875,-48.9375,sitting
2034079762499922,-0.2105684,-1.082154,10.027123,0.023302643,0.5520729,-0.2277001,-40.537502,-9.775001,-48.850002,sitting
2034079782499922,-0.3397808,-0.7615158,9.8015995,-0.3930823,0.6479466,-0.50466865,-40.5125,-9.725,-48.8,sitting
2034079802499922,-0.4019942,-0.4121637,9.811171,-0.5347623,0.29334697,-0.41731703,-40.525,-9.675,-48.8,sitting
2034079822499922,-0.2009971,-0.2632105,9.509675,-0.4367581,-0.11345058,-0.23622221,-40.4875,-9.6625,-48.825,sitting
2034079842499922,-0.08075777,-0.4408776,9.413962,-0.08109319,-0.42770335,-0.1105211,-40.525,-9.6375,-48.850002,sitting
2034079862499922,-0.3684947,-0.637089,9.835099,0.19041587,-0.42450756,0.19188061,-40.5125,-9.650001,-48.850002,sitting
2034079882499922,-0.44985065,-0.8285148,9.993624,0.29694223,-0.2508696,0.38788912,-40.5125,-9.650001,-48.787502,sitting
2034079902499922,-0.17706887,-0.9816555,9.87817,0.35233596,-0.0677774,0.2802975,-40.4875,-9.675,-48.775,sitting
2034079922499922,-0.0951147,-0.96729857,9.902099,0.29800752,0.2805638,0.04807002,-40.45,-9.7375,-48.787502,sitting
2034079942499922,-0.3589234,-0.718445,9.916455,-0.08215846,0.70760137,-0.27563697,-40.45,-9.75,-48.825,sitting
2034079962499922,-0.47856453,-0.5461618,9.705887,-0.3834949,0.5190497,-0.42477387,-40.4375,-9.7875,-48.8375,sitting
2034079982499922,-0.38285163,-0.5557331,9.677173,-0.39947388,0.06431529,-0.29161593,-40.4,-9.7875,-48.95,sitting
2034080002499922,-0.4211368,-0.718445,9.772886,-0.16205323,-0.36911386,-0.13289164,-40.375,-9.8625,-48.9,sitting
2034080022499922,-0.44985065,-1.0199406,9.984053,0.15433007,-0.50440234,0.21105535,-40.3875,-9.85,-48.9375,sitting
2034080042499922,-0.26799613,-1.230509,10.170692,0.33209595,-0.36804858,0.50493497,-40.4625,-9.8875,-49.037502,sitting
2034080062499922,-0.17706887,-1.0534402,10.094122,0.42477387,-0.23489064,0.4677839,-40.4625,-9.900001,-49.075,sitting
2034080082499922,-0.28713873,-0.5461618,9.748958,0.3651191,0.0067910557,0.30692908,-40.5125,-9.9125,-49.037502,sitting
2034080102499922,-0.33499518,-0.13399807,9.447462,0.038216334,0.4073302,-0.06471477,-40.525,-9.925,-49.05,sitting
2034080122499922,-0.2536392,-0.019142581,9.351749,-0.45486757,0.3689807,-0.49614653,-40.5625,-9.9125,-48.975002,sitting
2034080142499922,-0.28235307,-0.2440679,9.461819,-0.6817687,0.06644582,-0.5982787,-40.5625,-9.8875,-48.9625,sitting
2034080162499922,-0.4354937,-0.67058855,9.820743,-0.52943605,-0.19654115,-0.45779705,-40.55,-9.8,-48.8875,sitting
2034080182499922,-0.57906306,-1.1587243,10.089336,-0.055526868,-0.32863384,-0.1254348,-40.537502,-9.7625,-48.825,sitting
2034080202499922,-0.41635114,-1.3986049,10.357333,0.32676962,-0.24341275,0.29627645,-40.525,-9.7,-48.8375,sitting
2034080222499922,-0.037686955,-1.3022938,10.247263,0.5121255,-0.109189525,0.4880239,-40.537502,-9.6625,-48.8,sitting
2034080242499922,-0.08075777,-0.99601245,9.811171,0.48655918,0.04833634,0.3740407,-40.525,-9.6375,-48.8375,sitting
2034080262499922,-0.47856453,-0.47916272,9.725029,0.1649827,0.34980595,0.04061318,-40.5,-9.6875,-48.825,sitting
2034080282499922,-0.56470615,-0.15792629,9.667602,-0.33995226,0.430766,-0.3651191,-40.5,-9.7375,-48.912502,sitting
2034080302499922,-0.43070808,-0.2632105,9.337392,-0.60506976,0.11225215,-0.4652539,-40.55,-9.75,-48.850002,sitting
2034080322499922,-0.80877405,-0.28235307,10.027123,-0.46445495,-0.2125201,-0.31931278,-40.5625,-9.7625,-48.9,sitting
2034080342499922,-0.23449662,-1.0247263,9.672387,-0.03635212,-0.39148438,-0.05619266,-40.55,-9.825,-48.912502,sitting
2034080362499922,0.42652065,-1.422533,9.777672,0.29374644,-0.28815383,0.2973417,-40.5,-9.9125,-48.912502,sitting
2034080382499922,-0.6987042,-0.84765744,10.74497,0.43755704,-0.12942953,0.4645881,-40.475002,-9.975,-48.8625,sitting
2034080402499922,-0.6029913,-0.42652065,9.959526,0.44501388,0.002530001,0.35593122,-40.45,-10.0,-48.850002,sitting
2034080422499922,0.096311115,-0.10049855,9.055039,0.22556958,0.2720417,0.09920268,-40.5,-9.9125,-48.850002,sitting
2034080442499922,-0.29192436,-0.05742774,9.150752,-0.24727432,0.5052013,-0.30546436,-40.4875,-9.825,-48.825,sitting
2034080462499922,-0.37806597,-0.67058855,9.91167,-0.5837645,0.28482488,-0.51958233,-40.45,-9.8125,-48.8125,sitting
2034080482499922,-0.11485548,-0.8428718,10.529616,-0.55819815,-0.04753739,-0.42264336,-40.4,-9.825,-48.8375,sitting
2034080502499922,-0.38285163,-0.5461618,9.758529,-0.1950764,-0.34354752,-0.18828535,-40.425,-9.7875,-48.850002,sitting
2034080522499922,-0.3397808,-0.40737805,9.260822,0.21385168,-0.36698332,0.15779218,-40.45,-9.8,-48.8625,sitting
2034080542499922,-0.16749759,-0.51266223,9.849456,0.41412124,-0.1976064,0.43902177,-40.45,-9.75,-48.8625,sitting
2034080562499922,-0.38285163,-0.60358953,10.07498,0.45247072,-0.0326237,0.43689126,-40.4375,-9.712501,-48.8375,sitting
2034080582499922,-0.4211368,-0.6227321,9.753743,0.34381384,0.15379743,0.2504701,-40.350002,-9.7375,-48.8,sitting
2034080602499922,-0.33020952,-0.7280163,9.734601,-0.015046849,0.47111285,-0.107325315,-40.325,-9.775001,-48.850002,sitting
2034080622499922,-0.44506502,-0.7615158,9.998409,-0.4921518,0.45300338,-0.46951494,-40.3375,-9.7375,-48.925,sitting
2034080642499922,-0.51206404,-0.6658029,10.060623,-0.58269924,-0.11345058,-0.44927493,-40.3625,-9.725,-48.95,sitting
2034080662499922,-0.23928227,-0.66101724,9.758529,-0.3122554,-0.41385493,-0.13821796,-40.3375,-9.75,-48.8625,sitting
2034080682499922,-0.14356937,-0.5988039,9.686745,0.0105194785,-0.3765707,0.09174583,-40.3375,-9.712501,-48.850002,sitting
2034080702499922,-0.33499518,-0.47916272,9.830314,0.29587698,-0.2210422,0.23023011,-40.325,-9.725,-48.875,sitting
2034080722499922,-0.36370903,-0.45044887,9.753743,0.42264336,-0.08588688,0.39001966,-40.350002,-9.775001,-48.8625,sitting
2034080742499922,-0.2009971,-0.57009,9.701101,0.37790227,0.06005424,0.3442133,-40.375,-9.8125,-48.912502,sitting
2034080762499922,-0.37328035,-0.57009,9.882956,0.18615483,0.3423491,0.03528686,-40.4375,-9.8125,-48.787502,sitting
2034080782499922,-0.28235307,-0.6562316,9.787243,-0.28775433,0.54461604,-0.40453386,-40.425,-9.8625,-48.850002,sitting
2034080802499922,-0.4642076,-0.67058855,9.91167,-0.58696026,-0.2764359,-0.52171284,-40.4375,-9.9125,-48.75,sitting
2034080822499922,-0.4354937,-0.7615158,10.017552,-0.4399539,-0.28176224,-0.2628538,-40.475002,-9.9375,-48.8,sitting
2034080842499922,-0.29192436,-0.62751776,9.916455,-0.12370374,-0.18482324,-0.11371689,-40.475002,-9.95,-48.8625,sitting
2034080862499922,-0.4019942,-0.32063824,9.677173,0.2862896,-0.1038632,0.1364869,-40.5125,-9.925,-48.875,sitting
2034080882499922,-0.27756742,-0.23449662,9.528818,0.50147283,-0.03581949,0.545415,-40.4875,-9.837501,-48.8875,sitting
2034080902499922,-0.17706887,-0.45044887,9.586246,0.47590652,0.07709846,0.5709813,-40.5125,-9.7625,-48.850002,sitting
2034080922499922,-0.31106696,-0.5844469,9.830314,0.25220117,0.2986733,0.19720693,-40.525,-9.75,-48.8875,sitting
2034080942499922,-0.20578274,-0.6801598,10.051051,-0.20359851,0.3572628,-0.33422646,-40.4875,-9.675,-48.787502,sitting
2034080962499922,-0.3493521,-0.7088737,9.69153,-0.646615,-0.41598547,-0.55154026,-40.4625,-9.6625,-48.8,sitting
2034080982499922,-0.3493521,-0.6562316,9.820743,-0.5060002,-0.18162745,-0.37577176,-40.425,-9.650001,-48.825,sitting
2034081002499922,-0.55513483,-0.62751776,9.984053,-0.15672691,-0.11025479,-0.2245043,-40.425,-9.6625,-48.7,sitting
2034081022499922,-0.49292147,-0.6562316,10.051051,0.24580958,0.0046605286,0.12689953,-40.4,-9.6625,-48.75,sitting
2034081042499922,-0.12921242,-0.8285148,9.591031,0.47484127,0.023835273,0.5837645,-40.4375,-9.712501,-48.850002,sitting
2034081062499922,-0.28235307,-0.9098708,9.87817,0.4556665,0.021704746,0.6008087,-40.425,-9.775001,-48.9,sitting
2034081082499922,-0.59342,-0.785444,10.285548,0.32250857,0.114382684,0.2685796,-40.4,-9.85,-48.925,sitting
2034081102499922,-0.41635114,-0.7375876,9.820743,-0.025699485,0.27097642,-0.15632744,-40.4375,-9.9375,-48.975002,sitting
2034081122499922,-0.3397808,-0.5940182,9.696316,-0.53156656,-0.2711096,-0.49401602,-40.4625,-9.900001,-48.975002,sitting
2034081142499922,-0.35413775,-0.4552345,9.69153,-0.54434973,-0.24980432,-0.45779705,-40.4875,-9.8875,-48.95,sitting
2034081162499922,-0.22013968,-0.3595216,9.796814,-0.3154512,-0.18908429,-0.27989802,-40.4625,-9.85,-48.9875,sitting
2034081182499922,-0.047258247,-0.3930211,9.576674,0.08721846,-0.12303795,0.019307904,-40.475002,-9.8625,-48.9625,sitting
2034081202499922,-0.18664017,-0.5988039,9.586246,0.433296,-0.11664637,0.46671864,-40.4625,-9.875,-48.8625,sitting
2034081222499922,-0.32542387,-0.87637126,10.098908,0.4886897,-0.14540848,0.63383186,-40.4625,-9.8125,-48.850002,sitting
2034081242499922,-0.2632105,-0.9912268,10.232906,0.41092545,-0.12623374,0.4475439,-40.425,-9.725,-48.850002,sitting
2034081262499922,-0.15314065,-0.8572287,9.935597,0.19467694,0.03448791,0.19294588,-40.425,-9.6625,-48.850002,sitting
2034081282499922,-0.31106696,-0.4121637,9.739387,-0.2099901,0.25286695,-0.17443693,-40.4375,-9.675,-48.8125,sitting
2034081302499922,-0.44985065,-0.076570325,9.543175,-0.59548235,0.123970054,-0.4822981,-40.4,-9.650001,-48.8375,sitting
2034081322499922,-0.18185452,-0.29671,9.437891,-0.63170135,-0.16458324,-0.44394863,-40.4,-9.625,-48.850002,sitting
2034081342499922,-0.2009971,-0.60837513,9.882956,-0.28668907,-0.3733749,-0.18402429,-40.3875,-9.5625,-48.8875,sitting
2034081362499922,-0.36370903,-0.7471589,10.103694,0.1532648,-0.46392232,0.16098797,-40.3875,-9.5625,-48.925,sitting
2034081382499922,-0.2440679,-0.72323066,9.820743,0.4034686,-0.43729073,0.4997418,-40.3875,-9.6375,-48.875,sitting
2034081402499922,-0.21535404,-0.5796613,9.739387,0.44288337,-0.29667592,0.59548235,-40.425,-9.7,-48.8625,sitting
2034081422499922,-0.33020952,-0.5174479,9.830314,0.35766226,-0.1155811,0.43156493,-40.425,-9.775001,-48.8375,sitting
2034081442499922,-0.28235307,-0.5844469,9.863813,0.066978455,0.12610058,0.14074796,-40.4375,-9.775001,-48.9,sitting
2034081462499922,-0.13878371,-0.75194454,9.796814,-0.36338806,0.1463406,-0.083889514,-40.4375,-9.825,-48.925,sitting
2034081482499922,-0.2727818,-0.6562316,9.930812,-0.5613939,-0.01238369,-0.17656745,-40.4625,-9.85,-48.9375,sitting
2034081502499922,-0.36370903,-0.5174479,9.882956,-0.5187834,-0.13795164,-0.18508956,-40.4625,-9.900001,-48.912502,sitting
2034081522499922,-0.2632105,-0.46002015,9.638887,-0.2536659,-0.22317274,-0.084954776,-40.4625,-9.8875,-48.8625,sitting
2034081542499922,-0.22013968,-0.5605187,9.701101,0.06378266,-0.25406536,0.15566164,-40.4375,-9.8875,-48.925,sitting
2034081562499922,-0.19142582,-0.6801598,9.921241,0.28096327,-0.18375798,0.3239733,-40.4375,-9.825,-48.9375,sitting
2034081582499922,-0.3397808,-0.58923256,9.921241,0.433296,-0.010253162,0.24088274,-40.45,-9.775001,-48.8875,sitting
2034081602499922,-0.45942193,-0.5605187,9.830314,0.47484127,0.236888,-0.0030626329,-40.4375,-9.7625,-48.9,sitting
2034081622499922,-0.19142582,-0.63230336,9.753743,0.20746009,0.41052598,-0.15845796,-40.4375,-9.7,-48.787502,sitting
2034081642499922,-0.26799613,-0.60358953,9.854242,-0.18868482,0.40200385,-0.20746009,-40.45,-9.7,-48.775,sitting
2034081662499922,-0.31585258,-0.5844469,9.854242,-0.33249542,0.17723323,-0.26178855,-40.45,-9.7375,-48.7625,sitting
2034081682499922,-0.19621146,-0.637089,9.748958,-0.09387636,-0.17097482,-0.21917799,-40.45,-9.712501,-48.850002,sitting
2034081702499922,-0.2727818,-0.66101724,9.835099,0.1893506,-0.35420015,0.025699485,-40.425,-9.6625,-48.8125,sitting
2034081722499922,-0.31585258,-0.60358953,9.926026,0.31185594,-0.2796317,0.24301326,-40.425,-9.6625,-48.775,sitting
2034081742499922,-0.2632105,-0.6227321,9.725029,0.3619233,-0.07203846,0.22596905,-40.4375,-9.6875,-48.75,sitting
2034081762499922,-0.29671,-0.57487565,9.7681,0.31079066,0.257128,0.037417386,-40.425,-9.75,-48.7375,sitting
2034081782499922,-0.32063824,-0.58923256,9.887741,-0.15033533,0.5137234,-0.23409168,-40.4625,-9.8125,-48.875,sitting
2034081802499922,-0.19621146,-0.5844469,9.815957,-0.47510758,0.2518017,-0.41731703,-40.425,-9.7875,-48.825,sitting
2034081822499922,-0.21535404,-0.60358953,9.734601,-0.4601939,-0.08588688,-0.4098602,-40.45,-9.7625,-48.850002,sitting
2034081842499922,-0.33020952,-0.63230336,9.897313,-0.15246587,-0.30839384,-0.22876537,-40.4625,-9.75,-48.8,sitting
2034081862499922,-0.23449662,-0.637089,9.882956,0.26391906,-0.29241487,0.17270587,-40.5125,-9.7375,-48.825,sitting
2034081882499922,-0.30149564,-0.56530434,9.744172,0.48975495,-0.12303795,0.45393547,-40.5,-9.75,-48.850002,sitting
2034081902499922,-0.28235307,-0.5844469,9.777672,0.4652539,0.045140546,0.39854175,-40.4875,-9.712501,-48.925,sitting
2034081922499922,-0.23449662,-0.6418747,9.84467,0.29055065,0.23795326,0.21531641,-40.4625,-9.6125,-48.925,sitting
2034081942499922,-0.30149564,-0.637089,9.859028,-0.062983714,0.46152547,-0.12863058,-40.4375,-9.5375,-48.912502,sitting
2034081962499922,-0.27756742,-0.5940182,9.820743,-0.5677855,0.36152384,-0.49934232,-40.475002,-9.525001,-48.975002,sitting
2034081982499922,-0.2536392,-0.63230336,9.772886,-0.78296876,-0.010253162,-0.6451503,-40.475002,-9.55,-48.850002,sitting
2034082002499922,-0.18185452,-0.651446,9.859028,-0.4431497,-0.33182964,-0.46418864,-40.4625,-9.5625,-48.787502,sitting
2034082022499922,-0.2105684,-0.5988039,9.859028,0.129829,-0.35739595,-0.02543317,-40.45,-9.575,-48.8625,sitting
2034082042499922,-0.34456646,-0.5461618,9.739387,0.46418864,-0.13901691,0.37936702,-40.45,-9.5625,-48.8,sitting
2034082062499922,-0.31585258,-0.51266223,9.753743,0.52277815,0.023835273,0.44008705,-40.4625,-9.575,-48.7625,sitting
2034082082499922,-0.23928227,-0.57487565,9.839885,0.4183823,0.09520794,0.3356912,-40.4875,-9.6375,-48.7625,sitting
2034082102499922,-0.2727818,-0.6562316,9.830314,0.14793849,0.2869554,0.085354246,-40.5,-9.6875,-48.7125,sitting
2034082122499922,-0.4019942,-0.5940182,9.815957,-0.38136438,0.33595753,-0.3331612,-40.5,-9.7875,-48.7125,sitting
2034082142499922,-0.4833502,-0.47916272,9.84467,-0.7446193,0.052597392,-0.63769346,-40.4375,-9.75,-48.787502,sitting
2034082162499922,-0.4546363,-0.38344982,9.715458,-0.6178529,-0.21465063,-0.5897566,-40.45,-9.7625,-48.8875,sitting
2034082182499922,-0.32063824,-0.6131608,9.744172,-0.062983714,-0.27750117,-0.18508956,-40.4375,-9.7625,-48.8625,sitting
2034082202499922,-0.15314065,-0.68494546,10.031909,0.39920756,-0.13688637,0.30799434,-40.475002,-9.7375,-48.975002,sitting
2034082222499922,-0.27756742,-0.6562316,9.839885,0.55367076,0.005725792,0.45819652,-40.45,-9.75,-48.95,sitting
2034082242499922,-0.4833502,-0.4121637,9.686745,0.43968758,0.04833634,0.37191015,-40.4375,-9.712501,-48.95,sitting
2034082262499922,-0.35413775,-0.3499503,9.720243,0.30226856,0.13781849,0.22064273,-40.475002,-9.675,-48.9875,sitting
2034082282499922,-0.33499518,-0.47916272,9.701101,-0.124769,0.3455449,-0.1105211,-40.4875,-9.575,-49.0625,sitting
2034082302499922,-0.37806597,-0.77587277,9.787243,-0.59654766,0.28269434,-0.5323655,-40.525,-9.55,-49.0625,sitting
2034082322499922,-0.31106696,-0.9768698,10.127622,-0.70520455,-0.03581949,-0.69308716,-40.5625,-9.525001,-49.0125,sitting
2034082342499922,-0.38285163,-0.7710871,10.161121,-0.29627645,-0.27430537,-0.38429385,-40.625,-9.5625,-48.9625,sitting
2034082362499922,-0.6029913,-0.49351966,9.672387,0.25113592,-0.28921908,0.18016271,-40.6375,-9.6375,-48.8875,sitting
2034082382499922,-0.52163535,-0.5605187,9.538389,0.56645393,-0.13156006,0.5070655,-40.65,-9.6875,-48.925,sitting
2034082402499922,-0.44985065,-0.7088737,10.065409,0.53130025,-0.028362645,0.4912197,-40.662502,-9.7625,-48.9,sitting
2034082422499922,-0.28713873,-0.9290134,10.051051,0.3853591,0.02809633,0.3474091,-40.625,-9.8,-48.925,sitting
2034082442499922,-0.19142582,-0.81894356,9.906884,0.086153194,0.25819328,0.08322372,-40.65,-9.837501,-48.8375,sitting
2034082462499922,-0.5407779,-0.5509474,9.849456,-0.4655202,0.3711112,-0.35446647,-40.65,-9.8875,-48.75,sitting
2034082482499922,-0.52163535,-0.4408776,9.710672,-0.7819035,0.08135951,-0.65047663,-40.6125,-9.925,-48.6875,sitting
2034082502499922,-0.17706887,-0.45044887,9.69153,-0.59654766,-0.20186746,-0.5238434,-40.575,-9.875,-48.6375,sitting
2034082522499922,-0.16271193,-0.45044887,9.739387,0.008388951,-0.33396015,-0.10093373,-40.537502,-9.8125,-48.662502,sitting
2034082542499922,-0.32063824,-0.47916272,9.705887,0.4556665,-0.24554327,0.4006723,-40.525,-9.6875,-48.725002,sitting
2034082562499922,-0.3062813,-0.60358953,9.811171,0.56006235,-0.107058994,0.5805687,-40.537502,-9.587501,-48.8375,sitting
2034082582499922,-0.4354937,-0.56530434,9.940384,0.433296,-0.0326237,0.45500073,-40.525,-9.5375,-48.8125,sitting
2034082602499922,-0.4019942,-0.5796613,9.859028,0.18722008,0.11757848,0.22916484,-40.4625,-9.5125,-48.725002,sitting
2034082622499922,-0.2727818,-0.53180486,9.8015995,-0.24194801,0.35619754,-0.1254348,-40.5,-9.5,-48.850002,sitting
2034082642499922,-0.18664017,-0.5461618,9.720243,-0.66046345,0.23795326,-0.4066644,-40.5,-9.462501,-48.8375,sitting
2034082662499922,-0.32542387,-0.52223355,9.825528,-0.6711161,-0.028362645,-0.40133807,-40.5,-9.5,-48.8875,sitting
2034082682499922,-0.45942193,-0.5174479,9.873384,-0.31651646,-0.25726116,-0.20532957,-40.525,-9.5125,-49.0,sitting
2034082702499922,-0.3684947,-0.57487565,9.777672,0.15859112,-0.34035173,0.05659213,-40.525,-9.587501,-48.8875,sitting
2034082722499922,-0.32542387,-0.5940182,9.825528,0.43116546,-0.25832644,0.31438592,-40.4875,-9.625,-48.8,sitting
2034082742499922,-0.32063824,-0.58923256,9.859028,0.4886897,-0.11025479,0.40812913,-40.475002,-9.6875,-48.7375,sitting
2034082762499922,-0.3062813,-0.53180486,9.820743,0.42051283,0.08668583,0.28242803,-40.537502,-9.75,-48.850002,sitting
2034082782499922,-0.36370903,-0.4743771,9.758529,0.09574057,0.44767705,-0.020106852,-40.5125,-9.7625,-48.825,sitting
2034082802499922,-0.36370903,-0.5509474,9.748958,-0.36445332,0.504136,-0.30866015,-40.525,-9.775001,-48.825,sitting
2034082822499922,-0.3684947,-0.6418747,9.897313,-0.4868255,0.17510271,-0.34594437,-40.5125,-9.7625,-48.8375,sitting
2034082842499922,-0.38285163,-0.6562316,9.945169,-0.3154512,-0.18269272,-0.26498434,-40.4625,-9.8,-48.65,sitting
2034082862499922,-0.31106696,-0.5270192,9.763314,0.076565824,-0.40959388,-0.031824753,-40.45,-9.8,-48.775,sitting
2034082882499922,-0.27756742,-0.47916272,9.667602,0.37364122,-0.34461278,0.3452786,-40.5,-9.8625,-48.8125,sitting
2034082902499922,-0.3397808,-0.49830532,9.796814,0.4833634,-0.17949693,0.5038697,-40.5,-9.825,-48.8375,sitting
2034082922499922,-0.3589234,-0.5988039,9.87817,0.4567318,-0.008122635,0.3857586,-40.4625,-9.8125,-48.8,sitting
2034082942499922,-0.37328035,-0.6418747,9.892527,0.20746009,0.31252173,0.13435638,-40.5,-9.7625,-48.8125,sitting
2034082962499922,-0.3684947,-0.5940182,9.868599,-0.3218428,0.51798445,-0.259658,-40.5125,-9.7875,-48.8875,sitting
2034082982499922,-0.32063824,-0.46959144,9.787243,-0.6476803,0.21238694,-0.47164547,-40.525,-9.7375,-48.9,sitting
2034083002499922,-0.31106696,-0.48394838,9.677173,-0.5837645,-0.10599373,-0.42796966,-40.55,-9.6875,-48.9625,sitting
2034083022499922,-0.35413775,-0.6227321,9.859028,-0.16631429,-0.32011172,-0.1893506,-40.5625,-9.650001,-48.9375,sitting
2034083042499922,-0.38285163,-0.6753742,9.940384,0.30013803,-0.30732855,0.20040272,-40.575,-9.6125,-48.912502,sitting
2034083062499922,-0.12921242,-0.62751776,9.672387,0.5355613,-0.15606113,0.47417548,-40.5875,-9.6375,-48.850002,sitting
2034083082499922,-0.57427746,-0.421735,10.051051,0.5281044,0.008921583,0.40812913,-40.6375,-9.6375,-48.9,sitting
2034083102499922,-0.31106696,-0.5509474,9.524033,0.2926812,0.18682061,0.17057534,-40.600002,-9.6875,-48.95,sitting
2034083122499922,0.45044887,-0.948156,9.8015995,-0.11518163,0.38176385,-0.16058849,-40.5875,-9.6875,-48.9,sitting
2034083142499922,-0.3684947,-0.78065836,10.098908,-0.53582764,0.29441223,-0.4556665,-40.575,-9.7625,-48.875,sitting
2034083162499922,-0.7369894,-0.40259242,9.964312,-0.65194136,0.002530001,-0.47271073,-40.5875,-9.775001,-48.8125,sitting
2034083182499922,-0.3684947,-0.3595216,9.701101,-0.3271691,-0.23489064,-0.2245043,-40.575,-9.825,-48.7625,sitting
2034083202499922,0.12981063,-0.6658029,9.533604,0.18189377,-0.31798118,0.13222586,-40.5625,-9.85,-48.787502,sitting
2034083222499922,-0.0424726,-0.62751776,9.839885,0.49827707,-0.21571589,0.40599862,-40.5625,-9.8625,-48.850002,sitting
2034083242499922,-0.61734825,-0.41694933,10.04148,0.5366266,-0.07416898,0.4209123,-40.55,-9.875,-48.850002,sitting
2034083262499922,-0.85184485,-0.30149564,9.978668,0.38962018,0.072837405,0.2941459,-40.55,-9.85,-48.825,sitting
2034083282499922,-0.16749759,-0.49351966,9.6580305,0.09041425,0.31571752,0.04807002,-40.525,-9.825,-48.775,sitting
2034083302499922,0.07238288,-0.5557331,9.672387,-0.3207775,0.43396178,-0.35233596,-40.575,-9.8,-48.787502,sitting
2034083322499922,-0.3924229,-0.56530434,9.792028,-0.68070346,0.216648,-0.5323655,-40.525,-9.8125,-48.9,sitting
2034083342499922,-0.49292147,-0.53659046,9.984053,-0.56991607,-0.118776895,-0.3885549,-40.5125,-9.85,-48.875,sitting
2034083362499922,-0.4354937,-0.46002015,9.949955,-0.11518163,-0.38402754,-0.103064254,-40.5,-9.825,-48.95,sitting
2034083382499922,-0.1052842,-0.48873404,9.686745,0.34594437,-0.3765707,0.2504701,-40.5,-9.7875,-48.9375,sitting
2034083402499922,-0.32542387,-0.45044887,9.701101,0.5323655,-0.18695377,0.48589337,-40.4875,-9.7625,-48.8625,sitting
2034083422499922,-0.40677986,-0.5796613,9.87817,0.49401602,-0.010253162,0.41878176,-40.4625,-9.7875,-48.8625,sitting
2034083442499922,-0.25842485,-0.7471589,9.954741,0.28415906,0.19640799,0.22703432,-40.4875,-9.8125,-48.9375,sitting
2034083462499922,-0.3924229,-0.58923256,9.926026,-0.05872266,0.44767705,-0.116912685,-40.45,-9.8,-48.9,sitting
2034083482499922,-0.38285163,-0.45044887,9.753743,-0.52943605,0.3892207,-0.4833634,-40.5,-9.7875,-48.875,sitting
2034083502499922,-0.0041874396,-0.48394838,9.715458,-0.6860298,0.020639483,-0.5451487,-40.5125,-9.7625,-48.9625,sitting
2034083522499922,-0.12921242,-0.4408776,9.772886,-0.37603807,-0.26471803,-0.3597928,-40.537502,-9.75,-48.8375,sitting
2034083542499922,-0.41156548,-0.4552345,9.815957,0.1893506,-0.33715594,-0.02543317,-40.525,-9.8,-48.8,sitting
2034083562499922,-0.2727818,-0.5413761,9.815957,0.5355613,-0.13795164,0.37617123,-40.525,-9.7875,-48.775,sitting
2034083582499922,-0.13399807,-0.60358953,9.777672,0.6197171,0.052597392,0.45926178,-40.537502,-9.8,-48.7625,sitting
2034083602499922,-0.3493521,-0.53659046,9.849456,0.46312338,0.16125429,0.30266804,-40.55,-9.775001,-48.8,sitting
2034083622499922,-0.24885355,-0.52223355,9.820743,0.16072164,0.3071954,0.07576688,-40.55,-9.775001,-48.8625,sitting
2034083642499922,-0.23449662,-0.49830532,9.748958,-0.2366217,0.49987495,-0.36085805,-40.525,-9.825,-48.8375,sitting
2034083662499922,-0.37806597,-0.5174479,9.820743,-0.6913561,0.4073302,-0.761264,-40.525,-9.837501,-48.825,sitting
2034083682499922,-0.37328035,-0.58923256,9.815957,-0.70946556,-0.12836426,-0.78363454,-40.525,-9.875,-48.850002,sitting
2034083702499922,-0.3684947,-0.7375876,9.873384,-0.298407,-0.39041913,-0.30013803,-40.537502,-9.825,-48.95,sitting
2034083722499922,-0.28713873,-0.89072824,10.055838,0.22237378,-0.36378753,0.27923223,-40.5125,-9.8875,-49.025,sitting
2034083742499922,-0.2632105,-0.785444,10.060623,0.54940975,-0.17523587,0.53795815,-40.525,-9.900001,-48.9875,sitting
2034083762499922,-0.4019942,-0.42652065,9.839885,0.4801676,-0.025166854,0.49335024,-40.5,-9.9125,-48.875,sitting
2034083782499922,-0.38285163,-0.1052842,9.514461,0.32676962,0.104795314,0.30799434,-40.5,-9.925,-48.8,sitting
2034083802499922,-0.09990034,-0.28235307,9.461819,-0.011851058,0.3977428,-0.02223738,-40.525,-9.925,-48.8,sitting
2034083822499922,-0.26799613,-0.52223355,9.849456,-0.57524234,0.29654276,-0.45140547,-40.5,-9.9125,-48.850002,sitting
2034083842499922,-0.3589234,-0.69930243,10.027123,-0.6998782,-0.5502087,-0.5408876,-40.5,-9.925,-48.825,sitting
2034083862499922,-0.2440679,-0.7375876,9.902099,-0.46978128,-0.41811597,-0.26178855,-40.4875,-9.95,-48.7125,sitting
2034083882499922,-0.29192436,-0.5988039,9.825528,0.057391077,-0.34567806,0.07789741,-40.5,-9.900001,-48.625,sitting
2034083902499922,-0.31106696,-0.48394838,9.787243,0.4886897,-0.109189525,0.48695865,-40.4875,-9.875,-48.6125,sitting
2034083922499922,-0.25842485,-0.46959144,9.720243,0.49508128,-0.0017310535,0.52943605,-40.4875,-9.875,-48.6125,sitting
2034083942499922,-0.24885355,-0.56530434,9.772886,0.25113592,0.020639483,0.25473118,-40.475002,-9.875,-48.625,sitting
2034083962499922,-0.32063824,-0.7040881,9.902099,-0.025699485,0.12503532,-0.026498433,-40.4625,-9.8,-48.6375,sitting
2034083982499922,-0.3924229,-0.69930243,10.012766,-0.29947224,0.26991117,-0.27670223,-40.4875,-9.8,-48.5625,sitting
2034084002499922,-0.2440679,-0.6658029,9.902099,-0.49854338,0.2134522,-0.44394863,-40.45,-9.8125,-48.6125,sitting
2034084022499922,-0.3062813,-0.4743771,9.753743,-0.34634385,-0.22210747,-0.3395528,-40.425,-9.837501,-48.7,sitting
2034084042499922,-0.32063824,-0.37387854,9.701101,0.03395528,-0.21358536,0.043808967,-40.4375,-9.875,-48.7625,sitting
2034084062499922,-0.22013968,-0.4456632,9.705887,0.26498434,-0.17630114,0.30799434,-40.4375,-9.8875,-48.8125,sitting
2034084082499922,-0.24885355,-0.5270192,9.8015995,0.4098602,-0.07203846,0.35593122,-40.412502,-9.900001,-48.912502,sitting
2034084102499922,-0.27756742,-0.5509474,9.868599,0.29587698,-0.021971062,0.2536659,-40.425,-9.9125,-48.925,sitting
2034084122499922,-0.31106696,-0.58923256,9.8015995,0.12343743,0.05792371,0.04700476,-40.412502,-9.9375,-48.9375,sitting
2034084142499922,-0.28713873,-0.57487565,9.830314,-0.096006885,0.19853851,-0.19148114,-40.4,-9.975,-48.925,sitting
2034084162499922,-0.22971097,-0.56530434,9.839885,-0.3154512,0.216648,-0.37896755,-40.3875,-9.925,-48.9625,sitting
2034084182499922,-0.33499518,-0.53659046,9.753743,-0.26964486,0.093077414,-0.35233596,-40.412502,-9.8875,-48.975002,sitting
2034084202499922,-0.3924229,-0.5605187,9.825528,0.021172116,0.0046605286,-0.07749793,-40.4,-9.8125,-48.9375,sitting
2034084222499922,-0.3397808,-0.76630145,9.902099,0.31505173,0.030226856,0.2515354,-40.425,-9.775001,-48.8875,sitting
2034084242499922,-0.25842485,-0.8333005,10.027123,0.47590652,0.06005424,0.3889544,-40.4625,-9.75,-48.850002,sitting
2034084262499922,-0.31106696,-0.71365935,9.945169,0.52916974,-0.0038615807,0.33782172,-40.4875,-9.712501,-48.825,sitting
2034084282499922,-0.3493521,-0.43609193,9.7681,0.43436125,-0.11984216,0.19401114,-40.4875,-9.712501,-48.775,sitting
2034084302499922,-0.28235307,-0.2632105,9.61496,0.22130851,-0.18482324,0.044874232,-40.5,-9.712501,-48.8375,sitting
2034084322499922,-0.21535404,-0.36909288,9.619745,-0.0075900033,-0.13582112,-0.094542146,-40.5125,-9.7375,-48.7625,sitting
2034084342499922,-0.26799613,-0.5557331,9.835099,-0.1631185,-0.026232118,-0.25539696,-40.5,-9.725,-48.75,sitting
2034084362499922,-0.33499518,-0.66101724,9.91167,-0.3452786,0.07496793,-0.35553175,-40.475002,-9.775001,-48.725002,sitting
2034084382499922,-0.31106696,-0.68494546,9.873384,-0.45273703,0.01105211,-0.32250857,-40.4875,-9.825,-48.75,sitting
2034084402499922,-0.2727818,-0.57487565,9.839885,-0.30479857,-0.13369058,-0.19893798,-40.5,-9.825,-48.725002,sitting
2034084422499922,-0.28713873,-0.50787663,9.777672,0.008388951,-0.23062958,-0.0073236874,-40.475002,-9.8625,-48.7375,sitting
2034084442499922,-0.28235307,-0.5174479,9.720243,0.17869797,-0.19654115,0.16098797,-40.5125,-9.8875,-48.775,sitting
2034084462499922,-0.3589234,-0.637089,9.796814,0.2010685,-0.08375636,0.13329111,-40.525,-9.875,-48.75,sitting
2034084482499922,-0.34456646,-0.87158567,10.07498,0.22237378,0.035553172,0.045939494,-40.537502,-9.9125,-48.8,sitting
2034084502499922,-0.22492532,-0.86201435,10.098908,0.2159822,0.13568796,0.062983714,-40.525,-9.925,-48.7375,sitting
2034084522499922,-0.33499518,-0.5413761,9.830314,0.16178691,0.18575534,0.07044056,-40.537502,-9.975,-48.775,sitting
2034084542499922,-0.4019942,-0.19621146,9.591031,0.047803707,0.18469009,0.025699485,-40.525,-10.0125,-48.75,sitting
2034084562499922,-0.08075777,-0.2632105,9.476176,-0.043808967,0.15699323,0.0075900033,-40.5,-10.025001,-48.787502,sitting
2034084582499922,-0.2105684,-0.52223355,9.748958,-0.09707215,0.13781849,0.074701615,-40.525,-10.0125,-48.75,sitting
2034084602499922,-0.4019942,-0.6418747,9.978668,-0.057657395,0.07709846,0.07896267,-40.5125,-10.0125,-48.7375,sitting
2034084622499922,-0.27756742,-0.7471589,9.897313,-0.107724786,0.024900537,0.0043942127,-40.4875,-9.9375,-48.7625,sitting
2034084642499922,-0.22971097,-0.72323066,9.849456,-0.20040272,-0.11771163,-0.009454215,-40.4875,-9.9375,-48.725002,sitting
2034084662499922,-0.31585258,-0.61794645,9.882956,-0.14287849,-0.25513065,-0.0051931604,-40.525,-9.9375,-48.8125,sitting
2034084682499922,-0.28713873,-0.5796613,9.782457,0.0105194785,-0.27856645,-0.0105194785,-40.525,-9.8875,-48.8625,sitting
2034084702499922,-0.22971097,-0.56530434,9.777672,0.16604798,-0.14540848,0.039547913,-40.4875,-9.825,-48.925,sitting
2034084722499922,-0.2632105,-0.51266223,9.782457,0.22343905,0.04620581,0.073636346,-40.4875,-9.85,-48.9,sitting
2034084742499922,-0.4019942,-0.51266223,9.758529,0.14580797,0.14740586,-0.026498433,-40.4625,-9.8875,-49.0125,sitting
2034084762499922,-0.44985065,-0.71365935,9.882956,-0.034221593,0.16764587,-0.16165376,-40.4375,-9.900001,-49.025,sitting
2034084782499922,-0.18185452,-0.9625129,10.060623,-0.11411637,0.15060164,-0.19787273,-40.425,-9.95,-49.0625,sitting
2034084802499922,-0.19621146,-0.87158567,10.084551,-0.1982722,-0.21784641,-0.22343905,-40.45,-9.9125,-49.0875,sitting
2034084822499922,-0.38763726,-0.41694933,9.825528,-0.42610547,-0.36059174,-0.31505173,-40.4625,-9.900001,-49.05,sitting
2034084842499922,-0.38285163,-0.05742774,9.485747,-0.30160278,-0.027297381,-0.2127864,-40.475002,-9.95,-48.975002,sitting
2034084862499922,-0.052043892,-0.2632105,9.370892,-0.15885743,-0.0049268445,-0.024367906,-40.537502,-9.95,-48.9875,sitting
2034084882499922,-0.34456646,-0.5509474,9.854242,-0.055526868,-0.09334373,0.13542163,-40.537502,-9.9125,-49.037502,sitting
2034084902499922,-0.3684947,-0.8333005,10.103694,0.11917637,-0.21571589,0.20253325,-40.5625,-9.9125,-49.0,sitting
2034084922499922,-0.21535404,-0.85244304,9.954741,0.17550218,-0.20399798,0.18229324,-40.6125,-9.900001,-48.9625,sitting
2034084942499922,-0.3397808,-0.5988039,9.820743,0.16285218,-0.068842664,0.060853187,-40.5875,-9.875,-48.7625,sitting
2034084962499922,-0.33020952,-0.4408776,9.734601,0.16711323,0.07496793,-0.060453713,-40.5625,-9.837501,-48.787502,sitting
2034084982499922,-0.26799613,-0.4456632,9.677173,0.20213377,0.16338481,-0.019041587,-40.537502,-9.837501,-48.825,sitting
2034085002499922,-0.32542387,-0.56530434,9.830314,0.23409168,0.20386483,0.13116059,-40.5,-9.7375,-48.8,sitting
2034085022499922,-0.39720857,-0.6466603,9.916455,0.23515695,0.23262694,0.21638168,-40.4625,-9.725,-48.775,sitting
2034085042499922,-0.36370903,-0.785444,9.882956,0.042477388,0.2837596,0.19081534,-40.4625,-9.775001,-48.75,sitting
2034085062499922,-0.22013968,-0.8428718,10.017552,-0.2483396,0.14527532,0.15246587,-40.412502,-9.725,-48.7,sitting
2034085082499922,-0.32542387,-0.67058855,9.945169,-0.39095175,-0.16990955,0.117312156,-40.412502,-9.7375,-48.725002,sitting
2034085102499922,-0.35413775,-0.37387854,9.725029,-0.38242966,-0.4671181,0.12583427,-40.4625,-9.7375,-48.850002,sitting
2034085122499922,-0.22492532,-0.23928227,9.533604,-0.30266804,-0.67790717,0.14927007,-40.45,-9.7375,-48.8375,sitting
2034085142499922,-0.2536392,-0.3930211,9.610174,-0.2536659,-0.7119956,0.07683214,-40.4375,-9.75,-48.787502,sitting
2034085162499922,-0.3062813,-0.5988039,9.930812,-0.26218802,-0.60027605,-0.06897582,-40.4625,-9.7875,-48.8375,sitting
2034085182499922,-0.28235307,-0.7040881,9.91167,-0.25260064,-0.43942127,-0.19361167,-40.4875,-9.775001,-48.8375,sitting
2034085202499922,-0.3062813,-0.7040881,9.825528,-0.18016271,-0.2998717,-0.24154852,-40.4875,-9.725,-48.8125,sitting
2034085222499922,-0.3062813,-0.6418747,9.902099,-0.08748478,-0.1944106,-0.22876537,-40.5125,-9.725,-48.825,sitting
2034085242499922,-0.32063824,-0.56530434,9.839885,-0.074701615,-0.07203846,-0.19574219,-40.5,-9.712501,-48.825,sitting
2034085262499922,-0.35413775,-0.49830532,9.758529,-0.1396827,0.056858446,-0.17443693,-40.5,-9.7625,-48.7625,sitting
2034085282499922,-0.3397808,-0.5270192,9.782457,-0.14287849,0.10053425,-0.18615483,-40.5125,-9.8,-48.7375,sitting
2034085302499922,-0.31106696,-0.60358953,9.815957,-0.027830012,0.04301002,-0.2277001,-40.5,-9.7625,-48.775,sitting
2034085322499922,-0.3397808,-0.6945168,9.887741,0.07550056,0.029161593,-0.23409168,-40.4875,-9.775001,-48.825,sitting
2034085342499922,-0.28235307,-0.8380861,9.973883,0.066978455,0.10266478,-0.16058849,-40.4375,-9.7625,-48.8,sitting
2034085362499922,-0.21535404,-0.7710871,9.984053,0.0126500055,0.19853851,-0.06897582,-40.425,-9.7375,-48.8375,sitting
2034085382499922,-0.33499518,-0.45044887,9.772886,0.039281595,0.20919114,-0.047670547,-40.425,-9.7375,-48.925,sitting
2034085402499922,-0.4019942,-0.2105684,9.610174,0.09361004,0.17616798,-0.073236875,-40.412502,-9.7875,-48.912502,sitting
2034085422499922,-0.071186475,-0.3786642,9.533604,0.065913185,0.1900164,-0.09028109,-40.412502,-9.75,-48.975002,sitting
2034085442499922,-0.2632105,-0.5844469,9.8015995,0.021172116,0.2049301,-0.10199899,-40.3875,-9.7375,-49.025,sitting
2034085462499922,-0.39720857,-0.6801598,9.969097,0.026498433,0.16551533,-0.10945584,-40.425,-9.825,-49.100002,sitting
2034085482499922,-0.22971097,-0.7375876,9.882956,0.05419529,0.03448791,-0.09986847,-40.4625,-9.900001,-49.075,sitting
2034085502499922,-0.2632105,-0.6945168,9.825528,0.06165213,-0.13688637,-0.122239,-40.45,-9.9875,-49.0,sitting
2034085522499922,-0.3684947,-0.57009,9.892527,0.024367906,-0.2508696,-0.18402429,-40.4375,-10.075,-49.0,sitting
2034085542499922,-0.32542387,-0.51266223,9.744172,-0.07576688,-0.2625875,-0.17976324,-40.425,-10.1,-48.925,sitting
2034085562499922,-0.25842485,-0.5413761,9.753743,-0.1514006,-0.2711096,-0.13502216,-40.412502,-10.0625,-49.0,sitting
2034085582499922,-0.34456646,-0.6562316,9.84467,-0.16205323,-0.29561067,-0.14567481,-40.412502,-10.075,-49.037502,sitting
2034085602499922,-0.33020952,-0.78065836,9.959526,-0.3506049,-0.26471803,-0.2245043,-40.425,-10.1,-49.0625,sitting
2034085622499922,-0.21535404,-0.8428718,9.969097,-0.60720026,-0.31265488,-0.35127068,-40.412502,-9.9875,-49.025,sitting
2034085642499922,-0.26799613,-0.637089,9.87817,-0.45593283,-0.4287686,-0.39814228,-40.412502,-9.8875,-49.037502,sitting
2034085662499922,-0.33499518,-0.31585258,9.686745,-0.20785956,-0.4436823,-0.32463908,-40.4375,-9.825,-49.162502,sitting
2034085682499922,-0.29192436,-0.2440679,9.533604,-0.18122798,-0.45966128,-0.28735486,-40.412502,-9.8,-49.162502,sitting
2034085702499922,-0.2632105,-0.48394838,9.648459,-0.2568617,-0.4255728,-0.36724964,-40.412502,-9.825,-49.15,sitting
2034085722499922,-0.32063824,-0.7375876,9.954741,-0.2749712,-0.20399798,-0.3651191,-40.4375,-9.8875,-49.075,sitting
2034085742499922,-0.30149564,-0.8333005,10.051051,-0.045939494,0.13888375,-0.24794011,-40.4875,-9.9375,-49.037502,sitting
2034085762499922,-0.27756742,-0.7423732,9.949955,0.21917799,0.50946236,-0.13608743,-40.4875,-9.95,-48.975002,sitting
2034085782499922,-0.34456646,-0.50787663,9.763314,0.09361004,0.8439551,-0.07430214,-40.5,-9.962501,-48.95,sitting
2034085802499922,-0.34456646,-0.43130627,9.672387,-0.29095012,0.94835097,0.042743705,-40.5,-9.9875,-48.9,sitting
2034085822499922,-0.31106696,-0.5174479,9.796814,-0.14713953,0.2283659,0.13116059,-40.5125,-10.0,-48.8375,sitting
2034085842499922,-0.33020952,-0.6466603,9.916455,0.32570437,-0.6672545,0.20572904,-40.537502,-9.925,-48.8625,sitting
2034085862499922,-0.3062813,-0.69930243,9.916455,0.32463908,-0.54914343,0.28136277,-40.5625,-9.875,-48.825,sitting
2034085882499922,-0.32063824,-0.6131608,9.854242,0.05526055,-0.25832644,0.3271691,-40.575,-9.85,-48.825,sitting
2034085902499922,-0.2727818,-0.503091,9.787243,0.18722008,-0.224238,0.33249542,-40.537502,-9.8125,-48.75,sitting
2034085922499922,-0.25842485,-0.36430725,9.705887,0.43755704,-0.030493172,0.36338806,-40.537502,-9.75,-48.787502,sitting
2034085942499922,-0.31585258,-0.40259242,9.662816,0.574976,0.14740586,0.41025966,-40.4875,-9.7625,-48.7625,sitting
2034085962499922,-0.26799613,-0.57009,9.806385,0.52171284,0.25819328,0.3708449,-40.475002,-9.775001,-48.7,sitting
2034085982499922,-0.2536392,-0.6753742,9.868599,0.22343905,0.257128,0.2802975,-40.45,-9.8,-48.8,sitting
2034086002499922,-0.31585258,-0.7710871,9.868599,-0.051265813,0.0845553,0.25899222,-40.475002,-9.8625,-48.7125,sitting
2034086022499922,-0.31106696,-0.85244304,10.00798,-0.06937529,-0.14327796,0.2099901,-40.5125,-9.900001,-48.787502,sitting
2034086042499922,-0.31106696,-0.6658029,9.964312,-0.00972053,-0.30200225,0.16524902,-40.4625,-9.825,-48.825,sitting
2034086062499922,-0.3684947,-0.50787663,9.705887,-0.00972053,-0.33609068,0.17057534,-40.425,-9.825,-48.825,sitting
2034086082499922,-0.30149564,-0.52223355,9.782457,0.0105194785,-0.28921908,0.10452899,-40.475002,-9.8625,-48.775,sitting
2034086102499922,-0.33499518,-0.5413761,9.887741,0.050999496,-0.19228008,0.0043942127,-40.4875,-9.9125,-48.787502,sitting
2034086122499922,-0.34456646,-0.52223355,9.825528,0.06910898,-0.057124764,-0.029694224,-40.5125,-9.9125,-48.875,sitting
2034086142499922,-0.3493521,-0.43130627,9.7681,0.1415469,0.017443692,-0.034887385,-40.5125,-9.8875,-48.787502,sitting
2034086162499922,-0.3493521,-0.36909288,9.715458,0.24687485,-0.016644744,-0.094542146,-40.4875,-9.825,-48.825,sitting
2034086182499922,-0.0951147,-0.38823548,9.705887,0.25752747,-0.06245108,-0.18615483,-40.45,-9.8125,-48.8375,sitting
2034086202499922,-0.2727818,-0.4121637,9.7298155,0.1330248,-0.06564687,-0.2692454,-40.4625,-9.8,-48.8,sitting
2034086222499922,-0.38763726,-0.53180486,9.820743,-0.034221593,-0.07523424,-0.3214433,-40.475002,-9.8,-48.9625,sitting
2034086242499922,-0.22492532,-0.651446,9.859028,-0.1130511,-0.1976064,-0.38109806,-40.4375,-9.8,-48.9875,sitting
2034086262499922,-0.31106696,-0.6658029,9.882956,-0.117312156,-0.33182964,-0.47590652,-40.45,-9.7625,-48.9375,sitting
2034086282499922,-0.35413775,-0.63230336,9.906884,-0.12263848,-0.34887385,-0.5568666,-40.425,-9.7625,-48.9875,sitting
2034086302499922,-0.29192436,-0.60358953,9.830314,-0.10985532,-0.2359559,-0.5865608,-40.45,-9.7625,-49.0,sitting
2034086322499922,-0.38763726,-0.60358953,9.830314,-0.042743705,-0.080560565,-0.5759082,-40.425,-9.7375,-49.0125,sitting
2034086342499922,-0.36370903,-0.6658029,9.949955,0.07869635,-0.021971062,-0.5366266,-40.412502,-9.725,-48.9875,sitting
2034086362499922,-0.32063824,-0.61794645,9.969097,0.1925464,-0.030493172,-0.534496,-40.412502,-9.775001,-49.037502,sitting
2034086382499922,-0.35413775,-0.4743771,9.7681,0.19574219,0.017443692,-0.5355613,-40.425,-9.7625,-48.875,sitting
2034086402499922,-0.25842485,-0.42652065,9.681958,0.108523734,0.09733847,-0.49401602,-40.4,-9.7625,-48.8625,sitting
2034086422499922,-0.28235307,-0.38823548,9.811171,-0.015046849,0.1665806,-0.40453386,-40.412502,-9.775001,-48.912502,sitting
2034086442499922,-0.22492532,-0.3930211,9.739387,-0.10985532,0.21984379,-0.34274858,-40.4375,-9.7875,-48.825,sitting
2034086462499922,-0.18185452,-0.39780676,9.701101,-0.16205323,0.19640799,-0.36085805,-40.5,-9.8,-48.850002,sitting
2034086482499922,-0.33499518,-0.38823548,9.763314,-0.14074796,0.1697764,-0.42051283,-40.525,-9.9125,-48.850002,sitting
2034086502499922,-0.20578274,-0.46002015,9.739387,-0.06724477,0.119709,-0.48123285,-40.5625,-9.9375,-48.8625,sitting
2034086522499922,-0.32542387,-0.5940182,9.763314,-0.020373167,-0.04860265,-0.4119907,-40.5875,-9.9375,-48.850002,sitting
2034086542499922,-0.45942193,-0.6562316,9.988838,0.013715269,-0.049667917,-0.40559912,-40.5875,-9.9125,-49.0,sitting
2034086562499922,-0.29192436,-0.6466603,9.969097,-0.016112113,0.020639483,-0.37790227,-40.625,-9.925,-49.025,sitting
2034086582499922,-0.34456646,-0.63230336,9.787243,-0.074701615,-0.04753739,-0.26498434,-40.625,-9.9125,-49.037502,sitting
2034086602499922,-0.4211368,-0.7615158,9.882956,-0.0896153,-0.04860265,-0.27670223,-40.625,-9.875,-49.0875,sitting
2034086622499922,-0.31106696,-0.87158567,10.055838,-0.1396827,0.037683703,-0.3448791,-40.5625,-9.8625,-49.0625,sitting
2034086642499922,-0.31106696,-0.78065836,10.094122,-0.12903006,-0.011318427,-0.3949465,-40.5625,-9.8625,-49.0875,sitting
2034086662499922,-0.2440679,-0.49830532,9.796814,-0.09707215,-0.02410159,-0.3800328,-40.5875,-9.825,-49.025,sitting
2034086682499922,-0.32542387,-0.37387854,9.54796,-0.09494162,-0.029427908,-0.30439907,-40.575,-9.775001,-49.0125,sitting
2034086702499922,-0.22971097,-0.23449662,9.753743,-0.044874232,-0.11132005,-0.25859275,-40.55,-9.7625,-48.925,sitting
2034086722499922,-0.13878371,-0.2727818,9.653245,-0.012916322,-0.18908429,-0.24900538,-40.5125,-9.7375,-48.925,sitting
2034086742499922,-0.2440679,-0.41694933,9.662816,-0.03315633,-0.16138744,-0.25752747,-40.475002,-9.7875,-48.912502,sitting
2034086762499922,-0.28713873,-0.51266223,9.873384,-0.037417386,-0.03581949,-0.25752747,-40.4375,-9.837501,-48.9375,sitting
2034086782499922,-0.32063824,-0.5605187,9.859028,-0.019307904,0.15166691,-0.22983064,-40.425,-9.8625,-48.975002,sitting
2034086802499922,-0.33499518,-0.52223355,9.830314,0.030759487,0.29015118,-0.19361167,-40.412502,-9.8125,-48.912502,sitting
2034086822499922,-0.28235307,-0.51266223,9.792028,0.07550056,0.33276173,-0.12650006,-40.375,-9.85,-48.925,sitting
2034086842499922,-0.28713873,-0.5174479,9.787243,0.076565824,0.333827,-0.02862896,-40.375,-9.85,-48.9,sitting
2034086862499922,-0.29192436,-0.5413761,9.820743,0.06165213,0.29973856,0.037417386,-40.412502,-9.8875,-48.8625,sitting
2034086882499922,-0.30149564,-0.62751776,9.84467,0.038216334,0.2635196,0.074701615,-40.425,-9.9125,-48.8625,sitting
2034086902499922,-0.42592242,-0.6658029,9.868599,0.0627174,0.34980595,0.032091066,-40.425,-9.9125,-48.825,sitting
2034086922499922,-0.38763726,-0.87158567,9.959526,0.13941638,0.20066904,0.09387636,-40.4375,-9.9125,-48.7375,sitting
2034086942499922,-0.18664017,-1.1300105,10.194621,0.0946753,-0.090147935,0.42943442,-40.4625,-9.8625,-48.7125,sitting
2034086962499922,-0.36370903,-0.80937225,10.194621,0.08721846,-0.19121483,0.3974765,-40.475002,-9.8875,-48.7625,sitting
2034086982499922,-0.6269195,-0.17706887,9.696316,0.12769848,-0.18269272,0.031025803,-40.45,-9.900001,-48.7625,sitting
2034087002499922,-0.2727818,0.019142581,9.270393,-0.034221593,-0.16138744,-0.038083173,-40.45,-9.975,-48.75,sitting
2034087022499922,0.14416756,-0.3397808,9.47139,-0.21212062,-0.17310534,0.1748364,-40.4375,-10.05,-48.7625,sitting
2034087042499922,-0.23449662,-0.6418747,10.051051,-0.20572904,-0.24128221,0.2707101,-40.4625,-10.0625,-48.8125,sitting
2034087062499922,-0.42592242,-0.5413761,10.04148,-0.13329111,-0.23169485,0.14607428,-40.5,-10.087501,-48.8375,sitting
2034087082499922,-0.09990034,-0.4648058,9.624531,-0.09281109,-0.07629951,-0.04554002,-40.4875,-10.1125,-48.850002,sitting
2034087102499922,-0.25842485,-0.3062813,9.619745,0.049934234,0.07603319,-0.13289164,-40.475002,-10.150001,-48.8875,sitting
2034087122499922,-0.24885355,-0.41694933,9.758529,0.37151068,0.14847112,-0.009454215,-40.4625,-10.1125,-48.912502,sitting
2034087142499922,-0.22492532,-0.5940182,9.806385,0.47803706,0.1463406,0.05659213,-40.4875,-10.1,-48.9875,sitting
2034087162499922,-0.47856453,-0.6897311,9.930812,0.19041587,0.032357384,-0.054062128,-40.537502,-10.0375,-49.0,sitting
2034087182499922,-0.39720857,-0.6945168,10.036695,-0.013981585,0.03981423,-0.16804534,-40.5125,-9.95,-48.9875,sitting
2034087202499922,-0.22971097,-0.7280163,9.854242,-0.07896267,0.14207953,-0.19787273,-40.525,-9.925,-48.850002,sitting
2034087222499922,-0.39720857,-0.6466603,9.84467,0.011584742,0.16445008,-0.12756532,-40.5125,-9.8,-48.9375,sitting
2034087242499922,-0.32542387,-0.637089,9.921241,0.34274858,0.052597392,0.13116059,-40.525,-9.712501,-48.9625,sitting
2034087262499922,-0.2440679,-0.62751776,9.87817,0.34807488,-0.08269109,0.21531641,-40.5,-9.6625,-48.8875,sitting
2034087282499922,-0.29192436,-0.5174479,9.811171,0.2010685,-0.20293273,0.1599227,-40.4875,-9.712501,-48.775,sitting
2034087302499922,-0.2440679,-0.46959144,9.7681,0.21385168,-0.25513065,0.1364869,-40.4875,-9.775001,-48.65,sitting
2034087322499922,-0.2536392,-0.4408776,9.753743,0.20852536,-0.21571589,0.06724477,-40.4375,-9.85,-48.5875,sitting
2034087342499922,-0.31585258,-0.46002015,9.725029,0.16072164,-0.11132005,-0.019041587,-40.4375,-9.975,-48.6125,sitting
2034087362499922,-0.26799613,-0.5557331,9.815957,0.053130023,-0.020905798,-0.030759487,-40.4,-9.975,-48.625,sitting
2034087382499922,-0.25842485,-0.5413761,9.859028,-0.11092058,0.06751108,-0.052996866,-40.3875,-10.075,-48.5125,sitting
2034087402499922,-0.29192436,-0.47916272,9.796814,-0.24088274,0.1079911,-0.08069372,-40.375,-10.1625,-48.575,sitting
2034087422499922,-0.30149564,-0.3930211,9.7298155,-0.2749712,0.105860576,-0.06471477,-40.375,-10.2375,-48.4875,sitting
2034087442499922,-0.28713873,-0.41694933,9.720243,-0.221708,0.01957422,-0.09986847,-40.3875,-10.225,-48.5125,sitting
2034087462499922,-0.35413775,-0.5413761,9.806385,-0.20785956,-0.07203846,-0.14141375,-40.375,-10.1625,-48.600002,sitting
2034087482499922,-0.32063824,-0.6897311,9.940384,-0.20466378,-0.16138744,-0.063649505,-40.375,-10.125,-48.65,sitting
2034087502499922,-0.32542387,-0.799801,9.978668,-0.14287849,-0.17736639,0.15566164,-40.4,-10.0625,-48.675,sitting
2034087522499922,-0.31585258,-0.718445,9.969097,-0.026764749,-0.06564687,0.4209123,-40.412502,-10.075,-48.7125,sitting
2034087542499922,-0.21535404,-0.47916272,9.792028,-0.03635212,0.13994901,0.4006723,-40.4375,-10.025001,-48.6875,sitting
2034087562499922,-0.29192436,-0.36909288,9.61496,-0.037417386,0.20919114,0.107724786,-40.4625,-9.962501,-48.675,sitting
2034087582499922,-0.23928227,-0.43609193,9.696316,0.121306896,0.2869554,-0.059388448,-40.45,-9.95,-48.6875,sitting
2034087602499922,-0.34456646,-0.63230336,9.854242,0.2159822,0.26245433,-0.10093373,-40.45,-9.975,-48.662502,sitting
2034087622499922,-0.35413775,-0.8141579,9.940384,0.20532957,0.15592797,-0.11584742,-40.45,-10.025001,-48.7125,sitting
2034087642499922,-0.29671,-0.933799,10.031909,0.1415469,-0.04753739,-0.10945584,-40.4625,-10.0375,-48.775,sitting
2034087662499922,-0.18664017,-0.8428718,10.017552,0.098936364,-0.24873906,-0.103064254,-40.4375,-10.025001,-48.7625,sitting
2034087682499922,-0.22013968,-0.4648058,9.830314,0.098936364,-0.32756856,-0.14354427,-40.4375,-10.0375,-48.6875,sitting
2034087702499922,-0.40677986,-0.17228323,9.509675,0.118111104,-0.3062633,-0.17656745,-40.4625,-10.087501,-48.625,sitting
2034087722499922,-0.3493521,-0.3595216,9.562318,0.19893798,-0.26152223,-0.20319904,-40.4875,-10.150001,-48.6375,sitting
2034087742499922,-0.2632105,-0.651446,9.945169,0.25752747,-0.1858885,-0.17550218,-40.5125,-10.1625,-48.675,sitting
2034087762499922,-0.3397808,-0.785444,10.07498,0.20639484,-0.04860265,-0.07856319,-40.5625,-10.125,-48.7625,sitting
2034087782499922,-0.32063824,-0.6227321,9.892527,0.17443693,0.027031064,0.021438431,-40.575,-10.1125,-48.675,sitting
2034087802499922,-0.28713873,-0.36909288,9.677173,0.2042643,0.051532127,0.028895276,-40.5625,-10.1,-48.575,sitting
2034087822499922,-0.22013968,-0.26799613,9.610174,0.19467694,0.13568796,-0.017976323,-40.6125,-10.075,-48.525,sitting
2034087842499922,-0.21535404,-0.4121637,9.677173,0.12663321,0.25606275,-0.07643267,-40.625,-9.9875,-48.7,sitting
2034087862499922,-0.35413775,-0.58923256,9.873384,-1.3315796E-4,0.29973856,-0.13715269,-40.600002,-9.925,-48.850002,sitting
2034087882499922,-0.32063824,-0.651446,9.91167,0.0051931604,0.1431448,-0.16484955,-40.5625,-9.8625,-48.775,sitting
2034087902499922,-0.24885355,-0.6897311,9.825528,0.07337003,0.029161593,-0.032890014,-40.537502,-9.8,-48.7375,sitting
2034087922499922,-0.31106696,-0.7040881,9.854242,0.1564606,0.02809633,0.1748364,-40.475002,-9.825,-48.7,sitting
2034087942499922,-0.3062813,-0.7471589,9.930812,0.17337166,-0.028362645,0.3740407,-40.475002,-9.8125,-48.7375,sitting
2034087962499922,-0.2536392,-0.7471589,9.91167,0.039281595,-0.12729901,0.51984864,-40.475002,-9.825,-48.7125,sitting
2034087982499922,-0.34456646,-0.637089,9.897313,-0.12370374,-0.23915169,0.5613939,-40.4375,-9.85,-48.6875,sitting
2034088002499922,-0.43070808,-0.4648058,9.806385,-0.24194801,-0.35739595,0.54434973,-40.45,-9.900001,-48.600002,sitting
2034088022499922,-0.29671,-0.3930211,9.681958,-0.27816698,-0.40746334,0.4944155,-40.4875,-9.9375,-48.525,sitting
2034088042499922,-0.25842485,-0.503091,9.705887,-0.24301326,-0.3829623,0.41665125,-40.475002,-9.975,-48.575,sitting
2034088062499922,-0.30149564,-0.67058855,9.921241,-0.18442377,-0.30200225,0.31332067,-40.4625,-10.0125,-48.5875,sitting
2034088082499922,-0.23449662,-0.6658029,9.940384,-0.12689953,-0.14114743,0.19188061,-40.5125,-9.9875,-48.537502,sitting
2034088102499922,-0.29192436,-0.5270192,9.835099,-0.045939494,0.03981423,0.055526868,-40.525,-9.95,-48.5,sitting
2034088122499922,-0.2727818,-0.3397808,9.662816,0.02862896,0.19214693,-0.043409493,-40.525,-9.9375,-48.6375,sitting
2034088142499922,-0.3062813,-0.4408776,9.648459,0.11598058,0.26778066,-0.058323186,-40.525,-9.962501,-48.8625,sitting
2034088162499922,-0.29192436,-0.51266223,9.849456,0.20532957,0.25286695,-0.02223738,-40.525,-9.975,-48.9625,sitting
2034088182499922,-0.28713873,-0.66101724,9.830314,0.1893506,0.2635196,0.015046849,-40.4875,-9.975,-48.975002,sitting
2034088202499922,-0.33020952,-0.7423732,9.882956,0.11065426,0.23049642,0.04167844,-40.5,-9.9375,-48.925,sitting
2034088222499922,-0.29192436,-0.78065836,9.949955,0.047803707,0.16231954,0.09707215,-40.525,-9.925,-49.0,sitting
2034088242499922,-0.28235307,-0.71365935,9.902099,-0.017177377,0.10266478,0.23129536,-40.4875,-9.962501,-49.075,sitting
2034088262499922,-0.32542387,-0.57487565,9.825528,-0.05872266,0.10266478,0.41558596,-40.5125,-9.9375,-49.162502,sitting
2034088282499922,-0.37806597,-0.4743771,9.763314,-0.10346373,0.2049301,0.49335024,-40.5,-9.900001,-49.1375,sitting
2034088302499922,-0.3397808,-0.49351966,9.758529,-0.13009532,0.3018691,0.3655186,-40.5,-9.8625,-48.975002,sitting
2034088322499922,-0.31585258,-0.637089,9.796814,-0.12370374,0.42330915,0.15353112,-40.475002,-9.837501,-48.875,sitting
2034088342499922,-0.30149564,-0.7423732,9.973883,-0.05339634,0.63835925,0.027830012,-40.45,-9.8625,-48.912502,sitting
2034088362499922,-0.28713873,-0.7615158,10.027123,0.12237216,0.82478034,0.07896267,-40.425,-9.85,-48.912502,sitting
2034088382499922,-0.25842485,-0.43609193,9.815957,0.34914017,0.89934886,0.21318589,-40.3875,-9.837501,-48.9625,sitting
2034088402499922,-0.28235307,-0.12921242,9.524033,0.4769718,0.8865657,0.30266804,-40.3875,-9.825,-48.9625,sitting
2034088422499922,-0.12921242,-0.2632105,9.457033,0.48442864,0.7800393,0.26751432,-40.325,-9.8625,-48.912502,sitting
2034088442499922,-0.2536392,-0.49351966,9.820743,0.4119907,0.61172765,0.14500901,-40.287502,-9.875,-48.975002,sitting
2034088462499922,-0.31585258,-0.63230336,9.959526,0.2660496,0.43183124,0.015046849,-40.2125,-9.9125,-49.100002,sitting
2034088482499922,-0.3493521,-0.7040881,9.859028,0.064847924,0.23475747,-0.07430214,-40.15,-9.962501,-49.2625,sitting
2034088502499922,-0.35413775,-0.71365935,9.887741,-0.1364869,0.031292118,-0.12650006,-40.15,-9.962501,-49.475002,sitting
2034088522499922,-0.22013968,-0.75194454,9.935597,-0.29947224,-0.090147935,-0.12863058,-40.125,-10.0125,-49.7375,sitting
2034088542499922,-0.23928227,-0.6658029,9.849456,-0.4900213,-0.26365274,-0.107325315,-40.15,-10.0125,-49.925,sitting
2034088562499922,-0.4833502,-0.49351966,9.811171,-0.6285055,-0.3797665,-0.116912685,-40.100002,-9.9375,-50.075,sitting
2034088582499922,-0.4546363,-0.48873404,9.792028,-0.4335623,-0.28069696,-0.052996866,-40.075,-9.9375,-50.2375,sitting
2034088602499922,-0.32542387,-0.61794645,9.796814,-0.18975009,-0.20293273,0.09387636,-40.0875,-9.900001,-50.25,sitting
2034088622499922,-0.32063824,-0.6897311,9.973883,0.015845796,-0.14966954,0.22916484,-40.15,-9.85,-50.162502,sitting
2034088642499922,-0.2105684,-0.6801598,9.892527,0.11598058,-0.10279794,0.22703432,-40.162502,-9.7875,-50.125,sitting
2034088662499922,-0.2440679,-0.53180486,9.815957,0.12769848,-0.039015282,0.08215846,-40.162502,-9.7625,-49.925,sitting
2034088682499922,-0.29192436,-0.3062813,9.710672,0.09574057,0.06431529,-0.10945584,-40.162502,-9.7,-49.75,sitting
2034088702499922,-0.23928227,-0.3595216,9.571889,0.04354265,0.15699323,-0.18828535,-40.125,-9.7625,-49.6875,sitting
2034088722499922,-0.29671,-0.5270192,9.787243,-0.020373167,0.13355742,-0.11265163,-40.1125,-9.837501,-49.8,sitting
2034088742499922,-0.26799613,-0.61794645,9.959526,0.100001626,-0.050733183,-0.032890014,-40.1375,-9.9375,-49.8125,sitting
2034088762499922,-0.32063824,-0.5844469,9.820743,0.33422646,-0.26897907,-0.0019973693,-40.1375,-10.025001,-49.912502,sitting
2034088782499922,-0.31106696,-0.503091,9.734601,0.4098602,-0.29880646,0.020373167,-40.1125,-10.0375,-50.05,sitting
2034088802499922,-0.32063824,-0.5988039,9.811171,0.3331612,-0.14860427,1.3315796E-4,-40.0875,-10.1,-50.175,sitting
2034088822499922,-0.3684947,-0.57487565,9.940384,0.26391906,0.024900537,-0.062584236,-40.05,-10.1,-50.2375,sitting
2034088842499922,-0.34456646,-0.5174479,9.825528,0.2277001,0.19853851,-0.13076112,-40.037502,-10.1625,-50.4,sitting
2034088862499922,-0.33499518,-0.5413761,9.739387,0.21917799,0.36471963,-0.17656745,-40.0125,-10.1375,-50.350002,sitting
2034088882499922,-0.3589234,-0.651446,9.84467,0.27244118,0.5392897,-0.24474432,-40.0,-10.125,-50.175,sitting
2034088902499922,-0.31106696,-0.75194454,10.00798,0.35127068,0.63196766,-0.31185594,-40.0,-10.0,-50.125,sitting
2034088922499922,-0.34456646,-0.62751776,9.940384,0.2042643,0.5637908,-0.13502216,-39.9875,-9.962501,-49.9875,sitting
2034088942499922,-0.25842485,-0.41694933,9.710672,-0.13435638,0.4243744,0.13329111,-40.0125,-9.962501,-49.8875,sitting
2034088962499922,-0.2105684,-0.33499518,9.58146,-0.28562382,0.062184766,0.17696692,-40.0625,-9.9875,-49.7,sitting
2034088982499922,-0.22013968,-0.46959144,9.725029,-0.1982722,-0.39041913,0.07150582,-40.100002,-10.025001,-49.662502,sitting
2034089002499922,-0.30149564,-0.5844469,9.906884,-0.117312156,-0.60879815,0.045939494,-40.125,-10.025001,-49.412502,sitting
2034089022499922,-0.33020952,-0.6131608,9.849456,-0.10239847,-0.5289034,0.03528686,-40.1875,-10.025001,-49.2375,sitting
2034089042499922,-0.34456646,-0.61794645,9.815957,-0.039547913,-0.30519804,-0.04234423,-40.2375,-10.05,-49.175,sitting
2034089062499922,-0.32542387,-0.60837513,9.892527,0.07976162,-0.118776895,-0.084954776,-40.287502,-10.075,-49.100002,sitting
2034089082499922,-0.25842485,-0.5844469,9.84467,0.21065588,-0.029427908,-0.09986847,-40.287502,-10.075,-49.0875,sitting
2034089102499922,-0.2727818,-0.5174479,9.787243,0.35553175,0.12290479,-0.25646222,-40.287502,-10.0625,-49.0625,sitting
2034089122499922,-0.31106696,-0.52223355,9.758529,0.53982234,0.504136,-0.5472792,-40.3125,-10.025001,-49.025,sitting
2034089142499922,-0.38285163,-0.5509474,9.839885,0.4418181,0.7768435,-0.34061804,-40.275,-10.025001,-49.1125,sitting
2034089162499922,-0.38763726,-0.6658029,9.887741,-0.118377425,0.81625825,0.2536659,-40.2625,-10.0375,-49.4375,sitting
2034089182499922,-0.3397808,-0.78065836,9.945169,-0.35699648,0.34021857,0.38043228,-40.2375,-9.9875,-49.75,sitting
2034089202499922,-0.28235307,-0.6753742,9.935597,-0.10026794,-0.41811597,0.09920268,-40.2125,-9.925,-50.100002,sitting
2034089222499922,-0.29671,-0.39780676,9.753743,-0.0054594763,-0.8653936,0.038482647,-40.1875,-9.9375,-50.2,sitting
2034089242499922,-0.15792629,-0.28713873,9.591031,-0.2067943,-0.86858934,0.1716406,-40.15,-9.962501,-50.2625,sitting
2034089262499922,-0.09032906,-0.4408776,9.624531,-0.298407,-0.5789708,0.062983714,-40.1375,-9.962501,-50.3625,sitting
2034089282499922,-0.41156548,-0.60837513,9.945169,-0.1599227,-0.24873906,-0.18189377,-40.075,-10.0,-50.525,sitting
2034089302499922,-0.25842485,-0.7280163,9.954741,0.08189214,0.071772136,-0.35553175,-40.0875,-10.0,-50.662502,sitting
2034089322499922,-0.32063824,-0.6131608,9.835099,0.34914017,0.46259072,-0.4769718,-40.05,-9.962501,-50.525,sitting
2034089342499922,-0.40677986,-0.5270192,9.772886,0.29374644,0.77897406,-0.23196116,-40.0125,-10.0625,-50.475002,sitting
2034089362499922,-0.26799613,-0.5413761,9.830314,-0.22916484,0.98443675,0.23449115,-40.0125,-10.0625,-50.225002,sitting
2034089382499922,-0.31106696,-0.49830532,9.792028,-0.39734334,0.682035,0.20253325,-40.075,-10.05,-50.2,sitting
2034089402499922,-0.30149564,-0.52223355,9.753743,-0.01824264,-0.023036325,-0.15632744,-40.075,-9.9375,-50.1125,sitting
2034089422499922,-0.28713873,-0.58923256,9.820743,0.1893506,-0.5853624,-0.14141375,-40.037502,-9.8875,-49.8625,sitting
2034089442499922,-0.38763726,-0.7375876,9.921241,0.023302643,-0.7471493,0.1599227,-40.0875,-9.75,-49.7,sitting
2034089462499922,-0.33020952,-0.7710871,10.027123,-0.096006885,-0.59814554,0.15033533,-40.15,-9.712501,-49.475002,sitting
2034089482499922,-0.31585258,-0.57009,9.91167,-0.015046849,-0.26471803,-0.17976324,-40.2375,-9.712501,-49.3,sitting
2034089502499922,-0.30149564,-0.35473597,9.643674,0.15006901,0.24114905,-0.48123285,-40.3,-9.6375,-49.15,sitting
2034089522499922,-0.19621146,-0.3595216,9.586246,0.024367906,0.57337815,-0.23302642,-40.3125,-9.675,-48.975002,sitting
2034089542499922,-0.24885355,-0.52223355,9.777672,-0.4154528,0.6639256,0.23023011,-40.275,-9.725,-49.037502,sitting
2034089562499922,-0.32063824,-0.6562316,9.949955,-0.4431497,0.3572628,0.18442377,-40.287502,-9.8,-49.162502,sitting
2034089582499922,-0.31106696,-0.637089,9.873384,-0.057657395,-0.15819165,-0.13076112,-40.350002,-9.900001,-49.4375,sitting
2034089602499922,-0.33499518,-0.57487565,9.792028,0.11704584,-0.4937497,-0.07856319,-40.325,-9.9875,-49.537502,sitting
2034089622499922,-0.29671,-0.57009,9.820743,0.026498433,-0.5235771,0.13861743,-40.3125,-10.05,-49.625,sitting
2034089642499922,-0.29192436,-0.5509474,9.854242,0.013715269,-0.3296991,0.054461602,-40.287502,-10.0625,-49.8375,sitting
2034089662499922,-0.29192436,-0.53180486,9.796814,0.098936364,0.02277001,-0.19574219,-40.287502,-10.0375,-49.9,sitting
2034089682499922,-0.32542387,-0.49830532,9.772886,-0.019307904,0.24541011,-0.094542146,-40.275,-10.0375,-50.0625,sitting
2034089702499922,-0.3493521,-0.53659046,9.8015995,-0.39095175,0.2539322,0.20146799,-40.25,-10.05,-50.100002,sitting
2034089722499922,-0.3924229,-0.6801598,9.854242,-0.46978128,0.05792371,0.0896153,-40.25,-10.075,-49.9875,sitting
2034089742499922,-0.39720857,-0.7615158,10.022338,-0.18016271,-0.20825905,-0.2010685,-40.2375,-10.075,-49.925,sitting
2034089762499922,-0.29671,-0.651446,9.930812,0.044607915,-0.34248227,-0.09241162,-40.225002,-10.0625,-49.8625,sitting
2034089782499922,-0.25842485,-0.37387854,9.705887,0.11065426,-0.3062633,0.18016271,-40.2625,-10.0125,-49.825,sitting
2034089802499922,-0.2009971,-0.32063824,9.576674,0.20000325,-0.18056218,0.1716406,-40.275,-9.975,-49.775,sitting
2034089822499922,-0.17706887,-0.5461618,9.739387,0.2862896,-0.018775271,-0.026498433,-40.2625,-10.05,-49.8,sitting
2034089842499922,-0.33020952,-0.60837513,9.978668,0.2830938,0.16125429,-0.17443693,-40.2625,-10.0625,-49.65,sitting
2034089862499922,-0.33499518,-0.5988039,9.849456,0.08189214,0.23901853,-0.10093373,-40.287502,-10.0125,-49.5625,sitting
2034089882499922,-0.32542387,-0.51266223,9.782457,-0.29308066,0.2539322,0.039547913,-40.3125,-9.95,-49.575,sitting
2034089902499922,-0.31106696,-0.52223355,9.734601,-0.41225702,0.1900164,-0.03701791,-40.275,-9.900001,-49.537502,sitting
2034089922499922,-0.25842485,-0.53180486,9.854242,-0.19720693,-0.028362645,-0.0870853,-40.2625,-9.900001,-49.537502,sitting
2034089942499922,-0.3062813,-0.41694933,9.825528,0.02862896,-0.26471803,0.14074796,-40.2,-9.8875,-49.525,sitting
2034089962499922,-0.28713873,-0.39780676,9.638887,0.11917637,-0.34461278,0.3218428,-40.1875,-9.9125,-49.4625,sitting
2034089982499922,-0.31106696,-0.48394838,9.6580305,0.16285218,-0.26897907,0.20466378,-40.225002,-9.8625,-49.412502,sitting
2034090002499922,-0.34456646,-0.7902297,9.887741,0.17550218,-0.060320552,-0.059388448,-40.225002,-9.837501,-49.5,sitting
2034090022499922,-0.3493521,-1.1012967,10.132407,0.18295904,0.2869554,-0.30013803,-40.225002,-9.8625,-49.4625,sitting
2034090042499922,-0.018544376,-1.2927225,10.266405,-0.0022636852,0.49454865,-0.16484955,-40.2625,-9.8875,-49.45,sitting
2034090062499922,0.12502499,-1.0534402,10.141979,-0.38242966,0.46046022,0.15779218,-40.287502,-9.8625,-49.425,sitting
2034090082499922,-0.51206404,-0.148355,9.815957,-0.36445332,0.11118689,0.08109319,-40.3125,-9.8625,-49.4,sitting
2034090102499922,-0.526421,0.41635114,9.093325,9.321057E-4,-0.29134962,-0.1691106,-40.325,-9.8125,-49.350002,sitting
2034090122499922,0.16331014,-0.26799613,9.007183,0.15859112,-0.46605283,-0.034887385,-40.350002,-9.7625,-49.275,sitting
2034090142499922,-0.49292147,-0.799801,10.218549,0.10106689,-0.381897,0.19614168,-40.325,-9.6875,-49.175,sitting
2034090162499922,-0.45942193,-1.015155,10.577473,0.11385005,-0.15925692,0.1130511,-40.3375,-9.6125,-49.0875,sitting
2034090182499922,-0.15314065,-0.6658029,9.873384,0.20000325,0.13036163,-0.15206638,-40.3625,-9.6125,-48.9875,sitting
2034090202499922,-0.44985065,-0.17706887,9.366106,0.25007063,0.42650494,-0.31718224,-40.325,-9.6,-48.95,sitting
2034090222499922,-0.31106696,-0.33499518,9.571889,0.0105194785,0.5328981,-0.08921583,-40.325,-9.6875,-48.8625,sitting
2034090242499922,-0.29192436,-0.62751776,10.022338,-0.38456017,0.44448125,0.19188061,-40.3125,-9.6875,-48.850002,sitting
2034090262499922,-0.37328035,-0.71365935,10.00798,-0.359127,0.09094688,0.054461602,-40.3125,-9.712501,-48.8,sitting
2034090282499922,-0.30149564,-0.6562316,9.835099,-0.039547913,-0.28815383,-0.14887059,-40.3,-9.825,-48.725002,sitting
2034090302499922,-0.44506502,-0.46002015,9.835099,0.10213215,-0.4703139,0.037417386,-40.3375,-9.9125,-48.8,sitting
2034090322499922,-0.37328035,-0.5605187,9.739387,0.08508793,-0.4202465,0.24727432,-40.3375,-9.9875,-48.8375,sitting
2034090342499922,-0.32542387,-0.5844469,9.935597,0.12663321,-0.19973694,0.13222586,-40.3375,-9.962501,-48.95,sitting
2034090362499922,-0.31585258,-0.4408776,9.882956,0.20319904,0.1431448,-0.14780533,-40.350002,-9.962501,-49.075,sitting
2034090382499922,-0.14356937,-0.40737805,9.591031,0.12876374,0.3711112,-0.18508956,-40.350002,-9.925,-49.2375,sitting
2034090402499922,-0.28235307,-0.4648058,9.710672,-0.23129536,0.3711112,0.06191845,-40.4,-9.900001,-49.25,sitting
2034090422499922,-0.33020952,-0.6227321,9.897313,-0.40799597,0.19214693,0.050200548,-40.425,-9.900001,-49.275,sitting
2034090442499922,-0.33499518,-0.69930243,9.887741,-0.19081534,-0.07310372,-0.19467694,-40.475002,-9.825,-49.3,sitting
2034090462499922,-0.3493521,-0.6227321,9.921241,0.04034686,-0.244478,-0.11797795,-40.475002,-9.7375,-49.175,sitting
2034090482499922,-0.33020952,-0.51266223,9.811171,0.121306896,-0.26897907,0.17590165,-40.525,-9.675,-49.0875,sitting
2034090502499922,-0.2632105,-0.48394838,9.748958,0.19148114,-0.16245271,0.21638168,-40.5625,-9.587501,-49.037502,sitting
2034090522499922,-0.29192436,-0.46959144,9.758529,0.25539696,0.014247901,0.00972053,-40.5875,-9.5125,-48.925,sitting
2034090542499922,-0.3397808,-0.5844469,9.811171,0.23089589,0.23049642,-0.18189377,-40.625,-9.475,-48.7375,sitting
2034090562499922,-0.44027936,-0.68494546,9.916455,-0.06937529,0.36471963,-0.08815057,-40.625,-9.475,-48.65,sitting
2034090582499922,-0.44506502,-0.7902297,9.998409,-0.44421494,0.3285007,0.064048976,-40.600002,-9.5625,-48.7125,sitting
2034090602499922,-0.41156548,-0.67058855,9.973883,-0.38562545,0.03981423,-0.062584236,-40.55,-9.6125,-48.662502,sitting
2034090622499922,-0.31585258,-0.37387854,9.739387,-0.062983714,-0.24554327,-0.14993586,-40.537502,-9.6875,-48.6875,sitting
2034090642499922,-0.17706887,-0.2632105,9.552746,0.108523734,-0.33502543,0.08748478,-40.5,-9.7625,-48.725002,sitting
2034090662499922,-0.018544376,-0.49830532,9.653245,0.15539533,-0.2625875,0.2739059,-40.475002,-9.85,-48.662502,sitting
2034090682499922,-0.37328035,-0.60837513,9.954741,0.20639484,-0.12942953,0.16631429,-40.5125,-9.9375,-48.6125,sitting
2034090702499922,-0.39720857,-0.6801598,9.954741,0.20213377,0.05472792,-0.060453713,-40.5125,-10.0125,-48.5875,sitting
2034090722499922,-0.41156548,-0.60358953,9.84467,0.08082688,0.24221432,-0.18295904,-40.55,-10.087501,-48.6375,sitting
2034090742499922,-0.32542387,-0.53659046,9.787243,-0.23981747,0.2986733,-0.062584236,-40.5875,-10.0625,-48.6125,sitting
2034090762499922,-0.148355,-0.60837513,9.811171,-0.44954127,0.19534272,-0.0041278964,-40.600002,-10.0375,-48.5875,sitting
2034090782499922,-0.22013968,-0.5461618,9.84467,-0.24407853,-0.079495296,-0.114782155,-40.625,-10.05,-48.55,sitting
2034090802499922,-0.33499518,-0.47916272,9.796814,0.07869635,-0.29880646,-0.062584236,-40.65,-10.087501,-48.4875,sitting
2034090822499922,-0.3684947,-0.4456632,9.753743,0.1925464,-0.31904647,0.16524902,-40.6375,-10.087501,-48.4875,sitting
2034090842499922,-0.44985065,-0.5557331,9.782457,0.19893798,-0.1976064,0.20359851,-40.5625,-10.1,-48.45,sitting
2034090862499922,-0.4211368,-0.7710871,9.949955,0.21172115,-0.0038615807,0.0043942127,-40.55,-10.0375,-48.4625,sitting
2034090882499922,-0.34456646,-0.84765744,10.113265,0.18295904,0.2283659,-0.19148114,-40.5125,-9.962501,-48.4625,sitting
2034090902499922,-0.3062813,-0.5796613,9.916455,-0.024634222,0.3221091,-0.12330426,-40.4875,-9.85,-48.3375,sitting
2034090922499922,-0.25842485,-0.31106696,9.591031,-0.32290804,0.26458487,0.027830012,-40.5125,-9.7875,-48.4,sitting
2034090942499922,-0.19621146,-0.29192436,9.514461,-0.3218428,0.070706874,-0.054062128,-40.4875,-9.7625,-48.425,sitting
2034090962499922,-0.19621146,-0.5461618,9.748958,-0.054461602,-0.16245271,-0.12330426,-40.475002,-9.650001,-48.475002,sitting
2034090982499922,-0.31106696,-0.6753742,10.00798,0.12450269,-0.26471803,0.084288985,-40.5125,-9.6875,-48.4625,sitting
2034091002499922,-0.34456646,-0.66101724,9.906884,0.16072164,-0.21038957,0.25899222,-40.537502,-9.712501,-48.4625,sitting
2034091022499922,-0.3589234,-0.5844469,9.772886,0.19148114,-0.09653952,0.14713953,-40.575,-9.7875,-48.4375,sitting
2034091042499922,-0.33020952,-0.5605187,9.820743,0.1925464,0.07922898,-0.08815057,-40.6125,-9.8,-48.425,sitting
2034091062499922,-0.28713873,-0.57009,9.84467,0.06165213,0.24434485,-0.16165376,-40.600002,-9.875,-48.5125,sitting
2034091082499922,-0.31106696,-0.53659046,9.825528,-0.22916484,0.2784333,-0.02862896,-40.6125,-9.975,-48.525,sitting
2034091102499922,-0.32063824,-0.47916272,9.753743,-0.3664507,0.16445008,-0.0041278964,-40.6125,-10.0125,-48.5125,sitting
2034091122499922,-0.32063824,-0.46959144,9.748958,-0.17590165,-0.0560595,-0.11797795,-40.6125,-10.1,-48.45,sitting
2034091142499922,-0.37328035,-0.5988039,9.820743,0.057391077,-0.20612851,-0.03701791,-40.6125,-10.087501,-48.5,sitting
2034091162499922,-0.4977071,-0.80937225,9.949955,0.1415469,-0.20080219,0.17696692,-40.625,-10.025001,-48.5,sitting
2034091182499922,-0.3684947,-0.90508515,10.094122,0.18402429,-0.09760478,0.17057534,-40.600002,-10.0,-48.55,sitting
2034091202499922,-0.29192436,-0.5796613,9.988838,0.2010685,0.027031064,0.003328949,-40.5625,-9.975,-48.525,sitting
2034091222499922,-0.21535404,-0.18185452,9.54796,0.15433007,0.16125429,-0.13395691,-40.525,-9.9375,-48.4625,sitting
2034091242499922,-0.066400826,-0.23449662,9.323035,0.08508793,0.28802067,-0.19574219,-40.5625,-9.8625,-48.412502,sitting
2034091262499922,-0.2105684,-0.5461618,9.777672,-0.1013332,0.3253049,-0.08069372,-40.5875,-9.7875,-48.45,sitting
2034091282499922,-0.36370903,-0.72323066,10.094122,-0.26005748,0.21451746,0.032091066,-40.5875,-9.75,-48.475002,sitting
2034091302499922,-0.35413775,-0.7328019,9.916455,-0.12370374,-0.043276336,-0.030759487,-40.5875,-9.725,-48.4875,sitting
2034091322499922,-0.37328035,-0.637089,9.806385,0.07230477,-0.24554327,0.0043942127,-40.5625,-9.7375,-48.475002,sitting
2034091342499922,-0.37328035,-0.5557331,9.811171,0.097871095,-0.26897907,0.17590165,-40.525,-9.7,-48.475002,sitting
2034091362499922,-0.24885355,-0.57009,9.811171,0.10106689,-0.16564849,0.16524902,-40.537502,-9.712501,-48.475002,sitting
2034091382499922,-0.22971097,-0.5844469,9.787243,0.13195953,-0.030493172,0.0043942127,-40.5,-9.775001,-48.5,sitting
2034091402499922,-0.32542387,-0.56530434,9.8015995,0.13089427,0.1665806,-0.15100113,-40.45,-9.8125,-48.55,sitting
2034091422499922,-0.4211368,-0.56530434,9.792028,0.06058687,0.3476754,-0.17869797,-40.425,-9.825,-48.6125,sitting
2034091442499922,-0.46899325,-0.71365935,9.849456,-0.19614168,0.34661016,0.022503695,-40.4625,-9.8,-48.725002,sitting
2034091462499922,-0.4019942,-0.9242278,10.017552,-0.31438592,0.123970054,0.085354246,-40.4375,-9.7625,-48.662502,sitting
2034091482499922,-0.31585258,-0.9242278,10.156336,-0.10985532,-0.18162745,-0.082824245,-40.4875,-9.7625,-48.6375,sitting
2034091502499922,-0.2536392,-0.50787663,9.87817,0.07230477,-0.33076435,-0.04234423,-40.525,-9.7875,-48.662502,sitting
2034091522499922,-0.2009971,-0.1052842,9.39482,0.08508793,-0.29774117,0.16951008,-40.525,-9.825,-48.75,sitting
2034091542499922,-0.12921242,-0.23928227,9.323035,0.1063932,-0.15180007,0.16737954,-40.6125,-9.85,-48.775,sitting
2034091562499922,-0.28235307,-0.63230336,9.887741,0.14580797,0.009986847,0.0043942127,-40.6375,-9.825,-48.75,sitting
2034091582499922,-0.40677986,-0.81894356,10.1802635,0.14048164,0.1932122,-0.14247902,-40.675,-9.85,-48.625,sitting
2034091602499922,-0.3589234,-0.7471589,9.926026,0.04354265,0.3476754,-0.16804534,-40.65,-9.875,-48.525,sitting
2034091622499922,-0.33499518,-0.5413761,9.739387,-0.21957746,0.3806986,-0.026498433,-40.625,-9.85,-48.5125,sitting
2034091642499922,-0.2536392,-0.46959144,9.69153,-0.34847438,0.19853851,0.034221593,-40.5875,-9.825,-48.537502,sitting
2034091662499922,-0.25842485,-0.503091,9.777672,-0.16524902,-0.1304948,-0.060453713,-40.5875,-9.8,-48.537502,sitting
2034091682499922,-0.35413775,-0.5557331,9.815957,0.03715107,-0.34035173,-0.019041587,-40.6125,-9.7875,-48.375,sitting
2034091702499922,-0.39720857,-0.5940182,9.830314,0.077631086,-0.33182964,0.1364869,-40.575,-9.7375,-48.325,sitting
2034091722499922,-0.4546363,-0.7328019,9.839885,0.09574057,-0.19334535,0.12689953,-40.5625,-9.75,-48.3625,sitting
2034091742499922,-0.43070808,-0.90508515,10.031909,0.118111104,-0.0326237,-0.0019973693,-40.600002,-9.7375,-48.4625,sitting
2034091762499922,-0.33020952,-0.8428718,10.094122,0.11278479,0.16551533,-0.14354427,-40.575,-9.7375,-48.4875,sitting
2034091782499922,-0.2632105,-0.45044887,9.825528,0.024367906,0.3285007,-0.1691106,-40.6125,-9.825,-48.5625,sitting
2034091802499922,-0.25842485,-0.124426775,9.433105,-0.23875222,0.34128383,-0.008388951,-40.6125,-9.925,-48.5625,sitting
2034091822499922,-0.11006984,-0.32063824,9.447462,-0.3207775,0.13994901,0.027830012,-40.5875,-10.0,-48.537502,sitting
2034091842499922,-0.2727818,-0.6418747,9.906884,-0.08322372,-0.15712638,-0.07962846,-40.5625,-9.9875,-48.6375,sitting
2034091862499922,-0.42592242,-0.8045866,10.079765,0.10532794,-0.3094591,-0.0041278964,-40.5625,-9.975,-48.662502,sitting
2034091882499922,-0.3493521,-0.8428718,9.973883,0.11598058,-0.2625875,0.15033533,-40.537502,-9.925,-48.65,sitting
2034091902499922,-0.3589234,-0.5509474,9.882956,0.11385005,-0.1155811,0.12157321,-40.475002,-9.9125,-48.5875,sitting
2034091922499922,-0.23449662,-0.36430725,9.629316,0.13622059,0.018508956,-0.0126500055,-40.4875,-9.85,-48.537502,sitting
2034091942499922,-0.21535404,-0.40259242,9.605389,0.12769848,0.19640799,-0.15206638,-40.4875,-9.837501,-48.5,sitting
2034091962499922,-0.3397808,-0.49351966,9.84467,-0.0011984216,0.3285007,-0.13715269,-40.475002,-9.725,-48.4625,sitting
2034091982499922,-0.32542387,-0.5844469,9.868599,-0.27923223,0.2954775,0.050200548,-40.5,-9.6125,-48.55,sitting
2034092002499922,-0.38285163,-0.637089,9.787243,-0.31438592,0.06325003,0.05872266,-40.4625,-9.587501,-48.575,sitting
2034092022499922,-0.4642076,-0.86201435,9.959526,-0.05978792,-0.23062958,-0.04234423,-40.475002,-9.587501,-48.600002,sitting
2034092042499922,-0.41635114,-0.9242278,10.199407,0.09680583,-0.37017912,0.06511424,-40.4625,-9.6625,-48.5875,sitting
2034092062499922,-0.34456646,-0.63230336,9.984053,0.08721846,-0.30519804,0.19401114,-40.475002,-9.712501,-48.600002,sitting
2034092082499922,-0.32063824,-0.3062813,9.528818,0.100001626,-0.13369058,0.10239847,-40.4875,-9.775001,-48.6375,sitting
2034092102499922,-0.11964113,-0.124426775,9.480962,0.11278479,0.056858446,-0.05725792,-40.475002,-9.7875,-48.600002,sitting
2034092122499922,-0.032901313,-0.4456632,9.54796,0.109588996,0.25606275,-0.18828535,-40.5125,-9.85,-48.662502,sitting
2034092142499922,-0.42592242,-0.56530434,9.984053,0.02543317,0.38602492,-0.17550218,-40.475002,-9.9375,-48.625,sitting
2034092162499922,-0.33020952,-0.58923256,9.964312,-0.23555642,0.36791542,0.037417386,-40.4875,-9.962501,-48.5875,sitting
2034092182499922,-0.32063824,-0.503091,9.696316,-0.28562382,0.114382684,0.09281109,-40.4625,-9.9875,-48.575,sitting
2034092202499922,-0.38763726,-0.3786642,9.715458,-0.027830012,-0.24128221,-0.017976323,-40.475002,-9.9375,-48.55,sitting
2034092222499922,-0.23449662,-0.49351966,9.744172,0.12237216,-0.4032023,0.054461602,-40.4625,-9.8875,-48.5875,sitting
2034092242499922,-0.32063824,-0.60358953,9.854242,0.076565824,-0.3265033,0.17909744,-40.45,-9.8875,-48.7,sitting
2034092262499922,-0.33499518,-0.7280163,9.887741,0.066978455,-0.14221269,0.085354246,-40.4625,-9.8125,-48.7375,sitting
2034092282499922,-0.3493521,-0.8955139,9.964312,0.100001626,0.070706874,-0.105194785,-40.4375,-9.775001,-48.75,sitting
2034092302499922,-0.42592242,-1.1587243,10.118051,0.12556796,0.3018691,-0.2245043,-40.425,-9.712501,-48.7375,sitting
2034092322499922,-0.38763726,-0.98644114,10.357333,-0.012916322,0.4073302,-0.10199899,-40.4375,-9.75,-48.725002,sitting
2034092342499922,-0.4642076,-0.33499518,9.887741,-0.25473118,0.3274354,0.072571084,-40.4875,-9.7875,-48.7625,sitting
2034092362499922,-0.23928227,0.09092726,9.122038,-0.19933745,0.047271073,-0.015845796,-40.525,-9.8125,-48.8125,sitting
2034092382499922,-0.052043892,-0.08135597,9.25125,0.044607915,-0.2508696,-0.0870853,-40.5625,-9.8625,-48.7375,sitting
2034092402499922,-0.27756742,-0.5940182,9.954741,0.13409007,-0.35526544,0.09920268,-40.5625,-9.8875,-48.6375,sitting
2034092422499922,-0.32542387,-0.72323066,10.213763,0.11917637,-0.2593917,0.20146799,-40.525,-9.9375,-48.625,sitting
2034092442499922,-0.27756742,-0.5796613,9.7298155,0.13941638,-0.090147935,0.07150582,-40.537502,-10.0,-48.675,sitting
2034092462499922,-0.40677986,-0.3786642,9.61496,0.1447427,0.07709846,-0.08602004,-40.6375,-10.0625,-48.675,sitting
2034092482499922,-0.33499518,-0.40737805,9.758529,0.13835111,0.25819328,-0.19467694,-40.65,-10.075,-48.6375,sitting
2034092502499922,-0.29192436,-0.6466603,9.830314,-0.01824264,0.3721765,-0.116912685,-40.6125,-10.0375,-48.6375,sitting
2034092522499922,-0.28713873,-0.9529416,9.973883,-0.29308066,0.34021857,0.052331075,-40.575,-10.05,-48.525,sitting
2034092542499922,-0.33020952,-1.1252248,10.242477,-0.28136277,0.07709846,0.010785795,-40.55,-9.9875,-48.55,sitting
2034092562499922,-0.52163535,-0.9242278,10.242477,-0.032091066,-0.24234748,-0.08069372,-40.537502,-9.925,-48.525,sitting
2034092582499922,-0.47377887,-0.32542387,9.772886,0.09147952,-0.37124437,0.049135286,-40.5625,-9.9375,-48.55,sitting
2034092602499922,-0.2536392,-0.14356937,9.270393,0.07443529,-0.28389275,0.16205323,-40.5625,-9.900001,-48.4375,sitting
2034092622499922,-0.29671,-0.31106696,9.624531,0.08508793,-0.108124256,0.05659213,-40.5125,-9.9375,-48.350002,sitting
2034092642499922,-0.20578274,-0.48394838,9.973883,0.108523734,0.08988162,-0.11797795,-40.5125,-9.925,-48.412502,sitting
2034092662499922,-0.21535404,-0.5174479,9.84467,0.09041425,0.28589013,-0.20213377,-40.525,-9.925,-48.350002,sitting
2034092682499922,-0.28235307,-0.42652065,9.653245,-0.11198584,0.36365438,-0.06578003,-40.5125,-9.925,-48.375,sitting
2034092702499922,-0.2440679,-0.49351966,9.7298155,-0.33036488,0.26138908,0.06831003,-40.5,-9.95,-48.3875,sitting
2034092722499922,-0.37806597,-0.58923256,9.854242,-0.22490379,-0.031558435,-0.024367906,-40.5125,-9.975,-48.375,sitting
2034092742499922,-0.3493521,-0.6562316,9.906884,0.011584742,-0.29028434,-0.052996866,-40.525,-9.9875,-48.3375,sitting
2034092762499922,-0.28235307,-0.67058855,9.887741,0.07976162,-0.34887385,0.1279648,-40.5125,-9.9875,-48.375,sitting
2034092782499922,-0.37328035,-0.5988039,9.887741,0.07230477,-0.23702116,0.18442377,-40.5,-9.9125,-48.412502,sitting
2034092802499922,-0.31106696,-0.5413761,9.820743,0.100001626,-0.07097319,0.045939494,-40.5125,-9.875,-48.350002,sitting
2034092822499922,-0.37328035,-0.6418747,9.753743,0.0946753,0.12183953,-0.105194785,-40.5,-9.8875,-48.375,sitting
2034092842499922,-0.4642076,-0.785444,9.993624,0.057391077,0.3242396,-0.19467694,-40.525,-9.85,-48.375,sitting
2034092862499922,-0.41156548,-0.8045866,10.098908,-0.11518163,0.4009386,-0.107325315,-40.5125,-9.85,-48.275,sitting
2034092882499922,-0.4019942,-0.50787663,9.902099,-0.28455856,0.2752375,0.013981585,-40.525,-9.85,-48.25,sitting
2034092902499922,-0.41635114,-0.2632105,9.576674,-0.1599227,-0.05392897,-0.031824753,-40.525,-9.8875,-48.2,sitting
2034092922499922,-0.032901313,-0.27756742,9.552746,0.06910898,-0.31904647,-0.011584742,-40.575,-9.8875,-48.287502,sitting
2034092942499922,0.096311115,-0.421735,9.720243,0.108523734,-0.34461278,0.1631185,-40.5875,-9.8875,-48.2,sitting
2034092962499922,-0.4019942,-0.45044887,9.825528,0.09680583,-0.2125201,0.1716406,-40.5625,-9.8875,-48.1875,sitting
2034092982499922,-0.31585258,-0.5605187,9.854242,0.118111104,-0.0017310535,-0.021172116,-40.575,-9.825,-48.125,sitting
2034093002499922,-0.32063824,-0.53180486,9.8015995,0.064847924,0.2134522,-0.14354427,-40.5875,-9.8,-48.100002,sitting
2034093022499922,-0.4019942,-0.51266223,9.815957,-0.1599227,0.26458487,-0.047670547,-40.6125,-9.7625,-48.2125,sitting
2034093042499922,-0.21535404,-0.5461618,9.830314,-0.32503858,0.15273218,-0.023302643,-40.6125,-9.75,-48.2375,sitting
2034093062499922,-0.25842485,-0.503091,9.806385,-0.18442377,-0.058190025,-0.13715269,-40.6375,-9.712501,-48.2625,sitting
2034093082499922,-0.40677986,-0.52223355,9.753743,0.06378266,-0.22530326,-0.060453713,-40.600002,-9.725,-48.1875,sitting
2034093102499922,-0.47377887,-0.7423732,9.916455,0.16604798,-0.2327601,0.1482048,-40.6125,-9.7875,-48.175,sitting
2034093122499922,-0.44027936,-0.81894356,10.1084795,0.1893506,-0.14434323,0.18229324,-40.6375,-9.7875,-48.225002,sitting
2034093142499922,-0.36370903,-0.6897311,9.935597,0.17443693,-0.04860265,0.04061318,-40.65,-9.837501,-48.2375,sitting
2034093162499922,-0.2632105,-0.46002015,9.7298155,0.11171953,0.044075284,-0.09773794,-40.65,-9.900001,-48.2375,sitting
2034093182499922,-0.16749759,-0.36909288,9.595817,0.029694224,0.14101428,-0.14993586,-40.65,-9.975,-48.2,sitting
2034093202499922,-0.2009971,-0.4648058,9.686745,-0.025699485,0.23262694,-0.14460954,-40.625,-10.0,-48.2,sitting
2034093222499922,-0.33020952,-0.5844469,9.868599,-0.028895276,0.26991117,-0.10412952,-40.6125,-10.025001,-48.1375,sitting
2034093242499922,-0.38763726,-0.6562316,9.892527,-0.0022636852,0.21771325,-0.0051931604,-40.575,-10.0375,-48.0875,sitting
2034093262499922,-0.39720857,-0.637089,9.830314,0.02543317,0.072837405,0.11518163,-40.575,-9.9875,-48.1375,sitting
2034093282499922,-0.3062813,-0.5796613,9.84467,0.03715107,-0.07523424,0.14287849,-40.537502,-10.0125,-48.1125,sitting
2034093302499922,-0.2536392,-0.50787663,9.758529,0.030759487,-0.07629951,0.010785795,-40.537502,-9.975,-48.1375,sitting
2034093322499922,-0.33020952,-0.5557331,9.725029,-0.02996054,0.015313165,-0.083889514,-40.575,-9.9125,-48.3,sitting
2034093342499922,-0.44027936,-0.7423732,9.868599,-0.21744694,-0.026232118,0.045939494,-40.575,-9.825,-48.45,sitting
2034093362499922,-0.39720857,-0.9625129,10.118051,-0.2802975,-0.21358536,0.085354246,-40.5875,-9.775001,-48.55,sitting
2034093382499922,-0.3493521,-0.8285148,10.122836,-0.1013332,-0.38083175,-0.0519316,-40.575,-9.75,-48.5875,sitting
2034093402499922,-0.41635114,-0.38344982,9.739387,0.08402267,-0.37550545,-0.054062128,-40.65,-9.775001,-48.7,sitting
2034093422499922,-0.25842485,-0.11485548,9.461819,0.1532648,-0.20612851,0.064048976,-40.65,-9.8125,-48.775,sitting
2034093442499922,0.010169496,-0.32542387,9.452248,0.1808285,0.0035952649,0.08002793,-40.7,-9.85,-48.725002,sitting
2034093462499922,-0.3062813,-0.58923256,9.87817,0.18828535,0.14847112,-0.0041278964,-40.7,-9.8625,-48.6125,sitting
2034093482499922,-0.3589234,-0.7471589,10.046266,0.16285218,0.22303957,-0.07856319,-40.6375,-9.925,-48.412502,sitting
2034093502499922,-0.32542387,-0.7375876,9.887741,0.1330248,0.3221091,-0.18189377,-40.6375,-9.9875,-48.175,sitting
2034093522499922,-0.39720857,-0.57009,9.815957,0.038216334,0.46046022,-0.24900538,-40.6875,-10.0375,-48.0875,sitting
2034093542499922,-0.2727818,-0.4743771,9.763314,-0.24194801,0.5030708,-0.06791056,-40.7125,-10.0375,-48.1375,sitting
2034093562499922,-0.2105684,-0.50787663,9.715458,-0.38242966,0.21771325,0.106659524,-40.675,-9.9875,-48.037502,sitting
2034093582499922,-0.29671,-0.6227321,9.7681,-0.1599227,-0.31265488,0.064048976,-40.662502,-9.962501,-47.95,sitting
2034093602499922,-0.4881358,-0.85244304,9.984053,-0.054461602,-0.040080544,-0.058323186,-40.625,-9.925,-47.975002,sitting
2034093622499922,-0.4881358,-1.0007981,10.204192,-0.03315633,-0.0677774,-0.043409493,-40.6125,-9.900001,-48.037502,sitting
2034093642499922,-0.32063824,-0.84765744,10.118051,0.006258424,-0.06564687,-0.048735812,-40.662502,-9.8625,-48.100002,sitting
2034093662499922,-0.41156548,-0.31106696,9.643674,0.02543317,-0.05286371,-0.07217161,-40.662502,-9.85,-48.25,sitting
2034093682499922,-0.3589234,0.0047856453,9.404391,0.0105194785,-0.02410159,-0.07643267,-40.600002,-9.85,-48.1875,sitting
2034093702499922,0.25902304,-0.32542387,9.423533,-0.032091066,0.0014647375,-0.059388448,-40.5625,-9.85,-48.125,sitting
2034093722499922,-0.32542387,-0.5174479,9.892527,-0.07683214,0.002530001,-0.008388951,-40.5625,-9.925,-48.1375,sitting
2034093742499922,-0.4977071,-0.6466603,10.027123,-0.05872266,-0.011318427,0.05872266,-40.575,-9.962501,-48.1125,sitting
2034093762499922,-0.19142582,-0.78065836,9.873384,0.03395528,-0.002796317,0.072571084,-40.5875,-9.9375,-48.175,sitting
2034093782499922,-0.41156548,-0.57487565,9.887741,0.13409007,0.0067910557,0.051265813,-40.6375,-9.95,-48.287502,sitting
2034093802499922,-0.26799613,-0.49830532,9.777672,0.16391744,0.002530001,0.04167844,-40.600002,-9.975,-48.3,sitting
2034093822499922,-0.19621146,-0.4743771,9.720243,0.09361004,-0.0070573715,0.025699485,-40.5625,-10.0375,-48.162502,sitting
2034093842499922,-0.40677986,-0.49351966,9.748958,-0.021438431,-0.011318427,-0.009454215,-40.575,-10.025001,-48.15,sitting
2034093862499922,-0.35413775,-0.6418747,9.87817,-0.08215846,-0.011318427,-0.019041587,-40.6125,-10.0375,-48.1125,sitting
2034093882499922,-0.43070808,-0.87158567,9.998409,-0.045939494,-0.018775271,-0.020106852,-40.600002,-9.975,-48.0875,sitting
2034093902499922,-0.4354937,-0.933799,10.137193,0.006258424,-0.015579481,-0.023302643,-40.5875,-9.975,-48.100002,sitting
2034093922499922,-0.26799613,-0.76630145,10.04148,0.0073236874,-0.019840535,-0.017976323,-40.6125,-10.0,-48.075,sitting
2034093942499922,-0.34456646,-0.26799613,9.69153,-0.016112113,-0.013448954,0.0011984216,-40.600002,-10.0125,-48.037502,sitting
2034093962499922,-0.2009971,-0.038285162,9.366106,-0.026764749,0.005725792,0.021438431,-40.600002,-10.075,-48.075,sitting
2034093982499922,-0.071186475,-0.35473597,9.495318,-0.028895276,0.017443692,0.04061318,-40.6375,-10.05,-48.05,sitting
2034094002499922,-0.37328035,-0.5557331,10.027123,-0.024634222,0.016378429,0.06724477,-40.6375,-10.025001,-48.1375,sitting
2034094022499922,-0.29671,-0.5796613,9.91167,0.0073236874,0.0014647375,0.08002793,-40.625,-10.0375,-48.225002,sitting
2034094042499922,-0.32063824,-0.5844469,9.653245,0.05419529,-0.021971062,0.060853187,-40.65,-10.0375,-48.2375,sitting
2034094062499922,-0.36370903,-0.57009,9.859028,0.08402267,-0.0326237,0.01824264,-40.662502,-10.025001,-48.275,sitting
2034094082499922,-0.24885355,-0.61794645,9.87817,0.0627174,-0.026232118,1.3315796E-4,-40.65,-10.025001,-48.2625,sitting
2034094102499922,-0.27756742,-0.6418747,9.8015995,0.009454215,-0.009187899,-0.009454215,-40.625,-10.0375,-48.3125,sitting
2034094122499922,-0.40677986,-0.5940182,9.820743,-0.034221593,-0.009187899,-0.035952646,-40.6125,-10.0375,-48.3,sitting
2034094142499922,-0.49292147,-0.75194454,9.868599,-0.024634222,-0.054994237,-0.07643267,-40.600002,-10.0375,-48.4,sitting
2034094162499922,-0.47856453,-1.0677971,10.1084795,0.013715269,-0.120907426,-0.14993586,-40.6125,-10.1,-48.375,sitting
2034094182499922,-0.3493521,-1.1012967,10.319048,-0.017177377,-0.100800574,-0.20532957,-40.6375,-10.0375,-48.4,sitting
2034094202499922,-0.32542387,-0.71365935,10.031909,-0.10239847,-0.06458161,-0.122239,-40.625,-10.075,-48.45,sitting
2034094222499922,-0.43070808,-0.038285162,9.485747,-0.17803219,-0.11132005,0.060853187,-40.625,-10.05,-48.4625,sitting
2034094242499922,-0.05682954,0.086141616,9.141181,-0.19294588,-0.14327796,0.18229324,-40.6125,-10.05,-48.375,sitting
2034094262499922,0.06759724,-0.39780676,9.485747,-0.18442377,-0.13582112,0.20466378,-40.600002,-10.0625,-48.350002,sitting
2034094282499922,-0.5024927,-0.6562316,10.161121,-0.17803219,-0.0912132,0.17803219,-40.6125,-9.9875,-48.3,sitting
2034094302499922,-0.33499518,-0.86201435,10.04148,-0.09068057,-0.018775271,0.11411637,-40.600002,-9.900001,-48.2625,sitting
2034094322499922,-0.36370903,-0.6897311,9.84467,0.06378266,0.072837405,0.043808967,-40.600002,-9.85,-48.275,sitting
2034094342499922,-0.42592242,-0.4552345,9.792028,0.18508956,0.15060164,0.012916322,-40.55,-9.8875,-48.2125,sitting
2034094362499922,-0.16271193,-0.41694933,9.696316,0.22983064,0.21238694,0.021438431,-40.55,-9.875,-48.275,sitting
2034094382499922,-0.26799613,-0.43130627,9.638887,0.20959063,0.24647537,0.038482647,-40.525,-9.925,-48.2625,sitting
2034094402499922,-0.44506502,-0.67058855,9.815957,0.15859112,0.19960378,0.034221593,-40.525,-9.962501,-48.3,sitting
2034094422499922,-0.4881358,-0.99601245,10.141979,0.07976162,0.06431529,-0.011584742,-40.525,-9.962501,-48.275,sitting
2034094442499922,-0.4211368,-1.1491531,10.26162,-0.05339634,0.0259658,-0.046605285,-40.5125,-10.0375,-48.162502,sitting
2034094462499922,-0.2440679,-0.8333005,10.07498,-0.13009532,-0.040080544,-0.011584742,-40.537502,-10.150001,-48.1875,sitting
2034094482499922,-0.5024927,-0.09092726,9.595817,-0.14607428,-0.099735305,0.0043942127,-40.5125,-10.1875,-48.225002,sitting
2034094502499922,-0.15314065,0.019142581,9.227323,-0.15246587,-0.100800574,-0.0019973693,-40.525,-10.1875,-48.1875,sitting
2034094522499922,0.40259242,-0.4456632,9.452248,-0.12689953,-0.10599373,-0.0051931604,-40.525,-10.175,-48.125,sitting
2034094542499922,-0.6221339,-0.60837513,10.036695,-0.06191845,-0.11025479,0.012916322,-40.525,-10.1125,-48.1875,sitting
2034094562499922,-0.4211368,-0.87637126,10.156336,0.0105194785,-0.06564687,0.05872266,-40.525,-10.087501,-48.2125,sitting
2034094582499922,-0.08075777,-0.78065836,9.945169,0.09254478,0.014247901,0.105594255,-40.5125,-10.05,-48.2375,sitting
2034094602499922,-0.5312066,-0.40259242,9.710672,0.1564606,0.08562057,0.14927007,-40.55,-9.95,-48.3625,sitting
2034094622499922,-0.2009971,-0.4648058,9.662816,0.16604798,0.1697764,0.1716406,-40.55,-9.8625,-48.3625,sitting
2034094642499922,-0.16749759,-0.57009,9.820743,0.13941638,0.24434485,0.15779218,-40.5625,-9.75,-48.375,sitting
2034094662499922,-0.4019942,-0.5605187,9.897313,0.108523734,0.25073642,0.107724786,-40.5625,-9.675,-48.425,sitting
2034094682499922,-0.19621146,-0.57009,9.811171,0.07337003,0.19640799,0.039547913,-40.5875,-9.7,-48.3875,sitting
2034094702499922,-0.37328035,-0.5461618,9.748958,0.024367906,0.1079911,-0.032890014,-40.600002,-9.7625,-48.4,sitting
2034094722499922,-0.49292147,-0.7423732,9.87817,-0.04807002,0.030226856,-0.08815057,-40.5875,-9.775001,-48.412502,sitting
2034094742499922,-0.37806597,-0.94337034,10.132407,-0.028895276,-0.008122635,-0.0870853,-40.5875,-9.85,-48.3875,sitting
2034094762499922,-0.3684947,-0.68494546,10.103694,0.044607915,0.008921583,-0.0105194785,-40.5625,-9.9125,-48.425,sitting
2034094782499922,-0.23449662,-0.2536392,9.643674,0.08082688,0.055793185,0.116246894,-40.5875,-9.95,-48.4625,sitting
2034094802499922,-0.07597212,-0.10049855,9.323035,0.088283725,0.041944757,0.221708,-40.5875,-10.0125,-48.425,sitting
2034094822499922,-0.2009971,-0.46002015,9.605389,0.08508793,-0.033688962,0.24620906,-40.6375,-10.0375,-48.425,sitting
2034094842499922,-0.31585258,-0.71365935,10.132407,0.021172116,-0.108124256,0.18868482,-40.6125,-10.0125,-48.4,sitting
2034094862499922,-0.38763726,-0.7375876,9.988838,-0.07576688,-0.14966954,0.06511424,-40.6125,-9.962501,-48.350002,sitting
2034094882499922,-0.37806597,-0.5844469,9.777672,-0.12050795,-0.13688637,-0.07643267,-40.662502,-9.925,-48.325,sitting
2034094902499922,-0.2727818,-0.53180486,9.758529,-0.084288985,-0.05392897,-0.17124113,-40.675,-9.8125,-48.275,sitting
2034094922499922,-0.29671,-0.503091,9.830314,0.0051931604,0.0962732,-0.18508956,-40.662502,-9.775001,-48.1875,sitting
2034094942499922,-0.33499518,-0.51266223,9.806385,0.08721846,0.2635196,-0.13608743,-40.625,-9.7625,-48.0875,sitting
2034094962499922,-0.3062813,-0.52223355,9.8015995,0.1893506,0.3103912,-0.055127393,-40.625,-9.775001,-48.0875,sitting
2034094982499922,-0.3589234,-0.58923256,9.782457,0.24900538,0.23156169,0.02996054,-40.575,-9.7875,-48.125,sitting
2034095002499922,-0.41635114,-0.7423732,9.906884,0.18615483,0.14101428,0.084288985,-40.575,-9.8,-48.1875,sitting
2034095022499922,-0.3924229,-0.8572287,10.055838,0.050999496,0.0845553,0.08215846,-40.575,-9.8625,-48.2125,sitting
2034095042499922,-0.36370903,-0.6945168,10.022338,-0.07150582,0.04620581,0.09281109,-40.525,-9.900001,-48.3,sitting
2034095062499922,-0.26799613,-0.35473597,9.7298155,-0.12370374,-0.025166854,0.17696692,-40.525,-9.975,-48.3375,sitting
2034095082499922,-0.17228323,-0.18185452,9.452248,-0.11518163,-0.14327796,0.25792697,-40.55,-10.0,-48.4,sitting
2034095102499922,-0.2009971,-0.41694933,9.571889,-0.105594255,-0.24234748,0.23449115,-40.5125,-10.0125,-48.4,sitting
2034095122499922,-0.31106696,-0.6753742,10.017552,-0.12157321,-0.27750117,0.10452899,-40.5,-10.0,-48.3875,sitting
2034095142499922,-0.37328035,-0.71365935,9.988838,-0.13222586,-0.24128221,-0.06897582,-40.537502,-10.0,-48.4,sitting
2034095162499922,-0.3493521,-0.6131608,9.796814,-0.12263848,-0.13901691,-0.20959063,-40.600002,-10.0,-48.3875,sitting
2034095182499922,-0.29671,-0.5605187,9.753743,-0.073636346,0.012117374,-0.27989802,-40.625,-9.962501,-48.3375,sitting
2034095202499922,-0.2632105,-0.53180486,9.849456,0.02862896,0.16018902,-0.29055065,-40.6125,-9.9125,-48.275,sitting
2034095222499922,-0.32542387,-0.49351966,9.8015995,0.14900376,0.257128,-0.2660496,-40.6125,-9.875,-48.3125,sitting
2034095242499922,-0.34456646,-0.49351966,9.763314,0.21704747,0.28802067,-0.22663485,-40.5875,-9.875,-48.3125,sitting
2034095262499922,-0.3924229,-0.53180486,9.753743,0.16178691,0.15912376,-0.17443693,-40.6125,-9.825,-48.412502,sitting
2034095282499922,-0.44027936,-0.7328019,9.902099,-0.049135286,-0.20399798,-0.21172115,-40.6375,-9.7875,-48.412502,sitting
2034095302499922,-0.38763726,-0.8811569,10.089336,-0.04061318,-0.08375636,-0.20639484,-40.625,-9.7375,-48.425,sitting
2034095322499922,-0.31106696,-0.81894356,10.055838,-0.051265813,-0.011318427,0.019307904,-40.600002,-9.6125,-48.45,sitting
2034095342499922,-0.32063824,-0.4456632,9.796814,-0.19720693,-0.15925692,0.2185122,-40.575,-9.5375,-48.45,sitting
2034095362499922,-0.23449662,-0.18664017,9.476176,-0.22596905,-0.24341275,0.19720693,-40.5625,-9.525001,-48.3625,sitting
2034095382499922,-0.18185452,-0.32063824,9.476176,-0.12263848,-0.17630114,0.10452899,-40.55,-9.525001,-48.3625,sitting
2034095402499922,-0.31585258,-0.61794645,9.916455,0.021172116,-0.08801741,0.04807002,-40.5875,-9.575,-48.3875,sitting
2034095422499922,-0.36370903,-0.7710871,10.027123,0.16391744,0.05792371,0.015046849,-40.600002,-9.6125,-48.3875,sitting
2034095442499922,-0.3924229,-0.7423732,9.897313,0.25326642,0.2134522,0.0043942127,-40.575,-9.650001,-48.3625,sitting
2034095462499922,-0.33020952,-0.60837513,9.84467,0.2543317,0.2251701,-0.006258424,-40.537502,-9.675,-48.2625,sitting
2034095482499922,-0.25842485,-0.47916272,9.744172,0.21065588,0.13888375,-0.060453713,-40.4875,-9.7375,-48.2125,sitting
2034095502499922,-0.29192436,-0.45044887,9.705887,0.17137429,0.104795314,-0.14460954,-40.5125,-9.75,-48.3,sitting
2034095522499922,-0.34456646,-0.5174479,9.734601,0.13941638,0.0845553,-0.14247902,-40.537502,-9.7375,-48.3625,sitting
2034095542499922,-0.44985065,-0.76630145,9.902099,0.08295741,0.058988973,-0.046605285,-40.525,-9.7375,-48.2375,sitting
2034095562499922,-0.41156548,-0.9625129,10.127622,0.05526055,0.02809633,0.016112113,-40.4875,-9.650001,-48.2,sitting
2034095582499922,-0.37328035,-0.9242278,10.122836,0.04354265,-0.002796317,0.028895276,-40.4875,-9.6,-48.162502,sitting
2034095602499922,-0.33499518,-0.51266223,9.892527,0.0126500055,-0.020905798,0.06724477,-40.5,-9.5375,-48.2,sitting
2034095622499922,-0.19621146,-0.06699903,9.452248,-0.05872266,-0.057124764,0.1748364,-40.55,-9.5125,-48.2125,sitting
2034095642499922,-0.13399807,-0.19142582,9.279964,-0.13755217,-0.12410321,0.2568617,-40.5625,-9.45,-48.2375,sitting
2034095662499922,-0.28235307,-0.53659046,9.820743,-0.19081534,-0.19973694,0.22064273,-40.5625,-9.462501,-48.1375,sitting
2034095682499922,-0.3589234,-0.81894356,10.113265,-0.24301326,-0.22210747,0.07576688,-40.5875,-9.5125,-48.2125,sitting
2034095702499922,-0.38763726,-0.87637126,9.973883,-0.24727432,-0.17523587,-0.13076112,-40.5875,-9.525001,-48.3625,sitting
2034095722499922,-0.35413775,-0.69930243,9.926026,-0.10985532,0.033422645,-0.3065296,-40.600002,-9.575,-48.3875,sitting
2034095742499922,-0.22013968,-0.47916272,9.7681,0.10319742,0.21132168,-0.2660496,-40.600002,-9.6375,-48.3625,sitting
2034095762499922,-0.3062813,-0.3786642,9.595817,0.21065588,0.1900164,-0.13928322,-40.5875,-9.7,-48.3375,sitting
2034095782499922,-0.33020952,-0.47916272,9.739387,0.20959063,0.103730045,-0.15952323,-40.5875,-9.7875,-48.375,sitting
2034095802499922,-0.33020952,-0.6801598,9.902099,0.12663321,0.0067910557,-0.2245043,-40.5875,-9.85,-48.4,sitting
2034095822499922,-0.4354937,-0.85244304,9.959526,-0.01824264,-0.060320552,-0.19041587,-40.5875,-9.85,-48.3875,sitting
2034095842499922,-0.4211368,-0.9385847,10.07498,-0.20040272,-0.06458161,-0.09986847,-40.600002,-9.775001,-48.3875,sitting
2034095862499922,-0.24885355,-0.8141579,10.060623,-0.3122554,-0.07203846,-0.055127393,-40.5875,-9.75,-48.2625,sitting
2034095882499922,-0.32063824,-0.29671,9.763314,-0.33356068,-0.14753902,-0.11584742,-40.575,-9.775001,-48.2375,sitting
2034095902499922,-0.26799613,-0.0526421,9.332606,-0.21744694,-0.107058994,-0.15845796,-40.5625,-9.7625,-48.3125,sitting
2034095922499922,-0.124426775,-0.38823548,9.461819,-0.03635212,-0.13582112,-0.073236875,-40.6125,-9.7625,-48.412502,sitting
2034095942499922,-0.3493521,-0.69930243,10.103694,0.07230477,-0.10492847,0.016112113,-40.6125,-9.75,-48.4375,sitting
2034095962499922,-0.38763726,-0.8045866,10.132407,0.13941638,0.0067910557,-0.0030626329,-40.5875,-9.7375,-48.375,sitting
2034095982499922,-0.3493521,-0.6466603,9.811171,0.17337166,0.11651321,-0.082824245,-40.537502,-9.7375,-48.375,sitting
2034096002499922,-0.34456646,-0.4743771,9.69153,0.15859112,0.093077414,-0.0870853,-40.55,-9.775001,-48.3,sitting
2034096022499922,-0.22971097,-0.47916272,9.748958,0.06165213,-0.008122635,-0.07749793,-40.5625,-9.7875,-48.350002,sitting
2034096042499922,-0.29192436,-0.49351966,9.806385,-0.06831003,-0.049667917,-0.031824753,-40.55,-9.725,-48.3375,sitting
2034096062499922,-0.3684947,-0.60837513,9.806385,-0.13329111,-0.068842664,0.026764749,-40.537502,-9.7,-48.2625,sitting
2034096082499922,-0.38285163,-0.7471589,9.892527,-0.07576688,-0.049667917,-0.071106344,-40.5,-9.75,-48.1125,sitting
2034096102499922,-0.4546363,-0.799801,10.036695,0.030759487,-0.01238369,-0.17230639,-40.5125,-9.75,-47.9875,sitting
2034096122499922,-0.3684947,-0.6801598,9.949955,0.09147952,0.036618438,-0.18722008,-40.5,-9.8,-48.025,sitting
2034096142499922,-0.23928227,-0.4552345,9.734601,0.09361004,0.082424775,-0.1105211,-40.55,-9.825,-48.125,sitting
2034096162499922,-0.21535404,-0.29192436,9.595817,0.07869635,0.037683703,-0.055127393,-40.537502,-9.85,-48.075,sitting
2034096182499922,-0.20578274,-0.40737805,9.619745,0.006258424,-0.0049268445,-0.11797795,-40.5625,-9.9125,-48.100002,sitting
2034096202499922,-0.31585258,-0.5796613,9.863813,-0.062983714,-0.027297381,-0.16165376,-40.600002,-9.9125,-48.1125,sitting
2034096222499922,-0.38763726,-0.6753742,9.916455,-0.003328949,-0.08162583,-0.049801074,-40.6125,-9.9375,-48.2,sitting
2034096242499922,-0.3589234,-0.6897311,9.863813,0.10213215,-0.08588688,0.05872266,-40.6125,-9.900001,-48.2375,sitting
2034096262499922,-0.29192436,-0.6131608,9.825528,0.11704584,-0.049667917,0.017177377,-40.6125,-9.900001,-48.325,sitting
2034096282499922,-0.2536392,-0.53659046,9.782457,0.039281595,-0.021971062,-0.014780533,-40.6375,-9.825,-48.350002,sitting
2034096302499922,-0.30149564,-0.51266223,9.772886,-0.055526868,0.04833634,-0.011584742,-40.5875,-9.8125,-48.3125,sitting
2034096322499922,-0.34456646,-0.57487565,9.796814,-0.073636346,0.06857634,0.0011984216,-40.5625,-9.75,-48.3625,sitting
2034096342499922,-0.37328035,-0.6562316,9.859028,-0.09174583,0.032357384,0.06511424,-40.5875,-9.6875,-48.3875,sitting
2034096362499922,-0.4211368,-0.7710871,9.921241,-0.04700476,0.06644582,0.013981585,-40.5625,-9.725,-48.375,sitting
2034096382499922,-0.31585258,-0.8380861,10.003195,-0.034221593,-0.034754228,-0.029694224,-40.55,-9.75,-48.325,sitting
2034096402499922,-0.2009971,-0.7471589,9.916455,-0.06937529,-0.092278466,0.013981585,-40.55,-9.875,-48.2625,sitting
2034096422499922,-0.26799613,-0.4408776,9.7681,-0.07896267,-0.060320552,0.012916322,-40.5125,-9.9375,-48.162502,sitting
2034096442499922,-0.30149564,-0.18185452,9.538389,-0.13861743,-0.026232118,-0.026498433,-40.5,-10.0,-48.125,sitting
2034096462499922,-0.25842485,-0.3397808,9.5048895,-0.21531641,-0.0070573715,-0.049801074,-40.525,-10.0375,-48.1875,sitting
2034096482499922,-0.3397808,-0.60358953,9.882956,-0.24940485,-0.031558435,-0.03395528,-40.575,-10.125,-48.2125,sitting
2034096502499922,-0.3493521,-0.8237292,10.003195,-0.16098797,-0.060320552,0.039547913,-40.537502,-10.1875,-48.125,sitting
2034096522499922,-0.28235307,-0.8380861,9.945169,0.0030626329,-0.05286371,0.116246894,-40.5125,-10.1375,-48.1375,sitting
2034096542499922,-0.28235307,-0.5844469,9.873384,0.1415469,-0.0038615807,0.118377425,-40.525,-10.075,-48.1875,sitting
2034096562499922,-0.3062813,-0.40259242,9.643674,0.2010685,0.0611195,0.06724477,-40.55,-9.975,-48.3125,sitting
2034096582499922,-0.31106696,-0.43130627,9.610174,0.16391744,0.082424775,0.024634222,-40.5625,-9.875,-48.3625,sitting
2034096602499922,-0.44985065,-0.69930243,9.839885,0.042477388,0.03448791,0.03528686,-40.600002,-9.825,-48.375,sitting
2034096622499922,-0.4977071,-1.0582259,10.137193,-0.10026794,-0.017710008,0.031025803,-40.600002,-9.7625,-48.2625,sitting
2034096642499922,-0.2105684,-1.1539388,10.208978,-0.15885743,-0.023036325,-0.0073236874,-40.600002,-9.7,-48.2125,sitting
2034096662499922,-0.01375873,-0.9098708,9.998409,-0.12263848,-0.025166854,-0.006258424,-40.65,-9.712501,-48.225002,sitting
2034096682499922,-0.25842485,-0.23928227,9.672387,-0.037417386,-0.040080544,0.0075900033,-40.65,-9.7625,-48.2125,sitting
2034096702499922,-0.41635114,0.16271193,9.279964,0.027563697,-0.015579481,1.3315796E-4,-40.65,-9.837501,-48.100002,sitting
2034096722499922,-0.23928227,-0.25842485,9.28475,0.0030626329,0.018508956,-0.021172116,-40.5875,-9.875,-48.0625,sitting
2034096742499922,-0.41635114,-0.6897311,10.046266,-0.052331075,0.0046605286,-0.0019973693,-40.600002,-9.9125,-48.100002,sitting
2034096762499922,-0.41156548,-1.0199406,10.237692,-0.10239847,-0.06564687,0.07683214,-40.5625,-9.975,-48.1375,sitting
2034096782499922,-0.11006984,-0.98644114,10.04148,-0.17803219,-0.06245108,0.16205323,-40.55,-10.0625,-48.25,sitting
2034096802499922,-0.22492532,-0.60358953,9.806385,-0.18442377,-0.002796317,0.26218802,-40.5125,-10.1,-48.275,sitting
2034096822499922,-0.40677986,-0.3062813,9.595817,-0.1013332,0.055793185,0.35167015,-40.4875,-10.0375,-48.3125,sitting
2034096842499922,-0.33499518,-0.3397808,9.567103,0.023302643,0.06964161,0.38788912,-40.5125,-9.95,-48.3,sitting
2034096862499922,-0.33020952,-0.5413761,9.782457,0.17976324,0.08668583,0.31438592,-40.537502,-9.85,-48.3625,sitting
2034096882499922,-0.3924229,-0.799801,9.906884,0.27883276,0.058988973,0.11092058,-40.600002,-9.7875,-48.3875,sitting
2034096902499922,-0.37328035,-1.0725827,10.055838,0.2277001,0.035553172,-0.08175898,-40.600002,-9.7875,-48.2375,sitting
2034096922499922,-0.22492532,-1.0917253,10.175478,0.08508793,-0.002796317,-0.13715269,-40.600002,-9.775001,-48.2125,sitting
2034096942499922,-0.19142582,-0.77587277,9.998409,-0.03315633,-0.051798444,-0.06471477,-40.6375,-9.8,-48.25,sitting
2034096962499922,-0.35413775,-0.14356937,9.643674,-0.07044056,-0.044341598,-0.0073236874,-40.6375,-9.8,-48.225002,sitting
2034096982499922,-0.3397808,0.076570325,9.189037,-0.017177377,-0.016644744,-0.049801074,-40.625,-9.875,-48.15,sitting
2034097002499922,-0.19142582,-0.3499503,9.423533,0.038216334,-0.023036325,-0.10093373,-40.65,-9.925,-48.15,sitting
2034097022499922,-0.41156548,-0.75194454,10.118051,0.0627174,-0.0070573715,-0.09241162,-40.65,-9.975,-48.162502,sitting
2034097042499922,-0.38763726,-1.0103694,10.1802635,0.042477388,-0.019840535,-0.04447476,-40.6375,-10.0375,-48.1375,sitting
2034097062499922,-0.2105684,-0.9098708,9.959526,-0.012916322,-0.011318427,0.010785795,-40.625,-10.0375,-48.175,sitting
2034097082499922,-0.31585258,-0.49830532,9.815957,-0.02996054,0.018508956,0.04700476,-40.6125,-10.075,-48.125,sitting
2034097102499922,-0.38285163,-0.31585258,9.58146,0.038216334,0.016378429,0.04061318,-40.625,-10.025001,-48.125,sitting
2034097122499922,-0.3493521,-0.39780676,9.619745,0.13409007,-0.0038615807,0.016112113,-40.675,-9.975,-48.125,sitting
2034097142499922,-0.42592242,-0.6753742,9.825528,0.15965639,0.012117374,0.003328949,-40.675,-9.925,-48.125,sitting
2034097162499922,-0.4546363,-1.0534402,10.084551,0.09361004,0.037683703,0.012916322,-40.675,-9.9375,-48.225002,sitting
2034097182499922,-0.24885355,-1.1443675,10.271192,-0.026764749,0.05792371,0.016112113,-40.625,-9.975,-48.162502,sitting
2034097202499922,-0.23449662,-0.75673014,10.060623,-0.09387636,0.005725792,0.028895276,-40.6375,-9.8875,-48.175,sitting
2034097222499922,-0.3397808,-0.1052842,9.514461,-0.10452899,-0.04753739,0.008655267,-40.675,-9.85,-48.2625,sitting
2034097242499922,-0.18185452,0.014356935,9.160323,-0.043808967,-0.014514217,-0.03914844,-40.7,-9.775001,-48.325,sitting
2034097262499922,-0.22013968,-0.3930211,9.562318,-0.0054594763,0.0067910557,-0.0051931604,-40.6375,-9.7625,-48.25,sitting
2034097282499922,-0.47856453,-0.77587277,10.1802635,-0.031025803,-0.005992108,0.0075900033,-40.625,-9.8125,-48.3375,sitting
2034097302499922,-0.31585258,-0.95772725,10.103694,-0.050200548,-0.015579481,-0.02862896,-40.65,-9.8125,-48.4,sitting
2034097322499922,-0.30149564,-0.7471589,9.887741,-0.08109319,-0.005992108,-0.017976323,-40.6125,-9.8125,-48.3125,sitting
2034097342499922,-0.3684947,-0.4552345,9.739387,-0.116246894,0.002530001,0.01824264,-40.625,-9.7875,-48.4875,sitting
2034097362499922,-0.24885355,-0.38823548,9.634102,-0.09174583,0.013182637,0.05659213,-40.5875,-9.8625,-48.5875,sitting
2034097382499922,-0.32542387,-0.48873404,9.681958,-0.02996054,0.038748965,0.105594255,-40.537502,-9.8875,-48.662502,sitting
2034097402499922,-0.38285163,-0.67058855,9.868599,0.03715107,0.058988973,0.15779218,-40.537502,-9.9125,-48.7125,sitting
2034097422499922,-0.37328035,-0.86201435,9.993624,0.058456343,0.053662658,0.17696692,-40.525,-9.9375,-48.675,sitting
2034097442499922,-0.41635114,-0.90029955,10.065409,0.042477388,0.053662658,0.12689953,-40.5125,-9.925,-48.675,sitting
2034097462499922,-0.36370903,-0.7328019,9.926026,0.015845796,0.016378429,0.012916322,-40.4875,-9.875,-48.6375,sitting
2034097482499922,-0.2727818,-0.39780676,9.7298155,-0.05872266,-0.051798444,-0.0988032,-40.5,-9.837501,-48.5625,sitting
2034097502499922,-0.26799613,-0.15314065,9.500104,-0.098137416,-0.04114581,-0.103064254,-40.5125,-9.775001,-48.4875,sitting
2034097522499922,-0.22013968,-0.38344982,9.476176,-0.04061318,-0.011318427,-0.043409493,-40.5125,-9.675,-48.3625,sitting
2034097542499922,-0.31585258,-0.66101724,9.906884,0.07017424,-0.040080544,-0.014780533,-40.575,-9.6625,-48.3375,sitting
2034097562499922,-0.37806597,-0.77587277,10.051051,0.12876374,-0.07097319,-0.038083173,-40.5875,-9.6625,-48.325,sitting
2034097582499922,-0.34456646,-0.7328019,9.892527,0.07017424,-0.06564687,-0.048735812,-40.625,-9.675,-48.3375,sitting
2034097602499922,-0.44506502,-0.6227321,9.811171,-0.04700476,-0.021971062,-0.038083173,-40.625,-9.7375,-48.2625,sitting
2034097622499922,-0.3589234,-0.7088737,9.8015995,-0.1396827,0.01105211,-0.02543317,-40.6125,-9.7875,-48.3,sitting
2034097642499922,-0.29192436,-0.86201435,9.978668,-0.13116059,0.017443692,0.0054594763,-40.625,-9.8125,-48.412502,sitting
2034097662499922,-0.41156548,-0.76630145,10.070194,-0.026764749,0.052597392,0.06191845,-40.6125,-9.8875,-48.3,sitting
2034097682499922,-0.31106696,-0.52223355,9.815957,0.08721846,0.114382684,0.12157321,-40.6375,-9.9375,-48.350002,sitting
2034097702499922,-0.23449662,-0.30149564,9.552746,0.15219954,0.12290479,0.14074796,-40.55,-9.95,-48.25,sitting
2034097722499922,-0.27756742,-0.26799613,9.528818,0.17869797,0.053662658,0.096006885,-40.537502,-9.962501,-48.225002,sitting
2034097742499922,-0.2727818,-0.5557331,9.748958,0.13515532,-0.008122635,0.025699485,-40.5125,-9.925,-48.15,sitting
2034097762499922,-0.3493521,-0.7375876,9.988838,0.008388951,-0.0326237,-0.029694224,-40.4875,-9.825,-48.2625,sitting
2034097782499922,-0.3397808,-0.7040881,9.945169,-0.105594255,-0.057124764,-0.023302643,-40.5125,-9.8625,-48.2375,sitting
2034097802499922,-0.31106696,-0.53659046,9.763314,-0.10985532,-0.045406863,-0.0051931604,-40.5125,-9.85,-48.2375,sitting
2034097822499922,-0.3062813,-0.46002015,9.69153,-0.04167844,-0.014514217,-0.03395528,-40.5125,-9.775001,-48.3125,sitting
2034097842499922,-0.36370903,-0.57009,9.7681,0.0105194785,-0.005992108,-0.040213704,-40.55,-9.7875,-48.3625,sitting
2034097862499922,-0.40677986,-0.7902297,9.902099,0.011584742,-0.016644744,-0.0073236874,-40.575,-9.8,-48.4,sitting
2034097882499922,-0.3684947,-0.9529416,10.060623,-0.03528686,-0.009187899,0.0022636852,-40.575,-9.7625,-48.4,sitting
2034097902499922,-0.27756742,-0.87158567,10.055838,-0.07683214,-0.009187899,-0.01691106,-40.5625,-9.7625,-48.4,sitting
2034097922499922,-0.2536392,-0.5174479,9.825528,-0.107724786,-0.0070573715,-0.027563697,-40.525,-9.775001,-48.3125,sitting
2034097942499922,-0.29192436,-0.19621146,9.485747,-0.06191845,0.0067910557,-0.0051931604,-40.5125,-9.75,-48.3,sitting
2034097962499922,-0.27756742,-0.2632105,9.466604,0.020106852,0.014247901,0.04700476,-40.5125,-9.7375,-48.3,sitting
2034097982499922,-0.30149564,-0.5605187,9.806385,0.07017424,0.031292118,0.072571084,-40.5,-9.7875,-48.3,sitting
2034098002499922,-0.37806597,-0.77587277,10.003195,0.097871095,0.020639483,0.05872266,-40.5125,-9.775001,-48.225002,sitting
2034098022499922,-0.32542387,-0.7615158,9.954741,0.07017424,0.013182637,0.01824264,-40.5125,-9.7875,-48.275,sitting
2034098042499922,-0.31106696,-0.63230336,9.84467,-0.024634222,0.013182637,-0.02543317,-40.525,-9.775001,-48.2375,sitting
2034098062499922,-0.31585258,-0.5270192,9.753743,-0.10879005,0.0046605286,-0.024367906,-40.525,-9.8,-48.2625,sitting
2034098082499922,-0.38763726,-0.62751776,9.739387,-0.10985532,-0.01238369,0.00652474,-40.55,-9.8625,-48.325,sitting
2034098102499922,-0.40677986,-0.8859426,9.969097,-0.07683214,-0.037950017,0.027830012,-40.5625,-9.8875,-48.3,sitting
2034098122499922,-0.29192436,-0.9768698,10.137193,-0.072571084,0.036618438,0.0075900033,-40.537502,-9.9125,-48.275,sitting
2034098142499922,-0.22971097,-0.7471589,9.973883,-0.03635212,0.01957422,0.0043942127,-40.537502,-9.9125,-48.275,sitting
2034098162499922,-0.2727818,-0.29192436,9.624531,0.02223738,0.00785632,0.008655267,-40.4875,-9.925,-48.225002,sitting
2034098182499922,-0.30149564,-0.08135597,9.390035,0.08721846,-0.005992108,0.016112113,-40.5125,-9.85,-48.2125,sitting
2034098202499922,-0.2536392,-0.37387854,9.538389,0.12769848,-0.01238369,0.00652474,-40.4875,-9.825,-48.1375,sitting
2034098222499922,-0.39720857,-0.7375876,10.017552,0.11385005,-0.018775271,-0.0030626329,-40.525,-9.85,-48.15,sitting
2034098242499922,-0.38285163,-0.87158567,10.113265,0.08508793,3.9947388E-4,0.011851058,-40.5125,-9.775001,-48.075,sitting
2034098262499922,-0.28235307,-0.7040881,9.887741,0.10319742,0.052597392,0.034221593,-40.5,-9.7,-48.1375,sitting
2034098282499922,-0.2727818,-0.4408776,9.705887,0.06058687,0.0259658,0.03315633,-40.55,-9.6375,-48.1875,sitting
2034098302499922,-0.29671,-0.40737805,9.610174,-0.057657395,-0.07416898,-0.02543317,-40.537502,-9.6375,-48.225002,sitting
2034098322499922,-0.36370903,-0.5844469,9.7681,-0.13755217,-0.03581949,-0.04447476,-40.5625,-9.650001,-48.25,sitting
2034098342499922,-0.40677986,-0.9098708,9.969097,-0.1279648,0.04833634,0.003328949,-40.55,-9.775001,-48.225002,sitting
2034098362499922,-0.35413775,-1.0677971,10.199407,-0.074701615,0.08135951,0.021438431,-40.5625,-9.8125,-48.325,sitting
2034098382499922,-0.2105684,-0.8811569,10.084551,-0.02996054,0.0046605286,-0.049801074,-40.537502,-9.775001,-48.3375,sitting
2034098402499922,-0.20578274,-0.4121637,9.696316,-0.038482647,-0.09867004,-0.11797795,-40.5875,-9.8,-48.4625,sitting
2034098422499922,-0.33020952,-0.043070808,9.404391,-0.04700476,-0.078430034,-0.11158637,-40.6125,-9.837501,-48.45,sitting
2034098442499922,-0.2727818,-0.2536392,9.409177,0.021172116,0.027031064,-0.04447476,-40.600002,-9.875,-48.4,sitting
2034098462499922,-0.31106696,-0.6418747,9.892527,0.109588996,0.0845553,0.072571084,-40.6375,-9.8875,-48.4,sitting
2034098482499922,-0.4211368,-0.90029955,10.141979,0.12769848,0.044075284,0.096006885,-40.625,-9.825,-48.375,sitting
2034098502499922,-0.31585258,-0.8811569,10.036695,0.08508793,-0.016644744,-0.0051931604,-40.6375,-9.7875,-48.4375,sitting
2034098522499922,-0.29192436,-0.53180486,9.8015995,-0.0011984216,-0.05286371,-0.049801074,-40.6375,-9.825,-48.4375,sitting
2034098542499922,-0.34456646,-0.36909288,9.58146,-0.05659213,-0.058190025,-0.017976323,-40.65,-9.837501,-48.4625,sitting
2034098562499922,-0.33499518,-0.50787663,9.686745,-0.045939494,-0.09867004,-0.0519316,-40.662502,-9.8625,-48.4,sitting
2034098582499922,-0.3684947,-0.7902297,9.930812,-0.034221593,-0.12410321,-0.11158637,-40.6375,-9.875,-48.3625,sitting
2034098602499922,-0.36370903,-1.015155,10.103694,0.006258424,-0.08269109,-0.17337166,-40.625,-9.85,-48.350002,sitting
2034098622499922,-0.29671,-0.8572287,10.103694,0.04034686,-0.005992108,-0.23409168,-40.600002,-9.837501,-48.4,sitting
2034098642499922,-0.28235307,-0.46002015,9.753743,0.019041587,0.06431529,-0.26178855,-40.6375,-9.825,-48.45,sitting
2034098662499922,-0.2536392,-0.13878371,9.437891,9.321057E-4,0.11757848,-0.22983064,-40.6125,-9.837501,-48.3875,sitting
2034098682499922,-0.19142582,-0.2536392,9.433105,0.01691106,0.08562057,-0.093476884,-40.6125,-9.7875,-48.4,sitting
2034098702499922,-0.32063824,-0.60358953,9.897313,0.026498433,0.012117374,0.09068057,-40.600002,-9.712501,-48.425,sitting
2034098722499922,-0.4019942,-0.8285148,10.084551,0.027563697,0.0067910557,0.07683214,-40.575,-9.6625,-48.3375,sitting
2034098742499922,-0.36370903,-0.799801,9.969097,0.046738442,0.021704746,-0.04447476,-40.55,-9.6375,-48.3875,sitting
2034098762499922,-0.32542387,-0.50787663,9.796814,0.027563697,-0.027297381,0.00652474,-40.55,-9.7,-48.325,sitting
2034098782499922,-0.27756742,-0.36909288,9.605389,-0.02996054,-0.017710008,0.032091066,-40.5125,-9.725,-48.2125,sitting
2034098802499922,-0.28713873,-0.47916272,9.653245,-0.072571084,0.038748965,-0.013715269,-40.5125,-9.85,-48.125,sitting
2034098822499922,-0.37328035,-0.7328019,9.84467,-0.07789741,0.071772136,0.042743705,-40.525,-9.825,-48.100002,sitting
2034098842499922,-0.5024927,-1.0582259,10.084551,-0.04807002,0.06005424,0.13116059,-40.5125,-9.875,-48.175,sitting
2034098862499922,-0.2727818,-1.1730813,10.271192,-0.037417386,0.038748965,0.13755217,-40.525,-9.9375,-48.162502,sitting
2034098882499922,-0.066400826,-0.9242278,10.027123,-0.023568958,0.012117374,0.023568958,-40.5,-9.9875,-48.2125,sitting
2034098902499922,-0.2727818,-0.2632105,9.696316,0.044607915,-0.039015282,-0.07856319,-40.5,-10.0375,-48.275,sitting
2034098922499922,-0.28235307,0.15314065,9.28475,0.08508793,-0.054994237,-0.020106852,-40.5,-10.0,-48.425,sitting
2034098942499922,-0.17228323,-0.18664017,9.2177515,0.0627174,-0.009187899,0.04061318,-40.5625,-9.962501,-48.4,sitting
2034098962499922,-0.4833502,-0.6753742,9.969097,0.02543317,0.030226856,-0.006258424,-40.55,-9.837501,-48.5625,sitting
2034098982499922,-0.39720857,-1.0199406,10.299905,-0.03528686,0.00785632,-0.008388951,-40.537502,-9.7625,-48.662502,sitting
2034099002499922,-0.15792629,-1.0247263,10.031909,-0.07044056,-0.010253162,0.00972053,-40.5625,-9.712501,-48.575,sitting
2034099022499922,-0.2105684,-0.5844469,9.815957,-0.02996054,0.017443692,-0.0105194785,-40.5625,-9.7,-48.4625,sitting
2034099042499922,-0.3493521,-0.31585258,9.638887,0.009454215,0.01957422,0.003328949,-40.5625,-9.75,-48.4875,sitting
2034099062499922,-0.32542387,-0.36909288,9.552746,0.02862896,-0.016644744,0.010785795,-40.5875,-9.7875,-48.4625,sitting
2034099082499922,-0.36370903,-0.61794645,9.8015995,0.04567318,-0.029427908,-0.015845796,-40.575,-9.837501,-48.4,sitting
2034099102499922,-0.44506502,-0.94337034,10.036695,0.009454215,0.0035952649,-0.0019973693,-40.55,-9.8125,-48.425,sitting
2034099122499922,-0.28713873,-1.1252248,10.194621,-0.028895276,0.027031064,0.013981585,-40.55,-9.85,-48.3875,sitting
2034099142499922,-0.13399807,-0.9385847,10.060623,-0.024634222,0.0035952649,-0.009454215,-40.525,-9.875,-48.4,sitting
2034099162499922,-0.23928227,-0.39780676,9.725029,0.0030626329,0.056858446,-0.017976323,-40.4875,-9.8625,-48.475002,sitting
2034099182499922,-0.38285163,0.062213387,9.409177,0.008388951,0.19747324,-0.024367906,-40.5,-9.8875,-48.5625,sitting
2034099202499922,-0.2632105,-0.148355,9.260822,-0.062983714,0.22303957,-0.083889514,-40.525,-9.775001,-48.6375,sitting
2034099222499922,-0.35413775,-0.60837513,9.839885,-0.18016271,0.1932122,-0.11158637,-40.5125,-9.7,-48.6125,sitting
2034099242499922,-0.44027936,-0.9385847,10.218549,-0.21531641,0.119709,-0.05725792,-40.475002,-9.650001,-48.537502,sitting
2034099262499922,-0.2632105,-1.0007981,10.084551,-0.20040272,-0.029427908,-0.0519316,-40.45,-9.712501,-48.5625,sitting
2034099282499922,-0.2440679,-0.6753742,9.882956,-0.18868482,-0.1304948,-0.10093373,-40.425,-9.7875,-48.425,sitting
2034099302499922,-0.33020952,-0.42652065,9.662816,-0.14394376,-0.12836426,-0.12436953,-40.4375,-9.825,-48.325,sitting
2034099322499922,-0.37328035,-0.45044887,9.610174,-0.051265813,-0.11984216,-0.09986847,-40.45,-9.8125,-48.225002,sitting
2034099342499922,-0.42592242,-0.7040881,9.859028,0.058456343,-0.1155811,-0.030759487,-40.425,-9.8,-48.3375,sitting
2034099362499922,-0.4019942,-0.95772725,10.103694,0.17550218,-0.036884755,0.06511424,-40.4375,-9.837501,-48.2375,sitting
2034099382499922,-0.2727818,-0.86201435,10.07498,0.2894854,0.03981423,0.12689953,-40.475002,-9.825,-48.175,sitting
2034099402499922,-0.23449662,-0.5174479,9.772886,0.34914017,-0.07629951,0.09920268,-40.525,-9.825,-48.25,sitting
2034099422499922,-0.25842485,-0.16749759,9.5048895,0.34274858,-0.224238,0.008655267,-40.537502,-9.7375,-48.2125,sitting
2034099442499922,-0.25842485,-0.23928227,9.457033,0.25007063,-0.16777903,-0.024367906,-40.55,-9.6625,-48.3,sitting
2034099462499922,-0.3589234,-0.5605187,9.830314,0.008388951,-0.017710008,0.043808967,-40.575,-9.625,-48.4,sitting
2034099482499922,-0.4019942,-0.8045866,10.051051,-0.20466378,0.12077426,0.0075900033,-40.600002,-9.587501,-48.4625,sitting
2034099502499922,-0.32063824,-0.8285148,9.959526,-0.23555642,0.15592797,-0.008388951,-40.6125,-9.5625,-48.3,sitting
2034099522499922,-0.29671,-0.637089,9.859028,-0.17803219,0.10692584,0.07150582,-40.575,-9.5375,-48.3625,sitting
2034099542499922,-0.30149564,-0.47916272,9.734601,-0.105594255,0.06857634,0.1013332,-40.5625,-9.525001,-48.4375,sitting
2034099562499922,-0.3397808,-0.48394838,9.696316,-0.026764749,0.01957422,0.06831003,-40.5625,-9.5,-48.5125,sitting
2034099582499922,-0.38285163,-0.63230336,9.777672,0.03715107,-0.04753739,0.0054594763,-40.625,-9.5,-48.575,sitting
2034099602499922,-0.4019942,-0.91465646,9.993624,0.100001626,-0.0912132,-0.043409493,-40.65,-9.4875,-48.65,sitting
2034099622499922,-0.2632105,-1.0342976,10.165907,0.15433007,-0.08269109,-0.01691106,-40.6125,-9.475,-48.55,sitting
2034099642499922,-0.2105684,-0.79501534,10.012766,0.1447427,-0.031558435,0.026764749,-40.625,-9.55,-48.6125,sitting
2034099662499922,-0.2632105,-0.28713873,9.648459,0.05526055,0.008921583,0.00652474,-40.662502,-9.55,-48.575,sitting
2034099682499922,-0.32063824,-0.014356935,9.351749,-0.064048976,0.012117374,-0.011584742,-40.7,-9.575,-48.525,sitting
2034099702499922,-0.29192436,-0.31106696,9.461819,-0.12050795,0.01957422,0.0043942127,-40.6375,-9.625,-48.45,sitting
2034099722499922,-0.38285163,-0.68494546,9.984053,-0.07896267,0.036618438,0.0022636852,-40.65,-9.725,-48.375,sitting
2034099742499922,-0.38763726,-0.8955139,10.113265,-0.026764749,0.029161593,0.0011984216,-40.5875,-9.7625,-48.2625,sitting
2034099762499922,-0.23928227,-0.86201435,9.930812,0.011584742,-0.005992108,0.00652474,-40.5625,-9.825,-48.2125,sitting
2034099782499922,-0.2440679,-0.7280163,9.806385,0.050999496,-0.031558435,1.3315796E-4,-40.55,-9.837501,-48.2625,sitting
2034099802499922,-0.32063824,-0.718445,9.868599,0.08721846,-0.040080544,0.022503695,-40.537502,-9.85,-48.1375,sitting
2034099822499922,-0.39720857,-0.7040881,9.926026,0.16285218,-0.06671213,0.051265813,-40.5,-9.8625,-48.1875,sitting
2034099842499922,-0.38285163,-0.5988039,9.84467,0.1330248,-0.07523424,0.0054594763,-40.5125,-9.8,-48.1875,sitting
2034099862499922,-0.2440679,-0.45044887,9.739387,-0.064048976,-0.014514217,0.003328949,-40.575,-9.75,-48.1875,sitting
2034099882499922,-0.23928227,-0.33499518,9.595817,-0.09707215,0.01105211,0.01824264,-40.525,-9.675,-48.100002,sitting
2034099902499922,-0.25842485,-0.3930211,9.61496,9.321057E-4,0.01957422,-0.021172116,-40.575,-9.6375,-48.15,sitting
2034099922499922,-0.26799613,-0.53180486,9.753743,-0.008655267,3.9947388E-4,-0.0019973693,-40.5875,-9.55,-48.075,sitting
2034099942499922,-0.33499518,-0.71365935,9.882956,-0.07150582,0.005725792,-0.0073236874,-40.625,-9.4875,-48.0625,sitting
2034099962499922,-0.33499518,-0.79501534,9.916455,-0.06511424,0.029161593,-0.019041587,-40.625,-9.425,-48.0875,sitting
2034099982499922,-0.4019942,-0.8380861,9.930812,-0.03528686,0.033422645,0.017177377,-40.662502,-9.45,-48.175,sitting
2034100002499922,-0.36370903,-0.87158567,10.022338,-0.034221593,0.014247901,0.024634222,-40.6125,-9.5125,-48.2375,sitting
2034100022499922,-0.33020952,-0.72323066,9.959526,-0.012916322,0.008921583,0.0022636852,-40.6125,-9.587501,-48.2625,sitting
2034100042499922,-0.42592242,-0.43609193,9.701101,0.047803707,-0.0038615807,1.3315796E-4,-40.625,-9.6375,-48.350002,sitting
2034100062499922,-0.59342,0.11964113,10.098908,0.076565824,-0.025166854,0.0011984216,-40.575,-9.6625,-48.3875,sitting
2034100082499922,-0.20578274,-0.4121637,9.25125,0.02862896,-0.0070573715,-0.0051931604,-40.55,-9.75,-48.3875,sitting
2034100102499922,0.14895321,-1.4703895,8.513663,-0.055526868,0.015313165,0.003328949,-40.5125,-9.837501,-48.2625,sitting
2034100122499922,0.04366901,-1.5565311,11.319846,-0.096006885,3.9947388E-4,-0.008388951,-40.537502,-9.925,-48.3375,sitting
2034100142499922,-0.71306115,-0.75194454,11.913266,-0.054461602,-0.0326237,-0.023302643,-40.5125,-9.900001,-48.2625,sitting
2034100162499922,-0.5982057,-0.2727818,8.575876,-0.025699485,-0.037950017,-0.026498433,-40.5125,-9.8875,-48.175,sitting
2034100182499922,-0.25842485,-0.033499517,8.078169,-0.049135286,-0.027297381,-0.04554002,-40.4625,-9.7625,-48.162502,sitting
2034100202499922,-0.052043892,-0.15314065,10.266405,-0.08322372,-0.015579481,-0.032890014,-40.4875,-9.6625,-48.175,sitting
2034100222499922,-0.124426775,-0.6801598,10.419546,-0.10452899,-0.017710008,1.3315796E-4,-40.525,-9.6,-48.125,sitting
2034100242499922,-0.5024927,-0.87637126,9.662816,-0.07044056,-0.014514217,0.01824264,-40.575,-9.5375,-48.162502,sitting
2034100262499922,-0.4211368,-0.8285148,9.677173,0.023302643,0.0046605286,0.025699485,-40.6125,-9.575,-48.287502,sitting
2034100282499922,-0.38285163,-0.651446,10.204192,0.12450269,0.014247901,0.023568958,-40.55,-9.587501,-48.2375,sitting
2034100302499922,-0.2009971,-0.37387854,9.959526,0.16604798,0.00785632,0.0011984216,-40.5875,-9.6375,-48.325,sitting
2034100322499922,-0.17706887,-0.3786642,9.246465,0.1330248,-0.0017310535,-0.020106852,-40.600002,-9.675,-48.3125,sitting
2034100342499922,-0.38285163,-0.60358953,9.610174,0.036085807,-0.015579481,-0.006258424,-40.625,-9.8125,-48.350002,sitting
2034100362499922,-0.4019942,-0.8380861,10.271192,-0.086419515,-0.026232118,-0.0041278964,-40.6125,-9.900001,-48.3125,sitting
2034100382499922,-0.38763726,-0.7328019,10.137193,-0.1482048,-0.050733183,-0.021172116,-40.6125,-9.962501,-48.350002,sitting
2034100402499922,-0.3684947,-0.46959144,9.619745,-0.1364869,-0.04860265,-0.047670547,-40.5875,-10.0375,-48.325,sitting
2034100422499922,-0.28235307,-0.41694933,9.500104,-0.14713953,-0.060320552,-0.06578003,-40.575,-9.975,-48.3,sitting
2034100442499922,-0.32063824,-0.57009,9.782457,-0.20040272,-0.05286371,-0.026498433,-40.6125,-9.9375,-48.3125,sitting
2034100462499922,-0.4546363,-0.72323066,10.122836,-0.16737954,-0.019840535,0.05872266,-40.55,-9.8875,-48.1875,sitting
2034100482499922,-0.3493521,-0.7375876,9.921241,-0.07150582,0.01957422,0.13329111,-40.537502,-9.8625,-48.225002,sitting
2034100502499922,-0.32542387,-0.651446,9.662816,0.050999496,0.06325003,0.1631185,-40.525,-9.8,-48.2125,sitting
2034100522499922,-0.39720857,-0.5270192,9.873384,0.17137429,0.09840373,0.1482048,-40.525,-9.825,-48.2625,sitting
2034100542499922,-0.28713873,-0.5270192,9.830314,0.24048327,0.10053425,0.07896267,-40.525,-9.837501,-48.225002,sitting
2034100562499922,-0.3493521,-0.63230336,9.667602,0.2628538,0.053662658,-0.006258424,-40.525,-9.825,-48.3125,sitting
2034100582499922,-0.45942193,-0.6897311,9.954741,0.23835275,-0.01238369,-0.043409493,-40.4875,-9.8125,-48.275,sitting
2034100602499922,-0.32063824,-0.68494546,9.978668,0.13089427,-0.07203846,-0.017976323,-40.475002,-9.775001,-48.3375,sitting
2034100622499922,-0.33020952,-0.5413761,9.734601,-0.02996054,-0.07523424,0.003328949,-40.5125,-9.775001,-48.3875,sitting
2034100642499922,-0.33020952,-0.503091,9.705887,-0.13861743,-0.07203846,-0.02223738,-40.5,-9.7375,-48.350002,sitting
2034100662499922,-0.2536392,-0.53659046,9.782457,-0.17590165,-0.044341598,-0.032890014,-40.525,-9.712501,-48.3125,sitting
2034100682499922,-0.37806597,-0.5605187,9.825528,-0.16844481,0.0611195,-0.026498433,-40.537502,-9.675,-48.3375,sitting
2034100702499922,-0.3924229,-0.5174479,9.830314,-0.06511424,0.24434485,-9.321057E-4,-40.537502,-9.6125,-48.287502,sitting
2034100722499922,-0.2727818,-0.45044887,9.677173,0.059521604,0.25819328,0.074701615,-40.575,-9.5375,-48.3,sitting
2034100742499922,-0.29671,-0.30149564,9.629316,0.06165213,0.10692584,0.14287849,-40.6375,-9.5375,-48.3375,sitting
2034100762499922,-0.37328035,-0.17706887,9.567103,0.015845796,-0.05392897,0.14394376,-40.662502,-9.5,-48.2625,sitting
2034100782499922,-0.526421,-0.3499503,9.552746,0.049934234,-0.14860427,0.032091066,-40.675,-9.5,-48.287502,sitting
2034100802499922,-0.7082755,-0.7471589,9.859028,0.11491532,-0.07310372,-0.10945584,-40.7,-9.5,-48.4375,sitting
2034100822499922,-0.6939186,-1.3405789,10.30469,0.118111104,-0.0070573715,-0.029694224,-40.6875,-9.55,-48.4625,sitting
2034100842499922,0.1058824,-1.8388842,10.419546,0.057391077,-0.011318427,0.1013332,-40.6875,-9.6125,-48.4375,sitting
2034100862499922,1.0253245,-2.1978076,10.208978,-0.010785795,-0.002796317,-0.008388951,-40.7,-9.712501,-48.3875,sitting
2034100882499922,0.5844469,-1.8245273,10.319048,-0.06937529,0.018508956,-0.048735812,-40.675,-9.7625,-48.350002,sitting
2034100902499922,-1.2352947,-0.19621146,10.577473,-0.086419515,0.020639483,0.043808967,-40.662502,-9.8,-48.3875,sitting
2034100922499922,-1.378864,1.3549358,8.748159,-0.034221593,0.033422645,0.015046849,-40.6375,-9.837501,-48.375,sitting
2034100942499922,0.50787663,0.5168497,7.55115,0.039281595,0.018508956,-0.023302643,-40.6125,-9.85,-48.3,sitting
2034100962499922,0.010169496,-0.48394838,9.610174,0.046738442,-0.025166854,0.0075900033,-40.625,-9.8625,-48.162502,sitting
2034100982499922,-1.0289137,-1.1108679,11.334203,0.011584742,-0.026232118,0.0022636852,-40.625,-9.85,-48.175,sitting
2034101002499922,-0.4211368,-1.2257234,10.44826,-0.010785795,0.0046605286,-0.0126500055,-40.600002,-9.825,-48.1375,sitting
2034101022499922,0.06281159,-0.95772725,9.447462,-0.034221593,0.0259658,0.00972053,-40.55,-9.8125,-48.1875,sitting
2034101042499922,-0.45942193,-0.29671,9.696316,-0.026764749,0.035553172,0.0054594763,-40.537502,-9.8125,-48.2125,sitting
2034101062499922,-0.29671,-0.28713873,9.480962,-0.032091066,-0.057124764,-0.013715269,-40.525,-9.775001,-48.2,sitting
2034101082499922,-0.071186475,-0.6753742,9.6580305,-0.055526868,-0.026232118,0.00652474,-40.537502,-9.7875,-48.2125,sitting
2034101102499922,-0.4019942,-0.75194454,10.084551,0.08934899,0.029161593,0.0043942127,-40.55,-9.8125,-48.3125,sitting
2034101122499922,-0.39720857,-0.8380861,10.022338,0.088283725,0.0067910557,-0.014780533,-40.5625,-9.775001,-48.4,sitting
2034101142499922,-0.33499518,-0.7375876,9.859028,-0.034221593,-0.054994237,-9.321057E-4,-40.5875,-9.7875,-48.412502,sitting
2034101162499922,-0.4354937,-0.60837513,9.758529,-0.045939494,-0.05392897,-0.0105194785,-40.5875,-9.7875,-48.4875,sitting
2034101182499922,-0.41156548,-0.5844469,9.772886,-0.01824264,0.037683703,-0.0051931604,-40.65,-9.7875,-48.537502,sitting
2034101202499922,-0.31106696,-0.68494546,9.84467,0.009454215,0.07922898,0.022503695,-40.65,-9.8,-48.45,sitting
2034101222499922,-0.38285163,-0.7615158,9.935597,0.008388951,0.02809633,0.015046849,-40.6375,-9.837501,-48.4,sitting
2034101242499922,-0.44985065,-0.7471589,9.930812,9.321057E-4,-0.03581949,-0.011584742,-40.600002,-9.85,-48.4625,sitting
2034101262499922,-0.31585258,-0.7328019,9.863813,0.015845796,-0.037950017,-0.0105194785,-40.600002,-9.85,-48.45,sitting
2034101282499922,-0.19621146,-0.5461618,9.758529,0.032890014,0.032357384,0.019307904,-40.6125,-9.900001,-48.45,sitting
2034101302499922,-0.23449662,-0.3595216,9.605389,0.057391077,0.094142675,0.06724477,-40.600002,-9.8625,-48.3875,sitting
2034101322499922,-0.29192436,-0.32063824,9.591031,0.057391077,0.06644582,0.11198584,-40.625,-9.75,-48.375,sitting
2034101342499922,-0.42592242,-0.4648058,9.777672,0.0073236874,-0.009187899,0.12903006,-40.6375,-9.650001,-48.3875,sitting
2034101362499922,-0.3493521,-0.6945168,9.902099,-0.024634222,-0.07736477,0.10346373,-40.6875,-9.5125,-48.3875,sitting
2034101382499922,-0.39720857,-0.6897311,9.916455,0.07017424,-0.06671213,0.07576688,-40.7375,-9.337501,-48.3625,sitting
2034101402499922,-0.3684947,-0.63230336,9.796814,0.18402429,-0.07203846,0.05339634,-40.787502,-9.2375,-48.2625,sitting
2034101422499922,-0.28235307,-0.5988039,9.787243,0.047803707,-0.08375636,0.0075900033,-40.8,-9.1375,-48.2125,sitting
2034101442499922,-0.34456646,-0.66101724,9.806385,-0.16205323,0.06005424,-0.015845796,-40.775,-9.1,-48.2,sitting
2034101462499922,-0.46899325,-0.8285148,9.882956,-0.11092058,0.07390267,0.008655267,-40.7375,-9.150001,-48.225002,sitting
2034101482499922,-0.42592242,-0.9242278,10.060623,0.04567318,-0.033688962,0.022503695,-40.725002,-9.325,-48.2625,sitting
2034101502499922,-0.31106696,-0.8333005,10.04148,0.10106689,-0.0326237,0.0054594763,-40.7,-9.4125,-48.25,sitting
2034101522499922,-0.29671,-0.5605187,9.777672,0.031824753,0.0035952649,0.013981585,-40.65,-9.575,-48.325,sitting
2034101542499922,-0.28713873,-0.3499503,9.600603,-0.057657395,-0.009187899,0.008655267,-40.5875,-9.725,-48.375,sitting
2034101562499922,-0.30149564,-0.32063824,9.591031,-0.027830012,-0.0049268445,-0.024367906,-40.55,-9.775001,-48.412502,sitting
2034101582499922,-0.38285163,-0.4648058,9.710672,0.0105194785,0.005725792,0.0011984216,-40.537502,-9.900001,-48.4,sitting
2034101602499922,-0.37328035,-0.6418747,9.921241,-0.00652474,0.017443692,0.0075900033,-40.525,-9.95,-48.3375,sitting
2034101622499922,-0.31106696,-0.63230336,9.916455,-0.023568958,0.009986847,-0.0041278964,-40.525,-9.925,-48.350002,sitting
2034101642499922,-0.31585258,-0.5174479,9.720243,-0.03315633,-0.013448954,-0.0041278964,-40.525,-9.875,-48.287502,sitting
2034101662499922,-0.3684947,-0.50787663,9.725029,-0.016112113,-0.027297381,-9.321057E-4,-40.5,-9.8,-48.3125,sitting
2034101682499922,-0.35413775,-0.66101724,9.84467,-0.05659213,0.0046605286,0.037417386,-40.5,-9.75,-48.2125,sitting
2034101702499922,-0.40677986,-0.80937225,9.916455,-0.064048976,0.053662658,0.06937529,-40.525,-9.6875,-48.2125,sitting
2034101722499922,-0.38285163,-0.7471589,10.017552,-0.043808967,0.04301002,0.051265813,-40.55,-9.675,-48.1875,sitting
2034101742499922,-0.2536392,-0.5796613,9.806385,-0.04700476,-6.6578976E-4,0.026764749,-40.5625,-9.575,-48.225002,sitting
2034101762499922,-0.3062813,-0.45044887,9.653245,-0.01824264,-0.0070573715,0.049135286,-40.600002,-9.4875,-48.3125,sitting
2034101782499922,-0.34456646,-0.45044887,9.7298155,0.036085807,-0.0038615807,0.07150582,-40.625,-9.5,-48.3125,sitting
2034101802499922,-0.34456646,-0.52223355,9.825528,0.06165213,-0.029427908,0.02996054,-40.6125,-9.5,-48.3125,sitting
2034101822499922,-0.37806597,-0.60837513,9.835099,0.05206476,-0.061385818,-0.038083173,-40.5875,-9.575,-48.2625,sitting
2034101842499922,-0.42592242,-0.56530434,9.763314,0.021172116,-0.068842664,-0.0073236874,-40.6125,-9.6,-48.3625,sitting
2034101862499922,-0.95712906,-0.89072824,10.299905,-0.034221593,-0.061385818,0.07576688,-40.600002,-9.650001,-48.3875,sitting
2034101882499922,-0.148355,-0.6418747,10.33819,-0.08002793,-0.057124764,0.16737954,-40.5875,-9.7,-48.45,sitting
2034101902499922,0.48873404,-0.31585258,9.145967,-0.116246894,-0.07203846,0.23768695,-40.5625,-9.775001,-48.4625,sitting
2034101922499922,-0.16749759,-0.18664017,9.078967,-0.15566164,-0.040080544,0.1748364,-40.55,-9.825,-48.4875,sitting
2034101942499922,-0.0951147,-0.39780676,9.705887,-0.20253325,-0.040080544,0.06191845,-40.537502,-9.8,-48.5125,sitting
2034101962499922,-0.2632105,-0.85244304,10.094122,-0.22064273,-0.061385818,1.3315796E-4,-40.537502,-9.7375,-48.575,sitting
2034101982499922,-0.4211368,-1.0582259,10.242477,-0.14927007,-0.08695214,0.016112113,-40.5625,-9.6375,-48.575,sitting
2034102002499922,-0.47377887,-0.7423732,10.175478,-0.052331075,-0.07416898,0.08855004,-40.575,-9.6,-48.6125,sitting
2034102022499922,-0.6221339,-0.10049855,9.61496,0.07443529,0.024900537,0.12370374,-40.55,-9.587501,-48.662502,sitting
2034102042499922,0.014955142,-0.37387854,9.227323,0.22876537,0.12929638,0.05659213,-40.537502,-9.525001,-48.662502,sitting
2034102062499922,-0.33499518,-0.53180486,9.868599,0.24367906,0.123970054,-0.052996866,-40.5125,-9.5,-48.6125,sitting
2034102082499922,-0.4977071,-0.76630145,10.165907,0.2010685,0.114382684,-0.11904321,-40.5,-9.55,-48.5125,sitting
2034102102499922,-0.3589234,-0.6466603,9.882956,0.14687322,0.03448791,-0.07962846,-40.4875,-9.587501,-48.537502,sitting
2034102122499922,-0.8327023,-0.49351966,9.792028,0.021172116,-0.08162583,0.024634222,-40.475002,-9.675,-48.5125,sitting
2034102142499922,-0.19621146,-0.785444,10.199407,-0.107724786,-0.037950017,0.026764749,-40.412502,-9.725,-48.575,sitting
2034102162499922,0.27816564,-0.8237292,9.763314,-0.14607428,0.062184766,-0.02223738,-40.375,-9.725,-48.537502,sitting
2034102182499922,-0.28713873,-0.5174479,9.452248,-0.14500901,0.07390267,0.021438431,-40.425,-9.75,-48.4625,sitting
2034102202499922,-0.22492532,-0.33020952,9.638887,-0.18016271,0.06857634,0.07576688,-40.412502,-9.837501,-48.4,sitting
2034102222499922,-0.47856453,-0.32542387,9.720243,-0.18229324,0.06751108,0.09494162,-40.4375,-9.875,-48.4375,sitting
2034102242499922,-0.36370903,-0.6466603,9.921241,-0.12263848,0.05792371,0.086419515,-40.4625,-9.8625,-48.525,sitting
2034102262499922,-0.2440679,-0.80937225,9.998409,-0.054461602,-0.002796317,0.039547913,-40.4625,-9.825,-48.4875,sitting
2034102282499922,-0.44027936,-0.718445,9.935597,0.02862896,-0.031558435,0.0043942127,-40.4375,-9.775001,-48.4875,sitting
2034102302499922,-0.31585258,-0.5988039,9.806385,0.12237216,-0.029427908,0.008655267,-40.537502,-9.8,-48.4375,sitting
2034102322499922,-0.22971097,-0.5796613,9.672387,0.19361167,-0.014514217,0.034221593,-40.5625,-9.85,-48.425,sitting
2034102342499922,-0.43070808,-0.69930243,9.859028,0.22024326,-0.014514217,0.017177377,-40.537502,-9.7875,-48.4875,sitting
2034102362499922,-0.38285163,-0.8572287,10.07498,0.17976324,-0.0560595,-0.04234423,-40.600002,-9.675,-48.4875,sitting
2034102382499922,-0.29671,-0.75673014,10.00798,0.07443529,-0.080560565,-0.05619266,-40.575,-9.587501,-48.475002,sitting
2034102402499922,-0.3493521,-0.46002015,9.710672,-0.07044056,-0.046472125,-0.043409493,-40.55,-9.45,-48.425,sitting
2034102422499922,-0.38763726,-0.31585258,9.58146,-0.15885743,0.0046605286,-0.049801074,-40.600002,-9.35,-48.425,sitting
2034102442499922,-0.29671,-0.40737805,9.681958,-0.12050795,0.04833634,-0.014780533,-40.675,-9.275001,-48.3875,sitting
2034102462499922,-0.28235307,-0.49830532,9.839885,-0.026764749,0.055793185,0.055526868,-40.6375,-9.225,-48.412502,sitting
2034102482499922,-0.25842485,-0.4408776,9.806385,0.04886897,0.053662658,0.073636346,-40.7,-9.225,-48.4,sitting
2034102502499922,-0.22013968,-0.35473597,9.619745,0.11278479,0.029161593,0.044874232,-40.725002,-9.325,-48.375,sitting
2034102522499922,-0.30149564,-0.34516466,9.610174,0.17550218,-0.033688962,0.003328949,-40.662502,-9.3875,-48.350002,sitting
2034102542499922,-0.40677986,-0.4648058,9.677173,-0.1748364,-0.5970803,0.6647245,-40.675,-9.462501,-48.375,sitting
2034102562499922,-0.4642076,-0.718445,9.906884,-0.14607428,-0.45433494,0.6274403,-40.675,-9.55,-48.3375,sitting
2034102582499922,-0.4211368,-0.9625129,10.055838,-0.11411637,-0.32756856,0.3623228,-40.6375,-9.625,-48.287502,sitting
2034102602499922,-0.3397808,-1.1491531,10.084551,-0.027830012,-0.18056218,0.010785795,-40.6125,-9.7375,-48.3,sitting
2034102622499922,-0.3684947,-1.2161521,10.1802635,0.11385005,0.05792371,-0.24367906,-40.6125,-9.8125,-48.2625,sitting
2034102642499922,-0.40677986,-0.9625129,10.18505,0.28096327,0.3775028,-0.37044543,-40.55,-9.8,-48.2625,sitting
2034102662499922,-0.4642076,-0.49830532,9.782457,0.35446647,0.5946834,-0.42796966,-40.55,-9.7375,-48.2,sitting
2034102682499922,-0.43070808,-0.2536392,9.418748,0.25220117,0.5925529,-0.44394863,-40.600002,-9.75,-48.25,sitting
2034102702499922,-0.22971097,-0.36909288,9.591031,0.05526055,0.44448125,-0.45247072,-40.625,-9.6625,-48.2625,sitting
2034102722499922,-0.18664017,-0.46959144,9.868599,-0.11092058,0.19853851,-0.356597,-40.6375,-9.6,-48.275,sitting
2034102742499922,-0.28713873,-0.50787663,9.787243,-0.15246587,0.008921583,-0.029694224,-40.625,-9.55,-48.325,sitting
2034102762499922,-0.31585258,-0.41694933,9.686745,-0.06617951,-0.08375636,0.31438592,-40.6125,-9.5,-48.325,sitting
2034102782499922,-0.33499518,-0.4408776,9.686745,9.321057E-4,-0.17204008,0.43369547,-40.600002,-9.475,-48.412502,sitting
2034102802499922,-0.38285163,-0.3930211,9.787243,-0.0054594763,-0.26152223,0.3708449,-40.5875,-9.5375,-48.4,sitting
2034102822499922,-0.3062813,-0.3595216,9.662816,-0.027830012,-0.29880646,0.23768695,-40.575,-9.5625,-48.4,sitting
2034102842499922,-0.3062813,-0.40737805,9.624531,-0.021438431,-0.23702116,0.085354246,-40.5625,-9.6,-48.412502,sitting
2034102862499922,-0.38763726,-0.52223355,9.739387,0.023302643,-0.12942953,-0.05086634,-40.525,-9.650001,-48.45,sitting
2034102882499922,-0.44027936,-0.94337034,9.859028,0.0627174,-0.019840535,-0.12863058,-40.525,-9.775001,-48.412502,sitting
2034102902499922,-0.41635114,-1.3549358,10.2520485,0.059521604,0.055793185,-0.13076112,-40.5125,-9.825,-48.412502,sitting
2034102922499922,-0.46899325,-1.4321043,10.462617,0.008388951,0.094142675,-0.09986847,-40.5125,-9.900001,-48.375,sitting
2034102942499922,-0.526421,-1.0725827,10.323833,-0.027830012,0.10053425,-0.075367406,-40.55,-9.900001,-48.3,sitting
2034102962499922,-0.37328035,-0.33020952,9.725029,-0.045939494,0.08881636,-0.06897582,-40.575,-9.85,-48.3125,sitting
2034102982499922,-0.2105684,0.019142581,9.107681,-0.062983714,0.08135951,-0.055127393,-40.5625,-9.825,-48.3625,sitting
2034103002499922,-0.2105684,-0.086141616,9.332606,-0.09174583,0.06857634,-0.008388951,-40.537502,-9.825,-48.325,sitting
2034103022499922,-0.36370903,-0.51266223,9.830314,-0.118377425,0.06644582,0.049135286,-40.5625,-9.8,-48.1875,sitting
2034103042499922,-0.39720857,-0.718445,10.118051,-0.08322372,0.08135951,0.10026794,-40.5625,-9.7375,-48.1875,sitting
2034103062499922,-0.36370903,-0.5174479,9.87817,-0.031025803,0.058988973,0.1013332,-40.600002,-9.7875,-48.2125,sitting
2034103082499922,-0.3397808,-0.3930211,9.514461,0.009454215,0.029161593,0.039547913,-40.6125,-9.725,-48.3,sitting
2034103102499922,-0.38285163,-0.503091,9.701101,0.11065426,-0.013448954,0.017177377,-40.5875,-9.725,-48.275,sitting
2034103122499922,-0.41635114,-0.7328019,9.998409,0.23089589,0.0035952649,0.10239847,-40.575,-9.7375,-48.375,sitting
2034103142499922,-0.45942193,-0.8668,10.036695,0.25326642,0.0046605286,0.18442377,-40.600002,-9.7875,-48.4375,sitting
2034103162499922,-0.44506502,-0.7471589,9.993624,0.14900376,-0.07629951,0.14287849,-40.625,-9.7625,-48.475002,sitting
2034103182499922,-0.05682954,-0.75194454,10.888539,-0.020373167,-0.13262533,0.050200548,-40.6125,-9.7875,-48.6125,sitting
2034103202499922,-0.6269195,-0.37387854,8.968898,-0.12689953,-0.13156006,0.045939494,-40.6375,-9.8,-48.6375,sitting
2034103222499922,-0.16271193,-0.11964113,9.342177,-0.13435638,-0.06671213,0.073636346,-40.6125,-9.7875,-48.600002,sitting
2034103242499922,-0.22013968,-0.3499503,9.519247,-0.096006885,0.033422645,0.04807002,-40.600002,-9.825,-48.5625,sitting
2034103262499922,-0.5024927,-0.60837513,9.806385,-0.09494162,0.11118689,-0.0073236874,-40.5875,-9.7875,-48.537502,sitting
2034103282499922,-0.32542387,-0.67058855,10.098908,-0.10985532,0.15379743,-0.052996866,-40.5875,-9.75,-48.4625,sitting
2034103302499922,-0.33020952,-0.57009,9.993624,-0.07789741,0.16551533,-0.08921583,-40.575,-9.75,-48.3875,sitting
2034103322499922,-0.44506502,-0.35473597,9.629316,-0.019307904,0.1431448,-0.14780533,-40.537502,-9.75,-48.375,sitting
2034103342499922,-0.28235307,-0.37387854,9.562318,0.059521604,0.10053425,-0.18295904,-40.537502,-9.75,-48.287502,sitting
2034103362499922,-0.3397808,-0.4456632,9.7681,0.17443693,0.02809633,-0.1254348,-40.4875,-9.7375,-48.3125,sitting
2034103382499922,-0.36370903,-0.61794645,9.868599,0.24900538,-0.057124764,0.0011984216,-40.5,-9.725,-48.412502,sitting
2034103402499922,-0.44985065,-0.90029955,9.988838,0.19680746,-0.13369058,0.085354246,-40.5,-9.712501,-48.475002,sitting
2034103422499922,-0.5024927,-0.99601245,10.118051,0.047803707,-0.22636852,0.12157321,-40.4875,-9.712501,-48.5,sitting
2034103442499922,-0.3684947,-0.8955139,10.070194,-0.085354246,-0.27856645,0.17377113,-40.4625,-9.725,-48.5125,sitting
2034103462499922,-0.32063824,-0.46002015,9.648459,-0.15246587,-0.24554327,0.2067943,-40.4875,-9.712501,-48.525,sitting
2034103482499922,-0.23928227,-0.19142582,9.696316,-0.19294588,-0.14434323,0.16737954,-40.475002,-9.7,-48.425,sitting
2034103502499922,-0.2632105,-0.40259242,9.681958,-0.2099901,-0.09334373,0.07150582,-40.5125,-9.725,-48.4625,sitting
2034103522499922,-0.51206404,-0.7088737,9.792028,-0.18868482,-0.08162583,-0.01691106,-40.525,-9.7625,-48.3875,sitting
2034103542499922,-0.3589234,-0.799801,10.127622,-0.1514006,-0.005992108,-0.07430214,-40.55,-9.75,-48.3,sitting
2034103562499922,-0.3062813,-0.6418747,9.998409,-0.1013332,0.10159952,-0.12650006,-40.575,-9.75,-48.2375,sitting
2034103582499922,-0.42592242,-0.3062813,9.605389,-0.04167844,0.19108167,-0.1925464,-40.600002,-9.7875,-48.2125,sitting
2034103602499922,-0.3493521,-0.3397808,9.490533,0.050999496,0.257128,-0.24900538,-40.65,-9.8125,-48.2125,sitting
2034103622499922,-0.3493521,-0.58923256,9.830314,0.17443693,0.2869554,-0.26072326,-40.675,-9.8,-48.2125,sitting
2034103642499922,-0.4211368,-0.66101724,10.022338,0.27137592,0.24221432,-0.2245043,-40.7,-9.825,-48.275,sitting
2034103662499922,-0.41635114,-0.5844469,9.796814,0.2277001,0.12823111,-0.14993586,-40.7125,-9.8,-48.287502,sitting
2034103682499922,-0.38285163,-0.4456632,9.720243,0.041412123,-0.0070573715,-0.03914844,-40.75,-9.7875,-48.375,sitting
2034103702499922,-0.34456646,-0.40259242,9.648459,-0.11198584,-0.15180007,0.13329111,-40.7125,-9.825,-48.3875,sitting
2034103722499922,-0.3062813,-0.4648058,9.69153,-0.1631185,-0.26365274,0.30799434,-40.7125,-9.8,-48.4,sitting
2034103742499922,-0.36370903,-0.60837513,9.8015995,-0.18975009,-0.29454538,0.38256282,-40.6875,-9.7875,-48.475002,sitting
2034103762499922,-0.36370903,-0.86201435,9.945169,-0.21318589,-0.30093697,0.33782172,-40.662502,-9.775001,-48.412502,sitting
2034103782499922,-0.33499518,-0.9290134,10.046266,-0.22596905,-0.31052434,0.20146799,-40.6125,-9.7625,-48.3375,sitting
2034103802499922,-0.4211368,-0.8572287,9.978668,-0.1982722,-0.2210422,0.032091066,-40.5875,-9.775001,-48.287502,sitting
2034103822499922,-0.43070808,-0.69930243,9.863813,-0.12370374,-0.017710008,-0.094542146,-40.5625,-9.75,-48.2375,sitting
2034103842499922,-0.35413775,-0.61794645,9.772886,0.0030626329,0.20066904,-0.17017587,-40.537502,-9.75,-48.275,sitting
2034103862499922,-0.39720857,-0.60837513,9.777672,0.15965639,0.3455449,-0.2277001,-40.575,-9.712501,-48.3,sitting
2034103882499922,-0.38763726,-0.69930243,9.863813,0.25113592,0.42863545,-0.27350643,-40.537502,-9.712501,-48.3,sitting
2034103902499922,-0.4354937,-0.7375876,9.935597,0.24474432,0.41478702,-0.28415906,-40.537502,-9.712501,-48.3,sitting
2034103922499922,-0.47377887,-0.62751776,9.87817,0.15859112,0.28589013,-0.24794011,-40.5,-9.675,-48.287502,sitting
2034103942499922,-0.39720857,-0.41694933,9.720243,0.0041278964,0.123970054,-0.14993586,-40.5,-9.7,-48.3875,sitting
2034103962499922,-0.28713873,-0.3499503,9.595817,-0.11518163,-0.06564687,0.034221593,-40.537502,-9.712501,-48.4,sitting
2034103982499922,-0.30149564,-0.4743771,9.710672,-0.14500901,-0.19547588,0.2451438,-40.55,-9.75,-48.4625,sitting
2034104002499922,-0.3589234,-0.5461618,9.87817,-0.16098797,-0.23489064,0.3239733,-40.5625,-9.7375,-48.412502,sitting
2034104022499922,-0.36370903,-0.57009,9.820743,-0.18442377,-0.26045695,0.23236063,-40.5,-9.7375,-48.425,sitting
2034104042499922,-0.3589234,-0.53180486,9.758529,-0.20040272,-0.22636852,0.08322372,-40.5,-9.7625,-48.3875,sitting
2034104062499922,-0.37328035,-0.57009,9.777672,-0.16631429,-0.068842664,-0.02223738,-40.475002,-9.7375,-48.3,sitting
2034104082499922,-0.3493521,-0.5844469,9.849456,-0.022503695,0.072837405,-0.09986847,-40.5125,-9.7625,-48.3125,sitting
2034104102499922,-0.36370903,-0.5796613,9.820743,0.17976324,0.12183953,-0.16058849,-40.475002,-9.7625,-48.225002,sitting
2034104122499922,-0.24885355,-0.7375876,10.347761,0.2862896,0.16018902,-0.1691106,-40.4625,-9.7,-48.225002,sitting
2034104142499922,0.32123643,-1.2352947,11.114063,0.24474432,0.15912376,-0.12756532,-40.45,-9.675,-48.075,sitting
2034104162499922,-0.67477596,0.12921242,8.025527,0.121306896,0.11012163,-0.060453713,-40.45,-9.6625,-48.05,sitting
2034104182499922,-1.2544373,0.0047856453,8.781659,-0.031025803,0.04087949,0.024634222,-40.4625,-9.6625,-47.9625,sitting
2034104202499922,-0.08075777,-0.5174479,10.376475,-0.15885743,-0.07203846,0.1013332,-40.525,-9.625,-48.05,sitting
2034104222499922,-0.037686955,-0.9242278,10.400404,-0.21105535,-0.16990955,0.1364869,-40.525,-9.6625,-48.162502,sitting
2034104242499922,-0.4881358,-1.0390832,9.906884,-0.18548903,-0.17949693,0.14287849,-40.537502,-9.650001,-48.1875,sitting
2034104262499922,-0.44027936,-0.46959144,10.04148,-0.11944269,-0.13156006,0.15353112,-40.55,-9.6625,-48.2125,sitting
2034104282499922,-0.28235307,-0.29671,9.567103,-0.052331075,-0.090147935,0.12370374,-40.5625,-9.712501,-48.2375,sitting
2034104302499922,-0.32063824,-0.29671,9.495318,-0.0011984216,3.9947388E-4,0.015046849,-40.575,-9.6875,-48.325,sitting
2034104322499922,-0.33499518,-0.5796613,9.772886,0.044607915,0.123970054,-0.12117374,-40.5875,-9.7,-48.3625,sitting
2034104342499922,-0.3589234,-0.67058855,10.003195,0.09574057,0.19214693,-0.19680746,-40.5875,-9.675,-48.3875,sitting
2034104362499922,-0.45942193,-0.6801598,9.959526,0.12876374,0.18895113,-0.1893506,-40.525,-9.6125,-48.3375,sitting
2034104382499922,-0.47377887,-0.5940182,9.763314,0.11491532,0.15592797,-0.11797795,-40.5625,-9.5375,-48.2375,sitting
2034104402499922,-0.44506502,-0.56530434,9.772886,0.047803707,0.08881636,-0.0073236874,-40.537502,-9.475,-48.2,sitting
2034104422499922,-0.35413775,-0.9529416,9.926026,-0.042743705,-0.013448954,0.10985532,-40.575,-9.3875,-48.2125,sitting
2034104442499922,-0.44985065,-0.948156,10.199407,-0.13329111,-0.12410321,0.1982722,-40.5875,-9.400001,-48.1875,sitting
2034104462499922,-0.44985065,-0.7423732,9.91167,-0.21638168,-0.13795164,0.26751432,-40.625,-9.475,-48.1875,sitting
2034104482499922,-0.34456646,-0.40737805,9.47139,-0.26112276,-0.0560595,0.34634385,-40.625,-9.5375,-48.1375,sitting
2034104502499922,-0.18185452,-0.19142582,9.576674,-0.26431856,0.017443692,0.41132492,-40.65,-9.5625,-48.15,sitting
2034104522499922,-0.2632105,-0.49351966,9.978668,-0.2483396,0.06431529,0.37297544,-40.662502,-9.6875,-48.125,sitting
2034104542499922,-0.5168497,-0.66101724,9.892527,-0.19933745,0.08668583,0.19933745,-40.662502,-9.775001,-48.225002,sitting
2034104562499922,-0.36370903,-0.5796613,9.87817,-0.06937529,0.06644582,-0.034887385,-40.7,-9.85,-48.3375,sitting
2034104582499922,-0.25842485,-0.49351966,9.7681,0.12450269,0.033422645,-0.2127864,-40.662502,-9.925,-48.3375,sitting
2034104602499922,-0.38285163,-0.29192436,9.69153,0.26072326,0.06644582,-0.24794011,-40.662502,-9.875,-48.412502,sitting
2034104622499922,-0.33020952,-0.36909288,9.61496,0.26391906,0.14847112,-0.1573927,-40.6125,-9.825,-48.45,sitting
2034104642499922,-0.34456646,-0.5413761,9.782457,0.15965639,0.16018902,-0.043409493,-40.5875,-9.712501,-48.537502,sitting
2034104662499922,-0.44506502,-0.53180486,9.930812,0.008388951,0.08349004,0.016112113,-40.537502,-9.675,-48.537502,sitting
2034104682499922,-0.36370903,-0.49351966,9.758529,-0.12370374,-0.030493172,0.039547913,-40.525,-9.625,-48.4875,sitting
2034104702499922,-0.41635114,-0.40259242,9.662816,-0.1716406,-0.14647375,0.074701615,-40.4875,-9.6,-48.45,sitting
2034104722499922,-0.43070808,-0.53180486,9.677173,-0.15566164,-0.19654115,0.12263848,-40.4875,-9.587501,-48.412502,sitting
2034104742499922,-0.3684947,-0.7615158,9.887741,-0.12583427,-0.16032217,0.14181322,-40.4625,-9.575,-48.45,sitting
2034104762499922,-0.28235307,-1.0199406,10.07498,-0.08748478,-0.07629951,0.10239847,-40.4625,-9.6375,-48.475002,sitting
2034104782499922,-0.23928227,-1.1347961,10.146765,-0.037417386,0.041944757,0.023568958,-40.4875,-9.625,-48.45,sitting
2034104802499922,-0.36370903,-1.0295119,10.127622,0.02543317,0.13036163,-0.063649505,-40.5,-9.6625,-48.475002,sitting
2034104822499922,-0.5599205,-0.5557331,9.930812,0.100001626,0.14527532,-0.14247902,-40.525,-9.7375,-48.537502,sitting
2034104842499922,-0.44027936,-0.2009971,9.490533,0.15965639,0.11757848,-0.18828535,-40.5625,-9.7625,-48.7375,sitting
2034104862499922,-0.19142582,-0.2009971,9.385248,0.16072164,0.07496793,-0.18189377,-40.55,-9.7875,-48.675,sitting
2034104882499922,-0.3493521,-0.48873404,9.696316,0.109588996,0.01957422,-0.10412952,-40.55,-9.8125,-48.7,sitting
2034104902499922,-0.5168497,-0.75194454,10.089336,0.030759487,-0.06671213,0.021438431,-40.600002,-9.8125,-48.625,sitting
2034104922499922,-0.41156548,-0.7710871,10.065409,-0.07044056,-0.15073481,0.12370374,-40.600002,-9.725,-48.5625,sitting
2034104942499922,-0.4019942,-0.5461618,9.744172,-0.1514006,-0.1976064,0.14713953,-40.5875,-9.625,-48.55,sitting
2034104962499922,-0.3924229,-0.41694933,9.610174,-0.17377113,-0.20399798,0.12157321,-40.6375,-9.462501,-48.412502,sitting
2034104982499922,-0.27756742,-0.5461618,9.753743,-0.14713953,-0.15499586,0.11411637,-40.6375,-9.225,-48.2625,sitting
2034105002499922,-0.34456646,-0.61794645,9.897313,-0.10346373,-0.07523424,0.11092058,-40.662502,-9.0125,-48.075,sitting
2034105022499922,-0.39720857,-0.5844469,9.835099,-0.04700476,0.030226856,0.04807002,-40.725002,-8.8125,-48.025,sitting
2034105042499922,-0.4019942,-0.53659046,9.753743,0.024367906,0.11012163,-0.06578003,-40.7125,-8.6375,-47.95,sitting
2034105062499922,-0.41156548,-0.60837513,9.806385,0.10745847,0.13781849,-0.15952323,-40.675,-8.587501,-48.0125,sitting
2034105082499922,-0.36370903,-0.6227321,9.863813,0.17869797,0.14207953,-0.18722008,-40.625,-8.6875,-47.925,sitting
2034105102499922,-0.3684947,-0.60358953,9.835099,0.19467694,0.12183953,-0.14887059,-40.625,-8.8875,-47.912502,sitting
2034105122499922,-0.38285163,-0.52223355,9.796814,0.14261217,0.04833634,-0.059388448,-40.600002,-9.1,-47.975002,sitting
2034105142499922,-0.37806597,-0.53659046,9.734601,0.023302643,-0.04860265,0.045939494,-40.5875,-9.3125,-48.025,sitting
2034105162499922,-0.39720857,-0.7615158,10.505688,-0.11411637,-0.14114743,0.118377425,-40.537502,-9.462501,-48.05,sitting
2034105182499922,-0.4546363,-0.46002015,8.95454,-0.20572904,-0.20186746,0.13435638,-40.4875,-9.6125,-48.1375,sitting
2034105202499922,-0.32063824,-0.43609193,9.701101,-0.2067943,-0.20186746,0.1279648,-40.45,-9.7375,-48.1375,sitting
2034105222499922,-0.26799613,-0.62751776,10.2520485,-0.13542163,-0.15712638,0.1364869,-40.4625,-9.7875,-48.125,sitting
2034105242499922,-0.55513483,-0.69930243,9.815957,-0.05339634,-0.08162583,0.14181322,-40.5,-9.712501,-48.225002,sitting
2034105262499922,-0.3589234,-0.6131608,9.763314,0.0105194785,0.016378429,0.09174583,-40.5125,-9.587501,-48.275,sitting
2034105282499922,-0.22013968,-0.46959144,9.763314,0.058456343,0.09840373,-0.017976323,-40.537502,-9.475,-48.287502,sitting
2034105302499922,-0.46899325,-0.29671,9.591031,0.09361004,0.12716585,-0.14141375,-40.5625,-9.45,-48.3625,sitting
2034105322499922,-0.47377887,-0.43609193,9.54796,0.13409007,0.12929638,-0.20746009,-40.5875,-9.5,-48.325,sitting
2034105342499922,-0.3493521,-0.9242278,9.892527,0.16072164,0.123970054,-0.18295904,-40.5875,-9.55,-48.3,sitting
2034105362499922,-0.25842485,-1.3214363,10.242477,0.12556796,0.092012145,-0.08921583,-40.5625,-9.6125,-48.4,sitting
2034105382499922,-0.16749759,-1.4991034,10.352547,0.024367906,0.027031064,0.017177377,-40.575,-9.650001,-48.375,sitting
2034105402499922,-0.3589234,-1.1108679,10.280763,-0.09174583,-0.08482162,0.08855004,-40.55,-9.650001,-48.3625,sitting
2034105422499922,-0.66041905,-0.27756742,9.763314,-0.17270587,-0.18375798,0.11518163,-40.55,-9.6875,-48.425,sitting
2034105442499922,-0.52163535,0.16749759,9.088538,0.4087949,0.23901853,0.107724786,-40.4625,-9.6875,-48.55,sitting
2034105462499922,-0.11485548,-0.22971097,9.155538,0.2862896,0.19747324,-0.029694224,-40.4625,-9.6625,-48.600002,sitting
2034105482499922,-0.3924229,-0.7423732,10.04148,0.11917637,0.1932122,-0.14993586,-40.4625,-9.6375,-48.7625,sitting
2034105502499922,-0.49292147,-1.0103694,10.342976,-0.045939494,0.19534272,-0.17337166,-40.475002,-9.6125,-48.8375,sitting
2034105522499922,-0.32063824,-0.75673014,10.036695,-0.15459639,0.11118689,-0.105194785,-40.4875,-9.5625,-48.8,sitting
2034105542499922,-0.3589234,-0.3499503,9.538389,-0.20146799,-0.014514217,-0.013715269,-40.4875,-9.462501,-48.8125,sitting
2034111322499922,-0.32542387,-0.3062813,9.428319,-0.23129536,-0.099735305,0.03315633,-40.5125,-9.5,-48.725002,sitting
2034111342499922,-0.3062813,-0.52223355,9.782457,-0.23875222,-0.12942953,0.026764749,-40.525,-9.5,-48.6375,sitting
2034111362499922,-0.40677986,-0.7088737,9.945169,-0.20040272,-0.080560565,0.022503695,-40.575,-9.55,-48.5125,sitting
2034111382499922,-0.42592242,-0.78065836,9.926026,-0.12157321,0.014247901,0.03635212,-40.55,-9.6,-48.412502,sitting
2034111402499922,-0.4354937,-0.7088737,9.897313,0.01691106,0.1079911,0.042743705,-40.5875,-9.6,-48.350002,sitting
2034111422499922,-0.45942193,-0.651446,9.820743,0.20213377,0.16551533,0.012916322,-40.625,-9.587501,-48.275,sitting
2034111442499922,-0.3589234,-0.6466603,9.7681,0.3416833,0.19108167,-0.035952646,-40.6375,-9.6375,-48.3,sitting
2034111462499922,-0.2105684,-0.651446,9.906884,0.35020542,0.17510271,-0.07749793,-40.6875,-9.6875,-48.2625,sitting
2034111482499922,-0.5024927,-0.5940182,9.930812,0.22876537,0.07922898,-0.08815057,-40.7,-9.675,-48.3125,sitting
2034111502499922,-0.24885355,-0.7471589,9.480962,0.014780533,-0.045406863,-0.073236875,-40.662502,-9.725,-48.3875,sitting
2034111522499922,-0.4019942,-0.72323066,9.945169,-0.1865543,-0.09760478,-0.059388448,-40.6875,-9.7375,-48.412502,sitting
2034111542499922,-0.5312066,-0.53659046,10.175478,-0.2568617,-0.0912132,-0.07430214,-40.7,-9.712501,-48.4625,sitting
2034111562499922,-0.19621146,-0.60837513,9.5048895,-0.18442377,-0.07310372,-0.060453713,-40.6875,-9.712501,-48.425,sitting
2034111582499922,-0.2440679,-0.6945168,9.610174,-0.04167844,-0.025166854,0.016112113,-40.6375,-9.75,-48.3625,sitting
2034111602499922,-0.44985065,-0.718445,10.103694,0.08934899,0.06538056,0.08002793,-40.675,-9.6875,-48.3625,sitting
2034111622499922,-0.41635114,-0.60837513,9.993624,0.1532648,0.17936377,0.08855004,-40.65,-9.6375,-48.350002,sitting
2034111642499922,-0.45942193,-0.45044887,9.586246,0.12876374,0.2283659,0.062983714,-40.65,-9.587501,-48.3625,sitting
2034111662499922,-0.35413775,-0.5796613,9.524033,0.07976162,0.13036163,0.037417386,-40.675,-9.5625,-48.2625,sitting
2034111682499922,-0.31585258,-0.68494546,10.027123,0.011584742,-0.020905798,0.050200548,-40.6375,-9.587501,-48.225002,sitting
2034111702499922,-0.37806597,-0.71365935,10.031909,-0.03635212,-0.11132005,0.060853187,-40.6125,-9.6,-48.225002,sitting
2034111722499922,-0.35413775,-0.7280163,9.686745,-0.051265813,-0.0912132,0.016112113,-40.6125,-9.625,-48.1875,sitting
2034111742499922,-0.3684947,-0.6466603,9.820743,-0.020373167,-0.031558435,-0.052996866,-40.6125,-9.650001,-48.2375,sitting
2034111762499922,-0.35413775,-0.5844469,9.854242,0.021172116,-0.025166854,-0.09667268,-40.600002,-9.712501,-48.225002,sitting
2034111782499922,-0.3493521,-0.5413761,9.763314,0.04886897,-0.04753739,-0.11904321,-40.5875,-9.837501,-48.2625,sitting
2034111802499922,-0.3684947,-0.5940182,9.701101,0.06910898,-0.057124764,-0.13608743,-40.5875,-9.8875,-48.225002,sitting
2034111822499922,-0.39720857,-0.72323066,9.854242,0.08402267,-0.051798444,-0.13502216,-40.5625,-9.875,-48.2625,sitting
2034111842499922,-0.4211368,-0.75194454,10.031909,0.098936364,-0.0560595,-0.08921583,-40.575,-9.825,-48.287502,sitting
2034111862499922,-0.37328035,-0.68494546,9.859028,0.13941638,-0.0677774,0.0011984216,-40.600002,-9.875,-48.2,sitting
2034111882499922,-0.3924229,-0.71365935,9.734601,0.118111104,-0.051798444,0.05339634,-40.600002,-9.875,-48.1875,sitting
2034111902499922,-0.43070808,-0.6658029,9.916455,0.050999496,-0.030493172,0.04061318,-40.625,-9.85,-48.2375,sitting
2034111922499922,-0.33020952,-0.6562316,9.892527,0.009454215,0.01957422,0.028895276,-40.6125,-9.7625,-48.175,sitting
2034111942499922,-0.41635114,-0.67058855,9.7681,9.321057E-4,0.052597392,0.020373167,-40.5875,-9.6375,-48.1875,sitting
2034111962499922,-0.42592242,-0.5796613,9.887741,-1.3315796E-4,0.03981423,0.0022636852,-40.5875,-9.587501,-48.1875,sitting
2034111982499922,-0.29192436,-0.49351966,9.782457,-0.01824264,0.0046605286,-0.0105194785,-40.6125,-9.4875,-48.2125,sitting
2034112002499922,-0.26799613,-0.28235307,9.624531,-0.08109319,-0.008122635,0.0022636852,-40.5875,-9.4875,-48.1125,sitting
2034112022499922,-0.26799613,-0.31106696,9.514461,-0.16418377,0.021704746,0.01824264,-40.600002,-9.4875,-48.175,sitting
2034112042499922,-0.33020952,-0.42652065,9.715458,-0.2099901,0.03448791,0.01824264,-40.575,-9.5375,-48.175,sitting
2034112062499922,-0.41156548,-0.4743771,9.825528,-0.16951008,0.0259658,0.0075900033,-40.575,-9.575,-48.15,sitting
2034112082499922,-0.35413775,-0.6131608,9.7298155,-0.08215846,0.0014647375,0.00652474,-40.6125,-9.650001,-48.1375,sitting
2034112102499922,-0.4642076,-0.8141579,9.906884,0.008388951,-0.023036325,0.0054594763,-40.662502,-9.7625,-48.05,sitting
2034112122499922,-0.4642076,-0.98644114,10.127622,0.08721846,-0.021971062,0.008655267,-40.6375,-9.837501,-48.100002,sitting
2034112142499922,-0.3397808,-0.9720842,10.098908,0.13195953,0.002530001,0.0054594763,-40.6375,-9.962501,-48.1125,sitting
2034112162499922,-0.4211368,-0.6418747,9.873384,0.14048164,0.020639483,-0.0041278964,-40.662502,-10.0125,-48.162502,sitting
2034112182499922,-0.45942193,-0.46002015,9.567103,0.14367743,0.0259658,0.0022636852,-40.65,-10.05,-48.100002,sitting
2034112202499922,-0.35413775,-0.57009,9.662816,0.14687322,0.033422645,0.028895276,-40.675,-10.0625,-48.2,sitting
2034112222499922,-0.3493521,-0.7423732,9.993624,0.120241635,0.055793185,0.06191845,-40.65,-10.025001,-48.175,sitting
2034112242499922,-0.33020952,-0.6801598,10.00798,0.064847924,0.06325003,0.09174583,-40.6125,-10.0125,-48.2625,sitting
2034112262499922,-0.33020952,-0.53180486,9.696316,0.01691106,0.041944757,0.12157321,-40.600002,-9.9375,-48.275,sitting
2034112282499922,-0.37806597,-0.4408776,9.629316,0.02223738,0.04087949,0.18442377,-40.6375,-9.925,-48.2625,sitting
2034112302499922,-0.4211368,-0.5174479,9.7681,0.07337003,0.051532127,0.24301326,-40.662502,-9.8875,-48.1875,sitting
2034112322499922,-0.36370903,-0.5844469,9.859028,0.097871095,0.024900537,0.22277325,-40.675,-9.8625,-48.2,sitting
2034112342499922,-0.4019942,-0.60837513,9.815957,0.030759487,-0.03581949,0.105594255,-40.662502,-9.8,-48.275,sitting
2034112362499922,-0.37806597,-0.51266223,9.772886,-0.0022636852,-0.100800574,0.0022636852,-40.65,-9.7625,-48.15,sitting
2034112382499922,-0.33020952,-0.49351966,9.720243,-0.0011984216,-0.050733183,-0.006258424,-40.65,-9.7375,-48.100002,sitting
2034112402499922,-0.4019942,-0.51266223,9.739387,-0.060853187,-0.039015282,0.00972053,-40.6875,-9.7375,-48.05,sitting
2034112422499922,-0.44985065,-0.6131608,9.820743,-0.1950764,-0.07416898,-0.0073236874,-40.662502,-9.8,-48.100002,sitting
2034112442499922,-0.41156548,-0.7280163,9.854242,-0.23875222,-0.04860265,-0.060453713,-40.625,-9.825,-48.15,sitting
2034112462499922,-0.38763726,-0.95772725,9.964312,-0.19614168,-0.017710008,-0.10093373,-40.6125,-9.825,-48.1875,sitting
2034112482499922,-0.25842485,-1.0677971,10.15155,-0.12157321,0.0035952649,-0.11584742,-40.600002,-9.8125,-48.275,sitting
2034112502499922,-0.2440679,-0.89072824,10.036695,-0.08215846,0.03448791,-0.075367406,-40.6125,-9.8125,-48.2125,sitting
2034112522499922,-0.44506502,-0.5461618,9.739387,-0.08748478,0.04833634,-0.0051931604,-40.600002,-9.8,-48.2375,sitting
2034112542499922,-0.41635114,-0.22971097,9.562318,-0.09281109,0.04833634,0.031025803,-40.600002,-9.8,-48.3125,sitting
2034112562499922,-0.31106696,-0.43130627,9.5048895,-0.042743705,0.023835273,0.021438431,-40.5875,-9.7875,-48.3125,sitting
2034112582499922,-0.4354937,-0.60837513,9.916455,0.07869635,0.005725792,0.012916322,-40.5875,-9.725,-48.3625,sitting
2034112602499922,-0.38763726,-0.7328019,9.988838,0.20213377,-0.0070573715,0.013981585,-40.575,-9.7,-48.350002,sitting
2034112622499922,-0.33499518,-0.66101724,9.863813,0.2127864,-0.01238369,0.00972053,-40.5875,-9.650001,-48.4,sitting
2034112642499922,-0.39720857,-0.52223355,9.748958,0.10213215,-0.0038615807,-0.027563697,-40.6125,-9.6625,-48.375,sitting
2034112662499922,-0.38763726,-0.52223355,9.715458,-0.051265813,-0.020905798,-0.055127393,-40.6125,-9.6625,-48.3,sitting
2034112682499922,-0.3924229,-0.63230336,9.8015995,-0.12583427,-0.044341598,-0.05086634,-40.625,-9.6625,-48.275,sitting
2034112702499922,-0.3924229,-0.62751776,9.906884,-0.1279648,-0.036884755,-0.073236875,-40.65,-9.712501,-48.2375,sitting
2034112722499922,-0.31585258,-0.53180486,9.806385,-0.10452899,-0.023036325,-0.1105211,-40.675,-9.725,-48.225002,sitting
2034112742499922,-0.2536392,-0.4121637,9.643674,-0.07576688,-0.026232118,-0.11265163,-40.7125,-9.775001,-48.2125,sitting
2034112762499922,-0.34456646,-0.38344982,9.61496,-0.05978792,-0.03581949,-0.06897582,-40.725002,-9.775001,-48.2375,sitting
2034112782499922,-0.38763726,-0.503091,9.715458,-0.06724477,-0.029427908,-0.017976323,-40.662502,-9.825,-48.125,sitting
2034112802499922,-0.44027936,-0.7280163,9.839885,-0.08002793,-0.017710008,0.003328949,-40.65,-9.85,-47.9875,sitting
2034112822499922,-0.4546363,-0.9194421,10.017552,-0.038482647,-0.0070573715,-0.0030626329,-40.65,-9.925,-48.15,sitting
2034112842499922,-0.38763726,-0.99601245,10.079765,0.058456343,0.005725792,0.0054594763,-40.6375,-9.962501,-48.1875,sitting
2034112862499922,-0.38285163,-0.99601245,9.954741,0.15006901,0.024900537,0.015046849,-40.6375,-9.962501,-48.287502,sitting
2034112882499922,-0.4354937,-0.85244304,9.984053,0.17030902,0.050466865,-0.0041278964,-40.6125,-10.0,-48.25,sitting
2034112902499922,-0.44506502,-0.61794645,9.854242,0.09574057,0.06005424,-0.032890014,-40.5875,-9.975,-48.2625,sitting
2034112922499922,-0.3684947,-0.4456632,9.619745,-0.021438431,0.024900537,-0.04234423,-40.600002,-9.9375,-48.162502,sitting
2034112942499922,-0.37328035,-0.48873404,9.648459,-0.11944269,-0.037950017,-0.043409493,-40.6375,-9.900001,-48.1375,sitting
2034112962499922,-0.38285163,-0.56530434,9.902099,-0.1748364,-0.07097319,-0.071106344,-40.662502,-9.7875,-48.1875,sitting
2034112982499922,-0.28713873,-0.5174479,9.835099,-0.1865543,-0.08588688,-0.083889514,-40.7,-9.625,-48.162502,sitting
2034113002499922,-0.30149564,-0.43130627,9.634102,-0.17803219,-0.08801741,-0.05619266,-40.7375,-9.425,-48.1375,sitting
2034113022499922,-0.3397808,-0.39780676,9.648459,-0.15779218,-0.07310372,-0.021172116,-40.75,-9.3125,-48.075,sitting
2034113042499922,-0.37328035,-0.49351966,9.744172,-0.12157321,-0.061385818,0.00652474,-40.7625,-9.1875,-48.125,sitting
2034113062499922,-0.41635114,-0.5270192,9.825528,-0.072571084,-0.040080544,0.043808967,-40.725002,-9.125,-48.075,sitting
2034113082499922,-0.40677986,-0.5988039,9.758529,0.009454215,-0.018775271,0.07683214,-40.7125,-9.1625,-48.1875,sitting
2034113102499922,-0.42592242,-0.61794645,9.830314,0.12450269,-0.013448954,0.07150582,-40.7,-9.2875,-48.2625,sitting
2034113122499922,-0.3924229,-0.67058855,9.849456,0.22663485,-0.023036325,0.03635212,-40.7,-9.462501,-48.3375,sitting
2034113142499922,-0.39720857,-0.94337034,9.882956,0.27137592,-0.020905798,0.0011984216,-40.65,-9.587501,-48.2375,sitting
2034113162499922,-0.41156548,-1.096511,10.127622,0.239418,-0.03581949,-0.032890014,-40.6375,-9.775001,-48.325,sitting
2034113182499922,-0.37806597,-1.082154,10.141979,0.13195953,-0.06351634,-0.073236875,-40.625,-9.875,-48.3,sitting
2034113202499922,-0.37806597,-0.72323066,9.988838,0.0051931604,-0.11451584,-0.09667268,-40.600002,-10.0,-48.3125,sitting
2034113222499922,-0.39720857,-0.2632105,9.591031,-0.073636346,-0.17097482,-0.05725792,-40.6375,-10.075,-48.3125,sitting
2034113242499922,-0.26799613,-0.11485548,9.337392,-0.05872266,-0.21465063,0.045939494,-40.625,-10.0625,-48.25,sitting
2034113262499922,-0.3062813,-0.3595216,9.552746,0.0030626329,-0.21891168,0.18122798,-40.625,-9.95,-48.225002,sitting
2034113282499922,-0.5024927,-0.7328019,9.969097,0.0051931604,-0.1858885,0.28988487,-40.5875,-9.8125,-48.175,sitting
2034113302499922,-0.39720857,-0.79501534,10.113265,-0.016112113,-0.11345058,0.31119013,-40.5875,-9.725,-48.225002,sitting
2034113322499922,-0.3684947,-0.5844469,9.825528,-0.044874232,-0.014514217,0.2653838,-40.600002,-9.625,-48.2,sitting
2034113342499922,-0.39720857,-0.421735,9.624531,-0.06191845,0.13355742,0.20040272,-40.6375,-9.5625,-48.275,sitting
2034113362499922,-0.31106696,-0.503091,9.696316,-0.034221593,0.5020055,0.13755217,-40.6875,-9.4875,-48.3125,sitting
2034113382499922,-0.37806597,-0.6562316,9.835099,0.18189377,0.5020055,-0.027563697,-40.662502,-9.4875,-48.3375,sitting
2034113402499922,-0.4354937,-0.7423732,9.906884,0.4833634,0.3721765,-0.20852536,-40.675,-9.575,-48.275,sitting
2034113422499922,-0.39720857,-0.71365935,9.921241,0.570715,0.31465223,-0.22983064,-40.662502,-9.650001,-48.3125,sitting
2034113442499922,-0.36370903,-0.5988039,9.815957,0.35766226,0.047271073,-0.21811274,-40.6875,-9.712501,-48.287502,sitting
2034113462499922,-0.3397808,-0.7040881,9.720243,-0.0022636852,-0.031558435,-0.20746009,-40.662502,-9.8,-48.3125,sitting
2034113482499922,-0.33020952,-0.7471589,9.988838,-0.23023011,-0.058190025,0.012916322,-40.625,-9.8625,-48.2,sitting
2034113502499922,-0.3684947,-0.6897311,9.902099,-0.33675647,-0.14221269,0.15566164,-40.5875,-9.925,-48.1375,sitting
2034113522499922,-0.39720857,-0.5270192,9.720243,-0.37923387,-0.244478,0.050200548,-40.5875,-9.9375,-48.025,sitting
2034113542499922,-0.37806597,-0.503091,9.667602,-0.3218428,-0.3328949,0.0022636852,-40.625,-9.925,-48.1125,sitting
2034113562499922,-0.41635114,-0.68494546,9.839885,-0.2366217,-0.23808642,0.11198584,-40.6125,-9.7875,-48.2375,sitting
2034113582499922,-0.42592242,-0.799801,10.012766,-0.086419515,-0.03581949,0.23023011,-40.6375,-9.725,-48.2,sitting
2034113602499922,-0.3589234,-0.7375876,9.91167,0.108523734,0.12503532,0.20785956,-40.625,-9.650001,-48.2375,sitting
2034113622499922,-0.37806597,-0.57009,9.758529,0.2862896,0.23582274,0.04061318,-40.65,-9.625,-48.1875,sitting
2034113642499922,-0.41156548,-0.421735,9.720243,0.3629886,0.3285007,-0.13502216,-40.6375,-9.650001,-48.225002,sitting
2034113662499922,-0.33020952,-0.4121637,9.710672,0.336357,0.25925854,-0.16378428,-40.625,-9.625,-48.2375,sitting
2034113682499922,-0.2632105,-0.49351966,9.715458,0.20639484,-0.009187899,-0.10945584,-40.5875,-9.6625,-48.25,sitting
2034113702499922,-0.3589234,-0.52223355,9.796814,-0.023568958,-0.039015282,-0.093476884,-40.55,-9.675,-48.15,sitting
2034113722499922,-0.37806597,-0.52223355,9.792028,-0.2185122,-0.029427908,-0.0073236874,-40.5625,-9.7,-48.037502,sitting
2034113742499922,-0.38285163,-0.52223355,9.705887,-0.25792697,-0.090147935,-0.0073236874,-40.5875,-9.712501,-48.100002,sitting
2034113762499922,-0.44985065,-0.5270192,9.753743,-0.16951008,-0.11345058,-0.09773794,-40.575,-9.775001,-48.0875,sitting
2034113782499922,-0.42592242,-0.6562316,9.820743,-0.1013332,-0.06351634,-0.07217161,-40.575,-9.775001,-48.175,sitting
2034113802499922,-0.41156548,-0.8380861,9.873384,-0.09281109,0.0014647375,0.03528686,-40.5625,-9.7625,-48.1875,sitting
2034113822499922,-0.41635114,-1.0247263,10.022338,-0.096006885,0.031292118,0.08002793,-40.5875,-9.8125,-48.162502,sitting
2034113842499922,-0.28235307,-1.3022938,10.132407,-0.08322372,0.031292118,0.049135286,-40.625,-9.7875,-48.3,sitting
2034113862499922,-0.23449662,-1.3070793,10.26162,-0.02996054,0.021704746,0.01824264,-40.625,-9.775001,-48.2625,sitting
2034113882499922,-0.4881358,-0.77587277,10.170692,0.06058687,0.027031064,0.050200548,-40.600002,-9.85,-48.3125,sitting
2034113902499922,-0.49292147,0.08135597,9.47139,0.15113428,0.029161593,0.08109319,-40.575,-9.8625,-48.3125,sitting
2034113922499922,-0.07597212,0.19621146,8.772088,0.1447427,0.029161593,0.023568958,-40.600002,-9.8875,-48.3125,sitting
2034113942499922,-0.2632105,-0.33020952,9.433105,0.026498433,0.0259658,-0.054062128,-40.5625,-9.9125,-48.275,sitting
2034113962499922,-0.57906306,-0.8668,10.37169,-0.116246894,-6.6578976E-4,-0.046605285,-40.600002,-9.900001,-48.2625,sitting
2034113982499922,-0.36370903,-1.0342976,10.323833,-0.20359851,-0.027297381,-0.03395528,-40.6125,-9.875,-48.2625,sitting
2034114002499922,-0.41156548,-0.5557331,9.806385,-0.22383852,-0.045406863,-0.07004108,-40.5625,-9.875,-48.075,sitting
2034114022499922,-0.42592242,-0.29671,9.413962,-0.20572904,-0.07629951,-0.084954776,-40.5625,-9.8875,-48.025,sitting
2034114042499922,-0.27756742,-0.41694933,9.634102,-0.15566164,-0.08375636,-0.052996866,-40.5875,-9.85,-48.0,sitting
2034114062499922,-0.4019942,-0.6131608,9.859028,-0.086419515,-0.046472125,-0.0126500055,-40.6125,-9.837501,-47.9625,sitting
2034114082499922,-0.49292147,-0.90508515,9.930812,-0.032091066,0.030226856,0.02996054,-40.5875,-9.8125,-47.975002,sitting
2034114102499922,-0.3062813,-0.99601245,10.146765,0.020106852,0.11012163,0.057657395,-40.600002,-9.7375,-48.0625,sitting
2034114122499922,-0.32063824,-0.80937225,10.031909,0.11598058,0.12716585,0.038482647,-40.5875,-9.7,-48.100002,sitting
2034114142499922,-0.4211368,-0.43130627,9.648459,0.24580958,0.09094688,-0.0051931604,-40.600002,-9.6875,-48.0875,sitting
2034114162499922,-0.29192436,-0.30149564,9.490533,0.30546436,0.04620581,-0.011584742,-40.6375,-9.7,-48.2125,sitting
2034114182499922,-0.31585258,-0.43609193,9.638887,0.23196116,0.002530001,0.0011984216,-40.662502,-9.675,-48.350002,sitting
2034114202499922,-0.4833502,-0.718445,9.897313,0.064847924,-0.015579481,-0.023302643,-40.662502,-9.650001,-48.350002,sitting
2034114222499922,-0.45942193,-0.8859426,10.04148,-0.11092058,-0.019840535,-0.046605285,-40.65,-9.712501,-48.375,sitting
2034114242499922,-0.37806597,-0.87158567,9.973883,-0.1833585,-0.034754228,-0.06684529,-40.65,-9.775001,-48.350002,sitting
2034114262499922,-0.41156548,-0.77587277,9.854242,-0.16205323,-0.0560595,-0.10093373,-40.675,-9.837501,-48.275,sitting
2034114282499922,-0.41635114,-0.7280163,9.87817,-0.12050795,-0.06245108,-0.09773794,-40.6875,-9.875,-48.3625,sitting
2034114302499922,-0.3397808,-0.67058855,9.873384,-0.08002793,-0.04753739,-0.048735812,-40.662502,-9.837501,-48.4,sitting
2034114322499922,-0.3924229,-0.5557331,9.8015995,-0.052331075,-0.015579481,-0.0051931604,-40.6125,-9.825,-48.375,sitting
2034114342499922,-0.35413775,-0.39780676,9.686745,-0.044874232,0.016378429,0.003328949,-40.600002,-9.85,-48.2625,sitting
2034114362499922,-0.29671,-0.39780676,9.610174,-0.042743705,0.03981423,0.012916322,-40.5875,-9.837501,-48.15,sitting
2034114382499922,-0.35413775,-0.4743771,9.701101,0.0126500055,0.053662658,0.026764749,-40.5875,-9.75,-48.15,sitting
2034114402499922,-0.4019942,-0.5844469,9.835099,0.10745847,0.045140546,0.026764749,-40.5875,-9.6875,-48.15,sitting
2034114422499922,-0.38285163,-0.651446,9.87817,0.17243955,0.031292118,0.0075900033,-40.55,-9.6875,-48.1125,sitting
2034114442499922,-0.39720857,-0.5844469,9.806385,0.14048164,0.014247901,-0.01691106,-40.575,-9.712501,-47.9625,sitting
2034114462499922,-0.38763726,-0.4743771,9.753743,0.031824753,-0.0038615807,-0.029694224,-40.5625,-9.825,-47.95,sitting
2034114482499922,-0.40677986,-0.49830532,9.629316,-0.0896153,-0.021971062,-0.038083173,-40.5875,-9.8625,-47.925,sitting
2034114502499922,-0.44027936,-0.6466603,9.806385,-0.15353112,-0.044341598,-0.052996866,-40.5625,-9.8125,-48.100002,sitting
2034114522499922,-0.42592242,-0.8572287,9.935597,-0.15033533,-0.07416898,-0.049801074,-40.55,-9.837501,-48.1875,sitting
2034114542499922,-0.32063824,-1.0630114,10.027123,-0.11518163,-0.10599373,-0.008388951,-40.525,-9.900001,-48.125,sitting
2034114562499922,-0.21535404,-1.082154,10.098908,-0.08215846,-0.12623374,0.03635212,-40.537502,-9.925,-48.0875,sitting
2034114582499922,-0.2727818,-0.8572287,9.973883,-0.042743705,-0.12942953,0.057657395,-40.5625,-9.875,-48.037502,sitting
2034114602499922,-0.41156548,-0.5509474,9.744172,0.027563697,-0.14008217,0.10985532,-40.5625,-9.825,-48.037502,sitting
2034114622499922,-0.3924229,-0.4456632,9.648459,0.10106689,-0.11238532,0.22383852,-40.575,-9.775001,-47.975002,sitting
2034114642499922,-0.37806597,-0.48873404,9.710672,0.23302642,-0.031558435,0.33036488,-40.6125,-9.7375,-47.975002,sitting
2034114662499922,-0.37328035,-0.5557331,9.782457,0.473776,0.03448791,0.40386808,-40.625,-9.725,-47.8625,sitting
2034114682499922,-0.3924229,-0.58923256,9.825528,0.6484792,0.01105211,0.4326302,-40.6375,-9.7,-47.8875,sitting
2034114702499922,-0.38763726,-0.5413761,9.792028,0.570715,-0.19334535,0.30160278,-40.662502,-9.7,-47.8875,sitting
2034114722499922,-0.38763726,-0.60358953,9.744172,0.3416833,-0.50014126,0.03635212,-40.7125,-9.7,-47.975002,sitting
2034114742499922,-0.3924229,-0.651446,9.87817,0.066978455,-0.56512237,-0.10626005,-40.7375,-9.75,-48.0125,sitting
2034114762499922,-0.38285163,-0.6466603,9.863813,-0.17803219,-0.3094591,-0.04234423,-40.6875,-9.7375,-48.025,sitting
2034114782499922,-0.33020952,-0.5844469,9.777672,-0.33249542,-0.017710008,0.03528686,-40.7,-9.775001,-48.0875,sitting
2034114802499922,-0.3397808,-0.4743771,9.739387,-0.4101265,0.20706062,0.031025803,-40.662502,-9.8,-48.100002,sitting
2034114822499922,-0.3589234,-0.48394838,9.686745,-0.41225702,0.3924165,0.003328949,-40.675,-9.8125,-48.1125,sitting
2034114842499922,-0.39720857,-0.51266223,9.744172,-0.3154512,0.47430864,0.015046849,-40.7125,-9.825,-48.100002,sitting
2034114862499922,-0.41635114,-0.6562316,9.792028,-0.19933745,0.5233108,0.013981585,-40.6875,-9.8125,-48.1375,sitting
2034114882499922,-0.39720857,-0.8141579,9.882956,-0.028895276,0.25606275,-0.11158637,-40.65,-9.8125,-48.0625,sitting
2034114902499922,-0.33499518,-0.8955139,9.969097,0.2010685,0.13249217,-0.15845796,-40.625,-9.7625,-48.1375,sitting
2034114922499922,-0.3493521,-0.9098708,9.921241,0.2628538,0.22943115,-0.03914844,-40.675,-9.825,-48.175,sitting
2034114942499922,-0.36370903,-0.96729857,9.945169,0.19680746,0.13994901,0.043808967,-40.662502,-9.775001,-48.175,sitting
2034114962499922,-0.40677986,-0.96729857,10.012766,0.059521604,3.9947388E-4,-0.008388951,-40.6875,-9.7625,-48.1875,sitting
2034114982499922,-0.42592242,-0.78065836,9.988838,-0.14287849,-0.023036325,-0.04447476,-40.6375,-9.8,-48.175,sitting
2034115002499922,-0.40677986,-0.51266223,9.7681,-0.2707101,-0.021971062,-0.015845796,-40.600002,-9.775001,-48.225002,sitting
2034115022499922,-0.35413775,-0.24885355,9.524033,-0.2536659,-0.015579481,-0.05619266,-40.625,-9.837501,-48.225002,sitting
2034115042499922,-0.28713873,-0.25842485,9.476176,-0.15566164,-0.046472125,-0.116912685,-40.625,-9.85,-48.350002,sitting
2034115062499922,-0.3062813,-0.47916272,9.710672,-0.05339634,-0.027297381,-0.12010848,-40.6125,-9.9375,-48.225002,sitting
2034115082499922,-0.38285163,-0.66101724,9.935597,0.0051931604,-6.6578976E-4,-0.073236875,-40.6125,-9.9375,-48.2625,sitting
2034115102499922,-0.4019942,-0.6418747,9.868599,0.046738442,0.0067910557,-0.02223738,-40.625,-9.962501,-48.287502,sitting
2034115122499922,-0.41635114,-0.53659046,9.739387,0.097871095,-0.0070573715,0.0075900033,-40.600002,-10.0125,-48.3,sitting
2034115142499922,-0.36370903,-0.4408776,9.677173,0.11385005,0.005725792,0.00652474,-40.6375,-10.0375,-48.350002,sitting
2034115162499922,-0.38763726,-0.53180486,9.686745,0.098936364,0.044075284,-0.01691106,-40.6875,-10.1125,-48.3125,sitting
2034115182499922,-0.44506502,-0.7615158,9.892527,0.088283725,0.05472792,-0.03395528,-40.7,-10.05,-48.350002,sitting
2034115202499922,-0.3924229,-0.99601245,10.022338,0.0627174,0.032357384,-0.023302643,-40.7,-10.0375,-48.3375,sitting
2034115222499922,-0.29192436,-1.1874382,10.098908,-0.0054594763,0.002530001,-0.014780533,-40.725002,-10.0,-48.412502,sitting
2034115242499922,-0.31106696,-0.9720842,10.137193,-0.07896267,-0.01238369,-0.041278966,-40.7125,-9.95,-48.3625,sitting
2034115262499922,-0.4019942,-0.48873404,9.796814,-0.10879005,-0.0326237,-0.07430214,-40.7,-9.9125,-48.3375,sitting
2034115282499922,-0.31585258,-0.23449662,9.404391,-0.10346373,-0.040080544,-0.093476884,-40.6875,-9.900001,-48.3,sitting
2034115302499922,-0.25842485,-0.22971097,9.485747,-0.09920268,-0.021971062,-0.09028109,-40.7125,-9.8875,-48.3375,sitting
2034115322499922,-0.37328035,-0.5605187,9.763314,-0.11518163,-0.021971062,-0.059388448,-40.675,-9.8625,-48.2625,sitting
2034115342499922,-0.4354937,-0.799801,10.017552,-0.13009532,-0.039015282,-0.017976323,-40.6375,-9.875,-48.2375,sitting
2034115362499922,-0.39720857,-0.799801,10.022338,-0.13009532,-0.07203846,0.01824264,-40.65,-9.8875,-48.1875,sitting
2034115382499922,-0.4019942,-0.57487565,9.792028,-0.106659524,-0.1038632,0.039547913,-40.6375,-9.8625,-48.125,sitting
2034115402499922,-0.33499518,-0.46002015,9.648459,-0.06511424,-0.099735305,0.052331075,-40.6125,-9.8875,-48.15,sitting
2034115422499922,-0.3397808,-0.53180486,9.677173,-0.03528686,-0.058190025,0.074701615,-40.65,-9.8875,-48.2375,sitting
2034115442499922,-0.47856453,-0.6466603,9.863813,0.0030626329,-0.005992108,0.06937529,-40.65,-9.825,-48.3,sitting
2034115462499922,-0.47377887,-0.71365935,9.949955,0.09361004,0.013182637,0.044874232,-40.6375,-9.837501,-48.287502,sitting
2034115482499922,-0.3924229,-0.5988039,9.830314,0.20000325,-6.6578976E-4,0.043808967,-40.662502,-9.8125,-48.350002,sitting
2034115502499922,-0.34456646,-0.5605187,9.653245,0.33742225,-0.009187899,0.054461602,-40.65,-9.825,-48.3375,sitting
2034115522499922,-0.26799613,-0.7328019,9.792028,0.5281044,0.11118689,0.072571084,-40.5875,-9.7875,-48.3625,sitting
2034115542499922,-0.124426775,-0.98644114,10.012766,0.68363297,0.2752375,0.1279648,-40.575,-9.7625,-48.375,sitting
2034115562499922,-0.24885355,-0.9098708,10.060623,0.56219286,0.15379743,0.18016271,-40.5875,-9.7375,-48.4,sitting
2034115582499922,-0.4977071,-0.58923256,9.777672,0.26818013,-0.09440899,0.09281109,-40.537502,-9.7625,-48.350002,sitting
2034115602499922,-0.47856453,-0.4552345,9.586246,0.057391077,0.037683703,-0.0126500055,-40.5625,-9.8,-48.3375,sitting
2034115622499922,-0.33499518,-0.5844469,9.739387,-0.23981747,0.10053425,-0.043409493,-40.5875,-9.7875,-48.225002,sitting
2034115642499922,-0.34456646,-0.799801,9.964312,-0.4335623,0.06325003,-0.035952646,-40.575,-9.85,-48.15,sitting
2034115662499922,-0.35413775,-0.87158567,9.973883,-0.42930126,0.052597392,0.038482647,-40.600002,-9.8625,-48.15,sitting
2034115682499922,-0.33020952,-0.799801,9.882956,-0.4218444,-0.060320552,0.14607428,-40.65,-9.875,-48.075,sitting
2034115702499922,-0.4354937,-0.5557331,9.820743,-0.42290968,-0.15499586,0.14181322,-40.662502,-9.9125,-48.100002,sitting
2034115722501461,-0.45942193,-0.3595216,9.696316,-0.2483396,-0.080560565,0.050200548,-40.675,-9.9125,-48.075,sitting
2034115742501461,-0.23928227,-0.33020952,9.552746,-0.00652474,0.031292118,-0.071106344,-40.7,-9.9125,-48.075,sitting
2034115762501461,-0.29671,-0.43609193,9.643674,0.15752587,0.055793185,-0.14247902,-40.675,-9.9125,-48.0125,sitting
2034115782501461,-0.39720857,-0.5413761,9.839885,0.22983064,0.04087949,-0.13076112,-40.662502,-9.900001,-48.0125,sitting
2034115802501461,-0.3684947,-0.6227321,9.820743,0.25007063,3.9947388E-4,-0.07749793,-40.675,-9.837501,-48.075,sitting
2034115822501461,-0.41156548,-0.61794645,9.748958,0.2042643,-0.025166854,-0.021172116,-40.7,-9.8,-48.125,sitting
2034115842501461,-0.40677986,-0.6897311,9.796814,0.088283725,-0.008122635,0.0022636852,-40.6875,-9.8125,-48.15,sitting
2034115862501461,-0.33499518,-0.8285148,9.935597,-1.3315796E-4,0.017443692,0.021438431,-40.725002,-9.8,-48.15,sitting
2034115882501461,-0.27756742,-0.933799,9.930812,-0.016112113,0.029161593,0.026764749,-40.7375,-9.875,-48.1375,sitting
2034115902501461,-0.22971097,-1.0773684,9.897313,0.0073236874,0.013182637,0.022503695,-40.7125,-9.8875,-48.025,sitting
2034115922501461,-0.22971097,-1.1874382,10.079765,0.008388951,0.002530001,0.03528686,-40.7,-9.95,-48.0,sitting
2034115942501461,-0.41156548,-0.99601245,10.175478,-0.043808967,0.0067910557,0.01824264,-40.7,-10.0,-48.025,sitting
2034115962501461,-0.5455636,-0.5413761,9.887741,-0.08748478,0.012117374,-0.014780533,-40.6875,-10.0375,-47.9875,sitting
2034115982501461,-0.4019942,-0.07178468,9.495318,-0.05872266,0.013182637,1.3315796E-4,-40.65,-10.05,-47.9625,sitting
2034116002501461,-0.19142582,-0.019142581,9.17468,-0.022503695,0.008921583,-0.0030626329,-40.662502,-10.05,-47.95,sitting
2034116022501461,-0.31106696,-0.41694933,9.538389,-0.042743705,0.0035952649,-0.013715269,-40.625,-10.075,-47.9375,sitting
2034116042501461,-0.4642076,-0.8141579,10.170692,-0.05872266,-0.010253162,-0.0051931604,-40.6125,-10.075,-47.9875,sitting
2034116062501461,-0.37806597,-0.9098708,10.122836,-0.054461602,-0.010253162,-0.0019973693,-40.600002,-10.1,-48.0625,sitting
2034116082501461,-0.42592242,-0.62751776,9.787243,-0.03635212,0.0046605286,-9.321057E-4,-40.6125,-10.087501,-48.1125,sitting
2034116102501461,-0.39720857,-0.38344982,9.624531,0.008388951,0.015313165,0.010785795,-40.65,-10.05,-48.275,sitting
2034116122501461,-0.3397808,-0.3499503,9.571889,0.058456343,0.009986847,0.008655267,-40.662502,-10.0125,-48.325,sitting
2034116142501461,-0.44506502,-0.51266223,9.69153,0.07337003,0.0014647375,0.0011984216,-40.675,-10.0625,-48.3,sitting
2034116162501461,-0.47377887,-0.84765744,9.892527,0.03395528,0.0067910557,0.0011984216,-40.662502,-10.087501,-48.287502,sitting
2034116182501461,-0.33499518,-1.1491531,10.103694,-0.03315633,0.002530001,-0.0051931604,-40.6875,-10.075,-48.3875,sitting
2034116202501461,-0.1052842,-1.2544373,10.170692,-0.072571084,-0.0070573715,-0.009454215,-40.7125,-10.0375,-48.350002,sitting
2034116222501461,-0.17228323,-1.0534402,10.031909,-0.06191845,-0.010253162,-0.0126500055,-40.725002,-10.0375,-48.3125,sitting
2034116242501461,-0.4642076,-0.62751776,9.849456,-0.016112113,-0.009187899,-0.023302643,-40.787502,-10.025001,-48.412502,sitting
2034116262501461,-0.4642076,-0.22971097,9.610174,0.30333382,0.051532127,-0.083889514,-40.7625,-10.0125,-48.225002,sitting
2034116282501461,-0.3397808,-0.19142582,9.375677,0.04886897,-0.016644744,0.045939494,-40.725002,-9.9875,-48.1875,sitting
