timestamp_ns,acc_x,acc_y,acc_z,gyro_x,gyro_y,gyro_z,mag_x,mag_y,mag_z,activity
421285471491908,1.6360501,5.4570003,8.20395,-0.4224,0.2783,0.0188375,-15.900001,-34.36875,1.06875,walking
421285491495488,1.50405,5.5140004,8.254951,-0.4395875,0.8817875,0.0334125,-16.087502,-34.275,0.39375,walking
421285511506693,1.2049501,5.2650003,7.8640504,-0.5251125,0.93555,0.0578875,-15.6,-34.4625,-0.4875,walking
421285531527717,0.87000006,5.7250504,8.24505,-0.5836875,1.0173625,0.0859375,-15.39375,-34.275,-0.58125,walking
421285551554514,1.12605,5.3629503,8.311951,-0.595925,0.9942625,0.098175,-15.69375,-34.55625,-1.5562501,walking
421285571587546,0.61800003,5.4469504,8.39805,-0.5726875,0.993025,0.1153625,-16.087502,-34.55625,-2.25,walking
421285591610687,0.27105,5.37795,8.46105,-0.56045,0.999075,0.1593625,-15.7875,-34.068752,-2.25,walking
421285611623567,-0.08205,5.3299503,7.9080005,-0.62645,0.9062625,0.2349875,-15.7875,-34.275,-2.625,walking
421285631637429,0.064950004,5.33895,8.02995,-0.7266875,0.7742625,0.2619375,-15.7875,-34.275,-3.6000001,walking
421285651641350,0.216,5.29395,8.920051,-0.7082625,0.755975,0.247225,-16.181252,-34.275,-4.59375,walking
421285671637960,0.28605002,5.289,9.232051,-0.6094,0.7352125,0.1874125,-16.48125,-33.787502,-5.175,walking
421285691640542,-0.20700002,5.06895,9.945001,-0.5104,0.7852625,0.1727,-15.900001,-33.693752,-5.6625004,walking
421285711637416,-0.25500003,4.80795,9.271951,-0.4090625,0.8267875,0.2008875,-16.3875,-33.393753,-5.9437504,walking
421285731629505,-0.56295,4.566,8.179951,-0.3906375,0.5654,0.2239875,-16.48125,-33.581253,-7.0312505,walking
421285751628813,-0.50805,4.3510504,9.804001,-0.22935,0.6741625,0.2399375,-16.7625,-33.300003,-7.70625,walking
421285771624528,-0.35700002,4.4490004,10.699051,0.0515625,1.1664125,0.1788875,-16.875,-32.90625,-7.8,walking
421285791628565,-0.58995,4.52505,9.05895,0.1150875,1.1933625,0.1348875,-16.181252,-33.09375,-8.00625,walking
421285811627065,-0.73605,4.51305,8.21205,0.0050875,0.977075,0.15565,-16.7625,-32.90625,-8.493751,walking
421285831621494,-0.642,4.533,8.58495,-0.0034375,0.9502625,0.1348875,-16.66875,-33.487503,-8.493751,walking
421285851624732,-0.77400005,4.51095,8.13,-0.016775,0.810975,0.087175,-16.3875,-33.393753,-9.168751,walking
421285871623079,-1.26195,4.46505,7.7209506,-0.1109625,0.6337375,0.0823625,-16.3875,-33.300003,-9.46875,walking
421285891617785,-1.55505,4.2379503,7.6819506,-0.280775,0.4835875,0.103125,-16.275002,-33.393753,-9.46875,walking
421285911620714,-1.626,3.936,8.06805,-0.385825,0.303875,0.158125,-16.087502,-33.300003,-9.95625,walking
421285931619363,-1.5000001,3.5629501,8.566051,-0.3565375,0.0999625,0.21065,-16.181252,-32.7,-10.44375,walking
421285951613698,-1.49205,3.65895,9.71805,-0.2770625,0.2525875,0.25575,-16.275002,-32.8125,-10.05,walking
421285971616618,-1.84905,3.1990502,9.44505,-0.1720125,0.3796375,0.37193748,-16.66875,-32.7,-10.5375,walking
421285991615011,-1.6890001,3.9460502,8.785951,-0.20625,0.4175875,0.3144625,-16.087502,-32.8125,-11.512501,walking
421286011610094,-1.9380001,3.73005,8.191951,-0.220825,0.253825,0.2924625,-16.3875,-32.2125,-11.118751,walking
421286031613546,-2.11695,3.6799502,8.283,-0.2195875,0.076725,0.341275,-16.48125,-32.5125,-11.418751,walking
421286051612158,-2.0770502,3.79695,8.097,-0.28435,-0.09075,0.3425125,-16.48125,-32.11875,-11.512501,walking
421286071618419,-2.02905,3.7759502,8.700001,-0.32587498,-0.149325,0.3205125,-16.96875,-32.11875,-11.325001,walking
421286091619507,-2.1649501,3.5170503,9.165,-0.3125375,-0.116325,0.32793748,-17.15625,-31.35,-11.8125,walking
421286111616700,-2.26095,3.3280501,9.283951,-0.36135,0.0242,0.363275,-17.362501,-31.44375,-11.8125,walking
421286131621278,-2.1390002,3.41895,8.973001,-0.4310625,0.0644875,0.4024625,-17.456251,-31.237501,-12.0,walking
421286151620878,-1.914,3.5080502,9.18105,-0.474925,0.0620125,0.3939375,-17.362501,-30.468752,-12.20625,walking
421286171616326,-1.83,3.5130002,9.49995,-0.3993,0.004675,0.368225,-18.0375,-30.656252,-12.39375,walking
421286191619934,-1.8199501,3.4290001,9.567,-0.2795375,-0.116325,0.35227498,-17.643751,-30.750002,-13.275001,walking
421286211618787,-1.69095,3.4459503,9.624001,-0.1475375,-0.237325,0.3377,-18.525002,-30.35625,-12.975,walking
421286231613757,-1.52295,3.4740002,9.528001,-0.08525,-0.25685,0.3339875,-18.337502,-30.2625,-12.4875,walking
421286251617138,-1.4130001,3.5839503,9.20505,-0.12925,-0.1640375,0.3449875,-18.91875,-30.075,-13.275001,walking
421286271615608,-1.485,3.63,8.784,-0.258775,-0.110275,0.3804625,-18.825,-29.775002,-12.6,walking
421286291621329,-1.38705,3.66105,9.117001,-0.3100625,-0.0650375,0.4037,-19.10625,-29.98125,-12.4875,walking
421286311621928,-1.4250001,3.6660001,9.402,-0.2525875,-0.066275,0.42075,-19.5,-29.493752,-12.975,walking
421286331617824,-1.46595,3.6040502,9.32505,-0.175725,-0.1065625,0.4488,-19.706251,-29.587502,-12.7875,walking
421286351622063,-1.5310501,3.6150002,9.081,-0.1340625,-0.17613749,0.4830375,-19.893751,-29.19375,-12.975,walking
421286371621135,-1.45395,3.6660001,9.12405,-0.1012,-0.2360875,0.5160375,-20.775002,-29.19375,-12.88125,walking
421286391616317,-1.43505,3.7420502,9.2029505,-0.093775,-0.22385,0.5368,-21.16875,-29.00625,-12.88125,walking
421286411620276,-1.27695,3.7999501,9.1050005,-0.15125,-0.12979999,0.5478,-21.35625,-28.500002,-13.181251,walking
421286431619115,-1.1550001,3.9409502,9.253051,-0.1964875,-0.0125124995,0.539275,-21.9375,-28.218752,-12.39375,walking
421286451614350,-1.2100501,3.9439502,9.25605,-0.1903,0.038775,0.5380375,-21.9375,-28.0125,-12.88125,walking
421286471617842,-1.30305,3.85995,9.141001,-0.1439625,-0.028324999,0.5588,-22.44375,-27.431252,-13.575001,walking
421286491616567,-1.29795,3.8140502,9.16005,-0.0889625,-0.099275,0.5930375,-22.5375,-27.73125,-12.975,walking
421286511611508,-1.251,3.8550003,9.279,-0.048675,-0.094325,0.627275,-23.41875,-27.243752,-12.7875,walking
421286531614979,-1.0690501,3.96495,9.2029505,-0.0584375,-0.03575,0.63827497,-23.118752,-27.337502,-12.7875,walking
421286551614062,-0.95400006,3.9270003,9.16695,-0.0705375,-0.0235125,0.639375,-23.212502,-27.0375,-13.087501,walking
421286571643029,-1.164,3.83295,9.31305,-0.054725,-0.0039875,0.6919,-24.0,-26.550001,-12.69375,walking
421286591618575,-1.1040001,3.795,9.196051,-0.0754875,-0.0528,0.7616125,-24.675001,-26.175001,-12.39375,walking
421286611614621,-0.75000006,3.97005,9.684,-0.0424875,-0.1310375,0.765325,-24.975,-25.875002,-12.69375,walking
421286631619004,-0.3,4.0150504,10.395,0.0858,-0.1065625,0.7115625,-25.1625,-25.66875,-12.20625,walking
421286651618340,-0.13695,4.11105,10.58895,0.1956625,-0.0295625,0.650375,-25.368752,-25.087502,-12.39375,walking
421286671613623,-0.028950002,3.9870002,10.531951,0.276375,0.0705375,0.611325,-25.95,-25.181252,-12.3,walking
421286691617288,0.087000005,3.83295,9.74205,0.238425,0.01925,0.55275,-26.437502,-25.087502,-11.8125,walking
421286711616405,0.30195,3.7159503,9.483001,0.1370875,-0.0675125,0.4598,-26.1375,-24.6,-11.71875,walking
421286731611680,0.43395,3.249,9.663,0.078375,-0.1395625,0.368225,-26.250002,-24.806252,-11.90625,walking
421286751615708,0.55605,2.8330503,9.876,0.066275,-0.1115125,0.28393748,-26.831251,-24.112501,-11.625,walking
421286771614760,0.55095005,2.5759501,9.579,0.006325,-0.098037496,0.214225,-26.437502,-24.4125,-11.231251,walking
421286791621221,0.597,2.32005,9.2029505,-0.1439625,-0.1628,0.1373625,-26.437502,-24.206251,-11.231251,walking
421286811622001,0.56100005,2.01405,9.36795,-0.31735,-0.215325,0.095837496,-26.343752,-24.206251,-11.118751,walking
421286831619011,0.55605,1.506,10.078951,-0.38953748,-0.1750375,0.114125,-27.018751,-24.018751,-11.418751,walking
421286851623387,0.52695,1.21395,10.407001,-0.3491125,-0.109037496,0.180125,-27.225,-23.831251,-11.90625,walking
421286871622521,0.70005006,1.3099501,10.21605,-0.2490125,-0.0845625,0.2374625,-27.225,-23.325,-11.325001,walking
421286891616257,0.94200003,1.41495,9.81795,-0.1439625,-0.0515625,0.28393748,-27.225,-23.23125,-11.325001,walking
421286911608972,1.2790501,1.6980001,9.241051,-0.041249998,-0.09185,0.26565,-27.31875,-23.4375,-11.325001,walking
421286931609972,1.5520501,2.01105,8.781,0.0490875,-0.166375,0.1593625,-27.50625,-23.23125,-10.931251,walking
421286951607278,1.71,2.157,8.434051,0.0858,-0.2030875,0.009075,-27.4125,-23.53125,-11.025001,walking
421286971612842,1.7200501,2.22195,8.18295,0.036849998,-0.221375,-0.15345,-27.13125,-23.831251,-11.025001,walking
421286991613108,1.746,2.2030501,8.16405,-0.109725,-0.18727499,-0.30855,-26.831251,-23.925001,-10.63125,walking
421287011608835,1.7410501,2.1049502,8.190001,-0.3051125,-0.21779999,-0.4466,-26.625002,-24.206251,-10.837501,walking
421287031612904,1.81605,1.8649501,8.50395,-0.501875,-0.3020875,-0.5786,-26.531252,-24.31875,-11.025001,walking
421287051612293,1.746,1.5850501,9.339001,-0.6326375,-0.38995,-0.6666,-25.95,-24.50625,-11.025001,walking
421287071619332,1.53495,1.21395,10.522051,-0.5874,-0.37895,-0.68365,-25.7625,-24.993752,-11.118751,walking
421287091620738,1.176,1.011,11.33895,-0.38334998,-0.24213749,-0.614075,-25.85625,-24.993752,-11.118751,walking
421287111617471,0.96795005,1.176,10.750051,-0.2050125,-0.127325,-0.509025,-25.85625,-25.181252,-11.625,walking
421287131621899,1.092,1.7839501,9.517051,-0.186725,-0.099275,-0.4576,-25.556252,-25.66875,-11.325001,walking
421287151621160,1.3219501,2.2150502,8.724,-0.280775,-0.083325,-0.476025,-25.1625,-25.66875,-11.118751,walking
421287171616552,1.42095,2.5549502,8.47305,-0.36987498,-0.1065625,-0.5383125,-24.88125,-25.968752,-11.625,walking
421287191619813,1.3969501,2.5860002,8.51805,-0.3906375,-0.17379999,-0.6006,-24.88125,-26.062502,-11.118751,walking
421287211618985,1.24605,2.5759501,8.602051,-0.3711125,-0.293425,-0.6518875,-24.187502,-26.550001,-10.931251,walking
421287231625264,1.11195,2.5500002,8.75805,-0.358875,-0.3936625,-0.692175,-23.90625,-26.456251,-11.625,walking
421287251625870,1.0180501,2.4160502,9.045,-0.3553,-0.4376625,-0.7154125,-23.7,-26.456251,-11.418751,walking
421287271621520,1.00605,2.4019501,9.448951,-0.3711125,-0.3949,-0.74965,-23.212502,-27.337502,-11.231251,walking
421287291625484,0.87705004,2.196,9.768001,-0.40039998,-0.25685,-0.7423625,-22.5375,-26.75625,-11.625,walking
421287311624445,0.58695,1.9990501,9.991051,-0.4041125,-0.1040875,-0.6898375,-22.44375,-27.91875,-11.625,walking
421287331619662,0.39105,1.9710001,9.74895,-0.3773,-0.098037496,-0.61654997,-22.331251,-28.218752,-11.71875,walking
421287351622727,0.39795002,2.0070002,9.780001,-0.31735,-0.1750375,-0.5713125,-21.75,-27.73125,-11.231251,walking
421287371621272,0.44805002,2.0040002,9.98805,-0.2673,-0.166375,-0.531025,-21.5625,-28.0125,-11.025001,walking
421287391616659,0.33105,1.9540501,10.015051,-0.2305875,-0.0760375,-0.4686,-21.65625,-28.218752,-10.63125,walking
421287411620291,0.23295002,1.9560001,9.81795,-0.197725,0.0473,-0.3892625,-21.35625,-28.500002,-11.325001,walking
421287431619122,0.147,2.1049502,9.399,-0.1830125,0.104775,-0.3025,-20.868752,-28.312502,-11.71875,walking
421287451614365,0.35295,2.38995,9.27,-0.1744875,0.11825,-0.2572625,-20.587502,-28.500002,-11.71875,walking
421287471617737,0.49395,2.6530502,9.19995,-0.170775,0.14025,-0.2585,-20.868752,-28.312502,-12.0,walking
421287491616160,0.37905002,2.77005,9.265051,-0.16225,0.1645875,-0.254925,-20.775002,-28.218752,-11.71875,walking
421287511611356,0.29295,2.7919502,9.238951,-0.1439625,0.1560625,-0.238975,-20.868752,-28.406252,-11.418751,walking
421287531614803,0.23505001,2.84205,9.19995,-0.1610125,0.1475375,-0.20845,-20.38125,-28.312502,-11.90625,walking
421287551613605,0.052950002,2.90895,9.282001,-0.20253749,0.137775,-0.166925,-20.2875,-28.500002,-12.20625,walking
421287571619592,0.02205,2.8230002,9.49695,-0.2110625,0.132825,-0.1131625,-20.681252,-28.406252,-12.4875,walking
421287591620656,-0.01695,2.8249502,9.523951,-0.22453749,0.0889625,-0.061875,-20.681252,-28.406252,-12.6,walking
421287611616546,-0.052950002,2.631,9.95895,-0.2343,0.0583,4.125E-4,-20.2875,-27.6375,-12.1125,walking
421287631620787,0.003,2.358,10.75905,-0.214775,0.143825,0.081125,-20.19375,-27.6375,-12.4875,walking
421287651620099,0.11595,2.2390501,11.281051,-0.15125,0.2685375,0.158125,-20.2875,-27.73125,-12.39375,walking
421287671615251,0.034050003,2.1090002,11.33895,-0.026675,0.3870625,0.252175,-20.587502,-27.431252,-11.90625,walking
421287691618502,-0.03195,2.09505,10.699051,0.0796125,0.4211625,0.3559875,-20.587502,-26.94375,-12.69375,walking
421287711617688,0.08400001,2.2390501,9.82995,0.072325,0.38334998,0.4037,-20.38125,-26.94375,-12.3,walking
421287731612595,0.45600003,2.52795,9.09795,-0.10725,0.2160125,0.3254625,-20.38125,-26.75625,-12.975,walking
421287751616463,0.94200003,2.50005,9.153001,-0.3796375,-0.0418,0.117699996,-20.38125,-26.94375,-13.087501,walking
421287771615480,1.0350001,1.8840001,10.630051,-0.589875,-0.154275,-0.10945,-20.2875,-26.456251,-13.087501,walking
421287791622095,0.57795,0.46695003,12.945001,-0.473825,-0.0625625,-0.1485,-20.475,-26.550001,-12.69375,walking
421287811622466,-0.27105,-0.6,14.3550005,0.0149875,0.0644875,0.034649998,-20.475,-26.175001,-12.20625,walking
421287831618722,-0.657,-1.026,13.92195,0.583,0.2160125,0.3364625,-20.475,-26.175001,-12.6,walking
421287851623091,-0.052950002,-0.36495003,11.6980505,0.845625,0.3100625,0.523325,-20.775002,-26.268751,-11.8125,walking
421287871667783,0.882,0.64695,9.804001,0.8028625,0.3686375,0.4805625,-20.38125,-26.175001,-12.1125,walking
421287891654693,1.52295,1.4269501,8.710051,0.61105,0.32835,0.26565,-20.1,-26.362501,-11.90625,walking
421287911648145,1.59,1.7839501,8.191951,0.36795,0.165825,-0.03135,-19.893751,-26.550001,-11.90625,walking
421287931637822,1.26195,1.54005,8.643001,0.17379999,-0.0185625,-0.2866875,-19.59375,-26.85,-12.39375,walking
421287951625814,0.74100006,1.008,9.66705,0.087037496,-0.1040875,-0.44055,-19.800001,-26.75625,-12.3,walking
421287971623890,0.25695002,0.675,10.6369505,0.0845625,-0.028324999,-0.4943125,-19.21875,-27.243752,-12.20625,walking
421287991618434,-0.27795002,0.41700003,10.953,0.1456125,0.1010625,-0.4368375,-19.10625,-27.243752,-12.6,walking
421288011621862,-0.47700003,0.53205,10.73805,0.210375,0.19525,-0.3452625,-19.0125,-27.431252,-12.20625,walking
421288031620178,-0.33600003,0.855,10.299001,0.2616625,0.21835,-0.2915,-18.91875,-27.337502,-12.3,walking
421288051616038,-0.16605,1.1710501,9.77295,0.2776125,0.2085875,-0.26221249,-18.91875,-27.525002,-11.418751,walking
421288071620462,-0.094050005,1.36695,9.184051,0.2849,0.1463,-0.2182125,-18.431252,-28.0125,-11.231251,walking
421288091620294,-0.04095,1.55595,8.99895,0.3656125,0.0290125,-0.1681625,-19.0125,-28.125002,-10.743751,walking
421288111616066,0.34305,1.968,8.83395,0.4939,-0.116325,-0.1804,-18.73125,-28.406252,-10.743751,walking
421288131619910,0.71400005,2.2770002,8.57295,0.594,-0.249425,-0.2597375,-18.73125,-28.500002,-10.35,walking
421288151619248,0.78105,2.47305,8.271001,0.5891875,-0.3179,-0.337975,-18.13125,-29.00625,-10.44375,walking
421288171614356,0.67605,2.6119502,8.037001,0.453475,-0.2910875,-0.40507498,-18.13125,-29.2875,-10.5375,walking
421288191616606,0.666,2.703,8.21895,0.2580875,-0.1749,-0.49307498,-17.94375,-29.493752,-10.837501,walking
421288211627494,0.47700003,2.56695,8.307,0.06985,-0.1236125,-0.5578375,-18.337502,-29.493752,-10.14375,walking
421288231619854,0.20205002,2.289,8.937,-0.03025,-0.09185,-0.5468375,-17.75625,-30.075,-9.95625,walking
421288251620761,-0.18,2.11395,9.391951,-0.0352,-0.1260875,-0.465025,-18.13125,-30.16875,-10.14375,walking
421288271617929,-0.24705002,2.0689502,9.61005,0.01375,-0.210375,-0.3647875,-17.85,-30.35625,-10.5375,walking
421288291622886,-0.16395001,2.1090002,9.871051,0.0320375,-0.1835625,-0.2657875,-17.75625,-30.35625,-10.5375,walking
421288311622555,-0.03195,2.361,9.736951,0.0039875,-0.13585,-0.17545,-18.0375,-30.750002,-10.35,walking
421288331618349,0.513,2.6580002,9.67695,2.75E-4,-0.155375,-0.172975,-17.456251,-31.143751,-9.5625,walking
421288351622028,0.70005006,3.0600002,9.672001,0.02475,-0.221375,-0.2402125,-17.456251,-31.35,-9.46875,walking
421288371621298,0.57495004,3.11295,9.871051,0.099275,-0.23485,-0.29645,-17.550001,-31.837502,-10.05,walking
421288391616724,0.40995002,2.94,9.49005,0.1566125,-0.24585,-0.2536875,-17.362501,-32.41875,-9.5625,walking
421288411620336,0.48900002,3.04305,9.406051,0.2189,-0.23485,-0.2365,-16.875,-32.41875,-10.35,walking
421288431619292,0.75495005,3.38295,8.74995,0.2030875,-0.32395,-0.3245,-16.181252,-32.8125,-10.63125,walking
421288451614553,1.11195,3.627,8.137051,-0.0364375,-0.508475,-0.5663625,-15.50625,-33.393753,-10.25625,walking
421288471617765,1.167,3.22005,8.4199505,-0.5361125,-0.49995,-0.7887,-15.01875,-33.300003,-10.837501,walking
421288491616648,1.14795,2.28195,10.618051,-0.9257875,-0.38995,-0.97075,-14.418751,-33.581253,-10.25625,walking
421288511623046,0.52995,0.924,13.402051,-0.8243125,-0.1065625,-0.9659375,-13.931251,-34.18125,-9.5625,walking
421288531623852,-0.384,-0.06105,14.679001,-0.2343,0.2110625,-0.681175,-14.531251,-34.36875,-8.587501,walking
421288551619858,-0.726,-0.24300002,13.314001,0.4939,0.3430625,-0.2657875,-13.556251,-34.55625,-8.1,walking
421288571623930,-0.16095,0.80505,10.242001,0.9288125,0.059675,-0.0336875,-13.35,-34.7625,-7.8,walking
421288591622747,0.855,1.8030001,8.070001,1.010625,-0.3106125,-0.06545,-12.675,-34.95,-8.1,walking
421288611618011,1.6459501,2.457,7.0480504,0.795575,-0.4401375,-0.2866875,-12.375001,-34.7625,-8.2875,walking
421288631621496,1.9350001,2.742,6.6190505,0.3546125,-0.3716625,-0.5798375,-11.1,-34.85625,-9.28125,walking
421288651620052,1.60695,2.57205,7.1940002,-0.09625,-0.120037496,-0.835175,-10.33125,-34.7625,-9.375,walking
421288671615043,0.726,1.9950001,8.002951,-0.36987498,0.142725,-0.940225,-10.125,-34.85625,-10.35,walking
421288691618482,-0.11595,1.7190001,8.3550005,-0.4786375,0.2160125,-0.9389875,-10.425,-34.66875,-10.44375,walking
421288711617451,-0.76005006,1.55595,8.56095,-0.5031125,0.120725,-0.84865,-9.543751,-34.85625,-10.25625,walking
421288731612566,-1.011,1.4320501,9.226951,-0.429825,0.0803,-0.69836247,-9.543751,-34.66875,-10.25625,walking
421288751615972,-0.96795005,1.4770501,9.64305,-0.2820125,0.142725,-0.5456,-9.9375,-34.95,-10.44375,walking
421288771614973,-1.1020501,1.6519501,9.35595,-0.164725,0.22935,-0.3795,-9.543751,-34.4625,-10.5375,walking
421288791621115,-1.06605,2.02605,8.75805,-0.1120625,0.2330625,-0.23045,-9.243751,-34.66875,-11.118751,walking
421288811622245,-0.85800004,2.3779502,8.401051,-0.1084875,0.203775,-0.1192125,-9.356251,-34.275,-11.118751,walking
421288831618756,-0.46800002,2.6910002,8.226001,-0.1353,0.1865875,-0.072875,-9.356251,-34.275,-11.71875,walking
421288851623483,-0.18,2.9550002,8.146951,-0.203775,0.1414875,-0.09845,-9.243751,-34.18125,-12.1125,walking
421288871633524,-0.22095,2.9209502,8.48205,-0.27335,0.109725,-0.1144,-9.543751,-34.18125,-11.512501,walking
421288891625673,-0.36900002,2.80395,8.961,-0.313775,0.054725,-0.0814,-9.731251,-33.693752,-12.1125,walking
421288911626629,-0.25500003,2.70795,9.733951,-0.269775,0.015675,-0.0496375,-9.637501,-34.18125,-12.20625,walking
421288931623060,-0.15405001,2.59995,10.1629505,-0.20625,-0.0075625,-0.0166375,-9.731251,-33.487503,-12.4875,walking
421288951616283,-0.11805001,2.457,10.43595,-0.170775,0.0424875,0.0298375,-9.9375,-33.393753,-12.3,walking
421288971618362,-0.076950006,2.3779502,10.647,-0.15125,0.1683,0.0946,-10.33125,-33.787502,-12.975,walking
421288991616091,0.0049500004,2.42805,10.62705,-0.1170125,0.2343,0.1483625,-10.03125,-33.487503,-12.69375,walking
421289011622200,0.12495001,2.538,10.623,-0.0485375,0.2415875,0.1934625,-9.84375,-33.393753,-12.88125,walking
421289031622702,0.3,2.6940002,10.45005,0.017324999,0.1915375,0.2167,-10.21875,-33.393753,-12.69375,walking
421289051619188,0.492,2.8900502,10.390051,0.072325,0.1340625,0.19965,-10.51875,-33.09375,-12.88125,walking
421289071623538,0.57795,2.9640002,10.38105,0.11385,0.1035375,0.169125,-10.33125,-33.393753,-12.4875,walking
421289091622863,0.657,2.9520001,10.357051,0.1346125,0.076725,0.1434125,-9.243751,-32.90625,-13.087501,walking
421289111618191,0.66405004,2.9950502,10.516951,0.15413749,0.1255375,0.08965,-9.9375,-32.90625,-12.88125,walking
421289131621817,0.48195,3.0289502,10.42605,0.15785,0.23925,0.0176,-9.731251,-32.60625,-13.462501,walking
421289151620306,0.08895,3.0030003,9.61905,0.0796125,0.2110625,-0.061875,-9.543751,-32.5125,-14.156251,walking
421289171671619,-0.32595003,2.9520001,8.868,-0.1695375,0.005775,-0.1485,-9.731251,-32.5125,-13.968751,walking
421289191664195,-0.68505,2.5399501,9.49005,-0.49335,-0.1786125,-0.2035,-9.543751,-32.11875,-13.462501,walking
421289211650776,-0.95595,1.9440001,11.347951,-0.6447375,-0.14685,-0.199925,-9.9375,-32.5125,-13.968751,walking
421289231634897,-1.3099501,1.26405,13.09395,-0.479875,0.032725,-0.1034,-10.21875,-32.11875,-13.368751,walking
421289251629748,-1.7340001,0.75000006,13.540951,-0.0644875,0.26235,0.109175,-10.425,-32.11875,-13.087501,walking
421289271621947,-2.019,0.75405,12.262951,0.3521375,0.3883,0.368225,-10.725,-32.025,-12.88125,walking
421289291623351,-1.8250501,1.37205,10.12905,0.6001875,0.37235,0.51975,-10.425,-31.63125,-13.575001,walking
421289311621084,-1.4760001,1.8870001,8.05605,0.6257625,0.2673,0.55027497,-10.81875,-31.725,-13.462501,walking
421289331614684,-1.6189501,2.5140002,6.3109503,0.4021875,0.0474375,0.5038,-10.725,-31.44375,-13.275001,walking
421289351618614,-1.46595,2.8969502,5.88705,0.0430375,-0.232375,0.3889875,-10.51875,-31.63125,-13.856251,walking
421289371618116,-1.3560001,2.7559502,7.2300005,-0.22935,-0.37661248,0.2534125,-10.9125,-31.5375,-13.462501,walking
421289391613671,-1.389,2.11695,9.27495,-0.308825,-0.2666125,0.181225,-11.1,-31.237501,-13.275001,walking
421289411617809,-1.641,1.6690501,10.398001,-0.24653749,-0.109037496,0.1824625,-11.306251,-31.237501,-13.575001,walking
421289431617384,-1.8060001,1.45305,10.630051,-0.1219625,-0.077275,0.213125,-11.306251,-30.956251,-13.968751,walking
421289451612732,-1.8010501,1.41495,10.74495,0.0185625,-0.0858,0.26565,-11.981251,-31.050001,-13.462501,walking
421289471616770,-1.641,1.45305,10.73805,0.1346125,-0.0235125,0.307175,-11.587501,-30.956251,-13.575001,walking
421289491615113,-1.4440501,1.5439501,10.455001,0.2030875,0.1255375,0.340175,-11.700001,-31.050001,-13.668751,walking
421289511621844,-1.2550501,1.746,9.8560505,0.2409,0.247775,0.3535125,-11.981251,-31.35,-13.087501,walking
421289531622820,-1.128,1.94895,9.13095,0.249425,0.25753748,0.3449875,-12.075001,-31.143751,-13.575001,walking
421289551619248,-1.143,2.1360002,8.70495,0.243375,0.2233,0.3389375,-12.375001,-30.843752,-13.368751,walking
421289571623421,-0.99405,2.29395,8.54895,0.248325,0.1744875,0.324225,-12.075001,-30.843752,-12.975,walking
421289591622658,-0.93000007,2.5429502,8.36505,0.221375,0.0974875,0.29975,-11.887501,-31.050001,-12.7875,walking
421289611618218,-0.74295,2.739,8.39805,0.171325,0.0449625,0.25465,-11.981251,-30.656252,-13.368751,walking
421289631621296,-0.62595004,2.88,8.68305,0.1285625,0.0474375,0.1874125,-12.281251,-31.143751,-12.975,walking
421289651619997,-0.67395,2.8849502,8.908051,0.1016125,0.071775,0.131175,-12.075001,-30.750002,-13.181251,walking
421289671615469,-0.73305005,2.9190001,8.97105,0.087037496,0.060775,0.0798875,-12.675,-30.843752,-12.7875,walking
421289691618911,-0.786,2.9980502,9.162001,0.0686125,0.0400125,0.0358875,-12.375001,-30.843752,-13.087501,walking
421289711617528,-0.76005006,3.0340502,9.46395,0.066275,0.027775,-0.006875,-12.8625,-30.843752,-13.462501,walking
421289731612639,-0.71895003,3.04095,9.40905,0.022275,-0.066275,-0.0422125,-12.375001,-30.750002,-12.975,walking
421289751616239,-0.657,2.904,9.59595,-0.0705375,-0.2140875,-0.0704,-13.1625,-30.562502,-12.975,walking
421289771614993,-0.52005005,2.562,10.620001,-0.1084875,-0.2140875,-0.072875,-12.76875,-30.2625,-12.88125,walking
421289791621021,-0.50595003,2.20005,11.347951,-0.0510125,-0.1260875,-0.0116875,-12.468751,-30.468752,-12.88125,walking
421289811621782,-0.29805002,2.1769502,11.476951,0.0796125,-0.0565125,0.0323125,-11.981251,-30.468752,-13.462501,walking
421289831618203,0.087000005,2.25795,10.306951,0.1236125,-0.2336125,0.0066,-12.075001,-30.2625,-13.275001,walking
421289851622505,0.58005005,2.46405,9.32505,-0.038775,-0.5146625,-0.1376375,-11.887501,-30.468752,-13.087501,walking
421289871621492,0.89100003,2.3800502,9.295951,-0.37235,-0.7052375,-0.355025,-11.887501,-30.562502,-12.88125,walking
421289891616633,0.84300005,1.41495,11.04405,-0.6166875,-0.5317125,-0.4918375,-12.075001,-30.468752,-12.1125,walking
421289911620113,0.18705001,0.43605003,13.003051,-0.5006375,-0.0955625,-0.44907498,-11.493751,-30.656252,-12.6,walking
421289931618780,-0.492,-0.27405003,13.198951,-0.0449625,0.2453,-0.2255,-11.212501,-30.562502,-12.6,walking
421289951613974,-0.61800003,0.064950004,10.963051,0.36795,0.153725,-0.02145,-11.306251,-30.468752,-12.975,walking
421289971617205,0.06795,0.88395005,8.58495,0.5036625,-0.2299,0.0066,-10.9125,-30.562502,-12.3,walking
421289991616319,0.906,1.63995,7.524,0.3471875,-0.4742375,-0.14973749,-10.425,-30.956251,-12.3,walking
421290011611568,1.3939501,1.9729501,7.66095,0.0050875,-0.3851375,-0.3953125,-10.125,-30.35625,-12.4875,walking
421290031615140,1.1880001,1.7670001,8.137051,-0.335775,-0.1260875,-0.576125,-10.51875,-30.656252,-12.39375,walking
421290051613909,0.50595003,1.6279501,8.7289505,-0.47134998,-0.01375,-0.6446,-10.03125,-30.562502,-12.69375,walking
421290071620196,0.01695,1.3789501,9.363001,-0.40535,0.00825,-0.61654997,-9.84375,-30.843752,-12.6,walking
421290091621013,-0.10395,1.4389501,9.696,-0.198825,0.0265375,-0.5443625,-9.637501,-30.2625,-12.6,walking
421290111617460,0.06795,1.8720001,9.246,-0.0180125,-0.0100375,-0.5333625,-9.150001,-30.562502,-12.39375,walking
421290131621621,0.20205002,2.28705,8.563951,0.0185625,-0.02475,-0.565125,-8.26875,-30.562502,-12.6,walking
421290151620638,0.14205001,2.502,8.238,-0.038775,-0.0015125,-0.5773625,-8.175,-30.16875,-12.39375,walking
421290171573656,0.10605001,2.64105,8.293051,-0.1012,0.0352,-0.5748875,-7.8750005,-29.98125,-12.0,walking
421290191586906,0.10395,2.84205,8.53005,-0.1280125,0.07425,-0.57255,-7.8750005,-29.98125,-12.69375,walking
421290211594184,0.34305,3.07395,8.781,-0.1243,0.0999625,-0.6188875,-7.5000005,-29.587502,-12.6,walking
421290231596194,0.231,3.10995,8.85105,-0.109725,0.076725,-0.664125,-7.5000005,-29.493752,-12.20625,walking
421290251605452,-0.10605001,3.0600002,8.961,-0.0902,0.0462,-0.664125,-7.5000005,-29.1,-12.39375,walking
421290271608508,-0.44595003,2.94,9.045,-0.08525,0.016775,-0.6018375,-6.9,-29.00625,-12.39375,walking
421290291617865,-0.56295,2.8879502,9.402,-0.0694375,0.0314875,-0.5163125,-6.80625,-28.706251,-11.90625,walking
421290311621559,-0.492,3.015,9.63105,-0.052249998,0.038775,-0.460075,-6.9,-28.612501,-12.3,walking
421290331619737,-0.432,3.117,9.74205,-0.0694375,0.0400125,-0.42473748,-6.3187504,-28.500002,-12.39375,walking
421290351625083,-0.42900002,3.1390502,10.074,-0.093775,0.0559625,-0.3892625,-5.925,-27.825,-12.7875,walking
421290371624560,-0.43395,3.153,10.471951,-0.0889625,0.10725,-0.3685,-5.64375,-27.431252,-12.6,walking
421290391619909,-0.58500004,3.0270002,10.75905,-0.0595375,0.13653749,-0.337975,-5.25,-27.0375,-13.275001,walking
421290411623560,-0.52305,2.9550002,11.06805,0.0050875,0.1463,-0.3245,-5.15625,-26.94375,-12.975,walking
421290431621847,-0.53895,2.97105,11.19705,0.050325,0.1940125,-0.34155,-4.6687503,-26.6625,-13.668751,walking
421290451616510,-0.79605,3.00495,10.696951,-0.0180125,0.18425,-0.366025,-4.6687503,-26.94375,-13.181251,walking
421290471675635,-1.0849501,2.8639503,10.24905,-0.214775,0.0559625,-0.388025,-4.4625,-26.6625,-12.88125,walking
421290491660959,-1.26705,2.56695,10.963051,-0.4065875,-0.0760375,-0.3977875,-4.8562503,-26.75625,-12.6,walking
421290511654903,-1.3060501,1.932,12.37005,-0.43835,-0.0955625,-0.3953125,-4.7625003,-26.75625,-12.4875,walking
421290531645234,-1.6380001,1.2360001,13.495951,-0.2635875,-0.0270875,-0.3207875,-5.25,-26.75625,-11.90625,walking
421290551633159,-1.9540501,0.43605003,14.029951,0.083325,0.126775,-0.128975,-5.64375,-26.75625,-12.69375,walking
421290571630968,-2.3400002,-0.01305,13.659,0.5121875,0.3955875,0.175175,-5.34375,-26.94375,-12.7875,walking
421290591625481,-2.3419502,0.01905,11.722051,0.8603375,0.540925,0.48427498,-5.53125,-26.85,-12.4875,walking
421290611617908,-1.8349501,0.54795,9.265051,1.0179125,0.474925,0.6540875,-4.9500003,-26.75625,-12.6,walking
421290631618266,-1.44,1.3600501,6.9550505,0.8908625,0.214775,0.6846125,-5.0437503,-26.94375,-12.4875,walking
421290651616765,-0.89100003,2.11905,5.8560004,0.547525,-0.1236125,0.5588,-5.4375,-26.85,-12.88125,walking
421290671611598,-0.40995002,2.32005,6.5449505,0.20185,-0.3289,0.3609375,-4.9500003,-26.94375,-12.7875,walking
421290691615226,-0.36705002,1.9249501,8.25195,0.02475,-0.27513748,0.20693749,-4.9500003,-27.150002,-12.6,walking
421290711614383,-0.68505,1.4820001,9.402,0.0185625,-0.1078,0.14093749,-4.8562503,-27.150002,-12.88125,walking
421290731609835,-1.095,1.2210001,9.804001,0.099275,0.00825,0.1714625,-5.34375,-27.150002,-12.39375,walking
421290751613951,-1.3099501,1.2070501,9.639001,0.20185,0.0572,0.230175,-5.34375,-27.337502,-12.39375,walking
421290771613117,-1.4299501,1.3909501,9.082951,0.2360875,0.0572,0.3034625,-5.25,-27.431252,-12.7875,walking
421290791618579,-1.2550501,1.6980001,8.755051,0.215325,0.06325,0.3487,-5.0437503,-27.150002,-11.90625,walking
421290811619890,-1.02795,2.02605,8.700001,0.2030875,0.0792,0.3609375,-4.7625003,-27.525002,-12.4875,walking
421290831616518,-0.77400005,2.32695,8.57295,0.177375,0.060775,0.351175,-4.9500003,-27.91875,-12.4875,walking
421290851621039,-0.58500004,2.5860002,8.82195,0.1860375,0.0510125,0.3194125,-5.25,-27.6375,-12.39375,walking
421290871620543,-0.46005002,2.7850502,9.078,0.2556125,0.052249998,0.274175,-4.8562503,-27.91875,-12.4875,walking
421290891616048,-0.46305,2.9860501,8.911051,0.292325,0.0290125,0.22165,-4.4625,-27.73125,-12.1125,walking
421290911619476,-0.54405004,3.14595,8.917951,0.28861248,0.03025,0.1934625,-4.7625003,-28.218752,-12.7875,walking
421290931618220,-0.44400004,3.28305,8.953951,0.28985,0.0485375,0.1604625,-3.9750001,-28.0125,-12.39375,walking
421290951613433,-0.26205,3.5340002,8.808001,0.282425,-0.0100375,0.0884125,-4.55625,-28.612501,-12.39375,walking
421290971617102,-0.16395001,3.8839502,8.700001,0.2226125,-0.099275,-0.0226875,-3.9750001,-28.125002,-12.975,walking
421290991616117,0.00795,4.0630503,8.88405,0.088275,-0.1920875,-0.166925,-3.1875002,-28.218752,-13.087501,walking
421291011622311,0.26595002,3.9820502,9.517051,-0.07425,-0.2506625,-0.3097875,-2.60625,-28.500002,-13.668751,walking
421291031623336,0.32205,3.4690502,10.73805,-0.1560625,-0.215325,-0.40755,-3.0,-28.312502,-13.668751,walking
421291051619872,0.10095,3.0550501,12.02295,-0.0974875,-0.0748,-0.4148375,-2.325,-28.800001,-13.575001,walking
421291071624194,-0.025050001,2.87805,12.339001,0.050325,0.098725,-0.3757875,-2.2125,-29.1,-12.39375,walking
421291091623335,0.25905,3.0619502,10.989,0.06985,0.0242,-0.4038375,-1.9312501,-29.38125,-12.20625,walking
421291111618786,0.79995006,3.4000502,9.651,-0.164725,-0.3166625,-0.5798375,-0.95625,-29.98125,-12.0,walking
421291131611366,1.164,2.9280002,10.1629505,-0.47134998,-0.649,-0.7887,-0.84375006,-29.868752,-11.8125,walking
421291151612309,0.87705004,1.71405,12.042001,-0.545875,-0.767525,-0.8204625,-0.075,-29.775002,-11.90625,walking
421291171609191,0.56100005,0.73005,14.290951,-0.1683,-0.53295,-0.6628875,0.31875002,-30.075,-11.71875,walking
421291191613902,0.81495005,0.32595003,14.736001,0.4571875,-0.0320375,-0.4675,0.99375004,-30.35625,-11.418751,walking
421291211613890,1.31805,0.76605004,11.962951,0.8811,0.225775,-0.40507498,1.7812501,-29.98125,-12.1125,walking
421291231621185,1.626,1.401,8.602051,0.8762875,0.1450625,-0.4772625,1.7812501,-30.16875,-11.512501,walking
421291251622725,1.69095,1.9990501,6.70305,0.596475,-0.0845625,-0.6323625,2.7562501,-30.656252,-11.418751,walking
421291271619783,1.5259501,2.3440502,6.2790003,0.25685,-0.4291375,-0.8424625,3.825,-30.35625,-11.71875,walking
421291291624674,1.34895,2.1090002,7.4479504,0.050325,-0.662475,-1.0099375,4.33125,-30.2625,-11.325001,walking
421291311624661,1.2360001,1.9849501,9.04695,-0.004675,-0.635525,-1.1479875,4.33125,-30.2625,-11.231251,walking
421291331620119,0.94395006,1.79295,10.1959505,0.058849998,-0.3460875,-1.2370875,5.4,-30.468752,-10.931251,walking
421291351623757,0.18705001,1.52505,9.93795,0.111375,-0.09185,-1.1895125,5.5875,-30.468752,-10.837501,walking
421291371622384,-0.37905002,1.45305,9.62205,0.19085,0.087725,-1.039225,5.8875003,-30.562502,-11.418751,walking
421291391617450,-0.49605003,1.7809501,9.174001,0.3276625,0.14025,-0.8729875,6.675,-30.2625,-11.325001,walking
421291411620581,-0.38895002,2.4540002,8.142,0.38747498,0.027775,-0.7764625,7.4437504,-30.16875,-11.71875,walking
421291431618803,-0.14205001,2.9550002,7.6129503,0.3777125,-0.149325,-0.736175,8.137501,-30.2625,-11.71875,walking
421291451625247,0.17295001,3.3709502,7.7730002,0.3411375,-0.2226125,-0.75941247,7.4437504,-30.2625,-11.625,walking
421291471583306,0.18495001,3.6990001,7.6870503,0.24585,-0.2165625,-0.807125,8.025001,-29.868752,-11.625,walking
421291491589228,0.03705,3.6439502,7.7539506,0.116325,-0.1480875,-0.82665,7.93125,-29.587502,-12.20625,walking
421291511601992,-0.058050003,3.59205,7.7899504,-0.0510125,-0.0369875,-0.818125,8.325001,-29.493752,-12.39375,walking
421291531608768,-0.025050001,3.6180003,7.7260504,-0.2123,-0.0930875,-0.830225,9.1125,-29.2875,-12.3,walking
421291551610306,-0.18300001,3.4669502,8.535001,-0.2270125,-0.2079,-0.83765,8.90625,-29.681252,-12.6,walking
421291571618239,-0.67095006,3.2640002,9.2029505,-0.14025,-0.265375,-0.7789375,8.625,-29.775002,-11.90625,walking
421291591620028,-1.2940501,3.2680502,9.25605,-0.0840125,-0.30085,-0.647075,9.01875,-29.775002,-12.6,walking
421291611617788,-1.4130001,3.5440502,9.46395,-0.0705375,-0.2836625,-0.5553625,8.625,-29.2875,-12.88125,walking
421291631622576,-1.8079501,3.594,9.37005,-0.165825,-0.088275,-0.4137375,8.325001,-29.38125,-13.275001,walking
421291651622320,-1.9540501,3.55605,9.045,-0.33935,0.0339625,-0.19745,8.71875,-29.38125,-12.69375,walking
421291671617588,-1.46595,3.82905,9.63405,-0.3675375,0.0254375,-0.0996875,8.8125,-29.775002,-12.7875,walking
421291691621003,-1.368,4.1329503,10.57695,-0.2184875,0.0155375,-0.078925,8.53125,-29.587502,-12.6,walking
421291711619760,-1.674,4.281,10.824,-0.01925,0.0424875,-0.054449998,8.418751,-29.868752,-12.69375,walking
421291731614465,-2.1000001,4.0680003,9.936001,0.0270875,-0.0528,0.020075,8.137501,-30.2625,-12.0,walking
421291751617649,-2.05695,3.9120002,9.250951,-0.1304875,-0.24213749,0.0726,7.93125,-30.2625,-12.3,walking
421291771614834,-1.62195,3.5770502,9.828,-0.336875,-0.36685,0.0603625,7.5375004,-30.468752,-12.0,walking
421291791620919,-1.28205,2.9260502,11.286,-0.3980625,-0.298375,0.043175,7.74375,-30.562502,-11.90625,walking
421291811621502,-1.5310501,2.2339501,12.792001,-0.203775,0.0339625,0.1654125,7.4437504,-30.468752,-12.3,walking
421291831617986,-1.7220001,1.7860501,12.981001,0.2165625,0.4736875,0.3829375,7.3500004,-30.562502,-11.90625,walking
421291851622186,-1.95,2.08305,10.666051,0.5292375,0.5592125,0.5355625,6.8625,-30.843752,-12.1125,walking
421291871621365,-1.9020001,2.634,8.23305,0.535425,0.3051125,0.594275,6.8625,-30.843752,-11.625,walking
421291891616726,-1.77495,3.177,7.3330503,0.3546125,0.0229625,0.534325,6.675,-30.843752,-12.0,walking
421291911619996,-1.5190501,3.18495,7.6060505,0.193325,-0.17985,0.423225,7.2562504,-31.050001,-11.8125,walking
421291931617543,-1.3920001,2.67,8.269051,0.0858,-0.232375,0.3694625,6.1687503,-30.956251,-12.4875,walking
421291951613247,-1.2100501,2.26305,8.75805,-0.027775,-0.182325,0.3584625,6.1687503,-31.143751,-12.3,walking
421291971617166,-1.1329501,2.12895,9.505051,-0.0682,-0.0185625,0.3487,5.68125,-31.237501,-12.3,walking
421291991616109,-1.284,1.88205,9.75405,-0.0132,0.164725,0.38775,5.5875,-31.143751,-12.3,walking
421292011611003,-1.473,1.8840001,9.2029505,0.0600875,0.2380125,0.46475,5.30625,-31.050001,-12.3,walking
421292031614642,-1.353,2.1769502,8.470051,0.0785125,0.209825,0.5099875,5.49375,-31.35,-12.20625,walking
421292051613633,-1.2030001,2.505,8.146951,0.0650375,0.1683,0.51975,5.1937504,-31.050001,-12.4875,walking
421292071619912,-0.93705004,2.835,7.9170003,0.0185625,0.10725,0.473275,5.1000004,-31.35,-12.20625,walking
421292091620744,-0.95400006,2.98095,7.8880506,-0.0510125,0.0449625,0.418275,5.30625,-31.143751,-12.39375,walking
421292111617254,-1.1740501,3.00495,8.17305,-0.126775,-0.0100375,0.4134625,4.9125004,-30.956251,-12.3,walking
421292131621264,-1.3270501,3.0289502,8.944051,-0.13653749,0.0290125,0.4585625,4.8187504,-31.35,-12.1125,walking
421292151620506,-1.1520001,3.0649502,9.406051,-0.087725,0.1023,0.4940375,4.70625,-31.44375,-12.7875,walking
421292171615477,-0.915,3.39,9.28905,-0.0682,0.1035375,0.47575,4.6125,-31.35,-12.88125,walking
421292191618902,-0.69705003,3.5719502,9.283951,-0.0754875,0.091299996,0.4195125,4.51875,-32.025,-12.7875,walking
421292211617892,-0.78795004,3.6150002,9.423,-0.0804375,0.0669625,0.379225,4.33125,-31.63125,-12.6,walking
421292231612660,-0.86505,3.58905,9.780001,-0.0595375,0.093775,0.351175,4.425,-31.35,-12.7875,walking
421292251616083,-1.0519501,3.489,9.77505,-0.0449625,0.1463,0.37193748,4.51875,-31.237501,-13.181251,walking
421292271614810,-1.1190001,3.5460002,9.63105,-0.0474375,0.1414875,0.4024625,4.51875,-31.44375,-12.88125,walking
421292291621580,-0.90300006,3.6319501,9.67695,-0.03025,0.093775,0.39627498,4.425,-31.5375,-12.975,walking
421292311622438,-0.70905006,3.6750002,9.531,-0.0400125,0.004675,0.35475,4.03125,-31.5375,-12.88125,walking
421292331619080,-0.58500004,3.8239503,9.76305,-0.054725,-0.04675,0.28393748,3.9375002,-31.725,-12.88125,walking
421292351623702,-0.55395,3.65895,9.99495,-0.03025,-0.087037496,0.225225,3.54375,-32.025,-11.90625,walking
421292371622819,-0.53205,3.5479503,9.909,-0.026675,-0.1395625,0.18493749,3.54375,-31.725,-12.3,walking
421292391618119,-0.252,3.4620001,9.282001,-0.1695375,-0.2690875,0.109175,3.6375,-31.5375,-13.087501,walking
421292411621571,0.13005,3.1200001,9.574051,-0.3663,-0.3619,0.009075,4.21875,-31.5375,-13.181251,walking
421292431631341,0.33795002,2.38995,10.663051,-0.4065875,-0.309375,-0.050875,4.125,-31.63125,-13.968751,walking
421292451623131,-0.043950003,1.6020001,11.71395,-0.2135375,-0.132275,0.0188375,4.6125,-30.843752,-13.968751,walking
421292471623397,-0.37395,1.08,11.602051,0.132275,0.0925375,0.2167,4.33125,-30.656252,-14.7375,walking
421292491620115,-0.33105,1.41495,10.1629505,0.442475,0.1439625,0.3840375,4.425,-30.35625,-15.712501,walking
421292511612921,-0.034050003,2.22195,8.058001,0.497475,-0.098037496,0.3535125,4.51875,-30.35625,-16.10625,walking
421292531614875,0.192,2.80905,6.9280505,0.2836625,-0.3361875,0.1984125,4.8187504,-30.16875,-16.0125,walking
421292551612693,0.34800002,2.9590502,7.08405,-0.0449625,-0.3777125,-0.017875,4.8187504,-29.587502,-17.175001,walking
421292571618617,0.231,2.5090501,7.7089505,-0.3711125,-0.271425,-0.205975,4.70625,-29.38125,-17.175001,walking
421292591619965,-0.39105,2.0689502,8.41005,-0.6276875,-0.12979999,-0.271975,5.0062504,-29.19375,-17.175001,walking
421292611616411,-0.84300005,1.6380001,9.18795,-0.760925,0.08525,-0.2512125,4.70625,-29.1,-17.6625,walking
421292631620888,-1.215,1.3600501,9.34395,-0.8635,0.3784,-0.150975,5.1000004,-28.800001,-18.75,walking
421292651620355,-1.45395,1.3050001,8.997001,-0.9185,0.54835,-0.0044,4.9125004,-27.6375,-18.65625,walking
421292671615739,-1.3080001,1.4650501,8.2879505,-1.0247875,0.6204,0.0726,4.8187504,-27.825,-18.9375,walking
421292691619611,-1.4130001,1.4940001,8.149051,-1.1103125,0.7425,0.2008875,4.8187504,-27.825,-19.63125,walking
421292711618370,-1.8010501,1.6999501,8.24505,-1.1248875,0.8597875,0.3707,4.03125,-27.73125,-19.9125,walking
421292731613636,-1.6290001,1.743,8.145,-1.115125,0.865975,0.4769875,3.825,-27.73125,-19.63125,walking
421292751639517,-1.38195,1.9780501,8.19705,-1.021075,0.716925,0.506275,3.05625,-27.91875,-19.63125,walking
421292771601544,-1.23405,2.31795,8.305051,-0.9367875,0.4224,0.43175,3.05625,-27.431252,-19.9125,walking
421292791609980,-1.212,2.2440002,9.02805,-0.9147875,0.330825,0.32793748,2.4750001,-28.218752,-19.03125,walking
421292811612975,-1.5280501,1.6980001,10.10805,-0.94159997,0.58245,0.296175,2.1750002,-28.125002,-19.518751,walking
421292831611639,-2.184,1.434,10.25205,-1.0528375,0.872025,0.390225,1.9875001,-28.312502,-19.237501,walking
421292851618104,-3.1590002,0.56805,10.186951,-1.1188375,0.9417375,0.7481375,1.5937501,-28.312502,-19.518751,walking
421292871618546,-2.7589502,1.21395,10.74705,-1.005125,0.933075,0.93995,1.3875,-28.125002,-19.331251,walking
421292891614697,-2.3760002,1.5850501,10.27995,-0.7865,0.667975,0.898425,1.10625,-27.825,-20.118752,walking
421292911619362,-2.49105,1.7530501,10.15305,-0.5446375,0.1964875,0.86185,1.10625,-27.525002,-20.306252,walking
421292931618753,-2.2350001,1.7890501,10.383,-0.22453749,-0.2286625,0.8129,0.71250004,-27.91875,-20.00625,walking
421292951614109,-2.2369502,2.11905,10.632001,0.105325,-0.5047625,0.683375,-0.26250002,-28.125002,-20.118752,walking
421292971617644,-2.4019501,2.0040002,11.082001,0.237325,-0.495,0.512325,-0.65625,-28.125002,-19.63125,walking
421292991616785,-2.7160501,1.353,11.133,0.188375,-0.249425,0.4879875,-1.8375001,-28.500002,-19.143751,walking
421293011623364,-3.1950002,0.79305005,10.884001,0.0638,0.0779625,0.6235625,-2.025,-28.893751,-18.54375,walking
421293031624098,-2.97405,0.381,10.683001,-0.076725,0.462825,0.765325,-2.90625,-28.500002,-18.35625,walking
421293051620641,-2.982,0.89805007,10.180051,-0.2550625,0.545875,0.81785,-3.3937502,-28.500002,-18.54375,walking
421293071623903,-3.006,1.6710001,10.339951,-0.4371125,0.463925,0.804375,-4.55625,-28.893751,-17.962502,walking
421293091623546,-3.08205,1.67595,10.75695,-0.5251125,0.2941125,0.6540875,-5.0437503,-28.706251,-17.6625,walking
421293111618764,-2.8590002,0.82095003,11.248051,-0.4016375,0.010725,0.4354625,-6.4125004,-28.893751,-17.962502,walking
421293131621920,-3.3120003,0.060000002,11.626051,-0.1280125,-0.3911875,0.3474625,-7.8750005,-28.125002,-17.2875,walking
421293151620263,-3.86505,-1.03995,12.31305,0.282425,-0.7467625,0.45374998,-8.475,-28.312502,-17.2875,walking
421293171614909,-4.5040503,-1.866,12.567,0.66605,-0.5451875,0.88495,-9.150001,-28.0125,-16.987501,walking
421293191618087,-4.1950502,-1.524,12.454051,0.82005,0.6081625,1.6253875,-9.637501,-27.825,-16.6875,walking
421293211616733,-2.6149502,0.381,11.082001,0.6868125,1.8250375,2.101825,-10.425,-28.125002,-16.10625,walking
421293231610366,-2.115,1.91805,7.8570004,0.298375,1.32165,2.1250625,-10.9125,-28.500002,-15.0375,walking
421293251614309,-2.56305,2.49705,8.746051,0.3141875,0.6985,1.5019125,-10.9125,-29.00625,-13.968751,walking
421293271613805,-3.73095,1.1730001,9.29895,0.668525,0.25753748,1.400575,-10.81875,-29.19375,-13.368751,walking
421293291620002,-4.392,-0.73905003,9.106951,0.717475,0.0352,1.566675,-10.9125,-29.681252,-13.368751,walking
421293311620847,-4.224,-0.57600003,8.875051,0.5146625,-0.1456125,1.8305374,-10.51875,-29.493752,-13.368751,walking
421293331617385,-2.8279502,0.19905001,9.77295,0.386375,-0.2616625,1.809775,-11.00625,-29.38125,-14.343751,walking
421293351621975,-1.33905,1.29795,11.02305,0.2690875,0.113299996,1.47015,-10.33125,-29.38125,-13.856251,walking
421293371621544,-2.3449502,-0.09900001,9.61695,0.15413749,-0.0198,1.5631,-9.84375,-29.681252,-13.575001,walking
421293391617120,-1.1400001,1.9969501,10.981951,0.2910875,0.18425,1.511675,-9.9375,-29.681252,-13.762501,walking
421293411620698,-0.120000005,3.45495,9.5140505,0.5157625,-0.419375,0.9889,-9.731251,-29.681252,-14.64375,walking
421293431619071,1.03695,3.7540503,9.018001,0.9238625,-1.2232,0.241175,-9.84375,-29.2875,-14.94375,walking
421293451614324,0.17805001,3.117,9.46395,1.22815,-1.4675375,-0.278025,-10.33125,-28.406252,-15.431251,walking
421293471617575,-1.15005,2.256,9.660001,1.2782,-1.0814375,-0.4137375,-10.51875,-28.218752,-15.525001,walking
421293491615895,-2.2420502,1.7170501,9.184051,1.0594375,-0.1310375,-0.245025,-10.51875,-28.218752,-16.29375,walking
421293511622023,-2.02605,2.766,6.9570003,0.4107125,0.7412625,-0.061875,-10.51875,-27.525002,-16.59375,walking
421293531622705,-1.53795,3.7020001,6.9280505,-0.0534875,1.2934625,0.020075,-10.725,-27.91875,-16.29375,walking
421293551618964,-1.6480501,4.4749503,7.4220004,-0.0352,1.0173625,0.0114124995,-10.33125,-28.0125,-15.431251,walking
421293571623507,-0.79995006,3.8050501,7.5679502,0.2556125,0.2783,-0.0556875,-10.81875,-28.406252,-14.94375,walking
421293591622923,0.12795001,2.3419502,7.2730503,0.21285,-0.0968,-0.30745,-11.1,-28.406252,-14.250001,walking
421293611618272,-0.07305,2.70105,6.45195,-0.25025,-0.0210375,-0.609125,-10.81875,-28.500002,-14.45625,walking
421293631621770,-2.5120502,3.2590501,5.2590003,-1.0626,-0.64405,-0.6996,-11.00625,-28.612501,-14.83125,walking
421293651620909,-3.58995,1.5280501,9.373051,-1.3399374,-0.6612375,-0.1144,-10.6125,-28.312502,-14.55,walking
421293671615725,-3.93495,2.1769502,11.50905,-1.31065,-0.066275,0.3817,-10.33125,-28.500002,-15.525001,walking
421293691618888,-1.03005,1.6860001,11.170951,-1.2276,0.0144375,0.25575,-9.731251,-28.612501,-15.225,walking
421293711617591,-0.20400001,1.60695,11.944051,-0.9307375,-0.1530375,-0.0386375,-9.731251,-28.312502,-15.31875,walking
421293731623770,-0.64500004,1.4100001,13.290001,-0.347875,-0.2385625,-0.2047375,-9.637501,-28.612501,-15.806251,walking
421293751624422,-0.74805003,0.68205005,13.419001,0.3839,-0.28985,-0.1804,-9.450001,-28.500002,-15.618751,walking
421293771620244,-0.78795004,0.20595,12.559951,0.955625,-0.3386625,0.0103124995,-9.150001,-28.706251,-15.31875,walking
421293791624467,-0.666,0.8880001,10.969951,1.0594375,-0.210375,0.2057,-8.962501,-28.706251,-15.431251,walking
421293811623654,0.04095,2.00895,8.913,0.8493375,-0.2311375,0.1348875,-8.56875,-28.612501,-15.31875,walking
421293831618937,0.54405004,2.73,7.6849504,0.38995,-0.2739,-0.0581625,-8.868751,-28.612501,-15.525001,walking
421293851622508,0.72405005,2.93805,7.7419505,-0.0449625,-0.2506625,-0.30745,-7.8750005,-28.706251,-15.431251,walking
421293871621171,1.164,2.29395,8.089951,-0.4541625,-0.270325,-0.6263125,-7.6875005,-28.406252,-15.31875,walking
421293891616158,-0.55905,1.9900501,9.832951,-0.5324,-0.005225,-0.6336,-7.2000003,-28.706251,-15.525001,walking
421293911619933,-0.46800002,0.80205005,10.302,-0.4456375,0.0485375,-0.6006,-7.3875003,-28.612501,-15.431251,walking
421293931618756,-0.87900007,0.89805007,10.48095,-0.275825,0.0900625,-0.5443625,-7.7812505,-29.1,-15.431251,walking
421293951613820,-0.87900007,0.90495,10.35,-0.0792,0.126775,-0.460075,-7.9875,-28.893751,-15.712501,walking
421293971617317,-0.88395005,1.0510501,9.780001,0.0710875,0.18425,-0.3757875,-7.8750005,-29.1,-15.13125,walking
421293991616337,-0.93195003,1.51995,8.961,0.13585,0.2160125,-0.29645,-7.9875,-29.2875,-14.45625,walking
421294011611310,-0.726,1.9590001,8.0460005,0.0968,0.2220625,-0.2572625,-7.9875,-29.587502,-14.250001,walking
421294031614900,-0.94200003,2.25795,7.524,0.0185625,0.1610125,-0.2132625,-7.9875,-29.493752,-13.368751,walking
421294051647664,-0.59205,2.67705,7.5750003,-0.0620125,0.098725,-0.223025,-8.56875,-29.38125,-13.368751,walking
421294071614542,-0.22605,2.943,8.11305,-0.098725,0.07425,-0.3355,-8.6625,-29.2875,-13.575001,walking
421294091615135,-0.39105,2.6820002,9.11205,0.0100375,0.1500125,-0.42955,-9.150001,-29.38125,-13.181251,walking
421294111612094,-0.97305006,2.4160502,9.32505,0.1810875,0.22825,-0.4368375,-9.243751,-29.493752,-13.087501,walking
421294131616941,-1.42095,2.49495,8.83395,0.3031875,0.0950125,-0.4015,-9.356251,-29.681252,-12.69375,walking
421294151616830,-1.84905,2.5399501,8.590051,0.3361875,-0.07975,-0.34155,-10.03125,-29.38125,-12.4875,walking
421294171612666,-2.1460502,2.5549502,8.68305,0.276375,-0.1628,-0.2426875,-11.00625,-29.1,-12.20625,walking
421294191616760,-2.1079502,2.634,8.985001,0.19813749,-0.2531375,-0.150975,-11.793751,-29.587502,-11.418751,walking
421294211617544,-1.9759501,2.5549502,10.09605,0.309375,-0.3986125,-0.0556875,-11.887501,-29.775002,-10.14375,walking
421294231613148,-1.9279501,2.742,10.90305,0.5647125,-0.59894997,-0.0532125,-12.562501,-29.775002,-9.5625,walking
421294251616660,-1.81305,2.4109502,11.51595,0.8212875,-0.68805,0.01265,-12.675,-29.681252,-8.887501,walking
421294271615500,-1.9420501,2.53095,11.566051,0.8908625,-0.5487625,0.1617,-12.562501,-29.775002,-8.400001,walking
421294291621556,-1.7700001,2.77005,11.22795,0.8017625,-0.21285,0.2789875,-12.8625,-29.868752,-7.8,walking
421294311622677,-2.0719502,3.28695,10.222951,0.5402375,-0.016224999,0.3315125,-13.556251,-29.587502,-7.6125,walking
421294331619198,-2.32305,3.5080502,9.724951,0.2116125,-0.17379999,0.37193748,-13.837501,-29.493752,-6.9187503,walking
421294351623036,-1.9470001,2.7630002,12.49005,0.2396625,-0.0600875,0.4635125,-13.837501,-29.19375,-6.9187503,walking
421294371621105,-1.8870001,1.6789501,14.21205,0.58795,0.2013,0.7225625,-14.625001,-29.00625,-6.3375,walking
421294391616506,-1.9879501,1.9950001,14.329051,1.1523875,0.29535,1.034,-15.1125,-29.00625,-5.8500004,walking
421294411619755,-0.609,1.863,12.555,1.5970625,0.35035,1.130525,-15.993751,-29.1,-4.2000003,walking
421294431618295,-0.549,2.73195,9.5449505,1.733875,0.3443,1.0572375,-16.181252,-29.19375,-3.80625,walking
421294451613404,-0.36705002,3.6010501,8.073,1.6313,0.3075875,0.8581375,-16.875,-29.00625,-2.53125,walking
421294471616919,-0.33105,4.248,7.2949505,1.3514875,0.2343,0.699325,-16.48125,-28.612501,-0.4875,walking
421294491615376,-0.47700003,4.6189504,7.1200504,0.9568625,0.016775,0.5135625,-16.875,-28.500002,0.09375,walking
421294511610430,-0.35700002,4.20195,8.403001,0.693,-0.17613749,0.3584625,-16.3875,-28.406252,0.69375,walking
421294531613290,-0.915,3.381,9.559951,0.4852375,-0.193325,0.4965125,-16.96875,-28.312502,1.2750001,walking
421294551612724,-0.98700005,2.8230002,10.944,0.5072375,0.060775,0.57475,-16.181252,-28.500002,1.7625,walking
421294571619225,-0.855,2.5740001,11.24295,0.767525,0.24653749,0.633325,-16.087502,-28.500002,2.6437502,walking
421294591620835,-0.89100003,2.505,10.80195,1.1534874,0.2721125,0.7018,-15.6,-28.800001,3.0375001,walking
421294611617509,-0.89400005,2.8660502,9.385051,1.4712499,0.1463,0.6846125,-15.6,-28.800001,4.0125003,walking
421294631622077,-1.1040001,3.3090003,7.8310504,1.6165875,-0.17613749,0.699325,-14.718751,-28.800001,4.5,walking
421294651621459,-1.02795,3.3330002,7.6080003,1.67035,-0.43147498,0.84095,-14.718751,-29.1,4.1062503,walking
421294671616862,-0.71205,3.72795,7.6110005,1.71435,-0.491425,0.93995,-13.931251,-29.1,5.26875,walking
421294691620365,-0.010050001,4.71705,6.8209505,1.683825,-0.5927625,0.87395,-13.556251,-29.493752,5.86875,walking
421294711619024,0.72900003,5.9209504,5.7769504,1.5640625,-0.68076247,0.639375,-12.675,-29.775002,6.3562503,walking
421294731613524,1.1329501,6.8089504,4.491,1.2659625,-0.828575,0.340175,-11.493751,-30.075,6.5437503,walking
421294751616547,0.702,6.9649506,4.275,0.9593375,-1.0558625,0.1287,-10.725,-30.562502,6.9375005,walking
421294771614725,-0.027,6.7639503,4.8450003,0.6747125,-1.1743875,0.004125,-10.6125,-30.656252,7.33125,walking
421294791620518,-0.171,6.5560503,5.65005,0.4107125,-1.2379125,-0.06545,-9.056251,-31.050001,7.1250005,walking
421294811621092,0.19500001,7.2000003,6.5209503,0.353375,-1.3967249,-0.2132625,-8.475,-31.143751,7.6125,walking
421294831617642,0.19695,7.0579505,7.038,0.3386625,-1.4430625,-0.3232625,-7.6875005,-31.63125,7.7250004,walking
421294851621936,0.23505001,6.9580503,7.0459504,0.282425,-1.4565375,-0.3697375,-6.80625,-31.44375,7.51875,walking
421294871620932,0.41505003,6.9889503,7.3759503,0.248325,-1.4223,-0.40507498,-5.4375,-31.44375,7.33125,walking
421294891616561,0.56805,6.9630003,7.6819506,0.2580875,-1.336775,-0.4112625,-4.6687503,-32.2125,7.33125,walking
421294911620177,1.0020001,7.4220004,7.2349505,0.2690875,-1.3575375,-0.4857875,-3.0937502,-32.325,6.6375003,walking
421294931618949,1.5690001,8.233951,6.306,0.2116125,-1.5505875,-0.6446,-2.11875,-32.11875,7.0312505,walking
421294951613963,1.84905,8.514,6.08505,0.0955625,-1.761925,-0.80465,-0.84375006,-32.7,6.9375005,walking
421294971617190,1.9879501,8.493,6.4830003,-0.052249998,-1.8572125,-0.934175,0.01875,-32.60625,5.9625,walking
421294991615987,1.8420001,7.7530503,6.8230505,-0.192775,-1.80345,-0.97075,1.5937501,-32.8125,6.3562503,walking
421295011622289,2.22705,7.2670503,7.4449506,-0.2050125,-1.656875,-0.9939875,2.2687502,-32.7,6.2625003,walking
421295031623221,2.196,7.1020503,7.3309503,-0.19525,-1.4760625,-1.0074625,4.33125,-32.60625,6.5437503,walking
421295051619593,2.0689502,7.05105,7.1050506,-0.1549625,-1.4455374,-0.9939875,5.4,-33.0,5.9625,walking
421295071623507,2.4,7.3980002,6.7200003,-0.0815375,-1.5835875,-1.017225,6.8625,-32.7,5.4750004,walking
421295091622503,2.4720001,7.5450006,6.3229504,-0.164725,-1.6935875,-0.95975,7.8375,-32.8125,4.9875,walking
421295111617899,2.9269502,7.8100505,6.9139504,-0.2270125,-1.347775,-1.1565125,9.1125,-32.325,4.2937503,walking
421295131620997,2.4049501,7.3669505,6.70305,-0.3576375,-1.1011,-1.2225125,10.087501,-31.931252,4.1062503,walking
421295151619363,2.3779502,7.59,7.05,-0.4200625,-1.016675,-1.2505625,11.55,-31.5375,3.43125,walking
421295171614583,2.5770001,7.7959504,7.2130504,-0.3491125,-1.1046749,-1.37885,12.13125,-31.5375,3.61875,walking
421295191618341,2.6250002,7.7719502,7.386,-0.25025,-1.1584375,-1.5316125,13.8,-31.143751,2.8312502,walking
421295211617200,2.53905,7.49205,7.089,-0.2184875,-1.1193875,-1.661,14.868751,-30.843752,2.5500002,walking
421295231612255,2.364,7.1350503,6.63105,-0.2440625,-1.0423875,-1.7587625,16.331251,-29.868752,1.1812501,walking
421295251615441,1.8730501,6.7500005,6.39195,-0.2941125,-0.97515,-1.7734749,16.81875,-29.587502,0.975,walking
421295271614196,1.50195,6.5560503,6.3250504,-0.3235375,-0.955625,-1.751475,18.28125,-29.00625,-0.4875,walking
421295291620753,1.26195,6.6900005,6.1410003,-0.3345375,-1.0461,-1.73195,19.25625,-28.612501,-1.4625001,walking
421295311622064,1.2270001,6.87195,5.9490004,-0.36135,-1.1914375,-1.73195,19.95,-27.337502,-3.5062501,walking
421295331618560,1.26195,6.8650503,5.7070503,-0.48839998,-1.2744875,-1.729475,21.225,-26.175001,-4.78125,walking
421295351657023,0.94395006,6.4459505,6.4729505,-0.5812125,-1.26225,-1.663475,21.806252,-25.48125,-6.43125,walking
421295371639350,0.66195005,6.084,7.4100003,-0.540925,-1.1939125,-1.5644749,22.875,-24.69375,-7.70625,walking
421295391629097,0.73800004,6.04605,7.6489506,-0.3980625,-1.31725,-1.4997125,22.78125,-24.31875,-8.681251,walking
421295411628537,0.82395005,6.1410003,7.4670005,-0.25135,-1.5140125,-1.453375,23.175001,-23.23125,-10.05,walking
421295431624064,1.131,6.405,6.9090004,-0.2000625,-1.7716875,-1.4411374,23.362501,-22.35,-11.231251,walking
421295451616245,1.3750501,6.23505,6.9040504,-0.20253749,-1.9537375,-1.4471875,23.456251,-21.375,-11.625,walking
421295471617727,1.488,5.9280005,7.1509504,-0.2270125,-1.9855,-1.4484249,23.456251,-20.60625,-13.275001,walking
421295491615108,1.5589501,5.7580504,6.9910502,-0.2941125,-1.8964,-1.470425,24.056252,-19.425001,-14.45625,walking
421295511619690,1.389,5.9380503,6.663,-0.4285875,-1.860925,-1.4961375,24.431252,-18.35625,-14.83125,walking
421295531620528,1.3249501,6.1990504,6.3970504,-0.5471125,-1.95745,-1.5437125,24.73125,-16.987501,-15.618751,walking
421295551617417,1.2910501,6.51,5.95095,-0.7132125,-2.1700249,-1.62195,25.125002,-16.29375,-15.806251,walking
421295571622431,1.23405,6.675,5.7670503,-0.9367875,-2.4338875,-1.7037625,24.91875,-15.13125,-17.38125,walking
421295591621957,1.3770001,6.4690504,6.3799505,-1.2056,-2.48765,-1.784475,25.031252,-14.83125,-18.150002,walking
421295611617410,1.1329501,5.6080503,6.945,-1.4817,-2.3508375,-1.7722375,25.031252,-13.462501,-18.45,walking
421295631621188,0.62805,4.875,8.154,-1.5635124,-2.08945,-1.5987124,24.91875,-12.88125,-18.54375,walking
421295651619982,0.9580501,4.8679504,9.05895,-1.3459874,-1.9696875,-1.4801875,24.73125,-11.606251,-19.725,walking
421295671613931,0.75705004,5.124,8.899051,-1.082125,-1.9647375,-1.3421375,25.031252,-11.512501,-19.9125,walking
421295691617586,0.54195005,5.8060503,7.8790503,-0.94159997,-1.9281625,-1.2871375,24.91875,-10.837501,-19.331251,walking
421295711616375,0.99705005,6.29895,7.42605,-0.9147875,-1.9281625,-1.2860374,25.800001,-10.14375,-19.9125,walking
421295731611531,1.12395,7.12095,7.5220504,-0.8573125,-1.8572125,-1.392325,25.706251,-9.168751,-19.725,walking
421295751615225,0.89100003,7.2910504,7.5750003,-0.86955,-1.6850625,-1.4826624,25.706251,-8.981251,-20.00625,walking
421295771614053,0.441,7.1640005,7.5679502,-0.9367875,-1.3880625,-1.514425,25.800001,-8.493751,-20.493752,walking
421295791620275,-0.03705,7.0150504,7.3879504,-1.03455,-1.0778625,-1.5046625,25.706251,-7.8,-19.725,walking
421295811621373,-0.56805,6.81195,7.4670005,-1.049125,-0.82981247,-1.453375,25.218752,-7.2187505,-20.79375,walking
421295831617861,-1.0129501,6.8880005,7.9410005,-0.90255,-0.7503375,-1.3629,25.612501,-7.1250005,-20.8875,walking
421295851622540,-1.296,7.4389505,7.8,-0.751025,-0.822525,-1.2700875,25.312502,-5.9437504,-21.487501,walking
421295871622126,-1.33905,8.212951,7.4620504,-0.69245,-1.0399125,-1.2346125,25.800001,-5.3625,-22.1625,walking
421295891617141,-1.2390001,8.45895,7.2730503,-0.7767375,-1.2464375,-1.2150875,25.518751,-4.6875,-22.462502,walking
421295911620954,-0.633,7.9800005,8.23305,-0.82555,-1.3099625,-1.2298,25.125002,-4.2000003,-22.556252,walking
421295931619495,-0.16605,7.1020503,9.768001,-0.667975,-1.1719126,-1.2188,24.54375,-3.5062501,-23.34375,walking
421295951614812,0.16605,6.288,10.371,-0.380875,-0.8591,-1.172325,25.125002,-2.8312502,-22.462502,walking
421295971618055,0.31005,5.9500504,9.883051,-0.115775,-0.4621375,-1.106325,24.6375,-1.95,-23.53125,walking
421295991616675,0.22095,5.99805,8.488951,0.0050875,-0.12979999,-1.012275,24.54375,-1.5562501,-23.4375,walking
421296011611286,0.19005,6.25395,7.0669503,0.0235125,0.0242,-0.9439375,23.6625,-0.88125,-24.6,walking
421296031614054,0.28095,6.6660004,5.9830503,-0.03025,-0.01375,-0.92675,23.6625,-0.675,-24.4125,walking
421296051612851,0.30705002,6.90495,5.6659503,-0.0950125,-0.2079,-0.94269997,22.875,0.3,-24.69375,walking
421296071618855,0.112950005,6.6730504,6.21705,-0.1145375,-0.34485,-0.912175,22.3875,0.7875,-25.48125,walking
421296091619722,0.034050003,6.5460005,6.6340504,-0.148775,-0.37661248,-0.8584125,21.806252,1.85625,-25.875002,walking
421296111615913,0.10395,6.5719504,6.9310503,-0.214775,-0.38995,-0.8058875,21.50625,2.5500002,-25.968752,walking
421296131620059,0.37395,6.8209505,7.2109504,-0.2855875,-0.4791875,-0.8034125,21.018751,3.7125,-26.268751,walking
421296151619779,0.56295,7.0080004,7.42395,-0.37235,-0.649,-0.83765,20.34375,4.40625,-26.268751,walking
421296171615626,0.786,6.939,8.097,-0.4261125,-0.75405,-0.88165,19.85625,5.08125,-26.94375,walking
421296191619565,1.0020001,6.5479503,9.0400505,-0.36987498,-0.729575,-0.91574997,19.368752,5.6625004,-27.0375,walking
421296211618508,0.98505,6.0430503,9.03495,-0.324775,-0.580525,-0.9109375,19.743752,6.05625,-26.268751,walking
421296231613397,1.0879501,5.79405,8.596951,-0.3540625,-0.414425,-0.8804125,18.975,6.05625,-26.6625,walking
421296251616705,1.164,5.8180504,7.8090005,-0.4175875,-0.34485,-0.8669375,18.581251,6.7500005,-27.150002,walking
421296271615321,1.2270001,5.63595,7.4809504,-0.4444,-0.414425,-0.8754625,17.7,7.2375,-26.94375,walking
421296291621529,1.215,5.1790504,7.5360003,-0.4041125,-0.5977125,-0.8657,17.5125,8.306251,-27.243752,walking
421296311622208,0.99705005,4.82205,8.085,-0.2783,-0.762575,-0.78265,16.9125,8.981251,-26.94375,walking
421296331629759,0.93195003,4.7380505,8.149051,-0.1854875,-0.8578625,-0.6824125,16.5375,10.25625,-27.150002,walking
421296351631224,0.92205006,5.0329504,7.4170504,-0.3100625,-0.9458625,-0.6078875,16.143751,11.043751,-27.337502,walking
421296371627685,1.15005,5.2699504,6.7630506,-0.7022125,-1.054625,-0.581075,16.237501,11.83125,-26.75625,walking
421296391620573,1.6810501,5.7780004,7.5150003,-1.12365,-1.2329625,-0.69107497,16.143751,12.20625,-27.150002,walking
421296411622288,2.16,5.0740504,9.77295,-1.275175,-1.286725,-0.846175,15.543751,12.4125,-26.85,walking
421296431619891,2.388,4.0080004,12.130951,-1.06755,-1.0692,-0.918225,15.656251,12.6,-27.337502,walking
421296451614138,2.2030501,3.144,12.483001,-0.7682125,-0.6612375,-0.9024125,15.168751,13.181251,-27.150002,walking
421296471617020,1.88505,2.8849502,11.133,-0.5666375,-0.32285,-0.84122497,15.450001,13.087501,-26.550001,walking
421296491615505,1.7920501,2.80395,9.98295,-0.39435,-0.1420375,-0.7948875,15.168751,13.181251,-26.85,walking
421296511621783,1.6699501,2.97105,8.99895,-0.1915375,-0.166375,-0.76065,15.356251,13.875001,-26.75625,walking
421296531622799,1.6309501,3.28305,8.002951,-0.052249998,-0.37661248,-0.76669997,15.356251,14.175,-26.85,walking
421296551619634,1.8199501,3.7470002,6.95205,-0.109725,-0.6367625,-0.8254125,14.868751,14.3625,-26.6625,walking
421296571623774,2.05305,4.12995,6.663,-0.3674,-0.773575,-0.9499875,14.962501,14.75625,-26.268751,walking
421296591623175,2.09295,4.2070503,6.9570003,-0.7082625,-0.806575,-1.0868,15.168751,15.431251,-26.062502,walking
421296611618710,2.02605,3.8410501,8.281051,-0.9636,-0.7137625,-1.16985,15.450001,15.825001,-26.175001,walking
421296631622255,1.8870001,3.2040002,9.574051,-1.032075,-0.5231875,-1.1895125,14.962501,15.825001,-26.75625,walking
421296651665900,1.5139501,2.73705,10.70895,-0.88673747,-0.271425,-1.1210375,14.962501,16.125,-26.362501,walking
421296671652394,1.1359501,2.39895,10.929001,-0.5984,-0.0455125,-0.95617497,14.681251,15.731251,-25.875002,walking
421296691645737,0.87495005,2.62905,10.20405,-0.324775,0.10725,-0.7679375,15.056251,15.431251,-26.062502,walking
421296711635887,0.91305006,3.22005,9.1380005,-0.1560625,0.153725,-0.62865,14.2875,15.525001,-26.062502,walking
421296731623840,1.3219501,3.795,8.158951,-0.093775,0.1170125,-0.58959997,14.681251,15.637501,-26.268751,walking
421296751621806,1.50705,4.1059504,7.8310504,-0.0644875,0.0620125,-0.6078875,15.056251,16.125,-25.66875,walking
421296771616782,1.38195,4.1470504,7.7520003,-0.071775,0.071775,-0.625075,14.08125,16.21875,-26.268751,walking
421296791620200,1.14795,4.12095,7.39305,-0.1793,0.08525,-0.6006,14.2875,16.612501,-25.48125,walking
421296811618837,1.26195,4.3770003,7.52895,-0.2855875,0.082775,-0.609125,13.8,17.19375,-25.48125,walking
421296831614833,1.284,4.4700003,7.965,-0.32587498,0.0792,-0.636075,14.2875,17.19375,-25.29375,walking
421296851619260,1.0999501,4.4440503,8.18505,-0.3601125,0.0730125,-0.6373125,14.08125,16.893751,-25.29375,walking
421296871618882,0.85305005,4.3390503,8.53695,-0.402875,0.15853749,-0.6018375,14.681251,16.706251,-25.087502,walking
421296891614586,0.702,4.21395,9.078,-0.4371125,0.2880625,-0.5187875,14.681251,16.3125,-25.181252,walking
421296911618554,0.61800003,4.27605,9.81795,-0.3735875,0.4431625,-0.4173125,15.656251,15.918751,-25.575,walking
421296931617484,0.53895,4.57305,9.78495,-0.2195875,0.4200625,-0.348975,15.843751,15.431251,-25.181252,walking
421296951613251,0.67095006,4.887,9.43305,-0.0424875,0.1793,-0.337975,15.843751,15.243751,-25.48125,walking
421296971615850,0.666,4.80105,9.34395,0.094325,-0.0270875,-0.3257375,16.050001,15.0375,-25.181252,walking
421296991615290,0.75195,4.6590004,9.4470005,0.160325,-0.094325,-0.289025,15.656251,14.3625,-25.66875,walking
421297011621427,0.78795004,4.61595,9.66705,0.1725625,-0.0295625,-0.26345,15.450001,14.6625,-25.48125,walking
421297031622330,0.77595,4.5880504,9.744,0.1175625,0.1012,-0.2316875,15.543751,15.150001,-25.66875,walking
421297051618868,0.71205,4.61205,9.66705,-9.625E-4,0.2563,-0.2072125,15.356251,15.431251,-25.181252,walking
421297071623155,0.49395,4.83405,9.049951,-0.2380125,0.2380125,-0.2121625,15.450001,15.731251,-25.181252,walking
421297091622125,0.36195,4.9279504,9.088051,-0.5286875,0.010725,-0.2682625,14.962501,15.825001,-24.993752,walking
421297111617498,0.27105,4.36305,10.536,-0.661925,-0.193325,-0.3135,15.168751,16.3125,-25.3875,walking
421297131621091,-0.03705,3.2989502,12.34395,-0.60445,-0.19085,-0.2512125,15.543751,16.5,-24.69375,walking
421297151620224,-0.22095,2.12595,13.419001,-0.3906375,0.0474375,-0.0581625,15.450001,16.5,-24.806252,walking
421297171615414,-0.156,1.7740501,12.67695,-0.1964875,0.286825,0.142175,15.843751,16.0125,-24.6,walking
421297191618962,-0.087000005,1.8199501,11.66205,-0.0339625,0.5091625,0.2899875,15.262501,16.0125,-24.4125,walking
421297211617732,-0.132,1.695,10.837951,0.177375,0.678975,0.4109875,15.262501,16.21875,-24.6,walking
421297231623856,-0.25005,1.8250501,9.76095,0.43395,0.67045,0.5160375,15.356251,16.125,-24.900002,walking
421297251624738,-0.36195,2.29395,8.061001,0.519475,0.5055875,0.5660875,15.168751,15.918751,-24.69375,walking
421297271621276,-0.35505003,2.8159502,6.68205,0.403425,0.203775,0.5330875,15.056251,15.825001,-24.69375,walking
421297291625362,-0.29295,3.2040002,6.4999504,0.21779999,-0.17379999,0.4354625,14.868751,16.0125,-24.69375,walking
421297311625053,-0.10605001,3.3640501,7.3039503,0.039325,-0.414425,0.2729375,14.2875,16.0125,-24.993752,walking
421297331619861,-0.07305,3.3090003,8.22795,-0.1353,-0.43395,0.1104125,14.475,15.918751,-25.087502,walking
421297351622868,-0.17505,2.907,8.80305,-0.3161125,-0.31185,0.0138875,14.08125,15.637501,-25.575,walking
421297371621356,-0.34995002,2.5480502,9.1380005,-0.4591125,-0.133375,4.125E-4,13.89375,15.637501,-25.3875,walking
421297391616206,0.01305,2.4180002,8.925,-0.578875,0.0059125,-0.0411125,13.593751,15.525001,-24.900002,walking
421297411619321,0.26895002,2.6149502,9.117001,-0.5996375,0.102437496,-0.1376375,13.70625,15.918751,-25.29375,walking
421297431617883,-0.08205,2.232,9.361051,-0.52635,0.115775,-0.1607375,12.825001,16.5,-25.181252,walking
421297451612509,-0.49905002,1.8010501,9.688951,-0.3906375,0.1573,-0.0446875,12.337501,17.00625,-24.993752,walking
421297471616094,-0.43605003,1.95105,9.777,-0.2220625,0.165825,0.0506,11.85,17.00625,-25.087502,walking
421297491615053,0.06795,2.43,9.64305,-0.038775,0.1109625,0.0518375,12.13125,16.612501,-25.29375,walking
421297511621705,0.34305,2.9569502,9.29895,0.072325,0.043725,-0.034925,11.55,16.5,-25.3875,walking
421297531622464,0.058050003,2.9209502,8.97105,0.0515625,0.0400125,-0.0801625,11.64375,16.40625,-25.875002,walking
421297551618741,-0.13995,2.8300502,8.961,-0.0290125,0.1280125,-0.07645,11.15625,16.3125,-25.875002,walking
421297571623278,-0.18705001,2.8920002,9.174001,-0.0314875,0.0754875,-0.0776875,10.181251,16.800001,-25.875002,walking
421297591623340,-0.16095,2.8249502,9.550051,0.05775,-0.033275,-0.0826375,9.69375,17.2875,-25.875002,walking
421297611618268,-0.094050005,2.94495,9.46605,0.1175625,-0.2055625,-0.1034,8.325001,18.16875,-25.66875,walking
421297631621656,0.20700002,2.87595,9.58395,0.132275,-0.3619,-0.1461625,7.93125,18.35625,-25.48125,walking
421297651631364,0.549,2.6910002,10.149,0.1420375,-0.4181375,-0.1925,7.1625004,18.65625,-25.575,walking
421297671623791,0.96300006,2.4810002,10.72305,0.1640375,-0.309375,-0.234025,6.76875,19.143751,-25.575,walking
421297691624811,0.90105003,2.1979501,10.893001,0.1651375,-0.077275,-0.216975,5.68125,19.050001,-25.29375,walking
421297711621261,0.91800004,2.3029501,10.26105,0.12485,0.043725,-0.205975,5.0062504,18.956251,-25.087502,walking
421297731625887,1.19505,2.811,9.094951,-0.0424875,-0.08085,-0.31955,4.03125,19.237501,-25.875002,walking
421297751625160,1.4419501,3.1609502,8.566051,-0.3223,-0.397375,-0.5566,3.6375,19.5375,-25.48125,walking
421297771620876,1.54005,2.43,9.49695,-0.573925,-0.6392375,-0.76065,2.9625,19.5375,-25.29375,walking
421297791624721,1.488,1.2070501,11.563951,-0.590975,-0.5977125,-0.808225,1.8750001,20.118752,-25.29375,walking
421297811623428,1.2529501,0.132,13.501051,-0.253825,-0.2811875,-0.6898375,1.2,20.212502,-25.29375,walking
421297831618663,1.2270001,-0.22395001,13.60095,0.315425,0.0424875,-0.4992625,0.50625,20.8125,-24.6,walking
421297851622168,1.5790501,0.441,10.977,0.68076247,0.0840125,-0.4283125,-0.65625,20.8125,-24.993752,walking
421297871621226,2.22,1.4680501,8.25195,0.6942375,-0.099275,-0.5383125,-0.95625,21.0,-24.018751,walking
421297891616286,2.84295,2.2770002,6.4830003,0.3961375,-0.4021875,-0.8204625,-1.9312501,21.393751,-23.925001,walking
421297911619959,3.1279502,2.6190002,6.1600504,-0.0424875,-0.7442875,-1.1760375,-2.60625,21.581251,-23.71875,walking
421297931618502,3.1519501,2.13105,7.5010505,-0.41387498,-0.8652875,-1.46685,-2.8125,21.581251,-23.4375,walking
421297951670186,2.8279502,1.2019501,9.11205,-0.600875,-0.8138625,-1.5987124,-3.0,21.88125,-24.018751,walking
421297971662466,2.6869502,0.642,10.804951,-0.5031125,-0.6282375,-1.602425,-3.3000002,21.7875,-23.625,walking
421297991648971,2.60295,0.52695,11.190001,-0.2795375,-0.4401375,-1.5706625,-3.3000002,22.181252,-23.4375,walking
421298011633684,2.32995,0.87600005,10.73295,-0.0620125,-0.2739,-1.5206125,-3.5812502,21.88125,-23.23125,walking
421298031628127,2.2440002,1.4250001,9.3490505,0.0430375,-0.2176625,-1.5206125,-3.5812502,22.06875,-22.837502,walking
421298051620181,1.8900001,1.8079501,8.24295,0.058849998,-0.2311375,-1.5181375,-3.9750001,21.975,-23.53125,walking
421298071621412,1.7389501,2.32005,7.4100003,0.006325,-0.32285,-1.5596625,-4.36875,22.275002,-23.1375,walking
421298091619535,1.53795,2.634,6.9330006,-0.1194875,-0.4327125,-1.6121875,-4.8562503,22.275002,-22.650002,walking
421298111613004,1.353,2.868,7.0650005,-0.2550625,-0.519475,-1.6719999,-4.18125,21.975,-22.743752,walking
421298131616811,1.167,2.8180501,7.48605,-0.3625875,-0.5707625,-1.712425,-4.0687504,21.975,-22.95,walking
421298151616149,0.75195,2.6430001,8.154,-0.429825,-0.54395,-1.696475,-3.6937501,21.487501,-23.4375,walking
421298171611848,0.39795002,2.56695,8.65695,-0.452925,-0.5341875,-1.6487625,-3.3000002,21.09375,-23.34375,walking
421298191615734,0.18,2.634,9.19995,-0.435875,-0.5317125,-1.5926625,-3.3000002,21.206251,-23.71875,walking
421298211615106,-0.12495001,2.6190002,9.315001,-0.4896375,-0.506,-1.5071375,-3.3000002,21.09375,-23.34375,walking
421298231610882,-0.29805002,2.631,9.82995,-0.5581125,-0.4107125,-1.404425,-3.0,21.206251,-23.34375,walking
421298251614697,-0.36705002,2.5570502,10.479,-0.5726875,-0.304425,-1.2750375,-3.4875002,21.487501,-23.34375,walking
421298271612482,-0.45795003,2.562,11.082001,-0.501875,-0.1969,-1.1320375,-2.90625,21.0,-23.4375,walking
421298291608218,-0.34995002,2.7150002,11.193001,-0.40535,-0.1285625,-1.0074625,-2.41875,21.206251,-23.04375,walking
421298311611872,-0.23805001,2.811,11.166,-0.319825,-0.0650375,-0.8987,-2.60625,20.5125,-23.625,walking
421298331610900,-0.20205002,2.8639503,11.35095,-0.18425,0.0094875,-0.7764625,-2.41875,20.212502,-23.831251,walking
421298351617356,-0.35700002,2.9640002,11.04195,-0.0485375,0.08525,-0.6373125,-2.025,20.212502,-23.625,walking
421298371618173,-0.47205,3.3640501,10.11495,-0.027775,0.0364375,-0.5346,-1.9312501,19.725,-24.112501,walking
421298391614668,-0.52305,3.7540503,9.448951,-0.1439625,-0.1040875,-0.4943125,-1.9312501,19.725,-23.925001,walking
421298411619761,-0.66195005,3.7420502,9.64605,-0.308825,-0.2641375,-0.476025,-2.2125,20.025002,-24.4125,walking
421298431619094,-0.573,3.015,10.618051,-0.4090625,-0.40713748,-0.42955,-1.63125,19.63125,-23.71875,walking
421298451614446,-0.55605,2.124,12.403951,-0.2770625,-0.3826625,-0.3207875,-2.5125,19.63125,-24.206251,walking
421298471618156,-0.74295,1.245,13.696951,0.1005125,-0.1078,-0.1131625,-2.2125,19.5375,-24.31875,walking
421298491616838,-1.02495,0.79305005,12.913951,0.4571875,0.2135375,0.180125,-2.11875,19.143751,-24.4125,walking
421298511611817,-0.975,1.38195,10.740001,0.583,0.358875,0.379225,-2.11875,18.956251,-24.018751,walking
421298531615141,-0.67095006,2.1330001,8.81295,0.484,0.2660625,0.44275,-2.8125,18.65625,-24.6,walking
421298551614405,-0.32895002,2.5789502,7.8960004,0.2616625,0.032725,0.4024625,-2.8125,18.75,-24.31875,walking
421298571620415,0.051000003,2.505,8.19705,0.0380875,-0.232375,0.3315125,-2.5125,18.65625,-24.206251,walking
421298591621102,0.43905002,2.0640001,9.526051,-0.0669625,-0.32395,0.274175,-2.41875,18.5625,-23.831251,walking
421298611617868,0.642,1.506,10.864051,-0.0022,-0.221375,0.274175,-3.3000002,18.84375,-23.53125,walking
421298631621794,0.77400005,1.116,11.4199505,0.17379999,0.0180125,0.3389375,-3.3000002,18.84375,-23.831251,walking
421298651620425,0.88395005,1.3290001,10.552951,0.3166625,0.1793,0.3804625,-3.7875001,19.050001,-23.831251,walking
421298671615803,1.02495,1.63995,9.49695,0.414425,0.1890625,0.37193748,-4.4625,19.44375,-22.743752,walking
421298691619024,1.07595,1.9440001,8.83395,0.5121875,0.1084875,0.3499375,-4.0687504,19.63125,-22.743752,walking
421298711617598,1.12395,2.18595,8.18505,0.5512375,0.03025,0.2985125,-4.18125,19.143751,-22.95,walking
421298731612312,1.19505,2.4379501,7.6800003,0.4829,0.026675,0.2387,-4.0687504,18.65625,-23.04375,walking
421298751615416,1.3410001,2.71005,7.3020005,0.315425,0.038775,0.1544125,-4.0687504,18.075,-23.625,walking
421298771614360,1.38495,2.9160001,7.4100003,0.133375,0.0754875,0.0468875,-4.55625,18.2625,-23.4375,walking
421298791620723,1.2390001,2.9280002,8.073,0.058849998,0.0779625,-0.0521125,-4.8562503,18.075,-22.743752,walking
421298811622167,0.98700005,2.6550002,8.68095,0.111375,0.03025,-0.095975,-5.34375,18.35625,-23.1375,walking
421298831618599,0.86700004,2.634,8.962951,0.221375,-0.09185,-0.12045,-5.64375,18.35625,-22.95,walking
421298851623174,0.74805003,2.5930502,8.75805,0.2616625,-0.2091375,-0.12045,-6.1312504,18.84375,-22.35,walking
421298871622523,0.91095006,2.70105,8.82705,0.2360875,-0.3031875,-0.1387375,-6.01875,18.75,-22.462502,walking
421298891618102,1.1550001,2.71005,9.061951,0.16885,-0.3276625,-0.1804,-6.1312504,18.46875,-22.35,walking
421298911621412,1.2240001,2.59605,9.42105,0.058849998,-0.2470875,-0.20845,-6.3187504,18.956251,-22.1625,walking
421298931619952,1.2360001,2.4450002,10.009951,0.0149875,-0.1260875,-0.2096875,-6.2250004,18.5625,-22.1625,walking
421298951572485,1.21695,2.45895,10.161,0.055275,-0.1016125,-0.205975,-6.9,18.84375,-22.06875,walking
421298971585151,1.0900501,2.7610502,9.3490505,0.006325,-0.215325,-0.23045,-7.2000003,18.35625,-21.675001,walking
421298991592665,1.2430501,3.0960002,8.724,-0.20625,-0.41195,-0.333025,-7.8750005,18.75,-20.8875,walking
421299011605598,1.69605,3.0940502,9.01605,-0.4981625,-0.6392375,-0.5273125,-8.38125,18.84375,-21.28125,walking
421299031612223,1.8730501,2.4139502,10.704,-0.6424,-0.7467625,-0.6678375,-7.8750005,18.956251,-21.862501,walking
421299051613371,1.5520501,1.23105,12.897,-0.5446375,-0.4376625,-0.65065,-8.868751,19.35,-20.79375,walking
421299071620853,1.02495,0.108,13.8,-0.1964875,0.098725,-0.4222625,-8.38125,19.050001,-20.7,walking
421299091623138,1.11195,0.12195001,12.936001,0.28861248,0.4456375,-0.18645,-8.75625,19.143751,-20.8875,walking
421299111619991,1.5469501,1.1040001,10.362,0.6087125,0.4676375,-0.1021625,-9.150001,19.050001,-20.79375,walking
421299131624629,2.2150502,2.184,7.7809505,0.6367625,0.1670625,-0.1962125,-8.962501,19.237501,-20.400002,walking
421299151623704,2.7799501,2.943,6.294,0.3801875,-0.2409,-0.410025,-9.637501,19.63125,-21.375,walking
421299171618454,3.4290001,3.45495,5.9659505,-0.0669625,-0.5927625,-0.708125,-8.868751,19.63125,-20.8875,walking
421299191621751,3.8580003,3.2080503,7.2520504,-0.474925,-0.66605,-1.001275,-9.150001,19.931252,-20.400002,walking
421299211619811,3.6660001,2.43495,9.061951,-0.678975,-0.4852375,-1.1710875,-8.6625,19.837502,-20.400002,walking
421299231614234,3.17805,1.8390001,10.660951,-0.6032125,-0.199375,-1.2248499,-9.356251,19.837502,-19.81875,walking
421299251673438,2.52705,1.45605,10.90005,-0.4065875,0.113299996,-1.16875,-8.962501,20.325,-20.00625,walking
421299271669997,1.9420501,1.7809501,9.724951,-0.286825,0.2770625,-1.0868,-9.056251,20.5125,-20.00625,walking
421299291661460,1.4899501,2.2150502,8.476951,-0.2415875,0.2343,-1.01475,-8.75625,20.325,-20.79375,walking
421299311649287,1.19505,2.706,7.7899504,-0.2123,0.0534875,-0.973225,-7.9875,20.41875,-20.8875,walking
421299331635626,1.0900501,3.072,7.6129503,-0.1854875,-0.17379999,-0.94875,-8.175,20.325,-21.0,walking
421299351631939,1.03995,3.2680502,7.6540504,-0.192775,-0.381425,-0.923175,-7.5000005,20.325,-21.675001,walking
421299371625379,1.0999501,3.357,8.001,-0.22825,-0.47547498,-0.8949875,-6.9,20.325,-21.675001,walking
421299391616615,1.02795,3.3259501,8.40795,-0.29535,-0.4681875,-0.8437,-6.3187504,20.60625,-21.581251,walking
421299411616653,1.0129501,3.4069502,9.00405,-0.3295875,-0.4046625,-0.8058875,-5.4375,21.09375,-21.768751,walking
421299431614356,0.72105,3.3070502,9.34395,-0.3223,-0.3471875,-0.7436,-5.34375,21.581251,-21.375,walking
421299451609302,0.29295,3.15105,9.505051,-0.30153748,-0.298375,-0.61765,-5.25,21.581251,-21.375,walking
421299471612987,0.063,3.1270502,9.78495,-0.2490125,-0.260425,-0.4662625,-4.55625,22.181252,-21.675001,walking
421299491612484,-0.04095,3.28005,10.003051,-0.16225,-0.2189,-0.3135,-4.55625,22.7625,-21.487501,walking
421299511619752,0.01995,3.5050502,9.95895,-0.0902,-0.2176625,-0.1986875,-3.5812502,22.462502,-21.768751,walking
421299531621340,-0.01305,3.7210503,9.99495,-0.032725,-0.2165625,-0.104637496,-2.60625,22.66875,-21.862501,walking
421299551618232,0.0010500001,3.76605,10.029,-0.015675,-0.1725625,-0.017875,-1.725,22.462502,-22.743752,walking
421299571621935,-0.058050003,3.8050501,10.231951,-0.0144375,-0.12485,0.06765,-0.46875003,22.7625,-22.743752,walking
421299591621847,-0.075,3.9,10.531951,0.006325,-0.1188,0.1276,0.31875002,22.95,-23.23125,walking
421299611617380,-0.087000005,3.9630003,10.231951,-0.098725,-0.2470875,0.15565,1.29375,22.7625,-22.650002,walking
421299631621171,0.147,3.79695,10.873951,-0.2160125,-0.4302375,0.1324125,1.10625,23.25,-22.35,walking
421299651619963,0.384,3.153,12.936001,-0.0902,-0.4401375,0.1324125,2.2687502,22.95,-22.743752,walking
421299671614916,0.27600002,2.14995,14.146951,0.2470875,-0.2165625,0.241175,2.6625001,23.25,-23.04375,walking
421299691617933,-0.034050003,1.38405,13.711051,0.5952375,0.126775,0.456225,3.05625,23.4375,-22.837502,walking
421299711616658,-0.09900001,1.25205,12.129001,0.84205,0.47134998,0.6760875,3.73125,23.737501,-23.23125,walking
421299731611650,-0.13995,1.7119501,9.95505,0.96415,0.7522625,0.804375,3.9375002,23.925001,-22.650002,walking
421299751615605,-0.55605,2.22705,7.26105,0.8188125,0.81221247,0.86294997,4.125,24.31875,-23.1375,walking
421299771614611,-1.1719501,2.7850502,5.7259502,0.4706625,0.694925,0.88495,5.0062504,24.13125,-23.1375,walking
421299791620917,-1.677,2.9670002,5.2930503,0.0638,0.4554,0.92895,5.1000004,24.13125,-23.23125,walking
421299811622397,-1.9660501,2.775,5.98995,-0.269775,0.0950125,0.981475,5.1937504,24.525002,-23.831251,walking
421299831618636,-1.863,2.22705,7.7970004,-0.41387498,-0.226325,1.0437624,5.30625,24.31875,-23.71875,walking
421299851622931,-1.7010001,1.4820001,9.66705,-0.3894,-0.5036625,1.157475,5.1937504,25.0125,-24.018751,walking
421299871621827,-1.3420501,0.76605004,11.746051,-0.192775,-0.5597625,1.317525,4.9125004,25.29375,-23.23125,walking
421299891617673,-0.78405005,0.39000002,13.383,0.1750375,-0.3581875,1.4933875,5.5875,25.500002,-22.556252,walking
421299911609980,-0.171,0.51495004,13.371,0.54395,0.0290125,1.6314375,5.5875,25.2,-22.95,walking
421299931610965,0.19905001,0.90000004,11.500951,0.712525,0.3993,1.7292,5.7937503,25.10625,-23.1375,walking
421299951608227,0.42405003,1.51995,9.238951,0.671,0.589875,1.7512,6.1687503,25.10625,-23.53125,walking
421299971613107,0.71400005,2.08605,7.69395,0.5256625,0.5971625,1.6962,6.8625,24.4125,-23.71875,walking
421299991613257,0.93705004,2.7510002,7.00995,0.36795,0.4835875,1.5544375,6.4687505,24.806252,-23.53125,walking
421300011620488,1.092,3.08205,6.74205,0.199375,0.3223,1.35905,6.5625005,24.900002,-24.31875,walking
421300031622006,1.116,3.2040002,7.1410503,0.06875,0.1560625,1.1672375,5.7937503,25.3875,-24.6,walking
421300051618549,1.2,3.04605,8.061001,-0.0119624995,0.0864875,0.992475,5.4,25.500002,-24.112501,walking
421300071623336,1.08105,2.706,9.129001,-0.016775,0.0804375,0.8971875,5.5875,25.500002,-24.4125,walking
421300091623173,1.1520001,2.42805,9.835051,0.050325,0.1255375,0.8459,5.0062504,25.781252,-23.925001,walking
421300111618782,1.4610001,2.4400501,10.045951,0.1016125,0.187825,0.754325,4.9125004,25.593752,-24.112501,walking
421300131622678,1.6890001,2.4709501,10.012051,0.099275,0.220825,0.633325,5.1000004,25.987501,-24.4125,walking
421300151621378,1.5880501,2.3110502,10.168051,0.0858,0.280775,0.5490375,4.425,26.175001,-24.112501,walking
421300171616622,1.4899501,1.9110001,10.335,0.083325,0.336875,0.545325,4.21875,25.781252,-24.69375,walking
421300191619737,1.75995,1.815,10.342951,0.0968,0.32587498,0.5490375,4.03125,26.38125,-24.31875,walking
421300211618388,2.2150502,2.05905,10.24695,0.1175625,0.2770625,0.489225,3.9375002,26.38125,-24.112501,walking
421300231624209,2.59605,2.2680001,9.792001,0.0308,0.2220625,0.3730375,3.6375,26.56875,-24.018751,walking
421300251582519,2.8260002,2.421,9.47805,-0.1830125,0.1610125,0.21065,3.45,26.962502,-24.112501,walking
421300271588647,3.0559502,2.3029501,9.92595,-0.4346375,0.126775,0.0323125,3.45,26.6625,-23.71875,walking
421300291601235,2.93805,1.59,10.95495,-0.579975,0.1500125,-0.0704,3.24375,27.056252,-24.112501,walking
421300311607884,2.81205,0.75900006,12.727051,-0.3894,0.32587498,-0.054449998,3.24375,27.54375,-23.34375,walking
421300331608946,2.4840002,0.117000006,13.35,0.087037496,0.62645,0.103125,3.05625,27.54375,-23.1375,walking
421300351617053,2.0740502,0.30900002,10.9789505,0.425425,0.71445,0.28875,2.8500001,28.125002,-22.95,walking
421300371618778,2.2470002,1.06605,8.37195,0.4791875,0.556875,0.3584625,3.3375,28.331251,-22.650002,walking
421300391616289,2.59395,1.8840001,6.8250003,0.3546125,0.2380125,0.2827,3.24375,28.425001,-22.35,walking
421300411621499,2.9340003,2.505,6.2650504,0.143275,-0.1285625,0.10065,3.825,28.518751,-22.06875,walking
421300431621026,3.1680002,2.77305,6.7270503,-0.104775,-0.31913748,-0.1364,3.54375,28.518751,-21.768751,walking
421300451616295,2.8519502,2.394,7.6440005,-0.319825,-0.33385,-0.29273748,3.3375,28.9125,-21.675001,walking
421300471619419,2.4739501,1.9780501,8.905951,-0.3955875,-0.2446125,-0.366025,3.3375,29.400002,-21.581251,walking
421300491618251,2.29695,1.7530501,9.873,-0.32587498,-0.1420375,-0.3867875,3.54375,29.306252,-21.0,walking
421300511624396,2.1790502,1.7220001,10.243951,-0.17325,-0.0198,-0.4002625,3.73125,29.400002,-21.675001,walking
421300531624867,1.9380001,1.8649501,9.780001,-0.0572,0.0572,-0.4015,4.425,28.725,-21.975,walking
421300551620788,1.6309501,2.0350502,8.98305,-0.0144375,0.1084875,-0.3892625,4.70625,28.612501,-22.25625,walking
421300571624967,1.3920001,2.32005,8.31495,-0.016775,0.1084875,-0.366025,5.8875003,28.81875,-22.35,walking
421300591623734,1.2720001,2.62695,7.7470503,-0.0584375,0.0754875,-0.3612125,5.8875003,28.518751,-22.35,walking
421300611618254,1.15995,2.9160001,7.5940504,-0.12925,0.0290125,-0.355025,5.9812503,28.725,-21.975,walking
421300631621564,1.0570501,3.072,7.58895,-0.2195875,-2.75E-4,-0.348975,5.9812503,29.00625,-21.862501,walking
421300651620446,0.95595,3.18495,7.872,-0.292875,-0.036849998,-0.3403125,6.76875,29.00625,-22.462502,walking
421300671615286,0.74100006,3.2610002,8.20695,-0.363825,-0.044275,-0.3207875,6.5625005,29.00625,-22.1625,walking
421300691618204,0.56595004,3.24195,8.559,-0.4175875,-0.0455125,-0.2756875,7.5375004,28.425001,-21.975,walking
421300711615728,0.56295,3.2440503,9.0379505,-0.43835,-0.0455125,-0.23045,7.5375004,28.612501,-21.975,walking
421300731611079,0.666,3.28695,9.64605,-0.4554,0.0485375,-0.19745,8.231251,28.725,-21.862501,walking
421300751615312,0.82905006,3.3760502,10.323001,-0.4701125,0.2355375,-0.1815,8.625,28.725,-21.975,walking
421300771614486,0.93195003,3.2659502,10.584001,-0.529925,0.41387498,-0.1852125,9.01875,28.725,-21.862501,walking
421300791621055,0.75000006,3.0340502,10.93395,-0.5812125,0.479875,-0.1827375,8.90625,28.81875,-22.06875,walking
421300811622156,0.50595003,2.67195,11.856001,-0.4444,0.4236375,-0.14739999,9.3,28.81875,-21.675001,walking
421300831618438,0.027,2.4060001,12.208051,-0.192775,0.2783,-0.0752125,9.6,29.00625,-21.581251,walking
421300851622803,-0.123,2.5170002,11.307,-0.1340625,0.0314875,-0.0484,9.50625,29.00625,-21.375,walking
421300871620269,-0.0010500001,2.3850002,11.0460005,-0.3430625,-0.0930875,-0.078925,9.7875,29.493752,-21.375,walking
421300891616138,0.043950003,1.87995,12.126,-0.4736875,-0.0968,-0.115637496,9.1125,28.9125,-21.675001,walking
421300911619623,-0.324,0.76905006,13.486051,-0.3113,-0.033275,-0.0251625,9.3,29.400002,-21.862501,walking
421300931618287,-0.73305005,-0.171,14.506051,0.138325,0.1854875,0.2459875,8.90625,29.1,-21.375,walking
421300951613062,-0.83205,-0.25995,13.70205,0.6747125,0.479875,0.567325,8.625,29.400002,-21.1875,walking
421300971616642,-0.46305,0.67095006,10.729951,0.9238625,0.5691125,0.70785,9.20625,29.400002,-21.375,walking
421300991615178,-0.43605003,1.56105,7.5840006,0.7137625,0.4346375,0.6810375,9.3,29.587502,-20.8875,walking
421301011621777,-0.57495004,2.02305,6.3180003,0.2519,0.198825,0.5856125,9.3,29.98125,-20.79375,walking
421301031622607,-0.597,1.6830001,6.9160504,-0.1573,0.0059125,0.5135625,8.90625,30.187502,-20.7,walking
421301051619203,-0.57495004,1.11105,8.69295,-0.2770625,-0.188375,0.4684625,8.8125,30.187502,-20.7,walking
421301071623728,-0.51495004,0.42900002,10.185,-0.1450625,-0.33385,0.4928,8.418751,30.675001,-20.118752,walking
421301091623023,-0.45600003,0.112950005,10.72605,0.039325,-0.34595,0.567325,8.231251,31.06875,-20.00625,walking
421301111618615,-0.11805001,0.18,10.302,0.1260875,-0.2176625,0.6345625,8.025001,30.956251,-19.9125,walking
421301131621968,0.24705002,0.462,9.688951,0.1370875,-0.044275,0.6565625,7.8375,30.768751,-20.493752,walking
421301151621038,0.537,0.77595,9.13095,0.11385,0.181775,0.63827497,8.025001,30.281252,-21.09375,walking
421301171615980,0.76905006,1.12995,8.6640005,0.1005125,0.2820125,0.578325,7.8375,30.187502,-21.28125,walking
421301191619547,0.906,1.4800501,8.33895,0.1188,0.23925,0.47575,7.65,30.075,-21.28125,walking
421301211618249,0.80805004,1.6710001,7.9030504,0.06875,0.142725,0.357225,6.76875,30.187502,-21.28125,walking
421301231612752,0.65205,1.8720001,7.9360504,-9.625E-4,0.0462,0.2459875,5.8875003,30.581251,-21.1875,walking
421301251615708,0.57105005,1.8700501,8.35005,-0.0779625,0.0339625,0.1494625,5.4,31.06875,-21.09375,walking
421301271614094,0.48195,1.9729501,8.986951,-0.098725,0.1145375,0.070125,5.1937504,30.581251,-20.7,walking
421301291620251,-0.01995,1.7839501,9.23595,-0.0803,0.1793,0.0468875,4.9125004,31.1625,-20.79375,walking
421301311620773,-0.46995002,1.506,9.46905,-0.0070125,0.131725,0.1104125,4.21875,30.862501,-20.60625,walking
421301331617241,-0.35700002,1.5880501,9.42105,0.05775,-0.0270875,0.153175,3.73125,30.675001,-20.79375,walking
421301351621337,0.049050003,1.76205,9.724951,0.1040875,-0.171325,0.120175,3.24375,31.25625,-21.0,walking
421301371620673,0.633,1.7670001,10.156051,0.116325,-0.232375,0.034649998,3.73125,31.35,-20.8875,walking
421301391616317,0.90105003,1.6140001,10.026,-0.016775,-0.2176625,-0.0471625,2.8500001,31.25625,-20.493752,walking
421301411620498,1.12395,1.28295,10.74705,-0.12925,-0.132275,-0.095975,2.9625,31.743752,-20.306252,walking
421301431619290,1.12395,1.0129501,11.7619505,-0.0730125,0.0242,-0.07645,3.05625,31.743752,-19.63125,walking
421301451614424,1.2390001,1.0320001,11.43,0.00275,0.091299996,-0.0581625,2.9625,31.743752,-19.425001,walking
421301471617722,1.4800501,1.3980001,10.174951,-0.109725,-0.0039875,-0.13145,2.6625001,31.931252,-19.143751,walking
421301491616745,1.7719501,1.44105,9.79905,-0.3333,-0.1370875,-0.267025,1.9875001,32.23125,-19.425001,walking
421301511623042,1.8280501,0.80895007,10.38105,-0.5251125,-0.2275625,-0.3465,2.4750001,32.04375,-18.45,walking
421301531635491,1.9260001,0.18900001,11.932051,-0.4774,-0.171325,-0.3403125,2.7562501,32.41875,-17.868752,walking
421301551597360,1.9300501,-0.24105,13.648951,-0.0572,0.0682,-0.2487375,1.8750001,32.04375,-17.868752,walking
421301571606281,1.78005,-0.33900002,12.880051,0.4901875,0.2074875,-0.0924,1.7812501,32.23125,-17.775002,walking
421301591609493,1.8780001,0.22500001,10.536,0.806575,0.13653749,-0.023924999,1.6875001,32.23125,-17.38125,walking
421301611608636,2.3850002,0.9889501,8.335951,0.839575,-0.072325,-0.115637496,1.7812501,32.41875,-17.081251,walking
421301631615289,2.8590002,1.4650501,6.9310503,0.627,-0.31913748,-0.337975,2.0812502,32.04375,-16.29375,walking
421301651616480,2.88105,1.626,6.3700504,0.226325,-0.49995,-0.6018375,2.0812502,32.23125,-16.5,walking
421301671612878,2.42805,1.09395,7.1650505,-0.1645875,-0.5231875,-0.77288747,2.2687502,32.625,-16.10625,walking
421301691618447,1.83,0.36900002,8.39805,-0.36135,-0.451,-0.8009375,2.8500001,32.8125,-15.0375,walking
421301711618357,1.3609501,-0.030000001,9.45405,-0.3405875,-0.3949,-0.7349375,3.24375,32.8125,-15.0375,walking
421301731614029,1.215,0.064950004,10.25895,-0.1304875,-0.33261248,-0.6678375,3.05625,33.206253,-15.431251,walking
421301751617692,0.975,0.216,9.76305,0.0430375,-0.2910875,-0.5773625,3.54375,32.925003,-15.225,walking
421301771616636,0.69705003,0.56505,8.70495,0.0625625,-0.2250875,-0.4698375,4.03125,32.625,-15.525001,walking
421301791622785,0.609,1.0900501,7.9890003,-0.010725,-0.1651375,-0.3843125,4.33125,32.53125,-15.31875,walking
421301811623141,0.64995,1.64295,7.4929504,-0.120725,-0.1639,-0.3477375,4.51875,32.23125,-16.29375,walking
421301831619499,0.75495005,2.02095,7.58895,-0.20625,-0.17985,-0.3392125,5.30625,31.743752,-16.40625,walking
421301851622796,0.81000006,2.32305,7.6009502,-0.29535,-0.226325,-0.3623125,5.1937504,32.325,-16.893751,walking
421301871621778,0.70905006,2.36595,7.76595,-0.4041125,-0.260425,-0.3685,5.5875,32.04375,-16.2,walking
421301891616639,0.60195005,2.2840502,8.358001,-0.4651625,-0.24585,-0.344025,6.4687505,32.23125,-15.806251,walking
421301911620045,0.453,2.265,8.776951,-0.4871625,-0.2226125,-0.29755,6.8625,32.41875,-15.918751,walking
421301931618542,0.46005002,2.3080502,8.941951,-0.5141125,-0.2250875,-0.2475,7.5375004,32.325,-16.10625,walking
421301951613499,0.63495004,2.421,9.01395,-0.5971625,-0.2079,-0.2255,8.025001,31.931252,-16.800001,walking
421301971616773,0.84105,2.4420002,9.64305,-0.639925,-0.1628,-0.2242625,8.71875,31.44375,-16.800001,walking
421301991615461,0.81705004,2.28195,10.290001,-0.6032125,-0.1175625,-0.2132625,9.20625,31.06875,-16.6875,walking
421302011620817,0.72105,2.16,10.699051,-0.5176875,-0.088275,-0.166925,10.181251,30.675001,-17.175001,walking
421302031622612,0.81705004,2.0710502,10.807051,-0.4554,-0.044275,-0.1326875,10.96875,30.468752,-17.2875,walking
421302051619223,0.85095006,1.8750001,10.896001,-0.391875,-0.0735625,-0.1144,11.25,30.581251,-18.45,walking
421302071623751,0.71205,1.7050501,11.169001,-0.3075875,-0.13213749,-0.08745,11.85,30.187502,-18.056252,walking
421302091623231,0.51795,1.4130001,11.583,-0.1890625,-0.1126125,-0.0154,12.825001,29.98125,-18.150002,walking
421302111618272,0.39600003,1.4629501,11.39805,-0.1670625,-0.0160875,0.076175,12.712501,29.587502,-18.75,walking
421302131622036,0.537,1.3600501,10.98705,-0.3295875,0.1304875,0.1593625,13.593751,29.493752,-18.9375,walking
421302151621074,0.855,1.04205,11.23095,-0.51645,0.2880625,0.1934625,13.406251,29.212502,-19.518751,walking
421302171615969,1.00905,0.65895003,12.112051,-0.5116375,0.336875,0.1984125,13.200001,28.9125,-20.60625,walking
421302191607961,0.77895004,0.07395,12.70995,-0.3185875,0.32587498,0.2534125,13.106251,28.81875,-20.400002,walking
421302211608803,0.55605,-0.43905002,12.76605,-0.016775,0.2783,0.363275,13.406251,28.218752,-21.09375,walking
421302231605934,0.37395,-0.684,12.177001,0.3521375,0.2110625,0.512325,13.8,27.843752,-21.862501,walking
421302251611095,0.31905,-0.423,11.07495,0.6942375,0.131725,0.639375,13.9875,27.843752,-21.975,walking
421302271611175,0.32895002,-0.043950003,9.198001,0.795575,0.098725,0.71885,14.2875,27.35625,-22.1625,walking
421302291618290,0.087000005,0.38295,7.35195,0.602525,0.0204875,0.7640875,13.70625,27.243752,-22.462502,walking
421302311620065,0.0049500004,0.42405003,6.4110003,0.19813749,-0.08085,0.8056125,14.08125,27.056252,-22.462502,walking
421302331616967,0.252,0.46695003,6.90705,-0.2135375,-0.19085,0.8166125,14.2875,27.243752,-22.650002,walking
421302351622126,0.73605,0.21105,8.575951,-0.418825,-0.2739,0.787325,13.9875,26.868752,-23.23125,walking
421302371622020,0.77595,-0.34095,10.419001,-0.3773,-0.2800875,0.7981875,13.500001,26.962502,-23.34375,walking
421302391617668,0.59895,-0.79905003,11.616,-0.1573,-0.2336125,0.88495,13.593751,26.868752,-23.831251,walking
421302411621694,0.52305,-1.074,11.973001,0.1370875,-0.1530375,1.025475,13.406251,26.6625,-23.53125,walking
421302431620469,0.44805002,-0.84900004,11.37705,0.3801875,-0.036849998,1.1782374,13.593751,26.38125,-24.112501,walking
421302451615382,0.61800003,-0.25995,10.186951,0.5231875,0.0070125,1.243,13.106251,25.987501,-25.575,walking
421302471618817,0.72900003,0.24405001,9.052051,0.55495,0.004675,1.2588125,12.918751,25.3875,-25.48125,walking
421302491616738,0.80805004,0.79695004,8.254951,0.497475,-0.006325,1.224575,13.106251,25.781252,-25.575,walking
421302511611646,0.786,1.04205,7.7520003,0.392425,-0.089375,1.1842875,12.225,25.3875,-25.66875,walking
421302531614719,0.87000006,1.389,7.7779503,0.270325,-0.1786125,1.122,11.85,25.875002,-25.3875,walking
421302551613140,1.09695,1.54005,8.488951,0.2116125,-0.2506625,1.0511875,11.94375,26.081251,-25.3875,walking
421302571619137,1.21905,1.5850501,8.96595,0.182325,-0.320375,0.986425,11.94375,25.875002,-25.087502,walking
421302591620087,1.43505,1.674,9.3490505,0.160325,-0.4192375,0.914375,11.7375,25.687502,-25.3875,walking
421302611616430,1.7580001,1.6159501,9.769951,0.13585,-0.536525,0.8311875,11.94375,25.987501,-25.48125,walking
421302631620454,2.16,1.5280501,10.783051,0.188375,-0.5707625,0.7371375,12.0375,25.987501,-24.900002,walking
421302651619447,2.43105,1.2930001,11.7310505,0.36685,-0.5047625,0.6565625,11.85,26.268751,-25.087502,walking
421302671615412,2.5459502,1.2570001,11.904,0.558525,-0.375375,0.5845125,11.45625,25.875002,-25.48125,walking
421302691619289,2.6440501,1.2019501,11.06595,0.5927625,-0.2250875,0.50875,11.25,26.268751,-25.48125,walking
421302711617969,2.7880502,1.245,10.443001,0.5049,-0.0625625,0.4134625,11.7375,26.6625,-25.087502,walking
421302731613135,2.637,1.011,10.003051,0.408375,0.0364375,0.3535125,11.3625,26.962502,-24.4125,walking
421302751616538,2.4760501,0.75705004,9.95505,0.403425,0.091299996,0.3377,11.0625,27.056252,-24.50625,walking
421302771615344,2.469,0.79305005,9.45405,0.4131875,0.0449625,0.3169375,10.762501,27.243752,-24.6,walking
421302791621332,2.6820002,0.83100003,8.62605,0.3141875,-0.155375,0.2484625,10.762501,27.54375,-24.206251,walking
421302811622352,2.77605,0.58695,8.556001,0.132275,-0.2959,0.1959375,10.856251,27.73125,-24.112501,walking
421302831641235,2.8950002,0.30900002,9.27705,-0.004675,-0.2971375,0.1874125,10.762501,28.218752,-24.112501,walking
421302851608642,2.838,-0.040050004,9.757951,-0.065725,-0.2556125,0.2314125,10.856251,27.73125,-23.625,walking
421302871610291,2.7970502,-0.17805001,10.207951,2.75E-4,-0.22013749,0.3144625,10.762501,28.031252,-23.4375,walking
421302891607909,2.8159502,0.025950002,10.45695,0.1958,-0.1651375,0.3817,11.0625,27.54375,-24.112501,walking
421302911613430,2.946,0.45705003,10.062,0.419375,-0.1285625,0.3975125,11.15625,27.54375,-24.018751,walking
421302931614100,2.982,0.82095003,9.042001,0.5537125,-0.12979999,0.3707,11.0625,27.54375,-24.4125,walking
421302951610832,3.25005,1.2739501,7.9120502,0.5341875,-0.2396625,0.2679875,11.3625,27.54375,-24.112501,walking
421302971615193,3.7020001,1.506,7.24905,0.3386625,-0.36313748,0.065175,11.25,27.54375,-24.206251,walking
421302991615207,4.06395,1.4320501,7.5199504,0.04675,-0.3546125,-0.1461625,11.15625,27.45,-23.925001,walking
421303011622474,4.03695,0.86895007,8.54895,-0.18425,-0.2311375,-0.2792625,11.3625,27.54375,-23.53125,walking
421303031624069,3.96795,0.49305,9.50205,-0.2745875,-0.05775,-0.3623125,10.762501,27.843752,-23.34375,walking
421303051620722,3.7789502,0.16995001,10.042951,-0.2453,0.1280125,-0.3782625,11.55,28.218752,-23.71875,walking
421303071625032,3.42705,0.141,9.993,-0.13653749,0.2600125,-0.3575,11.85,27.843752,-23.23125,walking
421303091624140,3.1900501,0.333,9.27495,-0.0290125,0.31735,-0.3342625,11.64375,27.937502,-22.95,walking
421303111619329,3.01005,0.72105,8.439,0.011275,0.319825,-0.322025,12.13125,27.843752,-22.650002,walking
421303131622790,2.77095,1.0870501,7.6969504,-0.0144375,0.30153748,-0.3122625,12.13125,27.6375,-23.23125,walking
421303151620421,2.60295,1.4629501,7.0960503,-0.09625,0.2525875,-0.311025,13.106251,26.868752,-23.831251,walking
421303171626471,2.5120502,1.7700001,6.9640503,-0.20253749,0.165825,-0.3122625,12.825001,26.175001,-24.69375,walking
421303191627358,2.6250002,2.02095,7.2420006,-0.2965875,0.0815375,-0.3403125,13.106251,26.175001,-24.206251,walking
421303211623249,2.6539502,2.1409502,7.7160006,-0.363825,0.0352,-0.381975,13.106251,26.081251,-23.925001,walking
421303231627171,2.59395,1.9920001,8.23095,-0.385825,-0.00275,-0.4015,12.618751,25.500002,-24.206251,walking
421303251626478,2.496,1.8409501,8.446051,-0.4236375,-0.050325,-0.3917375,12.918751,25.593752,-24.69375,walking
421303271621578,2.46,1.695,8.877001,-0.474925,-0.04675,-0.359975,13.200001,25.2,-24.806252,walking
421303291625129,2.4790502,1.659,9.538051,-0.4811125,0.0180125,-0.3317875,13.500001,24.900002,-24.4125,walking
421303311622728,2.3730001,1.52295,9.969001,-0.4261125,0.0620125,-0.2866875,13.70625,24.806252,-24.900002,walking
421303331618043,2.259,1.3909501,10.30395,-0.31735,0.052249998,-0.2132625,13.593751,24.13125,-24.6,walking
421303351622053,2.4810002,1.44105,10.548,-0.18425,-0.0039875,-0.1595,13.312501,24.525002,-25.29375,walking
421303371620775,2.9290502,1.6669501,10.73505,-0.0682,-0.02475,-0.17173749,13.406251,24.4125,-24.993752,walking
421303391616319,3.13995,1.7070001,10.896001,0.0540375,9.625E-4,-0.2072125,13.406251,24.4125,-24.900002,walking
421303411619756,3.0010502,1.6140001,10.6039505,0.1115125,0.060775,-0.21573749,13.012501,24.525002,-24.4125,walking
421303431618546,2.95005,1.5469501,10.507951,0.149325,0.137775,-0.221925,13.106251,25.10625,-24.31875,walking
421303451613580,2.8830001,1.5180001,10.40505,0.19813749,0.2550625,-0.24145,12.618751,25.0125,-24.4125,walking
421303471617330,2.46405,1.4770501,9.924001,0.22013749,0.347875,-0.245025,11.45625,25.781252,-24.206251,walking
421303491615847,1.9660501,1.5130501,9.2029505,0.17985,0.35035,-0.23773749,10.96875,26.268751,-23.925001,walking
421303511622128,1.38495,1.4970001,8.271001,-0.0254375,0.1890625,-0.2035,10.087501,26.6625,-23.1375,walking
421303531622625,1.27005,1.4269501,8.394,-0.30635,-0.006325,-0.17173749,9.69375,27.243752,-23.53125,walking
421303551619001,1.557,1.0699501,9.435,-0.573925,-0.1848,-0.139975,9.1125,27.937502,-23.1375,walking
421303571623070,2.124,0.50100005,11.700001,-0.6521625,-0.1175625,-0.1167375,8.625,27.937502,-22.95,walking
421303591621848,1.8679501,-0.01995,13.825951,-0.3931125,0.15125,-0.006875,7.4437504,28.81875,-22.462502,walking
421303611617119,1.5469501,-0.32205,14.154,0.0820875,0.3210625,0.16665,6.675,28.81875,-22.35,walking
421303631620776,1.4899501,-0.14295001,12.715051,0.4987125,0.3185875,0.313225,5.68125,29.400002,-21.375,walking
421303651620290,1.78005,0.46500003,11.203951,0.7833375,0.26125,0.3694625,5.0062504,29.8875,-21.28125,walking
421303671615813,1.9450501,1.056,9.29895,0.83105,0.1243,0.3254625,3.24375,30.187502,-21.862501,walking
421303691619281,2.02395,1.29795,8.026951,0.65395,-0.0515625,0.2338875,2.8500001,30.581251,-22.1625,walking
421303711617698,2.29005,1.269,7.9080005,0.381425,-0.282425,0.1287,0.99375004,30.956251,-21.487501,walking
421303731612592,2.7180002,0.89595,9.22395,0.21285,-0.3471875,0.01265,-0.075,31.06875,-21.09375,walking
421303751615658,2.8330503,0.33795002,10.67805,0.2116125,-0.2446125,-0.0704,-2.325,31.25625,-21.487501,walking
421303771614541,2.802,-0.18300001,11.53005,0.326425,-0.0050875,-0.0996875,-4.275,31.44375,-20.60625,walking
421303791621036,2.4430501,-0.38700002,10.972051,0.4376625,0.1634875,-0.0814,-5.83125,31.35,-20.400002,walking
421303811621862,2.39505,-0.23595001,10.021951,0.5072375,0.1793,-0.0911625,-7.5937505,31.931252,-19.63125,walking
421303831618175,2.46705,0.117000006,9.13305,0.5267625,0.137775,-0.144925,-8.56875,31.931252,-18.9375,walking
421303851622086,2.52195,0.354,8.39595,0.4829,0.0950125,-0.216975,-10.125,31.837502,-18.9375,walking
421303871621402,2.5150502,0.56805,7.7970004,0.37895,0.0730125,-0.2817375,-11.493751,31.743752,-18.65625,walking
421303891616771,2.62695,0.87900007,7.42395,0.2275625,0.1012,-0.3647875,-13.1625,31.556252,-17.868752,walking
421303911620059,2.70105,1.2019501,7.1250005,0.0785125,0.1023,-0.4723125,-14.325001,31.1625,-17.38125,walking
421303931618521,2.6509502,1.3740001,7.06995,-0.0682,0.0840125,-0.5858875,-16.181252,30.768751,-17.2875,walking
421303951613438,2.60295,1.5180001,6.9040504,-0.2220625,-0.006325,-0.714175,-17.25,30.375002,-16.6875,walking
421303971616938,2.7229502,1.55595,7.1290503,-0.36135,-0.1078,-0.8534625,-19.21875,29.400002,-16.59375,walking
421303991615564,2.7450001,1.4970001,7.6819506,-0.4736875,-0.17613749,-0.9977,-20.1,28.81875,-16.29375,walking
421304011622145,2.56305,1.2019501,8.166,-0.5666375,-0.221375,-1.094225,-21.9375,27.73125,-16.10625,walking
421304031623515,2.4049501,1.011,8.844001,-0.6166875,-0.199375,-1.1357499,-23.5125,26.75625,-15.918751,walking
421304051620129,2.4139502,0.96000004,9.241051,-0.6386875,-0.193325,-1.1675125,-24.88125,25.687502,-15.618751,walking
421304071624666,2.6890502,1.09905,9.5119505,-0.6424,-0.2116125,-1.2530375,-25.7625,24.806252,-15.712501,walking
421304091623802,2.89995,1.11105,9.849001,-0.628925,-0.2446125,-1.3738999,-26.925001,22.95,-15.31875,walking
421304111619120,2.7919502,0.91200006,10.24005,-0.595925,-0.2641375,-1.4581875,-28.3875,22.275002,-15.31875,walking
421304131645137,2.60295,0.75195,10.45995,-0.523875,-0.3141875,-1.5046625,-28.968752,21.206251,-15.525001,walking
421304151618342,2.6490002,0.75900006,10.531951,-0.441925,-0.414425,-1.5571874,-29.75625,19.931252,-14.45625,walking
421304171612966,2.8930502,0.79995006,10.61505,-0.37235,-0.46695,-1.6389999,-31.425001,18.46875,-14.55,walking
421304191616201,3.08505,0.83805007,10.857,-0.286825,-0.4706625,-1.746525,-31.125002,17.19375,-14.45625,walking
421304211615158,3.0580502,0.80895007,10.75905,-0.1915375,-0.451,-1.85405,-32.193752,15.431251,-14.7375,walking
421304231621193,3.0319502,0.74205005,9.97395,-0.1865875,-0.5317125,-1.9567624,-32.5875,14.062501,-14.250001,walking
421304251622184,3.2760003,0.69000006,9.4470005,-0.30153748,-0.668525,-2.0948124,-33.956253,12.50625,-14.64375,walking
421304271619027,3.46005,0.47895002,9.61005,-0.4701125,-0.682,-2.2364376,-34.050003,11.043751,-14.45625,walking
421304291623914,3.59205,-0.006,10.177051,-0.5726875,-0.5671875,-2.3501499,-33.956253,9.1875,-14.250001,walking
421304311623621,3.5269501,-0.372,10.41705,-0.5971625,-0.3851375,-2.4344375,-34.65,8.118751,-14.343751,walking
421304331618964,3.11595,-0.597,9.99495,-0.5996375,-0.2055625,-2.4844875,-35.325,6.15,-13.668751,walking
421304351622638,2.7490501,-0.71205,9.291,-0.6667375,-0.0565125,-2.496725,-35.23125,4.89375,-13.856251,walking
421304371621919,2.53395,-0.74595004,8.974951,-0.751025,0.10725,-2.4882,-35.71875,2.8312502,-13.762501,walking
421304391616888,2.3089502,-0.72405005,8.84895,-0.7706875,0.15125,-2.4575374,-35.025,1.3687501,-14.156251,walking
421304411620026,2.1649501,-0.708,8.571,-0.7767375,0.052249998,-2.4099624,-35.025,-0.375,-13.668751,walking
421304431618708,2.2420502,-0.66405004,8.679001,-0.7767375,-0.1126125,-2.3672,-35.1375,-1.95,-13.762501,walking
421304451612662,2.49795,-0.66195005,9.33495,-0.7437375,-0.2116125,-2.3342,-35.625,-3.4125001,-13.575001,walking
421304471616444,2.7280502,-0.63600004,10.01895,-0.6521625,-0.1859,-2.292675,-35.1375,-4.96875,-13.462501,walking
421304491615171,2.7570002,-0.62895006,9.946951,-0.5751625,-0.155375,-2.242625,-34.93125,-6.6375003,-12.88125,walking
421304511621217,2.8930502,-0.51405,9.733951,-0.54945,-0.1370875,-2.2059126,-34.537502,-8.1,-12.88125,walking
421304531622105,3.04605,-0.28605002,9.63405,-0.5311625,-0.1480875,-2.1949124,-33.768753,-9.375,-12.88125,walking
421304551619032,3.051,-0.19995001,9.691051,-0.4921125,-0.1639,-2.1839125,-33.65625,-10.63125,-12.7875,walking
421304571623275,3.1060503,-0.11895001,9.804001,-0.4175875,-0.160325,-2.1693375,-33.16875,-12.093751,-13.368751,walking
421304591622094,3.1990502,0.01695,9.517051,-0.3663,-0.1676125,-2.1693375,-32.49375,-12.6,-13.762501,walking
421304611617104,3.17805,0.17295001,9.118951,-0.3625875,-0.166375,-2.187625,-32.006252,-13.950001,-13.762501,walking
421304631621134,2.9860501,0.19395001,8.96595,-0.391875,-0.1346125,-2.1924374,-31.81875,-14.94375,-13.575001,walking
421304651619843,2.6920502,0.13905,9.02805,-0.4224,-0.0968,-2.1643875,-31.125002,-15.712501,-14.156251,walking
421304671615238,2.59605,0.14895001,9.184051,-0.42734998,-0.087037496,-2.132625,-30.6375,-16.40625,-14.062501,walking
421304691618636,2.5429502,0.23505001,9.363001,-0.407825,-0.0906125,-2.11915,-30.45,-17.175001,-13.856251,walking
421304711617898,2.5840502,0.20595,9.552,-0.3796375,-0.120037496,-2.11915,-30.45,-17.2875,-14.062501,walking
421304731624584,2.5120502,0.20595,9.8209505,-0.3320625,-0.1505625,-2.1131,-29.75625,-18.45,-13.968751,walking
421304751625332,2.3380501,0.14895001,9.8560505,-0.2965875,-0.1651375,-2.0849125,-29.85,-18.2625,-13.762501,walking
421304771621639,2.3710501,0.17505,9.91905,-0.2783,-0.1810875,-2.0568626,-29.475,-19.03125,-13.181251,walking
421304791614267,2.5410001,0.19605,10.168051,-0.258775,-0.15413749,-2.060575,-28.687502,-19.331251,-13.275001,walking
421304811615899,2.601,0.12495001,10.45695,-0.2233,-0.12485,-2.0653875,-28.687502,-20.118752,-13.275001,walking
421304831612965,2.505,0.01695,10.43805,-0.1890625,-0.1211375,-2.0593374,-28.10625,-20.306252,-14.343751,walking
421304851618152,2.5410001,0.01905,10.185,-0.209825,-0.1896125,-2.0691,-27.900002,-20.79375,-13.668751,walking
421304871618220,2.7450001,-0.054,10.45695,-0.2330625,-0.243375,-2.1093874,-27.712502,-20.98125,-13.575001,walking
421304891614180,2.63895,-0.32700002,11.2240505,-0.15125,-0.144375,-2.1241,-27.712502,-21.28125,-13.762501,walking
421304911618357,2.08605,-0.48705003,11.434051,0.06875,0.0059125,-2.0666249,-27.4125,-21.46875,-13.181251,walking
421304931617814,1.605,-0.21900001,10.045951,0.23485,0.0132,-2.0141,-27.13125,-21.675001,-13.462501,walking
421304951613714,1.36995,0.201,8.56095,0.23485,-0.04675,-2.0043375,-27.31875,-21.768751,-13.275001,walking
421304971617356,0.94200003,0.65400004,7.4430003,0.109037496,-0.1859,-2.0398126,-27.225,-21.975,-13.856251,walking
421304991616663,0.52005005,0.96300006,7.3090506,-0.043725,-0.304425,-2.071575,-27.225,-22.1625,-12.975,walking
421305011623082,0.35700002,1.0849501,7.5030003,-0.2013,-0.469425,-2.1093874,-26.831251,-22.556252,-12.6,walking
421305031623861,0.28305,0.92700005,8.262,-0.352825,-0.55495,-2.138675,-27.13125,-22.650002,-12.6,walking
421305051620192,0.23505001,0.73005,9.1050005,-0.51645,-0.519475,-2.1473374,-27.018751,-22.462502,-12.6,walking
421305071624436,0.13695,0.41205,9.997951,-0.66316247,-0.353375,-2.1228626,-26.925001,-23.1375,-12.1125,walking
421305091623358,0.10395,0.14895001,10.6369505,-0.7852625,-0.1150875,-2.0923374,-26.925001,-22.35,-12.0,walking
421305111618682,-0.26205,-0.04695,11.03205,-0.828025,0.087725,-2.0483375,-26.343752,-23.23125,-11.71875,walking
421305131621797,-0.83595,-0.27195,11.39805,-0.755975,0.2415875,-1.9347625,-26.925001,-23.1375,-11.71875,walking
421305151620081,-1.44,-0.31005,11.358001,-0.57145,0.2965875,-1.76,-26.625002,-22.95,-11.625,walking
421305171614969,-1.6140001,0.003,10.821,-0.347875,0.2294875,-1.5767125,-26.925001,-23.1375,-11.625,walking
421305191618124,-1.6650001,0.45705003,9.95505,-0.187825,0.1304875,-1.4361875,-26.831251,-23.325,-11.418751,walking
421305211616622,-1.8280501,0.80895007,9.088051,-0.17325,0.076725,-1.2945625,-26.531252,-23.53125,-11.118751,walking
421305231611420,-1.89495,1.1539501,8.547,-0.24653749,0.0242,-1.1638,-26.343752,-23.4375,-10.931251,walking
421305251614887,-1.8180001,1.31505,8.53695,-0.319825,-0.077275,-1.0514625,-25.85625,-23.53125,-10.931251,walking
421305271613585,-1.452,1.4970001,9.21,-0.319825,-0.2055625,-0.979275,-26.04375,-23.625,-11.325001,walking
421305291620670,-1.0020001,1.4610001,10.06995,-0.275825,-0.2519,-0.9169875,-25.1625,-23.831251,-11.625,walking
421305311621574,-0.66405004,1.4130001,10.48095,-0.24653749,-0.226325,-0.86088747,-25.06875,-23.831251,-11.231251,walking
421305331618342,-0.24495001,1.3960501,10.647,-0.2673,-0.1920875,-0.83393747,-25.7625,-23.925001,-10.931251,walking
421305351622760,-0.02205,1.3429501,11.005951,-0.2770625,-0.138325,-0.81565,-24.675001,-24.4125,-11.118751,walking
421305371621861,0.02205,1.2430501,11.52795,-0.20253749,-0.02475,-0.780175,-24.487501,-24.900002,-10.743751,walking
421305391617090,-0.16095,1.116,11.346001,-0.0925375,0.0694375,-0.6958875,-24.281252,-24.993752,-9.95625,walking
421305411620916,-0.24495001,1.2930001,10.43805,-0.0485375,0.0902,-0.6153125,-24.281252,-25.48125,-10.14375,walking
421305431653430,-0.27795002,1.4680501,9.66705,-0.060775,0.049775,-0.5578375,-23.7,-25.48125,-10.35,walking
421305451631448,-0.26895002,1.65495,9.259951,-0.093775,-0.0160875,-0.504075,-23.212502,-26.362501,-10.25625,walking
421305471629950,-0.252,1.7070001,9.23595,-0.098725,-0.0686125,-0.4527875,-22.81875,-26.6625,-10.35,walking
421305491623989,-0.22800002,1.72395,9.32295,-0.065725,-0.12485,-0.3917375,-21.9375,-26.85,-10.25625,walking
421305511626703,-0.216,1.7190001,9.057,-0.060775,-0.2176625,-0.33673748,-21.45,-27.431252,-10.14375,walking
421305531625217,-0.06795,1.7860501,9.361051,-0.0534875,-0.2701875,-0.29755,-20.775002,-27.525002,-10.25625,walking
421305551619517,0.064950004,1.8220501,9.74205,-0.0022,-0.249425,-0.271975,-20.587502,-27.6375,-10.44375,walking
421305571622280,0.063,1.8079501,9.567,0.0259875,-0.2286625,-0.2426875,-20.38125,-27.825,-10.05,walking
421305591620072,0.15405001,1.9560001,9.16005,-0.0022,-0.2446125,-0.238975,-19.800001,-28.0125,-10.44375,walking
421305611615708,0.29805002,2.04495,9.081,-0.0449625,-0.276375,-0.2682625,-19.800001,-28.312502,-10.05,walking
421305631619448,0.24000001,1.899,9.483001,-0.0534875,-0.2849,-0.282975,-19.10625,-28.312502,-10.14375,walking
421305651619006,0.20895001,1.6159501,9.828,-0.0375375,-0.243375,-0.2597375,-18.618752,-29.1,-10.63125,walking
421305671614093,0.333,1.659,9.804001,-0.0339625,-0.2116125,-0.23773749,-18.525002,-28.706251,-10.44375,walking
421305691617634,0.69495004,1.8370501,9.883051,-0.0424875,-0.22385,-0.26345,-17.85,-29.38125,-10.743751,walking
421305711616780,0.91800004,1.7410501,9.936001,-0.0730125,-0.2409,-0.293975,-17.0625,-29.493752,-10.837501,walking
421305731612144,1.023,1.6470001,10.210951,-0.0803,-0.238425,-0.29273748,-16.66875,-29.681252,-10.35,walking
421305751614299,1.12395,1.60695,10.23705,-0.071775,-0.2531375,-0.2792625,-16.181252,-29.681252,-10.931251,walking
421305771613724,1.5160501,1.57605,9.672001,-0.15853749,-0.3997125,-0.29273748,-16.275002,-29.98125,-10.5375,walking
421305791619935,2.08905,1.4800501,9.74205,-0.36987498,-0.469425,-0.3647875,-15.39375,-30.35625,-10.743751,walking
421305811620943,2.4760501,1.2,10.575001,-0.5641625,-0.420475,-0.4527875,-14.625001,-30.16875,-10.63125,walking
421305831617381,2.5510502,0.50505,11.215951,-0.711975,-0.3361875,-0.5113625,-14.418751,-30.562502,-10.5375,walking
421305851621719,2.19405,-0.20700002,12.19305,-0.6985,-0.2226125,-0.4698375,-14.137501,-30.750002,-11.325001,walking
421305871620930,2.1049502,-0.63105005,12.868951,-0.501875,-0.0675125,-0.3892625,-13.837501,-30.750002,-11.625,walking
421305891615900,2.22495,-0.78195006,12.801001,-0.1903,0.0169125,-0.32945,-13.35,-30.843752,-11.025001,walking
421305911619256,2.3710501,-0.58995,12.291,0.2006125,0.0400125,-0.311025,-13.1625,-31.050001,-11.325001,walking
421305931618491,2.4090002,-0.47100002,11.05095,0.5159,0.0974875,-0.311025,-12.675,-31.5375,-10.931251,walking
421305951613821,2.469,-0.19995001,9.691051,0.729575,0.10725,-0.333025,-12.281251,-31.5375,-11.325001,walking
421305971617391,2.6920502,0.15795001,7.9030504,0.6967125,0.0169125,-0.4258375,-11.793751,-31.63125,-10.931251,walking
421305991616178,3.1249502,0.44505003,7.0260005,0.491425,-0.099275,-0.6116,-11.493751,-31.63125,-11.025001,walking
421306011622397,3.1729503,0.36600003,6.9210005,0.2079,-0.19813749,-0.813175,-11.1,-32.11875,-11.025001,walking
421306031623105,2.97705,-0.094950005,7.5319505,-0.0534875,-0.188375,-0.94269997,-10.81875,-32.2125,-10.837501,walking
421306051619624,2.709,-0.54705,8.31495,-0.2415875,-0.1211375,-0.984225,-11.00625,-32.325,-10.63125,walking
421306071624020,2.6220002,-0.69105005,9.18795,-0.302775,0.021724999,-0.99027497,-11.1,-32.60625,-11.118751,walking
421306091623551,2.1079502,-0.80805004,9.315001,-0.2685375,0.0705375,-0.9255125,-11.400001,-32.60625,-10.44375,walking
421306111618367,1.6290001,-0.62595004,8.985001,-0.2123,0.01925,-0.813175,-11.00625,-33.09375,-10.931251,walking
421306131621452,1.50195,-0.058950003,8.69295,-0.154825,-0.0930875,-0.71665,-10.51875,-33.206253,-11.512501,walking
421306151619926,1.53795,0.49605003,8.37705,-0.1524875,-0.17613749,-0.6556,-9.9375,-33.393753,-11.418751,walking
421306171614869,1.8060001,1.056,8.35005,-0.1975875,-0.2165625,-0.6556,-10.03125,-33.693752,-11.118751,walking
421306191618042,2.091,1.4680501,8.51595,-0.27101249,-0.249425,-0.7093625,-9.9375,-33.581253,-10.837501,walking
421306211616560,2.2110002,1.54005,8.986951,-0.3381125,-0.22013749,-0.7764625,-9.356251,-33.881252,-10.743751,walking
421306231611600,2.21295,1.422,9.5119505,-0.3821125,-0.17613749,-0.83393747,-9.356251,-34.18125,-10.63125,walking
421306251615066,2.36595,1.1850001,10.36905,-0.3564,-0.1065625,-0.890175,-9.543751,-34.275,-11.118751,walking
421306271614013,2.28195,0.85995007,10.92,-0.28187498,-0.0050875,-0.90475,-9.450001,-34.4625,-10.35,walking
421306291620558,2.0719502,0.59400004,11.238001,-0.1683,0.1060125,-0.86088747,-9.150001,-34.4625,-10.837501,walking
421306311621789,1.89495,0.43605003,11.128051,-0.0314875,0.203775,-0.7679375,-8.75625,-34.55625,-10.63125,walking
421306331618525,1.9159501,0.64905006,10.441051,0.0675125,0.22825,-0.68488747,-8.75625,-34.7625,-10.931251,walking
421306351622714,2.2030501,1.011,9.736951,0.06985,0.2795375,-0.6518875,-9.150001,-34.85625,-11.231251,walking
421306371622030,2.361,1.31505,9.39,0.03575,0.3625875,-0.6494125,-8.26875,-34.85625,-10.743751,walking
421306391617301,2.4090002,1.506,9.402,0.055275,0.4041125,-0.658075,-8.75625,-34.66875,-10.63125,walking
421306411609598,2.14395,1.485,9.118951,0.09185,0.4103,-0.631125,-8.475,-34.95,-9.95625,walking
421306431610882,2.04795,1.7839501,8.809951,0.0565125,0.4090625,-0.6128375,-8.6625,-35.15625,-10.14375,walking
421306451607977,2.08605,1.9780501,8.772,-0.0144375,0.43835,-0.625075,-8.75625,-35.25,-10.35,walking
421306471612862,1.9260001,2.06205,9.076051,-0.0474375,0.46035,-0.647075,-8.75625,-35.643753,-10.25625,walking
421306491612968,1.3750501,1.8700501,9.411,0.01375,0.41387498,-0.6116,-8.6625,-35.643753,-9.8625,walking
421306511620334,1.0999501,1.8919501,9.4140005,0.0785125,0.3271125,-0.5468375,-8.56875,-35.04375,-10.25625,walking
421306531621908,1.10895,2.00895,9.48795,0.120037496,0.2110625,-0.5138375,-8.08125,-35.34375,-10.05,walking
421306551618729,1.4680501,2.29605,9.969001,0.2006125,0.137775,-0.55055,-8.38125,-35.550003,-9.8625,walking
421306571623810,1.35105,2.22,9.82995,0.2189,0.1340625,-0.5713125,-8.75625,-34.95,-10.837501,walking
421306591623462,0.99405,2.07795,9.663,0.15785,0.148775,-0.531025,-8.38125,-35.34375,-10.5375,walking
421306611619042,0.83595,1.8940501,10.062,0.120037496,0.2220625,-0.4565,-8.38125,-35.04375,-10.63125,walking
421306631622280,0.58695,1.623,10.77795,0.2275625,0.275825,-0.344025,-8.26875,-35.04375,-10.44375,walking
421306651621146,0.453,1.57605,10.828951,0.4401375,0.2074875,-0.2292125,-8.475,-35.15625,-10.25625,walking
421306671616089,0.52305,2.019,9.576,0.4791875,0.0119624995,-0.1912625,-8.475,-34.85625,-10.931251,walking
421306691619277,0.68295,2.2390501,8.676001,0.2299,-0.149325,-0.210925,-8.475,-35.15625,-10.44375,walking
421306711618076,1.1400001,2.196,9.253051,-0.1329625,-0.1871375,-0.30855,-8.962501,-34.85625,-10.5375,walking
421306731657886,1.3249501,1.55595,11.38605,-0.292875,9.625E-4,-0.4002625,-9.150001,-34.66875,-10.44375,walking
421306751641830,0.58005005,0.62700003,12.876,-0.19525,0.2831125,-0.3342625,-9.543751,-34.55625,-10.743751,walking
421306771632485,-0.17505,0.03795,13.09605,0.0735625,0.463925,-0.14973749,-9.450001,-34.36875,-10.44375,walking
421306791632353,-0.28800002,0.13695,11.86095,0.315425,0.43835,0.0273625,-9.9375,-34.55625,-10.63125,walking
421306811628444,0.02205,0.72795004,10.740001,0.4657125,0.32587498,0.070125,-10.125,-34.18125,-11.118751,walking
421306831621213,-0.025050001,1.1400001,9.912001,0.5402375,0.27101249,0.037125,-9.9375,-34.36875,-10.44375,walking
421306851622890,-0.36,1.3789501,8.916,0.4852375,0.1915375,0.0103124995,-9.543751,-34.275,-10.743751,walking
421306871620392,-0.66195005,1.3909501,8.439,0.2946625,0.187825,0.0078375,-9.356251,-34.18125,-10.35,walking
421306891613767,-0.71400005,1.31505,8.616,0.099275,0.164725,-0.0031625,-9.243751,-34.36875,-10.931251,walking
421306911616935,-0.61605,1.14705,9.675,0.0490875,0.1304875,-0.043449998,-8.962501,-34.275,-11.118751,walking
421306931616322,-0.56100005,0.80505,10.45995,0.0760375,0.14025,-0.072875,-8.962501,-34.18125,-11.118751,walking
421306951612171,-0.726,0.55305004,10.99905,0.143275,0.2770625,-0.0581625,-9.056251,-34.068752,-10.63125,walking
421306971615782,-0.96105003,0.41400003,10.783051,0.19813749,0.391875,0.0248875,-8.75625,-34.55625,-11.025001,walking
421306991615334,-0.73605,0.62700003,10.40205,0.2690875,0.4701125,0.076175,-7.8750005,-34.66875,-10.25625,walking
421307011622015,-0.67095006,0.94605005,9.75105,0.3301375,0.5104,0.10065,-7.8750005,-33.975002,-10.44375,walking
421307031622809,-0.59400004,1.248,8.98995,0.4059,0.4261125,0.0946,-7.7812505,-34.18125,-10.931251,walking
421307051618347,-0.53895,1.49205,8.443951,0.4437125,0.3540625,0.0749375,-7.5000005,-34.36875,-10.25625,walking
421307071623138,-0.63795,1.79595,8.18505,0.4351875,0.35035,0.0713625,-7.2000003,-34.4625,-10.931251,walking
421307091622093,-0.56595004,2.18595,7.977,0.3581875,0.4065875,0.045649998,-7.1062503,-34.275,-11.025001,walking
421307111617586,-0.47205,2.394,7.7569504,0.1920875,0.50435,-0.0154,-6.4125004,-34.275,-10.931251,walking
421307131621165,-0.717,2.39205,7.8430505,0.0515625,0.4651625,-0.06545,-6.2250004,-34.275,-11.231251,walking
421307151619911,-1.03995,2.25105,8.343,0.0039875,0.313775,-0.0666875,-5.83125,-34.36875,-11.512501,walking
421307171614881,-1.03995,2.12595,9.02805,0.0320375,0.1854875,-0.039875,-5.53125,-34.18125,-12.3,walking
421307191618125,-0.99195004,2.1690001,9.495001,0.08085,0.12925,-0.012925,-5.25,-34.36875,-11.625,walking
421307211616958,-1.0900501,2.15295,9.373051,0.0455125,0.137775,0.0334125,-5.34375,-34.068752,-12.0,walking
421307231612188,-1.1020501,2.2410002,9.43995,-0.0119624995,0.18053749,0.0908875,-4.9500003,-33.975002,-11.8125,walking
421307251615415,-1.11405,2.42805,9.591001,-0.004675,0.20625,0.14093749,-4.7625003,-34.18125,-12.1125,walking
421307271614779,-1.21695,2.49,9.33195,0.0380875,0.1329625,0.18865,-4.6687503,-33.787502,-12.6,walking
421307291621038,-1.1020501,2.67,8.98305,0.0845625,-0.047849998,0.2057,-4.275,-33.581253,-12.7875,walking
421307311622264,-1.11405,2.84505,8.97795,0.10285,-0.188375,0.2264625,-4.18125,-33.393753,-12.4875,walking
421307331618843,-1.047,2.91195,9.076051,0.094325,-0.210375,0.258225,-3.7875001,-33.487503,-12.88125,walking
421307351622878,-0.95595,3.1270502,9.09,0.0820875,-0.22013749,0.296175,-3.6937501,-33.393753,-12.6,walking
421307371622231,-0.47205,3.4309502,8.95905,0.0515625,-0.25685,0.241175,-4.36875,-33.300003,-13.181251,walking
421307391617428,-0.09900001,3.6850502,8.905951,-0.027775,-0.3546125,0.1287,-3.4875002,-33.487503,-12.975,walking
421307411620645,0.13695,3.5959501,9.46605,-0.093775,-0.3949,-0.0044,-3.0,-33.300003,-13.368751,walking
421307431618811,0.09900001,3.1990502,10.1320505,-0.109725,-0.38995,-0.0814,-3.0,-33.300003,-13.181251,walking
421307451613942,-0.003,2.7630002,10.729951,-0.0669625,-0.33495,-0.0886875,-2.7,-32.90625,-13.087501,walking
421307471617045,0.03195,2.6530502,10.552951,-0.03025,-0.35694999,-0.0862125,-2.5125,-33.0,-13.462501,walking
421307491615404,0.47700003,2.7510002,10.173,-0.0792,-0.447425,-0.1461625,-2.7,-32.90625,-13.668751,walking
421307511610310,0.71205,2.7250502,10.15305,-0.1755875,-0.5341875,-0.254925,-3.0937502,-33.09375,-13.575001,walking
421307531613642,0.81195,2.3470502,10.5720005,-0.2673,-0.5707625,-0.3452625,-2.7,-32.7,-13.575001,walking
421307551612765,0.87000006,1.674,11.266951,-0.3003,-0.519475,-0.399025,-3.3937502,-32.90625,-14.55,walking
421307571619219,0.70905006,0.99105006,12.246,-0.142725,-0.3361875,-0.377025,-3.1875002,-32.5125,-15.0375,walking
421307591620325,0.51495004,0.60300004,12.30105,0.1835625,-0.06985,-0.278025,-2.8125,-32.60625,-14.94375,walking
421307611616976,0.46005002,1.0129501,10.330951,0.4156625,0.032725,-0.2255,-2.8125,-32.41875,-15.525001,walking
421307631621521,0.58695,1.57605,8.0460005,0.3997125,-0.0638,-0.26345,-3.0,-32.41875,-15.31875,walking
421307651620848,0.71205,2.0740502,6.6910505,0.17379999,-0.238425,-0.399025,-3.0,-32.60625,-15.13125,walking
421307671616023,0.84795004,2.0299501,6.7650003,-0.1010625,-0.3961375,-0.5578375,-3.1875002,-32.7,-14.343751,walking
421307691619763,0.67305005,1.5180001,7.9240503,-0.2770625,-0.453475,-0.6373125,-3.5812502,-32.5125,-14.156251,walking
421307711618430,0.70005006,1.09395,9.09795,-0.314875,-0.41195,-0.6776,-4.275,-33.09375,-13.762501,walking
421307731624364,0.64005005,0.9580501,9.61905,-0.3075875,-0.33385,-0.6824125,-4.7625003,-32.7,-13.575001,walking
421307751624838,0.50100005,0.90300006,9.694051,-0.3185875,-0.215325,-0.642125,-5.4375,-32.8125,-13.668751,walking
421307771620926,0.37905002,1.02705,9.658051,-0.302775,-0.087037496,-0.5773625,-5.83125,-32.90625,-13.462501,walking
421307791624795,0.216,1.3219501,9.19305,-0.2685375,-0.0490875,-0.521125,-6.525,-32.8125,-11.90625,walking
421307811623803,0.13005,1.60905,8.710051,-0.21835,-0.12979999,-0.4772625,-7.2000003,-32.8125,-12.4875,walking
421307831618629,0.058050003,1.8720001,8.56095,-0.165825,-0.1749,-0.4357375,-8.38125,-32.7,-11.418751,walking
421307851621920,-0.049050003,2.1409502,8.169001,-0.165825,-0.2481875,-0.377025,-8.175,-32.41875,-11.231251,walking
421307871621083,0.18705001,2.49,8.061001,-0.214775,-0.3106125,-0.3575,-9.056251,-32.5125,-11.625,walking
421307891616243,0.59205,2.7250502,8.358001,-0.2440625,-0.3839,-0.399025,-9.84375,-32.2125,-11.325001,walking
421307911620134,0.76005006,2.7250502,8.6980505,-0.26235,-0.4169,-0.460075,-10.9125,-32.025,-10.5375,walking
421307931618969,0.65205,2.52795,8.98305,-0.29535,-0.3839,-0.4772625,-10.9125,-31.44375,-10.44375,walking
421307951613952,0.58305,2.289,9.35595,-0.3100625,-0.3069,-0.4552625,-12.468751,-31.35,-10.44375,walking
421307971617554,0.56295,2.29095,9.568951,-0.297825,-0.22385,-0.427075,-12.675,-30.656252,-10.35,walking
421307991616290,0.54195005,2.3700001,9.660001,-0.269775,-0.1859,-0.3905,-13.35,-30.562502,-10.931251,walking
421308011622492,0.58500004,2.5140002,9.660001,-0.2330625,-0.1896125,-0.366025,-13.743751,-30.468752,-10.25625,walking
421308031668143,0.67605,2.60805,9.745951,-0.203775,-0.193325,-0.3575,-13.650001,-30.16875,-10.44375,walking
421308051656062,0.64500004,2.6170502,9.924001,-0.176825,-0.1651375,-0.337975,-13.931251,-29.868752,-10.35,walking
421308071650253,0.48900002,2.60505,10.066951,-0.1645875,-0.0735625,-0.3012625,-14.137501,-29.681252,-10.44375,walking
421308091640957,0.35505003,2.56905,10.17,-0.1340625,-0.022275,-0.2426875,-14.325001,-29.1,-10.25625,walking
421308111629291,0.20400001,2.53305,9.957001,-0.1084875,-0.02585,-0.17545,-14.325001,-28.893751,-10.743751,walking
421308131627499,0.21105,2.5740001,9.591001,-0.1060125,-0.109037496,-0.1131625,-15.01875,-28.312502,-10.743751,walking
421308151622346,0.34500003,2.631,9.391951,-0.1475375,-0.1835625,-0.054449998,-14.718751,-27.91875,-10.44375,walking
421308171614783,0.81195,3.0220501,9.49005,-0.2160125,-0.1956625,-0.0741125,-15.3,-28.125002,-10.837501,walking
421308191615389,1.011,3.18495,9.5449505,-0.3381125,-0.210375,-0.1522125,-15.1125,-27.73125,-10.44375,walking
421308211613505,0.69495004,2.8849502,9.13605,-0.6204,-0.3447125,-0.19745,-15.01875,-27.337502,-10.5375,walking
421308231608581,0.73305005,2.33505,10.206,-0.876975,-0.4852375,-0.243925,-15.01875,-27.150002,-10.44375,walking
421308251612181,0.47505003,1.57095,12.378,-0.889075,-0.491425,-0.221925,-15.3,-26.456251,-10.837501,walking
421308271611852,0.039,0.59205,14.485051,-0.5654,-0.364375,-0.078925,-14.812501,-26.456251,-10.743751,walking
421308291618433,-0.35505003,0.036000002,15.009001,-0.0620125,-0.177375,0.164175,-14.418751,-26.362501,-10.837501,walking
421308311620166,-0.57105005,0.07395,13.495951,0.3521375,-0.100375,0.385275,-13.931251,-25.875002,-10.837501,walking
421308331617241,-0.549,0.57195,11.2879505,0.4901875,-0.1211375,0.5038,-14.043751,-25.968752,-10.837501,walking
421308351620491,-0.71895003,0.81705004,9.6,0.36685,-0.2286625,0.57475,-13.837501,-26.268751,-11.418751,walking
421308371620358,-0.77205,0.84300005,9.547951,0.2091375,-0.3471875,0.616275,-13.556251,-25.875002,-11.231251,walking
421308391615956,-0.633,0.43095002,10.503,0.182325,-0.4021875,0.6785625,-13.06875,-25.781252,-10.5375,walking
421308411619463,-0.43905002,0.028950002,11.31,0.2739,-0.38747498,0.7591375,-12.675,-26.062502,-10.743751,walking
421308431618461,-0.30495003,-0.19500001,11.455951,0.4181375,-0.31913748,0.83985,-12.281251,-26.175001,-10.931251,walking
421308451613584,-0.08505,-0.17805001,10.696951,0.4767125,-0.232375,0.89595,-11.793751,-25.875002,-11.231251,walking
421308471616903,0.12795001,-0.087000005,9.852,0.4156625,-0.12979999,0.9131375,-11.306251,-25.781252,-11.231251,walking
421308491615351,0.24705002,0.049950004,9.658051,0.36685,0.0229625,0.9229,-11.00625,-25.781252,-12.0,walking
421308511610458,0.13695,0.097950004,9.30795,0.3619,0.164725,0.9461375,-10.725,-25.781252,-11.8125,walking
421308531613982,-0.0049500004,0.22005,8.68995,0.392425,0.1890625,0.9937125,-10.33125,-26.062502,-11.71875,walking
421308551612891,0.27600002,0.44295,8.142,0.4181375,0.10725,0.99495,-10.03125,-26.175001,-12.20625,walking
421308571619764,0.52500004,0.78495,7.9360504,0.3961375,0.0584375,0.9472375,-9.450001,-25.66875,-11.71875,walking
421308591620865,0.63000005,1.0320001,7.6900506,0.3179,0.03025,0.8789,-9.356251,-25.575,-12.7875,walking
421308611617739,0.65205,1.1040001,7.6510506,0.12979999,0.1304875,0.83985,-9.243751,-25.875002,-12.39375,walking
421308631621880,0.915,1.28295,8.2570505,0.006325,0.2074875,0.776325,-8.868751,-25.66875,-12.3,walking
421308651621165,1.1520001,1.4770501,8.736,-0.0119624995,0.15125,0.6711375,-8.475,-25.48125,-13.275001,walking
421308671616261,1.2390001,1.44105,9.061951,-0.0204875,0.0974875,0.5625125,-8.38125,-25.48125,-12.975,walking
421308691608339,1.2910501,1.3939501,9.330001,-0.0229625,0.0290125,0.4745125,-7.2937503,-25.29375,-13.275001,walking
421308711609469,1.66005,1.26405,9.81105,-0.005775,-0.0235125,0.3755125,-7.5000005,-25.575,-13.856251,walking
421308731606692,1.9590001,1.1590501,10.26795,0.017324999,-0.00385,0.26565,-6.7125,-24.993752,-13.668751,walking
421308751611808,1.8079501,0.97005004,10.314,0.0088,0.0754875,0.2204125,-6.7125,-25.087502,-13.968751,walking
421308771611824,1.31295,0.63195,10.24905,-0.00825,0.170775,0.307175,-6.2250004,-24.900002,-13.856251,walking
421308791619262,1.45605,0.711,10.08195,0.0100375,0.1695375,0.4170375,-6.61875,-24.806252,-14.250001,walking
421308811620485,2.22,1.2379501,10.038,0.0600875,0.113299996,0.40974998,-6.01875,-24.806252,-14.7375,walking
421308831617361,2.6869502,1.5090001,9.62205,0.0638,0.0229625,0.33275,-5.7375,-24.900002,-14.250001,walking
421308851622020,2.6749501,1.6860001,9.258,0.0308,-0.1395625,0.2619375,-5.4375,-24.6,-15.0375,walking
421308871621660,2.9580002,1.8049501,8.96595,-0.08525,-0.3386625,0.1617,-5.34375,-24.900002,-15.0375,walking
421308891617247,3.3409503,1.8460501,9.17205,-0.2880625,-0.4351875,0.0103124995,-5.0437503,-24.806252,-15.0375,walking
421308911621122,3.6330001,1.45305,9.7560005,-0.51535,-0.4437125,-0.166925,-5.15625,-24.6,-15.806251,walking
421308931620243,3.55095,0.69000006,10.750051,-0.6386875,-0.3936625,-0.2952125,-5.0437503,-24.50625,-15.13125,walking
421308951615289,3.1350002,-0.058950003,12.01605,-0.5311625,-0.2996125,-0.3257375,-4.4625,-24.50625,-15.618751,walking
421308971618529,2.5840502,-0.55200005,12.912001,-0.1780625,-0.109037496,-0.2402125,-5.15625,-24.900002,-16.0125,walking
421308991617069,2.3850002,-0.51795,11.81505,0.1640375,-0.0466125,-0.1364,-5.34375,-24.6,-15.712501,walking
421309011611783,2.6490002,0.010050001,10.48095,0.3887125,-0.1285625,-0.1376375,-4.7625003,-24.69375,-15.806251,walking
421309031625771,3.006,0.35895002,9.460951,0.47547498,-0.221375,-0.2267375,-4.9500003,-24.900002,-15.31875,walking
421309051621348,3.17805,0.582,8.559,0.3839,-0.2836625,-0.3452625,-5.25,-25.3875,-16.0125,walking
421309071625104,3.59205,0.50295,8.21595,0.1640375,-0.2226125,-0.51507497,-5.53125,-25.3875,-15.712501,walking
421309091624133,3.4800003,0.41895002,8.323951,-0.11825,-0.0650375,-0.6408875,-5.925,-25.181252,-15.525001,walking
421309111618919,3.21405,0.22995001,9.021001,-0.2880625,0.14025,-0.7349375,-5.925,-25.3875,-15.431251,walking
421309131622110,2.6509502,-0.040050004,9.265051,-0.3161125,0.2660625,-0.7508875,-6.3187504,-25.575,-15.13125,walking
421309151620313,2.091,-0.18795002,9.271951,-0.225775,0.2820125,-0.692175,-6.80625,-25.781252,-15.225,walking
421309171615338,1.8540001,0.0049500004,9.033,-0.104775,0.247775,-0.625075,-6.2250004,-25.575,-15.712501,walking
421309191618726,1.81095,0.40695003,8.6640005,-0.004675,0.214775,-0.5663625,-6.525,-25.48125,-14.94375,walking
421309211617161,1.7010001,0.83805007,8.178,0.0345125,0.1915375,-0.51755,-6.80625,-25.781252,-14.55,walking
421309231612357,1.6890001,1.2790501,7.8360004,0.022275,0.153725,-0.4857875,-7.2000003,-26.062502,-15.31875,walking
421309251615540,1.7200501,1.64505,7.7160006,-0.0144375,0.0902,-0.4808375,-7.1062503,-25.875002,-14.64375,walking
421309271614486,1.9020001,1.9230001,7.96995,-0.060775,0.0462,-0.5102625,-7.0125003,-26.268751,-14.64375,walking
421309291620488,1.9710001,2.05695,8.236051,-0.1304875,0.08525,-0.5468375,-7.2937503,-26.268751,-14.55,walking
421309311621541,2.02605,2.1649501,8.335951,-0.258775,0.203775,-0.592075,-7.1062503,-26.362501,-14.45625,walking
421309331674624,1.6789501,1.9969501,8.44905,-0.3906375,0.2820125,-0.587125,-7.1062503,-26.75625,-14.64375,walking
421309351668312,1.5139501,1.8769501,8.84895,-0.4541625,0.2563,-0.5493125,-6.7125,-26.75625,-14.55,walking
421309371654901,1.4280001,1.8079501,9.49005,-0.4346375,0.186725,-0.49555,-6.3187504,-27.0375,-14.45625,walking
421309391639643,1.36995,1.71405,10.21605,-0.3223,0.13653749,-0.41854998,-6.7125,-27.150002,-13.856251,walking
421309411634495,1.31295,1.5850501,10.654051,-0.1573,0.1243,-0.30621248,-6.525,-27.431252,-14.156251,walking
421309431626737,1.45905,1.75995,10.479,-0.0583,0.1232,-0.20845,-6.01875,-27.431252,-13.856251,walking
421309451616860,1.7820001,2.02095,10.39995,-0.0242,0.170775,-0.161975,-5.64375,-27.73125,-13.368751,walking
421309471617121,2.0310001,2.28195,10.30395,-0.01925,0.2305875,-0.1705,-6.3187504,-27.825,-13.575001,walking
421309491612548,1.9210501,2.26305,9.99495,-0.052249998,0.2525875,-0.1912625,-6.4125004,-28.312502,-12.7875,walking
421309511606918,1.5259501,2.0689502,10.11705,-0.060775,0.2685375,-0.166925,-6.01875,-28.612501,-12.6,walking
421309531610226,1.365,1.9969501,10.21605,-0.03025,0.27225,-0.133925,-5.925,-28.612501,-12.7875,walking
421309551609674,1.16205,1.98705,10.00695,0.005225,0.25135,-0.1082125,-5.925,-28.800001,-13.087501,walking
421309571616646,0.95100003,2.02305,9.550051,-0.0242,0.1720125,-0.0972125,-5.7375,-29.19375,-12.6,walking
421309591617817,0.82905006,1.91805,9.604951,-0.1060125,0.1243,-0.0911625,-5.53125,-29.38125,-12.20625,walking
421309611614781,0.73605,1.5109501,9.81105,-0.2123,0.060775,-0.0532125,-5.4375,-29.2875,-11.625,walking
421309631619441,0.70905006,1.0870501,10.78995,-0.22453749,0.0314875,-0.001925,-5.15625,-29.493752,-12.0,walking
421309651617673,0.58995,0.64395005,11.367001,-0.087725,-0.1016125,0.0738375,-4.36875,-29.587502,-12.39375,walking
421309671625500,0.56805,0.32805002,11.712001,0.0455125,-0.1310375,0.1824625,-4.275,-29.681252,-12.69375,walking
421309691626540,0.81195,0.112950005,11.932051,0.1016125,0.0620125,0.28875,-3.8812501,-29.775002,-13.087501,walking
421309711623181,0.71205,-0.15195,11.793,0.154275,0.358875,0.423225,-3.1875002,-30.2625,-12.20625,walking
421309731616829,0.34800002,-0.13995,11.133,0.337425,0.4505875,0.5698,-3.0,-30.656252,-11.325001,walking
421309751618691,0.312,0.14895001,9.880051,0.5256625,0.2855875,0.6700375,-2.7,-30.35625,-11.71875,walking
421309771616503,0.42405003,0.53400004,8.6310005,0.541475,0.03025,0.7018,-2.41875,-30.468752,-11.118751,walking
421309791621792,0.74295,0.88605005,8.19705,0.41195,-0.1896125,0.6565625,-1.2375001,-30.2625,-11.8125,walking
421309811621640,1.18095,0.93900007,8.85105,0.2629,-0.27885,0.55385,-0.95625,-30.468752,-12.1125,walking
421309831618137,1.31505,0.651,9.825001,0.1566125,-0.232375,0.4610375,-0.26250002,-30.656252,-12.20625,walking
421309851622414,1.26705,0.22995001,10.540951,0.0760375,-0.1260875,0.4170375,0.61875004,-30.468752,-12.7875,walking
421309871621568,1.18305,-0.03705,11.401051,0.10285,0.0254375,0.3939375,0.80625004,-30.656252,-13.087501,walking
421309891616751,0.96795005,-0.31500003,11.88195,0.2556125,0.1744875,0.44275,1.29375,-30.075,-13.368751,walking
421309911620635,1.08105,-0.21000001,11.425051,0.4401375,0.2745875,0.5099875,2.2687502,-30.2625,-13.087501,walking
421309931619777,1.3920001,0.35700002,10.504951,0.572,0.34553748,0.5319875,2.8500001,-30.35625,-13.275001,walking
421309951614738,1.7530501,0.97905004,9.33495,0.591525,0.41635,0.501325,2.9625,-30.35625,-13.275001,walking
421309971617824,2.055,1.76205,8.439,0.5097125,0.49568748,0.39875,3.15,-30.075,-13.275001,walking
421309991616609,2.1790502,2.3800502,7.8499503,0.3876125,0.5031125,0.252175,3.73125,-30.35625,-13.462501,walking
421310011622171,2.08905,2.80605,7.7380505,0.2776125,0.4371125,0.095837496,3.54375,-30.2625,-13.368751,walking
421310031622572,1.8870001,3.04305,8.19495,0.2446125,0.2930125,-0.0301125,5.1000004,-30.16875,-13.275001,walking
421310051618759,1.57605,3.1390502,8.865001,0.3166625,0.1475375,-0.1302125,5.1000004,-30.468752,-13.275001,walking
421310071622868,1.0999501,2.979,9.2029505,0.36795,0.071775,-0.1351625,5.8875003,-30.2625,-13.181251,walking
421310091622198,1.023,3.01005,9.406051,0.34485,0.09625,-0.1326875,6.0750003,-29.98125,-13.181251,walking
421310111617144,0.99195004,2.9569502,9.865951,0.342375,0.164725,-0.1364,6.2812505,-30.2625,-13.087501,walking
421310131620658,0.73800004,2.9239502,10.1320505,0.4241875,0.1903,-0.122925,6.4687505,-30.075,-12.975,walking
421310151619870,0.51495004,2.6910002,9.78495,0.5072375,0.093775,-0.0666875,6.5625005,-30.2625,-13.181251,walking
421310171614955,0.61095005,2.8129501,9.604951,0.5561875,-0.0380875,-0.0276375,6.2812505,-30.16875,-13.087501,walking
421310191618668,0.906,2.98095,9.688951,0.5842375,-0.1016125,-0.0422125,6.1687503,-30.075,-12.88125,walking
421310211617697,1.0210501,3.1030502,9.526051,0.5451875,-0.088275,-0.0814,6.95625,-30.35625,-13.087501,walking
421310231623866,1.03005,3.1890001,9.18105,0.436425,-0.0785125,-0.1376375,6.675,-30.16875,-12.88125,walking
421310251624675,0.9990001,3.1579502,9.43995,0.3399,-0.098037496,-0.1912625,6.1687503,-30.075,-13.275001,walking
421310271621692,1.07295,3.0649502,9.98595,0.353375,-0.1456125,-0.238975,6.4687505,-30.562502,-13.275001,walking
421310291625846,1.10895,3.0289502,9.739051,0.35585,-0.2299,-0.2866875,6.4687505,-30.35625,-13.968751,walking
421310311625410,1.368,2.9670002,9.09,0.2311375,-0.3729,-0.3612125,6.0750003,-30.468752,-14.062501,walking
421310331577929,1.9740001,2.9590502,9.20505,-0.0119624995,-0.4059,-0.51507497,5.5875,-30.2625,-13.762501,walking
421310351590728,2.115,2.4709501,9.876,-0.2721125,-0.249425,-0.669075,5.1937504,-30.16875,-13.968751,walking
421310371597666,1.674,1.4250001,10.816951,-0.3663,-0.0515625,-0.68365,4.425,-30.2625,-13.575001,walking
421310391599829,1.212,0.81195,11.913,-0.0815375,0.082775,-0.592075,4.03125,-30.468752,-13.668751,walking
421310411609139,0.83205,0.61305004,11.32905,0.381425,0.0449625,-0.4478375,3.24375,-31.050001,-13.275001,walking
421310431612285,1.011,1.0680001,9.32505,0.6722375,-0.1408,-0.3623125,2.9625,-30.956251,-13.575001,walking
421310451610625,1.4320501,1.8250501,7.5990005,0.65505,-0.34595,-0.4137375,2.2687502,-30.843752,-13.762501,walking
421310471616599,1.863,2.5500002,6.70305,0.3741375,-0.4816625,-0.592075,1.8750001,-30.562502,-14.156251,walking
421310491617028,2.2350001,2.7460501,7.0410004,0.0100375,-0.4609,-0.84865,1.2,-30.843752,-13.856251,walking
421310511612903,1.8280501,2.4160502,7.8480005,-0.319825,-0.287375,-1.0379875,0.80625004,-30.750002,-13.762501,walking
421310531617111,1.11405,1.79805,8.904,-0.4786375,-0.1040875,-1.0709875,0.13125001,-30.750002,-14.156251,walking
421310551616227,0.669,1.8030001,9.48495,-0.4664,-0.0785125,-1.0575125,-0.075,-30.956251,-14.45625,walking
421310571622634,0.47505003,1.9420501,9.624001,-0.4151125,-0.1346125,-1.0527,-0.84375006,-30.843752,-13.968751,walking
421310591623017,0.25005,2.0659502,9.825001,-0.3991625,-0.094325,-1.0307,-1.44375,-30.843752,-14.250001,walking
421310611618744,-0.07305,1.9350001,10.210951,-0.3601125,0.082775,-0.9389875,-1.725,-30.750002,-13.762501,walking
421310631679014,-0.35505003,1.79295,10.189051,-0.258775,0.25025,-0.78265,-2.325,-30.656252,-14.062501,walking
421310651665162,-0.453,2.11695,9.84,-0.049775,0.2404875,-0.6274125,-3.0937502,-30.562502,-13.575001,walking
421310671648084,-0.36495003,2.6239502,9.10005,0.1420375,0.1280125,-0.5273125,-3.3000002,-30.656252,-14.55,walking
421310691640817,-0.17805001,3.153,8.20695,0.1725625,0.0204875,-0.4808375,-3.7875001,-30.562502,-13.462501,walking
421310711631321,0.16395001,3.73005,7.8690004,0.0858,-0.0430375,-0.5138375,-4.4625,-30.468752,-14.062501,walking
421310731619941,0.453,3.8760002,8.17305,-0.016775,-0.03575,-0.5908375,-4.4625,-31.050001,-13.968751,walking
421310751618709,0.29295,3.7039502,8.667001,-0.1280125,0.0864875,-0.6153125,-4.55625,-30.562502,-13.762501,walking
421310771614137,0.039,3.3709502,9.48495,-0.098725,0.203775,-0.5858875,-5.15625,-30.843752,-13.462501,walking
421310791617440,-0.51495004,3.18705,9.459001,-0.0265375,0.2490125,-0.4552625,-5.25,-30.750002,-13.762501,walking
421310811617624,-0.55395,3.3640501,9.15705,0.0125124995,0.2220625,-0.3427875,-5.83125,-30.562502,-12.6,walking
421310831614184,-0.35700002,3.4770002,9.049951,0.0088,0.19525,-0.2585,-5.7375,-30.750002,-12.7875,walking
421310851618379,-0.37695003,3.5130002,9.26805,0.0490875,0.1342,-0.172975,-6.01875,-30.750002,-12.88125,walking
421310871618473,-0.45105,3.45,9.77505,0.1628,0.0864875,-0.06545,-6.1312504,-30.843752,-12.69375,walking
421310891614408,-0.32205,3.5389502,9.547951,0.22013749,0.07425,0.0358875,-6.7125,-31.143751,-12.975,walking
421310911618728,-0.09900001,3.8190002,9.214951,0.1848,0.07425,0.0823625,-6.2250004,-30.956251,-12.4875,walking
421310931617933,-0.08895,3.8569503,9.20505,0.1065625,0.1084875,0.0994125,-7.1062503,-30.843752,-12.7875,walking
421310951613250,-0.27405003,3.8089502,9.29895,0.0235125,0.1744875,0.117699996,-7.2000003,-31.050001,-12.4875,walking
421310971617079,-0.855,3.6439502,9.33195,-0.0644875,0.25025,0.1703625,-7.2000003,-31.050001,-12.39375,walking
421310991615613,-1.38705,3.525,9.02295,-0.192775,0.2135375,0.2497,-7.3875003,-30.750002,-12.88125,walking
421311011610487,-1.5979501,3.28695,8.944051,-0.3894,0.065725,0.3169375,-7.6875005,-31.050001,-12.3,walking
421311031613910,-1.5810001,2.9620502,10.25205,-0.5116375,0.004675,0.385275,-7.5000005,-31.44375,-11.8125,walking
421311051612530,-1.6699501,2.35095,11.33895,-0.5116375,-0.022275,0.4855125,-7.5937505,-30.843752,-12.3,walking
421311071618562,-1.794,1.6519501,12.34395,-0.3601125,-2.75E-4,0.649275,-7.6875005,-31.237501,-11.8125,walking
421311091619386,-1.74405,1.0510501,12.70995,-0.091299996,0.0754875,0.8716125,-7.2937503,-31.237501,-11.90625,walking
421311111615750,-1.6459501,1.0339501,12.17205,0.1871375,0.24653749,1.0962875,-7.6875005,-31.143751,-12.1125,walking
421311131620528,-1.4800501,1.6789501,10.287001,0.326425,0.3430625,1.2172875,-7.2937503,-31.44375,-12.0,walking
421311151620030,-1.34895,2.3080502,8.122951,0.2226125,0.280775,1.22705,-6.9,-31.237501,-12.69375,walking
421311171615658,-1.21695,2.8969502,7.2990003,0.016224999,0.0902,1.13795,-7.1062503,-31.143751,-12.975,walking
421311191619938,-1.23105,2.904,7.8910503,-0.115775,-0.0710875,1.041425,-7.1062503,-31.35,-13.087501,walking
421311211618668,-1.2,2.38995,8.86305,-0.2000625,-0.100375,0.997425,-6.9,-31.237501,-13.668751,walking
421311231613718,-0.915,2.09805,9.84195,-0.2391125,-0.0198,0.9497125,-7.2937503,-30.843752,-13.087501,walking
421311251616836,-0.87195003,1.7340001,10.31595,-0.2525875,0.11825,0.9131375,-6.9,-30.843752,-12.975,walking
421311271615492,-1.09695,1.4299501,10.522051,-0.22453749,0.258775,0.9216625,-7.2000003,-31.050001,-13.368751,walking
421311291610664,-1.3800001,1.1329501,10.489051,-0.137775,0.3601125,0.9986625,-7.3875003,-30.562502,-13.087501,walking
421311311613448,-1.50705,1.09905,10.062,0.005225,0.385825,1.1182874,-7.0125003,-30.956251,-13.462501,walking
421311331611897,-1.116,1.6330501,9.21195,0.1150875,0.30635,1.1807125,-7.2000003,-30.35625,-13.462501,walking
421311351618368,-0.609,2.1979501,8.64,0.154275,0.2013,1.1587125,-7.1062503,-30.956251,-13.368751,walking
421311371618979,-0.24000001,2.7850502,8.305051,0.110275,0.15853749,1.067,-7.1062503,-30.468752,-14.156251,walking
421311391615249,-0.052950002,3.0649502,8.33895,0.0088,0.1830125,0.95713747,-7.2000003,-30.35625,-14.062501,walking
421311411619550,-0.09195001,3.1030502,8.877001,-0.0314875,0.20253749,0.8716125,-7.3875003,-30.35625,-14.156251,walking
421311431618470,-0.216,3.0700502,9.3490505,0.0270875,0.159775,0.8141375,-7.2000003,-30.35625,-13.968751,walking
421311451614239,-0.120000005,3.1060503,9.627001,0.072325,0.1500125,0.7701375,-6.9,-30.562502,-13.968751,walking
421311471618321,-0.063,3.18,9.423,0.0845625,0.0730125,0.7151375,-7.5000005,-30.35625,-14.64375,walking
421311491617080,0.049050003,3.2710502,9.835051,0.13585,0.0022,0.6565625,-7.5000005,-30.562502,-13.968751,walking
421311511623544,0.06795,3.1750503,10.110001,0.20185,-0.0075625,0.6210875,-7.5937505,-31.143751,-13.856251,walking
421311531624436,0.132,3.18,10.266001,0.298375,-0.0125124995,0.5990875,-7.2000003,-30.750002,-13.856251,walking
421311551620635,0.29295,3.3709502,9.69795,0.3130875,-0.0455125,0.5478,-7.6875005,-30.750002,-13.275001,walking
421311571624799,0.39600003,3.5479503,9.48495,0.259325,-0.044275,0.4769875,-7.6875005,-30.750002,-13.856251,walking
421311591624221,0.47205,3.58695,9.427951,0.1896125,-0.00275,0.4048,-7.7812505,-31.237501,-12.4875,walking
421311611630855,0.35505003,3.5269501,9.294001,0.1310375,-0.0015125,0.346225,-7.6875005,-31.143751,-12.88125,walking
421311631588984,0.22095,3.426,9.34395,0.133375,-0.0785125,0.31075,-7.9875,-31.237501,-12.3,walking
421311651594828,0.108,3.4720502,9.31995,0.143275,-0.171325,0.2864125,-8.175,-31.237501,-12.1125,walking
421311671596012,0.21405001,3.5269501,8.88195,0.03575,-0.2629,0.24365,-8.38125,-31.44375,-11.90625,walking
421311691604933,0.47505003,3.5130002,9.184051,-0.1340625,-0.304425,0.158125,-8.475,-31.237501,-12.20625,walking
421311711608124,0.55095005,3.0670502,10.038,-0.253825,-0.2811875,0.0848375,-8.868751,-31.237501,-11.71875,walking
421311731606866,0.393,2.32005,11.082001,-0.2440625,-0.2140875,0.0908875,-9.150001,-31.35,-11.71875,walking
421311751612876,0.36495003,1.695,11.974951,-0.0510125,-0.1175625,0.164175,-9.356251,-31.237501,-11.231251,walking
421311771613630,0.46005002,1.41495,12.073951,0.28861248,0.027775,0.2509375,-9.450001,-31.237501,-11.325001,walking
421311791621248,0.51795,1.674,10.2949505,0.4731375,0.1012,0.302225,-10.21875,-30.750002,-11.325001,walking
421311811623300,0.80805004,2.1720002,8.563951,0.442475,0.1304875,0.2569875,-10.425,-30.562502,-11.325001,walking
421311831620426,0.83205,2.703,7.3069506,0.281325,0.0682,0.136125,-11.212501,-30.656252,-10.743751,walking
421311851624963,0.786,2.8159502,6.8209505,0.02475,-0.0320375,-0.006875,-11.306251,-30.656252,-10.63125,walking
421311871624038,0.82005006,2.73195,7.1389503,-0.25753748,-0.1065625,-0.166925,-11.981251,-30.468752,-11.025001,walking
421311891619328,0.75705004,2.25105,8.382,-0.4505875,-0.08085,-0.2842125,-12.187501,-29.98125,-10.837501,walking
421311911622637,0.381,1.7020501,9.426001,-0.534875,-0.0198,-0.304975,-12.76875,-29.775002,-10.837501,walking
421311931620044,-0.01305,1.19505,10.185,-0.545875,0.0925375,-0.21945,-13.1625,-29.98125,-10.931251,walking
421311951626205,-0.20700002,1.044,10.75695,-0.4431625,0.175725,-0.078925,-13.25625,-29.38125,-10.63125,walking
421311971626279,-0.13695,1.1659501,10.92,-0.247775,0.2490125,0.0578875,-13.837501,-29.587502,-10.743751,walking
421311991622590,-0.08205,1.5780001,10.078951,-0.082775,0.2820125,0.1678875,-13.25625,-29.1,-11.118751,walking
421312011615442,0.05595,2.0640001,8.899051,-0.0400125,0.27101249,0.2448875,-14.718751,-29.00625,-10.743751,walking
421312031616671,0.32595003,2.6869502,8.00595,-0.087725,0.2050125,0.2459875,-14.718751,-28.500002,-10.931251,walking
421312051614415,0.54705,3.0910501,7.7419505,-0.137775,0.1012,0.192225,-14.812501,-28.406252,-11.231251,walking
421312071619747,0.61800003,3.2760003,7.7569504,-0.2233,0.0352,0.120175,-15.1125,-28.800001,-10.931251,walking
421312091618608,0.606,3.35505,8.121,-0.319825,0.026675,0.0506,-15.01875,-28.406252,-11.118751,walking
421312111615340,0.44595003,3.1249502,8.676001,-0.3784,0.043725,0.02365,-15.20625,-28.0125,-10.5375,walking
421312131619897,0.35295,2.9520001,9.543,-0.3235375,0.0559625,0.026124999,-15.3,-28.218752,-10.25625,walking
421312151619386,0.31695002,2.8639503,9.8539505,-0.25753748,0.0730125,0.054175,-15.7875,-28.125002,-10.25625,walking
421312171615199,0.52500004,2.98095,10.041,-0.2270125,0.1219625,0.0603625,-16.087502,-27.73125,-10.44375,walking
421312191619101,0.609,3.108,10.20405,-0.2000625,0.142725,0.048125,-15.993751,-27.91875,-10.25625,walking
421312211617970,0.54195005,3.1609502,10.647,-0.165825,0.247775,0.064075,-16.48125,-28.0125,-10.25625,walking
421312231613243,0.43395,3.1750503,10.599001,-0.13653749,0.3100625,0.087175,-16.7625,-27.431252,-10.44375,walking
421312251616409,0.24705002,3.21795,11.02995,-0.0094875,0.2820125,0.11165,-16.96875,-27.431252,-10.837501,walking
421312271615287,0.094050005,3.18,11.449051,0.2299,0.1670625,0.147125,-17.15625,-27.431252,-10.63125,walking
421312291609912,0.04605,3.2400002,11.57295,0.486475,0.0950125,0.1788875,-17.25,-26.85,-10.25625,walking
421312311612864,0.051000003,3.3400502,10.908001,0.568425,0.115775,0.20693749,-17.550001,-27.0375,-10.25625,walking
421312331611548,0.29295,3.5680501,10.40205,0.5159,0.2013,0.18493749,-17.550001,-26.550001,-9.8625,walking
421312351617737,0.37905002,3.4770002,10.422001,0.4632375,0.28435,0.13859999,-17.85,-26.456251,-10.44375,walking
421312371618538,0.12795001,3.1630502,10.87905,0.4987125,0.391875,0.1373625,-17.94375,-25.968752,-11.025001,walking
421312391614826,-0.39795002,2.9209502,10.672951,0.5927625,0.462825,0.219175,-17.550001,-26.175001,-10.743751,walking
421312411619177,-0.59400004,3.21105,9.663,0.6087125,0.407825,0.2814625,-17.75625,-25.968752,-10.35,walking
421312431619114,-0.55395,3.52005,8.844001,0.458425,0.31735,0.2607,-18.243752,-25.875002,-10.931251,walking
421312451614532,-0.77895004,3.4770002,8.89395,0.2556125,0.2673,0.230175,-18.243752,-25.875002,-10.44375,walking
421312471618300,-1.18095,2.94495,9.562051,0.1456125,0.231825,0.2594625,-18.73125,-25.29375,-10.837501,walking
421312491616732,-1.3440001,2.36295,10.156051,0.1225125,0.1659625,0.329175,-18.825,-25.575,-10.35,walking
421312511623082,-1.3920001,1.6810501,10.797001,0.1725625,0.15125,0.4415125,-19.0125,-25.29375,-9.95625,walking
421312531624490,-1.452,1.197,11.644951,0.3741375,0.297825,0.6150375,-19.0125,-25.181252,-10.25625,walking
421312551620782,-1.5280501,1.233,10.76595,0.5842375,0.43835,0.79461247,-19.40625,-24.69375,-10.44375,walking
421312571625189,-1.4089501,1.9060501,8.83905,0.5806625,0.4225375,0.8716125,-19.21875,-24.806252,-11.118751,walking
421312591623897,-1.29795,2.56695,7.623,0.425425,0.2820125,0.8569,-19.5,-24.50625,-11.231251,walking
421312611618799,-1.215,2.9929502,7.6080003,0.2726625,0.1109625,0.7896625,-19.10625,-24.50625,-11.418751,walking
421312631621511,-1.1400001,2.9950502,7.8619504,0.1236125,-0.0100375,0.732325,-19.5,-23.925001,-11.625,walking
421312651619920,-0.82695,2.9280002,8.547,-0.01925,-0.0405625,0.672375,-19.5,-23.325,-12.88125,walking
421312671615007,-0.53505003,2.7199502,9.3490505,-0.10725,0.0132,0.6125625,-19.706251,-23.325,-11.8125,walking
421312691618132,-0.52005005,2.4829502,9.97395,-0.132825,0.1145375,0.5880875,-20.19375,-22.462502,-12.4875,walking
421312711616922,-0.54705,2.2789502,10.44795,-0.0510125,0.2050125,0.6040375,-20.962502,-22.06875,-12.6,walking
421312731622960,-0.62100005,2.265,10.52505,0.1335125,0.27225,0.6590375,-21.45,-21.1875,-12.88125,walking
421312751624062,-0.49395,2.5090501,9.691051,0.30085,0.2783,0.7029,-21.2625,-20.98125,-12.69375,walking
421312771620588,-0.31395,2.91405,8.446051,0.3166625,0.258775,0.7041375,-21.84375,-20.306252,-12.88125,walking
421312791625056,-0.15195,3.4410002,7.8139505,0.2508,0.2380125,0.6516125,-21.84375,-19.331251,-12.975,walking
421312811624016,-0.075,3.7849503,7.5319505,0.16885,0.2013,0.5625125,-22.331251,-18.84375,-13.762501,walking
421312831619516,-0.30195,3.8550003,7.8739505,0.15785,0.1634875,0.4965125,-23.212502,-18.35625,-14.250001,walking
421312851623364,-0.42195,3.9870002,7.872,0.1566125,0.109725,0.4415125,-23.118752,-17.175001,-14.64375,walking
421312871622399,-0.45795003,4.1779504,7.8450003,0.094325,0.0424875,0.3707,-23.7,-16.6875,-14.250001,walking
421312891617203,-0.49905002,4.164,8.487,0.0699875,0.0132,0.3034625,-23.90625,-15.618751,-14.45625,walking
421312911632144,-0.717,4.0080004,9.15705,0.127325,0.0132,0.2864125,-24.093752,-14.94375,-15.13125,walking
421312931596551,-0.85800004,3.9630003,9.13605,0.1518,0.01815,0.2985125,-24.093752,-14.250001,-15.225,walking
421312951596016,-0.762,4.0800004,9.03495,0.1236125,0.0059125,0.2949375,-24.675001,-13.087501,-15.918751,walking
421312971603784,-0.75705004,4.116,9.34395,0.1175625,0.043725,0.2924625,-24.975,-12.7875,-16.40625,walking
421312991606361,-0.91800004,3.9790502,9.483001,0.1590875,0.1012,0.3377,-24.768751,-11.418751,-16.59375,walking
421313011615494,-0.89595,4.07805,8.937,0.1615625,0.0950125,0.3840375,-24.581251,-10.837501,-16.40625,walking
421313031618567,-0.67605,4.3309503,8.52495,0.099275,0.0229625,0.3755125,-24.675001,-9.8625,-17.38125,walking
421313051616447,-0.573,4.36695,8.66895,0.033275,-0.036849998,0.3499375,-24.768751,-8.587501,-17.175001,walking
421313071622362,-0.63795,4.2499504,9.30795,0.0369875,-0.028324999,0.3620375,-24.675001,-7.8,-17.962502,walking
421313091622996,-0.78795004,4.1950502,9.552,0.09075,-0.0210375,0.4170375,-24.768751,-6.9187503,-18.35625,walking
421313111618959,-0.57105005,4.5880504,8.985001,0.0785125,-0.12979999,0.4158,-24.88125,-5.7562504,-18.75,walking
421313131622850,-0.01995,4.85295,8.82195,-0.0534875,-0.2556125,0.3169375,-24.487501,-4.78125,-19.03125,walking
421313151622376,0.46500003,4.7719502,9.073951,-0.2941125,-0.309375,0.1483625,-24.581251,-3.2250001,-19.237501,walking
421313171617235,0.44400004,3.8719501,10.31595,-0.4921125,-0.17613749,0.043175,-24.768751,-2.625,-19.237501,walking
421313191620341,0.058050003,2.80095,12.097951,-0.39435,0.1122,0.0774125,-24.393751,-1.25625,-19.425001,walking
421313211618845,-0.39795002,1.98705,12.5119505,-0.0424875,0.3185875,0.2387,-24.975,-0.58125,-20.306252,walking
421313231612047,-0.57495004,1.9780501,10.98705,0.2739,0.2855875,0.407275,-24.487501,0.975,-20.306252,walking
421313251615804,-0.36,2.5399501,9.706051,0.49995,0.18425,0.4818,-24.187502,1.66875,-20.212502,walking
421313271614232,-0.192,3.0600002,8.425051,0.568425,0.10725,0.48427498,-23.90625,3.43125,-21.375,walking
421313291620358,-0.22605,3.49305,7.2970505,0.4437125,0.0242,0.44275,-23.306252,3.7125,-21.768751,walking
421313311621184,0.10095,3.9600003,7.1719503,0.22013749,0.0034375,0.33275,-23.025002,5.5687504,-21.975,walking
421313331617425,0.25905,4.0030503,7.7689505,0.006325,0.052249998,0.1898875,-22.931252,6.05625,-22.35,walking
421313351621781,-0.07305,3.63,8.323951,-0.176825,0.1145375,0.1056,-22.143751,8.212501,-22.837502,walking
421313371620851,-0.492,3.1890001,8.66205,-0.3845875,0.203775,0.10065,-21.75,8.606251,-22.650002,walking
421313391615142,-0.71400005,2.799,9.588,-0.4981625,0.22825,0.13859999,-21.16875,10.462501,-23.34375,walking
421313411618950,-0.89595,2.4810002,10.71105,-0.463925,0.3003,0.2094125,-20.681252,10.837501,-22.95,walking
421313431618205,-1.5120001,1.8940501,11.544001,-0.2745875,0.451825,0.412225,-19.706251,12.806251,-24.112501,walking
421313451613600,-2.05995,1.5799501,10.972051,-0.071775,0.5421625,0.732325,-18.825,13.087501,-23.625,walking
421313471617330,-1.761,2.09295,9.78195,0.0589875,0.48235,0.9889,-17.643751,14.175,-24.31875,walking
421313491616033,-1.07595,2.83995,8.985001,0.1115125,0.385825,1.111,-17.456251,14.55,-24.69375,walking
421313511622650,-0.48405004,3.4459503,8.51805,0.0710875,0.352825,1.133,-16.087502,15.525001,-25.3875,walking
421313531623545,-0.17805001,3.8380501,8.25,-0.0400125,0.3711125,1.1061875,-15.20625,15.825001,-25.181252,walking
421313551619888,-0.14205001,3.8929503,8.37705,-0.13653749,0.3980625,1.0767624,-14.137501,16.800001,-25.48125,walking
421313571624194,-0.26895002,3.7740002,8.865001,-0.17325,0.4114,1.064525,-13.743751,17.1,-25.087502,walking
421313591622984,-0.56805,3.5149503,9.214951,-0.1780625,0.4236375,1.1012375,-12.468751,17.775002,-25.48125,walking
421313611618064,-0.68295,3.4099503,9.45705,-0.1755875,0.451825,1.1512874,-11.981251,18.16875,-25.968752,walking
421313631621360,-0.77595,3.3400502,9.580951,-0.1670625,0.5031125,1.202575,-10.725,18.5625,-25.875002,walking
421313651619654,-1.0129501,3.1729503,9.672001,-0.1450625,0.52635,1.287,-10.6125,18.956251,-26.362501,walking
421313671614718,-1.09305,2.9950502,9.74205,-0.093775,0.5201625,1.3871,-9.150001,19.837502,-26.268751,walking
421313691618149,-0.97800004,2.94705,10.030951,-0.00825,0.52635,1.4751,-8.38125,19.237501,-25.968752,walking
421313711617034,-0.74295,2.9520001,10.077001,0.0710875,0.5581125,1.5349125,-7.6875005,20.118752,-25.575,walking
421313731612006,-0.573,2.9550002,9.8230505,0.1126125,0.5946875,1.5728625,-7.1062503,20.5125,-25.48125,walking
421313751615333,-0.55395,3.03795,9.65505,0.1285625,0.6314,1.5923874,-5.925,20.41875,-25.968752,walking
421313771614332,-0.50100005,3.015,9.423,0.0955625,0.6692125,1.5948625,-5.0437503,20.5125,-26.6625,walking
421313791620531,-0.597,2.8879502,9.682051,0.0906125,0.6997375,1.6094375,-4.36875,20.60625,-26.75625,walking
421313811621637,-0.69000006,2.6790001,9.769951,0.109037496,0.73768747,1.6424375,-3.3937502,20.8125,-26.456251,walking
421313831618507,-0.84795004,2.63895,9.58605,0.09185,0.788975,1.69015,-2.8125,20.90625,-26.94375,walking
421313851623200,-0.90300006,2.6790001,9.379951,0.0198,0.8157875,1.7364875,-2.8125,20.8125,-27.0375,walking
421313871622095,-0.79305005,2.67195,9.31305,-0.0779625,0.8305,1.7609625,-1.63125,20.8125,-26.85,walking
421313891617305,-0.85305005,2.5069501,9.7560005,-0.1524875,0.9307375,1.7890124,-1.2375001,21.0,-27.150002,walking
421313911620595,-1.45395,2.2680001,10.05795,-0.1010625,1.0406,1.8770125,-1.1437501,21.393751,-26.550001,walking
421313931619092,-1.95,2.361,8.929951,-0.1280125,0.9392625,1.9540125,-0.35625002,21.09375,-26.268751,walking
421313951613946,-2.15295,2.667,8.158951,-0.275825,0.64968747,1.9625375,-0.075,21.581251,-26.362501,walking
421313971616916,-1.9879501,2.60805,8.944051,-0.4041125,0.39435,1.9100125,0.13125001,21.581251,-26.175001,walking
421313991615536,-2.0670002,1.7190001,10.074,-0.3491125,0.120725,1.90025,1.29375,21.487501,-26.362501,walking
421314011621511,-2.26605,0.92205006,12.246,0.0380875,-0.055275,2.0235875,1.5937501,21.975,-25.968752,walking
421314031622346,-2.08395,0.27105,12.732,0.4059,0.1610125,2.2386374,2.2687502,21.581251,-26.268751,walking
421314051619018,-1.47105,0.44805002,11.607,0.5597625,0.56168747,2.4244,2.2687502,21.69375,-25.875002,walking
421314071623807,-1.1329501,1.13505,9.847051,0.480425,0.9233125,2.4842124,3.3375,21.581251,-26.175001,walking
421314091622990,-1.0540501,1.6519501,8.710051,0.3471875,1.1358875,2.4707375,3.45,21.7875,-26.062502,walking
421314111618800,-1.31805,1.9710001,7.9200006,0.20185,1.181125,2.443925,3.54375,21.975,-26.268751,walking
421314131622449,-1.4950501,2.2050002,7.4770503,0.0430375,1.0907875,2.4011624,4.33125,21.975,-25.66875,walking
421314151621120,-1.6500001,2.4829502,7.6320004,-0.054725,0.8537375,2.3376374,4.70625,22.181252,-25.087502,walking
421314171616236,-1.62195,2.50005,8.406,-0.1010625,0.65587497,2.2691624,5.1937504,22.556252,-24.993752,walking
421314191619399,-1.389,2.4490502,9.061951,-0.20625,0.6032125,2.1910625,5.1000004,22.368752,-24.806252,walking
421314211640838,-0.975,2.4540002,9.64605,-0.40535,0.6386875,2.08835,5.49375,22.462502,-24.993752,walking
421314231610866,-0.77400005,2.2120502,10.85505,-0.5324,0.7401625,1.98825,6.1687503,21.975,-25.29375,walking
421314251613563,-0.94395006,1.8580501,12.46905,-0.374825,0.8892125,1.9515375,5.8875003,22.66875,-25.781252,walking
421314271611984,-1.31805,1.5319501,12.745951,-0.0595375,1.0247875,2.0053,6.4687505,21.7875,-25.29375,walking
421314291618210,-1.5690001,1.64505,11.109,0.110275,1.043075,2.0761125,6.95625,21.581251,-25.66875,walking
421314311619534,-1.4250001,2.1450002,9.768001,0.1188,0.97955,2.0761125,7.2562504,21.7875,-25.875002,walking
421314331616455,-1.3369501,2.5090501,9.12405,0.0748,0.9222125,2.0260625,7.3500004,21.581251,-25.3875,walking
421314351621175,-1.4830501,2.5879502,8.928,0.0380875,0.8537375,1.9955375,7.5375004,21.581251,-25.3875,walking
421314371621236,-1.65495,2.5399501,9.045,0.0479875,0.7852625,2.0053,8.231251,21.0,-25.48125,walking
421314391617233,-1.5190501,2.6910002,8.99505,0.06875,0.6436375,1.991825,8.025001,20.90625,-25.181252,walking
421314411620933,-1.1740501,2.8639503,9.234,0.0820875,0.52635,1.9283,8.71875,21.0,-24.806252,walking
421314431619673,-0.97005004,2.88,9.58395,0.0895125,0.4725875,1.8392,9.1125,20.41875,-25.29375,walking
421314451614646,-1.00905,2.63895,9.98805,0.10175,0.4945875,1.7804875,9.20625,20.41875,-25.29375,walking
421314471618071,-1.176,2.43495,10.09095,0.1395625,0.523875,1.7719625,9.39375,20.212502,-25.875002,walking
421314491616872,-1.0849501,2.65995,9.79395,0.1395625,0.496925,1.7389625,9.6,20.5125,-25.3875,walking
421314511611754,-0.73095006,2.8879502,9.574051,0.03575,0.5031125,1.6473875,9.69375,20.325,-25.29375,walking
421314531614235,-0.441,2.84505,9.700951,-0.143825,0.512875,1.5263875,10.481251,20.7,-24.6,walking
421314551613351,-0.20205002,2.3470502,10.46205,-0.2795375,0.56168747,1.44815,10.481251,20.5125,-25.087502,walking
421314571619292,-0.05595,1.8460501,11.608951,-0.181775,0.6094,1.433575,11.3625,20.212502,-24.900002,walking
421314591619991,0.039,1.5280501,11.81505,0.083325,0.612975,1.4788125,11.45625,19.5375,-25.087502,walking
421314611616328,0.31395,1.7500501,10.56,0.23485,0.573925,1.5043875,12.0375,19.143751,-24.69375,walking
421314631620769,0.74295,2.16195,9.34395,0.1969,0.518925,1.45915,13.106251,19.237501,-24.806252,walking
421314651619818,0.88395005,2.466,8.913,0.182325,0.4591125,1.384625,13.200001,18.84375,-24.69375,walking
421314671614979,0.98505,2.77005,8.86005,0.232375,0.40535,1.2967625,13.200001,18.75,-24.806252,walking
421314691617469,0.90105003,2.96895,8.295,0.23485,0.3430625,1.2062875,13.593751,18.2625,-25.3875,walking
421314711616871,0.82005006,3.25395,7.4550004,0.0515625,0.2525875,1.097525,14.08125,17.98125,-24.69375,walking
421314731612189,0.89895004,3.4380002,7.7569504,-0.1865875,0.2355375,0.96442497,14.08125,17.681252,-24.993752,walking
421314751615697,0.68505,3.213,8.476951,-0.3625875,0.24653749,0.870375,14.681251,17.493752,-25.181252,walking
421314771614879,0.312,2.73195,9.126,-0.4786375,0.2745875,0.8581375,14.775001,17.00625,-25.781252,walking
421314791621444,0.094050005,2.3389502,9.98295,-0.4505875,0.314875,0.9119,14.681251,17.1,-25.48125,walking
421314811622288,-0.135,2.02305,10.41195,-0.280775,0.3320625,1.0316625,15.056251,16.40625,-25.29375,walking
421314831618811,-0.17805001,2.05905,10.033951,-0.069299996,0.30153748,1.174525,15.543751,16.3125,-25.181252,walking
421314851622775,0.120000005,2.60295,9.01095,0.03575,0.2220625,1.243,15.750001,15.731251,-24.50625,walking
421314871622300,0.56595004,3.0910501,8.343,0.02475,0.1780625,1.229525,15.656251,16.125,-24.900002,walking
421314891617014,0.76005006,3.58905,7.8930006,-0.049775,0.1280125,1.1587125,16.050001,15.637501,-24.900002,walking
421314911620259,0.89400005,3.831,7.8619504,-0.1340625,0.0840125,1.064525,16.237501,15.731251,-24.806252,walking
421314931619205,1.03995,4.0459504,8.179951,-0.2110625,0.06325,0.9411875,15.750001,15.337501,-24.900002,walking
421314951614044,1.11195,3.9870002,8.916,-0.214775,0.082775,0.8116625,16.050001,15.431251,-24.806252,walking
421314971617147,0.85800004,3.7879503,9.02595,-0.22935,0.1243,0.7286125,16.050001,14.45625,-25.3875,walking
421314991615608,0.70005006,3.7690501,8.937,-0.3125375,0.1695375,0.6601375,16.143751,15.0375,-24.69375,walking
421315011621944,0.57795,3.7020001,9.259951,-0.36135,0.2110625,0.594275,16.331251,14.3625,-25.29375,walking
421315031623246,0.26205,3.5269501,9.706051,-0.33935,0.23925,0.5795625,15.843751,14.55,-25.29375,walking
421315051619432,0.03195,3.3589501,9.900001,-0.27335,0.231825,0.6100875,16.050001,14.26875,-25.66875,walking
421315071624307,0.00795,3.31905,10.25895,-0.1353,0.1695375,0.65285,16.331251,14.062501,-25.575,walking
421315091623644,0.28605002,3.4980001,10.40505,0.0380875,0.1255375,0.6650875,16.425001,14.175,-25.781252,walking
421315111618886,0.48405004,3.7039502,9.880051,0.1040875,0.1353,0.6578,16.050001,14.062501,-25.875002,walking
421315131622172,0.76005006,3.9199502,9.588,0.0930875,0.18053749,0.61861247,15.843751,13.875001,-25.575,walking
421315151620784,1.03695,4.1350503,9.523951,0.0650375,0.22825,0.5405125,15.937501,14.062501,-25.48125,walking
421315171615970,1.0350001,4.01805,9.43305,0.0405625,0.275825,0.47079998,15.356251,13.968751,-26.175001,walking
421315191608078,0.99000007,4.056,9.739051,0.0906125,0.28435,0.39627498,15.262501,13.875001,-25.875002,walking
421315211609203,0.51495004,3.7810502,9.675,0.132275,0.2745875,0.401225,14.56875,14.062501,-26.268751,walking
421315231606213,0.40800002,3.6319501,9.627001,0.160325,0.286825,0.4134625,14.38125,14.6625,-26.062502,walking
421315251611093,0.372,3.65895,9.604951,0.1896125,0.3051125,0.42075,13.9875,15.150001,-26.062502,walking
421315271611315,0.22605,3.6150002,9.547951,0.2226125,0.35035,0.423225,13.406251,15.525001,-25.781252,walking
421315291618606,-0.22800002,3.5050502,9.342,0.25685,0.3993,0.46475,13.593751,15.525001,-25.575,walking
421315311620205,-0.82395005,3.6730502,8.5990505,0.2068,0.4041125,0.5148,13.012501,15.431251,-25.875002,walking
421315331617260,-1.16205,3.7759502,7.6800003,0.01375,0.247775,0.534325,12.918751,15.150001,-26.362501,walking
421315351622104,-1.1020501,3.69,7.4410505,-0.34553748,-0.0088,0.5110875,12.0375,15.431251,-26.550001,walking
421315371621997,-0.657,3.216,9.35595,-0.6252125,-0.0785125,0.4549875,11.7375,16.125,-26.362501,walking
421315391617857,-0.72900003,2.1649501,12.121051,-0.5812125,0.093775,0.4989875,11.15625,15.825001,-26.362501,walking
421315411621238,-0.93000007,1.1689501,13.414051,-0.280775,0.3565375,0.6626125,10.762501,16.800001,-25.875002,walking
421315431620339,-1.21695,0.915,12.46605,0.0405625,0.4481125,0.8789,9.69375,17.1,-26.456251,walking
421315451615351,-0.822,1.4320501,11.049001,0.2519,0.3686375,0.9766625,9.39375,17.98125,-25.968752,walking
421315471618587,-0.43395,2.0020502,9.8880005,0.3020875,0.25135,0.9656625,9.01875,18.35625,-25.968752,walking
421315491616796,-0.28605002,2.39205,9.32295,0.221375,0.209825,0.9106625,8.71875,18.16875,-25.575,walking
421315511657286,-0.22095,2.4880502,9.430051,0.121275,0.214775,0.8556625,7.93125,18.5625,-25.48125,walking
421315531629955,0.034050003,2.358,9.957001,0.1078,0.214775,0.7921375,7.5375004,18.65625,-25.66875,walking
421315551623508,0.20700002,2.1690001,10.065001,0.1126125,0.187825,0.716375,7.2562504,18.75,-25.968752,walking
421315571625708,0.252,1.98705,10.201051,0.09185,0.2110625,0.6540875,6.5625005,18.5625,-25.968752,walking
421315591623534,0.18495001,1.84395,10.339951,0.110275,0.26125,0.61861247,5.5875,19.237501,-25.781252,walking
421315611617816,0.087000005,1.76205,10.158001,0.1676125,0.324775,0.60885,5.68125,19.35,-25.781252,walking
421315631620554,0.18,1.9440001,9.39,0.17985,0.324775,0.5918,5.1000004,19.5375,-25.48125,walking
421315651618765,0.20700002,2.1379502,8.752951,0.1518,0.286825,0.561275,4.425,19.837502,-25.575,walking
421315671612989,0.27795002,2.4400501,8.446051,0.11385,0.26125,0.523325,4.51875,19.931252,-25.66875,walking
421315691616966,0.264,2.6509502,8.146951,0.0760375,0.220825,0.4805625,4.425,20.025002,-25.875002,walking
421315711616339,0.26895002,2.8470001,8.20005,0.0820875,0.1549625,0.429275,4.03125,20.025002,-25.29375,walking
421315731611530,0.14895001,3.11295,8.20905,0.0930875,0.1060125,0.3779875,4.125,20.118752,-25.087502,walking
421315751615535,0.08205,3.3400502,8.20395,0.0930875,0.071775,0.3254625,3.3375,20.025002,-25.48125,walking
421315771614633,0.11595,3.5839503,8.35005,0.0845625,0.0339625,0.2534125,3.15,19.725,-25.087502,walking
421315791621021,0.05595,3.6390002,8.700001,0.094325,0.004675,0.1898875,3.15,19.931252,-25.66875,walking
421315811622089,-0.11595,3.663,9.20505,0.15785,-0.0235125,0.1507,3.54375,19.63125,-25.66875,walking
421315831617273,-0.21105,3.65895,9.639001,0.259325,-0.02585,0.131175,2.6625001,19.725,-25.875002,walking
421315851622239,-0.20205002,3.7540503,9.403951,0.2726625,-0.033275,0.1128875,3.24375,19.63125,-25.3875,walking
421315871621342,-0.01695,3.9100502,9.366,0.21779999,-0.00275,0.0713625,2.4750001,19.5375,-25.875002,walking
421315891616702,0.156,4.02495,9.48795,0.1835625,0.037675,0.0066,2.4750001,19.725,-25.968752,walking
421315911620327,0.064950004,3.9049501,9.61905,0.2006125,0.0595375,-0.032449998,2.1750002,19.837502,-25.29375,walking
421315931618874,-0.00795,3.83295,9.59595,0.243375,0.0559625,-0.050875,1.9875001,19.837502,-24.993752,walking
421315951613610,0.064950004,3.8910003,9.26805,0.25685,0.0169125,-0.0716375,1.7812501,20.212502,-24.993752,walking
421315971617054,0.052950002,4.02495,8.928,0.21285,-0.0210375,-0.1021625,1.5937501,20.325,-25.29375,walking
421315991618516,0.14895001,4.06995,9.01605,0.1786125,-0.0600875,-0.1364,1.7812501,20.325,-25.48125,walking
421316011613285,0.29805002,4.06995,9.1380005,0.17985,-0.1150875,-0.172975,1.8750001,20.025002,-25.575,walking
421316031616292,0.40995002,4.0939503,9.177,0.177375,-0.1651375,-0.2206875,1.6875001,19.63125,-25.181252,walking
421316051614646,0.52995,4.18305,9.291,0.1651375,-0.20185,-0.2756875,1.7812501,19.725,-25.575,walking
421316071620532,0.70695,4.1950502,8.88405,0.055275,-0.2921875,-0.3537875,2.1750002,19.725,-25.3875,walking
421316091621140,1.1190001,4.2450004,8.68995,-0.165825,-0.37895,-0.4893625,1.29375,19.5375,-25.087502,walking
421316111617331,1.53795,3.85995,8.97105,-0.4774,-0.41195,-0.675125,1.6875001,19.725,-25.181252,walking
421316131621866,1.50195,2.9160001,10.434001,-0.64845,-0.31295,-0.785125,1.6875001,20.212502,-25.575,walking
421316151621171,1.095,1.8600001,12.118951,-0.4811125,-0.13213749,-0.75941247,1.2,19.63125,-24.900002,walking
421316171616348,0.61800003,1.1520001,12.4140005,-0.0779625,-0.044275,-0.6116,2.1750002,19.837502,-24.50625,walking
421316191619579,0.61395,1.4130001,10.90005,0.2531375,-0.1370875,-0.4906,2.4750001,20.118752,-24.900002,walking
421316211617829,1.2600001,2.09295,9.556951,0.4131875,-0.259325,-0.5273125,2.2687502,19.63125,-24.6,walking
421316231623532,1.6669501,2.65995,8.39805,0.381425,-0.3361875,-0.675125,2.7562501,19.837502,-24.6,walking
421316251624158,1.8199501,2.8879502,7.6129503,0.1750375,-0.381425,-0.8644625,2.4750001,20.025002,-24.69375,walking
421316271620657,2.0070002,2.8830001,7.48605,-0.11825,-0.409475,-1.072225,2.6625001,20.212502,-24.50625,walking
421316291625188,2.00895,2.60295,8.3220005,-0.3515875,-0.3887125,-1.271325,2.9625,19.5375,-24.50625,walking
421316311624140,1.7560501,2.0710502,9.02295,-0.5091625,-0.38747498,-1.3886125,2.9625,19.5375,-24.69375,walking
421316331619591,1.3770001,1.71405,9.909,-0.562925,-0.353375,-1.4251875,2.5687501,19.35,-24.50625,walking
421316351623145,0.88695,1.4130001,10.73805,-0.4701125,-0.232375,-1.35685,2.6625001,19.237501,-24.50625,walking
421316371622153,0.43395,1.35105,10.654051,-0.2893,-0.1065625,-1.21385,2.6625001,19.5375,-25.087502,walking
421316391617005,0.16095,1.8010501,9.528001,-0.14025,-0.1236125,-1.0660375,2.8500001,19.143751,-24.69375,walking
421316411620500,0.34095,2.5570502,8.37195,-0.071775,-0.265375,-1.0049875,2.5687501,19.050001,-25.181252,walking
421316431619039,0.55605,3.1320002,7.9909506,-0.0644875,-0.3656125,-1.0074625,2.6625001,18.84375,-24.6,walking
421316451614089,0.80805004,3.5719502,7.83795,-0.1109625,-0.4046625,-1.0538,1.7812501,18.46875,-25.181252,walking
421316471617333,0.95400006,3.6679502,8.266951,-0.1463,-0.370425,-1.11375,2.3625002,18.5625,-24.806252,walking
421316491626928,1.0129501,3.7519503,9.11205,-0.0889625,-0.298375,-1.1968,2.4750001,18.65625,-24.993752,walking
421316511630718,0.70695,3.52905,9.35805,-0.0265375,-0.226325,-1.2285625,2.3625002,18.2625,-25.087502,walking
421316531628832,0.372,3.45495,9.28905,-0.0254375,-0.144375,-1.2150875,2.2687502,18.16875,-24.900002,walking
421316551623031,0.11595,3.4380002,9.391951,-0.0400125,-0.0466125,-1.183325,2.5687501,17.587502,-25.087502,walking
421316571625685,-0.21405001,3.3739502,9.385051,-0.032725,0.010725,-1.1100374,2.3625002,17.775002,-25.087502,walking
421316591623755,-0.30495003,3.4770002,9.4810505,-0.06325,0.1145375,-1.0245125,2.4750001,17.493752,-25.29375,walking
421316611618016,-0.38895002,3.5050502,9.436951,-0.0925375,0.1560625,-0.951225,1.48125,17.868752,-25.181252,walking
421316631620735,-0.55395,3.3709502,9.78495,-0.010725,0.0705375,-0.8694125,1.48125,17.681252,-24.6,walking
421316651619854,-0.89400005,3.2350502,9.993,0.143275,-0.066275,-0.7374125,2.1750002,17.681252,-24.206251,walking
421316671614904,-0.73095006,3.3709502,10.11495,0.26785,-0.121275,-0.60665,1.6875001,17.98125,-24.6,walking
421316691618487,-0.39105,3.7350001,9.78195,0.2690875,-0.0675125,-0.53955,2.0812502,17.681252,-24.4125,walking
421316711617232,-0.324,3.97005,9.399,0.16885,0.0144375,-0.50655,1.10625,17.2875,-25.087502,walking
421316731612178,-0.252,4.0339503,9.688951,0.133375,0.065725,-0.49307498,1.7812501,17.2875,-24.6,walking
421316751615464,-0.34095,3.9910502,9.876,0.1860375,0.0474375,-0.476025,1.8750001,17.775002,-24.6,walking
421316771614328,-0.606,3.9390001,9.528001,0.210375,0.0119624995,-0.4368375,0.99375004,18.16875,-24.69375,walking
421316791620797,-0.73305005,4.011,8.75805,0.1065625,-0.0760375,-0.421025,1.2,18.075,-24.31875,walking
421316811666913,-0.61095005,4.0459504,8.32695,-0.1560625,-0.2055625,-0.465025,0.71250004,18.46875,-24.112501,walking
421316831644093,-0.52500004,3.7450502,9.05895,-0.4701125,-0.3166625,-0.5493125,1.3875,18.35625,-24.4125,walking
421316851641033,-0.69705003,2.7970502,10.984051,-0.6056875,-0.3386625,-0.5798375,0.99375004,18.5625,-24.206251,walking
421316871633752,-1.12395,1.437,13.246951,-0.402875,-0.2165625,-0.4345,0.80625004,18.75,-23.625,walking
421316891624484,-1.46595,0.50505,13.929001,0.0380875,0.0094875,-0.1387375,0.61875004,18.956251,-24.206251,walking
421316911624110,-1.4760001,0.77595,11.889001,0.3986125,0.0559625,0.1324125,0.90000004,18.65625,-23.71875,walking
421316931620076,-0.81195,1.63995,9.250951,0.46695,-0.0796125,0.2044625,0.61875004,18.956251,-23.23125,walking
421316951613383,-0.64005005,2.5570502,7.79295,0.2996125,-0.221375,0.1348875,0.50625,19.050001,-23.831251,walking
421316971614859,-0.79605,2.871,7.4670005,0.07975,-0.3020875,0.034649998,0.50625,19.35,-23.4375,walking
421316991613391,-0.98505,2.6910002,7.7730002,-0.1353,-0.3436125,-0.0411125,0.50625,19.237501,-23.34375,walking
421317011608562,-1.0879501,2.3080502,8.856,-0.25135,-0.3656125,-0.0741125,0.31875002,19.5375,-23.53125,walking
421317031612534,-1.0129501,1.9920001,9.74205,-0.303875,-0.3399,-0.089925,0.41250002,19.725,-23.1375,walking
421317051611602,-1.03995,1.6110001,10.551001,-0.2941125,-0.2055625,-0.0521125,0.90000004,19.725,-23.1375,walking
421317071618221,-1.1190001,1.41795,10.996051,-0.1975875,0.0094875,0.0334125,0.22500001,20.025002,-23.04375,walking
421317091619910,-1.27695,1.52505,10.375951,-0.093775,0.153725,0.13365,0.50625,19.931252,-23.04375,walking
421317111616474,-1.353,1.91805,9.16905,-0.0424875,0.1340625,0.2204125,0.99375004,19.837502,-23.23125,walking
421317131619614,-1.128,2.32005,8.443951,-0.027775,0.0290125,0.26565,0.90000004,20.118752,-22.556252,walking
421317151619553,-0.89400005,2.7490501,8.094001,-0.0462,-0.0625625,0.2607,0.90000004,20.118752,-22.650002,walking
421317171615004,-0.62100005,2.9590502,8.238,-0.0644875,-0.109037496,0.2338875,1.10625,20.212502,-23.04375,walking
421317191618404,-0.60405004,3.072,8.66205,-0.021724999,-0.1346125,0.2167,1.48125,19.931252,-23.1375,walking
421317211617116,-0.63495004,3.2250001,9.009001,0.0540375,-0.122375,0.2167,1.48125,20.212502,-23.34375,walking
421317231612245,-0.633,3.41895,9.246,0.144375,-0.1188,0.2154625,1.6875001,20.41875,-22.95,walking
421317251615993,-0.54405004,3.7180502,8.98995,0.1835625,-0.1408,0.1824625,2.3625002,20.90625,-23.1375,walking
421317271614520,-0.49395,3.8620503,8.928,0.1700875,-0.177375,0.1397,1.8750001,20.7,-23.04375,walking
421317291619264,-0.33795002,3.9889503,9.39,0.17985,-0.17613749,0.081125,2.3625002,21.206251,-22.743752,walking
421317311620607,-0.35295,3.9480002,9.588,0.182325,-0.12979999,0.0383625,2.1750002,21.206251,-23.04375,walking
421317331617304,-0.492,3.7710001,9.79905,0.2165625,-0.083325,0.0383625,2.8500001,21.206251,-22.95,walking
421317351621957,-0.58305,3.69495,9.604951,0.2495625,-0.0955625,0.054175,3.45,21.300001,-22.837502,walking
421317371621563,-0.49605003,3.8260503,9.448951,0.2629,-0.155375,0.0578875,3.825,21.300001,-23.23125,walking
421317391616985,-0.29505002,3.89805,9.4470005,0.2360875,-0.1639,0.0334125,3.73125,21.09375,-22.837502,walking
421317411620890,-0.28800002,3.762,9.71805,0.2140875,-0.121275,0.031075,4.125,21.69375,-23.04375,walking
421317431619970,-0.24300002,3.5700002,9.81105,0.2275625,-0.110275,0.0578875,3.54375,22.275002,-22.837502,walking
421317451615167,0.034050003,3.5010002,9.77295,0.270325,-0.1408,0.0664125,4.51875,22.368752,-23.1375,walking
421317471618333,0.096,3.5629501,9.852,0.337425,-0.15413749,0.0688875,4.9125004,22.462502,-23.53125,walking
421317491616389,0.19695,3.6799502,9.150001,0.331375,-0.24213749,0.056649998,5.1000004,22.462502,-23.1375,walking
421317511622267,0.62805,3.903,8.413051,0.1518,-0.3777125,-0.0422125,5.5875,21.975,-23.53125,walking
421317531622854,1.19505,3.9150002,8.643001,-0.1219625,-0.4266625,-0.2352625,5.9812503,21.975,-23.53125,walking
421317551618813,1.3729501,3.0670502,9.67905,-0.3894,-0.381425,-0.40755,7.3500004,22.556252,-23.04375,walking
421317571623272,1.0879501,1.899,11.470051,-0.4211625,-0.2275625,-0.443025,7.93125,23.04375,-22.650002,walking
421317591622362,0.657,0.9670501,13.102951,-0.0730125,0.0034375,-0.3135,8.325001,23.34375,-22.556252,walking
421317611617588,0.61395,0.8880001,12.094951,0.3436125,0.1329625,-0.1485,8.8125,23.737501,-22.650002,walking
421317631621607,0.86295,1.87995,9.330001,0.4107125,0.0572,-0.1266375,8.137501,23.643751,-23.1375,walking
421317651620568,1.2550501,2.7150002,7.8600006,0.2030875,0.0254375,-0.2512125,8.025001,23.643751,-23.23125,walking
421317671615748,1.34895,3.0910501,7.3759503,-0.0925375,-2.75E-4,-0.432025,7.4437504,23.643751,-23.71875,walking
421317691619092,1.03995,2.8639503,7.728,-0.3223,0.0059125,-0.5663625,7.4437504,23.831251,-23.831251,walking
421317711617712,0.55905,2.4109502,8.475,-0.4065875,-0.0039875,-0.6078875,7.4437504,24.0375,-23.53125,walking
421317731612902,0.25905,2.25105,9.16905,-0.3674,-0.036849998,-0.60555,7.5375004,23.831251,-23.831251,walking
421317751616424,0.156,2.1070502,9.69795,-0.2380125,-0.04675,-0.5676,7.8375,23.4375,-23.625,walking
421317771615107,0.20205002,2.22,9.71805,-0.1145375,-0.0088,-0.5333625,8.325001,23.831251,-24.31875,walking
421317791621633,0.29505002,2.3850002,9.27705,-0.0595375,0.09625,-0.5016,8.418751,23.737501,-24.806252,walking
421317811622041,0.24000001,2.62905,8.628,-0.0705375,0.22453749,-0.4675,8.53125,23.737501,-24.206251,walking
421317831618597,0.17805001,3.0220501,8.001,-0.1035375,0.26235,-0.4478375,9.1125,23.925001,-24.112501,walking
421317851623216,0.135,3.38805,7.79505,-0.1230625,0.225775,-0.45155,9.7875,23.737501,-23.4375,walking
421317871622577,0.087000005,3.7500002,7.73505,-0.12925,0.1475375,-0.4772625,10.575001,23.831251,-23.831251,walking
421317891617168,-0.08895,3.8170502,7.8640504,-0.1390125,0.060775,-0.4808375,10.668751,23.925001,-23.71875,walking
421317911620336,-0.10395,3.89595,8.10105,-0.1890625,0.027775,-0.4833125,11.3625,24.525002,-23.1375,walking
421317931619312,-0.25695002,3.8119502,8.62605,-0.225775,0.0534875,-0.4686,11.45625,24.712502,-22.462502,walking
421317951614881,-0.62805,3.55095,8.99895,-0.2380125,0.0804375,-0.392975,12.337501,25.3875,-21.675001,walking
421317971618267,-0.86505,3.426,9.27495,-0.2195875,0.0400125,-0.2792625,12.618751,25.875002,-21.28125,walking
421317991616643,-0.83400005,3.3930001,9.663,-0.1695375,-0.0160875,-0.172975,12.337501,25.875002,-21.1875,walking
421318011623009,-0.67605,3.38595,10.242001,-0.0595375,-0.0565125,-0.078925,12.712501,25.687502,-21.09375,walking
421318031623874,-0.64005005,3.4309502,10.45005,0.044275,-0.0308,0.015125,12.225,25.500002,-21.375,walking
421318051620307,-0.573,3.5839503,10.186951,0.07975,-0.011275,0.0946,11.64375,25.29375,-21.675001,walking
421318071624778,-0.42900002,3.89595,10.062,0.0895125,-0.0039875,0.1263625,11.85,25.687502,-21.975,walking
421318091623696,-0.33600003,3.9790502,9.98805,0.083325,-0.0210375,0.125125,11.45625,25.875002,-21.375,walking
421318111663880,-0.37905002,3.8790002,10.2640505,0.088275,-0.0039875,0.1238875,11.0625,26.75625,-20.7,walking
421318131647927,-0.68805003,3.6370502,10.699051,0.133375,0.13653749,0.1739375,11.45625,27.150002,-20.7,walking
421318151639074,-1.18305,3.66105,10.2640505,0.1530375,0.2490125,0.2569875,11.64375,27.35625,-20.60625,walking
421318171627526,-1.5000001,3.9,9.1380005,0.033275,0.170775,0.2949375,11.94375,27.54375,-20.212502,walking
421318191626233,-1.5310501,3.8260503,9.208051,-0.1414875,0.048675,0.3009875,12.13125,27.243752,-20.212502,walking
421318211620870,-1.7149501,3.38295,10.219951,-0.2440625,0.0620125,0.32175,12.13125,27.150002,-20.00625,walking
421318231613177,-2.148,2.71005,10.72305,-0.25753748,0.0889625,0.42075,12.525001,27.54375,-19.143751,walking
421318251614731,-2.364,1.968,11.20695,-0.1573,0.1414875,0.6028,12.825001,27.54375,-19.331251,walking
421318271612323,-2.5150502,1.47,11.299951,0.0760375,0.2000625,0.84095,13.200001,27.243752,-19.63125,walking
421318291618626,-2.30205,1.8270001,10.05795,0.27885,0.148775,1.0047125,13.106251,27.243752,-19.143751,walking
421318311619385,-1.9759501,2.43,8.149051,0.2311375,-0.03575,1.04995,12.918751,27.54375,-19.425001,walking
421318331616155,-1.641,3.1290002,7.0530005,-0.054725,-0.28985,0.9631875,12.618751,27.35625,-19.237501,walking
421318351620748,-1.0879501,3.18705,8.17095,-0.324775,-0.4021875,0.8311875,13.200001,27.150002,-19.331251,walking
421318371620094,-1.10895,2.4420002,10.074,-0.4321625,-0.3716625,0.7481375,13.106251,27.843752,-19.63125,walking
421318391615819,-1.04505,1.7359501,11.614051,-0.324775,-0.2666125,0.7445625,13.200001,27.45,-19.331251,walking
421318411619987,-0.98205006,1.281,11.956051,-0.0364375,-0.2055625,0.8129,13.312501,27.6375,-19.518751,walking
421318431617976,-1.9740001,1.0819501,12.307951,0.270325,0.0485375,0.9559,13.312501,27.243752,-19.425001,walking
421318451624800,-0.69705003,1.2570001,10.05795,0.397375,0.1219625,1.1782374,13.89375,27.45,-19.237501,walking
421318471625760,-0.37905002,2.256,8.908051,0.2836625,0.42734998,1.097525,13.89375,27.056252,-19.237501,walking
421318491622106,-0.216,2.31795,7.11,-0.15125,0.6826875,1.0767624,14.19375,27.056252,-19.518751,walking
421318511626247,-0.01995,2.84505,6.4450502,-0.507925,0.7706875,1.003475,14.56875,27.056252,-19.237501,walking
421318531625380,-0.609,3.0619502,5.98995,-0.755975,0.5702125,0.9229,14.475,26.962502,-19.518751,walking
421318551620626,-0.58995,2.60805,6.1789503,-0.850025,0.104775,0.86913747,15.056251,26.962502,-19.143751,walking
421318571623810,-0.74505,2.4829502,8.142,-0.5141125,-0.558525,0.8336625,15.543751,27.35625,-18.2625,walking
421318591622488,-0.99195004,2.2099502,8.488951,-0.15853749,-1.11815,0.8190875,15.356251,27.35625,-18.2625,walking
421318611617742,-0.28095,2.28195,8.63805,-0.021724999,-1.5371125,0.8116625,15.843751,27.54375,-18.9375,walking
421318631621318,0.31905,2.4379501,9.073951,-0.06325,-1.48225,0.71885,15.750001,27.6375,-18.2625,walking
421318651620660,0.34995002,2.181,9.67695,-0.17325,-1.1559625,0.6516125,15.750001,26.962502,-19.03125,walking
421318671615856,0.71205,2.2030501,10.76895,-0.0620125,-0.850575,0.627275,16.331251,26.75625,-18.84375,walking
421318691619169,1.19295,2.1090002,10.797001,0.0430375,-0.2616625,0.5588,16.9125,26.56875,-19.425001,walking
421318711617612,1.53495,2.1000001,9.8880005,0.110275,-0.133375,0.4928,17.212502,26.38125,-18.65625,walking
421318731612506,0.68100005,2.9329503,10.812,0.138325,0.03025,0.5220875,16.725,26.868752,-19.143751,walking
421318751616145,1.4800501,2.8230002,10.309051,0.077275,0.16225,0.4257,17.025002,26.6625,-18.75,walking
421318771614855,1.9090501,2.6790001,10.44795,0.0235125,0.429825,0.24365,17.118752,26.868752,-19.03125,walking
421318791620608,2.11995,2.7439501,11.08005,0.1078,0.689975,0.07865,17.118752,26.868752,-18.2625,walking
421318811621350,1.9300501,2.5140002,11.797951,0.2506625,1.1078374,-0.0471625,17.7,26.75625,-18.056252,walking
421318831617968,1.87995,2.2150502,10.75695,0.215325,1.3607,-0.1766875,17.90625,27.056252,-18.2625,walking
421318851622296,1.41795,1.7410501,9.71805,-0.038775,1.2703625,-0.2132625,17.60625,27.150002,-17.475,walking
421318871621229,0.97005004,1.422,9.92805,-0.3894,1.0638375,-0.1131625,18.0,27.243752,-17.6625,walking
421318891616448,1.19805,1.5319501,11.038951,-0.6851625,1.1603625,-0.106975,18.09375,27.54375,-17.38125,walking
421318911619878,1.5589501,1.4629501,11.491951,-0.889075,1.418175,-0.26221249,18.393751,27.843752,-17.081251,walking
421318931618958,1.437,1.353,11.788951,-0.7522625,1.5915625,-0.4796,18.28125,27.45,-17.868752,walking
421318951614257,0.69000006,0.88395005,11.08695,-0.30153748,1.3277,-0.6043125,18.0,27.6375,-17.38125,walking
421318971617803,0.13695,0.462,9.84195,0.2409,0.7877375,-0.5517875,18.393751,27.6375,-17.38125,walking
421318991616759,-0.16800001,0.55305004,9.279,0.6612375,0.2013,-0.31955,17.90625,27.937502,-17.56875,walking
421319011622697,-0.61095005,1.29495,8.901,0.671,-0.2030875,-0.083875,17.60625,28.125002,-17.38125,walking
421319031623800,0.312,1.6330501,8.20005,0.259325,-0.31295,-0.232925,17.400002,28.031252,-17.868752,walking
421319051620366,0.73605,1.7190001,8.68605,-0.2525875,-0.0295625,-0.543125,17.5125,28.218752,-17.38125,walking
421319071624421,0.096,1.31895,9.21195,-0.6582125,0.2855875,-0.7008375,17.118752,28.331251,-17.868752,walking
421319091623898,-0.47700003,0.76905006,10.278001,-0.7082625,0.6276875,-0.69107497,16.725,28.031252,-18.45,walking
421319111629965,-0.87000006,0.048,10.28505,-0.50435,0.799975,-0.5713125,16.425001,28.425001,-18.056252,walking
421319131630526,-1.4130001,-0.06795,9.8560505,-0.2415875,0.909975,-0.3465,16.143751,28.125002,-17.962502,walking
421319151626637,-1.6339501,0.35700002,9.064051,-0.0462,0.8977375,-0.12773749,16.425001,28.218752,-18.056252,walking
421319171619346,-1.62405,1.011,8.611051,0.050325,0.8965,0.004125,15.543751,28.81875,-18.056252,walking
421319191620950,-0.82695,1.197,8.487,0.055275,1.0063624,-0.056925,15.843751,29.212502,-17.775002,walking
421319211618153,-2.0740502,1.98705,7.7569504,-0.0204875,0.8562125,0.0114124995,14.681251,29.400002,-17.475,walking
421319231612131,-2.4550502,2.2030501,7.833,-0.015675,0.5654,0.076175,13.8,29.7,-16.893751,walking
421319251615252,-2.1409502,2.26305,8.17605,0.047849998,0.2490125,0.042075,13.500001,30.187502,-17.081251,walking
421319271614111,-1.8919501,2.229,8.608951,0.109037496,0.0400125,-0.0422125,13.500001,30.281252,-17.175001,walking
421319291620204,-2.196,2.2480502,8.86995,0.12979999,-0.0930875,-0.0581625,12.918751,29.98125,-16.987501,walking
421319311621011,-2.35905,2.12895,9.052051,0.105325,-0.13213749,-0.0251625,13.200001,29.98125,-17.56875,walking
421319331617607,-2.32995,1.9420501,9.069,0.006325,-0.1639,-0.006875,12.225,29.493752,-17.6625,walking
421319351622185,-2.7490501,2.1090002,9.865951,-0.076725,0.0204875,0.117699996,12.225,29.7,-17.775002,walking
421319371621760,-2.5840502,2.2840502,9.745951,-0.137775,0.0510125,0.1678875,12.13125,30.075,-17.868752,walking
421319391617127,-2.7640502,2.4139502,10.398001,-9.625E-4,0.0290125,0.2594625,10.762501,30.468752,-17.38125,walking
421319411677014,-2.32995,2.3800502,10.302,0.1408,0.0229625,0.296175,9.20625,30.675001,-17.56875,walking
421319431662844,-2.46405,2.5549502,10.219951,0.20185,0.021724999,0.35227498,9.20625,30.862501,-17.2875,walking
421319451645773,-2.1000001,2.7460501,9.946951,0.1945625,0.0682,0.3034625,7.4437504,30.956251,-17.475,walking
421319471638670,-2.4379501,2.8590002,9.69795,0.1676125,-0.036849998,0.340175,7.05,31.1625,-17.081251,walking
421319491629327,-2.46405,2.76795,10.40505,0.2055625,0.0974875,0.3779875,6.3750005,31.1625,-17.2875,walking
421319511629468,-2.5170002,2.7850502,10.255951,0.17379999,0.26125,0.407275,5.9812503,31.06875,-17.56875,walking
421319531626056,-2.5170002,3.04305,9.262951,0.02475,0.28325,0.3474625,5.68125,31.06875,-17.2875,walking
421319551619384,-2.39295,3.2710502,9.592951,-0.1645875,0.2855875,0.214225,5.30625,30.862501,-17.868752,walking
421319571621521,-2.2060502,2.7870002,9.483001,-0.3771625,0.1060125,0.0176,4.8187504,31.06875,-17.775002,walking
421319591620494,-2.7450001,1.91805,10.527,-0.47134998,-0.083325,-0.0581625,4.21875,31.06875,-18.150002,walking
421319611615817,-3.3430502,0.84105,12.088051,-0.2135375,-0.17613749,0.081125,3.6375,30.956251,-17.868752,walking
421319631619231,-3.867,0.25395,13.012051,0.37661248,-0.077275,0.4219875,3.15,30.956251,-18.45,walking
421319651618269,-3.492,0.35700002,10.972051,0.74181247,-0.022275,0.72008747,2.7562501,31.1625,-18.35625,walking
421319671613595,-2.9580002,1.2379501,8.78895,0.657525,-0.0100375,0.78113747,2.5687501,31.1625,-17.962502,walking
421319691617093,-2.4019501,2.05395,7.4410505,0.270325,-0.100375,0.6480375,2.7562501,31.25625,-17.868752,walking
421319711616014,-2.1000001,2.36595,7.76595,-0.126775,-0.216425,0.4158,1.9875001,31.650002,-17.962502,walking
421319731611330,-1.84695,1.7119501,9.30795,-0.2831125,-0.1969,0.2239875,2.2687502,31.837502,-17.775002,walking
421319751615314,-1.9069501,0.97200006,10.321051,-0.2330625,-0.02585,0.14465,1.6875001,31.556252,-17.775002,walking
421319771613737,-2.02605,0.58005005,10.25205,-0.1060125,0.1720125,0.18493749,1.29375,31.931252,-17.6625,walking
421319791619956,-1.8709501,0.60795003,9.27,-0.00825,0.236775,0.2644125,0.71250004,31.837502,-17.6625,walking
421319811621104,-1.3990501,0.93900007,8.18805,-0.027775,0.1940125,0.2789875,0.50625,31.743752,-17.6625,walking
421319831617417,-0.88395005,1.4460001,7.4170504,-0.19525,0.1329625,0.1764125,-0.35625002,31.743752,-17.962502,walking
421319851622092,-1.09305,1.6999501,7.5120006,-0.374825,0.1475375,0.103125,0.01875,31.556252,-17.962502,walking
421319871621581,-1.5090001,1.5640501,8.24505,-0.34553748,0.113299996,0.14465,-0.35625002,31.931252,-18.65625,walking
421319891617160,-1.49205,1.38405,8.42205,-0.1695375,-0.0198,0.2154625,-0.65625,32.1375,-18.2625,walking
421319911620946,-1.60695,1.6470001,8.31705,-0.0254375,-0.210375,0.2949375,-1.0500001,32.23125,-18.056252,walking
421319931619675,-1.3270501,2.2699502,8.358001,0.022275,-0.3656125,0.27665,-1.44375,32.53125,-17.962502,walking
421319951615139,-1.00905,2.7970502,8.55405,-0.0204875,-0.40713748,0.16665,-2.11875,33.112503,-17.775002,walking
421319971618350,-0.81705004,3.0220501,9.078,-0.0999625,-0.3251875,-0.0031625,-2.7,33.018753,-17.775002,walking
421319991617052,-1.2049501,2.8249502,9.52095,-0.1414875,-0.2506625,-0.117975,-3.0,33.112503,-17.775002,walking
421320011623106,-1.60695,2.4709501,10.054951,-0.0902,-0.22385,-0.1546875,-3.3000002,32.8125,-18.056252,walking
421320031623694,-1.914,2.25795,10.534051,0.0455125,-0.199375,-0.1412125,-2.7,32.925003,-17.6625,walking
421320051619832,-2.11695,2.3029501,10.5390005,0.1835625,-0.2066625,-0.12045,-3.6937501,33.206253,-17.962502,walking
421320071624302,-2.1049502,2.4400501,10.065001,0.2311375,-0.2739,-0.1326875,-2.90625,33.018753,-18.056252,walking
421320091623457,-2.0670002,2.57205,9.96195,0.2006125,-0.3216125,-0.1632125,-3.1875002,33.600002,-17.962502,walking
421320111618018,-1.9780501,2.32305,10.27995,0.1590875,-0.28985,-0.1766875,-3.3937502,33.600002,-17.475,walking
421320131621392,-1.9350001,2.3080502,10.489051,0.12485,-0.1969,-0.1742125,-3.4875002,33.600002,-18.2625,walking
421320151619991,-1.6720501,2.33505,10.23495,0.058849998,-0.17985,-0.2022625,-3.4875002,33.99375,-17.56875,walking
421320171614831,-1.1910001,2.38995,9.97395,-0.0682,-0.27513748,-0.3207875,-3.3000002,34.275,-17.962502,walking
421320191617870,-0.68505,2.3110502,10.2300005,-0.2330625,-0.3741375,-0.5113625,-2.8125,34.18125,-17.56875,walking
421320211616527,-0.38895002,1.8769501,10.873951,-0.3894,-0.4522375,-0.7398875,-3.0,34.48125,-17.475,walking
421320231611936,-0.43905002,1.06095,12.02595,-0.4626875,-0.4156625,-0.89265,-2.025,34.48125,-17.56875,walking
421320251615651,-0.72105,0.096,13.504951,-0.3185875,-0.15413749,-0.8804125,-1.2375001,34.275,-17.962502,walking
421320271614362,-1.131,-0.76995003,13.96695,0.0735625,0.2380125,-0.642125,-0.75,34.48125,-18.056252,walking
421320291621024,-1.0639501,-0.83895004,12.81105,0.56595,0.512875,-0.3452625,-0.16875,34.66875,-18.150002,walking
421320311622255,-0.40800002,0.034050003,10.137,0.85676247,0.402875,-0.2011625,0.50625,34.48125,-18.75,walking
421320331618973,0.61095005,1.07295,8.2570505,0.888525,0.113299996,-0.3257375,1.2,34.575,-18.84375,walking
421320351623441,1.2580501,1.8390001,7.5220504,0.739475,-0.1188,-0.6494125,1.48125,34.48125,-18.45,walking
421320371622682,1.5810001,2.02095,7.347,0.45113748,-0.17613749,-1.0758,1.9875001,34.575,-18.65625,walking
421320391628620,1.15005,1.5319501,7.4890504,0.0820875,-0.09185,-1.414325,2.2687502,34.3875,-18.84375,walking
421320411640432,0.26595002,0.91695005,8.00595,-0.1975875,-0.0125124995,-1.5791875,2.8500001,34.575,-19.03125,walking
421320431633712,-0.67395,0.34695002,8.700001,-0.29535,9.625E-4,-1.575475,3.05625,34.0875,-19.237501,walking
421320451624743,-1.368,-0.079950005,9.117001,-0.2380125,-0.100375,-1.4411374,3.825,33.99375,-19.03125,walking
421320471624282,-1.641,-0.162,9.430051,-0.1084875,-0.2250875,-1.265275,4.70625,33.99375,-19.237501,walking
421320491620089,-1.7490001,0.10095,9.66705,0.01375,-0.2519,-1.089275,5.1937504,33.9,-19.81875,walking
421320511624235,-1.8559501,0.55605,9.62205,0.098037496,-0.1920875,-0.9194625,5.9812503,33.412502,-19.81875,walking
421320531623044,-1.7560501,1.02195,9.52095,0.143275,-0.047849998,-0.7704125,6.4687505,33.506252,-19.9125,walking
421320551618734,-1.4640001,1.6159501,8.98005,0.120037496,0.0352,-0.7068875,6.3750005,33.206253,-21.09375,walking
421320571622522,-1.1520001,2.112,8.620951,0.058849998,0.0094875,-0.7239375,7.1625004,32.925003,-21.09375,walking
421320591621867,-0.81000006,2.46405,8.769,0.0320375,-0.0466125,-0.8254125,7.74375,32.04375,-21.375,walking
421320611617165,-0.86295,2.4420002,9.054001,0.0259875,-0.039325,-0.940225,8.71875,31.743752,-21.675001,walking
421320631620751,-1.27005,2.2360501,9.126,-0.0022,0.0510125,-0.973225,9.01875,31.556252,-21.487501,walking
421320651619681,-1.7340001,2.016,9.0400505,-0.0364375,0.187825,-0.91574997,9.7875,31.35,-22.06875,walking
421320671614799,-2.14395,1.8870001,8.635051,-0.06325,0.27225,-0.780175,9.6,31.35,-21.975,walking
421320691618502,-2.292,2.05695,8.05395,-0.1084875,0.2453,-0.63965,9.993751,31.25625,-22.556252,walking
421320711684584,-1.9159501,2.394,7.623,-0.1964875,0.054725,-0.620125,10.087501,30.956251,-22.462502,walking
421320731675213,-1.78005,2.56395,8.21205,-0.2685375,-0.105325,-0.681175,10.856251,30.581251,-22.743752,walking
421320751661797,-1.8730501,2.25105,8.974951,-0.303875,-0.182325,-0.71665,11.55,30.581251,-22.556252,walking
421320771646470,-2.184,1.83405,9.25605,-0.302775,-0.3436125,-0.6543625,12.337501,29.79375,-22.743752,walking
421320791641044,-2.2420502,1.743,9.946951,-0.22935,-0.5182375,-0.5663625,12.918751,29.98125,-22.650002,walking
421320811633129,-2.06205,1.5970501,10.88595,-0.0925375,-0.5561875,-0.4503125,13.89375,29.587502,-22.95,walking
421320831622597,-1.64295,1.65495,11.358001,0.0735625,-0.442475,-0.3977875,13.89375,28.725,-22.743752,walking
421320851622449,-1.3920001,1.76205,11.01795,0.1480875,-0.271425,-0.4442625,14.19375,28.331251,-22.743752,walking
421320871618063,-1.6840501,1.4970001,10.443001,0.098037496,-0.0675125,-0.4503125,14.38125,28.518751,-22.743752,walking
421320891612214,-1.9860001,1.125,9.82995,0.0088,0.071775,-0.3905,15.356251,28.425001,-23.23125,walking
421320911615378,-2.04795,1.1370001,9.196051,-0.1170125,0.054725,-0.3757875,14.681251,28.518751,-23.53125,walking
421320931614363,-1.9380001,1.29795,8.781,-0.3443,-0.0760375,-0.4466,15.262501,28.331251,-22.35,walking
421320951610078,-1.8349501,1.0339501,9.32505,-0.5641625,-0.254375,-0.5333625,15.937501,27.45,-22.743752,walking
421320971614266,-1.8229501,0.42900002,10.45695,-0.62273747,-0.3961375,-0.5858875,16.9125,27.243752,-22.743752,walking
421320991613714,-2.112,-0.09195001,11.623051,-0.47134998,-0.4596625,-0.5407875,17.306252,27.35625,-22.35,walking
421321011620497,-2.26605,-0.657,12.097951,-0.209825,-0.4547125,-0.4148375,17.90625,26.868752,-22.1625,walking
421321031622051,-2.2780502,-1.1220001,11.84595,0.0418,-0.3691875,-0.2365,18.0,27.150002,-21.975,walking
421321051619131,-2.5120502,-1.12905,10.88595,0.1896125,-0.2360875,-0.012925,18.393751,26.56875,-21.675001,walking
421321071623242,-2.73705,-0.684,9.471001,0.1958,-0.20185,0.219175,18.768751,26.868752,-21.28125,walking
421321091622252,-2.5120502,-0.24105,8.40795,0.0418,-0.2616625,0.379225,18.88125,26.75625,-20.8875,walking
421321111617454,-2.02395,-0.03195,8.21595,-0.1670625,-0.3436125,0.462275,19.556252,26.56875,-21.0,walking
421321131620958,-1.57095,0.22800002,8.53695,-0.32835,-0.484,0.4158,20.04375,26.962502,-20.8875,walking
421321151619667,-1.50705,0.32595003,9.31305,-0.38334998,-0.6122875,0.307175,20.1375,26.75625,-21.09375,walking
421321171614760,-1.8510001,-0.058950003,10.101001,-0.3454,-0.671,0.2679875,20.53125,26.868752,-20.7,walking
421321191618261,-2.15595,-0.58995,10.812,-0.270875,-0.624525,0.3377,20.53125,26.868752,-20.118752,walking
421321211617460,-2.31795,-0.90900004,11.2570505,-0.1793,-0.47547498,0.490325,20.34375,26.868752,-20.493752,walking
421321231612134,-2.2150502,-0.813,11.34105,-0.1084875,-0.26785,0.6406125,20.737501,26.56875,-19.725,walking
421321251616000,-1.983,-0.49905002,11.014951,-0.0705375,-0.0430375,0.7506125,21.225,26.475,-20.118752,walking
421321271615296,-1.8349501,-0.171,10.354951,-0.065725,0.0730125,0.8251375,21.4125,26.56875,-19.63125,walking
421321291621508,-1.8010501,0.105000004,9.916051,-0.0400125,0.0792,0.8837125,21.018751,26.268751,-20.212502,walking
421321311622084,-1.64295,0.40695003,9.682051,0.0149875,0.0144375,0.909425,22.087502,25.875002,-19.63125,walking
421321331618860,-1.488,0.69705003,9.562051,0.07975,-0.0796125,0.9021375,22.29375,25.687502,-19.03125,walking
421321351623176,-1.45395,1.0180501,9.40905,0.1150875,-0.1848,0.859375,22.29375,25.593752,-19.03125,walking
421321371622522,-1.53495,1.2090001,9.49695,0.105325,-0.2726625,0.8201875,22.875,25.0125,-19.143751,walking
421321391617699,-1.5259501,1.1209501,9.885,0.1065625,-0.3106125,0.8006625,23.081251,24.712502,-18.9375,walking
421321411620841,-1.4470501,0.91995007,10.347,0.1420375,-0.271425,0.80808747,23.56875,24.618752,-18.35625,walking
421321431618875,-1.31505,1.0540501,10.501051,0.1518,-0.182325,0.7896625,23.94375,24.225,-18.2625,walking
421321451613518,-1.3099501,1.176,10.618051,0.1456125,-0.0320375,0.760375,24.056252,24.0375,-18.2625,walking
421321471616890,-1.5670501,1.197,10.443001,0.1408,0.0779625,0.7640875,24.54375,23.4375,-17.868752,walking
421321491615572,-1.8060001,1.2040501,10.210951,0.1285625,0.115775,0.8031375,25.218752,23.15625,-17.56875,walking
421321511621411,-1.69605,1.212,10.28505,0.120037496,0.120725,0.8471375,25.425001,22.85625,-17.6625,walking
421321531622363,-1.4950501,1.3069501,10.6060505,0.17613749,0.1035375,0.85085,26.19375,21.7875,-16.59375,walking
421321551619217,-1.4800501,1.353,10.80195,0.303325,0.0094875,0.8361375,27.075,21.393751,-16.800001,walking
421321571623408,-1.365,1.245,10.957951,0.453475,-0.0748,0.837375,27.375002,20.118752,-16.800001,walking
421321591623183,-1.2910501,1.21905,10.932,0.5781875,-0.13585,0.8459,27.768751,19.5375,-16.5,walking
421321611618916,-1.1359501,1.269,10.96695,0.6637125,-0.0785125,0.8421875,28.143751,18.84375,-17.175001,walking
421321631622599,-1.00395,1.37205,10.6060505,0.6282375,0.059675,0.843425,28.35,18.46875,-17.175001,walking
421321651621070,-0.62595004,1.5130501,10.386001,0.5182375,0.2685375,0.821425,28.63125,17.587502,-17.175001,walking
421321671615818,-0.26595002,1.8649501,10.042951,0.430375,0.4016375,0.7261375,28.5375,16.706251,-16.40625,walking
421321691630524,0.034050003,2.01405,9.47295,0.337425,0.3223,0.545325,29.5125,15.918751,-16.800001,walking
421321711583839,-0.18705001,2.0740502,9.426001,0.2690875,0.098725,0.36574998,29.5125,15.337501,-16.800001,walking
421321731585791,-0.46800002,1.49205,10.125001,0.2739,-0.0600875,0.2729375,29.60625,14.75625,-16.59375,walking
421321751595586,-0.56100005,0.85200006,10.77795,0.315425,-0.0075625,0.2569875,29.906252,13.575001,-16.800001,walking
421321771600396,-0.82005006,0.52905005,10.74195,0.293425,0.18053749,0.3157,30.206251,13.481251,-16.2,walking
421321791611277,-0.81705004,0.37095,10.740001,0.2470875,0.46035,0.4037,30.6,12.69375,-15.918751,walking
421321811615484,-0.93195003,0.27495003,10.395,0.2409,0.6961625,0.51975,30.975,11.625,-15.918751,walking
421321831614365,-1.0129501,0.34305,9.837001,0.303325,0.7706875,0.6565625,31.087502,11.137501,-15.225,walking
421321851621327,-1.3729501,0.44505003,8.809951,0.3606625,0.589875,0.85195,30.88125,10.650001,-15.918751,walking
421321871622225,-0.23805001,0.73995006,8.382,0.4131875,0.253825,0.760375,31.181252,10.25625,-15.712501,walking
421321891618402,-0.432,1.3740001,8.458051,0.4021875,0.038775,0.6700375,31.181252,10.06875,-15.618751,walking
421321911622739,0.027,1.4820001,8.608951,0.226325,-0.0405625,0.5025625,31.85625,9.28125,-14.83125,walking
421321931621547,-0.051000003,1.281,9.53295,-0.00825,0.1353,0.4048,31.368752,9.1875,-15.225,walking
421321951616161,-0.16605,1.0390501,10.074,-0.131725,0.3100625,0.3645125,31.575,8.700001,-14.7375,walking
421321971619536,-0.48705003,0.93900007,10.14105,-0.1170125,0.3185875,0.379225,32.15625,8.400001,-14.45625,walking
421321991617883,-0.609,0.83805007,10.314,-0.0119624995,0.313775,0.4354625,31.95,8.306251,-14.250001,walking
421322011691462,-0.82905006,1.17795,10.243951,0.1285625,0.374825,0.517275,32.0625,8.212501,-14.250001,walking
421322031665275,-0.73605,1.59195,9.44205,0.1676125,0.41387498,0.55027497,32.25,7.2375,-14.062501,walking
421322051649827,-0.59205,1.8940501,8.70195,0.08085,0.4395875,0.54408747,32.34375,7.425,-13.668751,walking
421322071643751,-0.81495005,2.2789502,8.32905,0.0015125,0.396825,0.5625125,32.34375,6.9375005,-14.062501,walking
421322091635529,-0.81495005,2.6119502,7.656,-0.1084875,0.1610125,0.5258,32.34375,6.8437505,-13.762501,walking
421322111624384,-0.76905006,2.57205,7.6249504,-0.280775,0.065725,0.4574625,32.0625,6.05625,-14.55,walking
421322131623480,-0.94395006,2.6940002,8.19495,-0.4285875,0.0034375,0.47575,32.25,5.9625,-14.64375,walking
421322151619285,-0.59400004,2.6910002,9.825001,-0.291775,0.1232,0.43175,32.550003,5.3812504,-14.343751,walking
421322171611241,-0.55605,2.6749501,9.77295,-0.11825,0.10725,0.3315125,32.831253,5.175,-14.156251,walking
421322191614279,-0.83205,2.66295,8.985001,-0.1243,0.104775,0.29741248,33.131252,4.59375,-14.250001,walking
421322211612867,-0.97305006,2.73,8.808001,-0.20625,0.2745875,0.247225,33.225002,4.5,-13.575001,walking
421322231619342,-0.91800004,2.6460001,8.319,-0.36135,0.01925,0.2167,33.80625,4.40625,-13.668751,walking
421322251620894,-0.93000007,2.4160502,9.80595,-0.3161125,0.1475375,0.1934625,33.7125,3.91875,-13.856251,walking
421322271617934,-1.0129501,2.2030501,9.568951,-0.2660625,0.0889625,0.20693749,34.0125,2.9437501,-12.88125,walking
421322291623029,-1.1719501,2.04705,10.156051,-0.154825,0.1744875,0.252175,34.29375,2.34375,-12.88125,walking
421322311622838,-1.41795,2.19105,9.913951,-0.049775,0.1744875,0.2985125,34.6875,1.1812501,-12.6,walking
421322331618675,-1.3630501,2.4850502,9.62895,-0.0254375,0.1450625,0.2534125,34.6875,1.1812501,-13.368751,walking
421322351623142,-1.5469501,2.36805,9.636001,-0.0902,0.1890625,0.213125,34.29375,0.3,-13.181251,walking
421322371621756,-1.6810501,2.09805,9.63105,-0.142725,0.1890625,0.2484625,34.6875,0.0,-12.69375,walking
421322391616795,-1.84905,1.659,10.311001,-0.0900625,0.1940125,0.368225,34.800003,-0.58125,-12.1125,walking
