timestamp_ns,acc_x,acc_y,acc_z,gyro_x,gyro_y,gyro_z,mag_x,mag_y,mag_z,activity
146700199995700,2.8260002,3.3750002,8.36505,-0.2426875,0.1326875,0.047025,14.062501,-32.9625,-23.00625,walking
146700219998897,2.59095,3.5520003,8.014951,-0.1639,0.0985875,0.065175,13.950001,-33.28125,-21.337502,walking
146700240061002,2.7469501,3.8800502,8.02305,-0.0946,0.0719125,0.054449998,13.89375,-32.79375,-22.7625,walking
146700260191390,2.7199502,3.7440002,8.51595,-0.054175,0.036849998,0.0438625,13.9125,-32.775,-22.7625,walking
146700280377640,2.5930502,3.5760002,8.956051,-0.0551375,0.034649998,0.0501875,13.9125,-32.79375,-22.78125,walking
146700300579659,2.49495,3.5140502,9.24405,-0.07645,0.0314875,0.0438625,13.931251,-32.79375,-22.7625,walking
146700320744904,2.505,3.4780502,9.32295,-0.1233375,0.0176,0.011825,13.950001,-32.8125,-22.743752,walking
146700340857068,2.5500002,3.4440002,9.24405,-0.1500125,0.010175,-0.020075,13.9875,-32.850002,-22.725,walking
146700360931933,2.469,3.4369502,9.04695,-0.1329625,0.029424999,-0.0254375,14.00625,-32.90625,-22.725,walking
146700380967538,2.5549502,3.35805,8.83005,-0.0999625,0.0507375,-0.001925,14.043751,-32.90625,-22.6875,walking
146700400985989,2.70105,3.21195,8.7289505,-0.0605,0.0229625,0.02255,14.062501,-32.943752,-22.706251,walking
146700420721746,2.7439501,3.1930501,8.736,0.0077,-0.0537625,0.032175,14.08125,-32.9625,-22.725,walking
146700440763813,2.63895,3.2719502,8.83905,0.0512875,-0.1197625,0.0353375,14.1,-32.9625,-22.725,walking
146700460802227,2.5570502,3.3649502,8.892,0.0523875,-0.1038125,0.031075,14.118751,-33.0,-22.743752,walking
146700480823785,2.4760501,3.3919501,9.061951,0.02255,-0.0589875,0.012925,14.137501,-33.0,-22.7625,walking
146700500835408,2.39895,3.3630002,9.366,-0.0061875,-0.0452375,0.0066,14.156251,-33.018753,-22.800001,walking
146700520848567,2.4160502,3.32205,9.459001,0.0023375,-0.0174625,1.375E-4,14.19375,-33.05625,-22.78125,walking
146700540851954,2.466,3.2070003,9.061951,0.0407,-0.0100375,-0.013612499,14.212501,-33.09375,-22.78125,walking
146700560848132,2.67,3.2599502,8.7289505,0.0683375,-0.040975,-0.0286,14.231251,-33.112503,-22.78125,walking
146700580848411,2.73705,3.2719502,8.62605,0.065175,-0.0537625,-0.018975,14.250001,-33.131252,-22.800001,walking
146700600845274,2.6149502,3.279,8.748,0.0598125,-0.0622875,-0.001925,14.26875,-33.15,-22.800001,walking
146700620574049,2.7919502,3.2940001,8.944051,0.065175,-0.06435,0.0044,14.2875,-33.16875,-22.800001,walking
146700640635831,2.7270002,3.1669502,9.073951,0.049225,-0.0526625,0.0034375,14.306251,-33.206253,-22.78125,walking
146700660686491,2.60505,3.2580001,8.94705,0.0097624995,-0.0345125,0.0055,14.325001,-33.225002,-22.78125,walking
146700680734149,2.5789502,3.4470003,8.892,-0.020075,-0.0026125,0.012925,14.343751,-33.2625,-22.7625,walking
146700700770654,2.5530002,3.4279501,8.929951,-0.0317625,0.0166375,0.0182875,14.3625,-33.28125,-22.78125,walking
146700720794436,2.6100001,3.41595,8.84595,-0.037125,0.012375,0.0160875,14.38125,-33.28125,-22.81875,walking
146700740818727,2.6479502,3.4039502,8.66205,-0.0317625,0.0048125,0.0012375,14.400001,-33.3375,-22.81875,walking
146700760831683,2.67195,3.3700502,8.547,-0.0286,0.0229625,-0.0169125,14.418751,-33.375,-22.837502,walking
146700780833553,2.7109501,3.4060502,8.63805,-0.054175,0.029424999,-0.04675,14.45625,-33.412502,-22.85625,walking
146700800842227,2.6869502,3.4060502,8.808001,-0.07865,0.0559625,-0.086075,14.475,-33.45,-22.837502,walking
146700820579814,2.7180002,3.3820503,8.917951,-0.091437496,0.10395,-0.095699996,14.493751,-33.46875,-22.875,walking
146700840647609,2.76795,3.28605,8.889001,-0.1414875,0.1434125,-0.0638,14.512501,-33.487503,-22.875,walking
146700860702183,2.8180501,3.2599502,8.785951,-0.2085875,0.1934625,-0.0669625,14.493751,-33.506252,-22.875,walking
146700880740945,2.8300502,3.28905,8.68305,-0.270325,0.2211,-0.07755,14.512501,-33.525,-22.875,walking
146700900780861,2.8660502,3.4060502,8.64,-0.322575,0.247775,-0.07755,14.531251,-33.5625,-22.9125,walking
146700920807037,2.634,3.4330502,8.57295,-0.354475,0.2893,-0.1414875,14.55,-33.600002,-22.931252,walking
146700940821551,2.59605,3.3300002,8.413051,-0.38005,0.2743125,-0.18205,14.531251,-33.54375,-23.025002,walking
146700960837841,2.6869502,3.1879501,8.439,-0.3982,0.3276625,-0.136125,14.531251,-33.525,-23.00625,walking
146700980842455,2.56005,3.2310002,8.679001,-0.38115,0.4555375,-0.0829125,14.531251,-33.506252,-23.15625,walking
146701000841816,2.6869502,3.3700502,8.785951,-0.3790875,0.50655,-0.0328625,14.56875,-33.487503,-23.19375,walking
146701020583341,2.9880002,3.41805,8.755051,-0.390775,0.44701248,0.0034375,14.606251,-33.45,-23.19375,walking
146701040643096,2.6460001,3.423,8.70705,-0.3843125,0.3851375,-0.01155,14.64375,-33.45,-23.23125,walking
146701060691423,2.09505,3.18405,8.68605,-0.38005,0.3595625,-0.0306625,14.700001,-33.412502,-23.306252,walking
146701080736986,1.8580501,2.8819501,8.868,-0.3438875,0.4362875,-0.021175,14.75625,-33.412502,-23.362501,walking
146701100771239,1.8100501,2.73795,9.16005,-0.356675,0.720775,-0.0754875,14.793751,-33.375,-23.400002,walking
146701120804386,1.7820001,2.6590502,9.556951,-0.34925,0.74525,-0.11165,14.85,-33.300003,-23.456251,walking
146701140824347,1.8540001,2.57505,9.59805,-0.188375,0.5897375,-0.0413875,14.925,-33.24375,-23.550001,walking
146701160833716,1.72905,2.463,9.547951,0.0545875,0.4362875,0.0512875,15.000001,-33.206253,-23.643751,walking
146701180843836,1.6860001,2.391,9.543,0.39435,0.594,-0.036025,15.093751,-33.15,-23.7,walking
146701200847730,1.8780001,2.23095,9.253051,0.69905,0.7910375,0.0268125,15.20625,-33.09375,-23.775002,walking
146701220581180,1.6500001,2.358,9.67695,0.83435,1.11705,0.199375,15.3,-33.05625,-23.85,walking
146701240645941,1.176,2.59905,10.149,0.8619875,1.4898125,0.0950125,15.39375,-32.9625,-23.90625,walking
146701260698172,0.95100003,2.6110501,10.2640505,0.724625,1.4482875,-0.104225,15.525001,-32.90625,-23.925001,walking
146701280490247,0.822,2.697,10.086,0.22495,0.8996625,-0.0669625,15.656251,-32.86875,-23.94375,walking
146701337242360,0.49395,2.63295,9.732,-0.1307625,0.40865,-0.154275,15.825001,-32.8125,-23.831251,walking
146701378077926,0.81705004,2.52495,9.234,-0.117975,0.1401125,-0.1436875,15.993751,-32.79375,-23.7,walking
146701408750409,1.4250001,2.17995,8.68095,0.029975,0.13695,-0.0221375,16.1625,-32.737503,-23.587502,walking
146701439422881,1.4440501,2.7139502,8.944051,0.1450625,0.094325,0.0672375,16.331251,-32.7,-23.475,walking
146701470095292,0.71400005,3.0589502,9.09,0.217525,0.044275,0.1056,16.48125,-32.643753,-23.34375,walking
146701500767572,0.23295002,2.94195,9.77295,0.2996125,-0.0675125,0.0086624995,16.63125,-32.5875,-23.25,walking
146701531439569,-0.62295,3.423,10.20405,0.388025,-0.0697125,-0.156475,16.800001,-32.5875,-23.118752,walking
146701562111123,-0.83595,3.4660501,10.28295,0.36025,-0.071775,-0.304425,17.00625,-32.53125,-23.00625,walking
146701592781938,-0.74100006,3.1260002,10.122001,0.19305,0.094325,-0.3982,17.19375,-32.5125,-22.875,walking
146701623451674,-0.042000003,2.7499502,9.847051,0.0342375,0.41387498,-0.3779875,17.34375,-32.475002,-22.743752,walking
146701654119850,0.582,2.50395,9.580951,-0.0594,0.653675,-0.324775,17.5125,-32.4375,-22.575,walking
146701684785928,0.91305006,2.46795,9.117001,-0.087175,0.5033875,-0.3194125,17.7,-32.381252,-22.425001,walking
146701715449153,0.882,2.8150501,8.727,0.0726,0.1199,-0.305525,17.8875,-32.381252,-22.21875,walking
146701746108730,0.43605003,3.423,8.169001,0.3548875,-0.2369125,-0.1766875,18.09375,-32.381252,-22.10625,walking
146701776763700,-0.147,3.969,8.02305,0.5680125,-0.3147375,0.031075,18.300001,-32.34375,-21.806252,walking
146701807412930,-0.36195,4.0360503,8.734051,0.538175,0.00385,0.1535875,18.50625,-32.325,-21.618752,walking
146701838055033,-0.537,3.9379501,10.009951,0.3784,0.4522375,0.133375,18.712502,-32.30625,-21.431252,walking
146701868688704,-0.81705004,3.7489502,10.740001,0.116325,0.6301625,0.09075,18.900002,-32.287502,-21.1875,walking
146701899312174,-1.1839501,3.6000001,10.422001,-0.2523125,0.4522375,-8.25E-4,19.06875,-32.287502,-20.962502,walking
146701929923622,-1.2079501,3.3610501,9.01095,-0.7497875,0.00165,-0.188375,19.275002,-32.287502,-20.7,walking
146701960520882,-0.31500003,3.7840502,7.8480005,-1.2791625,0.30525,-0.3449875,19.44375,-32.30625,-20.41875,walking
146701991101691,-0.20700002,3.9739501,7.45305,-0.9351375,1.3578125,-0.5622375,19.612501,-32.325,-20.175001,walking
146702021692181,-0.36495003,3.3970501,7.6080003,0.352825,1.9820625,-0.913825,19.85625,-32.23125,-19.81875,walking
146702052260696,-0.40095,3.2310002,7.79295,1.3360875,0.94765,-1.2909875,20.1,-32.1375,-19.44375,walking
146702082802432,0.333,3.83505,7.2520504,0.89402497,0.88577497,-1.2313125,20.362501,-32.0625,-19.087502,walking
146702113312002,0.22095,3.3970501,7.2949505,0.0342375,2.4677124,-0.763675,20.587502,-31.987501,-18.73125,walking
146702143783410,1.6170001,2.844,11.7310505,-0.9521875,2.7542624,-0.1670625,20.831251,-31.9125,-18.35625,walking
146702174210006,2.775,2.84805,15.748951,-1.6658125,1.259775,-0.240625,21.056252,-31.85625,-17.98125,walking
146702204597327,1.9210501,3.456,12.897,-1.8607875,-0.94325,-0.913825,21.300001,-31.781252,-17.60625,walking
146702234940592,-0.63795,5.0410504,5.1330004,-1.8533624,-2.3205874,-1.1087999,21.54375,-31.66875,-17.2875,walking
146702265235078,-1.93305,8.118,4.872,-1.52735,-2.42495,-0.55275,21.7875,-31.593752,-17.0625,walking
146702295475793,-1.5520501,8.25195,7.2300005,-1.05435,-0.94325,0.3986125,22.03125,-31.500002,-16.800001,walking
146702325750911,-0.46095002,6.7720504,12.277051,-0.5878125,0.4587,1.0910625,22.25625,-31.331251,-16.800001,walking
146702355954432,-0.69000006,4.73295,13.318951,-0.489775,0.1071125,0.3059375,22.48125,-31.1625,-16.800001,walking
146702386076308,-3.4440002,5.688,12.282001,-0.777425,-0.932525,-0.58355,22.6875,-30.975,-16.800001,walking
146702416105748,-4.57905,6.03,10.242001,-1.2557875,-1.44925,-0.5985375,22.9125,-30.806252,-16.800001,walking
146702446058244,-4.9230003,5.8960505,9.02805,-1.098075,-0.7579,-0.1062875,23.1,-30.581251,-16.931252,walking
146702475897814,-0.83895004,2.77395,10.74705,-0.1947,0.3202375,0.73095,23.2875,-30.375002,-17.00625,walking
146702505611455,1.6140001,0.55005,12.519001,0.8630875,0.8751875,0.8833,23.475,-30.150002,-17.1,walking
146702535221294,-1.2220501,0.29595003,11.829,1.278475,0.5311625,0.2707375,23.681252,-29.925001,-17.25,walking
146702564718451,-3.9510002,1.263,12.556951,1.3116125,-0.1496,-0.121275,23.868752,-29.681252,-17.400002,walking
146702594095029,-5.82105,1.5289501,14.42205,1.1666875,-0.5160375,0.2451625,24.018751,-29.475,-17.493752,walking
146702623342699,-5.99805,0.55695003,17.458052,0.7629875,-0.5768125,0.8023125,24.150002,-29.306252,-17.643751,walking
146702652452950,-3.417,-0.957,16.24695,0.0768625,-0.84947497,1.0291874,24.281252,-29.1375,-17.681252,walking
146702681417109,-1.2240001,-1.1179501,15.136051,-0.404525,-1.4279375,0.75116247,24.393751,-29.025002,-17.775002,walking
146702710226231,-4.7509503,-0.246,13.13895,-0.677325,-1.389575,0.502975,24.487501,-28.893751,-17.79375,walking
146702738869093,-6.4339504,1.7370001,11.29605,-0.6912125,-0.816475,0.418825,24.54375,-28.743752,-17.868752,walking
146702767340403,-6.26205,2.18505,9.74205,-0.509025,-0.5267625,0.5808,24.562502,-28.575,-17.962502,walking
146702795628862,-3.798,1.3950001,9.655951,-0.388575,-0.715275,0.83215,24.54375,-28.44375,-18.09375,walking
146702823724874,-2.4019501,0.63405,9.5119505,-0.44288749,-0.6758125,0.941875,24.525002,-28.331251,-18.300001,walking
146702851618736,-2.2710001,1.0890001,9.186001,-0.3183125,-0.5768125,0.7778375,24.525002,-28.218752,-18.525002,walking
146702879300714,-3.2380502,1.644,9.969001,0.081125,-0.4255625,0.59785,24.468752,-28.10625,-18.712502,walking
146702907166150,-4.59105,2.20005,11.04405,0.555225,-0.141075,0.5583875,24.206251,-28.143751,-18.975,walking
146702934747124,-3.62805,1.8000001,10.09095,0.7937875,0.1434125,0.7022125,23.94375,-28.181252,-19.25625,walking
146702962023069,-1.7560501,0.93105006,9.177,0.8278875,0.1167375,0.8182625,23.681252,-28.2,-19.5375,walking
146702988973015,-0.657,0.39705002,9.3490505,0.72985,-0.0196625,0.772475,23.400002,-28.218752,-19.81875,walking
146703015575625,-0.58500004,0.32205,8.78895,0.62865,-0.055825,0.636075,23.118752,-28.25625,-20.15625,walking
146703041809320,-1.1020501,0.61695004,7.2450004,0.556325,-0.071775,0.4742375,22.837502,-28.275002,-20.493752,walking
146703067768331,-1.3230001,1.23195,6.10995,0.4807,-0.1953875,0.3623125,22.518751,-28.312502,-20.8875,walking
146703093438138,-0.68100005,1.04805,5.6140504,0.434775,-0.2369125,0.4412375,22.1625,-28.368752,-21.150002,walking
146703118810965,0.29295,0.71505004,5.04195,0.49445,-0.106975,0.6351125,21.7875,-28.44375,-21.487501,walking
146703143878637,0.882,0.65295005,4.9560003,0.67347497,0.15619999,0.7832,21.393751,-28.500002,-21.806252,walking
146703168632925,1.11105,0.68205005,5.3359504,0.9174,0.2946625,0.7852625,21.018751,-28.650002,-21.84375,walking
146703193066353,0.55605,1.194,5.84205,1.1081125,0.3234,0.7415375,20.60625,-28.781252,-21.88125,walking
146703217171919,-0.11595,1.572,6.3420005,0.995225,0.396825,0.8097375,20.15625,-28.875002,-21.956251,walking
146703240942832,-0.231,1.5340501,6.7230005,0.6468,0.5577,0.907775,19.706251,-28.987501,-22.050001,walking
146703264367296,0.44805002,1.36905,7.347,0.4508625,0.5886375,0.9856,19.275002,-29.212502,-21.956251,walking
146703287450810,1.35105,1.419,7.8930006,0.489225,0.4928,0.9887625,18.862501,-29.5125,-21.84375,walking
146703310183188,1.368,1.7230501,7.4340005,0.537075,0.50875,1.0399125,18.4125,-29.812502,-21.73125,walking
146703332559973,1.1190001,2.16105,6.59595,0.4219875,0.634425,1.229525,17.94375,-30.13125,-21.581251,walking
146703354577250,1.13505,2.355,7.2250504,0.234575,0.70895,1.445675,17.456251,-30.431252,-21.375,walking
146703376231844,1.0849501,2.0010002,9.10005,0.2484625,0.7761875,1.5351875,16.987501,-30.73125,-21.1875,walking
146703397521620,0.87705004,1.5649501,10.021951,0.554125,0.8655625,1.4788125,16.462502,-31.031252,-20.98125,walking
146703418444719,-0.07005,1.6369501,9.78195,0.8705125,1.04995,1.3913625,15.918751,-31.312502,-20.79375,walking
146703439000355,-0.81000006,1.8019501,9.47805,1.0186,1.2661,1.3541,15.3,-31.5375,-20.625,walking
146703459188041,-0.59895,1.6150501,10.078951,1.044175,1.5335375,1.447875,14.64375,-31.7625,-20.53125,walking
146703479000344,0.26895002,1.218,11.059051,0.9557625,1.7956125,1.666225,14.062501,-32.081253,-20.34375,walking
146703498454089,0.94095004,1.2270001,11.2240505,0.7970875,1.8275125,1.803725,13.44375,-32.4375,-20.118752,walking
146703517543901,0.97695005,1.6300501,10.146001,0.6084375,1.75725,1.7397875,12.825001,-32.756252,-19.800001,walking
146703536271219,0.40305,2.2759502,9.02295,0.3975125,1.7199875,1.584275,12.20625,-33.075,-19.3875,walking
146703554639154,-0.60195005,2.8510501,8.14005,0.1078,1.715725,1.5576,11.56875,-33.393753,-18.975,walking
146703572652066,-1.014,3.2220001,8.001,-0.289575,1.6379,1.7716875,10.9125,-33.73125,-18.6,walking
146703590314184,-0.669,3.2050502,8.238,-0.6230125,1.3800875,2.006125,10.33125,-34.0125,-18.1875,walking
146703607631460,-0.087000005,3.1980002,8.38395,-0.6315375,1.1287374,1.9933375,9.712501,-34.3125,-17.737501,walking
146703624609410,-0.3,3.6499503,8.269051,-0.3641,1.0179125,1.9314625,9.075001,-34.575,-17.306252,walking
146703642372616,-1.65495,4.04505,8.094001,-0.1307625,1.0296,1.9410875,8.175,-34.818752,-16.95,walking
146703659555481,-3.1900501,4.35195,8.557051,-0.084975,1.1319,2.0359626,7.2562504,-35.04375,-16.59375,walking
146703676443150,-2.8549502,3.9739501,9.769951,-0.1681625,1.1873125,2.1434875,6.3187504,-35.268753,-16.25625,walking
146703692744365,-2.36595,3.8160002,10.951051,-0.205425,1.176725,2.1201124,5.3812504,-35.49375,-15.88125,walking
146703708453826,-2.59605,3.89895,10.977,-0.1659625,1.18305,1.9837124,4.4625,-35.71875,-15.58125,walking
146703723567352,-2.87895,3.9930003,9.98805,-0.091437496,1.1554124,1.8271,3.5625002,-35.90625,-15.262501,walking
146703738398919,-3.2640002,4.07205,9.153001,0.02365,1.1543125,1.70775,2.5875,-36.075,-15.000001,walking
146703752958166,-2.86905,3.9259503,9.14595,0.202675,1.1446875,1.7290624,1.6125001,-36.24375,-14.75625,walking
146703767255512,-2.1319501,3.5500503,9.379951,0.3091,1.2447875,1.818575,0.6,-36.412502,-14.55,walking
146703781302122,-1.8250501,3.3940501,9.49695,0.2547875,1.3780249,1.8601,-0.39375,-36.5625,-14.325001,walking
146703796467708,-1.69605,3.492,9.402,0.101475,1.35025,1.7941,-1.575,-36.5625,-14.212501,walking
146703811425124,-2.0740502,3.8200502,9.427951,-0.0754875,1.1671,1.6779125,-2.775,-36.46875,-14.175,walking
146703825833327,-2.46705,4.1940002,8.88,-0.203225,0.9977,1.5928,-3.99375,-36.318752,-14.19375,walking
146703839691967,-2.2420502,4.242,7.7449503,-0.205425,0.8336625,1.5692875,-5.1937504,-36.16875,-14.19375,walking
146703853001562,-1.6459501,4.077,7.1989503,-0.1830125,0.7302625,1.5874375,-6.3562503,-36.018753,-14.19375,walking
146703865763558,-1.0519501,3.9280503,7.45305,-0.24805,0.751575,1.60765,-7.51875,-35.86875,-14.26875,walking
146703878364360,-0.99000007,3.969,7.7640004,-0.311025,0.7877375,1.6050375,-8.700001,-35.662502,-14.325001,walking
146703890802357,-1.3800001,4.03095,8.262,-0.28545,0.851675,1.5879875,-9.84375,-35.381252,-14.475,walking
146703903089575,-1.81095,4.191,8.643001,-0.18645,0.9378875,1.551825,-10.9875,-35.11875,-14.64375,walking
146703915236847,-1.9020001,4.314,8.11095,-0.0787875,1.002925,1.5497625,-12.075001,-34.85625,-14.868751,walking
146703927255879,-1.78005,4.25595,7.79295,-0.1192125,1.0572375,1.5657125,-13.14375,-34.537502,-15.056251,walking
146703939143146,-1.7149501,4.19595,8.15205,-0.258775,1.067825,1.5635124,-14.250001,-34.143753,-15.31875,walking
146703950937727,-1.6819501,4.1410503,8.545051,-0.3834875,1.002925,1.5316125,-15.31875,-33.693752,-15.637501,walking
146703962636784,-1.76505,4.3110003,8.797951,-0.4068625,0.9304625,1.4836249,-16.368752,-33.225002,-15.993751,walking
146703974250178,-2.01195,4.467,8.470051,-0.3696,0.901725,1.4442999,-17.4375,-32.662502,-16.44375,walking
146703985788088,-2.1319501,4.42395,7.86705,-0.3047,0.9464125,1.4634125,-18.50625,-32.081253,-16.893751,walking
146703997261119,-2.163,4.2010503,7.8690004,-0.242825,1.0124125,1.4964125,-19.5,-31.500002,-17.362501,walking
146704008678302,-2.2110002,4.053,8.281051,-0.2300375,1.0316625,1.4986125,-20.475,-30.88125,-17.90625,walking
146704020049003,-2.25405,4.086,8.51295,-0.2567125,1.0177749,1.4836249,-21.431252,-30.225,-18.525002,walking
146704031382944,-2.4169502,4.3230004,8.500951,-0.243925,0.9197375,1.4623125,-22.35,-29.56875,-19.125,walking
146704044381691,-2.5530002,4.52895,8.272051,-0.2311375,0.8622625,1.4782625,-23.025002,-28.706251,-19.743752,walking
146704057360317,-2.42895,4.5480003,8.202001,-0.2726625,0.8036875,1.5208875,-23.7,-27.862501,-20.38125,walking
146704069892418,-2.2369502,4.56495,8.092051,-0.31845,0.7238,1.5081,-24.337502,-27.000002,-21.018751,walking
146704081982043,-2.15805,4.551,8.391001,-0.3568125,0.6172375,1.4282125,-24.975,-26.156252,-21.6375,walking
146704093633653,-2.352,4.5270004,8.563951,-0.428175,0.4063125,1.148125,-25.612501,-25.312502,-22.25625,walking
146704104852101,-2.766,4.6009502,8.29605,-0.430375,0.2806375,0.902,-26.268751,-24.45,-22.893751,walking
146704116102232,-2.7280502,4.5030003,7.9960504,-0.275825,0.2838,0.943525,-26.85,-23.60625,-23.550001,walking
146704127375417,-2.4090002,4.1940002,7.8499503,-0.1447875,0.4085125,1.0234125,-27.431252,-22.6875,-24.206251,walking
146704138677279,-2.09805,4.12395,7.8220506,-0.0798875,0.6172375,1.060675,-27.956251,-21.7875,-24.825,walking
146704150013707,-1.40205,3.63105,7.8480005,-0.01705,0.6576625,1.077725,-28.425001,-20.90625,-25.425001,walking
146704161391069,-2.3740501,4.87095,8.0130005,0.111925,0.6502375,1.0597125,-28.706251,-20.1375,-25.931252,walking
146704172797713,-3.0870001,4.9549503,7.9440002,0.2024,0.562925,1.0032,-29.00625,-19.331251,-26.41875,walking
146704186541696,-3.015,4.7899504,7.3120503,0.081125,0.296725,0.9290875,-29.250002,-18.431252,-26.98125,walking
146704199869672,-2.8980002,4.6920004,7.2850504,-0.1819125,0.0528,0.8023125,-29.531252,-17.5125,-27.562502,walking
146704212785713,-2.8980002,4.668,7.6320004,-0.4312,-0.0697125,0.6021125,-29.79375,-16.575,-28.125002,walking
146704225294202,-2.80695,4.491,7.7880006,-0.4525125,0.2765125,0.2888875,-30.056252,-15.656251,-28.687502,walking
146704237399776,-2.39505,4.4380503,7.4940004,-0.25547498,1.31945,0.029975,-30.300001,-14.75625,-29.2875,walking
146704249107308,-1.572,4.3570504,6.9289503,0.148225,2.0469625,-0.0829125,-30.525002,-13.89375,-29.831251,walking
146704260905556,-0.513,4.17495,7.02405,0.6681125,1.9531875,-0.0510125,-30.712502,-13.031251,-30.375002,walking
146704272780804,1.42305,5.07705,7.9960504,0.791725,1.65495,-0.1084875,-30.862501,-12.150001,-30.91875,walking
146704284735982,3.18,6.267,9.39,0.49774998,1.4397625,-0.3290375,-30.937502,-11.34375,-31.500002,walking
146704296757729,1.38405,5.03205,11.226001,0.1632125,1.1308,-0.4302375,-30.956251,-10.59375,-32.100002,walking
146704308881638,0.62505,5.2189503,14.145,0.029975,0.6727875,-0.2523125,-30.900002,-9.900001,-32.71875,walking
146704321093012,0.333,4.965,14.323951,0.0438625,0.16995,0.0396,-30.806252,-9.243751,-33.35625,walking
146704333394642,0.86700004,4.302,12.093,0.0119624995,-0.3051125,0.3432,-30.675001,-8.625,-33.99375,walking
146704345787675,0.41895002,4.27995,10.696951,-0.24695,-0.577775,0.505175,-30.487501,-8.043751,-34.612503,walking
146704358274536,-1.18605,4.8450003,10.660951,-0.474925,-0.6609625,0.4582875,-30.300001,-7.4812503,-35.23125,walking
146704370856081,-1.9740001,5.0389504,10.486051,-0.3971,-0.5225,0.2866875,-30.112501,-6.9187503,-35.775,walking
146704383533597,-2.0700002,4.8829503,9.556951,-0.120175,-0.14739999,0.17173749,-29.925001,-6.4125004,-36.24375,walking
146704396309036,-1.284,4.45695,7.8480005,0.1461625,0.1838375,0.2068,-29.737501,-5.90625,-36.7125,walking
146704409182686,0.10305001,3.7200003,6.45195,0.2036375,0.24887499,0.3548875,-29.550001,-5.625,-37.125,walking
146704422138274,1.3219501,3.354,7.005,0.0279125,0.1401125,0.4796,-29.362501,-5.3625,-37.4625,walking
146704437599458,1.5949501,3.4680002,7.6470003,-0.2660625,-0.0089375,0.504075,-29.175001,-5.0062504,-37.8375,walking
146704452655350,1.1659501,4.026,8.13,-0.5355625,-0.1155,0.4901875,-28.968752,-4.65,-38.2125,walking
146704467310381,0.25905,4.7470503,8.31,-0.693275,-0.18053749,0.5253875,-28.781252,-4.275,-38.568752,walking
146704481569169,-0.06105,5.20695,8.13,-0.6826875,-0.2987875,0.5902875,-28.593752,-3.91875,-38.90625,walking
146704495436451,0.07005,5.2500005,7.8450003,-0.58575,-0.445775,0.6021125,-28.3875,-3.5625002,-39.225002,walking
146704508917068,0.043950003,5.142,8.04405,-0.4642,-0.5682875,0.5168625,-28.1625,-3.2625,-39.525,walking
146704522517062,-0.53505003,5.05095,8.69505,-0.3749625,-0.57475,0.4024625,-27.975,-2.98125,-39.84375,walking
146704536218929,-1.09305,5.12295,9.682051,-0.346225,-0.4459125,0.2649625,-27.7875,-2.7,-40.2,walking
146704550023416,-1.24395,4.85895,10.27095,-0.378125,-0.2233,0.1392875,-27.6,-2.4,-40.443752,walking
146704563929655,-0.84405005,4.43295,10.255951,-0.3312375,-0.1230625,0.049775,-27.431252,-2.11875,-40.74375,walking
146704577937436,-0.384,4.1719503,9.604951,-0.1458875,-0.096525,-0.0301125,-27.281252,-1.95,-40.96875,walking
146704592047286,0.028950002,4.1460004,8.7289505,0.0468875,-0.061325,-0.1441,-27.13125,-1.8000001,-41.193752,walking
146704606258179,0.135,4.05495,7.9750504,0.126775,-0.00385,-0.24213749,-26.98125,-1.63125,-41.41875,walking
146704620569747,-0.21900001,4.02105,8.158951,0.0820875,0.0270875,-0.2633125,-26.831251,-1.4625001,-41.60625,walking
146704634982239,-0.47505003,4.11495,8.98995,-0.0457875,0.0367125,-0.203775,-26.7,-1.29375,-41.8125,walking
146704649494439,-0.34800002,4.2730503,9.241051,-0.1544125,0.023924999,-0.167475,-26.550001,-1.125,-42.018753,walking
146704664105847,-0.252,4.2780004,8.85795,-0.2035,0.023924999,-0.183425,-26.41875,-0.99375004,-42.1875,walking
146704678816654,-0.18300001,4.60995,8.370001,-0.2118875,0.007975,-0.2101,-26.2875,-0.88125,-42.3375,walking
146704693625457,-0.37695003,5.0410504,7.9360504,-0.209825,-0.0336875,-0.2453,-26.212502,-0.76875,-42.43125,walking
146704708514220,-0.42195,5.1319504,7.965,-0.2024,-0.1348875,-0.29535,-26.175001,-0.58125,-42.46875,walking
146704723518031,-0.07005,5.01,8.266951,-0.2044625,-0.2893,-0.32725,-26.19375,-0.375,-42.45,walking
146704738617792,0.192,4.9410005,8.69295,-0.20019999,-0.4129125,-0.3422375,-26.23125,-0.16875,-42.43125,walking
146704753813502,0.18,4.8520503,8.913,-0.194975,-0.465025,-0.3433375,-26.306252,0.0375,-42.375,walking
146704769103658,0.064950004,4.60605,9.082951,-0.2077625,-0.434225,-0.370975,-26.41875,0.26250002,-42.300003,walking
146704784487461,0.012,4.59795,9.076051,-0.19167499,-0.3669875,-0.439175,-26.531252,0.4875,-42.206253,walking
146704799964862,0.19905001,4.8310504,8.920051,-0.1469875,-0.2935625,-0.53185,-26.6625,0.69375,-42.15,walking
146704815534245,0.453,5.03205,8.608951,-0.0639375,-0.2360875,-0.6180625,-26.812502,0.93750006,-42.09375,walking
146704831194754,0.63705003,4.9410005,8.2240505,0.058575,-0.18493749,-0.6851625,-26.962502,1.125,-42.037502,walking
146704846946274,0.97305006,4.8619504,8.116051,0.21835,-0.16995,-0.7396125,-27.093752,1.3312501,-41.925003,walking
146704862769723,1.1659501,4.76595,8.323951,0.2908125,-0.1859,-0.760925,-27.225,1.5375,-41.850002,walking
146704878699318,1.19805,4.701,8.599951,0.26427498,-0.2072125,-0.740575,-27.375002,1.6125001,-41.756252,walking
146704894717301,0.98700005,4.81395,8.98305,0.28875,-0.2882,-0.6936875,-27.525002,1.66875,-41.662502,walking
146704910821712,0.63705003,4.99095,9.35595,0.3366,-0.366025,-0.657525,-27.69375,1.725,-41.60625,walking
146704928186618,0.30495003,5.04405,9.571951,0.1821875,-0.4928,-0.6617875,-27.91875,1.7062501,-41.475002,walking
146704946050738,-0.15405001,5.142,9.271951,-0.1821875,-0.618475,-0.657525,-28.1625,1.6875001,-41.362503,walking
146704964463150,-0.49905002,5.2710004,9.49005,-0.4739625,-0.6887375,-0.66715,-28.3875,1.66875,-41.23125,walking
146704981826938,-0.74805003,5.2710004,10.036051,-0.5410625,-0.551375,-0.7225625,-28.612501,1.63125,-41.11875,walking
146704999547540,-0.61395,5.355,9.897,-0.48785,-0.2435125,-0.7288875,-28.81875,1.575,-40.93125,walking
146705017149983,-0.53205,5.29005,9.03495,-0.395175,0.091025,-0.67141247,-29.04375,1.5,-40.8375,walking
146705034752418,-0.77895004,4.9410005,8.66895,-0.2726625,0.1720125,-0.5478,-29.250002,1.3875,-40.65,walking
146705052354828,-0.906,4.59105,9.078,-0.1683,-0.077275,-0.4477,-29.456251,1.2750001,-40.518753,walking
146705069957247,-1.3270501,4.29195,9.40905,-0.11825,-0.4277625,-0.4690125,-29.643751,1.125,-40.331253,walking
146705087559640,-2.1720002,3.9499502,9.474,-0.0554125,-0.5801125,-0.558525,-29.831251,0.975,-40.2,walking
146705105162048,-2.979,3.72705,9.769951,0.0309375,-0.3851375,-0.6276875,-30.018751,0.80625004,-40.10625,walking
146705122745463,-3.52005,3.4950001,10.2640505,0.11935,0.0100375,-0.642675,-30.206251,0.61875004,-39.91875,walking
146705140361991,-3.15405,3.0180001,10.07205,0.1918125,0.352,-0.5957875,-30.4125,0.43125,-39.7125,walking
146705158176480,-2.4090002,2.64,9.361051,0.1651375,0.4318875,-0.490325,-30.618752,0.22500001,-39.5625,walking
146705176572617,-1.9230001,2.568,8.305051,0.026675,0.3073125,-0.3784,-30.843752,0.0,-39.375,walking
146705195908064,-1.8709501,2.62995,7.48395,-0.18645,0.1368125,-0.302775,-31.050001,-0.22500001,-39.1875,walking
146705215940021,-2.1010501,2.772,7.2109504,-0.3834875,-0.0229625,-0.2996125,-31.275002,-0.46875003,-39.05625,walking
146705236746208,-2.532,3.0349503,7.3500004,-0.47079998,-0.1423125,-0.356125,-31.48125,-0.69375,-38.90625,walking
146705257711035,-2.80695,3.3439503,7.5150003,-0.473,-0.1934625,-0.4114,-31.706251,-0.93750006,-38.775,walking
146705278620828,-2.7450001,3.2719502,7.46505,-0.43353748,-0.2264625,-0.4497625,-31.893751,-1.1812501,-38.625,walking
146705299382601,-2.46195,3.045,7.4500504,-0.397375,-0.30525,-0.47753748,-32.100002,-1.4250001,-38.5125,walking
146705319977673,-2.043,2.97,7.7500505,-0.39627498,-0.4629625,-0.5031125,-32.30625,-1.66875,-38.41875,walking
146705340417916,-1.746,3.0229502,8.02995,-0.378125,-0.5588,-0.55,-32.49375,-1.8937501,-38.268753,walking
146705360735477,-1.81605,3.1330502,8.17605,-0.2811875,-0.54395,-0.60101247,-32.68125,-2.1750002,-38.15625,walking
146705380938683,-1.81305,3.2410502,8.35995,-0.125675,-0.43945,-0.656425,-32.850002,-2.41875,-37.987503,walking
146705401066995,-1.7890501,3.45195,8.581051,0.0138875,-0.3245,-0.689425,-33.037502,-2.6625001,-37.85625,walking
146705420863896,-1.6339501,3.49005,8.65005,0.0309375,-0.2594625,-0.70015,-33.24375,-2.9437501,-37.74375,walking
146705440934757,-1.46895,3.5470502,8.797951,-0.0350625,-0.383075,-0.7183,-33.45,-3.16875,-37.59375,walking
146705460977621,-1.33905,3.5020502,9.02595,-0.0947375,-0.5886375,-0.7693125,-33.675003,-3.3750002,-37.443752,walking
146705480987908,-1.296,3.6030002,9.16695,0.010725,-0.6994625,-0.83435,-33.9,-3.6000001,-37.256252,walking
146705500979285,-1.404,3.6120002,9.082951,0.3163875,-0.6887375,-0.8823375,-34.068752,-3.7500002,-37.143753,walking
146705520968366,-1.6480501,3.5380502,9.247951,0.6637125,-0.6034875,-0.9238625,-34.237503,-3.9562502,-37.0125,walking
146705540947047,-1.6669501,3.4009502,9.909,0.852225,-0.54395,-0.9887625,-34.425003,-4.14375,-36.84375,walking
146705560919991,-1.5690001,3.21,10.6710005,0.600875,-0.0741125,-1.00375,-34.631252,-4.3875003,-36.675003,walking
146705580899679,-1.59105,2.9920502,11.656951,0.2930125,0.4170375,-0.9472375,-34.818752,-4.6875,-36.46875,walking
146705600879556,-1.6620001,2.7169502,12.18105,0.279125,0.393525,-0.8311875,-35.006252,-5.0437503,-36.225002,walking
146705620595127,-1.3110001,2.844,12.253051,0.23539999,0.1038125,-0.7214625,-35.193752,-5.45625,-36.037502,walking
146705640646715,-0.62805,3.5140502,10.965,0.061875,-0.1263625,-0.6958875,-35.362503,-5.8500004,-35.831253,walking
146705660690094,-0.96795005,3.5470502,9.483001,0.050049998,-0.5278625,-0.6958875,-35.53125,-6.24375,-35.68125,walking
146705680733119,-1.6650001,3.5790002,11.272051,0.2919125,-0.99549997,-0.691625,-35.7,-6.675,-35.4375,walking
146705730002740,-2.17995,3.2700002,12.442051,0.5710375,-1.1958375,-0.7513,-35.8875,-7.2937503,-35.100002,walking
146705765090321,-1.7680501,2.9230502,11.81295,0.7382375,-1.024375,-0.7981875,-36.05625,-7.89375,-34.7625,walking
146705793287594,-1.35405,2.4820502,11.434051,0.7115625,-0.6290625,-0.74387497,-36.206253,-8.493751,-34.443752,walking
146705821484881,-0.88905007,2.38395,12.12405,0.5539875,-0.2850375,-0.5520625,-36.375,-9.075001,-34.143753,walking
146705849682137,0.0,2.29005,11.43,0.363275,-0.1838375,-0.3081375,-36.525,-9.637501,-33.84375,walking
146705877879279,0.81405,2.39295,9.63195,0.2162875,-0.2668875,-0.166375,-36.693752,-10.181251,-33.54375,walking
146705906076229,1.0489501,2.77395,7.7880006,0.161975,-0.3702875,-0.1324125,-36.84375,-10.743751,-33.1875,walking
146705934272823,0.771,3.4129503,6.6889505,0.213125,-0.4789125,-0.066275,-36.99375,-11.325001,-32.850002,walking
146705962468818,0.37395,4.01205,6.70305,0.2844875,-0.600325,0.0391875,-37.143753,-11.90625,-32.475002,walking
146705990664004,0.31395,3.9900002,7.3450503,0.209825,-0.6941,0.0966625,-37.29375,-12.525001,-32.081253,walking
146706018859693,0.71595,3.8080502,8.0130005,0.05335,-0.7484125,0.0284625,-37.48125,-13.14375,-31.612501,walking
146706047054079,0.67800003,3.82995,8.602051,-0.0532125,-0.7580375,-0.0418,-37.65,-13.743751,-31.10625,walking
146706075246362,0.48195,4.0999503,8.956051,-0.1106875,-0.57695,-2.75E-4,-37.800003,-14.38125,-30.6375,walking
146706103435502,0.58695,4.2010503,8.65005,-0.0713625,-0.2541,0.018975,-37.95,-15.000001,-30.150002,walking
146706131621500,1.03005,4.17495,8.061001,0.0713625,-0.0889625,-0.02585,-38.100002,-15.618751,-29.718752,walking
146706159801892,1.2019501,4.11495,8.217,0.3399,-0.1551,-0.2506625,-38.2125,-16.25625,-29.268751,walking
146706187976851,0.67605,3.7800002,8.478001,0.6061,-0.154,-0.5286875,-38.30625,-16.85625,-28.800001,walking
146706216145326,0.61605,3.354,8.78895,0.75528747,-0.0644875,-0.6606875,-38.4,-17.475,-28.35,walking
146706244305937,0.87195003,2.67405,9.568951,0.79365,0.0367125,-0.692725,-38.456253,-18.09375,-27.91875,walking
146706272457289,1.46595,2.1060002,10.68,0.8127625,-0.0048125,-0.8833,-38.456253,-18.768751,-27.431252,walking
146706300614576,2.3110502,1.8690001,11.154,0.79585,-0.2008875,-1.27325,-38.325,-19.556252,-26.925001,walking
146706328763467,2.115,1.9579501,10.648951,0.49005,-0.20515,-1.5566375,-38.025,-20.1,-25.781252,walking
146706356896648,1.779,2.2690501,10.09605,-0.1117875,-0.0548625,-1.5970625,-37.6875,-20.643751,-24.656252,walking
146706385010278,2.31795,2.2020001,9.825001,-0.5677375,-0.1881,-1.5800124,-37.36875,-21.13125,-23.53125,walking
146706413099986,3.759,2.2399502,10.01895,-0.5113625,-0.5949625,-1.7846125,-37.03125,-21.581251,-22.462502,walking
146706441160926,4.281,2.9200501,9.222,-0.040425,-1.089275,-2.3012,-36.693752,-21.9375,-21.4125,walking
146706469197427,3.3450003,3.45195,7.7160006,0.3515875,-1.174525,-2.79015,-36.3375,-22.29375,-20.400002,walking
146706497206970,2.088,3.1260002,7.6830006,0.39421248,-0.8996625,-3.019225,-35.943752,-22.66875,-19.29375,walking
146706525186027,1.9090501,1.9099501,9.93795,0.1566125,-0.5226375,-3.0223875,-35.49375,-23.1,-18.206251,walking
146706553131207,3.08205,0.79395,11.700001,-0.108625,-0.2924625,-3.019225,-34.987503,-23.53125,-17.118752,walking
146706581099958,3.6660001,0.26700002,11.443951,-0.2470875,-0.2541,-3.135275,-34.0125,-23.962502,-16.1625,walking
146706609020009,2.6250002,0.79605,8.932051,-0.2470875,-0.4032875,-3.256825,-33.037502,-24.393751,-15.187501,walking
146706636883551,1.2019501,1.40205,6.9880505,-0.1353,-0.66316247,-3.2759376,-32.04375,-24.806252,-14.19375,walking
146706664682076,0.18705001,1.62705,6.4759502,-0.0053625,-0.940225,-3.236475,-31.050001,-25.237501,-13.200001,walking
146706692429148,-0.043950003,1.13205,7.4479504,0.0682,-1.1606375,-3.2322125,-30.056252,-25.650002,-12.20625,walking
146706720095253,-0.49695003,0.53595,8.533051,0.13213749,-1.3033625,-3.3196626,-29.062502,-26.081251,-11.231251,walking
146706747697080,-1.2790501,0.33405003,9.517051,0.22687499,-1.273525,-3.46445,-27.975,-26.5125,-10.25625,walking
146706775230331,-2.06205,0.21495001,9.883051,0.2982375,-1.1787875,-3.540075,-26.79375,-26.94375,-9.28125,walking
146706802688731,-2.3140502,-0.012,9.47805,0.25355,-1.125575,-3.421825,-25.518751,-27.35625,-8.26875,walking
146706830066459,-2.022,-0.39195,8.872951,0.0576125,-1.0360625,-3.16305,-24.16875,-27.768751,-7.275,walking
146706857357616,-1.3560001,-0.41595003,8.451,-0.1544125,-0.7953,-2.919125,-22.706251,-28.143751,-6.3562503,walking
146706884556081,-1.3300501,-0.16995001,8.05605,-0.1299375,-0.6887375,-2.7369375,-21.150002,-28.518751,-5.4187503,walking
146706911655513,-1.93095,0.38205,8.133,0.160875,-0.8976,-2.6527874,-19.518751,-28.875002,-4.51875,walking
146706938649344,-2.778,1.36905,8.21205,0.35694999,-1.105225,-2.6516874,-17.8125,-29.23125,-3.6375,walking
146706965530945,-2.8930502,1.9890001,8.79105,0.330275,-0.9433875,-2.6069999,-16.03125,-29.475,-2.7,walking
146706992293404,-2.7880502,1.9030501,10.632001,0.3271125,-0.363825,-2.443925,-14.156251,-29.718752,-1.725,walking
146707018927650,-2.4550502,1.3930501,13.333051,0.463375,0.054725,-2.2287376,-12.243751,-29.906252,-0.7875,walking
146707045430498,-1.6789501,1.2349501,14.566051,0.7084,0.0771375,-1.989075,-10.2375,-30.056252,0.16875,walking
146707071792899,-1.09305,1.6009501,13.2640505,0.9108,-0.33935,-1.7760875,-8.212501,-30.206251,1.125,walking
146707098007422,-1.143,2.2470002,11.872951,0.8394375,-0.9081875,-1.7175125,-6.1312504,-30.2625,2.0062501,walking
146707124066622,-1.71,2.63805,11.82705,0.582725,-1.2447875,-1.77815,-4.1625004,-30.187502,2.90625,walking
146707149963003,-2.15595,2.592,12.780001,0.415525,-1.1233749,-1.8187125,-2.30625,-30.281252,3.16875,walking
146707176094298,-2.56995,2.535,13.311001,0.46667498,-0.77715,-1.8165125,-0.22500001,-30.225,3.3937502,walking
146707201994779,-2.184,2.3689501,12.442051,0.61036247,-0.499125,-1.7579374,1.81875,-30.206251,3.5812502,walking
146707227646078,-1.04205,2.35305,10.431001,0.66055,-0.40535,-1.6897374,3.8625002,-30.187502,3.7500002,walking
146707253029484,-0.384,2.499,8.78205,0.5710375,-0.4107125,-1.6726875,5.90625,-30.16875,3.91875,walking
146707278125865,-0.10395,2.937,8.335951,0.45705,-0.4596625,-1.668425,7.93125,-30.112501,4.1062503,walking
146707302915779,0.043950003,3.28605,8.63595,0.4411,-0.499125,-1.618375,9.900001,-30.000002,4.2562504,walking
146707327490608,0.24000001,3.8059502,8.772,0.4505875,-0.4714875,-1.516075,11.83125,-29.85,4.40625,walking
146707351847574,0.573,3.9810002,8.48505,0.379225,-0.450175,-1.3893,13.725,-29.56875,4.5375004,walking
146707375976195,0.68505,3.9450002,8.262,0.331375,-0.501325,-1.2914,15.20625,-29.118752,4.6687503,walking
146707399870234,0.52995,3.9900002,8.547,0.347325,-0.5886375,-1.249875,16.706251,-28.650002,4.7625003,walking
146707424184834,0.135,4.0690503,8.748,0.2908125,-0.653675,-1.1922625,18.300001,-28.031252,4.78125,walking
146707448154366,-0.010950001,4.1410503,8.51295,0.109725,-0.6653625,-1.111275,19.875,-27.4125,4.8187504,walking
146707471759253,0.003,4.1460004,8.49405,-0.066,-0.6824125,-1.0495375,21.46875,-26.79375,4.8375,walking
146707494980055,0.27105,3.8899503,9.00195,-0.0862125,-0.7079875,-0.993025,23.04375,-26.175001,4.875,walking
146707517797435,0.273,3.6910503,9.055051,-0.008525,-0.77715,-0.874775,24.54375,-25.518751,4.89375,walking
146707540192355,-0.049050003,3.7080002,8.644951,-0.0011,-0.835725,-0.6617875,25.931252,-24.862501,4.93125,walking
146707562321484,-0.43695003,3.5670002,8.47995,-0.1310375,-0.754875,-0.471075,27.243752,-24.187502,4.9125004,walking
146707584175838,-1.03995,3.2029502,9.262951,-0.3366,-0.5641625,-0.4274875,28.48125,-23.493752,4.8,walking
146707605752342,-2.0359502,2.8840501,10.29705,-0.462275,-0.430925,-0.4093375,29.587502,-22.7625,4.6687503,walking
146707627048845,-3.01005,3.1189501,10.762051,-0.45265,-0.4681875,-0.3102,30.6375,-22.050001,4.4812503,walking
146707648063138,-3.86805,3.3919501,10.434001,-0.3664375,-0.618475,-0.17173749,31.612501,-21.337502,4.33125,walking
146707668794004,-4.2169504,3.1740003,9.92805,-0.2993375,-0.64405,-0.1111,32.5125,-20.625,4.18125,walking
146707689240847,-4.6459503,2.87895,10.15095,-0.2374625,-0.5247,-0.0875875,33.300003,-19.987501,3.9562502,walking
146707709403275,-5.57205,2.66205,10.929001,-0.0691625,-0.37454998,-0.0545875,33.99375,-19.368752,3.6750002,walking
146707729273674,-6.3460503,2.35305,11.47305,0.1683,-0.27335,-0.051425,34.65,-18.806252,3.3750002,walking
146707748868997,-6.33405,1.9770001,11.169001,0.3441625,-0.1923625,-0.1078,35.2125,-18.225,3.0187502,walking
146707768182678,-5.99805,1.539,10.180051,0.3399,-0.029424999,-0.1771,35.71875,-17.6625,2.68125,walking
146707787215905,-5.7130504,1.4310001,9.59595,0.1694,0.1794375,-0.19525,36.16875,-17.1375,2.3812501,walking
146707805971370,-5.2249503,1.3759501,9.03495,-0.007425,0.33605,-0.20899999,36.5625,-16.612501,2.0062501,walking
146707824451721,-4.4110503,1.4239501,8.106,-0.04895,0.50435,-0.2985125,36.91875,-16.125,1.6500001,walking
146707842660528,-3.55605,1.572,6.67005,-0.047849998,0.63965,-0.4497625,37.068752,-15.7875,1.3125,walking
146707860602375,-3.1230001,1.9740001,5.3440504,-0.142725,0.6843375,-0.53075,37.237503,-15.375001,1.03125,walking
146707878281440,-2.86695,2.403,4.9630504,-0.2151875,0.528825,-0.39435,37.425003,-14.981251,0.76875,walking
146707895703344,-2.39805,2.6209502,5.5590005,-0.2374625,0.37867498,-0.166375,37.631252,-14.587501,0.52500004,walking
146707912872998,-1.8090001,2.80995,6.3799505,-0.329175,0.2827,0.0242,37.818752,-14.175,0.28125,walking
146707929797860,-1.59105,3.35595,6.6840005,-0.5071,0.0845625,0.0636625,38.04375,-13.781251,0.056250002,walking
146707946488099,-2.60595,4.18905,7.254,-0.5592125,-0.27225,0.0583,38.25,-13.368751,-0.15,walking
146707962945566,-3.3649502,4.88805,8.358001,-0.3004375,-0.6791125,0.0605,38.4,-12.993751,-0.39375,walking
146707979178300,-3.35805,5.058,8.6310005,0.0798875,-0.8976,0.0935,38.53125,-12.618751,-0.65625,walking
146707995193261,-2.6580002,4.91505,8.85105,0.4357375,-0.91355,0.102025,38.643753,-12.281251,-0.8625,walking
146708010999145,-2.08095,4.7640004,9.8539505,0.854425,-0.91245,0.048675,38.643753,-12.075001,-1.0125,walking
146708026603950,-2.0670002,4.6150503,12.0070505,1.359325,-0.94875,-0.0545875,38.643753,-11.868751,-1.21875,walking
146708042016413,-2.09295,4.452,13.39305,1.7587625,-0.9306,-0.186725,38.625,-11.681251,-1.44375,walking
146708057244428,-2.055,4.0789504,13.387951,1.6138375,-0.5556375,-0.2112,38.568752,-11.512501,-1.6875001,walking
146708072296525,-2.01195,3.52305,13.381051,1.0333124,0.0154,-0.099275,38.53125,-11.34375,-1.9125,walking
146708087199802,-1.9740001,2.8150501,13.695001,0.5528875,-0.0166375,0.0625625,38.475002,-11.212501,-2.1750002,walking
146708101944308,-1.437,2.6260502,13.306951,0.2589125,-0.618475,0.1478125,38.41875,-11.08125,-2.3812501,walking
146708116538251,-0.87000006,3.5329502,11.43,0.0064625,-1.0296,-0.0034375,38.34375,-10.9875,-2.5125,walking
146708130988721,-1.2790501,3.8920503,8.39595,-0.25025,-0.8976,-0.185625,38.287502,-10.9125,-2.68125,walking
146708145306785,-1.7299501,3.8160002,8.254951,-0.329175,-0.466125,-0.169675,38.193752,-10.837501,-2.8125,walking
146708159502306,-2.055,3.3439503,9.84195,-0.022275,-0.16995,-0.0407,38.100002,-10.762501,-2.9437501,walking
146708173583490,-1.014,2.50095,10.177051,0.415525,-0.231825,-0.0077,37.987503,-10.70625,-3.1312501,walking
146708187558985,0.28800002,2.29305,8.97105,0.616825,-0.450175,-0.100375,37.893753,-10.668751,-3.2625,walking
146708201437926,0.11805001,2.67105,8.335951,0.5262125,-0.6312625,-0.2506625,37.800003,-10.63125,-3.3750002,walking
146708215214088,-0.66705,2.86695,9.418051,0.22165,-0.6153125,-0.3433375,37.725002,-10.575001,-3.4687502,walking
146708228924022,-0.79095006,2.40105,10.683001,-0.042625,-0.30745,-0.24213749,37.612503,-10.556251,-3.5062501,walking
146708242562312,-0.20400001,1.8210001,10.003051,-0.0446875,0.0196625,-0.0482625,37.537502,-10.556251,-3.6000001,walking
146708256136332,0.453,1.7920501,7.9440002,0.0831875,0.2497,0.091299996,37.443752,-10.5375,-3.6937501,walking
146708269654481,0.90495,2.19195,6.09105,0.1406625,0.292325,0.103125,37.36875,-10.51875,-3.80625,walking
146708283123707,0.45495003,3.0180001,4.9960504,0.1128875,0.2039125,0.0562375,37.275,-10.5,-3.9562502,walking
146708296551368,-0.054,3.72495,5.56605,0.1012,0.03025,0.043449998,37.18125,-10.5,-4.03125,walking
146708309945281,-0.08505,3.8179502,6.94995,0.091575,-0.00275,0.099825,37.068752,-10.5,-4.14375,walking
146708323311664,0.32805002,3.6340501,7.6990504,0.05335,0.054725,0.1722875,36.975002,-10.51875,-4.2375,walking
146708338350678,0.63705003,3.4039502,8.06595,0.0053625,0.105875,0.22659999,36.84375,-10.556251,-4.2937503,walking
146708353375323,0.53205,3.56205,8.51595,-0.033,0.143275,0.24365,36.693752,-10.63125,-4.3500004,walking
146708367957261,0.064950004,3.729,8.65995,-0.0202125,0.19855,0.2160125,36.54375,-10.70625,-4.4437504,walking
146708382098691,-0.11595,3.9090002,8.19495,0.08525,0.257125,0.1626625,36.393753,-10.81875,-4.51875,walking
146708395802270,-0.075,4.0810504,8.04405,0.1810875,0.3872,0.083875,36.24375,-10.9125,-4.5750003,walking
146708409071138,0.16305001,4.25895,8.20695,0.2259125,0.5214,0.0039875,36.112503,-11.043751,-4.6312504,walking
146708422369181,0.48900002,4.20795,8.475,0.295075,0.5416125,-0.0609125,35.9625,-11.15625,-4.70625,walking
146708435684842,0.63705003,4.0669503,9.17205,0.2737625,0.5330875,-0.09185,35.850002,-11.26875,-4.8,walking
146708449022926,0.71595,3.9259503,9.66495,-0.0383625,0.7429125,-0.001375,35.756252,-11.38125,-4.78125,walking
146708462387970,0.65895003,3.8869503,9.571951,-0.413325,0.9123125,0.2256375,35.643753,-11.475,-4.78125,walking
146708477581721,0.32805002,4.05,9.77805,-0.6199875,0.8218375,0.3746875,35.60625,-11.587501,-4.74375,walking
146708492802354,0.14400001,4.689,10.345051,-0.59015,0.4745125,0.3161125,35.550003,-11.681251,-4.70625,walking
146708507595520,-0.33900002,5.0410504,9.33705,-0.4059,0.0165,0.186175,35.49375,-11.7375,-4.65,walking
146708521964510,-1.6360501,4.716,8.6980505,-0.3004375,-0.0166375,0.1606,35.456253,-11.793751,-4.65,walking
146708535912881,-2.3449502,4.0810504,9.556951,-0.2822875,0.3179,0.1584,35.4,-11.85,-4.59375,walking
146708549444543,-2.2080002,2.6500502,10.77795,-0.210925,0.6769125,0.1051875,35.362503,-11.90625,-4.5,walking
146708563044159,-1.9260001,1.5270001,11.53995,-0.1480875,0.7929625,0.07425,35.34375,-11.981251,-4.40625,walking
146708576697886,-1.93095,1.6459501,10.683001,-0.1555125,0.7706875,0.0785125,35.34375,-12.075001,-4.3125,walking
146708590409061,-2.09805,2.0370002,8.7310505,-0.2908125,0.7673875,0.1062875,35.362503,-12.187501,-4.14375,walking
146708604179417,-1.8679501,1.93605,7.9150505,-0.4921125,0.782375,0.2138125,35.381252,-12.281251,-4.0125003,walking
146708618011915,-2.0650501,1.8400501,8.16405,-0.6252125,0.7599625,0.353375,35.381252,-12.356251,-3.8437502,walking
146708631891102,-2.4769502,1.9099501,8.092051,-0.6529875,0.7195375,0.4013625,35.362503,-12.4125,-3.6937501,walking
146708645852703,-2.6250002,2.14695,7.5750003,-0.7062,0.63965,0.322575,35.4,-12.4875,-3.45,walking
146708659882152,-2.8140001,2.5080001,7.0750504,-0.7786625,0.512875,0.219175,35.41875,-12.58125,-3.16875,walking
146708673980379,-3.1330502,2.76195,7.2370505,-0.72008747,0.45319998,0.15413749,35.456253,-12.69375,-2.9250002,walking
146708688148796,-2.8620002,2.6860502,7.7880006,-0.497475,0.698225,0.1456125,35.49375,-12.7875,-2.625,walking
146708702389428,-2.043,2.38905,8.073,-0.1469875,1.1499125,0.133925,35.53125,-12.900001,-2.3625002,walking
146708716702731,-1.725,2.18805,8.142,-0.0554125,1.2852125,0.07535,35.568752,-13.012501,-2.1375,walking
146708731089704,-1.7890501,2.3100002,8.604,-0.3366,0.915475,-0.0301125,35.625,-13.125001,-1.85625,walking
146708745552009,-1.9570501,2.5870502,8.892,-0.683925,0.258225,-0.151525,35.662502,-13.218751,-1.63125,walking
146708760089684,-1.8589501,2.7529502,8.65695,-0.8149625,-0.2264625,-0.2239875,35.71875,-13.293751,-1.3125,walking
146708774686289,-1.76505,3.009,8.545051,-0.6934125,-0.154,-0.1876875,35.79375,-13.368751,-1.0500001,walking
146708789377631,-1.9090501,3.28395,8.18805,-0.473,0.225225,-0.1494625,35.850002,-13.387501,-0.82500005,walking
146708804146108,-2.151,3.37995,8.559,-0.107525,0.342375,-0.1749,35.925003,-13.44375,-0.61875004,walking
146708818992855,-2.565,3.3030002,9.4140005,0.3675375,0.108075,-0.2239875,36.0,-13.481251,-0.41250002,walking
146708833917433,-3.2430003,3.4710002,10.074,0.5295125,0.113437496,-0.237875,36.05625,-13.500001,-0.16875,walking
146708848920076,-3.834,3.4470003,10.221001,0.2855875,0.5905625,-0.26235,36.15,-13.5375,0.056250002,walking
146708864001638,-3.9940503,3.0280502,11.008051,0.024475,1.27985,-0.3496625,36.206253,-13.575001,0.3375,walking
146708879161489,-3.9970503,2.5560002,12.19305,0.050049998,1.5311999,-0.4360125,36.2625,-13.6125,0.6,walking
146708894399624,-3.8149502,2.76195,11.559001,0.21835,1.221275,-0.4466,36.3375,-13.668751,0.91875005,walking
146708911638059,-3.2329502,3.21705,9.0709505,0.2717,0.6353875,-0.4796,36.393753,-13.650001,1.40625,walking
146708928933837,-2.7970502,2.83905,7.6729503,0.2748625,0.60335,-0.4434375,36.45,-13.63125,1.8937501,walking
146708945800586,-3.015,2.3380501,9.0400505,0.6359375,1.2329625,-0.22825,36.506252,-13.6125,2.4375,walking
146708962243060,-3.89595,1.9030501,11.21895,1.19845,1.7571125,-0.02585,36.5625,-13.593751,2.98125,walking
146708978266196,-4.37295,1.3950001,11.83695,1.43495,1.7378625,-0.066275,36.6375,-13.556251,3.4687502,walking
146708993874985,-4.083,1.08105,10.596001,1.23365,1.423675,-0.3059375,36.693752,-13.5375,3.9562502,walking
146709009578031,-4.0399504,1.491,8.88,0.7819625,1.21275,-0.5680125,36.75,-13.500001,4.4625,walking
146709025357406,-4.3780503,1.86195,8.956051,0.25245,1.1243374,-0.675675,36.80625,-13.462501,5.0437503,walking
146709041213465,-3.58695,1.7830501,8.920051,-0.2481875,0.8718875,-0.5669125,36.862503,-13.44375,5.7000003,walking
146709057145013,-2.62995,0.99000007,7.9819503,-0.5443625,1.0060875,-0.32945,36.91875,-13.406251,6.3375,walking
146709073151620,-2.5440001,0.61905,6.6240005,-0.3568125,1.810325,-0.2058375,36.975002,-13.35,7.0312505,walking
146709089216112,-3.4729502,0.84900004,5.6910005,0.1299375,2.0692375,-0.2464,37.050003,-13.312501,7.74375,walking
146709105372241,-5.06505,1.51005,5.7630005,0.364375,1.55045,-0.1621125,37.10625,-13.25625,8.400001,walking
146709121601847,-6.16095,1.6390501,6.3439503,0.1299375,1.11265,-0.101475,37.162502,-13.181251,9.09375,walking
146709137905102,-6.5950503,1.11,6.2629504,-0.3056625,1.2830125,-0.100375,37.162502,-13.106251,9.825001,walking
146709154280661,-6.4680004,0.27495003,7.48395,-0.7766,1.726175,-0.2729375,37.162502,-12.993751,10.556251,walking
146709170727958,-7.21005,0.51195,9.1380005,-0.884125,1.95415,-0.319825,37.125,-12.937501,11.400001,walking
146709187247066,-7.1790004,1.1080501,7.6180506,-0.715825,2.079825,-0.2740375,37.0875,-12.88125,12.3,walking
146709203836623,-6.714,0.94695,4.75005,-0.68488747,1.9382,-0.27719998,36.99375,-12.7875,13.1625,walking
146709220496031,-5.9149504,0.31305,2.5780501,-0.8958125,1.6718625,-0.1324125,36.9,-12.712501,14.043751,walking
146709237225346,-6.1039505,0.126,3.6010501,-1.3113375,1.21385,-0.0875875,36.768753,-12.656251,14.85,walking
146709254005704,-7.1119504,0.50895,5.5230002,-1.608475,1.1721874,-0.17173749,36.600002,-12.618751,15.76875,walking
146709272301664,-7.425,0.58305,6.4399505,-1.4966875,1.88595,-0.455125,36.412502,-12.731251,16.743752,walking
146709291377104,-8.043,0.62700003,5.6929502,-1.2090375,2.32485,-0.6458375,36.206253,-12.843751,17.737501,walking
146709311709143,-7.9210505,1.251,5.2600503,-1.002375,1.8381,-0.6554625,36.0,-12.975,18.768751,walking
146709332009214,-7.2310505,0.78705,4.2850504,-1.035375,1.1391875,-0.5168625,35.775,-13.106251,19.743752,walking
146709351415185,-6.6900005,-0.117000006,4.56495,-1.2133,1.0880375,-0.3592875,35.568752,-13.218751,20.737501,walking
146709370821133,-7.5520506,-0.531,5.3509502,-1.1567875,2.0084624,-0.1291125,35.34375,-13.33125,21.712502,walking
146709390227064,-9.622951,-0.109950006,7.8240004,-0.7797625,2.9129374,-0.0471625,35.11875,-13.44375,22.650002,walking
146709409632959,-10.653001,0.75600004,8.181001,-0.242825,2.7509625,-0.1216875,34.85625,-13.575001,23.53125,walking
146709429038822,-10.894951,1.4790001,6.8899503,-0.0265375,1.7304375,-0.166375,34.537502,-13.743751,24.281252,walking
146709448444575,-11.22,1.9980001,5.262,-0.3377,0.4648875,-0.0108624995,34.162502,-14.025001,24.91875,walking
146709468565878,-11.74905,2.2789502,5.63805,-0.8628125,-0.6557375,0.1797125,33.862503,-14.437501,25.35,walking
146709489485457,-12.05805,1.7899501,7.8100505,-1.2868625,-1.408825,0.2479125,33.54375,-14.85,25.781252,walking
146709511629168,-12.38895,1.6510501,9.12195,-1.527625,-1.830675,0.21175,33.2625,-15.281251,26.19375,walking
146709533488294,-12.8890505,2.0970001,7.3879504,-1.442375,-2.018225,0.236225,32.9625,-15.69375,26.587502,walking
146709554618235,-12.762001,2.532,5.097,-1.0652125,-2.0491624,0.2756875,32.662502,-16.125,26.962502,walking
146709575748167,-11.2560005,2.3170502,3.5449502,-0.6274125,-1.948925,0.254375,32.362503,-16.5375,27.281252,walking
146709596878063,-9.690001,1.48395,2.9880002,-0.21835,-1.6933125,0.1797125,32.0625,-16.931252,27.50625,walking
146709618007912,-9.06795,0.91395,3.2389503,0.091575,-1.08295,0.236225,31.781252,-17.362501,27.69375,walking
146709639137709,-9.04605,1.01205,4.22505,0.11715,-0.498025,0.4492125,31.518751,-17.8125,27.806252,walking
146709660267338,-8.548051,1.1359501,4.58505,-0.0702625,-0.3883,0.5878125,31.275002,-18.28125,27.900002,walking
146709681396779,-8.187,1.1530501,4.3309503,-0.1874125,-0.652575,0.4631,31.0125,-18.73125,27.956251,walking
146709702525871,-8.658,1.2750001,3.7129502,-0.15015,-0.9656625,0.1947,30.768751,-19.2,27.937502,walking
146709723654581,-9.493951,1.8709501,2.5420501,0.061875,-1.0605375,-0.0066,30.54375,-19.66875,27.88125,walking
146709744782720,-9.84105,1.74195,2.0970001,0.365475,-0.95617497,-0.0790625,30.31875,-20.175001,27.806252,walking
146709765910178,-9.463051,0.49695003,2.9350502,0.55715,-0.7717875,-0.0716375,30.13125,-20.60625,27.618752,walking
146709787036781,-8.52705,-0.34500003,4.0630503,0.65945,-0.5278625,-0.136675,29.962502,-21.056252,27.35625,walking
146709808162360,-8.347051,-0.62700003,4.4890504,0.699875,-0.2327875,-0.286825,29.85,-21.54375,27.13125,walking
146709829286653,-8.742001,-0.41205,4.434,0.6626125,0.007975,-0.4412375,29.775002,-21.993752,26.925001,walking
146709850409509,-9.11295,-0.21300001,3.5340002,0.4932125,0.13145,-0.5083375,29.718752,-22.3875,26.643751,walking
146709871530445,-8.74905,-0.25605002,2.66205,0.331375,0.544775,-0.3922875,29.718752,-22.7625,26.343752,walking
146709892649393,-7.701,-0.072000004,2.1420002,0.2982375,1.1977625,-0.1398375,29.775002,-22.987501,26.04375,walking
146709913765898,-7.2340503,0.20295002,1.9150501,0.3345375,1.5387625,-0.0418,29.812502,-23.212502,25.725,walking
146709934879638,-7.6140003,0.44205,1.7740501,0.39627498,1.3629,-0.09075,29.868752,-23.4375,25.406252,walking
146709955990217,-8.48595,0.60495,1.3279501,0.48894998,0.97405,-0.118525,29.8875,-23.643751,25.143751,walking
146709977097261,-9.645,0.82005006,0.62895006,0.4272125,0.7184375,-0.2899875,29.906252,-23.85,24.91875,walking
146709998200250,-9.75,1.0309501,1.45095,-0.2470875,0.14739999,-0.4125,29.906252,-24.056252,24.69375,walking
146710019298743,-9.07005,0.564,2.88,-0.9629125,-0.13915,-0.176,29.8875,-24.225,24.487501,walking
146710040392195,-8.776051,0.648,3.8539503,-1.0641125,0.4213,0.1159125,29.906252,-24.393751,24.2625,walking
146710061480053,-8.57205,0.60495,3.318,-0.4346375,1.4342625,0.2393875,29.98125,-24.6,23.94375,walking
146710082561331,-8.665951,0.49500003,1.7830501,0.5198875,2.196975,0.2052875,30.13125,-24.712502,23.737501,walking
146710103636176,-9.834001,1.302,0.61995006,1.071675,2.4036374,0.0583,30.150002,-24.712502,23.737501,walking
146710124703505,-10.6050005,1.6609501,0.77505004,0.9076375,2.19065,-0.084425,30.150002,-24.69375,23.775002,walking
146710145762690,-10.05405,0.66705,2.2480502,0.432575,1.828475,-0.2165625,30.112501,-24.656252,23.90625,walking
146710167000566,-9.187051,0.028050002,4.06005,0.043725,1.4652,-0.423225,29.962502,-24.54375,24.13125,walking
146710188107162,-8.694,-0.23700002,4.42395,-0.108625,1.1297,-0.5179625,29.812502,-24.431252,24.375002,walking
146710209213740,-8.27295,-0.43605003,2.74095,0.009625,1.4928375,-0.2325125,29.643751,-24.300001,24.581251,walking
146710230320294,-7.85895,-0.68895006,1.12995,0.093775,1.81775,-0.11,29.475,-24.16875,24.7875,walking
146710251426781,-7.806,-1.2780001,0.78000003,-0.1970375,1.6346,-0.29741248,29.306252,-24.0375,25.050001,walking
146710272533077,-8.328,-1.5109501,1.9960501,-0.8542875,0.8611625,-0.55,29.1,-23.90625,25.331251,walking
146710293639130,-9.37695,-0.45900002,2.50395,-1.4689125,-0.0666875,-0.6681125,28.893751,-23.71875,25.650002,walking
146710314744773,-9.460051,0.39900002,1.71405,-1.6809375,-0.179575,-0.6543625,28.687502,-23.550001,25.968752,walking
146710335849880,-8.496,-1.0320001,1.2400501,-1.5233625,0.37015,-0.67347497,28.5375,-23.41875,26.306252,walking
146710356954271,-7.9810505,-1.4479501,0.79905003,-0.82665,1.4757875,-0.6479,28.406252,-23.268751,26.643751,walking
146710378057766,-8.005051,-1.1869501,1.2019501,0.480425,2.4580874,-0.46365,28.275002,-23.118752,26.98125,walking
146710399160047,-8.247001,-0.74205005,1.5340501,1.6202999,2.706275,-0.43065,28.143751,-22.987501,27.393751,walking
146710420260870,-8.06505,-0.76395005,1.3429501,1.778975,2.08835,-0.7715125,27.956251,-22.81875,27.88125,walking
146710441359947,-8.326051,-1.3879501,1.8070501,0.97473747,0.8377875,-1.1699874,27.712502,-22.63125,28.3875,walking
146710462456948,-9.481951,-1.2970501,3.6079502,0.2365,0.3477375,-1.3041875,27.468752,-22.3875,28.875002,walking
146710483551470,-9.85095,-0.79695004,5.451,0.293975,0.7855375,-1.1209,27.206251,-22.125,29.456251,walking
146710504643019,-8.6970005,-1.40505,4.11795,0.79254997,0.9911,-0.9046125,26.962502,-21.862501,29.98125,walking
146710525731359,-7.9110003,-2.334,1.3740001,0.9821625,0.410575,-0.80025,26.681252,-21.5625,30.54375,walking
146710546815896,-8.091001,-1.9939501,-1.36395,0.7148625,-0.3117125,-0.875875,26.41875,-21.243752,31.1625,walking
146710567896087,-9.92205,-1.7670001,-1.5510001,0.4357375,-0.499125,-1.10275,26.156252,-20.8875,31.743752,walking
146710588971358,-12.003,-0.90705,0.49800003,0.506,-0.162525,-1.2243,25.968752,-20.5125,32.287502,walking
146710610041162,-12.70005,-1.2090001,1.8739501,0.59345,-0.06765,-1.1273625,25.800001,-20.1,32.8125,walking
146710631104792,-11.778001,-1.491,0.9670501,0.3441625,-0.5864375,-0.9568625,25.63125,-19.837502,33.131252,walking
146710652161567,-10.602,-1.6369501,-0.6,-0.0787875,-1.4366,-0.6213625,25.500002,-19.556252,33.45,walking
146710673210749,-10.5400505,-1.4650501,-1.04805,-0.1555125,-1.6783249,-0.20693749,25.368752,-19.21875,33.768753,walking
146710694251602,-12.07995,-0.88995004,-0.98805004,0.3664375,-0.7271,0.091299996,25.275002,-18.862501,34.143753,walking
146710715282872,-13.19505,-0.74895006,-1.113,1.0940875,0.1975875,0.014712499,25.237501,-18.487501,34.443752,walking
146710736304488,-14.251051,-0.38295,-1.26795,1.292225,0.5533,-0.2336125,25.237501,-18.075,34.706253,walking
146710757315161,-14.979001,-0.19800001,-0.77505004,0.96305,0.1538625,-0.33055,25.25625,-17.625,34.95,walking
146710778313924,-14.292001,-0.53805,-0.98295003,0.4857875,-0.2935625,-0.0375375,25.29375,-17.19375,35.1375,walking
146710799367470,-12.372001,-1.59,-0.483,0.0064625,-0.7057875,0.18933749,25.518751,-16.81875,35.2125,walking
146710820398632,-10.476001,-2.69295,-1.04295,-0.5421625,-0.8496125,0.1159125,25.743752,-16.462502,35.287502,walking
146710841402334,-10.567051,-3.081,-1.7730001,-0.82555,-0.66316247,-0.1472625,25.95,-16.10625,35.381252,walking
146710862372986,-11.692051,-2.39205,-2.1060002,-0.2908125,-0.50875,-0.218625,26.175001,-15.750001,35.475002,walking
146710883329353,-11.95005,-1.4170501,-2.6449502,0.6072,-0.346775,-0.151525,26.38125,-15.39375,35.568752,walking
146710904243280,-10.561951,-2.0760002,-3.7080002,1.0407375,-0.196625,-0.1813625,26.587502,-15.0375,35.643753,walking
146710925137315,-9.156,-3.32505,-3.7849503,1.225125,-0.2338875,-0.153725,26.831251,-14.700001,35.7,walking
146710946011281,-9.83895,-3.6769502,-0.88305,1.4370124,-0.397925,-2.75E-4,27.056252,-14.306251,35.756252,walking
146710966862940,-10.545,-2.87805,2.25705,1.3849,-0.5385875,0.015675,27.2625,-13.856251,35.79375,walking
146710987690884,-9.966001,-2.7199502,1.12695,1.33375,-0.1859,-0.1142625,27.45,-13.387501,35.86875,walking
146711008493827,-9.457951,-3.10995,-0.31095,1.5489374,1.0294625,-0.3262875,27.6375,-12.8625,35.90625,walking
146711029270320,-10.993051,-2.631,0.28500003,1.965425,2.281125,-0.504075,27.825,-12.3,35.9625,walking
146711050250263,-10.96395,-2.799,0.22695,2.9348,3.2921624,-0.49555,27.88125,-11.4375,36.05625,walking
146711071175238,-9.328951,-3.3420002,-0.78195006,3.2704375,2.9821,-0.419925,27.975,-10.6125,36.09375,walking
146711092036214,-8.031,-3.4669502,-1.491,2.3617,1.2276,-0.4530625,28.10625,-9.84375,36.112503,walking
146711112823587,-7.32705,-3.7470002,-1.86195,0.8991125,-0.6994625,-0.473275,28.218752,-9.1125,36.075,walking
146711133527165,-7.3489504,-3.9450002,0.45900002,-0.31735,-2.1993124,-0.4019125,28.331251,-8.418751,36.0,walking
146711154200838,-8.895,-2.7940502,2.2450502,-0.6604125,-2.4464,-0.220825,28.44375,-7.74375,35.90625,walking
146711174774672,-8.44305,-2.904,0.91395,-0.033,-1.1233749,-0.0397375,28.556252,-7.0875,35.756252,walking
146711195312628,-8.175,-3.65595,-1.67295,0.7233875,0.1442375,0.041249998,28.706251,-6.525,35.625,walking
146711215810737,-8.565001,-3.4350002,-2.56605,0.819225,-0.14973749,-0.1238875,28.81875,-5.9625,35.4375,walking
146711236267616,-9.18,-2.87295,-0.94005007,0.5858875,-1.173425,-0.3315125,28.9125,-5.4187503,35.268753,walking
146711256681963,-9.778951,-2.39205,0.33195,0.79048747,-1.0957375,-0.253825,29.025002,-4.74375,35.25,walking
146711277052336,-9.802951,-1.7380501,1.06305,1.33375,-0.212575,0.0562375,29.156252,-4.0687504,35.175003,walking
146711297377484,-9.00105,-1.6330501,1.6710001,1.4573625,0.4307875,0.304425,29.268751,-3.3937502,35.15625,walking
146711317656066,-9.09405,-2.9299502,2.4079502,1.23255,0.7855375,0.571725,29.362501,-2.71875,35.081253,walking
146711337882997,-9.738001,-3.1740003,2.7820501,0.9161625,0.9634625,0.5451875,29.400002,-2.0062501,35.11875,walking
146711358064614,-10.741051,-1.8889501,2.3820002,0.6136625,0.3158375,0.2341625,29.400002,-1.3125,35.175003,walking
146711378196317,-10.291051,-1.8030001,1.26405,0.5273125,-0.2861375,-0.1142625,29.400002,-0.61875004,35.25,walking
146711398277036,-10.33395,-2.0040002,0.34005,0.8564875,0.108075,-0.285725,29.400002,0.0375,35.268753,walking
146711418305697,-9.73305,-2.085,-0.36600003,1.33485,0.80685,-0.2080375,29.343752,0.71250004,35.325,walking
146711438281401,-7.3819504,-3.21,-0.22695,1.60325,1.1605,0.015675,29.268751,1.4625001,35.325,walking
146711458198616,-6.0010505,-3.8590503,1.2570001,1.6427125,0.9262,0.254375,29.19375,2.1937501,35.41875,walking
146711478640735,-7.0729504,-3.8190002,1.6489501,1.36895,-0.0719125,0.354475,29.19375,3.0375001,35.4,walking
146711498910225,-8.25405,-3.1290002,2.36805,1.0503625,-0.91245,0.3097875,29.175001,3.8437502,35.268753,walking
146711518991999,-9.40095,-2.39595,2.6430001,0.8639125,-0.87945,0.339625,29.156252,4.65,35.175003,walking
146711539034272,-10.51395,-1.6279501,2.5159502,0.4719,-0.8933375,0.3619,29.1375,5.45625,35.0625,walking
146711558867103,-11.45205,-1.9150501,3.2680502,-0.174625,-1.1446875,0.439725,29.118752,6.20625,34.96875,walking
146711578475255,-10.64805,-3.14595,3.4330502,-0.43559998,-1.0456874,0.708125,29.062502,6.95625,34.85625,walking
146711598031978,-10.063951,-3.0190501,2.4540002,-0.26633748,-0.91245,0.7689,29.04375,7.65,34.74375,walking
146711617531222,-9.89595,-2.4469502,0.51195,-0.0361625,-0.7154125,0.4631,29.025002,8.2875,34.612503,walking
146711636973436,-9.156,-1.6369501,-0.70095,0.025575,-0.5278625,-0.032175,29.062502,8.85,34.5,walking
146711657358536,-9.73095,-1.2570001,-0.33705002,-0.21615,-0.3691875,-0.66715,29.268751,9.075001,34.256252,walking
146711677522348,-9.597,-2.5830002,1.98705,-0.8394375,-0.58547497,-1.10605,29.475,9.31875,34.0125,walking
146711697449325,-7.60305,-3.5809503,3.3370502,-1.1504625,-0.64405,-1.163525,29.6625,9.543751,33.787502,walking
146711717124196,-5.61495,-4.7239504,3.0259502,-0.89485,-0.161425,-0.9068125,29.85,9.7875,33.5625,walking
146711736532013,-4.48005,-4.6800003,1.3789501,-0.2481875,0.5438125,-0.4796,30.018751,10.03125,33.393753,walking
146711755658173,-4.4760003,-4.1130004,-0.37305,0.1491875,0.8281625,-0.6532625,30.16875,10.275001,33.24375,walking
146711774737835,-6.5160003,-4.5199504,0.17895001,0.0479875,0.53955,-0.86955,30.337502,10.51875,33.09375,walking
146711793763353,-8.668051,-4.16295,2.87505,-0.2215125,0.4873,-0.979275,30.431252,10.81875,32.86875,walking
146711812735238,-11.292001,-3.4620001,4.8889503,-0.58905,0.6268625,-0.9494375,30.487501,11.137501,32.7,walking
146711831655072,-10.297951,-3.045,4.91505,-0.21615,0.9708875,-0.3837625,30.54375,11.45625,32.53125,walking
146711851853602,-8.484,-3.081,2.499,0.2003375,1.7326375,-0.2558875,30.35625,11.775001,32.5875,walking
146711871769208,-9.748051,-3.34695,0.42600003,0.2173875,1.8029,-0.775775,30.13125,12.093751,32.71875,walking
146711891387881,-8.85,-3.9139502,-0.73695004,-0.3642375,1.3074875,-1.364825,29.906252,12.375001,32.831253,walking
146711910696127,-10.36995,-3.9259503,1.1659501,-1.0726374,0.9560375,-1.904925,29.6625,12.637501,32.943752,walking
146711929681127,-10.95405,-2.1780002,2.2720501,-0.9906875,0.88989997,-2.1201124,29.41875,12.88125,33.0,walking
146711948330720,-7.866,-4.57695,1.0720501,-0.0202125,0.9549375,-1.516075,29.212502,13.125001,33.075,walking
146711966941317,-5.8639503,-5.25495,-0.11400001,1.325225,1.4513125,-0.4455,29.00625,13.33125,33.131252,walking
146711985510742,-5.59905,-5.6190004,-1.8379501,1.3198625,1.0913374,-0.302775,28.743752,13.575001,33.1875,walking
146712004040511,-7.51905,-6.7710004,-1.125,0.4846875,0.2209625,-0.6501,28.44375,13.837501,33.206253,walking
146712022533614,-9.834001,-7.6110005,5.0950503,-0.2822875,-0.2531375,-0.8471375,28.125002,14.1,33.24375,walking
146712042651789,-15.748051,-1.5079501,7.04295,-0.478225,0.0378125,-0.975975,27.54375,14.418751,33.3375,walking
146712062795375,-13.033051,-3.41895,3.5100002,-0.124575,0.2817375,-0.961125,26.85,14.64375,33.506252,walking
146712082938970,-6.9349504,-7.1010003,-0.31800002,-0.0276375,1.136025,-1.8176125,26.175001,14.906251,33.787502,walking
146712103082504,-5.58195,-6.9289503,-2.298,-0.0862125,2.013825,-3.9534,25.500002,15.168751,34.068752,walking
146712123225921,-5.1220503,-6.9090004,-1.7569501,0.3377,1.8987374,-5.1167874,24.768751,15.431251,34.3125,walking
146712143369077,-7.2580504,-6.675,-0.094950005,1.2848,1.34915,-6.5495377,24.018751,15.750001,34.55625,walking
146712163511870,-7.3819504,-5.2909503,1.302,1.5074124,1.3363625,-5.533275,23.25,16.06875,34.7625,walking
146712183654110,-1.215,-4.8499503,1.23,1.1026125,1.8689,-1.162425,22.35,16.462502,34.987503,walking
146712203795648,-0.90405005,-4.446,1.38405,0.59015,1.6314375,1.25565,21.300001,16.893751,35.193752,walking
146712223936210,-1.3660501,-6.459,1.67595,-0.01705,0.56925,0.9414625,20.15625,17.4375,35.362503,walking
146712244075536,-2.35695,-10.82205,1.218,-0.45265,-0.84328747,0.22453749,18.975,18.0,35.568752,walking
146712264213384,-11.062051,-10.984051,-2.25,-0.818125,-2.33145,0.0903375,17.831251,18.525002,35.775,walking
146712284349401,-14.437951,-11.547001,-3.1930501,-1.1664125,-2.386725,0.487575,16.743752,19.050001,36.0,walking
146712304488416,-7.7869506,-10.39095,-3.22005,-0.8149625,0.1687125,0.202125,15.4125,19.48125,36.28125,walking
146712324626858,-4.80105,-8.50905,-1.8070501,-0.6678375,1.24465,-1.4628625,14.043751,19.931252,36.46875,walking
146712344762522,-6.4410005,-8.049001,-0.0139500005,0.109725,1.1402875,-2.8381374,12.618751,20.38125,36.600002,walking
146712364894182,-9.003,-8.05395,-0.21195,0.60513747,3.430625,-2.0647,11.175,20.8125,36.693752,walking
146712385020383,-8.871,-8.68395,-1.7659501,0.971575,7.2964373,-0.7129375,9.76875,21.225,36.862503,walking
146712405139322,-3.2980502,-11.4199505,-0.97605,0.346225,7.446725,-0.09185,8.400001,21.6,36.99375,walking
146712425253375,0.77595,-9.009001,1.36695,0.1694,6.3888,-0.861025,6.9,21.956251,37.068752,walking
146712445361845,-3.0940502,-4.3570504,0.64395005,1.173975,4.4532123,-1.0964249,5.4750004,22.25625,36.862503,walking
146712465464124,-2.7640502,-6.3370504,-3.6120002,3.114925,1.65275,-0.0193875,3.9375002,22.556252,36.5625,walking
146712485559588,-1.50195,-8.368051,-2.52495,2.54815,0.2454375,1.0096625,2.34375,22.9125,36.131252,walking
146712505647498,0.048,-12.17205,1.9750501,-0.1106875,0.3499375,0.7316375,0.76875,23.34375,35.662502,walking
146712525726912,-1.5160501,-11.3220005,3.21495,-0.7297125,0.9464125,0.3917375,-0.7875,23.775002,35.175003,walking
146712545797670,-4.5210004,-9.40905,6.9690003,-0.605,0.2487375,-0.3229875,-2.34375,24.187502,34.6875,walking
146712565858751,-7.8559504,-8.18295,2.973,-0.9161625,-2.1918874,-1.1177375,-3.91875,24.618752,34.21875,walking
146712585909332,-3.8029501,-13.774051,-11.602051,-0.5410625,-5.3546624,-2.5493875,-5.4375,25.0125,33.80625,walking
146712605948591,-0.80100006,-14.323951,-10.6699505,0.2088625,-5.173575,-3.9886,-6.8625,25.275002,33.525,walking
146712625975725,-2.9530501,-10.69005,-2.1060002,0.45168748,-1.7413,-3.459225,-8.25,25.48125,33.300003,walking
146712645989759,-5.62995,-11.06805,0.75600004,0.1023,0.0270875,-0.168575,-9.356251,25.593752,33.0,walking
146712665989973,-6.6499505,-11.559001,3.4710002,-0.579425,-0.2605625,0.219175,-10.44375,25.706251,32.7,walking
146712685975408,-2.45295,-12.592951,2.1349502,-0.97679996,-1.512225,-1.0921625,-11.55,25.81875,32.456253,walking
146712705945079,0.62805,-14.109,-5.4100504,-0.312125,-1.4707,-1.2530375,-12.618751,25.931252,32.175003,walking
146712725897153,-1.43295,-7.089,-7.3609505,0.4943125,-0.41181248,-0.9249625,-13.650001,25.95,32.025,walking
146712745832467,-2.259,-4.18995,-2.2380002,0.2982375,0.578875,-0.6276875,-14.625001,25.95,31.9125,walking
146712765749168,7.3750505,-10.73505,1.3549501,0.176825,1.0976624,-0.186725,-15.6,25.893751,31.781252,walking
146712785646331,5.2170005,-11.418,2.937,0.28655,0.6513375,0.3246375,-16.48125,25.800001,31.63125,walking
146712805522915,1.64295,-7.0219502,2.253,0.2429625,0.004675,0.8413625,-17.25,25.650002,31.575,walking
146712825377891,-0.573,-3.86595,-0.74595004,-0.126775,-0.2913625,1.1831875,-17.94375,25.44375,31.48125,walking
146712845210307,-1.4899501,-5.47095,-3.0900002,-0.4313375,-0.62273747,0.48125,-18.618752,25.237501,31.331251,walking
146712865019101,-1.36995,-6.7950006,-1.1010001,-0.21615,-0.2105125,-0.8300875,-19.29375,25.06875,31.218752,walking
146712884803330,-0.99195004,-5.9230504,0.41595003,0.093775,-0.06765,-0.8875625,-20.025002,24.88125,31.06875,walking
146712904562046,-0.79095006,-5.50605,-0.24405001,0.08525,-0.110275,-0.7470375,-20.5125,24.750002,30.900002,walking
146712924292291,1.7200501,-10.957951,-1.08405,-0.0543125,-0.1753125,-0.52648747,-20.94375,24.6,30.7875,walking
146712943996851,5.6989503,-18.001951,-0.75105006,-0.1310375,-0.28187498,-0.3795,-21.300001,24.393751,30.750002,walking
146712963673073,2.52195,-15.957001,-1.33305,-0.1203125,-0.4032875,-0.29425,-21.675001,24.206251,30.712502,walking
146712983319919,-0.70695,-11.475,-0.91395,-0.1714625,-0.2413125,-0.02585,-22.0125,24.018751,30.675001,walking
146713002936618,-1.89495,-9.462001,-1.455,-0.2066625,0.0526625,0.1819125,-22.368752,23.79375,30.656252,walking
146713022522205,-3.31395,-8.941951,-1.59105,-0.2077625,0.2156,0.2937,-22.556252,23.56875,30.675001,walking
146713042075858,-2.46705,-9.522,-0.95895004,-0.109725,0.243375,0.3183125,-22.612501,23.400002,30.750002,walking
146713061596885,-2.6749501,-9.901951,-0.98805004,-0.0053625,0.139975,0.3416875,-22.556252,23.212502,30.956251,walking
146713081084477,-2.2710001,-10.59405,-1.16805,-0.0724625,-0.0198,0.303325,-22.44375,22.96875,31.29375,walking
146713100537971,-0.84405005,-10.146001,-0.44505003,-0.1384625,-0.1678875,0.183975,-22.331251,22.6875,31.650002,walking
146713119953402,0.48405004,-10.2949505,0.043050002,-0.1117875,-0.3020875,-0.0108624995,-22.25625,22.40625,31.987501,walking
146713139336907,1.18095,-9.997951,0.37800002,-0.132,-0.48427498,-0.09185,-22.181252,22.10625,32.362503,walking
146713158684527,1.6999501,-9.95505,0.26505002,-0.1651375,-0.7739875,-0.0790625,-22.03125,21.84375,32.737503,walking
146713177996015,2.22705,-9.95205,-0.16005,-0.19167499,-1.0423875,-0.101475,-21.900002,21.6,33.05625,walking
146713197270872,2.42295,-9.76095,-0.19095,-0.1225125,-1.057375,-0.2325125,-21.806252,21.4125,33.28125,walking
146713216508973,2.0760002,-9.535951,-0.31500003,0.007425,-0.8603375,-0.39655,-21.69375,21.2625,33.487503,walking
146713235709896,1.18305,-9.46395,-0.39405003,0.094875,-0.466125,-0.5253875,-21.5625,21.112501,33.65625,walking
146713254873504,0.67305005,-9.624001,-0.14295001,0.098037496,-0.115637496,-0.5286875,-21.393751,20.94375,33.862503,walking
146713273999947,0.61605,-9.736951,-0.29595003,0.0713625,0.0281875,-0.42955,-21.225,20.79375,34.0125,walking
146713293089068,0.33795002,-9.415951,-0.61905,0.0831875,-0.012375,-0.26015,-21.09375,20.60625,34.162502,walking
146713312140965,-0.264,-9.184051,-1.263,0.0298375,-0.0804375,-0.0609125,-20.98125,20.475,34.256252,walking
146713331156080,-1.2199501,-9.559951,-2.08905,-0.073425,0.0856625,0.0721875,-20.8875,20.362501,34.29375,walking
146713350134445,-2.30205,-9.78705,-2.427,-0.059675,0.5011875,0.089237496,-20.75625,20.2875,34.36875,walking
146713369076451,-3.1950002,-9.672001,-2.4840002,0.069299996,0.851675,0.0946,-20.625,20.19375,34.5,walking
146713387982834,-3.4819503,-9.493051,-2.5129502,0.2035,0.90915,0.11055,-20.493752,20.1,34.55625,walking
146713406853888,-3.111,-9.816001,-2.9539502,0.247225,0.6865375,0.049775,-20.38125,20.025002,34.65,walking
146713425690544,-1.9470001,-9.92595,-2.6899502,0.1555125,0.3488375,-0.014162499,-20.34375,19.931252,34.706253,walking
146713444493293,-0.67800003,-9.53295,-2.18505,0.0235125,0.1549625,-0.0056375,-20.325,19.875,34.74375,walking
146713463262934,-0.171,-9.16005,-1.65795,-0.0202125,-0.010175,0.048675,-20.306252,19.81875,34.78125,walking
146713482000730,0.096,-9.450001,-1.539,-0.0606375,-0.1071125,0.0402875,-20.306252,19.78125,34.78125,walking
146713500699674,0.34500003,-9.909,-1.35195,-0.1012,-0.1093125,0.0253,-20.2875,19.7625,34.800003,walking
146713519376076,0.29295,-10.0990505,-1.51995,-0.066,-0.1434125,0.0284625,-20.268751,19.78125,34.78125,walking
146713538023755,0.22800002,-10.07505,-1.24905,-0.008525,-0.2179375,-0.0864875,-20.25,19.78125,34.800003,walking
146713556643652,0.77895004,-10.24695,-0.92805004,-0.008525,-0.2531375,-0.2112,-20.23125,19.800001,34.818752,walking
146713575237045,1.63995,-10.189051,-1.2280501,-0.04895,-0.2083125,-0.2484625,-20.23125,19.85625,34.818752,walking
146713593805641,2.0040002,-9.603001,-1.28505,-0.0554125,-0.1401125,-0.20899999,-20.23125,19.893751,34.875,walking
146713612350443,2.22,-9.02805,-0.86805004,0.0224125,-0.093225,-0.15895,-20.23125,19.9125,34.95,walking
146713630872903,2.2339501,-9.1699505,-0.65295005,0.061875,-0.0198,-0.118525,-20.23125,19.96875,35.006252,walking
146713649374452,1.57605,-9.679951,-0.69795,0.0309375,0.155925,-0.0886875,-20.23125,20.00625,35.006252,walking
146713667857110,0.63000005,-10.173,-0.73905003,0.01705,0.311575,-0.0556875,-20.212502,19.987501,35.04375,walking
146713686312009,0.063,-10.185,-0.504,0.05115,0.24447499,-0.02475,-20.19375,19.95,35.081253,walking
146713704761120,-0.08505,-9.80595,-0.43995002,0.0724625,0.0600875,0.01045,-20.175001,19.931252,35.11875,walking
146713723195555,-0.02205,-9.543,-0.71505004,0.058575,-0.028324999,0.041249998,-20.175001,19.9125,35.100002,walking
146713741617426,0.27105,-9.60795,-0.93105006,0.059675,-0.0251625,0.0306625,-20.212502,19.875,35.1375,walking
146713760028001,0.51795,-9.802051,-0.67200005,0.0320375,-0.043175,0.018975,-20.25,19.837502,35.1375,walking
146713778428940,0.77895004,-9.81795,-0.342,0.0022,-0.117837496,0.0306625,-20.325,19.837502,35.081253,walking
146713796822287,0.90105003,-9.615001,-0.624,-0.007425,-0.197725,0.048675,-20.400002,19.800001,35.04375,walking
146713815209192,1.00395,-9.4810505,-0.873,0.01595,-0.1934625,0.0924,-20.475,19.78125,35.025,walking
146713833591634,0.92505,-9.61005,-0.9670501,0.0202125,-0.0251625,0.117975,-20.550001,19.743752,34.987503,walking
146713851970943,0.597,-9.736951,-0.96195006,0.0352,0.20927499,0.0946,-20.587502,19.743752,34.96875,walking
146713870336401,0.36,-9.706051,-0.72195005,0.0138875,0.2220625,0.089237496,-20.643751,19.743752,34.96875,walking
146713888713934,0.41895002,-9.96405,-0.55695003,-0.008525,0.2061125,0.0369875,-20.681252,19.725,34.93125,walking
146713907093318,0.28095,-9.82995,-0.78195006,0.0,0.30195,-0.0279125,-20.71875,19.66875,34.93125,walking
146713925475415,0.40695003,-10.1320505,-1.062,-0.0105875,0.1549625,-0.0449625,-20.75625,19.63125,34.893753,walking
146713943862468,0.441,-10.036051,-1.029,-0.066,-0.2242625,-0.065175,-20.775002,19.575,34.85625,walking
146713962255212,0.68805003,-9.667951,-0.76500005,-0.099,-0.50765,-0.0864875,-20.775002,19.518751,34.8375,walking
146713980654985,1.00395,-9.58605,-1.2400501,-0.1331,-0.5311625,-0.0748,-20.75625,19.462502,34.893753,walking
146713999063639,0.73800004,-9.802051,-1.371,-0.1703625,-0.396825,-0.0609125,-20.681252,19.3875,34.95,walking
146714017481711,0.49395,-9.79395,-1.05495,-0.1959375,-0.417175,-0.0983125,-20.625,19.275002,35.025,walking
146714035910679,0.633,-9.81795,-0.9670501,-0.227975,-0.46928748,-0.0449625,-20.53125,19.2,35.081253,walking
146714054338209,0.10095,-9.574051,-1.1530501,-0.123475,-0.4714875,0.0721875,-20.456251,19.10625,35.1375,walking
146714072792738,-0.47505003,-9.80895,-1.3759501,-0.2556125,-0.81345,0.041249998,-20.362501,19.03125,35.2125,walking
146714091261254,-0.573,-10.005,-1.1149501,-0.326975,-1.0594375,0.29273748,-20.268751,18.9375,35.30625,walking
146714109745306,-0.12105001,-10.233001,-0.78705,-0.1395625,-0.7942,0.1733875,-20.1375,18.84375,35.41875,walking
146714128245368,-0.53505003,-9.17205,-1.0500001,0.092675,-0.4937625,-0.0215875,-19.96875,18.73125,35.550003,walking
146714146762858,0.762,-9.873,-1.2970501,0.246125,-0.21367499,0.0605,-19.81875,18.6375,35.643753,walking
146714165297944,0.012,-8.764951,-1.5600001,0.314325,0.325325,0.3843125,-19.66875,18.5625,35.7,walking
146714183851350,0.82395005,-8.514,-1.6320001,0.363275,1.0635625,0.1637625,-19.518751,18.487501,35.756252,walking
146714202424307,1.1209501,-8.418,-0.90000004,0.45705,1.6687,0.1211375,-19.425001,18.431252,35.850002,walking
146714221017052,0.17805001,-9.15795,-0.504,0.39627498,1.3842125,0.0977625,-19.3125,18.375,35.8875,walking
146714239614797,-0.762,-9.880951,-1.077,0.1139875,0.81427497,-0.2666125,-19.25625,18.337502,35.925003,walking
146714258249379,1.1880001,-11.370001,-1.524,0.0298375,0.2231625,-0.3135,-19.2,18.2625,35.90625,walking
146714276905199,1.4059501,-11.439,-1.36905,-0.1225125,-0.47355,-0.285725,-19.143751,18.16875,36.0,walking
146714295583279,0.19005,-10.20405,-0.873,-0.2919125,-0.9647,-0.3315125,-19.087502,18.09375,35.98125,walking
146714314283598,2.766,-10.86705,-0.45900002,-0.241725,-0.81235,-0.3177625,-18.993752,18.0,36.037502,walking
146714333006338,1.5810001,-9.81795,-2.21895,-0.0809875,-0.2094125,-0.2740375,-18.88125,17.8875,36.16875,walking
146714351751803,-0.26895002,-9.049951,-2.25705,0.12045,0.411675,-0.26125,-18.806252,17.775002,36.24375,walking
146714370520929,-0.01305,-9.45705,-1.5460501,0.4261125,1.138225,-0.74909997,-18.73125,17.681252,36.24375,walking
146714389313101,-0.030000001,-9.93795,-0.65805006,0.988625,4.2796874,-1.20725,-18.75,17.587502,36.225002,walking
146714408129462,-0.40605003,-9.727051,-0.84900004,0.8586875,7.6522875,0.4833125,-18.88125,17.5125,36.15,walking
146714426953152,-0.57105005,-9.60105,-1.1220001,-0.1544125,3.4082124,1.9705125,-19.125,17.4375,35.925003,walking
146714445816808,-0.17295001,-10.10595,-0.70605004,-0.159775,-3.0515375,1.28865,-19.40625,17.4375,35.643753,walking
146714464704754,-0.69495004,-12.19095,-1.5460501,-0.3642375,-4.6525874,0.014712499,-19.612501,17.493752,35.41875,walking
146714483653605,-8.07195,-10.731001,-5.4559503,-0.64762497,-1.5984375,-0.6703125,-19.725,17.493752,35.325,walking
146714502578118,-6.0919504,-10.27305,-3.14505,-1.2164625,1.1605,-0.1494625,-19.837502,17.493752,35.23125,walking
146714521486874,2.7850502,-7.4050503,8.575951,-1.6149375,1.2309,-0.318725,-19.96875,17.475,35.175003,walking
146714540484389,6.714,-9.39,3.9310503,-1.3517625,0.1186625,-0.52442497,-20.1375,17.400002,35.04375,walking
146714559749437,5.3590503,-9.78495,-3.3780003,-0.7403,-1.074425,-0.2996125,-20.325,17.306252,34.912502,walking
146714579384914,1.8100501,-8.18295,-8.523001,-0.32065,-1.8104625,0.001925,-20.475,17.19375,34.875,walking
146714599327414,1.5330001,-8.60505,-4.21995,-0.1896125,-2.034175,0.170225,-20.587502,17.081251,34.893753,walking
146714619198162,2.8159502,-10.089001,-0.028050002,-0.0116875,-1.8115625,0.2564375,-20.681252,16.987501,34.912502,walking
146714639463643,1.3480501,-10.045951,2.7840002,0.665775,0.9378875,0.34705,-20.737501,16.875,34.93125,walking
146714659742381,0.076950006,-9.198001,2.9920502,0.1065625,2.1289124,1.1523875,-20.868752,16.78125,34.893753,walking
146714680009889,-0.47505003,-8.916,2.2120502,-0.2715625,1.693175,1.2194875,-21.056252,16.706251,34.800003,walking
146714700242424,-0.57105005,-9.81105,1.281,0.110825,0.2369125,0.8295375,-21.2625,16.66875,34.6875,walking
146714720432129,-1.179,-9.804001,0.08805001,0.213125,-0.9103875,0.9340375,-21.46875,16.63125,34.575,walking
146714740590250,-5.2849503,-9.744,-5.8510504,-0.464475,-0.499125,1.048025,-21.618752,16.63125,34.443752,walking
146714760706162,-3.4369502,-11.4199505,-4.65105,-1.324125,-0.6546375,1.0649375,-21.73125,16.575,34.350002,walking
146714780794148,3.9630003,-12.01395,-3.2050502,-1.5488,-1.1319,1.3855875,-21.7875,16.518751,34.29375,walking
146714800851882,8.562,-10.639951,-1.26795,-1.1738375,-2.354825,2.0802374,-21.768751,16.48125,34.350002,walking
146714820620137,5.9880004,-9.450001,-3.9829502,-0.6337375,-2.202475,2.042975,-21.6375,16.425001,34.443752,walking
146714840690198,5.517,-10.27095,-6.28905,-0.25355,-1.1682,1.8341125,-21.4125,16.3875,34.55625,walking
146714860753333,6.1780505,-11.487,-3.0930002,0.3931125,0.193325,2.4754124,-21.13125,16.368752,34.612503,walking
146714880793441,3.8910003,-10.660951,0.273,1.3454375,0.3306875,3.6823876,-20.831251,16.3875,34.706253,walking
146714900830038,1.6720501,-10.905001,3.4780502,1.7320875,0.072875,4.36205,-20.5125,16.5,34.725002,walking
146714920850184,2.1409502,-13.28505,2.83695,1.1037124,1.1221375,4.26085,-20.1375,16.6875,34.706253,walking
146714940868708,-2.04795,-12.450001,4.12305,-1.712975,0.6204,3.7057624,-19.706251,16.893751,34.66875,walking
146714960874951,-8.521951,-9.711,5.76,-3.868975,0.891,3.0635,-19.237501,17.0625,34.706253,walking
146714980869801,-12.622951,-10.29195,5.50605,-4.0000124,0.8622625,3.0155125,-18.65625,17.15625,34.85625,walking
146715000861141,-13.36995,-10.840951,-0.26505002,-3.0647376,-0.0985875,2.7395499,-17.962502,17.118752,35.11875,walking
146715020596205,-10.602,-6.83295,-6.0330005,-1.980275,-1.461075,1.7403375,-17.0625,17.00625,35.550003,walking
146715040650767,-4.0729504,-4.30695,-17.72595,-1.5137374,-1.4738625,0.68475,-16.10625,16.78125,36.075,walking
146715060695196,-6.05595,-1.91295,-11.262,-1.0588875,-0.4224,-0.52648747,-15.150001,16.556252,36.487503,walking
146715080737869,-8.259001,0.88500005,-3.9400501,-1.5169,-0.187,-1.67695,-14.325001,16.29375,36.84375,walking
146715100772541,-6.0799503,0.73395,0.24900001,-2.17305,-1.7199875,-2.4268749,-13.462501,16.0125,37.256252,walking
146715120792775,-1.8250501,-0.32805002,-0.591,-0.75845,-3.9271374,-1.5566375,-12.543751,15.69375,37.631252,walking
146715140814472,-2.4880502,-2.69805,-1.04295,1.06205,-5.0243874,-0.355025,-11.475,15.39375,38.025,walking
146715160825710,-7.7530503,-1.7479501,-3.4729502,0.75845,-3.5000625,-0.0801625,-10.3125,15.168751,38.4,walking
146715180837595,-6.741,-4.5799503,-8.20905,-0.0671,-1.5175875,-0.557425,-9.1125,14.981251,38.662502,walking
146715200843100,-5.6920505,-8.071051,-6.9310503,-0.1023,-1.2788875,-1.077175,-7.9125004,14.793751,38.8875,walking
146715220578028,-8.191051,-7.5750003,-0.37995002,0.6626125,-1.866975,-1.74405,-6.7312503,14.606251,39.037502,walking
146715240630088,-9.417001,-9.193951,-2.022,0.9257875,-1.2277375,-2.0285375,-5.5687504,14.45625,39.1875,walking
146715260686360,-5.235,-12.852,-4.5079503,0.448525,0.5427125,-1.2445124,-4.3500004,14.325001,39.375,walking
146715280738076,-4.473,-11.274,-3.624,0.5891875,1.0583375,-0.46475,-3.15,14.212501,39.506252,walking
146715300777274,-3.6349502,-10.654051,-0.126,0.7222875,0.9208375,-0.2761,-1.9875001,14.1,39.65625,walking
146715320802728,-3.5320501,-10.819051,-0.32295,0.82774997,1.184975,0.0614625,-0.84375006,14.025001,39.80625,walking
146715340816605,-4.47795,-11.311951,-4.1509504,1.6149375,0.714175,0.8806875,0.24375,13.9125,40.0125,walking
146715360832459,-8.74905,-10.783051,-4.347,2.0378876,0.2732125,1.5038375,1.29375,13.875001,40.18125,walking
146715380836347,-8.112,-9.02595,-2.3860502,1.6245625,0.0026125,1.69455,2.325,13.856251,40.29375,walking
146715400846735,-7.2460504,-9.30795,-1.74495,1.16545,-0.9092875,1.0916125,3.3187501,13.9125,40.256252,walking
146715420585610,-10.13805,-8.71695,0.99300003,0.5454625,-0.734525,0.455675,4.275,13.950001,40.18125,walking
146715440640529,-10.861051,-7.5919504,1.3480501,-0.69245,-0.6238375,0.150975,5.15625,13.9875,40.125,walking
146715460698678,-8.3230505,-8.511001,-2.19,-1.8535,-1.073325,-0.12595,6.01875,13.950001,40.10625,walking
146715480740144,-3.6210003,-8.34405,-2.84805,-2.4979625,-1.067,0.0380875,6.8625,13.837501,40.10625,walking
146715500771326,-2.9959502,-6.8209505,-4.4430003,-2.57785,-0.4224,0.6271375,7.6687503,13.6125,40.10625,walking
146715520538535,-6.1399503,-6.1410003,-7.4670005,-2.0516374,0.113437496,1.3963125,8.418751,13.293751,40.162502,walking
146715540618045,-7.485,-4.563,-8.049001,-1.5126375,0.0473,1.805375,9.13125,12.88125,40.162502,walking
146715560680820,-9.58005,-3.83295,-5.5590005,-1.46795,-0.5204375,1.4762,9.806251,12.468751,40.21875,walking
146715580738460,-13.2310505,-4.20405,-3.4759502,-1.744875,-1.4003,0.88385,10.51875,12.056251,40.143753,walking
146715600778550,-16.011002,-4.10295,-0.57195,-1.8907624,-2.12575,1.6050375,11.25,11.700001,40.050003,walking
146715620540048,-16.501951,-2.65995,1.056,-1.490225,-1.5921125,3.7313375,12.0,11.26875,39.9,walking
146715640611429,-12.76395,-1.60905,-0.124050006,-0.7541875,-0.214775,5.2536,12.712501,10.78125,39.693752,walking
146715660680852,-9.58005,-1.19895,-1.1010001,-0.4005375,-0.44055,5.295125,13.33125,10.25625,39.487503,walking
146715680741058,-11.377951,-0.30405003,0.42105,0.0138875,-0.602525,4.4983125,13.9875,9.69375,39.206253,walking
146715700784714,-18.628052,2.76705,3.081,0.4741,-1.0924375,3.592875,14.606251,9.1125,38.86875,walking
146715720811924,-18.61095,0.92805004,2.9950502,0.515625,-2.1844625,2.77365,15.225,8.55,38.5875,walking
146715740835077,-13.552051,-1.44105,3.14595,0.3163875,-3.14105,2.2325876,15.750001,7.9500003,38.25,walking
146715760849689,-9.010051,-2.0760002,3.66,0.08525,-2.69995,2.2496376,16.21875,7.3125005,37.85625,walking
146715780860728,-5.93895,-1.9939501,3.4020002,-0.4101625,-0.9326625,2.893,16.59375,6.6375003,37.5,walking
146715800864314,-5.9670005,-2.7529502,2.49,-1.1451,-0.8325625,3.5226126,16.9125,5.8875003,37.0875,walking
146715820596976,-6.729,-1.7329501,2.76495,-2.1613624,-2.405975,3.2498124,17.212502,5.025,36.675003,walking
146715840646739,-7.3680005,-1.09905,1.48395,-2.907025,-4.3054,2.3252625,17.475,4.0125003,36.16875,walking
146715860700578,-9.68805,-0.19095,-0.97095007,-3.0476875,-5.9681873,1.788325,17.775002,2.86875,35.568752,walking
146715880739239,-11.41905,-0.064050004,-1.8790501,-2.6588376,-6.2324624,1.5497625,18.16875,1.575,34.912502,walking
146715900767827,-9.504001,-0.74895006,0.028050002,-1.7832375,-4.2233124,1.2727,18.618752,0.24375,34.162502,walking
146715920796730,-6.6589503,-1.76205,1.5700501,-0.9086,-2.353725,0.7401625,19.10625,-1.1437501,33.318752,walking
146715940811615,-6.2860503,-2.394,3.34695,-0.5666375,-1.8371375,0.2138125,19.63125,-2.60625,32.41875,walking
146715960830631,-7.38705,-1.8100501,4.10295,-0.751025,-2.4283874,-0.52442497,20.15625,-4.0875,31.48125,walking
146715980837359,-7.0140004,-0.96195006,3.4759502,-1.2271875,-2.7297876,-1.5384874,20.737501,-5.625,30.50625,walking
146716000838621,-7.2190504,-2.25495,3.0310502,-1.424225,-2.97275,-1.4607999,21.35625,-7.1625004,29.531252,walking
146716020581597,-5.6779504,-1.4770501,3.8209503,-0.9384375,-2.8309875,-0.83545,21.993752,-8.71875,28.575,walking
146716040640048,-5.08605,1.67505,4.49805,-0.42185,-2.4336126,-0.16115,22.66875,-10.3125,27.487501,walking
146716060689667,-3.42705,-0.10005,4.3159504,-0.28861248,-2.388925,0.37785,23.34375,-11.85,26.343752,walking
146716080724734,-6.49905,-1.4460001,4.7640004,-0.2971375,-2.1769,0.6282375,23.98125,-13.387501,25.125002,walking
146716129987700,-9.99405,-0.555,7.221,-0.209825,-1.577125,0.5515125,24.675001,-14.85,23.75625,walking
146716165069321,-10.111951,0.49695003,8.478001,-0.2385625,-1.4718,0.168025,25.312502,-16.331251,22.35,walking
146716195792619,-8.89305,0.88005006,7.3620005,-0.0884125,-2.9066124,-0.368775,25.968752,-17.737501,21.018751,walking
146716224534895,-6.46005,0.717,6.4020004,0.496375,-4.2361,-0.5787375,26.587502,-19.087502,19.612501,walking
146716253277158,-5.0740504,-0.483,6.9310503,-0.066,0.6023875,-0.2761,27.16875,-20.362501,18.2625,walking
146716282019366,-4.854,-1.39995,8.36505,-0.2374625,2.2418,-0.1621125,27.69375,-21.5625,16.9125,walking
146716310761448,-3.8170502,-1.0009501,9.02295,0.25575,0.0154,0.27665,28.181252,-22.66875,15.6,walking
146716339503286,-4.12605,-0.25605002,9.804001,0.4420625,-1.0872124,0.5292375,28.63125,-23.681252,14.2875,walking
146716368244708,-2.661,1.1509501,8.88,0.1332375,0.18053749,0.41195,29.081251,-24.618752,13.012501,walking
146716396986482,-2.4499502,1.0860001,4.3759503,0.3493875,0.0462,0.1904375,29.550001,-25.462502,11.775001,walking
146716425727706,-4.4880004,0.99300003,11.908051,0.1736625,0.09845,-0.0961125,30.056252,-26.23125,10.5375,walking
146716454467895,-6.23505,0.41295,13.000051,0.1012,0.0452375,-0.3443,30.50625,-26.962502,9.243751,walking
146716483206359,-4.7250004,1.251,10.467001,0.144925,0.3232625,-0.438075,30.91875,-27.6375,8.00625,walking
146716511942181,-1.69395,1.32105,10.233001,0.1364,0.395725,-0.2888875,31.29375,-28.312502,6.8625,walking
146716540675219,-1.09695,-0.108,9.865951,-0.041525,0.1155,-0.0620125,31.687502,-28.95,5.7000003,walking
146716569403388,-1.3969501,-0.048,8.398951,-0.208725,-0.2349875,0.0199375,32.100002,-29.5125,4.5750003,walking
146716598126619,-2.11995,0.78000003,8.865001,-0.260975,-0.3009875,0.0647625,32.5125,-29.98125,3.5062501,walking
146716626843833,-3.55905,1.5600001,8.604,-0.1225125,-0.0389125,0.0199375,32.943752,-30.375002,2.5125,walking
146716655553912,-4.7410502,2.4799502,8.70495,0.041525,0.3136375,-0.0418,33.318752,-30.6375,1.63125,walking
146716684255332,-4.4539504,2.3380501,8.80305,0.100099996,0.53735,-0.0099,33.65625,-30.825,0.84375006,walking
146716712946522,-4.15695,1.9459502,8.81805,-0.1384625,0.1857625,0.051975,33.975002,-30.956251,0.22500001,walking
146716741625734,-3.6520503,1.47405,8.71905,-0.495275,-0.5247,-0.02365,34.275,-31.087502,-0.28125,walking
146716770291060,-2.874,1.0570501,8.7289505,-0.6029375,-0.88577497,0.0039875,34.55625,-31.181252,-0.82500005,walking
146716798940331,-3.2640002,1.2060001,8.49195,-0.412225,-0.6824125,0.14465,34.8375,-31.275002,-1.3312501,walking
146716827571257,-3.7480502,1.67295,8.40795,-0.1959375,-0.3202375,0.2256375,35.006252,-31.331251,-1.85625,walking
146716856181293,-3.4609501,1.51005,8.86305,-0.140525,-0.194425,0.186175,35.100002,-31.406252,-2.2687502,walking
146716884767362,-3.2670002,1.3279501,9.423,-0.1683,-0.2019875,0.18933749,35.15625,-31.48125,-2.6625001,walking
146716913327105,-3.32205,1.62195,9.757951,-0.1533125,-0.113575,0.20955,35.175003,-31.556252,-2.98125,walking
146716941857032,-3.015,1.62195,9.694051,-0.1288375,0.0697125,0.2426875,35.15625,-31.650002,-3.2812502,walking
146716970353713,-2.66295,1.3969501,9.699,-0.174625,0.0589875,0.2426875,35.15625,-31.706251,-3.525,walking
146716998813431,-2.742,1.3740001,9.7900505,-0.28765,-0.2424125,0.1296625,35.11875,-31.781252,-3.5062501,walking
146717027232306,-2.7540002,1.43295,9.90705,-0.3366,-0.35433748,0.0221375,35.081253,-31.81875,-3.5625002,walking
146717055606181,-2.5240502,1.2750001,9.871051,-0.241725,-0.2338875,-0.0534875,35.0625,-31.875002,-3.6562502,walking
146717083930591,-2.46,1.0570501,9.672001,-0.073425,0.0526625,-0.0642125,35.04375,-31.931252,-3.73125,walking
146717112200874,-2.079,0.83505005,10.02705,0.126775,0.30827498,-0.0099,35.025,-31.987501,-3.80625,walking
146717140412176,-2.1649501,0.615,10.113001,0.297275,0.5267625,0.089237496,34.96875,-32.025,-3.91875,walking
146717168558390,-2.06205,0.51600003,9.967051,0.314325,0.5203,0.14245,34.912502,-32.0625,-4.03125,walking
146717196635790,-1.9189501,0.54,9.67905,0.161975,0.3317875,0.1467125,34.893753,-32.100002,-4.1062503,walking
146717224637975,-2.18895,0.804,9.615001,-0.0776875,0.0504625,0.1626625,34.875,-32.1375,-4.1625004,walking
146717252558917,-2.6779501,1.014,9.723001,-0.2706,-0.1816375,0.1733875,34.78125,-32.193752,-4.2562504,walking
146717280392519,-2.83995,1.0500001,9.541051,-0.3696,-0.2893,0.183975,34.725002,-32.268753,-4.33125,walking
146717308132383,-2.63205,1.02195,9.129001,-0.38665,-0.3009875,0.1414875,34.66875,-32.362503,-4.425,walking
146717335771881,-2.5840502,1.05495,8.908951,-0.32065,-0.13585,0.07535,34.612503,-32.475002,-4.4812503,walking
146717363304270,-2.7540002,1.00995,8.853001,-0.2332,0.1123375,0.017875,34.537502,-32.568752,-4.51875,walking
146717390722477,-2.56305,0.82800007,8.925,-0.132,0.2220625,0.0284625,34.48125,-32.662502,-4.6125,walking
146717418019285,-2.2440002,0.74100006,8.94705,-0.0809875,0.328625,0.0275,34.425003,-32.756252,-4.6875,walking
146717445185468,-1.9450501,0.531,9.02805,-0.0435875,0.3861,0.0050875,34.3875,-32.850002,-4.7250004,walking
146717472217199,-1.9759501,0.49995002,9.16695,-0.050049998,0.393525,-0.0215875,34.331253,-32.943752,-4.8,walking
146717499104937,-2.055,0.59805006,9.208051,-0.0628375,0.34141248,-0.0727375,34.256252,-33.018753,-4.8562503,walking
146717525840988,-2.1769502,0.72495,9.318001,-0.0053625,0.26675,-0.1057375,34.18125,-33.075,-4.9125004,walking
146717552417365,-2.2350001,0.59805006,9.366,0.0554125,0.2039125,-0.0694375,34.143753,-33.131252,-5.0062504,walking
146717578826273,-2.4019501,0.61905,9.66705,0.0011,0.1687125,-2.75E-4,34.0875,-33.206253,-5.11875,walking
146717605059571,-2.5770001,0.61905,9.865951,-0.050049998,0.1219625,0.0391875,34.03125,-33.28125,-5.1937504,walking
146717631109226,-2.6940002,0.49005002,10.030951,-0.0446875,0.1953875,0.033825,33.975002,-33.35625,-5.1937504,walking
146717656967390,-2.97,0.41805002,10.053,0.0149875,0.47134998,0.0039875,33.956253,-33.45,-5.11875,walking
146717682625942,-3.3409503,0.528,9.615001,0.1065625,0.8569,-0.0449625,33.9375,-33.54375,-5.1000004,walking
146717708073573,-3.3649502,0.63405,9.208051,0.2376,1.1914375,-0.044,33.91875,-33.6375,-4.9875,walking
146717733309402,-3.21195,0.46800002,9.11205,0.398475,1.44815,0.1329625,33.9,-33.675003,-4.8375,walking
146717758322268,-2.979,0.38700002,8.70495,0.3089625,1.222375,0.2404875,33.881252,-33.75,-4.65,walking
146717783104632,-2.9290502,0.37500003,8.061001,-0.107525,0.8111125,0.102025,33.881252,-33.80625,-4.4812503,walking
146717807649396,-3.492,0.058950003,7.70205,-0.5677375,0.560725,0.0594,33.862503,-33.862503,-4.3125,walking
146717831949317,-4.46595,0.32700002,7.8289504,-0.8883875,0.3210625,0.099825,33.84375,-33.91875,-4.14375,walking
146717855997599,-4.866,0.76500005,7.7640004,-1.0162625,0.1549625,0.0818125,33.80625,-34.0125,-3.9562502,walking
146717879787924,-4.28205,0.56205004,7.7040005,-0.99605,-0.00165,0.0785125,33.787502,-34.10625,-3.825,walking
146717903313937,-4.083,0.79395,6.97905,-0.765875,-0.10175,0.1574375,33.768753,-34.2,-3.7125,walking
146717926570041,-4.413,0.93495005,7.52895,-0.447425,-0.1337875,0.2734875,33.75,-34.350002,-3.5812502,walking
146717949545265,-4.25295,0.75600004,8.545051,-0.25355,-0.10505,0.3311,33.7125,-34.5,-3.4687502,walking
146717972245329,-4.25295,0.82305,9.59595,-0.18425,-0.0059125,0.336325,33.675003,-34.65,-3.4125001,walking
146717994660640,-4.46595,0.88995004,10.632001,-0.1362625,0.0782375,0.31075,33.61875,-34.818752,-3.35625,walking
146718016786931,-4.557,0.864,11.133,-0.0617375,0.056925,0.2085875,33.581253,-34.987503,-3.24375,walking
146718038620594,-4.21005,0.684,10.993951,-0.0053625,-0.010175,0.0818125,33.525,-35.100002,-3.1875002,walking
146718060159016,-3.8820002,0.411,10.330951,0.0287375,-0.0974875,0.00715,33.45,-35.23125,-3.1125002,walking
146718081399419,-3.79605,0.21000001,9.99495,0.076725,-0.110275,0.0039875,33.393753,-35.34375,-3.0375001,walking
146718102339932,-3.58995,-0.13605,10.098001,0.1236125,-5.5E-4,0.017875,33.3375,-35.456253,-3.0,walking
146718122979537,-3.3769503,-0.37305,10.15305,0.095837496,0.1390125,-0.0407,33.28125,-35.5875,-2.8500001,walking
146718144349681,-3.5659502,-0.36795002,9.98595,0.0116875,0.2050125,-0.101475,33.24375,-35.68125,-2.7375002,walking
146718165246288,-3.8719501,-0.23895001,9.736951,-0.01375,0.1601875,-0.116325,33.1875,-35.775,-2.68125,walking
146718185653795,-3.9709501,-0.10005,9.39,0.0235125,0.0930875,-0.0875875,33.131252,-35.850002,-2.5875,walking
146718205557342,-3.7789502,-0.112050004,8.985001,0.0682,-0.0411125,-0.0759,33.075,-35.943752,-2.5500002,walking
146718224942920,-3.6499503,-0.18705001,8.64,0.0639375,-0.1082125,-0.1078,33.018753,-36.05625,-2.49375,walking
146718243797364,-3.9109502,-0.060000002,8.820001,0.0671,-0.1263625,-0.1111,32.943752,-36.16875,-2.4375,walking
146718262355726,-4.0300503,0.126,9.16905,0.1043625,-0.16995,-0.0418,32.86875,-36.2625,-2.4,walking
146718280630925,-4.1119504,0.20505,9.28005,0.0661375,-0.27335,0.036025,32.8125,-36.3375,-2.34375,walking
146718298617793,-4.05705,0.105000004,9.10005,-0.05115,-0.4277625,0.018975,32.737503,-36.43125,-2.4,walking
146718316320959,-4.1620502,0.076050006,8.841001,-0.15235,-0.5289625,-0.0407,32.7,-36.525,-2.41875,walking
146718333745835,-4.3699503,0.31995,8.96805,-0.1907125,-0.43945,-0.0716375,32.625,-36.61875,-2.4375,walking
146718350887693,-4.5430503,0.45195,8.99205,-0.176825,-0.18493749,-0.09185,32.568752,-36.7125,-2.49375,walking
146718367772482,-4.3510504,0.43005002,8.434051,-0.1192125,0.089925,-0.135575,32.49375,-36.80625,-2.60625,walking
146718384397310,-3.86505,0.17205001,8.33895,0.01705,0.40094998,-0.1876875,32.456253,-36.881252,-2.68125,walking
146718400768641,-3.6190503,0.14505,8.286,0.2173875,0.80795,-0.12815,32.41875,-36.956253,-2.775,walking
146718416894367,-3.5800502,0.102000006,8.19705,0.4442625,1.24685,0.04235,32.381252,-37.03125,-2.90625,walking
146718432781682,-3.7140002,-0.18195,8.0779505,0.547525,1.5675,0.119075,32.362503,-37.068752,-2.9437501,walking
146718448438669,-3.9490502,-0.45900002,8.17605,0.483725,1.8359,0.0572,32.325,-37.10625,-2.90625,walking
146718463874134,-4.6270504,-0.651,8.298,0.3697375,2.267375,-0.0375375,32.268753,-37.0875,-2.775,walking
146718479096148,-5.6850004,-0.44700003,7.9530005,0.25355,2.469775,-0.217525,32.2125,-37.068752,-2.60625,walking
146718494113640,-5.9890504,-0.48105,7.5010505,-0.0639375,1.9487875,-0.335775,32.175003,-37.050003,-2.4375,walking
146718508923945,-5.7400503,-0.98595005,6.2770505,-0.3493875,1.000725,-0.1739375,32.15625,-37.0125,-2.23125,walking
146718523559125,-5.5960503,-0.80700004,5.013,-0.3014,0.7451125,-0.02365,32.11875,-36.956253,-1.9875001,walking
146718539408501,-5.73495,-0.57000005,4.3039503,-0.2897125,1.051875,-0.0567875,32.04375,-36.862503,-1.9125,walking
146718554753079,-6.36705,-0.69900006,4.82205,-0.663575,0.834625,-0.184525,32.006252,-36.768753,-1.85625,walking
146718569590990,-7.82805,-1.0720501,6.02295,-1.1567875,0.2124375,-0.19525,31.95,-36.693752,-1.7625,walking
146718583921168,-7.5760503,0.25995,7.5150003,-1.3880625,-0.1486375,-0.1654125,31.9125,-36.581253,-1.66875,walking
146718598114295,-6.9679503,-0.031050002,7.122,-1.3827,-0.3669875,-0.018424999,31.85625,-36.506252,-1.6125001,walking
146718611803694,-6.1369505,0.08295,7.04295,-1.1408376,-0.5363875,0.2404875,31.800001,-36.393753,-1.5375,walking
146718625384781,-6.79995,0.49005002,7.8600006,-0.8031375,-0.417175,0.454575,31.725,-36.318752,-1.575,walking
146718638852990,-6.9660006,0.47805002,9.04695,-0.5517875,-0.2882,0.45993748,31.63125,-36.24375,-1.6125001,walking
146718652203517,-7.0969505,0.33195,9.916051,-0.55605,-0.5929,0.2745875,31.5375,-36.16875,-1.66875,walking
146718667429261,-7.392,0.28695002,10.989,-0.6029375,-1.122275,0.1617,31.368752,-36.09375,-1.8750001,walking
146718682182861,-7.32,0.38700002,11.18805,-0.444125,-1.3780249,0.17545,31.218752,-36.018753,-2.0812502,walking
146718696464911,-6.20205,0.00405,10.60095,-0.275825,-1.45475,0.2404875,31.050001,-35.943752,-2.25,walking
146718710276653,-4.8109503,-0.46905002,9.7560005,-0.1672,-1.241625,0.2894375,30.88125,-35.86875,-2.4375,walking
146718723619983,-4.6740003,-1.0360501,9.93795,-0.141625,-0.8325625,0.303325,30.712502,-35.79375,-2.625,walking
146718736497415,-4.99305,-0.342,10.575001,-0.15015,-0.533225,0.3268375,30.525002,-35.737503,-2.79375,walking
146718749343895,-5.34,-0.282,10.54605,-0.056375,-0.5460125,0.297,30.337502,-35.643753,-2.9250002,walking
146718762152177,-4.96605,-0.34905002,9.66705,0.069299996,-0.71005,0.1915375,30.112501,-35.53125,-3.1125002,walking
146718774930673,-4.557,-0.58905005,8.676001,0.2407625,-0.751575,0.07425,29.925001,-35.456253,-3.3000002,walking
146718787670680,-4.41795,-0.606,8.157001,0.3089625,-0.6312625,0.07645,29.7,-35.381252,-3.4687502,walking
146718800409810,-4.5480003,-0.97200006,8.985001,0.2600125,-0.482075,0.1148125,29.493752,-35.34375,-3.6937501,walking
146718813140137,-4.35405,-1.33605,9.60795,0.2589125,-0.2168375,0.1478125,29.268751,-35.325,-3.91875,walking
146718825867382,-4.215,-1.5300001,9.76605,0.397375,0.0622875,0.0796125,29.04375,-35.30625,-4.1062503,walking
146718838597989,-4.4490004,-0.90705,9.370951,0.55825,0.193325,-0.0567875,28.837502,-35.268753,-4.3125,walking
146718851338450,-4.91895,-0.68205005,8.74995,0.6296125,0.1720125,-0.1706375,28.612501,-35.2125,-4.51875,walking
146718864093752,-5.0740504,-0.804,8.071051,0.634975,0.158125,-0.1962125,28.425001,-35.2125,-4.7250004,walking
146718876869277,-4.9950004,-0.99105006,8.20905,0.4505875,0.1208625,-0.1749,28.237501,-35.2125,-4.9875,walking
146718889670731,-4.80795,-1.1659501,8.608951,0.1662375,0.33385,-0.2985125,28.050001,-35.175003,-5.30625,walking
146718902502577,-4.926,-1.16805,8.467951,-0.0298375,0.6513375,-0.4593875,27.88125,-35.1375,-5.625,walking
146718915353067,-5.10795,-1.056,8.097,-0.1661,0.6587625,-0.4434375,27.750002,-35.100002,-5.9812503,walking
146718930519722,-5.4810004,-0.79200006,7.2850504,-0.3004375,0.5905625,-0.3102,27.73125,-34.96875,-5.9812503,walking
146718945261120,-5.1990004,-0.94500005,6.0280504,-0.2459875,1.0049875,-0.151525,27.768751,-34.893753,-5.83125,walking
146718959580454,-4.90695,-1.149,5.0989504,0.1225125,1.9424624,-0.118525,27.806252,-34.800003,-5.64375,walking
146718973481276,-5.637,-1.0510501,5.2309504,0.665775,3.042875,-0.2473625,27.843752,-34.725002,-5.4750004,walking
146718986967458,-6.30495,-0.88605005,5.6449504,0.93857497,3.84395,-0.46254998,27.88125,-34.631252,-5.30625,walking
146719000043169,-6.90105,-1.2019501,5.229,0.79365,4.0176125,-0.657525,27.91875,-34.537502,-5.11875,walking
146719013194842,-6.5080504,-1.7860501,4.467,0.4261125,4.0250373,-0.7118375,27.956251,-34.425003,-4.93125,walking
146719026409312,-5.8000503,-2.15205,3.62895,0.1810875,4.6003375,-0.7651875,27.975,-34.21875,-4.5750003,walking
146719039688611,-5.6080503,-2.5879502,2.5110002,0.3334375,5.8892627,-1.03675,28.0125,-33.99375,-4.0125003,walking
146719053018188,-5.8360505,-3.0949502,1.28295,0.749925,7.0631,-1.618375,28.050001,-33.75,-3.2812502,walking
146719066434060,-6.36,-3.3280501,0.23700002,1.16325,7.48495,-2.35125,28.125002,-33.412502,-2.15625,walking
146719079922000,-6.4819503,-3.4740002,-1.098,1.50095,7.4371,-2.9319124,28.125002,-33.037502,-0.91875005,walking
146719093482980,-5.65605,-3.7489502,-2.12295,1.9856375,7.0673623,-3.069275,28.050001,-32.550003,0.50625,walking
146719107119733,-4.677,-4.6729503,-1.7380501,2.6152499,6.750975,-2.7625124,27.862501,-31.968752,2.0625,walking
146719120832898,-4.2340503,-5.9710503,-0.48495004,3.299175,6.9001627,-2.834975,27.487501,-31.237501,3.7687502,walking
146719134623823,-4.8180003,-6.9259505,0.34695002,3.3204875,5.4918876,-3.0426,27.000002,-30.393751,5.49375,walking
146719148494519,-6.8869505,-6.9090004,1.1080501,2.083675,1.692075,-2.833875,26.493752,-29.493752,7.2375,walking
146719162445213,-10.543051,-6.0930004,2.6170502,0.3931125,-2.420825,-2.21595,26.1,-28.575,8.962501,walking
146719176477106,-13.123951,-5.22405,2.6550002,-0.6774625,-3.9208124,-2.0381625,25.800001,-27.6,10.6875,walking
146719190574518,-14.96895,-4.99905,2.59695,-0.5858875,-2.623225,-2.1223125,25.575,-26.625002,12.375001,walking
146719204771695,-17.854052,-4.3840504,2.11095,0.4676375,-0.7228375,-1.5629625,25.35,-25.5375,14.08125,walking
146719219052287,-20.04495,-3.8860502,0.49500003,1.899425,0.0941875,-0.3166625,25.10625,-24.393751,15.7875,walking
146719233417186,-19.483051,-3.7470002,-2.6140501,2.85175,0.16775,0.5995,24.862501,-23.175001,17.456251,walking
146719247866401,-17.124,-4.44105,-5.35995,3.0936124,-0.3862375,0.9329375,24.656252,-21.91875,19.087502,walking
146719262400780,-18.58695,-4.0339503,-4.0669503,2.6940374,-0.7612,0.9691,24.45,-20.60625,20.7,walking
146719277019841,-22.135052,-2.8630502,-0.105000004,2.3190749,-0.74305,0.976525,24.2625,-19.237501,22.181252,walking
146719291723685,-21.25395,-3.5340002,1.5150001,1.9047875,-0.467225,0.6985,24.112501,-17.831251,23.681252,walking
146719306513034,-16.00905,-4.3549504,-0.48105,1.7183375,-0.163625,0.1936,23.94375,-16.40625,25.143751,walking
146719321387362,-11.977051,-5.9010005,-3.3750002,1.8759125,0.06545,0.0796125,23.75625,-14.925,26.625002,walking
146719336329142,-10.630951,-7.3380003,-5.1469502,2.1965625,0.7940625,0.5941375,23.5125,-13.406251,28.10625,walking
146719351372910,-8.677951,-7.3999505,-5.84805,1.189925,0.7269625,0.473825,23.15625,-11.94375,29.23125,walking
146719366501898,-5.577,-7.5439506,-5.62995,0.026675,-0.078375,0.0264,22.78125,-10.481251,30.375002,walking
146719381715786,-5.208,-8.089951,-3.2430003,0.7893875,0.1837,-0.106837496,22.3875,-8.962501,31.406252,walking
146719397013659,-7.3489504,-6.1390505,-1.5340501,1.70665,0.614075,-0.0375375,21.975,-7.425,32.456253,walking
146719412395035,-8.268001,-5.5930505,-3.8419502,1.3635875,0.3839,-0.19305,21.54375,-5.8500004,33.525,walking
146719427860261,-3.7380002,-7.7230506,-8.808001,1.258125,0.611875,-0.4104375,21.09375,-4.2375,34.631252,walking
146719443408182,-5.4570003,-7.9819503,-0.63900006,1.1174625,1.1499125,-0.4338125,20.625,-2.6437502,35.625,walking
146719459038127,-7.7580004,-6.234,5.1379504,0.9449,0.966625,-0.4178625,20.1375,-1.10625,36.600002,walking
146719474750618,-7.3080006,-5.4229503,1.36695,1.0131,0.7280625,-0.3518625,19.612501,0.43125,37.36875,walking
146719490526855,-7.2510004,-5.18295,-1.2870001,0.86075,0.4404125,-0.3081375,19.06875,1.9875001,37.987503,walking
146719506401051,-7.3770003,-3.2730002,-1.43805,0.666875,0.577775,-0.051425,18.5625,3.4687502,38.381252,walking
146719522356115,-7.7800503,-3.9840002,-1.4980501,0.46667498,0.7088125,0.4918375,18.13125,4.93125,38.60625,walking
146719538390360,-6.5179505,-3.45195,0.39705002,0.026675,0.4563625,0.9392625,17.79375,6.2250004,38.71875,walking
146719554503419,-6.45795,-2.04405,0.72300005,-0.411125,-0.1859,1.3025374,17.625,7.4062505,38.643753,walking
146719570695239,-4.39395,-1.4820001,-1.0000501,-0.3323375,-0.51301247,1.8458,17.6625,8.418751,38.4375,walking
146719586964315,-6.6859503,0.076050006,-0.66,0.033,0.3477375,2.1132374,17.831251,9.3,38.25,walking
146719603310044,-7.4059505,0.016050002,-0.81600004,-0.20019999,1.5717624,1.620025,17.98125,10.06875,38.0625,walking
146719619732240,-7.9159503,0.91395,-1.4170501,-0.0341,2.3749,1.6135625,17.98125,10.78125,37.95,walking
146719636229746,-11.63895,-0.097950004,-1.67805,-0.0042625,2.417525,1.4452626,17.868752,11.475,37.893753,walking
146719652784221,-13.210051,-1.2280501,1.7350501,0.2429625,1.5184125,1.8149999,17.681252,12.13125,37.85625,walking
146719669429818,-8.682,-4.1940002,-0.49695003,0.3388,0.77275,1.0500875,17.493752,12.750001,37.800003,walking
146719686149258,-8.03295,-3.4669502,0.711,0.52195,0.97405,0.71885,17.2875,13.312501,37.78125,walking
146719702941368,-10.143001,-3.2010002,3.1960502,1.9014875,1.5675,0.423775,17.04375,13.875001,37.7625,walking
146719719804970,-8.035951,-3.1669502,0.74700004,3.0850875,1.793275,-0.284625,16.706251,14.45625,37.725002,walking
146719736739096,-11.425951,-4.34805,3.6700501,2.473625,0.8355875,-1.011175,16.3875,15.000001,37.706253,walking
146719753743684,-6.7879505,-9.181951,1.2349501,0.5454625,-0.751575,-1.1411124,16.050001,15.4875,37.6875,walking
146719770817233,-5.2710004,-14.370001,-1.8880501,-1.321925,-2.085325,-0.3667125,15.731251,15.900001,37.65,walking
146719787959543,-5.5600505,-15.648001,-1.0860001,-2.2540374,-2.4954875,0.0903375,15.4875,16.181252,37.706253,walking
146719805169275,-7.0330505,-10.003051,-1.71105,-2.6439874,-1.8775625,-0.5542625,15.243751,16.368752,37.7625,walking
146719822462538,-10.368,-6.7830005,-3.8869503,-3.32145,-0.0485375,-1.9677625,15.01875,16.425001,37.912502,walking
146719839809207,-15.420001,-3.6679502,-3.9259503,-3.3033,0.33385,-3.0001125,14.775001,16.44375,38.081253,walking
146719857404779,-14.986051,-3.01605,-1.8859501,-1.3283875,-3.20595,-3.2685125,14.625001,16.44375,38.2125,walking
146719875688260,-10.15005,-5.64795,-0.94995004,-0.5581125,-3.165525,-2.4567125,14.512501,16.40625,38.4,walking
146719895054561,-6.07695,-6.1309505,-2.085,-0.464475,-1.648625,-1.1529375,14.437501,16.331251,38.53125,walking
146719915444443,-4.5040503,-4.1680503,-2.5560002,-0.7019375,-0.6642625,-0.8790375,14.400001,16.21875,38.662502,walking
146719936403645,-6.22095,-5.0280004,3.5410502,-1.0311126,-0.51507497,-1.586475,14.3625,16.06875,38.756252,walking
146719957513720,-8.26095,-6.5890503,6.8490005,-0.64556247,-1.2640375,-2.5302749,14.38125,15.918751,38.943752,walking
146719978524736,-10.714951,-4.7380505,-1.7230501,-0.0361625,-1.4675375,-3.509275,14.418751,15.76875,39.018753,walking
146719999357256,-9.913051,-3.5839503,-3.114,-0.545325,-1.125575,-4.1804123,14.45625,15.637501,39.1875,walking
146720019748420,-6.2470503,-2.0710502,-2.05605,-0.464475,-0.3894,-4.0759125,14.437501,15.50625,39.35625,walking
146720040280706,-4.30305,-2.9929502,-0.112050004,-0.0862125,-0.117837496,-2.831675,14.400001,15.356251,39.506252,walking
146720060659114,-4.8040504,-5.3359504,2.334,0.042625,0.7099125,-1.5023249,14.343751,15.225,39.693752,walking
146720080916639,-4.1860504,-7.0290003,-0.30105,0.21945,1.016675,-0.4679125,14.212501,15.20625,39.84375,walking
146720101070875,-4.44495,-7.5820503,-1.04805,0.2151875,0.66728747,0.252175,14.062501,15.187501,40.0125,walking
146720121144830,-6.11805,-6.5860505,0.9979501,-0.22687499,0.764225,0.3086875,13.81875,15.168751,40.143753,walking
146720141172403,-7.485,-8.166,0.63195,-0.4921125,1.1999625,0.38541248,13.593751,15.168751,40.29375,walking
146720161158736,-7.6099505,-10.206,-0.351,-0.38885,1.1510125,0.38747498,13.368751,15.168751,40.3875,walking
146720440621935,-8.376,-9.519,0.8880001,-0.093775,0.781275,0.2831125,5.1375003,15.8625,40.66875,walking
146720460683788,-7.1719503,-9.177,0.26295,0.076725,3.0482376,-1.8645,3.7875001,16.03125,40.425003,walking
146720480728906,-5.7640505,-9.394951,-0.73905003,0.382525,-1.528175,1.1737,2.5125,16.181252,40.275,walking
146720500729407,-4.32,-9.579,-0.13605,0.2013,-4.49075,0.85305,1.3125,16.368752,40.237503,walking
146720520702996,-3.2929502,-9.391951,0.768,0.8757375,-3.6246374,-1.738825,0.112500004,16.518751,40.18125,walking
146720540642510,-3.1710002,-8.68395,0.97695005,1.2848,-1.7103624,-2.8285124,-1.10625,16.66875,40.125,walking
146720560561203,-3.35295,-9.723001,4.5750003,0.143825,0.2635875,-1.8995625,-2.325,16.78125,40.0125,walking
146720580472140,-1.6189501,-11.085001,4.3240504,-0.529375,-0.40865,-0.2143625,-3.525,16.837502,39.956253,walking
146720600372531,7.2000003,-16.924051,1.8360001,-0.1288375,-0.8655625,-0.303875,-4.6875,16.837502,39.862503,walking
146720620235974,4.473,-13.792951,-1.5079501,0.0479875,-0.7143125,-0.24419999,-5.775,16.837502,39.84375,walking
146720640145869,0.036000002,-9.67695,-5.56605,0.0639375,0.0462,-0.0226875,-6.8250003,16.81875,39.787502,walking
146720660082968,-5.532,-6.2850003,-8.22795,0.1480875,0.97515,0.086075,-7.89375,16.78125,39.7125,walking
146720680120426,-2.09805,-8.016001,-1.7710501,0.260975,1.4918749,0.2809125,-8.962501,16.725,39.600002,walking
146720700121667,0.36195,-9.10995,-0.684,0.2365,1.2403874,0.7134875,-10.012501,16.6875,39.45,walking
146720720102700,-0.24300002,-7.8190503,-1.077,0.0969375,0.60555,1.0426625,-11.025001,16.650002,39.375,walking
146720740077996,0.22605,-7.7209506,-1.1719501,-0.2811875,-0.3788125,0.7816875,-12.01875,16.650002,39.225002,walking
146720760071092,0.15795001,-7.728,-0.78000003,-0.35255,-0.7591375,-0.2314125,-12.975,16.66875,39.131252,walking
146720780065861,-0.55905,-7.2450004,-0.483,-0.007425,-0.619575,-0.5542625,-13.9125,16.6875,39.05625,walking
146720800072903,-0.73605,-7.34805,-0.22200002,-0.0798875,-0.5289625,-0.1452,-14.793751,16.650002,38.943752,walking
146720820077230,0.65205,-9.675,-0.47595003,-0.329175,-0.40645,-0.034375,-15.6,16.59375,38.8125,walking
146720840142255,2.127,-13.467001,-1.3660501,-0.21725,-0.2531375,-0.02585,-16.25625,16.5375,38.71875,walking
146720860155400,0.66795003,-14.758051,-2.39805,0.0457875,-0.1230625,0.00935,-16.7625,16.44375,38.662502,walking
146720880507295,-2.6470501,-10.88895,-1.8840001,0.1384625,0.13255,0.066825,-17.2875,16.368752,38.53125,walking
146720900761220,-2.163,-8.607,-1.55805,0.19607499,0.41593748,0.07425,-17.8875,16.331251,38.41875,walking
146720920907241,-0.76695,-9.12195,-0.92805004,0.2429625,0.57035,0.049775,-18.487501,16.25625,38.287502,walking
146720940987856,-0.96105003,-9.82995,0.012,0.2046,0.459525,0.016775,-19.0125,16.1625,38.100002,walking
146720961006268,-1.0350001,-9.901951,-0.31995,0.1247125,0.1720125,-0.0023375,-19.48125,16.125,37.93125,walking
146720981090671,-0.89895004,-9.667951,-0.95205003,0.025575,-0.0133375,-0.0290125,-19.800001,16.03125,37.93125,walking
146721001149893,-0.48495004,-9.76305,-1.0380001,-0.0606375,-0.0985875,-0.044,-19.931252,15.95625,37.8375,walking
146721020824406,-0.18300001,-9.816001,-1.21605,-0.08525,-0.16995,-0.050325,-19.893751,15.88125,37.893753,walking
146721040567972,-0.09195001,-9.771001,-1.218,-0.0682,-0.1571625,-0.034375,-19.6875,15.843751,38.025,walking
146721060372371,-0.16395001,-9.76605,-1.4860501,-0.022275,-0.0517,-0.0108624995,-19.5,15.806251,38.15625,walking
146721080488001,-0.40605003,-9.75405,-1.8139501,0.0352,0.071775,-0.0023375,-19.425001,15.76875,38.268753,walking
146721100330715,-0.61095005,-9.816001,-1.5270001,0.0628375,0.1496,-0.0088,-19.44375,15.712501,38.23125,walking
146721120477102,-0.79800004,-9.826051,-1.1560501,0.061875,0.1538625,-0.0226875,-19.48125,15.731251,38.2125,walking
146721140594680,-0.89895004,-9.712951,-0.9979501,0.0394625,0.0782375,-0.035475,-19.5,15.731251,38.2125,walking
146721160683788,-0.78900003,-9.636001,-0.92805004,0.0064625,0.0100375,-0.0460625,-19.518751,15.76875,38.2125,walking
146721180758232,-0.59895,-9.67695,-0.93795,-0.0180125,-0.034649998,-0.05995,-19.556252,15.806251,38.23125,walking
146721200807899,-0.40305,-9.77295,-1.0530001,-0.0287375,-0.079475,-0.0609125,-19.575,15.8625,38.25,walking
146721220573492,-0.312,-9.804001,-1.1010001,-0.01375,-0.0974875,-0.0407,-19.612501,15.900001,38.193752,walking
146721240659005,-0.29505002,-9.84195,-1.1370001,0.024475,-0.0644875,-0.035475,-19.650002,15.937501,38.175003,walking
146721260745854,-0.22800002,-9.835051,-1.125,0.058575,0.004675,-0.0482625,-19.650002,15.95625,38.175003,walking
146721280785539,-0.16095,-9.735001,-1.0000501,0.0565125,0.06435,-0.0386375,-19.612501,15.95625,38.193752,walking
146721300831653,-0.23295002,-9.59805,-0.85905004,0.05115,0.0867625,-0.0066,-19.556252,15.937501,38.25,walking
146721320848281,-0.34800002,-9.522,-0.80100006,0.0576125,0.0856625,0.014712499,-19.556252,15.918751,38.25,walking
146721340852999,-0.31500003,-9.64605,-0.837,0.0565125,0.1208625,0.0242,-19.556252,15.88125,38.25,walking
146721360860211,-0.47700003,-9.703051,-0.94005007,0.0671,0.143275,0.034925,-19.59375,15.900001,38.23125,walking
146721380858670,-0.73395,-9.63195,-1.06005,0.058575,0.139975,0.0466125,-19.612501,15.918751,38.175003,walking
146721400862176,-0.73800004,-9.732,-1.00995,0.0490875,0.1612875,0.04235,-19.66875,15.937501,38.15625,walking
146721420595416,-0.56595004,-9.78195,-0.99495006,0.052249998,0.16445,0.0253,-19.725,15.975,38.1375,walking
146721440648425,-0.45105,-9.7560005,-1.00995,0.043725,0.1442375,0.01045,-19.78125,15.993751,38.100002,walking
146721460702879,-0.46305,-9.739051,-0.93105006,0.0213125,0.1101375,0.0125124995,-19.85625,16.03125,38.081253,walking
146721480744144,-0.41295,-9.76305,-0.99105006,0.01815,0.058025,0.0114124995,-19.9125,16.050001,38.006252,walking
146721500772969,-0.35295,-9.780001,-0.98595005,0.0224125,0.0207625,-0.0045375,-19.95,16.06875,37.96875,walking
146721520801963,-0.324,-9.76305,-0.94995004,0.026675,0.0207625,-0.02365,-19.987501,16.06875,37.987503,walking
146721540819145,-0.33900002,-9.81795,-0.96900004,0.027775,0.021724999,-0.0397375,-20.00625,16.050001,37.96875,walking
146721560826598,-0.28800002,-9.900001,-0.87795,0.0022,0.004675,-0.0482625,-20.025002,16.050001,37.96875,walking
146721580837760,-0.123,-9.883051,-0.79200006,-0.033,0.0100375,-0.05995,-20.081251,16.06875,37.93125,walking
146721600840615,-0.015000001,-9.732,-0.85605,-0.0372625,0.03355,-0.0534875,-20.118752,16.06875,37.95,walking
146721620573579,-0.07005,-9.64605,-0.957,-0.0053625,0.0622875,-0.0290125,-20.175001,16.10625,37.85625,walking
146721640637956,-0.30495003,-9.739051,-1.0380001,0.0235125,0.10065,-0.0056375,-20.23125,16.125,37.875,walking
146721660690173,-0.47700003,-9.84,-1.08105,0.041525,0.111237496,-0.0108624995,-20.2875,16.143751,37.78125,walking
146721680740911,-0.60195005,-9.832951,-1.026,0.05115,0.0675125,-0.0279125,-20.325,16.143751,37.706253,walking
146721700776907,-0.63795,-9.79905,-0.81600004,0.0490875,0.0281875,-0.0418,-20.38125,16.181252,37.706253,walking
146721720799968,-0.51795,-9.814051,-0.78000003,0.0394625,0.0165,-0.035475,-20.41875,16.181252,37.631252,walking
146721740823213,-0.31005,-9.724951,-0.83205,0.0287375,0.0196625,-0.0312125,-20.456251,16.1625,37.575,walking
146721760716689,-0.18300001,-9.663,-0.87105006,0.0202125,0.0154,-0.0386375,-20.5125,16.181252,37.537502,walking
146721780747339,-0.17805001,-9.658051,-0.93105006,0.024475,-0.0155375,-0.044,-20.56875,16.181252,37.518753,walking
146721800726472,-0.27600002,-9.64095,-1.02405,0.0320375,0.0026125,-0.0407,-20.643751,16.237501,37.4625,walking
146721820496094,-0.372,-9.63195,-1.065,0.033,0.056925,-0.02365,-20.71875,16.275002,37.425003,walking
146721840590900,-0.33900002,-9.727051,-1.1200501,0.024475,0.075075,-0.0056375,-20.75625,16.29375,37.3875,walking
146721860666798,-0.324,-9.79905,-1.026,0.01705,0.0452375,-0.0088,-20.8125,16.331251,37.3125,walking
146721880724087,-0.29295,-9.816001,-0.94305,-0.0042625,0.0185625,-0.015125,-20.868752,16.35,37.275,walking
146721900775348,-0.28800002,-9.80895,-0.99300003,-0.01485,0.0089375,-0.0066,-20.94375,16.35,37.21875,walking
146721920809116,-0.29505002,-9.79695,-1.0170001,0.0011,0.0281875,0.001925,-20.98125,16.368752,37.21875,walking
146721940828237,-0.23595001,-9.747001,-0.933,0.0287375,0.0782375,0.0028875,-21.0375,16.3875,37.18125,walking
146721960846995,-0.192,-9.71805,-0.86595005,0.0479875,0.1166,-0.0034375,-21.075,16.3875,37.162502,walking
146721980854285,-0.29295,-9.75405,-0.80595005,0.0543125,0.122925,-0.0066,-21.112501,16.368752,37.143753,walking
146722000853007,-0.31500003,-9.768001,-0.68205005,0.0363,0.1027125,0.0061875,-21.16875,16.368752,37.125,walking
146722020856589,-0.28095,-9.72,-0.66,0.010725,0.088825,0.0284625,-21.206251,16.368752,37.10625,walking
146722040853430,-0.26205,-9.651,-0.684,-0.006325,0.071775,0.049775,-21.243752,16.3875,37.068752,walking
146722060845311,-0.24000001,-9.715051,-0.68895006,-0.01375,0.0430375,0.066825,-21.2625,16.3875,37.050003,walking
146722080845039,-0.26700002,-9.81795,-0.69600004,-0.008525,-0.00165,0.065725,-21.31875,16.40625,37.068752,walking
146722100840130,-0.29295,-9.91905,-0.73395,0.007425,-0.0314875,0.0529375,-21.35625,16.425001,37.068752,walking
146722120831771,-0.29295,-9.9210005,-0.75600004,0.0298375,-0.0198,0.0114124995,-21.393751,16.44375,37.050003,walking
146722140832323,-0.26205,-9.77805,-0.72195005,0.0298375,0.0165,-0.0418,-21.431252,16.462502,37.0125,walking
146722160828730,-0.11595,-9.703051,-0.63600004,-0.01485,-0.0187,-0.0609125,-21.45,16.48125,36.99375,walking
146722180833078,0.048,-9.739051,-0.53805,-0.0361625,-0.1551,-0.051425,-21.46875,16.462502,36.956253,walking
146722200832570,0.20895001,-9.8209505,-0.56205004,-0.0435875,-0.262625,-0.0449625,-21.487501,16.462502,36.975002,walking
146722220564639,0.40005,-9.96405,-0.71295005,-0.064899996,-0.23925,-0.0567875,-21.487501,16.425001,37.03125,walking
146722240629652,0.20895001,-9.90495,-0.92295,-0.0639375,-0.1731125,-0.068475,-21.46875,16.40625,37.03125,walking
146722260683310,-0.15900001,-9.7560005,-0.94005007,-0.0202125,-0.128425,-0.067375,-21.487501,16.425001,37.0875,walking
146722280724675,-0.27600002,-9.71805,-0.82095003,0.042625,-0.061325,-0.051425,-21.487501,16.44375,37.10625,walking
146722300765424,-0.25695002,-9.80595,-0.94305,0.0661375,0.056925,-0.035475,-21.487501,16.44375,37.068752,walking
146722320792814,-0.33600003,-9.856951,-0.98805004,0.0457875,0.1016125,-0.0226875,-21.487501,16.44375,37.068752,walking
146722340819880,-0.48900002,-9.81105,-0.83205,0.0235125,0.0015125,-0.02585,-21.50625,16.462502,37.0875,walking
146722360834942,-0.57105005,-9.715051,-0.69405,-0.0011,-0.1071125,-0.035475,-21.487501,16.44375,37.068752,walking
146722380840456,-0.50100005,-9.559951,-0.90705,-0.006325,-0.0804375,-0.0449625,-21.487501,16.44375,37.0125,walking
146722400849876,-0.39600003,-9.450001,-1.2400501,-0.0053625,0.0100375,-0.02365,-21.45,16.40625,37.03125,walking
146722420587676,-0.384,-9.580951,-1.2610501,0.0383625,0.0686125,0.01045,-21.45,16.368752,37.03125,walking
146722440644297,-0.46800002,-9.8230505,-1.1200501,0.110825,0.14739999,0.0028875,-21.45,16.368752,37.050003,walking
146722460701276,-0.64305,-9.933001,-1.08405,0.128975,0.2539625,-0.0449625,-21.46875,16.368752,37.0875,walking
146722480787002,-0.67095006,-9.98595,-1.06005,0.094875,0.3179,-0.0705375,-21.487501,16.3875,37.050003,walking
146722500807031,-0.68100005,-9.814051,-0.873,0.08525,0.3179,-0.0727375,-21.525002,16.40625,37.050003,walking
146722520827755,-0.45105,-9.522,-0.72705,0.0724625,0.3147375,-0.0759,-21.581251,16.44375,37.0125,walking
146722540837730,-0.23805001,-9.394951,-0.91605,0.0287375,0.2902625,-0.0748,-21.618752,16.462502,37.0125,walking
146722560839137,-0.39105,-9.529051,-1.2060001,-0.0213125,0.1879625,-0.0397375,-21.675001,16.462502,36.99375,walking
146722580845476,-0.71895003,-9.655951,-1.2400501,-0.0628375,0.0345125,0.0477125,-21.69375,16.462502,36.99375,walking
146722600844679,-0.73800004,-9.828,-1.17495,-0.0724625,-0.13915,0.0455125,-21.73125,16.44375,36.9,walking
146722620575125,-0.49395,-9.96195,-1.23195,-0.0287375,-0.161425,-0.0119624995,-21.75,16.48125,36.825,walking
146722640637848,-0.17295001,-10.05105,-1.06005,-0.0213125,-0.1167375,-0.077,-21.768751,16.462502,36.881252,walking
146722660688925,0.08205,-9.957001,-0.76995003,-0.0287375,-0.1230625,-0.101475,-21.806252,16.462502,36.84375,walking
146722680736669,0.33105,-9.33705,-0.59505004,0.0383625,-0.0719125,-0.1238875,-21.806252,16.44375,36.80625,walking
146722700772897,0.88605005,-9.84195,-0.46395,0.1128875,0.125125,-0.1205875,-21.84375,16.425001,36.787502,walking
146722720796386,0.92205006,-9.913951,-0.55005,0.1128875,0.257125,-0.0897875,-21.900002,16.44375,36.73125,walking
146722740820383,0.53400004,-9.735001,-0.41595003,0.0671,0.176275,-0.044,-21.9375,16.44375,36.7125,walking
146722760832959,0.30705002,-9.814051,-0.22005,0.0149875,0.032449998,0.00935,-21.993752,16.425001,36.675003,walking
146722780845453,0.052950002,-9.889951,-0.33195,-0.007425,-0.0187,0.041249998,-22.050001,16.425001,36.6375,walking
146722800851392,-0.31005,-9.80595,-0.76500005,-0.0053625,-0.0081124995,0.0380875,-22.10625,16.40625,36.600002,walking
146722820586522,-0.537,-9.706051,-0.88305,0.0022,0.025024999,0.0253,-22.143751,16.40625,36.5625,walking
146722840640949,-0.58995,-9.71805,-0.83205,0.01815,0.0515625,0.015675,-22.2,16.40625,36.506252,walking
146722860696410,-0.43695003,-9.76305,-0.85395,0.041525,0.0622875,0.00825,-22.25625,16.368752,36.46875,walking
146722880736048,-0.135,-9.792001,-0.768,0.0576125,0.1049125,-0.0088,-22.331251,16.368752,36.412502,walking
146722900777097,0.07005,-9.8209505,-0.64095,0.050049998,0.141075,-0.0226875,-22.3875,16.35,36.393753,walking
146722920804211,0.14895001,-9.844951,-0.55695003,0.0202125,0.0930875,-0.0226875,-22.462502,16.35,36.393753,walking
146722940819522,0.18495001,-9.873,-0.43995002,-0.006325,-0.00275,-0.013062499,-22.518751,16.368752,36.3375,walking
146722960836560,0.16605,-9.838051,-0.40395,0.0011,-0.10175,-0.0099,-22.575,16.368752,36.35625,walking
146722980841531,0.06795,-9.77805,-0.591,0.0022,-0.1199,-0.013062499,-22.63125,16.3875,36.3375,walking
146723000841263,-0.042000003,-9.76095,-0.684,-0.01375,-0.0422125,-0.0204875,-22.6875,16.3875,36.28125,walking
146723020583100,-0.063,-9.826051,-0.67005,0.0011,-0.060225,-0.0418,-22.725,16.3875,36.24375,walking
146723040643061,0.024,-9.871051,-0.58095,0.0298375,-0.1007875,-0.066275,-22.7625,16.3875,36.1875,walking
146723060691461,0.120000005,-9.861,-0.50895,0.0031625,-0.03795,-0.0759,-22.81875,16.368752,36.131252,walking
146723080736848,0.135,-9.8230505,-0.73200005,-0.040425,-0.00165,-0.0631125,-22.837502,16.331251,36.09375,walking
146723100771156,0.10605001,-9.844951,-0.73005,-0.0383625,-0.0400125,-0.0215875,-22.837502,16.3125,36.05625,walking
146723120804262,0.08205,-9.880951,-0.528,-0.01485,-0.0314875,0.00715,-22.81875,16.25625,36.037502,walking
146723140824366,-0.12795001,-9.727051,-0.79200006,-0.0094875,0.0207625,0.016775,-22.837502,16.21875,36.018753,walking
146723160833751,-0.34800002,-9.627001,-1.1029501,0.0064625,0.0600875,0.043449998,-22.85625,16.25625,36.0,walking
146723180843966,-0.42495003,-9.688951,-0.84900004,0.0224125,0.09955,0.0647625,-22.893751,16.25625,35.98125,walking
146723200847824,-0.36195,-9.75105,-0.65505004,0.026675,0.1144,0.051975,-22.9125,16.25625,36.037502,walking
146723220581558,-0.17595,-9.768001,-0.72495,0.026675,0.0867625,0.0264,-22.931252,16.237501,36.075,walking
146723240646237,-0.13695,-9.826051,-0.71505004,0.01595,0.0504625,0.014712499,-22.95,16.237501,36.0,walking
146723260698360,-0.09705,-9.77505,-0.64095,0.0235125,0.039875,0.00825,-22.987501,16.21875,36.0,walking
146723280746648,0.123,-9.612,-0.70995003,0.0372625,0.0292875,-0.0099,-23.00625,16.237501,36.0,walking
146723300782887,0.33600003,-9.63195,-0.68205005,0.0235125,-0.0081124995,-0.0312125,-23.025002,16.21875,35.98125,walking
146723320806022,0.384,-9.84195,-0.67695004,-0.0105875,-0.0570625,-0.0460625,-23.00625,16.2,36.018753,walking
146723340829471,0.42405003,-9.993,-0.651,-0.0276375,-0.1145375,-0.0460625,-23.025002,16.181252,36.075,walking
146723360841480,0.36900002,-9.885,-0.68895006,-0.0372625,-0.093225,-0.02585,-23.025002,16.2,36.075,walking
146723380842356,0.312,-9.696,-0.75105006,-0.039325,-0.00385,0.00825,-23.025002,16.181252,36.09375,walking
146723400850275,0.087000005,-9.655951,-0.86595005,-0.006325,0.0367125,0.0391875,-23.025002,16.2,36.05625,walking
146723420587164,-0.09195001,-9.8880005,-0.79695004,0.026675,0.025024999,0.0455125,-23.04375,16.21875,36.037502,walking
146723440643247,-0.22395001,-9.997951,-0.72195005,0.0064625,0.023924999,0.050875,-23.0625,16.21875,36.037502,walking
146723460699919,-0.30495003,-9.913951,-0.78705,-0.01485,0.0430375,0.0710875,-23.0625,16.237501,36.018753,walking
146723480740735,-0.29805002,-9.712951,-0.71505004,-0.01595,0.072875,0.086075,-23.0625,16.237501,36.0,walking
146723500771240,-0.135,-9.639001,-0.56205004,0.01705,0.0782375,0.0881375,-23.081251,16.237501,35.98125,walking
146723520801535,0.064950004,-9.700951,-0.65295005,0.05115,0.0867625,0.083875,-23.081251,16.237501,35.98125,walking
146723540819491,0.060000002,-9.78495,-0.753,0.0650375,0.13145,0.0785125,-23.081251,16.237501,36.0,walking
146723560827387,0.010050001,-9.850051,-0.72705,0.0554125,0.20075,0.0721875,-23.118752,16.25625,35.9625,walking
146723580836381,0.0049500004,-9.735001,-0.66,0.009625,0.2189,0.0636625,-23.118752,16.237501,35.9625,walking
146723600839836,0.02205,-9.592951,-0.55995005,-0.042625,0.139975,0.069025,-23.1375,16.237501,35.9625,walking
146723620573224,0.08205,-9.691051,-0.61695004,-0.0702625,0.005775,0.086075,-23.15625,16.25625,35.943752,walking
146723640624228,0.08895,-9.94305,-0.74205005,-0.0671,-0.111375,0.0647625,-23.175001,16.25625,35.90625,walking
146723660677563,0.012,-10.09095,-0.88500005,-0.0798875,-0.1838375,0.0275,-23.175001,16.275002,35.925003,walking
146723680729411,-0.10095,-10.110001,-0.88500005,-0.0884125,-0.246675,-0.0056375,-23.175001,16.29375,35.925003,walking
146723700768785,-0.15195,-10.06305,-0.76500005,-0.1128875,-0.279675,-0.016224999,-23.175001,16.29375,35.98125,walking
146723720794624,-0.015000001,-9.94005,-0.68595004,-0.1480875,-0.2349875,0.00715,-23.15625,16.29375,35.98125,walking
146723740820189,0.096,-9.675,-0.70995003,-0.1788875,-0.1986875,0.0444125,-23.1375,16.29375,36.037502,walking
146723760833816,0.08895,-9.59805,-0.72705,-0.1703625,-0.162525,0.1073875,-23.118752,16.29375,36.0,walking
146723780846923,-0.039,-9.826051,-0.63600004,-0.0969375,-0.0528,0.135025,-23.081251,16.29375,36.018753,walking
146723800852946,-0.37005,-9.89505,-0.71505004,-0.0213125,0.1219625,0.133925,-23.0625,16.3125,36.018753,walking
146723820587999,-0.70005006,-9.77805,-0.71805006,0.027775,0.2476375,0.1265,-23.04375,16.3125,36.018753,walking
146723840639594,-0.86295,-9.67695,-0.55695003,0.08415,0.276375,0.1126125,-23.04375,16.3125,36.018753,walking
146723860695514,-0.80805004,-9.56505,-0.46605003,0.1375,0.309375,0.1040875,-23.04375,16.35,36.018753,walking
146723880735456,-0.46095002,-9.486,-0.46605003,0.1843875,0.428725,0.091299996,-23.04375,16.368752,36.037502,walking
146723900776807,-0.20400001,-9.486,-0.52095,0.1384625,0.6587625,0.07645,-23.081251,16.3875,36.037502,walking
146723920804115,-0.094050005,-9.63405,-0.36600003,0.0053625,0.5533,0.0955625,-23.118752,16.40625,36.0,walking
146723940830807,-0.06795,-9.871051,-0.34605002,-0.1043625,0.0185625,0.0924,-23.1,16.425001,36.0,walking
146723960845249,-0.025050001,-10.048051,-0.52395004,-0.159775,-0.4373875,0.0710875,-23.1,16.44375,36.018753,walking
146723980847774,0.108,-10.182,-1.1410501,-0.1714625,-0.44055,0.0540375,-23.1,16.462502,36.018753,walking
146724000845622,-0.02205,-10.13895,-1.761,-0.1299375,-0.194425,0.0210375,-23.1,16.48125,36.018753,walking
146724020586018,-0.22605,-9.94995,-1.3620001,-0.0639375,0.022824999,0.00715,-23.1,16.48125,36.018753,walking
146724040642226,-0.10395,-9.663,-0.78495,-0.0350625,0.1016125,0.0295625,-23.118752,16.5,36.018753,walking
146724060690317,-0.13995,-9.5119505,-0.84405005,-0.0276375,0.091025,0.0391875,-23.118752,16.5,36.0,walking
146724080735827,-0.078,-9.55305,-0.9670501,-0.0287375,0.0122375,0.0380875,-23.118752,16.518751,36.0,walking
146724100770179,-0.15405001,-9.736951,-0.82500005,-0.0713625,-0.088,0.0369875,-23.1,16.5375,36.0,walking
146724120803383,-0.45105,-9.771001,-0.70605004,-0.1225125,-0.1199,0.049775,-23.081251,16.5375,36.0,walking
146724140823585,-0.52995,-9.832951,-0.75105006,-0.1288375,-0.10285,0.082775,-23.0625,16.5375,36.037502,walking
146724160833076,-0.48495004,-9.859051,-0.864,-0.066,-0.095425,0.1073875,-23.025002,16.5375,36.05625,walking
146724180843110,-0.42195,-9.89295,-0.897,-0.01375,-0.060225,0.0988625,-23.00625,16.5375,36.05625,walking
146724200847188,-0.46305,-9.79695,-0.95205003,-0.01595,0.0504625,0.0614625,-22.96875,16.556252,36.037502,walking
146724220580893,-0.55905,-9.61005,-0.86100006,-0.025575,0.06655,0.033825,-22.95,16.5375,36.075,walking
146724240631928,-0.58995,-9.667951,-0.58305,-0.059675,-0.078375,0.016775,-22.9125,16.5375,36.15,walking
146724260687432,-0.40995002,-9.897,-0.411,-0.1106875,-0.1881,0.00935,-22.875,16.518751,36.16875,walking
146724280738793,-0.0010500001,-9.828,-0.69795,-0.123475,-0.1912625,0.01045,-22.837502,16.518751,36.1875,walking
146724300777447,0.13005,-9.768001,-0.97605,-0.1054625,-0.1923625,0.0061875,-22.81875,16.518751,36.1875,walking
146724320802605,-0.08205,-9.7900505,-0.95505005,-0.0969375,-0.1508375,-0.0034375,-22.800001,16.5375,36.225002,walking
146724340827546,-0.28800002,-9.77805,-1.014,-0.0969375,-0.086899996,0.0028875,-22.800001,16.556252,36.225002,walking
146724360840799,-0.453,-9.711,-1.17495,-0.0724625,-0.0485375,0.017875,-22.7625,16.5375,36.28125,walking
146724380842298,-0.55605,-9.708,-1.0720501,-0.0308,-0.012375,0.0317625,-22.743752,16.518751,36.300003,walking
146724400839497,-0.64500004,-9.711,-0.97395,-0.0180125,0.0495,0.0391875,-22.725,16.518751,36.318752,walking
146724420579328,-0.79800004,-9.71805,-1.04295,-0.0319,0.056925,0.0369875,-22.706251,16.5,36.3375,walking
146724440635484,-0.96795005,-9.715051,-1.026,-0.064899996,-0.012375,0.034925,-22.66875,16.518751,36.35625,walking
146724460694820,-0.98505,-9.670051,-0.98595005,-0.0682,-0.0496375,0.041249998,-22.650002,16.5,36.375,walking
146724480737573,-0.95400006,-9.517051,-1.182,-0.039325,-0.0133375,0.034925,-22.59375,16.5,36.393753,walking
146724500769624,-0.89205,-9.49995,-1.3810501,-0.0350625,0.0356125,0.0232375,-22.5375,16.48125,36.43125,walking
146724520801020,-0.81705004,-9.639001,-1.3590001,-0.041525,0.0165,0.017875,-22.462502,16.48125,36.487503,walking
146724540819672,-0.73605,-9.835051,-1.18005,-0.040425,-0.0804375,0.013612499,-22.425001,16.48125,36.525,walking
146724560828072,-0.57600003,-9.885,-1.0189501,-0.0372625,-0.122099996,8.25E-4,-22.40625,16.48125,36.525,walking
146724580837402,-0.40800002,-9.71805,-1.113,-0.0383625,-0.086899996,-0.001375,-22.368752,16.5,36.581253,walking
146724600838857,-0.432,-9.580951,-1.2559501,-0.0319,-0.046475,8.25E-4,-22.331251,16.5,36.61875,walking
146724620572723,-0.47700003,-9.604951,-1.23195,-0.0350625,-0.0166375,8.25E-4,-22.29375,16.5,36.65625,walking
146724640624373,-0.45105,-9.706051,-1.1719501,-0.0391875,-0.0100375,0.0044,-22.237501,16.5,36.73125,walking
146724660680098,-0.55905,-9.715051,-1.28505,-0.0286,-0.023924999,0.011825,-22.2,16.5,36.787502,walking
146724680731723,-0.67800003,-9.72,-1.24695,-0.0264,-0.0452375,0.0171875,-22.125,16.48125,36.84375,walking
146724700770715,-0.68100005,-9.684,-1.2229501,-0.0317625,-0.0622875,0.0086624995,-22.087502,16.44375,36.881252,walking
146724720796045,-0.61395,-9.699,-1.2559501,-0.0317625,-0.06655,0.0023375,-22.050001,16.425001,36.975002,walking
146724740819059,-0.57600003,-9.78195,-1.23195,-0.01045,-0.0270875,-0.0083875,-22.0125,16.44375,37.0125,walking
146724760832851,-0.57795,-9.703051,-1.24905,0.0023375,0.0081124995,-0.0158125,-21.993752,16.425001,37.068752,walking
146724780846061,-0.588,-9.61995,-1.2919501,-0.0039875,0.009075,-0.01265,-21.975,16.425001,37.10625,walking
146724800852429,-0.609,-9.66495,-1.2540001,-0.0221375,-0.022824999,-8.25E-4,-21.9375,16.425001,37.162502,walking
146724820587750,-0.56805,-9.744,-1.14405,-0.0253,-0.0504625,0.0044,-21.900002,16.425001,37.162502,walking
146724840639814,-0.51105005,-9.75105,-1.1890501,-0.018975,-0.0281875,0.0108624995,-21.88125,16.425001,37.143753,walking
146724860695706,-0.57600003,-9.62895,-1.2919501,0.0023375,0.0166375,0.014025,-21.88125,16.3875,37.2,walking
146724880735744,-0.68805003,-9.63405,-1.4089501,0.0097624995,0.0655875,0.0108624995,-21.862501,16.368752,37.275,walking
146724900743273,-0.76905006,-9.62205,-1.36905,-0.0039875,0.0581625,0.0055,-21.84375,16.368752,37.29375,walking
146724920710915,-0.79800004,-9.71805,-1.29495,-0.0221375,0.00275,-0.001925,-21.825,16.3125,37.331253,walking
146724940647798,-0.76500005,-9.77505,-1.21305,-0.0253,-0.0515625,-0.0050875,-21.806252,16.3125,37.350002,walking
146724960573399,-0.61605,-9.735001,-1.21095,-0.017875,-0.0622875,-0.004125,-21.806252,16.29375,37.40625,walking
146724980478336,-0.513,-9.691051,-1.3450501,0.0066,-0.0259875,-0.001925,-21.768751,16.29375,37.425003,walking
146725000385246,-0.54705,-9.67695,-1.3950001,0.0290125,0.046475,0.0012375,-21.768751,16.275002,37.425003,walking
146725020253788,-0.55905,-9.712951,-1.3399501,0.0342375,0.079475,1.375E-4,-21.75,16.275002,37.443752,walking
146725040156311,-0.60195005,-9.62205,-1.26795,0.0055,0.044275,0.0012375,-21.73125,16.237501,37.4625,walking
146725060087292,-0.65205,-9.61005,-1.1389501,-0.033825,-0.0196625,0.0034375,-21.712502,16.21875,37.48125,walking
146725080051611,-0.66705,-9.696,-1.12695,-0.0380875,-0.0419375,0.0034375,-21.69375,16.2,37.48125,walking
146725100076370,-0.60405004,-9.74205,-1.2780001,-0.0158125,-0.021724999,-0.001925,-21.69375,16.181252,37.5,walking
146725120066445,-0.597,-9.736951,-1.40505,0.012925,0.0048125,-0.001925,-21.69375,16.1625,37.5,walking
146725140061253,-0.66705,-9.771001,-1.5150001,0.02475,0.027224999,-0.001925,-21.675001,16.125,37.4625,walking
146725160058554,-0.62295,-9.739051,-1.3810501,0.0077,0.00385,0.0012375,-21.65625,16.087502,37.5,walking
146725180376420,-0.51600003,-9.660001,-1.1890501,-0.01045,-0.0495,1.375E-4,-21.6375,16.050001,37.5,walking
146725200311460,-0.51795,-9.63405,-1.0860001,-0.0072875,-0.055825,-0.0072875,-21.618752,16.0125,37.518753,walking
146725220250805,-0.59205,-9.694051,-1.1410501,0.0108624995,-0.0089375,-0.014712499,-21.6,16.0125,37.537502,walking
146725240248637,-0.60195005,-9.71805,-1.28505,0.0193875,0.0081124995,-0.014712499,-21.618752,16.0125,37.48125,walking
146725260211232,-0.55605,-9.703051,-1.3260001,0.0108624995,-0.0165,-0.0061875,-21.6,16.0125,37.425003,walking
146725280532956,-0.51105005,-9.699,-1.2349501,-0.0039875,-0.0441375,-0.0061875,-21.6,15.993751,37.40625,walking
146725300449359,-0.50805,-9.76605,-1.1869501,-0.017875,-0.0589875,-0.01265,-21.618752,16.0125,37.3875,walking
146725320403262,-0.54,-9.76095,-1.19895,-0.014712499,-0.0430375,-0.014712499,-21.6,16.0125,37.350002,walking
146725340647654,-0.61395,-9.688951,-1.26795,2.75E-4,-0.03135,-0.01155,-21.581251,15.975,37.29375,walking
146725360757947,-0.61605,-9.682051,-1.383,0.015125,-0.0154,-0.0083875,-21.5625,15.975,37.3125,walking
146725380575761,-0.59205,-9.715051,-1.3980001,0.014025,0.00165,-0.0061875,-21.5625,15.95625,37.331253,walking
146725400462402,-0.63105005,-9.72,-1.3300501,-0.001925,0.0081124995,-0.001925,-21.54375,15.937501,37.331253,walking
146725420329629,-0.702,-9.696,-1.24905,-0.013612499,-0.0089375,0.0066,-21.54375,15.900001,37.350002,walking
146725440488401,-0.73095006,-9.636001,-1.2229501,-0.00825,-0.0122375,0.0066,-21.54375,15.900001,37.3875,walking
146725460622355,-0.702,-9.648001,-1.28505,-8.25E-4,0.0176,1.375E-4,-21.54375,15.918751,37.350002,walking
146725480720205,-0.702,-9.679951,-1.35195,0.0066,0.0314875,0.0023375,-21.525002,15.918751,37.3125,walking
146725500786626,-0.71205,-9.76605,-1.335,0.0034375,0.0209,0.0044,-21.525002,15.937501,37.331253,walking
146725520576782,-0.67095006,-9.76305,-1.2250501,2.75E-4,5.5E-4,0.0044,-21.525002,15.975,37.29375,walking
146725540407596,-0.56805,-9.672001,-1.182,0.0034375,-0.0292875,-0.004125,-21.525002,15.975,37.29375,walking
146725560532947,-0.564,-9.658051,-1.1719501,0.0045375,-0.039875,-0.01155,-21.525002,15.975,37.256252,walking
146725580641897,-0.54195005,-9.73005,-1.1340001,0.0034375,-0.0419375,-0.018975,-21.50625,15.975,37.237503,walking
146725600778278,-0.50595003,-9.75405,-1.16505,0.0012375,-0.054725,-0.017875,-21.487501,15.975,37.275,walking
146725620555563,-0.46095002,-9.736951,-1.16505,0.0066,-0.0504625,-0.0158125,-21.487501,15.975,37.256252,walking
146725640762647,-0.40605003,-9.724951,-1.2040501,0.0086624995,-0.037675,-0.0158125,-21.46875,15.975,37.29375,walking
146725660896733,-0.45795003,-9.672001,-1.2250501,0.0055,-0.021724999,-0.0083875,-21.45,15.975,37.3125,walking
146725680912101,-0.56100005,-9.688951,-1.2610501,-8.25E-4,-0.0122375,1.375E-4,-21.431252,15.975,37.3125,walking
146725700912174,-0.65895003,-9.691051,-1.23,2.75E-4,-0.0174625,-0.003025,-21.431252,15.975,37.331253,walking
146725720901809,-0.669,-9.75105,-1.2780001,0.0045375,-0.0185625,-0.0061875,-21.393751,15.993751,37.331253,walking
146725740895855,-0.726,-9.72,-1.299,2.75E-4,-0.0143,-8.25E-4,-21.393751,15.993751,37.3875,walking
146725760883648,-0.73605,-9.682051,-1.3570501,-8.25E-4,-0.005775,0.0044,-21.375,15.993751,37.425003,walking
146725780867497,-0.702,-9.66495,-1.335,-0.00825,0.00165,0.0023375,-21.375,16.0125,37.425003,walking
146725800860582,-0.65205,-9.675,-1.2900001,-0.0125124995,-0.0132,-8.25E-4,-21.35625,16.0125,37.443752,walking
146725820586764,-0.68595004,-9.711,-1.29495,-8.25E-4,-0.023924999,0.0012375,-21.337502,15.993751,37.4625,walking
146725840635606,-0.702,-9.727051,-1.266,0.0171875,-0.0292875,-0.00935,-21.31875,15.975,37.518753,walking
146725860687943,-0.60705,-9.74205,-1.28505,0.014025,-0.0292875,-0.017875,-21.300001,15.937501,37.575,walking
146725880728591,-0.53505003,-9.71805,-1.2589501,0.0023375,-0.0345125,-0.0169125,-21.28125,15.937501,37.612503,walking
146725900768940,-0.55395,-9.700951,-1.2040501,-0.001925,-0.0356125,-0.0158125,-21.28125,15.937501,37.612503,walking
146725920796391,-0.48495004,-9.694051,-1.1560501,2.75E-4,-0.006875,-0.0050875,-21.2625,15.937501,37.612503,walking
146725940812491,-0.44895002,-9.667951,-1.17495,0.0086624995,-0.0037125,-0.001925,-21.243752,15.95625,37.612503,walking
146725960830597,-0.57795,-9.688951,-1.266,0.012925,-0.006875,1.375E-4,-21.243752,15.95625,37.55625,walking
146725980838688,-0.62595004,-9.727051,-1.23195,0.0045375,-0.006875,-0.0050875,-21.2625,15.975,37.59375,walking
146726000839079,-0.65895003,-9.75105,-1.23705,2.75E-4,-0.0015125,-0.00935,-21.243752,15.993751,37.59375,walking
146726020581349,-0.67395,-9.700951,-1.2420001,-8.25E-4,0.00385,-0.0061875,-21.243752,15.975,37.66875,walking
146726040641836,-0.63795,-9.66495,-1.2400501,2.75E-4,0.00165,-0.003025,-21.206251,15.975,37.65,walking
146726060690669,-0.60705,-9.682051,-1.28505,0.0055,0.010175,0.0023375,-21.1875,15.975,37.65,walking
146726080738752,-0.58995,-9.747001,-1.2750001,0.012925,0.0198,0.0023375,-21.16875,15.95625,37.6875,walking
146726100772764,-0.62295,-9.744,-1.2540001,0.015125,0.0187,-0.0050875,-21.16875,15.95625,37.66875,walking
146726120805544,-0.61605,-9.724951,-1.23195,0.0119624995,0.012375,-0.004125,-21.150002,15.937501,37.706253,walking
146726140825345,-0.62595004,-9.670051,-1.2199501,0.0119624995,0.00275,1.375E-4,-21.150002,15.95625,37.725002,walking
146726160834472,-0.65205,-9.67695,-1.2610501,0.012925,0.0133375,0.0012375,-21.150002,15.975,37.706253,walking
146726180846535,-0.573,-9.706051,-1.2280501,0.014025,0.0187,0.0023375,-21.150002,15.95625,37.706253,walking
146726200849771,-0.59895,-9.688951,-1.23,0.0119624995,-0.0100375,0.0034375,-21.150002,15.975,37.631252,walking
146726220582825,-0.64305,-9.706051,-1.24695,0.0034375,-0.006875,1.375E-4,-21.150002,15.975,37.59375,walking
146726240646992,-0.62100005,-9.723001,-1.2250501,0.0055,0.0144375,-0.0050875,-21.150002,15.975,37.55625,walking
146726260698791,-0.573,-9.703051,-1.27995,0.0119624995,0.010175,-0.0061875,-21.150002,15.975,37.537502,walking
146726280737720,-0.56805,-9.684,-1.2349501,0.014025,5.5E-4,-0.003025,-21.150002,15.975,37.518753,walking
146726300775908,-0.60405004,-9.724951,-1.2420001,0.0055,-0.0037125,0.0023375,-21.13125,15.95625,37.537502,walking
146726320800826,-0.57600003,-9.747001,-1.2349501,-0.0039875,-0.0154,1.375E-4,-21.13125,15.937501,37.537502,walking
146726340825731,-0.537,-9.780001,-1.17495,-0.001925,-0.0026125,-8.25E-4,-21.13125,15.937501,37.537502,walking
146726360839059,-0.549,-9.694051,-1.182,0.015125,-4.125E-4,-0.0050875,-21.13125,15.95625,37.518753,walking
146726380843080,-0.60195005,-9.64605,-1.263,0.0182875,0.0059125,-0.0083875,-21.150002,15.95625,37.55625,walking
146726400851281,-0.588,-9.712951,-1.263,0.0034375,0.0209,-0.0050875,-21.150002,15.975,37.575,walking
146726420851805,-0.55905,-9.759001,-1.19595,0.0055,0.0059125,0.0012375,-21.16875,16.0125,37.537502,walking
146726440846519,-0.54195005,-9.759001,-1.13205,0.0171875,-0.0100375,0.0012375,-21.1875,16.050001,37.518753,walking
146726460848358,-0.55905,-9.688951,-1.1389501,0.012925,0.009075,-8.25E-4,-21.16875,16.06875,37.537502,walking
146726480844906,-0.633,-9.64605,-1.2540001,0.0108624995,0.0155375,1.375E-4,-21.16875,16.087502,37.5,walking
146726500837435,-0.65205,-9.708,-1.251,0.0097624995,-0.0015125,-0.004125,-21.16875,16.087502,37.55625,walking
146726520838511,-0.59205,-9.77295,-1.1389501,0.014025,0.0048125,-0.0061875,-21.16875,16.087502,37.575,walking
146726540835155,-0.57795,-9.724951,-1.19895,0.016224999,0.0176,-0.0072875,-21.16875,16.087502,37.612503,walking
146726560828366,-0.64500004,-9.62205,-1.2750001,0.0066,0.0218625,-0.003025,-21.150002,16.087502,37.631252,walking
146726580830356,-0.63795,-9.667951,-1.2250501,-0.001925,0.0081124995,0.0034375,-21.13125,16.06875,37.612503,walking
146726600828016,-0.597,-9.76095,-1.19895,0.0012375,-0.0100375,0.0023375,-21.150002,16.06875,37.59375,walking
146726620558709,-0.597,-9.76305,-1.1890501,0.0034375,-0.007975,-8.25E-4,-21.150002,16.087502,37.537502,walking
146726640622857,-0.609,-9.712951,-1.2349501,0.014025,-4.125E-4,-0.0072875,-21.16875,16.087502,37.55625,walking
146726660676087,-0.64695,-9.696,-1.2780001,0.016224999,0.0218625,-0.00935,-21.16875,16.10625,37.55625,walking
146726680728492,-0.58995,-9.699,-1.19595,0.012925,0.0240625,-0.004125,-21.1875,16.125,37.537502,walking
146726700766508,-0.58500004,-9.687,-1.16505,0.0055,-4.125E-4,-8.25E-4,-21.16875,16.125,37.5,walking
146726720791661,-0.55605,-9.75105,-1.1149501,0.0066,-4.125E-4,1.375E-4,-21.16875,16.125,37.518753,walking
146726740816926,-0.51600003,-9.7560005,-1.1340001,0.0119624995,5.5E-4,-0.0061875,-21.16875,16.10625,37.518753,walking
146726760830705,-0.56595004,-9.699,-1.21095,0.015125,0.0048125,-0.0083875,-21.150002,16.087502,37.518753,walking
146726780835157,-0.56100005,-9.715051,-1.2079501,0.0097624995,0.0176,-0.00935,-21.16875,16.10625,37.5,walking
146726800843731,-0.58005005,-9.706051,-1.2060001,0.0034375,0.0209,-0.0050875,-21.150002,16.087502,37.537502,walking
146726820844540,-0.52305,-9.712951,-1.16295,0.0055,0.0166375,-0.001925,-21.16875,16.087502,37.59375,walking
146726840839611,-0.54,-9.727051,-1.11705,0.0045375,-0.0026125,-8.25E-4,-21.16875,16.10625,37.59375,walking
146726860841800,-0.564,-9.74895,-1.146,0.0086624995,-0.0100375,1.375E-4,-21.16875,16.10625,37.59375,walking
146726880838573,-0.588,-9.76095,-1.2079501,0.0097624995,-0.004675,-0.003025,-21.1875,16.10625,37.575,walking
146726900842614,-0.62595004,-9.706051,-1.1920501,0.0066,0.0229625,-0.0083875,-21.1875,16.143751,37.575,walking
146726920841139,-0.59205,-9.688951,-1.1890501,0.0066,0.0314875,-0.0072875,-21.225,16.143751,37.55625,walking
146726940835454,-0.57105005,-9.675,-1.1509501,0.0086624995,0.011275,0.0012375,-21.225,16.1625,37.518753,walking
146726960837905,-0.59205,-9.699,-1.1530501,0.0055,0.009075,0.0066,-21.225,16.1625,37.48125,walking
146726980835689,-0.56595004,-9.739051,-1.1580001,0.012925,0.0176,0.0044,-21.206251,16.143751,37.40625,walking
146727000829751,-0.62595004,-9.736951,-1.1920501,0.0119624995,0.0209,0.0034375,-21.1875,16.143751,37.3875,walking
146727020568904,-0.65895003,-9.691051,-1.1560501,0.015125,0.00165,-0.004125,-21.206251,16.125,37.3875,walking
146727040628289,-0.64005005,-9.684,-1.1770501,0.0012375,-0.0132,-0.01155,-21.1875,16.10625,37.3875,walking
146727060677561,-0.59505004,-9.708,-1.1370001,-0.003025,-4.125E-4,-0.01155,-21.206251,16.087502,37.350002,walking
146727080724707,-0.50595003,-9.74205,-1.1220001,2.75E-4,0.00385,-0.0072875,-21.206251,16.10625,37.36875,walking
146727100761024,-0.49695003,-9.7560005,-1.1200501,0.0045375,0.00275,0.0023375,-21.225,16.125,37.3125,walking
146727120796280,-0.50100005,-9.747001,-1.1410501,0.0097624995,0.0081124995,0.0044,-21.243752,16.125,37.3125,walking
146727140818288,-0.53505003,-9.73005,-1.2040501,0.0045375,0.012375,0.0023375,-21.2625,16.125,37.3125,walking
146727160829467,-0.57105005,-9.715051,-1.1869501,2.75E-4,0.00385,-8.25E-4,-21.2625,16.10625,37.29375,walking
146727180841000,-0.59505004,-9.703051,-1.14405,-0.0061875,-0.0015125,1.375E-4,-21.28125,16.10625,37.256252,walking
146727200845906,-0.60195005,-9.691051,-1.125,-0.0061875,-0.006875,-0.004125,-21.28125,16.10625,37.237503,walking
146727220580337,-0.55905,-9.75405,-1.1530501,-8.25E-4,-0.0100375,-0.0083875,-21.28125,16.10625,37.21875,walking
146727240645687,-0.54405004,-9.7900505,-1.1340001,0.0045375,-0.0037125,-0.004125,-21.2625,16.10625,37.18125,walking
146727260698327,-0.51105005,-9.768001,-1.12905,0.0045375,0.00385,1.375E-4,-21.28125,16.087502,37.162502,walking
146727280735682,-0.50595003,-9.708,-1.1220001,0.0045375,0.00165,0.0012375,-21.28125,16.10625,37.125,walking
146727300774749,-0.49395,-9.711,-1.09605,0.0066,0.0070125,0.0023375,-21.300001,16.125,37.125,walking
146727320800336,-0.55395,-9.703051,-1.11705,0.0055,0.0166375,0.0012375,-21.31875,16.143751,37.068752,walking
146727340825682,-0.63105005,-9.699,-1.1700001,-0.001925,0.012375,0.0044,-21.31875,16.143751,37.0875,walking
146727360839306,-0.61605,-9.694051,-1.1719501,-0.00825,0.0070125,0.0055,-21.31875,16.143751,37.068752,walking
146727380841445,-0.57105005,-9.735001,-1.1410501,-0.013612499,0.0059125,0.0077,-21.337502,16.1625,37.068752,walking
146727400850150,-0.57795,-9.74205,-1.161,-0.0125124995,-0.004675,0.011825,-21.35625,16.143751,37.0875,walking
146727420587573,-0.58500004,-9.744,-1.1839501,-0.00825,-0.0165,0.0055,-21.337502,16.143751,37.050003,walking
146727440643892,-0.58005005,-9.75405,-1.1719501,0.0012375,-0.0143,1.375E-4,-21.35625,16.143751,37.050003,walking
146727460700744,-0.54195005,-9.736951,-1.1719501,0.0077,0.009075,-0.0061875,-21.35625,16.143751,37.0875,walking
146727480741720,-0.53505003,-9.687,-1.146,0.0023375,0.0229625,-0.0083875,-21.35625,16.143751,37.10625,walking
146727500772140,-0.513,-9.703051,-1.1080501,-0.0039875,0.00385,0.0012375,-21.35625,16.125,37.10625,walking
146727520802332,-0.513,-9.732,-1.077,0.0012375,-0.023924999,0.0077,-21.35625,16.125,37.0875,walking
146727540820159,-0.51105005,-9.732,-1.09095,2.75E-4,-0.0196625,0.0066,-21.375,16.125,37.0875,walking
146727560827966,-0.54705,-9.7560005,-1.1509501,-8.25E-4,-0.0026125,1.375E-4,-21.375,16.143751,37.068752,walking
146727580836822,-0.60405004,-9.736951,-1.18005,0.0034375,-0.0026125,-0.0050875,-21.375,16.1625,37.0875,walking
146727600840126,-0.609,-9.699,-1.14405,0.0034375,-0.0037125,-0.0061875,-21.393751,16.1625,37.0875,walking
146727620573455,-0.55605,-9.71805,-1.146,-0.00935,-0.006875,-0.0050875,-21.375,16.1625,37.050003,walking
146727640638203,-0.55395,-9.688951,-1.1869501,-0.014712499,-0.0143,0.0034375,-21.375,16.143751,37.050003,walking
146727660690527,-0.56805,-9.700951,-1.1370001,-0.0125124995,-0.0174625,0.0097624995,-21.375,16.1625,37.03125,walking
146727680739073,-0.597,-9.76095,-1.1560501,-0.00825,5.5E-4,0.0055,-21.375,16.143751,37.03125,walking
146727700775616,-0.62100005,-9.75405,-1.2199501,-0.001925,0.0187,0.0012375,-21.35625,16.125,37.050003,walking
146727720799118,-0.65205,-9.703051,-1.2589501,-8.25E-4,0.0187,-8.25E-4,-21.35625,16.125,37.0125,walking
146727740822809,-0.67800003,-9.682051,-1.19595,-0.0039875,0.0048125,0.0012375,-21.35625,16.125,37.0125,walking
146727760835044,-0.588,-9.706051,-1.1410501,-0.01045,-0.0100375,0.0012375,-21.35625,16.143751,36.99375,walking
146727780847245,-0.54405004,-9.727051,-1.13205,-0.0125124995,-0.007975,0.0012375,-21.375,16.143751,37.0125,walking
146727800852648,-0.53205,-9.736951,-1.1080501,-0.0050875,-0.007975,0.0012375,-21.375,16.1625,37.050003,walking
146727820587308,-0.56100005,-9.732,-1.1560501,-0.003025,0.0048125,0.0034375,-21.35625,16.181252,37.10625,walking
146727840641437,-0.56805,-9.723001,-1.16505,0.0055,0.012375,-8.25E-4,-21.393751,16.181252,37.143753,walking
146727860696720,-0.52500004,-9.711,-1.1410501,0.0034375,-0.007975,-0.003025,-21.375,16.181252,37.125,walking
146727880736242,-0.52995,-9.739051,-1.1029501,-0.013612499,-0.0185625,0.0044,-21.393751,16.181252,37.143753,walking
146727900777164,-0.54405004,-9.723001,-1.0890001,-0.0158125,-0.0207625,0.0108624995,-21.375,16.1625,37.143753,walking
146727920804184,-0.54705,-9.679951,-1.13205,-0.003025,-0.006875,0.0066,-21.393751,16.1625,37.10625,walking
146727940819438,-0.55200005,-9.696,-1.161,0.0023375,0.00385,0.0012375,-21.393751,16.1625,37.068752,walking
146727960836469,-0.62595004,-9.723001,-1.2199501,-0.001925,-0.0185625,-8.25E-4,-21.375,16.143751,37.10625,walking
146727980841214,-0.62595004,-9.74205,-1.1839501,-0.018975,-0.0452375,-0.004125,-21.375,16.1625,37.10625,walking
146728000841042,-0.49395,-9.76605,-1.09605,-0.016775,-0.0430375,-0.013612499,-21.35625,16.1625,37.125,walking
146728020582951,-0.46800002,-9.712951,-1.1220001,-0.0061875,-0.0259875,-0.0158125,-21.35625,16.181252,37.125,walking
146728040640257,-0.49395,-9.706051,-1.1920501,0.0023375,0.00165,-0.0083875,-21.35625,16.181252,37.162502,walking
146728060698530,-0.52500004,-9.73005,-1.2349501,2.75E-4,0.0081124995,-8.25E-4,-21.35625,16.1625,37.125,walking
146728080742270,-0.49695003,-9.76305,-1.194,-0.003025,-0.0111375,0.0012375,-21.337502,16.1625,37.125,walking
146728100775110,-0.537,-9.7560005,-1.146,-0.0061875,-0.0154,0.0012375,-21.31875,16.1625,37.143753,walking
146728120807054,-0.657,-9.688951,-1.1770501,-0.0072875,-0.0037125,1.375E-4,-21.31875,16.1625,37.162502,walking
146728140814877,-0.74805003,-9.64605,-1.266,-0.0072875,0.00165,1.375E-4,-21.31875,16.143751,37.18125,walking
146728160826105,-0.726,-9.67695,-1.266,0.0012375,0.0133375,0.0012375,-21.31875,16.125,37.2,walking
146728180837757,-0.67605,-9.711,-1.24695,-8.25E-4,0.0133375,0.0066,-21.300001,16.10625,37.237503,walking
146728200843182,-0.67095006,-9.72,-1.23705,-0.0039875,0.0059125,0.0055,-21.28125,16.087502,37.21875,walking
146728220578171,-0.62295,-9.7560005,-1.21605,-0.0158125,0.0070125,-8.25E-4,-21.300001,16.087502,37.256252,walking
146728240630367,-0.61605,-9.691051,-1.2060001,-0.01155,0.0059125,-0.003025,-21.300001,16.10625,37.29375,walking
146728260686511,-0.61905,-9.658051,-1.2400501,-8.25E-4,0.0048125,-8.25E-4,-21.31875,16.10625,37.29375,walking
146728280738210,-0.58995,-9.696,-1.2400501,0.0077,0.0059125,1.375E-4,-21.31875,16.10625,37.331253,walking
146728300777296,-0.537,-9.76605,-1.2280501,0.0045375,0.012375,-0.001925,-21.31875,16.10625,37.36875,walking
146728320802702,-0.51105005,-9.771001,-1.18005,-0.0039875,0.0133375,-0.001925,-21.31875,16.087502,37.36875,walking
146728340827875,-0.54,-9.700951,-1.1220001,-0.0072875,-0.0037125,-0.003025,-21.300001,16.087502,37.3875,walking
146728360841135,-0.56100005,-9.663,-1.13205,-0.00935,-0.005775,-8.25E-4,-21.300001,16.087502,37.40625,walking
146728380842583,-0.54405004,-9.708,-1.16505,2.75E-4,-0.004675,-8.25E-4,-21.28125,16.087502,37.3875,walking
146728400839788,-0.54,-9.724951,-1.218,0.0066,-0.0100375,-0.0050875,-21.2625,16.06875,37.40625,walking
146728420579572,-0.52500004,-9.768001,-1.1580001,0.0097624995,-0.006875,-0.0061875,-21.2625,16.050001,37.331253,walking
146728440635641,-0.549,-9.72,-1.18005,0.0012375,-0.0037125,-0.00935,-21.243752,16.03125,37.36875,walking
146728460694858,-0.56100005,-9.688951,-1.1839501,-0.0061875,-4.125E-4,-0.0050875,-21.243752,16.03125,37.3875,walking
146728480737707,-0.564,-9.723001,-1.1370001,-0.0072875,-0.0132,-0.004125,-21.243752,16.03125,37.36875,walking
146728500769673,-0.57105005,-9.71805,-1.146,-0.00935,-0.0132,0.0023375,-21.243752,16.050001,37.40625,walking
146728520801028,-0.55200005,-9.724951,-1.1869501,-0.0039875,-4.125E-4,0.0044,-21.225,16.03125,37.5,walking
146728540819707,-0.60195005,-9.723001,-1.266,0.014025,0.029424999,0.0012375,-21.225,16.0125,37.537502,walking
146728560828026,-0.63795,-9.675,-1.24695,0.0182875,0.0528,0.0044,-21.243752,16.03125,37.55625,walking
146728580837393,-0.693,-9.679951,-1.263,0.0097624995,0.0251625,0.0055,-21.243752,16.0125,37.575,walking
146728600840867,-0.70995003,-9.691051,-1.2079501,-0.01045,-0.0037125,0.0086624995,-21.243752,15.993751,37.537502,walking
146728620574422,-0.61605,-9.739051,-1.1149501,-0.01045,-0.0174625,0.0055,-21.2625,15.993751,37.537502,walking
146728640625151,-0.564,-9.74895,-1.1700001,-0.0039875,0.00385,-0.003025,-21.243752,15.993751,37.5,walking
146728660680680,-0.55605,-9.712951,-1.194,0.0023375,0.0144375,-0.0050875,-21.243752,15.993751,37.537502,walking
146728680732062,-0.53505003,-9.699,-1.299,0.0055,-0.0037125,1.375E-4,-21.243752,16.0125,37.55625,walking
146728700770832,-0.52500004,-9.700951,-1.24395,0.0108624995,-0.0143,-0.003025,-21.2625,16.0125,37.537502,walking
146728720796046,-0.44895002,-9.700951,-1.1509501,0.0119624995,-4.125E-4,-0.0050875,-21.2625,16.03125,37.537502,walking
146728740821041,-0.47700003,-9.715051,-1.1560501,0.0119624995,0.0048125,-0.0072875,-21.2625,16.06875,37.518753,walking
146728760834303,-0.54195005,-9.712951,-1.13205,0.0066,-0.0089375,-0.0083875,-21.28125,16.087502,37.518753,walking
146728780835901,-0.54405004,-9.723001,-1.14405,0.0077,-0.022824999,-0.004125,-21.300001,16.10625,37.4625,walking
146728800844384,-0.53505003,-9.71805,-1.2040501,0.0108624995,-0.03135,-0.0072875,-21.300001,16.143751,37.425003,walking
146728820581692,-0.56100005,-9.706051,-1.21605,0.0077,-0.0292875,-0.021175,-21.300001,16.143751,37.40625,walking
146728840635622,-0.54,-9.727051,-1.2060001,-0.00825,-0.0259875,-0.0243375,-21.300001,16.125,37.40625,walking
146728860692954,-0.52995,-9.724951,-1.21095,-0.00935,-0.022824999,-0.020075,-21.28125,16.10625,37.443752,walking
146728880734004,-0.47505003,-9.739051,-1.19895,0.0034375,0.0070125,-0.0061875,-21.2625,16.10625,37.40625,walking
146728900764849,-0.50805,-9.71805,-1.2610501,0.016224999,0.036849998,0.0066,-21.28125,16.143751,37.36875,walking
146728920795360,-0.65205,-9.679951,-1.35,0.016224999,0.0507375,0.0182875,-21.28125,16.143751,37.3875,walking
146728940813481,-0.76695,-9.703051,-1.2870001,0.0182875,0.0570625,0.0182875,-21.300001,16.1625,37.36875,walking
146728960832725,-0.82695,-9.687,-1.2199501,0.015125,0.0496375,0.012925,-21.300001,16.143751,37.331253,walking
146728980839369,-0.80295,-9.651,-1.1700001,0.0077,0.0400125,0.0044,-21.31875,16.143751,37.3125,walking
146729000840432,-0.753,-9.700951,-1.19595,0.0055,0.034649998,0.0012375,-21.337502,16.143751,37.3125,walking
146729020583248,-0.65205,-9.706051,-1.194,0.0119624995,0.028324999,-0.003025,-21.337502,16.1625,37.3125,walking
146729040641244,-0.55200005,-9.711,-1.1700001,0.016224999,0.0155375,-0.0061875,-21.35625,16.1625,37.256252,walking
146729060690507,-0.48195,-9.759001,-1.1389501,0.0182875,5.5E-4,-0.001925,-21.337502,16.1625,37.3125,walking
146729080736502,-0.44400004,-9.76095,-1.12695,0.0097624995,-0.0452375,0.0034375,-21.337502,16.1625,37.29375,walking
146729100771268,-0.40995002,-9.72,-1.1029501,0.02145,-0.0334125,-0.0050875,-21.337502,16.143751,37.275,walking
146729120793401,-0.37905002,-9.684,-1.09095,0.0353375,0.0400125,-0.020075,-21.337502,16.143751,37.21875,walking
146729140813978,-0.46305,-9.675,-1.11,0.0257125,0.062425,-0.018975,-21.35625,16.1625,37.18125,walking
146729160826243,-0.52305,-9.703051,-1.1050501,0.0086624995,0.03795,-0.013612499,-21.35625,16.181252,37.125,walking
146729180838806,-0.44400004,-9.700951,-1.11,-0.0039875,0.036849998,0.0044,-21.375,16.2,37.10625,walking
146729200844609,-0.40800002,-9.712951,-1.2229501,0.0342375,0.0719125,0.02255,-21.393751,16.21875,37.143753,walking
146729220579714,-0.60705,-9.655951,-1.3570501,0.064075,0.1434125,0.0193875,-21.4125,16.21875,37.125,walking
146729240632105,-0.75705004,-9.663,-1.338,0.0375375,0.1901625,0.011825,-21.431252,16.21875,37.125,walking
146729260688008,-0.82005006,-9.682051,-1.2919501,-0.0061875,0.13805,0.0193875,-21.45,16.237501,37.050003,walking
146729280728291,-0.80295,-9.712951,-1.1370001,0.0012375,0.0592625,0.032175,-21.46875,16.237501,37.03125,walking
146729300724790,-0.73095006,-9.712951,-1.065,0.015125,0.03795,0.0385,-21.487501,16.237501,36.99375,walking
146729320695272,-0.72900003,-9.759001,-1.24695,0.0353375,0.03795,0.0182875,-21.50625,16.21875,37.0125,walking
146729340632353,-0.79605,-9.8230505,-1.2900001,0.032175,0.0209,-0.01155,-21.525002,16.2,36.99375,walking
146729360549444,-0.69495004,-9.8539505,-1.05795,0.015125,-0.0111375,-0.0306625,-21.525002,16.181252,36.99375,walking
146729380459697,-0.36195,-9.735001,-0.91905004,-0.0050875,-0.0185625,-0.0339625,-21.5625,16.2,36.956253,walking
146729400359223,-0.135,-9.658051,-0.97395,0.0086624995,0.00165,-0.0297,-21.581251,16.181252,36.975002,walking
146729420233552,-0.135,-9.74895,-1.02195,0.0268125,0.011275,-0.0264,-21.6,16.2,36.9375,walking
146729440140974,-0.37005,-9.868951,-1.1340001,0.032175,0.0144375,-0.0297,-21.6375,16.21875,36.9,walking
146729460087680,-0.64500004,-9.780001,-1.17495,0.033275,0.0155375,-0.0424875,-21.675001,16.237501,36.881252,walking
146729480120310,-0.78900003,-9.65295,-1.1719501,0.0023375,0.0209,-0.043449998,-21.69375,16.21875,36.862503,walking
146729500117369,-0.82905006,-9.684,-1.08105,-0.0636625,0.00165,-0.0297,-21.73125,16.21875,36.825,walking
146729520095244,-0.76005006,-9.871051,-1.1080501,-0.088275,-0.0782375,-0.004125,-21.73125,16.2,36.80625,walking
146729540079427,-0.61395,-9.876,-1.125,-0.04235,-0.1368125,0.0097624995,-21.73125,16.181252,36.80625,walking
146729560068045,-0.537,-9.694051,-1.1890501,-8.25E-4,-0.142175,-0.0264,-21.75,16.181252,36.80625,walking
146729580070817,-0.50805,-9.579,-1.2589501,2.75E-4,-0.1197625,-0.07755,-21.768751,16.21875,36.84375,walking
146729600072592,-0.504,-9.655951,-1.0860001,-0.01155,-0.117699996,-0.1010625,-21.768751,16.237501,36.80625,walking
146729620072516,-0.32205,-9.816001,-0.73200005,-0.0039875,-0.158125,-0.1010625,-21.806252,16.237501,36.80625,walking
146729640133477,0.01695,-9.871051,-0.70305,0.0204875,-0.1123375,-0.104225,-21.825,16.25625,36.825,walking
146729660144020,0.120000005,-9.715051,-0.90000004,0.0375375,0.0187,-0.0903375,-21.88125,16.237501,36.80625,walking
146729680404527,-0.27600002,-9.615001,-1.125,0.0438625,0.1199,-0.0391875,-21.900002,16.21875,36.768753,walking
146729700351128,-0.73095006,-9.58905,-1.1560501,0.0279125,0.2105125,0.02365,-21.9375,16.237501,36.73125,walking
146729720327152,-0.86805004,-9.547951,-1.1010001,0.0204875,0.2850375,0.0672375,-21.956251,16.237501,36.75,walking
146729740278620,-1.0020001,-9.562051,-1.251,0.0045375,0.3031875,0.100375,-21.975,16.237501,36.7125,walking
146729760486121,-1.31505,-9.64095,-1.266,0.0045375,0.230725,0.1183875,-22.0125,16.21875,36.675003,walking
146729780764142,-1.473,-9.7900505,-1.27995,0.0012375,0.122099996,0.1109625,-22.03125,16.2,36.73125,walking
146729800854042,-1.23195,-9.945001,-1.3110001,0.0034375,0.0677875,0.0757625,-22.050001,16.181252,36.675003,walking
146729820641746,-0.76905006,-9.864,-1.2900001,0.0034375,0.0815375,0.029975,-22.06875,16.181252,36.65625,walking
146729840725107,-0.31005,-9.63405,-1.1530501,0.0023375,0.094325,0.0055,-22.087502,16.2,36.581253,walking
146729860792083,0.08400001,-9.522,-0.9670501,0.047025,0.0677875,0.0097624995,-22.125,16.2,36.600002,walking
146729880833856,0.43395,-9.715051,-0.85605,0.1216875,0.061325,-0.001925,-22.1625,16.2,36.581253,walking
146729900866495,0.56100005,-9.909,-0.81105006,0.134475,0.1060125,-0.0424875,-22.181252,16.2,36.581253,walking
146729920645540,0.38595003,-9.873,-0.83205,0.05555,0.0922625,-0.0647625,-22.2,16.2,36.506252,walking
146729940701776,0.043950003,-9.84195,-0.78195006,-0.0391875,-0.054725,-0.071225,-22.21875,16.2,36.506252,walking
146729960754040,0.0,-9.79695,-0.72705,-0.0966625,-0.21133749,-0.04675,-22.237501,16.181252,36.46875,walking
146729980789869,0.13695,-9.77805,-1.0309501,-0.1233375,-0.242275,-0.014712499,-22.237501,16.1625,36.487503,walking
146730000606134,-0.034050003,-9.780001,-1.5000001,-0.084975,-0.2061125,1.375E-4,-22.237501,16.143751,36.525,walking
146730020411982,-0.52500004,-9.79395,-1.67295,-8.25E-4,-0.1346125,0.0077,-22.237501,16.143751,36.581253,walking
146730040525931,-0.87000006,-9.79905,-1.46895,0.0418,0.00385,0.0160875,-22.25625,16.143751,36.581253,walking
146730060617760,-1.0519501,-9.688951,-1.31895,0.033275,0.0922625,0.0193875,-22.275002,16.125,36.581253,walking
146730080698831,-0.94395006,-9.67695,-1.0860001,0.0268125,0.045375,0.015125,-22.29375,16.143751,36.525,walking
146730100756847,-0.80295,-9.79695,-0.76305,-0.01155,-0.0015125,0.014025,-22.3125,16.143751,36.525,walking
146730120806151,-0.76005006,-9.735001,-0.81600004,-0.018975,-0.0132,1.375E-4,-22.331251,16.1625,36.54375,walking
146730140836257,-0.80805004,-9.45195,-1.2079501,-0.014712499,-0.004675,-0.021175,-22.331251,16.181252,36.5625,walking
146730160850979,-0.77400005,-9.55305,-1.2199501,-0.00825,-0.0154,-0.0254375,-22.35,16.181252,36.581253,walking
146730180865175,-0.51795,-9.76095,-1.182,0.0257125,-0.023924999,-0.0158125,-22.368752,16.1625,36.5625,walking
146730200868337,-0.216,-9.897,-1.1530501,0.0418,0.0240625,-0.0083875,-22.40625,16.1625,36.525,walking
146730220599757,-0.079950005,-9.89295,-1.04295,0.0375375,0.1082125,0.0012375,-22.425001,16.143751,36.506252,walking
146730240661700,-0.28800002,-9.675,-0.97605,0.033275,0.1326875,0.014025,-22.462502,16.143751,36.46875,walking
146730260710875,-0.58005005,-9.627001,-0.88305,0.029975,0.1082125,0.02255,-22.462502,16.1625,36.45,walking
146730280747214,-0.78105,-9.639001,-0.81795,0.0342375,0.0752125,0.0171875,-22.5,16.181252,36.487503,walking
146730300783024,-0.89895004,-9.670051,-1.005,0.0438625,0.055,-0.01265,-22.518751,16.2,36.46875,walking
146730320805843,-0.96105003,-9.696,-1.1029501,0.02255,0.0741125,-0.038225,-22.5375,16.2,36.45,walking
146730340829061,-0.79095006,-9.72,-1.077,-0.0039875,0.096525,-0.0424875,-22.556252,16.2,36.412502,walking
146730360841025,-0.59505004,-9.691051,-1.0720501,0.016224999,0.095425,-0.0402875,-22.575,16.21875,36.45,walking
146730380844011,-0.40995002,-9.780001,-1.062,0.02365,0.0719125,-0.0317625,-22.612501,16.21875,36.375,walking
146730400851463,-0.39600003,-9.84,-1.1530501,0.0066,0.0336875,-0.018975,-22.612501,16.21875,36.375,walking
146730420587999,-0.55395,-9.80895,-1.2919501,-0.0295625,-0.0165,-0.01155,-22.63125,16.237501,36.35625,walking
146730440643763,-0.56100005,-9.75105,-1.16505,-0.0488125,-0.0856625,-0.0083875,-22.63125,16.21875,36.375,walking
146730460700238,-0.39600003,-9.712951,-1.077,-0.051975,-0.1720125,-0.0221375,-22.63125,16.2,36.3375,walking
146730480743053,-0.19695,-9.76605,-1.1560501,-0.0562375,-0.226325,-0.04675,-22.59375,16.181252,36.3375,walking
146730500772916,-0.00795,-9.81105,-1.2199501,-0.033825,-0.19965,-0.0732875,-22.59375,16.181252,36.3375,walking
146730520802698,0.048,-9.847051,-1.1509501,-8.25E-4,-0.159225,-0.095699996,-22.612501,16.2,36.35625,walking
146730540820278,0.21105,-9.90705,-0.97395,0.0257125,-0.1144,-0.0946,-22.63125,16.237501,36.3375,walking
146730560827864,0.32595003,-9.80895,-0.84405005,0.029975,-0.0803,-0.0658625,-22.650002,16.25625,36.35625,walking
146730580839031,0.25695002,-9.663,-0.80100006,0.0353375,-0.025024999,-0.01045,-22.66875,16.275002,36.318752,walking
146730600841792,0.01995,-9.61005,-0.77505004,0.032175,0.061325,0.0364375,-22.6875,16.29375,36.300003,walking
146730620585814,-0.32205,-9.694051,-0.753,0.0385,0.0911625,0.045925,-22.706251,16.29375,36.24375,walking
146730640647513,-0.69000006,-9.64605,-0.86805004,0.0407,0.0741125,0.032175,-22.706251,16.3125,36.24375,walking
146730660697188,-0.966,-9.667951,-0.94995004,0.029975,0.0528,0.0066,-22.725,16.331251,36.206253,walking
146730680745664,-1.11405,-9.724951,-1.12905,0.0193875,0.076175,-0.0221375,-22.7625,16.35,36.24375,walking
146730700779934,-0.96795005,-9.768001,-1.21095,0.0119624995,0.1230625,-0.0328625,-22.78125,16.368752,36.24375,walking
146730720801571,-0.73800004,-9.699,-1.1770501,0.014025,0.1145375,-0.013612499,-22.800001,16.3875,36.206253,walking
146730740823951,-0.657,-9.667951,-1.2079501,-0.0050875,0.0719125,0.0279125,-22.837502,16.3875,36.1875,walking
146730760835190,-0.54705,-9.73005,-1.2199501,-0.0264,0.0303875,0.0523875,-22.85625,16.40625,36.131252,walking
146730780837823,-0.48000002,-9.727051,-1.2079501,-0.0306625,-0.037675,0.0449625,-22.875,16.40625,36.112503,walking
146730800845077,-0.54705,-9.759001,-1.11705,-0.0210375,-0.0856625,0.0182875,-22.875,16.3875,36.131252,walking
146730820844944,-0.58305,-9.78195,-1.08405,-0.0125124995,-0.089925,-0.0243375,-22.875,16.3875,36.112503,walking
146730840839269,-0.38595003,-9.77505,-1.1530501,-0.0039875,-0.0697125,-0.0658625,-22.875,16.368752,36.131252,walking
146730860840952,-0.034050003,-9.861,-1.05495,0.02255,-0.055825,-0.0903375,-22.875,16.35,36.112503,walking
146730880837531,0.20205002,-9.864,-0.89505005,0.049225,-0.0803,-0.1084875,-22.837502,16.3125,36.16875,walking
146730900841448,0.35505003,-9.8209505,-0.83205,0.02145,-0.117699996,-0.1159125,-22.81875,16.3125,36.16875,walking
146730920840066,0.43395,-9.771001,-0.86100006,-0.020075,-0.18053749,-0.0946,-22.800001,16.3125,36.16875,walking
146730940834522,0.25395,-9.73005,-0.84000003,-0.00825,-0.1868625,-0.04455,-22.78125,16.275002,36.24375,walking
146730960837220,0.0,-9.712951,-0.88995004,0.0385,-0.056925,-0.0083875,-22.78125,16.275002,36.300003,walking
146730980835177,-0.216,-9.688951,-1.08405,0.0418,0.077275,0.0044,-22.78125,16.3125,36.318752,walking
146731000829386,-0.513,-9.72,-1.28295,0.0290125,0.0847,0.0246125,-22.78125,16.3125,36.3375,walking
146731020568544,-0.83895004,-9.688951,-1.1509501,0.02365,0.0474375,0.0331375,-22.800001,16.29375,36.393753,walking
146731040628031,-0.91995007,-9.60795,-1.09095,-0.001925,0.0837375,0.028875,-22.800001,16.3125,36.412502,walking
146731060677379,-0.82905006,-9.498,-1.2040501,-0.017875,0.112475,0.02365,-22.800001,16.3125,36.45,walking
146731080726847,-0.86295,-9.615001,-1.263,-0.018975,0.0592625,0.02365,-22.81875,16.3125,36.46875,walking
146731100762687,-0.81495005,-9.864,-1.0860001,-0.00935,-0.022824999,0.0246125,-22.81875,16.3125,36.525,walking
146731120797530,-0.55905,-9.95205,-1.113,0.0279125,-0.0600875,0.0268125,-22.800001,16.29375,36.5625,walking
146731140819114,-0.31905,-9.838051,-1.113,0.056649998,-0.0026125,0.0160875,-22.78125,16.275002,36.54375,walking
146731160829929,-0.22605,-9.658051,-0.88995004,0.0460625,0.0496375,-0.00935,-22.7625,16.25625,36.581253,walking
146731180843332,-0.15900001,-9.64605,-0.70995003,0.0257125,0.0059125,-0.0286,-22.7625,16.237501,36.581253,walking
146731200847593,0.0,-9.727051,-0.6,0.0097624995,-0.0473,-0.038225,-22.7625,16.21875,36.5625,walking
146731220581472,0.18705001,-9.816001,-0.71505004,-0.0221375,-0.0334125,-0.0297,-22.7625,16.21875,36.54375,walking
146731240646337,0.192,-9.792001,-0.95205003,-0.0232375,-0.004675,1.375E-4,-22.7625,16.2,36.54375,walking
146731260698628,-0.079950005,-9.74205,-1.08105,0.0023375,0.0240625,0.0268125,-22.743752,16.181252,36.581253,walking
146731280746678,-0.32700002,-9.804001,-1.026,0.048125,0.0655875,0.0342375,-22.743752,16.143751,36.600002,walking
146731300782966,-0.48900002,-9.865951,-1.098,0.0620125,0.077275,0.0268125,-22.725,16.125,36.581253,walking
146731320806180,-0.68805003,-9.852,-1.09095,0.033275,0.0655875,0.02035,-22.725,16.10625,36.6375,walking
146731340829708,-0.74805003,-9.768001,-0.90195006,0.0066,0.0422125,0.012925,-22.725,16.10625,36.581253,walking
146731360841753,-0.58305,-9.663,-0.81795,0.0045375,0.0559625,-0.0072875,-22.725,16.087502,36.581253,walking
146731380842256,-0.42705002,-9.61005,-0.87105006,-8.25E-4,0.0528,-0.018975,-22.725,16.06875,36.6375,walking
146731400850228,-0.39105,-9.67695,-1.02405,-0.01155,0.0198,-0.01155,-22.743752,16.06875,36.61875,walking
146731420587176,-0.372,-9.771001,-1.1149501,-0.0232375,0.0070125,0.0077,-22.743752,16.087502,36.6375,walking
146731440643271,-0.26895002,-9.832951,-1.09305,-0.00825,0.0240625,0.02255,-22.7625,16.087502,36.6375,walking
146731460700088,-0.264,-9.76095,-1.12695,0.033275,0.076175,0.02255,-22.78125,16.125,36.675003,walking
146731480740893,-0.44400004,-9.804001,-1.08405,0.0375375,0.1082125,-0.001925,-22.800001,16.143751,36.600002,walking
146731500771370,-0.57105005,-9.861,-1.01205,-0.0061875,0.0474375,-0.0221375,-22.837502,16.143751,36.61875,walking
146731520801664,-0.54405004,-9.78495,-0.90000004,-0.033825,-0.0515625,-0.0391875,-22.85625,16.143751,36.61875,walking
146731540819626,-0.35505003,-9.675,-0.777,-0.034925,-0.0793375,-0.0477125,-22.875,16.1625,36.5625,walking
146731560827507,-0.094050005,-9.732,-0.84000003,-0.003025,-0.0441375,-0.0510125,-22.875,16.181252,36.487503,walking
146731580836611,0.064950004,-9.89295,-1.014,-0.0039875,-0.005775,-0.04455,-22.875,16.1625,36.46875,walking
146731600839996,0.00795,-9.901951,-0.97605,-0.00935,-0.0174625,-0.017875,-22.85625,16.143751,36.43125,walking
146731620573464,-0.039,-9.79695,-0.90000004,0.0045375,-0.0495,0.011825,-22.875,16.1625,36.45,walking
146731640638194,-0.11100001,-9.64605,-0.82095003,0.02145,-0.0334125,0.0246125,-22.85625,16.1625,36.45,walking
146731660690533,-0.18495001,-9.62205,-0.85200006,0.0193875,0.012375,0.015125,-22.85625,16.143751,36.45,walking
146731680739064,-0.44595003,-9.62205,-0.92295,0.0034375,-0.0345125,-0.0061875,-22.875,16.1625,36.45,walking
146731700775593,-0.564,-9.77805,-0.76305,0.0012375,-0.122925,-0.021175,-22.875,16.181252,36.393753,walking
146731720799015,-0.303,-9.90495,-0.71295005,0.0086624995,-0.126225,-0.020075,-22.893751,16.2,36.393753,walking
146731740822633,0.0049500004,-9.792001,-0.84900004,0.0279125,-0.055825,-0.0169125,-22.9125,16.2,36.393753,walking
146731760834884,0.087000005,-9.648001,-0.99300003,0.02255,0.0422125,-8.25E-4,-22.9125,16.2,36.412502,walking
146731780847148,-0.09,-9.682051,-0.90000004,0.0055,0.088,0.032175,-22.931252,16.21875,36.45,walking
146731800852692,-0.303,-9.696,-0.91905004,0.0066,0.0889625,0.0598125,-22.95,16.237501,36.43125,walking
146731820587351,-0.48495004,-9.63195,-0.94305,0.0066,0.0804375,0.0609125,-22.931252,16.237501,36.46875,walking
146731840641572,-0.72195005,-9.703051,-1.04805,-0.0039875,0.0496375,0.0449625,-22.95,16.21875,36.46875,walking
146731860696782,-0.94905007,-9.89505,-1.18005,-0.0125124995,-0.0122375,0.0108624995,-22.95,16.21875,36.487503,walking
146731880736270,-0.91800004,-9.945001,-1.16295,-0.0253,-0.055825,-0.018975,-22.931252,16.237501,36.45,walking
146731900777165,-0.588,-9.768001,-1.1080501,-0.0221375,-0.054725,-0.036025,-22.931252,16.237501,36.506252,walking
146731920804234,-0.21900001,-9.660001,-1.1010001,-0.00935,-0.055825,-0.034925,-22.931252,16.237501,36.487503,walking
146731940819439,0.028950002,-9.739051,-0.98100007,-0.00825,-0.054725,-0.0286,-22.931252,16.21875,36.525,walking
146731960836344,0.17805001,-9.79395,-0.93105006,-0.01045,-0.0515625,-0.0243375,-22.931252,16.21875,36.54375,walking
146731980841461,0.112950005,-9.804001,-0.91905004,-0.014712499,-0.039875,-0.0232375,-22.931252,16.21875,36.54375,walking
146732000841222,-0.087000005,-9.804001,-0.90000004,-0.00825,-0.0259875,-0.0264,-22.893751,16.237501,36.54375,walking
146732020583109,-0.22395001,-9.828,-0.91605,0.0023375,-0.0207625,-0.018975,-22.893751,16.25625,36.5625,walking
146732040643028,-0.31695002,-9.8209505,-0.98595005,0.016224999,0.028324999,-0.00935,-22.875,16.25625,36.5625,walking
146732060691437,-0.36195,-9.79395,-1.00995,0.0204875,0.0666875,-0.003025,-22.875,16.25625,36.525,walking
146732080736890,-0.48705003,-9.703051,-1.00695,0.02255,0.026124999,0.0044,-22.85625,16.237501,36.581253,walking
146732100771181,-0.549,-9.66495,-0.90405005,0.012925,-0.0356125,0.0055,-22.81875,16.2,36.600002,walking
146732120804359,-0.46305,-9.627001,-0.85200006,-0.017875,-0.09955,-8.25E-4,-22.800001,16.2,36.61875,walking
146732140824432,-0.27105,-9.712951,-0.91200006,-0.0275,-0.1208625,-0.014712499,-22.800001,16.21875,36.6375,walking
146732160833768,-0.18,-9.79905,-0.90405005,-8.25E-4,-0.0803,-0.018975,-22.78125,16.21875,36.65625,walking
146732180843682,-0.10095,-9.78195,-0.95895004,0.033275,0.028324999,-0.0083875,-22.78125,16.21875,36.65625,walking
146732200847609,-0.08205,-9.66495,-1.08405,0.0385,0.0804375,0.0108624995,-22.78125,16.21875,36.675003,walking
146732220581391,-0.18495001,-9.682051,-1.04595,0.0257125,0.0655875,0.031075,-22.7625,16.21875,36.65625,walking
146732240646007,-0.37695003,-9.77295,-0.873,-0.003025,0.028324999,0.0449625,-22.7625,16.21875,36.65625,walking
146732260698179,-0.50805,-9.744,-0.81105006,0.0012375,0.0081124995,0.048125,-22.7625,16.237501,36.581253,walking
146732280746371,-0.597,-9.700951,-0.92595005,0.0204875,0.026124999,0.0449625,-22.743752,16.2,36.581253,walking
146732300782687,-0.62595004,-9.706051,-0.99105006,0.0353375,0.036849998,0.02035,-22.743752,16.2,36.581253,walking
146732320805806,-0.54705,-9.80895,-1.1010001,0.016224999,0.0422125,-0.0072875,-22.725,16.2,36.581253,walking
146732340818035,-0.34800002,-9.852,-0.98295003,0.0012375,0.0314875,-0.0243375,-22.725,16.2,36.61875,walking
146732360832776,-0.15195,-9.771001,-0.87105006,-0.014712499,0.0198,-0.017875,-22.725,16.21875,36.600002,walking
146732380835786,-0.04605,-9.684,-0.86595005,-0.0125124995,0.010175,-0.001925,-22.706251,16.2,36.581253,walking
146732400845739,-0.006,-9.744,-0.97905004,0.0055,0.0187,0.0044,-22.706251,16.2,36.600002,walking
146732420584312,-0.15705001,-9.838051,-1.0530001,0.014025,0.046475,0.0044,-22.706251,16.21875,36.600002,walking
146732440639469,-0.34995002,-9.8539505,-1.074,0.0012375,0.0474375,1.375E-4,-22.706251,16.237501,36.600002,walking
146732460697615,-0.528,-9.77295,-1.0720501,-0.013612499,0.0209,1.375E-4,-22.706251,16.237501,36.581253,walking
146732480739302,-0.52995,-9.723001,-0.95205003,2.75E-4,-4.125E-4,-0.00935,-22.725,16.237501,36.54375,walking
146732500770622,-0.43905002,-9.706051,-0.95505005,0.016224999,0.0155375,-0.021175,-22.725,16.237501,36.487503,walking
146732520801396,-0.39105,-9.744,-0.97905004,0.02145,0.0389125,-0.0317625,-22.725,16.25625,36.46875,walking
146732540819767,-0.41505003,-9.81105,-1.0000501,0.0077,0.0218625,-0.0275,-22.706251,16.25625,36.43125,walking
146732560827935,-0.35805002,-9.804001,-0.89205,-0.0039875,0.0198,-0.014712499,-22.725,16.25625,36.45,walking
146732580837039,-0.20895001,-9.74205,-0.82500005,-0.003025,0.0325875,-0.001925,-22.706251,16.275002,36.43125,walking
146732600681839,-0.16395001,-9.703051,-0.897,0.0055,0.0314875,0.0055,-22.743752,16.29375,36.43125,walking
146732620452137,-0.27600002,-9.736951,-0.94995004,0.0012375,0.0144375,0.0055,-22.7625,16.3125,36.45,walking
146732640536337,-0.40995002,-9.74895,-0.93105006,-0.0050875,-0.0196625,0.0023375,-22.78125,16.35,36.412502,walking
146732660619652,-0.40305,-9.768001,-0.91200006,0.0023375,-0.0430375,-0.001925,-22.800001,16.3875,36.412502,walking
146732680693221,-0.26895002,-9.78495,-0.84705,0.0108624995,-0.0473,-0.01155,-22.800001,16.40625,36.375,walking
146732700749319,-0.13995,-9.768001,-0.84705,0.014025,-0.0452375,-0.018975,-22.81875,16.425001,36.35625,walking
146732720787181,-0.08205,-9.732,-0.87795,0.0119624995,-0.0270875,-0.0169125,-22.81875,16.425001,36.3375,walking
146732740820850,-0.078,-9.732,-0.81795,0.0077,-0.007975,-0.004125,-22.81875,16.425001,36.3375,walking
146732760839598,-0.09900001,-9.699,-0.76500005,0.0034375,-0.0015125,0.0108624995,-22.837502,16.425001,36.3375,walking
146732780855568,-0.16605,-9.73005,-0.77505004,0.0086624995,-0.0037125,0.0193875,-22.837502,16.425001,36.300003,walking
146732800862702,-0.34095,-9.78705,-0.84195006,0.0171875,-0.0015125,0.015125,-22.85625,16.425001,36.300003,walking
146732820597651,-0.48900002,-9.78495,-0.957,0.0171875,0.0251625,0.0097624995,-22.875,16.425001,36.2625,walking
146732840648664,-0.55200005,-9.739051,-0.98805004,-0.0039875,0.0303875,0.0055,-22.875,16.425001,36.28125,walking
146732860703324,-0.54,-9.708,-0.99105006,-0.017875,0.0209,0.0044,-22.875,16.44375,36.318752,walking
146732880741817,-0.40095,-9.77505,-0.91395,-0.0243375,0.0176,0.0044,-22.893751,16.462502,36.2625,walking
146732900781750,-0.291,-9.79905,-0.93105006,-0.0243375,-0.007975,0.0066,-22.893751,16.48125,36.28125,walking
146732920807777,-0.264,-9.792001,-1.0380001,-0.013612499,-0.0089375,0.0023375,-22.893751,16.462502,36.28125,walking
146732940822113,-0.28095,-9.7560005,-1.0530001,0.0108624995,0.009075,-0.0061875,-22.893751,16.44375,36.24375,walking
146732960838254,-0.291,-9.747001,-1.04805,0.0279125,0.0198,-0.014712499,-22.9125,16.425001,36.206253,walking
146732980842394,-0.34605002,-9.736951,-0.96195006,0.0108624995,0.0314875,-0.0221375,-22.9125,16.40625,36.206253,walking
146733000841716,-0.324,-9.79905,-0.83505005,0.0077,0.036849998,-0.0232375,-22.9125,16.3875,36.206253,walking
146733020583316,-0.26205,-9.828,-0.80100006,-0.001925,0.03575,-0.0232375,-22.9125,16.368752,36.225002,walking
146733040640663,-0.25905,-9.744,-0.78000003,-0.017875,0.0422125,-0.0169125,-22.931252,16.3875,36.206253,walking
146733060689520,-0.252,-9.74205,-0.91395,-0.01155,0.0229625,-0.0061875,-22.931252,16.3875,36.225002,walking
146733080735339,-0.33600003,-9.802051,-1.00995,-0.01155,-4.125E-4,0.014025,-22.931252,16.40625,36.28125,walking
146733100770042,-0.37695003,-9.8209505,-0.99300003,-0.00825,0.0081124995,0.02255,-22.931252,16.3875,36.300003,walking
146733120792251,-0.42705002,-9.711,-1.09605,-0.0061875,0.012375,0.0182875,-22.931252,16.40625,36.318752,walking
146733140815145,-0.453,-9.691051,-1.0380001,-8.25E-4,-0.0037125,0.0023375,-22.95,16.3875,36.3375,walking
146733160827068,-0.44895002,-9.699,-0.897,0.0023375,-0.022824999,-0.0072875,-22.95,16.40625,36.28125,walking
146733180839094,-0.29505002,-9.694051,-0.88500005,0.0204875,-0.0697125,-0.018975,-22.95,16.368752,36.28125,walking
146733200844732,-0.09,-9.75105,-0.84000003,0.0108624995,-0.0771375,-0.0339625,-22.95,16.35,36.300003,walking
146733220579605,0.063,-9.8209505,-0.80100006,0.0034375,-0.0292875,-0.018975,-22.931252,16.3125,36.28125,walking
146733240631517,0.132,-9.852,-0.78495,0.02365,0.0081124995,0.0023375,-22.9125,16.275002,36.28125,walking
146733260687584,0.076950006,-9.75105,-0.76995003,0.02475,0.011275,0.02035,-22.931252,16.25625,36.28125,walking
146733280739097,-0.10095,-9.670051,-0.79905003,0.0097624995,0.009075,0.0331375,-22.931252,16.237501,36.318752,walking
146733300777995,-0.44400004,-9.64605,-0.96900004,-0.01155,0.0251625,0.0438625,-22.931252,16.25625,36.300003,walking
146733320803265,-0.64005005,-9.723001,-0.88995004,-0.00935,0.034649998,0.045925,-22.95,16.275002,36.28125,walking
146733340828224,-0.61905,-9.7900505,-0.87105006,0.0012375,0.036849998,0.02365,-22.95,16.275002,36.300003,walking
146733360841344,-0.58005005,-9.832951,-0.97095007,0.0023375,0.028324999,1.375E-4,-22.96875,16.275002,36.300003,walking
146733380842674,-0.60405004,-9.78705,-1.077,-0.00935,-0.0026125,-0.0050875,-22.95,16.275002,36.318752,walking
146733400839770,-0.54405004,-9.76095,-0.99300003,-0.0072875,-0.0281875,-0.0050875,-22.931252,16.25625,36.300003,walking
146733420579672,-0.24795002,-9.747001,-0.88005006,0.0023375,-0.032449998,-0.0083875,-22.95,16.237501,36.300003,walking
146733440635713,-0.015000001,-9.74895,-0.88995004,0.0034375,-0.0259875,-0.017875,-22.931252,16.237501,36.300003,walking
146733460694947,-0.049050003,-9.78705,-0.96195006,-0.00935,0.0081124995,-0.021175,-22.95,16.21875,36.28125,walking
146733480737622,-0.14205001,-9.816001,-0.94695,-0.0221375,0.0336875,-0.0050875,-22.95,16.21875,36.3375,walking
146733500769616,-0.16605,-9.77805,-0.92595005,-0.016775,0.044275,0.0034375,-22.96875,16.237501,36.3375,walking
146733520800916,-0.18495001,-9.77505,-0.93495005,-0.0158125,0.00385,0.0044,-22.96875,16.25625,36.318752,walking
146733540817393,-0.33405003,-9.75105,-0.99105006,-0.00825,-0.0292875,0.0034375,-22.987501,16.29375,36.300003,walking
146733560826264,-0.46800002,-9.814051,-1.0360501,0.0108624995,-0.006875,-0.003025,-22.987501,16.29375,36.28125,walking
146733580835866,-0.45795003,-9.864,-0.94500005,0.0290125,0.0251625,-0.00935,-22.987501,16.29375,36.300003,walking
146733600839808,-0.32700002,-9.75405,-0.89205,0.0182875,0.0166375,-0.013612499,-22.987501,16.29375,36.28125,walking
146733620573508,-0.20700002,-9.63195,-0.78705,-0.0072875,-0.0334125,-0.00935,-22.987501,16.275002,36.24375,walking
146733640624656,-0.16905001,-9.66495,-0.78705,-0.0264,-0.0856625,-0.003025,-22.96875,16.25625,36.28125,walking
146733660680356,-0.10395,-9.771001,-0.804,-0.020075,-0.06325,-0.001925,-22.96875,16.237501,36.2625,walking
146733680709241,-0.10395,-9.76305,-0.90405005,0.0023375,-0.0122375,-0.004125,-22.96875,16.237501,36.225002,walking
146733700697179,-0.23295002,-9.7560005,-1.0860001,0.0342375,0.027224999,1.375E-4,-22.96875,16.237501,36.206253,walking
146733720650225,-0.372,-9.75405,-1.0669501,0.033275,0.044275,0.0034375,-22.96875,16.237501,36.131252,walking
146733740585971,-0.37005,-9.724951,-1.01205,0.012925,0.036849998,0.0055,-22.96875,16.25625,36.112503,walking
146733760502811,-0.35295,-9.735001,-0.873,-0.013612499,-0.0089375,0.0077,-22.96875,16.25625,36.131252,walking
146733780413538,-0.42495003,-9.75105,-0.79200006,-0.036025,-0.0259875,0.0182875,-22.96875,16.29375,36.112503,walking
146733800314413,-0.45105,-9.771001,-0.81795,-0.037125,-0.0100375,0.028875,-22.96875,16.3125,36.15,walking
146733820201431,-0.441,-9.747001,-1.062,-0.0221375,5.5E-4,0.0279125,-22.96875,16.3125,36.112503,walking
146733840118647,-0.43695003,-9.74895,-1.07895,-0.0061875,0.010175,0.02255,-22.96875,16.331251,36.15,walking
146733860151632,-0.441,-9.744,-1.014,0.016224999,0.00165,0.014025,-22.95,16.3125,36.131252,walking
146733880117851,-0.43905002,-9.76605,-0.90900004,0.0418,-0.0196625,-0.0072875,-22.931252,16.29375,36.09375,walking
146733900103357,-0.36705002,-9.826051,-0.77505004,0.033275,-0.0122375,-0.0286,-22.931252,16.29375,36.075,walking
146733920083615,-0.28800002,-9.82995,-0.68895006,0.012925,-0.0334125,-0.0339625,-22.9125,16.29375,36.09375,walking
146733940080936,-0.17295001,-9.76305,-0.73695004,-0.01155,-0.032449998,-0.0275,-22.931252,16.275002,36.05625,walking
146733960079952,-0.01995,-9.670051,-0.708,-0.0286,-0.0100375,-0.0072875,-22.9125,16.29375,36.075,walking
146733980078863,0.0049500004,-9.711,-0.91905004,-0.013612499,0.0251625,0.011825,-22.931252,16.29375,36.15,walking
146734000078271,-0.216,-9.71805,-1.09095,-0.003025,0.0325875,0.0171875,-22.9125,16.29375,36.131252,walking
146734020085339,-0.40605003,-9.78495,-1.1200501,-0.001925,0.0400125,0.012925,-22.9125,16.29375,36.112503,walking
146734040130336,-0.58500004,-9.84,-1.1839501,-0.0158125,0.0176,0.0055,-22.9125,16.3125,36.131252,walking
146734060127402,-0.58305,-9.852,-1.04805,-0.0158125,-0.004675,-0.0072875,-22.893751,16.29375,36.16875,walking
146734080389364,-0.45105,-9.77805,-0.96405005,-0.0061875,-0.0111375,-0.0158125,-22.875,16.29375,36.131252,walking
146734100327062,-0.37395,-9.700951,-0.96405005,-0.00825,-0.0207625,-0.014712499,-22.875,16.25625,36.131252,walking
146734120296751,-0.31695002,-9.7560005,-0.98100007,-0.00825,-0.0793375,-0.01155,-22.85625,16.237501,36.112503,walking
146734140573602,-0.15195,-9.739051,-0.85395,2.75E-4,-0.109175,-0.01265,-22.837502,16.21875,36.15,walking
146734160712106,0.00795,-9.768001,-0.82095003,-0.003025,-0.0803,-0.01155,-22.81875,16.21875,36.15,walking
146734180815487,0.076950006,-9.76605,-0.897,0.0086624995,-0.0292875,-0.0083875,-22.81875,16.21875,36.15,walking
146734200878838,-0.051000003,-9.675,-0.89505005,0.0182875,0.0081124995,-8.25E-4,-22.81875,16.237501,36.112503,walking
146734220647478,-0.13995,-9.700951,-0.85905004,0.032175,0.0198,-0.001925,-22.800001,16.25625,36.09375,walking
146734240729086,-0.25005,-9.780001,-0.91905004,0.0364375,0.036849998,-0.003025,-22.800001,16.275002,36.037502,walking
146734260577154,-0.31500003,-9.826051,-0.88500005,0.012925,0.0400125,0.0097624995,-22.800001,16.29375,36.05625,walking
146734280660483,-0.39795002,-9.780001,-0.86805004,-0.0039875,0.0166375,0.029975,-22.78125,16.29375,36.037502,walking
146734300519309,-0.41295,-9.648001,-0.897,-0.0072875,0.00385,0.0396,-22.800001,16.29375,36.05625,walking
146734320371238,-0.47700003,-9.64395,-0.96405005,-0.01155,0.009075,0.0407,-22.78125,16.275002,36.131252,walking
146734340275506,-0.66405004,-9.712951,-1.0699501,-0.014712499,0.0176,0.0268125,-22.78125,16.275002,36.16875,walking
146734360194928,-0.70500004,-9.74895,-1.0890001,-0.0158125,0.0474375,0.015125,-22.78125,16.25625,36.206253,walking
146734380386643,-0.54405004,-9.7560005,-1.0189501,-0.001925,0.034649998,0.0044,-22.78125,16.237501,36.225002,walking
146734400549647,-0.372,-9.771001,-0.98100007,0.0045375,0.0155375,-0.0050875,-22.78125,16.237501,36.225002,walking
146734420408317,-0.26700002,-9.7900505,-0.91395,0.0023375,0.0070125,-0.013612499,-22.78125,16.237501,36.2625,walking
146734440555417,-0.22395001,-9.864,-0.92805004,0.0034375,-0.007975,-0.0275,-22.78125,16.237501,36.24375,walking
146734460676661,-0.21900001,-9.835051,-0.87105006,-0.0050875,-0.0132,-0.0232375,-22.800001,16.25625,36.2625,walking
146734480762175,-0.147,-9.735001,-0.81105006,-0.00825,-0.0132,-0.01265,-22.800001,16.25625,36.24375,walking
146734500817470,-0.13005,-9.687,-0.94500005,-0.0039875,-0.0154,-0.0083875,-22.800001,16.25625,36.225002,walking
146734520859664,-0.135,-9.74205,-0.92100006,-0.00715,0.0070125,-0.013612499,-22.800001,16.237501,36.225002,walking
146734540880631,-0.28095,-9.79695,-0.97395,-0.0017875,0.043175,-0.01045,-22.78125,16.21875,36.2625,walking
146734560885564,-0.45600003,-9.80895,-0.98100007,0.002475,0.0314875,-0.0072875,-22.78125,16.21875,36.225002,walking
146734580890421,-0.44595003,-9.78195,-0.97095007,-0.013475,-0.004675,-0.003025,-22.78125,16.21875,36.1875,walking
146734600885116,-0.34605002,-9.759001,-0.94500005,-0.0242,-0.0174625,0.0023375,-22.78125,16.21875,36.1875,walking
146734620609459,-0.33405003,-9.723001,-0.97395,-0.0231,-0.039875,0.0055,-22.78125,16.237501,36.1875,walking
146734640665598,-0.35505003,-9.76605,-0.93495005,-0.00715,-0.0484,0.0077,-22.78125,16.237501,36.206253,walking
146734660710345,-0.264,-9.77295,-0.90900004,0.011,-0.0367125,-0.003025,-22.78125,16.25625,36.225002,walking
146734680754742,-0.19995001,-9.732,-0.9670501,0.013062499,-0.0462,-0.0232375,-22.78125,16.25625,36.2625,walking
146734700785564,-0.14205001,-9.76305,-0.90195006,0.0088,-0.054725,-0.0232375,-22.78125,16.25625,36.225002,walking
146734720804650,-0.135,-9.74895,-0.80895007,0.0045375,-0.039875,-0.00935,-22.78125,16.275002,36.16875,walking
146734740825165,-0.05595,-9.699,-0.77295005,0.014162499,-0.0174625,0.0012375,-22.78125,16.275002,36.1875,walking
146734760835234,-0.049050003,-9.715051,-0.81105006,0.0088,0.0176,0.012925,-22.78125,16.275002,36.206253,walking
146734780836972,-0.23595001,-9.79905,-0.85200006,0.0121,0.027224999,0.0268125,-22.78125,16.25625,36.24375,walking
146734800843826,-0.46800002,-9.80895,-0.93105006,0.0078375,0.0251625,0.0257125,-22.78125,16.25625,36.2625,walking
146734820580027,-0.492,-9.74205,-0.96405005,-0.0092124995,0.03795,0.02255,-22.800001,16.25625,36.300003,walking
146734840635683,-0.50805,-9.615001,-0.99300003,-0.0017875,0.0336875,0.0257125,-22.800001,16.237501,36.300003,walking
146734860692320,-0.61605,-9.648001,-1.04595,-6.875E-4,0.0303875,0.016224999,-22.800001,16.237501,36.300003,walking
146734880735325,-0.58995,-9.8230505,-0.97605,0.001375,0.0411125,0.0034375,-22.81875,16.237501,36.35625,walking
146734900776691,-0.46995002,-9.828,-1.074,0.003575,0.0400125,-0.0050875,-22.800001,16.237501,36.35625,walking
146734920804096,-0.41805002,-9.77805,-0.98295003,-0.013475,0.012375,-0.0072875,-22.800001,16.237501,36.3375,walking
146734940819584,-0.324,-9.706051,-0.95505005,-0.030524999,-0.006875,-0.004125,-22.81875,16.237501,36.300003,walking
146734960836686,-0.216,-9.73005,-1.01205,-0.031625,0.00165,-0.004125,-22.81875,16.25625,36.2625,walking
146734980843764,-0.231,-9.723001,-1.0020001,-0.0231,0.0176,-0.0050875,-22.800001,16.25625,36.24375,walking
146735000843084,-0.3,-9.79695,-1.00995,-0.00495,0.0198,-0.0050875,-22.800001,16.237501,36.24375,walking
146735020584466,-0.39405003,-9.844951,-1.02195,0.0226875,0.0218625,-8.25E-4,-22.78125,16.237501,36.24375,walking
146735040644061,-0.41295,-9.828,-0.94695,0.047025,0.0229625,-0.0050875,-22.800001,16.237501,36.24375,walking
146735060692213,-0.30705002,-9.78195,-0.873,0.0257125,0.0325875,-0.0158125,-22.800001,16.21875,36.2625,walking
146735080739742,-0.264,-9.711,-0.78195006,-0.00935,-0.0207625,-0.013612499,-22.800001,16.25625,36.300003,walking
146735100773341,-0.252,-9.691051,-0.77505004,-0.034925,-0.073975,-0.003025,-22.81875,16.275002,36.375,walking
146735120805824,-0.14505,-9.708,-0.76500005,-0.04235,-0.0697125,0.0034375,-22.837502,16.35,36.393753,walking
146735140825417,-0.027,-9.74895,-0.97395,-0.00935,-0.0473,0.0034375,-22.85625,16.425001,36.393753,walking
146735160834357,-0.09,-9.78195,-1.1220001,0.02255,-0.0292875,-0.004125,-22.893751,16.5375,36.393753,walking
146735180846273,-0.25695002,-9.74895,-1.098,0.0342375,-0.0270875,-0.0072875,-22.931252,16.612501,36.43125,walking
146735200849447,-0.25500003,-9.79905,-1.0530001,0.02145,-0.0154,-0.0083875,-22.96875,16.725,36.45,walking
146735220845960,-0.16095,-9.79395,-0.86805004,-0.0039875,0.00385,0.0044,-22.987501,16.7625,36.45,walking
146735240848863,-0.10395,-9.77295,-0.72195005,-0.017875,0.0155375,0.02255,-23.00625,16.837502,36.393753,walking
146735260845986,-0.25905,-9.736951,-0.777,-0.014712499,5.5E-4,0.0364375,-23.04375,16.931252,36.300003,walking
146735280838731,-0.43695003,-9.703051,-0.92295,0.0012375,-0.004675,0.0512875,-23.081251,17.00625,36.28125,walking
146735300839627,-0.564,-9.679951,-1.07895,0.02145,0.0251625,0.0396,-23.118752,17.081251,36.300003,walking
146735320836001,-0.64500004,-9.699,-1.05495,0.0193875,0.0570625,0.0108624995,-23.15625,17.1375,36.318752,walking
146735340828894,-0.61605,-9.77295,-0.98295003,-8.25E-4,0.055,-0.003025,-23.19375,17.23125,36.318752,walking
146735360830583,-0.59205,-9.802051,-0.88500005,-0.014712499,0.0325875,0.0012375,-23.23125,17.268751,36.318752,walking
146735380827903,-0.48195,-9.75405,-0.89205,-0.0210375,0.028324999,0.0055,-23.25,17.34375,36.28125,walking
146735400833062,-0.25695002,-9.723001,-0.9979501,-0.01045,0.0422125,0.0034375,-23.268751,17.400002,36.300003,walking
146735420569659,-0.291,-9.73005,-1.08405,0.0066,0.036849998,0.0044,-23.2875,17.400002,36.318752,walking
146735440626879,-0.46305,-9.79905,-1.0669501,0.0055,0.03795,0.0034375,-23.268751,17.400002,36.375,walking
146735460685704,-0.47700003,-9.7560005,-1.0170001,-0.0158125,0.029424999,1.375E-4,-23.268751,17.400002,36.375,walking
146735480731131,-0.35805002,-9.75405,-0.96900004,-0.0317625,-0.0037125,-0.003025,-23.268751,17.400002,36.3375,walking
146735500763550,-0.31905,-9.735001,-0.90705,-0.018975,-0.025024999,-0.014712499,-23.2875,17.400002,36.3375,walking
146735520795676,-0.324,-9.81105,-0.93105006,-0.0039875,-0.0185625,-0.0275,-23.2875,17.41875,36.375,walking
146735540815344,-0.31905,-9.889951,-1.00995,-0.003025,-0.0100375,-0.0264,-23.2875,17.41875,36.393753,walking
146735560824710,-0.291,-9.844951,-0.99105006,2.75E-4,-0.0334125,-0.014712499,-23.2875,17.41875,36.412502,walking
146735580838542,-0.17805001,-9.77805,-0.84000003,-0.0092124995,-0.06545,-0.00935,-23.268751,17.41875,36.412502,walking
146735600841894,-0.030000001,-9.687,-0.79695004,-0.0210375,-0.0814,-0.004125,-23.2875,17.456251,36.45,walking
146735620575268,-0.058050003,-9.651,-0.85905004,2.75E-4,-0.072875,0.0055,-23.2875,17.456251,36.45,walking
146735640639707,-0.16905001,-9.65295,-0.92100006,0.0386375,-0.0270875,0.0066,-23.268751,17.456251,36.43125,walking
146735660691721,-0.24300002,-9.723001,-0.92595005,0.0578875,0.036849998,0.0012375,-23.268751,17.456251,36.43125,walking
146735680742212,-0.29505002,-9.77505,-0.97905004,0.0301125,0.078375,-0.01045,-23.25,17.4375,36.393753,walking
146735700777955,-0.31005,-9.79905,-0.90000004,-0.00715,0.0570625,-0.014712499,-23.23125,17.400002,36.35625,walking
146735720800675,-0.30705002,-9.79905,-0.804,-0.0295625,-0.0154,0.0023375,-23.19375,17.362501,36.318752,walking
146735740823821,-0.303,-9.699,-0.84900004,-0.0380875,-0.02915,0.0193875,-23.175001,17.306252,36.300003,walking
146735760835620,-0.40605003,-9.66495,-1.098,-0.039049998,0.012375,0.0396,-23.1375,17.212502,36.28125,walking
146735780847497,-0.59205,-9.73005,-1.263,-0.0242,0.0240625,0.05555,-23.1,17.1375,36.2625,walking
146735800852800,-0.75495005,-9.76095,-1.1410501,0.001375,0.0187,0.0609125,-23.0625,17.04375,36.24375,walking
146735820587303,-0.72900003,-9.835051,-1.0380001,0.036575,0.0581625,0.048125,-23.025002,16.96875,36.24375,walking
146735840641360,-0.657,-9.706051,-1.0189501,0.0482625,0.1007875,0.0119624995,-22.987501,16.893751,36.300003,walking
146735860696534,-0.65505004,-9.604951,-0.86805004,0.02695,0.094325,-0.0317625,-22.95,16.800001,36.375,walking
146735880738290,-0.51105005,-9.66495,-0.69795,-0.0039875,0.0176,-0.0424875,-22.9125,16.725,36.375,walking
146735900778708,-0.231,-9.78705,-0.68205005,-0.0092124995,-0.0856625,-0.0402875,-22.85625,16.63125,36.412502,walking
146735920805286,0.064950004,-9.84,-0.79395,-0.0039875,-0.1431375,-0.0477125,-22.800001,16.556252,36.46875,walking
146735940820166,0.20895001,-9.90495,-0.95205003,-0.0231,-0.1166,-0.054175,-22.743752,16.462502,36.45,walking
146735960836809,0.034050003,-9.885,-1.062,-0.039049998,-0.0708125,-0.045649998,-22.725,16.425001,36.46875,walking
146735980841272,-0.13005,-9.74895,-0.9979501,-0.0253,-0.037675,-0.0243375,-22.6875,16.3875,36.45,walking
146736000841012,-0.094050005,-9.682051,-0.98805004,-0.0125124995,-0.0334125,-0.0072875,-22.650002,16.331251,36.45,walking
146736020582883,-0.20700002,-9.76305,-1.05495,-0.00825,-0.072875,1.375E-4,-22.63125,16.35,36.45,walking
146736040642831,-0.46500003,-9.816001,-1.13205,-0.0199375,-0.075075,0.0034375,-22.650002,16.35,36.43125,walking
146736060691269,-0.61095005,-9.816001,-1.00695,-0.0210375,-0.0419375,0.0119624995,-22.650002,16.35,36.412502,walking
146736080736581,-0.46500003,-9.703051,-0.957,0.003575,0.0144375,0.0257125,-22.650002,16.35,36.45,walking
146736100770974,-0.34605002,-9.60105,-0.957,0.02915,0.0847,0.0342375,-22.63125,16.368752,36.43125,walking
146736120804203,-0.35295,-9.62895,-0.9979501,0.0451,0.117837496,0.031075,-22.63125,16.368752,36.43125,walking
146736140824311,-0.48705003,-9.723001,-1.00695,0.034375,0.094325,0.0268125,-22.63125,16.368752,36.375,walking
146736160833680,-0.49905002,-9.736951,-0.86100006,0.017324999,0.0507375,0.0279125,-22.63125,16.3875,36.393753,walking
146736180843609,-0.35295,-9.72,-0.84405005,0.0121,0.044275,0.0353375,-22.650002,16.40625,36.318752,walking
146736200847521,-0.19695,-9.723001,-0.92805004,-0.00495,0.0666875,0.0353375,-22.650002,16.40625,36.28125,walking
146736220581087,-0.14895001,-9.792001,-1.02195,-0.0114124995,0.076175,0.0385,-22.66875,16.40625,36.2625,walking
146736240645885,-0.24795002,-9.82995,-1.1200501,0.001375,0.0804375,0.0427625,-22.66875,16.44375,36.300003,walking
146736260698115,-0.40605003,-9.735001,-1.12905,0.0099,0.0847,0.0375375,-22.6875,16.44375,36.2625,walking
146736280746546,-0.50100005,-9.682051,-1.149,-0.00495,0.0570625,0.0279125,-22.6875,16.462502,36.28125,walking
146736300782730,-0.573,-9.735001,-1.1080501,-0.0177375,0.0144375,0.0204875,-22.6875,16.48125,36.206253,walking
146736320805920,-0.549,-9.79695,-0.94995004,-0.022,-0.037675,0.0097624995,-22.706251,16.5,36.225002,walking
146736340818190,-0.33405003,-9.871051,-0.873,-0.0103124995,-0.0708125,-0.0061875,-22.706251,16.556252,36.206253,walking
146736360832784,-0.20895001,-9.861,-0.91605,-0.00605,-0.056925,-0.0169125,-22.743752,16.650002,36.1875,walking
146736380835983,-0.20700002,-9.804001,-0.93795,-0.0273625,-0.02915,-0.01045,-22.7625,16.725,36.131252,walking
146736400845945,-0.252,-9.715051,-0.93795,-0.0347875,-0.0196625,1.375E-4,-22.800001,16.81875,36.075,walking
146736420584518,-0.23295002,-9.682051,-0.85605,0.0045375,-0.0441375,0.0182875,-22.81875,16.9125,36.037502,walking
146736440641847,-0.30495003,-9.727051,-0.83505005,0.0408375,-0.037675,0.0012375,-22.875,16.96875,36.0,walking
146736460699544,-0.50595003,-9.694051,-0.87600005,0.0088,-0.0356125,-0.0339625,-22.875,16.987501,35.98125,walking
146736480740867,-0.61095005,-9.75105,-0.88005006,-0.0848375,-0.1260875,-0.0510125,-22.875,17.00625,36.0,walking
146736500771746,-0.48000002,-9.804001,-0.74595004,-0.14025,-0.24653749,-0.0584375,-22.893751,17.0625,36.0,walking
146736520802138,-0.11595,-9.8230505,-0.73695004,-0.116875,-0.243375,-0.053075,-22.9125,17.1,35.9625,walking
146736540820269,0.12495001,-9.90705,-1.02405,-0.0603625,-0.0952875,-0.0297,-22.95,17.175001,35.943752,walking
146736560828196,-0.16095,-9.89295,-1.28505,0.0056375,0.026124999,0.0086624995,-22.96875,17.25,35.90625,walking
146736580837621,-0.43695003,-9.883051,-1.182,0.0462,0.0730125,0.0449625,-23.00625,17.325,35.8875,walking
146736600840935,-0.57105005,-9.75105,-0.84705,0.0567875,0.127325,0.0587125,-23.04375,17.38125,35.850002,walking
146736620574161,-0.61605,-9.53295,-0.72,0.0578875,0.1604625,0.05555,-23.0625,17.41875,35.8125,walking
146736640625067,-0.75705004,-9.426001,-0.69795,0.0429,0.144375,0.048125,-23.081251,17.493752,35.737503,walking
146736660680458,-0.90405005,-9.522,-0.651,0.0067375,0.093225,0.029975,-23.1,17.53125,35.737503,walking
146736680732199,-0.753,-9.724951,-0.83505005,-0.04235,0.036849998,0.0171875,-23.118752,17.60625,35.7,walking
146736700770843,-0.39405003,-9.814051,-1.0020001,-0.0455125,-0.0154,0.014025,-23.118752,17.643751,35.7,walking
146736720796028,-0.123,-9.90705,-1.1029501,-0.030524999,-0.023924999,0.02255,-23.1375,17.7,35.662502,walking
146736740821075,0.010050001,-9.880951,-1.2250501,-0.00825,0.036849998,0.033275,-23.1375,17.71875,35.7,walking
146736760834372,-0.034050003,-9.747001,-1.3590001,0.0121,0.088,0.0427625,-23.1375,17.7,35.643753,walking
146736780847309,-0.27405003,-9.636001,-1.251,0.014162499,0.079475,0.049225,-23.118752,17.681252,35.71875,walking
146736800853244,-0.39405003,-9.66495,-0.98100007,-0.0114124995,0.036849998,0.0396,-23.1,17.6625,35.7,walking
146736820588178,-0.44895002,-9.78195,-0.88500005,-0.033825,-0.039875,0.02255,-23.1,17.6625,35.71875,walking
146736840640253,-0.39105,-9.856951,-0.933,-0.047575,-0.071775,0.0097624995,-23.081251,17.625,35.756252,walking
146736860695979,-0.32205,-9.79695,-1.0170001,-0.0433125,-0.0495,0.0086624995,-23.0625,17.625,35.775,walking
146736880735868,-0.27105,-9.732,-1.19895,-0.00715,-0.0207625,0.0108624995,-23.081251,17.60625,35.79375,walking
146736900776985,-0.28095,-9.727051,-1.2540001,0.011,-0.004675,0.0055,-23.081251,17.587502,35.79375,walking
146736920804223,-0.312,-9.768001,-1.161,0.0088,-0.0122375,0.0034375,-23.0625,17.56875,35.8125,walking
146736940819628,-0.38205,-9.77295,-1.0860001,-0.0092124995,-0.0174625,0.0023375,-23.025002,17.5125,35.8125,walking
146736960836729,-0.43395,-9.727051,-0.91605,-0.0347875,-0.0334125,0.0044,-22.987501,17.41875,35.8125,walking
146736980841552,-0.42000002,-9.706051,-0.91200006,-0.0369875,-0.0515625,0.015125,-22.95,17.306252,35.850002,walking
146737000841477,-0.51795,-9.703051,-1.04805,-0.015675,-0.03135,0.02365,-22.9125,17.212502,35.943752,walking
146737020583317,-0.63105005,-9.706051,-1.1530501,0.001375,0.0081124995,0.0268125,-22.875,17.1375,36.018753,walking
146737040641004,-0.70005006,-9.75105,-1.2040501,0.0088,0.0209,0.02365,-22.81875,17.081251,36.018753,walking
146737060689935,-0.70500004,-9.74205,-1.08105,-0.0092124995,0.0166375,0.0171875,-22.800001,17.04375,36.037502,walking
146737080735847,-0.633,-9.715051,-0.94500005,-0.0125124995,-0.023924999,0.0066,-22.78125,17.04375,36.018753,walking
146737100770481,-0.549,-9.700951,-0.92100006,-0.00495,-0.0419375,-0.00935,-22.7625,16.987501,36.0,walking
146737120792600,-0.54405004,-9.660001,-0.97605,0.001375,-0.0248875,-0.01265,-22.743752,16.95,36.018753,walking
146737140815504,-0.48705003,-9.667951,-1.0720501,0.0163625,-0.0100375,-0.01265,-22.66875,16.893751,36.09375,walking
146737160827377,-0.432,-9.739051,-1.09605,0.017324999,-0.0100375,-0.01155,-22.650002,16.875,36.112503,walking
146737180839597,-0.32895002,-9.804001,-0.97095007,0.0078375,-0.0196625,-0.01265,-22.612501,16.800001,36.09375,walking
146737200845113,-0.35805002,-9.780001,-0.98100007,-0.0188375,-0.0430375,-0.01045,-22.575,16.7625,36.131252,walking
146737220580025,-0.43395,-9.712951,-0.99495006,-0.0369875,-0.06325,-0.0072875,-22.5375,16.6875,36.15,walking
146737240631935,-0.43905002,-9.747001,-1.01205,-0.039049998,-0.0462,-0.0050875,-22.5,16.63125,36.16875,walking
146737260687880,-0.43395,-9.76305,-1.11705,-0.0253,-0.007975,0.0023375,-22.462502,16.59375,36.225002,walking
146737280730331,-0.46800002,-9.736951,-1.2199501,-0.00715,0.0155375,0.0066,-22.44375,16.5375,36.2625,walking
146737300771309,-0.58005005,-9.706051,-1.2280501,-0.0028875,0.0081124995,0.0066,-22.40625,16.518751,36.28125,walking
146737320798371,-0.61395,-9.771001,-1.14405,-0.0017875,0.0081124995,0.0044,-22.40625,16.518751,36.28125,walking
146737340813703,-0.573,-9.792001,-1.02405,-0.0017875,0.0166375,1.375E-4,-22.40625,16.5375,36.318752,walking
146737360830645,-0.54195005,-9.76305,-0.98595005,2.75E-4,0.0144375,0.0023375,-22.40625,16.575,36.3375,walking
146737380835562,-0.48495004,-9.688951,-0.99300003,0.003575,0.011275,0.0066,-22.40625,16.59375,36.35625,walking
146737400846605,-0.45105,-9.615001,-1.09095,0.0045375,0.010175,0.0108624995,-22.3875,16.59375,36.3375,walking
146737420585732,-0.43395,-9.66495,-1.1050501,0.0078375,0.009075,0.0055,-22.368752,16.612501,36.393753,walking
146737440654592,-0.46305,-9.76305,-1.074,0.001375,0.0059125,-8.25E-4,-22.368752,16.612501,36.393753,walking
146737460709631,-0.46995002,-9.78495,-1.0530001,-0.0114124995,-0.006875,0.0012375,-22.35,16.59375,36.393753,walking
146737480748511,-0.44595003,-9.724951,-1.07895,-0.0210375,-0.0334125,0.0044,-22.3125,16.59375,36.46875,walking
146737500777227,-0.38595003,-9.699,-1.09305,-0.016775,-0.0504625,0.0034375,-22.3125,16.575,36.5625,walking
146737520805941,-0.39405003,-9.744,-1.1050501,-0.00605,-0.0484,-0.00935,-22.29375,16.556252,36.5625,walking
146737540822624,-0.432,-9.78495,-1.1530501,-0.00715,-0.03135,-0.014712499,-22.29375,16.556252,36.61875,walking
146737560829424,-0.42900002,-9.768001,-1.1370001,-0.0125124995,-0.022824999,-0.01045,-22.29375,16.575,36.675003,walking
146737580837690,-0.39105,-9.771001,-1.077,-0.0092124995,-0.021724999,-0.004125,-22.29375,16.612501,36.675003,walking
146737600840509,-0.36195,-9.727051,-1.0020001,-0.00605,-0.032449998,1.375E-4,-22.29375,16.650002,36.675003,walking
146737620573445,-0.38595003,-9.706051,-1.04805,0.002475,-0.0334125,0.0055,-22.29375,16.66875,36.6375,walking
146737640624121,-0.52005005,-9.694051,-1.09605,2.75E-4,-0.0100375,0.0034375,-22.29375,16.66875,36.675003,walking
146737660679538,-0.58305,-9.71805,-1.11,-0.00605,0.0176,0.0044,-22.29375,16.66875,36.7125,walking
146737680730893,-0.56595004,-9.739051,-1.09605,-0.00715,0.00385,0.0066,-22.275002,16.650002,36.7125,walking
146737700769867,-0.55395,-9.715051,-1.041,-0.00715,-0.0132,0.0066,-22.275002,16.650002,36.73125,walking
146737720795282,-0.55395,-9.694051,-1.0669501,-6.875E-4,-0.0174625,0.0086624995,-22.25625,16.63125,36.73125,walking
146737740820523,-0.55200005,-9.691051,-1.12695,-0.0017875,-0.0143,0.0044,-22.237501,16.63125,36.7125,walking
146737760833815,-0.54,-9.73005,-1.1029501,-0.00495,0.0081124995,-8.25E-4,-22.237501,16.59375,36.675003,walking
146737780846875,-0.46095002,-9.711,-1.0860001,-0.0039875,0.0070125,-0.001925,-22.237501,16.556252,36.73125,walking
146737800852943,-0.45795003,-9.759001,-1.0860001,0.0056375,-0.006875,0.0012375,-22.21875,16.556252,36.75,walking
146737820587938,-0.441,-9.77505,-1.08105,0.0067375,-0.0026125,0.0023375,-22.21875,16.575,36.768753,walking
146737840639848,-0.46095002,-9.74895,-1.1410501,0.0045375,0.009075,1.375E-4,-22.2,16.575,36.787502,walking
146737860695551,-0.48900002,-9.688951,-1.1509501,-0.0039875,0.0070125,-0.003025,-22.181252,16.556252,36.80625,walking
146737880735511,-0.49695003,-9.684,-1.09605,-0.0103124995,-0.006875,-0.001925,-22.1625,16.518751,36.825,walking
146737900765474,-0.47505003,-9.711,-1.113,-0.00715,-0.0132,-0.004125,-22.143751,16.5,36.825,walking
146737920795414,-0.47505003,-9.74205,-1.149,0.002475,0.0081124995,-0.003025,-22.125,16.462502,36.84375,walking
146737940810873,-0.48705003,-9.7560005,-1.1580001,0.0056375,0.010175,0.0012375,-22.10625,16.462502,36.825,walking
146737960830519,-0.51105005,-9.768001,-1.1220001,2.75E-4,-0.0100375,0.0023375,-22.10625,16.44375,36.825,walking
146737980837632,-0.50100005,-9.72,-1.05795,-0.00825,-0.0259875,0.0034375,-22.087502,16.425001,36.825,walking
146738000839047,-0.45795003,-9.74205,-1.04295,-0.00825,-0.0111375,-0.004125,-22.06875,16.40625,36.84375,walking
146738020581948,-0.47700003,-9.723001,-1.1080501,0.003575,0.0240625,-0.0050875,-22.087502,16.425001,36.787502,walking
146738040640594,-0.48705003,-9.675,-1.14405,0.011,0.029424999,-8.25E-4,-22.087502,16.44375,36.768753,walking
146738060690217,-0.55200005,-9.694051,-1.1509501,0.0078375,0.0176,0.0066,-22.10625,16.5,36.75,walking
146738080691683,-0.50805,-9.759001,-1.0890001,-6.875E-4,-0.0143,0.0077,-22.125,16.5375,36.675003,walking
146738100658191,-0.48900002,-9.77505,-1.0530001,-0.00825,-0.0185625,0.0044,-22.125,16.575,36.61875,walking
146738120606799,-0.52005005,-9.76095,-1.0360501,-0.0092124995,-0.005775,-0.001925,-22.143751,16.612501,36.61875,walking
146738140528955,-0.50805,-9.682051,-1.1220001,2.75E-4,0.00165,-0.001925,-22.143751,16.63125,36.61875,walking
146738160447693,-0.52005005,-9.64605,-1.1530501,0.013062499,-0.0026125,1.375E-4,-22.143751,16.63125,36.600002,walking
146738180350015,-0.49395,-9.687,-1.1200501,0.0099,-0.007975,1.375E-4,-22.143751,16.650002,36.600002,walking
146738200245172,-0.47295,-9.78195,-1.1010001,0.002475,-0.0089375,-0.004125,-22.143751,16.6875,36.5625,walking
146738220151468,-0.42900002,-9.804001,-1.029,-0.00495,-0.0132,-0.0072875,-22.1625,16.706251,36.5625,walking
146738240095571,-0.39795002,-9.76305,-1.005,0.003575,-0.006875,-0.0061875,-22.181252,16.743752,36.525,walking
146738260115505,-0.43905002,-9.694051,-1.077,0.013062499,0.009075,-0.004125,-22.181252,16.78125,36.487503,walking
146738280113556,-0.46800002,-9.694051,-1.1560501,0.0078375,0.0048125,-8.25E-4,-22.2,16.81875,36.487503,walking
146738300092324,-0.47295,-9.71805,-1.1509501,-0.0039875,-0.0122375,-8.25E-4,-22.21875,16.85625,36.45,walking
146738320077519,-0.51105005,-9.74895,-1.09095,-0.00825,-0.0196625,-0.001925,-22.237501,16.875,36.46875,walking
146738340077873,-0.52995,-9.744,-1.06005,0.001375,-0.0026125,-0.0050875,-22.275002,16.893751,36.43125,walking
146738360078274,-0.51105005,-9.744,-1.113,0.011,0.0059125,-0.004125,-22.25625,16.893751,36.487503,walking
146738380077627,-0.504,-9.744,-1.1869501,0.003575,0.00275,-0.003025,-22.237501,16.893751,36.487503,walking
146738400055556,-0.504,-9.694051,-1.16805,-0.0017875,0.00275,0.0023375,-22.237501,16.893751,36.46875,walking
146738420067992,-0.50100005,-9.688951,-1.11705,0.003575,-0.004675,0.0044,-22.21875,16.893751,36.46875,walking
146738440084900,-0.53505003,-9.712951,-1.098,0.0078375,0.010175,1.375E-4,-22.237501,16.9125,36.412502,walking
146738460462197,-0.56100005,-9.703051,-1.1200501,0.0088,-0.0037125,-0.0050875,-22.237501,16.931252,36.35625,walking
146738480680805,-0.564,-9.699,-1.182,-6.875E-4,-0.007975,-0.0061875,-22.25625,16.96875,36.300003,walking
146738500822529,-0.50805,-9.76605,-1.098,-0.0092124995,-0.005775,-0.0061875,-22.25625,17.00625,36.28125,walking
146738520901275,-0.40605003,-9.79695,-1.0720501,2.75E-4,-0.0143,-0.00935,-22.237501,16.96875,36.318752,walking
146738540941967,-0.36705002,-9.75105,-1.077,0.011,0.00275,-0.0072875,-22.237501,16.931252,36.300003,walking
146738560954494,-0.41505003,-9.715051,-1.074,0.0226875,0.0144375,0.0012375,-22.21875,16.931252,36.300003,walking
146738580958614,-0.432,-9.711,-1.14405,0.020624999,0.0144375,0.0044,-22.21875,16.931252,36.300003,walking
146738600947474,-0.46095002,-9.72,-1.04295,0.011,0.0209,0.0044,-22.21875,16.931252,36.28125,walking
146738620663024,-0.49905002,-9.696,-1.0020001,0.0045375,0.0144375,0.0055,-22.21875,16.931252,36.28125,walking
146738640709514,-0.537,-9.700951,-1.029,-0.0028875,0.010175,0.0044,-22.2,16.893751,36.2625,walking
146738660744673,-0.56595004,-9.715051,-1.05795,0.0056375,0.012375,0.0023375,-22.181252,16.85625,36.2625,walking
146738680780234,-0.54,-9.724951,-1.1410501,0.0086624995,0.012375,-8.25E-4,-22.181252,16.85625,36.225002,walking
146738700803604,-0.51795,-9.74895,-1.146,2.75E-4,0.012375,1.375E-4,-22.181252,16.85625,36.28125,walking
146738720816437,-0.492,-9.76305,-1.12905,-0.0050875,-0.004675,0.0066,-22.1625,16.85625,36.300003,walking
146738740832130,-0.47505003,-9.747001,-1.113,0.0086624995,-0.0100375,-0.001925,-22.143751,16.81875,36.28125,walking
146738760838550,-0.432,-9.711,-1.0699501,0.0119624995,0.0070125,-0.01045,-22.125,16.800001,36.318752,walking
146738780837755,-0.44595003,-9.74205,-1.07895,0.0086624995,0.011275,-0.00935,-22.087502,16.7625,36.375,walking
146738800842874,-0.48195,-9.736951,-1.09305,0.0023375,0.00275,-0.003025,-22.06875,16.725,36.412502,walking
146738820578090,-0.42000002,-9.736951,-1.0000501,0.0012375,0.00385,1.375E-4,-22.087502,16.725,36.43125,walking
146738840633347,-0.38595003,-9.75405,-1.04295,0.0108624995,0.0155375,0.0012375,-22.087502,16.7625,36.43125,walking
146738860689811,-0.45795003,-9.74205,-1.09095,0.015125,0.027224999,0.0034375,-22.10625,16.78125,36.43125,walking
146738880732989,-0.57795,-9.712951,-1.1029501,0.0086624995,0.0155375,0.0055,-22.10625,16.78125,36.45,walking
146738900774743,-0.57105005,-9.724951,-1.1029501,-0.001925,-0.0154,0.0044,-22.10625,16.800001,36.46875,walking
146738920802463,-0.54195005,-9.73005,-1.04805,-0.0072875,-0.0111375,-0.001925,-22.087502,16.800001,36.45,walking
146738940818279,-0.53205,-9.723001,-1.04595,-0.001925,0.0176,-0.003025,-22.087502,16.78125,36.487503,walking
146738960835660,-0.51105005,-9.708,-1.0500001,0.0034375,0.011275,0.0012375,-22.10625,16.800001,36.45,walking
146738980843050,-0.50805,-9.744,-1.08105,0.012925,-0.0132,1.375E-4,-22.10625,16.81875,36.393753,walking
146739000842630,-0.42195,-9.79395,-1.04805,0.0097624995,-0.0037125,-0.003025,-22.10625,16.81875,36.393753,walking
146739020584210,-0.42900002,-9.747001,-1.0500001,0.0171875,0.0166375,-0.0083875,-22.125,16.837502,36.375,walking
146739040643916,-0.50100005,-9.651,-1.04595,0.0108624995,0.011275,-0.0072875,-22.10625,16.837502,36.393753,walking
146739060692144,-0.504,-9.675,-0.97605,0.0045375,-0.0026125,0.0012375,-22.125,16.81875,36.412502,walking
146739080739722,-0.45105,-9.77295,-1.0170001,-0.0050875,-0.005775,0.0044,-22.10625,16.78125,36.46875,walking
146739100773343,-0.42900002,-9.78495,-1.05495,-0.0072875,0.009075,0.0012375,-22.10625,16.7625,36.43125,walking
146739120805913,-0.48195,-9.75105,-1.0699501,-0.00825,0.009075,-8.25E-4,-22.10625,16.800001,36.393753,walking
146739140825504,-0.55200005,-9.699,-1.125,-0.001925,0.00275,-0.004125,-22.10625,16.800001,36.43125,walking
146739160834418,-0.52305,-9.696,-1.14405,-0.001925,0.00275,-8.25E-4,-22.087502,16.800001,36.43125,walking
146739180846359,-0.46800002,-9.75405,-1.11705,0.0097624995,-4.125E-4,0.0012375,-22.087502,16.81875,36.45,walking
146739200849537,-0.492,-9.76095,-1.05495,0.0108624995,-0.006875,-0.001925,-22.087502,16.81875,36.46875,walking
146739220582605,-0.48705003,-9.76095,-0.98805004,0.0055,-0.006875,-0.0072875,-22.087502,16.800001,36.46875,walking
146739240646782,-0.47505003,-9.736951,-1.0189501,0.0012375,-0.006875,-0.01045,-22.087502,16.800001,36.46875,walking
146739260698586,-0.43395,-9.708,-1.0189501,0.0066,0.00165,-0.0061875,-22.06875,16.800001,36.487503,walking
146739280737563,-0.40800002,-9.700951,-1.005,0.012925,0.0070125,-8.25E-4,-22.06875,16.78125,36.506252,walking
146739300775812,-0.45600003,-9.708,-1.05495,0.0108624995,5.5E-4,-0.001925,-22.06875,16.7625,36.46875,walking
146739320800737,-0.46995002,-9.736951,-1.062,0.0023375,-0.0111375,-0.0061875,-22.050001,16.7625,36.46875,walking
146739340814468,-0.492,-9.76095,-1.029,-0.0072875,-0.0143,-0.0083875,-22.06875,16.7625,36.46875,walking
146739360830437,-0.50805,-9.73005,-1.04295,2.75E-4,0.00165,-0.0061875,-22.087502,16.78125,36.45,walking
146739380836790,-0.50595003,-9.696,-1.077,0.0023375,0.0081124995,-8.25E-4,-22.10625,16.78125,36.43125,walking
146739400847019,-0.504,-9.727051,-1.11705,-0.001925,-0.006875,0.0012375,-22.10625,16.78125,36.46875,walking
146739420585015,-0.49695003,-9.768001,-1.1149501,-0.003025,-0.0165,0.0023375,-22.06875,16.7625,36.45,walking
146739440642370,-0.47700003,-9.79395,-1.04805,0.0086624995,-0.0015125,-0.001925,-22.050001,16.706251,36.45,walking
146739460700096,-0.46800002,-9.727051,-1.04595,0.0171875,0.026124999,-0.0050875,-22.050001,16.6875,36.46875,walking
146739480743637,-0.48900002,-9.679951,-1.077,0.015125,0.026124999,-0.004125,-22.03125,16.66875,36.46875,walking
146739500773883,-0.52005005,-9.71805,-1.07895,0.0034375,0.00275,1.375E-4,-22.03125,16.63125,36.487503,walking
146739520803715,-0.48900002,-9.732,-0.99495006,-0.001925,-0.0174625,-8.25E-4,-22.03125,16.612501,36.506252,walking
146739540821346,-0.42900002,-9.768001,-0.98805004,2.75E-4,-0.0015125,1.375E-4,-22.03125,16.59375,36.487503,walking
146739560828990,-0.45105,-9.724951,-1.04295,0.0097624995,0.012375,1.375E-4,-22.03125,16.59375,36.487503,walking
146739580839990,-0.48000002,-9.723001,-1.09305,0.016224999,0.012375,-0.003025,-22.03125,16.59375,36.487503,walking
146739600842554,-0.47700003,-9.7560005,-1.0890001,0.0034375,0.00165,-0.0050875,-22.03125,16.59375,36.487503,walking
146739620838699,-0.44895002,-9.744,-1.02405,-0.0050875,-0.0132,-0.0050875,-22.050001,16.63125,36.525,walking
146739640841533,-0.47505003,-9.727051,-0.98295003,-0.0061875,-0.0185625,-8.25E-4,-22.087502,16.6875,36.487503,walking
146739660838630,-0.44400004,-9.7560005,-0.98595005,0.0012375,-0.0037125,-8.25E-4,-22.087502,16.706251,36.506252,walking
146739680842780,-0.441,-9.744,-1.08405,0.0097624995,0.0133375,-0.001925,-22.10625,16.706251,36.46875,walking
146739700841290,-0.48495004,-9.72,-1.146,0.0097624995,0.0209,0.0034375,-22.087502,16.706251,36.5625,walking
146739720835464,-0.55605,-9.732,-1.08405,0.0045375,0.009075,0.0034375,-22.10625,16.6875,36.5625,walking
146739740837769,-0.51105005,-9.736951,-1.00695,-0.003025,0.009075,-0.001925,-22.087502,16.706251,36.5625,walking
146739760835320,-0.441,-9.75105,-0.96900004,-0.0039875,0.010175,-0.001925,-22.10625,16.6875,36.506252,walking
146739780829208,-0.46995002,-9.72,-1.0170001,0.0012375,0.010175,-8.25E-4,-22.125,16.6875,36.506252,walking
146739800831687,-0.50595003,-9.75105,-1.065,0.0066,0.0144375,0.0044,-22.143751,16.743752,36.46875,walking
146739820566085,-0.46305,-9.74205,-1.08405,0.0077,0.0144375,0.0077,-22.1625,16.800001,36.45,walking
146739840633017,-0.45600003,-9.7560005,-1.0530001,0.0023375,-0.0111375,0.0023375,-22.181252,16.837502,36.46875,walking
146739860688135,-0.46305,-9.747001,-0.95205003,2.75E-4,-0.0356125,-0.0050875,-22.2,16.85625,36.487503,walking
146739880730564,-0.44400004,-9.711,-0.96195006,-8.25E-4,-0.021724999,-0.01265,-22.2,16.85625,36.506252,walking
146739900771913,-0.432,-9.712951,-1.0000501,0.0045375,0.009075,-0.00935,-22.2,16.85625,36.487503,walking
146739920799704,-0.39405003,-9.79395,-1.0360501,0.0066,0.0176,-0.001925,-22.21875,16.837502,36.45,walking
146739940815781,-0.40095,-9.759001,-1.02195,-8.25E-4,-0.0015125,0.0044,-22.2,16.837502,36.45,walking
146739960833554,-0.432,-9.711,-1.0339501,-8.25E-4,-0.0154,0.0077,-22.2,16.81875,36.46875,walking
146739980830134,-0.492,-9.699,-1.041,-0.003025,5.5E-4,0.0055,-22.181252,16.81875,36.487503,walking
146740000832722,-0.55395,-9.732,-1.04295,-0.003025,0.012375,0.0012375,-22.2,16.81875,36.412502,walking
146740020577571,-0.564,-9.76605,-1.0339501,-0.0050875,0.0048125,-8.25E-4,-22.2,16.81875,36.375,walking
146740040639411,-0.51105005,-9.76305,-1.04295,-0.00825,-0.0111375,-0.001925,-22.2,16.81875,36.375,walking
146740060689307,-0.48900002,-9.732,-1.0360501,2.75E-4,-0.0132,0.0012375,-22.2,16.81875,36.318752,walking
146740080735951,-0.48000002,-9.706051,-1.0530001,0.0066,5.5E-4,0.0012375,-22.21875,16.800001,36.3375,walking
146740100768829,-0.45105,-9.700951,-1.0360501,0.0055,-4.125E-4,0.0023375,-22.21875,16.78125,36.3375,walking
146740120800900,-0.46095002,-9.739051,-1.04295,0.0023375,-0.0165,-8.25E-4,-22.2,16.800001,36.318752,walking
146740140820076,-0.47295,-9.77805,-0.97605,-0.0039875,-0.0270875,-0.0072875,-22.2,16.81875,36.318752,walking
146740160828984,-0.42195,-9.768001,-0.96405005,-0.0072875,-0.0154,-0.00935,-22.21875,16.85625,36.28125,walking
146740180840742,-0.36705002,-9.736951,-0.99495006,-0.01045,-0.006875,-0.0061875,-22.21875,16.85625,36.318752,walking
146740200843796,-0.42195,-9.699,-1.05495,-0.0050875,-0.0111375,1.375E-4,-22.2,16.837502,36.300003,walking
146740220578858,-0.44895002,-9.759001,-1.0720501,0.0055,-0.004675,0.0034375,-22.2,16.81875,36.24375,walking
146740240642543,-0.49905002,-9.77505,-1.07895,-8.25E-4,0.012375,0.0012375,-22.1625,16.78125,36.300003,walking
146740260694062,-0.51795,-9.74205,-1.0669501,-0.0050875,0.00165,0.0044,-22.1625,16.7625,36.300003,walking
146740280732623,-0.55905,-9.71805,-1.029,-0.00825,-0.007975,0.0066,-22.1625,16.7625,36.28125,walking
146740300770487,-0.549,-9.71805,-0.97905004,0.0012375,0.0133375,1.375E-4,-22.181252,16.7625,36.28125,walking
146740320795066,-0.49905002,-9.75405,-1.065,0.0097624995,0.0389125,0.0023375,-22.181252,16.7625,36.300003,walking
146740340820175,-0.55395,-9.696,-1.0860001,0.0108624995,0.027224999,0.0034375,-22.2,16.7625,36.28125,walking
146740360833248,-0.58005005,-9.691051,-1.062,-0.0039875,-0.0015125,0.0055,-22.181252,16.7625,36.35625,walking
146740380837031,-0.48495004,-9.74895,-1.029,-0.0125124995,-0.0100375,0.0044,-22.1625,16.743752,36.375,walking
146740400845135,-0.453,-9.77505,-1.02195,-0.0061875,-4.125E-4,-8.25E-4,-22.125,16.6875,36.393753,walking
146740420584313,-0.441,-9.747001,-1.04295,0.0055,0.0198,-0.003025,-22.10625,16.63125,36.412502,walking
146740440639876,-0.46305,-9.71805,-1.1080501,0.0055,0.0155375,-0.0050875,-22.10625,16.59375,36.43125,walking
146740460696314,-0.46800002,-9.732,-1.09605,-0.003025,-0.0143,-0.003025,-22.10625,16.575,36.412502,walking
146740480738736,-0.39795002,-9.76305,-1.014,-0.0125124995,-0.03135,-0.003025,-22.10625,16.575,36.412502,walking
146740500768488,-0.372,-9.759001,-0.93795,-8.25E-4,-0.0270875,0.0023375,-22.10625,16.59375,36.45,walking
146740520797566,-0.43395,-9.724951,-1.0170001,0.0077,-0.0037125,-0.001925,-22.10625,16.612501,36.45,walking
146740540814808,-0.44895002,-9.67695,-1.04595,0.0066,0.00165,-0.0083875,-22.125,16.63125,36.487503,walking
146740560833325,-0.47700003,-9.76305,-1.0860001,-8.25E-4,-0.0026125,-0.0050875,-22.125,16.63125,36.45,walking
146740580841638,-0.52005005,-9.79395,-1.014,-0.0039875,-0.0100375,-0.001925,-22.143751,16.63125,36.412502,walking
146740600842203,-0.46500003,-9.712951,-0.97905004,0.0012375,-0.004675,0.0023375,-22.125,16.63125,36.43125,walking
146740620575251,-0.42705002,-9.67695,-1.02195,0.0034375,-0.0026125,0.0034375,-22.125,16.612501,36.43125,walking
146740640637556,-0.52995,-9.715051,-1.06005,0.0012375,-4.125E-4,0.0023375,-22.10625,16.59375,36.45,walking
146740660688171,-0.54,-9.77505,-1.065,-8.25E-4,0.0081124995,-8.25E-4,-22.10625,16.59375,36.487503,walking
146740680737219,-0.52305,-9.78495,-1.041,-0.0039875,0.0166375,-8.25E-4,-22.10625,16.612501,36.45,walking
146740700771852,-0.52005005,-9.712951,-1.041,-0.0050875,0.00385,1.375E-4,-22.10625,16.63125,36.45,walking
146740720793921,-0.52005005,-9.655951,-1.077,-0.0039875,-0.0089375,1.375E-4,-22.125,16.63125,36.43125,walking
146740740816386,-0.47505003,-9.75105,-1.077,0.0012375,0.00275,-8.25E-4,-22.125,16.63125,36.43125,walking
146740760828327,-0.43905002,-9.802051,-1.0720501,0.0097624995,0.0059125,1.375E-4,-22.10625,16.59375,36.487503,walking
146740780842386,-0.43905002,-9.76305,-1.029,0.0108624995,-0.007975,0.0012375,-22.10625,16.59375,36.46875,walking
146740800847250,-0.48495004,-9.715051,-1.026,2.75E-4,-0.0026125,-0.003025,-22.10625,16.59375,36.506252,walking
146740820583696,-0.46995002,-9.696,-1.0309501,-0.0061875,5.5E-4,-0.0061875,-22.10625,16.575,36.506252,walking
146740840636647,-0.43395,-9.715051,-1.0309501,2.75E-4,-0.0089375,-0.003025,-22.10625,16.556252,36.525,walking
146740860691320,-0.46800002,-9.75105,-0.99105006,0.015125,-0.0132,-0.001925,-22.10625,16.518751,36.54375,walking
146740880732555,-0.46500003,-9.759001,-1.0530001,0.0086624995,0.00275,-8.25E-4,-22.087502,16.518751,36.54375,walking
146740900772855,-0.46500003,-9.73005,-1.09095,0.0023375,0.0144375,1.375E-4,-22.06875,16.5375,36.506252,walking
146740920799554,-0.453,-9.747001,-1.04295,-0.0061875,-0.005775,-0.001925,-22.06875,16.5375,36.506252,walking
146740940814297,-0.47295,-9.74895,-0.97605,-0.0061875,-0.0207625,-0.001925,-22.06875,16.5375,36.487503,walking
146740960830871,-0.49395,-9.712951,-1.0380001,-0.0061875,-0.005775,0.0012375,-22.06875,16.5375,36.43125,walking
146740980837584,-0.50595003,-9.711,-1.1220001,0.0012375,0.012375,0.0023375,-22.087502,16.5375,36.412502,walking
146741000836626,-0.52005005,-9.76095,-1.1220001,0.0077,0.0251625,0.0012375,-22.087502,16.5375,36.45,walking
146741020580136,-0.47505003,-9.723001,-1.065,0.0055,0.0155375,1.375E-4,-22.10625,16.5375,36.43125,walking
146741040639358,-0.504,-9.732,-1.074,-0.003025,0.010175,1.375E-4,-22.087502,16.5375,36.46875,walking
146741060698311,-0.48900002,-9.771001,-1.00695,-8.25E-4,-4.125E-4,-8.25E-4,-22.06875,16.5375,36.506252,walking
146741080742751,-0.44595003,-9.76305,-0.98295003,0.0012375,-0.004675,1.375E-4,-22.087502,16.5375,36.506252,walking
146741100773707,-0.441,-9.744,-1.00695,0.0077,-0.007975,-0.001925,-22.06875,16.518751,36.46875,walking
146741120803961,-0.46500003,-9.679951,-1.05795,0.0066,-0.0122375,-0.0061875,-22.06875,16.5,36.487503,walking
146741140822033,-0.47505003,-9.706051,-1.05495,0.0023375,5.5E-4,1.375E-4,-22.06875,16.5,36.45,walking
146741160829946,-0.44595003,-9.768001,-0.98805004,0.0045375,-0.0089375,-0.001925,-22.06875,16.5,36.45,walking
146741180840841,-0.44595003,-9.77295,-0.99105006,0.0034375,-0.023924999,-0.004125,-22.06875,16.518751,36.487503,walking
146741200843351,-0.44595003,-9.732,-0.99105006,2.75E-4,-0.0196625,-0.0072875,-22.06875,16.518751,36.525,walking
146741220578074,-0.50805,-9.696,-1.07895,-0.0061875,-0.006875,-0.01045,-22.06875,16.518751,36.506252,walking
146741240641550,-0.48000002,-9.71805,-1.08105,-0.0072875,-0.004675,-0.0050875,-22.06875,16.518751,36.487503,walking
146741260692840,-0.42000002,-9.76605,-1.0189501,0.0055,-0.022824999,-8.25E-4,-22.06875,16.518751,36.525,walking
146741280742673,-0.47505003,-9.73005,-1.0360501,0.0066,-0.0345125,0.0023375,-22.050001,16.518751,36.525,walking
146741300778103,-0.47505003,-9.715051,-1.0500001,0.014025,-0.023924999,-8.25E-4,-22.050001,16.5,36.506252,walking
146741320800445,-0.528,-9.72,-1.0360501,0.0182875,-0.0174625,-0.014712499,-22.03125,16.48125,36.5625,walking
146741340823467,-0.49395,-9.75105,-0.97395,0.016224999,-0.022824999,-0.021175,-22.050001,16.48125,36.581253,walking
146741360835327,-0.41805002,-9.75105,-0.95895004,0.0066,-0.0526625,-0.018975,-22.06875,16.5,36.600002,walking
146741380838558,-0.36495003,-9.703051,-0.98805004,0.0086624995,-0.0441375,-0.01155,-22.06875,16.5,36.6375,walking
146741400845988,-0.279,-9.747001,-1.0020001,0.02475,0.0325875,-0.004125,-22.087502,16.5,36.65625,walking
146741420584526,-0.28800002,-9.759001,-1.0669501,0.0342375,0.112475,0.0193875,-22.10625,16.518751,36.693752,walking
146741440639578,-0.453,-9.706051,-1.1389501,0.0512875,0.1604625,0.0353375,-22.10625,16.5375,36.65625,walking
146741460695537,-0.609,-9.667951,-1.182,0.0460625,0.197725,0.0427625,-22.125,16.5375,36.61875,walking
146741480737745,-0.70995003,-9.651,-1.18005,0.0204875,0.1859,0.0416625,-22.1625,16.5375,36.61875,walking
146741500767229,-0.80805004,-9.694051,-1.1869501,-0.00935,0.147675,0.0407,-22.181252,16.518751,36.6375,walking
146741520796630,-0.82500005,-9.723001,-1.12905,-0.020075,0.10505,0.0331375,-22.2,16.5375,36.61875,walking
146741540814380,-0.73395,-9.739051,-1.1770501,-0.0050875,0.0592625,0.0246125,-22.21875,16.5375,36.61875,walking
146741560833394,-0.657,-9.77295,-1.24695,0.0097624995,0.029424999,0.014025,-22.237501,16.556252,36.6375,walking
146741580841856,-0.54,-9.8209505,-1.149,0.0097624995,0.0166375,1.375E-4,-22.237501,16.575,36.600002,walking
146741600842180,-0.39405003,-9.84195,-1.0020001,0.0108624995,-0.0100375,-0.0169125,-22.275002,16.556252,36.581253,walking
146741620575130,-0.24000001,-9.826051,-0.85200006,0.015125,-0.0452375,-0.0275,-22.275002,16.575,36.581253,walking
146741640637334,-0.18,-9.74895,-0.73395,0.0204875,-0.072875,-0.036025,-22.29375,16.59375,36.506252,walking
146741660687785,-0.18795002,-9.65295,-0.79905003,0.015125,-0.0589875,-0.053075,-22.3125,16.575,36.506252,walking
146741680737299,-0.26700002,-9.694051,-0.82095003,2.75E-4,-0.0526625,-0.0658625,-22.3125,16.575,36.46875,walking
146741700774333,-0.34305,-9.82995,-0.85200006,-0.013612499,-0.0708125,-0.0680625,-22.331251,16.575,36.46875,walking
146741720795857,-0.34995002,-9.864,-0.89205,-0.00825,-0.073975,-0.0616,-22.331251,16.556252,36.487503,walking
146741740818379,-0.34995002,-9.792001,-1.00995,0.0034375,-0.06545,-0.0499125,-22.331251,16.5375,36.487503,walking
146741760829893,-0.48495004,-9.732,-1.1580001,0.0193875,-0.0334125,-0.0402875,-22.35,16.518751,36.46875,walking
146741780843708,-0.65505004,-9.712951,-1.1580001,0.0077,0.0314875,-0.0402875,-22.368752,16.5375,36.43125,walking
146741800848303,-0.77205,-9.727051,-1.11705,-0.0380875,0.0528,-0.038225,-22.40625,16.575,36.412502,walking
146741820584535,-0.81000006,-9.700951,-1.08405,-0.0594,-0.0185625,-0.0169125,-22.425001,16.612501,36.43125,walking
146741840637632,-0.79800004,-9.672001,-1.0669501,-0.04455,-0.0622875,-0.004125,-22.462502,16.612501,36.45,walking
146741860692264,-0.74295,-9.62205,-1.1700001,-0.0286,-0.0430375,-0.020075,-22.5,16.63125,36.412502,walking
146741880733381,-0.64305,-9.75105,-1.31595,-0.018975,-0.0037125,-0.045649998,-22.518751,16.612501,36.393753,walking
146741900764233,-0.61395,-9.814051,-1.1370001,-0.0050875,-0.0089375,-0.0584375,-22.5375,16.63125,36.393753,walking
146741920794723,-0.38595003,-9.835051,-0.85200006,0.0034375,-0.0367125,-0.0605,-22.556252,16.612501,36.35625,walking
146741940812901,-0.06795,-9.76095,-0.78195006,0.0204875,-0.023924999,-0.055275,-22.556252,16.59375,36.318752,walking
146741960832227,0.075,-9.703051,-0.76500005,0.049225,-0.0037125,-0.045649998,-22.575,16.575,36.28125,walking
146741980839055,-0.135,-9.682051,-0.72495,0.0768625,0.0070125,-0.0413875,-22.575,16.556252,36.2625,walking
146742000840189,-0.312,-9.684,-0.64095,0.066275,0.029424999,-0.0510125,-22.59375,16.5375,36.24375,walking
146742020582922,-0.35295,-9.691051,-0.68895006,0.0290125,0.0218625,-0.0573375,-22.612501,16.5375,36.206253,walking
146742040640900,-0.324,-9.682051,-0.76305,-0.0050875,0.00165,-0.04675,-22.650002,16.5375,36.206253,walking
146742060690305,-0.252,-9.747001,-0.84405005,-0.0158125,0.060225,-0.01045,-22.6875,16.575,36.206253,walking
146742080736759,-0.23805001,-9.73005,-1.1029501,0.0034375,0.1582625,0.0364375,-22.706251,16.575,36.16875,walking
146742100771445,-0.43395,-9.65295,-1.39995,0.033275,0.2275625,0.0683375,-22.743752,16.575,36.09375,walking
146742120793548,-0.75495005,-9.624001,-1.4089501,0.0364375,0.2605625,0.08855,-22.78125,16.575,36.05625,walking
146742140816350,-0.99195004,-9.651,-1.2900001,0.0342375,0.2690875,0.0961125,-22.800001,16.556252,36.018753,walking
146742160828014,-0.97305006,-9.76605,-1.1340001,0.031075,0.2541,0.1035375,-22.837502,16.556252,36.0,walking
146742180839881,-0.71400005,-9.826051,-0.90000004,0.032175,0.180675,0.0928125,-22.875,16.5375,36.0,walking
146742200845321,-0.44595003,-9.95505,-0.80100006,0.05775,0.1093125,0.045925,-22.893751,16.5375,35.98125,walking
146742220580032,-0.216,-9.997951,-0.81105006,0.0705375,0.0837375,-0.0254375,-22.95,16.518751,35.90625,walking
146742240744540,0.08895,-9.84195,-0.837,0.029975,0.0570625,-0.0275,-23.00625,16.5375,35.86875,walking
146742260774328,0.23295002,-9.687,-0.84195006,-0.00825,0.00165,-0.0169125,-23.1,16.59375,35.79375,walking
146742280793335,0.50595003,-9.639001,-0.813,-0.001925,-4.125E-4,-0.0317625,-23.19375,16.63125,35.756252,walking
146742300814448,0.64005005,-9.72,-0.94995004,0.0171875,0.0815375,-0.0158125,-23.2875,16.63125,35.7,walking
146742320825595,0.12705001,-9.691051,-1.28505,0.0375375,0.1986875,0.0438625,-23.38125,16.650002,35.625,walking
146742340837567,-0.60705,-9.538051,-1.419,0.066275,0.3265625,0.0598125,-23.456251,16.63125,35.568752,walking
146742360843559,-1.023,-9.550051,-1.28295,0.0460625,0.400125,0.0353375,-23.5125,16.63125,35.550003,walking
146742380840226,-1.35405,-9.627001,-1.1370001,-0.0275,0.40865,0.011825,-23.550001,16.59375,35.5125,walking
146742400845825,-1.6170001,-9.744,-1.041,-0.084975,0.315975,0.0246125,-23.56875,16.518751,35.475002,walking
146742420581679,-1.3080001,-9.873,-0.89505005,-0.07865,0.1326875,0.0501875,-23.587502,16.462502,35.49375,walking
146742440635215,-0.77400005,-9.97395,-0.85200006,-0.0594,-0.089925,0.0044,-23.587502,16.425001,35.49375,walking
146742460659039,-0.312,-10.113001,-0.91200006,-0.0829125,-0.30195,-0.103125,-23.643751,16.40625,35.456253,walking
146742480652316,0.079050004,-10.210951,-0.90195006,-0.1170125,-0.451,-0.2107875,-23.681252,16.3875,35.456253,walking
146742500614156,0.48195,-10.07505,-0.69405,-0.1170125,-0.5586625,-0.2437875,-23.71875,16.3875,35.4375,walking
146742520549085,1.0180501,-9.826051,-0.50895,-0.087175,-0.6087125,-0.19373749,-23.775002,16.3875,35.41875,walking
146742540473066,1.4470501,-9.505051,-0.55005,-0.0499125,-0.478775,-0.1181125,-23.8125,16.3875,35.41875,walking
146742560383266,1.26195,-9.403951,-0.61695004,0.0108624995,-0.158125,-0.034925,-23.85,16.3875,35.4,walking
146742580279700,0.372,-9.580951,-0.66,0.0694375,0.1412125,0.047025,-23.8875,16.3875,35.362503,walking
146742600182849,-0.56595004,-9.65295,-0.50895,0.0972125,0.2616625,0.1035375,-23.925001,16.3875,35.34375,walking
146742620107444,-1.212,-9.699,-0.54795,0.12265,0.2882,0.113025,-23.962502,16.368752,35.34375,walking
146742640145594,-1.4809501,-9.780001,-0.76305,0.1280125,0.2924625,0.0757625,-23.98125,16.35,35.325,walking
146742660146853,-1.5790501,-9.699,-0.91605,0.098175,0.20405,0.0246125,-24.018751,16.3125,35.30625,walking
146742680105242,-1.2910501,-9.63405,-0.91200006,0.0620125,0.0804375,-0.00935,-24.0375,16.275002,35.325,walking
146742700085664,-0.86295,-9.62895,-0.96900004,0.0204875,0.0517,-0.013612499,-24.056252,16.25625,35.325,walking
146742720071737,-0.25500003,-9.603001,-1.1839501,-0.0306625,0.076175,-0.014712499,-24.093752,16.25625,35.325,walking
146742740061360,0.135,-9.655951,-1.3810501,-0.0818125,0.06985,-0.01265,-24.112501,16.237501,35.325,walking
146742760064906,0.108,-9.871051,-1.3590001,-0.1084875,0.010175,-0.014712499,-24.150002,16.21875,35.34375,walking
146742780046714,-0.16905001,-10.005,-1.5150001,-0.0924,-0.032449998,-0.01155,-24.16875,16.2,35.325,walking
146742800019916,-0.27600002,-9.972,-1.69395,-0.053075,-0.0174625,-0.01045,-24.187502,16.1625,35.30625,walking
146742820039807,-0.252,-9.871051,-1.6200001,-0.0306625,0.036849998,-0.0083875,-24.206251,16.143751,35.325,walking
146742840054281,-0.17295001,-9.868951,-1.32105,-0.0221375,0.0644875,-0.0050875,-24.206251,16.06875,35.362503,walking
146742860394384,-0.08205,-9.94005,-0.97905004,-0.0295625,0.0218625,-0.0072875,-24.16875,16.0125,35.34375,walking
146742880652142,-0.10395,-9.95505,-0.76995003,-0.0210375,-0.0686125,-0.0072875,-24.093752,15.95625,35.4,walking
146742900552062,-0.10605001,-9.771001,-0.744,-0.001925,-0.13145,-0.004125,-24.056252,15.95625,35.41875,walking
146742920707116,-0.13305001,-9.522,-0.753,0.016224999,-0.1155,-0.0158125,-24.0375,15.95625,35.456253,walking
146742940802059,-0.07305,-9.47805,-0.72195005,0.02475,-0.1016125,-0.0243375,-24.018751,15.95625,35.475002,walking
146742960870716,-0.010950001,-9.624001,-0.61905,0.0375375,-0.124025,-0.0083875,-23.98125,15.95625,35.49375,walking
146742980918924,-0.0010500001,-9.747001,-0.50205004,0.0631125,-0.0963875,0.0077,-23.962502,15.95625,35.5125,walking
146743000929423,0.010050001,-9.691051,-0.555,0.0609125,0.0048125,0.0023375,-23.962502,15.975,35.475002,walking
146743020670881,-0.07305,-9.715051,-0.651,0.0407,0.0719125,0.0055,-23.98125,15.975,35.41875,walking
146743040723702,-0.34995002,-9.792001,-0.62205005,0.032175,0.036849998,0.032175,-23.98125,16.0125,35.4,walking
146743060519140,-0.45795003,-9.814051,-0.63405,-0.0061875,-0.058025,0.064075,-23.98125,16.0125,35.381252,walking
146743080610714,-0.372,-9.700951,-0.88305,-0.033825,-0.109175,0.08855,-23.962502,16.0125,35.381252,walking
146743100682402,-0.40800002,-9.651,-1.1580001,-0.0221375,-0.0963875,0.098175,-23.962502,16.0125,35.381252,walking
146743120746266,-0.588,-9.703051,-1.19595,-0.013612499,-0.03135,0.0864875,-23.94375,16.0125,35.381252,walking
146743140790311,-0.61395,-9.7900505,-1.1869501,0.0012375,0.0570625,0.054449998,-23.962502,16.03125,35.34375,walking
146743160817470,-0.53205,-9.81795,-1.24395,0.02255,0.062425,0.012925,-23.962502,16.03125,35.325,walking
146743180830959,-0.44895002,-9.802051,-1.16805,0.032175,0.026124999,-0.021175,-23.962502,16.050001,35.381252,walking
146743200957622,-0.36495003,-9.7900505,-1.11,0.02365,0.0422125,-0.0328625,-23.94375,16.050001,35.381252,walking
146743220671695,-0.20205002,-9.80895,-1.1770501,0.0353375,0.0666875,-0.0243375,-23.94375,16.050001,35.381252,walking
146743240761935,-0.006,-9.768001,-1.1389501,0.0438625,0.078375,-0.013612499,-23.94375,16.050001,35.362503,walking
146743260785739,0.03195,-9.747001,-1.06005,0.015125,0.094325,-0.004125,-23.925001,16.050001,35.4,walking
146743280800148,-0.20700002,-9.79695,-1.2229501,-0.0264,0.115637496,0.0023375,-23.8875,16.050001,35.4,walking
146743300817772,-0.53505003,-9.826051,-1.371,-0.071225,0.111375,0.0097624995,-23.85,16.03125,35.475002,walking
146743320826440,-0.72195005,-9.78195,-1.33305,-0.0988625,0.0655875,0.031075,-23.8125,16.03125,35.49375,walking
146743340839075,-0.75705004,-9.66495,-1.36905,-0.100925,-0.038775,0.0374,-23.775002,16.03125,35.53125,walking
146743360843513,-0.72195005,-9.865951,-1.3230001,-0.1255375,-0.1868625,0.011825,-23.737501,16.050001,35.550003,walking
146743380841615,-0.54,-10.22805,-1.1839501,-0.12979999,-0.30827498,-0.021175,-23.7,16.06875,35.568752,walking
146743400846244,-0.27105,-10.194,-1.0360501,-0.0829125,-0.34347498,-0.0424875,-23.681252,16.087502,35.60625,walking
146743420581347,0.11100001,-9.771001,-0.86805004,-0.0328625,-0.26895,-0.0573375,-23.6625,16.10625,35.625,walking
146743440636728,0.46305,-9.354,-0.72,0.012925,-0.1155,-0.053075,-23.643751,16.143751,35.625,walking
146743460693618,0.47505003,-9.28005,-0.55995005,0.0683375,0.0133375,-0.01045,-23.643751,16.1625,35.662502,walking
146743480737193,0.10305001,-9.403951,-0.34395,0.133375,0.088,0.0438625,-23.625,16.1625,35.662502,walking
146743500768074,-0.25695002,-9.612,-0.25995,0.1802625,0.1551,0.0523875,-23.60625,16.1625,35.68125,walking
146743520798790,-0.49695003,-9.82995,-0.37500003,0.167475,0.2211,0.029975,-23.56875,16.181252,35.643753,walking
146743540817255,-0.717,-9.91905,-0.49005002,0.100375,0.22,0.02145,-23.550001,16.2,35.662502,walking
146743560825693,-0.79305005,-9.74205,-0.52605003,0.0119624995,0.1082125,0.0427625,-23.550001,16.21875,35.662502,walking
146743580837433,-0.58995,-9.547951,-0.70095,-0.0647625,-0.0441375,0.0683375,-23.53125,16.21875,35.662502,walking
146743600840749,-0.41805002,-9.47595,-1.1080501,-0.095699996,-0.13145,0.0768625,-23.5125,16.25625,35.68125,walking
146743620573324,-0.54405004,-9.67695,-1.5079501,-0.0721875,-0.139975,0.064075,-23.5125,16.275002,35.71875,walking
146743640638001,-0.73095006,-9.993,-1.6660501,-0.045649998,-0.0952875,0.0449625,-23.5125,16.29375,35.71875,walking
146743660690508,-0.67605,-10.113001,-1.5870001,-0.0232375,-0.0207625,0.0342375,-23.493752,16.3125,35.737503,walking
146743680741260,-0.39795002,-9.79395,-1.4260501,0.016224999,0.009075,0.0246125,-23.493752,16.3125,35.7,walking
146743700777304,-0.20205002,-9.59595,-1.1890501,0.02145,0.0389125,0.0193875,-23.475,16.3125,35.68125,walking
146743720800278,-0.14205001,-9.603001,-0.98295003,0.0204875,0.095425,0.011825,-23.456251,16.3125,35.68125,walking
146743740823583,-0.24795002,-9.655951,-0.93495005,0.0023375,0.0889625,0.0066,-23.4375,16.29375,35.68125,walking
146743760835530,-0.35295,-9.84,-0.87600005,-0.0125124995,0.0411125,0.0097624995,-23.41875,16.3125,35.71875,walking
146743780838489,-0.34305,-9.924001,-0.87105006,-0.0210375,0.0251625,0.015125,-23.4375,16.35,35.662502,walking
146743800845960,-0.35505003,-9.864,-1.0890001,-0.0253,0.0303875,0.02365,-23.456251,16.425001,35.643753,walking
146743820582380,-0.37695003,-9.715051,-1.1770501,-0.001925,0.03575,0.0257125,-23.456251,16.44375,35.625,walking
146743840649335,-0.47700003,-9.651,-1.125,0.033275,0.0411125,0.0097624995,-23.41875,16.48125,35.643753,walking
146743860703157,-0.53505003,-9.727051,-1.0380001,0.0257125,0.06985,-0.0083875,-23.41875,16.5375,35.60625,walking
146743880743554,-0.597,-9.81105,-0.98595005,0.0077,0.06875,-0.018975,-23.4375,16.59375,35.5875,walking
146743900782606,-0.56595004,-9.816001,-0.85605,-0.016775,0.0176,-0.017875,-23.456251,16.63125,35.568752,walking
146743920808013,-0.45600003,-9.744,-0.74205005,-0.0477125,-0.0836,-0.01265,-23.456251,16.650002,35.550003,walking
146743940821953,-0.42000002,-9.687,-0.88005006,-0.053075,-0.175175,-0.0072875,-23.475,16.6875,35.568752,walking
146743960837892,-0.41295,-9.759001,-1.06005,-0.0253,-0.192225,-0.00935,-23.475,16.706251,35.568752,walking
146743980844201,-0.34605002,-9.79695,-1.0669501,0.0119624995,-0.126225,-0.0275,-23.456251,16.743752,35.550003,walking
146744000842996,-0.30705002,-9.691051,-1.07895,0.0449625,-0.039875,-0.0413875,-23.456251,16.78125,35.550003,walking
146744020847569,-0.36495003,-9.64095,-0.94995004,0.0631125,0.011275,-0.0297,-23.456251,16.800001,35.550003,walking
146744040845603,-0.40305,-9.660001,-0.79905003,0.047025,0.0303875,-0.0169125,-23.456251,16.81875,35.53125,walking
146744060838870,-0.35295,-9.71805,-0.69600004,0.0119624995,-0.0367125,-0.01155,-23.456251,16.85625,35.5125,walking
146744080840049,-0.35505003,-9.8230505,-0.73005,-0.033825,-0.1016125,0.0034375,-23.475,16.875,35.5125,walking
146744100836415,-0.55200005,-9.804001,-0.81600004,-0.0594,-0.092125,0.02365,-23.493752,16.9125,35.5125,walking
146744120840360,-0.62295,-9.670051,-1.125,-0.043449998,-0.0484,0.032175,-23.5125,16.931252,35.53125,walking
146744140839196,-0.56595004,-9.61005,-1.3110001,-0.014712499,-4.125E-4,0.0279125,-23.5125,16.95,35.4375,walking
146744160833943,-0.62595004,-9.66495,-1.27995,0.0086624995,0.036849998,0.011825,-23.5125,16.95,35.456253,walking
146744180836945,-0.66405004,-9.81105,-1.2610501,-0.001925,0.0539,-8.25E-4,-23.53125,16.96875,35.456253,walking
146744200835237,-0.54195005,-9.880951,-1.08105,-0.0125124995,0.062425,-0.003025,-23.550001,16.987501,35.475002,walking
146744220566532,-0.41805002,-9.792001,-0.957,-8.25E-4,0.0804375,-0.001925,-23.550001,16.96875,35.4375,walking
146744240630669,-0.36195,-9.700951,-0.95895004,0.031075,0.0815375,-0.0083875,-23.53125,16.987501,35.456253,walking
146744260683780,-0.36495003,-9.712951,-1.029,0.0449625,0.0507375,-0.020075,-23.53125,16.987501,35.49375,walking
146744280724752,-0.441,-9.76305,-1.02195,0.02255,-4.125E-4,-0.0402875,-23.53125,16.987501,35.5125,walking
146744300765239,-0.324,-9.835051,-0.95895004,-0.014712499,-0.0452375,-0.04455,-23.5125,16.987501,35.550003,walking
146744320792464,-0.16905001,-9.816001,-0.94005007,-0.0253,-0.0462,-0.0297,-23.5125,16.987501,35.568752,walking
146744340808274,-0.10395,-9.72,-1.00695,-0.00935,-0.0026125,-0.017875,-23.53125,16.987501,35.550003,walking
146744360826045,-0.23595001,-9.711,-1.1700001,0.0077,0.0422125,-0.017875,-23.53125,16.987501,35.53125,walking
146744380845153,-0.50100005,-9.744,-1.2610501,2.75E-4,0.029424999,-0.01265,-23.493752,16.931252,35.550003,walking
146744400853917,-0.70005006,-9.76095,-1.1869501,-0.003025,-0.023924999,-0.003025,-23.475,16.875,35.53125,walking
146744420854538,-0.64695,-9.77505,-1.06005,0.0012375,-0.032449998,-0.004125,-23.456251,16.837502,35.475002,walking
146744440849078,-0.48495004,-9.715051,-0.98595005,0.0097624995,0.0240625,-0.0050875,-23.456251,16.81875,35.5125,walking
146744460850683,-0.47295,-9.62895,-1.00695,0.02255,0.0517,-0.003025,-23.4375,16.78125,35.550003,walking
146744480844810,-0.61095005,-9.62205,-0.94305,0.02145,0.036849998,-0.004125,-23.4375,16.743752,35.568752,walking
146744500837437,-0.57600003,-9.72,-0.85200006,0.0193875,0.0166375,-0.00935,-23.4375,16.743752,35.550003,walking
146744520838485,-0.46995002,-9.732,-0.89205,0.0204875,-0.006875,-0.020075,-23.4375,16.743752,35.568752,walking
146744540835159,-0.42705002,-9.76095,-0.91605,0.0097624995,-0.0207625,-0.021175,-23.4375,16.725,35.53125,walking
146744560828333,-0.37395,-9.78705,-0.87600005,-0.003025,-0.0111375,-0.017875,-23.4375,16.706251,35.49375,walking
146744580828084,-0.28305,-9.744,-0.95205003,-0.00825,0.00385,-0.0083875,-23.456251,16.6875,35.49375,walking
146744600826263,-0.22395001,-9.711,-0.98295003,0.0055,0.00275,1.375E-4,-23.456251,16.650002,35.475002,walking
146744620557515,-0.279,-9.768001,-1.0170001,0.02475,0.0059125,0.0055,-23.475,16.63125,35.475002,walking
146744640622160,-0.372,-9.847051,-1.062,0.032175,0.0496375,0.0108624995,-23.475,16.59375,35.475002,walking
146744660675679,-0.40800002,-9.802051,-1.06005,0.02145,0.0730125,0.0160875,-23.475,16.575,35.456253,walking
146744680726060,-0.39105,-9.74895,-1.00995,0.0055,0.0837375,0.028875,-23.475,16.5375,35.41875,walking
146744700764921,-0.36705002,-9.670051,-0.94500005,0.0045375,0.095425,0.0438625,-23.475,16.5375,35.362503,walking
146744720790587,-0.441,-9.64095,-1.0380001,0.012925,0.1093125,0.0512875,-23.475,16.5,35.381252,walking
146744740816423,-0.57105005,-9.612,-1.098,0.0204875,0.0974875,0.0449625,-23.475,16.48125,35.41875,walking
146744760830511,-0.66195005,-9.74205,-1.0189501,0.02475,0.03795,0.02255,-23.456251,16.44375,35.456253,walking
146744780844242,-0.564,-9.913951,-0.91395,0.014025,-0.0281875,-0.0072875,-23.456251,16.425001,35.49375,walking
146744800850988,-0.33600003,-9.889951,-0.79695004,0.015125,-0.06655,-0.0275,-23.456251,16.40625,35.49375,walking
146744820586615,-0.13005,-9.7560005,-0.813,0.015125,-0.0963875,-0.036025,-23.4375,16.3875,35.53125,walking
146744840652610,-0.00795,-9.71805,-0.76995003,0.012925,-0.1208625,-0.0317625,-23.4375,16.3875,35.475002,walking
146744860705609,0.03195,-9.708,-0.78495,2.75E-4,-0.1464375,-0.0286,-23.4375,16.3875,35.475002,walking
146744880742904,-0.063,-9.71805,-0.84900004,-0.017875,-0.1601875,-0.0264,-23.4375,16.3875,35.456253,walking
146744900781975,-0.22095,-9.79395,-0.87105006,-0.0158125,-0.142175,-0.0275,-23.41875,16.3875,35.4375,walking
146744920807401,-0.33405003,-9.850051,-0.92805004,-0.01155,-0.117699996,-0.0297,-23.41875,16.40625,35.4375,walking
146744940821424,-0.33105,-9.89295,-0.99495006,-0.0125124995,-0.0793375,-0.0243375,-23.400002,16.40625,35.4375,walking
146744960837407,-0.33405003,-9.816001,-1.041,-0.01045,-0.0281875,-0.0158125,-23.38125,16.40625,35.475002,walking
146744980841435,-0.42900002,-9.682051,-1.05495,-0.0061875,-0.006875,-0.003025,-23.38125,16.40625,35.475002,walking
146745000840864,-0.53205,-9.679951,-1.026,0.014025,5.5E-4,0.011825,-23.38125,16.425001,35.53125,walking
146745020582449,-0.68100005,-9.682051,-1.02195,0.0290125,0.0166375,0.0182875,-23.362501,16.425001,35.5875,walking
146745040642338,-0.79605,-9.660001,-1.00995,0.02255,-0.006875,0.0097624995,-23.34375,16.44375,35.550003,walking
146745060690791,-0.74595004,-9.77505,-0.95205003,2.75E-4,-0.040975,-0.0083875,-23.34375,16.44375,35.568752,walking
146745080736233,-0.53505003,-9.81105,-0.85905004,-0.0072875,-0.037675,-0.0221375,-23.325,16.462502,35.568752,walking
146745100770663,-0.312,-9.663,-0.93495005,0.0119624995,0.0144375,-0.017875,-23.2875,16.462502,35.568752,walking
146745120803960,-0.20895001,-9.636001,-1.0189501,0.0268125,0.07095,-0.0061875,-23.2875,16.44375,35.60625,walking
146745140824060,-0.216,-9.81105,-1.0360501,0.02145,0.055,0.0171875,-23.268751,16.425001,35.568752,walking
146745160833596,-0.21405001,-9.91695,-1.0380001,0.0066,-0.004675,0.0279125,-23.268751,16.462502,35.625,walking
146745180843592,-0.31905,-9.76305,-0.98805004,-0.0039875,-0.0270875,0.02365,-23.25,16.462502,35.625,walking
146745200847511,-0.43695003,-9.64395,-1.0380001,2.75E-4,-0.0122375,0.0034375,-23.23125,16.462502,35.643753,walking
146745220581244,-0.50805,-9.67695,-1.1370001,-0.0072875,0.0133375,-0.018975,-23.212502,16.462502,35.5875,walking
146745240646003,-0.42900002,-9.78705,-1.1010001,-0.0050875,-0.0122375,-0.0232375,-23.19375,16.462502,35.625,walking
146745260698210,-0.26700002,-9.852,-1.04595,-0.003025,-0.0600875,-0.017875,-23.175001,16.462502,35.643753,walking
146745280746414,-0.18300001,-9.861,-0.94305,0.0034375,-0.0622875,-0.01265,-23.15625,16.462502,35.68125,walking
146745300782746,-0.14505,-9.74895,-0.94500005,0.0171875,-0.0122375,0.0012375,-23.1375,16.462502,35.662502,walking
146745320805924,-0.24300002,-9.65295,-0.92100006,0.0290125,0.0485375,0.0193875,-23.1375,16.48125,35.7,walking
146745340818200,-0.37005,-9.667951,-0.85605,0.033275,0.0974875,0.0364375,-23.118752,16.462502,35.7,walking
146745360832888,-0.513,-9.703051,-0.864,0.0268125,0.1188,0.047025,-23.118752,16.48125,35.643753,walking
146745380836327,-0.69000006,-9.696,-0.864,0.0171875,0.10395,0.049225,-23.1375,16.5,35.60625,walking
146745400846205,-0.85605,-9.696,-0.85395,0.0097624995,0.0804375,0.029975,-23.1375,16.5,35.60625,walking
146745420584707,-0.81000006,-9.780001,-0.864,0.0066,0.0517,0.0012375,-23.1375,16.5375,35.5875,walking
146745440639355,-0.657,-9.80895,-0.94005007,-0.001925,0.011275,-0.0158125,-23.175001,16.556252,35.60625,walking
146745460697511,-0.46995002,-9.76305,-0.95505005,-8.25E-4,-0.0089375,-0.017875,-23.15625,16.556252,35.60625,walking
146745480739397,-0.31500003,-9.747001,-0.94305,0.0055,-0.0089375,-0.013612499,-23.15625,16.556252,35.625,walking
146745500770712,-0.19005,-9.77805,-0.92100006,0.0034375,0.00385,-0.00935,-23.15625,16.575,35.625,walking
146745520801568,-0.22605,-9.80895,-0.87105006,-0.014712499,0.00165,-0.001925,-23.15625,16.556252,35.643753,walking
146745540819905,-0.34800002,-9.816001,-0.85200006,-0.0210375,-0.0281875,0.0086624995,-23.15625,16.5375,35.662502,walking
146745560828061,-0.40800002,-9.78705,-0.85200006,-0.01045,-0.0345125,0.0055,-23.175001,16.518751,35.643753,walking
146745580837136,-0.42195,-9.727051,-0.90000004,-0.003025,-0.0132,-0.01155,-23.175001,16.518751,35.643753,walking
146745600840606,-0.47700003,-9.724951,-0.97605,0.0012375,0.0081124995,-0.021175,-23.175001,16.518751,35.643753,walking
146745620574027,-0.49695003,-9.71805,-0.93795,0.012925,0.0240625,-0.020075,-23.175001,16.5,35.662502,walking
146745640624924,-0.37005,-9.77805,-0.83205,0.0171875,0.0144375,-0.020075,-23.175001,16.5,35.643753,walking
146745660680375,-0.23595001,-9.814051,-0.80100006,0.016224999,-0.0089375,-0.0243375,-23.175001,16.5,35.60625,walking
146745680731463,-0.252,-9.844951,-0.837,0.0012375,-0.03135,-0.0286,-23.175001,16.48125,35.625,walking
146745700770388,-0.32895002,-9.74895,-0.83205,-0.0253,-0.0419375,-0.018975,-23.19375,16.48125,35.5875,walking
146745720795714,-0.29505002,-9.660001,-0.84705,-0.0328625,-0.0504625,-0.00935,-23.19375,16.48125,35.550003,walking
146745740820884,-0.216,-9.724951,-0.8880001,-0.0232375,-0.058025,-8.25E-4,-23.19375,16.48125,35.568752,walking
146745760834115,-0.22395001,-9.861,-0.94305,-0.00935,-0.0495,0.0044,-23.175001,16.462502,35.568752,walking
146745780847083,-0.34305,-9.847051,-1.04805,0.0119624995,-0.0495,0.0034375,-23.175001,16.44375,35.550003,walking
146745800853087,-0.43395,-9.715051,-1.029,0.0193875,-0.0537625,-0.01265,-23.15625,16.462502,35.568752,walking
146745820588019,-0.39105,-9.684,-0.88005006,0.0034375,-0.0473,-0.0221375,-23.175001,16.462502,35.643753,walking
146745840639981,-0.25500003,-9.74895,-0.79200006,-0.0039875,-0.0504625,-0.017875,-23.19375,16.5375,35.625,walking
146745860695732,-0.14205001,-9.79395,-0.768,0.0077,-0.039875,-0.003025,-23.212502,16.575,35.643753,walking
146745880735615,-0.16395001,-9.75405,-0.81600004,0.02365,0.011275,0.011825,-23.212502,16.575,35.643753,walking
146745900776756,-0.33900002,-9.691051,-0.97395,0.0279125,0.0837375,0.0279125,-23.23125,16.575,35.7,walking
146745920804002,-0.56805,-9.658051,-1.02405,0.0119624995,0.1007875,0.0342375,-23.23125,16.556252,35.71875,walking
146745940819390,-0.66705,-9.696,-0.933,-0.01045,0.0517,0.0364375,-23.23125,16.556252,35.756252,walking
146745960836397,-0.669,-9.7560005,-0.91605,-0.0264,0.0325875,0.032175,-23.23125,16.5375,35.8125,walking
146745980841367,-0.69000006,-9.76095,-1.02195,-0.0232375,0.0485375,0.029975,-23.212502,16.518751,35.8125,walking
146746000841171,-0.73095006,-9.768001,-1.161,-0.01045,0.06875,0.0193875,-23.212502,16.5,35.831253,walking
146746020583036,-0.68805003,-9.74895,-1.1389501,-0.0072875,0.076175,0.0034375,-23.19375,16.48125,35.831253,walking
146746040640523,-0.53505003,-9.744,-1.065,-0.01155,0.045375,-0.004125,-23.19375,16.48125,35.8125,walking
146746060689546,-0.41505003,-9.76305,-1.005,-0.0210375,-0.0111375,-0.003025,-23.23125,16.48125,35.79375,walking
146746080735650,-0.29505002,-9.78495,-0.88995004,-0.0125124995,-0.040975,-0.0050875,-23.23125,16.48125,35.775,walking
146746100770375,-0.231,-9.77505,-0.88995004,0.0045375,-0.0174625,-0.01155,-23.25,16.48125,35.756252,walking
146746120803778,-0.23805001,-9.826051,-0.93495005,0.0077,0.0411125,-0.021175,-23.25,16.5,35.737503,walking
146746140824116,-0.27105,-9.816001,-0.92805004,-0.00825,0.077275,-0.0221375,-23.25,16.5,35.737503,walking
146746160833660,-0.29805002,-9.80895,-0.85605,-0.013612499,0.062425,1.375E-4,-23.25,16.5,35.737503,walking
146746180843658,-0.31500003,-9.76605,-0.81600004,-0.0061875,0.0218625,0.0182875,-23.23125,16.518751,35.737503,walking
146746200847644,-0.37005,-9.604951,-0.86805004,-0.01045,-0.022824999,0.02035,-23.25,16.48125,35.756252,walking
146746220581254,-0.41505003,-9.684,-0.95895004,-0.018975,-0.073975,0.0086624995,-23.23125,16.48125,35.71875,walking
146746240632452,-0.46995002,-9.850051,-0.92100006,-0.020075,-0.1038125,-0.0083875,-23.212502,16.48125,35.756252,walking
146746260687835,-0.40605003,-9.864,-0.82305,-0.016775,-0.1155,-0.0317625,-23.212502,16.48125,35.775,walking
146746280738999,-0.15195,-9.759001,-0.813,-0.0232375,-0.109175,-0.04455,-23.19375,16.48125,35.756252,walking
146746300777670,-0.00795,-9.73005,-0.80895007,-0.0221375,-0.111237496,-0.0413875,-23.19375,16.48125,35.775,walking
146746320802769,-0.00795,-9.711,-0.78000003,-0.0253,-0.125125,-0.0297,-23.19375,16.462502,35.8125,walking
146746340827605,-0.010950001,-9.694051,-0.75105006,-0.0158125,-0.117699996,-0.0050875,-23.175001,16.462502,35.831253,walking
146746360840758,-0.075,-9.780001,-0.83205,0.0045375,-0.0675125,0.0268125,-23.175001,16.48125,35.8125,walking
146746380842280,-0.26700002,-9.804001,-0.91905004,0.02475,-4.125E-4,0.048125,-23.175001,16.48125,35.775,walking
146746400839468,-0.45795003,-9.73005,-0.94005007,0.032175,0.0677875,0.0512875,-23.175001,16.462502,35.737503,walking
146746420579302,-0.63105005,-9.66495,-0.94500005,0.0097624995,0.078375,0.0374,-23.175001,16.462502,35.662502,walking
146746440635353,-0.74595004,-9.675,-0.90405005,-0.018975,0.010175,0.02365,-23.1375,16.40625,35.68125,walking
146746460694618,-0.73395,-9.747001,-0.94005007,-0.0306625,-0.055825,0.0108624995,-23.118752,16.368752,35.68125,walking
146746480737368,-0.64305,-9.76305,-1.0380001,-0.031625,-0.0600875,0.0077,-23.118752,16.368752,35.68125,walking
146746500769448,-0.57105005,-9.768001,-1.2400501,-0.00715,-0.0132,0.0044,-23.1,16.368752,35.662502,walking
146746520800787,-0.54705,-9.816001,-1.263,0.018424999,0.0570625,0.0023375,-23.1,16.3875,35.625,walking
146746540819588,-0.51600003,-9.79695,-1.1530501,0.015262499,0.0847,0.0034375,-23.1,16.40625,35.625,walking
146746560827970,-0.42900002,-9.71805,-1.0500001,-0.00605,0.03575,0.0055,-23.1,16.44375,35.5875,walking
146746580837365,-0.39795002,-9.688951,-0.93795,-0.0347875,-0.0132,-0.0050875,-23.118752,16.48125,35.625,walking
146746600840927,-0.41505003,-9.744,-0.88500005,-0.0561,-0.0143,-0.01155,-23.118752,16.5375,35.662502,walking
146746620574374,-0.537,-9.80895,-1.0309501,-0.030524999,-0.006875,-0.0050875,-23.1,16.518751,35.68125,walking
146746640625446,-0.55605,-9.847051,-1.1050501,0.0099,0.0144375,-0.0083875,-23.0625,16.48125,35.737503,walking
146746660680811,-0.46500003,-9.78495,-1.1080501,0.017324999,0.0155375,-0.0158125,-23.025002,16.462502,35.775,walking
146746680731914,-0.39600003,-9.76305,-1.113,0.0088,-0.0143,-0.017875,-23.00625,16.48125,35.8125,walking
146746700770708,-0.43395,-9.77295,-0.933,-0.014575,-0.0441375,-0.014712499,-22.987501,16.48125,35.831253,walking
146746720795948,-0.29295,-9.73005,-0.75105006,-0.031625,-0.0867625,-0.021175,-22.96875,16.48125,35.850002,walking
146746740818772,-0.13305001,-9.655951,-0.82995003,-0.032725,-0.1442375,-0.018975,-22.95,16.48125,35.850002,walking
146746760832522,-0.13995,-9.739051,-0.933,-6.875E-4,-0.16665,-0.0083875,-22.931252,16.5,35.831253,walking
146746780834555,-0.16095,-9.8230505,-1.029,0.0386375,-0.0803,-0.0061875,-22.931252,16.48125,35.831253,walking
146746800843525,-0.13995,-9.739051,-1.0500001,0.0738375,0.0496375,-0.004125,-22.931252,16.518751,35.8125,walking
146746820581215,-0.23805001,-9.63405,-0.94005007,0.061049998,0.113575,0.0055,-22.931252,16.5375,35.850002,walking
146746840624156,-0.42195,-9.64605,-0.753,0.017324999,0.1071125,0.02365,-22.931252,16.5375,35.8125,walking
146746860639262,-0.50100005,-9.711,-0.68595004,-0.0295625,0.0422125,0.0396,-22.931252,16.518751,35.831253,walking
146746880614457,-0.55605,-9.77295,-0.837,-0.048675,0.00385,0.0407,-22.931252,16.518751,35.831253,walking
146746900573780,-0.69495004,-9.78195,-1.065,-0.0433125,0.009075,0.032175,-22.931252,16.5,35.850002,walking
146746920507394,-0.85095006,-9.78495,-1.3110001,-0.015675,0.0166375,0.016224999,-22.9125,16.518751,35.850002,walking
146746940419715,-0.86295,-9.814051,-1.3570501,2.75E-4,0.03575,0.0012375,-22.931252,16.5,35.8125,walking
146746960332745,-0.67095006,-9.76605,-1.24905,0.017324999,0.0474375,-0.0072875,-22.95,16.5,35.831253,walking
146746980231975,-0.47295,-9.691051,-1.1080501,0.02585,0.045375,-0.0169125,-22.95,16.5,35.8875,walking
146747000143732,-0.36705002,-9.687,-0.897,0.015125,0.0389125,-0.0264,-22.95,16.48125,35.9625,walking
146747020091786,-0.30705002,-9.711,-0.78495,-0.0039875,0.0229625,-0.0297,-22.95,16.48125,36.0,walking
146747040114460,-0.29295,-9.74895,-0.84195006,-0.0210375,-0.006875,-0.0221375,-22.95,16.48125,36.0,walking
146747060114278,-0.28605002,-9.832951,-0.8880001,-0.0221375,-0.006875,-0.0083875,-22.931252,16.462502,36.0,walking
146747080093795,-0.31695002,-9.77805,-1.02195,-0.0275,0.0176,0.0012375,-22.931252,16.44375,36.037502,walking
146747100079082,-0.43695003,-9.74205,-1.14405,-0.01155,0.0303875,0.0086624995,-22.893751,16.425001,36.112503,walking
146747120068349,-0.564,-9.759001,-1.146,0.0012375,0.0048125,0.0086624995,-22.875,16.40625,36.112503,walking
146747140071092,-0.588,-9.77505,-1.041,-0.003025,-0.056925,-8.25E-4,-22.85625,16.425001,36.05625,walking
146747160072882,-0.41505003,-9.77295,-0.98595005,-0.00825,-0.13145,-0.017875,-22.837502,16.40625,36.09375,walking
146747180052267,-0.24495001,-9.712951,-0.92805004,-0.0253,-0.16775,-0.0286,-22.81875,16.3875,36.05625,walking
146747200106471,-0.08505,-9.732,-0.82500005,-0.0306625,-0.155925,-0.037125,-22.800001,16.35,36.018753,walking
146747220104751,0.04605,-9.780001,-0.82500005,-0.001925,-0.1219625,-0.034925,-22.81875,16.368752,36.037502,walking
146747240118298,0.132,-9.828,-0.81600004,0.0449625,-0.0526625,-0.018975,-22.837502,16.368752,36.018753,walking
146747260121250,0.034050003,-9.715051,-0.864,0.083325,0.044275,0.0055,-22.837502,16.35,36.0,walking
146747280424526,-0.23805001,-9.60795,-0.92805004,0.0790625,0.121,0.02035,-22.85625,16.331251,35.98125,walking
146747300355720,-0.48495004,-9.59805,-0.84900004,0.0353375,0.1582625,0.032175,-22.875,16.3125,35.943752,walking
146747320330571,-0.65505004,-9.71805,-0.78000003,-0.01045,0.13805,0.0407,-22.893751,16.3125,35.943752,walking
146747340269691,-0.80805004,-9.780001,-0.86805004,-0.020075,0.0996875,0.0416625,-22.893751,16.29375,35.98125,walking
146747360481722,-0.882,-9.81105,-1.14405,-0.0158125,0.1007875,0.028875,-22.9125,16.275002,35.9625,walking
146747380639661,-0.96795005,-9.78195,-1.419,-0.00825,0.1263625,0.014025,-22.931252,16.29375,36.0,walking
146747400761260,-0.97800004,-9.715051,-1.5630001,-0.01155,0.1230625,0.0012375,-22.931252,16.29375,35.98125,walking
146747420576828,-0.79095006,-9.694051,-1.4140501,-0.0039875,0.088,-0.0072875,-22.931252,16.25625,35.98125,walking
146747440683421,-0.53205,-9.736951,-1.218,-0.00935,0.0474375,-0.014712499,-22.95,16.275002,35.943752,walking
146747460555813,-0.39405003,-9.816001,-1.13205,-0.0413875,0.0209,-0.01155,-22.96875,16.275002,35.925003,walking
146747480661061,-0.33900002,-9.79905,-1.041,-0.051975,-0.0154,-0.001925,-22.96875,16.275002,35.90625,walking
146747500530252,-0.28800002,-9.82995,-0.97395,-0.0286,-0.021724999,0.0097624995,-22.987501,16.275002,35.925003,walking
146747520639914,-0.25005,-9.828,-0.92100006,2.75E-4,0.0070125,0.0044,-22.987501,16.25625,35.8875,walking
146747540500661,-0.29505002,-9.736951,-0.99495006,0.0279125,-0.004675,-0.01045,-22.987501,16.25625,35.8875,walking
146747560363956,-0.31905,-9.711,-0.91605,0.05775,-0.0441375,-0.0254375,-22.987501,16.25625,35.8875,walking
146747580511825,-0.25500003,-9.712951,-0.72195005,0.0620125,-0.0452375,-0.04455,-23.00625,16.275002,35.86875,walking
146747600626868,-0.043950003,-9.694051,-0.648,0.029975,-0.0345125,-0.0510125,-23.00625,16.275002,35.850002,walking
146747620446873,0.08205,-9.735001,-0.62205005,0.0066,-0.0281875,-0.0339625,-23.00625,16.275002,35.850002,walking
146747640576927,0.027,-9.732,-0.59295005,-0.013612499,-0.0165,-0.0083875,-23.04375,16.29375,35.86875,walking
146747660675378,-0.08205,-9.700951,-0.75105006,-0.0210375,-0.0026125,0.0182875,-23.081251,16.331251,35.831253,walking
146747680745154,-0.35295,-9.703051,-1.02405,-8.25E-4,0.0198,0.0374,-23.1,16.331251,35.79375,walking
146747700801630,-0.70005006,-9.736951,-1.1340001,0.0108624995,0.0422125,0.0364375,-23.1375,16.331251,35.737503,walking
146747720835657,-0.91995007,-9.759001,-1.12905,0.0034375,0.0389125,0.02255,-23.175001,16.331251,35.71875,walking
146747740863153,-0.93705004,-9.84195,-1.113,-0.00935,0.061325,0.0034375,-23.212502,16.29375,35.775,walking
146747760874463,-0.80505,-9.78195,-1.00695,-0.014712499,0.0985875,-0.003025,-23.23125,16.29375,35.775,walking
146747780873962,-0.62295,-9.672001,-0.98595005,-0.00825,0.0922625,0.0012375,-23.25,16.275002,35.79375,walking
146747800876445,-0.51105005,-9.684,-1.02195,0.0086624995,0.0730125,0.0077,-23.268751,16.275002,35.756252,walking
146747820607201,-0.46095002,-9.696,-1.04595,0.0034375,0.045375,0.0097624995,-23.2875,16.275002,35.71875,walking
146747840657358,-0.40995002,-9.73005,-1.077,-0.0072875,0.0133375,0.0055,-23.306252,16.275002,35.7,walking
146747860708719,-0.40095,-9.78495,-1.005,-0.01155,0.012375,1.375E-4,-23.306252,16.29375,35.68125,walking
146747880747175,-0.30495003,-9.802051,-0.92805004,-8.25E-4,0.0218625,-0.0061875,-23.306252,16.3125,35.68125,walking
146747900784768,-0.21900001,-9.77505,-0.98295003,0.0023375,-0.004675,-0.018975,-23.306252,16.3125,35.71875,walking
146747920809068,-0.24000001,-9.732,-0.9979501,-0.014712499,-0.056925,-0.038225,-23.2875,16.331251,35.68125,walking
146747940822196,-0.23595001,-9.75405,-0.94995004,-0.0306625,-0.1282875,-0.055275,-23.2875,16.331251,35.662502,walking
146747960837676,-0.147,-9.814051,-0.91395,-0.018975,-0.175175,-0.0638,-23.2875,16.331251,35.68125,walking
146747980843628,0.052950002,-9.84,-0.87600005,-0.0286,-0.158125,-0.053075,-23.2875,16.29375,35.643753,walking
146748000842242,0.14895001,-9.804001,-0.92295,-0.0210375,-0.0930875,-0.0413875,-23.2875,16.29375,35.662502,walking
146748020583243,0.052950002,-9.78495,-1.0170001,-0.014712499,-0.0526625,-0.0232375,-23.2875,16.3125,35.662502,walking
146748040642675,-0.14205001,-9.768001,-0.94500005,2.75E-4,-0.0281875,0.0023375,-23.2875,16.29375,35.7,walking
146748060690911,-0.384,-9.675,-0.94995004,0.036575,0.03575,0.031075,-23.306252,16.3125,35.7,walking
146748080738504,-0.61395,-9.603001,-1.02405,0.058849998,0.1007875,0.049225,-23.306252,16.3125,35.68125,walking
146748100772236,-0.80295,-9.64095,-0.97095007,0.067375,0.13695,0.0375375,-23.306252,16.331251,35.643753,walking
146748120804977,-0.94905007,-9.670051,-0.8880001,0.037675,0.095425,0.015125,-23.325,16.331251,35.60625,walking
146748140824724,-0.87705004,-9.74205,-0.84000003,-0.0092124995,0.029424999,0.0044,-23.325,16.3125,35.5875,walking
146748160833825,-0.67605,-9.672001,-0.92100006,-0.0242,0.00385,0.0077,-23.34375,16.331251,35.568752,walking
146748180845967,-0.41805002,-9.66495,-1.08405,-0.0177375,0.012375,0.0119624995,-23.34375,16.3125,35.53125,walking
146748200849218,-0.25500003,-9.74895,-1.21305,-0.0028875,0.0251625,0.0171875,-23.34375,16.3125,35.53125,walking
146748220582475,-0.25905,-9.76605,-1.2919501,0.014162499,0.0303875,0.0204875,-23.34375,16.29375,35.550003,walking
146748240646696,-0.32895002,-9.816001,-1.2750001,0.017324999,0.0389125,0.0171875,-23.34375,16.29375,35.49375,walking
146748260698567,-0.34800002,-9.80595,-1.1370001,0.0163625,0.0325875,0.0055,-23.325,16.25625,35.49375,walking
146748280737625,-0.23805001,-9.768001,-1.0189501,0.0067375,0.009075,-0.0072875,-23.325,16.25625,35.5125,walking
146748300775862,-0.18,-9.79395,-0.95895004,-6.875E-4,-0.022824999,-0.0083875,-23.306252,16.275002,35.4375,walking
146748320800831,-0.192,-9.802051,-0.9670501,2.75E-4,-0.038775,-0.01045,-23.306252,16.29375,35.456253,walking
146748340814529,-0.25500003,-9.724951,-1.026,-0.013475,-0.040975,-0.01265,-23.306252,16.29375,35.381252,walking
146748360830462,-0.28095,-9.711,-1.014,-0.0231,-0.039875,0.0012375,-23.306252,16.3125,35.381252,walking
146748380836844,-0.28605002,-9.78195,-1.00695,-0.00825,-0.0143,0.02255,-23.2875,16.3125,35.325,walking
146748400847069,-0.291,-9.856951,-0.97605,0.011,0.0059125,0.0364375,-23.2875,16.3125,35.30625,walking
146748420849179,-0.37695003,-9.759001,-0.99300003,0.02805,0.0325875,0.031075,-23.268751,16.29375,35.34375,walking
146748440845099,-0.588,-9.639001,-0.96900004,0.0323125,0.0474375,0.0108624995,-23.25,16.29375,35.381252,walking
146748460847885,-0.66705,-9.636001,-0.87795,0.017324999,0.036849998,-0.0050875,-23.25,16.29375,35.362503,walking
146748480845044,-0.55395,-9.7900505,-0.78195006,-6.875E-4,-0.0100375,-0.0169125,-23.25,16.29375,35.381252,walking
146748500837991,-0.39405003,-9.861,-0.777,-0.0114124995,-0.0495,-0.0083875,-23.25,16.29375,35.4,walking
146748520839252,-0.29295,-9.816001,-0.86805004,-0.0188375,-0.0430375,0.0066,-23.268751,16.29375,35.4,walking
146748540835917,-0.28095,-9.73005,-1.0000501,-0.0199375,-0.0281875,0.0034375,-23.268751,16.275002,35.4375,walking
146748560829048,-0.279,-9.700951,-1.0360501,-0.01155,-0.0419375,-0.01045,-23.268751,16.29375,35.4375,walking
146748580830874,-0.324,-9.747001,-1.014,-0.00825,-0.058025,-0.0221375,-23.268751,16.331251,35.4375,walking
146748600828558,-0.41805002,-9.76095,-1.0309501,-0.0275,-0.0622875,-0.0339625,-23.268751,16.331251,35.381252,walking
146748620559366,-0.41505003,-9.768001,-1.026,-0.0317625,-0.09845,-0.0391875,-23.2875,16.3125,35.41875,walking
146748640623452,-0.35505003,-9.81105,-0.94305,-0.0413875,-0.108075,-0.0424875,-23.268751,16.3125,35.41875,walking
146748660676518,-0.31905,-9.933001,-0.88305,-0.045649998,-0.088825,-0.0317625,-23.25,16.29375,35.4,walking
146748680728902,-0.291,-9.868951,-1.02405,-0.0275,-0.06325,0.0023375,-23.25,16.275002,35.41875,walking
146748700766888,-0.34995002,-9.723001,-1.04805,0.0182875,0.0133375,0.0449625,-23.25,16.29375,35.41875,walking
146748720791938,-0.48000002,-9.58395,-1.0000501,0.0726,0.121,0.0587125,-23.25,16.275002,35.475002,walking
146748740817127,-0.59505004,-9.574051,-1.0020001,0.083325,0.20515,0.047025,-23.2875,16.3125,35.456253,walking
146748760830805,-0.78900003,-9.615001,-0.84405005,0.0598125,0.212575,0.0279125,-23.2875,16.3125,35.456253,walking
146748780835227,-0.93195003,-9.66495,-0.73905003,0.014025,0.1315875,0.0171875,-23.2875,16.331251,35.456253,walking
146748800843863,-0.74100006,-9.712951,-0.74595004,-0.014712499,0.0539,0.0086624995,-23.325,16.35,35.456253,walking
146748820581287,-0.40800002,-9.744,-0.88995004,-0.0264,0.026124999,0.0097624995,-23.34375,16.368752,35.41875,walking
146748840648929,-0.28095,-9.802051,-1.0720501,-0.014712499,0.0209,0.014025,-23.34375,16.368752,35.456253,walking
146748860703184,-0.303,-9.900001,-1.1560501,0.0097624995,0.062425,0.02365,-23.34375,16.368752,35.456253,walking
146748880741467,-0.24300002,-9.84,-1.13205,0.0257125,0.111375,0.032175,-23.34375,16.368752,35.4375,walking
146748900781195,-0.24300002,-9.699,-1.0890001,0.033275,0.110275,0.032175,-23.362501,16.368752,35.49375,walking
146748920807199,-0.37395,-9.612,-0.97605,0.02475,0.079475,0.02035,-23.325,16.35,35.475002,walking
146748940821578,-0.48495004,-9.63405,-0.84900004,-0.003025,0.0155375,-0.004125,-23.34375,16.368752,35.53125,walking
146748960837787,-0.49395,-9.744,-0.87795,-0.0306625,-0.0793375,-0.0297,-23.34375,16.3875,35.5125,walking
146748980841880,-0.33600003,-9.89505,-0.92295,-0.0391875,-0.13145,-0.0391875,-23.34375,16.3875,35.568752,walking
146749000841303,-0.09705,-9.95205,-0.99105006,-0.0317625,-0.1144,-0.0328625,-23.34375,16.40625,35.60625,walking
146749020582926,0.052950002,-9.852,-1.146,-0.016775,-0.0600875,-0.017875,-23.362501,16.40625,35.568752,walking
146749040642736,0.028950002,-9.739051,-1.1869501,-0.0158125,-0.022824999,-0.0061875,-23.362501,16.425001,35.53125,walking
146749060691154,-0.18300001,-9.64395,-1.1340001,-0.020075,-0.0185625,0.0034375,-23.362501,16.425001,35.568752,walking
146749080736529,-0.40095,-9.655951,-1.0339501,-0.013475,-0.0270875,0.012925,-23.362501,16.425001,35.550003,walking
146749100770880,-0.56595004,-9.706051,-0.96195006,-0.0039875,-0.0356125,0.0097624995,-23.362501,16.425001,35.550003,walking
146749120792890,-0.66195005,-9.735001,-0.92595005,-0.00825,-0.040975,1.375E-4,-23.38125,16.462502,35.5875,walking
146749140815647,-0.68595004,-9.814051,-0.94500005,-0.0039875,-0.0419375,-0.0083875,-23.38125,16.462502,35.5125,walking
146749160827336,-0.64005005,-9.81795,-0.897,0.0121,-0.032449998,-0.01265,-23.362501,16.44375,35.5125,walking
146749180839789,-0.48195,-9.74895,-0.85200006,0.0163625,-0.0196625,-0.01265,-23.38125,16.44375,35.53125,walking
146749200845198,-0.34800002,-9.651,-0.86595005,0.020624999,-0.0015125,-0.0050875,-23.38125,16.44375,35.550003,walking
146749220579912,-0.3,-9.61995,-0.89505005,0.0163625,0.0081124995,-0.003025,-23.38125,16.462502,35.53125,walking
146749240645508,-0.34305,-9.675,-0.88005006,0.0045375,0.00385,0.0012375,-23.400002,16.48125,35.53125,walking
146749260698269,-0.41295,-9.7900505,-0.90000004,-0.0039875,-0.005775,0.0012375,-23.400002,16.48125,35.568752,walking
146749280746926,-0.45795003,-9.835051,-0.96195006,0.001375,-0.0185625,-0.001925,-23.38125,16.5,35.5875,walking
146749300783411,-0.48000002,-9.804001,-1.029,-0.00605,-0.004675,-8.25E-4,-23.400002,16.5,35.5875,walking
146749320806673,-0.46800002,-9.7560005,-1.1010001,-0.015675,0.0048125,-8.25E-4,-23.38125,16.5,35.5875,walking
146749340830178,-0.45105,-9.706051,-1.1389501,-0.0199375,0.010175,-8.25E-4,-23.362501,16.48125,35.625,walking
146749360842100,-0.40800002,-9.744,-1.0860001,-0.0103124995,0.0166375,0.0044,-23.34375,16.462502,35.68125,walking
146749380842779,-0.40605003,-9.77295,-1.0699501,0.003575,0.0155375,0.0097624995,-23.34375,16.48125,35.7,walking
146749400850614,-0.441,-9.77805,-1.09305,0.011,0.0133375,0.0108624995,-23.306252,16.462502,35.68125,walking
146749420587525,-0.45105,-9.759001,-1.041,-0.00495,0.0059125,0.0034375,-23.306252,16.462502,35.7,walking
146749440643539,-0.43695003,-9.715051,-1.00695,-0.0188375,-0.0154,-8.25E-4,-23.306252,16.462502,35.71875,walking
146749460700189,-0.40095,-9.688951,-0.96195006,-0.0199375,-0.032449998,-0.003025,-23.306252,16.48125,35.7,walking
146749480741066,-0.37005,-9.759001,-0.94995004,-0.0028875,-0.0356125,-0.0083875,-23.306252,16.5,35.737503,walking
146749500771512,-0.32700002,-9.826051,-0.9979501,0.011,-0.0100375,-0.01045,-23.2875,16.5,35.737503,walking
146749520801753,-0.31005,-9.802051,-0.99495006,0.0067375,5.5E-4,-0.00935,-23.2875,16.5,35.71875,walking
146749540819690,-0.29805002,-9.747001,-0.95505005,-0.0092124995,-0.03025,0.0023375,-23.2875,16.48125,35.662502,walking
146749560827550,-0.28305,-9.727051,-0.86805004,-0.0114124995,-0.0473,0.0077,-23.268751,16.462502,35.68125,walking
146749580836969,-0.312,-9.724951,-0.88305,2.75E-4,-0.0270875,0.0066,-23.25,16.425001,35.643753,walking
146749600840261,-0.41805002,-9.76605,-0.97095007,0.013062499,0.0198,0.0012375,-23.25,16.44375,35.68125,walking
146749620573579,-0.54405004,-9.75405,-1.0360501,0.0045375,0.043175,-0.003025,-23.23125,16.44375,35.737503,walking
146749640624455,-0.57795,-9.684,-1.029,-0.0125124995,0.0166375,0.0034375,-23.23125,16.462502,35.71875,walking
146749660680029,-0.51795,-9.694051,-0.98595005,-0.0177375,-0.0248875,0.014025,-23.23125,16.5,35.68125,walking
146749680731320,-0.42900002,-9.73005,-0.96405005,-0.0039875,-0.0473,0.0055,-23.23125,16.5,35.68125,walking
146749700770289,-0.42495003,-9.76605,-1.0339501,-0.0103124995,-0.0419375,-0.01265,-23.212502,16.5,35.662502,walking
146749720795676,-0.47505003,-9.79695,-1.07895,-0.0231,-0.0484,-0.01265,-23.19375,16.48125,35.662502,walking
146749740820885,-0.43905002,-9.802051,-1.0360501,-0.015675,-0.088825,-0.01045,-23.175001,16.48125,35.7,walking
146749760834201,-0.27600002,-9.816001,-0.97605,0.0045375,-0.0697125,-0.013612499,-23.175001,16.462502,35.71875,walking
146749780847200,-0.15195,-9.744,-0.97605,0.0067375,-4.125E-4,-0.013612499,-23.15625,16.462502,35.71875,walking
146749800853171,-0.27105,-9.64605,-1.04295,-0.00495,-0.0015125,-0.004125,-23.1375,16.462502,35.737503,walking
146749820588092,-0.42495003,-9.72,-0.94005007,-0.016775,-0.0259875,1.375E-4,-23.118752,16.44375,35.756252,walking
146749840640094,-0.42195,-9.747001,-0.85200006,-0.0188375,-0.03025,0.0044,-23.1,16.44375,35.775,walking
146749860695758,-0.42495003,-9.780001,-1.00995,-0.00495,-0.0196625,0.012925,-23.081251,16.44375,35.79375,walking
146749880735716,-0.573,-9.735001,-1.1080501,0.0088,-0.0089375,0.014025,-23.081251,16.44375,35.8125,walking
146749900776911,-0.58500004,-9.732,-1.0890001,0.018424999,0.0155375,0.0097624995,-23.0625,16.425001,35.831253,walking
146749920804124,-0.51795,-9.65295,-1.0720501,0.014162499,0.028324999,1.375E-4,-23.04375,16.44375,35.8125,walking
146749940819518,-0.48900002,-9.670051,-0.98295003,0.001375,0.0187,-0.003025,-23.04375,16.44375,35.775,walking
146749960836615,-0.47295,-9.78195,-0.91605,-0.00825,-0.0037125,1.375E-4,-23.025002,16.44375,35.775,walking
146749980841213,-0.42000002,-9.80595,-0.94305,-0.0092124995,-0.0100375,0.0023375,-23.00625,16.425001,35.79375,walking
146750000841080,-0.38895002,-9.78705,-1.04595,-6.875E-4,-0.0143,0.0034375,-23.00625,16.425001,35.86875,walking
146750020582981,-0.40995002,-9.706051,-1.12905,0.0078375,-0.0132,-0.003025,-23.00625,16.40625,35.8875,walking
146750040640845,-0.42705002,-9.688951,-1.12905,0.0078375,-0.0089375,-0.0083875,-22.987501,16.40625,35.90625,walking
146750060689828,-0.41295,-9.739051,-1.0720501,0.001375,-0.007975,-0.001925,-22.96875,16.3875,35.925003,walking
146750080735813,-0.40305,-9.7900505,-1.00695,-0.00495,-0.0196625,-0.003025,-22.95,16.368752,35.943752,walking
146750100770528,-0.372,-9.79695,-0.96405005,-0.00495,-0.0122375,-0.0050875,-22.95,16.368752,35.90625,walking
146750120803887,-0.34095,-9.727051,-1.00995,-0.00715,0.0070125,-0.0061875,-22.95,16.368752,35.925003,walking
146750140824212,-0.432,-9.655951,-1.041,-0.0114124995,-0.0100375,0.0034375,-22.95,16.368752,35.9625,walking
146750160833730,-0.47700003,-9.73005,-1.04595,-0.00605,-0.03025,0.0086624995,-22.95,16.3875,35.98125,walking
146750180843818,-0.40995002,-9.80895,-0.98805004,0.001375,-0.0132,0.0055,-22.95,16.3875,36.0,walking
146750200847768,-0.40095,-9.838051,-1.0000501,0.0078375,0.0144375,0.0012375,-22.95,16.3875,35.9625,walking
146750220581469,-0.44400004,-9.75405,-1.00995,0.013062499,0.0209,0.0012375,-22.95,16.368752,35.8875,walking
146750240632472,-0.50595003,-9.66495,-0.99495006,0.0121,0.0240625,0.0023375,-22.931252,16.331251,35.90625,walking
146750260687865,-0.47505003,-9.639001,-0.99105006,0.0067375,0.0133375,0.0066,-22.9125,16.29375,35.9625,walking
146750280727668,-0.44400004,-9.723001,-0.99105006,0.002475,-0.007975,0.0077,-22.9125,16.275002,36.0,walking
146750300768993,-0.453,-9.780001,-0.96195006,-0.0028875,-0.021724999,0.0055,-22.9125,16.275002,36.018753,walking
146750320796434,-0.432,-9.79395,-0.97605,-0.0125124995,-0.023924999,-0.003025,-22.9125,16.275002,36.037502,walking
146750340812075,-0.42000002,-9.7560005,-1.04805,-0.0125124995,-0.0196625,-0.001925,-22.9125,16.29375,36.018753,walking
146750360829359,-0.40095,-9.727051,-1.065,0.0056375,-0.022824999,1.375E-4,-22.931252,16.29375,35.98125,walking
146750380834635,-0.39105,-9.74895,-1.0669501,0.0078375,-0.0122375,-0.001925,-22.931252,16.3125,35.9625,walking
146750400845991,-0.36195,-9.73005,-1.0530001,0.001375,-0.0111375,-0.001925,-22.9125,16.29375,35.9625,walking
146750420585333,-0.37905002,-9.74205,-1.0000501,-0.00495,-0.0207625,1.375E-4,-22.9125,16.29375,35.943752,walking
146750440640680,-0.41805002,-9.76095,-0.92100006,-0.0092124995,-0.021724999,0.0023375,-22.9125,16.29375,35.925003,walking
146750460699019,-0.37905002,-9.732,-0.92805004,-0.0092124995,-0.0196625,0.0012375,-22.9125,16.29375,35.8875,walking
146750480740855,-0.42900002,-9.724951,-1.04295,-0.00605,-0.0165,0.0012375,-22.893751,16.275002,35.86875,walking
146750500772077,-0.46995002,-9.7900505,-1.026,2.75E-4,-0.0122375,1.375E-4,-22.875,16.275002,35.86875,walking
146750520802729,-0.42000002,-9.78705,-1.0360501,0.001375,-0.0111375,-0.004125,-22.875,16.275002,35.8875,walking
146750540820851,-0.384,-9.724951,-1.026,2.75E-4,-0.007975,-8.25E-4,-22.85625,16.275002,35.925003,walking
146750560828759,-0.40605003,-9.691051,-1.01205,-0.0017875,-0.0122375,1.375E-4,-22.85625,16.29375,35.90625,walking
146750580837747,-0.453,-9.747001,-0.98805004,-0.00825,-0.0122375,0.0012375,-22.875,16.3125,35.850002,walking
146750600841055,-0.40305,-9.780001,-0.97395,-0.0114124995,-0.0154,0.0044,-22.85625,16.3125,35.79375,walking
146750620574231,-0.432,-9.780001,-0.99105006,-0.0028875,-0.0154,0.0055,-22.837502,16.331251,35.79375,walking
146750640625174,-0.46500003,-9.71805,-1.029,0.0067375,5.5E-4,0.0034375,-22.837502,16.368752,35.775,walking
146750660680527,-0.48495004,-9.684,-1.0699501,0.0045375,0.00385,1.375E-4,-22.81875,16.35,35.79375,walking
146750680731736,-0.50595003,-9.72,-1.077,-6.875E-4,-0.0026125,-8.25E-4,-22.800001,16.35,35.775,walking
146750700770547,-0.48000002,-9.75405,-1.02405,-0.0039875,-0.004675,0.0055,-22.78125,16.35,35.8125,walking
146750720795775,-0.44895002,-9.78195,-0.98805004,-0.0028875,0.00385,0.0023375,-22.78125,16.331251,35.8125,walking
146750740820899,-0.42195,-9.739051,-1.02405,2.75E-4,0.00275,0.0034375,-22.7625,16.331251,35.831253,walking
146750760834163,-0.453,-9.694051,-1.0500001,0.002475,-0.0154,0.0012375,-22.743752,16.331251,35.831253,walking
146750780846992,-0.50805,-9.700951,-1.08105,-6.875E-4,-0.0132,-8.25E-4,-22.743752,16.331251,35.850002,walking
146750800853003,-0.46995002,-9.759001,-1.041,-0.00495,-0.0100375,-0.001925,-22.725,16.35,35.850002,walking
146750820587958,-0.44595003,-9.792001,-1.04595,-0.00495,-0.0132,1.375E-4,-22.706251,16.35,35.943752,walking
146750840639739,-0.43905002,-9.77295,-0.98595005,-0.0017875,-0.0122375,-0.001925,-22.706251,16.368752,35.9625,walking
146750860695564,-0.39405003,-9.72,-1.014,0.001375,-0.0100375,-0.004125,-22.706251,16.3875,35.9625,walking
146750880735521,-0.37905002,-9.711,-1.04805,0.0088,-4.125E-4,-0.004125,-22.6875,16.3875,35.943752,walking
146750900765559,-0.441,-9.739051,-1.014,0.014162499,-0.004675,-8.25E-4,-22.6875,16.3875,35.9625,walking
146750920795331,-0.47505003,-9.744,-1.005,0.0056375,-0.021724999,1.375E-4,-22.66875,16.40625,35.9625,walking
146750940813075,-0.45795003,-9.75405,-1.005,-0.0039875,-0.022824999,0.0012375,-22.650002,16.3875,36.0,walking
146750960832188,-0.45105,-9.73005,-0.99105006,-0.00495,-0.004675,-0.003025,-22.650002,16.44375,36.0,walking
146750980838738,-0.432,-9.732,-1.005,0.0056375,-0.0100375,-0.0061875,-22.650002,16.425001,35.98125,walking
146751000839751,-0.42495003,-9.735001,-1.0360501,0.013062499,-0.022824999,-0.01045,-22.63125,16.44375,35.98125,walking
146751020582501,-0.46095002,-9.715051,-1.0720501,0.0067375,-0.005775,-0.0050875,-22.63125,16.462502,36.018753,walking
146751040640672,-0.44400004,-9.732,-1.065,0.003575,-0.0026125,-8.25E-4,-22.612501,16.462502,35.98125,walking
146751060690028,-0.41505003,-9.79695,-0.9979501,-0.0028875,-0.0122375,1.375E-4,-22.612501,16.48125,36.018753,walking
146751080736229,-0.39105,-9.78495,-0.94005007,-0.00495,-0.0165,0.0012375,-22.612501,16.5,36.018753,walking
146751100771034,-0.42195,-9.74205,-1.041,-0.00495,-0.005775,0.0012375,-22.612501,16.5,36.037502,walking
146751120804435,-0.48900002,-9.687,-1.08405,0.003575,0.0155375,-0.003025,-22.612501,16.518751,36.09375,walking
146751140822471,-0.46800002,-9.72,-1.0720501,0.003575,0.0336875,-0.0050875,-22.63125,16.5,36.112503,walking
146751160832462,-0.453,-9.7560005,-1.05795,2.75E-4,0.0176,0.0034375,-22.612501,16.48125,36.112503,walking
146751180842823,-0.46500003,-9.7900505,-1.0339501,0.003575,-0.006875,0.0119624995,-22.59375,16.462502,36.15,walking
146751200847114,-0.432,-9.792001,-0.98805004,0.011,0.00385,0.0077,-22.59375,16.462502,36.206253,walking
146751220581002,-0.43395,-9.732,-1.01205,0.011,0.028324999,0.0034375,-22.59375,16.44375,36.206253,walking
146751240609989,-0.52995,-9.655951,-1.029,0.002475,0.0144375,0.0023375,-22.575,16.44375,36.206253,walking
146751260603201,-0.55395,-9.672001,-0.99300003,-0.0039875,-0.0100375,0.0034375,-22.59375,16.48125,36.225002,walking
146751280573682,-0.441,-9.739051,-0.957,2.75E-4,-0.005775,0.0034375,-22.59375,16.5,36.2625,walking
146751300518790,-0.384,-9.81105,-0.99105006,0.011,-4.125E-4,0.0034375,-22.59375,16.518751,36.24375,walking
146751320442556,-0.40995002,-9.77805,-1.0309501,0.015262499,-0.0026125,-0.001925,-22.575,16.518751,36.28125,walking
146751340359728,-0.43395,-9.73005,-1.00695,0.0078375,-0.0015125,-0.0050875,-22.59375,16.5375,36.225002,walking
146751360266425,-0.43395,-9.735001,-1.005,-0.0039875,5.5E-4,-0.0083875,-22.59375,16.556252,36.24375,walking
146751380169532,-0.37905002,-9.74205,-0.96900004,-0.00495,-0.0015125,-0.003025,-22.59375,16.5375,36.24375,walking
146751400110751,-0.35295,-9.735001,-0.94305,2.75E-4,-0.0100375,1.375E-4,-22.59375,16.518751,36.2625,walking
146751420070686,-0.42000002,-9.74205,-1.014,0.002475,-0.004675,-0.001925,-22.59375,16.5375,36.225002,walking
146751440079568,-0.43905002,-9.771001,-1.0500001,0.003575,-0.0100375,-0.004125,-22.59375,16.5375,36.225002,walking
146751460068155,-0.44895002,-9.759001,-1.0360501,-0.00495,-0.0165,-0.003025,-22.612501,16.556252,36.1875,walking
146751480050346,-0.46500003,-9.76605,-0.98595005,2.75E-4,-0.0015125,-0.003025,-22.63125,16.575,36.16875,walking
146751500049087,-0.45105,-9.76095,-0.97605,2.75E-4,0.0209,-0.001925,-22.650002,16.575,36.131252,walking
146751520059780,-0.43905002,-9.715051,-0.99300003,-0.00605,0.0070125,0.0023375,-22.650002,16.59375,36.15,walking
146751540078772,-0.46095002,-9.691051,-1.0000501,-0.00825,-0.021724999,0.0044,-22.6875,16.650002,36.09375,walking
146751560070804,-0.48000002,-9.74895,-0.99105006,-0.0017875,-0.0132,1.375E-4,-22.6875,16.63125,36.112503,walking
146751580094034,-0.44895002,-9.78195,-0.99105006,0.014162499,-4.125E-4,-0.001925,-22.706251,16.650002,36.15,walking
146751600126748,-0.46305,-9.780001,-1.0170001,0.015262499,-4.125E-4,-0.0061875,-22.725,16.650002,36.15,walking
146751620119687,-0.47700003,-9.74895,-0.99105006,0.003575,0.010175,-0.004125,-22.725,16.650002,36.09375,walking
146751640418148,-0.42705002,-9.71805,-0.97905004,-0.0028875,0.011275,1.375E-4,-22.725,16.650002,36.09375,walking
146751660687859,-0.40800002,-9.706051,-0.9670501,-0.00605,-0.004675,0.0023375,-22.725,16.650002,36.075,walking
146751680825439,-0.40305,-9.732,-0.96195006,-0.0017875,-0.0026125,0.0034375,-22.743752,16.650002,36.05625,walking
146751700900750,-0.47700003,-9.76095,-1.065,-0.0028875,0.00385,0.0012375,-22.743752,16.650002,36.0,walking
146751720938713,-0.48000002,-9.768001,-1.113,-6.875E-4,0.0133375,1.375E-4,-22.7625,16.6875,35.90625,walking
146751740982994,-0.49695003,-9.74205,-1.06005,-0.0017875,0.0176,1.375E-4,-22.7625,16.706251,35.86875,walking
146751760977848,-0.46800002,-9.712951,-1.0309501,-0.00825,0.00275,-0.003025,-22.7625,16.725,35.8875,walking
146751780958806,-0.43695003,-9.77295,-1.00995,-0.00825,-0.0165,-8.25E-4,-22.78125,16.743752,35.831253,walking
146751800942710,-0.40605003,-9.804001,-0.99300003,0.0056375,-0.0154,-8.25E-4,-22.800001,16.7625,35.775,walking
146751820657280,-0.42000002,-9.739051,-0.98595005,0.013062499,0.00275,-0.0061875,-22.800001,16.743752,35.79375,walking
146751840692650,-0.39600003,-9.699,-1.029,0.0045375,0.010175,-0.0050875,-22.800001,16.725,35.775,walking
146751860731933,-0.44400004,-9.739051,-0.99300003,-6.875E-4,-4.125E-4,0.0034375,-22.78125,16.706251,35.756252,walking
146751880760875,-0.42705002,-9.759001,-0.92100006,0.002475,-0.0089375,0.0023375,-22.7625,16.706251,35.756252,walking
146751900579258,-0.38205,-9.75405,-0.91395,0.0078375,0.00385,-0.004125,-22.7625,16.6875,35.8125,walking
146751920647859,-0.432,-9.74205,-1.0020001,0.0056375,0.010175,-0.004125,-22.78125,16.66875,35.79375,walking
146751940701789,-0.537,-9.691051,-1.0380001,-0.0039875,0.009075,-0.001925,-22.78125,16.66875,35.8125,walking
146751960752548,-0.492,-9.724951,-1.014,-0.00495,0.0133375,0.0023375,-22.78125,16.66875,35.79375,walking
146751980787613,-0.43395,-9.78195,-1.0020001,-6.875E-4,0.011275,0.0066,-22.78125,16.66875,35.737503,walking
146752000809060,-0.47295,-9.76095,-1.00695,-0.0017875,-0.0111375,0.0066,-22.78125,16.6875,35.71875,walking
146752020567200,-0.48900002,-9.747001,-1.041,-0.00715,-0.0165,0.0055,-22.78125,16.66875,35.737503,walking
146752040638644,-0.46800002,-9.732,-1.05495,-0.0039875,5.5E-4,1.375E-4,-22.7625,16.66875,35.756252,walking
146752060694709,-0.46095002,-9.732,-1.029,0.011,0.0251625,-0.0061875,-22.78125,16.650002,35.756252,walking
146752080746987,-0.44400004,-9.744,-0.99495006,0.0099,0.03575,-0.0061875,-22.743752,16.63125,35.775,walking
146752100783030,-0.41805002,-9.75105,-0.99105006,0.002475,0.0048125,1.375E-4,-22.725,16.63125,35.79375,walking
146752120816356,-0.41805002,-9.747001,-1.0170001,-0.00605,-0.032449998,0.0012375,-22.725,16.612501,35.775,walking
146752140835561,-0.37005,-9.736951,-0.93495005,-0.0125124995,-0.022824999,1.375E-4,-22.6875,16.556252,35.86875,walking
146752160843513,-0.372,-9.72,-0.96195006,-0.0039875,-4.125E-4,-8.25E-4,-22.6875,16.556252,35.86875,walking
146752180854016,-0.432,-9.78195,-1.014,0.0163625,-4.125E-4,-0.004125,-22.66875,16.556252,35.8875,walking
146752200855681,-0.44895002,-9.802051,-1.02195,0.0163625,-0.0015125,-0.0083875,-22.66875,16.5375,35.86875,walking
146752220587222,-0.37905002,-9.712951,-1.02195,0.002475,0.00165,-0.0083875,-22.650002,16.5375,35.8875,walking
146752240650215,-0.40305,-9.711,-0.98595005,-0.00825,-0.004675,-0.0072875,-22.650002,16.518751,35.925003,walking
146752260700961,-0.42900002,-9.76605,-0.90405005,-0.0103124995,-0.0100375,0.0055,-22.650002,16.518751,35.925003,walking
146752280739109,-0.46800002,-9.744,-0.96195006,-0.0017875,0.009075,0.0108624995,-22.66875,16.518751,35.9625,walking
146752300776681,-0.50100005,-9.700951,-1.1029501,0.0045375,0.0133375,0.0086624995,-22.650002,16.5,36.0,walking
146752320801137,-0.52005005,-9.715051,-1.11705,-0.0039875,0.0133375,0.0055,-22.63125,16.462502,36.037502,walking
146752340814495,-0.573,-9.771001,-1.06005,-0.00825,0.0070125,1.375E-4,-22.63125,16.462502,36.0,walking
146752360830230,-0.53205,-9.759001,-0.99105006,-0.00825,-0.0015125,-0.0083875,-22.612501,16.425001,36.037502,walking
146752380836474,-0.46305,-9.75405,-0.98100007,-0.0039875,-0.0132,-0.004125,-22.612501,16.40625,36.05625,walking
146752400846592,-0.40995002,-9.736951,-0.98295003,0.0078375,-0.007975,-0.001925,-22.612501,16.425001,36.037502,walking
146752420585299,-0.40605003,-9.747001,-1.029,0.011,0.00165,1.375E-4,-22.612501,16.44375,36.0,walking
146752440642563,-0.34800002,-9.76095,-0.97395,0.0067375,0.009075,-0.001925,-22.612501,16.462502,36.0,walking
146752460700044,-0.35295,-9.74205,-0.93795,0.0067375,0.0059125,-8.25E-4,-22.63125,16.44375,35.9625,walking
146752480743580,-0.38895002,-9.727051,-0.90705,0.003575,-0.0015125,-8.25E-4,-22.63125,16.44375,35.943752,walking
146752500773832,-0.45600003,-9.73005,-0.96405005,-0.0028875,-0.007975,-0.003025,-22.63125,16.425001,35.90625,walking
146752520803687,-0.46095002,-9.73005,-1.00695,-0.0028875,-0.007975,-0.003025,-22.63125,16.44375,35.90625,walking
146752540821267,-0.44595003,-9.77295,-1.02405,-0.0028875,0.0081124995,0.0012375,-22.612501,16.425001,35.925003,walking
146752560828802,-0.42900002,-9.768001,-1.0170001,0.003575,0.0048125,0.0055,-22.612501,16.425001,35.90625,walking
146752580839833,-0.45105,-9.724951,-1.0699501,0.002475,-0.0026125,0.0044,-22.612501,16.425001,35.943752,walking
146752600842403,-0.46995002,-9.706051,-1.04805,-0.0039875,-0.005775,0.0023375,-22.59375,16.40625,35.943752,walking
146752620586429,-0.50100005,-9.732,-1.0360501,-0.0103124995,-0.0165,-0.0050875,-22.59375,16.40625,35.943752,walking
146752640648008,-0.50100005,-9.74895,-0.99495006,-0.0092124995,-0.0026125,-0.0050875,-22.59375,16.425001,35.90625,walking
146752660697552,-0.43905002,-9.771001,-0.98805004,2.75E-4,0.0081124995,0.0012375,-22.575,16.425001,35.8875,walking
146752680746009,-0.41505003,-9.735001,-1.04595,0.013062499,0.0070125,0.0044,-22.59375,16.44375,35.86875,walking
146752700780175,-0.39405003,-9.74205,-1.00695,0.017324999,0.0059125,0.0044,-22.59375,16.462502,35.831253,walking
146752720801710,-0.41805002,-9.7560005,-1.0000501,0.0045375,-0.0026125,0.0012375,-22.59375,16.44375,35.8125,walking
146752740824023,-0.48195,-9.711,-0.96900004,-0.00825,-0.0165,-0.004125,-22.59375,16.44375,35.756252,walking
146752760835293,-0.42705002,-9.732,-0.91395,-6.875E-4,-0.0174625,-0.0072875,-22.59375,16.425001,35.8125,walking
146752780837840,-0.41295,-9.74895,-0.94305,0.0099,-0.0132,-0.0061875,-22.575,16.3875,35.850002,walking
146752800845058,-0.40800002,-9.7560005,-1.0309501,0.0067375,-0.0015125,-0.001925,-22.575,16.368752,35.86875,walking
146752820844955,-0.39600003,-9.747001,-1.05495,-0.0017875,-0.0015125,0.0034375,-22.575,16.368752,35.850002,walking
146752840850667,-0.38895002,-9.759001,-1.014,0.001375,-0.005775,0.0023375,-22.59375,16.3875,35.79375,walking
146752860849818,-0.42495003,-9.75105,-0.93795,0.001375,0.00275,-0.004125,-22.575,16.3875,35.775,walking
146752880844118,-0.46095002,-9.739051,-1.0000501,-0.00605,-0.0015125,1.375E-4,-22.556252,16.3875,35.756252,walking
146752900846063,-0.50805,-9.735001,-1.065,-0.015675,-0.0165,0.0077,-22.556252,16.3875,35.756252,walking
146752920843005,-0.49695003,-9.71805,-1.0500001,-0.0103124995,-0.0259875,0.0044,-22.556252,16.40625,35.756252,walking
146752940836126,-0.441,-9.724951,-1.0380001,0.0067375,-0.0259875,-0.0050875,-22.556252,16.40625,35.775,walking
146752960837794,-0.45600003,-9.77295,-1.06005,0.015262499,-0.0026125,-0.0083875,-22.556252,16.40625,35.775,walking
146752980835100,-0.48900002,-9.74895,-1.029,0.013062499,-0.0089375,-0.00935,-22.556252,16.40625,35.775,walking
146753000828938,-0.42195,-9.732,-0.97605,0.0099,-0.023924999,-0.0072875,-22.5375,16.40625,35.775,walking
146753020568011,-0.31695002,-9.74895,-0.85395,0.003575,-0.0143,-0.0072875,-22.5375,16.40625,35.775,walking
146753040627401,-0.35805002,-9.747001,-0.87600005,-0.0017875,-0.0165,-0.0050875,-22.5375,16.3875,35.756252,walking
146753060676733,-0.38895002,-9.739051,-0.97605,2.75E-4,-0.0165,1.375E-4,-22.5375,16.3875,35.71875,walking
146753080714895,-0.432,-9.724951,-1.0170001,0.0099,0.010175,0.0034375,-22.5375,16.40625,35.737503,walking
146753100753416,-0.44895002,-9.732,-1.0669501,0.0121,0.0517,1.375E-4,-22.556252,16.40625,35.68125,walking
146753120790582,-0.52005005,-9.75105,-1.08405,0.002475,0.0655875,0.0055,-22.575,16.425001,35.68125,walking
146753140814370,-0.59895,-9.768001,-1.05495,0.001375,0.0400125,0.0108624995,-22.575,16.425001,35.662502,walking
146753160826799,-0.63795,-9.739051,-1.0360501,0.001375,0.03575,0.016224999,-22.575,16.425001,35.662502,walking
146753180839221,-0.55200005,-9.712951,-1.0669501,2.75E-4,0.043175,0.016224999,-22.575,16.425001,35.643753,walking
146753200845076,-0.56595004,-9.71805,-1.11705,0.001375,0.0411125,0.0108624995,-22.59375,16.425001,35.625,walking
146753220854935,-0.60705,-9.7560005,-1.065,0.0045375,0.034649998,0.0055,-22.59375,16.40625,35.568752,walking
146753240856731,-0.57795,-9.735001,-1.0380001,0.003575,0.0209,1.375E-4,-22.575,16.3875,35.53125,walking
146753260852363,-0.48900002,-9.703051,-1.01205,-0.0039875,-0.0111375,-0.0061875,-22.575,16.368752,35.60625,walking
146753280852768,-0.39795002,-9.76095,-0.97395,-0.0028875,-0.0441375,-0.01045,-22.575,16.331251,35.643753,walking
146753300850382,-0.29505002,-9.78195,-0.91605,0.0067375,-0.0589875,-0.0169125,-22.575,16.331251,35.643753,walking
146753320843767,-0.25005,-9.739051,-0.93105006,0.014162499,-0.054725,-0.0254375,-22.575,16.331251,35.662502,walking
146753340834159,-0.23295002,-9.732,-0.92805004,0.0121,-0.023924999,-0.0275,-22.59375,16.35,35.662502,walking
146753360833833,-0.25695002,-9.77805,-0.91905004,0.003575,0.00385,-0.018975,-22.59375,16.35,35.60625,walking
146753380827336,-0.29295,-9.7900505,-0.88005006,-0.0017875,-0.0111375,-0.0072875,-22.59375,16.3875,35.550003,walking
146753400831924,-0.31005,-9.736951,-0.87795,-0.0125124995,-0.023924999,0.0034375,-22.575,16.3875,35.568752,walking
146753420568223,-0.40995002,-9.712951,-0.92295,-0.00605,-0.02915,0.0086624995,-22.556252,16.3875,35.643753,walking
146753440625387,-0.55905,-9.724951,-1.02405,0.001375,-0.032449998,1.375E-4,-22.5375,16.3875,35.7,walking
146753460684314,-0.63795,-9.76605,-1.01205,0.0056375,-0.0185625,-0.01045,-22.5375,16.3875,35.737503,walking
146753480729888,-0.59205,-9.76605,-0.98100007,0.003575,-0.0111375,-0.017875,-22.556252,16.3875,35.756252,walking
146753500762560,-0.51600003,-9.7560005,-0.97395,-0.0103124995,-0.0259875,-0.01265,-22.5375,16.35,35.79375,walking
146753520794891,-0.39600003,-9.727051,-0.90705,-0.0114124995,-0.0473,0.0012375,-22.556252,16.368752,35.79375,walking
146753540814721,-0.31695002,-9.724951,-0.93495005,0.0099,-0.03025,0.0023375,-22.575,16.368752,35.79375,walking
146753560824292,-0.35295,-9.736951,-0.9670501,0.0121,-0.0026125,0.0044,-22.575,16.3875,35.756252,walking
146753580834617,-0.42000002,-9.744,-1.014,0.0121,-0.0122375,0.0012375,-22.59375,16.3875,35.71875,walking
146753600836785,-0.49695003,-9.76605,-0.99300003,0.0237875,0.0155375,-0.01265,-22.612501,16.40625,35.71875,walking
146753620571398,-0.44400004,-9.76605,-0.91200006,0.014162499,0.060225,-0.0221375,-22.59375,16.3875,35.71875,walking
146753640634592,-0.33600003,-9.747001,-0.94995004,-0.0092124995,0.03575,-0.01155,-22.612501,16.3875,35.756252,walking
146753660685886,-0.34995002,-9.724951,-1.00995,-0.0125124995,0.0198,0.0171875,-22.63125,16.3875,35.79375,walking
146753680735868,-0.33405003,-9.708,-1.04595,0.003575,0.076175,0.032175,-22.612501,16.368752,35.79375,walking
146753700771191,-0.40095,-9.700951,-1.21095,0.019524999,0.1423125,0.0407,-22.63125,16.368752,35.8125,walking
146753720793887,-0.61095005,-9.708,-1.23195,0.013062499,0.1519375,0.049225,-22.63125,16.35,35.8125,walking
146753740817320,-0.786,-9.727051,-1.1050501,-0.00825,0.1093125,0.0416625,-22.63125,16.368752,35.8125,walking
146753760829093,-0.74805003,-9.7560005,-1.0500001,-0.00825,0.0507375,0.0257125,-22.650002,16.368752,35.8125,walking
146753780831894,-0.58500004,-9.78195,-1.01205,-0.0125124995,0.0081124995,0.0023375,-22.66875,16.3875,35.8125,walking
146753800839680,-0.56595004,-9.7560005,-1.0020001,-0.0103124995,-0.037675,-0.021175,-22.706251,16.425001,35.90625,walking
146753820578278,-0.46305,-9.832951,-1.04295,-0.0039875,-0.0473,-0.037125,-22.725,16.44375,35.9625,walking
146753840644807,-0.31005,-9.873,-0.95205003,0.002475,-0.005775,-0.045649998,-22.743752,16.44375,36.037502,walking
146753860698239,-0.17295001,-9.739051,-0.94005007,0.0226875,0.0198,-0.0391875,-22.743752,16.44375,36.018753,walking
146753880738041,-0.16605,-9.73005,-0.92295,0.0462,0.0187,-0.0297,-22.7625,16.425001,36.0,walking
146753900776873,-0.33600003,-9.735001,-0.88500005,0.02585,0.036849998,-0.0264,-22.743752,16.3875,36.05625,walking
146753920802084,-0.52995,-9.723001,-0.90900004,-6.875E-4,0.00385,-0.0243375,-22.725,16.368752,36.05625,walking
146753940815905,-0.64500004,-9.74895,-0.94995004,-0.013475,-0.03025,-0.0306625,-22.725,16.35,36.09375,walking
146753960832046,-0.63105005,-9.826051,-0.88005006,-0.0507375,-0.0281875,-0.0595375,-22.725,16.331251,36.075,walking
146753980838041,-0.49695003,-9.7900505,-1.04595,-0.07425,-0.073975,-0.091437496,-22.7625,16.3125,36.09375,walking
146754000836725,-0.52500004,-9.712951,-1.1869501,-0.0902,-0.14739999,-0.103125,-22.78125,16.3125,36.075,walking
146754020580132,-0.42000002,-9.706051,-1.09095,-0.116875,-0.18259999,-0.1084875,-22.837502,16.29375,36.018753,walking
146754040638961,-0.21405001,-9.79695,-1.14405,-0.097625,-0.2167,-0.0946,-22.875,16.275002,35.98125,walking
146754060698110,-0.10095,-9.957001,-1.11,-0.0092124995,-0.20185,-0.0647625,-22.95,16.29375,35.925003,walking
146754080742501,-0.17805001,-9.871051,-0.864,0.05995,-0.1027125,-0.0339625,-23.00625,16.29375,35.850002,walking
146754100773178,-0.28095,-9.72,-0.84705,0.0919875,0.0528,-0.0275,-23.0625,16.29375,35.775,walking
146754120803594,-0.32205,-9.667951,-0.72705,0.053625,0.20515,-0.0286,-23.1,16.275002,35.737503,walking
146754140821404,-0.35295,-9.651,-0.49695003,-0.0295625,0.245575,-0.017875,-23.15625,16.25625,35.737503,walking
146754160829229,-0.29295,-9.63195,-0.54300004,-0.0114124995,0.211475,-0.01155,-23.19375,16.21875,35.775,walking
146754180840479,-0.28095,-9.378,-0.96405005,0.09625,0.313775,0.080025,-23.212502,16.181252,35.8125,walking
146754200843031,-0.60405004,-9.12195,-1.32105,0.1813625,0.5385875,0.1439625,-23.25,16.1625,35.831253,walking
146754220577899,-1.2600001,-9.28695,-1.48905,0.1995125,0.6472125,0.15565,-23.268751,16.143751,35.831253,walking
146754240641581,-1.6360501,-9.880951,-0.96195006,0.16115,0.4629625,0.081125,-23.306252,16.125,35.8125,walking
146754260692885,-1.66005,-10.173,-0.588,0.0556875,0.094325,-0.021175,-23.362501,16.125,35.79375,walking
146754280742635,-0.87000006,-10.27305,-0.86805004,-0.0774125,-0.1975875,-0.088275,-23.41875,16.10625,35.79375,walking
146754300780203,0.10605001,-10.101001,-1.3039501,-0.15619999,-0.2965875,-0.0988625,-23.456251,16.087502,35.775,walking
146754320804445,0.80505,-9.580951,-1.31895,-0.1945625,-0.241175,-0.0658625,-23.475,16.10625,35.775,walking
146754340828646,1.0159501,-9.31095,-1.3260001,-0.1711875,-0.155925,-0.018975,-23.53125,16.06875,35.8125,walking
146754360841198,0.47505003,-9.523951,-1.5700501,-0.083875,-0.089925,0.0279125,-23.550001,16.03125,35.8125,walking
146754380842342,-0.33405003,-9.909,-1.6300501,0.0334125,-4.125E-4,0.0416625,-23.56875,16.0125,35.831253,walking
146754400850635,-0.79800004,-10.189051,-1.3930501,0.137775,0.0985875,-0.0083875,-23.587502,15.95625,35.737503,walking
146754420587796,-0.74295,-10.245001,-0.91200006,0.152625,0.187,-0.0743875,-23.625,15.95625,35.68125,walking
146754440641752,-0.23805001,-10.05795,-0.39000002,0.0908875,0.16995,-0.095699996,-23.681252,15.975,35.625,walking
146754460699001,0.35505003,-9.63405,-0.094950005,0.0163625,0.010175,-0.0829125,-23.737501,16.0125,35.550003,walking
146754480740071,0.75000006,-9.220051,-0.12105001,-0.030524999,-0.176275,-0.0584375,-23.79375,16.03125,35.5125,walking
146754500770834,0.735,-9.33195,-0.37800002,-0.0242,-0.23265,-0.0595375,-23.831251,16.0125,35.5125,walking
146754520801350,0.18,-9.84195,-0.90405005,-0.041249998,-0.141075,-0.0562375,-23.8875,16.03125,35.49375,walking
146754540819493,-0.32895002,-10.1970005,-1.0360501,-0.0262625,-0.0878625,-0.045649998,-23.925001,16.03125,35.49375,walking
146754560827507,-0.61395,-10.110001,-1.04295,-6.875E-4,-0.1123375,-0.04675,-23.962502,16.0125,35.5125,walking
146754580836534,-0.47700003,-9.74895,-1.005,-0.013475,-0.0856625,-0.0328625,-24.0,16.0125,35.475002,walking
146754600839991,-0.34605002,-9.562051,-1.13205,2.75E-4,-0.0165,-0.003025,-24.056252,16.0125,35.456253,walking
146754620573499,-0.43395,-9.523951,-1.16805,-0.014575,0.0059125,0.0055,-24.093752,16.0125,35.456253,walking
146754640624569,-0.48195,-9.59805,-0.85395,-0.0466125,-0.0132,1.375E-4,-24.150002,16.03125,35.41875,walking
146754660680113,-0.504,-9.74205,-0.96900004,-0.047575,-0.0334125,0.0055,-24.16875,16.03125,35.41875,walking
146754680731250,-0.55200005,-9.832951,-1.149,-0.0017875,0.00385,0.0375375,-24.206251,16.0125,35.4375,walking
146754700770217,-0.47295,-9.780001,-1.2199501,0.0578875,0.13585,0.0694375,-24.225,16.0125,35.456253,walking
146754720795616,-0.324,-9.62895,-1.2280501,0.1057375,0.3202375,0.0939125,-24.2625,15.993751,35.41875,walking
146754740820856,-0.34800002,-9.547951,-1.0500001,0.119625,0.4203375,0.1056,-24.281252,15.975,35.381252,walking
146754760834180,-0.55200005,-9.53295,-0.76095,0.135575,0.417175,0.099275,-24.300001,15.993751,35.362503,walking
146754780847120,-0.63105005,-9.58605,-0.6,0.1346125,0.3916,0.0672375,-24.337502,15.975,35.34375,walking
146754800853030,-0.492,-9.7560005,-0.73200005,0.0897875,0.3372875,-0.00935,-24.337502,15.95625,35.325,walking
146754820588074,-0.279,-9.889951,-0.89205,0.0056375,0.1582625,-0.105325,-24.35625,15.937501,35.325,walking
146754840639788,0.015000001,-9.936001,-0.92595005,-0.055,-0.0845625,-0.1522125,-24.35625,15.918751,35.34375,walking
146754860695594,0.36,-9.92895,-1.029,-0.0699875,-0.1890625,-0.1607375,-24.35625,15.900001,35.34375,walking
146754880735688,0.666,-9.883051,-1.3110001,-0.1040875,-0.14739999,-0.1617,-24.35625,15.900001,35.325,walking
146754900776953,0.68805003,-9.969001,-1.51995,-0.14355,-0.1687125,-0.1309,-24.35625,15.900001,35.362503,walking
146754920804134,0.333,-10.186951,-1.46895,-0.1615625,-0.29975,-0.0647625,-24.393751,15.937501,35.325,walking
146754940819526,-0.10095,-10.110001,-1.32105,-0.131725,-0.3914625,-0.003025,-24.431252,15.993751,35.25,walking
146754960836663,-0.28095,-9.703051,-1.4479501,-0.083875,-0.310475,0.0396,-24.45,16.0125,35.2125,walking
146754980841649,-0.52500004,-9.5140505,-1.2900001,-0.047575,-0.157025,0.05555,-24.468752,16.03125,35.175003,walking
146755000841481,-0.702,-9.579,-0.78900003,-0.00825,-0.0845625,0.0609125,-24.487501,16.0125,35.193752,walking
146755020583342,-0.657,-9.58395,-0.31800002,0.0578875,-0.058025,0.056649998,-24.468752,15.975,35.193752,walking
146755040640663,-0.52305,-9.505051,-0.21495001,0.119625,-4.125E-4,0.0416625,-24.468752,15.937501,35.2125,walking
146755060689680,-0.47295,-9.568951,-0.354,0.1335125,0.07205,0.031075,-24.468752,15.900001,35.268753,walking
146755080735605,-0.324,-9.712951,-0.33,0.1463,0.122099996,0.0193875,-24.468752,15.88125,35.268753,walking
146755100770427,-0.06795,-9.682051,-0.22905001,0.1579875,0.1678875,-0.00935,-24.50625,15.88125,35.2125,walking
146755120792648,0.135,-9.559951,-0.34605002,0.1079375,0.195525,-0.051975,-24.54375,15.8625,35.2125,walking
146755140815549,0.14895001,-9.531,-0.67905,0.0088,0.086899996,-0.087175,-24.581251,15.843751,35.15625,walking
146755160827419,0.11805001,-9.81105,-1.00695,-0.0881375,-0.109175,-0.11165,-24.6,15.825001,35.15625,walking
146755180839422,0.252,-10.077001,-1.16505,-0.1243,-0.1698125,-0.1159125,-24.618752,15.7875,35.175003,walking
146755200844915,0.24000001,-10.201051,-1.4980501,-0.097625,-0.0771375,-0.121275,-24.6,15.76875,35.193752,walking
146755220579796,0.00795,-10.125001,-1.8379501,-0.0603625,0.046475,-0.1148125,-24.6,15.731251,35.2125,walking
146755240631742,-0.23805001,-9.933001,-1.77795,-0.0369875,0.0804375,-0.087175,-24.562502,15.675,35.2125,walking
146755260687760,-0.38595003,-9.91905,-1.6320001,-0.0583,0.0559625,-0.0317625,-24.54375,15.656251,35.23125,walking
146755280739314,-0.47295,-9.856951,-1.4290501,-0.080575,0.010175,0.0257125,-24.50625,15.618751,35.25,walking
146755300778216,-0.52995,-9.64605,-1.2040501,-0.0592625,-0.0622875,0.047025,-24.50625,15.618751,35.268753,walking
146755320803386,-0.68595004,-9.529051,-0.97905004,-0.032725,-0.1027125,0.0416625,-24.487501,15.618751,35.30625,walking
146755340828260,-0.85605,-9.58905,-0.933,-0.0295625,-0.0803,0.0182875,-24.468752,15.618751,35.34375,walking
146755360841363,-0.86805004,-9.706051,-0.98805004,-0.0092124995,-0.0504625,-0.0072875,-24.468752,15.6,35.30625,walking
146755380842870,-0.52500004,-9.672001,-0.78000003,0.0462,-0.038775,-0.0243375,-24.45,15.6,35.325,walking
146755400839935,-0.09900001,-9.427951,-0.53805,0.0812625,0.0411125,-0.0243375,-24.468752,15.618751,35.34375,walking
146755420579664,0.22995001,-9.370951,-0.55695003,0.084425,0.113575,-0.018975,-24.468752,15.618751,35.325,walking
146755440635722,0.36705002,-9.62895,-0.56895,0.0759,0.110275,-0.017875,-24.487501,15.618751,35.34375,walking
146755460694882,0.34005,-9.909,-0.39000002,0.0451,0.028324999,-0.00935,-24.487501,15.618751,35.362503,walking
146755480737580,0.33795002,-9.96195,-0.43995002,0.0056375,-0.09845,0.0012375,-24.50625,15.618751,35.34375,walking
146755500769546,0.22800002,-9.759001,-0.73005,-0.033825,-0.1601875,0.0193875,-24.525002,15.6,35.30625,walking
146755520800919,0.13695,-9.712951,-0.88005006,-0.0253,-0.1166,0.032175,-24.50625,15.543751,35.30625,walking
146755540817365,0.08205,-9.79905,-1.0170001,0.018424999,-0.0154,0.032175,-24.50625,15.50625,35.362503,walking
146755560826292,0.02205,-9.84,-1.1029501,0.02805,0.0847,0.032175,-24.487501,15.468751,35.41875,walking
146755580836349,-0.11595,-9.80895,-1.1580001,0.0301125,0.10395,0.0375375,-24.487501,15.450001,35.41875,walking
146755600840207,-0.31500003,-9.711,-1.194,0.02585,0.0730125,0.0438625,-24.50625,15.4875,35.41875,walking
146755620573271,-0.31695002,-9.687,-1.0500001,0.002475,0.0815375,0.0416625,-24.525002,15.468751,35.4375,walking
146755640579755,-0.23295002,-9.694051,-1.0530001,-0.00605,0.0996875,0.031075,-24.54375,15.450001,35.4,walking
146755660555901,-0.20205002,-9.747001,-1.1509501,-0.015675,0.061325,0.0171875,-24.54375,15.450001,35.34375,walking
146755680513756,-0.109050006,-9.768001,-1.08405,-0.0369875,-0.0111375,-0.003025,-24.54375,15.431251,35.34375,walking
146755700450565,-0.027,-9.80895,-1.182,-0.048675,-0.0771375,-0.013612499,-24.525002,15.4125,35.381252,walking
146755720380407,0.04095,-9.89505,-1.2919501,-0.0380875,-0.06545,-0.0061875,-24.50625,15.431251,35.4,walking
146755740294464,0.04605,-9.861,-1.2589501,-0.015675,0.0314875,0.0086624995,-24.487501,15.4125,35.41875,walking
146755760197169,0.034050003,-9.79395,-1.1839501,0.002475,0.0996875,0.0193875,-24.50625,15.431251,35.4,walking
146755780131735,-0.01305,-9.80595,-1.0530001,-0.0125124995,0.0922625,0.0204875,-24.487501,15.450001,35.381252,walking
146755800166253,-0.13005,-9.78195,-0.873,-0.0358875,0.034649998,0.0097624995,-24.487501,15.468751,35.325,walking
146755820117658,-0.16905001,-9.732,-0.86805004,-0.04015,-0.054725,-8.25E-4,-24.468752,15.4875,35.30625,walking
146755840105777,-0.12495001,-9.7560005,-0.88995004,-0.039049998,-0.088825,-0.0072875,-24.45,15.50625,35.30625,walking
146755860087169,-0.039,-9.79695,-0.87600005,-0.00825,-0.058025,-0.0169125,-24.45,15.50625,35.30625,walking
146755880085544,-0.01305,-9.84195,-0.91395,0.02585,-0.0185625,-0.0221375,-24.45,15.50625,35.34375,walking
146755900084904,-0.030000001,-9.832951,-0.79695004,0.034375,-0.0015125,-0.0169125,-24.431252,15.525001,35.30625,walking
146755920083788,-0.0010500001,-9.71805,-0.67905,0.037675,-0.0196625,-0.0050875,-24.4125,15.50625,35.325,walking
146755940081853,0.010050001,-9.62205,-0.67695004,0.0334125,-0.056925,0.012925,-24.393751,15.50625,35.325,walking
146755960047379,0.015000001,-9.568951,-0.63405,0.014162499,-0.075075,0.016224999,-24.375002,15.50625,35.4,walking
146755980437027,-0.14205001,-9.523951,-0.73200005,-0.00605,-0.0803,0.0097624995,-24.375002,15.50625,35.362503,walking
146756000711951,-0.3,-9.687,-0.84195006,-0.0177375,-0.0441375,0.0055,-24.35625,15.525001,35.34375,walking
146756020566963,-0.39600003,-9.82995,-0.88995004,-0.015675,-0.022824999,0.0097624995,-24.35625,15.525001,35.30625,walking
146756040440587,-0.324,-9.835051,-0.99495006,-0.00605,-0.0697125,0.015125,-24.337502,15.525001,35.30625,walking
146756060669623,-0.171,-9.804001,-1.0360501,-0.0039875,-0.125125,0.0108624995,-24.337502,15.525001,35.25,walking
146756080771197,-0.09195001,-9.8209505,-1.08105,0.011,-0.092125,0.0023375,-24.337502,15.562501,35.23125,walking
146756100836490,-0.09,-9.852,-1.146,0.0099,0.0070125,0.0077,-24.300001,15.562501,35.268753,walking
146756120884071,-0.112950005,-9.727051,-1.07895,0.001375,0.060225,0.02475,-24.281252,15.543751,35.268753,walking
146756140685242,-0.123,-9.591001,-1.02195,2.75E-4,0.044275,0.0407,-24.281252,15.525001,35.30625,walking
146756160535204,-0.11100001,-9.567,-1.041,-0.014575,0.0081124995,0.0416625,-24.2625,15.525001,35.30625,walking
146756180632185,-0.21900001,-9.691051,-1.1509501,-0.00715,-0.0037125,0.029975,-24.225,15.50625,35.325,walking
146756200706075,-0.34800002,-9.838051,-1.24395,0.0056375,0.0198,0.0193875,-24.206251,15.468751,35.268753,walking
146756220494985,-0.34605002,-9.933001,-1.1410501,0.0099,0.046475,0.0097624995,-24.187502,15.4875,35.287502,walking
146756240601659,-0.20400001,-9.880951,-1.12905,0.002475,0.0592625,0.0077,-24.187502,15.4875,35.34375,walking
146756260683865,-0.010950001,-9.708,-1.1029501,-0.0103124995,0.0314875,0.0086624995,-24.150002,15.50625,35.362503,walking
146756280743171,-0.010950001,-9.636001,-1.0669501,-0.0039875,-0.0122375,0.0086624995,-24.150002,15.525001,35.325,walking
146756300543213,-0.087000005,-9.724951,-1.062,0.003575,-0.0196625,0.0012375,-24.13125,15.543751,35.287502,walking
146756320412433,-0.16395001,-9.804001,-1.0669501,0.0121,0.0229625,-0.013612499,-24.13125,15.562501,35.268753,walking
146756340531618,-0.21405001,-9.84195,-1.062,-0.0103124995,0.0517,-0.0232375,-24.13125,15.58125,35.268753,walking
146756360760373,-0.216,-9.838051,-0.9979501,-0.04015,0.0240625,-0.0169125,-24.112501,15.562501,35.268753,walking
146756380809642,-0.13305001,-9.74205,-0.95895004,-0.0444125,-0.0452375,-0.001925,-24.093752,15.562501,35.30625,walking
146756400905239,-0.09,-9.648001,-1.00695,-0.0231,-0.0952875,0.0023375,-24.056252,15.525001,35.34375,walking
146756420648914,-0.18300001,-9.732,-1.062,0.0056375,-0.06655,-0.004125,-24.056252,15.50625,35.325,walking
146756440704437,-0.324,-9.873,-1.077,0.015262499,-0.0015125,-0.001925,-24.056252,15.4875,35.362503,walking
146756460756033,-0.32895002,-9.8539505,-0.93105006,0.0323125,0.0155375,0.0066,-24.056252,15.50625,35.4,walking
146756480791270,-0.25500003,-9.66495,-0.77505004,0.0471625,0.00275,0.0023375,-24.056252,15.525001,35.381252,walking
146756500812522,-0.12495001,-9.543,-0.67005,0.037675,-0.0196625,-0.0169125,-24.056252,15.525001,35.456253,walking
146756520833687,-0.11595,-9.670051,-0.68595004,0.0099,-0.082499996,-0.0413875,-24.056252,15.562501,35.456253,walking
146756540843378,-0.10095,-9.856951,-0.68595004,-0.015675,-0.138875,-0.043449998,-24.056252,15.562501,35.456253,walking
146756560844135,0.052950002,-9.859051,-0.68895006,-0.0039875,-0.13145,-0.020075,-24.056252,15.58125,35.456253,walking
146756580849594,0.16800001,-9.723001,-0.92100006,0.0312125,-0.0504625,0.0044,-24.075,15.562501,35.49375,walking
146756600848099,0.10605001,-9.64605,-1.1029501,0.061049998,0.0570625,0.015125,-24.075,15.562501,35.5125,walking
146756620577753,-0.15405001,-9.727051,-1.149,0.0462,0.1071125,0.02255,-24.075,15.543751,35.53125,walking
146756640639645,-0.46305,-9.739051,-1.09305,-6.875E-4,0.078375,0.0353375,-24.093752,15.543751,35.5125,walking
146756660690252,-0.56805,-9.679951,-1.0309501,-0.04235,0.00165,0.047025,-24.093752,15.562501,35.5125,walking
146756680739773,-0.47295,-9.624001,-1.041,-0.0540375,-0.0495,0.0438625,-24.075,15.543751,35.550003,walking
146756700775100,-0.34995002,-9.7560005,-1.18005,-0.0347875,-0.0259875,0.0353375,-24.075,15.543751,35.550003,walking
146756720797863,-0.36495003,-9.909,-1.32105,-0.0028875,0.0389125,0.0268125,-24.075,15.562501,35.53125,walking
146756740821230,-0.35505003,-9.924001,-1.31895,0.02915,0.0900625,0.02365,-24.075,15.562501,35.5125,walking
146756760833364,-0.231,-9.768001,-1.1700001,0.0419375,0.1315875,0.0193875,-24.075,15.562501,35.475002,walking
146756780836704,-0.12495001,-9.64605,-0.98805004,0.0429,0.154,0.014025,-24.093752,15.562501,35.475002,walking
146756800844467,-0.135,-9.663,-0.86805004,0.044,0.145475,0.0066,-24.093752,15.562501,35.53125,walking
146756820581329,-0.19695,-9.715051,-0.80100006,0.020624999,0.1071125,-0.004125,-24.112501,15.543751,35.5125,walking
146756840637240,-0.23595001,-9.732,-0.84195006,-0.0273625,0.0229625,-0.0169125,-24.112501,15.543751,35.456253,walking
146756860693898,-0.22605,-9.80895,-0.96405005,-0.0592625,-0.075075,-0.0306625,-24.13125,15.543751,35.4375,walking
146756880736773,-0.15900001,-9.936001,-1.029,-0.0625625,-0.111237496,-0.0339625,-24.112501,15.543751,35.475002,walking
146756900777949,-0.039,-9.89505,-1.14405,-0.0444125,-0.06655,-0.0264,-24.112501,15.543751,35.49375,walking
146756920805051,-0.015000001,-9.732,-1.23705,-0.0188375,0.0166375,-0.013612499,-24.112501,15.543751,35.4375,walking
146756940820320,-0.123,-9.706051,-1.16505,2.75E-4,0.0517,1.375E-4,-24.13125,15.562501,35.41875,walking
146756960837216,-0.21900001,-9.79905,-1.0000501,0.018424999,0.0251625,0.0055,-24.13125,15.58125,35.381252,walking
146756980844174,-0.291,-9.802051,-0.83205,0.02805,-0.03025,-0.001925,-24.150002,15.58125,35.325,walking
146757000843365,-0.27600002,-9.81105,-0.74895006,0.020624999,-0.082499996,-0.018975,-24.16875,15.6,35.30625,walking
146757020584944,-0.17295001,-9.79395,-0.70095,0.0045375,-0.0930875,-0.0297,-24.150002,15.6,35.34375,walking
146757040644282,-0.03195,-9.658051,-0.68595004,-0.0017875,-0.0537625,-0.0232375,-24.13125,15.618751,35.34375,walking
146757060692268,0.11505,-9.559951,-0.72495,0.0215875,-0.0089375,-0.003025,-24.112501,15.6,35.34375,walking
146757080739652,0.13905,-9.624001,-0.78000003,0.0545875,0.0187,0.0066,-24.112501,15.618751,35.325,walking
146757100773190,0.012,-9.759001,-0.84705,0.0545875,0.0187,0.0077,-24.093752,15.6,35.30625,walking
146757120794480,-0.20205002,-9.802051,-0.90195006,0.0121,0.00385,0.015125,-24.093752,15.58125,35.287502,walking
146757140816553,-0.36705002,-9.744,-0.88305,-0.031625,-0.0100375,0.02255,-24.112501,15.58125,35.268753,walking
146757160827865,-0.33105,-9.735001,-0.84195006,-0.0380875,-0.0345125,0.014025,-24.112501,15.6,35.2125,walking
146757180841813,-0.22095,-9.736951,-0.95205003,-0.04015,-0.0803,-0.0072875,-24.093752,15.618751,35.2125,walking
146757200846483,-0.26205,-9.780001,-1.1220001,-0.04015,-0.139975,-0.0328625,-24.075,15.618751,35.193752,walking
146757220844309,-0.30705002,-9.909,-1.263,-0.030524999,-0.142175,-0.0402875,-24.075,15.618751,35.193752,walking
146757240848193,-0.16095,-9.912001,-1.2040501,-0.0114124995,-0.06655,-0.0306625,-24.056252,15.618751,35.23125,walking
146757260845924,0.052950002,-9.7900505,-1.1080501,0.0078375,0.0229625,-0.01045,-24.0375,15.618751,35.23125,walking
146757280839111,0.08895,-9.679951,-1.0339501,0.0078375,0.060225,0.0055,-24.018751,15.618751,35.23125,walking
146757300840259,-0.13695,-9.670051,-0.95505005,-0.00825,0.028324999,0.0182875,-24.018751,15.618751,35.23125,walking
146757320836658,-0.37395,-9.706051,-0.94005007,-0.0210375,-0.0026125,0.0257125,-24.0,15.6,35.25,walking
146757340829563,-0.48495004,-9.708,-0.9670501,-0.016775,0.0218625,0.0268125,-24.0,15.6,35.268753,walking
146757360831120,-0.48195,-9.723001,-1.041,0.003575,0.055,0.02475,-23.98125,15.6,35.287502,walking
146757380828442,-0.48900002,-9.81105,-1.1010001,0.0078375,0.0539,0.02145,-23.98125,15.618751,35.30625,walking
146757400833569,-0.48705003,-9.75105,-1.0860001,-0.0028875,0.0198,0.0204875,-23.98125,15.637501,35.25,walking
146757420569990,-0.38595003,-9.65295,-1.0530001,0.011,-0.037675,0.0097624995,-23.962502,15.656251,35.25,walking
146757440627112,-0.24795002,-9.612,-0.957,0.017324999,-0.0345125,-0.01045,-23.962502,15.656251,35.268753,walking
146757460685772,-0.10095,-9.72,-0.87795,-0.0188375,0.0059125,-0.020075,-23.962502,15.637501,35.287502,walking
146757480731079,0.0049500004,-9.901951,-0.92805004,-0.04015,-0.0462,-0.01045,-23.98125,15.656251,35.30625,walking
146757500763499,0.10605001,-9.991051,-0.92100006,-0.048675,-0.0845625,0.0119624995,-23.98125,15.656251,35.325,walking
146757520795611,0.20895001,-9.865951,-0.97095007,-0.0262625,0.0059125,0.0342375,-23.962502,15.637501,35.325,walking
146757540815258,0.076950006,-9.670051,-1.266,-6.875E-4,0.121,0.0598125,-23.962502,15.637501,35.34375,walking
146757560824572,-0.28800002,-9.655951,-1.2900001,-0.00825,0.2008875,0.099275,-23.94375,15.637501,35.4,walking
146757580834743,-0.492,-9.76095,-1.065,-0.022,0.2446125,0.13653749,-23.925001,15.637501,35.456253,walking
146757600839029,-0.49395,-9.77805,-1.041,-0.0199375,0.1986875,0.1621125,-23.90625,15.656251,35.475002,walking
146757620573109,-0.48900002,-9.780001,-1.00995,-0.013475,0.1071125,0.1632125,-23.8875,15.675,35.475002,walking
146757640638191,-0.64500004,-9.727051,-0.98805004,-0.0242,0.043175,0.1387375,-23.868752,15.69375,35.49375,walking
146757660690811,-0.65895003,-9.691051,-0.99495006,-0.0466125,0.0070125,0.09075,-23.831251,15.731251,35.49375,walking
146757680730516,-0.39795002,-9.723001,-0.85200006,-0.0444125,-0.0473,0.0396,-23.775002,15.731251,35.550003,walking
146757700769101,0.0049500004,-9.80595,-0.65295005,-0.041249998,-0.1293875,0.014025,-23.737501,15.731251,35.60625,walking
146757720794386,0.41505003,-9.94995,-0.63405,-0.0561,-0.176275,0.0268125,-23.6625,15.731251,35.68125,walking
146757740819577,0.65400004,-9.967051,-0.72195005,-0.049775,-0.175175,0.0609125,-23.56875,15.731251,35.737503,walking
146757760833053,0.63495004,-9.7560005,-0.71295005,-0.030524999,-0.1837,0.0715,-23.475,15.712501,35.850002,walking
146757780837181,0.384,-9.58395,-0.60300004,-0.0466125,-0.16445,0.05555,-23.400002,15.712501,35.86875,walking
146757800845361,0.12705001,-9.658051,-0.58605003,-0.0924,-0.20185,0.045925,-23.2875,15.69375,35.90625,walking
146757820582483,-0.015000001,-9.883051,-0.66,-0.1126125,-0.344575,0.056649998,-23.19375,15.712501,35.9625,walking
146757840649781,0.024,-9.993,-0.684,-0.1115125,-0.40094998,0.0620125,-23.081251,15.712501,36.037502,walking
146757860703666,0.132,-9.90705,-0.87105006,-0.10725,-0.30827498,0.0385,-22.95,15.69375,36.131252,walking
146757880741826,-0.05595,-9.79395,-1.1410501,-0.1265,-0.2519,0.016224999,-22.81875,15.69375,36.206253,walking
146757900781377,-0.32895002,-9.682051,-1.00995,-0.15619999,-0.2965875,0.0257125,-22.6875,15.675,36.300003,walking
146757920807271,-0.37905002,-9.706051,-0.82305,-0.1626625,-0.375375,0.056649998,-22.556252,15.656251,36.43125,walking
146757940821535,-0.20895001,-9.832951,-0.96405005,-0.1137125,-0.358325,0.0587125,-22.40625,15.656251,36.525,walking
146757960837683,-0.22395001,-9.93795,-1.08405,-0.066825,-0.2561625,0.0512875,-22.275002,15.637501,36.600002,walking
146757980841772,-0.528,-9.897,-1.074,-0.0688875,-0.16445,0.0364375,-22.10625,15.618751,36.7125,walking
146758000841217,-0.80505,-9.66495,-0.96195006,-0.1051875,-0.1890625,0.0268125,-21.9375,15.6,36.825,walking
146758020582798,-0.62295,-9.46905,-0.78195006,-0.14245,-0.3179,0.0290125,-21.7875,15.58125,36.9,walking
146758040642641,-0.34305,-9.555,-0.777,-0.1381875,-0.3818375,0.02475,-21.6,15.562501,36.99375,walking
146758060691073,-0.31500003,-9.64095,-0.98805004,-0.10945,-0.3158375,0.0055,-21.45,15.58125,37.068752,walking
146758080736369,-0.38895002,-9.835051,-1.23705,-0.080575,-0.2050125,0.0034375,-21.2625,15.58125,37.18125,walking
146758100770716,-0.50595003,-9.897,-1.2349501,-0.048675,-0.1612875,0.0108624995,-21.09375,15.58125,37.256252,walking
146758120803900,-0.51600003,-9.708,-1.1580001,-0.0466125,-0.20075,0.0182875,-20.925001,15.58125,37.3875,walking
146758140824025,-0.46305,-9.49995,-1.17495,-0.0583,-0.210375,0.031075,-20.75625,15.543751,37.4625,walking
146758160833479,-0.64005005,-9.40905,-1.3470001,-0.04235,-0.1496,0.054449998,-20.60625,15.525001,37.55625,walking
146758180843560,-0.882,-9.426001,-1.4290501,-0.032725,-0.039875,0.0705375,-20.456251,15.525001,37.59375,walking
146758200847553,-0.89595,-9.5119505,-1.5120001,-0.0358875,0.026124999,0.09075,-20.325,15.50625,37.6875,walking
146758220581172,-0.99705005,-9.57705,-1.66305,-0.022,-0.0015125,0.083325,-20.175001,15.4875,37.800003,walking
146758240645869,-1.047,-9.670051,-1.69395,-0.0262625,-0.0473,0.065175,-20.0625,15.431251,37.818752,walking
146758260698113,-0.93900007,-9.79695,-1.7490001,-0.048675,-0.0504625,0.054449998,-19.931252,15.4125,37.85625,walking
146758280746505,-0.90105003,-9.77295,-1.9189501,-0.0455125,-0.006875,0.0512875,-19.85625,15.4125,37.893753,walking
146758300782846,-0.86295,-9.658051,-1.9120501,-0.0273625,0.0655875,0.05775,-19.78125,15.4125,37.893753,walking
146758320805990,-0.78900003,-9.498,-1.93605,-0.013475,0.1060125,0.0694375,-19.725,15.39375,37.893753,walking
146758340818151,-0.86505,-9.43995,-2.0269501,-0.0199375,0.1007875,0.0875875,-19.650002,15.375001,37.893753,walking
146758360832872,-1.023,-9.529051,-1.9099501,-0.0242,0.0847,0.097075,-19.612501,15.39375,37.912502,walking
146758380836001,-1.11705,-9.67695,-1.7520001,-0.0210375,0.06985,0.08855,-19.575,15.39375,37.893753,walking
146758400845889,-1.19295,-9.747001,-1.7730001,-0.0103124995,0.1199,0.0790625,-19.518751,15.39375,37.912502,walking
146758420584548,-1.2390001,-9.64605,-1.8259501,0.020624999,0.1827375,0.064075,-19.5,15.39375,37.912502,walking
146758440641833,-1.18605,-9.5449505,-1.8930001,0.0471625,0.2094125,0.0501875,-19.48125,15.4125,37.875,walking
146758460699396,-1.0159501,-9.59595,-1.7160001,0.051425,0.229625,0.0407,-19.48125,15.4125,37.85625,walking
146758480740754,-0.94695,-9.60795,-1.5820501,0.035475,0.2105125,0.0342375,-19.5,15.4125,37.85625,walking
146758500771649,-0.93000007,-9.591001,-1.5510001,0.0237875,0.144375,0.033275,-19.518751,15.450001,37.7625,walking
146758520802158,-0.84105,-9.63195,-1.4449501,0.0334125,0.095425,0.0342375,-19.556252,15.50625,37.6875,walking
146758540820212,-0.79095006,-9.61005,-1.48905,0.053625,0.10285,0.0353375,-19.575,15.543751,37.65,walking
146758560837313,-0.74595004,-9.562051,-1.575,0.0631125,0.121,0.02365,-19.63125,15.58125,37.612503,walking
146758580844108,-0.66405004,-9.667951,-1.5289501,0.0578875,0.10505,0.0097624995,-19.6875,15.637501,37.537502,walking
146758600845585,-0.56100005,-9.804001,-1.39995,0.0567875,0.0741125,0.0055,-19.743752,15.675,37.443752,walking
146758620577248,-0.58500004,-9.658051,-1.3279501,0.0578875,0.0826375,0.0204875,-19.800001,15.69375,37.40625,walking
146758640640660,-0.62100005,-9.459001,-1.4310001,0.070675,0.113575,0.0375375,-19.875,15.731251,37.350002,walking
146758660691953,-0.753,-9.46905,-1.5120001,0.0834625,0.1412125,0.048125,-19.931252,15.76875,37.3125,walking
146758680739496,-0.97800004,-9.651,-1.4980501,0.085525,0.179575,0.0512875,-20.00625,15.7875,37.18125,walking
146758700775516,-1.19295,-9.700951,-1.4980501,0.085525,0.246675,0.0523875,-20.081251,15.825001,37.125,walking
146758720798588,-1.3560001,-9.63195,-1.5790501,0.068475,0.278575,0.05775,-20.19375,15.8625,37.03125,walking
146758740822146,-1.2889501,-9.555,-1.55295,0.0545875,0.2105125,0.065175,-20.268751,15.937501,36.956253,walking
146758760834316,-1.2240001,-9.526051,-1.536,0.0471625,0.1604625,0.0672375,-20.34375,16.0125,36.862503,walking
146758780846583,-1.14495,-9.60795,-1.5439501,0.0716375,0.1551,0.05555,-20.41875,16.050001,36.787502,walking
146758800852146,-1.15995,-9.672001,-1.6510501,0.0983125,0.17325,0.0385,-20.5125,16.087502,36.675003,walking
146758820586901,-1.15695,-9.747001,-1.6030501,0.0994125,0.17847499,0.0193875,-20.587502,16.143751,36.54375,walking
146758840638617,-1.00395,-9.735001,-1.4500501,0.0801625,0.1412125,-0.018975,-20.6625,16.2,36.54375,walking
146758860694497,-0.822,-9.699,-1.35195,0.0545875,0.077275,-0.038225,-20.737501,16.25625,36.487503,walking
146758880734807,-0.669,-9.612,-1.23705,0.0419375,0.045375,-0.018975,-20.8125,16.275002,36.412502,walking
146758900776197,-0.669,-9.427951,-1.3110001,0.0545875,0.0815375,0.015125,-20.868752,16.3125,36.3375,walking
146758920803600,-0.74595004,-9.571951,-1.4070001,0.068475,0.1060125,0.0375375,-20.94375,16.368752,36.24375,walking
146758940830365,-0.86295,-9.9210005,-1.40505,0.0631125,0.122099996,0.0364375,-21.018751,16.425001,36.15,walking
146758960844838,-1.0500001,-9.912001,-1.36395,0.0631125,0.13585,0.0416625,-21.09375,16.48125,36.112503,walking
146758980847365,-1.2,-9.802051,-1.3470001,0.0642125,0.1486375,0.045925,-21.150002,16.556252,36.075,walking
146759000845323,-1.2529501,-9.61005,-1.3279501,0.0493625,0.1486375,0.033275,-21.225,16.59375,36.018753,walking
146759020585684,-1.1530501,-9.57705,-1.29495,0.037675,0.1199,0.0204875,-21.28125,16.63125,35.98125,walking
146759040641890,-1.1719501,-9.58905,-1.3300501,0.034375,0.06875,0.0023375,-21.35625,16.6875,35.943752,walking
146759060690098,-1.212,-9.814051,-1.314,0.0408375,0.0389125,-0.01045,-21.4125,16.725,35.86875,walking
146759080735688,-1.0540501,-9.79905,-1.3399501,0.0556875,0.07095,-0.00935,-21.487501,16.7625,35.8125,walking
146759100770051,-0.97800004,-9.691051,-1.29495,0.058849998,0.10395,0.0012375,-21.54375,16.78125,35.8125,walking
146759120792138,-0.97800004,-9.711,-1.17495,0.0578875,0.0655875,0.014025,-21.581251,16.800001,35.775,walking
146759140815030,-0.93705004,-9.708,-1.05795,0.06215,0.0187,0.012925,-21.618752,16.800001,35.71875,walking
146759160826842,-0.93705004,-9.62895,-1.08405,0.0493625,0.0187,-0.0158125,-21.65625,16.81875,35.643753,walking
146759180838765,-1.00605,-9.61005,-1.16295,0.036575,0.00385,-0.0510125,-21.675001,16.81875,35.60625,walking
146759200844441,-1.0210501,-9.700951,-1.1509501,0.0248875,-0.0248875,-0.0754875,-21.712502,16.85625,35.60625,walking
146759220579385,-0.91095006,-9.736951,-1.09095,0.0215875,-0.032449998,-0.084975,-21.75,16.893751,35.5875,walking
146759240631464,-0.70695,-9.699,-1.23,0.035475,-0.0270875,-0.0721875,-21.768751,16.9125,35.5875,walking
146759260687552,-0.64500004,-9.712951,-1.266,0.0567875,-0.0334125,-0.0647625,-21.7875,16.9125,35.568752,walking
146759280739050,-0.84105,-9.76095,-1.16295,0.058849998,-0.0515625,-0.07645,-21.7875,16.9125,35.625,walking
146759300778029,-0.98700005,-9.77505,-1.1029501,0.044,-0.1038125,-0.088275,-21.806252,16.9125,35.662502,walking
146759320803280,-1.1020501,-9.700951,-1.041,0.0248875,-0.16555,-0.0903375,-21.806252,16.893751,35.68125,walking
146759340828300,-1.059,-9.64395,-1.0020001,0.014162499,-0.155925,-0.07755,-21.806252,16.875,35.662502,walking
146759360841432,-0.91095006,-9.591001,-1.1220001,0.02695,-0.1038125,-0.0636625,-21.825,16.85625,35.71875,walking
146759380842854,-0.906,-9.60795,-1.2250501,0.037675,-0.073975,-0.0584375,-21.825,16.837502,35.737503,walking
146759400839960,-1.10895,-9.63195,-1.16805,0.0334125,-0.091025,-0.07755,-21.825,16.81875,35.79375,walking
146759420579718,-1.19295,-9.675,-1.0720501,-0.0017875,-0.1516625,-0.1148125,-21.825,16.800001,35.831253,walking
146759440635658,-1.15695,-9.79905,-1.029,-0.032725,-0.1890625,-0.1351625,-21.84375,16.800001,35.8125,walking
146759460694920,-0.96300006,-9.84195,-1.02195,-0.0347875,-0.172975,-0.1340625,-21.862501,16.78125,35.79375,walking
146759480737587,-0.68295,-9.732,-1.1149501,-0.0242,-0.1485,-0.120175,-21.88125,16.800001,35.8125,walking
146759500769571,-0.51105005,-9.670051,-1.18005,-0.0103124995,-0.1282875,-0.1095875,-21.88125,16.7625,35.79375,walking
146759520800831,-0.63795,-9.660001,-1.1200501,0.0078375,-0.109175,-0.1148125,-21.900002,16.743752,35.850002,walking
146759540819583,-0.82500005,-9.711,-0.98295003,0.0121,-0.0771375,-0.122375,-21.900002,16.706251,35.8875,walking
146759560827956,-0.86295,-9.73005,-0.85605,-0.0039875,-0.0622875,-0.1287,-21.900002,16.650002,35.8875,walking
146759580837309,-0.80505,-9.687,-0.79200006,-0.0103124995,-0.0686125,-0.1351625,-21.900002,16.59375,35.90625,walking
146759600840862,-0.64695,-9.700951,-0.78900003,-0.0125124995,-0.0537625,-0.1340625,-21.9375,16.556252,35.925003,walking
146759620574334,-0.53505003,-9.78195,-0.80595005,-0.0092124995,-0.0174625,-0.1318625,-21.9375,16.518751,35.98125,walking
146759640625344,-0.49395,-9.77805,-0.91905004,0.0078375,0.029424999,-0.1181125,-21.956251,16.48125,36.0,walking
146759660680777,-0.48705003,-9.699,-0.87105006,0.017324999,0.03795,-0.1010625,-21.975,16.44375,36.037502,walking
146759680732108,-0.48705003,-9.679951,-0.82995003,0.019524999,0.03795,-0.0925375,-21.993752,16.40625,36.075,walking
146759700770873,-0.40800002,-9.76095,-0.777,0.011,0.043175,-0.0988625,-21.993752,16.3875,36.112503,walking
146759720796066,-0.41295,-9.8209505,-0.74595004,-0.0125124995,0.0048125,-0.105325,-22.03125,16.331251,36.112503,walking
146759740821133,-0.384,-9.838051,-0.74595004,-0.0210375,-0.0356125,-0.1010625,-22.050001,16.29375,36.131252,walking
146759760834362,-0.27405003,-9.768001,-0.78195006,-0.0092124995,-0.0452375,-0.091437496,-22.06875,16.237501,36.1875,walking
146759780847182,-0.13005,-9.735001,-0.90705,0.0088,-0.0196625,-0.07645,-22.125,16.2,36.2625,walking
146759800853160,-0.07005,-9.651,-0.98100007,0.015262499,0.0176,-0.0636625,-22.143751,16.143751,36.300003,walking
146759820588066,-0.147,-9.60795,-0.93495005,-0.0039875,0.0198,-0.0499125,-22.1625,16.06875,36.3375,walking
146759840639928,-0.252,-9.679951,-0.88995004,-0.0253,0.0229625,-0.0499125,-22.181252,16.0125,36.3375,walking
146759860695621,-0.25695002,-9.7900505,-0.87600005,-0.0273625,0.0336875,-0.051975,-22.237501,15.993751,36.35625,walking
146759880735854,-0.31005,-9.844951,-0.98595005,-0.0231,0.03575,-0.051975,-22.275002,15.975,36.3375,walking
146759900776977,-0.31500003,-9.864,-1.07895,-0.0284625,0.0314875,-0.034925,-22.3125,15.937501,36.35625,walking
146759920804229,-0.25905,-9.792001,-1.1370001,-0.0028875,0.0229625,-0.0232375,-22.368752,15.900001,36.3375,walking
146759940817291,-0.22800002,-9.76095,-1.16805,0.0323125,0.0528,-0.014712499,-22.40625,15.8625,36.412502,walking
146759960834803,-0.24000001,-9.699,-1.113,0.036575,0.10505,-0.0050875,-22.44375,15.8625,36.393753,walking
146759980840354,-0.33405003,-9.591001,-1.074,0.019524999,0.1060125,1.375E-4,-22.48125,15.825001,36.412502,walking
146760000840555,-0.42900002,-9.574051,-0.98595005,0.0045375,0.0389125,-0.003025,-22.5,15.7875,36.412502,walking
146760020582027,-0.37905002,-9.696,-0.87795,-0.00715,-0.0259875,-0.0169125,-22.556252,15.750001,36.412502,walking
146760040561254,-0.29805002,-9.78195,-1.0000501,-0.016775,-0.0484,-0.0306625,-22.575,15.712501,36.45,walking
146760060527645,-0.21195,-9.77805,-1.14405,-0.0242,-0.071775,-0.0328625,-22.59375,15.656251,36.45,walking
146760080467407,-0.112950005,-9.816001,-1.12905,-0.0242,-0.091025,-0.0275,-22.612501,15.6,36.45,walking
146760100402408,0.028950002,-9.814051,-1.0860001,-0.0103124995,-0.082499996,-0.0306625,-22.612501,15.6,36.487503,walking
146760120320795,0.120000005,-9.8209505,-1.149,0.002475,-0.0356125,-0.034925,-22.63125,15.58125,36.506252,walking
146760140224793,0.012,-9.80595,-1.1770501,0.0067375,0.0144375,-0.0243375,-22.650002,15.543751,36.525,walking
146760160140476,-0.13695,-9.712951,-1.161,0.0078375,0.0314875,-0.00935,-22.66875,15.543751,36.54375,walking
146760180091600,-0.216,-9.580951,-1.1149501,-0.0017875,0.0303875,0.0023375,-22.6875,15.525001,36.5625,walking
146760200116590,-0.26895002,-9.65295,-1.1220001,-0.0242,0.0144375,0.0119624995,-22.706251,15.525001,36.581253,walking
146760220083016,-0.33105,-9.826051,-1.1580001,-0.0347875,-0.03025,0.012925,-22.706251,15.50625,36.581253,walking
146760240060110,-0.36195,-9.89295,-1.1920501,-0.0231,-0.055825,0.0086624995,-22.725,15.50625,36.581253,walking
146760260055828,-0.27405003,-9.816001,-1.218,0.0067375,-0.0165,-8.25E-4,-22.725,15.468751,36.581253,walking
146760280429618,-0.25500003,-9.732,-1.31595,0.0323125,0.0528,-0.0083875,-22.725,15.450001,36.61875,walking
146760300351903,-0.24495001,-9.62895,-1.2540001,0.0334125,0.06985,-0.0072875,-22.725,15.431251,36.600002,walking
146760320280649,-0.16605,-9.64605,-1.065,0.0078375,0.0166375,1.375E-4,-22.725,15.450001,36.61875,walking
146760340197993,-0.15195,-9.74895,-0.92295,-0.0231,-0.0526625,0.0097624995,-22.725,15.450001,36.61875,walking
146760360212996,-0.09705,-9.826051,-0.92295,-0.0284625,-0.0589875,0.014025,-22.725,15.468751,36.600002,walking
146760380433792,-0.15705001,-9.78495,-1.0380001,-0.022,-0.0174625,0.0204875,-22.706251,15.450001,36.54375,walking
146760400370739,-0.24000001,-9.727051,-1.182,-0.0103124995,0.010175,0.02255,-22.706251,15.468751,36.525,walking
146760420289030,-0.33105,-9.71805,-1.24695,2.75E-4,0.0048125,0.015125,-22.706251,15.468751,36.506252,walking
146760440266805,-0.324,-9.732,-1.16505,0.0088,-0.0248875,0.0086624995,-22.706251,15.468751,36.525,walking
146760460508049,-0.28605002,-9.747001,-1.04595,0.018424999,-0.0462,0.0055,-22.66875,15.450001,36.506252,walking
146760480735032,-0.26700002,-9.739051,-0.93105006,0.0067375,-0.0281875,0.0023375,-22.650002,15.431251,36.525,walking
146760500565126,-0.17295001,-9.7560005,-0.88995004,-0.00605,-0.0154,0.0034375,-22.612501,15.431251,36.487503,walking
146760520460404,-0.13695,-9.7560005,-0.92805004,-0.00495,-0.0441375,0.0066,-22.59375,15.431251,36.525,walking
146760540596645,-0.192,-9.699,-0.94695,0.001375,-0.0600875,0.0055,-22.556252,15.431251,36.54375,walking
146760560696948,-0.22605,-9.684,-1.0530001,-0.0028875,-0.0356125,0.0012375,-22.556252,15.431251,36.525,walking
146760580776923,-0.27105,-9.73005,-1.149,-0.013475,-0.0356125,0.0033,-22.518751,15.450001,36.525,walking
146760600828086,-0.252,-9.828,-1.098,-0.0177375,-0.0537625,0.0023375,-22.518751,15.450001,36.506252,walking
146760620592584,-0.22605,-9.802051,-1.0360501,-0.00495,-0.0484,-0.004125,-22.5,15.468751,36.54375,walking
146760640675499,-0.25905,-9.73005,-1.14405,-0.013475,-0.021724999,0.0033,-22.5,15.4875,36.525,walking
146760660736299,-0.36495003,-9.708,-1.2229501,-0.0273625,-0.0165,0.0160875,-22.5,15.4875,36.525,walking
146760680788810,-0.40995002,-9.73005,-1.16295,-0.030524999,-0.025024999,0.02365,-22.462502,15.50625,36.5625,walking
146760700822027,-0.36495003,-9.7900505,-1.1389501,-0.039049998,-0.0111375,0.0246125,-22.44375,15.50625,36.581253,walking
146760720839726,-0.38895002,-9.747001,-1.16505,-0.0358875,-0.0026125,0.029975,-22.40625,15.4875,36.61875,walking
146760740597082,-0.492,-9.71805,-1.2400501,-0.022,5.5E-4,0.0364375,-22.3875,15.4875,36.6375,walking
146760760662672,-0.492,-9.699,-1.1509501,-0.0177375,0.0166375,0.0353375,-22.35,15.4875,36.693752,walking
146760780713233,-0.41505003,-9.712951,-1.14405,-0.030524999,0.0176,0.0257125,-22.3125,15.4875,36.73125,walking
146760800760619,-0.40605003,-9.76605,-1.1050501,-0.0231,-0.0122375,0.02255,-22.275002,15.4875,36.75,walking
146760820529077,-0.42000002,-9.79395,-0.99495006,-0.0188375,-0.0259875,0.0193875,-22.21875,15.4875,36.787502,walking
146760840609283,-0.28095,-9.747001,-0.97605,-0.0242,-0.025024999,0.011825,-22.181252,15.4875,36.787502,walking
146760860683466,-0.17595,-9.66495,-1.00695,-0.04235,-0.0548625,0.0182875,-22.125,15.4875,36.80625,walking
146760880738205,-0.14205001,-9.76605,-0.933,-0.0433125,-0.088825,0.0331375,-22.050001,15.4875,36.825,walking
146760900786860,-0.11100001,-9.80895,-0.837,-0.0295625,-0.0878625,0.0427625,-22.0125,15.4875,36.862503,walking
146760920817901,-0.07305,-9.78195,-0.92805004,-0.031625,-0.0697125,0.0427625,-21.9375,15.468751,36.91875,walking
146760940834662,-0.12795001,-9.76095,-1.00695,-0.0433125,-0.0803,0.0438625,-21.862501,15.450001,36.956253,walking
146760960851429,-0.27105,-9.727051,-0.98295003,-0.04235,-0.124025,0.0396,-21.7875,15.431251,37.0125,walking
146760980857104,-0.25905,-9.75105,-0.91905004,-0.0358875,-0.1772375,0.0364375,-21.69375,15.431251,37.0875,walking
146761000854453,-0.17595,-9.77805,-0.93795,-0.0433125,-0.21133749,0.0364375,-21.6,15.431251,37.18125,walking
146761020593701,-0.12105001,-9.80595,-1.0189501,-0.0466125,-0.23375,0.0342375,-21.525002,15.4875,37.256252,walking
146761040651172,-0.03195,-9.826051,-1.0309501,-0.0444125,-0.2146375,0.0257125,-21.431252,15.50625,37.331253,walking
146761060697379,0.04095,-9.81795,-1.01205,-0.049775,-0.176275,0.0182875,-21.337502,15.50625,37.425003,walking
146761080743268,0.075,-9.739051,-1.12905,-0.055,-0.176275,0.0342375,-21.225,15.50625,37.48125,walking
146761100775537,-0.010950001,-9.66495,-1.2250501,-0.0583,-0.193325,0.0609125,-21.13125,15.4875,37.518753,walking
146761120807071,-0.15705001,-9.687,-1.2730501,-0.07205,-0.1623875,0.0748,-21.018751,15.4875,37.575,walking
146761140825883,-0.34095,-9.77505,-1.36905,-0.0710875,-0.142175,0.0779625,-20.90625,15.4875,37.612503,walking
146761160834359,-0.58005005,-9.838051,-1.4119501,-0.0592625,-0.1518,0.0842875,-20.775002,15.450001,37.7625,walking
146761180846002,-0.69495004,-9.780001,-1.36395,-0.032725,-0.1890625,0.08965,-20.6625,15.450001,37.800003,walking
146761200848964,-0.59205,-9.57705,-1.4170501,-0.0242,-0.19855,0.0853875,-20.550001,15.468751,37.893753,walking
146761220582057,-0.44895002,-9.43305,-1.36905,-0.0380875,-0.1783375,0.054449998,-20.4375,15.468751,37.893753,walking
146761240646292,-0.41505003,-9.5140505,-1.194,-0.0540375,-0.21133749,0.014025,-20.325,15.468751,37.95,walking
146761260698154,-0.36705002,-9.847051,-1.0860001,-0.0540375,-0.23375,0.0055,-20.212502,15.468751,38.025,walking
146761280737270,-0.24000001,-9.95205,-1.0500001,-0.0369875,-0.158125,0.015125,-20.118752,15.450001,38.100002,walking
146761300775454,-0.17805001,-9.73005,-1.24695,-0.0253,-0.0803,0.028875,-20.00625,15.468751,38.15625,walking
146761320800378,-0.15705001,-9.559951,-1.3069501,-0.0231,-0.0473,0.054449998,-19.9125,15.450001,38.193752,walking
146761340814280,-0.42000002,-9.580951,-1.194,-0.0262625,-0.0452375,0.0831875,-19.800001,15.4875,38.2125,walking
146761360830297,-0.70695,-9.687,-1.20105,-0.0231,-0.0259875,0.097075,-19.706251,15.4875,38.193752,walking
146761380836686,-0.87705004,-9.739051,-1.266,-0.0253,0.027224999,0.1013375,-19.59375,15.4875,38.2125,walking
146761400846977,-1.03995,-9.699,-1.27995,-0.032725,0.028324999,0.100237496,-19.5,15.4875,38.25,walking
146761420584889,-1.1329501,-9.574051,-1.31895,-0.016775,0.0198,0.09075,-19.425001,15.4875,38.30625,walking
146761440642321,-1.0500001,-9.63405,-1.302,0.0067375,0.0303875,0.0694375,-19.3125,15.4875,38.325,walking
146761460700029,-0.85800004,-9.73005,-1.314,0.013062499,0.0389125,0.0501875,-19.237501,15.4875,38.325,walking
146761480743627,-0.83205,-9.747001,-1.3039501,-0.0028875,0.03795,0.047025,-19.1625,15.50625,38.362503,walking
146761500773910,-0.73395,-9.694051,-1.1890501,-0.0242,0.026124999,0.0534875,-19.087502,15.525001,38.34375,walking
146761520803752,-0.55605,-9.612,-1.16295,-0.0455125,0.011275,0.0705375,-19.03125,15.58125,38.34375,walking
146761540821368,-0.441,-9.61005,-1.2420001,-0.0444125,-0.005775,0.08745,-18.975,15.58125,38.41875,walking
146761560828916,-0.55605,-9.684,-1.386,-0.0125124995,5.5E-4,0.0864875,-18.9375,15.6,38.4375,walking
146761580839918,-0.74295,-9.694051,-1.5289501,0.0163625,0.0303875,0.080025,-18.900002,15.6,38.4,walking
146761600842608,-0.85305005,-9.663,-1.5600001,0.02585,0.059125,0.080025,-18.862501,15.6,38.362503,walking
146761620838736,-0.88005006,-9.655951,-1.503,0.0056375,0.034649998,0.0407,-18.825,15.58125,38.34375,walking
146761640841590,-0.74295,-9.691051,-1.3740001,-0.0199375,-0.03355,0.011825,-18.806252,15.58125,38.268753,walking
146761660838672,-0.61095005,-9.663,-1.3110001,-0.022,-0.058025,0.0033,-18.7875,15.58125,38.2125,walking
146761680842826,-0.588,-9.648001,-1.39995,0.003575,-0.0622875,-0.01045,-18.7875,15.6,38.175003,walking
146761700841280,-0.52995,-9.80595,-1.575,0.020624999,0.027224999,-0.0221375,-18.7875,15.656251,38.15625,walking
146761720835472,-0.54,-9.8209505,-1.6300501,0.0301125,0.077275,-0.0232375,-18.7875,15.69375,38.11875,walking
146761740837785,-0.82500005,-9.568951,-1.6870501,0.0386375,0.086899996,-0.004125,-18.806252,15.731251,38.0625,walking
146761760835361,-0.93900007,-9.471001,-1.5870001,0.02805,0.086899996,0.031075,-18.825,15.750001,37.96875,walking
146761780829233,-0.9799501,-9.47595,-1.5649501,0.0323125,0.095425,0.05555,-18.825,15.76875,37.95,walking
146761800831670,-1.2100501,-9.5449505,-1.70895,0.0759,0.130625,0.062975,-18.825,15.750001,37.912502,walking
146761820566196,-1.4929501,-9.604951,-1.6180501,0.0919875,0.1656875,0.0598125,-18.84375,15.750001,37.875,walking
146761840621823,-1.6789501,-9.648001,-1.6900501,0.069575,0.16885,0.0501875,-18.84375,15.806251,37.800003,walking
146761860679559,-1.5330001,-9.59595,-1.62495,0.0323125,0.1326875,0.0353375,-18.84375,15.825001,37.7625,walking
146761880724260,-1.2100501,-9.57705,-1.4500501,-0.0231,0.0985875,0.029975,-18.825,15.843751,37.706253,walking
146761900767558,-1.0159501,-9.667951,-1.39005,-0.030524999,0.06985,0.0396,-18.825,15.843751,37.66875,walking
146761920796894,-0.9990001,-9.687,-1.5990001,-0.0253,0.010175,0.049225,-18.825,15.8625,37.612503,walking
146761940814201,-0.966,-9.74205,-1.6560001,-0.016775,-0.06435,0.049225,-18.84375,15.88125,37.59375,walking
146761960832922,-0.94395006,-9.81795,-1.6350001,2.75E-4,-0.1027125,0.0279125,-18.84375,15.900001,37.575,walking
146761980838933,-0.88395005,-9.81795,-1.4290501,0.02915,-0.075075,0.0033,-18.84375,15.918751,37.575,walking
146762000839818,-0.822,-9.687,-1.12905,0.0556875,0.00385,-0.0221375,-18.84375,15.95625,37.5,walking
146762020582497,-0.80295,-9.59595,-0.98100007,0.037675,0.0166375,-0.04455,-18.862501,15.975,37.4625,walking
146762040643035,-0.75495005,-9.62205,-0.82800007,-0.0284625,-0.0526625,-0.0306625,-18.862501,15.993751,37.4625,walking
146762060691833,-0.64305,-9.739051,-0.78705,-0.055,-0.1186625,0.0012375,-18.862501,16.03125,37.5,walking
146762080728437,-0.56805,-9.67695,-0.86100006,0.0226875,-0.158125,0.0160875,-18.84375,16.03125,37.5,walking
146762100764929,-0.54,-9.660001,-1.08405,0.1079375,-0.0803,-0.005225,-18.825,16.03125,37.48125,walking
146762120799903,-0.79305005,-9.77295,-1.24695,0.09295,0.0422125,-0.0391875,-18.806252,16.0125,37.443752,walking
146762140821551,-1.03995,-9.78495,-1.32105,0.0323125,0.0303875,-0.0627,-18.768751,16.0125,37.3875,walking
146762160832134,-0.96105003,-9.694051,-1.0669501,-0.0231,-0.0526625,-0.054175,-18.75,16.050001,37.3875,walking
146762180843045,-0.58005005,-9.529051,-0.957,-0.0572,-0.0760375,-0.01265,-18.75,16.06875,37.36875,walking
146762200847530,-0.49905002,-9.48795,-1.43595,-0.0253,-0.06655,0.0246125,-18.75,16.06875,37.331253,walking
146762220581516,-0.86505,-9.679951,-1.8520501,-6.875E-4,-0.0760375,0.028875,-18.75,16.087502,37.331253,walking
146762240646515,-1.24395,-9.948001,-1.74495,-0.0231,-0.0878625,0.014025,-18.75,16.087502,37.36875,walking
146762260698859,-1.3230001,-10.02,-1.6800001,-0.049775,-0.088825,0.011825,-18.73125,16.10625,37.36875,walking
146762280749398,-1.0879501,-9.79395,-1.40505,-0.0199375,-0.0952875,-0.001925,-18.75,16.10625,37.350002,walking
146762300785139,-0.80505,-9.50205,-1.19895,0.013062499,-0.126225,-0.0072875,-18.73125,16.087502,37.350002,walking
146762320807756,-0.61395,-9.427951,-1.2229501,0.015262499,-0.1197625,-0.021175,-18.75,16.087502,37.350002,walking
146762340819426,-0.669,-9.63405,-1.31595,0.0237875,-0.0760375,-0.055275,-18.7875,16.087502,37.3125,walking
146762360833620,-0.77400005,-9.850051,-1.1920501,0.053625,0.010175,-0.07865,-18.825,16.06875,37.256252,walking
146762380836434,-0.657,-9.856951,-1.149,0.0653125,0.1401125,-0.0627,-18.88125,16.10625,37.162502,walking
146762400846118,-0.72405005,-9.5119505,-1.28295,0.0567875,0.2349875,-0.0221375,-18.9375,16.125,37.125,walking
146762420584520,-0.74595004,-9.523951,-1.4809501,0.052525,0.2998875,0.0193875,-18.975,16.1625,37.068752,walking
146762440641730,-0.88395005,-9.667951,-1.3879501,0.0312125,0.3254625,0.05555,-19.050001,16.143751,37.068752,walking
146762460699340,-1.18095,-9.696,-1.47405,0.0056375,0.3031875,0.056649998,-19.143751,16.1625,36.975002,walking
146762480740639,-1.38195,-9.736951,-1.5840001,0.0078375,0.2893,0.0427625,-19.25625,16.1625,36.9,walking
146762500771493,-1.176,-9.739051,-1.59105,0.0567875,0.3542,0.0534875,-19.368752,16.181252,36.80625,walking
146762520801983,-0.95100003,-9.579,-1.5600001,0.121825,0.447975,0.0342375,-19.48125,16.181252,36.768753,walking
146762540820062,-0.76695,-9.427951,-1.5000001,0.1335125,0.5278625,0.0416625,-19.59375,16.1625,36.65625,walking
146762560828014,-0.609,-9.363001,-1.299,0.09295,0.5311625,0.1035375,-19.725,16.143751,36.600002,walking
146762580837010,-0.71205,-9.340051,-1.29495,0.035475,0.4576,0.15675,-19.85625,16.143751,36.46875,walking
146762600840401,-0.76005006,-9.375,-1.539,0.003575,0.4544375,0.1695375,-20.00625,16.125,36.412502,walking
146762620573724,-0.84405005,-9.33495,-1.8430501,-0.0125124995,0.5289625,0.1524875,-20.19375,16.1625,36.28125,walking
146762640638429,-1.2600001,-9.415951,-2.11095,-0.1040875,0.60775,0.166375,-20.38125,16.1625,36.16875,walking
146762660690732,-1.3080001,-9.74895,-1.9290001,-0.1978625,0.60995,0.1419,-20.550001,16.181252,36.018753,walking
146762680739215,-0.86505,-10.045951,-1.6150501,-0.20955,0.4895,0.0726,-20.737501,16.2,35.86875,walking
146762700775687,-0.171,-10.192051,-1.4599501,-0.198825,0.34045,0.0182875,-20.90625,16.237501,35.737503,walking
146762720804395,0.04605,-10.12005,-1.64205,-0.232925,0.280775,-0.014712499,-21.056252,16.25625,35.68125,walking
146762740774586,-0.22800002,-9.864,-2.11605,-0.2041875,0.296725,-0.0306625,-21.225,16.275002,35.568752,walking
146762760797898,-0.41805002,-9.495001,-2.15595,-0.0710875,0.41387498,-0.0094875,-21.393751,16.3125,35.41875,walking
146762780819916,-0.58995,-9.10995,-1.7350501,0.0897875,0.67485,0.066275,-21.5625,16.3125,35.325,walking
146762800833884,-0.89595,-9.12195,-1.4500501,0.16115,0.869825,0.1428625,-21.73125,16.331251,35.23125,walking
146762820575514,-1.2,-9.28905,-1.2589501,0.0642125,0.7495125,0.20899999,-21.900002,16.35,35.0625,walking
146762840632486,-1.1719501,-9.3490505,-0.744,-0.07535,0.33935,0.2547875,-22.087502,16.425001,34.93125,walking
146762860692117,-1.1359501,-9.529051,-1.041,-0.1254,-0.113437496,0.2558875,-22.237501,16.44375,34.8375,walking
146762880734730,-1.251,-9.816001,-1.77795,-0.120037496,-0.328625,0.2206875,-22.368752,16.462502,34.706253,walking
146762900777683,-1.5330001,-10.210951,-2.23305,-0.116875,-0.2646875,0.1749,-22.5,16.48125,34.612503,walking
146762920805890,-1.8280501,-10.156051,-2.2380002,-0.131725,-0.09735,0.1258125,-22.59375,16.5,34.518753,walking
146762940819545,-1.74405,-9.523951,-1.3570501,0.002475,0.1401125,-0.071225,-22.6875,16.5,34.4625,walking
146762960837277,-1.368,-9.052051,-0.45195,0.154825,0.3894,-0.122375,-22.7625,16.518751,34.3875,walking
146762980842398,-0.95595,-9.214951,0.064050004,0.1920875,0.4885375,-0.0925375,-22.800001,16.5,34.3875,walking
146763000842363,-0.52995,-8.62605,-0.076050006,0.1175625,0.3851375,-0.0072875,-22.837502,16.462502,34.3875,walking
146763020584261,0.012,-9.97605,-0.25095,0.0163625,0.03575,0.05555,-22.85625,16.425001,34.40625,walking
146763040641656,-0.32700002,-11.04705,-0.49305,-0.0273625,-0.359425,0.047025,-22.875,16.40625,34.3875,walking
146763060690529,-1.074,-10.659,-0.85395,-0.0284625,-0.5267625,0.0683375,-22.85625,16.368752,34.4625,walking
146763080736371,-1.9159501,-10.030951,-1.21305,-0.0125124995,-0.3243625,0.0587125,-22.837502,16.331251,34.537502,walking
146763100770958,-2.256,-9.550051,-1.3780501,-0.0231,-0.0463375,0.02365,-22.7625,16.29375,34.631252,walking
146763120804309,-2.12205,-9.495001,-1.09605,-0.10615,-0.1475375,0.0044,-22.66875,16.237501,34.706253,walking
146763140824509,-2.0070002,-9.71805,-0.95895004,-0.1519375,-0.426525,0.0033,-22.556252,16.2,34.85625,walking
146763160833935,-1.70595,-9.78195,-1.29495,-0.1359875,-0.5160375,-0.01375,-22.3875,16.143751,34.96875,walking
146763180843860,-1.3440001,-9.792001,-1.7730001,-0.1722875,-0.4063125,-0.088275,-22.21875,16.087502,35.11875,walking
146763200847760,-1.33905,-9.816001,-1.8000001,-0.2820125,-0.3317875,-0.173525,-21.993752,15.993751,35.30625,walking
146763220581347,-1.54005,-9.90705,-1.335,-0.31075,-0.429825,-0.1915375,-21.768751,15.843751,35.53125,walking
146763240632387,-1.296,-9.913951,-1.19895,-0.1967625,-0.4404125,-0.1766875,-21.54375,15.750001,35.71875,walking
146763260687742,-0.70500004,-9.727051,-1.3879501,-0.07205,-0.3829375,-0.1958,-21.337502,15.58125,35.8875,walking
146763280738660,-0.372,-9.579,-1.6969501,-0.0614625,-0.611875,-0.2363625,-21.13125,15.4125,36.131252,walking
146763300777426,-0.018000001,-9.94005,-1.45305,-0.1945625,-1.0135125,-0.264,-20.925001,15.225,36.393753,walking
146763320802466,0.19395001,-9.89295,-1.1050501,-0.3298625,-1.2233375,-0.237325,-20.737501,15.000001,36.61875,walking
146763340827420,0.22095,-9.4810505,-1.40505,-0.3309625,-1.24575,-0.1744875,-20.5125,14.7375,36.862503,walking
146763360840615,-0.11595,-9.696,-1.7299501,-0.29479998,-1.1083875,-0.0627,-20.2875,14.418751,37.18125,walking
146763380842057,-0.94395006,-9.94995,-1.764,-0.300025,-0.881375,-0.0094875,-20.0625,14.118751,37.443752,walking
146763400850529,-1.797,-9.948001,-2.1090002,-0.3267,-0.5214,-0.051975,-19.875,13.781251,37.725002,walking
146763420587791,-2.77305,-9.95505,-1.7539501,-0.3735875,-0.2391125,-0.0562375,-19.650002,13.406251,38.0625,walking
146763440641625,-3.2910001,-10.10805,-1.1719501,-0.3628625,-0.0515625,-0.120175,-19.44375,12.95625,38.30625,walking
146763460699021,-3.14895,-9.90705,-1.2730501,-0.5014625,0.0325875,-0.21285,-19.237501,12.4875,38.5875,walking
146763480740206,-1.6459501,-9.592951,-1.2060001,-0.773025,-0.125125,-0.3045625,-19.03125,12.0,38.943752,walking
146763500771061,-0.35805002,-9.282001,-1.6990501,-0.974325,-0.4085125,-0.3257375,-18.825,11.493751,39.2625,walking
146763520801585,-0.18,-8.808001,-1.7710501,-1.0382625,-0.496925,-0.2992,-18.65625,10.96875,39.5625,walking
146763540819703,-0.19005,-8.911051,-2.226,-1.0404625,-0.34141248,-0.2534125,-18.46875,10.462501,39.80625,walking
146763560827717,-0.40095,-9.670051,-2.93895,-1.0840499,0.059125,-0.18095,-18.28125,9.9375,40.143753,walking
146763580836742,-0.78405005,-10.20405,-2.8170002,-1.1149875,0.4246,-0.11495,-18.13125,9.375,40.443752,walking
146763600840172,-1.2940501,-9.90495,-2.3860502,-1.075525,0.44701248,-0.07975,-17.962502,8.8125,40.6875,walking
146763620573619,-1.44,-9.241051,-2.23095,-0.9361,0.06875,-0.170225,-17.79375,8.231251,40.95,walking
146763640624660,-1.6360501,-8.67405,-2.8290002,-0.9114875,-0.2838,-0.3268375,-17.643751,7.6687503,41.23125,walking
146763660680134,-1.72695,-9.012,-3.6000001,-1.008425,-0.4307875,-0.4610375,-17.493752,7.0875,41.456253,walking
146763680731403,-1.9740001,-9.8230505,-4.1530504,-1.0041625,-0.26785,-0.5974375,-17.34375,6.4875,41.643753,walking
146763700770333,-1.54305,-10.314,-3.6499503,-0.8955375,-0.021724999,-0.662475,-17.25,5.8875003,41.850002,walking
146763720795662,0.015000001,-10.338,-3.48795,-0.825275,-0.0697125,-0.5814875,-17.15625,5.26875,42.018753,walking
146763740820795,1.2600001,-9.36795,-4.15605,-0.7613375,-0.294525,-0.4024625,-17.1,4.65,42.225002,walking
146763760834147,2.028,-8.99205,-4.4050503,-0.51315,-0.294525,-0.1915375,-17.081251,4.03125,42.3375,walking
146763780847021,1.332,-8.60505,-4.3710003,-0.20955,-0.005775,-0.1351625,-17.0625,3.3937502,42.46875,walking
146763800852971,-0.231,-8.712001,-4.29495,-0.1265,0.0815375,-0.2267375,-17.0625,2.775,42.600002,walking
146763820587946,-1.5499501,-8.451,-4.2990003,-0.198825,-0.023924999,-0.3705625,-17.081251,2.2125,42.693752,walking
146763840639605,-2.4019501,-8.55195,-4.1460004,-0.2979625,0.1326875,-0.4877125,-17.081251,1.575,42.825,walking
146763860695448,-2.8140001,-8.569051,-4.18905,-0.3267,0.1551,-0.491975,-17.0625,0.975,42.956253,walking
146763880735319,-1.31295,-8.30805,-4.44495,-0.3713875,-0.1016125,-0.47808748,-17.0625,0.39375,43.03125,walking
146763900765348,0.59895,-7.7070003,-4.21605,-0.48221248,-0.1304875,-0.460075,-17.0625,-0.16875,43.162502,walking
146763920795297,2.08305,-7.80495,-4.6540504,-0.5014625,-0.0037125,-0.3790875,-17.04375,-0.69375,43.256252,walking
146763940813087,1.8919501,-7.9410005,-5.3479505,-0.4939,-0.0867625,-0.2693625,-17.0625,-1.2,43.350002,walking
146763960832232,0.72105,-7.9080005,-5.214,-0.553575,-0.13145,-0.1106875,-17.04375,-1.63125,43.3875,walking
146763980838730,-0.16605,-8.229,-5.32905,-0.621775,0.1731125,0.02145,-17.025002,-2.04375,43.4625,walking
146764000839787,-0.60405004,-8.61705,-5.4289503,-0.4981625,0.37661248,0.014025,-16.96875,-2.41875,43.518753,walking
146764020582646,-1.167,-8.632951,-5.214,-0.301125,0.246675,0.02145,-16.9125,-2.7562501,43.55625,walking
146764040640939,-0.89595,-8.75805,-5.6260505,-0.1018875,0.0081124995,0.062975,-16.837502,-3.05625,43.65,walking
146764060690254,-0.015000001,-8.80305,-6.6580505,0.0045375,-0.0675125,0.065175,-16.78125,-3.3187501,43.6875,walking
146764080736410,0.88905007,-8.628,-6.5790005,0.0067375,-0.0196625,0.066275,-16.725,-3.54375,43.706253,walking
146764100771182,0.9799501,-7.3500004,-4.90695,-0.0924,-0.1612875,0.12375,-16.63125,-3.73125,43.74375,walking
146764120793338,0.20205002,-6.6720004,-3.42105,-0.131725,-0.21779999,0.1535875,-16.518751,-3.9,43.78125,walking
146764140816253,-0.21195,-6.7369504,-3.3610501,-0.049775,-0.2189,0.1067,-16.3875,-4.05,43.875,walking
146764160827990,-0.08505,-7.3740005,-5.12295,0.0834625,-0.2487375,0.0427625,-16.25625,-4.2000003,43.93125,walking
146764180839865,0.03195,-7.8409505,-6.306,0.2239875,-0.2646875,-0.0488125,-16.125,-4.3125,43.95,walking
146764200845362,0.52005005,-8.37495,-6.2100005,0.31239998,-0.2838,-0.171325,-15.993751,-4.3875003,43.987503,walking
146764220580098,1.2240001,-8.368051,-5.7000003,0.3487,-0.2380125,-0.28325,-15.843751,-4.4625,44.04375,walking
146764240632105,1.269,-7.7590504,-4.90695,0.372075,-0.2849,-0.3257375,-15.675,-4.51875,44.0625,walking
146764260688019,0.795,-7.2690005,-4.33005,0.39875,-0.40094998,-0.297,-15.4875,-4.5750003,44.11875,walking
146764280739376,0.66405004,-7.4890504,-4.09095,0.340175,-0.43725,-0.2597375,-15.3,-4.59375,44.175003,walking
146764300778147,0.94605005,-8.125951,-4.5100503,0.2347125,-0.4926625,-0.207625,-15.1125,-4.59375,44.23125,walking
146764320803318,1.19295,-8.415,-5.18295,0.26455,-0.614075,-0.1436875,-14.925,-4.5375004,44.325,walking
146764340828302,0.81000006,-8.490001,-5.43405,0.3498,-0.647075,-0.207625,-14.7375,-4.5,44.325,walking
146764360841308,0.10605001,-8.50605,-5.7330003,0.3177625,-0.5203,-0.3535125,-14.55,-4.425,44.4,walking
146764380842739,-0.46995002,-8.523001,-5.8440003,0.185625,-0.311575,-0.4610375,-14.343751,-4.33125,44.475002,walking
146764400817386,-0.70695,-8.463,-4.7569504,0.051425,-0.2305875,-0.439725,-14.137501,-4.21875,44.550003,walking
146764420561473,0.02205,-8.049001,-3.7369502,0.036575,-0.4989875,-0.2960375,-13.9125,-4.1625004,44.625,walking
146764440532680,1.1590501,-7.7760005,-4.2829504,0.0919875,-0.7238,-0.1500125,-13.725,-4.03125,44.662502,walking
146764460481966,1.65495,-7.9339504,-5.6860504,0.1739375,-0.57145,-0.091437496,-13.51875,-3.9,44.737503,walking
146764480409111,0.82395005,-8.368051,-6.5140505,0.2453,-0.291225,-0.0488125,-13.33125,-3.7500002,44.831253,walking
146764500335497,-0.35505003,-8.784,-5.71395,0.2475,-0.124025,0.0023375,-13.125001,-3.5812502,44.850002,walking
146764520248468,-1.4779501,-9.045,-4.2990003,0.2091375,-0.0174625,0.0726,-12.937501,-3.43125,44.850002,walking
146764540160657,-1.8250501,-9.241051,-4.254,0.1431375,0.1326875,0.104499996,-12.731251,-3.3187501,44.86875,walking
146764560094825,-1.12905,-9.045,-5.0389504,0.1771,0.1093125,0.054449998,-12.543751,-3.2062502,44.925003,walking
146764580117787,-0.48000002,-8.47305,-5.346,0.2080375,-0.0537625,0.0012375,-12.356251,-3.0937502,44.9625,walking
146764600129502,-0.28095,-8.05605,-5.0149503,0.17613749,-0.0675125,0.0012375,-12.187501,-3.0,45.037502,walking
146764620095046,-0.33600003,-8.004001,-5.4370503,0.1249875,-0.117699996,0.0023375,-12.0,-2.90625,45.075,walking
146764640081534,0.44295,-8.40795,-5.4679503,0.0642125,-0.1709125,-0.01265,-11.83125,-2.79375,45.112503,walking
146764660072096,0.79095006,-8.358001,-4.53405,0.0482625,-0.0600875,-0.0328625,-11.64375,-2.68125,45.15,walking
146764680064551,0.26595002,-8.28405,-4.7569504,0.0631125,0.0166375,-0.0979,-11.493751,-2.5687501,45.206253,walking
146764700069885,-0.252,-8.62605,-5.1210003,0.05995,-0.1709125,-0.1329625,-11.3625,-2.4562502,45.225002,walking
146764720063229,-0.10395,-9.114,-4.8499503,0.020624999,-0.2539625,-0.1318625,-11.231251,-2.34375,45.225002,walking
146764740118517,0.38805002,-9.076051,-5.085,0.0408375,-0.108075,-0.139425,-11.137501,-2.23125,45.225002,walking
146764760147535,0.70005006,-8.748,-5.46495,0.077,0.06985,-0.1170125,-11.08125,-2.15625,45.24375,walking
146764780398995,0.558,-8.48205,-5.15205,0.0451,0.1859,-0.0169125,-10.9875,-2.0625,45.28125,walking
146764800360848,0.04605,-8.265,-4.467,-0.0231,-0.0526625,0.0279125,-10.9125,-1.9875001,45.300003,walking
146764820292353,-0.039,-8.290951,-4.56495,-0.047575,-0.3488375,0.0523875,-10.856251,-1.8937501,45.300003,walking
146764840255110,0.112950005,-8.382,-4.19205,0.0471625,-0.3722125,0.066275,-10.81875,-1.81875,45.35625,walking
146764860260669,-0.42705002,-8.578051,-4.9240503,0.153725,-0.1698125,0.0449625,-10.8,-1.7437501,45.3375,walking
146764880471125,-0.70695,-8.956051,-5.4150004,0.2145,0.0218625,-0.004125,-10.8,-1.66875,45.3375,walking
146764900639250,-0.62805,-8.875051,-4.8910503,0.2165625,0.1348875,-0.045649998,-10.8,-1.575,45.3375,walking
146764920757531,-0.693,-8.418,-4.21605,0.16115,0.2094125,-0.0573375,-10.8,-1.5187501,45.318752,walking
146764940834058,-0.49695003,-8.134951,-3.9930003,0.0727375,0.1475375,-0.0083875,-10.78125,-1.4625001,45.3375,walking
146764960888600,0.05595,-8.13795,-4.1460004,0.0088,0.043175,0.0748,-10.78125,-1.40625,45.35625,walking
146764980915235,0.393,-8.06295,-4.3660502,0.0323125,-4.125E-4,0.1291125,-10.762501,-1.35,45.412502,walking
146765000921165,0.44595003,-8.00595,-4.8040504,0.0334125,-0.055825,0.1632125,-10.743751,-1.29375,45.375,walking
146765020660882,0.324,-8.451,-4.6990504,-0.0199375,0.03795,0.1854875,-10.725,-1.25625,45.393753,walking
146765040455224,-0.112950005,-9.361051,-4.70895,-0.0380875,0.2008875,0.182325,-10.6875,-1.21875,45.393753,walking
146765060553225,-0.16395001,-9.744,-4.61805,0.0099,0.144375,0.132275,-10.668751,-1.1812501,45.393753,walking
146765080643185,-0.24495001,-9.10995,-4.39305,0.0163625,0.1678875,0.08745,-10.6125,-1.1625,45.393753,walking
146765100711241,-0.56595004,-8.63805,-4.7179503,-0.00495,0.154,0.056649998,-10.575001,-1.1437501,45.375,walking
146765120770408,-0.59505004,-8.776951,-5.295,-0.0358875,-0.0463375,0.012925,-10.5375,-1.0875001,45.35625,walking
146765140809637,0.01995,-9.061951,-4.6249504,-0.0369875,-0.1049125,-0.014712499,-10.51875,-1.0125,45.35625,walking
146765160899753,0.453,-8.842051,-4.089,0.011,-0.0154,-0.0339625,-10.5,-0.95625,45.318752,walking
146765180904716,0.19005,-8.36295,-4.8829503,0.0642125,-0.038775,-0.038225,-10.462501,-0.91875005,45.3375,walking
146765200910076,-0.15405001,-8.40795,-5.037,0.1142625,-0.1357125,-0.045649998,-10.44375,-0.84375006,45.35625,walking
146765220631695,-0.051000003,-8.80605,-4.68195,0.118525,-0.124025,-0.0297,-10.44375,-0.7875,45.35625,walking
146765240684130,0.38595003,-8.97795,-4.23,0.0727375,-0.172975,-0.0158125,-10.44375,-0.71250004,45.35625,walking
146765260725592,0.73995006,-8.82195,-3.8779502,-0.0358875,-0.26785,-0.0339625,-10.462501,-0.675,45.3375,walking
146765280767192,0.87000006,-8.578051,-3.765,-0.04015,-0.2838,-0.0072875,-10.462501,-0.61875004,45.2625,walking
146765300795834,0.67095006,-8.34795,-4.2010503,0.069575,-0.1794375,0.0257125,-10.462501,-0.5625,45.225002,walking
146765320813134,0.087000005,-8.32005,-4.7059503,0.13035,0.094325,0.062975,-10.5,-0.50625,45.24375,walking
146765340821016,-0.36195,-8.691,-4.596,0.1238875,0.162525,0.0831875,-10.5,-0.45000002,45.206253,walking
146765360832814,-0.62295,-8.961,-4.4430003,0.0567875,-0.1038125,0.09075,-10.481251,-0.375,45.1875,walking
146765380836326,-0.846,-8.703,-3.8470502,-6.875E-4,-0.207075,0.1098625,-10.481251,-0.3375,45.16875,walking
146765400844821,-0.55905,-8.667001,-4.16295,0.02805,0.0496375,0.15785,-10.462501,-0.26250002,45.1875,walking
146765420582487,-0.123,-8.77005,-4.84305,0.0886875,0.3180375,0.2366375,-10.44375,-0.20625001,45.206253,walking
146765440639372,-0.078,-8.82195,-4.7059503,0.1111,0.3254625,0.36025,-10.425,-0.15,45.206253,walking
146765460697000,-0.372,-8.884951,-4.5150003,0.1057375,0.1560625,0.4134625,-10.40625,-0.09375,45.225002,walking
146765480740745,-0.79605,-8.809951,-4.73505,0.12815,0.0815375,0.3708375,-10.368751,-0.0375,45.2625,walking
146765500771406,-1.3579501,-8.602051,-5.0340004,0.19635,0.2338875,0.317625,-10.33125,0.01875,45.300003,walking
146765520801761,-1.6480501,-8.34105,-4.881,0.1835625,0.37345,0.20899999,-10.293751,0.056250002,45.300003,walking
146765540819746,-1.557,-8.24505,-4.3710003,0.0163625,0.128425,0.062975,-10.293751,0.13125001,45.300003,walking
146765560827647,-0.726,-8.775001,-3.83205,-0.1359875,-0.344575,-0.0562375,-10.293751,0.20625001,45.300003,walking
146765580838913,0.058050003,-9.13095,-3.8850002,-0.097625,-0.5501375,-0.136125,-10.293751,0.28125,45.225002,walking
146765600841790,0.60405004,-8.908951,-4.3039503,0.014162499,-0.3232625,-0.119075,-10.293751,0.3375,45.24375,walking
146765620586034,0.91695005,-8.752951,-4.8640504,0.0801625,0.17105,-0.0072875,-10.293751,0.41250002,45.206253,walking
146765640647615,0.80700004,-8.676001,-4.872,0.1175625,0.27115,0.0939125,-10.33125,0.50625,45.225002,walking
146765660697307,0.41700003,-8.443951,-4.2439504,0.09625,-0.0026125,0.12375,-10.35,0.5625,45.225002,walking
146765680745781,-0.09195001,-8.545051,-3.6529503,0.0386375,-0.0952875,0.114125,-10.387501,0.63750005,45.225002,walking
146765700779931,-0.693,-8.98305,-3.9520502,0.0163625,0.0325875,0.095975,-10.425,0.69375,45.225002,walking
146765720801568,-1.1359501,-9.29895,-4.55805,0.0471625,0.1934625,0.0523875,-10.462501,0.75,45.24375,walking
146765740823968,-1.0350001,-9.27705,-4.00995,0.077,0.1678875,-0.0328625,-10.51875,0.80625004,45.28125,walking
146765760835334,-0.93195003,-9.33495,-4.42395,0.0749375,0.0303875,-0.0999625,-10.556251,0.8625,45.28125,walking
146765780837887,-1.10895,-9.193951,-4.79295,0.0908875,-0.021724999,-0.124437496,-10.6125,0.95625,45.2625,walking
146765800845147,-0.64695,-9.0,-4.64895,0.0482625,-0.0292875,-0.069025,-10.668751,1.03125,45.28125,walking
146765820580598,0.36900002,-8.71695,-3.8130002,0.0121,0.027224999,0.0342375,-10.70625,1.10625,45.300003,walking
146765840636587,0.95295006,-8.382,-3.354,0.0248875,0.1645875,0.1087625,-10.725,1.1812501,45.2625,walking
146765860693278,0.81405,-8.146951,-3.59805,0.0163625,0.1582625,0.1343375,-10.762501,1.25625,45.28125,walking
146765880736260,-0.16905001,-8.293051,-4.2319503,0.0078375,0.0752125,0.1535875,-10.8,1.35,45.3375,walking
146765900777530,-1.2390001,-8.679001,-4.51695,0.0642125,0.144375,0.1535875,-10.81875,1.44375,45.318752,walking
146765920804830,-1.7200501,-8.832001,-4.56705,0.12705,0.2509375,0.12375,-10.81875,1.5562501,45.300003,walking
146765940820171,-1.69395,-8.82495,-4.57695,0.1579875,0.261525,0.065175,-10.837501,1.6500001,45.300003,walking
146765960837133,-1.5120001,-8.767051,-4.335,0.154825,0.1892,0.014025,-10.89375,1.7812501,45.28125,walking
146765980844163,-1.2079501,-8.7960005,-4.05495,0.1494625,0.077275,-0.053075,-10.931251,1.8937501,45.28125,walking
146766000843398,-0.753,-8.98995,-3.8760002,0.11,-0.0771375,-0.1181125,-10.9875,2.0062501,45.24375,walking
146766020848207,-0.034050003,-9.24405,-3.6499503,0.1153625,-0.17407499,-0.15853749,-11.0625,2.1375,45.1875,walking
146766040846348,0.522,-9.375,-3.7369502,0.2165625,-0.1123375,-0.190575,-11.1,2.25,45.16875,walking
146766060839603,0.64695,-9.106951,-3.9160502,0.3092375,-0.0441375,-0.2033625,-11.137501,2.3625002,45.131252,walking
146766080840764,0.384,-8.79105,-4.1599503,0.389125,-0.1016125,-0.21505,-11.15625,2.4375,45.112503,walking
146766100837061,-0.042000003,-8.700001,-4.13595,0.46475,-0.117699996,-0.21505,-11.19375,2.5500002,45.075,walking
146766120829697,-0.37905002,-8.620951,-3.8730001,0.5457375,-0.0143,-0.1692625,-11.231251,2.6625001,45.09375,walking
146766140831045,-0.51795,-8.710051,-3.55695,0.557425,0.095425,-0.104225,-11.26875,2.7562501,45.05625,walking
146766160828017,-0.573,-8.940001,-3.2410502,0.3806,0.128425,-0.1106875,-11.2875,2.8125,45.037502,walking
146766180832814,-0.35295,-8.88,-3.0640502,0.1590875,0.0336875,-0.091437496,-11.306251,2.8875,45.05625,walking
146766200832593,-0.078,-8.547,-3.3780003,0.035475,-0.0430375,-0.103125,-11.306251,3.0,45.018753,walking
146766220564773,-0.17595,-8.290951,-3.7410002,-0.0955625,0.0325875,-0.138325,-11.325001,3.0937502,45.037502,walking
146766240629921,-0.27105,-8.875051,-4.27995,-0.2030875,0.0741125,-0.1233375,-11.34375,3.2062502,45.05625,walking
146766260683666,0.096,-10.02705,-4.7520003,-0.252175,-0.1623875,-0.11165,-11.418751,3.3000002,45.018753,walking
146766280725077,0.43905002,-10.515,-4.3879504,-0.14245,-0.476575,-0.0925375,-11.475,3.4125001,44.943752,walking
146766300767093,0.84795004,-10.33605,-4.335,0.05995,-0.41799998,-0.0765875,-11.512501,3.5062501,44.925003,walking
146766320794112,0.18495001,-9.708,-4.5700502,0.17613749,0.14973749,-0.038225,-11.55,3.61875,44.9625,walking
146766340809679,-0.83400005,-9.27495,-4.1509504,0.106837496,0.5608625,0.0023375,-11.587501,3.7125,44.8875,walking
146766360827178,-1.0710001,-9.081,-2.9590502,-0.0859375,0.3031875,0.104499996,-11.64375,3.7875001,44.8125,walking
146766380834796,-1.0570501,-8.691,-1.9549501,-0.15413749,-0.225225,0.2217875,-11.700001,3.8437502,44.756252,walking
146766400845994,-0.96105003,-8.298,-2.63505,0.002475,-0.4233625,0.2855875,-11.775001,3.91875,44.7,walking
146766420848689,-0.86805004,-8.37495,-4.0360503,0.154825,-0.0930875,0.3463625,-11.85,3.9750001,44.625,walking
146766440845103,-0.88395005,-8.578051,-4.72305,0.1824625,0.5918,0.4049375,-11.925,4.05,44.60625,walking
146766460848113,-1.09305,-8.83395,-4.1269503,0.085525,0.9081875,0.4742375,-12.0,4.0875,44.5875,walking
146766480843192,-0.906,-8.889001,-2.80305,-0.1104125,0.6653625,0.485925,-12.075001,4.125,44.568752,walking
146766500836753,-0.60195005,-9.031051,-2.013,-0.2457125,0.261525,0.4134625,-12.150001,4.1625004,44.5875,walking
146766520838504,-0.93000007,-9.198001,-3.2029502,-0.2319625,-0.0281875,0.35915,-12.225,4.21875,44.568752,walking
146766540835542,-1.50405,-9.354,-4.5030003,-0.148775,-0.0793375,0.29947498,-12.281251,4.21875,44.568752,walking
146766560828964,-1.4610001,-9.655951,-4.95795,-0.098725,0.3223,0.2440625,-12.31875,4.2375,44.53125,walking
146766580819752,-0.27405003,-9.912001,-4.512,-0.0710875,0.7632625,0.2292125,-12.356251,4.2562504,44.5125,walking
146766600820039,0.29505002,-9.196051,-3.8539503,-0.0273625,0.5960625,0.198275,-12.39375,4.275,44.49375,walking
146766620553086,-0.063,-8.619,-3.2599502,0.0078375,0.2072125,0.131175,-12.4125,4.2937503,44.475002,walking
146766640619202,-0.58005005,-8.877001,-3.4350002,0.0451,0.059125,0.0075625,-12.431251,4.2937503,44.456253,walking
146766660673894,-0.82905006,-9.43995,-4.17705,0.0749375,-0.032449998,-0.0999625,-12.468751,4.3125,44.49375,walking
146766680725160,-0.62805,-9.571951,-3.63105,0.077,-0.1282875,-0.1628,-12.525001,4.3500004,44.456253,walking
146766700764594,0.73095006,-9.16695,-2.8579502,0.0801625,-0.09955,-0.19373749,-12.562501,4.3875003,44.41875,walking
146766720790714,1.542,-8.391001,-3.03795,0.085525,-0.0526625,-0.19373749,-12.618751,4.425,44.34375,walking
146766740816767,1.14495,-8.415,-3.351,0.12705,-0.190025,-0.170225,-12.656251,4.4812503,44.30625,walking
146766760830966,0.16605,-9.019051,-3.4759502,0.2261875,-0.37867498,-0.14465,-12.731251,4.55625,44.268753,walking
146766780844637,-0.19005,-9.517051,-3.4660501,0.2794,-0.36685,-0.14795,-12.806251,4.6125,44.23125,walking
146766800851361,-0.25500003,-9.43995,-3.5089502,0.19415,-0.19965,-0.14685,-12.8625,4.6687503,44.193752,walking
146766820586905,-0.21900001,-9.06705,-3.3030002,0.0237875,-0.1144,-0.11385,-12.900001,4.70625,44.15625,walking
146766840641643,-0.10605001,-8.86095,-2.9350502,-0.0796125,-0.1357125,-0.0732875,-12.900001,4.74375,44.100002,walking
146766860697121,-0.043950003,-8.875051,-3.1330502,-0.0944625,-0.1549625,-0.037125,-12.900001,4.8187504,44.081253,walking
146766880736837,-0.24300002,-8.93295,-3.933,-0.15619999,-0.09955,0.015125,-12.88125,4.9125004,44.04375,walking
146766900777864,-0.66405004,-8.913,-4.54395,-0.1211375,-0.23265,0.0842875,-12.843751,5.0062504,44.006252,walking
146766920804804,-1.1530501,-9.00195,-4.45695,0.121825,-0.208175,0.0917125,-12.76875,5.08125,43.987503,walking
146766940819978,-1.33395,-9.44505,-3.89895,0.43821248,0.33935,-0.021175,-12.69375,5.2125,44.025,walking
146766960836929,-1.4640001,-9.723001,-3.6150002,0.5446375,0.6408875,-0.1628,-12.6,5.34375,44.025,walking
146766980841468,-1.31805,-9.60795,-3.07095,0.406175,0.33935,-0.31735,-12.50625,5.53125,44.006252,walking
146767000841212,-0.73395,-9.150001,-1.9069501,0.3614875,-0.16665,-0.44935,-12.431251,5.7000003,43.95,walking
146767020583012,0.11805001,-8.764951,-2.262,0.3603875,-0.6353875,-0.474925,-12.375001,5.86875,43.875,walking
146767040642948,0.846,-9.10005,-3.4399502,0.2688125,-0.6226,-0.4813875,-12.31875,6.0,43.8375,walking
146767060691381,0.65400004,-9.387,-3.7489502,0.2347125,-0.258225,-0.389675,-12.243751,6.1125,43.800003,walking
146767080736869,0.86205006,-9.522,-3.3420002,0.253825,-0.1549625,-0.19373749,-12.150001,6.2250004,43.78125,walking
146767100771158,0.513,-8.976001,-2.16105,0.2336125,-0.50545,-0.0732875,-12.01875,6.2812505,43.74375,walking
146767120804362,0.26595002,-9.088051,-2.1330001,0.3166625,-0.8303625,-0.0477125,-11.887501,6.3187504,43.78125,walking
146767140824423,0.26595002,-9.568951,-3.34905,0.4764375,-0.81221247,-0.0851125,-11.775001,6.39375,43.74375,walking
146767160833763,-0.36195,-9.5449505,-3.9619503,0.574475,-0.5820375,-0.088275,-11.6625,6.4687505,43.7625,walking
146767180843749,-1.5880501,-9.069,-4.04295,0.6224625,-0.1634875,-0.0647625,-11.587501,6.5437503,43.78125,walking
146767200847583,-2.42595,-8.628,-3.3679502,0.6065125,0.417175,-0.0638,-11.512501,6.6000004,43.78125,walking
146767220581210,-2.6779501,-8.78205,-2.286,0.3795,0.8954,-0.1852125,-11.45625,6.6937504,43.78125,walking
146767240645934,-2.319,-9.238951,-1.6060501,0.0312125,0.7750875,-0.34814999,-11.400001,6.80625,43.7625,walking
146767260698116,-1.35405,-9.687,-1.8379501,-0.2968625,0.060225,-0.4345,-11.3625,6.9187503,43.706253,walking
146767280746306,-0.38595003,-9.64095,-2.7220502,-0.54614997,-0.6928625,-0.42267498,-11.325001,7.0312505,43.725002,walking
146767300782625,0.89100003,-9.58605,-4.3230004,-0.61435,-1.136025,-0.3609375,-11.306251,7.14375,43.725002,walking
146767320803437,1.7700001,-9.60795,-5.556,-0.519475,-1.067825,-0.2756875,-11.25,7.2375,43.7625,walking
146767340816285,2.0310001,-9.93105,-5.6740503,-0.4395875,-0.6535375,-0.18095,-11.19375,7.33125,43.74375,walking
146767360831452,1.1520001,-10.11495,-4.5199504,-0.24475,-0.0836,-0.0424875,-11.1,7.425,43.78125,walking
146767380834752,0.08205,-10.05795,-2.9899502,0.0908875,0.4277625,0.032175,-11.00625,7.51875,43.78125,walking
146767400845053,-0.92295,-9.73005,-1.503,0.341275,0.5897375,0.1524875,-10.931251,7.5937505,43.7625,walking
146767420583911,-1.19295,-9.27495,-1.2349501,0.4093375,0.37454998,0.3122625,-10.89375,7.6875005,43.74375,walking
146767440641474,-1.4809501,-8.81295,-1.4599501,0.304975,0.246675,0.3432,-10.81875,7.7812505,43.725002,walking
146767460699332,-1.5310501,-8.746051,-1.6110001,0.1835625,0.2913625,0.3026375,-10.762501,7.8562503,43.725002,walking
146767480740677,-1.404,-8.71905,-1.8690001,0.119625,0.4043875,0.2079,-10.725,7.89375,43.7625,walking
146767500771660,-1.3080001,-8.7960005,-1.86195,0.0834625,0.397925,0.0939125,-10.70625,7.9500003,43.74375,walking
146767520802128,-0.453,-9.32295,-2.2999501,0.017324999,0.196625,-0.003025,-10.70625,7.9687505,43.706253,walking
146767540820269,0.41895002,-9.804001,-2.86995,-0.014575,-0.1379125,-0.0754875,-10.6875,7.9687505,43.65,walking
146767560828201,1.1590501,-10.08405,-3.1549501,0.058849998,-0.377575,-0.089375,-10.70625,8.00625,43.6875,walking
146767580837518,1.674,-10.137,-3.114,0.1142625,-0.3914625,-0.07865,-10.70625,8.043751,43.74375,walking
146767600840827,1.7580001,-10.015051,-2.87505,0.16335,-0.2061125,-0.0616,-10.668751,8.043751,43.78125,walking
146767620574170,1.368,-9.531,-2.52495,0.2145,-0.0207625,-0.04455,-10.6125,8.043751,43.875,walking
146767640625032,0.73800004,-9.009001,-2.013,0.2134,0.044275,-0.038225,-10.5375,8.0625,43.912502,walking
146767660680468,0.052950002,-8.94495,-1.7350501,0.169675,0.0133375,-0.0658625,-10.5,8.08125,43.912502,walking
146767680731613,-0.303,-9.352051,-1.9549501,0.0759,-0.0782375,-0.122375,-10.462501,8.118751,43.93125,walking
146767700770485,-0.37905002,-9.735001,-2.05395,-0.0028875,-0.1848,-0.1574375,-10.462501,8.175,43.95,walking
146767720795756,-0.11805001,-9.73005,-2.2759502,-0.030524999,-0.2135375,-0.1522125,-10.44375,8.25,43.93125,walking
146767740820925,0.261,-9.64395,-2.5830002,-0.0603625,-0.19965,-0.119075,-10.44375,8.306251,43.95,walking
146767760834243,0.47895002,-9.636001,-2.8939502,-0.083875,-0.16775,-0.0627,-10.425,8.3625,43.95,walking
146767780847153,0.39600003,-9.45195,-3.05205,-0.0614625,-0.1219625,0.0075625,-10.387501,8.418751,43.95,walking
146767800853173,0.096,-9.391951,-2.9250002,0.001375,-0.139975,0.0587125,-10.35,8.475,43.95,walking
146767820588208,-0.17805001,-9.715051,-2.74305,0.0482625,-0.1390125,0.045925,-10.293751,8.53125,43.93125,walking
146767840640273,-0.34995002,-9.912001,-2.45805,0.058849998,-0.071775,0.0182875,-10.2375,8.587501,43.93125,walking
146767860695975,-0.52005005,-9.696,-2.20005,0.02805,-0.0430375,-0.0094875,-10.1625,8.64375,43.93125,walking
146767880735857,-0.40095,-9.29895,-1.98195,-0.0125124995,-0.124025,-0.0297,-10.087501,8.6625,43.893753,walking
146767900776961,0.22305001,-9.1380005,-2.049,-0.015675,-0.1527625,-0.038225,-10.03125,8.700001,43.893753,walking
146767920804165,0.573,-9.118951,-2.41995,0.0215875,-0.056925,-0.045649998,-9.95625,8.7375,43.893753,walking
146767940819512,0.45105,-9.193951,-2.8129501,0.05995,-0.0708125,-0.069025,-9.900001,8.75625,43.912502,walking
146767960836535,0.192,-9.505051,-2.83905,0.0556875,-0.13365,-0.0732875,-9.84375,8.775001,43.912502,walking
146767980841453,0.015000001,-9.675,-2.56095,0.0163625,-0.1612875,-0.0306625,-9.7875,8.793751,43.893753,walking
146768000841301,0.028950002,-9.703051,-2.42505,0.0226875,-0.1794375,0.0023375,-9.76875,8.8125,43.93125,walking
146768020583235,0.26595002,-9.877951,-2.3700001,0.0545875,-0.1560625,-0.004125,-9.731251,8.8125,43.93125,walking
146768040640842,0.27105,-9.865951,-2.2470002,0.0886875,-0.1049125,-0.018975,-9.712501,8.8125,43.95,walking
146768060689802,0.027,-9.4810505,-2.56095,0.104775,-0.0675125,-0.01265,-9.69375,8.83125,43.96875,walking
146768080735742,-0.075,-9.093,-2.53005,0.12925,-0.039875,0.0108624995,-9.675,8.85,43.93125,walking
146768100770444,0.060000002,-8.82495,-2.3170502,0.1164625,0.0463375,0.0374,-9.65625,8.85,43.93125,walking
146768120792614,0.15105,-8.868,-2.262,0.058849998,0.1145375,0.0523875,-9.65625,8.85,43.93125,walking
146768140815465,-0.049050003,-9.340051,-2.3500502,-0.014575,0.094325,0.047025,-9.65625,8.868751,43.93125,walking
146768160827325,-0.43905002,-9.8880005,-2.2710001,-0.0614625,0.036849998,0.047025,-9.637501,8.83125,43.93125,walking
146768180839359,-0.76500005,-10.008,-2.5489502,-0.0592625,0.028324999,0.047025,-9.637501,8.793751,43.93125,walking
146768200844862,-0.70995003,-9.75105,-3.0499501,-0.033825,0.1082125,0.0396,-9.65625,8.75625,43.912502,walking
146768220579934,-0.38895002,-9.5449505,-3.2430003,-0.0188375,0.2019875,0.0182875,-9.675,8.7375,43.93125,walking
146768240631985,-0.35295,-9.403951,-3.04695,-0.0253,0.231825,0.0097624995,-9.712501,8.7375,43.912502,walking
146768260687947,-0.40095,-9.32295,-2.59695,-0.04235,0.18493749,0.0193875,-9.75,8.7375,43.912502,walking
146768280739360,-0.34995002,-9.234,-2.25195,-0.065725,0.1188,0.0246125,-9.806251,8.7375,43.93125,walking
146768300778258,-0.312,-9.373051,-2.23305,-0.0944625,0.10505,0.0171875,-9.8625,8.71875,43.96875,walking
146768320803418,-0.27600002,-9.688951,-2.3770502,-0.0955625,0.121,0.0086624995,-9.900001,8.71875,43.987503,walking
146768340828312,-0.279,-9.865951,-2.47305,-0.0592625,0.1315875,0.0097624995,-9.95625,8.71875,43.987503,walking
146768360841315,-0.15705001,-9.72,-2.46105,-0.0242,0.1348875,0.0066,-10.05,8.7375,43.95,walking
146768380842765,0.028950002,-9.4810505,-2.499,-0.0028875,0.1508375,-9.625E-4,-10.106251,8.71875,43.912502,walking
146768400839856,0.17505,-9.370951,-2.43405,-6.875E-4,0.1753125,-0.017875,-10.200001,8.71875,43.93125,walking
146768420579617,0.192,-9.46605,-2.1760502,-0.0199375,0.1412125,-0.0391875,-10.293751,8.700001,43.93125,walking
146768440636088,0.23505001,-9.61995,-2.025,-0.0273625,0.0847,-0.0743875,-10.387501,8.681251,43.912502,walking
146768460695265,0.3,-9.567,-2.05095,-0.016775,0.061325,-0.11385,-10.481251,8.6625,43.893753,walking
146768480738105,0.333,-9.5140505,-2.262,-0.0028875,0.044275,-0.14795,-10.575001,8.64375,43.875,walking
146768500769914,0.27600002,-9.651,-2.4510002,0.0099,0.0314875,-0.1511125,-10.6875,8.625,43.85625,walking
146768520801193,0.37905002,-9.771001,-2.41995,0.0237875,0.0666875,-0.11385,-10.8,8.625,43.818752,walking
146768540819829,0.48900002,-9.648001,-2.35305,0.0545875,0.117837496,-0.072325,-10.89375,8.606251,43.818752,walking
146768560828091,0.453,-9.50205,-2.3460002,0.09295,0.1475375,-0.0402875,-10.9875,8.587501,43.800003,walking
146768580837277,0.27105,-9.426001,-2.2690501,0.0578875,0.17105,-0.014712499,-11.08125,8.587501,43.800003,walking
146768600840797,-0.063,-9.27495,-2.2740002,0.0471625,0.144375,0.0023375,-11.175,8.56875,43.78125,walking
146768620574285,-0.231,-9.237,-2.32605,0.034375,0.112475,0.012925,-11.25,8.55,43.800003,walking
146768640625453,-0.18300001,-9.28695,-2.29305,0.011,0.10175,0.0066,-11.34375,8.53125,43.78125,walking
146768660680833,-0.07305,-9.415951,-2.5110002,-0.0114124995,0.1007875,-0.005225,-11.4375,8.53125,43.78125,walking
146768680732144,0.00795,-9.535951,-2.5440001,-0.0125124995,0.076175,-0.0169125,-11.512501,8.512501,43.818752,walking
146768700770814,0.10605001,-9.571951,-2.52795,0.001375,0.045375,-0.034925,-11.587501,8.512501,43.818752,walking
146768720796051,0.24000001,-9.559951,-2.56095,0.013062499,0.0517,-0.054175,-11.681251,8.493751,43.8375,walking
146768740818845,0.40500003,-9.603001,-2.535,0.003575,0.0496375,-0.0732875,-11.775001,8.493751,43.8375,walking
146768760832651,0.50805,-9.61995,-2.4049501,-0.00495,0.0198,-0.0829125,-11.85,8.493751,43.8375,walking
146768780823454,0.61800003,-9.639001,-2.286,0.003575,0.0081124995,-0.093637496,-11.925,8.493751,43.818752,walking
146768800778745,0.65595,-9.58605,-2.286,0.0067375,0.0198,-0.1010625,-11.981251,8.475,43.818752,walking
146768820531074,0.67305005,-9.507001,-2.3740501,-6.875E-4,0.0485375,-0.0851125,-12.0375,8.475,43.78125,walking
146768840486313,0.582,-9.397051,-2.3770502,-0.00495,0.0463375,-0.0562375,-12.1125,8.45625,43.78125,walking
146768860424116,0.46500003,-9.354,-2.35305,0.0078375,0.0325875,-0.036025,-12.168751,8.45625,43.800003,walking
146768880354625,0.45495003,-9.35595,-2.3860502,0.0056375,0.0422125,-0.0264,-12.243751,8.4375,43.7625,walking
146768900273311,0.34800002,-9.354,-2.43195,-0.0039875,0.0581625,-0.018975,-12.281251,8.4375,43.6875,walking
146768920181022,0.17505,-9.45405,-2.46795,-0.0210375,0.0422125,-0.01265,-12.356251,8.45625,43.706253,walking
146768940108981,0.15405001,-9.57705,-2.367,-0.0295625,0.0240625,-0.005225,-12.39375,8.4375,43.6875,walking
146768960150008,0.252,-9.567,-2.3770502,-0.0188375,0.043175,0.0033,-12.431251,8.418751,43.6875,walking
146768980153253,0.36,-9.486,-2.5110002,-0.00605,0.0752125,0.014025,-12.468751,8.400001,43.6875,walking
146769000135520,0.36705002,-9.352051,-2.59905,2.75E-4,0.0922625,0.0257125,-12.525001,8.400001,43.65,walking
146769020113223,0.333,-9.25605,-2.5420501,-0.0114124995,0.0837375,0.02365,-12.562501,8.38125,43.6875,walking
146769040094405,0.28800002,-9.31995,-2.427,-0.0210375,0.0411125,0.014025,-12.6,8.3625,43.706253,walking
146769060080055,0.29295,-9.435,-2.367,-0.0125124995,0.0144375,1.375E-4,-12.618751,8.325001,43.74375,walking
146769080068751,0.33795002,-9.531,-2.4130502,-0.00605,0.0070125,-0.018975,-12.637501,8.2875,43.78125,walking
146769100070626,0.46995002,-9.59805,-2.463,-0.0125124995,5.5E-4,-0.0339625,-12.637501,8.26875,43.8375,walking
146769120039215,0.63000005,-9.612,-2.47305,-0.0284625,-0.032449998,-0.0317625,-12.656251,8.212501,43.8375,walking
146769140097177,0.642,-9.567,-2.367,-0.0347875,-0.0526625,-0.0243375,-12.675,8.19375,43.875,walking
146769160104793,0.666,-9.529051,-2.367,-0.0295625,-0.0174625,-0.017875,-12.731251,8.19375,43.875,walking
146769180443764,0.70395005,-9.4810505,-2.4490502,-0.049775,0.0240625,-0.01045,-12.731251,8.175,43.875,walking
146769200372733,0.61800003,-9.40695,-2.53005,-0.1381875,0.093225,0.0055,-12.750001,8.175,43.85625,walking
146769220301657,0.45105,-9.411,-2.4750001,-0.135025,0.1315875,0.0279125,-12.76875,8.19375,43.85625,walking
146769240556010,0.37905002,-9.399,-2.40105,-0.115775,0.043175,0.0757625,-12.750001,8.175,43.875,walking
146769260767223,0.372,-9.31095,-2.3700001,-0.149875,-0.09955,0.12485,-12.731251,8.175,43.85625,walking
146769280848454,0.3,-9.40905,-2.6110501,-0.1254,-0.141075,0.15565,-12.731251,8.15625,43.8375,walking
146769300904514,0.04095,-9.60105,-2.9610002,-0.0583,0.028324999,0.15895,-12.712501,8.15625,43.875,walking
146769320930523,0.0,-9.4810505,-2.70495,-0.0188375,0.2349875,0.1354375,-12.675,8.137501,43.875,walking
146769340934540,-0.135,-9.229051,-2.5489502,0.0045375,0.298925,0.099275,-12.656251,8.137501,43.893753,walking
146769360934891,-0.08205,-9.316051,-2.3719501,-0.00495,0.1912625,0.0620125,-12.637501,8.137501,43.893753,walking
146769380923074,0.19695,-9.370951,-2.3359501,-0.0572,-0.056925,0.054449998,-12.618751,8.175,43.875,walking
146769400914972,0.56100005,-9.562051,-2.52495,-0.066825,-0.2869625,0.0438625,-12.6,8.175,43.893753,walking
146769420636700,0.91695005,-9.76095,-2.46795,-0.0114124995,-0.3295875,0.0086624995,-12.562501,8.175,43.875,walking
146769440679137,1.1740501,-9.711,-2.3860502,0.0759,-0.2454375,-0.0680625,-12.525001,8.175,43.893753,walking
146769460473685,1.22595,-9.483001,-2.367,0.1057375,-0.1975875,-0.1351625,-12.4875,8.175,43.85625,walking
146769480565868,1.1740501,-9.30795,-2.121,0.078099996,-0.2402125,-0.1681625,-12.450001,8.175,43.875,walking
146769500640913,1.3120501,-9.35595,-1.917,0.0759,-0.293425,-0.1948375,-12.431251,8.19375,43.95,walking
146769520833456,1.47105,-9.42105,-2.0080502,0.09625,-0.26895,-0.22453749,-12.39375,8.175,43.95,walking
146769540944218,1.401,-9.33705,-2.283,0.1164625,-0.16555,-0.207625,-12.375001,8.15625,43.95,walking
146769560997734,0.82605004,-9.43305,-2.6190002,0.13035,-0.0281875,-0.136125,-12.337501,8.15625,43.96875,walking
146769580971381,0.19905001,-9.658051,-2.6470501,0.1483625,0.0633875,-0.0306625,-12.337501,8.175,43.96875,walking
146769600939916,-0.15405001,-9.592951,-2.59905,0.138875,0.0719125,0.05775,-12.31875,8.175,43.96875,walking
146769620643436,-0.36,-9.426001,-2.5399501,0.119625,-0.0111375,0.098175,-12.31875,8.15625,43.95,walking
146769640683728,-0.55605,-9.411,-2.49405,0.035475,-0.0537625,0.095975,-12.31875,8.175,43.912502,walking
146769660717022,-0.83400005,-9.522,-2.6110501,-0.022,-0.042075,0.066275,-12.356251,8.231251,43.93125,walking
146769680753657,-0.882,-9.591001,-2.76495,-0.049775,-0.0292875,0.02145,-12.39375,8.25,43.85625,walking
146769700779732,-0.45600003,-9.44295,-2.913,-0.0572,0.0187,-0.0094875,-12.4125,8.26875,43.8375,walking
146769720796209,-0.05595,-9.198001,-3.07605,-0.0273625,0.10395,-0.0232375,-12.431251,8.306251,43.818752,walking
146769740815780,0.16095,-9.13605,-3.1290002,0.015262499,0.162525,-0.018975,-12.431251,8.306251,43.800003,walking
146769760825985,0.29505002,-9.237,-2.832,0.0237875,0.177375,-0.01375,-12.450001,8.306251,43.78125,walking
146769780828570,0.273,-9.43305,-2.5560002,-0.0188375,0.1764125,-0.01155,-12.450001,8.306251,43.78125,walking
146769800836548,0.21405001,-9.59595,-2.3790002,-0.065725,0.177375,0.0033,-12.468751,8.2875,43.800003,walking
146769820573530,0.11505,-9.74205,-2.32905,-0.0529375,0.2072125,0.02365,-12.50625,8.306251,43.78125,walking
146769840630667,0.12495001,-9.696,-2.4799502,0.0099,0.2594625,0.0279125,-12.543751,8.306251,43.74375,walking
146769860688654,0.216,-9.507001,-2.733,0.058849998,0.261525,0.014025,-12.6,8.325001,43.800003,walking
146769880732802,0.20595,-9.39,-2.8129501,0.05995,0.187,0.015125,-12.637501,8.34375,43.7625,walking
146769900775154,0.22800002,-9.402,-2.5200002,0.02585,0.129525,0.0364375,-12.69375,8.3625,43.725002,walking
146769920803162,0.45795003,-9.373051,-2.18295,-0.00605,0.1315875,0.0427625,-12.731251,8.3625,43.725002,walking
146769940819145,0.71205,-9.342,-2.15895,-0.04015,0.1093125,0.0171875,-12.7875,8.3625,43.6875,walking
146769960836572,0.65400004,-9.363001,-2.3119502,-0.04015,0.0400125,-0.005225,-12.825001,8.3625,43.725002,walking
146769980843934,0.393,-9.47805,-2.5470002,-0.015675,-0.0430375,-0.0317625,-12.8625,8.34375,43.7625,walking
146770000843426,0.333,-9.639001,-2.6209502,0.013062499,-0.0814,-0.054175,-12.900001,8.325001,43.706253,walking
146770020585014,0.62100005,-9.684,-2.42895,0.015262499,-0.0708125,-0.0829125,-12.937501,8.325001,43.725002,walking
146770040644586,0.87195003,-9.672001,-2.15595,0.0226875,-0.0495,-0.0946,-12.993751,8.306251,43.74375,walking
146770060692630,1.06305,-9.74895,-1.9630501,0.044,-0.0111375,-0.07755,-13.05,8.2875,43.7625,walking
146770080740097,1.14705,-9.7560005,-2.0010002,0.051425,0.0539,-0.0499125,-13.106251,8.26875,43.74375,walking
146770100773599,0.97305006,-9.59595,-2.14695,0.061049998,0.10285,-0.021175,-13.14375,8.231251,43.6875,walking
146770120794733,0.59205,-9.358951,-2.2690501,0.0578875,0.0633875,0.014025,-13.200001,8.212501,43.65,walking
146770140816845,0.30900002,-9.352051,-2.23305,0.0386375,0.012375,0.0534875,-13.2375,8.175,43.6875,walking
146770160828202,0.31695002,-9.438001,-2.3070002,0.0493625,0.0133375,0.0779625,-13.275001,8.15625,43.706253,walking
146770180842005,0.40695003,-9.33495,-2.4100502,0.0301125,0.0218625,0.062975,-13.293751,8.118751,43.74375,walking
146770200846744,0.324,-9.0400505,-2.367,-0.0273625,0.026124999,0.0246125,-13.312501,8.1,43.7625,walking
146770220580085,0.21105,-8.889001,-2.331,-0.091299996,-0.0292875,-0.01375,-13.35,8.08125,43.725002,walking
146770240645433,0.27105,-9.14295,-2.259,-0.1626625,-0.1049125,-0.0306625,-13.368751,8.043751,43.78125,walking
146770260698051,0.51000005,-9.78495,-2.3460002,-0.24145,-0.0270875,-0.017875,-13.368751,7.9875,43.725002,walking
146770280737686,0.70905006,-10.300051,-2.69805,-0.236225,0.10285,0.0396,-13.368751,7.9687505,43.725002,walking
146770300776212,0.58695,-10.242001,-2.9200501,-0.18287499,0.110275,0.100237496,-13.368751,7.9500003,43.74375,walking
146770320801305,0.34005,-9.62895,-2.6860502,-0.17545,0.009075,0.133375,-13.35,7.9125004,43.7625,walking
146770340815171,0.108,-9.1380005,-2.5560002,-0.1797125,-0.0697125,0.15675,-13.312501,7.9125004,43.74375,walking
146770360831097,-0.018000001,-9.11205,-2.6830502,-0.1786125,-0.0356125,0.1727,-13.275001,7.9125004,43.818752,walking
146770380837387,0.0049500004,-9.14295,-2.5129502,-0.099825,0.0325875,0.1684375,-13.2375,7.93125,43.800003,walking
146770400847429,-0.015000001,-9.05895,-2.52495,0.0121,0.113575,0.1419,-13.1625,7.93125,43.800003,walking
146770420849344,-0.07005,-9.085951,-2.5110002,0.0482625,0.1923625,0.0609125,-13.087501,7.93125,43.818752,walking
146770440845245,0.096,-9.249001,-2.46105,0.0323125,0.230725,-0.0595375,-12.993751,7.93125,43.8375,walking
146770460847978,0.47205,-9.486,-2.2810502,0.011,0.144375,-0.104225,-12.88125,7.93125,43.818752,walking
146770480845051,1.09905,-9.64095,-1.9960501,0.0237875,-0.0782375,-0.1095875,-12.76875,7.93125,43.85625,walking
146770500837958,1.69095,-9.526051,-2.23305,0.058849998,-0.29975,-0.1084875,-12.618751,7.93125,43.85625,walking
146770520839205,2.16,-9.5140505,-2.72895,0.0504625,-0.2891625,-0.091437496,-12.468751,7.9125004,43.8375,walking
146770540835862,1.9090501,-9.399,-2.8510501,0.0556875,-0.23375,-0.01155,-12.31875,7.89375,43.893753,walking
146770560829024,1.45905,-9.2029505,-2.604,0.1122,-0.3168,0.0917125,-12.150001,7.89375,43.893753,walking
146770580830946,1.0159501,-9.232051,-2.1709502,0.1568875,-0.426525,0.249425,-11.981251,7.89375,43.912502,walking
146770600828434,0.73800004,-9.4470005,-2.32905,0.1898875,-0.446875,0.3804625,-11.8125,7.8562503,44.006252,walking
146770620822652,0.40500003,-9.526051,-2.77395,0.1835625,-0.342375,0.3196875,-11.587501,7.8,44.04375,walking
146770640825488,-0.03705,-9.238951,-2.403,0.0801625,-0.20927499,0.198275,-11.34375,7.74375,44.081253,walking
146770660823915,-0.28095,-8.85795,-1.9339501,-0.0017875,-0.342375,0.0705375,-11.1,7.6687503,44.11875,walking
146770680829946,-0.20700002,-8.868,-1.9390501,-0.0507375,-0.5842375,-0.0072875,-10.81875,7.6125,44.193752,walking
146770700830734,0.69705003,-9.474,-2.32605,-0.097625,-0.63965,-0.038225,-10.51875,7.55625,44.25,walking
146770720827211,1.9879501,-10.194,-3.21195,-0.1552375,-0.513975,-0.0638,-10.21875,7.4812503,44.30625,walking
146770740831632,2.39895,-10.564951,-3.42105,-0.1775125,-0.4915625,-0.08085,-9.88125,7.4062505,44.325,walking
146770760831053,1.9420501,-10.41195,-2.8560002,-0.1808125,-0.6109125,-0.1021625,-9.543751,7.3125005,44.30625,walking
146770780835361,1.24995,-9.957001,-2.70195,-0.1925,-0.6257625,-0.1309,-9.20625,7.2375,44.325,walking
146770800836915,0.67800003,-9.67695,-2.9659503,-0.202125,-0.4978875,-0.153175,-8.85,7.14375,44.4,walking
146770820570539,0.43095002,-9.747001,-3.0640502,-0.2255,-0.4500375,-0.1522125,-8.493751,7.0312505,44.456253,walking
146770840625196,0.27105,-9.739051,-2.70195,-0.2542375,-0.512875,-0.14685,-8.118751,6.9,44.5125,walking
146770860682038,0.31905,-9.639001,-2.5830002,-0.27665,-0.66728747,-0.1340625,-7.74375,6.76875,44.568752,walking
146770880723888,0.34305,-9.547951,-3.01395,-0.337425,-0.8047875,-0.1318625,-7.3500004,6.6000004,44.662502,walking
146770900767157,0.30195,-9.45195,-3.24795,-0.3639625,-0.7610625,-0.14575,-6.9750004,6.4125004,44.71875,walking
146770920796500,0.063,-9.31995,-3.18105,-0.303325,-0.6417125,-0.173525,-6.61875,6.2625003,44.71875,walking
146770940813817,-0.14895001,-9.31995,-3.078,-0.27445,-0.615175,-0.198,-6.24375,6.05625,44.775,walking
146770960832583,-0.171,-9.402,-2.9350502,-0.27775,-0.63745,-0.204325,-5.925,5.86875,44.737503,walking
146770980838652,-0.079950005,-9.394951,-3.14805,-0.3053875,-0.578875,-0.2107875,-5.6062503,5.64375,44.756252,walking
146771000839668,-0.03705,-9.34395,-3.14505,-0.3289,-0.479875,-0.204325,-5.2875004,5.4187503,44.79375,walking
146771020582428,-0.087000005,-9.41895,-3.22005,-0.3139125,-0.41799998,-0.2193125,-4.96875,5.175,44.8125,walking
146771040642960,-0.36,-9.44505,-3.279,-0.3139125,-0.326425,-0.24805,-4.6687503,4.93125,44.90625,walking
146771060691764,-0.57105005,-9.391951,-3.4039502,-0.335225,-0.176275,-0.2864125,-4.40625,4.6875,44.925003,walking
146771080737246,-0.48900002,-9.220051,-3.5140502,-0.3331625,-0.1282875,-0.3257375,-4.1625004,4.425,44.90625,walking
146771100771678,-0.043950003,-9.033,-3.3460503,-0.3554375,-0.253,-0.31625,-3.91875,4.18125,44.943752,walking
146771120793591,0.372,-8.83695,-3.387,-0.3799125,-0.33605,-0.2651,-3.6937501,3.91875,44.98125,walking
146771140816261,0.43395,-8.746051,-3.8760002,-0.3713875,-0.2902625,-0.220275,-3.4687502,3.7125,44.98125,walking
146771160827870,0.37395,-8.904,-4.13205,-0.3042875,-0.2454375,-0.170225,-3.2250001,3.4687502,44.98125,walking
146771180839696,0.11100001,-8.95905,-4.10505,-0.2255,-0.09735,-0.1596375,-3.0,3.24375,44.98125,walking
146771200845097,-0.231,-8.854051,-3.7489502,-0.166925,0.10175,-0.1830125,-2.775,3.05625,44.943752,walking
146771220579912,-0.36705002,-8.85795,-3.7849503,-0.1530375,0.145475,-0.190575,-2.5875,2.8875,44.925003,walking
146771240645395,-0.15705001,-8.86305,-3.7800002,-0.202125,-0.0484,-0.170225,-2.3812501,2.7562501,44.8875,walking
146771260698178,0.16605,-8.748,-3.7530003,-0.2223375,-0.242275,-0.1639,-2.1937501,2.60625,44.86875,walking
146771280735533,0.52995,-8.65995,-4.22295,-0.1392875,-0.1208625,-0.18095,-2.04375,2.4562502,44.850002,walking
146771300774672,0.62805,-8.50905,-4.431,-0.04015,0.1753125,-0.190575,-1.9312501,2.30625,44.8125,walking
146771320800281,0.34305,-8.335951,-4.2730503,0.0451,0.20515,-0.1639,-1.8750001,2.11875,44.756252,walking
146771340814538,0.17505,-8.236051,-3.9709501,0.0429,0.0422125,-0.11275,-1.85625,1.8937501,44.7,walking
146771360830741,0.49395,-8.09895,-3.7410002,-0.0210375,-0.13475,-0.01155,-1.8000001,1.7062501,44.7,walking
146771380834878,1.0489501,-8.095051,-4.21995,-0.0540375,-0.2795375,0.1067,-1.725,1.5562501,44.662502,walking
146771400845706,0.93705004,-7.8430505,-4.7059503,0.0567875,-0.395725,0.1706375,-1.66875,1.44375,44.5875,walking
146771420584882,0.59400004,-7.6540504,-4.56495,0.2239875,-0.2987875,0.2014375,-1.5937501,1.3312501,44.5125,walking
146771440642483,0.28995,-7.6180506,-4.5550504,0.27307498,-0.1942875,0.2398,-1.5,1.2750001,44.4,walking
146771460700156,0.12705001,-7.7089505,-4.63695,0.269775,-0.19965,0.284625,-1.35,1.2,44.4,walking
146771480741415,0.48600003,-7.8859506,-4.41195,0.2783,-0.23485,0.2644125,-1.2,1.1437501,44.30625,walking
146771500772300,0.98205006,-7.8,-4.1719503,0.26235,-0.2519,0.2195875,-1.03125,1.125,44.23125,walking
146771520802714,0.94095004,-7.6129503,-4.6540504,0.0886875,-0.0452375,0.0853875,-0.82500005,1.10625,44.175003,walking
146771540820702,0.80505,-7.4410505,-5.17995,-0.4173125,0.6653625,-0.2107875,-0.63750005,1.10625,44.11875,walking
146771560828509,1.07505,-7.52505,-5.7960005,-1.0797875,1.461075,-0.103125,-0.39375,1.1437501,44.100002,walking
146771580837662,1.3480501,-7.3399506,-5.7979503,-1.1138875,0.4373875,0.3889875,-0.15,1.2,44.0625,walking
146771600840845,1.7550001,-7.3549504,-5.8120503,-0.21807499,-0.7514375,0.6243875,0.112500004,1.2750001,43.96875,walking
146771620574136,3.1969502,-9.117001,-6.7560005,0.5852,-0.90805,0.4219875,0.375,1.3875,43.912502,walking
146771640625415,2.7130501,-14.161051,-9.82995,0.7854,-0.5916625,0.28985,0.675,1.5187501,43.800003,walking
146771660680682,-2.9310002,-18.445051,-9.567,0.5531625,0.211475,0.2217875,0.99375004,1.6500001,43.706253,walking
146771680731693,-4.9429502,-14.158951,0.58905005,0.5275875,-0.70675,0.0257125,1.3687501,1.81875,43.65,walking
146771700770461,-1.57395,-8.09895,4.8769503,0.2486,-1.7634375,-0.254375,1.725,1.9687501,43.59375,walking
146771720793307,1.059,-4.62795,2.7769501,-0.0369875,-1.6058625,-0.2321,2.0812502,2.1375,43.48125,walking
146771740819051,1.9900501,-6.2730002,-2.7450001,0.29865,-0.8932,-0.14685,2.4375,2.2875001,43.36875,walking
146771760832816,2.6250002,-8.281051,-3.63105,0.591525,-0.6237,-0.120175,2.7562501,2.4562502,43.256252,walking
146771780834626,2.53605,-12.208051,0.33195,0.5819,-0.6832375,-0.119075,3.075,2.625,43.143753,walking
146771800843624,0.53895,-12.80595,-1.7020501,0.525525,-0.6939625,-0.1170125,3.4125001,2.79375,43.03125,walking
146771820581303,-1.6309501,-10.551001,-1.9750501,0.5522,-0.696025,-0.14685,3.73125,2.98125,42.91875,walking
146771840635601,-2.09805,-9.723001,-1.026,0.3944875,-0.8261,-0.156475,4.03125,3.16875,42.768753,walking
146771860693101,-2.2420502,-9.06705,-0.78705,0.26235,-1.0987625,-0.04455,4.3125,3.3375,42.6375,walking
146771880734443,-2.493,-8.346001,-1.6200001,0.3507625,-1.034825,0.0587125,4.59375,3.525,42.506252,walking
146771900776486,-2.7160501,-8.655001,-2.15205,0.406175,-0.8303625,0.0928125,4.89375,3.7500002,42.412502,walking
146771920804248,-3.1009502,-9.696,-2.8939502,0.3433375,-0.5853375,0.0407,5.25,4.0125003,42.300003,walking
146771940820020,-3.52305,-9.663,-3.0900002,0.33275,-0.3562625,0.0097624995,5.6062503,4.33125,42.225002,walking
146771960837234,-2.9980502,-9.14805,-2.3820002,0.389125,-0.2135375,0.0044,5.9437504,4.65,42.131252,walking
146771980841999,-2.46495,-9.043051,-2.295,0.407275,-0.039875,-0.0391875,6.3,4.89375,41.98125,walking
146772000841866,-2.3740501,-9.495001,-2.45805,0.322025,5.5E-4,-0.1309,6.6375003,5.15625,41.86875,walking
146772020583776,-2.4049501,-9.592951,-2.6950502,0.23045,-0.113437496,-0.2352625,6.99375,5.4187503,41.775,walking
146772040641158,-2.4070501,-9.5449505,-2.5080001,0.1813625,-0.2561625,-0.237325,7.2937503,5.6625004,41.643753,walking
146772060690186,-1.5949501,-9.435,-2.7859502,0.1346125,-0.1527625,-0.2267375,7.55625,5.8875003,41.49375,walking
146772080736061,-0.57795,-9.29205,-3.2410502,0.0919875,0.115637496,-0.1830125,7.7625003,6.15,41.381252,walking
146772100770671,-0.48495004,-9.273001,-3.1380002,0.1728375,0.298925,-0.0946,7.9687505,6.39375,41.268753,walking
146772120804027,-2.05305,-9.073951,-2.50395,0.3337125,0.3521375,-0.0072875,8.175,6.6000004,41.175003,walking
146772140813100,-2.7970502,-9.40695,-1.8550501,0.4499,0.3234,0.0246125,8.34375,6.80625,41.025,walking
146772160825172,-2.5530002,-9.59595,-1.761,0.46365,0.10285,0.0694375,8.53125,6.9750004,40.93125,walking
146772180837561,-2.2080002,-9.727051,-1.51995,0.3199625,-0.3201,0.1419,8.71875,7.1250005,40.78125,walking
146772200843453,-1.81605,-9.96195,-1.3570501,0.2176625,-0.7002875,0.1183875,8.90625,7.275,40.66875,walking
146772220578600,-1.4569501,-10.101001,-1.9720501,0.221925,-0.7013875,0.0055,9.075001,7.36875,40.537502,walking
146772240630850,-1.15005,-10.066951,-2.7450001,0.19745,-0.3966875,-0.1309,9.225,7.4625,40.4625,walking
146772260687173,-1.12395,-9.651,-3.3030002,0.0908875,-0.1857625,-0.1681625,9.356251,7.55625,40.331253,walking
146772280738957,-1.0210501,-9.118951,-2.913,0.02695,-0.1197625,-0.154275,9.450001,7.6312504,40.237503,walking
146772300778026,-0.56805,-9.07905,-1.9069501,0.09295,-0.038775,-0.0254375,9.5625,7.74375,40.143753,walking
146772320803327,-0.41295,-9.117001,-1.6200001,0.2102375,0.1753125,0.13653749,9.65625,7.8375,40.068752,walking
146772340817043,-1.3369501,-9.220051,-1.55595,0.2688125,0.2765125,0.284625,9.75,7.9125004,39.956253,walking
146772360832738,-2.6580002,-9.567,-1.1719501,0.22825,0.1997875,0.3751,9.88125,8.00625,39.881252,walking
146772380836561,-3.1660502,-10.330951,-0.73905003,0.136675,-0.0281875,0.3218875,10.012501,8.08125,39.768753,walking
146772400846984,-2.9340003,-10.52505,-0.83205,0.0429,-0.3966875,0.215325,10.106251,8.15625,39.693752,walking
146772420585810,-1.96905,-9.802051,-1.2970501,-0.097625,-0.6172375,0.0396,10.2375,8.19375,39.6375,walking
146772440640877,-1.131,-9.05895,-1.5679501,-0.133925,-0.631125,-0.1500125,10.368751,8.231251,39.5625,walking
146772460698946,-0.11100001,-9.14295,-1.9339501,-0.0540375,-0.5427125,-0.28215,10.556251,8.2875,39.506252,walking
146772480740573,0.60105,-9.660001,-1.4569501,-0.065725,-0.4659875,-0.2352625,10.725,8.325001,39.393753,walking
146772500771636,0.98205006,-10.048051,-1.11705,-0.098725,-0.2487375,-0.2288,10.9125,8.34375,39.300003,walking
146772520802163,1.14705,-10.486051,-1.2229501,-0.100925,-0.038775,-0.239525,11.118751,8.3625,39.206253,walking
146772540820338,0.57000005,-10.351951,-1.1340001,-0.016775,-0.105875,-0.17985,11.325001,8.3625,39.131252,walking
146772560828281,-0.53205,-9.739051,-0.99105006,0.02585,-0.26785,-0.1095875,11.493751,8.325001,39.09375,walking
146772580837671,-1.251,-8.80095,-1.16805,-0.00495,-0.3328875,-0.0658625,11.6625,8.2875,39.075,walking
146772600840892,-1.3800001,-9.694051,-1.6660501,0.044,-0.294525,-0.0988625,11.793751,8.25,39.05625,walking
146772620574174,-1.6030501,-10.647,-1.539,0.0886875,-0.23375,-0.1318625,11.90625,8.137501,39.05625,walking
146772640625114,-1.5600001,-9.909,-1.0189501,0.0749375,-0.1848,-0.119075,12.01875,7.9875,39.05625,walking
146772660680474,-1.299,-9.09105,-1.3260001,0.0504625,-0.1868625,-0.072325,12.075001,7.8,39.075,walking
146772680731572,-0.79305005,-9.237,-1.4479501,-0.1137125,-0.274175,-0.0616,12.1125,7.5375004,39.09375,walking
146772700770418,-0.48000002,-9.50205,-1.1560501,-0.2116125,-0.4659875,-0.072325,12.13125,7.2000003,39.112503,walking
146772720795773,-0.47295,-9.604951,-1.21095,-0.21065,-0.6513375,-0.0925375,12.168751,6.8812504,39.131252,walking
146772740820917,-0.657,-9.459001,-1.32105,-0.133925,-0.6843375,-0.14685,12.225,6.58125,39.1875,walking
146772760834212,-0.59205,-9.46605,-1.4980501,-0.065725,-0.4543,-0.2256375,12.20625,6.2625003,39.225002,walking
146772780847041,-0.39405003,-9.62895,-1.6009501,-0.135025,-0.1720125,-0.27995,12.168751,5.9437504,39.3375,walking
146772800853035,-0.109050006,-9.658051,-1.12905,-0.319275,-0.0196625,-0.306625,12.0375,5.625,39.46875,walking
146772820587981,0.16800001,-9.688951,-0.84405005,-0.5748875,0.0209,-0.32999998,11.887501,5.3250003,39.506252,walking
146772840639854,0.41505003,-9.913951,-1.02195,-0.8210125,0.1252625,-0.3513125,11.71875,5.025,39.5625,walking
146772860695649,0.3,-10.077001,-1.8139501,-1.1138875,0.3936625,-0.4217125,11.56875,4.6875,39.675003,walking
146772880735619,-0.31905,-10.03905,-2.595,-1.581525,0.906125,-0.42061248,11.4375,4.36875,39.787502,walking
146772900765531,-0.74595004,-9.901951,-3.2749503,-2.159025,1.3704625,-0.3205125,11.325001,4.0125003,39.84375,walking
146772920795438,-1.0020001,-9.672001,-3.8419502,-2.4880624,1.107425,-0.2171125,11.212501,3.7125,39.956253,walking
146772940813183,-1.026,-9.529051,-4.41405,-2.26875,0.2435125,-0.254375,11.08125,3.4125001,40.0875,walking
146772960832227,-1.09695,-9.627001,-5.62305,-1.601875,-0.4745125,-0.3961375,10.950001,3.1312501,40.2,walking
146772980838650,-1.9230001,-9.615001,-7.3660502,-0.6857125,-0.6832375,-0.4525125,10.8,2.86875,40.29375,walking
146773000839748,-2.35695,-10.2949505,-7.9429502,0.067375,-0.0185625,-0.3322,10.6125,2.68125,40.3875,walking
146773020582512,-1.5600001,-10.479,-5.6449504,0.24213749,1.2725625,-0.11495,10.425,2.53125,40.443752,walking
146773040641083,0.39600003,-9.53295,-2.14905,0.0301125,2.4176624,0.20047499,10.181251,2.3625002,40.575,walking
146773060690393,1.8199501,-8.37195,1.0030501,-0.164725,2.2163625,0.3730375,9.900001,2.1750002,40.6875,walking
146773080736315,1.83,-7.6830006,1.35,-0.135025,0.804925,0.265375,9.65625,2.0062501,40.8375,walking
146773100771091,1.9609501,-8.17095,-1.1010001,-0.0028875,-0.310475,0.3656125,9.431251,1.8375001,40.912502,walking
146773120804588,1.4299501,-7.93905,-4.63395,0.14739999,-0.83985,0.4444,9.1875,1.6875001,41.025,walking
146773140822519,-0.64305,-8.752951,-7.05705,0.357225,-0.6908,0.5328125,8.925,1.5375,41.11875,walking
146773160832485,-0.17295001,-9.10005,-5.41305,0.541475,-0.0548625,0.589325,8.64375,1.3875,41.193752,walking
146773180798394,0.52500004,-8.158951,-2.97795,0.8003875,0.231825,0.5977125,8.325001,1.2750001,41.287502,walking
146773200734299,0.76395005,-7.5420003,-1.7260501,1.065625,0.121,0.653125,8.0625,1.1625,41.381252,walking
146773220495017,0.32805002,-7.3759503,-2.1060002,1.248775,0.1764125,0.52965,7.7250004,1.1437501,41.475002,walking
146773240435860,-0.27600002,-7.4890504,-2.973,1.418175,0.8996625,0.22275,7.4062505,1.2,41.53125,walking
146773260374342,-0.12105001,-7.9870505,-3.3300002,1.437425,1.5228125,0.05775,7.14375,1.29375,41.568752,walking
146773280294953,0.53205,-7.8,-1.90005,0.83875,1.4386625,0.032175,6.9187503,1.40625,41.625,walking
146773300206743,1.2790501,-6.87795,-1.3759501,0.09295,0.7154125,0.0449625,6.6937504,1.63125,41.625,walking
146773320127292,2.14995,-6.8640003,-2.8510501,-0.1882375,-0.1794375,0.0416625,6.4500003,1.8375001,41.662502,walking
146773340082762,1.6720501,-7.6660504,-4.9549503,-0.00495,-1.1477125,-0.1755875,6.1875005,2.04375,41.7,walking
146773360122552,0.45495003,-8.80095,-6.6259503,0.205975,-1.035925,-0.458975,5.9437504,2.25,41.737503,walking
146773380104095,0.28995,-9.76095,-8.226001,-0.10945,0.315975,-0.474925,5.7000003,2.4750001,41.756252,walking
146773400089506,0.25905,-10.137,-5.96295,-0.5355625,1.0456874,-0.3641,5.49375,2.71875,41.68125,walking
146773420079378,1.6879501,-12.43305,-2.0010002,-0.4844125,0.84534997,-0.153175,5.30625,2.9437501,41.756252,walking
146773440083068,3.2020502,-15.354001,0.124050006,0.1324125,0.2360875,1.375E-4,5.11875,3.15,41.756252,walking
146773460085841,2.706,-13.22805,-3.0280502,0.5308875,0.70895,-0.2682625,4.93125,3.3937502,41.756252,walking
146773480350194,0.324,-9.852,-5.3260503,0.3177625,1.0329,-0.24915,4.7250004,3.61875,41.756252,walking
146773500267422,-0.99705005,-7.2829504,-2.094,0.051425,0.2509375,-0.0094875,4.4812503,3.825,41.79375,walking
146773520277351,-0.82005006,-3.7489502,1.503,0.120725,-0.2624875,0.12375,4.275,4.0125003,41.756252,walking
146773540232730,1.7340001,-5.6140504,0.74895006,0.2580875,0.027224999,0.3656125,4.0125003,4.2000003,41.737503,walking
146773560234032,2.6940002,-9.426001,-5.5870504,0.236775,0.245575,0.284625,3.7500002,4.3500004,41.775,walking
146773580457452,-1.212,-12.226951,-5.5750504,0.0801625,0.3009875,0.1120625,3.43125,4.5,41.8125,walking
146773600406816,-1.8420001,-13.80195,-3.21495,0.0462,0.4299625,0.0726,3.1312501,4.6125,41.79375,walking
146773620311252,-2.1409502,-12.102,-3.59505,0.0886875,0.535425,0.0374,2.8500001,4.6875,41.831253,walking
146773640527345,-1.78005,-9.864,-4.39305,0.0045375,0.5311625,0.0374,2.5687501,4.8,41.79375,walking
146773660666405,-0.36,-8.63805,-4.0960503,-0.14355,0.4021875,0.065175,2.30625,4.89375,41.737503,walking
146773680773836,-0.43905002,-7.9290004,-3.25095,-0.199925,0.180675,0.1205875,1.9875001,5.0062504,41.662502,walking
146773700842927,-0.31005,-8.181001,-2.3359501,-0.22013749,0.0485375,0.1546875,1.6125001,5.11875,41.643753,walking
146773720881603,-0.01995,-8.98005,-2.5420501,-0.2244,-0.0196625,0.1791625,1.21875,5.2312503,41.643753,walking
146773740908413,0.43395,-9.651,-3.31995,-0.165825,0.0974875,0.1258125,0.88125,5.34375,41.643753,walking
146773760683363,1.095,-9.913951,-3.4639502,-0.0358875,0.30415,0.049225,0.52500004,5.45625,41.643753,walking
146773780731226,0.83805007,-8.877001,-3.2700002,0.170775,0.2828375,0.1098625,0.16875,5.55,41.625,walking
146773800539869,0.00795,-7.6440005,-3.3630002,0.3859625,0.650375,0.13653749,-0.1875,5.625,41.625,walking
146773820359916,-0.71895003,-8.24295,-2.7190502,0.4764375,1.1776875,0.150425,-0.50625,5.64375,41.5875,walking
146773840258163,-0.049050003,-10.34805,-2.7480001,0.4764375,1.1585749,0.3026375,-0.82500005,5.64375,41.5875,walking
146773860424189,0.43395,-12.073951,-1.9909501,0.372075,0.566225,0.3485625,-1.125,5.64375,41.568752,walking
146773880557604,0.582,-11.56095,-1.6030501,0.238975,0.162525,0.3091,-1.48125,5.6625004,41.5125,walking
146773900670113,0.56805,-9.75105,-2.4439502,0.138875,0.279675,0.3452625,-1.85625,5.64375,41.568752,walking
146773920750971,-0.42195,-8.691,-2.8840501,0.1643125,0.6494125,0.3623125,-2.25,5.6625004,41.568752,walking
146773940804408,-1.6789501,-8.80305,-2.9899502,0.152625,0.77605,0.2963125,-2.625,5.6625004,41.550003,walking
146773960846643,-1.8370501,-9.495001,-3.07605,0.0334125,0.4107125,0.25905,-2.98125,5.6625004,41.53125,walking
146773980868830,-1.8559501,-9.346951,-2.736,-0.00825,-0.0589875,0.27719998,-3.3000002,5.6625004,41.49375,walking
146774000875806,-1.1209501,-8.93295,-2.5519502,0.0462,0.177375,0.1791625,-3.5812502,5.6625004,41.53125,walking
146774020619323,-0.030000001,-9.232051,-2.76195,-0.066825,0.8336625,-0.0286,-3.8812501,5.6625004,41.475002,walking
146774040677458,0.41700003,-9.856951,-3.1549501,-0.318175,0.7654625,-0.1681625,-4.1625004,5.6625004,41.41875,walking
146774060722032,0.39600003,-10.15095,-2.1040502,-0.4736875,0.2520375,-0.1639,-4.4812503,5.6625004,41.4,walking
146774080764915,1.30095,-9.438001,-1.7689501,-0.485375,-0.1496,-0.0402875,-4.8,5.7000003,41.325,walking
146774100793631,2.56695,-8.83005,-3.8520002,-0.3906375,-0.1772375,0.0396,-5.11875,5.71875,41.23125,walking
146774120821459,2.2080002,-8.490001,-4.716,-0.1786125,0.2083125,0.148225,-5.4187503,5.7375,41.2125,walking
146774140836796,0.67800003,-8.298,-3.6430502,0.044,0.7387875,0.165275,-5.68125,5.7375,41.193752,walking
146774160842187,-0.69000006,-8.772,-2.8530002,0.104775,0.804925,0.014025,-5.90625,5.7375,41.1375,walking
146774180851185,-1.5670501,-10.306951,-1.90005,0.0226875,0.1475375,-0.0424875,-6.0937505,5.7562504,41.0625,walking
146774200852129,-1.74195,-11.20905,-1.36395,-0.063525,-0.4222625,0.02255,-6.3,5.775,40.987503,walking
146774220583501,-0.83400005,-10.4740505,-1.58895,-0.0924,-0.3158375,0.0364375,-6.525,5.7937503,40.93125,walking
146774240646590,0.75000006,-9.40695,-2.3479502,-0.015675,-0.1698125,0.05775,-6.7500005,5.83125,40.85625,walking
146774260697783,0.80700004,-8.877001,-1.9600501,0.1441,-0.3584625,0.1599125,-6.9750004,5.8875003,40.818752,walking
146774280736539,-0.02205,-8.917951,-1.5079501,0.168575,-0.071775,0.164175,-7.18125,5.9437504,40.800003,walking
146774300774613,-0.564,-8.98995,-2.6449502,0.0919875,0.5886375,-0.01045,-7.3500004,6.01875,40.74375,walking
146774320799615,-1.12905,-8.526,-3.8710501,0.0408375,0.2424125,-0.21505,-7.4812503,6.0937505,40.66875,walking
146774340813433,-1.6339501,-7.6800003,-2.32605,-0.150975,-0.14533749,-0.3438875,-7.6125,6.1312504,40.612503,walking
146774360829518,-0.81705004,-8.09895,-1.9750501,-0.265925,-0.072875,-0.274725,-7.70625,6.1875005,40.518753,walking
146774380835996,0.68805003,-9.5119505,-4.66305,-0.1519375,-0.3232625,-0.0818125,-7.8,6.2250004,40.443752,walking
146774400846320,1.5829501,-11.266951,-5.0560503,0.1750375,-0.6928625,0.1183875,-7.9687505,6.2625003,40.350002,walking
146774420585102,1.11405,-11.205001,-3.32505,0.5020125,-0.3733125,0.1610125,-8.175,6.2812505,40.29375,walking
146774440642490,0.024,-9.217051,-4.3879504,0.73535,0.532125,0.1854875,-8.475,6.2812505,40.162502,walking
146774460700177,-1.3060501,-8.403001,-3.6480002,0.8056125,1.0201125,0.215325,-8.83125,6.24375,40.03125,walking
146774480743706,-2.5459502,-8.77005,-1.2040501,0.847275,1.073325,0.1183875,-9.168751,6.20625,39.91875,walking
146774500773963,-3.08505,-9.55305,-0.79695004,0.879175,0.9667625,-0.037125,-9.46875,6.15,39.75,walking
146774520803808,-2.74005,-11.125951,-3.3439503,0.7726125,0.5801125,-0.1596375,-9.76875,6.01875,39.61875,walking
146774540821410,-1.0519501,-11.23305,-3.7099502,0.506275,-0.3136375,-0.153175,-10.05,5.86875,39.506252,walking
146774560828959,0.726,-9.89295,-2.7139502,0.09295,-1.1221375,-0.095699996,-10.425,5.68125,39.3375,walking
146774580839949,1.9450501,-9.0379505,-2.628,-0.2712875,-1.356575,-0.0158125,-10.875,5.4187503,39.09375,walking
146774600842520,2.60505,-8.21205,-3.801,-0.4972,-0.8355875,0.132275,-11.38125,5.11875,38.850002,walking
146774620585712,0.795,-7.3980002,-4.4550004,-0.54725,0.179575,0.2792625,-11.90625,4.8,38.5875,walking
146774640647441,-1.24605,-7.5060005,-4.7520003,-0.521675,1.68905,0.2644125,-12.356251,4.40625,38.41875,walking
146774660697105,-2.53905,-8.19495,-4.73295,-0.4725875,3.367925,0.0790625,-12.7875,3.9750001,38.2125,walking
146774680745713,-3.4699502,-9.01605,-3.99795,-0.3969625,3.754575,-0.0328625,-13.200001,3.525,38.081253,walking
146774700779979,-3.525,-9.11205,-3.2430003,-0.6505125,2.8150375,-0.0297,-13.6125,3.075,37.893753,walking
146774720801614,-1.76505,-10.23495,-2.3860502,-1.25455,1.7348375,-0.0264,-14.043751,2.6437502,37.706253,walking
146774740823982,0.51000005,-12.450001,-3.729,-1.5294125,0.6589,-0.054175,-14.512501,2.25,37.5,walking
146774760835197,2.265,-13.831051,-3.9280503,-1.248225,-0.0196625,-0.2352625,-14.981251,1.8937501,37.3125,walking
146774780837759,2.3800502,-12.361051,-1.1509501,-0.8529125,-0.088825,-0.48455,-15.450001,1.5375,37.125,walking
146774800845028,1.9570501,-11.557051,-2.7220502,-0.7453875,0.3851375,-0.5537125,-15.95625,1.0875001,36.9,walking
146774820844926,0.64005005,-10.965,-5.00295,-1.398375,2.6317499,-0.693275,-16.48125,0.54375005,36.6375,walking
146774840850639,0.63705003,-9.723001,-2.0269501,-1.507,3.2720876,-1.0426625,-17.00625,-0.0,36.375,walking
146774860849823,2.11905,-8.964001,0.56700003,-1.466575,1.8638124,-1.2216874,-17.53125,-0.5625,36.112503,walking
146774880844046,3.795,-8.797951,1.14705,-1.6572875,-0.4063125,-1.1119624,-18.056252,-1.1437501,35.8125,walking
146774900845955,6.4170003,-9.562051,-3.1000502,-1.4282125,-1.4205124,-0.6997375,-18.581251,-1.725,35.568752,walking
146774920842950,7.3510504,-9.459001,-6.1789503,-1.0373,-0.7759125,-0.189475,-19.1625,-2.2875001,35.325,walking
146774940836165,4.815,-8.86095,-1.83105,-0.6664625,0.3436125,0.1269125,-19.725,-2.8125,35.04375,walking
146774960837865,1.7770501,-9.28695,-3.8830502,-0.15619999,0.4021875,0.22495,-20.362501,-3.3375,34.7625,walking
146774980835193,-0.11595,-9.47805,-2.1780002,0.56485,-0.03025,0.3378375,-20.98125,-3.8437502,34.4625,walking
146775000829030,-0.64695,-8.35995,-1.4929501,0.9994875,0.0485375,0.4720375,-21.54375,-4.33125,34.18125,walking
146775020568078,0.642,-7.5439506,-2.2999501,1.0272624,0.329725,0.6840625,-22.06875,-4.78125,33.9,walking
146775040627419,2.5069501,-5.6839504,-1.8210001,-0.0785125,0.617375,0.922625,-22.48125,-5.1937504,33.600002,walking
146775060676763,2.9910002,-3.32505,0.78705,-3.778225,2.3920875,0.2270125,-22.893751,-5.5687504,33.35625,walking
146775080714938,2.538,-1.9009501,1.1539501,-2.9931,2.523125,-0.696575,-23.2875,-5.90625,33.075,walking
146775100753434,1.96395,-1.89795,-0.30795002,0.0323125,0.703725,-0.48565,-23.681252,-6.20625,32.79375,walking
146775120779397,1.233,-3.3300002,-3.2410502,0.8663875,0.028324999,0.0694375,-24.093752,-6.4687505,32.49375,walking
146775140805796,2.22195,-8.470051,-16.660952,-0.319275,0.397925,-0.139425,-24.525002,-6.675,32.175003,walking
146775160820595,10.08705,-18.981,-27.942001,-0.27775,-0.698225,0.0279125,-24.88125,-6.8250003,31.893751,walking
146775180837258,6.63,-15.409051,7.3380003,0.6054125,-0.9656625,0.434775,-25.1625,-6.9187503,31.66875,walking
146775200844172,1.6690501,-6.5530505,11.97795,0.39765,0.77605,0.805475,-25.3875,-6.95625,31.44375,walking
146775220580008,2.7589502,-6.42105,0.74895006,0.0163625,1.2480875,0.5135625,-25.612501,-6.9187503,31.29375,walking
146775240646209,4.95405,-9.306001,-10.239,-0.201025,1.04995,0.2110625,-25.875002,-6.76875,31.050001,walking
146775260699291,-2.2729502,-10.77795,1.0360501,-0.132825,0.684475,0.1067,-26.175001,-6.5625005,30.843752,walking
146775280747900,-5.76105,-15.02595,-8.02005,0.0312125,0.5897375,0.2206875,-26.475,-6.3375,30.581251,walking
146775300784436,-3.0559502,-14.451,-7.9840503,0.104775,0.4970625,0.3741375,-26.737501,-6.0750003,30.375002,walking
146775320807601,0.55605,-8.166,-4.3380003,0.19635,0.3606625,0.42941248,-26.98125,-5.83125,30.206251,walking
146775340819647,1.9090501,-6.1309505,-5.02995,0.2432375,0.2446125,0.46035,-27.225,-5.5875,30.075,walking
146775360834139,2.1700501,-6.2179503,-5.4289503,0.168575,0.4129125,0.4549875,-27.468752,-5.3812504,29.85,walking
146775380839266,1.5690001,-6.9960003,-5.18505,0.1398375,0.4362875,0.402875,-27.69375,-5.15625,29.643751,walking
146775400848431,1.8180001,-8.346001,-5.2189503,0.1813625,0.295625,0.2952125,-27.88125,-4.875,29.475,walking
146775420586316,2.12205,-9.5119505,-4.5030003,0.2475,0.0911625,0.242,-28.0125,-4.4812503,29.343752,walking
146775440643021,2.1100502,-9.612,-4.6270504,0.39765,-0.007975,0.349525,-28.143751,-4.0875,29.23125,walking
146775460700169,1.9800001,-8.466001,-4.97895,0.6032125,-0.0100375,0.52854997,-28.25625,-3.6750002,29.081251,walking
146775480741141,2.292,-7.8,-4.63905,0.7524,0.0633875,0.6105,-28.3875,-3.2250001,28.968752,walking
146775500771794,2.292,-8.578051,-4.668,0.830225,-0.042075,0.5680125,-28.518751,-2.7375002,28.7625,walking
146775520802022,1.65495,-9.670051,-4.21995,0.8152375,-0.20075,0.5083375,-28.650002,-2.23125,28.556252,walking
146775540820027,1.56105,-9.89295,-3.41805,0.7151375,-0.37015,0.4668125,-28.7625,-1.7625,28.406252,walking
146775560827901,2.3110502,-9.366,-3.4330502,0.6534,-0.4596625,0.49981248,-28.81875,-1.2750001,28.29375,walking
146775580836847,2.46405,-9.0400505,-4.0690503,0.6554625,-0.4756125,0.5786,-28.85625,-0.80625004,28.181252,walking
146775600840190,2.29905,-9.045,-4.1800504,0.660825,-0.3722125,0.49981248,-28.85625,-0.3,28.06875,walking
146775620573515,1.6360501,-9.07905,-4.6150503,0.558525,-0.0367125,0.32615,-28.85625,0.20625001,27.975,walking
146775640638146,1.0009501,-8.952001,-4.5100503,0.388025,0.44055,0.242,-28.85625,0.69375,27.88125,walking
146775660690491,0.46005002,-8.691,-3.7440002,0.36355,0.4576,0.3304125,-28.85625,1.2,27.750002,walking
146775680739032,0.42195,-8.6980505,-2.9490001,0.4263875,0.28393748,0.436975,-28.85625,1.725,27.6,walking
146775700775570,0.71895003,-9.15495,-2.628,0.5627875,0.278575,0.4657125,-28.85625,2.25,27.468752,walking
146775720798989,1.2790501,-9.471001,-3.5020502,0.7151375,0.450175,0.52635,-28.837502,2.775,27.337502,walking
146775740822713,0.984,-9.568951,-3.7920003,0.7981875,0.5534375,0.5786,-28.800001,3.3000002,27.206251,walking
146775760834932,0.90105003,-9.282001,-3.0349503,0.7214625,0.296725,0.6084375,-28.7625,3.7875001,27.13125,walking
146775780835847,0.98205006,-8.901,-3.1600502,0.49774998,-0.105875,0.6692125,-28.706251,4.275,27.0375,walking
146775800843990,1.332,-8.78205,-3.1240501,0.3422375,-0.43725,0.570075,-28.66875,4.74375,26.94375,walking
146775820581021,1.87995,-8.784,-3.7009501,0.3348125,-0.48839998,0.4816625,-28.63125,5.2125,26.79375,walking
146775840637133,1.7410501,-8.80605,-3.9859502,0.23045,-0.33605,0.4965125,-28.593752,5.64375,26.6625,walking
146775860693964,0.633,-8.748,-4.3570504,0.0653125,-0.1271875,0.502975,-28.575,6.0375004,26.531252,walking
146775880734720,0.35700002,-9.330001,-4.6129503,0.02695,0.127325,0.4976125,-28.518751,6.4125004,26.400002,walking
146775900776527,0.19695,-10.02705,-4.4620504,0.237875,0.751575,0.5146625,-28.500002,6.76875,26.23125,walking
146775920804153,-0.85095006,-9.7900505,-3.7369502,0.5201625,1.2874125,0.570075,-28.500002,7.14375,26.04375,walking
146775940819810,-1.27005,-9.196051,-2.8510501,0.609675,1.0520124,0.60101247,-28.518751,7.4625,25.800001,walking
146775960836975,-1.2390001,-8.76,-1.9390501,0.39875,0.364925,0.4987125,-28.556252,7.7625003,25.575,walking
146775980842067,-0.46800002,-8.928,-1.8910501,0.106837496,-0.21779999,0.2633125,-28.612501,8.025001,25.368752,walking
146776000841854,0.71595,-9.835051,-2.9299502,-0.0103124995,-0.4329875,0.13859999,-28.66875,8.26875,25.125002,walking
146776020583626,0.85305005,-10.704,-2.69295,-0.04235,-0.36685,0.1291125,-28.743752,8.45625,24.956251,walking
146776040643520,0.666,-10.86495,-2.2039502,-0.030524999,-0.06435,0.167475,-28.85625,8.64375,24.675001,walking
146776060691881,0.50595003,-10.2949505,-2.427,0.061049998,0.2924625,0.2110625,-28.987501,8.75625,24.337502,walking
146776080737159,0.273,-9.186001,-2.5200002,0.1398375,0.5715875,0.2718375,-29.1375,8.83125,23.962502,walking
146776100769187,-0.38205,-8.70705,-2.4460502,0.0738375,0.67705,0.3293125,-29.325,8.868751,23.587502,walking
146776120791523,-1.0900501,-9.14805,-2.3410501,-0.1860375,0.5204375,0.349525,-29.531252,8.85,23.175001,walking
146776140814637,-1.71,-9.847051,-2.319,-0.4588375,0.16885,0.3730375,-29.737501,8.8125,22.66875,walking
146776160826703,-2.1460502,-10.161,-2.3050501,-0.47685,-0.0281875,0.40713748,-29.98125,8.793751,22.125,walking
146776180838733,-2.292,-9.574051,-2.535,-0.4566375,0.3202375,0.36987498,-30.225,8.75625,21.6,walking
146776200844467,-1.9860001,-9.061951,-2.676,-0.5919375,1.0637,0.1951125,-30.468752,8.700001,21.13125,walking
146776220579425,-1.36995,-9.226951,-2.67405,-0.960575,1.6379,-0.0061875,-30.712502,8.6625,20.60625,walking
146776240631625,-0.68805003,-9.507001,-1.8090001,-1.2332375,1.6080625,0.0097624995,-30.937502,8.64375,20.1,walking
146776260687700,-0.22605,-9.118951,-1.7689501,-1.177825,1.4685,0.15675,-31.143751,8.606251,19.612501,walking
146776280739104,0.68295,-9.04695,-2.73105,-1.230075,1.8935125,0.2761,-31.312502,8.56875,19.1625,walking
146776300778089,1.2739501,-9.76095,-3.7060502,-1.294975,2.6521,0.32395,-31.48125,8.55,18.69375,walking
146776320803324,-0.27600002,-10.965,-4.29495,-1.5646125,3.4744875,0.1269125,-31.650002,8.56875,18.13125,walking
146776340828252,-2.9269502,-9.7900505,-2.8290002,-1.6113625,3.7769876,-0.190575,-31.800001,8.587501,17.53125,walking
146776360841361,-3.7720501,-8.229,-2.8819501,-1.0979375,3.0558,-0.45045,-31.95,8.6625,16.95,walking
146776380842666,-3.42,-8.133,-4.7640004,-0.65587497,1.95965,-0.355575,-32.081253,8.75625,16.35,walking
146776400851029,-1.90005,-8.901,-6.0139503,-0.893475,1.5697,-0.1617,-32.2125,8.887501,15.750001,walking
146776420588293,0.35205,-10.575001,-8.149051,-1.2013375,1.0329,0.0939125,-32.30625,9.0375,15.093751,walking
146776440642010,2.3710501,-11.68305,-5.3190002,-0.98505,-0.0930875,0.3762,-32.41875,9.168751,14.400001,walking
146776460699183,4.1520004,-10.1970005,-0.74595004,-0.61325,-0.495825,0.49981248,-32.53125,9.3,13.668751,walking
146776480740612,3.5080502,-7.24905,-1.17495,-0.199925,-0.2039125,0.66495,-32.643753,9.431251,13.031251,walking
146776500771335,3.8220003,-7.02405,-5.9149504,0.077,0.333025,0.857725,-32.756252,9.543751,12.337501,walking
146776520801734,1.67595,-7.8529506,-5.01,0.220825,0.9167125,0.9365125,-32.86875,9.618751,11.64375,walking
146776540819786,-0.61905,-8.11095,-3.7750502,0.4615875,1.3704625,1.0899625,-32.943752,9.731251,10.9125,walking
146776560827745,-1.9590001,-7.668,-3.5740502,0.70015,1.25125,1.1719126,-33.018753,9.900001,10.2375,walking
146776580836615,-2.6470501,-6.8500504,-2.8890002,0.879175,0.583275,1.126125,-33.037502,10.06875,9.50625,walking
146776600840103,-1.4490001,-6.852,-3.6070502,0.963325,0.0506,1.043075,-33.05625,10.25625,8.775001,walking
146776620573599,0.14895001,-6.6010504,-3.9229503,1.015575,-0.1475375,1.076075,-33.018753,10.481251,8.025001,walking
146776640624622,1.5090001,-6.08295,-4.33005,1.1092125,-0.117699996,1.2497375,-32.98125,10.725,7.2937503,walking
146776660680167,2.60505,-5.8489504,-4.15605,1.1177375,0.51301247,1.346675,-32.8875,10.9875,6.6562505,walking
146776680731741,2.4880502,-6.35895,-4.09305,1.1199375,1.8882875,1.1048125,-32.775,11.26875,6.0750003,walking
146776700770597,1.5280501,-7.0960503,-4.36905,0.93775,2.4102376,0.654225,-32.625,11.55,5.53125,walking
146776720795849,0.21405001,-7.9840503,-4.00005,0.0301125,1.5142875,-0.0424875,-32.456253,11.85,5.025,walking
146776740820910,0.17295001,-9.057,-3.6649501,-0.5941375,-0.040975,-0.7327375,-32.268753,12.168751,4.51875,walking
146776760834196,1.128,-9.328051,-5.427,-0.454575,-0.6524375,-0.695475,-32.100002,12.4875,4.0687504,walking
146776780847097,2.907,-8.84595,-7.1509504,0.0067375,-0.032449998,-0.11165,-31.931252,12.7875,3.6000001,walking
146776800853099,5.1649504,-9.316051,-8.712001,0.2134,1.0509125,0.2014375,-31.781252,13.087501,3.1125002,walking
146776820588046,6.156,-13.170001,-7.2229505,0.14093749,1.38435,0.4114,-31.63125,13.368751,2.6437502,walking
146776840640049,2.35905,-14.061001,-2.9989502,0.3795,1.0946375,0.5157625,-31.500002,13.63125,2.23125,walking
146776860695810,-3.1590002,-10.443001,-1.40205,0.6501,0.784575,0.49445,-31.3875,13.875001,1.8375001,walking
146776880735813,-4.69395,-8.434951,-1.1719501,0.56595,0.7953,0.2781625,-31.29375,14.08125,1.4250001,walking
146776900776917,-3.5400002,-9.064051,-2.8200002,0.2102375,0.5619625,0.12155,-31.2,14.26875,1.03125,walking
146776920804045,-1.485,-9.316051,-1.2900001,0.1249875,-0.24447499,0.13859999,-31.125002,14.400001,0.75,walking
146776940819413,0.46695003,-8.3560505,0.36405003,0.3251875,-0.5064125,0.2398,-31.06875,14.531251,0.46875003,walking
146776960836452,1.5109501,-8.241,-1.4430001,0.39875,0.229625,0.18975,-31.0125,14.625001,0.13125001,walking
146776980841277,1.72695,-9.865951,-5.0890503,0.33055,0.767525,0.0768625,-30.993752,14.681251,-0.1875,walking
146777000841121,-0.432,-10.90305,-5.6350503,0.340175,0.2446125,0.062975,-30.975,14.700001,-0.46875003,walking
146777020582997,-2.5099502,-10.210951,-1.5700501,0.3859625,-0.4393125,0.0587125,-30.956251,14.700001,-0.75,walking
146777040640495,-2.5530002,-9.46395,-0.23205002,0.2910875,-0.5416125,-9.625E-4,-30.937502,14.681251,-0.975,walking
146777060689535,-0.87705004,-9.688951,-2.0770502,0.1984125,-0.2795375,-0.0925375,-30.91875,14.681251,-1.1812501,walking
146777080735473,-0.93495005,-9.771001,-2.15595,0.152625,-0.27101249,-0.1766875,-30.91875,14.700001,-1.40625,walking
146777100770234,-1.0500001,-9.675,-1.3300501,0.0716375,-0.41593748,-0.2299,-30.900002,14.775001,-1.63125,walking
146777120792468,-0.33900002,-9.493051,-2.013,0.044,-0.561825,-0.2182125,-30.88125,14.83125,-1.85625,walking
146777140815456,0.513,-9.09795,-3.32505,0.106837496,-0.57035,-0.155375,-30.88125,14.868751,-2.04375,walking
146777160827316,0.66105,-9.165,-3.3990002,0.2112,-0.3988875,-0.0584375,-30.862501,14.868751,-2.2125,walking
146777180839678,0.00795,-9.28695,-3.0229502,0.223025,-0.1709125,-0.0232375,-30.88125,14.85,-2.34375,walking
146777200845177,-0.76005006,-9.559951,-2.80095,0.09515,0.0581625,-0.0424875,-30.900002,14.85,-2.4562502,walking
146777220580050,-1.1689501,-9.603001,-2.26395,0.0631125,0.0922625,-0.0638,-30.937502,14.83125,-2.5125,walking
146777240631824,-1.1190001,-9.694051,-2.2429502,0.236775,-0.082499996,-0.0616,-30.956251,14.793751,-2.5500002,walking
146777260687725,-0.97800004,-9.780001,-2.7499502,0.4115375,0.0218625,0.0097624995,-30.975,14.775001,-2.625,walking
146777280739162,-0.762,-9.526051,-3.3820503,0.4434375,0.37235,0.0757625,-30.993752,14.775001,-2.68125,walking
146777300778096,-0.85995007,-8.97795,-3.3100502,0.373175,0.5918,0.12155,-31.0125,14.7375,-2.7562501,walking
146777320803335,-0.9990001,-8.71905,-1.7899501,0.2996125,0.4948625,0.164175,-31.050001,14.718751,-2.8312502,walking
146777340828216,-1.4250001,-8.964001,-0.89205,0.2486,0.1199,0.1428625,-31.06875,14.718751,-2.8875,walking
146777360841231,-1.557,-9.624001,-1.62495,0.2154625,-0.1634875,0.09075,-31.10625,14.718751,-2.90625,walking
146777380842670,-1.1359501,-10.209001,-2.5849502,0.154825,-0.2220625,-0.01045,-31.125002,14.700001,-2.9625,walking
146777400839769,-0.65205,-10.306951,-3.1050003,0.058849998,-0.1197625,-0.1309,-31.125002,14.700001,-3.05625,walking
146777420579522,0.216,-10.20405,-2.8990502,-0.031625,-0.1496,-0.1659625,-31.143751,14.700001,-3.15,walking
146777440635628,0.94605005,-9.63405,-2.63505,-0.055,-0.26565,-0.1287,-31.1625,14.681251,-3.2812502,walking
146777460694901,0.85005003,-9.02805,-2.7529502,0.013062499,-0.1518,-0.0339625,-31.143751,14.6625,-3.3750002,walking
146777480737484,0.49605003,-8.896951,-3.114,0.1494625,-0.0196625,0.0438625,-31.143751,14.64375,-3.4875002,walking
146777500769582,-0.45795003,-9.29895,-2.9989502,0.1771,0.0133375,0.1056,-31.143751,14.64375,-3.6000001,walking
146777520800865,-1.251,-9.5119505,-2.47305,0.1153625,-0.0356125,0.1621125,-31.143751,14.625001,-3.73125,walking
146777540819624,-1.42305,-9.636001,-2.046,0.102575,-0.0686125,0.1865875,-31.143751,14.625001,-3.825,walking
146777560805585,-0.99000007,-9.792001,-1.5150001,0.16115,0.011275,0.1706375,-31.1625,14.625001,-3.9375002,walking
146777580752624,-0.57600003,-9.92595,-1.4650501,0.153725,0.14973749,0.0928125,-31.181252,14.606251,-4.0687504,walking
146777600686524,-0.504,-9.873,-1.9720501,0.02805,0.177375,0.0160875,-31.181252,14.606251,-4.14375,walking
146777620457987,-0.27600002,-9.694051,-1.9030501,-0.0455125,0.06875,-0.018975,-31.2,14.606251,-4.18125,walking
146777640396550,0.33105,-9.5119505,-1.371,0.077,-0.0452375,-0.0658625,-31.2,14.587501,-4.2375,walking
146777660322736,0.66105,-9.14805,-1.7040001,0.1463,0.076175,-0.106425,-31.218752,14.55,-4.3125,walking
146777680234482,0.72105,-9.16695,-2.45295,0.0462,0.2008875,-0.15853749,-31.218752,14.493751,-4.40625,walking
146777700151433,0.384,-9.4470005,-2.5729501,-0.0188375,0.094325,-0.1318625,-31.218752,14.45625,-4.4812503,walking
146777720087814,0.33795002,-9.45705,-1.7260501,0.069575,-0.0015125,-0.0510125,-31.2,14.400001,-4.55625,walking
146777740135395,0.67605,-9.13605,-1.43805,0.2165625,0.154,-9.625E-4,-31.181252,14.38125,-4.65,walking
146777760143861,0.53400004,-9.055051,-2.4490502,0.2495625,0.2360875,-0.0264,-31.181252,14.343751,-4.74375,walking
146777780107334,-0.51600003,-9.71805,-2.35995,0.121825,0.1423125,-0.1233375,-31.1625,14.343751,-4.8562503,walking
146777800091302,-1.1740501,-10.58205,-1.3620001,-0.030524999,-0.055825,-0.2182125,-31.143751,14.325001,-4.96875,walking
146777820079823,-0.67605,-10.527,-0.933,-0.1051875,-0.0708125,-0.240625,-31.125002,14.325001,-5.11875,walking
146777840070582,-0.018000001,-9.660001,-1.58895,-0.1243,0.145475,-0.2363625,-31.125002,14.306251,-5.2312503,walking
146777860074686,0.079050004,-9.17205,-2.66205,-0.236225,0.3095125,-0.2341625,-31.10625,14.2875,-5.3812504,walking
146777880055923,-0.13995,-9.708,-3.0610502,-0.3246375,0.3425125,-0.1596375,-31.087502,14.250001,-5.49375,walking
146777900029125,-0.47295,-10.146001,-2.6089501,-0.2286625,0.396825,-0.051975,-31.06875,14.212501,-5.6625004,walking
146777920080635,-0.79305005,-9.889951,-2.32905,-0.10725,0.5396875,0.0097624995,-31.031252,14.175,-5.7562504,walking
146777940087540,-0.95895004,-9.655951,-2.9320502,-0.0933625,0.6323625,0.0023375,-30.993752,14.118751,-5.8875003,walking
146777960127659,-1.5090001,-9.547951,-3.0540001,-0.1115125,0.7282,-0.0232375,-30.956251,14.08125,-6.1125,walking
146777980447506,-2.0359502,-9.486,-2.05095,-0.1285625,0.7995625,-0.0851125,-30.91875,14.043751,-6.6000004,walking
146778000699106,-1.6170001,-9.574051,-1.40205,-0.1265,0.686675,-0.17875,-30.862501,13.9875,-7.0875,walking
146778020558148,-0.64305,-9.61995,-1.4620501,-0.1296625,0.50765,-0.172425,-30.806252,13.950001,-7.6312504,walking
146778040694204,0.079050004,-9.691051,-1.8960001,-0.1392875,0.466125,-0.0851125,-30.750002,13.9125,-8.19375,walking
146778060522630,0.50595003,-9.636001,-2.3719501,-0.055,0.5033875,-0.005225,-30.656252,13.875001,-8.75625,walking
146778080719489,0.66795003,-9.624001,-2.3860502,0.0312125,0.568425,0.0108624995,-30.581251,13.837501,-9.262501,walking
146778100796003,0.23700002,-9.771001,-1.71405,-0.0114124995,0.399025,-0.0221375,-30.468752,13.8,-9.825001,walking
146778120853854,-0.46995002,-9.936001,-1.4310001,-0.0507375,0.079475,-0.0243375,-30.337502,13.781251,-10.40625,walking
146778140665834,-0.372,-9.64395,-1.40205,-0.039049998,0.093225,-0.021175,-30.206251,13.743751,-10.9875,walking
146778160487193,0.28500003,-9.237,-1.6009501,-0.0518375,0.41181248,-0.020075,-30.056252,13.687501,-11.606251,walking
146778180597753,0.822,-9.24405,-2.5849502,-0.1115125,0.7046875,-0.0243375,-29.906252,13.650001,-12.150001,walking
146778200683036,0.546,-9.36795,-2.7930002,-0.1626625,0.69836247,-0.005225,-29.75625,13.6125,-12.76875,walking
146778220480983,-0.051000003,-9.402,-2.5560002,-0.1137125,0.55233747,0.05775,-29.60625,13.575001,-13.44375,walking
146778240594383,-0.066,-9.450001,-2.73105,-0.0114124995,0.549175,0.0950125,-29.437502,13.5375,-14.062501,walking
146778260681416,0.043950003,-9.519,-3.009,0.044,0.719675,0.064075,-29.2875,13.51875,-14.718751,walking
146778280743990,-0.063,-9.5140505,-2.93895,0.0323125,0.9274375,-0.021175,-29.1375,13.481251,-15.375001,walking
146778300796515,-0.31695002,-9.375,-2.35305,-0.00715,1.01255,-0.0658625,-28.987501,13.44375,-15.993751,walking
146778320828892,-0.123,-9.13395,-1.9339501,0.014162499,0.95507497,-0.01155,-28.85625,13.406251,-16.575,walking
146778340845163,0.453,-9.03495,-1.96695,0.0727375,0.8294,0.1035375,-28.725,13.35,-17.1375,walking
146778360860224,0.91695005,-9.184051,-2.45595,0.138875,0.7973625,0.1727,-28.612501,13.293751,-17.737501,walking
146778380863675,0.91005003,-9.56505,-2.8870502,0.185625,0.8496125,0.1684375,-28.500002,13.218751,-18.300001,walking
146778400869910,0.36,-9.814051,-2.63505,0.1782,0.77825,0.114125,-28.3875,13.125001,-18.862501,walking
146778420604061,-0.12795001,-9.655951,-2.01495,0.1142625,0.64295,0.054449998,-28.29375,13.05,-19.3875,walking
146778440657121,-0.025050001,-9.352051,-1.83105,0.0545875,0.6290625,-0.036025,-28.2,12.937501,-19.95,walking
146778460710902,0.441,-9.162001,-2.0700002,0.0237875,0.7665625,-0.1414875,-28.125002,12.843751,-20.493752,walking
146778480751154,0.87000006,-9.340051,-2.1780002,0.0301125,0.84534997,-0.19373749,-28.06875,12.750001,-21.0375,walking
146778500778732,1.2430501,-9.328051,-2.2020001,0.0386375,0.7387875,-0.190575,-28.0125,12.675,-21.54375,walking
146778520806523,1.67595,-9.294001,-2.3460002,-0.0188375,0.6131125,-0.237325,-27.975,12.562501,-22.06875,walking
146778540822554,1.9729501,-9.58905,-2.394,-0.1265,0.5278625,-0.254375,-27.956251,12.468751,-22.575,walking
146778560829032,1.8610501,-9.844951,-2.29305,-0.149875,0.44165,-0.2033625,-27.91875,12.375001,-23.04375,walking
146778580839266,1.31505,-9.78195,-1.7689501,-0.135025,0.2019875,-0.18095,-27.937502,12.243751,-23.19375,walking
146778600841475,1.21905,-9.814051,-1.6009501,-0.1104125,-0.159225,-0.17875,-27.937502,12.150001,-23.306252,walking
146778620574059,1.4940001,-9.991051,-2.049,-0.0583,-0.47134998,-0.206525,-27.956251,12.01875,-23.38125,walking
146778640638186,1.33395,-9.78705,-2.0340002,0.0334125,-0.53735,-0.231,-27.993752,11.925,-23.41875,walking
146778660690176,1.2550501,-9.382951,-1.4089501,0.221925,-0.344575,-0.2619375,-28.050001,11.8125,-23.493752,walking
146778680740684,1.3630501,-9.26805,-0.60705,0.4136,-0.089925,-0.2704625,-28.10625,11.681251,-23.56875,walking
146778700776631,1.6140001,-9.46905,-0.006,0.43175,0.06985,-0.28215,-28.181252,11.587501,-23.60625,walking
146778720799611,1.84905,-9.5119505,0.18195,0.3667125,0.088,-0.272525,-28.29375,11.493751,-23.587502,walking
146778740822986,1.815,-9.246,-0.057000004,0.3262875,-0.025024999,-0.2288,-28.3875,11.400001,-23.643751,walking
146778760834991,1.66005,-9.02805,-0.31800002,0.303875,-0.2167,-0.1991,-28.48125,11.325001,-23.625,walking
146778780838008,1.6330501,-9.387,-0.97605,0.20693749,-0.3531,-0.2107875,-28.575,11.25,-23.643751,walking
146778800845531,1.7629501,-10.000051,-1.7689501,0.0397375,-0.3861,-0.2256375,-28.66875,11.15625,-23.625,walking
146778820582522,1.5090001,-10.338,-2.19705,-0.097625,-0.3881625,-0.2278375,-28.781252,11.0625,-23.587502,walking
146778840638171,1.45095,-10.24695,-2.391,-0.1797125,-0.4255625,-0.2107875,-28.893751,10.96875,-23.475,walking
146778860694623,1.7770501,-9.838051,-2.6110501,-0.2041875,-0.5097125,-0.190575,-28.987501,10.9125,-23.4375,walking
146778880737313,2.1340501,-9.627001,-2.8939502,-0.164725,-0.5245625,-0.17985,-29.081251,10.875,-23.38125,walking
146778900778310,2.256,-9.682051,-2.69295,-0.0603625,-0.3381125,-0.1777875,-29.156252,10.856251,-23.38125,walking
146778920805369,1.9950001,-9.543,-2.295,0.068475,-0.0845625,-0.136125,-29.212502,10.856251,-23.4375,walking
146778940820531,2.0400002,-9.378,-1.761,0.1494625,0.0837375,-0.0765875,-29.23125,10.9125,-23.493752,walking
146778960837317,2.53605,-9.591001,-1.2610501,0.1111,0.1912625,-0.020075,-29.23125,10.96875,-23.5125,walking
146778980844228,3.04095,-9.9210005,-1.06005,-0.0444125,0.20295,0.02255,-29.23125,11.0625,-23.53125,walking
146779000843362,2.9550002,-9.72,-1.16505,-0.1903,0.1475375,0.0044,-29.19375,11.175,-23.550001,walking
146779020583819,2.5429502,-9.220051,-1.335,-0.285175,0.1475375,-0.034925,-29.175001,11.26875,-23.587502,walking
146779040643505,2.4810002,-9.162001,-1.8790501,-0.3661625,0.1764125,0.0331375,-29.1375,11.38125,-23.625,walking
146779060691745,2.6149502,-9.61995,-2.83905,-0.4087875,0.1082125,0.1172875,-29.118752,11.475,-23.60625,walking
146779080739359,2.9260502,-9.991051,-3.3439503,-0.34485,-0.1038125,0.1769625,-29.118752,11.56875,-23.60625,walking
146779100773016,3.0319502,-9.660001,-3.3340502,-0.087037496,-0.276375,0.2270125,-29.1,11.6625,-23.56875,walking
146779120805659,2.4880502,-8.928,-3.1879501,0.3157,-0.226325,0.32395,-29.118752,11.75625,-23.53125,walking
146779140825296,1.9710001,-8.746051,-2.67105,0.73535,0.127325,0.5242875,-29.1,11.83125,-23.493752,walking
146779160834275,2.0310001,-9.10305,-1.74195,0.93885,0.6898375,0.8267875,-29.1,11.925,-23.493752,walking
146779180846197,2.32005,-9.106951,-0.78495,0.6543625,1.1276375,1.1389124,-29.081251,12.01875,-23.475,walking
146779200849365,2.15295,-8.557051,0.024,0.1420375,0.9422875,1.2593625,-29.062502,12.1125,-23.456251,walking
146779220845878,1.2430501,-8.145,0.064050004,-0.15619999,0.2668875,1.2167375,-29.062502,12.225,-23.41875,walking
146779240848794,-0.05595,-8.620951,-0.504,-0.0710875,-0.13365,0.9865625,-29.00625,12.356251,-23.400002,walking
146779260845897,-0.80505,-9.42105,-2.769,0.0429,-0.2635875,0.6829625,-28.9125,12.525001,-23.41875,walking
146779280838662,-1.18095,-9.877951,-4.7520003,0.2102375,-0.428725,0.36135,-28.800001,12.731251,-23.456251,walking
146779300839669,0.34995002,-10.000051,-4.01895,0.43285,-0.6928625,0.1929125,-28.650002,12.937501,-23.5125,walking
146779320836044,1.6620001,-9.253051,-2.058,0.4712125,-0.901725,0.08855,-28.462502,13.14375,-23.60625,walking
146779340828908,3.6730502,-9.531,-0.48795003,0.3273875,-1.00815,-0.1607375,-28.25625,13.35,-23.7,walking
146779360830555,4.67205,-9.354,0.31605002,0.120725,-0.80795,-0.4280375,-28.050001,13.556251,-23.8125,walking
146779380827857,2.90505,-7.39305,0.57405,-0.0785125,-0.5341875,-0.48455,-27.862501,13.781251,-23.925001,walking
146779400833017,0.71595,-7.22805,-0.27705002,-0.033825,-0.462825,-0.407825,-27.675001,13.968751,-24.056252,walking
146779420569572,1.389,-8.920951,-1.1890501,0.0886875,-0.0622875,-0.389675,-27.50625,14.175,-24.16875,walking
146779440626818,2.77095,-9.92595,-1.55295,0.1079375,0.2583625,-0.3012625,-27.337502,14.3625,-24.300001,walking
146870448058898,2.8830001,-10.837951,-2.12295,-0.1040875,-0.1634875,-0.14795,-20.56875,-31.743752,-38.325,walking
146870468083246,2.019,-11.08005,-1.9099501,-0.4673625,-0.80685,0.165275,-20.38125,-33.43125,-36.99375,walking
146870488149207,1.7509501,-10.2300005,-2.7240002,-0.4662625,-0.7462125,0.7704125,-20.268751,-33.2625,-36.375,walking
146870508283085,0.597,-9.735001,-5.1880503,-0.1392875,0.5715875,1.26995,-20.25,-33.2625,-36.375,walking
146870528468682,-2.9599502,-9.46605,-4.8310504,0.118525,1.6495875,1.2304875,-20.23125,-33.300003,-36.375,walking
146870548660322,-5.55105,-9.957001,-3.6820502,0.171875,1.7540874,1.30185,-20.212502,-33.300003,-36.393753,walking
146870568824281,-7.3219504,-10.51305,-2.1370502,0.1249875,1.6273125,1.2475375,-20.175001,-33.318752,-36.412502,walking
146870588935457,-8.244,-10.39995,-1.4620501,0.0908875,1.4227124,1.0260249,-20.1375,-33.3375,-36.43125,walking
146870608998624,-5.8549504,-9.165,-2.4769502,0.26125,1.2032624,0.5647125,-20.1,-33.318752,-36.43125,walking
146870629034247,-2.26095,-8.779051,-1.6110001,0.3273875,0.9306,0.102437496,-20.081251,-33.318752,-36.43125,walking
146870649043962,-0.69000006,-9.17895,-0.97095007,0.2176625,0.3680875,-0.1084875,-20.0625,-33.3375,-36.43125,walking
146870669034137,0.59205,-9.78195,-1.48905,0.2816,-0.2550625,-0.001925,-20.025002,-33.35625,-36.35625,walking
146870689022856,2.3800502,-10.73805,-1.8430501,0.4797375,-0.53845,0.1397,-19.96875,-33.393753,-36.28125,walking
146870709001997,4.2070503,-10.74495,-1.848,0.7162375,-0.2849,0.0917125,-19.9125,-33.487503,-36.225002,walking
146870728984803,3.3379502,-9.859051,-1.98405,0.7981875,0.27115,-0.04455,-19.85625,-33.600002,-36.112503,walking
146870778086133,0.22800002,-8.929951,-0.933,-0.5845125,-0.783475,-0.494175,-19.78125,-33.693752,-35.98125,walking
146870813130157,-1.9740001,-8.40795,-0.57405,-0.4555375,-0.8793125,-0.65065,-19.706251,-33.80625,-35.850002,walking
146870843834765,-2.7850502,-8.29605,-1.218,-0.2457125,-0.6939625,-0.7348,-19.63125,-33.91875,-35.71875,walking
146870872551092,-3.1009502,-8.55195,-2.19,-0.181775,-0.4213,-0.54945,-19.575,-34.0125,-35.550003,walking
146870901267410,-3.4369502,-9.061951,-2.7139502,-0.2564375,-0.30305,-0.306625,-19.5,-34.125,-35.4,walking
146870929983669,-3.6540003,-9.58605,-1.9429501,-0.1274625,-0.4489375,-0.2992,-19.425001,-34.256252,-35.23125,walking
146870958699818,-3.6210003,-10.17,-0.33195,0.188925,-0.5649875,-0.42267498,-19.35,-34.3875,-35.0625,walking
146870987415711,-3.1330502,-10.371,-0.054,0.39875,-0.6087125,-0.54202497,-19.25625,-34.518753,-34.875,walking
146871016131211,-2.1340501,-10.06005,-0.35595003,0.484,-0.6417125,-0.609125,-19.1625,-34.66875,-34.66875,walking
146871044846058,-1.0999501,-9.58395,-0.72,0.5148,-0.60665,-0.560175,-19.087502,-34.85625,-34.5,walking
146871073561094,-0.38595003,-9.63195,-0.49005002,0.424325,-0.59482497,-0.510125,-18.956251,-35.025,-34.29375,walking
146871102275135,-0.01305,-9.90495,-1.2250501,0.24007499,-0.6237,-0.559075,-18.806252,-35.193752,-34.068752,walking
146871130988045,-0.56100005,-9.991051,-1.2199501,0.138875,-0.5768125,-0.474925,-18.675001,-35.34375,-33.862503,walking
146871159698610,-1.5160501,-9.78705,0.33,0.2187625,-0.3796375,-0.341825,-18.54375,-35.5125,-33.65625,walking
146871188405715,-2.706,-10.410001,1.0390501,0.151525,-0.3872,-0.3716625,-18.431252,-35.662502,-33.487503,walking
146871217107960,-3.93195,-11.66205,1.125,0.0248875,-0.60665,-0.559075,-18.300001,-35.831253,-33.300003,walking
146871245805340,-4.3440003,-12.439951,1.8649501,-0.07535,-0.7525375,-0.6219125,-18.1875,-35.9625,-33.09375,walking
146871274496774,-3.3360002,-13.249051,0.402,-0.0955625,-0.8388875,-0.61985,-18.056252,-36.075,-32.90625,walking
146871303180954,-1.761,-12.2029505,-1.7380501,-0.181775,-1.051875,-0.58575,-17.962502,-36.206253,-32.71875,walking
146871331856496,0.41895002,-11.68305,-2.9680502,-0.24255,-0.9944,-0.5143875,-17.85,-36.318752,-32.49375,walking
146871360536087,1.9729501,-11.908951,-3.4090502,-0.2371875,-0.7525375,-0.4024625,-17.75625,-36.525,-32.23125,walking
146871389203310,3.89595,-12.174001,-2.2069502,-0.265925,-0.37867498,-0.28215,-17.6625,-36.7125,-31.9125,walking
146871417859811,5.5360503,-12.15795,-3.10905,-0.3075875,-0.190025,-0.2000625,-17.587502,-36.9,-31.612501,walking
146871446498037,3.1270502,-11.479951,-3.9160502,-0.1584,-0.0143,-0.2671625,-17.493752,-37.125,-31.312502,walking
146871475113835,0.40500003,-9.294001,-1.06005,-0.1211375,-0.1155,-0.4664,-17.41875,-37.3125,-31.031252,walking
146871503702551,-2.742,-7.9249506,2.466,-0.2990625,-0.36905,-0.68585,-17.325,-37.5,-30.73125,walking
146871532267915,-4.59795,-8.884951,2.0400002,-0.44494998,-0.5501375,-0.7572125,-17.268751,-37.66875,-30.487501,walking
146871560806766,-1.5880501,-10.85295,1.7860501,-0.2244,-0.5575625,-0.5633375,-17.212502,-37.818752,-30.281252,walking
146871589315815,0.786,-11.832001,2.45595,0.306075,-0.2550625,-0.2022625,-17.15625,-37.93125,-30.056252,walking
146871617791676,1.4779501,-9.1050005,1.79805,0.6501,-0.022824999,-0.0286,-17.1,-38.04375,-29.868752,walking
146871646230705,0.48600003,-6.4020004,-0.25500003,0.5957875,-0.0611875,-0.0595375,-17.081251,-38.1375,-29.643751,walking
146871674628969,0.89100003,-6.438,-1.67505,0.33165,-0.18053749,-0.122375,-17.025002,-38.268753,-29.437502,walking
146871703066984,0.64005005,-8.751,-4.1530504,0.2580875,-0.3466375,-0.1617,-16.95,-38.362503,-29.19375,walking
146871731449867,-2.1010501,-10.70895,-5.8699503,0.22935,-0.4307875,-0.1170125,-16.875,-38.456253,-28.987501,walking
146871759789825,-4.22205,-9.852,-3.79395,0.12705,-0.53625,-0.0818125,-16.800001,-38.550003,-28.781252,walking
146871788059872,-3.6210003,-9.493051,-0.27705002,-0.039049998,-0.5853375,-0.0946,-16.725,-38.643753,-28.575,walking
146871816250274,-1.7700001,-8.964001,0.97905004,0.0056375,-0.5490375,-0.0595375,-16.650002,-38.71875,-28.3875,walking
146871844350556,-0.24000001,-8.475,-0.71505004,0.1568875,-0.5203,-0.07975,-16.59375,-38.79375,-28.2,walking
146871872349508,1.42005,-8.254951,-1.32105,0.2154625,-0.5522,-0.1522125,-16.5375,-38.86875,-28.031252,walking
146871900267919,2.1649501,-7.4070005,-1.0720501,0.12925,-0.5597625,-0.2789875,-16.44375,-38.9625,-27.7875,walking
146871928098877,2.2800002,-6.29895,-1.09095,0.153725,-0.529925,-0.3620375,-16.368752,-39.075,-27.581251,walking
146871955835915,4.2000003,-6.53595,-2.2399502,0.4467375,-0.3872,-0.35035,-16.29375,-39.16875,-27.35625,walking
146871983472359,4.09005,-7.2660003,-3.7530003,0.729025,-0.111237496,-0.2853125,-16.2,-39.300003,-27.075,walking
146872011001508,0.99405,-8.097,-6.1260004,0.6054125,-0.03025,-0.3438875,-16.087502,-39.45,-26.812502,walking
146872038416126,-2.5770001,-10.398001,-7.8019505,0.0994125,-0.342375,-0.5229125,-15.937501,-39.600002,-26.493752,walking
146872065709341,-3.2760003,-13.57995,-8.688001,-0.31075,-0.716375,-0.7051,-15.806251,-39.768753,-26.175001,walking
146872092874288,-1.4610001,-12.79695,-9.262051,-0.37895,-0.7525375,-0.7497875,-15.637501,-39.975002,-25.893751,walking
146872119902623,-0.441,-9.850051,-4.99095,-0.1456125,-0.55439997,-0.6667375,-15.468751,-40.18125,-25.612501,walking
146872146786800,-0.32895002,-8.158951,4.20195,0.29755,-0.3317875,-0.58575,-15.31875,-40.350002,-25.312502,walking
146872173520361,0.75900006,-9.198001,7.1200504,0.7566625,-0.0611875,-0.5218125,-15.150001,-40.55625,-25.050001,walking
146872200092931,2.18205,-11.710051,4.36695,0.861025,0.1934625,-0.321475,-14.962501,-40.66875,-24.825,walking
146872226497787,2.835,-12.283951,-4.16505,0.7833375,0.0826375,-0.338525,-14.793751,-40.78125,-24.618752,walking
146872252727060,1.401,-10.24005,-3.5160003,0.6595875,-0.172975,-0.51865,-14.606251,-40.875,-24.45,walking
146872278772503,-0.06105,-10.510051,0.68700004,0.52745,-0.2380125,-0.5985375,-14.400001,-40.987503,-24.2625,walking
146872304629520,-1.6789501,-10.73295,1.029,0.36025,-0.0856625,-0.5143875,-14.19375,-41.1375,-24.075,walking
146872330738464,-2.7610502,-9.636001,0.00405,0.2451625,-0.141075,-0.4514125,-13.968751,-41.25,-23.925001,walking
146872356579181,-2.364,-7.5220504,-0.58605003,0.1524875,-0.259325,-0.4632375,-13.725,-41.381252,-23.775002,walking
146872382132308,-1.45395,-6.9330006,-0.82500005,0.066275,-0.3051125,-0.40039998,-13.500001,-41.49375,-23.643751,walking
146872407378187,-1.0690501,-8.19795,-0.684,-0.01045,-0.2272875,-0.2756875,-13.275001,-41.5875,-23.475,walking
146872432296801,-0.906,-9.97395,-0.591,-0.0158125,-0.092125,-0.17875,-13.05,-41.68125,-23.34375,walking
146872456868015,-1.5000001,-10.963051,-0.85200006,0.0268125,0.046475,-0.1755875,-12.806251,-41.756252,-23.23125,walking
146872481197784,-1.6339501,-10.828951,-1.2730501,-0.0050875,0.1519375,-0.1969,-12.6,-41.831253,-23.15625,walking
146872505275217,-2.06205,-9.636001,-1.7230501,-0.0977625,0.1775125,-0.238425,-12.431251,-41.86875,-23.118752,walking
146872529093995,-1.8610501,-8.920951,-1.881,-0.256575,0.17105,-0.2959,-12.262501,-41.925003,-23.04375,walking
146872552647677,-1.437,-9.057,-1.71405,-0.3023625,0.03575,-0.24585,-12.056251,-42.037502,-22.96875,walking
146872575930424,-1.43295,-9.114,-1.39005,0.014025,0.077275,-0.0721875,-11.85,-42.112503,-22.85625,walking
146872598937094,-1.78005,-9.30795,-0.87600005,0.15675,0.0666875,-0.07645,-11.6625,-42.16875,-22.81875,walking
146872621662448,-1.1880001,-10.213051,-0.15300001,0.100375,0.228525,-0.037125,-11.493751,-42.1875,-22.7625,walking
146872644101933,-0.64305,-10.482,-0.13305001,0.0939125,0.34045,-0.013612499,-11.306251,-42.206253,-22.66875,walking
146872666251748,-0.24495001,-9.98805,-0.70605004,0.1131625,0.380875,-0.018975,-11.15625,-42.225002,-22.66875,walking
146872688108048,-0.96300006,-9.615001,-1.8840001,0.0864875,0.27445,0.0385,-10.9875,-42.24375,-22.650002,walking
146872709667866,-2.127,-9.603001,-3.52395,0.0055,0.0570625,0.066275,-10.875,-42.225002,-22.650002,walking
146872730928988,-2.6490002,-9.8230505,-3.6480002,-0.1936,0.127325,-0.0061875,-10.743751,-42.206253,-22.706251,walking
146872751889231,-3.006,-10.38105,-2.8290002,-0.51425,0.3020875,-0.0968,-10.63125,-42.1875,-22.7625,walking
146872772547544,-3.0300002,-10.774051,-2.11605,-0.4877125,0.2776125,-0.24805,-10.556251,-42.16875,-22.85625,walking
146872792902944,-2.70405,-11.76,-0.84405005,-0.1841125,-0.1357125,-0.2490125,-10.481251,-42.112503,-22.9125,walking
146872812955268,-2.2039502,-12.751051,0.21795002,0.02475,-0.5214,-0.1309,-10.40625,-42.05625,-22.96875,walking
146872833802917,-1.7700001,-13.25205,0.33,-0.0807125,-0.5874,-0.1596375,-10.35,-42.018753,-22.987501,walking
146872854163950,-0.813,-12.852,-2.45805,-0.2853125,-0.20185,-0.1309,-10.293751,-41.98125,-23.00625,walking
146872874023892,0.156,-11.30805,-4.5079503,-0.363,0.187,-0.045649998,-10.25625,-41.925003,-23.00625,walking
146872893369109,0.40005,-10.221001,-1.7590501,-0.2000625,0.196625,-0.0402875,-10.21875,-41.8875,-23.04375,walking
146872912186856,0.90795004,-9.51,0.73200005,0.0534875,0.093225,-0.084975,-10.181251,-41.850002,-23.081251,walking
146872930465325,0.90300006,-9.957001,0.75405,0.0631125,0.0496375,-0.0594,-10.14375,-41.8125,-23.1,walking
146872948463373,2.4709501,-7.9249506,-0.804,-0.100925,-0.1623875,-0.054175,-10.125,-41.756252,-23.1375,walking
146872966176488,2.9670002,-7.965,-1.04805,-0.1233375,-0.33495,-0.088275,-10.125,-41.7,-23.175001,walking
146872983609744,1.6020001,-8.278951,0.85200006,-0.033825,-0.33385,-0.0658625,-10.14375,-41.643753,-23.19375,walking
146873000769232,0.45795003,-7.7689505,1.21095,0.081125,-0.1848,-0.0297,-10.1625,-41.5875,-23.212502,walking
146873017660579,-0.33405003,-8.169001,0.273,0.15895,0.009075,0.0353375,-10.1625,-41.53125,-23.212502,walking
146873034290794,0.09900001,-9.747001,-0.97905004,0.1397,0.2008875,0.1120625,-10.181251,-41.49375,-23.19375,walking
146873050666406,-0.33105,-10.23495,-2.8650002,0.0631125,0.2574,0.143,-10.200001,-41.456253,-23.23125,walking
146873066794764,-1.2030001,-9.186001,-2.43705,-0.067925,0.110275,0.104637496,-10.21875,-41.41875,-23.23125,walking
146873082684077,-1.4899501,-8.63805,-2.5870502,-0.07755,-0.0782375,0.0748,-10.21875,-41.381252,-23.2875,walking
146873098341971,-2.63505,-7.8739505,-5.0149503,0.049225,-0.138875,0.082225,-10.25625,-41.325,-23.34375,walking
146873113776781,-3.3289502,-6.9310503,-5.0800505,0.1183875,-0.0845625,0.1205875,-10.293751,-41.30625,-23.38125,walking
146873128997640,-2.2039502,-6.9760504,-3.8160002,0.114125,0.010175,0.1610125,-10.35,-41.23125,-23.456251,walking
146873144012896,-1.33905,-7.5270004,-3.1360502,0.067375,0.0922625,0.19085,-10.387501,-41.193752,-23.5125,walking
146873158831585,-1.5120001,-8.16405,-2.22795,-0.067925,0.1348875,0.2121625,-10.425,-41.175003,-23.475,walking
146873173463403,-2.7930002,-7.8550506,-2.022,-0.21285,0.1326875,0.18975,-10.462501,-41.2125,-23.493752,walking
146873187917211,-2.2710001,-7.3690505,-3.59805,-0.2490125,0.13585,0.17379999,-10.5,-41.23125,-23.550001,walking
146873202202919,-0.98295003,-6.09105,-5.0269504,-0.18095,0.1519375,0.19085,-10.5375,-41.2125,-23.550001,walking
146873216329484,0.62100005,-6.2100005,-6.0930004,-0.0924,0.1582625,0.23567499,-10.63125,-41.15625,-23.587502,walking
146873230306393,1.96395,-8.001,-8.83605,-0.0499125,0.1551,0.2409,-10.668751,-41.15625,-23.587502,walking
146873244143716,4.473,-12.402,-12.576,-0.0658625,0.111375,0.2195875,-10.762501,-41.081253,-23.625,walking
146873257850345,1.53795,-14.599951,-2.4079502,-0.0413875,0.1082125,0.20047499,-10.875,-41.025,-23.643751,walking
146873271435673,0.34005,-12.19095,5.62095,0.0268125,0.1529,0.1865875,-10.96875,-40.96875,-23.60625,walking
146873284909610,0.90105003,-14.880001,0.08595,0.083325,0.22,0.18975,-11.0625,-40.912502,-23.643751,walking
146873298280768,-2.49795,-11.181001,-0.109050006,0.102437496,0.30525,0.2451625,-11.19375,-40.800003,-23.681252,walking
146873311558185,-5.49795,-10.03905,1.83105,0.0716375,0.330825,0.2803625,-11.3625,-40.631252,-23.79375,walking
146873324751420,-6.2140503,-11.20005,0.31305,0.0119624995,0.2850375,0.266475,-11.55,-40.4625,-23.85,walking
146873337868618,-6.3240004,-11.443951,-1.338,-0.0158125,0.2850375,0.252725,-11.7375,-40.350002,-23.8875,walking
146873350918966,-4.7650504,-10.149,-1.36905,0.02145,0.297825,0.2399375,-11.94375,-40.21875,-23.98125,walking
146873363910140,-3.528,-8.16405,-0.83205,0.048125,0.24035,0.234575,-12.168751,-40.068752,-24.018751,walking
146873376850341,-2.23005,-7.0360503,-0.72195005,0.0342375,0.1167375,0.268675,-12.375001,-39.9375,-24.0375,walking
146873389748069,-0.60195005,-7.0360503,-1.1770501,-0.0966625,0.1071125,0.3070375,-12.618751,-39.787502,-24.075,walking
146873402610363,0.31905,-8.38395,-1.79295,-0.21175,0.2754125,0.114125,-12.843751,-39.675003,-24.075,walking
146873415444608,0.18495001,-10.161,-1.9600501,0.0045375,0.348975,0.0438625,-13.06875,-39.581253,-24.0375,walking
146873428258630,-0.17805001,-10.668,-1.24905,-0.051975,0.0209,0.0119624995,-13.275001,-39.525,-24.0375,walking
146873441058682,-1.3369501,-10.045951,-0.44895002,-0.31405,-0.5649875,0.1865875,-13.500001,-39.45,-24.018751,walking
146873453851385,-2.6149502,-9.46905,0.86595005,-0.32999998,-0.7706875,0.4412375,-13.725,-39.375,-24.018751,walking
146873466643674,-2.73,-9.427951,-0.094950005,-0.14465,-0.63965,0.587125,-13.931251,-39.3375,-23.98125,walking
146873479441159,-3.4099503,-9.780001,-1.2780001,-0.00935,-0.3477375,0.63827497,-14.137501,-39.318752,-23.94375,walking
146873492249598,-4.296,-10.041,-1.5319501,0.0353375,-0.1357125,0.6021125,-14.343751,-39.318752,-23.831251,walking
146873505075210,-4.56405,-9.316051,-1.062,0.0939125,-0.193325,0.49335,-14.512501,-39.3375,-23.737501,walking
146873517922585,-3.9750001,-9.222,-0.72705,0.2101,-0.3625875,0.40713748,-14.700001,-39.3375,-23.643751,walking
146873530797257,-3.255,-8.94495,-0.17205001,0.3122625,-0.286,0.3975125,-14.887501,-39.300003,-23.5125,walking
146873543703663,-2.3140502,-9.46395,0.30105,0.2366375,0.0314875,0.3986125,-15.1125,-39.225002,-23.41875,walking
146873556646108,-1.38195,-9.969001,-0.60495,0.0353375,0.13915,0.284625,-15.31875,-39.1875,-23.306252,walking
146873569629524,-0.06795,-9.47595,-2.5399501,-0.11275,-0.1038125,0.029975,-15.50625,-39.131252,-23.2875,walking
146873582657261,-1.0999501,-8.581051,-2.69295,-0.067925,-0.3658875,-0.11275,-15.731251,-39.05625,-23.25,walking
146873595732948,-2.505,-8.64795,-1.14405,0.0726,-0.352,-0.0221375,-15.918751,-38.98125,-23.175001,walking
146873610687471,-3.693,-8.743051,0.016050002,0.1632125,-0.09955,0.097075,-16.125,-38.925003,-23.0625,walking
146873625223327,-4.7200503,-8.089951,0.77505004,0.1951125,0.1764125,0.073699996,-16.331251,-38.86875,-22.987501,walking
146873639807987,-4.78905,-7.86705,0.51000005,0.283525,0.20405,-0.0605,-16.518751,-38.831253,-22.9125,walking
146873653978162,-3.93495,-7.4550004,-0.38700002,0.46365,0.07095,-0.1392875,-16.706251,-38.775,-22.837502,walking
146873667737763,-3.1519501,-7.9890003,-1.9410001,0.69685,0.0400125,-0.01265,-16.875,-38.737503,-22.81875,walking
146873681090967,-2.6869502,-9.385051,-2.2740002,0.73095,0.3894,0.234575,-17.0625,-38.7,-22.7625,walking
146873694529284,-2.49105,-11.64,-1.7230501,0.40507498,0.3575,0.2451625,-17.212502,-38.7,-22.706251,walking
146873708037211,-4.9620004,-14.24295,-1.074,-0.103125,0.1241625,0.0193875,-17.306252,-38.756252,-22.556252,walking
146873721617444,-5.4570003,-17.346,0.124050006,-0.4376625,-0.16775,-0.220275,-17.362501,-38.8125,-22.462502,walking
146873735270877,-2.62995,-14.56095,-2.118,-0.5292375,-0.3872,-0.3001625,-17.41875,-38.86875,-22.40625,walking
146873748999465,-2.8549502,-11.53695,-2.12805,-0.3683625,-0.2209625,-0.12979999,-17.4375,-38.943752,-22.3125,walking
146873762805237,-3.17595,-10.498051,-0.13305001,-0.1414875,0.062425,0.1439625,-17.475,-39.018753,-22.3125,walking
146873776688746,-3.69495,-9.28005,0.42600003,-0.0658625,0.13585,0.2431,-17.53125,-39.075,-22.331251,walking
146873790651227,-2.3089502,-8.3890505,0.49305,-0.0286,-0.0270875,0.104637496,-17.56875,-39.112503,-22.35,walking
146873804694289,-1.27005,-9.493051,-0.50895,-0.0072875,-0.004675,-0.01155,-17.625,-39.075,-22.5,walking
146873818818409,-1.84905,-10.953,-1.7520001,0.02145,0.2008875,0.0950125,-17.71875,-38.9625,-22.66875,walking
146873833024169,-2.60595,-9.897,-0.708,0.1408,0.3254625,0.2366375,-17.831251,-38.79375,-22.875,walking
146873847313063,-2.4379501,-8.434951,0.321,0.2707375,0.3575,0.2206875,-17.94375,-38.625,-23.081251,walking
146873861684872,-1.3110001,-10.048051,0.33,0.286825,0.51301247,0.1194875,-18.112501,-38.475002,-23.25,walking
146873876140665,-0.60705,-11.512951,0.555,0.148225,0.57475,0.0171875,-18.28125,-38.287502,-23.362501,walking
146873890680369,-1.42095,-11.008051,-1.09095,-0.0732875,0.6131125,-0.04235,-18.46875,-38.100002,-23.475,walking
146873905304058,-3.24495,-9.225,-3.2989502,-0.31185,0.617375,0.0108624995,-18.65625,-37.95,-23.60625,walking
146873920012707,-4.0090504,-7.8960004,-4.1719503,-0.57928747,-4.125E-4,0.149325,-18.825,-37.78125,-23.7,walking
146873934805693,-3.6739502,-7.3879504,-3.8200502,-1.1864874,-0.6609625,0.0790625,-19.0125,-37.631252,-23.775002,walking
146873949682857,-2.46705,-8.0130005,-3.6550503,-2.2485375,-1.0368875,0.1461625,-19.181252,-37.518753,-23.90625,walking
146873964645269,-0.73605,-8.502001,-2.86995,-2.7204375,-0.50435,0.4338125,-19.368752,-37.40625,-24.0,walking
146873979691875,-0.03705,-7.9630504,-1.371,-2.20165,0.2563,0.9504,-19.59375,-37.237503,-24.16875,walking
146873994822501,1.54005,-8.49705,-1.13205,-1.6828625,0.5449125,1.1741124,-19.837502,-37.0125,-24.243752,walking
146874010037692,2.538,-7.5270004,-1.8259501,-1.2291125,0.8646,1.3998874,-20.1,-36.787502,-24.35625,walking
146874025336286,2.9290502,-6.0070505,-1.9939501,-0.3075875,0.9422875,1.6482124,-20.4375,-36.525,-24.431252,walking
146874040718262,3.4099503,-5.3100004,-1.8520501,1.382975,-0.038775,1.3509375,-20.775002,-36.24375,-24.562502,walking
146874056183780,2.7589502,-4.83405,-1.9699501,0.639375,-4.2157497,-1.535875,-21.09375,-35.943752,-24.768751,walking
146874071731741,1.593,-4.64895,-2.5489502,-0.3672625,-4.0654626,-2.5256,-21.393751,-35.643753,-24.900002,walking
146874089307650,0.55095005,-5.18295,-3.6790502,-0.338525,-1.994575,-1.5571874,-21.73125,-35.30625,-25.143751,walking
146874106932690,-0.264,-7.2829504,-6.18795,-0.084975,-0.23485,-0.8009375,-22.06875,-34.96875,-25.35,walking
146874124532554,-0.762,-11.06595,-9.868051,0.27719998,0.1508375,0.3293125,-22.3875,-34.631252,-25.5375,walking
146874142132409,-0.441,-14.815051,-13.57005,0.7469,0.3958625,1.230625,-22.725,-34.29375,-25.725,walking
146874159732230,-1.3750501,-21.516,-14.88405,0.715,1.2043625,1.3605624,-23.0625,-33.956253,-26.00625,walking
146874177331953,-6.7189503,-18.979052,-2.20005,0.2058375,2.1385374,1.3893,-23.456251,-33.600002,-26.250002,walking
146874194931523,-2.59395,-7.8529506,8.547,-0.5377625,0.2264625,1.3157375,-23.831251,-33.1875,-26.475,walking
146874212530870,1.7719501,-5.35995,3.9210002,-0.8349,-1.860375,0.9631875,-24.225,-32.756252,-26.6625,walking
146874230129915,1.69605,-5.0730004,-1.0360501,-0.189475,-1.4620374,0.9961875,-24.6,-32.34375,-26.79375,walking
146874247728557,0.42195,-7.5340505,-2.1060002,-0.0391875,0.416075,1.092025,-24.975,-31.968752,-26.925001,walking
146874265326718,-0.32700002,-12.706051,2.7240002,-0.171325,2.2845626,1.4958625,-25.35,-31.575,-27.0375,walking
146874282924270,-0.49695003,-13.041,2.2480502,-0.189475,2.608375,1.601325,-25.743752,-31.237501,-27.056252,walking
146874300521124,-0.84405005,-9.363001,-5.3890505,-0.32793748,2.0554874,0.8853625,-26.1,-30.937502,-27.093752,walking
146874318117193,-1.70595,-7.0360503,-6.2239504,-0.4653,0.9241375,0.4092,-26.493752,-30.618752,-27.056252,walking
146874335712381,-0.657,-8.09895,-0.57195,-0.6571125,0.07095,0.29315,-26.85,-30.375002,-27.018751,walking
146874353306623,-0.42900002,-9.27705,2.11905,-0.5781875,-0.631125,0.3059375,-27.187502,-30.093752,-27.0375,walking
146874370899823,-1.746,-10.257001,-0.078,-0.1329625,-0.7451125,0.2068,-27.50625,-29.775002,-27.093752,walking
146874388491943,-3.11595,-10.146001,-2.63295,0.2536875,-0.3625875,0.301675,-27.825,-29.456251,-27.150002,walking
146874406082940,-3.801,-10.030951,-3.28905,0.242,-0.091025,0.587125,-28.181252,-29.081251,-27.187502,walking
146874423672787,-4.48005,-9.523951,-2.45805,0.0620125,-0.1166,0.7118375,-28.5375,-28.687502,-27.243752,walking
146874441261491,-3.59205,-8.743051,-1.1149501,-0.0413875,-0.2050125,0.7502,-28.931252,-28.237501,-27.393751,walking
146874458849075,-2.0700002,-8.44905,-1.0000501,-0.04455,-0.2061125,0.8727125,-29.325,-27.73125,-27.54375,walking
146874476435573,-0.70695,-8.911051,-1.881,0.02475,-0.14533749,0.924825,-29.718752,-27.225,-27.656252,walking
146874494021080,-0.11595,-9.450001,-2.0629501,0.058849998,-0.125125,0.8641875,-30.093752,-26.812502,-27.712502,walking
146874511605733,0.34005,-10.38105,-1.52205,0.0790625,-0.1634875,0.656425,-30.45,-26.41875,-27.712502,walking
146874529189668,0.41700003,-10.93395,-1.7040001,0.1461625,-0.142175,0.5072375,-30.73125,-26.1,-27.675001,walking
146874546773060,0.27795002,-10.587001,-2.01,0.1962125,-0.14533749,0.5146625,-30.975,-25.800001,-27.712502,walking
146874564356134,-0.50595003,-9.694051,-2.18805,0.1376375,-0.1890625,0.5231875,-31.237501,-25.518751,-27.69375,walking
146874581939194,-1.74405,-8.887051,-2.094,0.032175,-0.2528625,0.435875,-31.500002,-25.25625,-27.581251,walking
146874600407601,-2.5819502,-8.628,-2.2450502,0.09075,-0.0941875,0.3496625,-31.800001,-24.956251,-27.50625,walking
146874620035896,-2.97195,-8.96805,-2.2429502,0.2707375,0.0166375,0.4114,-32.0625,-24.675001,-27.31875,walking
146874641931924,-3.35805,-9.39,-2.0059502,0.335775,0.0240625,0.5478,-32.34375,-24.431252,-27.187502,walking
146874665374856,-2.7259502,-9.711,-1.2199501,0.218625,0.0507375,0.6254875,-32.625,-24.16875,-27.0375,walking
146874686723462,-2.292,-9.535951,-0.708,0.1439625,-0.1538625,0.723525,-32.86875,-23.925001,-26.8875,walking
146874707892292,-2.6899502,-9.868951,-0.105000004,0.1632125,-0.376475,0.7629875,-33.131252,-23.6625,-26.718752,walking
146874728977329,-3.006,-10.927051,1.194,0.24419999,-0.5000875,0.689425,-33.393753,-23.41875,-26.56875,walking
146874750062371,-2.5480502,-12.295951,2.4709501,0.3378375,-0.5097125,0.5775,-33.65625,-23.19375,-26.456251,walking
146874771147391,-0.86295,-12.574051,2.88,0.3122625,-0.445775,0.4486625,-33.91875,-22.96875,-26.325,walking
146874792232385,0.62805,-10.503,1.008,0.1269125,-0.4085125,0.3122625,-34.162502,-22.743752,-26.175001,walking
146874813317317,1.22895,-8.410951,-3.04695,-0.033825,-0.3914625,0.26015,-34.425003,-22.462502,-26.025002,walking
146874834402150,0.9889501,-8.710051,-6.1090503,-0.037125,-0.43614998,0.3155625,-34.66875,-22.21875,-25.893751,walking
146874855486840,0.83400005,-9.679951,-7.29195,0.09295,-0.34347498,0.3826625,-34.912502,-21.993752,-25.781252,walking
146874876571336,1.1400001,-10.1320505,-5.66895,0.234575,-0.2189,0.39325,-35.1375,-21.75,-25.66875,walking
146874897655547,1.9800001,-11.166,-4.4809504,0.102437496,-0.30085,0.250525,-35.34375,-21.54375,-25.556252,walking
146874918739373,1.5109501,-11.2879505,-3.22005,-0.17765,-0.1464375,-0.003025,-35.550003,-21.300001,-25.44375,walking
146874939822735,-0.55605,-10.033951,-1.67805,-0.29273748,0.2168375,-0.1414875,-35.737503,-21.056252,-25.331251,walking
146874960905507,-0.35805002,-9.72,-1.3230001,-0.17875,0.5971625,-0.1309,-35.925003,-20.79375,-25.218752,walking
146874981987508,1.71,-8.86995,-1.9390501,0.0086624995,0.54821247,-0.0658625,-36.09375,-20.587502,-25.087502,walking
146875003068610,0.558,-6.438,-1.7329501,0.108899996,0.0581625,0.0012375,-36.24375,-20.38125,-25.0125,walking
146875024148608,-0.67800003,-6.366,-1.3110001,0.143,-0.495825,0.0672375,-36.375,-20.19375,-24.937502,walking
146875045227338,-1.7389501,-7.326,-1.1389501,0.182325,-0.7002875,0.0715,-36.506252,-20.025002,-24.806252,walking
146875066304523,-2.25105,-8.611951,-0.95505005,0.250525,-0.376475,0.0290125,-36.61875,-19.85625,-24.656252,walking
146875087379911,-2.805,-9.868951,-1.7230501,0.32505,0.1060125,0.0950125,-36.73125,-19.6875,-24.525002,walking
146875108453238,-3.006,-10.849951,-2.6569502,0.3102,0.262625,0.267575,-36.84375,-19.44375,-24.431252,walking
146875129524193,-0.88905007,-11.3220005,-4.1080503,0.2079,0.113575,0.3964125,-36.99375,-19.181252,-24.31875,walking
146875150592440,2.02095,-11.128051,-5.2039504,0.0438625,-0.0856625,0.32505,-37.162502,-18.825,-24.243752,walking
146875171657635,2.979,-10.61295,-3.828,-0.1276,-0.1208625,0.1354375,-37.331253,-18.46875,-24.16875,walking
146875192719353,3.4980001,-10.290001,-1.7880001,-0.2330625,-0.0600875,0.1183875,-37.48125,-18.075,-24.112501,walking
146875213777198,2.3419502,-9.382951,-1.149,-0.389675,0.0528,0.1780625,-37.59375,-17.6625,-24.075,walking
146875234830734,0.60105,-8.535001,-0.57900006,-0.6325,0.28187498,0.201575,-37.6875,-17.23125,-24.093752,walking
146875255879456,-0.61095005,-8.6959505,-0.28395,-0.8328375,0.3702875,0.2409,-37.7625,-16.725,-24.16875,walking
146875276922838,-0.94200003,-8.142,-0.51405,-0.8828875,0.13805,0.3485625,-37.818752,-16.181252,-24.2625,walking
146875298293321,-1.24605,-9.1699505,-0.46605003,-0.7359,-0.0814,0.620125,-37.85625,-15.450001,-24.35625,walking
146875319621210,-1.9429501,-10.213051,-0.55995005,-0.6059625,-0.193325,0.758725,-37.893753,-14.700001,-24.468752,walking
146875340778462,-2.3710501,-10.53705,-0.65805006,-0.557975,-0.48839998,0.83325,-37.93125,-13.950001,-24.562502,walking
146875361935711,-2.5870502,-10.630051,-0.79200006,-0.5005,-1.033725,1.0228626,-37.96875,-13.200001,-24.656252,walking
146875383092936,-2.5410001,-10.39305,-1.7299501,-0.3768875,-1.171225,1.2656875,-37.987503,-12.468751,-24.69375,walking
146875404250078,-1.74195,-9.94995,-3.6979501,-0.2597375,-0.8548375,1.2881,-38.006252,-11.71875,-24.7875,walking
146875425407085,-0.89205,-9.64605,-3.6910503,-0.3268375,-0.3040125,0.9365125,-38.04375,-10.931251,-24.900002,walking
146875446563873,-0.50805,-9.403951,-2.022,-0.5665,0.3628625,0.69575,-38.04375,-10.200001,-25.0125,walking
146875467720349,-0.30705002,-9.53295,-0.82500005,-0.794475,1.1457875,0.994125,-38.04375,-9.39375,-25.06875,walking
146875488876430,-0.31005,-9.759001,0.0,-1.0000376,1.6581125,1.44045,-38.025,-8.53125,-25.10625,walking
146875510031905,-0.73605,-9.768001,0.08595,-1.1407,1.547425,1.4925625,-37.96875,-7.6687503,-25.1625,walking
146875531186625,-1.2889501,-9.568951,-0.165,-1.0406,0.9497125,1.30515,-37.893753,-6.76875,-25.2,walking
146875552340385,-1.5310501,-9.44505,-0.43005002,-0.6815875,0.4959625,1.381875,-37.818752,-5.83125,-25.29375,walking
146875573492953,-1.6620001,-9.47805,-0.52605003,-0.2756875,0.3628625,1.6652625,-37.725002,-4.875,-25.3875,walking
146875594644083,-1.7580001,-9.427951,-0.36600003,0.098175,0.1678875,1.7408875,-37.612503,-3.8812501,-25.500002,walking
146875615793501,-1.7890501,-9.403951,-0.30105,0.52745,-0.2272875,1.5692875,-37.48125,-2.8500001,-25.66875,walking
146875636940877,-1.6980001,-9.330001,-0.61905,1.0228626,-0.4989875,1.447875,-37.331253,-1.7625,-25.85625,walking
146875658085834,-1.5280501,-9.30405,-1.2709501,1.4276625,-0.260425,1.650275,-37.10625,-0.675,-26.04375,walking
146875679228069,-1.5810001,-9.50205,-1.27995,1.345575,-0.2039125,1.803725,-36.862503,0.375,-26.250002,walking
146875700367079,-1.9380001,-9.816001,-1.302,0.621225,-0.7866375,1.60875,-36.600002,1.4625001,-26.475,walking
146875721502420,-2.21595,-10.08195,-1.7160001,0.20047499,-0.6331875,1.5640625,-36.300003,2.5125,-26.737501,walking
146875742633630,-2.2080002,-10.134001,-2.21895,0.2547875,-0.3498,1.8079875,-35.943752,3.5625002,-27.056252,walking
146875763760178,-1.8589501,-9.913951,-2.52795,0.506275,-0.075075,2.0411875,-35.53125,4.6125,-27.35625,walking
146875784881484,-1.4140501,-9.493051,-1.9600501,0.75116247,0.27115,2.1019626,-35.081253,5.625,-27.69375,walking
146875805996935,-1.41795,-9.189,-0.74895006,0.840675,0.2861375,1.886775,-34.59375,6.675,-28.050001,walking
146875827105876,-1.7029501,-9.32295,0.105000004,0.7821,0.0517,1.6949625,-34.0875,7.7250004,-28.3875,walking
146875848207633,-1.677,-9.64095,0.18900001,0.5776375,0.3117125,1.6022875,-33.581253,8.75625,-28.7625,walking
146875869301491,-1.5619501,-9.768001,-0.14505,0.300575,0.8507125,1.568325,-33.05625,9.76875,-29.04375,walking
146875890386651,-1.5880501,-9.78195,-0.42495003,0.2121625,1.25125,1.6918,-32.5125,10.70625,-29.306252,walking
146875911462315,-1.7770501,-9.75405,-0.85605,0.19415,1.4471875,1.8143125,-31.931252,11.625,-29.550001,walking
146875932527662,-1.81605,-9.574051,-1.302,0.7363125,1.1009625,1.7258999,-31.312502,12.39375,-29.812502,walking
146875953581733,-1.725,-9.43995,-1.42095,1.0217625,-0.4670875,1.50865,-30.675001,13.181251,-30.13125,walking
146875974623551,-1.7149501,-9.648001,-1.2280501,0.822525,-0.4574625,1.3765125,-30.000002,14.00625,-30.393751,walking
146875995652117,-1.7850001,-9.79905,-0.957,0.26221249,0.263725,1.0654875,-29.268751,14.812501,-30.712502,walking
146876016666397,-1.8900001,-9.64095,-0.58095,-0.2586375,1.243825,1.0825375,-28.48125,15.637501,-31.0125,walking
146876037665296,-1.95,-9.342,-0.15300001,-0.394075,1.6079249,1.42615,-27.656252,16.44375,-31.35,walking
146876058647699,-2.043,-9.283951,-0.13605,-0.2748625,1.1914375,1.6467,-26.75625,17.19375,-31.706251,walking
146876079612461,-2.232,-9.426001,-0.50895,-0.0042625,0.4307875,1.7648125,-25.837502,17.962502,-32.04375,walking
146876100558329,-2.4019501,-9.591001,-0.97395,0.3174875,-0.0570625,1.7755375,-24.88125,18.65625,-32.475002,walking
146876121484628,-2.364,-9.727051,-1.302,0.5891875,-0.1167375,1.72865,-23.8875,19.3125,-32.8875,walking
146876142389348,-2.187,-9.556951,-1.4290501,0.6700375,0.0675125,1.7158625,-22.85625,19.931252,-33.2625,walking
146876163272021,-2.433,-9.399,-1.5840001,0.482625,0.43505,1.7084374,-21.825,20.53125,-33.693752,walking
146876184130787,-2.673,-9.58605,-1.419,0.1225125,0.80685,1.736075,-20.775002,21.075,-34.0125,walking
146876204964313,-2.66295,-9.7560005,-1.0530001,-0.19813749,0.9486125,1.7903875,-19.6875,21.5625,-34.36875,walking
146876225772455,-2.4379501,-9.340051,-0.66705,-0.210925,0.8952625,1.8799,-18.618752,22.06875,-34.66875,walking
146876246551939,-2.18895,-9.28005,-0.43305,0.0352,0.715275,2.0024126,-17.550001,22.5375,-34.96875,walking
146876267302410,-2.1460502,-9.670051,-0.28695002,0.3399,0.7258625,2.0183625,-16.48125,22.95,-35.193752,walking
146876288022410,-2.019,-9.936001,-0.10695001,0.6094,0.74085,1.93105,-15.431251,23.34375,-35.4375,walking
146876308710438,-1.5979501,-9.91905,-0.052050002,0.8575875,0.598125,1.8107375,-14.400001,23.71875,-35.68125,walking
146876329367883,-1.23405,-9.580951,-0.52395004,0.9108,0.5927625,1.6786,-13.368751,24.0375,-35.86875,walking
146876349991830,-1.32,-9.411,-1.4260501,0.6626125,0.5831375,1.7755375,-12.31875,24.337502,-36.037502,walking
146876370579872,-1.7389501,-9.46905,-1.7380501,0.2728,0.5149375,1.989625,-11.325001,24.618752,-36.206253,walking
146876391130529,-1.9399501,-9.61005,-1.065,-0.1203125,0.55439997,1.9460375,-10.33125,24.843752,-36.375,walking
146876411642528,-2.04795,-9.58395,-0.47805002,-0.428175,0.4756125,1.7158625,-9.356251,25.050001,-36.54375,walking
146876432111660,-1.8229501,-9.522,-0.36600003,-0.52085,0.1687125,1.5401375,-8.400001,25.2,-36.65625,walking
146876452543110,-1.6030501,-9.541051,-0.40395,-0.430375,-0.1230625,1.432475,-7.33125,25.518751,-36.075,walking
146876472932353,-1.5690001,-9.636001,-0.62895006,-0.2737625,-0.2924625,1.3963125,-6.2812505,25.81875,-35.475002,walking
146876493278269,-1.7989501,-9.715051,-0.65805006,-0.1342,-0.2657875,1.4144624,-5.2125,26.118752,-34.893753,walking
146876513579861,-1.88505,-9.67695,-0.40905002,-0.008525,-0.059125,1.45805,-4.14375,26.475,-34.21875,walking
146876533835881,-1.76505,-9.495001,-0.43305,0.111925,-0.094325,1.401675,-3.075,26.75625,-33.54375,walking
146876554045335,-1.8709501,-9.330001,-0.77295005,0.15455,-0.1923625,1.145925,-1.9875001,27.018751,-32.756252,walking
146876574207463,-2.019,-9.46395,-0.85905004,0.11715,-0.0900625,0.7646375,-0.95625,27.225,-31.95,walking
146876594321192,-2.08605,-9.660001,-0.49695003,0.077825,-0.0485375,0.5696625,0.075,27.4125,-31.218752,walking
146876614385959,-2.1340501,-9.814051,-0.23205002,0.092675,-0.33825,0.7038625,1.0500001,27.581251,-30.45,walking
146876634400819,-2.1460502,-9.727051,-0.23400001,0.2046,-0.501325,0.912725,2.0062501,27.750002,-29.681252,walking
146876654365135,-2.12895,-9.55305,-0.74205005,0.346225,-0.3447125,1.062875,2.9250002,27.937502,-28.893751,walking
146876674278597,-2.1750002,-9.45705,-1.4770501,0.3078625,-0.0155375,1.12365,3.825,28.10625,-28.050001,walking
146876694140573,-2.01405,-9.543,-1.86705,-0.0521125,0.2539625,1.045825,4.7250004,28.275002,-27.150002,walking
146876713950672,-1.86405,-9.682051,-1.6180501,-0.5603125,0.5768125,0.9744625,5.625,28.44375,-26.250002,walking
146876733708922,-2.0650501,-9.61695,-1.0189501,-0.8553875,0.87285,1.0745625,6.5437503,28.612501,-25.29375,walking
146876753414951,-2.4090002,-9.519,-0.36795002,-0.8735375,0.9486125,1.1939125,7.4625,28.781252,-24.2625,walking
146876773068719,-2.565,-9.579,-0.081,-0.65835,1.0891374,1.128875,8.3625,28.893751,-23.41875,walking
146876792670616,-2.7490501,-9.483001,0.07395,-0.363275,1.4928375,0.895675,9.225,29.00625,-22.59375,walking
146876812220531,-2.8210502,-9.35595,0.24195,-0.1821875,1.8668375,0.507925,10.087501,29.1375,-21.73125,walking
146876831719063,-2.62995,-9.435,0.23895001,-0.0809875,0.8228,0.254375,10.931251,29.19375,-20.868752,walking
146876851166318,-2.1079502,-9.603001,-0.078,-0.047849998,-0.0209,0.3982,11.775001,29.250002,-20.00625,walking
146876870562786,-1.5640501,-9.780001,-0.73005,-0.0053625,0.172975,0.8380625,12.6,29.306252,-19.1625,walking
146876889909475,-1.11405,-9.838051,-1.48905,-0.0213125,0.40205,0.9499875,13.406251,29.343752,-18.28125,walking
146876909206784,-0.975,-9.62895,-1.7689501,-0.15015,0.632225,0.7038625,14.212501,29.38125,-17.41875,walking
146876928455527,-1.296,-9.55305,-1.5870001,-0.32381248,1.3022625,0.65065,15.01875,29.456251,-16.5375,walking
146876947656997,-1.9110001,-9.603001,-1.1389501,-0.45595,1.996775,1.030975,15.806251,29.550001,-15.69375,walking
146876966811844,-2.4139502,-9.592951,-0.50205004,-0.565675,2.2108624,1.383525,16.59375,29.60625,-14.868751,walking
146876985921237,-2.6509502,-9.592951,-0.109050006,-0.53473747,1.68465,1.4975125,17.362501,29.681252,-14.062501,walking
146877004986746,-2.7970502,-9.505051,-0.112050004,-0.345125,0.84315,1.2962124,18.13125,29.718752,-13.25625,walking
146877024009267,-2.7949502,-9.41895,-0.33,-0.1054625,0.2028125,0.979825,18.88125,29.737501,-12.450001,walking
146877042990170,-2.4019501,-9.346951,-0.51195,-0.059675,-0.009075,0.64955,19.518751,29.531252,-12.39375,walking
146877061931335,-2.2060502,-9.366,-0.897,-0.176825,-0.0826375,0.505725,20.1,29.2875,-12.375001,walking
146877080833805,-2.15595,-9.61995,-1.1050501,-0.227975,0.06325,0.58245,20.625,28.987501,-12.356251,walking
146877099699623,-1.8589501,-9.838051,-0.97905004,-0.227975,0.0495,0.6942375,21.13125,28.66875,-12.4125,walking
146877118530001,-1.4470501,-9.859051,-0.78495,-0.1672,0.0473,0.7231125,21.5625,28.35,-12.4875,walking
146877137326529,-1.19595,-9.78195,-0.73005,-0.0554125,0.175175,0.7646375,21.993752,27.993752,-12.618751,walking
146877156091377,-1.3369501,-9.648001,-0.83505005,0.1043625,0.309375,0.7231125,22.425001,27.618752,-12.731251,walking
146877174825860,-1.8540001,-9.471001,-0.90195006,0.2822875,0.30827498,0.5845125,22.893751,27.243752,-12.825001,walking
146877193531705,-2.2369502,-9.450001,-0.768,0.38885,0.1527625,0.5196125,23.362501,26.831251,-12.88125,walking
146877212211232,-2.4810002,-9.5119505,-0.58095,0.346225,-0.0422125,0.556875,23.85,26.38125,-12.937501,walking
146877230865717,-2.59605,-9.547951,-0.25500003,0.18865,-0.2509375,0.6122875,24.31875,25.9125,-13.031251,walking
146877249496947,-2.5099502,-9.706051,0.12900001,0.110825,-0.078375,0.5952375,24.73125,25.3875,-13.181251,walking
146877268107293,-2.5099502,-9.535951,0.14805001,0.7148625,0.30827498,0.5313,25.06875,24.825,-13.481251,walking
146877286697990,-2.5150502,-9.15495,0.22005,1.0781375,-1.2651374,0.20955,25.35,24.206251,-13.81875,walking
146877305271374,-2.568,-8.80095,0.21000001,0.8448,-1.645325,0.1989625,25.5375,23.53125,-14.175,walking
146877323828711,-2.6110501,-8.98005,0.17895001,0.2600125,-1.3322375,0.6378625,25.687502,22.875,-14.64375,walking
146877342371718,-2.697,-9.474,-0.112050004,-0.175725,-1.055175,1.0021,25.81875,22.25625,-14.962501,walking
146877360902747,-2.4090002,-9.883051,-0.39195,0.061875,-0.60885,0.8562125,25.931252,21.69375,-15.3,walking
146877379422861,-1.3729501,-10.10595,-1.4929501,0.381425,0.476575,0.9318375,26.025002,21.112501,-15.6,walking
146877397933766,-0.87000006,-9.913951,-2.76705,0.539,1.154175,1.1353375,26.1375,20.550001,-15.937501,walking
146877416437696,-1.30305,-9.703051,-2.2710001,0.65835,1.3608375,1.2428625,26.268751,19.95,-16.275002,walking
146877434935607,-1.9350001,-9.294001,-1.08105,0.62645,1.17755,1.12035,26.400002,19.3875,-16.556252,walking
146877453429111,-2.4090002,-8.877001,0.048,0.5784625,0.55233747,1.0671375,26.56875,18.825,-16.78125,walking
146877471920253,-2.6800501,-8.86305,0.40395,0.904475,-0.4043875,1.1364375,26.75625,18.243752,-16.987501,walking
146877490409794,-3.2640002,-8.724,0.13905,1.308175,-1.4173499,1.12255,26.94375,17.643751,-17.19375,walking
146877508899383,-3.25005,-10.156051,-0.39705002,1.5574625,-2.252525,0.979825,27.150002,17.04375,-17.400002,walking
146877527390863,-3.1920002,-10.486051,-0.95505005,1.7320875,-2.7735126,1.1160874,27.35625,16.44375,-17.550001,walking
146877545884897,-2.1340501,-9.771001,-1.21095,0.75322497,-0.4235,1.6253875,27.581251,15.8625,-17.6625,walking
146877564383391,-1.7680501,-9.574051,-1.9429501,-1.12915,-0.1434125,1.3355374,27.806252,15.356251,-17.75625,walking
146877582886798,-1.6360501,-9.814051,-2.22405,-1.2505625,-0.7079875,0.6612375,28.031252,14.83125,-17.831251,walking
146877601396444,-1.39005,-9.876,-1.6180501,-0.7808625,-0.1901625,0.554675,28.29375,14.306251,-17.94375,walking
146877619913977,-1.296,-9.35595,-0.51405,-0.258775,0.125125,0.3939375,28.556252,13.81875,-17.94375,walking
146877638439771,-1.72695,-8.98305,0.028050002,-0.0713625,0.6342875,0.0284625,28.837502,13.368751,-17.962502,walking
146877656974786,-2.39295,-9.01605,0.079050004,0.2013,1.11265,0.00935,29.1375,12.88125,-17.94375,walking
146877675520530,-2.97,-9.214951,0.109950006,0.5614125,1.8071625,0.083875,29.437502,12.4125,-17.85,walking
146877694077383,-2.7850502,-9.10005,0.36105,0.6956125,2.3472624,0.032725,29.718752,11.981251,-17.8125,walking
146877712646051,-1.7580001,-9.850051,0.522,0.617925,2.1065,0.183975,29.94375,11.625,-17.775002,walking
146877731227975,-1.46595,-9.555,-0.44505003,0.4943125,1.21055,0.5355625,30.150002,11.26875,-17.71875,walking
146877749823194,-2.5870502,-9.42105,-1.9050001,0.4368375,0.6886,0.71555,30.337502,10.9125,-17.71875,walking
146877768432939,-3.4320002,-9.44295,-2.29305,0.432575,0.983675,0.4673625,30.50625,10.575001,-17.6625,walking
146877787057397,-3.015,-9.64395,-1.9549501,0.5082,1.4097875,-0.034375,30.69375,10.25625,-17.587502,walking
146877805697001,-1.9450501,-10.24005,-2.14695,0.48894998,1.34805,-0.31239998,30.900002,9.993751,-17.456251,walking
146877824352941,-1.41795,-10.522051,-2.16105,0.3430625,0.7088125,-0.201575,31.143751,9.75,-17.25,walking
146877843025019,-1.2550501,-10.186951,-1.8930001,0.39421248,0.3551625,-0.1057375,31.406252,9.5625,-17.00625,walking
146877861713540,-0.99705005,-9.873,-1.5000001,0.446325,0.274175,0.0295625,31.687502,9.4125,-16.800001,walking
146877880419871,-0.80100006,-9.486,-0.957,0.4357375,0.4170375,-0.0609125,31.968752,9.28125,-16.5375,walking
146877899143495,-1.332,-9.19095,-0.49305,0.1395625,0.6450125,-0.016224999,32.268753,9.13125,-16.2,walking
146877917884775,-2.3089502,-9.19095,0.17895001,0.0298375,-0.0240625,-0.0023375,32.5875,8.94375,-15.88125,walking
146877936644680,-2.8860002,-9.283951,0.40395,0.0022,-0.5460125,-0.14093749,32.8875,8.775001,-15.6,walking
146877955422661,-3.14895,-9.498,0.14805001,0.1225125,-0.3223,-0.29425,33.16875,8.587501,-15.3,walking
146877974219135,-3.4410002,-9.639001,-0.62895006,0.1918125,0.13475,-0.34759998,33.43125,8.4375,-15.01875,walking
146877993034910,-3.3310502,-9.541051,-1.4620501,0.28765,0.5427125,-0.2803625,33.65625,8.306251,-14.75625,walking
146878011869401,-2.7139502,-9.29205,-1.7809501,0.5209875,0.6609625,-0.167475,33.84375,8.212501,-14.56875,walking
146878030723479,-2.3140502,-9.249001,-1.86405,0.533775,0.513975,-0.052525,33.99375,8.137501,-14.343751,walking
146878049596372,-2.1750002,-9.435,-1.9480501,0.227975,0.124025,-0.066275,34.162502,8.043751,-14.156251,walking
146878068488479,-2.28495,-9.59595,-1.43595,-0.006325,-0.1593625,-0.116325,34.29375,7.9687505,-13.9875,walking
146878087400389,-2.1649501,-9.60105,-0.67905,-0.024475,-0.0858,-0.101475,34.425003,7.9125004,-13.8,walking
146878106331435,-1.7730001,-9.33195,-0.31305,0.1034,0.1208625,-0.0801625,34.518753,7.8750005,-13.687501,walking
146878125281622,-1.3440001,-9.30795,-0.42795002,0.2833875,0.2539625,-0.1324125,34.575,7.8562503,-13.575001,walking
146878144251546,-1.794,-9.523951,-0.91605,0.463375,0.3551625,-0.23567499,34.65,7.8750005,-13.481251,walking
146878163240726,-2.7520502,-9.81795,-1.01205,0.685025,0.5564625,-0.304975,34.6875,7.9687505,-13.312501,walking
146878182248986,-3.38895,-9.885,-0.61905,0.8778,0.6001875,-0.29741248,34.7625,8.043751,-13.1625,walking
146878201276958,-3.2329502,-9.265051,-0.34905002,0.8212875,0.3914625,-0.3592875,34.78125,8.175,-13.06875,walking
146878220323895,-2.4450002,-8.93295,-0.73395,0.430375,0.13365,-0.557425,34.78125,8.3625,-12.993751,walking
146878239390286,-1.71,-9.186001,-1.28295,-0.0713625,0.0281875,-0.6936875,34.78125,8.53125,-12.975,walking
146950815567838,-1.299,-9.46605,-1.5630001,-0.2822875,0.1496,-0.6639875,29.812502,17.38125,-17.23125,walking
146950835591732,-1.4250001,-9.77805,-1.5439501,-0.0895125,0.2198625,-0.5275875,29.79375,17.400002,-17.25,walking
146950855658572,-1.6099501,-9.850051,-1.419,0.3334375,0.106975,-0.4412375,29.79375,17.400002,-17.25,walking
146950875688055,-1.8370501,-9.8880005,-1.1220001,0.56993747,0.040975,-0.4753375,29.79375,17.400002,-17.25,walking
146950895867070,-2.33505,-9.933001,-0.53295004,0.4272125,0.1890625,-0.5009125,29.79375,17.400002,-17.25,walking
146950916074160,-2.9310002,-9.84195,0.08805001,-0.1788875,0.0281875,-0.4668125,29.79375,17.400002,-17.25,walking
146950936253780,-2.943,-9.423,0.273,-0.8778,0.0462,-0.66605,30.112501,16.612501,-16.81875,walking
146950956392620,-2.4739501,-8.899051,-0.13095,-0.7893875,0.025024999,-0.82156247,30.431252,15.825001,-16.462502,walking
146950976221506,-2.2110002,-8.872951,-0.74595004,-0.3141875,0.1964875,-0.76725,30.750002,15.0375,-16.10625,walking
146950996324677,-2.2399502,-9.213,-1.2199501,0.0011,0.13475,-0.6447375,31.087502,14.26875,-15.7875,walking
146951016334862,-2.3830502,-9.592951,-1.2870001,0.007425,0.1623875,-0.5935875,31.406252,13.500001,-15.39375,walking
146951036394676,-2.352,-9.648001,-1.1220001,-0.0628375,-0.1656875,-0.507375,31.743752,12.731251,-14.981251,walking
146951056431122,-2.08605,-9.675,-1.2589501,-0.1533125,-0.4874375,-0.368775,32.100002,12.0,-14.587501,walking
146951076185186,-1.8829501,-9.89295,-1.40505,-0.262075,-0.64515,-0.2729375,32.4,11.26875,-14.212501,walking
146951096257646,-1.8559501,-10.053,-1.491,-0.262075,-0.957275,-0.3400375,32.737503,10.51875,-13.875001,walking
146951116310831,-1.6189501,-9.835051,-1.4569501,-0.2715625,-1.040325,-0.49885,33.075,9.806251,-13.556251,walking
146951136357851,-1.6669501,-9.471001,-1.0720501,-0.3727625,-0.7612,-0.724625,33.393753,9.075001,-13.200001,walking
146951156387672,-1.88505,-9.232051,-0.93495005,-0.259875,-0.769725,-0.78636247,33.7125,8.38125,-12.88125,walking
146951176139599,-1.8280501,-9.423,-0.87600005,0.0064625,-0.9007625,-0.642675,34.03125,7.70625,-12.543751,walking
146951196216525,-1.9399501,-10.012051,-0.483,-0.0682,0.117975,-0.3240875,34.331253,7.05,-12.243751,walking
146951216218350,-1.866,-10.398001,0.036000002,-0.22055,-0.2250875,-0.4060375,34.65,6.3750005,-11.925,walking
146951236272385,-1.5619501,-10.09605,-0.022950001,-0.32285,-0.341275,-0.46254998,34.95,5.71875,-11.606251,walking
146951256324520,-1.5190501,-8.904,-0.30795002,-0.2930125,-0.3114375,-0.4241875,35.268753,5.08125,-11.306251,walking
146951276095921,-2.151,-8.37495,-0.70305,-0.1054625,-0.223025,-0.3581875,35.550003,4.4625,-11.00625,walking
146951296189412,-2.769,-8.884951,-1.266,0.2033625,-0.1815,-0.36025,35.850002,3.8437502,-10.70625,walking
146951316262096,-3.015,-9.61695,-1.4670001,0.5006375,-0.2325125,-0.4433,36.131252,3.24375,-10.44375,walking
146951372921438,-2.87205,-9.967051,-0.85905004,0.6763625,-0.2410375,-0.4901875,36.412502,2.6437502,-10.106251,walking
146951413677984,-2.3809502,-9.826051,0.052050002,0.7073,-0.053625,-0.49445,36.7125,2.04375,-9.806251,walking
146951444354328,-1.4610001,-9.579,0.51195,0.6007375,0.130625,-0.467775,37.0125,1.4250001,-9.50625,walking
146951475030661,-1.4280001,-8.99505,0.117000006,0.3994375,0.165825,-0.435875,37.29375,0.82500005,-9.20625,walking
146951505706957,-1.99995,-9.30405,-0.45195,0.1810875,0.039049998,-0.419925,37.59375,0.22500001,-8.94375,walking
146951536383138,-2.59395,-10.39095,-0.76095,-0.0053625,-0.085525,-0.39545,37.875,-0.375,-8.6625,walking
146951567059027,-2.9340003,-10.627951,-1.35195,-0.11715,-0.16335,-0.3815625,38.15625,-0.975,-8.38125,walking
146951597734445,-2.709,-9.73005,-2.2450502,-0.0798875,-0.238975,-0.3708375,38.4375,-1.5187501,-8.1,walking
146951628409146,-3.4410002,-8.535001,-1.9720501,0.1458875,-0.289025,-0.2963125,38.71875,-2.1000001,-7.7812505,walking
146951659082738,-2.5099502,-8.908951,-1.2060001,0.207625,-0.3817,-0.2866875,38.98125,-2.6437502,-7.51875,walking
146951689754772,-1.2,-10.030951,-1.3660501,0.0020625,-0.46805,-0.5157625,38.925003,-2.3625002,-7.6312504,walking
146951720424705,-0.33105,-9.543,-1.09095,-0.0831875,-0.389125,-0.5126,38.8875,-2.1375,-7.6875005,walking
146951751091792,-0.42900002,-9.394951,-0.68895006,-0.044825,-0.26565,-0.485925,38.850002,-1.9312501,-7.74375,walking
146951781755262,-1.284,-9.27,-0.354,0.076725,-0.2666125,-0.553025,38.850002,-1.725,-7.7625003,walking
146951812414090,-1.27005,-9.397051,-0.37005,0.1299375,-0.2517625,-0.4912875,38.79375,-1.5187501,-7.8187504,walking
146951843067180,-1.0540501,-10.27305,-0.59505004,0.1714625,-0.3625875,-0.3144625,38.737503,-1.29375,-7.93125,walking
146951873713231,-1.5670501,-10.398001,-0.54495,0.207625,-0.39765,-0.2409,38.68125,-1.0875001,-8.025001,walking
146951904350668,-2.01195,-9.98805,-0.80895007,0.2365,-0.3498,-0.2963125,38.643753,-0.84375006,-8.1,walking
146951934977995,-2.18895,-9.79695,-1.3950001,0.2695,-0.2506625,-0.400675,38.568752,-0.54375005,-8.15625,walking
146951965593275,-2.055,-10.257001,-1.8190501,0.31955,-0.0908875,-0.5061375,38.53125,-0.3,-8.212501,walking
146951996194376,-2.1409502,-10.036051,-2.4049501,0.47079998,-0.003575,-0.59455,38.475002,-0.0375,-8.26875,walking
146952026779054,-2.3110502,-9.63405,-2.973,0.700975,-0.0215875,-0.556325,38.41875,0.22500001,-8.306251,walking
146952057344508,-1.8370501,-9.94305,-2.1679502,0.9097,0.0242,-0.419925,38.381252,0.46875003,-8.34375,walking
146952087888371,-0.669,-10.6369505,-0.19995001,0.9662125,0.1573,-0.2696375,38.325,0.69375,-8.38125,walking
146952118407387,0.28305,-10.932,0.63195,0.8053375,0.2979625,-0.167475,38.268753,0.95625,-8.400001,walking
146952148898337,0.10095,-10.206,0.048,0.564575,0.30965,-0.1802625,38.2125,1.21875,-8.418751,walking
146952179357610,-0.528,-9.043051,-0.88005006,0.3504875,0.168025,-0.2569875,38.11875,1.48125,-8.418751,walking
146952209780966,-2.5510502,-8.415,-1.4809501,0.141625,0.0710875,-0.2866875,38.081253,1.725,-8.4375,walking
146952240165037,-3.55605,-9.14595,-1.1050501,0.01705,-0.087725,-0.2484625,38.04375,1.9875001,-8.4375,walking
146952270505054,-3.3720002,-9.675,-0.61005,0.08305,-0.19525,-0.234575,37.96875,2.25,-8.418751,walking
146952300796318,-2.2060502,-10.180051,-1.2750001,0.125675,0.066825,-0.217525,37.93125,2.5125,-8.512501,walking
146952331033796,-1.7200501,-9.96195,-2.6779501,0.0884125,0.335225,-0.233475,37.875,2.79375,-8.53125,walking
146952361211513,-1.9230001,-9.29205,-3.14505,0.050049998,0.22013749,-0.3070375,37.800003,3.075,-8.55,walking
146952391325142,-1.5690001,-8.70495,-1.9219501,0.005225,-0.13035,-0.467775,37.725002,3.35625,-8.587501,walking
146952421367948,0.14205001,-8.785951,-1.21095,-0.092675,-0.203775,-0.60101247,37.65,3.6375,-8.56875,walking
146952451334042,0.85800004,-8.86095,-2.286,-0.2407625,0.1137125,-0.5999125,37.575,3.9562502,-8.53125,walking
146952481216752,0.633,-9.32505,-3.1740003,-0.2833875,0.3320625,-0.5828625,37.518753,4.275,-8.493751,walking
146952511008131,-0.93900007,-9.80595,-3.519,-0.093775,0.0933625,-0.59565,37.4625,4.55625,-8.512501,walking
146952540703172,-3.1350002,-9.4810505,-3.7870502,0.1725625,-0.3433375,-0.5902875,37.40625,4.875,-8.55,walking
146952570293397,-5.3689504,-8.71905,-3.14805,0.2993375,-0.46475,-0.5775,37.40625,5.11875,-8.56875,walking
146952599771123,-5.62305,-8.49405,-1.761,0.1725625,-0.2858625,-0.5828625,37.350002,5.3812504,-8.625,walking
146952629128368,-4.66995,-8.437051,-1.8400501,-0.069299996,-0.0045375,-0.62975,37.275,5.68125,-8.64375,walking
146952658355343,-3.7380002,-8.205,-3.3610501,-0.127875,0.07315,-0.689425,37.2,5.9812503,-8.681251,walking
146952687631311,-0.61395,-9.033,-4.15605,0.056375,-0.0919875,-0.6798,37.10625,6.2812505,-8.71875,walking
146952716780751,1.19505,-9.61995,-4.84005,0.31735,-0.1175625,-0.6670125,37.03125,6.58125,-8.775001,walking
146952745742095,0.65400004,-9.612,-4.47195,0.410025,0.1040875,-0.66495,36.956253,6.8437505,-8.8125,walking
146952774498043,-0.96300006,-9.282001,-3.3300002,0.3408625,0.1945625,-0.639375,36.881252,7.0687504,-8.83125,walking
146952803030608,-1.8420001,-8.62605,-2.8600502,0.1694,0.0891,-0.605275,36.825,7.275,-8.83125,walking
146952831321067,-1.7320501,-8.442,-3.009,-0.01925,-0.0567875,-0.640475,36.768753,7.4437504,-8.83125,walking
146952859421182,-1.15695,-8.4199505,-3.4279501,-0.0917125,-0.1238875,-0.7277875,36.7125,7.65,-8.8125,walking
146952887319180,-1.11705,-8.50605,-3.76305,0.039325,-0.0908875,-0.757625,36.693752,7.8187504,-8.775001,walking
146952915005239,-1.536,-8.575951,-3.5670002,0.225775,0.016775,-0.66275,36.6375,7.9687505,-8.8125,walking
146952942466672,-1.5829501,-8.941951,-4.2990003,0.3504875,0.0763125,-0.5456,36.581253,8.08125,-8.868751,walking
146952970041288,-2.16,-9.237,-5.355,0.3812875,0.07205,-0.501875,36.506252,8.212501,-8.925,walking
146952997402006,-3.2209501,-8.832001,-5.6929502,0.2556125,0.0859375,-0.4668125,36.43125,8.306251,-9.0,walking
146953024443891,-3.5470502,-7.9920006,-4.72095,0.0191125,0.1519375,-0.39545,36.35625,8.400001,-9.1125,walking
146953051145753,-2.9629502,-7.2109504,-3.864,-0.146025,0.251075,-0.3762,36.300003,8.475,-9.20625,walking
146953077486100,-2.66595,-7.0150504,-4.25895,-0.1023,0.286275,-0.384725,36.225002,8.56875,-9.28125,walking
146953103443216,-2.3089502,-7.2349505,-5.2980003,0.158675,0.1445125,-0.3559875,36.15,8.64375,-9.39375,walking
146953129115824,-2.5120502,-7.2640505,-5.8720503,0.49101248,-0.017324999,-0.2985125,36.09375,8.681251,-9.4875,walking
146953154491318,-2.8189502,-8.049001,-5.15205,0.665775,-0.0792,-0.22495,36.037502,8.7375,-9.5625,walking
146953179561427,-1.6459501,-9.033,-4.0810504,0.5784625,0.014575,-0.183425,35.98125,8.75625,-9.712501,walking
146953204313357,0.40995002,-9.31095,-4.43295,0.4164875,0.2564375,-0.2079,35.925003,8.8125,-9.8625,walking
146953228749202,1.9159501,-8.7289505,-5.4799504,0.3898125,0.2905375,-0.184525,35.850002,8.868751,-9.993751,walking
146953252855834,2.02395,-7.9630504,-5.688,0.4420625,0.0114124995,-0.100375,35.775,8.94375,-10.181251,walking
146953276628966,1.2430501,-7.5730505,-5.484,0.3760625,-0.3859625,-0.08855,35.68125,8.981251,-10.40625,walking
146953300061232,1.00395,-7.9870505,-5.22795,0.1555125,-0.46048748,-0.13653749,35.550003,9.0,-10.650001,walking
146953323141175,-0.83595,-8.34795,-3.7459502,-0.0820875,-0.138875,-0.12485,35.41875,9.0375,-10.837501,walking
146953345875627,-1.38495,-9.660001,-3.8490002,-0.21945,0.3064875,-0.149325,35.287502,9.075001,-11.025001,walking
146953368254169,0.14205001,-10.762051,-5.3809505,-0.328075,0.5515125,-0.080025,35.11875,9.150001,-11.231251,walking
146953390273304,1.57605,-10.74495,-6.3559504,-0.298375,0.24365,0.1266375,34.96875,9.1875,-11.493751,walking
146953411929724,1.7340001,-8.81505,-5.52495,-0.0405625,-0.4530625,0.44935,34.78125,9.20625,-11.793751,walking
146953433214042,1.41795,-6.5620503,-3.5520003,0.2374625,-1.023,0.94476247,34.575,9.243751,-12.075001,walking
146953454138746,0.312,-5.6119504,-3.4969501,0.1128875,-0.6193,0.6975375,34.350002,9.225,-12.431251,walking
146953474694014,-0.94695,-6.7969503,-4.326,-0.0671,-0.19635,0.2160125,34.125,9.243751,-12.750001,walking
146953495947771,-1.7850001,-8.925,-5.4799504,-0.0895125,-0.187825,-0.1546875,33.787502,9.262501,-13.2375,walking
146953516655684,-2.079,-9.984,-5.06505,-0.1236125,-0.1420375,-0.2451625,33.45,9.3,-13.70625,walking
146953536802835,-0.80805004,-9.11205,-5.0220003,-0.1406625,-0.3273875,-0.2707375,33.112503,9.3,-14.212501,walking
146953556375221,0.028950002,-8.32905,-5.99205,-0.180125,-0.474375,-0.353925,32.756252,9.31875,-14.700001,walking
146953575359853,-0.16605,-8.253,-6.89895,-0.1843875,-0.423225,-0.2792625,32.41875,9.337501,-15.20625,walking
146953593744750,-0.48705003,-8.43,-7.1080503,-0.21945,-0.4851,-0.1376375,32.025,9.356251,-15.712501,walking
146953611781943,-1.24605,-8.38395,-6.32205,-0.4250125,-0.6171,-0.1035375,31.66875,9.4125,-16.181252,walking
146953629467748,-1.7770501,-8.095051,-5.7240005,-0.6072,-0.6032125,-0.15785,31.29375,9.50625,-16.66875,walking
146953646807303,-1.76505,-7.9960504,-6.53805,-0.5795625,-0.66825,-0.199375,30.91875,9.5625,-17.15625,walking
146953663804511,-1.5090001,-7.7880006,-6.0040503,-0.414425,-0.9409125,-0.1802625,30.525002,9.6,-17.643751,walking
146953681859822,-0.34995002,-7.419,-4.14405,-0.2376,-1.10605,-0.1535875,30.000002,9.58125,-18.1875,walking
146953699339873,0.71400005,-7.11105,-3.1050003,-0.28765,-0.946275,-0.1408,29.475,9.5625,-18.712502,walking
146953716237252,2.09295,-7.3399506,-3.18405,-0.4378,-0.7759125,-0.2058375,28.968752,9.525001,-19.25625,walking
146953732545582,3.9130502,-8.15205,-4.3159504,-0.43147498,-0.7205,-0.2314125,28.44375,9.50625,-19.78125,walking
146953748259608,4.8300004,-8.65995,-5.025,-0.1640375,-0.7918625,-0.1056,27.91875,9.46875,-20.268751,walking
146953763375179,5.60505,-8.33205,-5.4250503,0.0276375,-0.9334875,0.2096875,27.375002,9.450001,-20.79375,walking
146953778217266,4.425,-7.39305,-4.6920004,-0.0,-1.1369874,0.5292375,26.812502,9.431251,-21.2625,walking
146953792785211,3.1320002,-7.623,-4.3500004,-0.0671,-1.3925999,0.608025,26.250002,9.39375,-21.75,walking
146953807089147,4.89405,-10.52505,-8.21895,-0.0724625,-1.4597,0.440825,25.687502,9.375,-22.25625,walking
146953821137086,1.7550001,-14.236051,-11.925,0.0213125,-1.0709875,0.01155,25.1625,9.337501,-22.743752,walking
146953836632523,-4.1839504,-12.102,-4.29495,0.1384625,-0.52442497,-0.26015,24.69375,9.375,-23.15625,walking
146953851577666,-4.07595,-8.10705,4.4359503,0.1342,-0.337975,-0.4134625,24.225,9.4125,-23.56875,walking
146953865971260,-2.019,-7.4359503,2.4180002,0.0671,-0.5138375,-0.5680125,23.79375,9.431251,-24.0,walking
146953879812980,-2.6110501,-8.00595,-0.14805001,0.0180125,-1.0176375,-0.4444,23.38125,9.450001,-24.4125,walking
146953893103463,-3.8200502,-9.46905,-0.50895,0.100099996,-1.3041875,-0.250525,22.96875,9.46875,-24.806252,walking
146953905844210,-3.7140002,-11.005951,-0.23895001,0.42075,-1.1039875,-0.014025,22.575,9.4875,-25.125002,walking
146953918420614,-2.4739501,-12.196051,0.85005003,0.646525,-0.7673875,-0.0620125,22.2,9.50625,-25.462502,walking
146953930830380,-2.8170002,-11.779051,-0.68595004,0.564575,-0.592625,-0.1632125,21.862501,9.543751,-25.743752,walking
146953943085807,-2.7900002,-10.75905,-2.8270502,0.48675,-0.90365,-0.2281125,21.5625,9.637501,-25.987501,walking
146953955198120,-1.0180501,-9.78705,-3.6190503,0.4505875,-1.232825,-0.1013375,21.28125,9.712501,-26.250002,walking
146953969117962,0.70395005,-8.941951,-2.7240002,0.5709,-1.3627625,0.1596375,21.206251,9.8625,-26.268751,walking
146953982537554,1.164,-8.775001,-0.62895006,0.6166875,-1.4810125,0.119075,21.112501,10.012501,-26.2875,walking
146953995459141,0.77400005,-8.736,-0.96900004,0.4665375,-1.2392875,-0.032175,21.0375,10.181251,-26.325,walking
146954007885762,-0.42000002,-8.7289505,-2.391,0.1192125,-0.9004875,-0.2536875,20.98125,10.35,-26.362501,walking
146954019821054,-1.6789501,-9.045,-2.7139502,-0.1725625,-0.4093375,-0.417725,20.90625,10.51875,-26.400002,walking
146954031269258,-2.7490501,-8.923051,-2.28795,-0.1469875,-0.1313125,-0.300575,20.831251,10.668751,-26.437502,walking
146954042654137,-2.63505,-8.97795,-2.2669501,0.0308,-0.490325,-0.12485,20.79375,10.81875,-26.437502,walking
146954053987794,-2.62695,-9.25605,-2.1709502,0.140525,-0.8749125,-0.0523875,20.79375,10.931251,-26.362501,walking
146954065261456,-3.10905,-9.253051,-1.3980001,0.3344,-0.726825,-0.0182875,20.85,11.0625,-26.23125,walking
146954076493659,-3.18,-8.84595,-0.70995003,-0.1758625,-0.1793,-0.2718375,20.962502,11.231251,-26.062502,walking
146954087695729,-2.661,-8.431951,-1.161,-0.35475,0.536525,-0.35915,21.225,11.475,-25.85625,walking
146954098875074,-2.151,-8.266951,-2.01495,-0.380325,0.6323625,-0.39435,21.487501,11.71875,-25.650002,walking
146954110040715,-1.95,-8.439,-2.84805,-0.5721375,0.301125,-0.5009125,21.75,11.94375,-25.425001,walking
146954121198766,-2.0050502,-8.06595,-3.37995,-0.45705,0.1029875,-0.5157625,22.0125,12.20625,-25.2,walking
146954132382298,-1.9549501,-8.33895,-4.872,-0.177925,0.0336875,-0.4103,22.3125,12.431251,-24.937502,walking
146954143572278,-2.295,-9.535951,-5.4799504,-0.042625,0.10835,-0.2877875,22.650002,12.675,-24.69375,walking
146954154777056,-2.8210502,-9.936001,-4.26795,-0.094875,0.396,-0.1749,23.00625,12.88125,-24.4125,walking
146954165983899,-4.00605,-10.644,-2.14695,-0.3026375,0.5770875,-0.19305,23.400002,13.1625,-24.075,walking
146954177235996,-5.3260503,-13.161,0.39495003,-0.5284125,0.5429875,-0.198275,23.831251,13.44375,-23.7,walking
146954188506398,-5.3899503,-17.808,0.9289501,-0.6892875,0.48221248,-0.15785,24.243752,13.725,-23.34375,walking
146954199833205,-1.7700001,-19.378052,-2.6520002,-0.751025,0.6164125,-0.0705375,24.581251,14.00625,-23.00625,walking
146954211206221,1.5589501,-15.03495,-4.17495,-0.7478625,0.7975,0.0243375,24.900002,14.26875,-22.6875,walking
146954222613419,1.9350001,-12.19095,-2.80995,-0.6466625,0.7761875,0.001925,25.2,14.55,-22.368752,walking
146954236368891,1.9279501,-11.23305,-0.84705,-0.448525,0.61545,-0.1269125,25.48125,14.83125,-22.050001,walking
146954249710196,2.73705,-11.614051,0.48795003,-0.1918125,0.4992625,-0.233475,25.781252,15.1125,-21.73125,walking
146954262641503,1.9570501,-10.395,-0.53595,0.042625,0.6664625,-0.183425,26.062502,15.4125,-21.431252,walking
146954275167226,0.28995,-8.33205,-0.79395,0.15235,0.8721625,-0.016224999,26.362501,15.712501,-21.09375,walking
146954287292044,-0.63795,-7.3740005,0.46695003,0.1395625,1.112925,0.0743875,26.643751,16.0125,-20.8125,walking
146954299020816,-0.55200005,-8.01105,-0.52605003,0.007425,1.3099625,-0.0353375,26.906252,16.3125,-20.53125,walking
146954310830262,-1.167,-7.76205,-1.11,-0.3601125,1.42285,-0.2409,27.16875,16.575,-20.23125,walking
146954322736778,-1.60695,-8.16195,-1.9600501,-0.59345,1.0478874,-0.2888875,27.35625,16.743752,-19.987501,walking
146954334726218,-2.39805,-7.3639503,-4.3830004,-0.413325,0.555775,-0.1632125,27.581251,16.9125,-19.725,walking
146954346784935,-1.866,-5.9490004,-5.70195,-0.0033,0.29479998,0.0264,27.7875,17.04375,-19.5,walking
