phase,pointerId,pressure,size,timestamp,x,y
DOWN,0,0.027450982,0.019607844,44183994,606.15814,951.24524
MOVE,0,0.03137255,0.019607844,44184141,560.69507,750.5915
MOVE,0,0.023529414,0.019607844,44184158,559.8479,676.7813
MOVE,0,0.019607844,0.019607844,44184192,577.0743,488.7331
MOVE,0,0.019607844,0.019607844,44184208,594.88293,412.76288
MOVE,0,0.023529414,0.019607844,44184225,611.5078,360.93982
MOVE,0,0.019607844,0.019607844,44184242,624.27466,323.8247
MOVE,0,0.003921569,0.019607844,44184254,634.11926,297.67523
UP,0,0.003921569,0.019607844,44184262,634.11926,297.67523
MOVE,0,0.023529414,0.019607844,44185680,513.4386,746.4325
MOVE,0,0.019607844,0.019607844,44185696,510.29126,663.83685
MOVE,0,0.011764707,0.019607844,44185713,516.3805,564.14246
MOVE,0,0.015686275,0.019607844,44185730,531.7695,470.24548
MOVE,0,0.007843138,0.019607844,44185746,554.04016,390.0901
MOVE,0,0.011764707,0.019607844,44185763,573.48254,326.985
MOVE,0,0.011764707,0.019607844,44185775,591.17896,269.69363
UP,0,0.011764707,0.019607844,44185783,591.17896,269.69363
DOWN,0,0.011764707,0.019607844,44186050,537.25385,367.6292
MOVE,0,0.023529414,0.019607844,44186064,532.09094,378.60828
MOVE,0,0.019607844,0.019607844,44186081,516.90344,418.92676
MOVE,0,0.023529414,0.019607844,44186097,500.1352,496.7356
MOVE,0,0.019607844,0.019607844,44186114,490.5045,614.56616
MOVE,0,0.019607844,0.019607844,44186130,487.82245,741.38336
UP,0,0.019607844,0.019607844,44186151,487.82245,741.38336
MOVE,0,0.027450982,0.019607844,44186532,499.03317,534.4356
MOVE,0,0.023529414,0.019607844,44186549,494.10522,637.28143
MOVE,0,0.011764707,0.019607844,44186565,512.43146,776.56586
MOVE,0,0.015686275,0.019607844,44186577,536.2552,889.286
UP,0,0.015686275,0.019607844,44186586,536.2552,889.286
MOVE,0,0.019607844,0.019607844,44186833,513.87317,650.86584
MOVE,0,0.015686275,0.019607844,44186850,515.38635,531.6016
MOVE,0,0.023529414,0.019607844,44186866,541.79724,405.02484
MOVE,0,0.011764707,0.019607844,44186883,587.41925,284.94397
MOVE,0,0.015686275,0.019607844,44186900,648.6904,116.90332
MOVE,0,0.015686275,0.019607844,44186912,718.0028,-74.08021
UP,0,0.015686275,0.019607844,44186920,718.0028,-74.08021
DOWN,0,0.027450982,0.019607844,44187154,517.28156,813.336
MOVE,0,0.03137255,0.019607844,44187167,516.6821,797.73987
MOVE,0,0.027450982,0.019607844,44187184,514.15137,736.42584
MOVE,0,0.015686275,0.019607844,44187201,510.148,626.58276
MOVE,0,0.019607844,0.019607844,44187216,506.2968,497.04407
UP,0,0.019607844,0.019607844,44187238,506.2968,497.04407
DOWN,0,0.019607844,0.019607844,44187638,462.35785,452.5733
MOVE,0,0.019607844,0.019607844,44187669,454.24557,585.18134
MOVE,0,0.003921569,0.019607844,44187685,477.95795,749.1266
MOVE,0,0.007843138,0.019607844,44187702,516.4658,913.3408
MOVE,0,0.007843138,0.019607844,44187714,549.2372,1058.1749
UP,0,0.007843138,0.019607844,44187722,549.2372,1058.1749
DOWN,0,0.019607844,0.019607844,44188039,518.28015,365.6305
MOVE,0,0.019607844,0.019607844,44188070,497.06628,427.29297
MOVE,0,0.011764707,0.019607844,44188087,474.97687,537.0763
MOVE,0,0.003921569,0.019607844,44188103,474.24228,698.727
MOVE,0,0.007843138,0.019607844,44188120,488.32178,870.7982
UP,0,0.007843138,0.019607844,44188140,488.32178,870.7982
MOVE,0,0.019607844,0.019607844,44188404,509.1523,626.4158
MOVE,0,0.007843138,0.019607844,44188421,535.9105,472.4375
MOVE,0,0.007843138,0.019607844,44188438,585.902,324.65283
MOVE,0,0.007843138,0.019607844,44188454,648.38367,126.472046
MOVE,0,0.007843138,0.019607844,44188466,718.0028,-92.068375
UP,0,0.007843138,0.019607844,44188475,718.0028,-92.068375
DOWN,0,0.027450982,0.019607844,44189009,479.33426,497.54376
MOVE,0,0.019607844,0.019607844,44189040,472.92166,592.8764
MOVE,0,0.007843138,0.019607844,44189056,484.457,734.52576
MOVE,0,0.011764707,0.019607844,44189073,508.40787,891.673
MOVE,0,0.011764707,0.019607844,44189085,528.2663,1029.194
UP,0,0.011764707,0.019607844,44189093,528.2663,1029.194
DOWN,0,0.023529414,0.019607844,44189728,494.31348,358.63513
MOVE,0,0.019607844,0.019607844,44189742,487.50058,377.22937
MOVE,0,0.023529414,0.019607844,44189759,466.64316,444.83862
MOVE,0,0.019607844,0.019607844,44189775,452.7822,566.84784
MOVE,0,0.003921569,0.019607844,44189792,455.29718,725.7815
MOVE,0,0.007843138,0.019607844,44189808,470.84607,902.27747
UP,0,0.007843138,0.019607844,44189829,470.84607,902.27747
DOWN,0,0.019607844,0.019607844,44190112,477.33704,643.44775
MOVE,0,0.023529414,0.019607844,44190125,477.33704,643.44775
MOVE,0,0.019607844,0.019607844,44190143,477.90976,633.1313
MOVE,0,0.015686275,0.019607844,44190160,484.3385,566.4202
MOVE,0,0.015686275,0.019607844,44190176,510.07782,441.09692
MOVE,0,0.003921569,0.019607844,44190188,546.24133,338.64825
UP,0,0.003921569,0.019607844,44190197,546.24133,338.64825
DOWN,0,0.027450982,0.019607844,44190530,491.31763,373.62524
MOVE,0,0.027450982,0.019607844,44190561,466.6518,476.45813
MOVE,0,0.015686275,0.019607844,44190578,454.02554,611.65814
MOVE,0,0.019607844,0.019607844,44190589,449.3759,721.3965
UP,0,0.019607844,0.019607844,44190598,449.3759,721.3965
MOVE,0,0.011764707,0.019607844,44190940,497.3093,677.4254
UP,0,0.011764707,0.019607844,44190949,497.3093,677.4254
DOWN,0,0.023529414,0.019607844,44191283,451.3731,475.55823
MOVE,0,0.019607844,0.019607844,44191297,446.5142,510.81097
MOVE,0,0.011764707,0.019607844,44191313,432.34778,635.3982
MOVE,0,0.015686275,0.019607844,44191329,422.9126,769.8646
UP,0,0.015686275,0.019607844,44191350,422.9126,769.8646
DOWN,0,0.023529414,0.019607844,44191634,479.33426,795.34784
MOVE,0,0.027450982,0.019607844,44191648,479.33426,795.34784
MOVE,0,0.023529414,0.019607844,44191665,476.9612,775.55774
MOVE,0,0.011764707,0.019607844,44191681,469.94424,683.8453
MOVE,0,0.007843138,0.019607844,44191693,470.34674,580.4892
UP,0,0.007843138,0.019607844,44191701,470.34674,580.4892
DOWN,0,0.015686275,0.019607844,44192085,486.32455,344.64435
MOVE,0,0.019607844,0.019607844,44192116,459.46817,432.5188
MOVE,0,0.011764707,0.019607844,44192133,445.95624,543.95605
MOVE,0,0.003921569,0.019607844,44192149,450.9659,692.33826
MOVE,0,0.007843138,0.019607844,44192166,470.78885,844.44727
MOVE,0,0.007843138,0.019607844,44192178,488.32178,979.2268
UP,0,0.007843138,0.019607844,44192186,488.32178,979.2268
DOWN,0,0.019607844,0.019607844,44192704,450.37448,554.5063
MOVE,0,0.023529414,0.019607844,44192734,450.37448,554.5063
MOVE,0,0.027450982,0.019607844,44192746,450.37448,554.5063
MOVE,0,0.015686275,0.019607844,44192868,450.37448,554.5063
MOVE,0,0.007843138,0.019607844,44192885,450.37448,554.5063
MOVE,0,0.011764707,0.019607844,44192888,450.37448,554.5063
UP,0,0.011764707,0.019607844,44192905,450.37448,554.5063
MOVE,1,0.039215688,0.019607844,44195226,643.67444,266.3062
MOVE,1,0.039215688,0.019607844,44195242,646.2484,237.974
MOVE,1,0.03137255,0.019607844,44195259,650.9505,198.14017
MOVE,1,0.023529414,0.019607844,44195276,658.42725,153.89066
MOVE,1,0.015686275,0.019607844,44195292,667.5283,109.907776
MOVE,1,0.011764707,0.019607844,44195309,676.59717,71.408356
MOVE,1,0.007843138,0.019607844,44195326,687.7925,36.97885
MOVE,1,0.007843138,0.019607844,44195343,702.29706,-12.150299
MOVE,1,0.007843138,0.019607844,44195354,718.0028,-66.085464
UP,1,0.007843138,0.019607844,44195362,718.0028,-66.085464
DOWN,0,0.019607844,0.019607844,44195746,470.34674,404.60486
MOVE,0,0.027450982,0.019607844,44195777,452.80823,440.93195
MOVE,0,0.03137255,0.019607844,44195794,429.2,508.7315
MOVE,0,0.03137255,0.019607844,44195811,411.68835,601.0179
MOVE,0,0.03137255,0.019607844,44195828,408.04623,707.7301
MOVE,0,0.015686275,0.019607844,44195844,419.05917,826.7829
MOVE,0,0.019607844,0.019607844,44195861,433.46933,927.2178
MOVE,0,0.019607844,0.019607844,44195873,446.38004,1018.2012
UP,0,0.019607844,0.019607844,44195881,446.38004,1018.2012
MOVE,0,0.04705883,0.019607844,44203835,618.9623,364.16577
MOVE,0,0.039215688,0.019607844,44203852,626.9294,337.4486
MOVE,0,0.043137256,0.019607844,44203868,632.9099,316.69965
MOVE,0,0.043137256,0.019607844,44203885,637.35114,300.3463
MOVE,0,0.043137256,0.019607844,44203902,639.7312,287.5835
MOVE,0,0.043137256,0.019607844,44203919,640.11096,279.8489
MOVE,0,0.043137256,0.019607844,44203935,640.11096,276.07446
MOVE,0,0.043137256,0.019607844,44203952,640.11096,274.12094
MOVE,0,0.043137256,0.019607844,44203968,640.11096,273.691
MOVE,0,0.03529412,0.019607844,44203986,640.11096,273.691
MOVE,0,0.007843138,0.019607844,44204002,640.11096,273.691
MOVE,0,0.011764707,0.019607844,44204011,640.11096,273.691
UP,0,0.011764707,0.019607844,44204041,640.11096,273.691
DOWN,0,0.039215688,0.019607844,44207985,470.34674,853.3097
MOVE,0,0.03529412,0.019607844,44208014,478.7898,792.11237
MOVE,0,0.039215688,0.019607844,44208031,493.50037,725.25903
MOVE,0,0.039215688,0.019607844,44208048,508.5538,661.5696
MOVE,0,0.039215688,0.019607844,44208065,521.8705,603.6959
MOVE,0,0.039215688,0.019607844,44208081,531.49585,553.5443
MOVE,0,0.039215688,0.019607844,44208098,539.8552,505.03467
MOVE,0,0.039215688,0.019607844,44208115,550.4266,454.27618
MOVE,0,0.039215688,0.019607844,44208131,562.61816,402.44147
MOVE,0,0.039215688,0.019607844,44208148,572.6262,353.71454
MOVE,0,0.039215688,0.019607844,44208165,579.37317,311.88785
MOVE,0,0.03529412,0.019607844,44208182,583.3993,277.01263
MOVE,0,0.03529412,0.019607844,44208198,585.79364,246.59995
MOVE,0,0.03529412,0.019607844,44208215,589.9922,218.87671
MOVE,0,0.03529412,0.019607844,44208232,595.9746,193.53433
MOVE,0,0.03529412,0.019607844,44208248,602.6838,173.19467
MOVE,0,0.039215688,0.019607844,44208265,608.27985,157.3935
MOVE,0,0.03529412,0.019607844,44208282,612.7185,146.49677
MOVE,0,0.03529412,0.019607844,44208299,614.14703,141.65088
MOVE,0,0.039215688,0.019607844,44208315,615.1456,140.1832
MOVE,0,0.03529412,0.019607844,44208332,615.1456,139.77911
MOVE,0,0.03137255,0.019607844,44208349,619.4604,136.62082
MOVE,0,0.015686275,0.019607844,44208365,630.09845,130.59573
MOVE,0,0.003921569,0.019607844,44208382,638.1138,126.78766
MOVE,0,0.007843138,0.019607844,44208386,638.1138,126.78766
UP,0,0.007843138,0.019607844,44208402,638.1138,126.78766
MOVE,0,0.039215688,0.019607844,44211057,626.699,326.37878
MOVE,0,0.039215688,0.019607844,44211074,627.70654,318.92627
MOVE,0,0.039215688,0.019607844,44211090,628.1276,314.5001
MOVE,0,0.039215688,0.019607844,44211107,628.1276,312.0779
MOVE,0,0.039215688,0.019607844,44211124,628.1276,310.87488
MOVE,0,0.039215688,0.019607844,44211140,628.1276,309.8893
MOVE,0,0.039215688,0.019607844,44211157,628.1276,307.56213
MOVE,0,0.03137255,0.019607844,44211174,629.6968,304.52805
MOVE,0,0.027450982,0.019607844,44211191,632.2738,299.9458
MOVE,0,0.019607844,0.019607844,44211207,636.2205,295.02075
MOVE,0,0.003921569,0.019607844,44211224,639.11237,289.68048
MOVE,0,0.007843138,0.019607844,44211227,639.11237,289.68048
UP,0,0.007843138,0.019607844,44211244,639.11237,289.68048
MOVE,0,0.03529412,0.019607844,44211592,551.35736,632.7294
MOVE,0,0.03529412,0.019607844,44211608,569.0282,578.1989
MOVE,0,0.039215688,0.019607844,44211625,589.54565,524.6246
MOVE,0,0.03529412,0.019607844,44211642,606.7627,479.46643
MOVE,0,0.039215688,0.019607844,44211659,620.5822,442.96936
MOVE,0,0.039215688,0.019607844,44211675,630.3906,414.79974
MOVE,0,0.039215688,0.019607844,44211692,637.7969,393.0036
MOVE,0,0.03529412,0.019607844,44211709,643.8465,374.98254
MOVE,0,0.03529412,0.019607844,44211726,648.25055,361.18085
MOVE,0,0.03137255,0.019607844,44211742,651.6606,350.37793
MOVE,0,0.03137255,0.019607844,44211759,653.09296,343.89398
MOVE,0,0.03529412,0.019607844,44211776,654.09155,339.51746
MOVE,0,0.03529412,0.019607844,44211791,654.09155,337.1493
MOVE,0,0.03529412,0.019607844,44211809,654.09155,336.37952
MOVE,0,0.03529412,0.019607844,44211888,654.09155,335.65027
MOVE,0,0.03137255,0.019607844,44211943,654.09155,335.19196
MOVE,0,0.019607844,0.019607844,44211960,655.61346,330.55762
MOVE,0,0.011764707,0.019607844,44211976,660.66986,322.54224
MOVE,0,0.003921569,0.019607844,44211988,664.0777,316.66272
UP,0,0.003921569,0.019607844,44211996,664.0777,316.66272
DOWN,0,0.04705883,0.04705883,44213082,465.3537,663.43463
MOVE,0,0.043137256,0.019607844,44213096,468.6635,656.2581
MOVE,0,0.04705883,0.019607844,44213113,480.70737,629.25397
MOVE,0,0.04705883,0.019607844,44213130,497.3769,594.34467
MOVE,0,0.04705883,0.019607844,44213146,516.68207,558.2444
MOVE,0,0.043137256,0.019607844,44213163,538.5318,520.6816
MOVE,0,0.039215688,0.019607844,44213180,558.86926,486.84058
MOVE,0,0.039215688,0.019607844,44213197,573.61285,461.88464
MOVE,0,0.043137256,0.019607844,44213214,580.353,447.09973
MOVE,0,0.04705883,0.019607844,44213230,582.7744,440.82965
MOVE,0,0.04705883,0.019607844,44213247,583.19,436.98035
MOVE,0,0.04705883,0.019607844,44213264,583.19,434.36804
MOVE,0,0.04705883,0.019607844,44213271,583.19,432.5865
MOVE,0,0.04705883,0.019607844,44213314,583.19,431.79285
MOVE,0,0.04705883,0.019607844,44213325,583.19,431.1068
MOVE,0,0.039215688,0.019607844,44213364,583.19,430.58777
MOVE,0,0.043137256,0.019607844,44213371,583.19,430.58777
MOVE,0,0.039215688,0.019607844,44213431,580.9166,430.58777
MOVE,0,0.04705883,0.019607844,44213448,567.10596,438.57867
MOVE,0,0.04705883,0.019607844,44213464,539.6209,465.95483
MOVE,0,0.04705883,0.019607844,44213481,515.0159,501.79895
MOVE,0,0.039215688,0.019607844,44213498,496.18726,538.76385
MOVE,0,0.043137256,0.019607844,44213515,478.5788,583.56757
MOVE,0,0.043137256,0.019607844,44213531,463.17798,628.59076
MOVE,0,0.039215688,0.019607844,44213548,450.6823,673.3492
MOVE,0,0.039215688,0.019607844,44213565,440.35593,712.3194
MOVE,0,0.039215688,0.019607844,44213581,432.04007,744.23096
MOVE,0,0.039215688,0.019607844,44213598,426.56323,771.1263
MOVE,0,0.039215688,0.019607844,44213615,422.18964,790.24713
MOVE,0,0.039215688,0.019607844,44213632,419.81082,803.3731
MOVE,0,0.039215688,0.019607844,44213648,417.8652,809.44745
MOVE,0,0.039215688,0.019607844,44213665,417.42026,810.33795
MOVE,0,0.043137256,0.019607844,44213682,416.62698,810.33795
MOVE,0,0.043137256,0.019607844,44213698,414.89377,810.33795
MOVE,0,0.039215688,0.019607844,44213715,413.4258,810.33795
MOVE,0,0.03529412,0.019607844,44213732,412.4272,810.33795
MOVE,0,0.027450982,0.019607844,44213749,412.4272,810.33795
MOVE,0,0.007843138,0.019607844,44213760,412.4272,810.33795
UP,0,0.007843138,0.019607844,44213769,412.4272,810.33795
DOWN,0,0.04705883,0.04705883,44215641,490.319,880.292
MOVE,0,0.043137256,0.019607844,44215654,490.319,880.292
MOVE,0,0.04705883,0.04705883,44215671,491.12115,869.05383
MOVE,0,0.04705883,0.019607844,44215688,496.13892,826.87506
MOVE,0,0.043137256,0.019607844,44215704,506.38928,765.6583
MOVE,0,0.043137256,0.019607844,44215721,522.041,696.7525
MOVE,0,0.043137256,0.019607844,44215738,539.8817,630.9297
MOVE,0,0.043137256,0.019607844,44215755,557.6837,568.3029
MOVE,0,0.043137256,0.019607844,44215771,574.9527,509.90637
MOVE,0,0.043137256,0.019607844,44215788,589.77655,458.78583
MOVE,0,0.039215688,0.019607844,44215805,599.4871,420.7353
MOVE,0,0.043137256,0.019607844,44215822,604.75397,392.48608
MOVE,0,0.043137256,0.019607844,44215838,606.15814,373.2743
MOVE,0,0.043137256,0.019607844,44215855,606.15814,358.1176
MOVE,0,0.043137256,0.019607844,44215872,606.15814,348.26056
MOVE,0,0.043137256,0.019607844,44215888,606.15814,341.88202
MOVE,0,0.04705883,0.019607844,44215905,606.74567,336.47296
MOVE,0,0.04705883,0.019607844,44215922,607.15674,333.05475
MOVE,0,0.04705883,0.019607844,44215939,607.15674,331.0534
MOVE,0,0.039215688,0.019607844,44215955,607.15674,329.65417
MOVE,0,0.03529412,0.019607844,44215972,607.15674,328.1126
MOVE,0,0.03529412,0.019607844,44215989,607.15674,326.6562
MOVE,0,0.019607844,0.019607844,44216005,607.15674,325.6568
MOVE,0,0.003921569,0.019607844,44216017,607.15674,325.6568
UP,0,0.003921569,0.019607844,44216026,607.15674,325.6568
MOVE,0,0.04705883,0.019607844,44217995,512.7484,767.524
MOVE,0,0.043137256,0.019607844,44218011,530.6534,704.1585
MOVE,0,0.043137256,0.019607844,44218028,549.34766,643.116
MOVE,0,0.03529412,0.019607844,44218045,564.64594,594.47437
MOVE,0,0.043137256,0.019607844,44218062,574.576,556.4153
MOVE,0,0.039215688,0.019607844,44218078,581.95544,525.11926
MOVE,0,0.039215688,0.019607844,44218095,588.3049,495.5877
MOVE,0,0.039215688,0.019607844,44218112,595.91504,467.59253
MOVE,0,0.039215688,0.019607844,44218128,601.3031,446.02478
MOVE,0,0.039215688,0.019607844,44218145,604.7381,431.11914
MOVE,0,0.039215688,0.019607844,44218162,606.15814,422.81677
MOVE,0,0.039215688,0.019607844,44218179,606.15814,418.01587
MOVE,0,0.039215688,0.019607844,44218195,606.15814,415.82605
MOVE,0,0.039215688,0.019607844,44218212,606.15814,415.0202
MOVE,0,0.039215688,0.019607844,44218229,606.15814,414.59833
MOVE,0,0.039215688,0.019607844,44218245,606.15814,414.59833
MOVE,0,0.039215688,0.019607844,44218266,606.15814,413.59894
MOVE,0,0.03529412,0.019607844,44218312,606.15814,413.04297
MOVE,0,0.027450982,0.019607844,44218329,606.15814,412.0583
MOVE,0,0.011764707,0.019607844,44218346,606.15814,410.60095
MOVE,0,0.015686275,0.019607844,44218354,606.15814,410.60095
UP,0,0.015686275,0.019607844,44218383,606.15814,410.60095
MOVE,0,0.04705883,0.019607844,44220603,607.66846,384.25177
MOVE,0,0.04705883,0.04705883,44220620,617.40015,357.86267
MOVE,0,0.04705883,0.019607844,44220636,620.7196,339.99365
MOVE,0,0.04705883,0.019607844,44220653,622.1359,327.82587
MOVE,0,0.04705883,0.019607844,44220670,622.1359,319.86115
MOVE,0,0.04705883,0.019607844,44220686,622.1359,315.4493
MOVE,0,0.04705883,0.019607844,44220702,622.1359,311.66602
MOVE,0,0.04705883,0.019607844,44220720,622.1359,310.0499
MOVE,0,0.039215688,0.019607844,44220737,622.1359,309.66733
MOVE,0,0.043137256,0.019607844,44220753,622.1359,308.885
MOVE,0,0.027450982,0.019607844,44220770,622.1359,308.668
MOVE,0,0.007843138,0.019607844,44220787,622.1359,308.668
MOVE,0,0.011764707,0.019607844,44220794,622.1359,308.668
UP,0,0.011764707,0.019607844,44220824,622.1359,308.668
MOVE,0,0.039215688,0.019607844,44221639,540.22833,627.5435
MOVE,0,0.043137256,0.019607844,44221656,553.2036,573.03986
MOVE,0,0.039215688,0.019607844,44221673,561.64075,523.0022
MOVE,0,0.043137256,0.019607844,44221690,570.6812,476.66223
MOVE,0,0.043137256,0.019607844,44221706,584.52783,429.94928
MOVE,0,0.03529412,0.019607844,44221723,599.25415,391.6892
MOVE,0,0.039215688,0.019607844,44221740,612.0663,362.0504
MOVE,0,0.039215688,0.019607844,44221756,620.9695,341.15082
MOVE,0,0.039215688,0.019607844,44221773,625.33636,327.04132
MOVE,0,0.039215688,0.019607844,44221790,628.7437,318.19397
MOVE,0,0.039215688,0.019607844,44221807,629.1262,313.82748
MOVE,0,0.039215688,0.019607844,44221823,629.1262,311.86798
MOVE,0,0.039215688,0.019607844,44221839,629.1262,310.16702
MOVE,0,0.03137255,0.019607844,44221857,629.1262,309.66733
MOVE,0,0.027450982,0.019607844,44221873,629.1262,309.66733
MOVE,0,0.03137255,0.019607844,44221890,629.1262,308.84894
MOVE,0,0.019607844,0.019607844,44221907,629.1262,307.045
MOVE,0,0.003921569,0.019607844,44221919,629.1262,304.67062
UP,0,0.003921569,0.019607844,44221927,629.1262,304.67062
DOWN,0,0.027450982,0.019607844,44222178,258.64078,447.5766
MOVE,0,0.03137255,0.019607844,44222208,258.64078,447.5766
MOVE,0,0.019607844,0.019607844,44222225,258.64078,447.5766
MOVE,0,0.003921569,0.019607844,44222236,258.64078,447.5766
UP,0,0.003921569,0.019607844,44222244,258.64078,447.5766
DOWN,0,0.039215688,0.019607844,44223766,587.1845,442.5799
MOVE,0,0.03529412,0.019607844,44223796,587.1845,442.5799
MOVE,0,0.011764707,0.019607844,44223813,587.1845,442.5799
MOVE,0,0.015686275,0.019607844,44223816,587.1845,442.5799
UP,0,0.015686275,0.019607844,44223832,587.1845,442.5799
MOVE,0,0.043137256,0.019607844,44224415,470.44733,806.11633
MOVE,0,0.050980397,0.04705883,44224431,481.2599,743.22675
MOVE,0,0.050980397,0.04705883,44224448,493.53183,685.15375
MOVE,0,0.050980397,0.04705883,44224465,507.38605,634.8436
MOVE,0,0.043137256,0.019607844,44224481,523.17664,588.61273
MOVE,0,0.04705883,0.019607844,44224498,539.1404,551.11896
MOVE,0,0.04705883,0.019607844,44224515,552.9226,521.5318
MOVE,0,0.050980397,0.04705883,44224532,563.6463,500.07648
MOVE,0,0.054901965,0.054901965,44224548,568.42145,487.91736
MOVE,0,0.054901965,0.050980397,44224565,570.20807,480.79718
MOVE,0,0.04705883,0.04705883,44224582,570.20807,476.55756
MOVE,0,0.050980397,0.04705883,44224598,570.20807,473.9344
MOVE,0,0.043137256,0.019607844,44224615,570.20807,471.36438
MOVE,0,0.03529412,0.019607844,44224632,570.20807,467.29694
MOVE,0,0.019607844,0.019607844,44224649,570.20807,462.09454
MOVE,0,0.003921569,0.019607844,44224665,570.20807,456.57068
MOVE,0,0.007843138,0.019607844,44224668,570.20807,456.57068
UP,0,0.007843138,0.019607844,44224685,570.20807,456.57068
MOVE,0,0.050980397,0.04705883,44226922,451.56335,696.3746
MOVE,0,0.054901965,0.050980397,44226939,462.2026,651.70496
MOVE,0,0.054901965,0.050980397,44226956,472.8521,611.7724
MOVE,0,0.054901965,0.050980397,44226972,484.1454,572.0413
MOVE,0,0.050980397,0.04705883,44226989,498.9274,534.96826
MOVE,0,0.050980397,0.04705883,44227006,517.48413,494.76013
MOVE,0,0.050980397,0.04705883,44227023,537.25055,458.1314
MOVE,0,0.050980397,0.050980397,44227039,553.9469,426.53857
MOVE,0,0.054901965,0.050980397,44227056,562.11176,407.5564
MOVE,0,0.058823533,0.054901965,44227073,566.82654,396.15546
MOVE,0,0.058823533,0.054901965,44227089,568.8425,390.34918
MOVE,0,0.058823533,0.054901965,44227106,569.2095,387.9875
MOVE,0,0.058823533,0.054901965,44227113,569.2095,387.11633
MOVE,0,0.050980397,0.050980397,44227140,569.2095,386.99323
MOVE,0,0.04705883,0.04705883,44227156,569.2095,384.9809
MOVE,0,0.043137256,0.019607844,44227173,569.2095,382.4085
MOVE,0,0.03529412,0.019607844,44227190,569.2095,378.40918
MOVE,0,0.027450982,0.019607844,44227206,568.2108,373.40497
MOVE,0,0.003921569,0.019607844,44227223,567.2122,370.62726
MOVE,0,0.007843138,0.019607844,44227230,567.2122,370.62726
UP,0,0.007843138,0.019607844,44227260,567.2122,370.62726
MOVE,0,0.04705883,0.04705883,44230082,456.42508,844.57336
MOVE,0,0.050980397,0.04705883,44230099,467.45334,778.2617
MOVE,0,0.043137256,0.019607844,44230115,480.09476,708.08984
MOVE,0,0.04705883,0.019607844,44230132,492.73633,643.5019
MOVE,0,0.039215688,0.019607844,44230149,505.403,589.2364
MOVE,0,0.043137256,0.019607844,44230166,520.7166,540.00964
MOVE,0,0.039215688,0.019607844,44230182,539.169,494.9344
MOVE,0,0.039215688,0.019607844,44230199,560.2044,454.984
MOVE,0,0.039215688,0.019607844,44230216,575.97064,426.04956
MOVE,0,0.039215688,0.019607844,44230232,583.3739,407.45862
MOVE,0,0.043137256,0.019607844,44230249,586.18585,396.0694
MOVE,0,0.043137256,0.019607844,44230266,586.18585,389.3996
MOVE,0,0.043137256,0.019607844,44230283,586.18585,385.362
MOVE,0,0.03529412,0.019607844,44230299,586.18585,384.61804
MOVE,0,0.03137255,0.019607844,44230316,586.18585,383.98492
MOVE,0,0.03137255,0.019607844,44230333,586.18585,382.0625
MOVE,0,0.027450982,0.019607844,44230349,586.18585,381.008
MOVE,0,0.015686275,0.019607844,44230366,586.18585,378.62195
MOVE,0,0.007843138,0.019607844,44230383,586.18585,377.62262
MOVE,0,0.003921569,0.019607844,44230400,586.18585,377.62262
MOVE,0,0.007843138,0.019607844,44230403,586.18585,377.62262
UP,0,0.007843138,0.019607844,44230420,586.18585,377.62262
DOWN,0,0.039215688,0.019607844,44231188,327.54507,561.50165
MOVE,0,0.03529412,0.019607844,44231202,327.54507,561.50165
MOVE,0,0.043137256,0.019607844,44231218,327.54507,561.50165
MOVE,0,0.04705883,0.019607844,44231235,327.54507,561.50165
MOVE,0,0.03137255,0.019607844,44231252,327.54507,561.50165
MOVE,0,0.007843138,0.019607844,44231269,327.54507,561.50165
MOVE,0,0.011764707,0.019607844,44231272,327.54507,561.50165
UP,0,0.011764707,0.019607844,44231289,327.54507,561.50165
DOWN,0,0.039215688,0.019607844,44232744,428.405,761.3702
MOVE,0,0.043137256,0.019607844,44232754,428.405,761.3702
MOVE,0,0.04705883,0.019607844,44232774,428.405,760.7095
MOVE,0,0.04705883,0.019607844,44232790,428.405,754.117
MOVE,0,0.04705883,0.019607844,44232807,429.0613,729.19037
MOVE,0,0.04705883,0.019607844,44232824,432.68857,698.45074
MOVE,0,0.04705883,0.019607844,44232840,439.3403,660.4333
MOVE,0,0.04705883,0.019607844,44232857,448.42978,620.03174
MOVE,0,0.04705883,0.019607844,44232874,459.49585,576.329
MOVE,0,0.04705883,0.019607844,44232891,470.4419,535.3759
MOVE,0,0.04705883,0.019607844,44232907,479.15494,501.4391
MOVE,0,0.050980397,0.04705883,44232924,484.48117,476.78723
MOVE,0,0.050980397,0.04705883,44232941,487.51294,461.997
MOVE,0,0.050980397,0.04705883,44232957,488.32178,454.73987
MOVE,0,0.050980397,0.04705883,44232974,489.3204,450.96808
MOVE,0,0.043137256,0.019607844,44232991,489.3204,448.29327
MOVE,0,0.04705883,0.019607844,44233008,489.3204,446.7531
MOVE,0,0.043137256,0.019607844,44233024,489.3204,444.98175
MOVE,0,0.03137255,0.019607844,44233041,488.71378,441.36578
MOVE,0,0.007843138,0.019607844,44233058,487.32318,438.58252
MOVE,0,0.011764707,0.019607844,44233061,487.32318,438.58252
UP,0,0.011764707,0.019607844,44233078,487.32318,438.58252
DOWN,0,0.043137256,0.019607844,44238561,485.32596,816.334
MOVE,0,0.050980397,0.050980397,44238591,485.91138,809.30383
MOVE,0,0.04705883,0.04705883,44238607,489.4555,771.87494
MOVE,0,0.050980397,0.04705883,44238624,494.5655,721.1931
MOVE,0,0.043137256,0.019607844,44238641,505.7147,663.3493
MOVE,0,0.039215688,0.019607844,44238658,520.59863,601.95374
MOVE,0,0.043137256,0.019607844,44238675,536.1855,545.25665
MOVE,0,0.043137256,0.019607844,44238691,551.4533,495.0794
MOVE,0,0.043137256,0.019607844,44238708,563.21564,452.1817
MOVE,0,0.043137256,0.019607844,44238725,571.61035,417.9792
MOVE,0,0.043137256,0.019607844,44238742,578.6562,390.6195
MOVE,0,0.043137256,0.019607844,44238758,585.93585,368.7964
MOVE,0,0.043137256,0.019607844,44238775,593.6641,350.66315
MOVE,0,0.043137256,0.019607844,44238792,600.97156,336.4353
MOVE,0,0.043137256,0.019607844,44238808,606.3648,323.6407
MOVE,0,0.043137256,0.019607844,44238825,610.3208,316.32605
MOVE,0,0.043137256,0.019607844,44238842,612.7211,311.5219
MOVE,0,0.039215688,0.019607844,44238858,613.14844,309.16766
MOVE,0,0.03137255,0.019607844,44238875,613.14844,309.04944
MOVE,0,0.027450982,0.019607844,44238892,613.764,307.05264
MOVE,0,0.023529414,0.019607844,44238909,617.3606,304.45276
MOVE,0,0.015686275,0.019607844,44238925,620.68884,302.12143
MOVE,0,0.003921569,0.019607844,44238942,622.1359,301.6726
MOVE,0,0.007843138,0.019607844,44238946,622.1359,301.6726
UP,0,0.007843138,0.019607844,44238962,622.1359,301.6726
DOWN,0,0.043137256,0.019607844,44243275,442.3856,788.3524
MOVE,0,0.04705883,0.019607844,44243305,444.7831,779.5552
MOVE,0,0.039215688,0.019607844,44243322,452.84454,744.4874
MOVE,0,0.043137256,0.019607844,44243339,467.37567,686.57635
MOVE,0,0.043137256,0.019607844,44243356,484.96756,623.03064
MOVE,0,0.043137256,0.019607844,44243372,503.98267,561.19116
MOVE,0,0.03529412,0.019607844,44243389,520.6598,506.8844
MOVE,0,0.039215688,0.019607844,44243406,535.53253,460.1286
MOVE,0,0.039215688,0.019607844,44243423,548.34753,419.4419
MOVE,0,0.039215688,0.019607844,44243439,560.1705,384.77246
MOVE,0,0.039215688,0.019607844,44243456,568.64417,357.94232
MOVE,0,0.039215688,0.019607844,44243473,573.8073,342.02057
MOVE,0,0.043137256,0.019607844,44243489,575.2011,333.86157
MOVE,0,0.043137256,0.019607844,44243497,575.2011,331.1532
MOVE,0,0.039215688,0.019607844,44243556,575.2011,332.65222
MOVE,0,0.03137255,0.019607844,44243573,575.2011,332.65222
MOVE,0,0.03529412,0.019607844,44243590,575.2011,331.85345
MOVE,0,0.023529414,0.019607844,44243606,575.2011,331.6529
MOVE,0,0.011764707,0.019607844,44243623,575.2011,331.6529
MOVE,0,0.007843138,0.019607844,44243635,575.2011,331.6529
UP,0,0.007843138,0.019607844,44243643,575.2011,331.6529
DOWN,0,0.043137256,0.019607844,44251836,436.39392,817.3334
MOVE,0,0.050980397,0.04705883,44251865,436.39392,813.67114
MOVE,0,0.050980397,0.04705883,44251882,438.0099,793.0762
MOVE,0,0.050980397,0.04705883,44251898,441.17264,752.0934
MOVE,0,0.04705883,0.019607844,44251915,450.65958,696.43427
MOVE,0,0.04705883,0.019607844,44251932,467.34787,632.06555
MOVE,0,0.043137256,0.019607844,44251949,489.96805,564.76276
MOVE,0,0.043137256,0.019607844,44251965,510.7708,506.70593
MOVE,0,0.043137256,0.019607844,44251982,527.9553,461.84583
MOVE,0,0.043137256,0.019607844,44251999,541.68274,425.4311
MOVE,0,0.03529412,0.019607844,44252015,552.5403,395.11102
MOVE,0,0.043137256,0.019607844,44252032,561.59515,371.68878
MOVE,0,0.043137256,0.019607844,44252049,567.9739,356.1114
MOVE,0,0.04705883,0.019607844,44252066,572.7971,346.2727
MOVE,0,0.039215688,0.019607844,44252082,575.7567,339.9782
MOVE,0,0.043137256,0.019607844,44252099,577.7663,336.5122
MOVE,0,0.043137256,0.019607844,44252116,578.19696,335.65027
MOVE,0,0.039215688,0.019607844,44252132,578.19696,335.65027
MOVE,0,0.03137255,0.019607844,44252149,578.19696,335.65027
MOVE,0,0.027450982,0.019607844,44252166,578.19696,335.10052
MOVE,0,0.023529414,0.019607844,44252183,578.19696,334.08148
MOVE,0,0.007843138,0.019607844,44252199,578.19696,333.65155
MOVE,0,0.007843138,0.019607844,44252211,578.19696,333.65155
UP,0,0.007843138,0.019607844,44252219,578.19696,333.65155
MOVE,0,0.03529412,0.019607844,44258702,624.3732,395.05023
MOVE,0,0.03529412,0.019607844,44258719,634.34033,370.07428
MOVE,0,0.039215688,0.019607844,44258736,639.2479,352.52838
MOVE,0,0.039215688,0.019607844,44258752,642.2178,337.76477
MOVE,0,0.03137255,0.019607844,44258769,645.2406,324.24744
MOVE,0,0.03529412,0.019607844,44258786,647.65704,314.43796
MOVE,0,0.03529412,0.019607844,44258803,649.6615,307.9771
MOVE,0,0.027450982,0.019607844,44258819,651.0957,303.52588
MOVE,0,0.03529412,0.019607844,44258836,652.0943,301.6726
MOVE,0,0.03137255,0.019607844,44258853,652.0943,301.09314
MOVE,0,0.023529414,0.019607844,44258869,652.0943,300.09766
MOVE,0,0.015686275,0.019607844,44258886,652.0943,298.13388
MOVE,0,0.003921569,0.019607844,44258903,653.09296,295.67654
MOVE,0,0.007843138,0.019607844,44258911,653.09296,295.67654
UP,0,0.007843138,0.019607844,44258940,653.09296,295.67654
DOWN,0,0.043137256,0.019607844,44259208,435.3953,810.33795
MOVE,0,0.04705883,0.019607844,44259237,436.1859,805.5908
MOVE,0,0.04705883,0.019607844,44259254,441.78207,784.7721
MOVE,0,0.039215688,0.019607844,44259271,453.44507,743.8288
MOVE,0,0.043137256,0.019607844,44259287,471.23096,686.58606
MOVE,0,0.03529412,0.019607844,44259304,494.39905,619.3874
MOVE,0,0.039215688,0.019607844,44259321,519.1299,554.6424
MOVE,0,0.039215688,0.019607844,44259337,543.04224,496.3169
MOVE,0,0.039215688,0.019607844,44259354,563.80396,446.96277
MOVE,0,0.043137256,0.019607844,44259371,577.4552,410.9148
MOVE,0,0.03529412,0.019607844,44259388,587.28687,382.786
MOVE,0,0.039215688,0.019607844,44259404,593.5799,360.9527
MOVE,0,0.043137256,0.019607844,44259421,599.26953,344.339
MOVE,0,0.043137256,0.019607844,44259438,601.7286,333.3946
MOVE,0,0.043137256,0.019607844,44259455,604.1609,327.516
MOVE,0,0.043137256,0.019607844,44259471,605.1595,324.65747
MOVE,0,0.04705883,0.019607844,44259488,605.1595,324.65747
MOVE,0,0.03529412,0.019607844,44259505,605.1595,323.65814
MOVE,0,0.027450982,0.019607844,44259521,605.1595,322.127
MOVE,0,0.007843138,0.019607844,44259534,605.1595,321.65942
UP,0,0.007843138,0.019607844,44259542,605.1595,321.65942
MOVE,0,0.039215688,0.019607844,44270639,505.54843,295.79605
MOVE,0,0.03529412,0.019607844,44270656,512.7124,255.5805
MOVE,0,0.039215688,0.019607844,44270672,521.9595,216.44727
MOVE,0,0.043137256,0.019607844,44270689,534.6197,175.66885
MOVE,0,0.03529412,0.019607844,44270706,550.05475,133.53177
MOVE,0,0.03137255,0.019607844,44270723,566.20074,86.85266
MOVE,0,0.03529412,0.019607844,44270739,581.3482,41.189774
MOVE,0,0.03529412,0.019607844,44270756,591.58154,-1.1439667
MOVE,0,0.039215688,0.019607844,44270773,597.9244,-35.29483
MOVE,0,0.039215688,0.019607844,44270789,601.3578,-62.245987
MOVE,0,0.03137255,0.019607844,44270806,603.7536,-80.221214
MOVE,0,0.03529412,0.019607844,44270823,604.1609,-91.04098
MOVE,0,0.03529412,0.019607844,44270840,604.1609,-97.24939
MOVE,0,0.03529412,0.019607844,44270856,605.1595,-99.063774
MOVE,0,0.03137255,0.019607844,44270872,605.1595,-99.063774
MOVE,0,0.03529412,0.019607844,44270902,605.1595,-99.063774
MOVE,0,0.027450982,0.019607844,44270923,605.1595,-99.063774
MOVE,0,0.03137255,0.019607844,44270940,605.1595,-99.063774
MOVE,0,0.027450982,0.019607844,44270957,605.7443,-100.23429
MOVE,0,0.019607844,0.019607844,44270973,611.4725,-105.800644
MOVE,0,0.011764707,0.019607844,44270990,620.3294,-113.24538
MOVE,0,0.007843138,0.019607844,44271007,623.1345,-116.0526
MOVE,0,0.015686275,0.019607844,44271022,623.1345,-116.0526
MOVE,0,0.003921569,0.019607844,44271052,623.1345,-116.0526
UP,0,0.003921569,0.019607844,44271060,623.1345,-116.0526
DOWN,0,0.039215688,0.019607844,44271329,493.31485,180.75214
MOVE,0,0.03529412,0.019607844,44271341,493.31485,180.75214
MOVE,0,0.039215688,0.019607844,44271358,493.31485,180.75214
MOVE,0,0.039215688,0.019607844,44271391,487.43997,205.89545
MOVE,0,0.039215688,0.019607844,44271408,479.8452,235.04773
MOVE,0,0.039215688,0.019607844,44271425,470.39862,267.12906
MOVE,0,0.03529412,0.019607844,44271441,461.3875,298.5897
MOVE,0,0.03529412,0.019607844,44271458,453.8757,330.00616
MOVE,0,0.03529412,0.019607844,44271475,448.63138,357.20013
MOVE,0,0.03529412,0.019607844,44271492,444.14005,383.07764
MOVE,0,0.027450982,0.019607844,44271508,441.75592,404.28003
MOVE,0,0.03529412,0.019607844,44271575,441.38696,452.01807
MOVE,0,0.03529412,0.019607844,44271592,441.38696,458.44916
MOVE,0,0.03529412,0.019607844,44271609,441.38696,463.7713
MOVE,0,0.03529412,0.019607844,44271625,441.38696,467.19598
MOVE,0,0.03529412,0.019607844,44271641,441.38696,469.0625
MOVE,0,0.039215688,0.019607844,44271687,441.38696,468.5628
MOVE,0,0.03529412,0.019607844,44271725,441.38696,468.5628
MOVE,0,0.03137255,0.019607844,44271758,441.38696,468.5628
MOVE,0,0.03529412,0.019607844,44271776,441.38696,468.5628
MOVE,0,0.039215688,0.019607844,44271855,441.38696,468.5628
MOVE,0,0.039215688,0.019607844,44271926,441.38696,468.5628
MOVE,0,0.043137256,0.019607844,44271960,441.38696,466.42786
MOVE,0,0.043137256,0.019607844,44271976,442.57516,451.21985
MOVE,0,0.039215688,0.019607844,44271993,447.17004,431.61676
MOVE,0,0.039215688,0.019607844,44272010,452.60135,413.2943
MOVE,0,0.043137256,0.019607844,44272027,455.95728,402.8344
MOVE,0,0.043137256,0.019607844,44272043,456.36618,399.002
MOVE,0,0.043137256,0.019607844,44272051,456.36618,398.10913
MOVE,0,0.043137256,0.019607844,44272109,456.36618,396.11047
MOVE,0,0.043137256,0.019607844,44272127,457.36478,393.9953
MOVE,0,0.043137256,0.019607844,44272144,457.36478,392.02185
MOVE,0,0.043137256,0.019607844,44272151,457.36478,391.1137
MOVE,0,0.03529412,0.019607844,44272194,457.36478,391.6134
MOVE,0,0.019607844,0.019607844,44272210,457.36478,391.6134
MOVE,0,0.003921569,0.019607844,44272227,457.36478,391.6134
MOVE,0,0.007843138,0.019607844,44272235,457.36478,391.6134
UP,0,0.007843138,0.019607844,44272264,457.36478,391.6134
MOVE,0,0.03529412,0.019607844,44275704,609.87714,72.650665
MOVE,0,0.027450982,0.019607844,44275721,624.34955,37.208527
MOVE,0,0.03137255,0.019607844,44275738,636.2305,8.768448
MOVE,0,0.03137255,0.019607844,44275755,643.3046,-10.914215
MOVE,0,0.03137255,0.019607844,44275771,646.69934,-22.504272
MOVE,0,0.03137255,0.019607844,44275788,648.09985,-28.33957
MOVE,0,0.03137255,0.019607844,44275805,649.0985,-30.688644
MOVE,0,0.03137255,0.019607844,44275821,649.0985,-32.674103
MOVE,0,0.03137255,0.019607844,44275838,649.0985,-33.897934
MOVE,0,0.027450982,0.019607844,44275855,649.0985,-34.71379
MOVE,0,0.027450982,0.019607844,44275862,649.0985,-35.60553
MOVE,0,0.023529414,0.019607844,44275905,649.0985,-36.700485
MOVE,0,0.015686275,0.019607844,44275922,650.0971,-38.10388
MOVE,0,0.011764707,0.019607844,44275938,651.0957,-40.711563
MOVE,0,0.003921569,0.019607844,44275955,651.0957,-41.1019
MOVE,0,0.007843138,0.019607844,44275962,651.0957,-41.1019
UP,0,0.007843138,0.019607844,44275992,651.0957,-41.1019
DOWN,0,0.03529412,0.019607844,44276260,487.32318,383.6187
MOVE,0,0.043137256,0.019607844,44276290,487.32318,382.3916
MOVE,0,0.03529412,0.019607844,44276306,489.54037,373.13416
MOVE,0,0.039215688,0.019607844,44276323,497.27765,345.5515
MOVE,0,0.03529412,0.019607844,44276340,508.92105,309.17938
MOVE,0,0.027450982,0.019607844,44276356,523.43134,268.81342
MOVE,0,0.03529412,0.019607844,44276373,538.2188,229.95407
MOVE,0,0.03137255,0.019607844,44276390,553.5753,190.88504
MOVE,0,0.03137255,0.019607844,44276407,572.134,151.91397
MOVE,0,0.03529412,0.019607844,44276423,586.78687,124.58539
MOVE,0,0.03529412,0.019607844,44276440,597.0834,106.14096
MOVE,0,0.03529412,0.019607844,44276457,603.93634,94.44208
MOVE,0,0.03529412,0.019607844,44276507,608.15533,86.01193
MOVE,0,0.03529412,0.019607844,44276518,608.15533,85.33438
MOVE,0,0.027450982,0.019607844,44276607,608.15533,85.2269
MOVE,0,0.019607844,0.019607844,44276624,609.9148,82.055176
MOVE,0,0.003921569,0.019607844,44276641,614.14703,77.819855
MOVE,0,0.007843138,0.019607844,44276644,614.14703,77.819855
UP,0,0.007843138,0.019607844,44276661,614.14703,77.819855
DOWN,0,0.03137255,0.019607844,44277446,562.2192,318.66144
MOVE,0,0.03529412,0.019607844,44277471,562.2192,318.66144
MOVE,0,0.03137255,0.019607844,44277510,556.27325,330.5619
MOVE,0,0.03529412,0.019607844,44277527,542.9723,356.18396
MOVE,0,0.03137255,0.019607844,44277593,498.47052,456.4699
MOVE,0,0.03529412,0.019607844,44277610,495.68307,468.7052
MOVE,0,0.03529412,0.019607844,44277627,493.0352,480.3952
MOVE,0,0.03529412,0.019607844,44277644,490.67996,490.10284
MOVE,0,0.03529412,0.019607844,44277660,489.3204,498.4436
MOVE,0,0.03529412,0.019607844,44277677,488.32178,503.76617
MOVE,0,0.03529412,0.019607844,44277694,487.32318,506.1504
MOVE,0,0.03529412,0.019607844,44277709,487.32318,509.53583
MOVE,0,0.039215688,0.019607844,44277761,487.32318,508.5365
MOVE,0,0.03529412,0.019607844,44277776,487.32318,508.5365
MOVE,0,0.03529412,0.019607844,44277857,487.32318,509.53583
MOVE,0,0.019607844,0.019607844,44277928,487.32318,509.53583
MOVE,0,0.003921569,0.019607844,44277939,487.32318,509.53583
UP,0,0.003921569,0.019607844,44277949,487.32318,509.53583
MOVE,0,0.027450982,0.019607844,44304442,533.4107,330.47186
MOVE,0,0.027450982,0.019607844,44304459,537.47375,313.78366
MOVE,0,0.027450982,0.019607844,44304476,539.86316,301.60797
MOVE,0,0.027450982,0.019607844,44304492,541.8926,293.7423
MOVE,0,0.027450982,0.019607844,44304509,543.84406,286.88425
MOVE,0,0.027450982,0.019607844,44304526,544.8777,279.7836
MOVE,0,0.019607844,0.019607844,44304543,546.84814,273.8679
MOVE,0,0.027450982,0.019607844,44304559,548.8601,267.8276
MOVE,0,0.027450982,0.019607844,44304576,550.8852,261.74792
MOVE,0,0.027450982,0.019607844,44304593,552.23303,256.6735
MOVE,0,0.027450982,0.019607844,44304609,553.2316,253.07202
MOVE,0,0.027450982,0.019607844,44304626,553.2316,250.53983
MOVE,0,0.027450982,0.019607844,44304643,553.2316,248.91214
MOVE,0,0.027450982,0.019607844,44304654,553.2316,248.23193
MOVE,0,0.027450982,0.019607844,44304696,553.2316,247.7081
MOVE,0,0.019607844,0.019607844,44304827,553.2316,247.7081
MOVE,0,0.007843138,0.019607844,44304844,553.74695,246.16092
MOVE,0,0.007843138,0.019607844,44304860,557.2261,240.14148
MOVE,0,0.007843138,0.019607844,44304877,557.2261,238.90341
MOVE,0,0.007843138,0.019607844,44304889,558.2247,236.71533
UP,0,0.007843138,0.019607844,44304897,558.2247,236.71533
DOWN,0,0.023529414,0.019607844,44305632,521.276,456.57068
MOVE,0,0.027450982,0.019607844,44305657,521.276,456.57068
MOVE,0,0.019607844,0.019607844,44305679,521.276,451.67163
MOVE,0,0.015686275,0.019607844,44305696,519.66437,427.99524
MOVE,0,0.023529414,0.019607844,44305713,517.70795,397.44177
MOVE,0,0.015686275,0.019607844,44305780,535.7584,249.44562
MOVE,0,0.023529414,0.019607844,44305796,545.4822,217.00879
MOVE,0,0.023529414,0.019607844,44305813,553.15485,192.69296
MOVE,0,0.023529414,0.019607844,44305830,559.18463,174.87222
MOVE,0,0.023529414,0.019607844,44305847,564.4946,158.29166
MOVE,0,0.023529414,0.019607844,44305863,569.3807,144.09045
MOVE,0,0.023529414,0.019607844,44305880,573.4565,131.02606
MOVE,0,0.023529414,0.019607844,44305897,577.4208,119.73547
MOVE,0,0.023529414,0.019607844,44305913,580.8398,111.211975
MOVE,0,0.023529414,0.019607844,44305930,581.1928,106.17056
MOVE,0,0.023529414,0.019607844,44305947,582.1914,103.22775
MOVE,0,0.023529414,0.019607844,44305964,582.1914,101.99182
MOVE,0,0.023529414,0.019607844,44305975,582.1914,101.30966
MOVE,0,0.019607844,0.019607844,44306064,582.1914,101.40039
MOVE,0,0.003921569,0.019607844,44306081,582.1914,100.80475
MOVE,0,0.007843138,0.019607844,44306090,582.1914,100.80475
UP,0,0.007843138,0.019607844,44306119,582.1914,100.80475
DOWN,0,0.03529412,0.019607844,44337915,576.1997,402.6062
MOVE,0,0.03529412,0.019607844,44337944,576.1997,402.6062
MOVE,0,0.039215688,0.019607844,44337961,577.7729,398.6704
MOVE,0,0.039215688,0.019607844,44337978,582.9388,383.79053
MOVE,0,0.03137255,0.019607844,44337994,592.26587,361.6031
MOVE,0,0.03529412,0.019607844,44338061,626.3164,255.17865
MOVE,0,0.03529412,0.019607844,44338078,628.7532,233.82632
MOVE,0,0.03529412,0.019607844,44338095,631.75055,213.82318
MOVE,0,0.027450982,0.019607844,44338111,636.3755,194.44635
MOVE,0,0.03137255,0.019607844,44338128,641.9428,175.2526
MOVE,0,0.03137255,0.019607844,44338145,647.8288,159.73279
MOVE,0,0.03137255,0.019607844,44338162,652.23395,146.35535
MOVE,0,0.03137255,0.019607844,44338178,655.6976,136.9563
MOVE,0,0.03137255,0.019607844,44338195,656.6768,132.60611
MOVE,0,0.03137255,0.019607844,44338211,657.0874,130.28534
MOVE,0,0.03137255,0.019607844,44338295,658.086,129.18588
MOVE,0,0.027450982,0.019607844,44338312,658.086,128.78635
MOVE,0,0.007843138,0.019607844,44338329,659.0846,126.78766
MOVE,0,0.011764707,0.019607844,44338332,659.0846,126.78766
UP,0,0.011764707,0.019607844,44338349,659.0846,126.78766
DOWN,0,0.027450982,0.019607844,44365666,147.79474,263.69757
MOVE,0,0.027450982,0.019607844,44365696,132.36583,232.45325
MOVE,0,0.027450982,0.019607844,44365713,119.96793,205.71634
MOVE,0,0.027450982,0.019607844,44365729,108.4695,179.99295
MOVE,0,0.027450982,0.019607844,44365746,94.740616,151.79755
MOVE,0,0.023529414,0.019607844,44365796,57.300083,76.92468
MOVE,0,0.027450982,0.019607844,44365813,51.08977,61.53894
MOVE,0,0.023529414,0.019607844,44365830,46.624287,47.595917
MOVE,0,0.023529414,0.019607844,44365846,41.608986,35.84781
MOVE,0,0.023529414,0.019607844,44365863,38.736195,24.225098
MOVE,0,0.023529414,0.019607844,44365880,36.300076,16.26233
MOVE,0,0.019607844,0.019607844,44365897,34.301136,9.910858
MOVE,0,0.019607844,0.019607844,44365913,33.952843,5.8898773
MOVE,0,0.019607844,0.019607844,44365930,32.95423,3.5787659
MOVE,0,0.011764707,0.019607844,44365947,31.648682,-0.0899353
MOVE,0,0.003921569,0.019607844,44365963,28.959778,-5.1255646
MOVE,0,0.007843138,0.019607844,44365970,28.959778,-5.1255646
UP,0,0.007843138,0.019607844,44366001,28.959778,-5.1255646
MOVE,0,0.043137256,0.019607844,44366315,233.70073,539.42755
MOVE,0,0.039215688,0.019607844,44366331,219.56693,486.60254
MOVE,0,0.04705883,0.019607844,44366348,200.50543,431.80353
MOVE,0,0.04705883,0.04705883,44366365,182.57182,383.0357
MOVE,0,0.050980397,0.04705883,44366381,167.89384,346.96033
MOVE,0,0.050980397,0.04705883,44366398,156.71004,319.6728
MOVE,0,0.050980397,0.04705883,44366415,146.2838,296.64984
MOVE,0,0.04705883,0.019607844,44366432,135.09586,272.2589
MOVE,0,0.043137256,0.019607844,44366448,122.67132,248.17331
MOVE,0,0.039215688,0.019607844,44366465,109.887665,225.12344
MOVE,0,0.03137255,0.019607844,44366482,98.66929,206.62524
MOVE,0,0.03529412,0.019607844,44366498,89.27346,189.54126
MOVE,0,0.03529412,0.019607844,44366515,82.28502,175.55417
MOVE,0,0.027450982,0.019607844,44366532,76.59364,163.51355
MOVE,0,0.03137255,0.019607844,44366549,73.243546,155.80435
MOVE,0,0.03137255,0.019607844,44366565,71.24867,151.11926
MOVE,0,0.03137255,0.019607844,44366582,70.90153,149.11356
MOVE,0,0.03529412,0.019607844,44366589,70.90153,148.27353
MOVE,0,0.03529412,0.019607844,44366610,70.90153,147.77383
MOVE,0,0.039215688,0.019607844,44366660,70.90153,147.77383
MOVE,0,0.043137256,0.019607844,44366682,72.16511,150.30286
MOVE,0,0.04705883,0.019607844,44366699,79.15697,165.68631
MOVE,0,0.04705883,0.04705883,44366716,99.847595,200.80615
MOVE,0,0.050980397,0.04705883,44366733,122.69894,243.44962
MOVE,0,0.054901965,0.054901965,44366749,143.05293,289.68436
MOVE,0,0.058823533,0.054901965,44366766,160.95058,340.81598
MOVE,0,0.06666667,0.06666667,44366783,174.65953,394.82117
MOVE,0,0.07058824,0.06666667,44366799,185.89886,450.25433
MOVE,0,0.07058824,0.07058824,44366816,194.32373,509.33972
MOVE,0,0.07058824,0.06666667,44366833,200.00067,567.0356
MOVE,0,0.07058824,0.07058824,44366850,203.95474,617.7018
MOVE,0,0.07450981,0.07058824,44366866,206.7129,658.17975
MOVE,0,0.078431375,0.07450981,44366883,208.34889,687.71606
MOVE,0,0.078431375,0.078431375,44366900,208.71013,709.0383
MOVE,0,0.07450981,0.07450981,44366916,208.71013,725.0813
MOVE,0,0.078431375,0.07450981,44366933,208.71013,734.17993
MOVE,0,0.07058824,0.07058824,44366950,208.71013,738.3853
MOVE,0,0.0627451,0.0627451,44366967,208.71013,738.3853
MOVE,0,0.07450981,0.07450981,44366983,209.32391,733.54456
MOVE,0,0.078431375,0.078431375,44367000,212.67299,710.90546
MOVE,0,0.06666667,0.06666667,44367017,215.3231,674.98395
MOVE,0,0.058823533,0.058823533,44367033,215.08394,629.6406
MOVE,0,0.054901965,0.054901965,44367050,208.47969,570.1729
MOVE,0,0.054901965,0.050980397,44367067,192.58032,495.70563
MOVE,0,0.043137256,0.019607844,44367084,171.6491,407.50635
MOVE,0,0.039215688,0.019607844,44367100,149.94034,323.4983
MOVE,0,0.03529412,0.019607844,44367117,127.93563,251.19354
MOVE,0,0.03529412,0.019607844,44367134,106.59951,192.7384
MOVE,0,0.039215688,0.019607844,44367150,90.9666,155.00143
MOVE,0,0.039215688,0.019607844,44367167,82.59133,133.6073
MOVE,0,0.027450982,0.019607844,44367184,79.889046,121.21069
MOVE,0,0.027450982,0.019607844,44367201,78.890434,112.88153
MOVE,0,0.027450982,0.019607844,44367217,78.890434,105.158936
MOVE,0,0.027450982,0.019607844,44367234,78.890434,97.97165
MOVE,0,0.027450982,0.019607844,44367251,77.25338,90.254364
MOVE,0,0.027450982,0.019607844,44367267,75.89459,84.54355
MOVE,0,0.027450982,0.019607844,44367283,74.396675,80.81787
MOVE,0,0.03137255,0.019607844,44367304,74.89598,81.81723
MOVE,0,0.03137255,0.019607844,44367334,97.88416,107.26953
MOVE,0,0.039215688,0.019607844,44367351,144.8701,170.2844
MOVE,0,0.04705883,0.04705883,44367368,192.96667,247.2367
MOVE,0,0.054901965,0.050980397,44367385,221.95857,319.17078
MOVE,0,0.0627451,0.0627451,44367401,234.617,389.63367
MOVE,0,0.07450981,0.07058824,44367418,235.67268,456.36957
MOVE,0,0.078431375,0.07450981,44367435,235.67268,524.10443
MOVE,0,0.06666667,0.06666667,44367451,235.67268,588.6159
MOVE,0,0.06666667,0.0627451,44367468,235.67268,650.25995
MOVE,0,0.0627451,0.058823533,44367485,235.67268,702.4297
MOVE,0,0.0627451,0.058823533,44367502,235.67268,744.0481
MOVE,0,0.058823533,0.054901965,44367518,234.02951,774.1073
MOVE,0,0.0627451,0.058823533,44367535,232.03307,796.1493
MOVE,0,0.0627451,0.058823533,44367552,229.03647,811.2099
MOVE,0,0.06666667,0.0627451,44367568,226.0446,821.8962
MOVE,0,0.06666667,0.0627451,44367585,223.05669,826.9606
MOVE,0,0.06666667,0.06666667,44367602,222.69072,828.3262
MOVE,0,0.07058824,0.06666667,44367609,222.69072,828.3262
MOVE,0,0.0627451,0.0627451,44367652,223.20888,819.1811
MOVE,0,0.0627451,0.058823533,44367669,226.89346,789.8699
MOVE,0,0.050980397,0.050980397,44367685,230.92485,745.18823
MOVE,0,0.054901965,0.050980397,44367702,231.67822,682.1818
MOVE,0,0.04705883,0.04705883,44367719,224.92474,604.50616
MOVE,0,0.050980397,0.04705883,44367736,209.13927,521.5334
MOVE,0,0.043137256,0.019607844,44367752,188.74593,442.0619
MOVE,0,0.04705883,0.019607844,44367769,167.75783,373.872
MOVE,0,0.039215688,0.019607844,44367786,144.94965,313.69617
MOVE,0,0.03529412,0.019607844,44367802,118.688576,261.36594
MOVE,0,0.03137255,0.019607844,44367819,95.25273,216.4025
MOVE,0,0.027450982,0.019607844,44367836,76.83038,182.25818
MOVE,0,0.027450982,0.019607844,44367853,66.515686,158.38501
MOVE,0,0.027450982,0.019607844,44367869,61.91401,144.38684
MOVE,0,0.027450982,0.019607844,44367886,60.278385,137.50479
MOVE,0,0.027450982,0.019607844,44367893,59.417473,135.78174
MOVE,0,0.03137255,0.019607844,44367936,59.916782,136.78107
MOVE,0,0.03529412,0.019607844,44367953,68.37168,148.51617
MOVE,0,0.039215688,0.019607844,44367970,89.78602,182.3901
MOVE,0,0.04705883,0.04705883,44367986,122.63414,238.8377
MOVE,0,0.054901965,0.050980397,44368003,161.14491,317.65448
MOVE,0,0.054901965,0.054901965,44368020,195.10529,405.4361
MOVE,0,0.058823533,0.054901965,44368037,221.32498,488.6269
MOVE,0,0.054901965,0.054901965,44368053,238.29883,562.0701
MOVE,0,0.050980397,0.050980397,44368070,244.27234,627.4178
MOVE,0,0.050980397,0.04705883,44368087,243.00197,689.8939
MOVE,0,0.050980397,0.04705883,44368103,237.07698,744.88885
MOVE,0,0.050980397,0.050980397,44368120,228.01729,790.57104
MOVE,0,0.0627451,0.058823533,44368137,217.53288,823.5583
MOVE,0,0.06666667,0.0627451,44368154,212.05818,842.84753
MOVE,0,0.06666667,0.0627451,44368170,210.70735,850.60364
MOVE,0,0.0627451,0.0627451,44368187,209.70874,856.92847
MOVE,0,0.054901965,0.054901965,44368204,208.71013,865.3804
MOVE,0,0.03529412,0.019607844,44368220,204.99886,877.29895
MOVE,0,0.019607844,0.019607844,44368237,203.71707,880.292
MOVE,0,0.03137255,0.019607844,44368254,203.71707,880.292
MOVE,0,0.050980397,0.050980397,44368271,203.71707,880.292
MOVE,0,0.0627451,0.058823533,44368287,203.71707,880.292
MOVE,0,0.06666667,0.06666667,44368304,207.65701,863.8727
MOVE,0,0.0627451,0.0627451,44368321,215.30243,831.61743
MOVE,0,0.058823533,0.054901965,44368337,223.1721,797.17737
MOVE,0,0.050980397,0.050980397,44368354,227.96744,760.53015
MOVE,0,0.04705883,0.019607844,44368371,228.68239,711.5072
MOVE,0,0.043137256,0.019607844,44368388,219.52565,646.1834
MOVE,0,0.043137256,0.019607844,44368404,200.46207,571.4168
MOVE,0,0.043137256,0.019607844,44368421,177.89723,496.3228
MOVE,0,0.043137256,0.019607844,44368438,155.17409,421.7577
MOVE,0,0.03137255,0.019607844,44368454,129.25966,339.64807
MOVE,0,0.027450982,0.019607844,44368471,99.27659,263.21884
MOVE,0,0.023529414,0.019607844,44368488,72.42566,203.78949
MOVE,0,0.019607844,0.019607844,44368505,55.017223,168.94717
MOVE,0,0.019607844,0.019607844,44368521,47.291958,154.2002
MOVE,0,0.019607844,0.019607844,44368538,44.28827,147.4736
MOVE,0,0.019607844,0.019607844,44368555,42.94036,144.57742
MOVE,0,0.019607844,0.019607844,44368572,42.94036,142.77713
MOVE,0,0.015686275,0.019607844,44368588,42.94036,141.77777
MOVE,0,0.019607844,0.019607844,44368596,42.94036,141.77777
MOVE,0,0.023529414,0.019607844,44368655,49.100845,155.74048
MOVE,0,0.011764707,0.019607844,44368672,63.78385,191.75226
MOVE,0,0.007843138,0.019607844,44368689,82.94846,234.20218
MOVE,0,0.015686275,0.019607844,44368705,94.764496,262.01907
MOVE,0,0.027450982,0.019607844,44368722,96.86546,275.78445
MOVE,0,0.03137255,0.019607844,44368739,97.86408,289.93842
MOVE,0,0.03137255,0.019607844,44368755,98.86269,308.77786
MOVE,0,0.03137255,0.019607844,44368772,98.86269,336.10132
MOVE,0,0.019607844,0.019607844,44368789,99.99084,374.61633
MOVE,0,0.015686275,0.019607844,44368806,106.47887,431.9442
MOVE,0,0.023529414,0.019607844,44368822,111.038376,485.05566
MOVE,0,0.027450982,0.019607844,44368839,110.84605,524.1964
MOVE,0,0.03137255,0.019607844,44368856,110.189804,550.7375
MOVE,0,0.03137255,0.019607844,44368872,107.193665,570.41296
MOVE,0,0.03137255,0.019607844,44368889,105.19184,587.4432
MOVE,0,0.023529414,0.019607844,44368906,103.85576,604.4688
MOVE,0,0.023529414,0.019607844,44368923,103.85576,623.96594
MOVE,0,0.007843138,0.019607844,44368939,105.15733,640.66315
MOVE,0,0.007843138,0.019607844,44368955,105.85298,643.44775
UP,0,0.007843138,0.019607844,44368992,105.85298,643.44775
DOWN,0,0.04705883,0.04705883,44369411,615.1456,243.71072
MOVE,0,0.039215688,0.019607844,44369421,615.1456,243.71072
MOVE,0,0.043137256,0.019607844,44369441,613.1468,248.37805
MOVE,0,0.03529412,0.019607844,44369458,599.33527,276.35394
MOVE,0,0.03137255,0.019607844,44369474,573.36084,333.09912
MOVE,0,0.027450982,0.019607844,44369491,547.33234,410.37903
MOVE,0,0.03137255,0.019607844,44369508,525.4098,500.10028
MOVE,0,0.03137255,0.019607844,44369524,512.2484,591.4513
MOVE,0,0.03137255,0.019607844,44369541,507.0412,682.3954
MOVE,0,0.03529412,0.019607844,44369558,505.29822,761.48785
MOVE,0,0.03529412,0.019607844,44369575,505.29822,822.9512
MOVE,0,0.03529412,0.019607844,44369591,505.29822,870.5576
MOVE,0,0.039215688,0.019607844,44369608,505.95,903.4149
MOVE,0,0.039215688,0.019607844,44369625,507.92136,926.7831
MOVE,0,0.039215688,0.019607844,44369642,510.947,946.50134
MOVE,0,0.039215688,0.019607844,44369658,513.92944,961.09814
MOVE,0,0.039215688,0.019607844,44369675,515.9205,969.14453
MOVE,0,0.039215688,0.019607844,44369690,516.28296,973.2307
MOVE,0,0.043137256,0.019607844,44369708,516.28296,972.23145
MOVE,0,0.043137256,0.019607844,44369742,506.84552,932.5543
MOVE,0,0.04705883,0.04705883,44369759,499.44513,872.2035
MOVE,0,0.04705883,0.019607844,44369775,497.9376,794.553
MOVE,0,0.04705883,0.019607844,44369792,503.51096,706.5139
MOVE,0,0.043137256,0.019607844,44369809,518.01855,612.8651
MOVE,0,0.03529412,0.019607844,44369825,538.47546,514.35596
MOVE,0,0.039215688,0.019607844,44369842,563.063,418.52332
MOVE,0,0.03529412,0.019607844,44369859,586.4882,333.07104
MOVE,0,0.03529412,0.019607844,44369876,603.09186,267.35767
MOVE,0,0.03529412,0.019607844,44369892,611.11444,225.94305
MOVE,0,0.03529412,0.019607844,44369909,614.4395,197.98364
MOVE,0,0.03529412,0.019607844,44369926,618.99963,175.07904
MOVE,0,0.03529412,0.019607844,44369942,629.04913,145.31476
MOVE,0,0.027450982,0.019607844,44369959,642.3323,114.41229
MOVE,0,0.03137255,0.019607844,44369976,650.06726,90.90082
MOVE,0,0.023529414,0.019607844,44369993,654.33215,76.098114
MOVE,0,0.027450982,0.019607844,44370009,656.7225,67.9227
MOVE,0,0.027450982,0.019607844,44370026,658.086,64.17261
MOVE,0,0.027450982,0.019607844,44370043,658.086,63.82907
MOVE,0,0.019607844,0.019607844,44370059,658.086,63.82907
MOVE,0,0.011764707,0.019607844,44370076,658.086,63.82907
MOVE,0,0.003921569,0.019607844,44370093,658.086,63.82907
MOVE,0,0.007843138,0.019607844,44370097,658.086,63.82907
UP,0,0.007843138,0.019607844,44370113,658.086,63.82907
DOWN,0,0.015686275,0.019607844,44392833,543.2455,347.64233
MOVE,0,0.019607844,0.019607844,44392846,543.2455,347.64233
MOVE,0,0.023529414,0.019607844,44392863,543.2455,347.64233
MOVE,0,0.023529414,0.019607844,44392896,541.9106,342.97192
MOVE,0,0.023529414,0.019607844,44392913,535.86774,329.10248
MOVE,0,0.015686275,0.019607844,44392930,532.01636,308.19968
MOVE,0,0.019607844,0.019607844,44392946,531.26215,281.78854
MOVE,0,0.019607844,0.019607844,44392962,533.4995,247.54385
MOVE,0,0.019607844,0.019607844,44392979,539.5355,211.87866
MOVE,0,0.019607844,0.019607844,44392996,547.06433,175.41904
MOVE,0,0.019607844,0.019607844,44393013,553.1451,143.21024
MOVE,0,0.015686275,0.019607844,44393079,563.2178,61.792206
MOVE,0,0.019607844,0.019607844,44393096,563.2178,47.060837
MOVE,0,0.019607844,0.019607844,44393113,563.2178,33.159103
MOVE,0,0.019607844,0.019607844,44393129,565.81854,16.420532
MOVE,0,0.019607844,0.019607844,44393146,567.84106,-1.7952118
MOVE,0,0.019607844,0.019607844,44393163,569.77234,-15.500519
MOVE,0,0.019607844,0.019607844,44393180,571.20667,-27.101334
MOVE,0,0.019607844,0.019607844,44393196,571.20667,-35.54477
MOVE,0,0.019607844,0.019607844,44393213,572.20526,-42.761353
MOVE,0,0.019607844,0.019607844,44393230,572.20526,-47.20671
MOVE,0,0.019607844,0.019607844,44393246,572.20526,-49.63356
MOVE,0,0.019607844,0.019607844,44393255,572.20526,-50.595673
MOVE,0,0.015686275,0.019607844,44393297,572.20526,-50.095993
MOVE,0,0.003921569,0.019607844,44393313,572.20526,-50.095993
MOVE,0,0.007843138,0.019607844,44393317,572.20526,-50.095993
UP,0,0.007843138,0.019607844,44393334,572.20526,-50.095993
DOWN,0,0.027450982,0.019607844,44396727,602.1637,515.5319
MOVE,0,0.03137255,0.019607844,44396757,602.1637,512.29565
MOVE,0,0.019607844,0.019607844,44396774,599.9051,496.7124
MOVE,0,0.023529414,0.019607844,44396791,594.2851,459.3423
MOVE,0,0.015686275,0.019607844,44396807,589.9137,415.6609
MOVE,0,0.019607844,0.019607844,44396824,588.1831,372.03912
MOVE,0,0.023529414,0.019607844,44396841,588.1831,331.29944
MOVE,0,0.023529414,0.019607844,44396857,590.3847,295.43707
MOVE,0,0.023529414,0.019607844,44396874,594.3367,263.98148
MOVE,0,0.023529414,0.019607844,44396891,600.37854,233.62424
MOVE,0,0.023529414,0.019607844,44396908,606.95746,208.13235
MOVE,0,0.023529414,0.019607844,44396924,611.73926,190.62344
MOVE,0,0.023529414,0.019607844,44396941,613.14844,181.42282
MOVE,0,0.023529414,0.019607844,44396958,613.7241,174.29742
MOVE,0,0.023529414,0.019607844,44396975,617.34033,156.77927
MOVE,0,0.023529414,0.019607844,44396991,621.32855,134.4209
MOVE,0,0.023529414,0.019607844,44397008,624.7259,119.2312
MOVE,0,0.023529414,0.019607844,44397025,627.129,109.39139
MOVE,0,0.023529414,0.019607844,44397041,628.1276,104.023834
MOVE,0,0.015686275,0.019607844,44397058,628.1276,102.18005
MOVE,0,0.023529414,0.019607844,44397075,628.1276,100.18271
MOVE,0,0.023529414,0.019607844,44397082,628.1276,99.305725
MOVE,0,0.019607844,0.019607844,44397292,626.5156,103.56949
MOVE,0,0.023529414,0.019607844,44397309,617.5075,128.268
MOVE,0,0.023529414,0.019607844,44397326,604.4686,162.83939
MOVE,0,0.023529414,0.019607844,44397342,591.42633,202.24548
MOVE,0,0.023529414,0.019607844,44397359,580.03625,245.60541
MOVE,0,0.019607844,0.019607844,44397376,570.2012,292.11197
MOVE,0,0.023529414,0.019607844,44397392,560.75195,339.22882
MOVE,0,0.027450982,0.019607844,44397409,554.9769,380.51715
MOVE,0,0.027450982,0.019607844,44397426,550.95874,412.5318
MOVE,0,0.027450982,0.019607844,44397443,548.6146,433.57336
MOVE,0,0.027450982,0.019607844,44397459,548.2386,443.83112
MOVE,0,0.03137255,0.019607844,44397476,548.2386,447.198
MOVE,0,0.03137255,0.019607844,44397483,548.2386,448.0763
MOVE,0,0.023529414,0.019607844,44397610,548.80115,444.76166
MOVE,0,0.027450982,0.019607844,44397627,552.4494,427.5066
MOVE,0,0.027450982,0.019607844,44397643,557.99786,405.104
MOVE,0,0.027450982,0.019607844,44397660,562.9888,383.12653
MOVE,0,0.027450982,0.019607844,44397677,567.40314,362.6764
MOVE,0,0.027450982,0.019607844,44397693,572.32007,345.18427
MOVE,0,0.027450982,0.019607844,44397710,577.3712,327.37677
MOVE,0,0.027450982,0.019607844,44397727,582.4127,309.7808
MOVE,0,0.027450982,0.019607844,44397744,585.78253,297.69452
MOVE,0,0.027450982,0.019607844,44397760,587.1845,290.83755
MOVE,0,0.027450982,0.019607844,44397777,587.1845,288.8824
MOVE,0,0.027450982,0.019607844,44397794,587.1845,287.8937
MOVE,0,0.027450982,0.019607844,44397805,587.1845,287.20938
MOVE,0,0.027450982,0.019607844,44397844,587.1845,287.6818
MOVE,0,0.019607844,0.019607844,44397861,587.1845,287.6818
MOVE,0,0.015686275,0.019607844,44397877,587.1845,287.6818
MOVE,0,0.007843138,0.019607844,44397894,587.1845,287.6818
MOVE,0,0.011764707,0.019607844,44397899,587.1845,287.6818
UP,0,0.011764707,0.019607844,44397915,587.1845,287.6818
MOVE,0,0.023529414,0.019607844,44402959,542.62274,395.1385
MOVE,0,0.023529414,0.019607844,44402976,541.2483,350.4095
MOVE,0,0.023529414,0.019607844,44402993,543.5026,300.58337
MOVE,0,0.023529414,0.019607844,44403010,548.97595,255.53387
MOVE,0,0.023529414,0.019607844,44403026,555.568,215.6159
MOVE,0,0.027450982,0.019607844,44403043,562.06323,180.3039
MOVE,0,0.027450982,0.019607844,44403060,567.4341,148.60712
MOVE,0,0.027450982,0.019607844,44403076,572.04285,118.60629
MOVE,0,0.03137255,0.019607844,44403093,577.9862,90.05951
MOVE,0,0.03529412,0.019607844,44403110,581.7568,65.6156
MOVE,0,0.03529412,0.019607844,44403127,582.1914,47.75087
MOVE,0,0.027450982,0.019607844,44403143,583.19,35.576767
MOVE,0,0.03529412,0.019607844,44403160,583.19,28.13559
MOVE,0,0.03529412,0.019607844,44403177,583.19,24.283249
MOVE,0,0.03529412,0.019607844,44403193,583.19,22.260468
MOVE,0,0.03529412,0.019607844,44403201,583.19,21.356995
MOVE,0,0.027450982,0.019607844,44403227,583.19,21.856674
MOVE,0,0.023529414,0.019607844,44403244,583.19,21.856674
MOVE,0,0.011764707,0.019607844,44403260,583.19,21.856674
MOVE,0,0.007843138,0.019607844,44403272,583.19,21.856674
UP,0,0.007843138,0.019607844,44403281,583.19,21.856674
DOWN,0,0.019607844,0.019607844,44403482,460.36063,384.61804
MOVE,0,0.023529414,0.019607844,44403492,460.36063,384.61804
MOVE,0,0.019607844,0.019607844,44403511,461.5617,381.01215
MOVE,0,0.023529414,0.019607844,44403528,466.23358,362.48114
MOVE,0,0.023529414,0.019607844,44403578,497.42767,263.3422
MOVE,0,0.023529414,0.019607844,44403595,508.40903,233.99475
MOVE,0,0.023529414,0.019607844,44403611,518.46,205.83148
MOVE,0,0.023529414,0.019607844,44403628,528.94666,178.39114
MOVE,0,0.023529414,0.019607844,44403645,538.9652,155.34134
MOVE,0,0.023529414,0.019607844,44403662,548.046,137.56372
MOVE,0,0.023529414,0.019607844,44403678,554.0758,125.7128
MOVE,0,0.023529414,0.019607844,44403695,558.4153,119.00653
MOVE,0,0.023529414,0.019607844,44403712,560.2219,114.601105
MOVE,0,0.023529414,0.019607844,44403728,561.71985,113.7962
MOVE,0,0.023529414,0.019607844,44403749,561.2205,112.796844
MOVE,0,0.007843138,0.019607844,44403829,561.2205,112.796844
MOVE,0,0.011764707,0.019607844,44403833,561.2205,112.796844
UP,0,0.011764707,0.019607844,44403850,561.2205,112.796844
DOWN,0,0.023529414,0.019607844,44408863,531.26215,423.5924
MOVE,0,0.027450982,0.019607844,44408894,531.26215,418.31097
MOVE,0,0.023529414,0.019607844,44408911,531.26215,395.24475
MOVE,0,0.023529414,0.019607844,44408928,533.86664,359.68823
MOVE,0,0.023529414,0.019607844,44408978,546.4724,270.68878
MOVE,0,0.023529414,0.019607844,44409011,558.3082,214.86206
MOVE,0,0.023529414,0.019607844,44409028,569.3164,183.42899
MOVE,0,0.023529414,0.019607844,44409045,580.5975,153.95721
MOVE,0,0.023529414,0.019607844,44409061,587.9857,131.97797
MOVE,0,0.023529414,0.019607844,44409078,591.77893,119.78824
MOVE,0,0.023529414,0.019607844,44409095,593.75226,113.642456
MOVE,0,0.027450982,0.019607844,44409111,594.17474,110.58505
MOVE,0,0.019607844,0.019607844,44409128,594.17474,108.216064
MOVE,0,0.023529414,0.019607844,44409145,594.17474,106.22745
MOVE,0,0.023529414,0.019607844,44409152,594.17474,105.30179
MOVE,0,0.023529414,0.019607844,44409182,594.17474,104.802124
MOVE,0,0.015686275,0.019607844,44409212,594.17474,104.802124
MOVE,0,0.007843138,0.019607844,44409228,594.17474,104.802124
MOVE,0,0.011764707,0.019607844,44409237,594.17474,104.802124
UP,0,0.011764707,0.019607844,44409266,594.17474,104.802124
DOWN,0,0.019607844,0.019607844,44412826,448.37726,264.69693
MOVE,0,0.023529414,0.019607844,44412857,446.71515,269.68686
MOVE,0,0.015686275,0.019607844,44412873,439.47137,289.17035
MOVE,0,0.019607844,0.019607844,44412890,426.87653,324.30786
MOVE,0,0.019607844,0.019607844,44412907,413.88248,364.25958
MOVE,0,0.011764707,0.019607844,44412923,401.55273,405.2179
MOVE,0,0.019607844,0.019607844,44412940,389.74603,445.95325
MOVE,0,0.019607844,0.019607844,44412957,380.01996,487.81134
MOVE,0,0.019607844,0.019607844,44412974,371.94226,527.959
MOVE,0,0.019607844,0.019607844,44412990,365.61102,564.16
MOVE,0,0.019607844,0.019607844,44413007,360.23227,595.3513
MOVE,0,0.019607844,0.019607844,44413024,355.86804,618.841
MOVE,0,0.019607844,0.019607844,44413040,353.87344,633.2649
MOVE,0,0.023529414,0.019607844,44413057,351.5118,641.332
MOVE,0,0.023529414,0.019607844,44413074,350.51318,645.62524
MOVE,0,0.015686275,0.019607844,44413091,349.51456,647.6591
MOVE,0,0.011764707,0.019607844,44413107,349.51456,650.028
MOVE,0,0.007843138,0.019607844,44413124,349.51456,652.44183
MOVE,0,0.007843138,0.019607844,44413140,349.51456,652.44183
UP,0,0.007843138,0.019607844,44413177,349.51456,652.44183
DOWN,0,0.027450982,0.019607844,44419330,569.2095,169.75937
MOVE,0,0.03137255,0.019607844,44419343,566.8041,174.57367
MOVE,0,0.03529412,0.019607844,44419359,556.6503,190.70645
MOVE,0,0.03137255,0.019607844,44419376,544.6594,216.49426
MOVE,0,0.03137255,0.019607844,44419393,533.6281,247.39029
MOVE,0,0.027450982,0.019607844,44419443,508.48514,336.09033
MOVE,0,0.027450982,0.019607844,44419460,504.05502,362.72437
MOVE,0,0.019607844,0.019607844,44419476,500.121,386.7229
MOVE,0,0.023529414,0.019607844,44419493,497.07367,411.3982
MOVE,0,0.023529414,0.019607844,44419510,494.699,432.7256
MOVE,0,0.027450982,0.019607844,44419527,491.71832,450.76575
MOVE,0,0.027450982,0.019607844,44419543,490.72574,464.529
MOVE,0,0.03137255,0.019607844,44419560,489.702,474.0307
MOVE,0,0.03137255,0.019607844,44419577,489.3204,480.7362
MOVE,0,0.03137255,0.019607844,44419594,489.3204,484.72717
MOVE,0,0.03137255,0.019607844,44419610,489.3204,487.17194
MOVE,0,0.03137255,0.019607844,44419627,489.3204,489.15594
MOVE,0,0.03137255,0.019607844,44419644,489.3204,491.1754
MOVE,0,0.03137255,0.019607844,44419651,489.3204,492.04736
MOVE,0,0.027450982,0.019607844,44419727,489.3204,491.54767
MOVE,0,0.023529414,0.019607844,44419744,489.3204,491.54767
MOVE,0,0.007843138,0.019607844,44419761,489.3204,491.54767
MOVE,0,0.007843138,0.019607844,44419776,489.3204,491.54767
UP,0,0.007843138,0.019607844,44419816,489.3204,491.54767
DOWN,0,0.03137255,0.019607844,44425799,578.19696,777.3597
MOVE,0,0.027450982,0.019607844,44425829,578.19696,777.3597
MOVE,0,0.03137255,0.019607844,44425846,577.4372,769.75635
MOVE,0,0.03137255,0.019607844,44425862,574.6585,738.51825
MOVE,0,0.023529414,0.019607844,44425879,574.2025,690.8413
MOVE,0,0.03137255,0.019607844,44425896,575.3789,635.3717
MOVE,0,0.03137255,0.019607844,44425913,580.86676,579.87
MOVE,0,0.03137255,0.019607844,44425929,587.8868,523.62946
MOVE,0,0.027450982,0.019607844,44425946,595.4423,465.1123
MOVE,0,0.027450982,0.019607844,44425963,602.33136,409.41864
MOVE,0,0.027450982,0.019607844,44425979,606.2777,363.31488
MOVE,0,0.027450982,0.019607844,44425996,607.7238,323.86884
MOVE,0,0.027450982,0.019607844,44426013,609.7227,291.7061
MOVE,0,0.027450982,0.019607844,44426030,610.7249,265.81827
MOVE,0,0.027450982,0.019607844,44426046,612.1498,243.96399
MOVE,0,0.027450982,0.019607844,44426063,614.6615,223.57214
MOVE,0,0.019607844,0.019607844,44426080,617.7123,203.60529
MOVE,0,0.023529414,0.019607844,44426096,619.6983,187.27585
MOVE,0,0.023529414,0.019607844,44426113,621.6568,174.63504
MOVE,0,0.023529414,0.019607844,44426130,623.1345,164.68979
MOVE,0,0.023529414,0.019607844,44426147,623.1345,158.74954
MOVE,0,0.023529414,0.019607844,44426163,623.1345,155.24445
MOVE,0,0.023529414,0.019607844,44426171,623.1345,154.26953
MOVE,0,0.015686275,0.019607844,44426197,623.1345,154.2424
MOVE,0,0.019607844,0.019607844,44426213,623.1345,152.19724
MOVE,0,0.007843138,0.019607844,44426230,623.1345,149.66296
MOVE,0,0.007843138,0.019607844,44426247,623.1345,148.7732
UP,0,0.007843138,0.019607844,44426284,623.1345,148.7732
MOVE,0,0.015686275,0.019607844,44426748,553.8421,725.14496
MOVE,0,0.019607844,0.019607844,44426765,545.3695,667.5742
MOVE,0,0.019607844,0.019607844,44426782,544.24414,617.49457
MOVE,0,0.019607844,0.019607844,44426799,547.9753,574.3386
MOVE,0,0.019607844,0.019607844,44426816,557.0484,535.2307
MOVE,0,0.019607844,0.019607844,44426832,568.2251,496.09027
MOVE,0,0.019607844,0.019607844,44426849,577.6968,459.1972
MOVE,0,0.019607844,0.019607844,44426866,583.33246,433.8725
MOVE,0,0.019607844,0.019607844,44426882,586.18585,421.1549
MOVE,0,0.019607844,0.019607844,44426899,586.18585,416.36542
MOVE,0,0.011764707,0.019607844,44426916,586.18585,414.98505
MOVE,0,0.019607844,0.019607844,44426932,586.18585,414.59833
MOVE,0,0.019607844,0.019607844,44426949,586.18585,413.29065
MOVE,0,0.011764707,0.019607844,44427000,586.18585,413.59894
MOVE,0,0.015686275,0.019607844,44427016,586.18585,412.03925
MOVE,0,0.011764707,0.019607844,44427033,587.1845,408.82135
MOVE,0,0.007843138,0.019607844,44427049,588.6824,403.10583
UP,0,0.007843138,0.019607844,44427086,588.6824,403.10583
MOVE,0,0.023529414,0.019607844,44427551,464.35507,568.0849
MOVE,0,0.027450982,0.019607844,44427568,463.35645,537.90314
MOVE,0,0.027450982,0.019607844,44427585,463.35645,523.9974
MOVE,0,0.027450982,0.019607844,44427601,463.35645,518.41376
MOVE,0,0.023529414,0.019607844,44427617,463.35645,516.0316
MOVE,0,0.023529414,0.019607844,44427635,463.35645,514.9706
MOVE,0,0.023529414,0.019607844,44427651,463.35645,513.7379
MOVE,0,0.015686275,0.019607844,44427668,463.35645,511.94196
MOVE,0,0.019607844,0.019607844,44427685,463.35645,509.93677
MOVE,0,0.019607844,0.019607844,44427702,463.35645,508.73273
MOVE,0,0.011764707,0.019607844,44427718,463.35645,506.69684
MOVE,0,0.003921569,0.019607844,44427735,463.35645,502.54047
MOVE,0,0.007843138,0.019607844,44427738,463.35645,502.54047
UP,0,0.007843138,0.019607844,44427756,463.35645,502.54047
MOVE,0,0.03137255,0.019607844,44435843,437.23798,549.4799
MOVE,0,0.027450982,0.019607844,44435860,433.1306,590.16095
MOVE,0,0.027450982,0.019607844,44435877,429.1695,628.56757
MOVE,0,0.027450982,0.019607844,44435893,425.16037,664.6761
MOVE,0,0.027450982,0.019607844,44435910,421.16852,698.0074
MOVE,0,0.019607844,0.019607844,44435927,417.17078,732.0129
MOVE,0,0.023529414,0.019607844,44435944,413.80014,768.24365
MOVE,0,0.015686275,0.019607844,44435960,410.79498,804.1279
MOVE,0,0.019607844,0.019607844,44435977,408.18668,835.04663
MOVE,0,0.019607844,0.019607844,44435994,405.21188,859.43225
MOVE,0,0.023529414,0.019607844,44436009,401.44244,875.29517
MOVE,0,0.023529414,0.019607844,44436027,399.21432,884.13635
MOVE,0,0.023529414,0.019607844,44436044,396.91028,889.901
MOVE,0,0.023529414,0.019607844,44436061,395.45078,893.51404
MOVE,0,0.023529414,0.019607844,44436077,394.45215,894.91797
MOVE,0,0.023529414,0.019607844,44436094,394.45215,896.781
MOVE,0,0.015686275,0.019607844,44436161,394.45215,896.2814
MOVE,0,0.019607844,0.019607844,44436178,394.45215,896.2814
MOVE,0,0.003921569,0.019607844,44436194,394.45215,896.2814
MOVE,0,0.007843138,0.019607844,44436203,394.45215,896.2814
UP,0,0.007843138,0.019607844,44436232,394.45215,896.2814
MOVE,0,0.023529414,0.019607844,44439906,391.01877,569.6085
MOVE,0,0.023529414,0.019607844,44439922,396.75436,536.38043
MOVE,0,0.023529414,0.019607844,44439939,400.67072,512.7842
MOVE,0,0.023529414,0.019607844,44439956,404.60565,494.875
MOVE,0,0.023529414,0.019607844,44439973,408.66245,477.02216
MOVE,0,0.015686275,0.019607844,44439989,414.3403,458.54492
MOVE,0,0.023529414,0.019607844,44440006,420.99628,437.4856
MOVE,0,0.023529414,0.019607844,44440023,428.25873,416.4187
MOVE,0,0.023529414,0.019607844,44440040,434.28607,398.57086
MOVE,0,0.023529414,0.019607844,44440056,438.67383,384.12756
MOVE,0,0.023529414,0.019607844,44440073,443.26752,374.48608
MOVE,0,0.023529414,0.019607844,44440090,446.48886,367.41144
MOVE,0,0.023529414,0.019607844,44440106,449.0199,360.70325
MOVE,0,0.023529414,0.019607844,44440123,451.3731,355.4135
MOVE,0,0.023529414,0.019607844,44440140,453.01218,350.71625
MOVE,0,0.023529414,0.019607844,44440157,453.37033,348.00623
MOVE,0,0.023529414,0.019607844,44440173,454.36893,346.03845
MOVE,0,0.023529414,0.019607844,44440190,454.36893,344.84302
MOVE,0,0.023529414,0.019607844,44440201,454.36893,344.1714
MOVE,0,0.019607844,0.019607844,44440240,454.36893,344.05762
MOVE,0,0.003921569,0.019607844,44440257,455.36755,341.6463
MOVE,0,0.007843138,0.019607844,44440265,455.36755,341.6463
UP,0,0.007843138,0.019607844,44440294,455.36755,341.6463
MOVE,0,0.023529414,0.019607844,44440792,477.35117,318.29065
MOVE,0,0.023529414,0.019607844,44440809,481.4776,304.80475
MOVE,0,0.023529414,0.019607844,44440825,483.32874,297.726
MOVE,0,0.023529414,0.019607844,44440842,484.32733,294.40753
MOVE,0,0.019607844,0.019607844,44440859,485.32596,292.6785
MOVE,0,0.003921569,0.019607844,44440875,485.32596,291.67917
MOVE,0,0.007843138,0.019607844,44440882,485.32596,291.67917
UP,0,0.007843138,0.019607844,44440912,485.32596,291.67917
MOVE,0,0.019607844,0.019607844,44441243,541.2329,280.13275
MOVE,0,0.023529414,0.019607844,44441260,548.8398,234.75482
MOVE,0,0.023529414,0.019607844,44441277,558.41595,186.42911
MOVE,0,0.023529414,0.019607844,44441293,567.1699,143.37827
MOVE,0,0.023529414,0.019607844,44441310,573.4916,109.13846
MOVE,0,0.023529414,0.019607844,44441327,577.4958,85.32562
MOVE,0,0.027450982,0.019607844,44441344,579.8422,68.64548
MOVE,0,0.027450982,0.019607844,44441360,580.8227,57.686325
MOVE,0,0.019607844,0.019607844,44441377,582.1914,49.24292
MOVE,0,0.027450982,0.019607844,44441394,583.19,43.61502
MOVE,0,0.023529414,0.019607844,44441410,583.19,41.19168
MOVE,0,0.011764707,0.019607844,44441427,583.19,40.844193
MOVE,0,0.015686275,0.019607844,44441430,583.19,40.844193
UP,0,0.015686275,0.019607844,44441447,583.19,40.844193
MOVE,0,0.023529414,0.019607844,44441828,592.36115,177.90665
MOVE,0,0.023529414,0.019607844,44441845,607.33655,127.894226
MOVE,0,0.023529414,0.019607844,44441862,620.3494,88.253296
MOVE,0,0.023529414,0.019607844,44441879,629.0766,58.381363
MOVE,0,0.023529414,0.019607844,44441895,634.3367,39.97415
MOVE,0,0.023529414,0.019607844,44441912,636.7758,29.21103
MOVE,0,0.015686275,0.019607844,44441929,638.76245,22.557083
MOVE,0,0.023529414,0.019607844,44441945,639.11237,18.206848
MOVE,0,0.023529414,0.019607844,44441962,640.6102,16.36029
MOVE,0,0.023529414,0.019607844,44441979,640.11096,15.239975
MOVE,0,0.023529414,0.019607844,44441994,640.11096,13.362274
MOVE,0,0.019607844,0.019607844,44442029,640.11096,13.861938
MOVE,0,0.003921569,0.019607844,44442046,640.11096,13.861938
MOVE,0,0.007843138,0.019607844,44442053,640.11096,13.861938
UP,0,0.007843138,0.019607844,44442083,640.11096,13.861938
DOWN,0,0.03529412,0.019607844,44445358,473.3426,708.405
MOVE,0,0.039215688,0.019607844,44445389,473.3426,709.16534
MOVE,0,0.039215688,0.019607844,44445406,473.3426,718.0081
MOVE,0,0.039215688,0.019607844,44445422,473.3426,737.1287
MOVE,0,0.03137255,0.019607844,44445439,473.3426,759.6586
MOVE,0,0.039215688,0.019607844,44445456,473.3426,779.6866
MOVE,0,0.039215688,0.019607844,44445472,473.3426,794.8109
MOVE,0,0.039215688,0.019607844,44445489,473.3426,803.4898
MOVE,0,0.039215688,0.019607844,44445505,473.3426,807.3399
MOVE,0,0.039215688,0.019607844,44445556,470.2549,779.71436
MOVE,0,0.043137256,0.019607844,44445573,466.79352,750.00525
MOVE,0,0.043137256,0.019607844,44445589,464.76544,717.9737
MOVE,0,0.039215688,0.019607844,44445606,463.35645,683.5124
MOVE,0,0.039215688,0.019607844,44445623,463.9174,640.40674
MOVE,0,0.039215688,0.019607844,44445640,468.5709,588.4875
MOVE,0,0.03137255,0.019607844,44445656,479.79294,530.3787
MOVE,0,0.027450982,0.019607844,44445673,494.19672,474.58124
MOVE,0,0.03137255,0.019607844,44445690,506.33502,424.9449
MOVE,0,0.03137255,0.019607844,44445706,515.5518,380.14764
MOVE,0,0.03529412,0.019607844,44445723,523.4923,338.99634
MOVE,0,0.03529412,0.019607844,44445740,532.5063,297.8844
MOVE,0,0.03529412,0.019607844,44445757,542.1829,256.95822
MOVE,0,0.03529412,0.019607844,44445773,551.3867,220.04007
MOVE,0,0.03529412,0.019607844,44445790,558.80225,187.85571
MOVE,0,0.03529412,0.019607844,44445807,564.3105,161.19943
MOVE,0,0.03529412,0.019607844,44445823,567.7453,141.50711
MOVE,0,0.03529412,0.019607844,44445840,569.7673,128.43494
MOVE,0,0.03529412,0.019607844,44445857,570.7429,121.1846
MOVE,0,0.03529412,0.019607844,44445873,571.20667,118.243225
MOVE,0,0.039215688,0.019607844,44445890,571.20667,117.79358
MOVE,0,0.03529412,0.019607844,44445957,571.20667,117.79358
MOVE,0,0.015686275,0.019607844,44445973,571.20667,117.79358
MOVE,0,0.019607844,0.019607844,44445986,571.20667,117.79358
UP,0,0.019607844,0.019607844,44445995,571.20667,117.79358
MOVE,0,0.043137256,0.019607844,44447111,396.44937,706.87964
MOVE,0,0.04705883,0.019607844,44447128,396.44937,667.33167
MOVE,0,0.039215688,0.019607844,44447144,397.04062,625.61816
MOVE,0,0.043137256,0.019607844,44447161,399.05948,584.59863
MOVE,0,0.043137256,0.019607844,44447178,404.82407,541.9864
MOVE,0,0.039215688,0.019607844,44447194,413.38812,499.10114
MOVE,0,0.03529412,0.019607844,44447211,424.09586,458.51477
MOVE,0,0.039215688,0.019607844,44447228,434.03638,426.6728
MOVE,0,0.03529412,0.019607844,44447245,442.6548,400.7987
MOVE,0,0.039215688,0.019607844,44447261,450.13272,378.1767
MOVE,0,0.039215688,0.019607844,44447278,457.81427,357.89777
MOVE,0,0.039215688,0.019607844,44447295,465.76212,337.62646
MOVE,0,0.039215688,0.019607844,44447312,474.1443,319.8531
MOVE,0,0.039215688,0.019607844,44447328,480.5861,307.1618
MOVE,0,0.043137256,0.019607844,44447345,482.9175,300.49698
MOVE,0,0.043137256,0.019607844,44447362,483.32874,298.67456
MOVE,0,0.04705883,0.019607844,44447378,483.32874,298.67456
MOVE,0,0.043137256,0.019607844,44447394,483.32874,298.67456
MOVE,0,0.039215688,0.019607844,44447429,483.32874,297.09332
MOVE,0,0.03529412,0.019607844,44447445,483.32874,296.07172
MOVE,0,0.039215688,0.019607844,44447461,483.32874,295.67654
MOVE,0,0.043137256,0.019607844,44447482,483.32874,295.67654
MOVE,0,0.03529412,0.019607844,44447546,483.32874,295.67654
MOVE,0,0.039215688,0.019607844,44447554,483.32874,295.67654
MOVE,0,0.043137256,0.019607844,44447583,483.32874,295.67654
MOVE,0,0.03529412,0.019607844,44447629,478.19595,298.24478
MOVE,0,0.039215688,0.019607844,44447646,470.89893,305.72876
MOVE,0,0.039215688,0.019607844,44447663,457.9098,323.53656
MOVE,0,0.03529412,0.019607844,44447679,437.1791,355.82166
MOVE,0,0.03529412,0.019607844,44447696,417.08786,393.87024
MOVE,0,0.03529412,0.019607844,44447713,402.42,429.35406
MOVE,0,0.03529412,0.019607844,44447729,392.49628,459.44464
MOVE,0,0.03137255,0.019607844,44447746,385.6109,487.20038
MOVE,0,0.027450982,0.019607844,44447763,380.28333,514.8518
MOVE,0,0.03137255,0.019607844,44447780,375.27048,543.97125
MOVE,0,0.03137255,0.019607844,44447796,372.8657,570.27686
MOVE,0,0.03529412,0.019607844,44447813,371.48407,589.76324
MOVE,0,0.03529412,0.019607844,44447830,371.48407,604.16705
MOVE,0,0.03137255,0.019607844,44447846,371.48407,613.3328
MOVE,0,0.023529414,0.019607844,44447863,371.48407,618.0868
MOVE,0,0.027450982,0.019607844,44447879,371.48407,619.96313
MOVE,0,0.03137255,0.019607844,44447897,371.48407,619.4635
MOVE,0,0.03529412,0.019607844,44447913,371.48407,619.4635
MOVE,0,0.039215688,0.019607844,44447921,371.48407,619.4635
MOVE,0,0.03137255,0.019607844,44448064,371.48407,619.4635
MOVE,0,0.027450982,0.019607844,44448081,371.48407,619.4635
MOVE,0,0.023529414,0.019607844,44448097,371.48407,619.4635
MOVE,0,0.003921569,0.019607844,44448114,371.48407,619.4635
MOVE,0,0.007843138,0.019607844,44448122,371.48407,619.4635
UP,0,0.007843138,0.019607844,44448151,371.48407,619.4635
MOVE,0,0.03529412,0.019607844,44453781,91.19156,548.14685
MOVE,0,0.03529412,0.019607844,44453798,84.99954,535.1267
MOVE,0,0.023529414,0.019607844,44453815,77.57793,522.05615
MOVE,0,0.03137255,0.019607844,44453831,71.710594,509.96613
MOVE,0,0.03137255,0.019607844,44453848,66.74314,500.21368
MOVE,0,0.03137255,0.019607844,44453865,64.30822,494.73822
MOVE,0,0.03137255,0.019607844,44453882,63.3385,491.97388
MOVE,0,0.03137255,0.019607844,44453898,62.912624,490.74066
MOVE,0,0.03137255,0.019607844,44453915,61.91401,488.94513
MOVE,0,0.03137255,0.019607844,44453922,61.91401,488.05005
MOVE,0,0.03137255,0.019607844,44453994,61.91401,487.5503
MOVE,0,0.03137255,0.019607844,44454015,60.62211,487.5503
MOVE,0,0.03137255,0.019607844,44454116,60.915398,485.80975
MOVE,0,0.03137255,0.019607844,44454132,60.915398,484.76703
MOVE,0,0.03137255,0.019607844,44454149,59.916782,481.37305
MOVE,0,0.023529414,0.019607844,44454166,58.345783,476.83783
MOVE,0,0.027450982,0.019607844,44454182,56.307602,469.71948
MOVE,0,0.027450982,0.019607844,44454199,54.923717,464.34943
MOVE,0,0.027450982,0.019607844,44454216,53.925106,460.7879
MOVE,0,0.027450982,0.019607844,44454233,53.334976,457.38824
MOVE,0,0.027450982,0.019607844,44454249,52.324696,452.36823
MOVE,0,0.027450982,0.019607844,44454266,50.35575,448.85284
MOVE,0,0.019607844,0.019607844,44454283,49.332565,444.38086
MOVE,0,0.023529414,0.019607844,44454299,48.334938,441.38483
MOVE,0,0.023529414,0.019607844,44454315,47.933426,439.08215
MOVE,0,0.023529414,0.019607844,44454333,47.933426,438.28015
MOVE,0,0.011764707,0.019607844,44454366,46.934814,437.5832
MOVE,0,0.003921569,0.019607844,44454383,46.934814,437.5832
MOVE,0,0.007843138,0.019607844,44454391,46.934814,437.5832
UP,0,0.007843138,0.019607844,44454420,46.934814,437.5832
MOVE,0,0.043137256,0.019607844,44455236,127.708496,691.6579
MOVE,0,0.04705883,0.019607844,44455252,125.255424,720.956
MOVE,0,0.04705883,0.019607844,44455269,124.24504,752.6943
MOVE,0,0.04705883,0.019607844,44455286,122.25198,784.45013
MOVE,0,0.04705883,0.019607844,44455303,120.23539,812.50793
MOVE,0,0.050980397,0.04705883,44455319,119.24106,833.6626
MOVE,0,0.054901965,0.050980397,44455336,117.25666,849.9558
MOVE,0,0.054901965,0.050980397,44455353,115.26481,862.754
MOVE,0,0.054901965,0.050980397,44455369,113.24475,874.28577
MOVE,0,0.054901965,0.050980397,44455386,111.844666,883.61487
MOVE,0,0.058823533,0.054901965,44455403,110.84605,892.71936
MOVE,0,0.058823533,0.054901965,44455420,109.847435,900.61365
MOVE,0,0.054901965,0.050980397,44455436,109.847435,908.09485
MOVE,0,0.054901965,0.050980397,44455453,109.847435,914.02686
MOVE,0,0.054901965,0.050980397,44455470,109.266945,918.42944
MOVE,0,0.054901965,0.050980397,44455486,108.84882,923.7632
MOVE,0,0.058823533,0.054901965,44455519,108.84882,922.2643
MOVE,0,0.058823533,0.054901965,44455537,108.84882,923.5759
MOVE,0,0.054901965,0.050980397,44455569,108.84882,923.2637
MOVE,0,0.054901965,0.054901965,44455587,108.84882,923.2637
MOVE,0,0.058823533,0.054901965,44455595,108.84882,923.2637
MOVE,0,0.050980397,0.050980397,44455620,108.84882,923.2637
MOVE,0,0.058823533,0.054901965,44455636,108.84882,923.2637
MOVE,0,0.0627451,0.058823533,44455737,108.84882,923.2637
MOVE,0,0.058823533,0.058823533,44455787,108.84882,922.724
MOVE,0,0.0627451,0.058823533,44455804,107.85021,918.68335
MOVE,0,0.0627451,0.058823533,44455821,106.292336,915.5885
MOVE,0,0.0627451,0.0627451,44455837,105.85298,908.0117
MOVE,0,0.058823533,0.058823533,44455854,104.85437,898.094
MOVE,0,0.054901965,0.054901965,44455871,104.85437,884.32495
MOVE,0,0.058823533,0.054901965,44455888,105.85298,868.63477
MOVE,0,0.058823533,0.054901965,44455904,106.8516,852.2905
MOVE,0,0.058823533,0.054901965,44455921,108.405014,838.9857
MOVE,0,0.058823533,0.054901965,44455938,109.847435,828.3961
MOVE,0,0.058823533,0.054901965,44455954,110.84605,818.9491
MOVE,0,0.050980397,0.050980397,44455971,110.84605,808.94073
MOVE,0,0.054901965,0.050980397,44455988,110.84605,801.5379
MOVE,0,0.058823533,0.054901965,44456005,110.84605,797.15704
MOVE,0,0.058823533,0.054901965,44456021,110.84605,795.5364
MOVE,0,0.058823533,0.054901965,44456037,110.84605,793.84875
MOVE,0,0.054901965,0.050980397,44456071,110.84605,794.34845
MOVE,0,0.058823533,0.054901965,44456104,110.84605,794.34845
MOVE,0,0.058823533,0.058823533,44456222,110.84605,794.34845
MOVE,0,0.058823533,0.054901965,44456237,110.84605,794.34845
MOVE,0,0.0627451,0.058823533,44456271,110.84605,794.34845
MOVE,0,0.054901965,0.054901965,44456289,110.84605,794.34845
MOVE,0,0.0627451,0.058823533,44456304,110.84605,794.34845
MOVE,0,0.0627451,0.0627451,44456339,110.27894,802.1828
MOVE,0,0.06666667,0.0627451,44456356,108.26274,813.857
MOVE,0,0.06666667,0.0627451,44456372,106.352295,822.3301
MOVE,0,0.06666667,0.06666667,44456389,105.268555,827.253
MOVE,0,0.06666667,0.06666667,44456406,103.85576,837.8784
MOVE,0,0.07058824,0.06666667,44456423,102.24828,848.36145
MOVE,0,0.07058824,0.06666667,44456439,100.250206,857.749
MOVE,0,0.07058824,0.06666667,44456456,99.27906,864.05176
MOVE,0,0.07058824,0.06666667,44456473,98.86269,871.67224
MOVE,0,0.07058824,0.06666667,44456489,98.86269,877.4855
MOVE,0,0.07058824,0.07058824,44456506,98.86269,880.4745
MOVE,0,0.07450981,0.07058824,44456523,98.86269,883.4835
MOVE,0,0.07450981,0.07058824,44456540,98.86269,885.8611
MOVE,0,0.07450981,0.07058824,44456556,98.86269,887.07996
MOVE,0,0.07450981,0.07058824,44456573,98.86269,888.0729
MOVE,0,0.07058824,0.06666667,44456590,98.86269,888.8594
MOVE,0,0.07058824,0.06666667,44456606,98.86269,890.78516
MOVE,0,0.07058824,0.06666667,44456707,98.86269,885.11523
MOVE,0,0.06666667,0.0627451,44456723,100.959946,870.3478
MOVE,0,0.06666667,0.0627451,44456740,103.95497,852.9126
MOVE,0,0.0627451,0.058823533,44456757,106.82791,835.92786
MOVE,0,0.058823533,0.058823533,44456774,110.95849,817.3267
MOVE,0,0.0627451,0.058823533,44456790,113.418175,799.16406
MOVE,0,0.054901965,0.054901965,44456807,113.84189,785.08673
MOVE,0,0.058823533,0.054901965,44456824,113.84189,775.05194
MOVE,0,0.0627451,0.058823533,44456840,113.84189,767.68884
MOVE,0,0.054901965,0.054901965,44456857,113.84189,762.61
MOVE,0,0.058823533,0.054901965,44456874,113.84189,759.233
MOVE,0,0.058823533,0.054901965,44456891,113.84189,755.7712
MOVE,0,0.050980397,0.050980397,44456907,113.84189,755.37415
MOVE,0,0.054901965,0.050980397,44456915,113.84189,755.37415
MOVE,0,0.04705883,0.04705883,44456941,113.84189,755.37415
MOVE,0,0.039215688,0.019607844,44456958,113.84189,755.37415
MOVE,0,0.03137255,0.019607844,44456974,116.795944,755.37415
MOVE,0,0.019607844,0.019607844,44456991,117.83634,755.37415
MOVE,0,0.015686275,0.019607844,44456995,117.83634,755.37415
UP,0,0.015686275,0.019607844,44457003,117.83634,755.37415
MOVE,0,0.043137256,0.019607844,44459265,505.95486,728.32324
MOVE,0,0.03529412,0.019607844,44459281,519.50037,669.5433
MOVE,0,0.039215688,0.019607844,44459298,533.4289,616.1693
MOVE,0,0.03137255,0.019607844,44459315,546.9204,575.066
MOVE,0,0.03529412,0.019607844,44459332,555.951,546.04486
MOVE,0,0.03529412,0.019607844,44459348,562.4279,526.08417
MOVE,0,0.03137255,0.019607844,44459365,566.79315,512.05225
MOVE,0,0.03529412,0.019607844,44459382,570.35223,501.6801
MOVE,0,0.03529412,0.019607844,44459398,573.7568,493.3321
MOVE,0,0.03529412,0.019607844,44459415,576.1997,486.84418
MOVE,0,0.03529412,0.019607844,44459432,577.19836,482.99768
MOVE,0,0.03529412,0.019607844,44459440,577.19836,482.05396
MOVE,0,0.039215688,0.019607844,44459460,577.19836,482.5536
MOVE,0,0.03529412,0.019607844,44459532,577.19836,482.5536
MOVE,0,0.03137255,0.019607844,44459582,577.19836,482.5536
MOVE,0,0.027450982,0.019607844,44459599,577.19836,482.5536
MOVE,0,0.023529414,0.019607844,44459616,577.19836,482.0348
MOVE,0,0.003921569,0.019607844,44459632,578.19696,480.55493
MOVE,0,0.007843138,0.019607844,44459637,578.19696,480.55493
UP,0,0.007843138,0.019607844,44459653,578.19696,480.55493
MOVE,0,0.04705883,0.019607844,44460452,598.1301,496.03864
MOVE,0,0.04705883,0.019607844,44460468,580.6935,544.5128
MOVE,0,0.04705883,0.019607844,44460485,571.2083,575.61145
MOVE,0,0.039215688,0.019607844,44460502,556.13275,629.2514
MOVE,0,0.043137256,0.019607844,44460518,545.2703,681.8788
MOVE,0,0.039215688,0.019607844,44460535,536.7683,736.1683
MOVE,0,0.039215688,0.019607844,44460552,529.57245,784.45557
MOVE,0,0.03529412,0.019607844,44460569,524.12463,826.65424
MOVE,0,0.03529412,0.019607844,44460585,521.08405,860.2471
MOVE,0,0.03529412,0.019607844,44460602,518.70026,887.23914
MOVE,0,0.03529412,0.019607844,44460619,517.662,907.8452
MOVE,0,0.039215688,0.019607844,44460635,516.6979,923.355
MOVE,0,0.039215688,0.019607844,44460652,514.7074,936.7213
MOVE,0,0.039215688,0.019607844,44460669,514.2857,946.9724
MOVE,0,0.039215688,0.019607844,44460686,514.2857,957.2217
MOVE,0,0.039215688,0.019607844,44460702,514.2857,966.2654
MOVE,0,0.039215688,0.019607844,44460719,514.2857,973.04626
MOVE,0,0.03529412,0.019607844,44460736,514.2857,975.8248
MOVE,0,0.03529412,0.019607844,44460752,514.2857,976.2289
MOVE,0,0.039215688,0.019607844,44460764,514.2857,976.2289
MOVE,0,0.03529412,0.019607844,44460803,514.2857,976.2289
MOVE,0,0.039215688,0.019607844,44460811,514.2857,976.2289
MOVE,0,0.039215688,0.019607844,44460903,512.9099,974.85205
MOVE,0,0.043137256,0.019607844,44460920,511.2899,973.6461
MOVE,0,0.043137256,0.019607844,44460936,509.73907,971.23206
MOVE,0,0.043137256,0.019607844,44460953,509.29266,970.4326
MOVE,0,0.043137256,0.019607844,44460970,508.29404,968.6654
MOVE,0,0.043137256,0.019607844,44460986,507.29544,968.23413
MOVE,0,0.043137256,0.019607844,44461003,507.29544,967.6185
MOVE,0,0.043137256,0.019607844,44461011,507.29544,966.7351
MOVE,0,0.043137256,0.019607844,44461074,507.29544,966.23535
MOVE,0,0.039215688,0.019607844,44461137,507.29544,966.23535
MOVE,0,0.039215688,0.019607844,44461287,507.29544,966.23535
MOVE,0,0.039215688,0.019607844,44461303,507.29544,966.23535
MOVE,0,0.04705883,0.019607844,44461421,507.29544,966.23535
MOVE,0,0.043137256,0.019607844,44461505,505.79843,964.7373
MOVE,0,0.043137256,0.019607844,44461521,503.7126,959.8882
MOVE,0,0.043137256,0.019607844,44461538,500.11783,948.4967
MOVE,0,0.039215688,0.019607844,44461555,497.707,932.84155
MOVE,0,0.043137256,0.019607844,44461572,496.3107,919.2728
MOVE,0,0.043137256,0.019607844,44461588,495.31207,911.45764
MOVE,0,0.04705883,0.019607844,44461605,495.31207,907.67224
MOVE,0,0.04705883,0.04705883,44461622,495.31207,907.2742
MOVE,0,0.050980397,0.04705883,44461629,495.31207,907.2742
MOVE,0,0.043137256,0.019607844,44461672,495.31207,907.2742
MOVE,0,0.04705883,0.019607844,44461687,495.31207,905.77527
MOVE,0,0.039215688,0.019607844,44461722,495.31207,905.739
MOVE,0,0.027450982,0.019607844,44461739,495.31207,902.6538
MOVE,0,0.007843138,0.019607844,44461755,494.31348,891.2235
MOVE,0,0.007843138,0.019607844,44461772,494.31348,886.7134
MOVE,0,0.007843138,0.019607844,44461789,493.15625,882.97253
MOVE,0,0.007843138,0.019607844,44461792,492.31622,881.29126
UP,0,0.007843138,0.019607844,44461809,492.31622,881.29126
MOVE,0,0.054901965,0.050980397,44463762,471.53525,786.78296
MOVE,0,0.054901965,0.050980397,44463778,484.68048,756.42224
MOVE,0,0.054901965,0.050980397,44463795,499.27066,722.46765
MOVE,0,0.058823533,0.054901965,44463812,516.01807,689.94775
MOVE,0,0.058823533,0.054901965,44463829,531.36005,659.6556
MOVE,0,0.050980397,0.050980397,44463845,544.9034,633.13416
MOVE,0,0.04705883,0.04705883,44463862,555.5413,610.53064
MOVE,0,0.043137256,0.019607844,44463879,565.0189,587.1953
MOVE,0,0.043137256,0.019607844,44463895,575.76764,560.7729
MOVE,0,0.043137256,0.019607844,44463912,587.12164,534.2957
MOVE,0,0.039215688,0.019607844,44463929,598.0942,510.1009
MOVE,0,0.043137256,0.019607844,44463946,606.0404,488.903
MOVE,0,0.043137256,0.019607844,44463962,611.96277,474.93317
MOVE,0,0.03529412,0.019607844,44463979,615.2971,464.68628
MOVE,0,0.039215688,0.019607844,44463996,619.3362,454.58112
MOVE,0,0.039215688,0.019607844,44464013,623.36523,444.5011
MOVE,0,0.03529412,0.019607844,44464029,627.8292,433.75037
MOVE,0,0.027450982,0.019607844,44464046,631.65735,424.91846
MOVE,0,0.03529412,0.019607844,44464063,634.7208,417.78906
MOVE,0,0.03529412,0.019607844,44464079,636.1165,412.97614
MOVE,0,0.039215688,0.019607844,44464096,636.1165,411.00366
MOVE,0,0.039215688,0.019607844,44464113,637.1151,407.4084
MOVE,0,0.03529412,0.019607844,44464130,638.7119,402.8092
MOVE,0,0.03529412,0.019607844,44464146,640.71454,397.79614
MOVE,0,0.027450982,0.019607844,44464163,642.6827,391.88745
MOVE,0,0.03137255,0.019607844,44464180,644.1054,387.50433
MOVE,0,0.03137255,0.019607844,44464196,645.10406,384.61804
MOVE,0,0.03529412,0.019607844,44464213,645.10406,383.00482
MOVE,0,0.039215688,0.019607844,44464230,645.10406,381.12036
MOVE,0,0.043137256,0.019607844,44464267,645.10406,381.62
MOVE,0,0.04705883,0.019607844,44464343,645.10406,381.62
MOVE,0,0.04705883,0.019607844,44464379,645.10406,381.62
MOVE,0,0.039215688,0.019607844,44464414,645.10406,381.62
MOVE,0,0.043137256,0.019607844,44464422,645.10406,381.62
MOVE,0,0.04705883,0.019607844,44464460,645.10406,381.62
MOVE,0,0.04705883,0.019607844,44464484,644.1054,381.62
MOVE,0,0.050980397,0.04705883,44464531,642.63794,381.62
MOVE,0,0.043137256,0.019607844,44464547,640.5992,381.62
MOVE,0,0.04705883,0.019607844,44464564,636.77814,382.5111
MOVE,0,0.04705883,0.019607844,44464581,625.5267,389.64368
MOVE,0,0.04705883,0.019607844,44464598,605.8813,410.59015
MOVE,0,0.04705883,0.019607844,44464614,583.71924,440.7862
MOVE,0,0.04705883,0.019607844,44464631,565.6598,473.6687
MOVE,0,0.04705883,0.019607844,44464648,550.32385,506.59662
MOVE,0,0.04705883,0.019607844,44464665,536.1179,546.33307
MOVE,0,0.039215688,0.019607844,44464681,522.18756,589.3289
MOVE,0,0.043137256,0.019607844,44464698,509.73627,634.4916
MOVE,0,0.043137256,0.019607844,44464715,498.28412,680.33307
MOVE,0,0.043137256,0.019607844,44464731,489.94763,726.62445
MOVE,0,0.043137256,0.019607844,44464748,483.48508,775.49384
MOVE,0,0.03529412,0.019607844,44464765,477.5546,819.80676
MOVE,0,0.043137256,0.019607844,44464782,474.1729,857.655
MOVE,0,0.043137256,0.019607844,44464798,472.34396,884.92505
MOVE,0,0.043137256,0.019607844,44464815,472.34396,902.397
MOVE,0,0.043137256,0.019607844,44464832,471.34537,914.35803
MOVE,0,0.043137256,0.019607844,44464848,471.34537,921.1238
MOVE,0,0.043137256,0.019607844,44464865,471.34537,927.1083
MOVE,0,0.043137256,0.019607844,44464882,471.34537,932.50256
MOVE,0,0.04705883,0.019607844,44464899,471.34537,935.85376
MOVE,0,0.04705883,0.019607844,44464906,471.34537,936.7549
MOVE,0,0.039215688,0.019607844,44464932,471.34537,936.2551
MOVE,0,0.039215688,0.019607844,44464949,471.34537,936.2551
MOVE,0,0.04705883,0.019607844,44464964,471.34537,936.2551
MOVE,0,0.043137256,0.019607844,44465032,470.90652,935.8159
MOVE,0,0.043137256,0.019607844,44465049,468.15643,929.0831
MOVE,0,0.04705883,0.019607844,44465066,463.8082,909.1537
MOVE,0,0.04705883,0.04705883,44465082,463.35645,880.53186
MOVE,0,0.050980397,0.04705883,44465099,464.91922,851.40186
MOVE,0,0.050980397,0.04705883,44465116,467.48438,824.39307
MOVE,0,0.050980397,0.04705883,44465133,473.16672,794.621
MOVE,0,0.04705883,0.019607844,44465149,481.67526,759.2241
MOVE,0,0.04705883,0.019607844,44465166,496.0938,715.6496
MOVE,0,0.039215688,0.019607844,44465183,513.7844,670.99005
MOVE,0,0.043137256,0.019607844,44465199,530.46594,629.0499
MOVE,0,0.039215688,0.019607844,44465216,543.6376,595.4323
MOVE,0,0.039215688,0.019607844,44465233,552.58044,570.03925
MOVE,0,0.039215688,0.019607844,44465250,559.9691,550.26843
MOVE,0,0.039215688,0.019607844,44465266,565.4564,534.1734
MOVE,0,0.043137256,0.019607844,44465283,569.8106,522.5174
MOVE,0,0.03529412,0.019607844,44465300,572.79926,514.74805
MOVE,0,0.043137256,0.019607844,44465317,574.2025,509.73175
MOVE,0,0.03529412,0.019607844,44465333,574.2025,507.4649
MOVE,0,0.039215688,0.019607844,44465350,574.2025,505.76636
MOVE,0,0.039215688,0.019607844,44465361,574.2025,505.03876
MOVE,0,0.03137255,0.019607844,44465400,574.2025,505.53845
MOVE,0,0.03529412,0.019607844,44465417,574.2025,504.7755
MOVE,0,0.03529412,0.019607844,44465434,574.2025,504.53912
MOVE,0,0.03137255,0.019607844,44465450,574.2025,504.53912
MOVE,0,0.023529414,0.019607844,44465467,574.2025,504.53912
MOVE,0,0.019607844,0.019607844,44465484,574.2025,504.53912
MOVE,0,0.007843138,0.019607844,44465500,574.2025,504.53912
MOVE,0,0.011764707,0.019607844,44465510,574.2025,504.53912
UP,0,0.011764707,0.019607844,44465538,574.2025,504.53912
DOWN,0,0.03137255,0.019607844,44468179,530.26355,962.23804
MOVE,0,0.027450982,0.019607844,44468190,530.26355,962.23804
MOVE,0,0.03137255,0.019607844,44468209,530.26355,962.23804
MOVE,0,0.03529412,0.019607844,44468225,529.4362,959.7544
MOVE,0,0.043137256,0.019607844,44468242,526.3228,951.00183
MOVE,0,0.04705883,0.04705883,44468259,521.3374,936.1471
MOVE,0,0.050980397,0.04705883,44468276,515.998,910.9888
MOVE,0,0.050980397,0.04705883,44468292,513.2871,874.94885
MOVE,0,0.050980397,0.04705883,44468309,513.8902,830.0387
MOVE,0,0.04705883,0.019607844,44468326,516.52045,786.35693
MOVE,0,0.04705883,0.019607844,44468342,521.52386,749.3927
MOVE,0,0.04705883,0.019607844,44468359,524.87103,720.5963
MOVE,0,0.04705883,0.019607844,44468376,526.85754,700.107
MOVE,0,0.04705883,0.04705883,44468393,528.8043,687.26373
MOVE,0,0.050980397,0.04705883,44468409,529.2649,681.8053
MOVE,0,0.050980397,0.04705883,44468416,529.2649,680.9231
MOVE,0,0.043137256,0.019607844,44468460,529.2649,681.4228
MOVE,0,0.04705883,0.019607844,44468476,529.2649,681.4228
MOVE,0,0.043137256,0.019607844,44468493,529.2649,680.8468
MOVE,0,0.019607844,0.019607844,44468510,528.1859,679.3436
MOVE,0,0.003921569,0.019607844,44468526,525.27045,677.4254
MOVE,0,0.007843138,0.019607844,44468534,525.27045,677.4254
UP,0,0.007843138,0.019607844,44468565,525.27045,677.4254
MOVE,0,0.039215688,0.019607844,44469964,476.66162,698.32263
MOVE,0,0.03137255,0.019607844,44469981,493.9114,618.58685
MOVE,0,0.027450982,0.019607844,44469998,512.8493,541.26855
MOVE,0,0.03137255,0.019607844,44470014,532.9554,472.94177
MOVE,0,0.03529412,0.019607844,44470031,549.3142,417.73016
MOVE,0,0.03529412,0.019607844,44470048,562.7739,376.95642
MOVE,0,0.039215688,0.019607844,44470064,572.5797,345.3316
MOVE,0,0.039215688,0.019607844,44470081,579.4924,321.1737
MOVE,0,0.039215688,0.019607844,44470098,585.0181,303.17966
MOVE,0,0.039215688,0.019607844,44470115,589.9592,287.3463
MOVE,0,0.03137255,0.019607844,44470131,595.5876,271.86258
MOVE,0,0.03529412,0.019607844,44470148,601.361,256.51547
MOVE,0,0.03529412,0.019607844,44470165,606.35693,243.71301
MOVE,0,0.03529412,0.019607844,44470181,609.71704,234.89719
MOVE,0,0.03529412,0.019607844,44470198,611.722,229.57684
MOVE,0,0.039215688,0.019607844,44470215,612.1498,227.10822
MOVE,0,0.039215688,0.019607844,44470232,612.1498,226.7219
MOVE,0,0.03529412,0.019607844,44470248,612.1498,226.16263
MOVE,0,0.03529412,0.019607844,44470265,612.9339,224.15326
MOVE,0,0.019607844,0.019607844,44470282,616.6113,218.25974
MOVE,0,0.003921569,0.019607844,44470293,623.1345,211.73175
UP,0,0.003921569,0.019607844,44470302,623.1345,211.73175
DOWN,0,0.043137256,0.019607844,44471706,433.39807,939.2532
MOVE,0,0.050980397,0.04705883,44471736,435.53384,872.50793
MOVE,0,0.050980397,0.04705883,44471753,441.60355,794.8999
MOVE,0,0.04705883,0.019607844,44471770,453.10214,718.0101
MOVE,0,0.04705883,0.019607844,44471786,467.65182,650.77966
MOVE,0,0.04705883,0.04705883,44471803,483.63016,593.397
MOVE,0,0.04705883,0.019607844,44471820,505.2244,534.2286
MOVE,0,0.04705883,0.019607844,44471836,534.18274,470.7121
MOVE,0,0.043137256,0.019607844,44471853,564.0991,406.41315
MOVE,0,0.043137256,0.019607844,44471870,586.0441,350.4591
MOVE,0,0.043137256,0.019607844,44471887,596.89923,307.72308
MOVE,0,0.039215688,0.019607844,44471903,600.16644,277.03656
MOVE,0,0.04705883,0.019607844,44471920,600.16644,256.0823
MOVE,0,0.04705883,0.019607844,44471937,600.77045,243.08197
MOVE,0,0.04705883,0.019607844,44471954,601.16504,234.86166
MOVE,0,0.04705883,0.019607844,44471970,602.1637,230.48016
MOVE,0,0.04705883,0.019607844,44471987,602.1637,228.9375
MOVE,0,0.04705883,0.019607844,44471999,602.1637,228.25876
MOVE,0,0.043137256,0.019607844,44472087,602.72577,228.15811
MOVE,0,0.039215688,0.019607844,44472104,605.3364,226.13373
MOVE,0,0.027450982,0.019607844,44472121,611.9808,222.50421
MOVE,0,0.015686275,0.019607844,44472137,618.1415,219.7265
MOVE,0,0.019607844,0.019607844,44472144,618.1415,219.7265
UP,0,0.019607844,0.019607844,44472174,618.1415,219.7265
DOWN,0,0.050980397,0.050980397,44472475,465.3537,804.3419
MOVE,0,0.054901965,0.050980397,44472505,466.61942,793.2093
MOVE,0,0.043137256,0.019607844,44472522,475.23837,740.89154
MOVE,0,0.039215688,0.019607844,44472539,491.0814,673.015
MOVE,0,0.043137256,0.019607844,44472555,511.42087,599.1386
MOVE,0,0.039215688,0.019607844,44472572,535.406,528.42456
MOVE,0,0.039215688,0.019607844,44472589,556.17145,468.32574
MOVE,0,0.039215688,0.019607844,44472606,574.312,414.6306
MOVE,0,0.027450982,0.019607844,44472622,590.10565,368.4687
MOVE,0,0.03529412,0.019607844,44472639,604.9528,325.73578
MOVE,0,0.03529412,0.019607844,44472656,619.8471,284.55984
MOVE,0,0.027450982,0.019607844,44472672,629.0361,251.7934
MOVE,0,0.03529412,0.019607844,44472689,634.94995,227.00516
MOVE,0,0.03529412,0.019607844,44472706,638.262,210.1388
MOVE,0,0.027450982,0.019607844,44472723,641.3165,196.12042
MOVE,0,0.03137255,0.019607844,44472739,645.35895,184.61139
MOVE,0,0.023529414,0.019607844,44472756,649.34424,175.26355
MOVE,0,0.027450982,0.019607844,44472773,651.699,169.55133
MOVE,0,0.023529414,0.019607844,44472789,653.09296,166.15161
MOVE,0,0.023529414,0.019607844,44472806,654.68915,165.16397
MOVE,0,0.007843138,0.019607844,44472823,655.09015,162.76398
MOVE,0,0.011764707,0.019607844,44472826,655.09015,162.76398
UP,0,0.011764707,0.019607844,44472843,655.09015,162.76398
MOVE,0,0.039215688,0.019607844,44473358,470.34674,856.9386
MOVE,0,0.039215688,0.019607844,44473375,470.34674,859.9385
MOVE,0,0.039215688,0.019607844,44473391,470.34674,861.9253
MOVE,0,0.043137256,0.019607844,44473408,470.34674,862.3037
MOVE,0,0.04705883,0.019607844,44473424,470.34674,863.80273
MOVE,0,0.04705883,0.019607844,44473441,470.34674,864.3025
MOVE,0,0.043137256,0.019607844,44473458,470.34674,864.3025
MOVE,0,0.039215688,0.019607844,44473491,470.34674,864.3025
MOVE,0,0.03137255,0.019607844,44473525,464.13043,848.8004
MOVE,0,0.03137255,0.019607844,44473542,460.36063,832.2085
MOVE,0,0.019607844,0.019607844,44473558,460.36063,825.3281
MOVE,0,0.023529414,0.019607844,44473562,460.36063,825.3281
UP,0,0.023529414,0.019607844,44473578,460.36063,825.3281
MOVE,0,0.039215688,0.019607844,44474027,602.865,202.21906
MOVE,0,0.039215688,0.019607844,44474043,618.3098,157.26184
MOVE,0,0.039215688,0.019607844,44474060,630.30084,117.3595
MOVE,0,0.03529412,0.019607844,44474077,637.908,88.039246
MOVE,0,0.03529412,0.019607844,44474093,642.72473,65.888824
MOVE,0,0.03529412,0.019607844,44474110,644.7258,54.971085
MOVE,0,0.03529412,0.019607844,44474126,645.10406,49.338593
MOVE,0,0.03529412,0.019607844,44474147,645.10406,49.838272
MOVE,0,0.039215688,0.019607844,44474239,645.10406,49.838272
MOVE,0,0.039215688,0.019607844,44474311,636.29584,62.2146
MOVE,0,0.039215688,0.019607844,44474327,621.01544,83.387054
MOVE,0,0.039215688,0.019607844,44474344,597.1098,120.81299
MOVE,0,0.043137256,0.019607844,44474361,567.5806,170.17178
MOVE,0,0.043137256,0.019607844,44474378,541.4984,222.06482
MOVE,0,0.043137256,0.019607844,44474394,523.1985,273.55005
MOVE,0,0.043137256,0.019607844,44474411,509.69415,323.84882
MOVE,0,0.03137255,0.019607844,44474428,497.62323,380.0492
MOVE,0,0.03529412,0.019607844,44474444,485.2338,442.7519
MOVE,0,0.03529412,0.019607844,44474461,476.49084,502.16718
MOVE,0,0.03529412,0.019607844,44474478,471.15744,552.1717
MOVE,0,0.03529412,0.019607844,44474495,468.27844,594.1922
MOVE,0,0.039215688,0.019607844,44474511,466.10034,635.9759
MOVE,0,0.039215688,0.019607844,44474528,463.77597,673.4461
MOVE,0,0.039215688,0.019607844,44474545,460.75894,711.2236
MOVE,0,0.039215688,0.019607844,44474562,458.73984,746.97125
MOVE,0,0.03137255,0.019607844,44474578,456.7638,779.3857
MOVE,0,0.039215688,0.019607844,44474595,455.74557,808.418
MOVE,0,0.039215688,0.019607844,44474612,455.36755,831.4458
MOVE,0,0.039215688,0.019607844,44474628,455.36755,850.00854
MOVE,0,0.043137256,0.019607844,44474645,455.36755,864.96326
MOVE,0,0.043137256,0.019607844,44474662,455.36755,875.0918
MOVE,0,0.03529412,0.019607844,44474679,455.36755,880.49976
MOVE,0,0.039215688,0.019607844,44474694,455.36755,882.7903
MOVE,0,0.039215688,0.019607844,44474729,455.36755,884.83386
MOVE,0,0.027450982,0.019607844,44474745,455.92007,886.9474
MOVE,0,0.007843138,0.019607844,44474762,456.36618,891.28467
MOVE,0,0.011764707,0.019607844,44474779,457.17062,891.28467
MOVE,0,0.011764707,0.019607844,44474790,458.3634,892.28406
UP,0,0.011764707,0.019607844,44474799,458.3634,892.28406
MOVE,0,0.039215688,0.019607844,44475130,503.48135,697.3946
MOVE,0,0.03529412,0.019607844,44475147,523.3914,625.1633
MOVE,0,0.039215688,0.019607844,44475163,544.6822,556.9009
MOVE,0,0.039215688,0.019607844,44475180,563.1346,502.1761
MOVE,0,0.039215688,0.019607844,44475197,577.96155,458.02234
MOVE,0,0.039215688,0.019607844,44475214,589.2608,423.12347
MOVE,0,0.039215688,0.019607844,44475230,598.34863,392.70966
MOVE,0,0.039215688,0.019607844,44475247,605.03906,369.36353
MOVE,0,0.039215688,0.019607844,44475264,610.04553,351.59222
MOVE,0,0.039215688,0.019607844,44475280,613.76715,337.9312
MOVE,0,0.039215688,0.019607844,44475297,615.6967,328.4477
MOVE,0,0.039215688,0.019607844,44475314,617.7547,321.43433
MOVE,0,0.03137255,0.019607844,44475331,618.7536,316.82367
MOVE,0,0.03529412,0.019607844,44475347,619.1401,314.0592
MOVE,0,0.03529412,0.019607844,44475363,619.1401,312.1657
MOVE,0,0.03137255,0.019607844,44475397,619.1401,312.66537
MOVE,0,0.015686275,0.019607844,44475414,619.1401,312.66537
MOVE,0,0.003921569,0.019607844,44475431,619.1401,311.66602
MOVE,0,0.007843138,0.019607844,44475434,619.1401,311.66602
UP,0,0.007843138,0.019607844,44475452,619.1401,311.66602
DOWN,0,0.03137255,0.019607844,44480901,632.1221,267.69495
MOVE,0,0.03137255,0.019607844,44480930,632.1221,267.69495
MOVE,0,0.03137255,0.019607844,44480981,633.12067,264.06186
MOVE,0,0.03137255,0.019607844,44480998,633.12067,262.07593
MOVE,0,0.03137255,0.019607844,44481014,634.11926,260.69955
MOVE,0,0.027450982,0.019607844,44481030,634.11926,260.69955
MOVE,0,0.019607844,0.019607844,44481048,634.11926,259.45898
MOVE,0,0.011764707,0.019607844,44481065,634.11926,257.7015
MOVE,0,0.015686275,0.019607844,44481068,634.11926,257.7015
UP,0,0.015686275,0.019607844,44481085,634.11926,257.7015
MOVE,0,0.07450981,0.07058824,44481382,483.96216,764.60724
MOVE,0,0.058823533,0.058823533,44481399,489.80423,701.9122
MOVE,0,0.050980397,0.050980397,44481416,502.67706,633.20355
MOVE,0,0.043137256,0.019607844,44481432,518.7278,568.7308
MOVE,0,0.04705883,0.019607844,44481449,537.05566,510.7105
MOVE,0,0.043137256,0.019607844,44481466,558.7904,452.85852
MOVE,0,0.039215688,0.019607844,44481483,580.2269,398.52698
MOVE,0,0.039215688,0.019607844,44481499,597.20435,352.53784
MOVE,0,0.039215688,0.019607844,44481516,610.2835,315.2702
MOVE,0,0.039215688,0.019607844,44481533,616.932,290.12097
MOVE,0,0.03529412,0.019607844,44481549,620.3691,273.3837
MOVE,0,0.03529412,0.019607844,44481566,623.3931,262.5511
MOVE,0,0.03529412,0.019607844,44481583,626.3807,252.57828
MOVE,0,0.027450982,0.019607844,44481600,630.3788,242.20316
MOVE,0,0.027450982,0.019607844,44481616,636.01794,232.81659
MOVE,0,0.007843138,0.019607844,44481633,639.71204,228.72058
MOVE,0,0.011764707,0.019607844,44481645,640.11096,227.72125
UP,0,0.011764707,0.019607844,44481653,640.11096,227.72125
DOWN,0,0.06666667,0.06666667,44481871,476.33844,865.30176
MOVE,0,0.07058824,0.07058824,44481883,476.33844,865.30176
MOVE,0,0.07450981,0.07450981,44481901,475.77737,857.44116
MOVE,0,0.06666667,0.06666667,44481917,475.3398,812.8196
MOVE,0,0.054901965,0.054901965,44481934,478.0782,745.3131
MOVE,0,0.04705883,0.04705883,44481951,491.66504,663.47766
MOVE,0,0.039215688,0.019607844,44481967,512.6954,578.79877
MOVE,0,0.03529412,0.019607844,44481984,537.0272,502.98956
MOVE,0,0.043137256,0.019607844,44482001,559.00446,441.23822
MOVE,0,0.039215688,0.019607844,44482018,578.2342,386.24585
MOVE,0,0.039215688,0.019607844,44482034,595.12164,338.42242
MOVE,0,0.039215688,0.019607844,44482051,608.81384,298.08682
MOVE,0,0.039215688,0.019607844,44482068,619.5627,265.2155
MOVE,0,0.03529412,0.019607844,44482084,627.0107,240.44122
MOVE,0,0.03529412,0.019607844,44482101,632.36334,223.75748
MOVE,0,0.03529412,0.019607844,44482118,636.86707,211.229
MOVE,0,0.027450982,0.019607844,44482135,641.9115,199.13397
MOVE,0,0.03137255,0.019607844,44482151,647.9503,188.04697
MOVE,0,0.019607844,0.019607844,44482168,651.6823,181.57666
MOVE,0,0.003921569,0.019607844,44482185,653.09296,178.75345
MOVE,0,0.007843138,0.019607844,44482188,653.09296,178.75345
UP,0,0.007843138,0.019607844,44482205,653.09296,178.75345
MOVE,0,0.07058824,0.07058824,44482502,486.67477,829.14514
MOVE,0,0.0627451,0.0627451,44482519,486.32455,771.6407
MOVE,0,0.058823533,0.054901965,44482536,491.25058,716.0041
MOVE,0,0.054901965,0.050980397,44482553,499.5678,666.429
MOVE,0,0.050980397,0.04705883,44482569,508.34116,626.489
MOVE,0,0.043137256,0.019607844,44482586,516.1505,593.76605
MOVE,0,0.039215688,0.019607844,44482603,522.46844,567.9299
MOVE,0,0.03529412,0.019607844,44482619,527.47406,544.8761
MOVE,0,0.039215688,0.019607844,44482636,531.54065,525.77
MOVE,0,0.039215688,0.019607844,44482653,535.50183,510.79822
MOVE,0,0.039215688,0.019607844,44482670,537.8454,501.17188
MOVE,0,0.03529412,0.019607844,44482686,539.8483,495.94666
MOVE,0,0.039215688,0.019607844,44482702,540.2497,492.54706
MOVE,0,0.03137255,0.019607844,44482720,540.2497,491.9417
MOVE,0,0.03529412,0.019607844,44482727,540.2497,491.04797
MOVE,0,0.03529412,0.019607844,44482753,540.2497,490.54834
MOVE,0,0.03137255,0.019607844,44482770,540.2497,489.92145
MOVE,0,0.023529414,0.019607844,44482787,540.2497,488.93597
MOVE,0,0.023529414,0.019607844,44482803,540.2497,488.54968
MOVE,0,0.011764707,0.019607844,44482820,540.2497,488.54968
MOVE,0,0.007843138,0.019607844,44482837,540.2497,484.1562
MOVE,0,0.007843138,0.019607844,44482840,540.2497,482.5536
UP,0,0.007843138,0.019607844,44482857,540.2497,482.5536
MOVE,0,0.058823533,0.054901965,44483121,484.97177,585.0255
MOVE,0,0.054901965,0.050980397,44483138,477.43372,637.3118
MOVE,0,0.04705883,0.04705883,44483154,472.0778,683.98663
MOVE,0,0.054901965,0.050980397,44483171,469.72864,722.9178
MOVE,0,0.054901965,0.050980397,44483188,468.72797,755.06866
MOVE,0,0.054901965,0.050980397,44483205,467.72787,780.2054
MOVE,0,0.054901965,0.050980397,44483221,467.35092,800.9329
MOVE,0,0.054901965,0.050980397,44483238,467.35092,816.52606
MOVE,0,0.054901965,0.054901965,44483255,467.35092,825.20123
MOVE,0,0.058823533,0.054901965,44483271,467.35092,828.95886
MOVE,0,0.054901965,0.050980397,44483288,467.35092,829.94714
MOVE,0,0.054901965,0.050980397,44483295,467.35092,830.82446
MOVE,0,0.054901965,0.050980397,44483322,467.35092,831.3241
MOVE,0,0.058823533,0.058823533,44483338,467.35092,831.3241
MOVE,0,0.050980397,0.050980397,44483355,467.35092,831.3241
MOVE,0,0.054901965,0.050980397,44483372,467.35092,832.3235
MOVE,0,0.050980397,0.04705883,44483388,467.35092,832.3235
MOVE,0,0.039215688,0.019607844,44483405,467.35092,832.3235
MOVE,0,0.027450982,0.019607844,44483422,467.35092,832.3235
MOVE,0,0.011764707,0.019607844,44483439,467.35092,832.3235
MOVE,0,0.015686275,0.019607844,44483442,467.35092,832.3235
UP,0,0.015686275,0.019607844,44483460,467.35092,832.3235
MOVE,0,0.039215688,0.019607844,44485946,573.221,363.16693
MOVE,0,0.039215688,0.019607844,44485963,582.638,325.6446
MOVE,0,0.03137255,0.019607844,44485980,589.97906,292.08704
MOVE,0,0.039215688,0.019607844,44485996,596.9907,261.5999
MOVE,0,0.039215688,0.019607844,44486013,604.6016,234.39294
MOVE,0,0.039215688,0.019607844,44486030,612.48926,210.29788
MOVE,0,0.03529412,0.019607844,44486046,620.58466,189.24176
MOVE,0,0.03529412,0.019607844,44486063,628.5788,171.24173
MOVE,0,0.03137255,0.019607844,44486080,635.52795,154.55075
MOVE,0,0.019607844,0.019607844,44486097,642.9025,140.18796
MOVE,0,0.011764707,0.019607844,44486113,647.6356,133.17813
MOVE,0,0.003921569,0.019607844,44486125,649.0985,131.78436
UP,0,0.003921569,0.019607844,44486133,649.0985,131.78436
MOVE,0,0.054901965,0.054901965,44486448,444.65854,786.5551
MOVE,0,0.04705883,0.04705883,44486464,453.13098,697.2101
MOVE,0,0.043137256,0.019607844,44486481,468.23874,609.80225
MOVE,0,0.043137256,0.019607844,44486498,487.22797,530.0846
MOVE,0,0.043137256,0.019607844,44486515,508.36475,458.92847
MOVE,0,0.039215688,0.019607844,44486531,528.65857,395.63477
MOVE,0,0.043137256,0.019607844,44486548,546.98395,339.23102
MOVE,0,0.039215688,0.019607844,44486565,559.2402,292.0079
MOVE,0,0.039215688,0.019607844,44486581,567.0352,258.1949
MOVE,0,0.043137256,0.019607844,44486598,571.88495,234.55975
MOVE,0,0.043137256,0.019607844,44486615,575.9775,215.39716
MOVE,0,0.03529412,0.019607844,44486632,580.915,198.57495
MOVE,0,0.039215688,0.019607844,44486648,587.91174,182.14246
MOVE,0,0.039215688,0.019607844,44486665,595.46814,168.31754
MOVE,0,0.03137255,0.019607844,44486682,601.8553,157.51257
MOVE,0,0.019607844,0.019607844,44486698,606.15814,151.77121
MOVE,0,0.003921569,0.019607844,44486710,606.15814,151.77121
UP,0,0.003921569,0.019607844,44486719,606.15814,151.77121
MOVE,0,0.050980397,0.050980397,44487033,456.53793,764.734
MOVE,0,0.054901965,0.050980397,44487050,468.1272,683.49805
MOVE,0,0.050980397,0.04705883,44487066,482.42328,610.00323
MOVE,0,0.050980397,0.04705883,44487083,495.9826,546.9897
MOVE,0,0.050980397,0.04705883,44487100,506.20438,500.91187
MOVE,0,0.050980397,0.04705883,44487116,513.0634,466.68408
MOVE,0,0.050980397,0.050980397,44487133,517.45233,442.72473
MOVE,0,0.04705883,0.04705883,44487150,520.8946,424.64716
MOVE,0,0.054901965,0.050980397,44487167,523.85736,411.09094
MOVE,0,0.054901965,0.050980397,44487183,525.27045,401.12427
MOVE,0,0.054901965,0.050980397,44487200,526.2691,396.4112
MOVE,0,0.058823533,0.054901965,44487216,526.2691,392.6128
MOVE,0,0.050980397,0.050980397,44487267,526.2691,393.61212
MOVE,0,0.054901965,0.050980397,44487284,526.2691,393.61212
MOVE,0,0.050980397,0.04705883,44487300,522.075,399.00848
MOVE,0,0.050980397,0.04705883,44487317,501.37122,431.4521
MOVE,0,0.050980397,0.04705883,44487334,475.5489,492.9187
MOVE,0,0.050980397,0.04705883,44487350,456.39932,567.3318
MOVE,0,0.03529412,0.019607844,44487367,444.91354,654.06323
MOVE,0,0.027450982,0.019607844,44487384,443.613,759.78687
MOVE,0,0.007843138,0.019607844,44487401,454.4582,873.8428
MOVE,0,0.011764707,0.019607844,44487413,466.3523,949.2466
UP,0,0.011764707,0.019607844,44487421,466.3523,949.2466
DOWN,0,0.04705883,0.04705883,44487772,647.10126,267.69495
MOVE,0,0.050980397,0.050980397,44487785,641.1229,279.0621
MOVE,0,0.04705883,0.04705883,44487802,618.4852,326.38184
MOVE,0,0.043137256,0.019607844,44487819,583.568,424.27393
MOVE,0,0.027450982,0.019607844,44487835,553.13745,566.43896
MOVE,0,0.03137255,0.019607844,44487847,536.2552,682.4221
UP,0,0.03137255,0.019607844,44487855,536.2552,682.4221
DOWN,0,0.04705883,0.04705883,44488373,544.24414,617.46484
MOVE,0,0.050980397,0.050980397,44488386,544.24414,617.46484
MOVE,0,0.054901965,0.050980397,44488404,544.24414,617.46484
MOVE,0,0.043137256,0.019607844,44488421,543.2455,629.9955
MOVE,0,0.043137256,0.019607844,44488437,540.97626,660.5246
MOVE,0,0.043137256,0.019607844,44488454,538.6544,705.53894
MOVE,0,0.039215688,0.019607844,44488471,538.25244,761.9568
MOVE,0,0.043137256,0.019607844,44488487,540.39813,813.69415
MOVE,0,0.039215688,0.019607844,44488504,546.0508,859.3668
MOVE,0,0.039215688,0.019607844,44488521,552.06635,895.05884
MOVE,0,0.039215688,0.019607844,44488538,556.46075,923.282
MOVE,0,0.039215688,0.019607844,44488554,558.84094,940.9546
MOVE,0,0.043137256,0.019607844,44488571,559.2233,947.0687
MOVE,0,0.043137256,0.019607844,44488578,559.2233,949.7462
MOVE,0,0.04705883,0.019607844,44488604,556.4036,947.0322
MOVE,0,0.04705883,0.04705883,44488621,543.0303,915.10864
MOVE,0,0.050980397,0.04705883,44488638,528.6833,841.25525
MOVE,0,0.039215688,0.019607844,44488655,529.7705,725.6664
MOVE,0,0.023529414,0.019607844,44488671,557.7692,585.0893
MOVE,0,0.019607844,0.019607844,44488683,588.1831,482.5536
UP,0,0.019607844,0.019607844,44488692,588.1831,482.5536
DOWN,0,0.050980397,0.050980397,44489093,591.17896,396.61017
MOVE,0,0.04705883,0.04705883,44489106,591.17896,396.61017
MOVE,0,0.050980397,0.050980397,44489123,591.17896,396.61017
MOVE,0,0.054901965,0.050980397,44489139,589.56866,399.02728
MOVE,0,0.04705883,0.04705883,44489156,584.5269,413.14215
MOVE,0,0.050980397,0.04705883,44489173,569.09625,454.2732
MOVE,0,0.04705883,0.019607844,44489190,552.0376,509.3703
MOVE,0,0.039215688,0.019607844,44489206,537.6215,574.65204
MOVE,0,0.03529412,0.019607844,44489223,526.77496,649.0013
MOVE,0,0.039215688,0.019607844,44489240,523.90076,740.17615
MOVE,0,0.019607844,0.019607844,44489256,532.0038,841.5062
MOVE,0,0.023529414,0.019607844,44489268,542.2469,910.2722
UP,0,0.023529414,0.019607844,44489276,542.2469,910.2722
DOWN,0,0.054901965,0.054901965,44489576,616.1443,377.62262
MOVE,0,0.050980397,0.050980397,44489591,609.789,388.43445
MOVE,0,0.054901965,0.050980397,44489608,587.9231,428.87964
MOVE,0,0.04705883,0.04705883,44489624,556.4805,509.89917
MOVE,0,0.039215688,0.019607844,44489641,532.1832,616.6437
MOVE,0,0.015686275,0.019607844,44489658,523.0638,735.67926
MOVE,0,0.019607844,0.019607844,44489670,522.27466,819.33203
UP,0,0.019607844,0.019607844,44489678,522.27466,819.33203
DOWN,0,0.054901965,0.054901965,44489878,496.3107,888.2866
MOVE,0,0.0627451,0.058823533,44489908,496.3107,881.21265
MOVE,0,0.07058824,0.07058824,44489925,499.10934,838.2943
MOVE,0,0.078431375,0.078431375,44489942,509.78973,760.74146
MOVE,0,0.08235294,0.08235294,44489959,527.3977,661.4333
MOVE,0,0.04705883,0.04705883,44489975,556.8462,545.7484
MOVE,0,0.007843138,0.019607844,44489987,591.17896,448.57593
UP,0,0.007843138,0.019607844,44489995,591.17896,448.57593
DOWN,0,0.050980397,0.050980397,44490312,618.1415,370.62726
MOVE,0,0.04705883,0.04705883,44490326,618.1415,370.62726
MOVE,0,0.043137256,0.019607844,44490343,613.9722,378.97192
MOVE,0,0.039215688,0.019607844,44490360,598.7947,419.3755
MOVE,0,0.043137256,0.019607844,44490377,576.3605,507.22052
MOVE,0,0.027450982,0.019607844,44490393,563.2178,643.50977
MOVE,0,0.007843138,0.019607844,44490410,564.1104,789.4364
MOVE,0,0.011764707,0.019607844,44490427,571.11664,918.82385
MOVE,0,0.011764707,0.019607844,44490438,576.1997,1032.192
UP,0,0.011764707,0.019607844,44490446,576.1997,1032.192
DOWN,0,0.054901965,0.054901965,44490948,498.30792,828.3262
MOVE,0,0.0627451,0.0627451,44490961,498.30792,828.3262
MOVE,0,0.07058824,0.07058824,44490978,498.30792,828.3262
MOVE,0,0.06666667,0.06666667,44490995,500.9483,798.0975
MOVE,0,0.058823533,0.058823533,44491012,510.03674,730.8804
MOVE,0,0.03137255,0.019607844,44491028,530.3931,628.1967
MOVE,0,0.019607844,0.019607844,44491040,552.23303,543.5135
UP,0,0.019607844,0.019607844,44491048,552.23303,543.5135
DOWN,0,0.050980397,0.050980397,44491365,613.14844,344.64435
MOVE,0,0.04705883,0.04705883,44491379,611.92554,346.47998
MOVE,0,0.050980397,0.04705883,44491396,603.6435,366.6289
MOVE,0,0.03529412,0.019607844,44491413,573.30817,457.15277
MOVE,0,0.015686275,0.019607844,44491429,542.72314,607.78357
MOVE,0,0.019607844,0.019607844,44491446,520.7569,761.00903
MOVE,0,0.019607844,0.019607844,44491458,500.30515,899.2794
UP,0,0.019607844,0.019607844,44491467,500.30515,899.2794
DOWN,0,0.058823533,0.058823533,44491917,496.3107,899.2794
MOVE,0,0.0627451,0.058823533,44491948,494.31348,833.0873
MOVE,0,0.050980397,0.050980397,44491964,497.7271,738.3409
MOVE,0,0.023529414,0.019607844,44491981,519.2645,602.8602
MOVE,0,0.027450982,0.019607844,44491993,540.2497,500.54175
UP,0,0.027450982,0.019607844,44492002,540.2497,500.54175
DOWN,0,0.050980397,0.050980397,44492302,568.2108,376.6233
MOVE,0,0.054901965,0.050980397,44492332,564.13855,388.034
MOVE,0,0.043137256,0.019607844,44492349,550.1129,439.0744
MOVE,0,0.039215688,0.019607844,44492366,529.3077,549.4064
MOVE,0,0.019607844,0.019607844,44492382,522.8838,707.03687
MOVE,0,0.003921569,0.019607844,44492399,524.8817,872.98755
MOVE,0,0.007843138,0.019607844,44492416,528.4414,1087.2966
MOVE,0,0.007843138,0.019607844,44492427,531.26215,1322.0013
UP,0,0.007843138,0.019607844,44492436,531.26215,1322.0013
MOVE,0,0.0627451,0.0627451,44492817,487.9862,724.1363
MOVE,0,0.050980397,0.050980397,44492834,506.81903,621.32666
MOVE,0,0.019607844,0.019607844,44492845,531.26215,528.5234
UP,0,0.019607844,0.019607844,44492854,531.26215,528.5234
DOWN,0,0.054901965,0.054901965,44493154,527.2677,427.58978
MOVE,0,0.050980397,0.050980397,44493167,527.2677,427.58978
MOVE,0,0.04705883,0.04705883,44493185,525.4482,438.5147
MOVE,0,0.04705883,0.019607844,44493202,515.83563,505.30194
MOVE,0,0.023529414,0.019607844,44493218,510.29126,630.7103
MOVE,0,0.027450982,0.019607844,44493230,509.29266,731.3899
UP,0,0.027450982,0.019607844,44493238,509.29266,731.3899
MOVE,0,0.03137255,0.019607844,44493619,501.0491,560.17786
MOVE,0,0.003921569,0.019607844,44493631,535.2566,456.57068
UP,0,0.003921569,0.019607844,44493639,535.2566,456.57068
DOWN,0,0.054901965,0.054901965,44494291,557.2261,358.63513
MOVE,0,0.058823533,0.054901965,44494322,550.7797,375.56915
MOVE,0,0.04705883,0.04705883,44494338,526.25024,443.04126
MOVE,0,0.03529412,0.019607844,44494355,502.30237,524.526
MOVE,0,0.027450982,0.019607844,44494372,488.11145,644.77124
MOVE,0,0.011764707,0.019607844,44494388,489.42508,792.78143
MOVE,0,0.003921569,0.019607844,44494405,500.9389,917.3927
MOVE,0,0.007843138,0.019607844,44494417,510.29126,986.2223
UP,0,0.007843138,0.019607844,44494426,510.29126,986.2223
DOWN,0,0.06666667,0.06666667,44494726,494.31348,858.3064
MOVE,0,0.07058824,0.07058824,44494739,494.31348,858.3064
MOVE,0,0.07450981,0.07058824,44494756,494.31348,821.2987
MOVE,0,0.07058824,0.06666667,44494773,497.11514,745.0936
MOVE,0,0.043137256,0.019607844,44494790,516.8399,626.5229
MOVE,0,0.023529414,0.019607844,44494802,541.2483,522.5273
UP,0,0.023529414,0.019607844,44494810,541.2483,522.5273
DOWN,0,0.054901965,0.054901965,44495144,565.21497,381.62
MOVE,0,0.054901965,0.050980397,44495174,561.55725,390.771
MOVE,0,0.04705883,0.04705883,44495191,540.96643,442.03387
MOVE,0,0.039215688,0.019607844,44495208,516.21484,543.5295
MOVE,0,0.027450982,0.019607844,44495224,505.9066,685.7207
MOVE,0,0.003921569,0.019607844,44495241,510.55255,832.0071
MOVE,0,0.007843138,0.019607844,44495253,522.27466,936.2551
UP,0,0.007843138,0.019607844,44495261,522.27466,936.2551
DOWN,0,0.050980397,0.050980397,44495629,453.37033,765.36755
MOVE,0,0.054901965,0.054901965,44495642,453.37033,764.759
MOVE,0,0.058823533,0.058823533,44495659,453.95474,753.256
MOVE,0,0.0627451,0.058823533,44495676,457.66998,696.23883
MOVE,0,0.050980397,0.050980397,44495692,470.75262,609.76733
MOVE,0,0.039215688,0.019607844,44495709,506.52567,490.5617
MOVE,0,0.019607844,0.019607844,44495726,571.5977,353.8261
MOVE,0,0.003921569,0.019607844,44495738,625.1318,262.69824
UP,0,0.003921569,0.019607844,44495746,625.1318,262.69824
DOWN,0,0.0627451,0.0627451,44496097,538.25244,351.6397
MOVE,0,0.058823533,0.058823533,44496110,535.87476,361.15735
MOVE,0,0.054901965,0.054901965,44496127,525.3354,398.91064
MOVE,0,0.04705883,0.04705883,44496144,509.84225,476.1432
MOVE,0,0.043137256,0.019607844,44496161,497.60156,585.064
MOVE,0,0.03529412,0.019607844,44496177,498.0217,710.2426
MOVE,0,0.015686275,0.019607844,44496194,512.22974,830.61865
MOVE,0,0.019607844,0.019607844,44496211,530.7574,933.38904
MOVE,0,0.019607844,0.019607844,44496222,546.24133,1024.1973
UP,0,0.019607844,0.019607844,44496231,546.24133,1024.1973
DOWN,0,0.054901965,0.054901965,44496548,491.31763,847.3136
MOVE,0,0.0627451,0.058823533,44496578,483.2801,781.00494
MOVE,0,0.050980397,0.050980397,44496595,483.08752,693.1073
MOVE,0,0.03529412,0.019607844,44496612,498.99854,576.249
MOVE,0,0.007843138,0.019607844,44496624,527.2677,477.5569
UP,0,0.007843138,0.019607844,44496632,527.2677,477.5569
DOWN,0,0.054901965,0.054901965,44496950,558.2247,380.62067
MOVE,0,0.050980397,0.050980397,44496963,558.2247,380.62067
MOVE,0,0.054901965,0.054901965,44496980,555.9953,388.05743
MOVE,0,0.050980397,0.050980397,44496996,549.4358,422.95953
MOVE,0,0.04705883,0.04705883,44497013,538.48096,514.5951
MOVE,0,0.023529414,0.019607844,44497030,536.2552,649.238
MOVE,0,0.003921569,0.019607844,44497047,536.2552,799.17413
MOVE,0,0.007843138,0.019607844,44497063,536.2552,937.2544
UP,0,0.007843138,0.019607844,44497083,536.2552,937.2544
DOWN,0,0.0627451,0.0627451,44497467,475.3398,908.27356
MOVE,0,0.054901965,0.054901965,44497498,468.14346,827.7864
MOVE,0,0.043137256,0.019607844,44497515,471.4362,716.8279
MOVE,0,0.023529414,0.019607844,44497531,498.96033,565.2961
MOVE,0,0.003921569,0.019607844,44497543,535.2566,447.5766
UP,0,0.003921569,0.019607844,44497552,535.2566,447.5766
DOWN,0,0.04705883,0.04705883,44497902,593.17615,260.69955
MOVE,0,0.043137256,0.019607844,44497933,563.9517,326.79803
MOVE,0,0.039215688,0.019607844,44497949,531.5417,439.96362
MOVE,0,0.015686275,0.019607844,44497961,516.28296,547.51086
UP,0,0.015686275,0.019607844,44497969,516.28296,547.51086
DOWN,0,0.0627451,0.0627451,44498420,508.29404,886.28796
MOVE,0,0.06666667,0.06666667,44498434,507.16162,869.8557
MOVE,0,0.054901965,0.054901965,44498451,504.2996,799.9904
MOVE,0,0.039215688,0.019607844,44498468,509.39694,682.2882
MOVE,0,0.015686275,0.019607844,44498480,528.2663,572.49445
UP,0,0.015686275,0.019607844,44498488,528.2663,572.49445
DOWN,0,0.043137256,0.019607844,44498922,613.14844,295.67654
MOVE,0,0.04705883,0.04705883,44498934,613.14844,295.67654
MOVE,0,0.050980397,0.050980397,44498952,609.4208,302.20465
MOVE,0,0.054901965,0.050980397,44498969,584.0574,349.48492
MOVE,0,0.043137256,0.019607844,44498986,555.78766,422.20386
MOVE,0,0.039215688,0.019607844,44499002,538.25244,490.54834
MOVE,0,0.027450982,0.019607844,44499019,527.93896,591.6369
MOVE,0,0.019607844,0.019607844,44499036,524.7021,737.5051
MOVE,0,0.019607844,0.019607844,44499044,523.7726,806.3406
UP,0,0.019607844,0.019607844,44499073,523.7726,806.3406
DOWN,0,0.078431375,0.078431375,44499373,533.2594,792.3498
MOVE,0,0.08235294,0.08235294,44499387,533.2594,791.1379
MOVE,0,0.078431375,0.078431375,44499404,533.8553,776.2325
MOVE,0,0.07450981,0.07450981,44499420,537.86523,702.9089
MOVE,0,0.039215688,0.019607844,44499437,557.6015,577.1278
MOVE,0,0.003921569,0.019607844,44499449,586.18585,459.56873
UP,0,0.003921569,0.019607844,44499457,586.18585,459.56873
DOWN,0,0.039215688,0.019607844,44500042,641.10956,256.70218
MOVE,0,0.043137256,0.019607844,44500072,641.10956,256.70218
MOVE,0,0.050980397,0.050980397,44500089,638.8232,261.27832
MOVE,0,0.054901965,0.050980397,44500106,623.4203,290.10788
MOVE,0,0.050980397,0.04705883,44500123,600.3929,343.27173
MOVE,0,0.04705883,0.019607844,44500139,576.3797,423.94507
MOVE,0,0.043137256,0.019607844,44500156,561.0337,541.0649
MOVE,0,0.003921569,0.019607844,44500168,559.2233,640.4497
UP,0,0.003921569,0.019607844,44500176,559.2233,640.4497
DOWN,0,0.058823533,0.058823533,44500761,523.27325,792.3498
MOVE,0,0.0627451,0.058823533,44500791,523.34,729.1875
MOVE,0,0.04705883,0.04705883,44500808,534.1155,634.2388
MOVE,0,0.019607844,0.019607844,44500820,553.2316,548.5102
UP,0,0.019607844,0.019607844,44500828,553.2316,548.5102
DOWN,0,0.043137256,0.019607844,44501213,619.1401,246.70874
MOVE,0,0.04705883,0.019607844,44501243,601.2445,291.0727
MOVE,0,0.043137256,0.019607844,44501259,579.9208,365.57727
MOVE,0,0.039215688,0.019607844,44501276,562.02875,488.07776
MOVE,0,0.003921569,0.019607844,44501288,560.2219,608.47076
UP,0,0.003921569,0.019607844,44501297,560.2219,608.47076
DOWN,0,0.04705883,0.04705883,44501714,503.301,829.32544
MOVE,0,0.050980397,0.050980397,44501744,502.73856,823.1343
MOVE,0,0.054901965,0.050980397,44501761,501.30374,783.1769
MOVE,0,0.04705883,0.04705883,44501778,504.67307,705.10626
MOVE,0,0.039215688,0.019607844,44501794,522.0064,596.0115
MOVE,0,0.011764707,0.019607844,44501806,546.24133,499.54242
UP,0,0.011764707,0.019607844,44501814,546.24133,499.54242
DOWN,0,0.039215688,0.019607844,44502616,462.35785,478.5562
MOVE,0,0.043137256,0.019607844,44502630,461.78723,486.5504
MOVE,0,0.039215688,0.019607844,44502647,461.35922,520.2032
MOVE,0,0.043137256,0.019607844,44502664,462.47852,570.1877
MOVE,0,0.043137256,0.019607844,44502680,470.25995,630.51733
MOVE,0,0.04705883,0.019607844,44502697,483.48285,694.2187
MOVE,0,0.04705883,0.019607844,44502714,498.20776,748.1922
MOVE,0,0.04705883,0.04705883,44502730,512.2566,786.0709
MOVE,0,0.058823533,0.058823533,44502747,519.42236,800.4882
MOVE,0,0.07450981,0.07450981,44502764,522.27466,802.3432
MOVE,0,0.078431375,0.078431375,44502781,522.8275,797.9169
MOVE,0,0.07058824,0.07058824,44502797,523.1096,769.7259
MOVE,0,0.0627451,0.0627451,44502814,514.86786,718.8822
MOVE,0,0.050980397,0.050980397,44502831,501.88486,650.2257
MOVE,0,0.039215688,0.019607844,44502848,494.4716,554.33496
MOVE,0,0.03137255,0.019607844,44502864,505.80148,430.9024
MOVE,0,0.015686275,0.019607844,44502881,552.1779,281.7567
MOVE,0,0.003921569,0.019607844,44502898,608.07416,154.1648
MOVE,0,0.007843138,0.019607844,44502914,661.65814,30.304794
MOVE,0,0.007843138,0.019607844,44502926,718.0028,-103.06114
UP,0,0.007843138,0.019607844,44502935,718.0028,-103.06114
DOWN,0,0.04705883,0.04705883,44503219,522.27466,186.7482
MOVE,0,0.043137256,0.019607844,44503231,522.27466,186.7482
MOVE,0,0.04705883,0.019607844,44503249,521.25446,191.85281
MOVE,0,0.04705883,0.04705883,44503265,512.97876,230.8147
MOVE,0,0.04705883,0.019607844,44503282,500.34644,322.75433
MOVE,0,0.03137255,0.019607844,44503294,495.31207,426.5904
UP,0,0.03137255,0.019607844,44503302,495.31207,426.5904
DOWN,0,0.050980397,0.050980397,44504756,420.4161,605.4727
MOVE,0,0.054901965,0.054901965,44504787,420.4161,605.00336
MOVE,0,0.0627451,0.0627451,44504803,422.40775,595.9972
MOVE,0,0.0627451,0.058823533,44504820,435.86942,551.16876
MOVE,0,0.050980397,0.050980397,44504837,459.6152,468.48877
MOVE,0,0.011764707,0.019607844,44504854,501.0943,346.29468
MOVE,0,0.015686275,0.019607844,44504870,548.81146,222.38263
MOVE,0,0.015686275,0.019607844,44504883,590.1803,111.797516
UP,0,0.015686275,0.019607844,44504891,590.1803,111.797516
DOWN,0,0.043137256,0.019607844,44505257,570.20807,178.75345
MOVE,0,0.04705883,0.019607844,44505288,547.9392,222.5409
MOVE,0,0.04705883,0.019607844,44505305,520.55396,296.1553
MOVE,0,0.03529412,0.019607844,44505322,497.89465,419.13025
MOVE,0,0.003921569,0.019607844,44505334,492.31622,535.51874
UP,0,0.003921569,0.019607844,44505342,492.31622,535.51874
DOWN,0,0.058823533,0.058823533,44505826,450.37448,723.39514
MOVE,0,0.0627451,0.058823533,44505857,450.37448,700.9962
MOVE,0,0.050980397,0.050980397,44505873,455.7462,612.8139
MOVE,0,0.03137255,0.019607844,44505890,484.7143,479.16174
MOVE,0,0.003921569,0.019607844,44505907,543.76276,313.27924
MOVE,0,0.007843138,0.019607844,44505924,604.8692,166.56589
MOVE,0,0.007843138,0.019607844,44505936,659.0846,35.847473
UP,0,0.007843138,0.019607844,44505944,659.0846,35.847473
DOWN,0,0.050980397,0.050980397,44506963,415.42303,761.3702
MOVE,0,0.054901965,0.054901965,44506975,415.42303,761.3702
MOVE,0,0.058823533,0.054901965,44506993,415.42303,754.8612
MOVE,0,0.058823533,0.054901965,44507010,418.61246,712.0915
MOVE,0,0.054901965,0.050980397,44507027,427.44495,636.91266
MOVE,0,0.03529412,0.019607844,44507044,450.4472,521.4218
MOVE,0,0.007843138,0.019607844,44507060,495.14362,378.31476
MOVE,0,0.011764707,0.019607844,44507072,534.258,273.691
UP,0,0.011764707,0.019607844,44507081,534.258,273.691
DOWN,0,0.04705883,0.04705883,44507381,504.2996,226.7219
MOVE,0,0.050980397,0.050980397,44507411,501.5362,242.44089
MOVE,0,0.054901965,0.050980397,44507428,486.66992,319.33124
MOVE,0,0.039215688,0.019607844,44507445,471.0408,451.67358
MOVE,0,0.003921569,0.019607844,44507457,468.34952,580.4892
UP,0,0.003921569,0.019607844,44507465,468.34952,580.4892
DOWN,0,0.054901965,0.054901965,44508936,581.1928,345.64368
MOVE,0,0.054901965,0.050980397,44508966,553.15265,414.84668
MOVE,0,0.039215688,0.019607844,44508983,521.299,528.0269
MOVE,0,0.043137256,0.019607844,44509000,493.80804,651.2202
MOVE,0,0.043137256,0.019607844,44509012,468.34952,758.37213
UP,0,0.043137256,0.019607844,44509020,468.34952,758.37213
DOWN,0,0.054901965,0.054901965,44509638,521.276,519.5293
MOVE,0,0.050980397,0.050980397,44509652,520.6882,528.35315
MOVE,0,0.043137256,0.019607844,44509668,517.7303,576.57385
MOVE,0,0.003921569,0.019607844,44509680,516.28296,675.4267
UP,0,0.003921569,0.019607844,44509688,516.28296,675.4267
MOVE,0,0.058823533,0.058823533,44522457,502.72205,646.3192
MOVE,0,0.054901965,0.054901965,44522474,512.8832,588.50653
MOVE,0,0.054901965,0.050980397,44522491,526.5815,525.73486
MOVE,0,0.050980397,0.04705883,44522508,544.28186,458.09778
MOVE,0,0.050980397,0.050980397,44522524,564.5301,393.89813
MOVE,0,0.050980397,0.04705883,44522541,582.6943,339.5741
MOVE,0,0.054901965,0.050980397,44522558,597.696,294.92334
MOVE,0,0.04705883,0.04705883,44522574,608.45575,261.07135
MOVE,0,0.050980397,0.04705883,44522591,616.1456,233.71246
MOVE,0,0.050980397,0.04705883,44522608,625.00366,207.84222
MOVE,0,0.050980397,0.04705883,44522625,634.31573,184.70862
MOVE,0,0.050980397,0.04705883,44522641,641.23773,164.24976
MOVE,0,0.050980397,0.04705883,44522658,644.67487,152.48993
MOVE,0,0.050980397,0.04705883,44522675,645.10406,147.19376
MOVE,0,0.050980397,0.04705883,44522691,645.10406,145.30493
MOVE,0,0.04705883,0.019607844,44522725,645.10406,145.77515
MOVE,0,0.03137255,0.019607844,44522742,645.10406,145.77515
MOVE,0,0.011764707,0.019607844,44522758,645.10406,145.77515
MOVE,0,0.015686275,0.019607844,44522762,645.10406,145.77515
UP,0,0.015686275,0.019607844,44522779,645.10406,145.77515
MOVE,0,0.054901965,0.050980397,44534512,506.42435,532.07404
MOVE,0,0.050980397,0.04705883,44534528,518.84485,489.20056
MOVE,0,0.050980397,0.04705883,44534545,532.56854,447.2677
MOVE,0,0.050980397,0.04705883,44534562,546.3133,407.3869
MOVE,0,0.050980397,0.04705883,44534578,560.0213,372.97076
MOVE,0,0.050980397,0.04705883,44534595,573.0474,342.95874
MOVE,0,0.050980397,0.04705883,44534611,584.29645,319.82318
MOVE,0,0.050980397,0.04705883,44534628,592.02765,301.73944
MOVE,0,0.054901965,0.050980397,44534645,597.3975,289.61246
MOVE,0,0.054901965,0.050980397,44534661,599.7706,281.8747
MOVE,0,0.054901965,0.050980397,44534678,600.7607,276.90372
MOVE,0,0.04705883,0.04705883,44534695,601.16504,274.10153
MOVE,0,0.050980397,0.04705883,44534711,601.16504,272.19196
MOVE,0,0.050980397,0.04705883,44534728,601.16504,271.40402
MOVE,0,0.043137256,0.019607844,44534745,601.16504,270.69296
MOVE,0,0.039215688,0.019607844,44534762,601.16504,270.08698
MOVE,0,0.03529412,0.019607844,44534778,601.16504,269.1413
MOVE,0,0.023529414,0.019607844,44534795,601.16504,267.69495
MOVE,0,0.007843138,0.019607844,44534812,601.16504,266.69562
MOVE,0,0.011764707,0.019607844,44534815,601.16504,266.69562
UP,0,0.011764707,0.019607844,44534832,601.16504,266.69562
UP,0,0.007843138,0.019607844,44536003,575.2012,362.1328
DOWN,0,0.043137256,0.019607844,44540967,524.27185,461.56738
MOVE,0,0.03529412,0.019607844,44540997,524.27185,461.56738
MOVE,0,0.011764707,0.019607844,44541014,524.27185,461.56738
MOVE,0,0.015686275,0.019607844,44541022,524.27185,461.56738
UP,0,0.015686275,0.019607844,44541052,524.27185,461.56738
DOWN,0,0.043137256,0.019607844,44544010,574.2025,473.5595
MOVE,0,0.043137256,0.019607844,44544040,574.2025,473.5595
MOVE,0,0.015686275,0.019607844,44544057,574.2025,472.94598
MOVE,0,0.003921569,0.019607844,44544073,576.1997,470.56146
MOVE,0,0.007843138,0.019607844,44544077,576.1997,470.56146
UP,0,0.007843138,0.019607844,44544093,576.1997,470.56146
MOVE,0,0.050980397,0.04705883,44549791,525.92523,619.4691
MOVE,0,0.050980397,0.04705883,44549808,545.80725,551.10254
MOVE,0,0.050980397,0.04705883,44549824,564.6395,490.67444
MOVE,0,0.050980397,0.04705883,44549841,579.329,437.8203
MOVE,0,0.054901965,0.050980397,44549858,591.221,393.44373
MOVE,0,0.054901965,0.050980397,44549875,600.5976,357.9087
MOVE,0,0.054901965,0.050980397,44549891,609.61115,327.05353
MOVE,0,0.054901965,0.050980397,44549908,616.53827,300.89078
MOVE,0,0.054901965,0.050980397,44549925,621.3307,278.71954
MOVE,0,0.054901965,0.050980397,44549941,624.7021,262.14084
MOVE,0,0.054901965,0.050980397,44549958,626.7167,249.18451
MOVE,0,0.054901965,0.050980397,44549975,627.129,239.43546
MOVE,0,0.054901965,0.050980397,44549992,627.129,235.13315
MOVE,0,0.058823533,0.054901965,44550008,627.129,232.14465
MOVE,0,0.058823533,0.054901965,44550025,627.129,231.71863
MOVE,0,0.054901965,0.050980397,44550041,627.129,231.71863
MOVE,0,0.04705883,0.04705883,44550058,627.129,231.71863
MOVE,0,0.050980397,0.04705883,44550075,627.129,231.71863
MOVE,0,0.03529412,0.019607844,44550092,627.129,231.71863
MOVE,0,0.015686275,0.019607844,44550109,628.72534,229.1218
MOVE,0,0.003921569,0.019607844,44550125,631.1235,226.7219
MOVE,0,0.007843138,0.019607844,44550129,631.1235,226.7219
UP,0,0.007843138,0.019607844,44550146,631.1235,226.7219
MOVE,0,0.04705883,0.019607844,44550493,502.34076,609.7392
MOVE,0,0.04705883,0.04705883,44550510,518.5559,549.50885
MOVE,0,0.050980397,0.04705883,44550527,537.2507,490.75708
MOVE,0,0.050980397,0.050980397,44550543,555.49713,440.5315
MOVE,0,0.050980397,0.04705883,44550560,572.1877,397.8
MOVE,0,0.050980397,0.04705883,44550577,586.4015,362.9958
MOVE,0,0.050980397,0.04705883,44550593,597.2764,335.5747
MOVE,0,0.050980397,0.04705883,44550610,605.00946,316.11383
MOVE,0,0.050980397,0.04705883,44550627,609.38904,300.96692
MOVE,0,0.050980397,0.04705883,44550644,611.7669,292.21237
MOVE,0,0.050980397,0.04705883,44550660,612.1498,287.08566
MOVE,0,0.050980397,0.04705883,44550677,612.1498,284.4741
MOVE,0,0.050980397,0.04705883,44550684,612.1498,282.68506
MOVE,0,0.04705883,0.019607844,44550727,612.1498,283.68442
MOVE,0,0.03529412,0.019607844,44550744,612.1498,283.06165
MOVE,0,0.023529414,0.019607844,44550761,612.1498,281.68573
MOVE,0,0.011764707,0.019607844,44550777,612.1498,281.68573
MOVE,0,0.015686275,0.019607844,44550785,612.1498,281.68573
UP,0,0.015686275,0.019607844,44550814,612.1498,281.68573
DOWN,0,0.050980397,0.050980397,44558287,510.29126,650.4432
MOVE,0,0.054901965,0.050980397,44558317,510.29126,647.1446
MOVE,0,0.050980397,0.04705883,44558334,513.186,629.96295
MOVE,0,0.043137256,0.019607844,44558350,522.7096,588.27637
MOVE,0,0.03529412,0.019607844,44558367,540.58716,529.8749
MOVE,0,0.043137256,0.019607844,44558384,563.16223,463.99524
MOVE,0,0.04705883,0.04705883,44558401,583.794,404.1681
MOVE,0,0.03529412,0.019607844,44558417,599.20856,356.3598
MOVE,0,0.043137256,0.019607844,44558434,611.9567,313.24503
MOVE,0,0.043137256,0.019607844,44558451,621.64496,280.90698
MOVE,0,0.043137256,0.019607844,44558467,629.01544,257.40488
MOVE,0,0.043137256,0.019607844,44558484,633.28644,242.63034
MOVE,0,0.043137256,0.019607844,44558501,635.7181,232.91476
MOVE,0,0.043137256,0.019607844,44558518,637.1151,227.51392
MOVE,0,0.03529412,0.019607844,44558534,638.1138,223.72388
MOVE,0,0.043137256,0.019607844,44558551,638.1138,222.11853
MOVE,0,0.039215688,0.019607844,44558567,638.1138,221.72519
MOVE,0,0.03529412,0.019607844,44558600,638.1138,221.72519
MOVE,0,0.027450982,0.019607844,44558618,638.1138,221.72519
MOVE,0,0.03137255,0.019607844,44558635,638.1138,221.72519
MOVE,0,0.027450982,0.019607844,44558651,638.1138,221.72519
MOVE,0,0.023529414,0.019607844,44558668,638.1138,221.72519
MOVE,0,0.007843138,0.019607844,44558685,638.1138,221.72519
MOVE,0,0.011764707,0.019607844,44558693,638.1138,221.72519
UP,0,0.011764707,0.019607844,44558723,638.1138,221.72519
DOWN,0,0.050980397,0.050980397,44564372,497.3093,677.4254
MOVE,0,0.054901965,0.050980397,44564402,498.5659,666.3659
MOVE,0,0.054901965,0.050980397,44564419,507.03784,614.3804
MOVE,0,0.039215688,0.019607844,44564436,521.254,550.597
MOVE,0,0.043137256,0.019607844,44564452,538.2213,488.53766
MOVE,0,0.043137256,0.019607844,44564469,553.5654,435.72412
MOVE,0,0.043137256,0.019607844,44564486,566.4886,391.17694
MOVE,0,0.043137256,0.019607844,44564502,578.9006,350.90894
MOVE,0,0.043137256,0.019607844,44564519,591.2072,315.97247
MOVE,0,0.043137256,0.019607844,44564536,600.57196,287.86206
MOVE,0,0.043137256,0.019607844,44564553,606.8023,266.21234
MOVE,0,0.043137256,0.019607844,44564569,611.2914,249.28583
MOVE,0,0.043137256,0.019607844,44564586,613.14844,238.97849
MOVE,0,0.043137256,0.019607844,44564602,613.14844,233.21765
MOVE,0,0.043137256,0.019607844,44564619,613.14844,232.71796
MOVE,0,0.043137256,0.019607844,44564636,613.14844,232.11475
MOVE,0,0.03529412,0.019607844,44564653,613.14844,231.71863
MOVE,0,0.03137255,0.019607844,44564670,613.7299,230.55472
MOVE,0,0.03137255,0.019607844,44564686,616.31067,227.55472
MOVE,0,0.015686275,0.019607844,44564703,620.2675,223.15976
MOVE,0,0.003921569,0.019607844,44564720,623.1345,220.72586
MOVE,0,0.007843138,0.019607844,44564723,623.1345,220.72586
UP,0,0.007843138,0.019607844,44564740,623.1345,220.72586
DOWN,0,0.043137256,0.019607844,44565575,542.2469,600.476
MOVE,0,0.03137255,0.019607844,44565606,542.2469,600.476
MOVE,0,0.007843138,0.019607844,44565622,542.2469,600.476
MOVE,0,0.011764707,0.019607844,44565626,542.2469,600.476
UP,0,0.011764707,0.019607844,44565643,542.2469,600.476
MOVE,0,0.04705883,0.019607844,44575452,577.90985,326.34076
MOVE,0,0.050980397,0.04705883,44575469,592.7722,278.1039
MOVE,0,0.050980397,0.04705883,44575486,600.97797,243.64774
MOVE,0,0.050980397,0.050980397,44575503,606.32245,218.90408
MOVE,0,0.04705883,0.04705883,44575519,609.2821,200.66171
MOVE,0,0.050980397,0.04705883,44575536,612.7314,184.09079
MOVE,0,0.054901965,0.050980397,44575553,616.30023,169.71268
MOVE,0,0.050980397,0.04705883,44575570,619.7461,156.73376
MOVE,0,0.050980397,0.04705883,44575586,621.715,145.88254
MOVE,0,0.050980397,0.04705883,44575603,623.1345,138.09106
MOVE,0,0.050980397,0.04705883,44575620,624.1332,133.63303
MOVE,0,0.050980397,0.04705883,44575636,624.1332,131.99347
MOVE,0,0.050980397,0.04705883,44575653,624.1332,131.78436
MOVE,0,0.027450982,0.019607844,44575670,624.1332,131.19904
MOVE,0,0.003921569,0.019607844,44575687,624.1332,129.78568
MOVE,0,0.007843138,0.019607844,44575691,624.1332,129.78568
UP,0,0.007843138,0.019607844,44575707,624.1332,129.78568
MOVE,0,0.050980397,0.050980397,44576088,498.3913,661.49567
MOVE,0,0.039215688,0.019607844,44576104,543.2194,556.16156
MOVE,0,0.019607844,0.019607844,44576121,594.4568,449.8028
MOVE,0,0.003921569,0.019607844,44576138,631.8761,370.90045
MOVE,0,0.007843138,0.019607844,44576155,673.286,285.0763
MOVE,0,0.007843138,0.019607844,44576166,718.0028,188.74689
UP,0,0.007843138,0.019607844,44576175,718.0028,188.74689
DOWN,0,0.054901965,0.054901965,44576458,495.31207,827.3268
MOVE,0,0.050980397,0.050980397,44576471,495.31207,827.3268
MOVE,0,0.054901965,0.050980397,44576489,495.91306,820.10986
MOVE,0,0.050980397,0.04705883,44576506,499.3215,779.4743
MOVE,0,0.03137255,0.019607844,44576522,514.6477,708.6902
MOVE,0,0.015686275,0.019607844,44576539,547.2739,612.1799
MOVE,0,0.003921569,0.019607844,44576551,580.1942,535.51874
UP,0,0.003921569,0.019607844,44576559,580.1942,535.51874
DOWN,0,0.054901965,0.054901965,44576827,490.319,694.41425
MOVE,0,0.050980397,0.050980397,44576840,490.319,694.41425
MOVE,0,0.054901965,0.054901965,44576857,490.319,694.41425
MOVE,0,0.058823533,0.058823533,44576873,490.319,693.87726
MOVE,0,0.058823533,0.054901965,44576890,490.91345,687.6565
MOVE,0,0.058823533,0.054901965,44576907,496.11438,666.6177
MOVE,0,0.050980397,0.050980397,44576924,505.27884,636.9141
MOVE,0,0.054901965,0.050980397,44576940,514.2715,603.9193
MOVE,0,0.054901965,0.050980397,44576957,522.5597,576.0644
MOVE,0,0.054901965,0.054901965,44576974,529.0457,553.57184
MOVE,0,0.054901965,0.050980397,44576990,533.46387,536.6989
MOVE,0,0.050980397,0.04705883,44577007,539.0189,520.22626
MOVE,0,0.050980397,0.04705883,44577024,545.022,504.9809
MOVE,0,0.050980397,0.050980397,44577041,551.39703,492.05884
MOVE,0,0.054901965,0.054901965,44577057,555.349,483.31244
MOVE,0,0.058823533,0.054901965,44577074,557.7953,477.84662
MOVE,0,0.058823533,0.054901965,44577091,558.8192,474.3683
MOVE,0,0.058823533,0.054901965,44577108,559.2233,472.7602
MOVE,0,0.050980397,0.050980397,44577124,559.2233,471.56085
MOVE,0,0.054901965,0.050980397,44577132,559.2233,471.56085
MOVE,0,0.04705883,0.04705883,44577174,559.2233,470.56146
MOVE,0,0.050980397,0.04705883,44577191,559.2233,469.00293
MOVE,0,0.050980397,0.04705883,44577199,559.2233,468.0631
MOVE,0,0.043137256,0.019607844,44577225,559.2233,468.5628
MOVE,0,0.04705883,0.04705883,44577241,559.2233,467.56348
MOVE,0,0.04705883,0.019607844,44577258,559.2233,466.9944
MOVE,0,0.04705883,0.019607844,44577266,559.2233,466.06445
MOVE,0,0.04705883,0.04705883,44577308,559.2233,466.56415
MOVE,0,0.04705883,0.019607844,44577324,559.2233,466.56415
MOVE,0,0.050980397,0.04705883,44577408,559.2233,466.56415
MOVE,0,0.050980397,0.050980397,44577442,559.2233,466.56415
MOVE,0,0.054901965,0.050980397,44577450,559.2233,466.56415
MOVE,0,0.054901965,0.054901965,44577509,558.2247,466.56415
MOVE,0,0.054901965,0.050980397,44577524,558.2247,466.56415
MOVE,0,0.043137256,0.019607844,44577576,557.2261,466.0653
MOVE,0,0.04705883,0.019607844,44577592,556.2275,465.0381
MOVE,0,0.04705883,0.019607844,44577609,555.2289,463.5661
MOVE,0,0.043137256,0.019607844,44577626,555.2289,463.5661
MOVE,0,0.015686275,0.019607844,44577642,555.2289,463.5661
MOVE,0,0.003921569,0.019607844,44577659,555.2289,463.5661
MOVE,0,0.007843138,0.019607844,44577663,555.2289,463.5661
UP,0,0.007843138,0.019607844,44577680,555.2289,463.5661
