timestamp_ns,acc_x,acc_y,acc_z,gyro_x,gyro_y,gyro_z,mag_x,mag_y,mag_z,activity
241167506780000,0.669935,7.630081,6.500762,0.0035943747,-0.003860625,0.003328125,-29.081251,-6.1125,11.868751,sitting
241167526799000,0.70821697,7.630081,6.424198,0.001198125,-0.00133125,0.003860625,-29.268751,-6.4500003,12.468751,sitting
241167546819000,0.976191,7.61094,6.596467,-0.00239625,-6.65625E-4,-0.0034612499,-29.081251,-6.1125,11.53125,sitting
241167566838000,0.842204,7.61094,5.9265323,0.0039937496,0.0037274999,-0.0035943747,-29.156252,-6.2812505,12.0375,sitting
241167586858000,0.918768,7.630081,5.869109,-0.00292875,0.004393125,0.0031949999,-29.212502,-6.1875005,12.13125,sitting
241167606877000,0.823063,7.649222,5.792545,0.0025293748,0.00452625,0.0039937496,-29.250002,-5.9812503,11.981251,sitting
241167626897000,0.995332,7.706645,5.792545,0.0025293748,-0.0041268747,9.3187497E-4,-29.343752,-5.775,12.0,sitting
241167646916000,1.205883,7.744927,5.88825,0.003860625,-9.3187497E-4,-0.0018637499,-29.41875,-5.7562504,11.94375,sitting
241167666936000,1.378152,7.706645,5.869109,-0.001065,0.0047925,-5.325E-4,-29.475,-5.7375,11.71875,sitting
241167686955000,1.33987,7.706645,5.715981,3.9937499E-4,-0.0035943747,-0.002795625,-29.5125,-5.9437504,11.512501,sitting
241167706975000,1.186742,7.783209,5.524571,0.0039937496,0.002263125,-0.00452625,-29.625002,-6.01875,11.15625,sitting
241167726994000,0.861345,7.878914,5.428866,-0.00452625,0.0025293748,0.0034612499,-29.6625,-6.01875,10.8,sitting
241167747014000,0.306256,7.955478,4.988623,-2.6625E-4,0.0030618748,0.0025293748,-29.7,-6.0375004,10.743751,sitting
241167767034000,-0.153128,7.99376,4.701508,-0.004925625,0.0018637499,-0.00213,-29.75625,-6.01875,10.81875,sitting
241167787053000,-0.038282,7.898055,4.950341,0.18424499,-0.044863123,0.057110623,-29.681252,-6.05625,10.875,sitting
241167807073000,0.38282,7.955478,5.562853,0.1858425,-0.05151937,0.0772125,-29.6625,-6.15,11.025001,sitting
241167827092000,1.014473,7.8214912,6.424198,0.18730687,-0.06003937,0.09372,-29.625002,-6.3375,11.137501,sitting
241167847112000,1.033614,7.80235,6.519903,0.19090125,-0.068426244,0.10503562,-29.493752,-6.2812505,11.08125,sitting
241167867131000,0.70821697,7.764068,6.366775,0.19808999,-0.07375125,0.11115937,-29.493752,-6.3,11.34375,sitting
241167887151000,0.421102,7.80235,6.117942,0.20940562,-0.072819375,0.112490624,-29.437502,-6.3187504,11.3625,sitting
241167907170000,0.344538,7.8214912,5.9265323,0.22378312,-0.06403312,0.10823062,-29.456251,-6.20625,11.606251,sitting
241167927190000,0.669935,7.783209,5.88825,0.24055687,-0.04725937,0.09678187,-29.41875,-6.20625,11.775001,sitting
241167947209000,1.091037,7.764068,5.964814,0.26132438,-0.022631248,0.07588125,-29.400002,-6.1687503,11.775001,sitting
241167967229000,1.244165,7.706645,6.07966,0.28888124,0.00985125,0.0441975,-29.38125,-5.9812503,11.700001,sitting
241167987248000,1.129319,7.630081,6.041378,0.32242873,0.048324373,0.0034612499,-29.306252,-5.8500004,11.775001,sitting
241168007268000,0.861345,7.5917993,5.88825,0.35531062,0.08826187,-0.041534998,-29.250002,-5.6625004,11.775001,sitting
241168027287000,0.76564,7.61094,5.658558,0.37940624,0.12367312,-0.08333625,-29.268751,-5.7000003,12.0,sitting
241168047307000,1.071896,7.61094,5.620276,0.3899231,0.15056437,-0.11541937,-29.23125,-5.925,12.1125,sitting
241168067326000,1.454716,7.61094,5.849968,0.38366625,0.16574062,-0.13379063,-29.268751,-6.1125,12.1125,sitting
241168087346000,1.588703,7.496094,6.194506,0.34852123,0.15775312,-0.12886499,-29.343752,-6.2812505,12.150001,sitting
241168107366000,1.397293,7.457812,6.443339,0.2976675,0.1347225,-0.11009437,-29.362501,-6.2625003,12.262501,sitting
241168127385000,1.071896,7.457812,6.405057,0.2541356,0.11501999,-0.09398624,-29.343752,-6.0937505,12.337501,sitting
241168147405000,0.899627,7.496094,6.2519293,0.190635,0.10610062,-0.06523125,-29.250002,-5.90625,12.31875,sitting
241168167424000,1.052755,7.496094,6.117942,0.11728312,0.09465187,-0.0335475,-29.175001,-5.8875003,12.543751,sitting
241168187444000,1.3015879,7.515235,6.1562243,0.08107312,0.07707937,-0.021699375,-29.19375,-5.83125,12.39375,sitting
241168207463000,1.4164339,7.476953,6.290211,0.039271872,0.06523125,-0.016906874,-29.156252,-5.7937503,12.50625,sitting
241168227483000,1.282447,7.457812,6.405057,0.0034612499,0.055113748,-0.012913125,-29.118752,-5.8875003,12.468751,sitting
241168247502000,1.129319,7.457812,6.385916,-0.011049375,0.0601725,-0.0239625,-29.025002,-5.775,12.468751,sitting
241168267522000,1.110178,7.438671,6.27107,-0.02343,0.06456562,-0.033281248,-28.968752,-5.86875,12.562501,sitting
241168287541000,1.205883,7.438671,6.194506,-0.02156625,0.06669562,-0.0484575,-28.893751,-5.8125,12.58125,sitting
241168307561000,1.320729,7.41953,6.194506,-0.01996875,0.068426244,-0.061370622,-29.00625,-5.86875,12.562501,sitting
241168327580000,1.320729,7.400389,6.194506,-0.01704,0.058441874,-0.052318122,-28.968752,-5.8500004,12.562501,sitting
241168347600000,1.244165,7.41953,6.194506,-0.014510624,0.049921874,-0.04473,-29.04375,-5.86875,12.543751,sitting
241168367619000,1.186742,7.41953,6.1562243,-0.012380624,0.04273312,-0.038206875,-29.025002,-5.925,12.543751,sitting
241168387639000,1.186742,7.438671,6.175365,-0.013179375,0.011049375,-0.0105168745,-29.062502,-5.9812503,12.58125,sitting
241168407659000,1.282447,7.400389,6.232788,-0.019303124,-0.028621875,0.02582625,-29.062502,-6.01875,12.69375,sitting
241168427678000,1.33987,7.400389,6.290211,-0.027823124,-0.048324373,0.046061248,-29.081251,-6.0375004,12.562501,sitting
241168447698000,1.320729,7.381248,6.290211,-0.029686874,-0.052584372,0.050454374,-29.062502,-5.86875,12.562501,sitting
241168467717000,1.282447,7.381248,6.232788,-0.034213122,-0.056844372,0.059107497,-28.968752,-5.7937503,12.281251,sitting
241168487737000,1.263306,7.381248,6.213647,-0.03807375,-0.06043875,0.066562496,-28.9125,-5.7937503,12.356251,sitting
241168507756000,1.320729,7.381248,6.232788,-0.032482497,-0.0516525,0.056844372,-28.9125,-6.0,12.562501,sitting
241168527776000,1.3590109,7.362107,6.290211,-0.027689999,-0.044064373,0.048590623,-28.931252,-6.24375,12.825001,sitting
241168547795000,1.378152,7.362107,6.309352,-0.01091625,-0.045794997,0.05178562,-29.062502,-6.2250004,12.712501,sitting
241168567815000,1.3590109,7.362107,6.309352,0.003328125,-0.04725937,0.054714374,-28.987501,-6.1875005,12.543751,sitting
241168587834000,1.33987,7.381248,6.2519293,0.01091625,-0.06043875,0.066562496,-29.081251,-6.1687503,12.450001,sitting
241168607854000,1.282447,7.381248,6.1562243,0.01517625,-0.086930625,0.09185625,-28.968752,-6.1687503,12.4875,sitting
241168627873000,1.225024,7.362107,6.07966,0.0031949999,-0.106233746,0.11009437,-29.00625,-6.3562503,12.731251,sitting
241168647893000,1.205883,7.381248,6.098801,-0.017705625,-0.12447187,0.12646875,-29.00625,-6.3750005,12.618751,sitting
241168667912000,1.244165,7.381248,6.098801,-0.04473,-0.13858312,0.13725187,-29.1,-6.3750005,12.50625,sitting
241168687932000,1.33987,7.362107,6.117942,-0.07375125,-0.14550562,0.14004749,-29.156252,-6.3750005,12.375001,sitting
241168707951000,1.397293,7.323825,6.060519,-0.10050937,-0.143775,0.13379063,-29.175001,-6.4125004,12.375001,sitting
241168727971000,1.3590109,7.2664022,6.041378,-0.104636244,-0.1304625,0.11901375,-29.156252,-6.6000004,12.356251,sitting
241168747991000,1.225024,7.247261,6.07966,-0.11994562,-0.116484374,0.10090875,-29.156252,-6.8812504,12.281251,sitting
241168768010000,1.110178,7.189838,6.194506,-0.13299187,-0.104636244,0.08546624,-29.156252,-6.9750004,12.01875,sitting
241168788030000,1.071896,7.151556,6.424198,-0.11355562,-0.08932687,0.072952494,-29.156252,-7.14375,11.83125,sitting
241168808049000,1.110178,7.132415,6.673031,-0.1208775,-0.08147249,0.0601725,-29.1375,-7.14375,11.71875,sitting
241168828069000,1.205883,7.113274,6.8453,-0.12700124,-0.07468312,0.049389374,-29.19375,-7.1062503,11.700001,sitting
241168848088000,1.205883,7.074992,6.902723,-0.11967937,-0.077878125,0.054181874,-29.343752,-7.14375,11.64375,sitting
241168868108000,1.167601,7.074992,6.883582,-0.1134225,-0.08054062,0.058175623,-29.41875,-7.2375,11.6625,sitting
241168888127000,1.110178,7.0367103,6.787877,-0.11435437,-0.08906062,0.066029996,-29.475,-7.3500004,11.475,sitting
241168908147000,1.071896,7.0367103,6.673031,-0.11515312,-0.09624937,0.072819375,-29.400002,-7.2937503,11.45625,sitting
241168928166000,1.091037,7.017569,6.596467,-0.121010624,-0.09451874,0.07668,-29.38125,-7.2562504,11.306251,sitting
241168948186000,1.14846,6.979287,6.558185,-0.12593624,-0.09305437,0.08000812,-29.38125,-7.1625004,11.15625,sitting
241168968205000,1.186742,6.941005,6.519903,-0.12913124,-0.08426812,0.07375125,-29.362501,-7.36875,11.1,sitting
241168988225000,1.186742,6.883582,6.4816213,-0.13179375,-0.076813124,0.068293124,-29.41875,-7.55625,10.950001,sitting
241169008244000,1.244165,6.864441,6.405057,-0.11262374,-0.06563062,0.058308747,-29.531252,-7.8187504,10.89375,sitting
241169028264000,1.320729,6.8453,6.347634,-0.117682494,-0.06523125,0.0516525,-29.587502,-8.025001,10.70625,sitting
241169048284000,1.435575,6.883582,6.443339,-0.1219425,-0.06509812,0.045928124,-29.56875,-8.118751,10.6125,sitting
241169068303000,1.4164339,6.921864,6.730454,-0.104103744,-0.05551312,0.039271872,-29.493752,-8.418751,10.425,sitting
241169088323000,1.3590109,6.807018,7.208979,-0.10184062,-0.06403312,0.044596873,-29.56875,-8.681251,10.35,sitting
241169108342000,1.205883,6.558185,7.649222,-0.09984375,-0.07122187,0.049123123,-29.643751,-8.887501,9.95625,sitting
241169128362000,0.65079397,6.175365,7.744927,-0.09385312,-0.074549995,0.049921874,-29.906252,-8.793751,9.375,sitting
241169148381000,0.076564,5.792545,7.649222,-0.088661246,-0.077478744,0.050587498,-30.150002,-8.418751,8.71875,sitting
241169168401000,-0.133987,5.639417,7.706645,-0.07574812,-0.06616312,0.043265622,-30.468752,-7.74375,8.00625,sitting
241169188420000,0.210551,5.6011353,7.974619,-0.07321875,-0.065896876,0.04686,-30.7875,-7.2000003,7.6125,sitting
241169208440000,1.033614,5.792545,8.37658,-0.07095562,-0.06563062,0.050054997,-31.050001,-6.8250003,7.3875003,sitting
241169228459000,1.4738569,5.983955,8.491426,-0.06057187,-0.05604562,0.04273312,-31.1625,-6.7312503,7.3125005,sitting
241169248479000,1.4738569,6.060519,8.204311,-0.05178562,-0.047925,0.036476247,-31.125002,-6.7312503,7.425,sitting
241169268498000,1.205883,6.098801,7.687504,-0.053116873,-0.05564625,0.032482497,-31.031252,-6.6562505,7.6125,sitting
241169288518000,0.880486,6.098801,7.055851,-0.054314997,-0.062302496,0.029154373,-30.900002,-6.675,7.9500003,sitting
241169308537000,0.727358,6.137083,6.692172,-0.046460625,-0.053116873,0.024894373,-30.825,-6.7125,8.137501,sitting
241169328557000,0.727358,6.175365,6.65389,-0.05298375,-0.05977312,0.032615624,-30.843752,-6.8437505,8.26875,sitting
241169348576000,0.76564,6.175365,6.921864,-0.058574997,-0.065497495,0.03913875,-30.750002,-6.9187503,8.2875,sitting
241169368596000,0.746499,6.175365,7.22812,-0.06030562,-0.06576375,0.0399375,-30.768751,-6.9187503,8.306251,sitting
241169388616000,0.631653,6.137083,7.438671,-0.061636873,-0.06616312,0.040469997,-30.825,-6.9375005,8.4375,sitting
241169408635000,0.535948,6.175365,7.496094,-0.0527175,-0.056578122,0.0346125,-30.7875,-6.8812504,8.64375,sitting
241169428655000,0.593371,6.1562243,7.476953,-0.044996247,-0.048324373,0.029553749,-30.806252,-6.99375,8.606251,sitting
241169448674000,0.631653,6.137083,7.553517,-0.049389374,-0.04699312,0.041801248,-30.712502,-7.0687504,8.606251,sitting
241169468694000,0.689076,6.175365,7.630081,-0.05298375,-0.045928124,0.052318122,-30.6375,-7.18125,8.493751,sitting
241169488713000,0.746499,6.213647,7.649222,-0.045262497,-0.039271872,0.044596873,-30.562502,-7.18125,8.493751,sitting
241169508733000,0.842204,6.27107,7.668363,-0.038739372,-0.0335475,0.038206875,-30.656252,-7.2562504,8.512501,sitting
241169528752000,0.976191,6.347634,7.5917993,-0.04473,-0.044064373,0.04446375,-30.675001,-7.275,8.418751,sitting
241169548772000,1.14846,6.366775,7.41953,-0.049788747,-0.053116873,0.049788747,-30.712502,-7.2937503,8.4375,sitting
241169568791000,1.282447,6.347634,7.247261,-0.0527175,-0.059373748,0.045129374,-30.73125,-7.3500004,8.587501,sitting
241169588811000,1.263306,6.309352,7.189838,-0.055246875,-0.06469875,0.041268747,-30.712502,-7.4062505,8.887501,sitting
241169608830000,1.071896,6.2519293,7.323825,-0.04725937,-0.055246875,0.035145,-30.69375,-7.3500004,8.887501,sitting
241169628850000,0.899627,6.1562243,7.438671,-0.05245125,-0.059639998,0.038206875,-30.656252,-7.2937503,8.925,sitting
241169648869000,0.784781,6.060519,7.496094,-0.0569775,-0.0633675,0.040869374,-30.562502,-7.2375,8.8125,sitting
241169668889000,0.76564,6.022237,7.476953,-0.04872375,-0.054048747,0.03487875,-30.487501,-7.0687504,8.83125,sitting
241169688909000,0.937909,5.964814,7.5917993,-0.041534998,-0.046194375,0.029819999,-30.4125,-7.05,9.0375,sitting
241169708928000,1.129319,6.022237,7.649222,-0.035544373,-0.039405,0.025426874,-30.31875,-6.9375005,9.1125,sitting
241169728948000,1.435575,5.964814,7.630081,-0.0303525,-0.033680625,0.021699375,-30.337502,-6.9,9.431251,sitting
241169748967000,1.492998,6.003096,7.649222,-0.025959374,-0.028754998,0.018504374,-30.337502,-6.8812504,9.637501,sitting
241169768987000,1.454716,5.9265323,7.61094,-0.02209875,-0.024628123,0.015841875,-30.375002,-6.8625,9.825001,sitting
241169789006000,1.397293,5.811686,7.534376,-0.0071887495,-0.036875624,0.011715,-30.31875,-6.9,10.012501,sitting
241169809026000,1.435575,5.715981,7.304684,0.00559125,-0.04725937,0.008253749,-30.300001,-6.8812504,10.087501,sitting
241169829045000,1.665267,5.658558,7.189838,0.0047925,-0.040336873,0.007055625,-30.281252,-6.7875004,9.993751,sitting
241169849065000,1.799254,5.735122,7.323825,0.0039937496,-0.034479372,0.005990625,-30.225,-6.6937504,10.03125,sitting
241169869084000,1.799254,5.715981,7.5917993,0.0034612499,-0.029420624,0.0050587496,-30.243752,-6.7312503,10.06875,sitting
241169889104000,1.646126,5.715981,7.725786,0.00292875,-0.025160624,0.004393125,-30.112501,-6.8437505,10.1625,sitting
241169909123000,1.4164339,5.754263,7.706645,0.014643749,-0.032349374,0.023829374,-30.075,-7.0687504,10.387501,sitting
241169929143000,1.3015879,5.830827,7.630081,0.024628123,-0.03847312,0.040336873,-30.075,-6.9187503,10.293751,sitting
241169949162000,1.3015879,5.830827,7.534376,0.021033749,-0.032881875,0.034479372,-30.075,-6.7125,10.35,sitting
241169969182000,1.33987,5.773404,7.572658,0.017971875,-0.028089374,0.029420624,-30.112501,-6.4125004,10.275001,sitting
241169989201000,1.397293,5.6968403,7.725786,0.015309375,-0.0239625,0.025160624,-30.206251,-6.20625,10.293751,sitting
241170009221000,1.33987,5.677699,8.051183,0.013179375,-0.020501249,0.021433124,-30.206251,-5.9437504,10.1625,sitting
241170029241000,1.3015879,5.50543,8.261734,-0.0030618748,-0.00878625,0.01517625,-30.35625,-5.6062503,10.106251,sitting
241170049260000,1.320729,5.409725,8.261734,-0.01677375,0.00133125,0.00985125,-30.468752,-5.1375003,10.106251,sitting
241170069280000,1.799254,5.352302,8.127747,-0.041268747,0.00985125,0.001065,-30.618752,-4.6875,10.25625,sitting
241170089299000,2.507471,5.467148,7.917196,-0.07974187,0.022231875,-0.008919375,-30.712502,-4.2937503,10.275001,sitting
241170109319000,3.292252,5.620276,7.8214912,-0.105168745,0.02848875,-0.0111825,-30.675001,-4.03125,10.14375,sitting
241170129338000,3.541085,5.543712,7.764068,-0.12979688,0.032216247,-0.011315624,-30.656252,-3.99375,10.106251,sitting
241170149358000,3.407098,5.562853,7.61094,-0.15309374,0.0335475,-0.0111825,-30.69375,-4.1062503,9.918751,sitting
241170169377000,2.928573,5.486289,7.553517,-0.17386125,0.033281248,-0.011715,-30.656252,-4.21875,9.918751,sitting
241170189397000,2.3926249,5.467148,7.323825,-0.19090125,0.0335475,-0.012247499,-30.69375,-4.3500004,9.731251,sitting
241170209416000,2.086369,5.543712,7.132415,-0.20301561,0.036343124,-0.011448749,-30.581251,-4.4437504,9.618751,sitting
241170229436000,1.894959,5.6011353,6.998428,-0.20967187,0.041534998,-0.009718125,-30.6375,-4.6125,9.543751,sitting
241170249455000,1.837536,5.620276,7.0367103,-0.19622624,0.041401874,-0.008120624,-30.618752,-4.6687503,9.543751,sitting
241170269475000,1.741831,5.658558,7.074992,-0.19556062,0.045395624,-0.0090525,-30.712502,-4.74375,9.69375,sitting
241170289494000,1.665267,5.677699,7.22812,-0.19502811,0.048989996,-0.009984375,-30.768751,-4.6687503,9.69375,sitting
241170309514000,1.703549,5.773404,7.381248,-0.18704061,0.04872375,-0.013445624,-30.806252,-4.6125,9.825001,sitting
241170329534000,1.780113,5.735122,7.687504,-0.18011811,0.0484575,-0.016507499,-30.806252,-4.51875,9.900001,sitting
241170349553000,1.9715229,5.677699,7.974619,-0.1688025,0.048590623,-0.013978125,-30.712502,-4.6687503,9.993751,sitting
241170369573000,2.124651,5.6011353,8.166029,-0.15908436,0.04872375,-0.011848125,-30.69375,-4.8,10.05,sitting
241170389592000,2.201215,5.581994,8.204311,-0.1357875,0.041534998,-0.010117499,-30.656252,-4.9875,10.087501,sitting
241170409612000,2.1629329,5.50543,8.18517,-0.13512187,0.042999372,1.33125E-4,-30.656252,-4.9125004,10.03125,sitting
241170429631000,1.894959,5.467148,8.051183,-0.13445625,0.044064373,0.0090525,-30.618752,-4.89375,10.125,sitting
241170449651000,1.780113,5.409725,7.840632,-0.114753745,0.037674375,0.00772125,-30.6,-4.8187504,10.087501,sitting
241170469670000,1.741831,5.50543,7.649222,-0.09811312,0.032216247,0.006523125,-30.487501,-4.875,10.25625,sitting
241170489690000,1.894959,5.639417,7.41953,-0.10357124,0.028754998,0.020368123,-30.4125,-4.9500003,10.5375,sitting
241170509709000,2.124651,5.754263,7.285543,-0.10823062,0.02582625,0.032083124,-30.375002,-5.0437503,10.725,sitting
241170529729000,2.354343,5.754263,7.2664022,-0.09238875,0.02209875,0.027423749,-30.375002,-5.1000004,10.9125,sitting
241170549748000,2.450048,5.715981,7.285543,-0.088395,0.0074549997,0.040869374,-30.375002,-5.3250003,11.1,sitting
241170569768000,2.411766,5.677699,7.22812,-0.08493375,-0.004925625,0.052318122,-30.225,-5.3250003,11.043751,sitting
241170589787000,2.10551,5.754263,7.247261,-0.083602495,-0.012114375,0.060838122,-30.056252,-5.34375,11.118751,sitting
241170609807000,2.028946,5.715981,7.2664022,-0.082404375,-0.018238124,0.06802687,-30.075,-5.4375,11.175,sitting
241170629826000,1.952382,5.754263,7.476953,-0.09917812,-0.020234998,0.069358125,-30.093752,-5.45625,11.118751,sitting
241170649846000,1.9715229,5.754263,7.668363,-0.13911562,-0.022897499,0.072286874,-30.243752,-5.5875,11.1,sitting
241170669866000,1.990664,5.754263,7.783209,-0.17745562,-0.01996875,0.063234374,-30.2625,-5.53125,11.08125,sitting
241170689885000,1.952382,5.773404,7.840632,-0.22404936,-0.012247499,0.05178562,-30.281252,-5.4375,11.19375,sitting
241170709905000,1.9140999,5.811686,7.80235,-0.2743706,0.003860625,0.035278123,-30.2625,-5.3250003,11.325001,sitting
241170729924000,1.9140999,5.849968,7.744927,-0.324825,0.031151248,0.010383749,-30.2625,-5.2312503,11.34375,sitting
241170749944000,1.990664,5.830827,7.668363,-0.3732825,0.07029,-0.023163749,-30.281252,-5.0437503,11.3625,sitting
241170769963000,2.048087,5.811686,7.572658,-0.41761312,0.119279996,-0.0601725,-30.187502,-5.0062504,11.212501,sitting
241170789983000,2.10551,5.754263,7.515235,-0.45635247,0.17412749,-0.09332062,-30.150002,-5.0062504,11.1,sitting
241170810002000,2.124651,5.754263,7.476953,-0.48976687,0.22924124,-0.11781562,-30.187502,-5.08125,11.325001,sitting
241170830022000,2.1629329,5.773404,7.438671,-0.5193206,0.27729937,-0.12966375,-30.150002,-5.15625,11.418751,sitting
241170850041000,2.182074,5.811686,7.381248,-0.5459456,0.31098,-0.12354,-30.187502,-5.11875,11.606251,sitting
241170870061000,2.182074,5.869109,7.323825,-0.56950873,0.32642248,-0.095583744,-30.225,-5.0062504,11.4375,sitting
241170890080000,2.143792,5.9265323,7.189838,-0.58841246,0.32296124,-0.048590623,-30.31875,-4.89375,11.45625,sitting
241170910100000,2.10551,5.964814,7.0367103,-0.6002606,0.30432373,0.008653125,-30.31875,-4.8562503,11.512501,sitting
241170930119000,2.086369,5.945673,6.902723,-0.60279,0.2763675,0.06616312,-30.243752,-4.9500003,11.56875,sitting
241170950139000,2.124651,5.9265323,6.941005,-0.5944031,0.246015,0.11728312,-30.300001,-5.08125,11.56875,sitting
241170970159000,2.182074,5.907391,7.132415,-0.57443434,0.21832499,0.15828562,-30.375002,-5.08125,11.418751,sitting
241170990178000,2.220356,5.907391,7.323825,-0.5427506,0.19582687,0.1869075,-30.54375,-5.08125,11.231251,sitting
241171010198000,2.201215,5.9265323,7.362107,-0.48564,0.17239687,0.18344624,-30.562502,-4.9875,11.08125,sitting
241171030217000,2.067228,5.983955,7.304684,-0.43438685,0.16467562,0.1917,-30.487501,-4.9875,10.9125,sitting
241171050237000,1.990664,6.022237,7.2664022,-0.39072186,0.15801936,0.19875562,-30.525002,-4.9500003,11.043751,sitting
241171070256000,1.990664,6.041378,7.323825,-0.32549062,0.16148062,0.18757312,-30.45,-4.93125,11.175,sitting
241171090276000,2.067228,6.022237,7.438671,-0.25959376,0.177855,0.1815825,-30.337502,-4.93125,11.3625,sitting
241171110295000,2.1629329,6.003096,7.534376,-0.20008686,0.17758875,0.1613475,-30.206251,-5.08125,11.38125,sitting
241171130315000,2.143792,5.964814,7.457812,-0.15948375,0.16400999,0.14044687,-30.112501,-5.0625,11.2875,sitting
241171150334000,2.10551,5.964814,7.381248,-0.11728312,0.16094811,0.12606937,-30.16875,-5.025,11.3625,sitting
241171170354000,2.048087,5.945673,7.285543,-0.081339374,0.15841874,0.113688745,-30.225,-5.025,11.475,sitting
241171190373000,1.9715229,5.9265323,7.22812,-0.06416625,0.15362625,0.10130812,-30.31875,-5.1000004,11.7375,sitting
241171210393000,2.009805,5.88825,7.22812,-0.049655624,0.14949937,0.09079125,-30.2625,-5.0625,11.85,sitting
241171230412000,2.10551,5.88825,7.2664022,-0.05138625,0.1475025,0.07694624,-30.243752,-5.025,11.90625,sitting
241171250432000,2.258638,5.869109,7.2664022,-0.05298375,0.14577188,0.06523125,-30.150002,-4.875,11.6625,sitting
241171270451000,2.29692,5.907391,7.151556,-0.0612375,0.14830124,0.050188124,-30.187502,-4.8562503,11.493751,sitting
241171290471000,2.258638,5.88825,7.113274,-0.068426244,0.15043125,0.037274998,-30.13125,-4.8,11.45625,sitting
241171310491000,2.201215,5.88825,7.074992,-0.07494937,0.152295,0.024894373,-30.093752,-4.875,11.56875,sitting
241171330510000,2.143792,5.869109,7.22812,-0.08067375,0.15389249,0.014377499,-30.16875,-4.89375,11.75625,sitting
241171350530000,2.201215,5.830827,7.323825,-0.085333124,0.14976563,0.006523125,-30.225,-5.1375003,11.793751,sitting
241171370549000,2.239497,5.792545,7.496094,-0.08932687,0.14630437,-2.6625E-4,-30.337502,-5.175,11.75625,sitting
241171390569000,2.29692,5.754263,7.5917993,-0.0942525,0.139515,-0.0030618748,-30.300001,-5.1937504,11.587501,sitting
241171410588000,2.29692,5.735122,7.61094,-0.09851249,0.13379063,-0.00559125,-30.337502,-5.25,11.38125,sitting
241171430608000,2.239497,5.754263,7.572658,-0.10184062,0.12420562,-0.0063899998,-30.337502,-5.1937504,11.400001,sitting
241171450627000,2.124651,5.792545,7.515235,-0.10450312,0.11608499,-0.007055625,-30.300001,-5.175,11.4375,sitting
241171470647000,2.067228,5.792545,7.534376,-0.08932687,0.09904499,-0.005990625,-30.243752,-5.11875,11.400001,sitting
241171490666000,2.048087,5.773404,7.553517,-0.09598312,0.08959312,-0.0019968748,-30.187502,-4.9875,11.2875,sitting
241171510686000,2.086369,5.754263,7.572658,-0.10184062,0.081339374,0.001464375,-30.225,-4.93125,11.118751,sitting
241171530705000,2.143792,5.754263,7.572658,-0.086930625,0.069491245,0.001198125,-30.2625,-4.89375,11.212501,sitting
241171550725000,2.1629329,5.754263,7.572658,-0.07814437,0.050054997,0.0197025,-30.206251,-4.96875,11.325001,sitting
241171570744000,2.1629329,5.754263,7.553517,-0.07068937,0.033414375,0.035544373,-30.13125,-5.1375003,11.3625,sitting
241171590764000,2.143792,5.735122,7.534376,-0.052051872,0.011715,0.050454374,-30.056252,-5.25,11.34375,sitting
241171610784000,2.143792,5.735122,7.476953,-0.03621,-0.0069224997,0.0633675,-30.000002,-5.3625,11.3625,sitting
241171630803000,2.143792,5.735122,7.41953,-0.01917,-0.028621875,0.07375125,-29.962502,-5.26875,11.137501,sitting
241171650823000,2.1629329,5.754263,7.400389,-0.0046593747,-0.04712625,0.082537495,-30.075,-5.08125,11.0625,sitting
241171670842000,2.201215,5.754263,7.438671,0.0039937496,-0.059639998,0.08333625,-30.16875,-4.9500003,11.043751,sitting
241171690862000,2.201215,5.735122,7.515235,0.011448749,-0.07042312,0.08386875,-30.187502,-4.9125004,11.231251,sitting
241171710881000,2.220356,5.715981,7.553517,0.009718125,-0.0601725,0.07162125,-30.225,-5.0625,11.45625,sitting
241171730901000,2.220356,5.6968403,7.61094,0.008386875,-0.05138625,0.0612375,-30.150002,-5.175,11.606251,sitting
241171750920000,2.239497,5.6968403,7.630081,0.0071887495,-0.04393125,0.052318122,-30.150002,-5.34375,11.681251,sitting
241171770940000,2.258638,5.6968403,7.61094,0.0061237495,-0.037541248,0.044596873,-30.075,-5.4375,11.90625,sitting
241171790959000,2.239497,5.754263,7.515235,-0.020767499,-0.029819999,0.037674375,-30.075,-5.34375,11.7375,sitting
241171810979000,2.220356,5.811686,7.381248,-0.043798123,-0.023296874,0.031816874,-30.0375,-5.3250003,11.90625,sitting
241171830998000,2.1629329,5.830827,7.304684,-0.055113748,-0.015974998,0.022365,-30.075,-5.34375,11.90625,sitting
241171851018000,2.1629329,5.849968,7.285543,-0.064964995,-0.009718125,0.014377499,-30.0375,-5.34375,11.94375,sitting
241171871037000,2.201215,5.849968,7.342966,-0.0761475,-0.012114375,0.016241249,-30.056252,-5.4375,11.94375,sitting
241171891057000,2.220356,5.830827,7.381248,-0.08559937,-0.013978125,0.01783875,-30.056252,-5.34375,11.868751,sitting
241171911076000,2.258638,5.811686,7.342966,-0.093187496,-0.030751875,0.027556874,-30.056252,-5.34375,11.925,sitting
241171931096000,2.2777789,5.811686,7.285543,-0.10956187,-0.059506875,0.04446375,-30.000002,-5.2875004,11.962501,sitting
241171951116000,2.239497,5.830827,7.247261,-0.1134225,-0.0804075,0.05671125,-30.018751,-5.34375,12.01875,sitting
241171971135000,2.201215,5.849968,7.22812,-0.11621812,-0.09824625,0.068426244,-30.0375,-5.45625,12.0375,sitting
241171991155000,2.182074,5.849968,7.247261,-0.11794875,-0.11209124,0.077478744,-30.112501,-5.53125,11.981251,sitting
241172011174000,2.220356,5.849968,7.304684,-0.119812496,-0.12234187,0.08280375,-30.075,-5.53125,11.83125,sitting
241172031194000,2.2777789,5.811686,7.400389,-0.122208744,-0.13019624,0.08506687,-29.962502,-5.55,11.85,sitting
241172051213000,2.29692,5.773404,7.476953,-0.12420562,-0.1357875,0.085333124,-29.925001,-5.4750004,11.925,sitting
241172071233000,2.2777789,5.773404,7.515235,-0.12393937,-0.13964812,0.08546624,-29.85,-5.4750004,11.962501,sitting
241172091252000,2.220356,5.792545,7.496094,-0.121010624,-0.1443075,0.08719687,-29.906252,-5.5125003,12.0375,sitting
241172111272000,2.220356,5.830827,7.457812,-0.11608499,-0.15242812,0.090924375,-29.94375,-5.53125,12.056251,sitting
241172131291000,2.258638,5.849968,7.438671,-0.10996125,-0.16467562,0.096116245,-30.0375,-5.49375,12.093751,sitting
241172151311000,2.316061,5.849968,7.400389,-0.10423687,-0.1794525,0.102239996,-30.000002,-5.2875004,12.093751,sitting
241172171330000,2.316061,5.869109,7.362107,-0.100642495,-0.19303124,0.10982812,-29.962502,-5.175,12.0375,sitting
241172191350000,2.2777789,5.849968,7.323825,-0.100642495,-0.20155124,0.11954624,-29.831251,-5.0625,11.962501,sitting
241172211369000,2.258638,5.830827,7.342966,-0.1049025,-0.20341499,0.12886499,-29.79375,-5.1937504,12.075001,sitting
241172231389000,2.239497,5.830827,7.362107,-0.11275687,-0.20008686,0.13339125,-29.775002,-5.2875004,12.1125,sitting
241172251409000,2.239497,5.830827,7.362107,-0.12180937,-0.19343062,0.13006312,-29.79375,-5.3812504,12.3,sitting
241172271428000,2.201215,5.792545,7.362107,-0.11728312,-0.17559187,0.11688375,-29.85,-5.34375,12.375001,sitting
241172291448000,2.10551,5.792545,7.400389,-0.122741245,-0.16361062,0.101707496,-29.925001,-5.2312503,12.39375,sitting
241172311467000,2.182074,5.849968,7.342966,-0.12740062,-0.15336,0.088661246,-29.925001,-5.15625,12.337501,sitting
241172331487000,2.411766,5.88825,7.2664022,-0.10889625,-0.13099499,0.07574812,-29.812502,-5.15625,12.31875,sitting
241172351506000,2.622317,5.9265323,7.170697,-0.09292125,-0.111958124,0.06469875,-29.737501,-5.15625,12.262501,sitting
241172371526000,2.622317,5.869109,7.208979,-0.10197375,-0.104636244,0.044596873,-29.775002,-5.2875004,12.243751,sitting
241172391545000,2.411766,5.811686,7.342966,-0.109694995,-0.09851249,0.027423749,-29.775002,-5.26875,12.20625,sitting
241172411565000,2.258638,5.773404,7.41953,-0.09372,-0.084134996,0.02343,-29.812502,-5.3250003,12.168751,sitting
241172431584000,2.2777789,5.811686,7.438671,-0.08000812,-0.0718875,0.01996875,-29.812502,-5.34375,12.225,sitting
241172451604000,2.335202,5.869109,7.342966,-0.094385624,-0.06563062,0.022365,-29.79375,-5.34375,12.262501,sitting
241172471623000,2.354343,5.907391,7.247261,-0.10663312,-0.06030562,0.024361875,-29.79375,-5.3812504,12.50625,sitting
241172491643000,2.2777789,5.88825,7.170697,-0.120345,-0.04819125,0.0260925,-29.831251,-5.4,12.6,sitting
241172511662000,2.201215,5.849968,7.189838,-0.15242812,-0.032615624,0.030885,-29.925001,-5.34375,12.543751,sitting
241172531682000,2.182074,5.811686,7.22812,-0.17386125,-0.015575624,0.03381375,-29.98125,-5.30625,12.450001,sitting
241172551701000,2.258638,5.830827,7.304684,-0.19595999,0.0015974999,0.039005622,-29.962502,-5.25,12.13125,sitting
241172571721000,2.29692,5.849968,7.362107,-0.2145975,0.015043125,0.04765875,-29.98125,-5.1937504,11.887501,sitting
241172591741000,2.2777789,5.907391,7.438671,-0.22751062,0.019303124,0.06150375,-30.056252,-5.1375003,11.6625,sitting
241172611760000,2.220356,5.983955,7.553517,-0.23416686,0.010250624,0.08280375,-30.2625,-4.9875,11.55,sitting
241172631780000,2.124651,6.022237,7.706645,-0.23403375,-0.013578749,0.11382187,-30.4125,-4.9875,11.475,sitting
241172651799000,2.124651,6.041378,7.859773,-0.22551374,-0.052051872,0.15549,-30.581251,-4.8375,11.493751,sitting
241172671819000,2.1629329,6.060519,7.936337,-0.20860687,-0.103305,0.20634374,-30.54375,-4.7250004,11.325001,sitting
241172691838000,2.201215,6.07966,7.974619,-0.18677437,-0.16321124,0.26318812,-30.525002,-4.4437504,11.025001,sitting
241172711858000,2.201215,6.117942,7.878914,-0.16440937,-0.22524749,0.320565,-30.50625,-4.1625004,10.8,sitting
241172731877000,2.143792,6.117942,7.61094,-0.1432425,-0.28222498,0.37274998,-30.525002,-3.80625,10.8,sitting
241172751897000,2.124651,6.060519,7.323825,-0.122741245,-0.3281531,0.41455123,-30.487501,-3.5625002,11.118751,sitting
241172771916000,2.086369,5.983955,7.094133,-0.10317187,-0.3601031,0.44290686,-30.31875,-3.45,11.55,sitting
241172791936000,2.10551,5.830827,6.941005,-0.085998744,-0.37594497,0.45608622,-30.187502,-3.3000002,12.0375,sitting
241172811955000,2.048087,5.677699,6.730454,-0.071088746,-0.37434748,0.45395625,-30.112501,-3.2812502,12.39375,sitting
241172831975000,1.990664,5.486289,6.347634,-0.056844372,-0.35664186,0.43811435,-30.13125,-3.3375,12.4875,sitting
241172851994000,1.9140999,5.294879,5.88825,-0.046061248,-0.3189675,0.39591375,-30.225,-3.4875002,12.4125,sitting
241172872014000,1.9140999,5.199174,5.658558,-0.026225625,-0.28329,0.36609372,-30.393751,-3.5812502,12.0375,sitting
241172892034000,2.009805,5.180033,5.849968,-0.009318749,-0.25280437,0.34053373,-30.6375,-3.6000001,11.53125,sitting
241172912053000,2.450048,5.352302,6.405057,0.01517625,-0.21140249,0.30445686,-30.825,-3.4125001,10.9875,sitting
241172932073000,3.06256,5.581994,6.960146,0.036076874,-0.17599124,0.27357188,-31.125002,-3.35625,10.5375,sitting
241172952092000,3.560226,5.6968403,7.381248,0.0569775,-0.13791749,0.24015749,-31.29375,-3.3187501,10.125,sitting
241172972112000,3.63679,5.6968403,7.764068,0.07481625,-0.10530187,0.21153562,-31.425001,-3.45,9.825001,sitting
241172992131000,3.177406,5.524571,8.242593,0.08879437,-0.07588125,0.18078375,-31.425001,-3.525,9.525001,sitting
241173012151000,2.584035,5.352302,8.625413,0.10077562,-0.050720625,0.154425,-31.406252,-3.6562502,9.50625,sitting
241173032170000,2.143792,5.218315,8.721118,0.107964374,-0.025027499,0.12633562,-31.406252,-3.8437502,9.4875,sitting
241173052190000,2.067228,5.218315,8.510567,0.123273745,0.00772125,0.09784687,-31.462502,-3.99375,9.337501,sitting
241173072209000,2.258638,5.352302,8.108606,0.11435437,0.017439375,0.079076245,-31.44375,-4.40625,9.262501,sitting
241173092229000,2.411766,5.50543,7.744927,0.11102624,0.036343124,0.06043875,-31.5375,-4.5,8.85,sitting
241173112248000,2.29692,5.524571,7.515235,0.10823062,0.05245125,0.04446375,-31.612501,-4.6312504,8.587501,sitting
241173132268000,1.933241,5.390584,7.515235,0.09292125,0.063766874,0.035544373,-31.687502,-4.7250004,8.26875,sitting
241173152287000,1.550421,5.2757382,7.630081,0.079875,0.073484994,0.027823124,-31.81875,-4.6875,7.9687505,sitting
241173172307000,1.53128,5.237456,7.764068,0.053915624,0.07534875,0.028621875,-31.725,-4.70625,7.7250004,sitting
241173192326000,1.665267,5.199174,8.127747,0.03168375,0.07694624,0.029154373,-31.66875,-4.8,7.8187504,sitting
241173212346000,1.780113,5.065187,8.56799,0.001198125,0.0686925,0.035278123,-31.425001,-4.9875,8.34375,sitting
241173232366000,1.818395,4.950341,8.835964,-0.024894373,0.06150375,0.040469997,-31.237501,-5.30625,9.1875,sitting
241173252385000,1.760972,4.854636,8.855105,-0.05178562,0.047525622,0.044064373,-31.10625,-5.5687504,9.900001,sitting
241173272405000,1.665267,4.854636,8.682836,-0.07468312,0.035544373,0.04712625,-31.031252,-5.64375,10.387501,sitting
241173292424000,1.684408,4.758931,8.510567,-0.09398624,0.025959374,0.046194375,-30.900002,-5.5125003,10.575001,sitting
241173312444000,1.703549,4.624944,8.242593,-0.11036062,0.017705625,0.045395624,-30.825,-5.3812504,10.5375,sitting
241173332463000,1.741831,4.4909573,8.18517,-0.120345,0.02156625,0.040336873,-30.843752,-5.26875,10.481251,sitting
241173352483000,1.894959,4.433534,8.166029,-0.12873188,0.024894373,0.03594375,-30.956251,-5.1937504,10.40625,sitting
241173372502000,2.258638,4.510098,8.204311,-0.12766688,0.036343124,0.03061875,-31.06875,-5.15625,10.462501,sitting
241173392522000,2.7180219,4.644085,8.051183,-0.12686811,0.046061248,0.0260925,-31.087502,-5.11875,10.5375,sitting
241173412541000,2.9477139,4.8163543,7.764068,-0.10836375,0.039271872,0.022365,-31.050001,-5.11875,10.556251,sitting
241173432561000,2.852009,4.950341,7.5917993,-0.09252187,0.0335475,0.019036874,-31.0125,-5.15625,10.6125,sitting
241173452580000,2.564894,5.007764,7.553517,-0.079076245,0.028621875,0.016241249,-31.0125,-5.1000004,10.59375,sitting
241173472600000,2.335202,4.969482,7.668363,-0.050587498,0.028754998,0.001198125,-31.031252,-5.0062504,10.6875,sitting
241173492619000,2.220356,4.873777,7.974619,-0.02635875,0.028754998,-0.011581874,-31.143751,-4.8562503,10.78125,sitting
241173512639000,2.201215,4.835495,8.18517,0.0015974999,0.002263125,-0.0039937496,-31.125002,-4.78125,10.78125,sitting
241173532659000,2.2777789,4.873777,8.280875,0.03594375,-0.037408125,0.0047925,-31.087502,-4.8187504,10.856251,sitting
241173552678000,2.430907,4.912059,8.223452,0.050321247,-0.06789375,0.008253749,-31.06875,-4.78125,10.9125,sitting
241173572698000,2.6031759,4.912059,8.204311,0.06097125,-0.09585,0.011715,-30.975,-4.74375,10.96875,sitting
241173592717000,2.698881,4.892918,8.18517,0.069225,-0.11794875,0.016108124,-30.88125,-4.6875,11.043751,sitting
241173612737000,2.67974,4.912059,8.089465,0.0761475,-0.1325925,0.018903749,-30.806252,-4.6875,11.15625,sitting
241173632756000,2.622317,5.007764,7.878914,0.073484994,-0.12793311,0.018105,-30.750002,-4.70625,11.212501,sitting
241173652776000,2.622317,5.12261,7.668363,0.079875,-0.12926437,0.01091625,-30.768751,-4.59375,11.2875,sitting
241173672795000,2.67974,5.1417513,7.630081,0.085333124,-0.13059562,0.0046593747,-30.712502,-4.4437504,11.38125,sitting
241173692815000,2.698881,5.103469,7.706645,0.08719687,-0.12114374,-0.007854375,-30.618752,-4.36875,11.53125,sitting
241173712834000,2.67974,5.026905,7.878914,0.0889275,-0.113156244,-0.018637499,-30.525002,-4.4625,11.625,sitting
241173732854000,2.641458,5.007764,7.99376,0.07588125,-0.096648745,-0.015974998,-30.487501,-4.55625,11.775001,sitting
241173752873000,2.641458,5.007764,7.974619,0.064831875,-0.082537495,-0.013578749,-30.487501,-4.59375,12.0,sitting
241173772893000,2.698881,5.026905,7.8214912,0.055379998,-0.070556246,-0.011581874,-30.487501,-4.5750003,12.20625,sitting
241173792912000,2.67974,5.026905,7.668363,0.049389374,-0.061370622,-0.04273312,-30.4125,-4.5375004,12.4125,sitting
241173812932000,2.660599,4.988623,7.534376,0.044330623,-0.053516246,-0.069225,-30.35625,-4.4812503,12.50625,sitting
241173832951000,2.67974,4.969482,7.515235,0.037940625,-0.045794997,-0.059107497,-30.300001,-4.36875,12.525001,sitting
241173852971000,2.756304,5.007764,7.515235,0.032349374,-0.039005622,-0.050587498,-30.35625,-4.2937503,12.6,sitting
241173872991000,2.87115,5.065187,7.553517,0.0133125,-0.025426874,-0.06456562,-30.281252,-4.0875,12.562501,sitting
241173893010000,2.985996,5.160892,7.534376,-0.0030618748,-0.013711874,-0.07654687,-30.2625,-4.05,12.618751,sitting
241173913030000,3.043419,5.237456,7.496094,-0.0026625,-0.011715,-0.065364376,-30.16875,-3.9375002,12.543751,sitting
241173933049000,3.005137,5.2757382,7.41953,-0.002263125,-0.009984375,-0.0559125,-30.206251,-3.91875,12.4875,sitting
241173953069000,2.928573,5.218315,7.438671,-0.0018637499,-0.00852,-0.04765875,-30.2625,-3.91875,12.4875,sitting
241173973088000,2.87115,5.1417513,7.5917993,-0.0015974999,-0.0073218746,-0.040736247,-30.4125,-4.0687504,12.6,sitting
241173993108000,2.928573,5.084328,7.706645,-0.001464375,-0.0062568747,-0.034745622,-30.337502,-4.0687504,12.6,sitting
241174013127000,3.005137,5.084328,7.744927,0.0063899998,-0.001198125,-0.053649373,-30.243752,-4.1625004,12.637501,sitting
241174033147000,2.985996,5.12261,7.630081,0.012913125,0.0030618748,-0.06962437,-30.13125,-4.03125,12.637501,sitting
241174053166000,2.890291,5.160892,7.496094,0.011049375,0.0026625,-0.059506875,-30.16875,-3.8812501,12.731251,sitting
241174073186000,2.8328679,5.199174,7.41953,0.0094518745,0.002263125,-0.050853748,-30.281252,-3.7125,12.69375,sitting
241174093205000,2.852009,5.256597,7.41953,0.022631248,-0.007854375,-0.029953124,-30.35625,-3.7125,12.618751,sitting
241174113225000,2.852009,5.256597,7.41953,0.033946875,-0.016507499,-0.012247499,-30.35625,-3.7875001,12.50625,sitting
241174133244000,2.813727,5.256597,7.476953,0.029021248,-0.013978125,-0.0105168745,-30.300001,-3.8812501,12.525001,sitting
241174153264000,2.794586,5.218315,7.553517,0.03807375,-0.027823124,-0.00133125,-30.300001,-3.9562502,12.618751,sitting
241174173284000,2.8328679,5.160892,7.61094,0.045661874,-0.039538123,0.006523125,-30.375002,-4.0125003,12.675,sitting
241174193303000,2.928573,5.12261,7.687504,0.05191875,-0.046593748,0.007588125,-30.431252,-3.9562502,12.6,sitting
241174213323000,3.024278,5.084328,7.687504,0.057110623,-0.0527175,0.00852,-30.393751,-3.9375002,12.562501,sitting
241174233342000,3.06256,5.065187,7.706645,0.067760624,-0.0559125,0.008919375,-30.35625,-3.9562502,12.543751,sitting
241174253362000,3.043419,5.0460463,7.725786,0.076813124,-0.058708124,0.009185624,-30.337502,-4.0125003,12.50625,sitting
241174273381000,3.024278,5.026905,7.706645,0.09238875,-0.058175623,0.010383749,-30.393751,-3.9375002,12.543751,sitting
241174293401000,3.005137,5.026905,7.687504,0.10556812,-0.057643123,0.011448749,-30.35625,-3.7687502,12.562501,sitting
241174313420000,2.985996,5.065187,7.630081,0.122208744,-0.05631187,0.012114375,-30.35625,-3.6562502,12.543751,sitting
241174333440000,2.985996,5.12261,7.5917993,0.13645312,-0.055246875,0.0127799995,-30.393751,-3.6562502,12.525001,sitting
241174353459000,2.966855,5.1417513,7.5917993,0.14776875,-0.0559125,0.01091625,-30.45,-3.7500002,12.562501,sitting
241174373479000,2.9477139,5.180033,7.5917993,0.15735374,-0.056578122,0.009318749,-30.4125,-3.825,12.543751,sitting
241174393498000,2.9477139,5.199174,7.61094,0.15775312,-0.058708124,0.008253749,-30.337502,-3.8437502,12.750001,sitting
241174413542000,2.966855,5.199174,7.649222,0.15815249,-0.06057187,0.0074549997,-30.31875,-3.8625002,12.918751,sitting
241174433561000,2.966855,5.180033,7.687504,0.14776875,-0.06043875,0.0094518745,-30.281252,-3.8437502,12.975,sitting
241174453581000,2.966855,5.180033,7.687504,0.13884936,-0.06030562,0.011315624,-30.300001,-3.8625002,12.95625,sitting
241174473600000,2.966855,5.1417513,7.61094,0.11861437,-0.05151937,0.009585,-30.243752,-3.8625002,12.88125,sitting
241174493620000,2.9477139,5.160892,7.534376,0.10130812,-0.04393125,0.008253749,-30.300001,-3.8625002,12.88125,sitting
241174513639000,2.890291,5.1417513,7.515235,0.086531244,-0.037541248,0.007055625,-30.300001,-3.80625,12.825001,sitting
241174533659000,2.890291,5.1417513,7.572658,0.09345375,-0.033680625,0.021433124,-30.31875,-3.6750002,12.7875,sitting
241174553678000,2.9477139,5.1417513,7.61094,0.099444374,-0.0303525,0.03381375,-30.337502,-3.6375,12.675,sitting
241174573698000,3.06256,5.180033,7.553517,0.08493375,-0.02582625,0.028888123,-30.31875,-3.61875,12.58125,sitting
241174593717000,3.139124,5.180033,7.496094,0.091589995,-0.009718125,0.022631248,-30.31875,-3.73125,12.731251,sitting
241174613737000,3.100842,5.180033,7.438671,0.097181246,0.0041268747,0.01730625,-30.243752,-3.7875001,12.750001,sitting
241174633757000,3.024278,5.160892,7.476953,0.083069995,0.0034612499,0.014776874,-30.300001,-3.91875,12.900001,sitting
241174653776000,2.985996,5.1417513,7.534376,0.07095562,0.00292875,0.012646874,-30.225,-3.99375,13.06875,sitting
241174673796000,3.043419,5.12261,7.572658,0.06057187,0.0025293748,0.010783125,-30.281252,-4.0125003,13.031251,sitting
241174693815000,3.06256,5.103469,7.5917993,0.05178562,0.00213,0.009185624,-30.281252,-3.8625002,13.06875,sitting
241174713835000,3.024278,5.084328,7.61094,0.0441975,0.0018637499,0.007854375,-30.35625,-3.8625002,12.843751,sitting
241174733854000,2.985996,5.084328,7.5917993,0.037807498,0.0015974999,0.00665625,-30.393751,-3.825,12.88125,sitting
241174753874000,2.966855,5.103469,7.572658,0.032216247,0.00133125,0.0057243747,-30.468752,-3.8812501,12.825001,sitting
241174773893000,2.985996,5.103469,7.553517,0.027556874,0.001198125,0.004925625,-30.431252,-4.0125003,12.76875,sitting
241174793913000,2.985996,5.084328,7.553517,0.023563124,9.3187497E-4,0.0041268747,-30.393751,-4.0687504,12.675,sitting
241174813932000,3.005137,5.103469,7.572658,0.020101875,7.9874997E-4,0.0035943747,-30.45,-4.18125,12.712501,sitting
241174833952000,2.966855,5.103469,7.534376,0.017173124,6.65625E-4,0.0030618748,-30.525002,-4.21875,12.543751,sitting
241174853971000,2.890291,5.103469,7.496094,0.0356775,0.0050587496,-6.65625E-4,-30.50625,-4.2937503,12.39375,sitting
241174873991000,2.775445,5.084328,7.438671,0.05151937,0.00878625,-0.0037274999,-30.487501,-4.3500004,12.150001,sitting
241174894010000,2.660599,5.065187,7.400389,0.044064373,0.0074549997,-0.0031949999,-30.487501,-4.36875,12.0375,sitting
241174914030000,2.622317,5.084328,7.41953,0.037541248,0.0063899998,-0.0026625,-30.656252,-4.275,11.887501,sitting
241174934049000,2.660599,5.12261,7.476953,0.032083124,0.005458125,-0.002263125,-30.768751,-4.2937503,11.700001,sitting
241174954069000,2.7180219,5.180033,7.5917993,0.027423749,0.0046593747,-0.0019968748,-30.862501,-4.275,11.2875,sitting
241174974089000,2.698881,5.256597,7.744927,0.03061875,-0.013978125,-0.00239625,-30.806252,-4.3875003,10.9875,sitting
241174994108000,2.6031759,5.256597,7.99376,0.033414375,-0.029953124,-0.0026625,-30.88125,-4.55625,10.931251,sitting
241175014128000,2.545753,5.218315,8.242593,0.028621875,-0.025559999,-0.002263125,-30.825,-4.6125,11.00625,sitting
241175034147000,2.737163,5.180033,8.453144,0.035011873,-0.038206875,0.015043125,-30.956251,-4.65,10.9875,sitting
241175054167000,3.005137,5.160892,8.510567,0.040469997,-0.048989996,0.029819999,-30.900002,-4.7250004,10.9125,sitting
241175074186000,3.139124,5.065187,8.338298,0.034479372,-0.041801248,0.025426874,-30.956251,-4.78125,10.837501,sitting
241175094206000,3.043419,4.854636,8.223452,0.0426,-0.044863123,0.036076874,-30.975,-4.65,11.00625,sitting
241175114225000,3.024278,4.529239,8.357439,0.049522497,-0.0473925,0.045262497,-30.825,-4.5375004,11.418751,sitting
241175134245000,3.1582649,4.318688,8.816823,0.04233375,-0.040469997,0.03860625,-30.675001,-4.3500004,11.925,sitting
241175154264000,3.3879569,4.222983,9.237925,0.03621,-0.0346125,0.033014998,-30.431252,-4.2375,12.4125,sitting
241175174284000,3.5028028,4.299547,9.14222,0.030885,-0.029553749,0.0282225,-30.393751,-4.125,12.637501,sitting
241175194303000,3.464521,4.433534,8.625413,0.018504374,-0.036343124,0.033680625,-30.393751,-3.99375,12.562501,sitting
241175214323000,3.349675,4.567521,7.974619,0.007854375,-0.042067498,0.03847312,-30.50625,-3.9750001,12.075001,sitting
241175234342000,3.215688,4.682367,7.8214912,-0.01091625,-0.041801248,0.036875624,-30.6,-4.0687504,11.587501,sitting
241175254362000,3.024278,4.8163543,8.261734,-0.026891248,-0.041534998,0.03541125,-30.73125,-4.2000003,11.231251,sitting
241175274382000,2.7180219,4.835495,9.027374,-0.0431325,-0.04020375,0.03860625,-30.91875,-4.0687504,10.89375,sitting
241175294401000,2.430907,4.778072,9.563322,-0.0569775,-0.03913875,0.041135624,-30.993752,-3.8812501,10.931251,sitting
241175314421000,2.335202,4.758931,9.620745,-0.067095,-0.037141874,0.041801248,-31.050001,-3.4875002,10.96875,sitting
241175334440000,2.564894,4.873777,8.969951,-0.07574812,-0.03541125,0.042200625,-31.031252,-3.16875,10.81875,sitting
241175354460000,2.966855,5.180033,7.8214912,-0.06469875,-0.030219374,0.036076874,-31.087502,-2.9625,10.668751,sitting
241175374479000,3.005137,5.50543,7.0367103,-0.074017495,-0.02422875,0.031949997,-31.1625,-2.7562501,10.44375,sitting
241175394499000,2.852009,5.677699,6.807018,-0.081871875,-0.019036874,0.02848875,-31.25625,-2.8312502,10.275001,sitting
241175414518000,2.450048,5.715981,7.189838,-0.070023745,-0.016241249,0.024361875,-31.2,-2.9625,10.275001,sitting
241175434538000,2.009805,5.677699,7.323825,-0.075082496,-0.005325,0.013978125,-31.25625,-3.075,10.25625,sitting
241175454557000,1.760972,5.735122,7.0367103,-0.0793425,0.0041268747,0.0050587496,-31.2,-3.16875,10.368751,sitting
241175474577000,1.569562,5.849968,6.749595,-0.067760624,0.0034612499,0.004393125,-31.181252,-3.2062502,10.200001,sitting
241175494596000,1.53128,5.907391,6.730454,-0.073884375,0.014510624,0.00292875,-31.25625,-3.1312501,9.806251,sitting
241175514616000,1.33987,5.9265323,6.921864,-0.079076245,0.0239625,0.0017306249,-31.312502,-3.0937502,9.46875,sitting
241175534635000,1.110178,5.9265323,7.247261,-0.06749437,0.020368123,0.001464375,-31.462502,-2.98125,9.09375,sitting
241175554655000,0.995332,5.9265323,7.457812,-0.057643123,0.017439375,0.001198125,-31.575,-2.8500001,8.887501,sitting
241175574674000,1.186742,5.9265323,7.725786,-0.066029996,0.024761248,0.011049375,-31.687502,-2.7375002,8.55,sitting
241175594694000,1.4738569,5.907391,7.99376,-0.07308562,0.031018123,0.01943625,-31.725,-2.68125,8.325001,sitting
241175614714000,1.72269,5.849968,7.955478,-0.062435623,0.026491875,0.016640624,-31.687502,-2.7562501,8.38125,sitting
241175634733000,1.760972,5.88825,7.572658,-0.05325,0.022631248,0.014244375,-31.63125,-2.8875,8.512501,sitting
241175654753000,1.703549,6.022237,6.979287,-0.045528747,0.019303124,0.012114375,-31.612501,-2.9437501,8.6625,sitting
241175674772000,1.53128,6.27107,6.4816213,-0.0388725,0.016507499,0.010383749,-31.612501,-3.05625,8.6625,sitting
241175694792000,1.225024,6.634749,6.347634,-0.033148125,0.01411125,0.00878625,-31.593752,-3.15,8.606251,sitting
241175714811000,0.823063,6.883582,6.730454,-0.048989996,0.0074549997,0.009718125,-31.500002,-3.16875,8.512501,sitting
241175734831000,0.669935,6.902723,7.151556,-0.062435623,0.0018637499,0.0105168745,-31.3875,-3.1125002,8.418751,sitting
241175754850000,0.861345,6.7113132,7.362107,-0.053383123,0.0015974999,0.0090525,-31.425001,-2.98125,8.55,sitting
241175774870000,1.129319,6.424198,7.438671,-0.045528747,0.00133125,0.00772125,-31.406252,-2.8312502,8.6625,sitting
241175794889000,1.282447,6.290211,7.342966,-0.0388725,0.001198125,0.006523125,-31.406252,-2.8125,8.775001,sitting
241175814909000,1.033614,6.424198,7.208979,-0.033281248,9.3187497E-4,0.00559125,-31.331251,-2.79375,8.606251,sitting
241175834928000,0.727358,6.539044,6.883582,-0.028355625,7.9874997E-4,0.0047925,-31.35,-2.68125,8.606251,sitting
241175854948000,0.421102,6.730454,6.4816213,-0.02422875,6.65625E-4,0.0041268747,-31.48125,-2.30625,8.175,sitting
241175874967000,0.248833,6.730454,6.27107,-0.020767499,6.65625E-4,0.0034612499,-31.743752,-2.04375,7.7625003,sitting
241175894987000,0.229692,6.902723,6.385916,-0.02369625,-0.0030618748,0.0303525,-31.85625,-1.85625,7.1062503,sitting
241175915007000,0.344538,6.960146,6.749595,-0.02635875,-0.0061237495,0.053116873,-31.893751,-1.81875,6.4875,sitting
241175935026000,0.65079397,7.055851,7.208979,-0.022498123,-0.0051918747,0.045395624,-31.968752,-1.8000001,6.3375,sitting
241175955046000,0.976191,7.113274,7.476953,-0.01917,-0.00452625,0.038739372,-32.025,-1.6125001,6.4687505,sitting
241175975065000,1.263306,7.208979,7.457812,-0.035278123,-0.008919375,0.040336873,-31.987501,-1.44375,6.5625005,sitting
241175995085000,1.4164339,7.362107,7.132415,-0.049123123,-0.012646874,0.041668124,-31.987501,-1.21875,6.4875,sitting
241176015104000,1.33987,7.41953,6.692172,-0.041934375,-0.010783125,0.035544373,-31.9125,-1.0125,6.43125,sitting
241176035124000,1.052755,7.41953,6.46248,-0.04819125,-0.021433124,0.02795625,-31.931252,-0.675,6.24375,sitting
241176055143000,0.784781,7.381248,6.46248,-0.053516246,-0.030485624,0.02156625,-31.85625,-0.58125,6.1312504,sitting
241176075163000,0.70821697,7.342966,6.65389,-0.045661874,-0.0260925,0.018371249,-31.837502,-0.3375,5.925,sitting
241176095182000,0.861345,7.381248,6.8453,-0.039005622,-0.022231875,0.01570875,-31.85625,-0.31875002,5.7375,sitting
241176115202000,0.995332,7.323825,6.902723,-0.033281248,-0.019036874,0.013445624,-31.837502,-0.3,5.45625,sitting
241176135221000,0.95704997,7.22812,6.8453,-0.012646874,-0.031949997,0.00559125,-31.9125,-0.31875002,5.26875,sitting
241176155241000,0.57423,7.170697,6.519903,0.004925625,-0.0431325,-0.001065,-31.95,-0.45000002,5.175,sitting
241176175260000,0.095705,7.189838,6.098801,0.00426,-0.036875624,-9.3187497E-4,-31.987501,-0.39375,5.11875,sitting
241176195280000,-0.248833,7.2664022,5.830827,0.021033749,-0.03834,-0.00665625,-32.006252,-0.3375,5.2125,sitting
241176215299000,-0.32539698,7.304684,5.9265323,0.035544373,-0.03967125,-0.011448749,-31.95,-0.1875,4.89375,sitting
241176235319000,-0.19141,7.304684,6.213647,0.0303525,-0.033946875,-0.00985125,-31.987501,0.0375,4.7625003,sitting
241176255339000,-0.019141,7.342966,6.385916,0.025959374,-0.029021248,-0.008386875,-32.006252,0.35625002,4.40625,sitting
241176275358000,0.19141,7.438671,6.27107,0.035544373,-0.037274998,-0.011581874,-32.15625,0.675,4.18125,sitting
241176295378000,0.440243,7.61094,5.88825,0.043665,-0.044330623,-0.014377499,-32.2125,0.975,4.0125003,sitting
241176315397000,0.65079397,7.80235,5.50543,0.037274998,-0.037940625,-0.012380624,-32.25,1.2,3.9562502,sitting
241176335417000,0.784781,7.917196,5.218315,0.031816874,-0.032349374,-0.0105168745,-32.193752,1.25625,3.9375002,sitting
241176355436000,1.052755,8.032042,4.854636,0.0426,-0.041002497,-0.0046593747,-32.15625,1.3687501,3.6750002,sitting
241176375456000,1.397293,8.18517,4.5866623,0.05191875,-0.048324373,3.9937499E-4,-32.11875,1.5562501,3.45,sitting
241176395475000,1.626985,8.300016,4.395252,0.044330623,-0.041268747,3.9937499E-4,-32.1375,1.7062501,3.1125002,sitting
241176415495000,1.588703,8.319157,4.395252,0.05178562,-0.046061248,-0.0041268747,-32.23125,1.8000001,2.9250002,sitting
241176435514000,1.3590109,8.204311,4.663226,0.058175623,-0.050188124,-0.007987499,-32.287502,1.9875001,2.6625001,sitting
241176455534000,1.167601,8.051183,4.8163543,0.049655624,-0.04286625,-0.0067893746,-32.34375,1.95,2.4375,sitting
241176475553000,0.95704997,7.917196,5.065187,0.04233375,-0.036609374,-0.0058575,-32.287502,2.1375,2.025,sitting
241176495573000,0.70821697,7.783209,5.237456,0.03621,-0.031284373,-0.004925625,-32.268753,2.1375,1.81875,sitting
241176515592000,0.459384,7.649222,5.467148,0.046460625,-0.036343124,-0.007588125,-32.25,2.25,1.8375001,sitting
241176535612000,0.248833,7.515235,5.467148,0.055379998,-0.040736247,-0.009718125,-32.25,2.2687502,1.95,sitting
241176555632000,0.153128,7.381248,5.084328,0.04725937,-0.03487875,-0.008253749,-32.25,2.30625,2.2125,sitting
241176575651000,0.057423,7.285543,4.5866623,0.040336873,-0.029686874,-0.007055625,-32.287502,2.34375,2.25,sitting
241176595671000,-0.076564,7.22812,4.242124,0.034479372,-0.025426874,-0.005990625,-32.287502,2.2687502,2.0812502,sitting
241176615690000,-0.344538,7.2664022,4.108137,0.01677375,-0.03381375,-0.0026625,-32.25,2.25,1.9312501,sitting
241176635710000,-0.57423,7.342966,4.012432,0.0017306249,-0.040869374,2.6625E-4,-32.30625,2.23125,1.4625001,sitting
241176655729000,-0.65079397,7.534376,3.916727,0.001464375,-0.035011873,1.33125E-4,-32.362503,2.23125,1.10625,sitting
241176675749000,-0.516807,7.687504,3.9741502,0.00133125,-0.029819999,1.33125E-4,-32.456253,2.2125,0.6,sitting
241176695768000,-0.172269,7.783209,4.299547,0.001065,-0.025559999,1.33125E-4,-32.5125,2.15625,0.24375,sitting
241176715788000,0.114846,7.744927,4.797213,9.3187497E-4,-0.0218325,1.33125E-4,-32.625,2.1000001,-0.075,sitting
241176735807000,0.210551,7.5917993,5.448007,7.9874997E-4,-0.018637499,1.33125E-4,-32.68125,2.1750002,-0.41250002,sitting
241176755827000,0.114846,7.400389,6.175365,6.65625E-4,-0.015841875,1.33125E-4,-32.625,2.2687502,-0.675,sitting
241176775846000,0.076564,7.304684,6.7113132,5.325E-4,-0.013578749,1.33125E-4,-32.60625,2.2125,-0.71250004,sitting
241176795866000,0.153128,7.304684,6.749595,5.325E-4,-0.011581874,0.0,-32.60625,2.1375,-0.6,sitting
241176815885000,0.363679,7.400389,6.443339,3.9937499E-4,-0.00985125,0.0,-32.5875,1.9687501,-0.46875003,sitting
241176835905000,0.57423,7.534376,6.137083,0.005990625,-0.028355625,0.00772125,-32.5875,1.9687501,-0.43125,sitting
241176855924000,0.76564,7.668363,6.060519,0.010783125,-0.0441975,0.014244375,-32.68125,1.9312501,-0.54375005,sitting
241176875944000,0.899627,7.783209,6.117942,0.009318749,-0.037674375,0.012114375,-32.68125,1.8750001,-0.63750005,sitting
241176895964000,0.918768,7.840632,5.945673,0.007854375,-0.032216247,0.010383749,-32.775,1.7625,-0.52500004,sitting
241176915983000,0.784781,7.840632,5.620276,0.0067893746,-0.027556874,0.00878625,-32.831253,1.6500001,-0.50625,sitting
241176936003000,0.593371,7.8214912,5.390584,0.0057243747,-0.02343,0.007588125,-32.8125,1.5375,-0.5625,sitting
241176956022000,0.497666,7.725786,5.467148,0.004925625,-0.020101875,0.0063899998,-32.8875,1.4250001,-0.65625,sitting
241176976042000,0.497666,7.553517,5.677699,0.00426,-0.017173124,0.005458125,-32.943752,1.0500001,-0.5625,sitting
241176996061000,0.401961,7.362107,5.6968403,0.0035943747,-0.014643749,0.0046593747,-32.943752,0.76875,-0.28125,sitting
241177016081000,0.19141,7.132415,5.390584,0.0030618748,-0.012513749,0.0039937496,-33.018753,0.39375,0.01875,sitting
241177036100000,-0.172269,6.960146,4.797213,0.0026625,-0.01065,0.0034612499,-32.98125,0.075,0.31875002,sitting
241177056120000,-0.555089,6.749595,4.222983,0.002263125,-0.0090525,0.00292875,-33.0,-0.112500004,0.58125,sitting
241177076139000,-0.937909,6.539044,4.184701,0.0018637499,-0.00772125,0.0025293748,-33.05625,-0.22500001,0.90000004,sitting
241177096159000,-1.378152,6.539044,4.835495,0.0015974999,-0.00665625,0.00213,-33.112503,-0.01875,1.21875,sitting
241177116178000,-0.976191,6.787877,5.869109,0.01943625,-0.010383749,0.00426,-33.16875,0.112500004,1.40625,sitting
241177136198000,0.287115,6.883582,6.347634,0.0346125,-0.013578749,0.0061237495,-33.24375,0.20625001,1.40625,sitting
241177156217000,0.823063,7.208979,6.117942,0.040603124,-0.025426874,0.016241249,-33.300003,-0.056250002,1.25625,sitting
241177176237000,0.937909,6.902723,5.486289,0.045661874,-0.03541125,0.025027499,-33.300003,-0.1875,1.1812501,sitting
241177196257000,-0.019141,6.864441,5.639417,0.050454374,-0.054048747,0.033680625,-33.375,-0.43125,1.2750001,sitting
241177216276000,-0.363679,6.519903,6.577326,0.054581247,-0.069890626,0.041135624,-33.35625,-0.675,1.44375,sitting
241177236296000,0.095705,6.07966,7.706645,0.046593748,-0.059639998,0.035145,-33.506252,-0.73125005,1.25625,sitting
241177256315000,0.440243,5.773404,8.338298,0.045129374,-0.0708225,0.045129374,-33.6375,-0.675,0.76875,sitting
241177276335000,0.631653,5.543712,8.261734,0.043798123,-0.0804075,0.053649373,-33.825,-0.6,0.16875,sitting
241177296354000,0.784781,5.390584,7.783209,0.037408125,-0.0686925,0.045794997,-33.975002,-0.61875004,-0.50625,sitting
241177316374000,0.842204,5.199174,7.5917993,0.031949997,-0.058574997,0.03913875,-34.18125,-0.63750005,-0.80625004,sitting
241177336393000,0.746499,4.988623,7.898055,0.027290624,-0.050054997,0.033414375,-34.237503,-0.75,-0.82500005,sitting
241177356413000,0.593371,4.758931,8.37658,0.023296874,-0.04273312,0.02848875,-34.3125,-0.8625,-0.54375005,sitting
241177376432000,0.631653,4.529239,8.931669,0.019835625,-0.036476247,0.024361875,-34.331253,-1.0875001,0.0375,sitting
241177396452000,0.803922,4.337829,9.735591,0.01704,-0.031151248,0.020767499,-34.40625,-1.575,0.76875,sitting
241177416471000,0.976191,4.069855,10.788346,0.014510624,-0.026625,0.017705625,-34.4625,-2.0062501,1.3125,sitting
241177436491000,0.918768,3.8784451,12.032511,0.012380624,-0.022764374,0.01517625,-34.425003,-2.4562502,1.7812501,sitting
241177456510000,0.612512,3.801881,12.77901,0.0105168745,-0.01943625,0.012913125,-34.40625,-2.6625001,1.9125,sitting
241177476530000,0.038282,3.801881,12.951279,0.0090525,-0.016640624,0.011049375,-34.40625,-2.6625001,1.6875001,sitting
241177496549000,-0.516807,3.8784451,12.281344,0.02582625,-0.018637499,0.0069224997,-34.518753,-2.71875,1.5,sitting
241177516569000,-0.842204,4.050714,10.979756,0.04020375,-0.020368123,0.0034612499,-34.575,-2.775,1.2375001,sitting
241177536589000,-0.669935,4.318688,9.448476,0.03434625,-0.017439375,0.00292875,-34.66875,-2.7375002,1.1437501,sitting
241177556608000,-0.363679,4.54838,8.204311,0.029420624,-0.014909999,0.0025293748,-34.66875,-2.60625,1.0125,sitting
241177576628000,-0.210551,4.4909573,7.8214912,0.025027499,-0.012646874,0.00213,-34.78125,-2.49375,0.95625,sitting
241177596647000,-0.076564,4.203842,8.108606,0.021433124,-0.01091625,0.0018637499,-34.78125,-2.2125,0.61875004,sitting
241177616667000,0.248833,3.821022,8.587131,0.018238124,-0.009318749,0.0015974999,-34.875,-1.8937501,0.46875003,sitting
241177636686000,0.803922,3.5339072,8.874246,0.015575624,-0.007854375,0.00133125,-34.987503,-1.4250001,0.0375,sitting
241177656706000,1.320729,3.476484,9.14222,0.0133125,-0.0067893746,0.001198125,-34.912502,-1.2,0.112500004,sitting
241177676725000,1.952382,3.610471,9.467617,0.011448749,-0.0057243747,9.3187497E-4,-34.93125,-1.10625,0.22500001,sitting
241177696745000,2.564894,3.7635992,9.563322,0.015841875,0.020501249,0.012380624,-34.8375,-1.3875,0.3375,sitting
241177716764000,2.641458,3.897586,9.601604,0.019569375,0.04286625,0.02209875,-34.818752,-1.6125001,0.31875002,sitting
241177736784000,1.837536,3.821022,9.448476,0.01677375,0.036609374,0.018903749,-34.8375,-1.81875,0.01875,sitting
241177756803000,0.401961,3.801881,9.467617,0.0090525,0.0601725,0.018105,-34.875,-2.025,-0.3,sitting
241177776823000,-0.669935,3.821022,9.276207,0.0026625,0.0804075,0.0175725,-34.95,-2.0812502,-0.75,sitting
241177796842000,-1.167601,3.8784451,8.969951,-0.005458125,0.09198937,0.018105,-34.95,-2.0625,-0.88125,sitting
241177816862000,-1.3015879,3.7635992,8.816823,-0.012380624,0.10184062,0.018637499,-34.95,-2.0062501,-0.99375004,sitting
241177836882000,-1.225024,3.5339072,9.161361,-0.019036874,0.10902937,0.02156625,-34.800003,-1.9875001,-0.88125,sitting
241177856901000,-0.612512,3.246792,9.71645,-0.024628123,0.11515312,0.02422875,-34.818752,-2.0812502,-0.93750006,sitting
241177876921000,0.172269,3.246792,9.869578,-0.026891248,0.11848125,0.029287498,-34.8375,-2.025,-1.125,sitting
241177896940000,0.727358,3.514766,9.486758,-0.028754998,0.12141,0.033680625,-34.95,-1.95,-1.5,sitting
241177916960000,0.76564,3.78274,8.778541,-0.024494998,0.10370437,0.028754998,-34.95,-1.9125,-1.7437501,sitting
241177936979000,0.612512,4.088996,8.108606,-0.010250624,0.11994562,0.045928124,-34.96875,-1.7812501,-2.1937501,sitting
241177956999000,0.535948,4.280406,7.744927,0.0018637499,0.13392374,0.060705,-34.96875,-1.6875001,-2.5875,sitting
241177977018000,0.516807,4.529239,7.534376,0.020634374,0.13232625,0.06642937,-34.95,-1.63125,-2.8500001,sitting
241177997038000,0.440243,4.778072,7.41953,0.036609374,0.13099499,0.071355,-34.8375,-1.8375001,-3.1312501,sitting
241178017057000,0.172269,4.988623,7.457812,0.054581247,0.12580311,0.07494937,-34.818752,-2.30625,-3.05625,sitting
241178037077000,-0.19141,4.950341,7.878914,0.069890626,0.12141,0.07814437,-34.706253,-2.71875,-3.16875,sitting
241178057096000,-0.555089,4.682367,8.529708,0.08160562,0.112490624,0.07920937,-34.78125,-3.0187502,-3.05625,sitting
241178077116000,-0.823063,4.280406,9.103938,0.091589995,0.1049025,0.08014125,-34.818752,-3.1312501,-3.1125002,sitting
241178097135000,-0.861345,3.955009,9.352771,0.0782775,0.08959312,0.068426244,-34.800003,-3.45,-3.075,sitting
241178117155000,-0.899627,3.7635992,9.123079,0.09624937,0.08093999,0.0718875,-34.7625,-3.61875,-3.05625,sitting
241178137174000,-1.014473,3.706176,8.644554,0.11169187,0.07375125,0.07494937,-34.65,-3.7125,-3.1875002,sitting
241178157194000,-1.167601,3.744458,8.070324,0.12074437,0.06057187,0.0686925,-34.631252,-3.6937501,-3.3000002,sitting
241178177214000,-1.282447,3.78274,7.783209,0.12859875,0.049522497,0.06350062,-34.631252,-3.7500002,-3.3187501,sitting
241178197233000,-1.186742,3.744458,7.936337,0.14217749,0.03594375,0.058574997,-34.631252,-3.7125,-3.0937502,sitting
241178217253000,-0.995332,3.6487532,8.37658,0.1704,0.020501249,0.0569775,-34.66875,-3.7875001,-3.0375001,sitting
241178237272000,-0.76564,3.5339072,8.874246,0.16201311,0.013578749,0.05138625,-34.706253,-3.61875,-2.9437501,sitting
241178257292000,-0.440243,3.457343,9.33363,0.1645425,0.002795625,0.05631187,-34.912502,-3.6000001,-3.1875002,sitting
241178277311000,0.19141,3.5339072,10.194975,0.1666725,-0.006523125,0.06057187,-34.85625,-3.5625002,-3.2250001,sitting
241178297331000,0.421102,3.7635992,10.367244,0.15322687,-0.020767499,0.081871875,-34.800003,-3.5625002,-3.24375,sitting
241178317350000,0.267974,4.012432,10.060988,0.141645,-0.046327498,0.12407249,-34.612503,-3.7687502,-3.3187501,sitting
241178337370000,-0.497666,4.222983,8.663695,0.118214995,-0.07162125,0.15988311,-34.65,-3.8812501,-3.2812502,sitting
241178357389000,-0.76564,4.184701,7.936337,0.09292125,-0.10250624,0.20155124,-34.65,-4.0687504,-3.5062501,sitting
241178377409000,-0.842204,4.127278,7.706645,0.06576375,-0.13538812,0.24534936,-34.706253,-4.0875,-3.4687502,sitting
241178397428000,-0.784781,3.9741502,8.089465,0.0356775,-0.16414312,0.286485,-34.725002,-3.99375,-3.3937502,sitting
241178417448000,-0.899627,3.821022,8.740259,0.001065,-0.1826475,0.31923375,-34.74375,-3.9562502,-3.2812502,sitting
241178437467000,-0.95704997,3.706176,9.180502,-0.03967125,-0.1858425,0.33893624,-34.725002,-3.9375002,-3.2625,sitting
241178457487000,-0.899627,3.706176,9.180502,-0.08733,-0.17133187,0.34332937,-34.725002,-3.9375002,-3.24375,sitting
241178477507000,-0.76564,3.801881,8.855105,-0.13978125,-0.14004749,0.33294562,-34.6875,-3.8812501,-3.24375,sitting
241178497526000,-0.631653,3.8593042,8.529708,-0.19369687,-0.09451874,0.31044748,-34.706253,-3.825,-3.2625,sitting
241178517546000,-0.612512,3.840163,8.472285,-0.24455062,-0.0399375,0.2802281,-34.74375,-3.7125,-3.3750002,sitting
241178537565000,-0.689076,3.744458,8.740259,-0.28888124,0.017439375,0.24588187,-34.8375,-3.525,-3.525,sitting
241178557585000,-0.669935,3.687035,8.969951,-0.32349375,0.07029,0.21100311,-34.8375,-3.54375,-3.4687502,sitting
241178577604000,-0.593371,3.725317,9.084797,-0.34519312,0.11262374,0.17825437,-34.78125,-3.6937501,-3.3375,sitting
241178597624000,-0.38282,3.78274,8.912528,-0.35131687,0.14071313,0.15016499,-34.74375,-3.7500002,-3.24375,sitting
241178617643000,-0.421102,3.840163,8.835964,-0.34119937,0.15469125,0.12899812,-34.800003,-3.8625002,-3.0937502,sitting
241178637663000,-0.459384,3.8784451,8.740259,-0.3079181,0.14670375,0.11155874,-34.85625,-3.61875,-3.3937502,sitting
241178657682000,-0.363679,3.821022,8.816823,-0.27570185,0.14257687,0.1027725,-34.912502,-3.525,-3.5812502,sitting
241178677702000,-0.287115,3.744458,8.969951,-0.24801187,0.13898249,0.09518437,-34.893753,-3.3750002,-3.61875,sitting
241178697721000,-0.210551,3.6678941,9.065656,-0.21180187,0.118747495,0.081339374,-34.875,-3.2625,-3.6562502,sitting
241178717741000,-0.363679,3.629612,8.989092,-0.18078375,0.12527062,0.06962437,-34.875,-3.24375,-3.5062501,sitting
241178737760000,-0.535948,3.610471,8.721118,-0.15429187,0.13099499,0.059639998,-34.85625,-3.2625,-3.43125,sitting
241178757780000,-0.612512,3.610471,8.491426,-0.13765125,0.14976563,0.0388725,-34.93125,-3.3375,-3.2250001,sitting
241178777799000,-0.631653,3.610471,8.510567,-0.12979688,0.19130062,0.011581874,-34.987503,-3.4875002,-3.24375,sitting
241178797819000,-0.631653,3.610471,8.663695,-0.12540375,0.21592875,-0.0090525,-35.006252,-3.4875002,-3.2250001,sitting
241178817839000,-0.57423,3.572189,8.912528,-0.12540375,0.23882625,-0.025693124,-35.025,-3.4875002,-3.2625,sitting
241178837858000,-0.555089,3.514766,9.103938,-0.13086186,0.25706437,-0.037141874,-34.93125,-3.4875002,-3.3750002,sitting
241178857878000,-0.57423,3.5339072,9.14222,-0.14350875,0.26957813,-0.043531872,-34.95,-3.4687502,-3.3937502,sitting
241178877897000,-0.57423,3.5530481,9.027374,-0.1645425,0.27623436,-0.046327498,-34.93125,-3.4125001,-3.4875002,sitting
241178897917000,-0.535948,3.610471,8.893387,-0.19289812,0.27729937,-0.047525622,-34.912502,-3.2812502,-3.4125001,sitting
241178917936000,-0.440243,3.6487532,8.855105,-0.22631249,0.27357188,-0.049389374,-34.93125,-2.8500001,-3.525,sitting
241178937956000,-0.38282,3.6487532,8.855105,-0.26159063,0.26624998,-0.053915624,-34.912502,-2.5500002,-3.61875,sitting
241178957975000,-0.344538,3.629612,8.835964,-0.29580373,0.25586623,-0.062302496,-34.93125,-2.2875001,-3.7875001,sitting
241178977995000,-0.267974,3.610471,8.874246,-0.32522437,0.24361874,-0.074416876,-35.006252,-2.11875,-3.8812501,sitting
241178998014000,-0.210551,3.629612,8.912528,-0.34719,0.23083875,-0.08879437,-34.987503,-2.025,-3.99375,sitting
241179018034000,-0.133987,3.6487532,8.969951,-0.361035,0.21872437,-0.10290562,-34.95,-2.025,-3.99375,sitting
241179038053000,-0.114846,3.6487532,8.969951,-0.36822373,0.20674312,-0.11488687,-34.818752,-1.95,-3.8625002,sitting
241179058073000,-0.095705,3.6678941,8.912528,-0.37035373,0.19356374,-0.12367312,-34.818752,-1.8937501,-3.80625,sitting
241179078092000,-0.095705,3.6487532,8.874246,-0.3686231,0.1783875,-0.12953062,-34.800003,-1.85625,-3.7500002,sitting
241179098112000,-0.133987,3.610471,8.835964,-0.36409685,0.16174687,-0.13285874,-34.96875,-1.95,-3.8625002,sitting
241179118132000,-0.19141,3.572189,8.855105,-0.3585056,0.14510624,-0.13339125,-35.04375,-1.9875001,-3.8812501,sitting
241179138151000,-0.229692,3.495625,8.874246,-0.35331374,0.12953062,-0.1304625,-35.11875,-2.04375,-3.9750001,sitting
241179158171000,-0.267974,3.476484,8.95081,-0.3487875,0.114221245,-0.12340687,-35.0625,-1.9875001,-3.7875001,sitting
241179178190000,-0.306256,3.476484,9.008233,-0.34372875,0.097181246,-0.111825,-35.081253,-2.025,-3.825,sitting
241179198210000,-0.306256,3.495625,9.123079,-0.33680624,0.07534875,-0.09624937,-35.081253,-2.0625,-3.7125,sitting
241179218229000,-0.287115,3.59133,9.046515,-0.3265556,0.046327498,-0.07654687,-35.0625,-2.0625,-3.7875001,sitting
241179238249000,-0.248833,3.6678941,8.912528,-0.3115125,0.009318749,-0.052318122,-35.025,-2.1000001,-3.80625,sitting
241179258268000,-0.267974,3.744458,8.778541,-0.29061186,-0.034213122,-0.024361875,-35.04375,-2.025,-3.7500002,sitting
241179278288000,-0.229692,3.687035,8.721118,-0.26292187,-0.08147249,0.004925625,-35.0625,-2.0625,-3.6937501,sitting
241179298307000,-0.229692,3.629612,8.778541,-0.22924124,-0.12819937,0.03168375,-35.04375,-2.1375,-3.6937501,sitting
241179318327000,-0.19141,3.572189,8.816823,-0.19130062,-0.169335,0.052850623,-35.04375,-2.325,-3.5812502,sitting
241179338346000,-0.153128,3.495625,8.912528,-0.15202874,-0.20035312,0.06682875,-35.15625,-2.5500002,-3.4687502,sitting
241179358366000,-0.133987,3.4190612,9.084797,-0.113955,-0.21899062,0.07375125,-35.193752,-2.6437502,-3.3937502,sitting
241179378385000,-0.210551,3.361638,9.161361,-0.07947562,-0.22431561,0.074416876,-35.193752,-2.6625001,-3.3375,sitting
241179398405000,-0.267974,3.39992,9.065656,-0.058708124,-0.20740874,0.06789375,-35.11875,-2.60625,-3.3750002,sitting
241179418424000,-0.32539698,3.476484,8.835964,-0.036343124,-0.19462875,0.061370622,-35.081253,-2.625,-3.2812502,sitting
241179438444000,-0.287115,3.5339072,8.740259,-0.01730625,-0.18357937,0.05577937,-35.081253,-2.6625001,-3.2625,sitting
241179458464000,-0.210551,3.572189,8.816823,-0.014776874,-0.15682125,0.04765875,-35.2125,-2.5687501,-3.1125002,sitting
241179478483000,-0.19141,3.572189,8.969951,-0.012646874,-0.13392374,0.040736247,-35.15625,-2.4,-3.1312501,sitting
241179498503000,-0.172269,3.5530481,9.027374,-0.010783125,-0.11435437,0.034745622,-35.11875,-2.34375,-3.2625,sitting
241179518522000,-0.133987,3.5339072,9.027374,-0.030219374,-0.09598312,0.031018123,-35.11875,-2.1375,-3.54375,sitting
241179538542000,-0.095705,3.495625,8.969951,-0.04686,-0.08027437,0.027823124,-35.025,-2.0812502,-3.8437502,sitting
241179558561000,-0.095705,3.476484,8.931669,-0.040070623,-0.06855937,0.02369625,-35.100002,-2.0062501,-4.1062503,sitting
241179578581000,-0.153128,3.4190612,8.95081,-0.05245125,-0.06642937,0.024361875,-35.11875,-2.0812502,-4.3125,sitting
241179598600000,-0.267974,3.380779,8.969951,-0.06310125,-0.06456562,0.024761248,-35.175003,-2.04375,-4.36875,sitting
241179618620000,-0.306256,3.361638,8.989092,-0.062169373,-0.07242,0.029686874,-35.23125,-2.15625,-4.125,sitting
241179638639000,-0.32539698,3.361638,8.969951,-0.061370622,-0.079076245,0.033946875,-35.193752,-2.15625,-3.99375,sitting
241179658659000,-0.306256,3.39992,8.931669,-0.059906248,-0.08946,0.041934375,-35.11875,-2.1750002,-3.8625002,sitting
241179678678000,-0.287115,3.4382021,8.912528,-0.058574997,-0.09811312,0.048856873,-35.1375,-2.25,-3.80625,sitting
241179698698000,-0.248833,3.476484,8.893387,-0.05245125,-0.105168745,0.054314997,-35.11875,-2.3625002,-3.6562502,sitting
241179718717000,-0.267974,3.457343,8.912528,-0.04725937,-0.11115937,0.058974374,-35.175003,-2.6437502,-3.43125,sitting
241179738737000,-0.267974,3.39992,8.969951,-0.031816874,-0.11555249,0.057376873,-35.11875,-2.7,-3.3937502,sitting
241179758757000,-0.287115,3.342497,9.027374,-0.018770624,-0.11941312,0.05604562,-35.1375,-2.8875,-3.525,sitting
241179778776000,-0.306256,3.3233562,9.027374,0.00452625,-0.12487125,0.05178562,-35.15625,-2.86875,-3.54375,sitting
241179798796000,-0.306256,3.342497,8.95081,0.036742497,-0.14137875,0.050188124,-35.1375,-2.79375,-3.6375,sitting
241179818815000,-0.306256,3.380779,8.893387,0.05617875,-0.14390811,0.048590623,-35.193752,-2.7562501,-3.5625002,sitting
241179838835000,-0.306256,3.39992,8.912528,0.07175437,-0.14457375,0.049123123,-35.081253,-2.7562501,-3.5062501,sitting
241179858854000,-0.287115,3.361638,8.95081,0.07255312,-0.13392374,0.046194375,-35.100002,-2.8875,-3.3937502,sitting
241179878874000,-0.287115,3.342497,8.969951,0.07668,-0.13285874,0.0473925,-34.96875,-3.0375001,-3.35625,sitting
241179898893000,-0.287115,3.3042152,8.931669,0.08014125,-0.13179375,0.0484575,-34.96875,-3.0,-3.6000001,sitting
241179918913000,-0.287115,3.285074,8.912528,0.06855937,-0.11262374,0.041401874,-35.025,-2.8500001,-4.0687504,sitting
241179938932000,-0.306256,3.265933,8.969951,0.06150375,-0.11608499,0.041668124,-35.081253,-2.8125,-4.2937503,sitting
241179958952000,-0.363679,3.2276511,9.065656,0.05551312,-0.11901375,0.042067498,-35.15625,-2.60625,-4.36875,sitting
241179978971000,-0.421102,3.2085102,9.123079,0.0473925,-0.10157437,0.03594375,-35.0625,-2.49375,-4.3875003,sitting
241179998991000,-0.459384,3.1893692,9.103938,0.040469997,-0.0867975,0.03061875,-35.025,-2.2875001,-4.5750003,sitting
241180019010000,-0.440243,3.2276511,9.027374,0.03834,-0.10104187,0.03008625,-35.0625,-2.2687502,-4.6875,sitting
241180039030000,-0.440243,3.246792,8.989092,0.036476247,-0.113156244,0.029553749,-35.04375,-2.49375,-4.5750003,sitting
241180059049000,-0.440243,3.246792,9.008233,0.040736247,-0.1134225,0.027823124,-35.0625,-2.68125,-4.40625,sitting
241180079069000,-0.459384,3.2276511,9.046515,0.04446375,-0.113688745,0.02635875,-34.96875,-2.9625,-4.2000003,sitting
241180099089000,-0.459384,3.1893692,9.065656,0.049522497,-0.11435437,0.022897499,-35.006252,-3.0937502,-4.03125,sitting
241180119108000,-0.459384,3.151087,9.027374,0.054048747,-0.11501999,0.01996875,-35.0625,-3.15,-4.0687504,sitting
241180139128000,-0.459384,3.131946,8.989092,0.05631187,-0.118214995,0.013445624,-35.081253,-3.15,-4.2562504,sitting
241180159147000,-0.47852498,3.131946,8.989092,0.058308747,-0.121010624,0.007987499,-35.11875,-3.0375001,-4.5,sitting
241180179167000,-0.497666,3.1128051,8.989092,0.06097125,-0.12367312,0.008253749,-35.04375,-2.98125,-4.5750003,sitting
241180199186000,-0.516807,3.0936642,8.989092,0.0633675,-0.12606937,0.00852,-35.04375,-2.90625,-4.5,sitting
241180219206000,-0.555089,3.055382,9.008233,0.06816,-0.12992999,0.01517625,-35.081253,-2.90625,-4.5,sitting
241180239225000,-0.612512,3.0171,9.046515,0.072286874,-0.13325812,0.020900624,-35.100002,-2.90625,-4.51875,sitting
241180259245000,-0.65079397,3.0171,9.123079,0.07920937,-0.14111249,0.027423749,-35.15625,-2.8500001,-4.5750003,sitting
241180279264000,-0.65079397,3.0171,9.161361,0.095051244,-0.1624125,0.037541248,-35.1375,-2.79375,-4.55625,sitting
241180299284000,-0.612512,3.036241,9.161361,0.10250624,-0.16733812,0.041934375,-35.025,-2.8125,-4.5750003,sitting
241180319303000,-0.516807,3.055382,9.123079,0.11102624,-0.17000061,0.046460625,-34.95,-2.7562501,-4.4625,sitting
241180339323000,-0.497666,3.074523,9.084797,0.11941312,-0.17026687,0.049921874,-34.893753,-2.7375002,-4.36875,sitting
241180359342000,-0.440243,3.055382,9.084797,0.12593624,-0.1677375,0.051119998,-34.96875,-2.775,-4.2937503,sitting
241180379362000,-0.440243,3.055382,9.14222,0.11901375,-0.15362625,0.0473925,-35.04375,-2.775,-4.21875,sitting
241180399382000,-0.440243,3.036241,9.14222,0.11888062,-0.14590499,0.047525622,-35.025,-2.98125,-4.2937503,sitting
241180419401000,-0.459384,3.036241,9.14222,0.11888062,-0.13938187,0.04765875,-35.04375,-3.05625,-4.18125,sitting
241180439421000,-0.47852498,3.036241,9.103938,0.10157437,-0.11914687,0.040736247,-35.1375,-3.15,-4.05,sitting
241180459440000,-0.459384,3.0171,9.065656,0.08666437,-0.101707496,0.034745622,-35.2125,-3.05625,-4.18125,sitting
241180479460000,-0.459384,3.0171,9.027374,0.08000812,-0.10716562,0.045928124,-35.268753,-2.90625,-4.3125,sitting
241180499479000,-0.440243,2.9979591,8.989092,0.074416876,-0.111825,0.05551312,-35.23125,-2.8125,-4.3875003,sitting
241180519499000,-0.440243,3.0171,8.989092,0.06350062,-0.095583744,0.0473925,-35.268753,-2.8125,-4.3875003,sitting
241180539518000,-0.459384,3.036241,9.008233,0.05671125,-0.10263937,0.049389374,-35.30625,-2.8312502,-4.21875,sitting
241180559538000,-0.440243,3.074523,9.084797,0.050986875,-0.108629994,0.051119998,-35.325,-2.9250002,-4.1625004,sitting
241180579557000,-0.440243,3.074523,9.123079,0.043531872,-0.09278812,0.043665,-35.287502,-3.0187502,-4.0687504,sitting
241180599577000,-0.440243,3.074523,9.103938,0.054448124,-0.09358687,0.040603124,-35.193752,-3.0,-4.05,sitting
241180619596000,-0.440243,3.074523,9.065656,0.063766874,-0.094385624,0.03807375,-35.2125,-2.9625,-3.99375,sitting
241180639616000,-0.440243,3.055382,9.008233,0.07162125,-0.0857325,0.03541125,-35.15625,-2.8875,-3.9562502,sitting
241180659635000,-0.459384,3.036241,8.95081,0.07814437,-0.078410625,0.033014998,-35.175003,-2.8875,-3.91875,sitting
241180679655000,-0.38282,2.9979591,9.008233,0.08506687,-0.07029,0.032083124,-35.175003,-2.9437501,-3.9750001,sitting
241180699674000,-0.363679,2.9788182,9.161361,0.09079125,-0.06350062,0.031284373,-35.25,-2.9437501,-4.18125,sitting
241180719694000,-0.38282,2.959677,9.371912,0.07761187,-0.054181874,0.026758123,-35.193752,-2.9250002,-4.1625004,sitting
241180739714000,-0.440243,2.9979591,9.486758,0.088661246,-0.049389374,0.025959374,-35.175003,-2.9250002,-4.125,sitting
241180759733000,-0.535948,3.036241,9.33363,0.09797999,-0.045262497,0.025293749,-35.175003,-2.9437501,-3.9,sitting
241180779753000,-0.555089,3.0936642,8.989092,0.08373562,-0.03860625,0.02156625,-35.193752,-2.9625,-3.9562502,sitting
241180799772000,-0.535948,3.151087,8.625413,0.07148812,-0.033014998,0.018371249,-35.25,-2.9250002,-3.9562502,sitting
241180819792000,-0.47852498,3.151087,8.510567,0.061104372,-0.0282225,0.01570875,-35.287502,-2.86875,-3.9562502,sitting
241180839811000,-0.344538,3.131946,8.663695,0.052185,-0.024095625,0.013445624,-35.193752,-2.7562501,-4.0875,sitting
241180859831000,-0.287115,3.1128051,8.893387,0.044596873,-0.020501249,0.011448749,-35.193752,-2.8875,-4.1062503,sitting
241180879850000,-0.287115,3.1128051,9.065656,0.03807375,-0.0175725,0.00985125,-35.1375,-3.0187502,-4.18125,sitting
241180899870000,-0.32539698,3.0936642,9.084797,0.032482497,-0.015043125,0.008386875,-35.15625,-3.0375001,-4.2562504,sitting
241180919889000,-0.32539698,3.0936642,9.103938,0.0260925,-0.028089374,0.0282225,-35.11875,-2.86875,-4.33125,sitting
241180939909000,-0.38282,3.055382,9.14222,0.020634374,-0.039271872,0.045129374,-35.23125,-2.7375002,-4.2937503,sitting
241180959928000,-0.440243,3.055382,9.199643,0.0175725,-0.0335475,0.03860625,-35.23125,-2.775,-4.3500004,sitting
241180979948000,-0.535948,3.055382,9.199643,0.0039937496,-0.041135624,0.050720625,-35.2125,-2.9625,-4.0125003,sitting
241180999967000,-0.612512,3.036241,9.257066,-0.007588125,-0.04765875,0.061104372,-35.175003,-3.16875,-3.7875001,sitting
241181019987000,-0.612512,3.0171,9.257066,-0.006523125,-0.040736247,0.052185,-35.15625,-3.2625,-3.6562502,sitting
241181040007000,-0.593371,2.9979591,9.199643,-0.019569375,-0.045661874,0.054581247,-35.1375,-3.3375,-3.5625002,sitting
241181060026000,-0.497666,3.036241,8.989092,-0.030751875,-0.049921874,0.05671125,-35.15625,-3.2625,-3.6937501,sitting
241181080046000,-0.38282,3.1128051,8.816823,-0.026225625,-0.04273312,0.0484575,-35.193752,-3.2625,-3.6937501,sitting
241181100065000,-0.306256,3.170228,8.797682,-0.022365,-0.036476247,0.041268747,-35.268753,-3.1875002,-3.7500002,sitting
241181120085000,-0.32539698,3.1893692,8.912528,-0.01917,-0.031151248,0.035278123,-35.287502,-3.15,-3.80625,sitting
241181140104000,-0.38282,3.131946,9.046515,-0.018770624,-0.03621,0.050054997,-35.193752,-3.075,-3.825,sitting
241181160124000,-0.401961,3.074523,9.123079,-0.018371249,-0.040603124,0.06270187,-35.11875,-2.9437501,-3.9750001,sitting
241181180143000,-0.440243,3.036241,9.123079,-0.01570875,-0.0346125,0.053516246,-35.04375,-2.8875,-4.0125003,sitting
241181200163000,-0.440243,3.036241,9.065656,-0.013445624,-0.029553749,0.045661874,-35.1375,-2.90625,-4.0125003,sitting
241181220182000,-0.421102,3.074523,9.046515,-0.011448749,-0.025293749,0.039005622,-35.175003,-2.8500001,-4.1062503,sitting
241181240202000,-0.421102,3.1128051,9.027374,0.007055625,-0.022631248,0.049123123,-35.193752,-2.90625,-4.0125003,sitting
241181260221000,-0.401961,3.1128051,9.027374,0.022897499,-0.020368123,0.057643123,-35.193752,-2.8312502,-4.03125,sitting
241181280241000,-0.38282,3.0936642,8.989092,0.019569375,-0.01730625,0.049256247,-35.175003,-2.86875,-4.0125003,sitting
241181300260000,-0.38282,3.074523,9.008233,0.016640624,-0.014776874,0.042067498,-35.193752,-2.86875,-4.0687504,sitting
241181320280000,-0.38282,3.055382,9.046515,0.014244375,-0.012646874,0.03594375,-35.287502,-2.90625,-4.05,sitting
241181340299000,-0.401961,3.055382,9.103938,0.012114375,-0.010783125,0.03061875,-35.268753,-2.9437501,-4.0875,sitting
241181360319000,-0.401961,3.055382,9.123079,0.010383749,-0.009185624,0.026225625,-35.268753,-3.0375001,-4.0125003,sitting
241181380339000,-0.421102,3.036241,9.103938,0.008919375,-0.007854375,0.022365,-35.2125,-3.0,-4.0875,sitting
241181400358000,-0.421102,3.036241,9.065656,0.007588125,-0.0067893746,0.019036874,-35.100002,-2.9250002,-4.2562504,sitting
241181420378000,-0.401961,3.055382,9.008233,0.006523125,-0.0057243747,0.016374374,-35.081253,-2.8875,-4.33125,sitting
241181440397000,-0.421102,3.055382,8.989092,0.019835625,-0.0154425,0.019303124,-35.081253,-2.86875,-4.40625,sitting
241181460417000,-0.440243,3.036241,8.989092,0.031151248,-0.02369625,0.021699375,-35.15625,-2.8875,-4.425,sitting
241181480436000,-0.497666,3.0171,9.046515,0.026625,-0.020234998,0.018637499,-35.2125,-2.90625,-4.36875,sitting
241181500456000,-0.57423,2.9979591,9.103938,0.022764374,-0.01730625,0.015841875,-35.175003,-2.90625,-4.33125,sitting
241181520475000,-0.57423,2.959677,9.123079,0.01943625,-0.014776874,0.013578749,-35.1375,-2.86875,-4.21875,sitting
241181540495000,-0.497666,2.9788182,9.161361,0.016640624,-0.012513749,0.011581874,-35.193752,-2.7562501,-4.21875,sitting
241181560514000,-0.440243,2.9788182,9.218784,0.01411125,-0.010783125,0.00985125,-35.15625,-2.5875,-4.14375,sitting
241181580534000,-0.363679,2.9788182,9.257066,0.012114375,-0.009185624,0.008386875,-35.25,-2.60625,-4.275,sitting
241181600553000,-0.32539698,3.036241,9.199643,0.010383749,-0.007854375,0.0071887495,-35.193752,-2.625,-4.36875,sitting
241181620573000,-0.287115,3.036241,9.046515,0.027689999,-0.011315624,0.0197025,-35.175003,-2.71875,-4.4625,sitting
241181640592000,-0.267974,3.055382,8.95081,0.0426,-0.014244375,0.0303525,-35.2125,-2.7375002,-4.4625,sitting
241181660612000,-0.363679,3.0171,8.989092,0.036343124,-0.012247499,0.025959374,-35.193752,-2.6437502,-4.55625,sitting
241181680632000,-0.421102,2.940536,9.161361,0.042067498,-0.027024373,0.033946875,-35.23125,-2.68125,-4.425,sitting
241181700651000,-0.459384,2.921395,9.180502,0.04686,-0.03967125,0.040736247,-35.23125,-2.7375002,-4.4625,sitting
241181720671000,-0.497666,2.902254,9.084797,0.040070623,-0.033946875,0.03487875,-35.175003,-2.79375,-4.4625,sitting
241181740690000,-0.516807,2.940536,8.931669,0.034213122,-0.028888123,0.029686874,-35.193752,-2.79375,-4.55625,sitting
241181760710000,-0.535948,2.9979591,8.816823,0.040736247,-0.039271872,0.032482497,-35.25,-2.7375002,-4.6125,sitting
241181780729000,-0.497666,2.9979591,8.931669,0.046194375,-0.048058122,0.034745622,-35.30625,-2.68125,-4.70625,sitting
241181800749000,-0.47852498,3.0171,9.218784,0.039538123,-0.041002497,0.029686874,-35.362503,-2.6437502,-4.65,sitting
241181820768000,-0.516807,3.0171,9.371912,0.033680625,-0.035011873,0.025426874,-35.268753,-2.5500002,-4.51875,sitting
241181840788000,-0.555089,2.9788182,9.352771,0.028754998,-0.029953124,0.021699375,-35.30625,-2.3812501,-4.425,sitting
241181860807000,-0.631653,2.9788182,9.103938,0.018903749,-0.03967125,0.0213,-35.175003,-2.1750002,-4.3125,sitting
241181880827000,-0.669935,2.959677,8.989092,0.0105168745,-0.048058122,0.021033749,-35.2125,-1.9875001,-4.3125,sitting
241181900846000,-0.669935,2.959677,9.008233,0.0090525,-0.041002497,0.017971875,-35.175003,-1.81875,-4.2562504,sitting
241181920866000,-0.689076,2.959677,9.008233,0.00772125,-0.035011873,0.015309375,-35.25,-1.81875,-4.18125,sitting
241181940885000,-0.593371,2.9788182,8.893387,0.006523125,-0.029953124,0.01304625,-35.34375,-1.6875001,-4.2375,sitting
241181960905000,-0.401961,3.0171,8.797682,0.00559125,-0.025559999,0.0111825,-35.287502,-1.725,-4.36875,sitting
241181980924000,-0.210551,3.1128051,8.701977,0.0047925,-0.0218325,0.009585,-35.25,-1.6875001,-4.6125,sitting
241182000944000,-0.153128,3.1893692,8.682836,0.0041268747,-0.018637499,0.008120624,-35.268753,-1.8000001,-4.78125,sitting
241182020964000,-0.363679,3.2085102,8.797682,0.0034612499,-0.015974998,0.0069224997,-35.287502,-1.85625,-4.89375,sitting
241182040983000,-0.555089,3.131946,9.008233,0.00292875,-0.013578749,0.005990625,-35.41875,-1.8000001,-4.78125,sitting
241182061003000,-0.593371,2.9788182,9.257066,0.0025293748,-0.011581874,0.0050587496,-35.49375,-1.7062501,-4.5375004,sitting
241182081022000,-0.421102,2.8639722,9.563322,0.00213,-0.009984375,0.004393125,-35.550003,-1.4625001,-4.275,sitting
241182101042000,-0.229692,2.7491262,9.678168,0.0018637499,-0.00852,0.0037274999,-35.5125,-1.3875,-4.05,sitting
241182121061000,-0.095705,2.6534212,9.620745,0.0015974999,-0.0071887495,0.0031949999,-35.568752,-1.25625,-3.9750001,sitting
241182141081000,-0.057423,2.5577161,9.352771,0.00133125,-0.0061237495,0.0026625,-35.5875,-0.88125,-4.18125,sitting
241182161100000,-0.057423,2.576857,9.161361,0.001198125,-0.005325,0.002263125,-35.625,-0.75,-4.1625004,sitting
241182181120000,-0.114846,2.6725621,9.180502,9.3187497E-4,-0.00452625,0.0019968748,-35.49375,-0.58125,-4.1062503,sitting
241182201139000,-0.19141,2.940536,9.237925,7.9874997E-4,-0.003860625,0.0017306249,-35.4375,-0.73125005,-3.91875,sitting
241182221159000,-0.421102,3.380779,9.008233,6.65625E-4,-0.003328125,0.001464375,-35.30625,-0.88125,-3.9750001,sitting
241182241178000,-0.689076,3.59133,8.778541,6.65625E-4,-0.002795625,0.001198125,-35.362503,-0.80625004,-4.55625,sitting
241182261198000,-0.842204,3.725317,8.453144,0.0041268747,0.01943625,0.009185624,-35.362503,-0.69375,-5.1375003,sitting
241182281217000,-0.880486,3.285074,8.587131,0.007055625,0.03834,0.015974998,-35.362503,-0.63750005,-5.4187503,sitting
241182301237000,-0.880486,2.787408,8.893387,0.010250624,0.050054997,0.0069224997,-35.362503,-0.69375,-5.3812504,sitting
241182321257000,-0.70821697,2.270601,9.429335,0.012913125,0.059906248,-7.9874997E-4,-35.34375,-0.82500005,-5.1375003,sitting
241182341276000,-0.459384,1.8303581,9.965283,0.0154425,0.06789375,-0.0051918747,-35.4,-0.91875005,-4.8375,sitting
241182361296000,-0.057423,1.6389481,9.984424,0.017705625,0.07481625,-0.0090525,-35.41875,-1.06875,-4.70625,sitting
241182381315000,0.306256,1.7346531,9.52504,0.020767499,0.081339374,-0.0062568747,-35.362503,-1.1625,-4.55625,sitting
241182401335000,0.459384,2.0026271,9.027374,0.02343,0.087063745,-0.003860625,-35.30625,-1.2750001,-4.51875,sitting
241182421354000,0.401961,2.347165,8.95081,0.023563124,0.09451874,-0.00239625,-35.268753,-1.3875,-4.4437504,sitting
241182441374000,0.076564,2.6725621,9.084797,0.023563124,0.10090875,-0.001198125,-35.325,-1.44375,-4.4812503,sitting
241182461393000,-0.287115,2.9979591,8.969951,0.014776874,0.11169187,-0.005990625,-35.30625,-1.2375001,-4.8562503,sitting
241182481413000,-0.516807,3.2085102,8.625413,0.0073218746,0.1208775,-0.010117499,-35.268753,-0.84375006,-5.3812504,sitting
241182501432000,-0.555089,3.380779,8.223452,-0.010783125,0.13285874,-0.016241249,-35.30625,-0.46875003,-5.8125,sitting
241182521452000,-0.47852498,3.285074,8.37658,-0.038206875,0.156555,-0.0239625,-35.287502,-0.3375,-5.86875,sitting
241182541471000,-0.497666,3.055382,8.95081,-0.058574997,0.15722062,-0.02369625,-35.4375,-0.22500001,-5.7000003,sitting
241182561491000,-0.459384,2.806549,9.486758,-0.06363375,0.14444062,-0.021033749,-35.5125,-0.13125001,-5.4,sitting
241182581510000,-0.32539698,2.595998,9.659027,-0.08267062,0.13019624,-0.01304625,-35.60625,0.0375,-5.11875,sitting
241182601530000,-0.038282,2.481152,9.601604,-0.09904499,0.11808187,-0.0061237495,-35.53125,0.15,-4.9500003,sitting
241182621549000,0.095705,2.347165,9.371912,-0.11036062,0.09598312,0.00665625,-35.5125,0.09375,-4.7625003,sitting
241182641569000,0.057423,2.404588,9.448476,-0.12007874,0.0772125,0.017705625,-35.5125,-0.075,-4.65,sitting
241182661589000,-0.114846,2.5577161,9.563322,-0.13166063,0.06043875,0.029154373,-35.41875,-0.3375,-4.4625,sitting
241182681608000,-0.248833,2.82569,9.429335,-0.16227937,0.044996247,0.045528747,-35.4,-0.52500004,-4.2375,sitting
241182701628000,-0.248833,3.055382,9.14222,-0.18491063,0.036742497,0.052850623,-35.41875,-0.61875004,-4.0875,sitting
241182721647000,-0.19141,3.1128051,8.740259,-0.21539624,0.0303525,0.06177,-35.41875,-0.73125005,-4.1062503,sitting
241182741667000,-0.057423,3.2276511,8.510567,-0.25320375,0.02422875,0.072286874,-35.456253,-0.76875,-4.125,sitting
241182761686000,0.076564,3.342497,8.529708,-0.29540437,0.017173124,0.083602495,-35.381252,-0.88125,-4.2937503,sitting
241182781706000,0.133987,3.361638,8.682836,-0.3370725,0.007854375,0.094385624,-35.41875,-0.82500005,-4.40625,sitting
241182801725000,0.095705,3.342497,8.969951,-0.37195122,-0.00452625,0.1027725,-35.5125,-0.8625,-4.4437504,sitting
241182821745000,-0.019141,3.170228,9.218784,-0.395115,-0.019835625,0.10769812,-35.5125,-0.75,-4.55625,sitting
241182841764000,-0.153128,2.9979591,9.391053,-0.40296936,-0.036875624,0.10956187,-35.4,-0.80625004,-4.55625,sitting
241182861784000,-0.248833,2.940536,9.391053,-0.39325124,-0.053782497,0.11009437,-35.325,-0.91875005,-4.70625,sitting
241182881803000,-0.32539698,2.959677,9.237925,-0.36715874,-0.069358125,0.11036062,-35.25,-1.0500001,-4.93125,sitting
241182901823000,-0.421102,3.0171,9.065656,-0.32469186,-0.07095562,0.102239996,-35.325,-1.21875,-5.1375003,sitting
241182921842000,-0.401961,3.1128051,8.95081,-0.27982873,-0.08107312,0.10250624,-35.287502,-1.1625,-5.45625,sitting
241182941862000,-0.363679,3.151087,8.931669,-0.24148874,-0.08959312,0.10263937,-35.2125,-1.0125,-5.775,sitting
241182961882000,-0.32539698,3.170228,8.989092,-0.20634374,-0.07654687,0.087596245,-35.2125,-0.99375004,-5.9812503,sitting
241182981901000,-0.38282,3.131946,9.027374,-0.17612436,-0.065364376,0.07481625,-35.175003,-1.0500001,-6.1312504,sitting
241183001921000,-0.497666,3.1128051,9.084797,-0.15043125,-0.0559125,0.063899994,-35.15625,-1.1625,-5.925,sitting
241183021940000,-0.555089,3.1128051,9.008233,-0.13831687,-0.01996875,0.062169373,-35.11875,-1.1812501,-5.9437504,sitting
241183041960000,-0.593371,3.0936642,8.912528,-0.14417437,0.037807498,0.054181874,-35.11875,-1.2750001,-5.6062503,sitting
241183061979000,-0.593371,3.036241,8.969951,-0.15855187,0.091456875,0.033414375,-35.175003,-1.44375,-5.3625,sitting
241183081999000,-0.612512,2.959677,9.237925,-0.17399436,0.14350875,0.01677375,-35.23125,-1.5937501,-5.1000004,sitting
241183102018000,-0.65079397,2.902254,9.371912,-0.18504374,0.18744,0.005458125,-35.25,-1.6875001,-4.55625,sitting
241183122038000,-0.612512,2.940536,9.391053,-0.18610874,0.21725999,-0.001065,-35.287502,-1.6875001,-4.18125,sitting
241183142057000,-0.421102,3.0936642,9.084797,-0.1698675,0.21126936,-0.0031949999,-35.381252,-1.48125,-3.8437502,sitting
241183162077000,-0.172269,3.3042152,8.835964,-0.13299187,0.205545,0.0025293748,-35.475002,-1.25625,-3.6750002,sitting
241183182096000,0.095705,3.476484,8.701977,-0.075614996,0.20008686,0.014377499,-35.4375,-1.1812501,-3.6750002,sitting
241183202116000,0.153128,3.514766,8.797682,-9.3187497E-4,0.16414312,0.027823124,-35.41875,-1.1812501,-3.7125,sitting
241183222135000,0.153128,3.4190612,9.103938,0.082537495,0.12580311,0.040070623,-35.4,-1.3312501,-3.6562502,sitting
241183242155000,0.095705,3.265933,9.352771,0.16587375,0.091589995,0.047525622,-35.475002,-1.3687501,-3.5062501,sitting
241183262174000,0.019141,3.170228,9.33363,0.24095625,0.065896876,0.049389374,-35.456253,-1.3125,-3.3937502,sitting
241183282194000,-0.038282,3.2276511,9.161361,0.3025931,0.052584372,0.045395624,-35.456253,-1.2,-3.525,sitting
241183302214000,-0.038282,3.361638,8.989092,0.34918687,0.054980624,0.036076874,-35.456253,-1.125,-3.5812502,sitting
241183322233000,-0.019141,3.4190612,8.893387,0.3824681,0.072952494,0.02156625,-35.41875,-0.95625,-3.6562502,sitting
241183342253000,-0.019141,3.5339072,8.816823,0.40549874,0.10077562,0.00213,-35.49375,-0.8625,-3.6750002,sitting
241183362272000,-0.114846,3.6487532,8.663695,0.42267185,0.13099499,-0.022365,-35.550003,-0.6,-3.9375002,sitting
241183382292000,-0.172269,3.7635992,8.510567,0.43877998,0.15948375,-0.050454374,-35.60625,-0.35625002,-4.3500004,sitting
241183402311000,-0.172269,3.6678941,8.548849,0.4564856,0.18517686,-0.08000812,-35.5125,-0.0375,-4.65,sitting
241183422331000,-0.153128,3.265933,8.778541,0.47565562,0.20794125,-0.10783125,-35.456253,0.20625001,-4.875,sitting
241183442350000,-0.114846,2.902254,9.084797,0.4936275,0.22777687,-0.13166063,-35.49375,0.16875,-4.8187504,sitting
241183462370000,-0.153128,2.6725621,9.199643,0.5077387,0.24588187,-0.15122999,-35.662502,-0.056250002,-4.74375,sitting
241183482389000,-0.229692,2.844831,9.123079,0.5161256,0.26451936,-0.1677375,-35.68125,-0.22500001,-4.55625,sitting
241183502409000,-0.32539698,3.131946,9.046515,0.5174568,0.28621873,-0.18251437,-35.68125,-0.24375,-4.6125,sitting
241183522428000,-0.401961,3.361638,9.065656,0.51093376,0.3121781,-0.19582687,-35.5875,-0.056250002,-4.5375004,sitting
241183542448000,-0.38282,3.457343,9.103938,0.49722186,0.34159875,-0.20820749,-35.568752,0.056250002,-4.5,sitting
241183562467000,-0.306256,3.4382021,9.065656,0.4772531,0.37128562,-0.21899062,-35.5875,0.112500004,-4.3875003,sitting
241183582487000,-0.210551,3.361638,9.046515,0.45235872,0.39751124,-0.22711124,-35.53125,0.01875,-4.3125,sitting
241183602507000,-0.153128,3.246792,9.027374,0.42360374,0.41721374,-0.23057249,-35.5875,-0.0,-4.275,sitting
241183622526000,-0.114846,3.170228,9.027374,0.3920531,0.42892873,-0.22724436,-35.475002,0.0,-4.3125,sitting
241183642546000,-0.095705,3.170228,9.046515,0.35837248,0.43225685,-0.21606186,-35.4375,0.075,-4.425,sitting
241183662565000,-0.076564,3.2276511,9.008233,0.32362688,0.42706499,-0.19782375,-35.381252,0.15,-4.55625,sitting
241183682585000,-0.095705,3.3042152,8.95081,0.29007936,0.41401872,-0.17412749,-35.41875,0.20625001,-4.4812503,sitting
241183702604000,-0.057423,3.380779,8.874246,0.26012623,0.39458248,-0.14723624,-35.41875,0.112500004,-4.36875,sitting
241183722624000,-0.019141,3.4190612,8.7594,0.23722874,0.3707531,-0.12061124,-35.5125,-0.0,-4.33125,sitting
241183742643000,-0.0,3.4382021,8.682836,0.22498125,0.34359562,-0.097713746,-35.643753,-0.09375,-4.36875,sitting
241183762663000,-0.019141,3.39992,8.682836,0.22591312,0.3143081,-0.0804075,-35.71875,0.01875,-4.51875,sitting
241183782682000,-0.076564,3.361638,8.797682,0.24135561,0.2848875,-0.068825625,-35.79375,0.0375,-4.70625,sitting
241183802702000,-0.172269,3.3233562,8.912528,0.26997748,0.2578631,-0.06296812,-35.71875,0.09375,-4.8,sitting
241183822721000,-0.248833,3.3233562,8.989092,0.30911624,0.23603062,-0.06350062,-35.68125,0.16875,-4.9875,sitting
241183842741000,-0.287115,3.342497,9.027374,0.3542456,0.22231874,-0.07122187,-35.68125,0.45000002,-5.1000004,sitting
241183862760000,-0.306256,3.3233562,9.065656,0.4000406,0.21845812,-0.087063745,-35.737503,0.65625,-5.11875,sitting
241183882780000,-0.267974,3.285074,9.123079,0.44064373,0.22511436,-0.110227495,-35.7,0.7875,-5.11875,sitting
241183902799000,-0.248833,3.246792,9.123079,0.47099623,0.24095625,-0.13845,-35.737503,0.88125,-5.15625,sitting
241183922819000,-0.229692,3.265933,9.123079,0.48763686,0.26198998,-0.16747124,-35.662502,0.7875,-5.1375003,sitting
241183942839000,-0.248833,3.3233562,9.123079,0.48936749,0.28329,-0.19249874,-35.643753,0.88125,-5.26875,sitting
241183962858000,-0.248833,3.342497,9.123079,0.4772531,0.2999306,-0.20993812,-35.568752,0.91875005,-5.25,sitting
241183982878000,-0.248833,3.3233562,9.123079,0.45342374,0.30818436,-0.21832499,-35.60625,1.06875,-5.4750004,sitting
241184002897000,-0.229692,3.285074,9.065656,0.42040873,0.30685312,-0.21712686,-35.53125,1.0500001,-5.5875,sitting
241184022917000,-0.172269,3.3042152,8.969951,0.3819356,0.2967356,-0.207675,-35.71875,1.1812501,-5.8500004,sitting
241184042936000,-0.133987,3.342497,8.874246,0.3425306,0.28089374,-0.19263187,-35.68125,1.0875001,-5.7375,sitting
241184062956000,-0.153128,3.3233562,8.855105,0.29979748,0.25213873,-0.17066625,-35.662502,1.125,-5.53125,sitting
241184082975000,-0.210551,3.342497,8.874246,0.27250686,0.23855999,-0.15549,-35.662502,1.1437501,-5.45625,sitting
241184102995000,-0.248833,3.3042152,8.931669,0.260925,0.24082312,-0.15149625,-35.662502,1.3687501,-5.5687504,sitting
241184123014000,-0.229692,3.3042152,8.969951,0.25054124,0.23616374,-0.1506975,-35.775,1.5,-5.6625004,sitting
241184143034000,-0.133987,3.361638,8.95081,0.25160623,0.23762812,-0.15668812,-35.737503,1.5562501,-5.68125,sitting
241184163053000,-0.0,3.4190612,8.855105,0.2637206,0.24481687,-0.16720499,-35.756252,1.5,-5.45625,sitting
241184183073000,0.038282,3.4190612,8.855105,0.28475437,0.2571975,-0.18011811,-35.71875,1.2750001,-5.08125,sitting
241184203092000,0.038282,3.4190612,8.912528,0.31044748,0.27343875,-0.19329749,-35.775,1.1437501,-4.89375,sitting
241184223112000,-0.019141,3.361638,8.969951,0.3370725,0.29207623,-0.20421374,-35.775,1.21875,-4.7250004,sitting
241184243132000,-0.019141,3.380779,8.931669,0.36130124,0.31204498,-0.209805,-35.775,1.1625,-4.6312504,sitting
241184263151000,0.038282,3.39992,8.778541,0.38007185,0.331215,-0.20940562,-35.775,1.125,-4.55625,sitting
241184283171000,0.095705,3.4190612,8.644554,0.3904556,0.3467906,-0.2039475,-35.850002,0.95625,-4.36875,sitting
241184303190000,0.153128,3.4382021,8.606272,0.39018935,0.35650873,-0.19396311,-35.86875,0.7875,-4.2937503,sitting
241184323210000,0.153128,3.4382021,8.797682,0.37940624,0.35930437,-0.17798811,-35.925003,0.69375,-4.21875,sitting
241184343229000,0.267974,3.39992,9.237925,0.35983688,0.35531062,-0.15562312,-35.9625,0.52500004,-4.125,sitting
241184363249000,0.459384,3.39992,9.620745,0.3340106,0.34426123,-0.12740062,-35.8125,0.3,-4.1062503,sitting
241184383268000,0.689076,3.457343,9.735591,0.2967356,0.31231123,-0.1038375,-35.775,-0.3,-3.8812501,sitting
241184403288000,0.746499,3.514766,9.467617,0.27144188,0.2891475,-0.066562496,-35.7,-0.88125,-3.91875,sitting
241184423307000,0.593371,3.572189,9.027374,0.2497425,0.26931188,-0.0346125,-35.68125,-1.3687501,-3.73125,sitting
241184443327000,0.287115,3.457343,8.740259,0.23989125,0.23709561,0.0025293748,-35.662502,-1.6875001,-3.8625002,sitting
241184463346000,-0.114846,3.265933,8.682836,0.25227186,0.20967187,0.050720625,-35.625,-1.9875001,-3.7687502,sitting
241184483366000,-0.535948,3.074523,8.855105,0.26225623,0.1794525,0.075614996,-35.625,-2.34375,-3.7125,sitting
241184503385000,-1.014473,2.8639722,9.103938,0.28049436,0.15535687,0.094785,-35.68125,-2.625,-3.3937502,sitting
241184523405000,-1.4164339,2.729985,9.14222,0.30285937,0.14044687,0.10756499,-35.60625,-2.7562501,-3.2062502,sitting
241184543424000,-1.703549,2.6725621,9.046515,0.32469186,0.135255,0.11289,-35.60625,-2.7562501,-3.075,sitting
241184563444000,-1.741831,2.6725621,8.969951,0.34266374,0.13858312,0.11115937,-35.475002,-2.7,-2.7,sitting
241184583464000,-1.378152,2.844831,8.969951,0.35397935,0.14816812,0.104103744,-35.53125,-2.7,-2.2125,sitting
241184603483000,-0.689076,3.0936642,9.046515,0.35744062,0.16108124,0.094918124,-35.475002,-2.625,-1.40625,sitting
241184623503000,-0.057423,3.361638,9.065656,0.3530475,0.17386125,0.085865624,-35.5125,-2.625,-0.975,sitting
241184643522000,0.229692,3.457343,8.969951,0.34213123,0.18331312,0.07881,-35.60625,-2.625,-0.675,sitting
241184663537000,0.229692,3.4382021,8.701977,0.32642248,0.18770625,0.07574812,-35.625,-2.79375,-0.71250004,sitting
241184683557000,0.306256,3.39992,8.357439,0.2946056,0.17492624,0.069890626,-35.7,-2.9250002,-0.93750006,sitting
241184703576000,0.497666,3.4190612,8.166029,0.2769,0.17466,0.08027437,-35.737503,-2.9437501,-1.3125,sitting
241184723596000,0.535948,3.342497,8.319157,0.26185685,0.17452687,0.08906062,-35.79375,-2.8875,-1.63125,sitting
241184743615000,0.38282,3.2085102,8.625413,0.24534936,0.17466,0.0974475,-35.8125,-2.7375002,-2.0812502,sitting
241184763635000,0.133987,3.036241,8.855105,0.24415123,0.19103436,0.10982812,-35.90625,-2.5500002,-2.625,sitting
241184783654000,-0.019141,2.9788182,8.874246,0.23736186,0.20021999,0.09904499,-35.943752,-2.34375,-3.3187501,sitting
241184803674000,-0.172269,3.036241,9.046515,0.23909248,0.21712686,0.079076245,-35.98125,-2.15625,-3.825,sitting
241184823694000,-0.306256,3.074523,9.448476,0.24920999,0.23949187,0.050188124,-36.018753,-1.9687501,-4.05,sitting
241184843713000,-0.459384,3.055382,9.946142,0.26558438,0.26491874,0.014643749,-36.018753,-1.8937501,-3.8812501,sitting
241184863733000,-0.497666,3.0171,10.175834,0.28475437,0.29114437,-0.023563124,-35.98125,-1.95,-3.6000001,sitting
241184883752000,-0.363679,3.0171,9.90786,0.30232686,0.31577247,-0.06003937,-35.943752,-2.15625,-3.1875002,sitting
241184903772000,-0.19141,3.0936642,9.448476,0.31404185,0.33653998,-0.090924375,-35.98125,-2.15625,-2.6437502,sitting
241184923791000,-0.019141,3.170228,8.989092,0.31697062,0.35198247,-0.114221245,-36.09375,-2.1750002,-2.325,sitting
241184943811000,0.076564,3.2276511,8.778541,0.31031436,0.36183375,-0.12873188,-36.2625,-2.04375,-2.1375,sitting
241184963830000,0.095705,3.2085102,8.682836,0.2967356,0.36622685,-0.13458937,-36.15,-1.9875001,-2.0625,sitting
241184983850000,0.153128,3.2085102,8.740259,0.28009498,0.3648956,-0.13232625,-36.112503,-2.04375,-2.1375,sitting
241185003869000,0.172269,3.170228,8.778541,0.26558438,0.35784,-0.12287437,-35.9625,-1.9687501,-2.325,sitting
241185023889000,0.210551,3.2276511,8.797682,0.2578631,0.34599185,-0.106233746,-35.943752,-1.725,-2.7562501,sitting
241185043908000,0.229692,3.246792,8.816823,0.2603925,0.3308156,-0.082936876,-35.98125,-1.63125,-3.1125002,sitting
241185063928000,0.172269,3.265933,8.816823,0.27450374,0.31337625,-0.053915624,-36.0,-1.6125001,-3.5625002,sitting
241185083947000,0.019141,3.265933,8.874246,0.299265,0.29354063,-0.022365,-36.131252,-1.81875,-3.8812501,sitting
241185103967000,-0.19141,3.2085102,9.008233,0.3317475,0.27077624,0.008386875,-36.15,-1.8375001,-4.125,sitting
241185123986000,-0.38282,3.131946,9.180502,0.36875623,0.24574874,0.037008747,-36.112503,-1.9312501,-4.18125,sitting
241185144006000,-0.47852498,3.0936642,9.295348,0.40776187,0.21899062,0.064299375,-36.131252,-1.9875001,-4.18125,sitting
241185164026000,-0.516807,3.074523,9.295348,0.4484981,0.19090125,0.092122495,-35.925003,-2.0062501,-4.1625004,sitting
241185184045000,-0.535948,3.1128051,9.14222,0.49123123,0.16068187,0.12234187,-35.943752,-1.9312501,-4.3500004,sitting
241185204065000,-0.516807,3.0936642,9.027374,0.53569496,0.12859875,0.15602249,-35.90625,-1.9312501,-4.3125,sitting
241185224084000,-0.47852498,3.074523,8.989092,0.58029187,0.09571687,0.19316436,-35.943752,-2.025,-4.18125,sitting
241185244104000,-0.440243,3.055382,9.027374,0.623025,0.06416625,0.23203687,-35.943752,-2.2125,-3.9562502,sitting
241185264123000,-0.401961,3.0171,9.084797,0.6617643,0.0356775,0.26971123,-35.943752,-2.0812502,-4.0125003,sitting
241185284143000,-0.363679,3.0171,9.103938,0.6937143,0.012380624,0.3025931,-35.943752,-2.0062501,-3.9375002,sitting
241185304162000,-0.306256,3.036241,9.084797,0.7151475,-0.003328125,0.32828623,-36.0,-2.04375,-3.9,sitting
241185324182000,-0.229692,3.0936642,9.065656,0.723135,-0.010117499,0.34519312,-35.943752,-2.2875001,-3.6937501,sitting
241185344201000,-0.172269,3.131946,9.084797,0.71674496,-0.00878625,0.35238186,-35.925003,-2.4375,-3.43125,sitting
241185364221000,-0.172269,3.131946,9.123079,0.6978412,-0.0015974999,0.35038498,-35.9625,-2.49375,-3.3375,sitting
241185384240000,-0.19141,3.074523,9.161361,0.66881996,0.010383749,0.3408,-36.05625,-2.3812501,-3.24375,sitting
241185404260000,-0.153128,3.036241,9.123079,0.6316781,0.026625,0.3260231,-36.131252,-2.41875,-3.2250001,sitting
241185424279000,-0.114846,3.036241,9.103938,0.58774686,0.046726875,0.30711937,-36.1875,-2.2875001,-3.24375,sitting
241185444299000,-0.095705,3.055382,9.046515,0.5384906,0.07029,0.28435498,-36.1875,-2.23125,-3.2250001,sitting
241185464319000,-0.133987,3.055382,9.008233,0.48564,0.097181246,0.2583956,-36.09375,-2.2687502,-3.2625,sitting
241185484338000,-0.19141,3.055382,8.95081,0.43012685,0.12740062,0.22977374,-36.075,-2.1937501,-3.3000002,sitting
241185504358000,-0.210551,3.074523,8.95081,0.37301624,0.15975,0.19902186,-36.037502,-2.1937501,-3.35625,sitting
241185524377000,-0.172269,3.0936642,9.008233,0.31657124,0.19116749,0.16640624,-36.075,-2.1000001,-3.45,sitting
241185544397000,-0.172269,3.074523,9.065656,0.26571748,0.21872437,0.1325925,-36.05625,-2.0625,-3.4125001,sitting
241185564416000,-0.19141,3.055382,9.123079,0.22578,0.24029061,0.098911874,-36.09375,-2.0812502,-3.45,sitting
241185584436000,-0.210551,3.036241,9.14222,0.20008686,0.25546688,0.06629625,-36.112503,-2.1000001,-3.54375,sitting
241185604455000,-0.229692,2.9979591,9.103938,0.18917061,0.26545125,0.035810623,-36.09375,-2.0062501,-3.5625002,sitting
241185624475000,-0.19141,2.9979591,9.046515,0.1917,0.271575,0.0074549997,-36.037502,-1.9312501,-3.54375,sitting
241185644494000,-0.19141,2.9979591,9.027374,0.20421374,0.27556875,-0.0197025,-36.075,-1.7625,-3.5812502,sitting
241185664514000,-0.19141,2.9788182,9.008233,0.22231874,0.2796956,-0.04686,-36.131252,-1.81875,-3.4687502,sitting
241185684533000,-0.210551,2.959677,9.046515,0.24268687,0.28635186,-0.07468312,-36.15,-1.9312501,-3.3937502,sitting
241185704553000,-0.210551,2.940536,9.046515,0.26318812,0.2966025,-0.103970625,-36.1875,-1.8937501,-3.4687502,sitting
241185724572000,-0.172269,2.921395,9.065656,0.28355625,0.30924937,-0.135255,-36.112503,-1.85625,-3.6937501,sitting
241185744592000,-0.057423,2.8831131,9.027374,0.30405748,0.32202935,-0.16787063,-36.16875,-1.85625,-3.9750001,sitting
241185764611000,0.095705,2.787408,8.816823,0.32509124,0.33427685,-0.19888875,-36.09375,-1.9687501,-4.36875,sitting
241185784631000,0.133987,2.691703,8.56799,0.34652436,0.34572563,-0.22404936,-36.0,-2.1750002,-4.9500003,sitting
241185804651000,-0.0,2.6725621,8.701977,0.36662623,0.35597622,-0.24015749,-35.925003,-2.4,-5.7000003,sitting
241185824670000,-0.287115,2.6534212,9.180502,0.3818025,0.36236623,-0.24534936,-35.86875,-2.41875,-6.525,sitting
241185844690000,-0.631653,2.6342802,9.812155,0.38805935,0.36236623,-0.23869312,-35.86875,-2.4375,-7.6312504,sitting
241185864709000,-0.861345,2.500293,10.252398,0.38166937,0.35504436,-0.2199225,-35.756252,-2.2875001,-8.493751,sitting
241185884729000,-1.186742,2.289742,10.462949,0.36036935,0.34213123,-0.19076812,-35.5875,-2.15625,-9.375,sitting
241185904748000,-1.33987,2.232319,10.48209,0.32043186,0.31018123,-0.1613475,-35.456253,-2.025,-9.69375,sitting
241185924768000,-1.186742,2.25146,10.29068,0.26718187,0.29740125,-0.1208775,-35.41875,-2.0625,-9.4125,sitting
241185944787000,-1.091037,2.4428701,9.869578,0.20008686,0.30312562,-0.07641375,-35.5125,-2.23125,-8.85,sitting
241185964807000,-1.071896,2.5385752,9.314489,0.11501999,0.29274186,-0.045528747,-35.550003,-2.25,-8.45625,sitting
241185984826000,-1.397293,2.4428701,8.931669,0.018504374,0.28635186,-0.01996875,-35.550003,-2.4,-8.212501,sitting
241186004846000,-1.703549,2.404588,8.587131,-0.08373562,0.28342313,0.001065,-35.381252,-2.60625,-8.118751,sitting
241186024865000,-1.780113,2.366306,8.434003,-0.18384562,0.28222498,0.01917,-35.287502,-2.9437501,-8.00625,sitting
241186044885000,-1.741831,2.3280241,8.472285,-0.27343875,0.28009498,0.03541125,-35.268753,-3.1312501,-7.9125004,sitting
241186064904000,-1.684408,2.3280241,8.56799,-0.34506,0.27343875,0.050454374,-35.25,-3.0937502,-7.7625003,sitting
241186084924000,-1.646126,2.347165,8.721118,-0.3947156,0.2603925,0.065364376,-35.25,-2.9625,-7.65,sitting
241186104944000,-1.53128,2.404588,8.797682,-0.42174,0.24162187,0.08107312,-35.34375,-2.98125,-7.36875,sitting
241186124963000,-1.33987,2.5577161,8.7594,-0.4287956,0.21792562,0.09837937,-35.4375,-2.9250002,-7.2000003,sitting
241186144983000,-1.186742,2.7491262,8.510567,-0.42014247,0.19036874,0.117149994,-35.568752,-2.9250002,-6.9750004,sitting
241186165002000,-1.110178,2.959677,8.127747,-0.40163812,0.16054875,0.13685249,-35.68125,-2.9437501,-6.6000004,sitting
241186185022000,-1.129319,3.074523,7.955478,-0.37834123,0.13059562,0.15762,-35.662502,-2.9437501,-6.4125004,sitting
241186205041000,-1.167601,3.055382,8.108606,-0.35278124,0.10317187,0.17905311,-35.756252,-2.8125,-6.3750005,sitting
241186225061000,-1.091037,2.921395,8.644554,-0.3260231,0.07881,0.20008686,-35.79375,-2.68125,-6.2250004,sitting
241186245080000,-0.918768,2.7491262,9.257066,-0.29740125,0.057776246,0.2188575,-35.775,-2.60625,-5.9625,sitting
241186265100000,-0.70821697,2.5385752,9.71645,-0.26172373,0.044596873,0.21060374,-35.850002,-2.71875,-5.775,sitting
241186285119000,-0.535948,2.366306,9.927001,-0.22617936,0.029287498,0.22165312,-35.86875,-2.86875,-5.4750004,sitting
241186305139000,-0.459384,2.347165,9.90786,-0.19582687,0.016241249,0.23097187,-35.86875,-2.98125,-5.5125003,sitting
241186325158000,-0.440243,2.4237292,9.793014,-0.15242812,0.007588125,0.22325061,-35.86875,-2.98125,-5.3250003,sitting
241186345178000,-0.516807,2.595998,9.697309,-0.115286246,1.33125E-4,0.21659437,-35.79375,-2.90625,-5.2125,sitting
241186365197000,-0.593371,2.710844,9.659027,-0.0793425,0.001198125,0.1996875,-35.831253,-2.9250002,-5.4,sitting
241186385217000,-0.746499,2.787408,9.582463,-0.0484575,0.00213,0.18544312,-35.86875,-2.9250002,-5.49375,sitting
241186405236000,-0.803922,2.82569,9.410194,-0.041401874,0.0018637499,0.15841874,-35.86875,-2.79375,-5.7000003,sitting
241186425256000,-0.76564,2.82569,9.218784,-0.03541125,0.0015974999,0.135255,-35.8875,-2.5687501,-6.05625,sitting
241186445276000,-0.669935,2.7491262,9.065656,-0.030219374,0.00133125,0.11555249,-35.8125,-2.49375,-6.2812505,sitting
241186465295000,-0.631653,2.6342802,8.95081,-0.02582625,0.001065,0.09864562,-35.775,-2.49375,-6.3562503,sitting
241186485315000,-0.70821697,2.519434,8.912528,-0.02209875,9.3187497E-4,0.08426812,-35.68125,-2.7375002,-6.1687503,sitting
241186505334000,-0.803922,2.462011,8.912528,-0.03913875,0.01517625,0.08054062,-35.7,-2.9250002,-5.86875,sitting
241186525354000,-0.899627,2.481152,8.969951,-0.053782497,0.027290624,0.077345625,-35.756252,-3.0,-5.7375,sitting
241186545373000,-0.976191,2.519434,9.027374,-0.031816874,0.03541125,0.032881875,-35.775,-3.075,-5.68125,sitting
241186565393000,-1.071896,2.615139,9.084797,0.003860625,0.05191875,-0.031284373,-35.775,-2.9625,-5.7937503,sitting
241186585412000,-1.167601,2.691703,9.199643,0.041002497,0.06629625,-0.08493375,-35.831253,-2.98125,-5.86875,sitting
241186605432000,-1.129319,2.7682672,9.276207,0.07628062,0.08373562,-0.14217749,-35.850002,-2.9250002,-6.05625,sitting
241186625451000,-0.995332,2.82569,9.237925,0.101174995,0.10357124,-0.20155124,-35.8875,-2.98125,-5.9625,sitting
241186645471000,-0.842204,2.844831,9.161361,0.10889625,0.12540375,-0.26172373,-35.850002,-2.8500001,-6.01875,sitting
241186665490000,-0.689076,2.806549,9.123079,0.095051244,0.14870062,-0.32083124,-35.79375,-2.7562501,-6.0937505,sitting
241186685510000,-0.593371,2.7682672,9.103938,0.058974374,0.16893561,-0.37128562,-35.775,-2.5875,-6.24375,sitting
241186705529000,-0.516807,2.729985,9.065656,0.00292875,0.17652375,-0.39817685,-35.79375,-2.5500002,-6.24375,sitting
241186725549000,-0.47852498,2.710844,8.95081,-0.063899994,0.16201311,-0.38899124,-35.756252,-2.625,-6.05625,sitting
241186745569000,-0.516807,2.710844,8.893387,-0.1283325,0.122741245,-0.34332937,-35.756252,-2.8312502,-5.925,sitting
241186765588000,-0.593371,2.729985,8.931669,-0.17772187,0.06642937,-0.27397123,-35.68125,-3.0937502,-5.64375,sitting
241186785608000,-0.689076,2.710844,9.046515,-0.20581125,0.00452625,-0.19516124,-35.625,-3.15,-5.775,sitting
241186805627000,-0.784781,2.729985,9.161361,-0.21433124,-0.05138625,-0.120345,-35.568752,-3.2062502,-5.7937503,sitting
241186825647000,-0.880486,2.710844,9.237925,-0.20874,-0.09278812,-0.062036246,-35.568752,-3.2062502,-5.8875003,sitting
241186845666000,-0.95704997,2.691703,9.295348,-0.19875562,-0.11408812,-0.029819999,-35.5875,-3.24375,-5.86875,sitting
241186865686000,-1.033614,2.6534212,9.314489,-0.17985187,-0.11062687,-0.019835625,-35.625,-3.2625,-5.86875,sitting
241186885705000,-1.071896,2.615139,9.33363,-0.20008686,-0.100109994,-0.035544373,-35.68125,-3.24375,-5.9437504,sitting
241186905725000,-1.110178,2.595998,9.33363,-0.26651624,-0.090924375,-0.064831875,-35.7,-3.1312501,-6.1125,sitting
241186925744000,-1.071896,2.6534212,9.276207,-0.34572563,-0.08027437,-0.083069995,-35.662502,-3.0375001,-6.1875005,sitting
241186945764000,-0.976191,2.710844,9.180502,-0.45022872,-0.077878125,-0.0889275,-35.68125,-3.0375001,-6.20625,sitting
241186965783000,-0.861345,2.729985,9.103938,-0.56764495,-0.08400187,-0.08160562,-35.737503,-3.0187502,-6.2250004,sitting
241186985803000,-0.803922,2.7491262,9.046515,-0.68372995,-0.09598312,-0.06403312,-35.8125,-3.16875,-6.05625,sitting
241187005822000,-0.803922,2.729985,8.931669,-0.7858369,-0.10889625,-0.03967125,-35.86875,-3.2062502,-6.0750003,sitting
241187025842000,-0.803922,2.729985,8.835964,-0.8655787,-0.11954624,-0.010117499,-35.831253,-3.24375,-6.0750003,sitting
241187045861000,-0.746499,2.7491262,8.797682,-0.92002684,-0.1272675,0.023030624,-35.756252,-3.2250001,-6.05625,sitting
241187065881000,-0.70821697,2.7491262,8.893387,-0.951045,-0.13352437,0.056844372,-35.71875,-3.3187501,-6.05625,sitting
241187085901000,-0.746499,2.7682672,9.008233,-0.96528935,-0.139515,0.08852812,-35.68125,-3.4125001,-5.9812503,sitting
241187105920000,-0.784781,2.7682672,9.046515,-0.9711468,-0.14417437,0.11595187,-35.662502,-3.2625,-5.8875003,sitting
241187125940000,-0.784781,2.787408,9.065656,-0.97593933,-0.14550562,0.13831687,-35.71875,-3.075,-5.925,sitting
241187145959000,-0.746499,2.7491262,9.065656,-0.98459244,-0.14204437,0.15429187,-35.8125,-2.8500001,-5.64375,sitting
241187165979000,-0.689076,2.710844,9.084797,-1.0003012,-0.13405687,0.16294499,-35.8875,-2.86875,-5.25,sitting
241187185998000,-0.612512,2.6725621,9.103938,-1.0243969,-0.12420562,0.16440937,-35.9625,-3.16875,-4.59375,sitting
241187206018000,-0.516807,2.6725621,9.065656,-1.0563469,-0.11595187,0.15961687,-35.9625,-3.3375,-3.6750002,sitting
241187226037000,-0.38282,2.691703,8.989092,-1.0960181,-0.1123575,0.1506975,-36.0,-3.54375,-2.775,sitting
241187246057000,-0.210551,2.710844,8.931669,-1.1432774,-0.11408812,0.14058,-35.98125,-3.6937501,-1.8937501,sitting
241187266076000,-0.019141,2.691703,8.874246,-1.1991899,-0.121010624,0.13205999,-36.018753,-3.8437502,-0.99375004,sitting
241187286096000,0.172269,2.729985,8.797682,-1.2644212,-0.13219312,0.12460499,-36.05625,-3.9375002,-0.1875,sitting
241187306115000,0.344538,2.7682672,8.587131,-1.338705,-0.14670375,0.11541937,-36.09375,-4.0875,0.69375,sitting
241187326135000,0.47852498,2.8831131,8.242593,-1.4191124,-0.16227937,0.100642495,-36.15,-4.2562504,1.3312501,sitting
241187346154000,0.593371,2.940536,7.878914,-1.5004518,-0.17532562,0.078543745,-36.075,-4.3500004,1.725,sitting
241187366174000,0.689076,2.8639722,7.725786,-1.575135,-0.18118311,0.049655624,-36.05625,-4.4812503,1.8750001,sitting
241187386194000,0.65079397,2.595998,7.917196,-1.6351743,-0.17492624,0.01570875,-36.112503,-4.6125,2.23125,sitting
241187406213000,0.535948,2.1940372,8.453144,-1.6745793,-0.15362625,-0.0218325,-36.1875,-4.74375,2.4,sitting
241187426233000,0.555089,1.983486,9.71645,-1.6897556,-0.11754937,-0.062036246,-36.2625,-4.93125,2.7562501,sitting
241187446252000,0.803922,2.0026271,10.807487,-1.6787062,-0.070556246,-0.10357124,-36.318752,-5.0062504,2.86875,sitting
241187466272000,1.071896,2.0983322,11.63055,-1.639168,-0.01677375,-0.14404124,-36.318752,-5.25,3.1312501,sitting
241187486291000,1.129319,2.3280241,11.362576,-1.5708749,0.03834,-0.18038437,-36.300003,-5.3812504,3.1875002,sitting
241187506311000,0.995332,2.347165,10.596936,-1.4751581,0.08959312,-0.20993812,-36.24375,-5.4375,3.1312501,sitting
241187526330000,0.937909,2.385447,9.735591,-1.355745,0.13166063,-0.23177062,-36.15,-5.4375,3.1125002,sitting
241187546350000,1.091037,2.366306,9.14222,-1.2170287,0.160815,-0.24588187,-36.09375,-5.34375,3.16875,sitting
241187566369000,1.225024,2.289742,9.027374,-1.066065,0.17612436,-0.25213873,-36.131252,-5.3812504,3.0937502,sitting
241187586389000,1.14846,2.155755,9.008233,-0.9117731,0.17985187,-0.2508075,-36.112503,-5.2312503,3.0187502,sitting
241187606408000,1.014473,2.021768,9.046515,-0.76466995,0.175725,-0.24335249,-36.16875,-5.2125,3.0187502,sitting
241187626428000,0.995332,1.9643451,9.14222,-0.64379245,0.15961687,-0.2209875,-36.112503,-5.1937504,3.075,sitting
241187646447000,0.976191,1.9643451,9.14222,-0.53609437,0.14896686,-0.20634374,-36.15,-5.4375,3.2250001,sitting
241187666467000,0.937909,1.9643451,9.084797,-0.4442381,0.13978125,-0.19396311,-36.16875,-5.5687504,3.3000002,sitting
241187686486000,0.937909,2.021768,9.065656,-0.37940624,0.11941312,-0.1656075,-36.24375,-5.68125,3.2812502,sitting
241187706506000,1.033614,2.0983322,9.14222,-0.3601031,0.0974475,-0.14404124,-36.206253,-5.64375,3.3187501,sitting
241187726526000,1.14846,2.1940372,9.237925,-0.37141874,0.06576375,-0.11635125,-36.075,-5.5875,3.43125,sitting
241187746545000,1.14846,2.270601,9.276207,-0.3771431,0.02343,-0.07481625,-36.037502,-5.5875,3.73125,sitting
241187766565000,1.205883,2.366306,9.123079,-0.3888581,-0.02635875,-0.027823124,-36.037502,-5.5875,4.2000003,sitting
241187786584000,1.186742,2.3088832,9.065656,-0.40163812,-0.081339374,0.022498123,-36.15,-5.71875,4.65,sitting
241187806604000,1.225024,2.232319,9.14222,-0.4128206,-0.14151187,0.07468312,-36.2625,-5.5875,4.70625,sitting
241187826623000,1.320729,2.174896,9.276207,-0.42040873,-0.20887312,0.1272675,-36.28125,-5.49375,4.33125,sitting
241187846643000,1.33987,2.25146,9.410194,-0.42320436,-0.2839556,0.17772187,-36.3375,-5.4187503,3.9,sitting
241187866662000,1.454716,2.347165,9.410194,-0.41987625,-0.36236623,0.22245187,-36.393753,-5.3250003,3.3937502,sitting
241187886682000,1.263306,2.3280241,9.352771,-0.4101581,-0.43478623,0.25852874,-36.393753,-5.4,3.05625,sitting
241187906701000,1.129319,2.1940372,9.33363,-0.3956475,-0.4916306,0.28342313,-36.375,-5.30625,2.71875,sitting
241187926721000,1.071896,2.0983322,9.295348,-0.37887374,-0.5230481,0.2944725,-36.393753,-5.15625,2.3812501,sitting
241187946740000,0.95704997,2.040909,9.180502,-0.36196685,-0.5206519,0.28874812,-36.375,-5.025,1.9125,sitting
241187966760000,0.727358,1.983486,9.027374,-0.34585872,-0.47964936,0.26491874,-36.43125,-4.6687503,1.5187501,sitting
241187986779000,0.459384,1.983486,8.778541,-0.33094874,-0.40177125,0.224715,-36.487503,-4.5,1.0875001,sitting
241188006799000,0.287115,1.9260631,8.56799,-0.31617185,-0.29633623,0.17266312,-36.6375,-4.2375,0.88125,sitting
241188026819000,0.229692,1.9069221,8.663695,-0.29886562,-0.17519249,0.11408812,-36.7125,-4.275,0.69375,sitting
241188046838000,0.32539698,1.8494991,9.008233,-0.27716625,-0.050054997,0.055113748,-36.787502,-4.2375,0.35625002,sitting
241188066858000,0.38282,1.7920761,9.314489,-0.25227186,0.070023745,0.001065,-36.787502,-4.1625004,0.0,sitting
241188086877000,0.612512,1.6389481,9.448476,-0.22791,0.17865375,-0.045262497,-36.825,-4.1625004,-0.5625,sitting
241188106897000,1.014473,1.48582,9.257066,-0.20874,0.27250686,-0.083602495,-36.825,-4.18125,-1.2750001,sitting
241188126916000,1.033614,1.9452041,8.835964,-0.19902186,0.3489206,-0.11488687,-36.862503,-4.5375004,-1.8937501,sitting
241188146936000,0.612512,2.4428701,8.472285,-0.20155124,0.40403435,-0.13938187,-36.881252,-4.74375,-2.625,sitting
241188166955000,-0.306256,2.8639722,8.434003,-0.2167275,0.43385437,-0.15482438,-36.91875,-4.93125,-3.05625,sitting
241188186975000,-0.880486,2.4428701,8.893387,-0.24162187,0.43598437,-0.15895124,-36.881252,-5.0437503,-3.5062501,sitting
241188206994000,-0.842204,1.7920761,9.659027,-0.26931188,0.41135624,-0.15083063,-36.91875,-5.1375003,-3.45,sitting
241188227014000,-0.440243,1.5815251,10.214116,-0.2919431,0.3643631,-0.13166063,-36.825,-5.3250003,-3.1312501,sitting
241188247033000,-0.057423,1.9069221,10.367244,-0.30272624,0.3025931,-0.10450312,-36.80625,-5.6062503,-2.7562501,sitting
241188267053000,-0.038282,2.366306,10.118411,-0.2976675,0.23443311,-0.073884375,-36.84375,-5.775,-2.0062501,sitting
241188287072000,-0.057423,2.6725621,9.544181,-0.27543563,0.16840312,-0.043665,-36.825,-5.83125,-1.48125,sitting
241188307092000,-0.0,2.615139,8.95081,-0.2369625,0.11089312,-0.016507499,-36.787502,-5.7000003,-0.99375004,sitting
241188327111000,0.344538,2.481152,8.529708,-0.18530999,0.06469875,0.0061237495,-36.75,-5.4750004,-0.75,sitting
241188347131000,0.861345,2.519434,8.453144,-0.124338746,0.029553749,0.0239625,-36.862503,-5.53125,-0.65625,sitting
241188367151000,1.3590109,2.6342802,8.56799,-0.058042496,0.0041268747,0.038206875,-36.9375,-5.7000003,-0.63750005,sitting
241188387170000,1.3590109,2.8639722,8.797682,0.00985125,-0.013578749,0.050454374,-37.050003,-5.7562504,-0.76875,sitting
241188407190000,1.091037,3.0936642,8.931669,0.07761187,-0.025426874,0.06177,-37.10625,-5.7000003,-1.125,sitting
241188427209000,0.803922,3.2276511,8.931669,0.14404124,-0.032748748,0.07255312,-37.21875,-5.5875,-1.2750001,sitting
241188447229000,0.612512,3.0936642,9.046515,0.20900624,-0.03594375,0.08173875,-37.237503,-5.5687504,-1.575,sitting
241188467248000,0.57423,2.710844,9.352771,0.27184123,-0.034479372,0.08879437,-37.3125,-5.6062503,-1.6875001,sitting
241188487268000,0.535948,2.25146,9.812155,0.33041623,-0.027024373,0.09225562,-37.2,-5.5875,-2.0625,sitting
241188507287000,0.535948,1.8303581,9.888719,0.38140312,-0.012513749,0.09012562,-37.237503,-5.4375,-2.4750001,sitting
241188527307000,0.593371,1.5623841,9.601604,0.41947687,0.009185624,0.08027437,-37.275,-5.45625,-2.8500001,sitting
241188547326000,0.593371,1.7346531,9.33363,0.439845,0.037408125,0.06150375,-37.3875,-5.4187503,-2.86875,sitting
241188567346000,0.421102,2.3088832,9.33363,0.4394456,0.071088746,0.035145,-37.518753,-5.5875,-2.8312502,sitting
241188587365000,0.38282,2.806549,9.410194,0.4170806,0.10929562,0.00426,-37.5,-5.86875,-2.5687501,sitting
241188607385000,0.363679,2.8639722,9.218784,0.3744806,0.14976563,-0.027823124,-37.4625,-6.1875005,-2.4750001,sitting
241188627404000,0.344538,2.347165,8.874246,0.31577247,0.18930374,-0.058441874,-37.48125,-6.39375,-2.5687501,sitting
241188647424000,0.344538,1.8494991,8.625413,0.24681374,0.22431561,-0.085865624,-37.48125,-6.3187504,-3.0187502,sitting
241188667444000,0.172269,1.8303581,8.510567,0.17466,0.252405,-0.109694995,-37.48125,-6.3187504,-3.73125,sitting
241188687463000,-0.076564,2.040909,8.740259,0.105701245,0.27330562,-0.13059562,-37.4625,-5.9625,-4.5750003,sitting
241188707483000,-0.535948,2.404588,9.237925,0.045661874,0.28848186,-0.14949937,-37.518753,-5.6625004,-5.2875004,sitting
241188727502000,-0.631653,2.3088832,9.831296,-0.0017306249,0.30006373,-0.16760437,-37.575,-5.15625,-5.775,sitting
241188747522000,-0.344538,2.25146,10.214116,-0.0346125,0.3105806,-0.18451124,-37.65,-4.6687503,-6.1312504,sitting
241188767541000,0.057423,2.0983322,10.271539,-0.053116873,0.32189623,-0.19902186,-37.74375,-4.3125,-6.2625003,sitting
241188787561000,0.153128,2.0791912,10.214116,-0.058175623,0.33560812,-0.21060374,-37.800003,-3.9375002,-6.4687505,sitting
241188807580000,-0.095705,2.155755,9.984424,-0.053383123,0.3509175,-0.21952312,-37.893753,-3.7125,-6.3750005,sitting
241188827600000,-0.38282,2.289742,9.601604,-0.043531872,0.36516187,-0.22671187,-37.95,-3.5812502,-6.1687503,sitting
241188847619000,-0.593371,2.481152,9.161361,-0.034213122,0.37474686,-0.23177062,-37.95,-3.35625,-6.0750003,sitting
241188867639000,-0.76564,2.710844,8.797682,-0.029686874,0.37687686,-0.23416686,-37.893753,-2.9625,-6.05625,sitting
241188887658000,-0.727358,2.844831,8.778541,-0.032748748,0.37008747,-0.23350124,-37.893753,-2.5500002,-6.1875005,sitting
241188907678000,-0.612512,2.8639722,8.989092,-0.044863123,0.35491124,-0.22950749,-37.85625,-2.23125,-6.5437503,sitting
241188927697000,-0.535948,2.7682672,9.33363,-0.066029996,0.33227998,-0.22178625,-37.85625,-1.8937501,-6.99375,sitting
241188947717000,-0.593371,2.595998,9.620745,-0.0942525,0.303525,-0.209805,-37.875,-1.5,-7.6125,sitting
241188967736000,-0.669935,2.462011,9.71645,-0.12793311,0.26718187,-0.19289812,-37.893753,-1.10625,-8.1,sitting
241188987756000,-0.65079397,2.3088832,9.735591,-0.16680562,0.21899062,-0.16960125,-37.875,-0.84375006,-8.418751,sitting
241189007776000,-0.555089,2.136614,9.735591,-0.20887312,0.15815249,-0.13978125,-37.800003,-0.46875003,-8.64375,sitting
241189027795000,-0.421102,1.9260631,9.71645,-0.24827811,0.08972625,-0.10530187,-37.631252,0.075,-8.94375,sitting
241189047815000,-0.248833,1.6389481,9.52504,-0.2780981,0.022231875,-0.070556246,-37.575,0.69375,-9.50625,sitting
241189067834000,-0.114846,1.48582,9.218784,-0.29420623,-0.039005622,-0.04020375,-37.5,1.25625,-10.06875,sitting
241189087854000,-0.038282,1.3326921,8.95081,-0.29527125,-0.08946,-0.0175725,-37.48125,1.7812501,-10.5,sitting
241189107873000,-0.076564,1.1412821,8.816823,-0.27916312,-0.122208744,-0.00426,-37.36875,2.34375,-10.78125,sitting
241189127893000,-0.0,0.9307311,8.797682,-0.24708,-0.12340687,-1.33125E-4,-37.29375,2.8312502,-10.950001,sitting
241189147912000,0.267974,0.6818981,8.797682,-0.21100311,-0.105435,-1.33125E-4,-37.068752,3.3375,-11.118751,sitting
241189167932000,0.689076,0.6053341,8.797682,-0.14523937,-0.086398125,-0.00852,-37.125,3.43125,-11.043751,sitting
241189187951000,1.110178,0.70103914,8.874246,-0.06563062,-0.057376873,-0.025027499,-37.10625,3.4687502,-10.89375,sitting
241189207971000,1.492998,0.9690131,9.008233,-0.00852,-0.02156625,-0.040869374,-37.143753,3.4125001,-10.8,sitting
241189227990000,1.550421,1.2944101,9.046515,0.039005622,0.011715,-0.054847497,-37.18125,3.5625002,-10.762501,sitting
241189248010000,1.435575,1.6963711,8.969951,0.072952494,0.040336873,-0.064964995,-37.256252,3.7687502,-10.725,sitting
241189268029000,1.110178,2.040909,8.893387,0.09065812,0.063899994,-0.07202062,-37.425003,3.9375002,-10.668751,sitting
241189288049000,0.784781,2.404588,9.123079,0.088395,0.068958744,-0.069491245,-37.612503,3.7500002,-10.5,sitting
241189308069000,0.593371,2.710844,9.697309,0.07481625,0.0867975,-0.07468312,-37.6875,3.5812502,-10.2375,sitting
241189328088000,0.47852498,2.8831131,10.405526,0.053516246,0.11608499,-0.088661246,-37.7625,3.3750002,-10.012501,sitting
241189348108000,0.32539698,2.8639722,10.769205,0.022498123,0.12633562,-0.09518437,-37.74375,3.3750002,-9.825001,sitting
241189368127000,0.095705,2.729985,10.769205,-0.008120624,0.13339125,-0.10024312,-37.725002,3.43125,-9.76875,sitting
241189388147000,-0.095705,2.615139,10.424667,-0.033414375,0.13658625,-0.10210687,-37.6875,3.43125,-9.543751,sitting
241189408166000,-0.19141,2.576857,9.888719,-0.040869374,0.1272675,-0.09465187,-37.66875,3.4125001,-9.543751,sitting
241189428186000,-0.133987,2.615139,9.429335,-0.0473925,0.12287437,-0.08972625,-37.706253,3.24375,-9.3,sitting
241189448205000,-0.019141,2.595998,9.103938,-0.053116873,0.11914687,-0.08559937,-37.706253,3.1125002,-9.337501,sitting
241189468225000,-0.019141,2.500293,8.874246,-0.045395624,0.101707496,-0.07308562,-37.725002,2.90625,-9.225,sitting
241189488244000,-0.114846,2.385447,8.663695,-0.038739372,0.086930625,-0.062435623,-37.706253,2.8500001,-9.150001,sitting
241189508264000,-0.287115,2.3280241,8.472285,-0.033014998,0.07428375,-0.05325,-37.706253,2.86875,-9.09375,sitting
241189528283000,-0.401961,2.347165,8.300016,-0.0282225,0.0633675,-0.045528747,-37.66875,3.0375001,-8.94375,sitting
241189548303000,-0.497666,2.404588,8.338298,-0.024095625,0.054181874,-0.0388725,-37.612503,3.2062502,-8.90625,sitting
241189568322000,-0.535948,2.481152,8.625413,-0.026225625,0.062302496,-0.037274998,-37.706253,3.3375,-8.925,sitting
241189588342000,-0.516807,2.481152,9.008233,-0.02795625,0.069225,-0.035810623,-37.706253,3.5062501,-9.13125,sitting
241189608361000,-0.459384,2.500293,9.295348,-0.042200625,0.06310125,-0.027556874,-37.706253,3.7687502,-9.525001,sitting
241189628381000,-0.440243,2.5577161,9.352771,-0.054181874,0.057909373,-0.020501249,-37.631252,3.9750001,-9.76875,sitting
241189648401000,-0.440243,2.6342802,9.295348,-0.046327498,0.049522497,-0.017439375,-37.48125,4.18125,-9.95625,sitting
241189668420000,-0.401961,2.729985,9.237925,-0.057909373,0.032216247,-0.0050587496,-37.275,4.2937503,-10.06875,sitting
241189688440000,-0.210551,2.82569,9.218784,-0.067760624,0.017439375,0.00559125,-37.125,4.6125,-10.425,sitting
241189708459000,0.076564,2.940536,9.180502,-0.057909373,0.014909999,0.0047925,-37.0125,5.025,-10.63125,sitting
241189728479000,0.363679,3.036241,9.027374,-0.049389374,0.0127799995,0.0041268747,-36.99375,5.34375,-10.837501,sitting
241189748498000,0.631653,3.151087,8.721118,-0.041002497,-0.011315624,0.01091625,-36.91875,5.68125,-10.96875,sitting
241189768518000,0.689076,3.170228,8.510567,-0.033946875,-0.031816874,0.01677375,-36.9375,5.7937503,-10.96875,sitting
241189788537000,0.669935,3.151087,8.682836,-0.028888123,-0.027157499,0.014377499,-36.881252,5.90625,-11.1,sitting
241189808557000,0.631653,3.0171,9.180502,-0.02795625,-0.0399375,0.027157499,-36.80625,6.0,-11.19375,sitting
241189828576000,0.65079397,2.844831,9.71645,-0.027157499,-0.050853748,0.038206875,-36.768753,6.1125,-11.512501,sitting
241189848596000,0.689076,2.729985,9.793014,-0.0356775,-0.059639998,0.04699312,-36.7125,6.2812505,-11.71875,sitting
241189868615000,0.65079397,2.615139,9.486758,-0.042999372,-0.06722812,0.054448124,-36.73125,6.4125004,-11.981251,sitting
241189888635000,0.535948,2.595998,9.103938,-0.053782497,-0.07202062,0.059506875,-36.7125,6.3375,-11.981251,sitting
241189908654000,0.440243,2.5577161,8.874246,-0.06310125,-0.07628062,0.063766874,-36.693752,6.2812505,-11.90625,sitting
241189928674000,0.497666,2.5385752,8.893387,-0.053915624,-0.06509812,0.054448124,-36.75,6.24375,-12.0,sitting
241189948694000,0.631653,2.519434,8.95081,-0.046061248,-0.05564625,0.046460625,-36.9,6.1125,-11.887501,sitting
241189968713000,0.669935,2.519434,8.95081,-0.06097125,-0.042200625,0.05617875,-37.0125,6.0937505,-11.83125,sitting
241189988733000,0.57423,2.576857,8.989092,-0.07361812,-0.030885,0.064432494,-37.0125,5.8875003,-11.55,sitting
241190008752000,0.306256,2.6342802,9.123079,-0.06296812,-0.02635875,0.055113748,-36.99375,5.925,-11.3625,sitting
241190028772000,0.076564,2.6725621,9.371912,-0.053782497,-0.022498123,0.04699312,-36.9,5.925,-11.34375,sitting
241190048791000,-0.019141,2.6534212,9.697309,-0.050853748,0.001464375,0.038206875,-36.9,5.9812503,-11.418751,sitting
241190068811000,0.019141,2.6534212,9.888719,-0.0484575,0.02209875,0.030751875,-36.9,6.0,-11.53125,sitting
241190088830000,0.172269,2.691703,9.888719,-0.041401874,0.018770624,0.026225625,-36.956253,6.0375004,-11.625,sitting
241190108850000,0.306256,2.7682672,9.678168,-0.051119998,0.02369625,0.0197025,-36.956253,6.0937505,-11.681251,sitting
241190128869000,0.401961,2.844831,9.371912,-0.059373748,0.02795625,0.014244375,-36.9,6.0375004,-11.681251,sitting
241190148889000,0.401961,2.8639722,9.084797,-0.0708225,0.025160624,0.012114375,-36.768753,6.05625,-11.71875,sitting
241190168908000,0.421102,2.8831131,8.931669,-0.08067375,0.022764374,0.010250624,-36.65625,6.05625,-11.887501,sitting
241190188928000,0.535948,2.921395,8.835964,-0.09025875,0.022365,0.012114375,-36.693752,6.1125,-11.887501,sitting
241190208947000,0.65079397,3.036241,8.835964,-0.09837937,0.02209875,0.0138449995,-36.80625,6.05625,-11.887501,sitting
241190228967000,0.727358,3.074523,8.912528,-0.08400187,0.018903749,0.011848125,-36.862503,5.86875,-11.8125,sitting
241190248986000,0.65079397,3.036241,9.065656,-0.09252187,0.019835625,0.015841875,-36.91875,5.775,-11.83125,sitting
241190269006000,0.459384,2.921395,9.218784,-0.09971062,0.020634374,0.019303124,-36.84375,5.53125,-11.700001,sitting
241190289026000,0.248833,2.806549,9.314489,-0.0852,0.0175725,0.016507499,-36.80625,5.4,-11.793751,sitting
241190309045000,0.095705,2.7682672,9.33363,-0.07268625,0.015043125,0.01411125,-36.862503,5.25,-11.793751,sitting
241190329065000,-0.019141,2.729985,9.33363,-0.062169373,0.0127799995,0.01198125,-36.84375,5.2125,-11.887501,sitting
241190349084000,-0.076564,2.691703,9.314489,-0.059373748,0.003860625,0.036476247,-36.862503,5.025,-11.981251,sitting
241190369104000,-0.095705,2.6342802,9.257066,-0.0569775,-0.003860625,0.05724375,-36.75,4.8562503,-12.13125,sitting
241190389123000,-0.114846,2.6342802,9.180502,-0.04872375,-0.003328125,0.048989996,-36.787502,4.70625,-12.3,sitting
241190409143000,-0.153128,2.6725621,9.027374,-0.045395624,-0.011448749,0.072286874,-36.80625,4.6687503,-12.262501,sitting
241190429162000,-0.172269,2.710844,8.931669,-0.042466875,-0.018504374,0.09225562,-36.91875,4.6687503,-12.168751,sitting
241190449182000,-0.153128,2.7682672,8.95081,-0.03621,-0.015841875,0.07881,-36.862503,4.6125,-12.13125,sitting
241190469201000,-0.076564,2.787408,9.027374,-0.03621,-0.028621875,0.10556812,-36.787502,4.6125,-12.225,sitting
241190489221000,-0.019141,2.787408,9.123079,-0.03621,-0.039538123,0.12859875,-36.675003,4.6687503,-12.4125,sitting
241190509240000,-0.019141,2.7682672,9.161361,-0.0346125,-0.046194375,0.13845,-36.65625,4.74375,-12.468751,sitting
241190529260000,-0.076564,2.7682672,9.180502,-0.033148125,-0.05191875,0.14683688,-36.73125,4.6687503,-12.4875,sitting
241190549279000,-0.095705,2.787408,9.218784,-0.031550623,-0.058841247,0.15043125,-36.84375,4.59375,-12.58125,sitting
241190569299000,-0.095705,2.844831,9.257066,-0.030219374,-0.064831875,0.15349312,-36.825,4.5375004,-12.637501,sitting
241190589319000,-0.076564,2.8831131,9.276207,-0.02582625,-0.055379998,0.13112812,-36.881252,4.6312504,-12.900001,sitting
241190609338000,-0.057423,2.902254,9.295348,-0.023030624,-0.0686925,0.14497311,-36.825,4.65,-13.125001,sitting
241190629358000,-0.038282,2.959677,9.314489,-0.020767499,-0.08000812,0.15682125,-36.825,4.6312504,-13.200001,sitting
241190649377000,-0.057423,3.055382,9.33363,-0.017705625,-0.068293124,0.13392374,-36.75,4.4625,-13.05,sitting
241190669397000,-0.019141,3.151087,9.352771,-0.016374374,-0.074017495,0.1432425,-36.80625,4.36875,-13.031251,sitting
241190689416000,0.038282,3.246792,9.391053,-0.01517625,-0.07894312,0.15122999,-36.768753,4.14375,-12.88125,sitting
241190709436000,0.133987,3.285074,9.429335,-0.012913125,-0.06736125,0.12913124,-36.7125,3.8625002,-12.993751,sitting
241190729455000,0.248833,3.285074,9.52504,-0.011049375,-0.057509996,0.11036062,-36.581253,3.6000001,-13.05,sitting
241190749475000,0.210551,3.1893692,9.582463,-0.022498123,-0.057110623,0.122741245,-36.581253,3.2812502,-12.975,sitting
241190769494000,0.019141,3.074523,9.544181,-0.032216247,-0.05671125,0.13325812,-36.54375,2.98125,-12.76875,sitting
241190789514000,-0.287115,2.959677,9.352771,-0.027556874,-0.0484575,0.11382187,-36.525,2.6625001,-12.562501,sitting
241190809533000,-0.593371,2.940536,9.084797,-0.023563124,-0.041268747,0.097181246,-36.581253,2.60625,-12.525001,sitting
241190829553000,-0.861345,2.8831131,8.7594,-0.0426,-0.032083124,0.10317187,-36.525,2.5687501,-12.50625,sitting
241190849572000,-0.995332,2.8639722,8.472285,-0.058841247,-0.024095625,0.10836375,-36.525,2.7,-12.6,sitting
241190869592000,-1.110178,2.844831,8.280875,-0.050188124,-0.020634374,0.09252187,-36.525,2.68125,-12.356251,sitting
241190889611000,-1.033614,2.8831131,8.280875,-0.04286625,-0.0175725,0.079076245,-36.46875,2.7562501,-12.243751,sitting
241190909631000,-0.918768,2.8639722,8.338298,-0.036609374,-0.015043125,0.06749437,-36.54375,2.8500001,-12.243751,sitting
241190929651000,-0.727358,2.844831,8.395721,-0.031284373,-0.0127799995,0.057643123,-36.600002,3.0937502,-12.31875,sitting
241190949670000,-0.555089,2.7682672,8.357439,-0.026758123,-0.01091625,0.049256247,-36.600002,3.2250001,-12.468751,sitting
241190969690000,-0.306256,2.7682672,8.319157,-0.033148125,-0.00772125,0.06642937,-36.6375,3.4125001,-12.468751,sitting
241190989709000,-0.038282,2.710844,8.357439,-0.03860625,-0.004925625,0.08093999,-36.6375,3.5062501,-12.4875,sitting
241191009729000,0.133987,2.691703,8.491426,-0.033014998,-0.0041268747,0.069225,-36.787502,3.6562502,-12.468751,sitting
241191029748000,0.19141,2.710844,8.740259,-0.028089374,-0.0035943747,0.059107497,-36.91875,3.7687502,-12.4125,sitting
241191049768000,0.153128,2.729985,9.046515,-0.0062568747,-0.0061237495,0.065896876,-37.068752,3.7687502,-12.262501,sitting
241191069787000,0.095705,2.82569,9.371912,0.012513749,-0.008386875,0.07162125,-37.143753,3.73125,-12.187501,sitting
241191089807000,0.076564,2.9979591,9.71645,0.01065,-0.0071887495,0.0612375,-37.125,3.7125,-11.962501,sitting
241191109826000,0.095705,3.131946,10.022706,0.0090525,-0.0061237495,0.052318122,-37.162502,3.6937501,-11.7375,sitting
241191129846000,0.095705,3.246792,10.194975,0.00772125,-0.0051918747,0.044596873,-37.10625,3.7687502,-11.793751,sitting
241191149865000,0.095705,3.265933,10.233257,5.325E-4,-0.020767499,0.04819125,-36.975002,3.7500002,-11.868751,sitting
241191169885000,0.076564,3.2276511,10.060988,-0.0057243747,-0.03408,0.05125312,-36.9375,3.8625002,-12.0,sitting
241191189904000,0.019141,3.170228,9.735591,-0.020234998,-0.04020375,0.041135624,-36.91875,4.0125003,-12.337501,sitting
241191209924000,-0.038282,3.0936642,9.257066,-0.032615624,-0.045528747,0.032482497,-36.862503,3.825,-12.262501,sitting
241191229944000,-0.019141,3.055382,8.816823,-0.04725937,-0.046593748,0.023563124,-36.825,3.7125,-12.262501,sitting
241191249963000,-0.0,3.055382,8.491426,-0.05977312,-0.047525622,0.015974998,-36.768753,3.525,-12.243751,sitting
241191269983000,-0.0,3.074523,8.300016,-0.050986875,-0.040603124,0.013578749,-36.6375,3.4687502,-12.225,sitting
241191290002000,-0.0,3.1128051,8.242593,-0.0633675,-0.033148125,0.009984375,-36.61875,3.4875002,-12.168751,sitting
241191310022000,-0.019141,3.151087,8.319157,-0.073884375,-0.026758123,0.0067893746,-36.65625,3.43125,-12.075001,sitting
241191330041000,-0.057423,3.151087,8.56799,-0.06310125,-0.022897499,0.0058575,-36.768753,3.43125,-11.90625,sitting
241191350061000,-0.095705,3.1128051,8.874246,-0.053915624,-0.019569375,0.004925625,-36.862503,3.4687502,-11.94375,sitting
241191370080000,-0.210551,3.0936642,9.123079,-0.046061248,-0.016640624,0.00426,-36.9375,3.6375,-11.94375,sitting
241191390100000,-0.344538,3.036241,9.218784,-0.039271872,-0.014244375,0.0035943747,-36.84375,3.80625,-12.01875,sitting
241191410119000,-0.421102,2.9979591,9.257066,-0.0335475,-0.012114375,0.0030618748,-36.768753,3.9750001,-12.075001,sitting
241191430139000,-0.459384,2.959677,9.237925,-0.028621875,-0.010383749,0.0026625,-36.768753,4.1062503,-12.187501,sitting
241191450158000,-0.497666,2.921395,9.199643,-0.024494998,-0.008919375,0.002263125,-36.65625,4.2937503,-12.450001,sitting
241191470178000,-0.516807,2.8831131,9.14222,-0.020900624,-0.007588125,0.0018637499,-36.7125,4.4812503,-12.525001,sitting
241191490197000,-0.459384,2.8639722,9.103938,-0.01783875,-0.006523125,0.0015974999,-36.581253,4.74375,-12.69375,sitting
241191510217000,-0.248833,2.902254,9.065656,-0.015309375,-0.00559125,0.001464375,-36.525,4.9125004,-12.69375,sitting
241191530236000,0.095705,2.9979591,9.046515,-0.0127799995,-0.025693124,0.007987499,-36.5625,5.175,-12.543751,sitting
241191550256000,0.363679,3.074523,9.027374,-0.01065,-0.042999372,0.013578749,-36.54375,5.1375003,-12.50625,sitting
241191570276000,0.516807,3.131946,9.008233,-0.0090525,-0.036742497,0.011581874,-36.600002,5.08125,-12.431251,sitting
241191590295000,0.47852498,3.151087,8.989092,-0.00772125,-0.031284373,0.00985125,-36.525,5.0625,-12.4875,sitting
241191610315000,0.344538,3.170228,9.008233,-0.01677375,-0.037674375,0.029287498,-36.487503,5.025,-12.4875,sitting
241191630334000,0.248833,3.2085102,9.027374,-0.024494998,-0.043265622,0.045794997,-36.525,5.0437503,-12.431251,sitting
241191650354000,0.19141,3.2276511,9.084797,-0.020900624,-0.036875624,0.03913875,-36.5625,5.0437503,-12.337501,sitting
241191670373000,0.172269,3.170228,9.161361,-0.01783875,-0.031550623,0.033414375,-36.65625,4.96875,-12.39375,sitting
241191690393000,0.133987,3.0936642,9.237925,-0.034745622,-0.018105,0.046194375,-36.61875,5.025,-12.375001,sitting
241191710412000,0.076564,2.9979591,9.295348,-0.049123123,-0.006523125,0.0569775,-36.693752,4.9500003,-12.356251,sitting
241191730432000,-0.0,2.921395,9.276207,-0.041934375,-0.00559125,0.04872375,-36.600002,5.0625,-12.468751,sitting
241191750451000,-0.019141,2.921395,9.237925,-0.050986875,0.00878625,0.048058122,-36.600002,5.08125,-12.525001,sitting
241191770471000,-0.019141,2.921395,9.199643,-0.058708124,0.021033749,0.04765875,-36.525,5.2312503,-12.806251,sitting
241191790490000,-0.0,2.940536,9.161361,-0.050054997,0.017971875,0.040736247,-36.487503,5.26875,-12.993751,sitting
241191810510000,-0.019141,2.959677,9.123079,-0.04273312,0.015309375,0.034745622,-36.45,5.2312503,-12.975,sitting
241191830529000,-0.057423,2.9788182,9.046515,-0.036476247,0.01304625,0.029686874,-36.375,5.1937504,-12.975,sitting
241191850549000,-0.095705,3.0171,9.027374,-0.031151248,0.0111825,0.025293749,-36.3375,5.1937504,-12.975,sitting
241191870569000,-0.095705,3.036241,9.084797,-0.026625,0.009585,0.021699375,-36.318752,5.3250003,-13.012501,sitting
241191890588000,-0.038282,3.0171,9.123079,-0.022764374,0.008120624,0.018504374,-36.43125,5.5125003,-13.087501,sitting
241191910608000,0.038282,3.0171,9.123079,-0.029154373,0.020234998,0.023296874,-36.43125,5.5875,-12.993751,sitting
241191930627000,0.095705,3.036241,9.065656,-0.034745622,0.030485624,0.027423749,-36.393753,5.5875,-13.05,sitting
241191950647000,0.153128,3.074523,8.95081,-0.029686874,0.0260925,0.02343,-36.35625,5.5875,-12.975,sitting
241191970666000,0.133987,3.0936642,8.893387,-0.025293749,0.022231875,0.020101875,-36.318752,5.6625004,-12.975,sitting
241191990686000,0.095705,3.0936642,8.874246,-0.02156625,0.019036874,0.017173124,-36.300003,5.7562504,-12.975,sitting
241192010705000,0.076564,3.074523,8.931669,-0.018504374,0.016241249,0.014643749,-36.2625,5.7375,-12.95625,sitting
241192030725000,0.076564,3.055382,8.989092,-0.037408125,0.011315624,-0.007588125,-36.28125,5.90625,-13.106251,sitting
241192050744000,0.095705,3.055382,9.027374,-0.053516246,0.0071887495,-0.026625,-36.3375,5.9625,-12.95625,sitting
241192070764000,0.114846,3.055382,9.046515,-0.045794997,0.0061237495,-0.022764374,-36.35625,6.0,-12.95625,sitting
241192090783000,0.114846,3.055382,9.065656,-0.039005622,0.0051918747,-0.01943625,-36.393753,5.8875003,-12.918751,sitting
241192110803000,0.095705,3.074523,9.065656,-0.033414375,0.00452625,-0.016507499,-36.393753,5.9437504,-13.05,sitting
241192130822000,0.076564,3.074523,9.065656,-0.02848875,0.003860625,-0.01411125,-36.393753,6.0,-13.14375,sitting
241192150842000,0.019141,3.0936642,9.046515,-0.024361875,0.003328125,-0.012114375,-36.3375,6.0750003,-13.106251,sitting
241192170861000,-0.019141,3.0936642,9.103938,-0.035278123,0.0061237495,-0.024628123,-36.206253,6.01875,-13.125001,sitting
241192190881000,-0.057423,3.036241,9.14222,-0.044596873,0.00852,-0.035278123,-36.131252,5.8125,-12.993751,sitting
241192210901000,-0.095705,2.9979591,9.161361,-0.03807375,0.0071887495,-0.03008625,-36.131252,5.68125,-13.05,sitting
241192230920000,-0.114846,2.959677,9.123079,-0.032482497,0.0061237495,-0.025693124,-36.16875,5.7000003,-12.993751,sitting
241192250940000,-0.114846,2.959677,9.046515,-0.027823124,0.005325,-0.021965625,-36.16875,5.68125,-13.031251,sitting
241192270959000,-0.076564,2.9979591,8.989092,-0.02369625,0.00452625,-0.018770624,-36.131252,5.7000003,-13.012501,sitting
241192290979000,0.019141,3.0171,8.95081,-0.020234998,0.003860625,-0.015974998,-36.075,5.7000003,-13.087501,sitting
241192310998000,0.095705,3.055382,8.989092,-0.01730625,0.003328125,-0.013711874,-36.037502,5.83125,-13.106251,sitting
241192331018000,0.095705,3.055382,9.103938,-0.039271872,-5.325E-4,-0.026758123,-36.112503,5.9625,-13.106251,sitting
241192351037000,0.038282,3.036241,9.257066,-0.058175623,-0.0037274999,-0.037807498,-36.131252,5.9625,-12.937501,sitting
241192371057000,-0.038282,3.0171,9.429335,-0.049655624,-0.0031949999,-0.032349374,-36.206253,6.0375004,-12.918751,sitting
241192391076000,-0.076564,3.0171,9.582463,-0.058841247,0.0039937496,-0.02635875,-36.112503,6.1312504,-12.88125,sitting
241192411096000,-0.057423,2.9788182,9.601604,-0.06669562,0.010250624,-0.021166874,-36.05625,6.1687503,-12.95625,sitting
241192431115000,-0.019141,2.940536,9.448476,-0.07095562,0.017173124,-0.019303124,-35.8875,6.1125,-12.975,sitting
241192451135000,0.057423,2.940536,9.103938,-0.074549995,0.023030624,-0.0175725,-35.850002,5.925,-12.8625,sitting
241192471154000,0.114846,2.9788182,8.721118,-0.077345625,0.032615624,-0.010250624,-35.831253,5.8500004,-12.88125,sitting
241192491174000,0.19141,3.074523,8.37658,-0.079608746,0.040736247,-0.0039937496,-35.8125,5.8500004,-12.825001,sitting
241192511194000,0.248833,3.131946,8.242593,-0.078543745,0.04819125,0.0057243747,-35.925003,5.83125,-12.8625,sitting
241192531213000,0.248833,3.170228,8.204311,-0.07761187,0.054581247,0.01411125,-35.925003,6.0,-12.825001,sitting
241192551233000,0.210551,3.131946,8.280875,-0.06629625,0.046593748,0.012114375,-35.98125,6.0937505,-12.918751,sitting
241192571252000,0.114846,3.055382,8.453144,-0.065896876,0.054980624,0.018105,-36.09375,6.20625,-12.937501,sitting
241192591272000,0.038282,2.940536,8.644554,-0.065497495,0.062302496,0.023163749,-36.28125,6.2625003,-12.918751,sitting
241192611291000,0.019141,2.8639722,8.893387,-0.0559125,0.05325,0.019835625,-36.375,6.4125004,-13.031251,sitting
241192631311000,0.019141,2.787408,9.123079,-0.057509996,0.056578122,0.014510624,-36.43125,6.5062504,-13.125001,sitting
241192651330000,0.038282,2.7682672,9.371912,-0.058974374,0.059373748,0.009984375,-36.46875,6.6000004,-13.25625,sitting
241192671350000,0.038282,2.787408,9.620745,-0.050321247,0.050720625,0.00852,-36.46875,6.5437503,-13.2375,sitting
241192691369000,0.038282,2.806549,9.773873,-0.05551312,0.049788747,-0.003860625,-36.412502,6.4687505,-13.14375,sitting
241192711389000,0.057423,2.8639722,9.773873,-0.059906248,0.049123123,-0.014377499,-36.3375,6.4125004,-13.125001,sitting
241192731408000,0.095705,2.8831131,9.659027,-0.051119998,0.041934375,-0.012247499,-36.225002,6.4500003,-13.14375,sitting
241192751428000,0.133987,2.8831131,9.467617,-0.057509996,0.041934375,-0.020501249,-36.24375,6.4125004,-13.14375,sitting
241192771447000,0.229692,2.8639722,9.314489,-0.062835,0.041801248,-0.027556874,-36.2625,6.4687505,-13.14375,sitting
241192791467000,0.287115,2.82569,9.14222,-0.053649373,0.0356775,-0.023563124,-36.225002,6.5625005,-13.087501,sitting
241192811486000,0.306256,2.806549,8.969951,-0.05977312,0.037807498,-0.02848875,-36.24375,6.6562505,-13.1625,sitting
241192831506000,0.32539698,2.806549,8.835964,-0.064964995,0.03967125,-0.032748748,-36.2625,6.8812504,-13.1625,sitting
241192851526000,0.344538,2.82569,8.778541,-0.05551312,0.03381375,-0.02795625,-36.300003,6.95625,-13.200001,sitting
241192871545000,0.401961,2.844831,8.855105,-0.06256875,0.041135624,-0.02422875,-36.375,6.9375005,-13.181251,sitting
241192891565000,0.440243,2.8831131,9.008233,-0.06855937,0.04725937,-0.020900624,-36.375,6.8812504,-13.106251,sitting
241192911584000,0.38282,2.902254,9.161361,-0.069890626,0.049655624,-0.021433124,-36.393753,6.80625,-12.937501,sitting
241192931604000,0.344538,2.921395,9.199643,-0.071088746,0.05178562,-0.0218325,-36.3375,6.7312503,-12.843751,sitting
241192951623000,0.344538,2.959677,9.199643,-0.07375125,0.054980624,-0.024361875,-36.35625,6.58125,-12.675,sitting
241192971643000,0.363679,2.940536,9.199643,-0.07601437,0.057776246,-0.026625,-36.412502,6.39375,-12.712501,sitting
241192991662000,0.344538,2.921395,9.237925,-0.079875,0.062302496,-0.024628123,-36.412502,6.39375,-12.637501,sitting
241193011682000,0.287115,2.8639722,9.295348,-0.083069995,0.06629625,-0.022897499,-36.43125,6.4875,-12.76875,sitting
241193031701000,0.229692,2.844831,9.314489,-0.08613187,0.06855937,-0.020634374,-36.43125,6.7125,-12.675,sitting
241193051721000,0.229692,2.844831,9.257066,-0.088661246,0.070556246,-0.018770624,-36.487503,6.80625,-12.637501,sitting
241193071740000,0.287115,2.844831,9.180502,-0.0878625,0.06855937,-0.018770624,-36.412502,6.8437505,-12.637501,sitting
241193091760000,0.32539698,2.8639722,9.103938,-0.08733,0.06696187,-0.018770624,-36.506252,6.7875004,-12.69375,sitting
241193111779000,0.363679,2.8639722,9.046515,-0.074549995,0.057110623,-0.015974998,-36.412502,6.7500005,-12.750001,sitting
241193131799000,0.344538,2.8639722,9.046515,-0.06363375,0.048856873,-0.013711874,-36.487503,6.6937504,-12.750001,sitting
241193151819000,0.306256,2.8639722,9.065656,-0.054314997,0.041668124,-0.011715,-36.46875,6.6375003,-12.900001,sitting
241193171838000,0.267974,2.8639722,9.103938,-0.046460625,0.0356775,-0.009984375,-36.54375,6.6000004,-12.937501,sitting
241193191858000,0.267974,2.8639722,9.161361,-0.06043875,0.03168375,0.002263125,-36.54375,6.4687505,-12.937501,sitting
241193211877000,0.32539698,2.8639722,9.199643,-0.07255312,0.028355625,0.0127799995,-36.487503,6.3750005,-12.806251,sitting
241193231897000,0.32539698,2.8639722,9.199643,-0.061903123,0.02422875,0.01091625,-36.487503,6.3562503,-12.656251,sitting
241193251916000,0.287115,2.844831,9.161361,-0.052850623,0.020767499,0.009318749,-36.54375,6.3562503,-12.675,sitting
241193271936000,0.229692,2.8639722,9.084797,-0.058574997,0.0105168745,0.0138449995,-36.54375,6.3562503,-12.69375,sitting
241193291955000,0.210551,2.8639722,9.027374,-0.06350062,0.0018637499,0.0175725,-36.581253,6.3375,-12.6,sitting
241193311975000,0.267974,2.8831131,8.969951,-0.054314997,0.0015974999,0.015043125,-36.506252,6.20625,-12.468751,sitting
241193331994000,0.32539698,2.902254,8.969951,-0.046327498,0.00133125,0.012913125,-36.600002,6.1125,-12.431251,sitting
241193352014000,0.32539698,2.902254,8.989092,-0.039538123,0.001065,0.011049375,-36.61875,5.9437504,-12.39375,sitting
241193372033000,0.287115,2.8831131,9.027374,-0.03381375,9.3187497E-4,0.009318749,-36.61875,5.83125,-12.6,sitting
241193392053000,0.210551,2.8831131,9.084797,-0.044996247,-0.008253749,7.9874997E-4,-36.5625,5.7000003,-12.431251,sitting
241193412072000,0.19141,2.8831131,9.123079,-0.054581247,-0.016108124,-0.006523125,-36.46875,5.7562504,-12.243751,sitting
241193432092000,0.19141,2.8831131,9.180502,-0.046726875,-0.0138449995,-0.005458125,-36.506252,5.83125,-12.075001,sitting
241193452111000,0.210551,2.8831131,9.237925,-0.039804373,-0.011848125,-0.0046593747,-36.412502,5.90625,-12.150001,sitting
241193472131000,0.248833,2.8639722,9.257066,-0.03408,-0.010117499,-0.0039937496,-36.487503,5.86875,-12.31875,sitting
241193492151000,0.248833,2.8639722,9.180502,-0.029021248,-0.008653125,-0.0034612499,-36.525,5.925,-12.4875,sitting
241193512170000,0.248833,2.902254,9.103938,-0.024894373,-0.0073218746,-0.00292875,-36.54375,6.0,-12.6,sitting
241193532190000,0.267974,2.940536,9.065656,-0.021166874,-0.0062568747,-0.0025293748,-36.5625,6.0750003,-12.525001,sitting
241193552209000,0.287115,2.9788182,9.14222,-0.018105,-0.005325,-0.00213,-36.5625,5.9437504,-12.4875,sitting
241193572229000,0.306256,2.959677,9.161361,-0.0154425,-0.00452625,-0.0018637499,-36.581253,5.8875003,-12.4125,sitting
241193592248000,0.267974,2.921395,9.103938,-0.013179375,-0.003860625,-0.0015974999,-36.675003,5.8125,-12.50625,sitting
241193612268000,0.229692,2.902254,9.008233,-0.011315624,-0.003328125,-0.00133125,-36.7125,5.9625,-12.525001,sitting
241193632287000,0.248833,2.8831131,8.95081,-0.02209875,-0.00878625,0.020634374,-36.768753,5.9812503,-12.58125,sitting
241193652307000,0.306256,2.8639722,8.969951,-0.0314175,-0.013445624,0.039538123,-36.693752,5.9812503,-12.675,sitting
241193672326000,0.344538,2.8639722,9.046515,-0.026891248,-0.011448749,0.033680625,-36.693752,5.9625,-12.675,sitting
241193692346000,0.287115,2.8831131,9.161361,-0.022897499,-0.00985125,0.028754998,-36.7125,5.775,-12.618751,sitting
241193712365000,0.210551,2.902254,9.237925,-0.019569375,-0.008386875,0.024628123,-36.693752,5.71875,-12.76875,sitting
241193732385000,0.133987,2.940536,9.314489,-0.01677375,-0.0071887495,0.021033749,-36.7125,5.625,-12.900001,sitting
241193752404000,0.153128,2.959677,9.295348,-0.014244375,-0.0061237495,0.017971875,-36.6375,5.4375,-12.937501,sitting
241193772424000,0.19141,2.940536,9.199643,-0.012247499,-0.0051918747,0.015309375,-36.61875,5.26875,-12.76875,sitting
241193792444000,0.19141,2.902254,9.046515,-0.010383749,-0.00452625,0.01304625,-36.6375,5.025,-12.58125,sitting
241193812463000,0.114846,2.844831,8.95081,-0.008919375,-0.003860625,0.0111825,-36.61875,5.08125,-12.543751,sitting
241193832483000,-0.0,2.787408,8.893387,-0.007588125,-0.0031949999,0.009585,-36.7125,5.1375003,-12.543751,sitting
241193852502000,-0.114846,2.787408,8.893387,-0.006523125,-0.002795625,0.008120624,-36.7125,5.3250003,-12.656251,sitting
241193872522000,-0.019141,2.787408,8.931669,-0.01304625,-0.020234998,0.01517625,-36.73125,5.26875,-12.50625,sitting
241193892541000,0.095705,2.82569,8.969951,-0.018770624,-0.035011873,0.0213,-36.73125,5.30625,-12.543751,sitting
241193912561000,0.210551,2.82569,9.14222,-0.015974998,-0.029953124,0.018105,-36.768753,5.15625,-12.562501,sitting
241193932580000,0.19141,2.806549,9.33363,-0.031949997,-0.033148125,0.019036874,-36.84375,5.1375003,-12.69375,sitting
241193952600000,0.076564,2.729985,9.448476,-0.045661874,-0.03594375,0.019835625,-36.825,5.175,-12.7875,sitting
241193972619000,-0.019141,2.710844,9.410194,-0.039005622,-0.030751875,0.016906874,-36.80625,5.25,-12.7875,sitting
241193992639000,0.019141,2.710844,9.257066,-0.033281248,-0.026225625,0.014377499,-36.75,5.2125,-12.675,sitting
241194012658000,0.114846,2.7491262,9.14222,-0.02848875,-0.022365,0.012380624,-36.6375,5.15625,-12.58125,sitting
241194032678000,0.287115,2.787408,9.103938,-0.02422875,-0.01917,0.0105168745,-36.65625,5.025,-12.356251,sitting
241194052697000,0.363679,2.787408,9.103938,-0.020767499,-0.016374374,0.0090525,-36.5625,4.875,-12.31875,sitting
241194072717000,0.32539698,2.82569,9.084797,-0.0111825,0.0037274999,0.007987499,-36.525,4.7250004,-12.337501,sitting
241194092736000,0.248833,2.8639722,9.065656,-0.0030618748,0.020767499,0.0071887495,-36.506252,4.7250004,-12.50625,sitting
241194112756000,0.172269,2.921395,9.103938,0.015974998,0.021433124,0.0061237495,-36.581253,4.59375,-12.4875,sitting
241194132776000,0.210551,2.902254,9.199643,0.032349374,0.021965625,0.0051918747,-36.75,4.6312504,-12.50625,sitting
241194152795000,0.267974,2.8639722,9.218784,0.027556874,0.018770624,0.004393125,-36.862503,4.74375,-12.450001,sitting
241194172815000,0.32539698,2.8831131,9.14222,0.043798123,0.00852,0.014776874,-36.73125,4.8562503,-12.39375,sitting
241194192834000,0.401961,2.9788182,9.046515,0.057509996,-2.6625E-4,0.023563124,-36.75,4.8375,-12.31875,sitting
241194212854000,0.401961,3.036241,8.95081,0.049123123,-1.33125E-4,0.020101875,-36.7125,4.59375,-12.075001,sitting
241194232873000,0.344538,3.036241,8.95081,0.046460625,-0.01570875,0.029819999,-36.73125,4.36875,-12.0,sitting
241194252893000,0.267974,2.9788182,8.989092,0.0441975,-0.029021248,0.038206875,-36.61875,4.2375,-11.962501,sitting
241194272912000,0.19141,2.921395,9.046515,0.037674375,-0.024761248,0.032615624,-36.5625,4.1062503,-11.981251,sitting
241194292932000,0.133987,2.902254,9.123079,0.032216247,-0.021166874,0.027823124,-36.61875,4.0875,-12.01875,sitting
241194312951000,0.114846,2.902254,9.180502,0.027556874,-0.018105,0.023829374,-36.675003,4.0875,-12.13125,sitting
241194332971000,0.095705,2.902254,9.218784,0.019835625,-0.03408,0.026891248,-36.675003,4.14375,-12.243751,sitting
241194352990000,0.038282,2.902254,9.218784,0.0133125,-0.047791872,0.029686874,-36.61875,4.21875,-12.39375,sitting
241194373010000,-0.038282,2.8831131,9.199643,0.011315624,-0.040869374,0.025293749,-36.693752,4.2375,-12.50625,sitting
241194393029000,-0.095705,2.844831,9.199643,0.009718125,-0.03487875,0.021699375,-36.75,4.18125,-12.50625,sitting
241194413049000,-0.038282,2.844831,9.237925,0.008253749,-0.029819999,0.018504374,-36.768753,4.05,-12.4125,sitting
241194433069000,0.076564,2.8831131,9.257066,-0.00665625,-0.014377499,0.028621875,-36.7125,3.9562502,-12.281251,sitting
241194453088000,0.133987,2.921395,9.180502,-0.019303124,-0.00133125,0.037141874,-36.65625,3.9,-12.337501,sitting
241194473108000,0.133987,2.940536,9.008233,-0.016507499,-0.001065,0.031816874,-36.6375,3.8812501,-12.3,sitting
241194493127000,0.095705,2.940536,8.855105,-0.024761248,0.015575624,0.020368123,-36.693752,3.9375002,-12.262501,sitting
241194513147000,0.057423,2.940536,8.816823,-0.03168375,0.029686874,0.01065,-36.675003,3.8625002,-12.075001,sitting
241194533166000,0.019141,2.921395,8.874246,-0.027024373,0.025426874,0.0090525,-36.65625,4.0687504,-12.20625,sitting
241194553186000,-0.019141,2.902254,8.95081,-0.03381375,0.032615624,-0.007588125,-36.675003,3.99375,-12.3,sitting
241194573205000,-0.057423,2.8831131,9.046515,-0.03967125,0.0388725,-0.021699375,-36.73125,4.05,-12.525001,sitting
241194593225000,-0.038282,2.844831,9.14222,-0.033946875,0.033148125,-0.018637499,-36.75,4.03125,-12.69375,sitting
241194613244000,-0.038282,2.82569,9.199643,-0.029021248,0.028355625,-0.015841875,-36.693752,4.125,-12.76875,sitting
241194633264000,-0.038282,2.844831,9.257066,-0.024761248,0.02422875,-0.013578749,-36.693752,4.125,-12.918751,sitting
241194653283000,-0.095705,2.844831,9.237925,-0.021166874,0.020634374,-0.011581874,-36.65625,4.2000003,-12.937501,sitting
241194673303000,-0.114846,2.844831,9.199643,0.0017306249,0.005990625,-0.013978125,-36.65625,4.1625004,-12.975,sitting
241194693322000,-0.095705,2.844831,9.199643,0.021433124,-0.00665625,-0.016108124,-36.581253,4.14375,-12.843751,sitting
241194713342000,-0.019141,2.8831131,9.199643,0.018238124,-0.0057243747,-0.013711874,-36.525,3.9750001,-12.618751,sitting
241194733361000,0.038282,2.921395,9.180502,0.029953124,-0.018238124,-0.009585,-36.525,3.825,-12.468751,sitting
241194753381000,-0.0,2.921395,9.103938,0.039804373,-0.028888123,-0.005990625,-36.506252,3.7875001,-12.31875,sitting
241194773401000,-0.019141,2.921395,9.027374,0.03408,-0.024761248,-0.0050587496,-36.600002,3.73125,-12.4125,sitting
241194793420000,-0.0,2.902254,9.008233,0.029021248,-0.021166874,-0.004393125,-36.600002,3.7875001,-12.525001,sitting
241194813440000,0.057423,2.902254,8.989092,0.024761248,-0.017971875,-0.0037274999,-36.61875,3.8625002,-12.637501,sitting
241194833459000,0.076564,2.940536,8.969951,0.021166874,-0.0154425,-0.0031949999,-36.600002,3.8812501,-12.58125,sitting
241194853479000,0.057423,2.959677,8.969951,0.018105,-0.013179375,-0.0026625,-36.61875,3.8812501,-12.69375,sitting
241194873498000,-0.0,2.940536,9.027374,0.0154425,-0.0111825,-0.002263125,-36.61875,3.80625,-12.750001,sitting
241194903505000,-0.019141,2.921395,9.084797,0.013179375,-0.009585,-0.0019968748,-36.693752,3.91875,-12.900001,sitting
241194923524000,-0.0,2.921395,9.14222,0.011315624,-0.008253749,-0.0017306249,-36.7125,3.8812501,-12.88125,sitting
241194943544000,-0.0,2.902254,9.161361,0.009585,-0.007055625,-0.001464375,-36.693752,3.9750001,-12.825001,sitting
241194963564000,-0.057423,2.844831,9.180502,0.008253749,-0.005990625,-0.001198125,-36.75,3.99375,-12.731251,sitting
241194983583000,-0.153128,2.82569,9.180502,0.00239625,-0.00852,0.02422875,-36.75,3.9375002,-12.731251,sitting
241195003603000,-0.172269,2.82569,9.161361,-0.0026625,-0.0105168745,0.046061248,-36.73125,4.0125003,-12.76875,sitting
241195023622000,-0.133987,2.8639722,9.14222,-0.002263125,-0.0090525,0.039271872,-36.768753,3.99375,-12.8625,sitting
241195043642000,-0.057423,2.902254,9.084797,-0.0019968748,-0.00772125,0.0335475,-36.75,3.91875,-12.8625,sitting
241195063661000,-0.019141,2.921395,9.027374,-0.0017306249,-0.006523125,0.028621875,-36.768753,3.8812501,-12.900001,sitting
241195083681000,0.019141,2.921395,9.027374,-0.001464375,-0.00559125,0.024494998,-36.75,3.6937501,-12.95625,sitting
241195103700000,0.019141,2.921395,9.027374,-0.001198125,-0.0047925,0.020900624,-36.73125,3.6750002,-12.937501,sitting
241195123720000,-0.019141,2.902254,9.065656,0.0017306249,-0.0071887495,0.039271872,-36.61875,3.6562502,-12.8625,sitting
241195143739000,-0.019141,2.902254,9.103938,0.00426,-0.009185624,0.054980624,-36.581253,3.7500002,-12.750001,sitting
241195163759000,0.019141,2.921395,9.14222,0.0035943747,-0.007854375,0.04699312,-36.61875,3.8625002,-12.675,sitting
241195183778000,0.019141,2.921395,9.14222,0.0030618748,-0.0067893746,0.040070623,-36.61875,3.7687502,-12.618751,sitting
241195203798000,-0.019141,2.902254,9.084797,0.0026625,-0.0057243747,0.034213122,-36.65625,3.6562502,-12.69375,sitting
241195223817000,-0.076564,2.8831131,9.027374,0.002263125,-0.004925625,0.029287498,-36.675003,3.61875,-12.7875,sitting
241195243837000,-0.114846,2.8639722,9.027374,0.0018637499,-0.00426,0.025027499,-36.65625,3.6562502,-12.975,sitting
241195263856000,-0.095705,2.844831,9.103938,0.0015974999,-0.0035943747,0.0213,-36.675003,3.7687502,-13.05,sitting
241195283876000,-0.057423,2.8639722,9.14222,0.001464375,-0.0030618748,0.018238124,-36.61875,3.99375,-13.05,sitting
241195303896000,-0.038282,2.8639722,9.199643,0.001198125,-0.0026625,0.015575624,-36.581253,3.8437502,-12.937501,sitting
241195323915000,-0.019141,2.8831131,9.199643,0.001065,-0.002263125,0.0133125,-36.5625,3.825,-13.012501,sitting
241195343935000,-0.038282,2.8831131,9.180502,9.3187497E-4,-0.0018637499,0.011315624,-36.61875,3.6000001,-13.012501,sitting
241195363954000,-0.133987,2.8831131,9.199643,7.9874997E-4,-0.0015974999,0.009718125,-36.581253,3.7125,-13.1625,sitting
241195383974000,-0.172269,2.8831131,9.180502,6.65625E-4,-0.00133125,0.008253749,-36.46875,3.80625,-13.181251,sitting
241195403993000,-0.153128,2.902254,9.180502,-0.013445624,0.00239625,0.031018123,-36.3375,3.7125,-13.218751,sitting
241195424013000,-0.133987,2.902254,9.065656,-0.025426874,0.00559125,0.050321247,-36.3375,3.5625002,-13.181251,sitting
241195444032000,-0.114846,2.902254,8.95081,-0.021699375,0.0047925,0.042999372,-36.46875,3.5625002,-13.2375,sitting
241195464052000,-0.076564,2.940536,8.912528,-0.018504374,0.0039937496,0.036742497,-36.581253,3.6562502,-13.425,sitting
241195484071000,-0.057423,2.940536,8.989092,-0.02635875,0.020900624,0.0346125,-36.65625,3.8625002,-13.368751,sitting
241195504091000,-0.057423,2.921395,9.084797,-0.033014998,0.03541125,0.032748748,-36.6375,3.8812501,-13.25625,sitting
241195524110000,-0.133987,2.921395,9.14222,-0.0282225,0.030219374,0.02795625,-36.61875,3.91875,-13.25625,sitting
241195544130000,-0.153128,2.8831131,9.161361,-0.024095625,0.02582625,0.023829374,-36.581253,3.99375,-13.181251,sitting
241195564149000,-0.133987,2.8639722,9.161361,-0.036343124,0.0314175,0.02369625,-36.54375,3.99375,-13.125001,sitting
241195584169000,-0.095705,2.82569,9.199643,-0.04686,0.03621,0.023563124,-36.581253,4.03125,-13.125001,sitting
241195604189000,-0.133987,2.806549,9.257066,-0.0399375,0.031018123,0.020101875,-36.600002,3.99375,-13.200001,sitting
241195624208000,-0.153128,2.806549,9.257066,-0.03408,0.026491875,0.017173124,-36.61875,3.8812501,-13.06875,sitting
241195644228000,-0.172269,2.82569,9.161361,-0.04339875,0.016241249,0.029021248,-36.54375,3.825,-13.031251,sitting
241195664247000,-0.172269,2.844831,9.027374,-0.05125312,0.0074549997,0.03913875,-36.581253,3.8812501,-12.993751,sitting
241195684267000,-0.114846,2.902254,8.931669,-0.043798123,0.0063899998,0.033414375,-36.6375,4.05,-12.975,sitting
241195704286000,-0.038282,2.940536,8.893387,-0.037408125,0.005458125,0.02848875,-36.693752,4.14375,-12.937501,sitting
241195724306000,0.038282,2.959677,8.95081,-0.031284373,-0.01570875,0.035278123,-36.825,4.0875,-12.750001,sitting
241195744325000,0.057423,2.9788182,9.046515,-0.0260925,-0.033680625,0.041135624,-36.84375,3.91875,-12.543751,sitting
241195764345000,0.038282,2.9788182,9.180502,-0.022231875,-0.028754998,0.035145,-36.787502,3.80625,-12.562501,sitting
241195784364000,0.038282,2.959677,9.276207,-0.019036874,-0.024628123,0.029953124,-36.73125,3.7687502,-12.525001,sitting
241195804384000,0.019141,2.959677,9.295348,-0.016241249,-0.021033749,0.025693124,-36.675003,3.6750002,-12.525001,sitting
241195824403000,-0.038282,2.940536,9.199643,-0.0138449995,-0.017971875,0.0218325,-36.65625,3.73125,-12.50625,sitting
241195844423000,-0.095705,2.940536,9.084797,-0.011848125,-0.015309375,0.018637499,-36.6375,3.7125,-12.4125,sitting
241195864442000,-0.076564,2.921395,9.008233,-0.010117499,-0.01304625,0.015974998,-36.61875,3.7500002,-12.4875,sitting
241195884462000,-0.0,2.902254,8.969951,-0.023563124,-0.010783125,0.037674375,-36.5625,3.7500002,-12.50625,sitting
241195904481000,0.038282,2.8831131,8.95081,-0.03487875,-0.008919375,0.05617875,-36.581253,3.6000001,-12.543751,sitting
241195924501000,0.057423,2.8831131,8.874246,-0.029819999,-0.007588125,0.048058122,-36.581253,3.61875,-12.468751,sitting
241195944521000,0.057423,2.902254,8.874246,-0.025426874,-0.006523125,0.041002497,-36.693752,3.5625002,-12.431251,sitting
241195964540000,0.095705,2.940536,9.008233,-0.021699375,-0.005458125,0.035011873,-36.768753,3.5812502,-12.187501,sitting
241195984560000,0.172269,2.940536,9.161361,-0.018637499,-0.0046593747,0.029953124,-36.881252,3.61875,-12.01875,sitting
241196004579000,0.210551,2.902254,9.314489,-0.015575624,0.016906874,0.027024373,-36.9375,3.6750002,-11.981251,sitting
241196024599000,0.229692,2.844831,9.33363,-0.01304625,0.03541125,0.024628123,-37.03125,3.6937501,-11.925,sitting
241196044618000,0.267974,2.806549,9.218784,-0.011049375,0.030219374,0.021033749,-37.068752,3.6750002,-11.7375,sitting
241196064638000,0.363679,2.844831,9.065656,-0.0094518745,0.02582625,0.017971875,-37.068752,3.6562502,-11.64375,sitting
241196084657000,0.57423,2.844831,9.103938,-0.008120624,0.02209875,0.015309375,-37.2,3.6937501,-11.64375,sitting
241196104677000,0.861345,2.844831,9.563322,-0.0069224997,0.018770624,0.01304625,-37.331253,3.7500002,-11.64375,sitting
241196124696000,1.225024,2.82569,10.462949,-0.0058575,0.016108124,0.0111825,-37.350002,3.61875,-11.493751,sitting
241196144716000,1.3590109,2.710844,11.362576,-0.0175725,0.03061875,0.01943625,-37.3125,3.3375,-11.2875,sitting
241196164735000,1.186742,2.5385752,11.860242,-0.027556874,0.0431325,0.026491875,-37.162502,2.8312502,-11.1,sitting
241196184755000,0.784781,2.347165,11.63055,-0.023563124,0.036742497,0.022631248,-37.03125,2.325,-10.837501,sitting
241196204774000,0.306256,2.232319,10.960615,-0.023829374,0.050587498,0.023563124,-37.0125,1.9125,-10.650001,sitting
241196224794000,0.306256,2.289742,10.6735,-0.024095625,0.062435623,0.024361875,-36.9375,1.44375,-10.425,sitting
241196244814000,0.267974,2.4428701,10.214116,-0.020634374,0.053383123,0.020900624,-36.91875,1.10625,-9.9375,sitting
241196264833000,0.306256,2.710844,9.601604,-0.018637499,0.070023745,0.029420624,-36.84375,0.82500005,-9.58125,sitting
241196284853000,0.057423,2.844831,8.472285,-0.01704,0.08426812,0.036742497,-36.84375,0.65625,-9.13125,sitting
241196304872000,-0.038282,2.787408,7.400389,-0.014510624,0.07202062,0.0314175,-36.80625,0.5625,-8.94375,sitting
241196324892000,-0.248833,2.5577161,6.998428,-0.012114375,0.082537495,0.036609374,-36.9375,0.45000002,-8.775001,sitting
241196344911000,-0.421102,2.385447,7.285543,-0.009984375,0.091589995,0.041002497,-36.9375,0.3,-8.512501,sitting
241196364931000,-0.70821697,2.270601,7.630081,-0.00852,0.07814437,0.035011873,-37.0125,0.13125001,-8.418751,sitting
241196384950000,-1.129319,2.174896,8.070324,-0.0073218746,0.06682875,0.029953124,-36.956253,0.056250002,-8.34375,sitting
241196404970000,-1.4738569,2.0791912,8.778541,0.0067893746,0.054048747,0.055246875,-36.84375,-0.0375,-8.475,sitting
241196424989000,-1.703549,1.983486,10.118411,0.018770624,0.0431325,0.07694624,-36.7125,0.112500004,-8.775001,sitting
241196445009000,-1.684408,2.021768,11.132884,0.032748748,0.019303124,0.0846675,-36.581253,0.22500001,-8.775001,sitting
241196465028000,-1.492998,2.270601,10.788346,0.044863123,-0.001065,0.09132375,-36.506252,0.58125,-8.83125,sitting
241196485048000,-1.167601,2.615139,9.52504,0.057509996,-0.01517625,0.09411937,-36.45,0.90000004,-8.71875,sitting
241196505067000,-0.70821697,2.940536,8.127747,0.068293124,-0.027157499,0.0963825,-36.487503,1.3125,-8.868751,sitting
241196525087000,-0.363679,3.055382,7.706645,0.058308747,-0.023163749,0.082404375,-36.393753,1.5375,-9.262501,sitting
241196545106000,-0.267974,3.074523,7.859773,0.049788747,-0.019835625,0.07029,-36.28125,1.5562501,-9.637501,sitting
241196565126000,-0.421102,3.055382,8.242593,0.057509996,-0.009185624,0.08093999,-36.15,1.5562501,-9.731251,sitting
241196585146000,-0.842204,2.940536,8.797682,0.06416625,-1.33125E-4,0.089859374,-35.98125,1.5375,-9.8625,sitting
241196605165000,-1.014473,2.806549,9.237925,0.039405,0.007588125,0.08453437,-35.9625,1.7437501,-10.03125,sitting
241196625185000,-1.071896,2.806549,9.295348,0.018371249,0.01411125,0.08000812,-36.018753,1.725,-10.06875,sitting
241196645204000,-0.95704997,2.940536,8.931669,-0.0111825,0.0067893746,0.079608746,-36.09375,1.8375001,-10.087501,sitting
241196665224000,-0.823063,2.9979591,8.529708,-0.052584372,-0.00772125,0.0857325,-35.98125,1.81875,-10.14375,sitting
241196685243000,-0.70821697,2.902254,8.721118,-0.078410625,-0.024761248,0.08719687,-35.8875,1.9875001,-10.25625,sitting
241196705263000,-0.823063,2.595998,9.257066,-0.10184062,-0.042067498,0.090391874,-35.71875,2.1937501,-10.5375,sitting
241196725282000,-0.861345,2.481152,9.754732,-0.121676244,-0.057643123,0.09345375,-35.737503,2.4375,-10.44375,sitting
241196745302000,-0.842204,2.3280241,9.850437,-0.13711874,-0.0708225,0.095450625,-35.737503,2.6437502,-10.293751,sitting
241196765321000,-0.65079397,2.366306,9.563322,-0.14776875,-0.08120625,0.097713746,-35.68125,2.8312502,-9.806251,sitting
241196785341000,-0.459384,2.5577161,9.352771,-0.15322687,-0.088128746,0.10250624,-35.643753,2.9437501,-9.31875,sitting
241196805360000,-0.401961,2.8831131,9.410194,-0.1432425,-0.08400187,0.09797999,-35.625,3.2250001,-8.868751,sitting
241196825380000,-0.32539698,3.055382,9.486758,-0.14071313,-0.0846675,0.10982812,-35.737503,3.43125,-8.26875,sitting
241196845399000,-0.038282,2.959677,9.14222,-0.13858312,-0.0852,0.119812496,-35.831253,3.61875,-7.7625003,sitting
241196865419000,0.401961,2.6342802,8.453144,-0.11834812,-0.072819375,0.10237312,-35.850002,3.7500002,-7.4812503,sitting
241196885439000,0.899627,2.404588,8.032042,-0.09185625,-0.06669562,0.11355562,-35.850002,3.7125,-7.4437504,sitting
241196905458000,1.205883,2.25146,8.070324,-0.051119998,-0.05577937,0.12646875,-35.71875,3.6937501,-7.74375,sitting
241196925478000,1.186742,2.347165,8.472285,-0.00239625,-0.031949997,0.11302312,-35.625,3.43125,-8.025001,sitting
241196945497000,0.803922,2.6725621,8.816823,0.047925,-0.003328125,0.098911874,-35.5125,2.9625,-8.025001,sitting
241196965517000,0.306256,3.0936642,8.778541,0.096116245,0.027556874,0.08613187,-35.5125,2.60625,-8.212501,sitting
241196985536000,-0.210551,3.59133,8.56799,0.13805062,0.058175623,0.07707937,-35.53125,2.25,-8.175,sitting
241197005556000,-0.38282,3.687035,8.434003,0.1677375,0.08666437,0.07162125,-35.60625,2.1000001,-8.400001,sitting
241197025575000,-0.421102,3.629612,8.395721,0.17918624,0.1123575,0.06802687,-35.5875,2.0812502,-8.925,sitting
241197045595000,-0.344538,3.5339072,8.548849,0.169335,0.13405687,0.063234374,-35.5125,2.2125,-9.450001,sitting
241197065614000,-0.497666,3.495625,8.893387,0.13831687,0.15003186,0.0559125,-35.362503,2.4375,-10.03125,sitting
241197085634000,-0.727358,3.572189,9.352771,0.08879437,0.15815249,0.0473925,-35.362503,2.5500002,-10.275001,sitting
241197105653000,-0.803922,3.629612,9.735591,0.0239625,0.15668812,0.039538123,-35.23125,2.625,-10.1625,sitting
241197125673000,-0.880486,3.495625,9.448476,-0.052185,0.14523937,0.03381375,-35.268753,2.79375,-10.200001,sitting
241197145692000,-0.47852498,3.265933,8.912528,-0.13352437,0.123806246,0.030485624,-35.193752,2.8875,-10.1625,sitting
241197165712000,-0.555089,3.036241,8.529708,-0.21286687,0.09305437,0.029819999,-35.193752,2.9437501,-10.14375,sitting
241197185731000,-0.535948,3.055382,8.644554,-0.28209186,0.053915624,0.030885,-35.2125,2.7562501,-10.05,sitting
241197205751000,-0.612512,2.9788182,8.816823,-0.33507562,0.007987499,0.033281248,-35.23125,2.7,-9.88125,sitting
241197225771000,-0.65079397,2.9788182,8.874246,-0.3686231,-0.041668124,0.036742497,-35.30625,2.4750001,-9.65625,sitting
241197245790000,-0.535948,2.921395,8.778541,-0.38220185,-0.09079125,0.041534998,-35.362503,2.49375,-9.543751,sitting
241197265810000,-0.497666,3.0171,9.065656,-0.37687686,-0.13498874,0.04725937,-35.41875,2.4562502,-9.28125,sitting
241197285829000,-0.497666,3.055382,9.180502,-0.35610935,-0.171465,0.052318122,-35.4375,2.5500002,-9.075001,sitting
241197305849000,-0.459384,3.074523,9.180502,-0.32429248,-0.19848937,0.054980624,-35.49375,2.625,-8.83125,sitting
241197325868000,-0.363679,3.0936642,9.199643,-0.28502062,-0.21339937,0.053649373,-35.550003,2.68125,-8.55,sitting
241197345888000,-0.267974,3.055382,9.237925,-0.24455062,-0.20141812,0.048058122,-35.643753,2.86875,-8.26875,sitting
241197365907000,-0.287115,2.940536,9.391053,-0.19236562,-0.18810561,0.040070623,-35.737503,2.86875,-7.8,sitting
241197385927000,-0.32539698,2.8831131,9.52504,-0.14790186,-0.17679,0.033281248,-35.79375,2.9625,-7.2375,sitting
241197405946000,-0.210551,2.8831131,9.467617,-0.08746312,-0.141645,0.025693124,-35.8875,2.90625,-6.61875,sitting
241197425966000,0.019141,2.921395,9.161361,-0.009185624,-0.10077562,0.0197025,-35.850002,3.05625,-6.3562503,sitting
241197445985000,0.248833,2.8831131,8.816823,0.049123123,-0.06256875,0.019835625,-35.756252,3.05625,-6.1875005,sitting
241197466005000,0.287115,2.8639722,8.7594,0.10423687,-0.028089374,0.024095625,-35.662502,3.075,-6.3187504,sitting
241197486024000,0.210551,2.8639722,8.95081,0.15109687,5.325E-4,0.0314175,-35.625,3.0,-6.2812505,sitting
241197506044000,0.153128,2.902254,9.237925,0.18451124,0.023030624,0.0399375,-35.7,2.8875,-6.24375,sitting
241197526064000,0.133987,2.940536,9.410194,0.20101874,0.040736247,0.048324373,-35.756252,2.79375,-6.1312504,sitting
241197546083000,0.153128,2.8639722,9.371912,0.18970312,0.045129374,0.0484575,-35.737503,2.8125,-6.1312504,sitting
241197566103000,0.172269,2.806549,9.123079,0.17306249,0.05604562,0.054581247,-35.71875,2.8875,-6.3,sitting
241197586122000,0.172269,2.82569,8.912528,0.15895124,0.06523125,0.05977312,-35.643753,2.98125,-6.58125,sitting
241197606142000,0.229692,2.82569,8.874246,0.119279996,0.064831875,0.061903123,-35.625,3.1125002,-6.9375005,sitting
241197626161000,0.19141,2.844831,9.065656,0.08546624,0.06456562,0.063766874,-35.662502,3.2062502,-7.2375,sitting
241197646181000,0.153128,2.844831,9.123079,0.043531872,0.05138625,0.07162125,-35.662502,3.2062502,-7.3125005,sitting
241197666200000,0.019141,2.921395,9.065656,-0.008653125,0.032216247,0.08799562,-35.625,3.1875002,-7.6875005,sitting
241197686220000,-0.095705,2.9788182,8.778541,-0.041002497,0.0090525,0.09411937,-35.49375,3.075,-7.89375,sitting
241197706239000,-0.248833,3.0171,8.701977,-0.068825625,-0.014643749,0.09864562,-35.34375,2.9437501,-8.118751,sitting
241197726259000,-0.344538,3.036241,8.721118,-0.091456875,-0.03621,0.10077562,-35.362503,2.775,-8.400001,sitting
241197746278000,-0.38282,3.0936642,8.778541,-0.10809749,-0.05298375,0.100109994,-35.381252,2.5500002,-8.512501,sitting
241197766298000,-0.47852498,3.170228,8.740259,-0.1065,-0.05564625,0.09172312,-35.34375,2.5125,-8.71875,sitting
241197786317000,-0.631653,3.2085102,8.701977,-0.110227495,-0.05977312,0.086531244,-35.41875,2.4375,-8.793751,sitting
241197806337000,-0.823063,3.151087,8.874246,-0.1134225,-0.0633675,0.08213812,-35.362503,2.5687501,-8.962501,sitting
241197826356000,-0.976191,2.9979591,9.180502,-0.09678187,-0.054048747,0.07015687,-35.4,2.60625,-9.13125,sitting
241197846376000,-1.033614,2.8639722,9.486758,-0.08267062,-0.046194375,0.059906248,-35.325,2.7,-9.225,sitting
241197866396000,-0.95704997,2.806549,9.467617,-0.049655624,-0.037940625,0.05564625,-35.287502,2.68125,-9.3,sitting
241197886415000,-0.861345,2.82569,9.161361,-0.021433124,-0.031018123,0.05191875,-35.268753,2.625,-9.28125,sitting
241197906435000,-0.784781,2.8831131,8.874246,0.016374374,-0.027423749,0.043531872,-35.23125,2.68125,-9.13125,sitting
241197926454000,-0.76564,2.8639722,8.835964,0.069225,-0.027689999,0.0356775,-35.287502,2.6625001,-8.94375,sitting
241197946474000,-0.727358,2.844831,8.931669,0.102239996,-0.032482497,0.029686874,-35.34375,2.7562501,-8.71875,sitting
241197966493000,-0.593371,2.806549,8.969951,0.13392374,-0.041002497,0.026225625,-35.4,2.68125,-8.418751,sitting
241197986513000,-0.47852498,2.787408,8.989092,0.16294499,-0.052185,0.025160624,-35.5125,2.775,-8.306251,sitting
241198006532000,-0.57423,2.7682672,8.989092,0.18730687,-0.06456562,0.025160624,-35.5125,2.9437501,-8.175,sitting
241198026552000,-0.669935,2.787408,9.084797,0.205545,-0.07668,0.024894373,-35.550003,3.075,-8.2875,sitting
241198046571000,-0.746499,2.902254,9.161361,0.21632811,-0.086930625,0.024628123,-35.568752,3.3000002,-8.231251,sitting
241198066591000,-0.746499,2.9788182,9.046515,0.21912374,-0.09345375,0.024494998,-35.662502,3.3375,-8.00625,sitting
241198086610000,-0.70821697,2.959677,8.797682,0.20234999,-0.08852812,0.022631248,-35.7,3.3750002,-7.6875005,sitting
241198106630000,-0.76564,2.8639722,8.625413,0.18917061,-0.086265,0.022631248,-35.79375,3.61875,-7.275,sitting
241198126649000,-0.631653,2.82569,8.969951,0.17798811,-0.08426812,0.022498123,-35.756252,3.8625002,-7.0125003,sitting
241198146669000,-0.38282,2.8639722,9.563322,0.15202874,-0.0718875,0.019303124,-35.831253,4.2937503,-6.8250003,sitting
241198166689000,-0.0,3.0171,9.90786,0.12979688,-0.06150375,0.016374374,-35.86875,4.425,-6.5062504,sitting
241198186708000,0.267974,3.2085102,9.793014,0.11089312,-0.05245125,0.013978125,-35.925003,4.5375004,-6.05625,sitting
241198206728000,0.47852498,3.3042152,9.371912,0.08147249,-0.037274998,0.0047925,-35.9625,4.5375004,-5.64375,sitting
241198226747000,0.612512,3.361638,8.969951,0.05631187,-0.024361875,-0.0031949999,-36.0,4.5375004,-5.11875,sitting
241198246767000,0.727358,3.39992,8.529708,0.048058122,-0.020767499,-0.002795625,-36.018753,4.70625,-4.875,sitting
241198266786000,0.880486,3.4382021,8.166029,0.041135624,0.0041268747,-0.012380624,-36.05625,4.7625003,-4.70625,sitting
241198286806000,0.95704997,3.5530481,8.070324,0.035145,0.025293749,-0.020767499,-36.112503,4.96875,-4.36875,sitting
241198306825000,0.918768,3.59133,8.37658,0.040603124,0.037141874,-0.024361875,-36.05625,4.9125004,-3.9,sitting
241198326845000,0.784781,3.610471,8.797682,0.045262497,0.04725937,-0.027423749,-36.09375,4.9500003,-3.2062502,sitting
241198346864000,0.70821697,3.610471,9.161361,0.052850623,0.052850623,-0.025027499,-36.1875,5.0437503,-2.4562502,sitting
241198366884000,0.727358,3.610471,9.33363,0.059240624,0.057776246,-0.022897499,-36.28125,4.93125,-1.8937501,sitting
241198386903000,0.899627,3.6487532,9.161361,0.064432494,0.060705,-0.016241249,-36.300003,5.0062504,-1.5375,sitting
241198406923000,1.225024,3.744458,8.663695,0.068825625,0.063234374,-0.01065,-36.1875,5.0437503,-1.5562501,sitting
241198426942000,1.607844,3.8593042,8.012901,0.06909187,0.065896876,-0.008386875,-36.1875,5.0625,-1.81875,sitting
241198446962000,1.894959,4.0315733,7.553517,0.069358125,0.06816,-0.00665625,-36.225002,5.15625,-2.2125,sitting
241198466981000,1.952382,4.069855,7.534376,0.065497495,0.07375125,-0.009585,-36.300003,5.1375003,-2.49375,sitting
241198487001000,1.665267,3.955009,8.051183,0.062302496,0.078543745,-0.01198125,-36.412502,5.175,-2.8875,sitting
241198507021000,1.378152,3.7635992,8.855105,0.059240624,0.08613187,-0.014909999,-36.412502,5.0625,-3.075,sitting
241198527040000,1.33987,3.610471,9.371912,0.056578122,0.092654996,-0.01730625,-36.43125,5.0437503,-3.16875,sitting
241198547060000,1.33987,3.572189,9.14222,0.054980624,0.09824625,-0.023163749,-36.412502,4.7625003,-3.1875002,sitting
241198567079000,1.378152,3.572189,8.434003,0.053516246,0.10290562,-0.0282225,-36.375,4.5750003,-3.43125,sitting
241198587099000,1.205883,3.514766,8.051183,0.047925,0.1059675,-0.03381375,-36.412502,4.2937503,-3.9750001,sitting
241198607118000,0.727358,3.610471,8.261734,0.042999372,0.108629994,-0.03860625,-36.393753,4.1062503,-4.3875003,sitting
241198627138000,0.593371,3.725317,8.644554,0.029686874,0.10942875,-0.043665,-36.525,3.7500002,-4.40625,sitting
241198647157000,0.593371,3.935868,8.682836,0.018238124,0.110227495,-0.047925,-36.54375,3.43125,-4.40625,sitting
241198667177000,0.899627,3.78274,8.37658,7.9874997E-4,0.108496875,-0.055246875,-36.65625,3.2250001,-4.5375004,sitting
241198687196000,1.110178,3.5339072,8.146888,-0.01411125,0.10703249,-0.061636873,-36.65625,3.3187501,-5.1937504,sitting
241198707216000,0.861345,3.342497,8.127747,-0.024361875,0.10130812,-0.06855937,-36.693752,3.35625,-5.9812503,sitting
241198727235000,0.612512,3.361638,8.300016,-0.033148125,0.0963825,-0.074549995,-36.65625,3.24375,-6.7312503,sitting
241198747255000,0.440243,3.514766,8.338298,-0.028355625,0.08227125,-0.06363375,-36.75,2.9625,-7.2562504,sitting
241198767274000,0.363679,3.725317,8.319157,-0.024095625,0.07029,-0.054314997,-36.80625,2.60625,-7.6687503,sitting
241198787294000,0.172269,3.9741502,8.548849,0.0019968748,0.044996247,-0.05724375,-36.9,2.2875001,-7.6687503,sitting
241198807314000,-0.153128,4.088996,8.95081,0.040469997,0.00985125,-0.058175623,-36.99375,1.85625,-7.425,sitting
241198827333000,-0.535948,4.127278,9.257066,0.068958744,-0.021699375,-0.046061248,-37.21875,1.7437501,-7.05,sitting
241198847353000,-0.76564,3.9932911,9.199643,0.09585,-0.053116873,-0.035145,-37.3875,1.66875,-6.76875,sitting
241198867372000,-0.47852498,3.78274,8.835964,0.11728312,-0.08147249,-0.025559999,-37.48125,1.85625,-6.9187503,sitting
241198887392000,0.133987,3.572189,8.491426,0.13059562,-0.10503562,-0.01677375,-37.4625,2.1375,-7.2375,sitting
241198907411000,0.861345,3.39992,8.338298,0.13392374,-0.123273745,-0.008919375,-37.48125,2.4,-7.9500003,sitting
241198927431000,1.014473,3.2085102,8.453144,0.123273745,-0.12141,-0.0047925,-37.4625,2.49375,-8.6625,sitting
241198947450000,0.689076,3.131946,8.855105,0.11036062,-0.13245937,9.3187497E-4,-37.537502,2.79375,-9.5625,sitting
241198967470000,0.363679,2.9788182,9.257066,0.09931125,-0.14177813,0.0057243747,-37.55625,2.98125,-10.2375,sitting
241198987489000,0.095705,2.8831131,9.678168,0.081339374,-0.14271,0.0063899998,-37.612503,3.3187501,-10.89375,sitting
241199007509000,0.019141,2.7682672,9.888719,0.06576375,-0.14364187,0.0067893746,-37.65,3.7125,-11.38125,sitting
241199027528000,0.057423,2.576857,9.927001,0.05617875,-0.12260812,0.0058575,-37.66875,4.2562504,-12.187501,sitting
241199047548000,0.153128,2.385447,9.888719,0.05325,-0.12447187,0.008386875,-37.631252,4.7250004,-12.656251,sitting
241199067567000,0.497666,2.289742,9.850437,0.050587498,-0.12593624,0.0105168745,-37.612503,5.025,-13.106251,sitting
241199087587000,0.689076,2.155755,9.773873,0.058708124,-0.11781562,0.013578749,-37.65,4.89375,-13.087501,sitting
241199107606000,0.861345,2.136614,9.773873,0.065497495,-0.11089312,0.016241249,-37.65,4.8187504,-13.14375,sitting
241199127626000,0.65079397,1.9452041,9.773873,0.076813124,-0.10317187,0.02209875,-37.55625,4.8562503,-13.425,sitting
241199147646000,0.497666,1.8877811,9.71645,0.086531244,-0.096648745,0.027157499,-37.425003,5.025,-13.743751,sitting
241199167665000,0.363679,1.9069221,9.697309,0.103438124,-0.08733,0.032881875,-37.4625,5.1375003,-13.875001,sitting
241199187685000,0.38282,2.155755,9.601604,0.11794875,-0.0793425,0.037807498,-37.537502,5.1375003,-13.743751,sitting
241199207704000,0.306256,2.366306,9.735591,0.13991436,-0.06616312,0.041135624,-37.575,5.15625,-13.63125,sitting
241199227724000,0.153128,2.404588,9.850437,0.18065062,-0.05178562,0.047925,-37.59375,4.93125,-13.44375,sitting
241199247743000,0.076564,2.4428701,9.869578,0.19675875,-0.037141874,0.050454374,-37.65,4.7250004,-13.425,sitting
241199267763000,0.057423,2.481152,9.812155,0.188505,-0.027689999,0.048590623,-37.631252,4.425,-13.33125,sitting
241199287782000,0.038282,2.519434,9.620745,0.18397874,-0.014244375,0.059240624,-37.631252,4.2375,-13.06875,sitting
241199307802000,-0.114846,2.519434,9.429335,0.17998499,-0.002795625,0.068293124,-37.631252,4.2375,-12.918751,sitting
241199327821000,-0.248833,2.481152,9.14222,0.15375938,-0.00239625,0.058308747,-37.66875,4.3875003,-12.806251,sitting
241199347841000,-0.344538,2.4428701,8.95081,0.102239996,0.008919375,0.08173875,-37.6875,4.4437504,-12.95625,sitting
241199367860000,-0.344538,2.4237292,8.893387,0.036609374,0.021433124,0.11009437,-37.6875,4.59375,-12.975,sitting
241199387880000,-0.267974,2.4237292,8.969951,-0.013179375,0.02369625,0.10876312,-37.575,4.5750003,-12.993751,sitting
241199407899000,-0.19141,2.4428701,9.046515,-0.054314997,0.025693124,0.103305,-37.6875,4.4437504,-13.05,sitting
241199427919000,-0.153128,2.481152,9.065656,-0.066562496,0.024894373,0.09225562,-37.66875,4.4625,-13.14375,sitting
241199447939000,-0.133987,2.519434,9.161361,-0.08227125,0.029953124,0.08373562,-37.6875,4.4625,-13.125001,sitting
241199467958000,-0.095705,2.5385752,9.257066,-0.09571687,0.034213122,0.07654687,-37.6875,4.4625,-13.181251,sitting
241199487978000,-0.095705,2.5577161,9.391053,-0.08173875,0.029287498,0.065364376,-37.59375,4.4625,-13.06875,sitting
241199507997000,-0.076564,2.5577161,9.448476,-0.069890626,0.04725937,0.061104372,-37.59375,4.4812503,-13.293751,sitting
241199528017000,-0.057423,2.5577161,9.410194,-0.05977312,0.06256875,0.057376873,-37.537502,4.36875,-13.368751,sitting
241199548036000,-0.076564,2.5385752,9.276207,-0.039005622,0.069358125,0.054714374,-37.443752,4.3500004,-13.368751,sitting
241199568056000,-0.114846,2.519434,9.161361,-0.0213,0.075082496,0.052318122,-37.443752,4.18125,-13.293751,sitting
241199588075000,-0.133987,2.519434,9.14222,-0.00665625,0.07601437,0.05298375,-37.443752,4.2000003,-13.125001,sitting
241199608095000,-0.19141,2.5385752,9.14222,0.0058575,0.07694624,0.053516246,-37.5,4.0875,-13.106251,sitting
241199628114000,-0.229692,2.576857,9.084797,0.0050587496,0.06563062,0.045794997,-37.48125,4.05,-13.125001,sitting
241199648134000,-0.306256,2.576857,9.027374,0.00426,0.05604562,0.039005622,-37.4625,3.9562502,-13.218751,sitting
241199668153000,-0.363679,2.576857,9.008233,0.0035943747,0.047925,0.033414375,-37.36875,3.80625,-13.25625,sitting
241199688173000,-0.401961,2.576857,9.084797,0.0073218746,0.041668124,0.050587498,-37.36875,3.80625,-13.312501,sitting
241199708192000,-0.38282,2.5577161,9.180502,0.010383749,0.03621,0.06523125,-37.350002,3.8625002,-13.35,sitting
241199728212000,-0.344538,2.5577161,9.237925,0.008919375,0.030885,0.05577937,-37.3875,3.9750001,-13.312501,sitting
241199748231000,-0.287115,2.5385752,9.276207,0.007588125,0.026491875,0.04765875,-37.29375,4.18125,-13.44375,sitting
241199768251000,-0.287115,2.5577161,9.276207,-0.0057243747,0.013179375,0.06256875,-37.125,4.3125,-13.8,sitting
241199788271000,-0.306256,2.576857,9.257066,-0.01704,0.0017306249,0.07521562,-37.10625,4.36875,-13.968751,sitting
241199808290000,-0.344538,2.5577161,9.218784,-0.014643749,0.001464375,0.064299375,-37.068752,4.33125,-14.156251,sitting
241199828310000,-0.38282,2.5385752,9.161361,-0.012513749,0.00133125,0.054847497,-37.0875,4.275,-14.156251,sitting
241199848329000,-0.38282,2.519434,9.14222,-0.00452625,-0.00559125,0.07494937,-37.10625,4.2562504,-14.1,sitting
241199868349000,-0.401961,2.519434,9.180502,0.00213,-0.011448749,0.09198937,-37.10625,4.2000003,-14.118751,sitting
241199888368000,-0.401961,2.519434,9.199643,0.014776874,-0.015841875,0.08959312,-37.10625,4.3125,-14.212501,sitting
241199908388000,-0.363679,2.519434,9.161361,0.025693124,-0.01943625,0.08746312,-37.162502,4.2937503,-14.175,sitting
241199928407000,-0.344538,2.5385752,9.084797,0.0388725,-0.025293749,0.08320312,-37.0875,4.21875,-14.2875,sitting
241199948427000,-0.344538,2.5577161,9.065656,0.050054997,-0.030219374,0.079608746,-37.068752,4.2375,-14.306251,sitting
241199968446000,-0.32539698,2.576857,9.161361,0.059639998,-0.033946875,0.07694624,-37.143753,4.2562504,-14.493751,sitting
241199988466000,-0.363679,2.576857,9.218784,0.06789375,-0.037141874,0.07468312,-37.10625,4.425,-14.531251,sitting
241200008485000,-0.38282,2.576857,9.180502,0.058042496,-0.03168375,0.063766874,-37.2,4.5375004,-14.56875,sitting
241200028505000,-0.459384,2.576857,9.103938,0.06469875,-0.0335475,0.064299375,-37.143753,4.6125,-14.625001,sitting
241200048524000,-0.47852498,2.615139,9.065656,0.07042312,-0.035145,0.064831875,-37.162502,4.6312504,-14.625001,sitting
241200068544000,-0.497666,2.6342802,9.084797,0.0601725,-0.029953124,0.055379998,-37.125,4.70625,-14.6625,sitting
241200088564000,-0.47852498,2.6534212,9.046515,0.05138625,-0.025693124,0.04725937,-37.0125,4.6125,-14.64375,sitting
241200108583000,-0.459384,2.6342802,9.065656,0.04393125,-0.0218325,0.040336873,-36.9375,4.6687503,-14.6625,sitting
241200128603000,-0.459384,2.595998,9.123079,0.037408125,-0.018637499,0.034479372,-36.9,4.6875,-14.700001,sitting
241200148622000,-0.421102,2.5577161,9.180502,0.032083124,0.007588125,0.043798123,-36.975002,4.96875,-14.85,sitting
241200168642000,-0.421102,2.5385752,9.237925,0.027423749,0.03008625,0.0516525,-36.975002,5.2312503,-15.01875,sitting
241200188661000,-0.459384,2.519434,9.295348,0.02343,0.025693124,0.0441975,-36.956253,5.45625,-15.243751,sitting
241200208681000,-0.497666,2.481152,9.352771,0.0133125,0.03967125,0.04765875,-36.9375,5.4187503,-15.450001,sitting
241200228700000,-0.497666,2.462011,9.352771,0.0046593747,0.0516525,0.050587498,-36.862503,5.3250003,-15.375001,sitting
241200248720000,-0.459384,2.481152,9.314489,0.0039937496,0.0441975,0.043265622,-36.84375,5.1937504,-15.356251,sitting
241200268739000,-0.440243,2.519434,9.276207,-0.00878625,0.0527175,0.054048747,-36.75,5.0625,-15.13125,sitting
241200288759000,-0.440243,2.5577161,9.257066,-0.0197025,0.06003937,0.06310125,-36.73125,5.1000004,-15.1125,sitting
241200308778000,-0.47852498,2.5577161,9.257066,-0.01677375,0.05125312,0.053915624,-36.75,5.11875,-15.168751,sitting
241200328798000,-0.47852498,2.5577161,9.218784,-0.014377499,0.043798123,0.046061248,-36.787502,5.0062504,-15.093751,sitting
241200348817000,-0.47852498,2.5577161,9.14222,-0.023296874,0.05151937,0.058308747,-36.84375,5.0062504,-15.150001,sitting
241200368837000,-0.47852498,2.5385752,9.123079,-0.031018123,0.058175623,0.0686925,-36.80625,4.9500003,-15.1125,sitting
241200388856000,-0.497666,2.5577161,9.123079,-0.026491875,0.049655624,0.058708124,-36.7125,5.11875,-15.262501,sitting
241200408876000,-0.516807,2.576857,9.161361,-0.022631248,0.042466875,0.050188124,-36.7125,5.25,-15.431251,sitting
241200428896000,-0.497666,2.576857,9.161361,-0.023563124,0.050587498,0.063899994,-36.7125,5.34375,-15.468751,sitting
241200448915000,-0.47852498,2.5577161,9.14222,-0.024361875,0.057643123,0.075614996,-36.862503,5.34375,-15.543751,sitting
241200468935000,-0.47852498,2.5577161,9.161361,-0.020767499,0.049256247,0.06456562,-36.80625,5.26875,-15.468751,sitting
241200488954000,-0.47852498,2.5385752,9.218784,-0.017705625,0.042067498,0.055113748,-36.73125,5.08125,-15.468751,sitting
241200508974000,-0.47852498,2.5385752,9.257066,-0.017173124,0.045661874,0.0761475,-36.73125,4.8375,-15.281251,sitting
241200528993000,-0.47852498,2.5577161,9.276207,-0.016640624,0.04872375,0.09398624,-36.75,4.70625,-15.262501,sitting
241200549013000,-0.47852498,2.576857,9.218784,-0.014244375,0.041534998,0.08027437,-36.84375,4.6125,-15.093751,sitting
241200569032000,-0.459384,2.576857,9.161361,-0.0062568747,0.037008747,0.09305437,-36.825,4.7625003,-15.281251,sitting
241200589052000,-0.47852498,2.576857,9.123079,5.325E-4,0.033014998,0.104103744,-36.825,4.875,-15.20625,sitting
241200609071000,-0.516807,2.5577161,9.14222,3.9937499E-4,0.0282225,0.0889275,-36.787502,5.025,-15.375001,sitting
241200629091000,-0.555089,2.5385752,9.199643,3.9937499E-4,0.024095625,0.07588125,-36.75,5.15625,-15.4125,sitting
241200649110000,-0.555089,2.519434,9.237925,0.007987499,0.028089374,0.08666437,-36.75,5.25,-15.562501,sitting
241200669130000,-0.535948,2.500293,9.199643,0.014643749,0.0314175,0.09585,-36.84375,5.25,-15.731251,sitting
241200689149000,-0.535948,2.519434,9.161361,0.012513749,0.026891248,0.081871875,-36.80625,5.2125,-15.731251,sitting
241200709169000,-0.535948,2.5385752,9.14222,0.01065,0.022897499,0.070023745,-36.84375,5.0437503,-15.69375,sitting
241200729189000,-0.57423,2.5577161,9.180502,0.01065,0.032083124,0.086398125,-36.825,5.0437503,-15.543751,sitting
241200749208000,-0.612512,2.5385752,9.276207,0.01065,0.0399375,0.10050937,-36.825,5.0062504,-15.39375,sitting
241200769228000,-0.65079397,2.519434,9.257066,0.009185624,0.03408,0.085865624,-36.881252,4.8187504,-15.13125,sitting
241200789247000,-0.57423,2.519434,9.14222,0.018105,0.022764374,0.09984375,-36.84375,4.8,-14.925,sitting
241200809267000,-0.459384,2.595998,9.008233,0.025693124,0.01304625,0.11169187,-36.9,4.70625,-14.887501,sitting
241200829286000,-0.344538,2.6725621,8.969951,0.031284373,-3.9937499E-4,0.10876312,-36.825,4.8562503,-14.925,sitting
241200849306000,-0.287115,2.691703,9.046515,0.036076874,-0.01198125,0.106233746,-36.881252,5.11875,-15.31875,sitting
241200869325000,-0.306256,2.6725621,9.199643,0.030885,-0.010250624,0.09079125,-36.80625,5.30625,-15.50625,sitting
241200889345000,-0.421102,2.6342802,9.410194,0.0356775,-0.025426874,0.090524994,-36.862503,5.55,-15.675,sitting
241200909364000,-0.516807,2.576857,9.505899,0.0399375,-0.03847312,0.090391874,-36.84375,5.4375,-15.6,sitting
241200929384000,-0.631653,2.519434,9.410194,0.03408,-0.032881875,0.0772125,-36.862503,5.26875,-15.50625,sitting
241200949403000,-0.612512,2.481152,9.123079,0.029154373,-0.028089374,0.065896876,-36.9,5.1000004,-15.20625,sitting
241200969423000,-0.612512,2.4428701,8.95081,0.030219374,-0.041401874,0.064964995,-36.862503,5.15625,-15.3,sitting
241200989442000,-0.612512,2.481152,8.989092,0.031284373,-0.052850623,0.06416625,-36.9375,5.2312503,-15.262501,sitting
241201009462000,-0.593371,2.500293,9.103938,0.026758123,-0.045129374,0.054847497,-36.91875,5.1375003,-15.281251,sitting
241201029481000,-0.555089,2.5385752,9.199643,0.037940625,-0.056578122,0.054314997,-36.862503,5.025,-15.262501,sitting
241201049501000,-0.497666,2.5577161,9.218784,0.047525622,-0.06642937,0.053915624,-36.84375,4.9500003,-15.281251,sitting
241201069521000,-0.47852498,2.576857,9.257066,0.05325,-0.07415062,0.047525622,-36.9,5.0062504,-15.375001,sitting
241201089540000,-0.47852498,2.595998,9.276207,0.058042496,-0.08067375,0.042067498,-36.9375,5.11875,-15.337501,sitting
241201109560000,-0.459384,2.576857,9.257066,0.057509996,-0.087596245,0.036609374,-36.975002,5.0437503,-15.281251,sitting
241201129579000,-0.440243,2.5577161,9.218784,0.0569775,-0.09358687,0.031949997,-36.9375,4.9875,-15.31875,sitting
241201149599000,-0.421102,2.5385752,9.123079,0.044996247,-0.10290562,0.029021248,-36.825,4.8562503,-15.450001,sitting
241201169618000,-0.47852498,2.5385752,9.065656,0.02848875,-0.12580311,0.027423749,-36.75,4.89375,-15.3,sitting
241201189638000,-0.535948,2.5385752,9.103938,0.010383749,-0.14018062,0.025426874,-36.80625,5.0625,-15.337501,sitting
241201209657000,-0.555089,2.5577161,9.14222,-0.0063899998,-0.15908436,0.023163749,-36.9,5.3250003,-15.39375,sitting
241201229677000,-0.516807,2.5385752,9.199643,-0.019303124,-0.18144937,0.020234998,-36.975002,5.5125003,-15.69375,sitting
241201249696000,-0.497666,2.5385752,9.218784,-0.02635875,-0.20447999,0.016507499,-36.91875,5.625,-15.76875,sitting
241201269716000,-0.459384,2.5577161,9.180502,-0.027157499,-0.22511436,0.010250624,-36.881252,5.5875,-15.825001,sitting
241201289735000,-0.440243,2.576857,9.218784,-0.021699375,-0.24108936,-9.3187497E-4,-36.9,5.55,-15.843751,sitting
241201309755000,-0.47852498,2.595998,9.314489,-0.011315624,-0.2497425,-0.01730625,-36.881252,5.64375,-15.88125,sitting
241201329774000,-0.459384,2.576857,9.371912,-0.0046593747,-0.23363437,-0.024761248,-36.91875,5.71875,-15.900001,sitting
241201349794000,-0.440243,2.576857,9.371912,0.007055625,-0.22365,-0.046327498,-36.91875,5.625,-15.69375,sitting
241201369814000,-0.38282,2.576857,9.276207,0.017173124,-0.21526311,-0.06469875,-36.975002,5.53125,-15.281251,sitting
241201389833000,-0.32539698,2.595998,9.161361,0.016108124,-0.18184875,-0.09012562,-36.956253,5.49375,-15.150001,sitting
241201410524000,-0.32539698,2.615139,9.180502,0.010117499,-0.14244375,-0.1347225,-36.84375,5.3812504,-14.85,sitting
241201439882000,-0.306256,2.6342802,9.276207,-0.0057243747,-0.09278812,-0.16414312,-36.84375,5.2875004,-14.75625,sitting
241201459901000,-0.32539698,2.615139,9.352771,-0.028089374,-0.037141874,-0.19595999,-36.862503,5.4187503,-14.962501,sitting
241201479921000,-0.306256,2.576857,9.295348,-0.055379998,0.023296874,-0.22977374,-36.956253,5.55,-15.056251,sitting
241201499940000,-0.344538,2.500293,9.161361,-0.08506687,0.086265,-0.2646525,-36.99375,5.68125,-15.39375,sitting
241201519960000,-0.344538,2.519434,9.027374,-0.11382187,0.15029812,-0.29859936,-36.9,5.625,-15.337501,sitting
241201539980000,-0.421102,2.576857,8.969951,-0.13924874,0.21353249,-0.32921812,-36.91875,5.4,-15.1125,sitting
241201559999000,-0.421102,2.615139,9.027374,-0.15988311,0.27343875,-0.3551775,-36.99375,5.4375,-14.925,sitting
241201580019000,-0.401961,2.595998,9.027374,-0.17505936,0.3265556,-0.37594497,-37.125,5.3625,-14.775001,sitting
241201600038000,-0.363679,2.5577161,9.008233,-0.18451124,0.36875623,-0.39032248,-37.10625,5.1937504,-14.64375,sitting
241201620058000,-0.287115,2.5577161,8.989092,-0.18783937,0.39538124,-0.397245,-37.10625,5.2125,-14.625001,sitting
241201640077000,-0.306256,2.595998,9.046515,-0.18397874,0.40177125,-0.39617997,-37.125,5.15625,-14.587501,sitting
241201660097000,-0.287115,2.6342802,9.180502,-0.17239687,0.3845981,-0.38699436,-37.125,5.3250003,-14.83125,sitting
241201680116000,-0.287115,2.6342802,9.276207,-0.15269437,0.34293,-0.35251498,-37.050003,5.34375,-14.94375,sitting
241201700136000,-0.267974,2.6342802,9.295348,-0.12766688,0.28422186,-0.32855248,-36.956253,5.30625,-14.868751,sitting
241201720155000,-0.248833,2.615139,9.237925,-0.09931125,0.21473062,-0.31670436,-36.91875,5.3250003,-14.681251,sitting
241201740175000,-0.267974,2.595998,9.14222,-0.06802687,0.13924874,-0.28595248,-36.956253,5.2312503,-14.26875,sitting
241201760194000,-0.32539698,2.576857,9.14222,-0.036742497,0.06642937,-0.25693125,-36.99375,5.1000004,-14.043751,sitting
241201780214000,-0.344538,2.576857,9.161361,-0.007055625,0.001198125,-0.23070562,-37.050003,5.08125,-14.08125,sitting
241201800233000,-0.363679,2.576857,9.218784,0.020634374,-0.054181874,-0.207675,-37.10625,5.0625,-14.175,sitting
241201820253000,-0.32539698,2.576857,9.199643,0.045928124,-0.10037625,-0.18717374,-37.162502,5.11875,-14.306251,sitting
241201840273000,-0.287115,2.5577161,9.199643,0.069358125,-0.13964812,-0.16866937,-37.2,5.2312503,-14.175,sitting
241201860292000,-0.267974,2.576857,9.199643,0.090924375,-0.17505936,-0.15162937,-37.21875,5.2125,-14.156251,sitting
241201880312000,-0.267974,2.576857,9.180502,0.10942875,-0.20820749,-0.13552125,-37.143753,5.2312503,-14.137501,sitting
241201900331000,-0.287115,2.615139,9.199643,0.122741245,-0.2380275,-0.119812496,-37.143753,5.175,-14.118751,sitting
241201920351000,-0.287115,2.6342802,9.199643,0.12846562,-0.26198998,-0.104103744,-37.143753,5.11875,-14.025001,sitting
241201940370000,-0.267974,2.615139,9.218784,0.12527062,-0.27716625,-0.08932687,-37.18125,5.0625,-13.9125,sitting
241201960390000,-0.248833,2.595998,9.218784,0.1123575,-0.26172373,-0.07641375,-37.125,4.875,-13.687501,sitting
241201980409000,-0.248833,2.576857,9.199643,0.092654996,-0.25946063,-0.06576375,-37.10625,4.8187504,-13.51875,sitting
241202000429000,-0.287115,2.576857,9.199643,0.07574812,-0.25746375,-0.05671125,-37.068752,4.8,-13.406251,sitting
241202020448000,-0.32539698,2.615139,9.257066,0.048856873,-0.23642999,-0.049256247,-37.143753,4.5750003,-13.25625,sitting
241202040468000,-0.267974,2.615139,9.295348,0.02582625,-0.21845812,-0.04286625,-37.10625,4.3875003,-13.218751,sitting
241202060487000,-0.19141,2.615139,9.314489,0.02209875,-0.18650812,-0.036609374,-37.162502,4.1062503,-13.14375,sitting
241202080507000,-0.076564,2.595998,9.33363,-0.008120624,-0.15708749,-0.028355625,-37.10625,3.91875,-13.200001,sitting
241202100526000,-0.095705,2.5577161,9.448476,-0.033946875,-0.13205999,-0.021433124,-37.03125,3.8812501,-13.106251,sitting
241202120546000,-0.172269,2.576857,9.659027,-0.052185,-0.096116245,-0.01411125,-36.99375,3.9,-13.1625,sitting
241202140565000,-0.306256,2.615139,9.754732,-0.08280375,-0.053782497,-0.006523125,-37.0125,4.0125003,-13.25625,sitting
241202160585000,-0.440243,2.6725621,9.71645,-0.103305,-0.020900624,-0.0035943747,-37.0125,3.9750001,-13.14375,sitting
241202180605000,-0.440243,2.595998,9.52504,-0.12407249,0.008653125,-0.0026625,-36.975002,3.9,-12.900001,sitting
241202200624000,-0.401961,2.4237292,9.429335,-0.14297624,0.032881875,-0.0030618748,-36.862503,3.7875001,-12.618751,sitting
241202220644000,-0.344538,2.289742,9.52504,-0.15735374,0.050054997,-0.0041268747,-36.84375,3.7875001,-12.468751,sitting
241202240663000,-0.363679,2.3088832,9.697309,-0.15122999,0.05245125,-0.00426,-36.825,3.7500002,-12.187501,sitting
241202260683000,-0.344538,2.270601,9.812155,-0.152295,0.054581247,-0.0037274999,-36.862503,3.6937501,-11.8125,sitting
241202280702000,-0.287115,2.136614,9.888719,-0.15309374,0.056445,-0.0031949999,-36.9375,3.6000001,-11.175,sitting
241202300722000,-0.095705,1.8494991,9.735591,-0.13072875,0.04819125,-0.002795625,-36.975002,3.5062501,-10.40625,sitting
241202320741000,0.057423,1.600666,9.505899,-0.11169187,0.041135624,-0.00239625,-37.0125,3.3750002,-9.88125,sitting
241202340761000,0.153128,1.5049611,9.199643,-0.0953175,0.035145,-0.0019968748,-37.050003,3.3750002,-9.58125,sitting
241202360780000,0.229692,1.543243,8.912528,-0.070556246,0.0062568747,0.0037274999,-36.956253,3.3750002,-9.637501,sitting
241202380800000,0.32539698,1.6389481,8.644554,-0.049256247,-0.018504374,0.00878625,-36.9375,3.4125001,-9.825001,sitting
241202400819000,0.363679,1.7346531,8.434003,-0.027423749,-0.032748748,0.013578749,-36.84375,3.45,-10.012501,sitting
241202420839000,0.306256,1.8303581,8.357439,-0.00878625,-0.044996247,0.017705625,-36.75,3.3937502,-10.106251,sitting
241202440858000,0.133987,1.8877811,8.434003,0.00559125,-0.057110623,0.020634374,-36.825,3.3750002,-10.181251,sitting
241202460878000,-0.0,1.8877811,8.606272,0.017971875,-0.06736125,0.023030624,-36.7125,3.16875,-10.481251,sitting
241202480898000,-0.095705,1.7920761,8.931669,0.025426874,-0.07707937,0.025959374,-36.61875,2.9625,-10.70625,sitting
241202500917000,-0.267974,1.7537941,9.257066,0.031949997,-0.08546624,0.028355625,-36.506252,2.8500001,-11.15625,sitting
241202520937000,-0.32539698,1.8303581,9.544181,0.037141874,-0.09225562,0.03381375,-36.43125,2.6437502,-11.19375,sitting
241202540956000,-0.421102,1.9643451,9.467617,0.041534998,-0.09811312,0.03847312,-36.375,2.7375002,-11.231251,sitting
241202560976000,-0.363679,2.040909,9.33363,0.046061248,-0.10037625,0.04819125,-36.46875,2.8500001,-11.2875,sitting
241202580995000,-0.32539698,2.021768,9.123079,0.050054997,-0.10237312,0.056578122,-36.487503,3.1875002,-11.325001,sitting
241202601015000,-0.267974,1.983486,9.199643,0.053116873,-0.097713746,0.06736125,-36.487503,3.45,-11.55,sitting
241202621034000,-0.19141,1.983486,9.486758,0.05577937,-0.09372,0.07654687,-36.412502,3.6937501,-11.55,sitting
241202641054000,-0.095705,1.9452041,9.697309,0.04765875,-0.08000812,0.065364376,-36.412502,3.7125,-11.493751,sitting
241202661073000,-0.038282,1.983486,9.735591,0.040736247,-0.068293124,0.0559125,-36.393753,3.7875001,-11.38125,sitting
241202681093000,0.038282,2.021768,9.544181,0.046593748,-0.04712625,0.069358125,-36.393753,3.8437502,-11.34375,sitting
241202701112000,0.095705,1.983486,9.33363,0.0516525,-0.029021248,0.08093999,-36.393753,3.80625,-11.493751,sitting
241202721132000,0.038282,1.9643451,9.276207,0.037807498,-3.9937499E-4,0.0708225,-36.35625,3.5812502,-11.4375,sitting
241202741151000,-0.038282,2.136614,9.391053,0.025959374,0.024095625,0.062169373,-36.393753,3.3187501,-11.15625,sitting
241202761171000,-0.19141,2.2131782,9.52504,0.010117499,0.050587498,0.049921874,-36.375,3.0375001,-10.8,sitting
241202781190000,-0.248833,2.155755,9.582463,-0.010250624,0.088395,0.03541125,-36.35625,3.0,-10.462501,sitting
241202801210000,-0.229692,2.040909,9.486758,-0.021965625,0.105435,0.02209875,-36.35625,3.0375001,-10.3125,sitting
241202821230000,-0.095705,2.040909,9.314489,-0.025293749,0.10503562,0.014776874,-36.3375,3.1125002,-10.06875,sitting
241202841249000,0.076564,2.385447,9.123079,-0.030485624,0.11888062,0.007588125,-36.375,3.1875002,-9.918751,sitting
241202861269000,0.210551,2.6342802,8.989092,-0.03487875,0.13072875,0.001464375,-36.412502,3.2625,-9.84375,sitting
241202881288000,0.306256,2.710844,9.008233,-0.034213122,0.13818374,1.33125E-4,-36.412502,3.4125001,-10.05,sitting
241202901308000,0.287115,2.691703,9.103938,-0.033680625,0.14457375,-0.001065,-36.300003,3.6000001,-10.21875,sitting
241202921327000,0.229692,2.6342802,9.257066,-0.032748748,0.14603812,-5.325E-4,-36.225002,3.7500002,-10.275001,sitting
241202941347000,0.114846,2.5577161,9.295348,-0.031816874,0.14736937,0.0,-36.24375,3.99375,-10.387501,sitting
241202961366000,0.133987,2.4428701,9.352771,-0.032216247,0.14244375,-0.003328125,-36.16875,4.4437504,-10.6875,sitting
241202981386000,0.210551,2.3280241,9.352771,-0.032615624,0.13831687,-0.0062568747,-36.16875,4.70625,-10.9875,sitting
241203001405000,0.172269,2.0983322,9.391053,-0.027823124,0.11808187,-0.005325,-36.05625,5.0437503,-11.15625,sitting
241203021425000,0.114846,2.021768,9.505899,-0.03594375,0.11568562,-0.012380624,-36.037502,5.08125,-11.025001,sitting
241203041444000,0.057423,1.9643451,9.601604,-0.042999372,0.113688745,-0.018504374,-36.037502,5.2312503,-10.9125,sitting
241203061464000,0.038282,1.8686401,9.544181,-0.036609374,0.09704812,-0.01570875,-35.925003,5.34375,-11.025001,sitting
241203081483000,0.114846,1.8494991,9.180502,-0.031284373,0.082936876,-0.013445624,-35.831253,5.4,-10.9875,sitting
241203101503000,-0.0,1.7920761,8.778541,-0.026758123,0.0708225,-0.011448749,-35.71875,5.4187503,-11.118751,sitting
241203121523000,-0.229692,1.8877811,8.663695,-0.022897499,0.06043875,-0.00985125,-35.662502,5.30625,-11.34375,sitting
241203141542000,-0.516807,1.9260631,9.123079,-0.019569375,0.0516525,-0.008386875,-35.625,5.11875,-11.6625,sitting
241203161562000,-0.689076,1.8686401,9.773873,-0.016640624,0.044064373,-0.0071887495,-35.625,5.025,-12.0,sitting
241203181581000,-0.727358,1.7537941,9.90786,-0.014244375,0.037674375,-0.0061237495,-35.49375,4.9875,-12.243751,sitting
241203201601000,-0.803922,1.7537941,9.563322,-0.025293749,0.020368123,-0.0034612499,-35.4375,4.89375,-12.093751,sitting
241203221620000,-0.669935,1.8877811,9.314489,-0.034745622,0.005458125,-0.001198125,-35.4375,4.9500003,-11.83125,sitting
241203241640000,-0.76564,2.0026271,9.218784,-0.029686874,0.0046593747,-0.001065,-35.456253,4.89375,-11.34375,sitting
241203261659000,-0.70821697,2.0791912,9.33363,-0.025293749,0.0039937496,-9.3187497E-4,-35.5125,4.89375,-11.08125,sitting
241203281679000,-0.727358,2.232319,9.180502,-0.030751875,-0.012513749,-0.0069224997,-35.4375,4.8,-10.950001,sitting
241203301698000,-0.47852498,2.270601,8.893387,-0.035278123,-0.026491875,-0.012114375,-35.4375,4.8187504,-10.950001,sitting
241203321718000,-0.287115,2.347165,8.797682,-0.030219374,-0.022631248,-0.010250624,-35.4,4.7625003,-10.931251,sitting
241203341737000,-0.153128,2.3088832,8.95081,-0.032615624,-0.033680625,-0.0047925,-35.362503,4.6312504,-10.9125,sitting
241203361757000,-0.229692,2.3088832,9.199643,-0.0346125,-0.042999372,-1.33125E-4,-35.287502,4.5375004,-10.89375,sitting
241203381776000,-0.229692,2.25146,9.486758,-0.029553749,-0.036742497,-1.33125E-4,-35.175003,4.4625,-10.78125,sitting
241203401796000,-0.153128,2.25146,9.735591,-0.025293749,-0.0314175,-1.33125E-4,-35.175003,4.4812503,-10.78125,sitting
241203421815000,-0.133987,2.25146,9.544181,-0.02156625,-0.026758123,-1.33125E-4,-35.1375,4.4812503,-10.668751,sitting
241203441835000,-0.133987,2.270601,9.14222,-0.018504374,-0.022897499,-0.0,-35.25,4.3125,-10.743751,sitting
241203461855000,-0.114846,2.347165,8.778541,-0.01570875,-0.019569375,-0.0,-35.2125,4.33125,-10.856251,sitting
241203481874000,-0.19141,2.404588,8.721118,-0.013445624,-0.016640624,-0.0,-35.1375,4.3500004,-10.96875,sitting
241203501894000,-0.267974,2.404588,8.989092,-0.011448749,-0.014244375,-0.0,-35.006252,4.5,-11.231251,sitting
241203521913000,-0.421102,2.404588,9.314489,-0.00985125,-0.012247499,-0.0,-34.912502,4.5375004,-11.418751,sitting
241203541933000,-0.593371,2.385447,9.467617,-0.008386875,-0.010383749,-0.0,-34.818752,4.36875,-11.26875,sitting
241203561952000,-0.76564,2.366306,9.371912,-0.008386875,-0.025693124,0.017705625,-34.85625,4.3125,-11.175,sitting
241203581972000,-0.95704997,2.347165,9.199643,-0.008253749,-0.03860625,0.032881875,-34.85625,4.18125,-10.931251,sitting
241203601991000,-0.976191,2.347165,9.123079,-0.007055625,-0.033014998,0.028089374,-34.875,4.18125,-10.950001,sitting
241203622011000,-0.918768,2.3280241,9.14222,-0.005990625,-0.0282225,0.0239625,-34.912502,4.18125,-10.950001,sitting
241203642030000,-0.784781,2.347165,9.14222,-0.0051918747,-0.024095625,0.020501249,-34.96875,4.21875,-11.118751,sitting
241203662050000,-0.70821697,2.404588,9.046515,-0.004393125,-0.020501249,0.0175725,-35.006252,4.2937503,-11.19375,sitting
241203682069000,-0.746499,2.500293,8.874246,-0.0037274999,-0.0175725,0.014909999,-34.987503,4.3875003,-11.26875,sitting
241203702089000,-0.803922,2.615139,8.644554,-0.0031949999,-0.015043125,0.0127799995,-34.96875,4.55625,-11.45625,sitting
241203722108000,-0.861345,2.6725621,8.529708,-0.002795625,-0.0127799995,0.01091625,-34.95,4.70625,-11.493751,sitting
241203742128000,-0.784781,2.691703,8.472285,-0.022631248,-0.009585,0.027823124,-34.95,4.78125,-11.45625,sitting
241203762148000,-0.70821697,2.691703,8.510567,-0.03967125,-0.0067893746,0.042200625,-34.96875,4.8375,-11.15625,sitting
241203782167000,-0.631653,2.6725621,8.395721,-0.03381375,-0.0057243747,0.036076874,-35.11875,4.8187504,-10.6875,sitting
241203802187000,-0.689076,2.6342802,8.070324,-0.028888123,-0.004925625,0.030751875,-35.325,4.8562503,-10.05,sitting
241203822206000,-0.784781,2.5577161,7.649222,-0.024628123,-0.00426,0.02635875,-35.568752,5.0062504,-9.525001,sitting
241203842226000,-0.555089,2.404588,7.8214912,-0.021033749,-0.0035943747,0.022498123,-35.625,5.11875,-9.6,sitting
241203862245000,0.497666,2.347165,9.544181,-0.017971875,-0.0030618748,0.01917,-35.550003,5.175,-10.087501,sitting
241203882265000,0.746499,2.500293,11.075461,-0.0154425,-0.0026625,0.016374374,-35.475002,5.08125,-10.556251,sitting
241203902284000,0.746499,2.691703,11.687973,-0.03381375,0.0035943747,0.039271872,-35.475002,5.0437503,-10.856251,sitting
241203922304000,-0.344538,2.7491262,10.367244,-0.049522497,0.008919375,0.058708124,-35.60625,5.08125,-10.556251,sitting
241203942323000,-1.033614,2.595998,8.989092,-0.04233375,0.007588125,0.050188124,-35.7,5.11875,-10.125,sitting
241203962343000,-0.57423,2.691703,8.663695,-0.048856873,-5.325E-4,0.054181874,-35.71875,5.175,-9.8625,sitting
241203982362000,-0.076564,2.9979591,8.472285,-0.054448124,-0.0074549997,0.057643123,-35.643753,5.26875,-10.012501,sitting
241204002382000,0.229692,3.4382021,7.687504,-0.05671125,-0.021699375,0.061636873,-35.568752,5.3250003,-10.725,sitting
241204022401000,0.363679,3.476484,7.362107,-0.058574997,-0.03381375,0.06509812,-35.362503,5.4187503,-11.793751,sitting
241204042421000,-0.076564,3.361638,8.012901,-0.059906248,-0.047925,0.065364376,-35.23125,5.53125,-12.525001,sitting
241204062440000,-0.363679,3.0171,9.295348,-0.061104372,-0.059906248,0.06563062,-35.15625,5.53125,-13.012501,sitting
241204082460000,-0.65079397,2.940536,10.252398,-0.06523125,-0.062435623,0.059373748,-35.23125,5.5125003,-13.05,sitting
241204102480000,-0.76564,3.0171,10.233257,-0.0686925,-0.06456562,0.054048747,-35.325,5.3250003,-12.731251,sitting
241204122499000,-0.76564,3.036241,10.003565,-0.08093999,-0.047925,0.04819125,-35.4,5.175,-12.637501,sitting
241204142519000,-0.669935,3.0171,9.735591,-0.10716562,-0.021699375,0.042200625,-35.381252,4.9500003,-12.468751,sitting
241204162538000,-0.47852498,3.0171,9.199643,-0.12606937,0.01065,0.032216247,-35.25,4.9125004,-12.88125,sitting
241204182558000,-0.287115,3.1128051,8.548849,-0.14830124,0.047525622,0.020634374,-35.0625,4.89375,-13.44375,sitting
241204202577000,-0.306256,3.131946,8.319157,-0.17479312,0.086531244,0.009185624,-34.85625,4.9500003,-14.137501,sitting
241204222597000,-0.593371,3.0936642,8.893387,-0.205545,0.1272675,-2.6625E-4,-34.800003,4.96875,-14.55,sitting
241204242616000,-1.205883,2.921395,9.793014,-0.2380275,0.16973437,-0.006523125,-34.8375,4.89375,-14.343751,sitting
241204262636000,-1.646126,2.82569,9.927001,-0.26811373,0.21180187,-0.00985125,-34.95,4.8375,-14.043751,sitting
241204282655000,-1.569562,2.940536,9.52504,-0.2924756,0.24907687,-0.01065,-34.96875,4.5750003,-13.668751,sitting
241204302675000,-1.378152,2.9788182,8.510567,-0.30911624,0.2774325,-0.010250624,-34.93125,4.3500004,-13.425,sitting
241204322694000,-0.937909,3.151087,8.510567,-0.31617185,0.29527125,-0.009585,-34.987503,4.4437504,-13.5375,sitting
241204342714000,-0.995332,3.036241,9.008233,-0.3125775,0.30312562,-0.0094518745,-35.025,4.78125,-13.70625,sitting
241204362733000,-1.071896,3.0171,9.582463,-0.29819998,0.30339187,-0.010383749,-35.1375,5.2125,-13.968751,sitting
241204382753000,-1.033614,3.055382,9.639886,-0.2753025,0.2999306,-0.0127799995,-35.2125,5.26875,-13.89375,sitting
241204402773000,-0.937909,3.036241,9.295348,-0.24747936,0.29686874,-0.01704,-35.15625,5.175,-13.931251,sitting
241204422792000,-0.823063,2.9979591,8.969951,-0.21845812,0.29859936,-0.023030624,-35.1375,5.08125,-13.89375,sitting
241204442812000,-0.76564,2.9979591,8.778541,-0.19036874,0.3079181,-0.029686874,-35.11875,5.15625,-13.856251,sitting
241204462831000,-0.899627,2.9979591,8.797682,-0.1645425,0.32509124,-0.036742497,-35.100002,5.1937504,-13.81875,sitting
241204482851000,-0.976191,3.0936642,8.874246,-0.14097936,0.34732312,-0.045395624,-35.1375,5.25,-13.687501,sitting
241204502870000,-0.95704997,3.1893692,8.95081,-0.11994562,0.36968812,-0.057110623,-35.2125,5.3250003,-13.63125,sitting
241204522890000,-0.899627,3.2276511,8.989092,-0.10184062,0.38792622,-0.07242,-35.30625,5.26875,-13.425,sitting
241204542909000,-0.76564,3.246792,9.065656,-0.0867975,0.40017372,-0.08972625,-35.41875,5.25,-13.14375,sitting
241204562929000,-0.65079397,3.246792,9.180502,-0.07468312,0.40603122,-0.1065,-35.4375,5.1937504,-12.88125,sitting
241204582948000,-0.65079397,3.2276511,9.199643,-0.06523125,0.40669686,-0.11994562,-35.381252,5.1375003,-12.656251,sitting
241204602968000,-0.631653,3.246792,9.123079,-0.058042496,0.40296936,-0.12886499,-35.4375,4.9875,-12.525001,sitting
241204622987000,-0.57423,3.265933,8.989092,-0.0527175,0.3956475,-0.13325812,-35.49375,4.875,-12.243751,sitting
241204643007000,-0.516807,3.265933,8.874246,-0.0484575,0.3849975,-0.1347225,-35.568752,4.6687503,-12.056251,sitting
241204663026000,-0.363679,3.285074,8.835964,-0.044330623,0.37048686,-0.13419,-35.625,4.3875003,-11.85,sitting
241204683046000,-0.363679,3.285074,8.606272,-0.03913875,0.33574125,-0.123806246,-35.60625,4.05,-11.6625,sitting
241204703065000,-0.287115,3.380779,8.56799,-0.031550623,0.31457436,-0.11861437,-35.5875,3.6937501,-11.625,sitting
241204723085000,-0.306256,3.4382021,8.625413,-0.025027499,0.2966025,-0.11435437,-35.60625,3.6562502,-11.55,sitting
241204743105000,-0.363679,3.610471,8.874246,-0.0067893746,0.26664937,-0.105168745,-35.60625,3.7500002,-11.606251,sitting
241204763124000,-0.38282,3.78274,9.084797,0.00878625,0.24108936,-0.09731437,-35.79375,3.80625,-11.55,sitting
241204783144000,-0.421102,3.897586,9.14222,0.040736247,0.21126936,-0.08559937,-35.8125,3.9750001,-11.681251,sitting
241204803163000,-0.421102,3.897586,9.065656,0.09132375,0.18770625,-0.07707937,-35.775,4.1625004,-11.85,sitting
241204823183000,-0.401961,3.78274,8.931669,0.12740062,0.16480875,-0.0686925,-35.7,4.3500004,-12.262501,sitting
241204843202000,-0.363679,3.6487532,8.816823,0.16201311,0.14563875,-0.062036246,-35.5875,4.6875,-12.637501,sitting
241204863222000,-0.344538,3.514766,8.663695,0.19143374,0.12953062,-0.056578122,-35.4375,4.6687503,-13.031251,sitting
241204883241000,-0.421102,3.457343,8.529708,0.211935,0.11515312,-0.05125312,-35.25,4.8187504,-13.425,sitting
241204903261000,-0.57423,3.514766,8.453144,0.20368125,0.10024312,-0.044996247,-35.081253,4.89375,-13.743751,sitting
241204923280000,-0.76564,3.629612,8.587131,0.2018175,0.083069995,-0.036609374,-35.025,5.025,-13.968751,sitting
241204943300000,-0.95704997,3.801881,8.663695,0.20021999,0.068426244,-0.029553749,-35.025,5.1937504,-14.175,sitting
241204963319000,-1.033614,3.8784451,8.606272,0.17106561,0.058441874,-0.025293749,-35.04375,5.3625,-14.2875,sitting
241204983339000,-1.110178,3.725317,8.625413,0.137385,0.017705625,-0.012513749,-35.0625,5.5125003,-14.493751,sitting
241205003358000,-1.205883,3.6678941,8.701977,0.09372,-0.03621,5.325E-4,-35.081253,5.55,-14.718751,sitting
241205023378000,-1.378152,3.687035,9.008233,0.046061248,-0.07242,0.0046593747,-35.0625,5.6062503,-14.6625,sitting
241205043398000,-1.492998,3.78274,9.199643,-6.65625E-4,-0.10836375,0.008120624,-35.0625,5.53125,-14.55,sitting
241205063417000,-1.4738569,3.801881,9.161361,-0.0426,-0.141645,0.0105168745,-35.04375,5.3625,-14.2875,sitting
241205083437000,-1.282447,3.59133,8.969951,-0.07668,-0.17053312,0.011715,-35.193752,5.175,-14.118751,sitting
241205103456000,-1.071896,3.39992,8.816823,-0.10144125,-0.19409624,0.011448749,-35.2125,5.0437503,-14.08125,sitting
241205123476000,-0.937909,3.380779,8.835964,-0.11661749,-0.21153562,0.00985125,-35.23125,4.9875,-13.9875,sitting
241205143503000,-0.823063,3.476484,8.989092,-0.122475,-0.22245187,0.007854375,-35.2125,4.89375,-13.762501,sitting
241205163523000,-0.823063,3.495625,9.199643,-0.120345,-0.22711124,0.0062568747,-35.175003,4.70625,-13.575001,sitting
241205183542000,-0.842204,3.457343,9.276207,-0.10889625,-0.21126936,0.005325,-35.287502,4.5375004,-13.33125,sitting
241205203562000,-0.899627,3.361638,9.161361,-0.09704812,-0.20700936,0.0058575,-35.362503,4.5750003,-13.2375,sitting
241205223581000,-0.937909,3.342497,8.912528,-0.087063745,-0.20341499,0.0063899998,-35.456253,4.5375004,-13.14375,sitting
241205243601000,-0.937909,3.380779,8.682836,-0.07428375,-0.17372812,0.005458125,-35.381252,4.6875,-13.218751,sitting
241205263620000,-0.899627,3.39992,8.701977,-0.05551312,-0.1677375,0.005325,-35.34375,4.74375,-13.087501,sitting
241205283640000,-0.880486,3.457343,8.893387,-0.039405,-0.16254562,0.0051918747,-35.2125,4.8562503,-13.125001,sitting
241205303659000,-0.880486,3.476484,9.103938,-0.033680625,-0.13884936,0.00452625,-35.193752,4.6875,-12.806251,sitting
241205323679000,-0.842204,3.476484,9.161361,-0.011715,-0.12713437,0.0073218746,-35.11875,4.6687503,-12.675,sitting
241205343698000,-0.803922,3.361638,9.008233,0.007055625,-0.11728312,0.009718125,-35.1375,4.51875,-12.7875,sitting
241205363718000,-0.784781,3.285074,8.855105,0.005990625,-0.100109994,0.008253749,-35.15625,4.65,-12.731251,sitting
241205383737000,-0.823063,3.265933,8.835964,0.018238124,-0.09784687,0.023296874,-35.25,4.51875,-12.712501,sitting
241205403757000,-0.842204,3.285074,8.835964,0.028621875,-0.09585,0.036076874,-35.268753,4.40625,-12.6,sitting
241205423776000,-0.842204,3.285074,8.855105,0.024494998,-0.081871875,0.030885,-35.25,4.33125,-12.6,sitting
241205443796000,-0.803922,3.246792,8.874246,0.020900624,-0.069890626,0.02635875,-35.268753,4.51875,-12.993751,sitting
241205463816000,-0.784781,3.2085102,8.912528,0.01783875,-0.05977312,0.022498123,-35.287502,4.8562503,-13.406251,sitting
241205483835000,-0.76564,3.2085102,8.989092,0.015309375,-0.050986875,0.01917,-35.287502,5.1375003,-13.650001,sitting
241205503855000,-0.784781,3.265933,9.008233,0.01304625,-0.043531872,0.016374374,-35.325,5.08125,-13.5375,sitting
241205523874000,-0.803922,3.361638,8.969951,0.0111825,-0.037274998,0.013978125,-35.193752,5.0437503,-13.481251,sitting
241205543894000,-0.803922,3.361638,8.931669,0.0094518745,-0.031816874,0.01198125,-35.11875,5.1000004,-13.556251,sitting
241205563913000,-0.842204,3.3042152,8.893387,-0.009718125,-0.022631248,0.008919375,-35.100002,5.175,-13.762501,sitting
241205583933000,-0.861345,3.2085102,8.969951,-0.026225625,-0.014776874,0.0063899998,-35.11875,5.34375,-13.81875,sitting
241205603952000,-0.937909,3.170228,9.123079,-0.022365,-0.012646874,0.005458125,-35.2125,5.2875004,-13.781251,sitting
241205623972000,-0.937909,3.285074,9.257066,-0.01677375,0.014909999,-0.0062568747,-35.25,5.3625,-13.762501,sitting
241205643991000,-0.95704997,3.3233562,9.295348,-0.012114375,0.03834,-0.016241249,-35.23125,5.26875,-13.63125,sitting
241205664011000,-0.995332,3.2276511,9.276207,-0.0051918747,0.052850623,-0.018770624,-35.175003,5.3625,-13.743751,sitting
241205684030000,-0.937909,3.1128051,9.14222,7.9874997E-4,0.06523125,-0.021033749,-35.0625,5.2875004,-13.856251,sitting
241205704050000,-0.842204,3.0171,8.835964,0.009585,0.06909187,-0.02209875,-35.081253,5.0625,-13.837501,sitting
241205724069000,-0.689076,3.036241,8.510567,0.01704,0.07255312,-0.023163749,-35.025,4.8187504,-13.81875,sitting
241205744089000,-0.65079397,2.959677,8.395721,0.014510624,0.061903123,-0.019835625,-35.006252,4.4625,-13.856251,sitting
241205764109000,-0.861345,2.844831,8.797682,0.012513749,0.052850623,-0.016906874,-34.96875,4.425,-14.025001,sitting
241205784128000,-1.167601,2.844831,9.410194,0.035278123,0.041002497,-0.00878625,-35.025,4.21875,-14.1,sitting
241205804148000,-1.378152,2.8639722,9.71645,0.054847497,0.030885,-0.0018637499,-35.11875,4.1625004,-13.762501,sitting
241205824167000,-1.3590109,2.9788182,9.735591,0.056578122,0.01091625,0.0057243747,-35.11875,4.0687504,-13.650001,sitting
241205844187000,-1.244165,3.036241,9.371912,0.057909373,-0.0062568747,0.012247499,-35.025,4.1062503,-13.762501,sitting
241205864206000,-1.167601,2.9979591,9.103938,0.055113748,-0.024761248,0.0213,-34.987503,4.2562504,-14.175,sitting
241205884226000,-1.3015879,3.0936642,8.989092,0.052850623,-0.040603124,0.029154373,-34.912502,4.5375004,-14.45625,sitting
241205904245000,-1.225024,2.902254,8.95081,0.049389374,-0.055379998,0.039538123,-35.006252,4.7250004,-14.56875,sitting
241205924265000,-1.186742,2.6342802,8.835964,0.046460625,-0.06802687,0.048324373,-34.95,4.875,-14.437501,sitting
241205944284000,-1.071896,2.615139,8.816823,0.04446375,-0.0772125,0.054847497,-34.85625,4.9500003,-14.418751,sitting
241205964304000,-1.071896,2.729985,8.989092,0.04286625,-0.08506687,0.06043875,-34.893753,4.9875,-14.156251,sitting
241205984323000,-1.320729,3.0936642,9.486758,0.041801248,-0.08919375,0.057509996,-35.025,5.0437503,-13.89375,sitting
241206004343000,-1.263306,3.0171,9.869578,0.040869374,-0.092654996,0.055113748,-35.100002,4.9500003,-13.575001,sitting
241206024362000,-1.167601,2.806549,9.869578,0.03487875,-0.079076245,0.04699312,-35.193752,4.8562503,-13.275001,sitting
241206044382000,-0.95704997,2.6725621,9.429335,0.029819999,-0.06749437,0.04020375,-35.25,4.78125,-13.012501,sitting
241206064401000,-0.823063,2.729985,8.778541,0.03168375,-0.073484994,0.032216247,-35.23125,4.6687503,-12.825001,sitting
241206084421000,-0.880486,2.940536,8.242593,0.033281248,-0.078543745,0.025293749,-35.2125,4.6687503,-12.806251,sitting
241206104441000,-0.861345,3.151087,7.917196,0.02848875,-0.067095,0.021699375,-35.1375,4.6125,-12.843751,sitting
241206124460000,-0.823063,3.285074,7.936337,0.024361875,-0.05724375,0.018504374,-35.175003,4.6312504,-12.8625,sitting
241206144480000,-0.803922,3.361638,8.18517,0.020767499,-0.048856873,0.015841875,-35.23125,4.65,-12.618751,sitting
241206164499000,-0.803922,3.361638,8.644554,0.01304625,-0.025559999,-0.0017306249,-35.41875,4.6125,-12.262501,sitting
241206184519000,-0.746499,3.265933,9.103938,0.0063899998,-0.005458125,-0.016640624,-35.475002,4.40625,-11.793751,sitting
241206204538000,-0.593371,3.0936642,9.448476,-0.0015974999,0.009718125,-0.023163749,-35.456253,4.36875,-11.71875,sitting
241206224558000,-0.440243,3.074523,9.391053,-0.008386875,0.022764374,-0.028888123,-35.362503,4.3125,-11.64375,sitting
241206244577000,-0.267974,3.074523,9.314489,-0.016241249,0.035810623,-0.03408,-35.325,4.125,-11.7375,sitting
241206264597000,-0.210551,3.170228,9.352771,-0.022897499,0.04712625,-0.03847312,-35.268753,4.0125003,-11.8125,sitting
241206284616000,-0.19141,3.3042152,9.582463,-0.028355625,0.057776246,-0.03967125,-35.2125,3.6562502,-11.793751,sitting
241206304636000,-0.172269,3.3233562,9.831296,-0.033014998,0.06696187,-0.040603124,-35.15625,3.35625,-11.64375,sitting
241206324655000,-0.248833,3.246792,9.869578,-0.0282225,0.05724375,-0.034745622,-35.0625,2.86875,-11.625,sitting
241206344675000,-0.47852498,3.074523,9.697309,-0.03008625,0.069491245,-0.033680625,-35.0625,2.53125,-11.6625,sitting
241206364694000,-0.899627,2.940536,9.429335,-0.03168375,0.079875,-0.032748748,-35.11875,2.23125,-12.075001,sitting
241206384714000,-1.33987,2.902254,9.161361,-0.027024373,0.068293124,-0.02795625,-35.100002,2.325,-12.093751,sitting
241206404734000,-1.607844,2.902254,8.969951,-0.023030624,0.058308747,-0.023829374,-35.025,2.3812501,-12.168751,sitting
241206424753000,-1.550421,2.940536,8.931669,-0.0197025,0.049788747,-0.020368123,-34.85625,2.3625002,-12.0,sitting
241206444773000,-1.282447,2.959677,9.008233,-0.016906874,0.042466875,-0.017439375,-34.893753,2.325,-11.94375,sitting
241206464792000,-1.071896,3.036241,9.008233,-0.014377499,0.036343124,-0.014909999,-34.8375,2.0812502,-11.925,sitting
241206484812000,-0.976191,3.131946,8.816823,0.006523125,0.028355625,-0.00292875,-34.875,1.9687501,-12.01875,sitting
241206504831000,-1.091037,3.170228,8.529708,0.024494998,0.021433124,0.0071887495,-34.725002,2.025,-12.093751,sitting
241206524851000,-1.3015879,3.1893692,8.37658,0.020900624,0.018371249,0.0062568747,-34.7625,2.1375,-12.262501,sitting
241206544870000,-1.3590109,3.170228,8.434003,0.0314175,0.008253749,0.005990625,-34.78125,2.23125,-12.337501,sitting
241206564890000,-1.320729,3.1893692,8.56799,0.040469997,-2.6625E-4,0.0058575,-34.706253,2.025,-12.450001,sitting
241206584909000,-1.186742,3.246792,8.682836,0.034479372,-2.6625E-4,0.004925625,-34.65,1.6125001,-12.4125,sitting
241206604929000,-1.14846,3.3233562,8.625413,0.041934375,-0.011715,0.0074549997,-34.59375,1.3687501,-12.656251,sitting
241206624948000,-1.263306,3.380779,8.56799,0.048324373,-0.02156625,0.009585,-34.575,1.2750001,-12.7875,sitting
241206644968000,-1.397293,3.342497,8.606272,0.041268747,-0.018371249,0.008253749,-34.59375,1.21875,-13.031251,sitting
241206664987000,-1.550421,3.2276511,8.701977,0.035278123,-0.01570875,0.007055625,-34.5,1.3875,-13.2375,sitting
241206685007000,-1.665267,3.1128051,8.816823,0.040336873,-0.026491875,0.007588125,-34.425003,1.40625,-13.575001,sitting
241206705026000,-1.741831,3.036241,8.912528,0.04473,-0.0356775,0.007987499,-34.350002,1.5937501,-13.931251,sitting
241206725046000,-1.8566769,3.0171,8.989092,0.038206875,-0.030485624,0.0067893746,-34.256252,1.6500001,-14.250001,sitting
241206745066000,-1.9140999,2.9979591,9.027374,0.032615624,-0.0260925,0.0058575,-34.331253,1.5937501,-14.475,sitting
241206765085000,-1.952382,2.959677,9.008233,0.027823124,-0.022231875,0.0050587496,-34.3125,1.5937501,-14.475,sitting
241206785105000,-2.048087,2.940536,8.816823,0.023829374,-0.019036874,0.00426,-34.3125,1.4250001,-14.1,sitting
241206805124000,-2.124651,2.921395,8.644554,0.020368123,-0.016241249,0.0035943747,-34.21875,1.35,-13.725,sitting
241206825144000,-2.182074,2.959677,8.491426,0.018504374,-0.033148125,0.027823124,-34.237503,1.25625,-13.44375,sitting
241206845163000,-2.143792,2.9979591,8.395721,0.016906874,-0.04765875,0.0484575,-34.256252,1.0500001,-13.25625,sitting
241206865183000,-2.067228,3.055382,8.357439,0.014510624,-0.040736247,0.041401874,-34.40625,0.88125,-13.125001,sitting
241206885202000,-1.952382,3.131946,8.338298,0.00772125,-0.060838122,0.037541248,-34.425003,0.7875,-12.993751,sitting
241206905222000,-1.818395,3.170228,8.491426,0.0019968748,-0.078011245,0.034213122,-34.3875,0.84375006,-12.95625,sitting
241206925241000,-1.626985,3.170228,8.701977,0.0018637499,-0.0942525,0.025160624,-34.350002,0.84375006,-12.937501,sitting
241206945261000,-1.454716,3.131946,8.931669,0.0018637499,-0.107964374,0.017439375,-34.3125,1.0500001,-13.14375,sitting
241206965280000,-1.397293,3.074523,9.008233,0.00452625,-0.12992999,0.008653125,-34.36875,1.2375001,-13.293751,sitting
241206985300000,-1.435575,2.9979591,9.027374,0.0090525,-0.17226374,-0.0035943747,-34.425003,1.4250001,-13.33125,sitting
241207005319000,-1.53128,2.959677,9.065656,0.012380624,-0.19689187,-0.012380624,-34.5,1.6125001,-13.125001,sitting
241207025339000,-1.588703,2.902254,9.180502,0.016108124,-0.22338374,-0.020368123,-34.59375,1.5375,-12.88125,sitting
241207045359000,-1.569562,2.8639722,9.33363,0.020368123,-0.25054124,-0.027290624,-34.5,1.5562501,-13.087501,sitting
241207065378000,-1.569562,2.787408,9.429335,0.026491875,-0.27783185,-0.033414375,-34.36875,1.4625001,-13.293751,sitting
241207085398000,-1.626985,2.7682672,9.371912,0.0356775,-0.30445686,-0.03834,-34.350002,1.3687501,-13.35,sitting
241207105417000,-1.72269,2.7491262,9.276207,0.048989996,-0.33014998,-0.042067498,-34.237503,1.3312501,-13.35,sitting
241207125437000,-1.8566769,2.729985,9.123079,0.06682875,-0.35411248,-0.045528747,-34.256252,1.3687501,-13.406251,sitting
241207145456000,-1.9140999,2.729985,9.008233,0.08826187,-0.3766106,-0.048590623,-34.237503,1.40625,-13.51875,sitting
241207165476000,-1.9140999,2.729985,8.931669,0.11089312,-0.39751124,-0.05151937,-34.331253,1.48125,-13.593751,sitting
241207185495000,-1.8566769,2.729985,8.855105,0.13126124,-0.4165481,-0.053915624,-34.443752,1.25625,-13.275001,sitting
241207205515000,-1.780113,2.729985,8.816823,0.14563875,-0.43292248,-0.05564625,-34.40625,1.1625,-13.106251,sitting
241207225534000,-1.741831,2.729985,8.7594,0.14989874,-0.44503686,-0.057110623,-34.40625,1.0875001,-12.88125,sitting
241207245554000,-1.703549,2.787408,8.740259,0.14084624,-0.45169312,-0.058574997,-34.3875,0.975,-12.806251,sitting
241207265573000,-1.665267,2.82569,8.778541,0.11608499,-0.45262498,-0.06177,-34.443752,1.0125,-12.6,sitting
241207285593000,-1.588703,2.844831,8.893387,0.073884375,-0.44823185,-0.068293124,-34.631252,0.90000004,-12.3,sitting
241207305612000,-1.512139,2.82569,9.027374,0.015841875,-0.44037747,-0.07761187,-34.706253,0.84375006,-12.187501,sitting
241207325632000,-1.454716,2.787408,9.103938,-0.05325,-0.43145812,-0.086265,-34.800003,0.84375006,-12.20625,sitting
241207345651000,-1.454716,2.787408,9.123079,-0.12567,-0.42493498,-0.090924375,-34.725002,1.0500001,-12.262501,sitting
241207365671000,-1.492998,2.787408,9.084797,-0.19476187,-0.4240031,-0.091057494,-34.74375,1.25625,-12.450001,sitting
241207385691000,-1.512139,2.806549,9.008233,-0.25586623,-0.4297275,-0.08852812,-34.706253,1.48125,-12.50625,sitting
241207405710000,-1.4738569,2.82569,8.95081,-0.30485624,-0.44011122,-0.085333124,-34.725002,1.40625,-12.4875,sitting
241207425730000,-1.435575,2.787408,8.95081,-0.33840373,-0.4500956,-0.08320312,-34.65,1.3125,-12.525001,sitting
241207445749000,-1.378152,2.729985,8.989092,-0.35464498,-0.4554206,-0.08267062,-34.59375,1.2750001,-12.618751,sitting
241207465769000,-1.4164339,2.6725621,9.027374,-0.3547781,-0.45369,-0.08400187,-34.59375,1.40625,-12.900001,sitting
241207485788000,-1.512139,2.6342802,8.989092,-0.34239748,-0.44517,-0.08666437,-34.612503,1.5375,-13.125001,sitting
241207505808000,-1.607844,2.6342802,8.989092,-0.32083124,-0.43265623,-0.08959312,-34.706253,1.66875,-13.25625,sitting
241207525827000,-1.626985,2.6342802,9.008233,-0.29274186,-0.41934374,-0.09185625,-34.725002,1.6500001,-13.087501,sitting
241207545847000,-1.588703,2.615139,9.084797,-0.26079187,-0.40882686,-0.09305437,-34.7625,1.5,-12.7875,sitting
241207565866000,-1.512139,2.615139,9.123079,-0.22844249,-0.4027031,-0.092654996,-34.74375,1.3312501,-12.50625,sitting
241207585886000,-1.4738569,2.615139,9.14222,-0.19902186,-0.40043998,-0.09025875,-34.7625,1.0875001,-12.01875,sitting
241207605905000,-1.435575,2.615139,9.123079,-0.17466,-0.39924186,-0.08559937,-34.893753,1.06875,-11.775001,sitting
241207625925000,-1.378152,2.615139,9.123079,-0.15642187,-0.39604685,-0.0793425,-34.96875,0.91875005,-11.53125,sitting
241207645944000,-1.320729,2.595998,9.084797,-0.14470688,-0.3883256,-0.07268625,-35.081253,0.95625,-11.4375,sitting
241207665964000,-1.263306,2.615139,9.027374,-0.13871625,-0.37581187,-0.06669562,-34.987503,0.90000004,-11.475,sitting
241207685984000,-1.244165,2.595998,8.989092,-0.13765125,-0.3590381,-0.06043875,-34.818752,1.0500001,-11.85,sitting
241207706003000,-1.282447,2.595998,8.969951,-0.13991436,-0.34000123,-0.054048747,-34.65,1.1437501,-12.187501,sitting
241207726023000,-1.3015879,2.595998,9.027374,-0.14390811,-0.32043186,-0.048058122,-34.74375,1.03125,-12.20625,sitting
241207746042000,-1.320729,2.5577161,9.180502,-0.14803499,-0.30179435,-0.04393125,-34.800003,0.8625,-12.13125,sitting
241207766062000,-1.3590109,2.519434,9.314489,-0.15149625,-0.28382248,-0.041801248,-35.04375,0.69375,-11.981251,sitting
241207786081000,-1.4164339,2.4428701,9.391053,-0.15349312,-0.2663831,-0.041934375,-34.95,0.675,-12.075001,sitting
241207806101000,-1.53128,2.404588,9.352771,-0.14271,-0.23909248,-0.039405,-35.006252,0.54375005,-11.981251,sitting
241207826120000,-1.607844,2.404588,9.33363,-0.14137875,-0.22524749,-0.0431325,-34.987503,0.675,-11.90625,sitting
241207846140000,-1.588703,2.385447,9.371912,-0.14018062,-0.21339937,-0.046194375,-34.987503,0.7875,-11.7375,sitting
241207866159000,-1.569562,2.404588,9.352771,-0.13272563,-0.20474625,-0.0484575,-34.987503,1.125,-11.8125,sitting
241207886179000,-1.550421,2.4237292,9.257066,-0.12646875,-0.19729124,-0.050321247,-34.912502,1.2375001,-11.75625,sitting
241207906198000,-1.550421,2.462011,9.103938,-0.115286246,-0.19556062,-0.049655624,-34.96875,1.1437501,-11.512501,sitting
241207926218000,-1.454716,2.519434,8.989092,-0.10583437,-0.19409624,-0.048989996,-35.006252,1.06875,-11.025001,sitting
241207946237000,-1.282447,2.5385752,8.95081,-0.092122495,-0.19396311,-0.046593748,-35.11875,1.06875,-10.51875,sitting
241207966257000,-1.110178,2.5385752,8.95081,-0.08054062,-0.19383,-0.044330623,-35.268753,1.0875001,-10.35,sitting
241207986276000,-1.014473,2.5577161,8.95081,-0.064831875,-0.19289812,-0.04286625,-35.268753,0.93750006,-10.33125,sitting
241208006296000,-1.014473,2.595998,8.893387,-0.05138625,-0.19196624,-0.041401874,-35.23125,0.82500005,-10.44375,sitting
241208026316000,-1.052755,2.6342802,8.855105,-0.035810623,-0.192765,-0.041668124,-35.2125,0.73125005,-10.462501,sitting
241208046335000,-1.033614,2.6534212,8.874246,-0.022365,-0.19343062,-0.041801248,-35.2125,1.0125,-10.59375,sitting
241208066355000,-0.995332,2.6725621,9.008233,-0.0154425,-0.19156687,-0.042466875,-35.175003,1.2750001,-10.650001,sitting
241208086374000,-0.937909,2.691703,9.199643,-0.009585,-0.18996936,-0.042999372,-35.081253,1.48125,-10.8,sitting
241208106394000,-0.918768,2.691703,9.391053,-0.01065,-0.19023561,-0.042200625,-35.04375,1.5937501,-11.025001,sitting
241208126413000,-0.976191,2.615139,9.467617,-0.011448749,-0.19036874,-0.041668124,-35.04375,1.63125,-11.325001,sitting
241208146433000,-1.091037,2.5577161,9.467617,-0.014244375,-0.19076812,-0.03594375,-35.025,1.5937501,-11.45625,sitting
241208166452000,-1.186742,2.500293,9.429335,-0.016507499,-0.19116749,-0.031018123,-35.025,1.4625001,-11.418751,sitting
241208186472000,-1.244165,2.500293,9.371912,-0.014776874,-0.19076812,-0.020767499,-35.025,1.3312501,-11.175,sitting
241208206491000,-1.244165,2.5385752,9.391053,-0.0133125,-0.19050187,-0.012114375,-35.006252,1.21875,-11.025001,sitting
241208226511000,-1.244165,2.576857,9.52504,-0.008120624,-0.18650812,-0.004925625,-35.006252,1.1625,-11.137501,sitting
241208246530000,-1.225024,2.595998,9.620745,-0.0037274999,-0.18317999,0.001198125,-34.95,1.3312501,-11.231251,sitting
241208266550000,-1.225024,2.6534212,9.620745,-0.0031949999,-0.15642187,9.3187497E-4,-34.912502,1.3687501,-11.64375,sitting
241208286569000,-1.167601,2.806549,9.505899,-0.0026625,-0.1336575,7.9874997E-4,-34.706253,1.40625,-12.01875,sitting
241208306589000,-1.110178,3.036241,9.52504,-0.008386875,-0.12899812,0.0094518745,-34.425003,1.21875,-12.618751,sitting
241208326609000,-1.167601,3.151087,9.812155,-0.0133125,-0.12500437,0.016906874,-33.975002,1.0125,-13.406251,sitting
241208346628000,-1.3590109,3.170228,9.965283,-0.011448749,-0.106766246,0.014377499,-33.6375,0.84375006,-13.950001,sitting
241208366648000,-1.665267,3.151087,9.371912,-0.026225625,-0.08426812,0.020234998,-33.487503,0.7875,-14.587501,sitting
241208386667000,-1.818395,3.2276511,8.529708,-0.0388725,-0.06509812,0.025160624,-33.46875,0.52500004,-14.83125,sitting
241208406687000,-1.492998,3.151087,7.668363,-0.044330623,-0.0346125,0.031018123,-33.412502,0.15,-15.337501,sitting
241208426706000,-1.569562,3.1893692,7.630081,-0.049123123,-0.008653125,0.03594375,-33.09375,-0.28125,-15.975,sitting
241208446726000,-1.9140999,3.055382,8.108606,-0.049921874,0.029287498,0.04233375,-32.8125,-0.4875,-16.66875,sitting
241208466745000,-2.660599,2.9788182,8.816823,-0.053383123,0.084134996,0.0527175,-32.53125,-0.65625,-17.1,sitting
241208486765000,-2.7180219,2.6725621,9.161361,-0.050986875,0.118214995,0.054048747,-32.325,-0.80625004,-17.34375,sitting
241208506784000,-2.813727,2.6725621,9.371912,-0.049522497,0.14936624,0.054714374,-32.325,-0.99375004,-17.456251,sitting
241208526804000,-3.25397,2.8639722,9.276207,-0.049921874,0.17639062,0.0559125,-32.475002,-1.29375,-17.1375,sitting
241208546823000,-3.923905,2.9788182,9.008233,-0.05325,0.19822311,0.058841247,-32.8125,-1.48125,-16.575,sitting
241208566843000,-4.191879,2.806549,8.682836,-0.0601725,0.21379875,0.06256875,-33.05625,-1.7062501,-15.468751,sitting
241208586862000,-3.6176488,2.4428701,8.127747,-0.07042312,0.22311749,0.06523125,-33.1875,-1.7812501,-14.700001,sitting
241208606882000,-2.8328679,2.270601,7.744927,-0.08333625,0.226845,0.067760624,-33.15,-1.81875,-14.250001,sitting
241208626901000,-2.526612,2.481152,7.572658,-0.09864562,0.22418249,0.07175437,-33.225002,-1.6125001,-14.26875,sitting
241208646921000,-2.354343,2.519434,7.5917993,-0.11661749,0.21233436,0.07881,-33.28125,-1.0875001,-14.55,sitting
241208666941000,-2.584035,2.710844,7.706645,-0.117016874,0.18890437,0.07707937,-33.375,-0.3,-14.64375,sitting
241208686960000,-2.890291,2.82569,7.974619,-0.13498874,0.15509062,0.090924375,-33.61875,0.46875003,-14.2875,sitting
241208706980000,-2.622317,2.615139,8.223452,-0.15016499,0.12633562,0.1027725,-33.80625,1.03125,-13.51875,sitting
241208726999000,-2.239497,2.3280241,8.721118,-0.13552125,0.091057494,0.11049375,-34.068752,1.5375,-12.993751,sitting
241208747019000,-1.894959,1.8877811,9.295348,-0.1230075,0.06097125,0.11728312,-34.21875,1.95,-12.637501,sitting
241208767038000,-1.741831,1.600666,9.773873,-0.06855937,0.058441874,0.11115937,-34.350002,2.2687502,-12.168751,sitting
241208787058000,-1.894959,1.9069221,9.601604,0.0074549997,0.0782775,0.1049025,-34.4625,2.3625002,-11.6625,sitting
241208807077000,-1.703549,2.25146,8.931669,0.06722812,0.12567,0.08373562,-34.631252,2.3812501,-10.8,sitting
241208827097000,-1.378152,2.5385752,8.18517,0.113955,0.19263187,0.06030562,-34.706253,2.3812501,-10.2375,sitting
241208847116000,-1.454716,2.576857,7.955478,0.1357875,0.26838,0.037541248,-34.800003,2.68125,-10.1625,sitting
241208867136000,-1.550421,2.347165,8.434003,0.12700124,0.34000123,0.01704,-34.65,2.9437501,-10.3125,sitting
241208887155000,-1.282447,2.155755,9.14222,0.09079125,0.3963131,-9.3187497E-4,-34.612503,3.1312501,-10.59375,sitting
241208907175000,-0.57423,2.155755,10.003565,0.0388725,0.43119186,-0.015841875,-34.65,3.0937502,-10.63125,sitting
241208927194000,0.133987,2.174896,10.29068,-0.014909999,0.4426406,-0.027024373,-34.6875,2.775,-10.368751,sitting
241208947214000,-0.038282,2.25146,10.233257,-0.058708124,0.43358812,-0.034479372,-34.78125,2.4750001,-10.03125,sitting
241208967234000,-0.631653,2.174896,9.754732,-0.08493375,0.41029122,-0.0388725,-34.78125,2.1375,-9.75,sitting
241208987253000,-1.205883,2.136614,8.989092,-0.086265,0.36715874,-0.037674375,-34.93125,2.0062501,-9.337501,sitting
241209007273000,-1.454716,2.06005,8.37658,-0.073351875,0.3382706,-0.039804373,-35.04375,1.8937501,-8.94375,sitting
241209027292000,-1.492998,2.1174731,8.223452,-0.050054997,0.32469186,-0.047925,-35.100002,2.025,-8.71875,sitting
241209047312000,-1.4164339,2.174896,8.319157,-0.013179375,0.29859936,-0.055379998,-35.23125,2.1375,-8.6625,sitting
241209067331000,-1.186742,2.174896,8.663695,0.025426874,0.2738381,-0.06403312,-35.175003,2.2875001,-9.01875,sitting
241209087351000,-0.823063,2.136614,8.989092,0.060838122,0.24774562,-0.07029,-35.25,2.2125,-9.3,sitting
241209107370000,-0.593371,1.9069221,9.352771,0.07175437,0.21699375,-0.06696187,-35.2125,2.23125,-9.450001,sitting
241209127390000,-0.689076,1.7729352,9.735591,0.098911874,0.17878687,-0.06057187,-35.25,2.2875001,-9.712501,sitting
241209147409000,-0.784781,1.6580892,9.984424,0.14018062,0.13126124,-0.053915624,-35.30625,2.325,-9.7875,sitting
241209167429000,-0.823063,1.5815251,10.060988,0.15575625,0.07308562,-0.041401874,-35.287502,2.3625002,-9.618751,sitting
241209187448000,-0.803922,1.5241021,10.060988,0.16946812,0.0061237495,-0.026891248,-35.325,2.1750002,-9.28125,sitting
241209207468000,-0.823063,1.48582,9.965283,0.18291375,-0.064299375,-0.01198125,-35.34375,2.0812502,-8.775001,sitting
241209227487000,-0.880486,1.4475381,9.754732,0.19729124,-0.1304625,0.0015974999,-35.41875,1.9125,-8.493751,sitting
241209247507000,-0.899627,1.4475381,9.486758,0.21326624,-0.18504374,0.0127799995,-35.41875,1.9312501,-8.306251,sitting
241209267526000,-0.918768,1.4475381,9.352771,0.23137124,-0.22311749,0.020767499,-35.362503,1.9125,-8.2875,sitting
241209287546000,-0.937909,1.4475381,9.391053,0.25173935,-0.24295312,0.025426874,-35.34375,2.1000001,-8.4375,sitting
241209307566000,-0.880486,1.48582,9.467617,0.27343875,-0.24641436,0.027423749,-35.325,2.30625,-8.64375,sitting
241209327585000,-0.784781,1.543243,9.505899,0.29327437,-0.23682937,0.02795625,-35.4,2.49375,-8.85,sitting
241209347605000,-0.70821697,1.5815251,9.505899,0.3072525,-0.21845812,0.028089374,-35.4,2.6625001,-8.775001,sitting
241209367624000,-0.631653,1.6198071,9.448476,0.31071374,-0.19502811,0.027823124,-35.5125,2.71875,-8.512501,sitting
241209387644000,-0.57423,1.600666,9.391053,0.2866181,-0.16920187,0.025426874,-35.5125,2.68125,-8.137501,sitting
241209407663000,-0.535948,1.600666,9.33363,0.24481687,-0.14444062,0.021699375,-35.5875,2.5687501,-7.70625,sitting
241209427683000,-0.631653,1.6963711,9.352771,0.20913936,-0.12340687,0.018504374,-35.625,2.5687501,-7.65,sitting
241209447702000,-0.612512,1.7346531,9.33363,0.17865375,-0.105435,0.015841875,-35.643753,2.49375,-7.55625,sitting
241209467722000,-0.669935,1.7920761,9.314489,0.116484374,-0.088661246,0.016374374,-35.71875,2.5875,-7.5375004,sitting
241209487741000,-0.497666,1.6772301,9.276207,0.032881875,-0.07268625,0.016374374,-35.737503,2.3625002,-7.5375004,sitting
241209507761000,-0.421102,1.6389481,9.33363,-0.03487875,-0.059107497,0.014244375,-35.737503,2.2875001,-7.4437504,sitting
241209527780000,-0.459384,1.6198071,9.486758,-0.09451874,-0.048856873,0.0154425,-35.68125,2.1937501,-7.2375,sitting
241209547800000,-0.47852498,1.600666,9.639886,-0.14151187,-0.041401874,0.018903749,-35.568752,2.2125,-7.1625004,sitting
241209567819000,-0.47852498,1.5815251,9.678168,-0.17159812,-0.034213122,0.022631248,-35.5125,2.3812501,-7.1062503,sitting
241209587839000,-0.459384,1.6198071,9.659027,-0.1688025,-0.028089374,0.022631248,-35.41875,2.4562502,-7.3125005,sitting
241209607859000,-0.47852498,1.6389481,9.582463,-0.15881813,-0.015309375,0.024894373,-35.4375,2.5687501,-7.4625,sitting
241209627878000,-0.497666,1.6389481,9.505899,-0.15016499,-0.00426,0.026758123,-35.4,2.7,-7.7812505,sitting
241209647898000,-0.47852498,1.6580892,9.448476,-0.1049025,0.00852,0.025293749,-35.30625,2.9437501,-8.1,sitting
241209667917000,-0.421102,1.6580892,9.371912,-0.04819125,0.025693124,0.022631248,-35.30625,3.0187502,-8.175,sitting
241209687937000,-0.516807,1.7537941,9.276207,-0.0063899998,0.03434625,0.015043125,-35.34375,3.1312501,-8.26875,sitting
241209707956000,-0.65079397,1.8112171,9.180502,0.011315624,0.03541125,0.00985125,-35.381252,3.15,-8.175,sitting
241209727976000,-0.70821697,1.8877811,9.084797,0.021166874,0.04020375,6.65625E-4,-35.381252,3.24375,-8.1,sitting
241209747995000,-0.555089,1.9452041,9.027374,0.029686874,0.04446375,-0.007055625,-35.362503,3.2250001,-7.89375,sitting
241209768015000,-0.306256,1.9643451,9.008233,0.005990625,0.046061248,-0.016374374,-35.362503,3.16875,-7.6875005,sitting
241209788034000,-0.19141,1.983486,9.065656,-0.014244375,0.0473925,-0.02422875,-35.4,3.15,-7.6312504,sitting
241209808054000,-0.153128,1.9643451,9.161361,-0.036076874,0.054980624,-0.028355625,-35.4,3.0,-7.6125,sitting
241209828073000,-0.210551,1.9069221,9.237925,-0.06403312,0.075082496,-0.035011873,-35.4,2.98125,-7.5937505,sitting
241209848093000,-0.248833,1.8686401,9.237925,-0.06909187,0.097181246,-0.036742497,-35.475002,2.9250002,-7.4812503,sitting
241209868112000,-0.248833,1.8494991,9.257066,-0.06576375,0.12886499,-0.040070623,-35.60625,2.86875,-7.3875003,sitting
241209888132000,-0.210551,1.8494991,9.33363,-0.058175623,0.16946812,-0.044064373,-35.7,2.8312502,-7.2937503,sitting
241209908151000,-0.19141,1.8494991,9.429335,-0.052318122,0.21393187,-0.045395624,-35.7,2.775,-7.18125,sitting
241209928171000,-0.19141,1.8494991,9.544181,-0.05178562,0.25400248,-0.041268747,-35.662502,2.68125,-7.2375,sitting
241209948191000,-0.287115,1.8112171,9.620745,-0.05671125,0.2818256,-0.031151248,-35.5875,2.49375,-7.1250005,sitting
241209968210000,-0.401961,1.7920761,9.601604,-0.06629625,0.29380685,-0.016374374,-35.568752,2.325,-7.1062503,sitting
241209988230000,-0.497666,1.7729352,9.544181,-0.079608746,0.2898131,0.0015974999,-35.5125,2.325,-7.1625004,sitting
241210008249000,-0.555089,1.7537941,9.486758,-0.09465187,0.27357188,0.022231875,-35.475002,2.4,-7.2562504,sitting
241210028269000,-0.593371,1.7920761,9.52504,-0.094785,0.24375187,0.030751875,-35.475002,2.5687501,-7.3875003,sitting
241210048288000,-0.593371,1.8112171,9.582463,-0.10769812,0.22218561,0.05671125,-35.49375,2.6437502,-7.55625,sitting
241210068308000,-0.555089,1.8494991,9.52504,-0.118747495,0.20381437,0.07881,-35.456253,2.60625,-7.6312504,sitting
241210088327000,-0.516807,1.9260631,9.371912,-0.11901375,0.19582687,0.09585,-35.34375,2.68125,-7.8562503,sitting
241210108347000,-0.459384,1.983486,9.180502,-0.119279996,0.18903749,0.11036062,-35.381252,2.625,-7.8,sitting
241210128366000,-0.401961,2.06005,9.008233,-0.1038375,0.19955437,0.11741625,-35.4,2.8875,-7.9500003,sitting
241210148386000,-0.32539698,2.1174731,8.912528,-0.08440125,0.23283562,0.13285874,-35.475002,2.98125,-7.7250004,sitting
241210168405000,-0.267974,2.136614,8.893387,-0.054448124,0.2504081,0.1315275,-35.456253,3.1875002,-7.7812505,sitting
241210188425000,-0.210551,2.136614,8.95081,-0.018637499,0.27024373,0.12953062,-35.41875,3.3000002,-7.8187504,sitting
241210208444000,-0.210551,2.136614,9.084797,0.020900624,0.2903456,0.12859875,-35.362503,3.3000002,-7.7812505,sitting
241210228464000,-0.229692,2.0983322,9.218784,0.0612375,0.3079181,0.13006312,-35.49375,3.2250001,-7.70625,sitting
241210248484000,-0.267974,2.0791912,9.33363,0.098911874,0.32083124,0.13432312,-35.625,3.0937502,-7.5750003,sitting
241210268503000,-0.306256,2.06005,9.371912,0.13059562,0.3274875,0.14097936,-35.643753,3.0,-7.6125,sitting
241210288523000,-0.32539698,2.040909,9.391053,0.15402561,0.32762063,0.14909999,-35.643753,3.16875,-7.8375,sitting
241210308542000,-0.344538,2.06005,9.429335,0.1677375,0.32256186,0.15748687,-35.568752,3.3750002,-8.08125,sitting
241210328562000,-0.344538,2.040909,9.467617,0.17133187,0.31444123,0.16520812,-35.53125,3.73125,-8.3625,sitting
241210348581000,-0.32539698,2.021768,9.467617,0.16520812,0.30552188,0.17239687,-35.475002,3.7687502,-8.34375,sitting
241210368601000,-0.32539698,2.021768,9.410194,0.14816812,0.27929625,0.16307811,-35.475002,3.7687502,-8.34375,sitting
241210388620000,-0.363679,2.0026271,9.391053,0.1283325,0.27716625,0.17545874,-35.456253,3.5062501,-8.00625,sitting
241210408640000,-0.363679,2.0026271,9.448476,0.11142562,0.2753025,0.18610874,-35.41875,3.16875,-7.70625,sitting
241210428659000,-0.363679,1.983486,9.486758,0.0846675,0.27477,0.19822311,-35.5125,2.8125,-7.33125,sitting
241210448679000,-0.38282,1.983486,9.429335,0.052850623,0.29234248,0.22751062,-35.550003,2.60625,-7.1625004,sitting
241210468698000,-0.459384,1.9260631,9.180502,0.025027499,0.28368935,0.23190375,-35.550003,2.60625,-7.2375,sitting
241210488718000,-0.57423,1.9452041,8.931669,-0.0039937496,0.271575,0.23549812,-35.49375,2.86875,-7.4812503,sitting
241210508737000,-0.631653,1.983486,8.816823,-0.0346125,0.25599936,0.23935874,-35.41875,3.16875,-7.8,sitting
241210528757000,-0.535948,2.0026271,8.893387,-0.06722812,0.23736186,0.24468374,-35.381252,3.5062501,-7.93125,sitting
241210548776000,-0.267974,1.9452041,9.14222,-0.10130812,0.21606186,0.25227186,-35.4,3.5062501,-7.9875,sitting
241210568796000,-0.038282,1.7537941,9.448476,-0.13605374,0.19236562,0.26225623,-35.381252,3.43125,-7.7812505,sitting
241210588816000,0.038282,1.600666,9.601604,-0.169335,0.1677375,0.27410436,-35.41875,3.2812502,-7.74375,sitting
241210608835000,-0.038282,1.5623841,9.601604,-0.19942124,0.14310937,0.28728375,-35.5125,2.9625,-7.65,sitting
241210628855000,-0.133987,1.600666,9.486758,-0.22524749,0.11994562,0.30126187,-35.49375,2.7,-7.4437504,sitting
241210648874000,-0.19141,1.6389481,9.371912,-0.24814498,0.09917812,0.31524,-35.550003,2.34375,-7.1062503,sitting
241210668894000,-0.172269,1.6580892,9.391053,-0.26971123,0.08120625,0.32801998,-35.568752,2.1375,-6.8437505,sitting
241210688913000,-0.114846,1.5815251,9.486758,-0.29114437,0.06629625,0.33893624,-35.53125,1.9312501,-6.6937504,sitting
241210708933000,-0.038282,1.600666,9.563322,-0.3137756,0.053116873,0.34852123,-35.550003,1.8000001,-6.7875004,sitting
241210728952000,0.076564,1.6389481,9.620745,-0.33853686,0.0399375,0.35770687,-35.53125,1.7062501,-6.9,sitting
241210748972000,0.133987,1.6580892,9.620745,-0.36556125,0.0239625,0.36769125,-35.53125,1.63125,-7.0875,sitting
241210768991000,0.114846,1.6963711,9.582463,-0.3931181,0.00133125,0.37847435,-35.550003,1.4250001,-7.275,sitting
241210789011000,0.038282,1.6963711,9.563322,-0.41854498,-0.030219374,0.39005622,-35.456253,1.25625,-7.3125005,sitting
241210809030000,-0.076564,1.7346531,9.544181,-0.4393125,-0.071088746,0.4021706,-35.381252,1.0500001,-7.3500004,sitting
241210829050000,-0.133987,1.7346531,9.563322,-0.45395625,-0.11994562,0.41361937,-35.325,0.88125,-7.33125,sitting
241210849069000,-0.114846,1.7155122,9.563322,-0.46007997,-0.17532562,0.42187312,-35.381252,0.54375005,-7.1062503,sitting
241210869089000,-0.095705,1.7346531,9.52504,-0.45555374,-0.23509873,0.42586687,-35.4375,0.41250002,-6.8250003,sitting
241210889109000,-0.114846,1.7729352,9.352771,-0.43997812,-0.2955375,0.42626622,-35.41875,0.3,-6.4500003,sitting
241210909128000,-0.19141,1.8303581,9.065656,-0.41335312,-0.35145,0.42520124,-35.30625,0.26250002,-6.1875005,sitting
241210929148000,-0.267974,1.9643451,8.740259,-0.37621123,-0.39830998,0.42426935,-35.268753,0.1875,-6.05625,sitting
241210949167000,-0.172269,1.9452041,8.434003,-0.32881874,-0.4325231,0.42440248,-35.381252,0.075,-6.20625,sitting
241210969187000,-0.172269,1.9260631,8.280875,-0.27290624,-0.45169312,0.4250681,-35.4375,0.075,-6.1125,sitting
241210989206000,-0.19141,1.8112171,8.338298,-0.21087,-0.45462185,0.42520124,-35.550003,0.01875,-6.15,sitting
241211009226000,-0.267974,1.6772301,8.644554,-0.14457375,-0.44170874,0.42373687,-35.568752,-0.0375,-6.1875005,sitting
241211029245000,-0.267974,1.4475381,9.52504,-0.07588125,-0.41468436,0.42067498,-35.568752,-0.20625001,-6.20625,sitting
241211049265000,-0.114846,1.2369871,10.520372,-0.007055625,-0.37727624,0.4158825,-35.60625,-0.375,-6.1687503,sitting
241211069284000,0.095705,1.1795641,11.075461,0.059107497,-0.33321187,0.40829435,-35.53125,-0.54375005,-5.9437504,sitting
241211089304000,0.095705,1.3518331,10.730923,0.11954624,-0.28621873,0.39604685,-35.5125,-0.73125005,-5.8500004,sitting
241211109323000,0.057423,1.5815251,9.467617,0.171465,-0.23922561,0.37834123,-35.475002,-0.88125,-5.8875003,sitting
241211129343000,-0.229692,1.7729352,8.472285,0.213,-0.19356374,0.35664186,-35.4375,-0.71250004,-6.01875,sitting
241211149362000,-0.459384,1.7537941,8.319157,0.24308623,-0.14936624,0.33347812,-35.475002,-0.54375005,-6.3375,sitting
