phase,pointerId,pressure,size,timestamp,x,y
DOWN,0,1.0,0.037254903,301255808,312.1875,1417.4463
MOVE,0,1.0,0.037254903,301255849,296.70996,1376.5195
MOVE,0,1.0,0.03137255,301255858,276.0088,1321.4531
MOVE,0,1.0,0.050980397,301255866,244.21582,1231.5371
MOVE,0,1.0,0.04509804,301255874,209.17871,1134.4873
MOVE,0,1.0,0.050980397,301255882,167.0625,1041.3271
MOVE,0,1.0,0.037254903,301255891,120.4375,964.6084
MOVE,0,1.0,0.025490198,301255899,55.75586,882.3994
MOVE,0,1.0,0.025490198,301255899,55.10742,881.57715
UP,0,1.0,0.025490198,301255907,55.10742,881.57715
DOWN,0,1.0,0.037254903,301256083,156.6211,1052.9639
MOVE,0,1.0,0.04509804,301256107,161.37012,1061.7676
MOVE,0,1.0,0.050980397,301256113,165.78711,1070.1377
MOVE,0,1.0,0.05686275,301256123,177.02734,1092.8047
MOVE,0,1.0,0.05686275,301256133,203.30664,1151.8086
MOVE,0,1.0,0.050980397,301256141,243.23242,1245.6885
MOVE,0,1.0,0.04509804,301256149,287.74805,1357.4834
MOVE,0,1.0,0.04117647,301256158,330.7422,1479.6367
MOVE,0,1.0,0.03137255,301256166,361.7129,1591.1465
MOVE,0,1.0,0.003921569,301256174,386.29785,1708.2041
MOVE,0,1.0,0.003921569,301256174,386.54297,1709.375
UP,0,1.0,0.003921569,301256182,386.54297,1709.375
DOWN,0,1.0,0.03529412,301279862,775.98145,1240.0977
MOVE,0,1.0,0.04117647,301279877,775.75195,1239.1016
MOVE,0,1.0,0.04509804,301279882,775.4072,1236.4209
MOVE,0,1.0,0.04509804,301279891,775.29004,1228.752
MOVE,0,1.0,0.050980397,301279900,775.79004,1215.9014
MOVE,0,1.0,0.04509804,301279910,780.6377,1176.3164
MOVE,0,1.0,0.050980397,301279920,792.4844,1105.0371
MOVE,0,1.0,0.060784318,301279928,808.7822,1029.1582
MOVE,0,1.0,0.050980397,301279937,829.0449,946.9551
MOVE,0,1.0,0.060784318,301279945,851.958,867.5176
MOVE,0,1.0,0.05686275,301279953,877.2471,790.9365
MOVE,0,1.0,0.050980397,301279961,905.43066,717.77734
MOVE,0,1.0,0.050980397,301279970,934.9492,648.0459
MOVE,0,1.0,0.04117647,301279978,965.2637,585.13574
MOVE,0,1.0,0.04509804,301279986,990.1035,533.60547
MOVE,0,1.0,0.04117647,301279995,1008.624,488.41016
MOVE,0,1.0,0.025490198,301280003,1023.6875,450.06543
MOVE,0,1.0,0.0058823535,301280011,1033.7568,427.05957
MOVE,0,1.0,0.0058823535,301280011,1033.8574,426.83105
UP,0,1.0,0.0058823535,301280020,1033.8574,426.83105
DOWN,0,1.0,0.04509804,301280129,850.86914,676.4844
MOVE,0,1.0,0.04117647,301280144,850.4121,678.4668
MOVE,0,1.0,0.04509804,301280149,849.41895,681.9121
MOVE,0,1.0,0.04117647,301280158,846.7256,692.08496
MOVE,0,1.0,0.05686275,301280169,841.53125,712.7217
MOVE,0,1.0,0.050980397,301280178,829.3613,767.37695
MOVE,0,1.0,0.050980397,301280187,810.9756,853.8584
MOVE,0,1.0,0.04509804,301280195,791.21387,952.00586
MOVE,0,1.0,0.04117647,301280204,771.17676,1059.3164
MOVE,0,1.0,0.03529412,301280212,752.18164,1167.2842
MOVE,0,1.0,0.04509804,301280220,735.0254,1274.6924
MOVE,0,1.0,0.04117647,301280228,721.80176,1377.0049
MOVE,0,1.0,0.03137255,301280236,711.2285,1472.4785
MOVE,0,1.0,0.03137255,301280236,711.12305,1473.4326
UP,0,1.0,0.03137255,301280245,711.12305,1473.4326
DOWN,0,1.0,0.04117647,301280404,798.6621,1226.6357
MOVE,0,1.0,0.04509804,301280436,798.2051,1226.1406
MOVE,0,1.0,0.05686275,301280441,798.5303,1224.0654
MOVE,0,1.0,0.05686275,301280451,801.208,1211.8242
MOVE,0,1.0,0.05686275,301280462,812.9219,1167.543
MOVE,0,1.0,0.04509804,301280471,830.13184,1111.2236
MOVE,0,1.0,0.064705886,301280479,855.3623,1039.4014
MOVE,0,1.0,0.05686275,301280487,886.15625,957.2383
MOVE,0,1.0,0.05686275,301280496,922.4873,869.8828
MOVE,0,1.0,0.04117647,301280504,960.4404,785.3037
MOVE,0,1.0,0.023529414,301280512,991.8838,710.9336
MOVE,0,1.0,0.023529414,301280512,992.19727,710.1904
UP,0,1.0,0.023529414,301280520,992.19727,710.1904
DOWN,0,1.0,0.04509804,301280654,913.3594,767.8906
MOVE,0,1.0,0.05686275,301280678,910.2461,775.05566
MOVE,0,1.0,0.050980397,301280684,907.0254,782.5
MOVE,0,1.0,0.04509804,301280694,898.1123,803.39746
MOVE,0,1.0,0.04705883,301280704,872.72754,861.61035
MOVE,0,1.0,0.04509804,301280712,833.0742,954.9082
MOVE,0,1.0,0.05686275,301280721,789.60547,1061.6074
MOVE,0,1.0,0.050980397,301280729,747.92676,1172.9629
MOVE,0,1.0,0.04509804,301280737,713.83594,1274.1846
MOVE,0,1.0,0.025490198,301280745,675.6465,1394.5322
MOVE,0,1.0,0.025490198,301280745,675.2637,1395.7373
UP,0,1.0,0.025490198,301280754,675.2637,1395.7373
DOWN,0,1.0,0.050980397,301280880,799.18945,1100.3809
MOVE,0,1.0,0.04509804,301280895,798.96094,1100.877
MOVE,0,1.0,0.04117647,301280900,798.2666,1102.3809
MOVE,0,1.0,0.050980397,301280909,795.89355,1107.8076
MOVE,0,1.0,0.05686275,301280918,791.05273,1120.6152
MOVE,0,1.0,0.04509804,301280929,776.5449,1166.834
MOVE,0,1.0,0.04117647,301280938,755.8789,1245.877
MOVE,0,1.0,0.037254903,301280946,739.499,1321.8525
MOVE,0,1.0,0.013725491,301280954,717.6699,1436.8584
MOVE,0,1.0,0.013725491,301280954,717.4512,1438.0127
UP,0,1.0,0.013725491,301280962,717.4512,1438.0127
DOWN,0,1.0,0.037254903,301280996,182.19727,1098.667
MOVE,0,1.0,0.04117647,301281012,182.42578,1099.6582
MOVE,0,1.0,0.04117647,301281017,182.98828,1101.8096
MOVE,0,1.0,0.04705883,301281025,184.30664,1107.5225
MOVE,0,1.0,0.04117647,301281034,186.67188,1117.4365
MOVE,0,1.0,0.04117647,301281044,193.7373,1146.6748
MOVE,0,1.0,0.04117647,301281055,209.47949,1206.1211
MOVE,0,1.0,0.037254903,301281063,226.06445,1263.1982
MOVE,0,1.0,0.04117647,301281071,242.41504,1319.1963
MOVE,0,1.0,0.04509804,301281080,255.10742,1366.1328
MOVE,0,1.0,0.03529412,301281088,263.5879,1403.3643
MOVE,0,1.0,0.04509804,301281096,268.89258,1434.2764
MOVE,0,1.0,0.04117647,301281105,273.90527,1460.6016
MOVE,0,1.0,0.04117647,301281113,278.91504,1484.6182
MOVE,0,1.0,0.037254903,301281121,285.2295,1505.7852
MOVE,0,1.0,0.03137255,301281129,290.86426,1520.2637
MOVE,0,1.0,0.037254903,301281136,295.16895,1529.6787
MOVE,0,1.0,0.04117647,301281143,298.80664,1535.4932
MOVE,0,1.0,0.04117647,301281151,302.03613,1539.1309
MOVE,0,1.0,0.037254903,301281159,304.67285,1538.8457
MOVE,0,1.0,0.03137255,301281168,307.03906,1530.3857
MOVE,0,1.0,0.037254903,301281178,307.12402,1502.8857
MOVE,0,1.0,0.03137255,301281188,299.60547,1455.0088
MOVE,0,1.0,0.04117647,301281196,285.95703,1400.2852
MOVE,0,1.0,0.04117647,301281205,268.33105,1338.6543
MOVE,0,1.0,0.04117647,301281213,247.01074,1277.5205
MOVE,0,1.0,0.04117647,301281222,220.43262,1212.999
MOVE,0,1.0,0.03137255,301281230,198.8086,1168.3643
DOWN,1,1.0,0.037254903,301281230,796.0254,1410.0195
MOVE,0,1.0,0.01764706,301281239,170.33203,1120.376
MOVE,1,1.0,0.04509804,301281239,796.0254,1410.0195
UP,0,1.0,0.01764706,301281247,170.33203,1120.376
MOVE,1,1.0,0.037254903,301281254,797.7197,1397.4248
MOVE,1,1.0,0.03529412,301281260,799.61816,1385.7119
MOVE,1,1.0,0.04509804,301281271,804.0215,1358.0176
MOVE,1,1.0,0.04117647,301281280,815.1631,1296.373
MOVE,1,1.0,0.04117647,301281288,835.1123,1199.0479
MOVE,1,1.0,0.04117647,301281297,859.58887,1092.874
MOVE,1,1.0,0.04117647,301281305,889.5918,983.78613
MOVE,1,1.0,0.04117647,301281313,924.3496,881.45703
MOVE,1,1.0,0.03137255,301281321,960.19824,788.8115
MOVE,1,1.0,0.03137255,301281330,993.708,705.87695
MOVE,1,1.0,0.01764706,301281338,1021.97363,636.0488
MOVE,1,1.0,0.003921569,301281346,1042.3555,584.4502
MOVE,1,1.0,0.003921569,301281346,1042.5586,583.93555
UP,1,1.0,0.003921569,301281355,1042.5586,583.93555
DOWN,0,1.0,0.03529412,301281581,813.6914,865.00977
MOVE,0,1.0,0.04117647,301281596,813.9199,864.51465
MOVE,0,1.0,0.050980397,301281601,814.61426,863.58203
MOVE,0,1.0,0.04117647,301281609,816.5918,859.86816
MOVE,0,1.0,0.050980397,301281618,820.5869,851.2119
MOVE,0,1.0,0.050980397,301281628,834.01465,822.94824
MOVE,0,1.0,0.04117647,301281639,865.36035,757.6074
MOVE,0,1.0,0.04509804,301281647,898.0029,691.4297
MOVE,0,1.0,0.05686275,301281655,932.7871,623.4629
MOVE,0,1.0,0.04117647,301281664,964.19824,562.2666
MOVE,0,1.0,0.04117647,301281672,989.0488,511.88477
MOVE,0,1.0,0.037254903,301281680,1004.1758,476.3164
MOVE,0,1.0,0.03137255,301281689,1007.1846,459.63184
MOVE,0,1.0,0.04117647,301281696,1002.7207,458.90625
MOVE,0,1.0,0.04509804,301281702,996.8672,465.43457
MOVE,0,1.0,0.054901965,301281712,981.26953,492.09375
MOVE,0,1.0,0.064705886,301281722,957.0762,537.833
MOVE,0,1.0,0.060784318,301281730,933.3721,582.34766
MOVE,0,1.0,0.054901965,301281739,907.5537,634.26074
MOVE,0,1.0,0.060784318,301281747,878.3203,695.2969
MOVE,0,1.0,0.060784318,301281755,846.18066,765.4746
MOVE,0,1.0,0.060784318,301281764,812.708,844.792
MOVE,0,1.0,0.050980397,301281772,777.39453,937.7754
MOVE,0,1.0,0.060784318,301281780,739.97363,1045.0342
MOVE,0,1.0,0.04509804,301281789,704.6211,1160.3545
MOVE,0,1.0,0.05686275,301281797,676.0762,1280.2803
MOVE,0,1.0,0.04509804,301281805,658.041,1396.292
MOVE,0,1.0,0.037254903,301281813,651.33594,1471.542
MOVE,0,1.0,0.037254903,301281813,651.26953,1472.29
UP,0,1.0,0.037254903,301281822,651.26953,1472.29
DOWN,0,1.0,0.04705883,301281973,188.26172,1106.0938
MOVE,0,1.0,0.04117647,301281988,188.71875,1107.581
MOVE,0,1.0,0.050980397,301281993,189.84375,1109.8076
MOVE,0,1.0,0.04705883,301282002,192.6123,1115.2344
MOVE,0,1.0,0.04117647,301282010,196.75879,1124.8633
MOVE,0,1.0,0.04509804,301282020,208.90234,1153.6729
MOVE,0,1.0,0.04509804,301282031,235.22656,1214.6729
MOVE,0,1.0,0.04117647,301282039,263.6504,1276.8574
MOVE,0,1.0,0.037254903,301282047,293.69336,1340.8252
MOVE,0,1.0,0.04117647,301282056,319.31445,1398.0225
MOVE,0,1.0,0.03137255,301282064,339.66992,1445.5371
MOVE,0,1.0,0.023529414,301282072,369.63086,1500.8721
MOVE,0,1.0,0.003921569,301282072,369.93164,1501.4258
UP,0,1.0,0.003921569,301282080,369.93164,1501.4258
DOWN,0,1.0,0.04509804,301282248,770.97656,1435.7275
MOVE,0,1.0,0.04117647,301282263,770.74805,1433.7451
MOVE,0,1.0,0.04509804,301282269,770.7129,1429.7295
MOVE,0,1.0,0.04509804,301282278,771.0254,1417.207
MOVE,0,1.0,0.04509804,301282289,773.3799,1389.0156
MOVE,0,1.0,0.05686275,301282298,782.4883,1318.7275
MOVE,0,1.0,0.050980397,301282306,802.67773,1204.3613
MOVE,0,1.0,0.04509804,301282314,832.3779,1077.0898
MOVE,0,1.0,0.037254903,301282323,870.26465,948.56055
MOVE,0,1.0,0.01764706,301282331,925.4619,784.38965
MOVE,0,1.0,0.01764706,301282331,926.0156,782.74414
UP,0,1.0,0.01764706,301282339,926.0156,782.74414
DOWN,0,1.0,0.03137255,301282456,229.92188,1185.5029
MOVE,0,1.0,0.03137255,301282472,228.51465,1182.4541
MOVE,0,1.0,0.03137255,301282477,226.23047,1178.3623
MOVE,0,1.0,0.03137255,301282486,220.48828,1168.0371
MOVE,0,1.0,0.03137255,301282496,210.68848,1150.4453
MOVE,0,1.0,0.03137255,301282506,190.24316,1111.8535
MOVE,0,1.0,0.03137255,301282515,163.21289,1060.3223
MOVE,0,1.0,0.037254903,301282523,139.19531,1013.4424
MOVE,0,1.0,0.037254903,301282531,114.67871,972.8174
MOVE,0,1.0,0.037254903,301282540,91.20117,939.04297
MOVE,0,1.0,0.01764706,301282540,90.9668,938.70605
UP,0,1.0,0.01764706,301282548,90.9668,938.70605
DOWN,0,1.0,0.037254903,301282598,71.98242,914.1406
MOVE,0,1.0,0.04705883,301282615,92.899414,940.76855
MOVE,0,1.0,0.04117647,301282623,128.83789,989.0654
MOVE,0,1.0,0.04117647,301282631,173.83594,1057.4199
MOVE,0,1.0,0.04117647,301282640,219.70703,1136.1553
MOVE,0,1.0,0.04509804,301282648,263.49805,1221.7803
MOVE,0,1.0,0.03529412,301282656,301.5244,1310.8662
MOVE,0,1.0,0.03137255,301282665,330.61816,1395.4629
MOVE,0,1.0,0.01764706,301282673,346.04785,1455.6943
MOVE,0,1.0,0.01764706,301282673,346.20117,1456.294
UP,0,1.0,0.01764706,301282681,346.20117,1456.294
DOWN,0,1.0,0.03137255,301284058,193.53516,498.2422
MOVE,0,1.0,0.033333335,301284091,191.63574,498.2422
MOVE,0,1.0,0.027450982,301284096,190.10742,498.52832
MOVE,0,1.0,0.0058823535,301284100,188.78906,498.81348
UP,0,1.0,0.0058823535,301284108,188.78906,498.81348
DOWN,0,1.0,0.04117647,301285568,219.90234,490.24414
MOVE,0,1.0,0.04509804,301285584,219.90234,490.24414
MOVE,0,1.0,0.04509804,301285589,219.90234,490.24414
MOVE,0,1.0,0.050980397,301285597,220.29785,488.8164
MOVE,0,1.0,0.04509804,301285606,220.69336,487.95898
MOVE,0,1.0,0.04509804,301285614,221.08887,487.10254
MOVE,0,1.0,0.04117647,301285618,221.2207,486.8164
MOVE,0,1.0,0.027450982,301285642,220.5,487.3877
MOVE,0,1.0,0.01764706,301285643,220.42969,487.3877
UP,0,1.0,0.01764706,301285651,220.42969,487.3877
DOWN,0,1.0,0.050980397,301285785,810.52734,684.4824
MOVE,0,1.0,0.04705883,301285801,810.2988,684.4824
MOVE,0,1.0,0.04705883,301285806,809.7363,684.4824
MOVE,0,1.0,0.04705883,301285814,808.5498,684.76855
MOVE,0,1.0,0.04705883,301285823,807.0996,685.33984
MOVE,0,1.0,0.04117647,301285831,805.38574,686.1963
MOVE,0,1.0,0.03137255,301285835,804.4629,686.7676
UP,0,1.0,0.03137255,301285843,804.4629,686.7676
DOWN,0,1.0,0.04117647,301291134,228.86719,505.66895
MOVE,0,1.0,0.04509804,301291149,229.0957,505.66895
MOVE,0,1.0,0.050980397,301291154,229.6582,505.3838
MOVE,0,1.0,0.050980397,301291163,230.84473,505.09766
MOVE,0,1.0,0.050980397,301291171,232.16309,504.8125
MOVE,0,1.0,0.050980397,301291180,233.34961,504.2412
MOVE,0,1.0,0.050980397,301291188,234.00879,503.66992
MOVE,0,1.0,0.050980397,301291196,234.4043,503.3838
MOVE,0,1.0,0.04509804,301291204,234.66797,503.09863
MOVE,0,1.0,0.04117647,301291213,234.27246,502.8125
MOVE,0,1.0,0.025490198,301291217,233.87695,502.8125
UP,0,1.0,0.025490198,301291225,233.87695,502.8125
DOWN,0,1.0,0.050980397,301291292,897.53906,499.38477
MOVE,0,1.0,0.05686275,301291324,896.5547,499.88086
MOVE,0,1.0,0.05686275,301291330,896.08887,499.95605
MOVE,0,1.0,0.05686275,301291338,895.4297,500.2422
MOVE,0,1.0,0.04705883,301291346,895.0342,500.81348
MOVE,0,1.0,0.037254903,301291354,894.90234,501.09863
MOVE,0,1.0,0.037254903,301291363,894.90234,501.09863
MOVE,0,1.0,0.0058823535,301291367,895.69336,501.09863
UP,0,1.0,0.0058823535,301291375,895.69336,501.09863
DOWN,0,1.0,0.04117647,301291943,228.86719,501.66992
MOVE,0,1.0,0.04509804,301291958,228.86719,501.66992
MOVE,0,1.0,0.04509804,301291964,228.86719,501.66992
MOVE,0,1.0,0.050980397,301291972,230.58105,501.38477
MOVE,0,1.0,0.050980397,301291980,231.76758,501.09863
MOVE,0,1.0,0.04509804,301291989,232.9541,500.81348
MOVE,0,1.0,0.04509804,301292002,234.66797,500.52734
DOWN,1,1.0,0.037254903,301292002,867.2168,490.24414
MOVE,0,1.0,0.03529412,301292017,235.19531,499.46094
MOVE,1,1.0,0.037254903,301292017,867.2168,490.24414
MOVE,0,1.0,0.025490198,301292018,235.19531,499.38477
MOVE,1,1.0,0.037254903,301292018,867.2168,490.24414
UP,0,1.0,0.025490198,301292027,235.19531,499.38477
MOVE,1,1.0,0.037254903,301292042,867.2168,488.60645
MOVE,1,1.0,0.037254903,301292047,867.2168,487.95898
MOVE,1,1.0,0.027450982,301292051,867.2168,487.3877
UP,1,1.0,0.027450982,301292059,867.2168,487.3877
DOWN,0,1.0,0.023529414,301292152,243.89648,509.66797
MOVE,0,1.0,0.027450982,301292167,244.125,509.66797
MOVE,0,1.0,0.03137255,301292172,244.6875,509.9541
MOVE,0,1.0,0.03529412,301292181,245.87402,510.23926
MOVE,0,1.0,0.03529412,301292194,248.11523,510.81055
DOWN,1,1.0,0.03137255,301292194,873.28125,469.10645
MOVE,0,1.0,0.03529412,301292209,251.33301,512.94434
MOVE,1,1.0,0.03137255,301292209,873.28125,469.10645
MOVE,0,1.0,0.03529412,301292215,252.33398,513.667
MOVE,1,1.0,0.03137255,301292215,873.28125,469.10645
MOVE,0,1.0,0.025490198,301292223,254.04785,514.8096
MOVE,1,1.0,0.03137255,301292223,873.28125,469.10645
MOVE,0,1.0,0.023529414,301292231,255.76172,515.95215
MOVE,1,1.0,0.03137255,301292231,873.28125,469.10645
MOVE,0,1.0,0.013725491,301292235,256.55273,516.52344
MOVE,1,1.0,0.025490198,301292235,873.28125,469.10645
UP,0,1.0,0.013725491,301292243,256.55273,516.52344
UP,1,1.0,0.025490198,301292243,873.28125,469.10645
DOWN,0,1.0,0.04117647,301292360,244.16016,497.0996
MOVE,0,1.0,0.03137255,301292368,244.16016,497.0996
MOVE,0,1.0,0.03137255,301292394,244.16016,498.2422
DOWN,1,1.0,0.04117647,301292394,849.02344,458.25195
MOVE,0,1.0,0.037254903,301292409,243.20996,499.8047
MOVE,1,1.0,0.04117647,301292409,849.02344,458.25195
MOVE,0,1.0,0.03137255,301292415,242.70996,500.52734
MOVE,1,1.0,0.04117647,301292415,849.02344,458.25195
MOVE,0,1.0,0.03137255,301292423,241.65527,501.95605
MOVE,1,1.0,0.04117647,301292423,849.02344,458.25195
MOVE,0,1.0,0.015686275,301292427,240.9961,502.8125
MOVE,1,1.0,0.04117647,301292427,849.02344,458.25195
UP,0,1.0,0.015686275,301292435,240.9961,502.8125
MOVE,1,1.0,0.04117647,301292442,849.02344,458.25195
MOVE,1,1.0,0.04117647,301292448,849.02344,458.25195
MOVE,1,1.0,0.013725491,301292452,849.02344,458.25195
UP,1,1.0,0.013725491,301292460,849.02344,458.25195
DOWN,0,1.0,0.037254903,301293336,940.2539,486.24512
MOVE,0,1.0,0.037254903,301293362,939.72656,485.67383
DOWN,1,1.0,0.027450982,301293362,188.52539,425.1172
MOVE,0,1.0,0.037254903,301293377,937.001,485.1787
MOVE,1,1.0,0.037254903,301293377,188.7539,425.1172
MOVE,0,1.0,0.037254903,301293383,936.167,485.10254
MOVE,1,1.0,0.037254903,301293383,189.3164,425.40332
MOVE,0,1.0,0.03137255,301293391,934.7168,484.81738
MOVE,1,1.0,0.037254903,301293391,190.23926,425.9746
MOVE,0,1.0,0.025490198,301293395,933.9258,484.53125
MOVE,1,1.0,0.037254903,301293395,190.63477,426.25977
UP,0,1.0,0.025490198,301293403,933.9258,484.53125
MOVE,1,1.0,0.033333335,301293410,191.39062,427.32715
MOVE,1,1.0,0.027450982,301293415,191.68945,427.97363
MOVE,1,1.0,0.01764706,301293419,191.95312,428.54492
UP,1,1.0,0.01764706,301293427,191.95312,428.54492
DOWN,0,1.0,0.03137255,301295097,188.52539,485.10254
MOVE,0,1.0,0.037254903,301295105,188.52539,485.10254
MOVE,0,1.0,0.037254903,301295129,188.78906,484.03613
MOVE,0,1.0,0.037254903,301295134,188.78906,483.6748
MOVE,0,1.0,0.037254903,301295142,188.65723,482.81738
MOVE,0,1.0,0.025490198,301295151,188.39355,481.6748
MOVE,0,1.0,0.0058823535,301295155,188.26172,481.10352
UP,0,1.0,0.0058823535,301295163,188.26172,481.10352
DOWN,0,1.0,0.025490198,301295180,878.81836,535.94727
MOVE,0,1.0,0.04117647,301295189,878.81836,535.94727
MOVE,0,1.0,0.04117647,301295212,878.09766,537.01465
MOVE,0,1.0,0.04117647,301295218,877.5,537.376
MOVE,0,1.0,0.04509804,301295226,876.4453,537.94727
MOVE,0,1.0,0.04509804,301295234,875.52246,538.2324
MOVE,0,1.0,0.04509804,301295243,874.8633,538.2324
MOVE,0,1.0,0.04509804,301295251,874.2041,538.2324
MOVE,0,1.0,0.04117647,301295259,873.67676,538.51855
MOVE,0,1.0,0.04117647,301295268,873.4131,538.8037
MOVE,0,1.0,0.03137255,301295276,873.4131,538.8037
MOVE,0,1.0,0.025490198,301295280,873.5449,538.8037
UP,0,1.0,0.025490198,301295288,873.5449,538.8037
DOWN,1,1.0,0.03137255,301295539,181.66992,494.81445
MOVE,1,1.0,0.04117647,301295554,181.66992,494.81445
MOVE,1,1.0,0.025490198,301295556,181.66992,494.81445
MOVE,1,1.0,0.04117647,301295579,181.66992,494.81445
MOVE,1,1.0,0.0058823535,301295580,181.14258,494.81445
UP,1,1.0,0.0058823535,301295588,181.14258,494.81445
MOVE,0,1.0,0.01764706,301306761,939.1992,425.1172
UP,0,1.0,0.01764706,301306769,939.1992,425.1172
DOWN,0,1.0,0.03529412,301306861,175.86914,427.97363
MOVE,0,1.0,0.04117647,301306869,175.86914,427.97363
MOVE,0,1.0,0.04509804,301306910,174.69043,429.04102
MOVE,0,1.0,0.04117647,301306915,172.70508,429.40234
MOVE,0,1.0,0.033333335,301306924,166.9043,429.97363
MOVE,0,1.0,0.013725491,301306928,162.94922,430.2588
UP,0,1.0,0.013725491,301306936,162.94922,430.2588
DOWN,0,1.0,0.037254903,301306945,718.50586,721.0449
MOVE,0,1.0,0.04117647,301306976,719.0332,723.6738
MOVE,0,1.0,0.037254903,301306982,718.6377,725.3301
MOVE,0,1.0,0.037254903,301306990,716.79004,731.0488
MOVE,0,1.0,0.03137255,301306999,710.76074,745.6074
MOVE,0,1.0,0.04117647,301307011,697.9121,771.4297
MOVE,0,1.0,0.04117647,301307019,687.2344,792.25
MOVE,0,1.0,0.04509804,301307028,678.2539,810.5547
MOVE,0,1.0,0.03529412,301307036,670.6914,826.3701
MOVE,0,1.0,0.04117647,301307044,663.49023,845.22266
MOVE,0,1.0,0.037254903,301307053,656.8701,871.04297
MOVE,0,1.0,0.03137255,301307061,650.28125,904.6631
MOVE,0,1.0,0.04117647,301307069,642.90625,939.5
MOVE,0,1.0,0.04117647,301307078,635.52344,978.87305
MOVE,0,1.0,0.04509804,301307086,631.0117,1018.8584
MOVE,0,1.0,0.050980397,301307094,629.92285,1054.3232
MOVE,0,1.0,0.04509804,301307103,632.2617,1084.0879
MOVE,0,1.0,0.04117647,301307111,636.9834,1109.2705
MOVE,0,1.0,0.04117647,301307120,641.46875,1131.0137
MOVE,0,1.0,0.04117647,301307128,646.47363,1149.3291
MOVE,0,1.0,0.04509804,301307136,651.45605,1161.8018
MOVE,0,1.0,0.04117647,301307142,654.9922,1169.166
MOVE,0,1.0,0.04705883,301307149,658.36523,1175.1064
MOVE,0,1.0,0.04509804,301307157,662.6074,1180.0762
MOVE,0,1.0,0.04509804,301307165,667.48535,1182.9326
MOVE,0,1.0,0.04509804,301307174,673.1543,1183.7891
MOVE,0,1.0,0.04509804,301307182,679.61426,1182.0752
MOVE,0,1.0,0.04117647,301307190,687.13574,1176.0703
MOVE,0,1.0,0.037254903,301307200,697.7285,1161.5117
MOVE,0,1.0,0.04117647,301307211,713.22363,1131.2236
MOVE,0,1.0,0.03137255,301307220,725.76465,1098.9873
MOVE,0,1.0,0.04117647,301307228,738.1572,1059.0771
MOVE,0,1.0,0.04509804,301307236,751.85547,1015.69336
MOVE,0,1.0,0.03529412,301307245,768.17676,963.2256
MOVE,0,1.0,0.037254903,301307253,787.13477,905.0117
MOVE,0,1.0,0.04117647,301307261,810.55664,848.4365
MOVE,0,1.0,0.04117647,301307270,837.67773,796.9697
MOVE,0,1.0,0.037254903,301307278,864.3135,749.5127
MOVE,0,1.0,0.04705883,301307286,889.3789,706.6201
MOVE,0,1.0,0.037254903,301307295,912.33887,669.4287
MOVE,0,1.0,0.04117647,301307303,932.9287,637.9512
MOVE,0,1.0,0.03529412,301307311,951.4072,611.0547
MOVE,0,1.0,0.037254903,301307320,968.0371,589.29395
MOVE,0,1.0,0.03137255,301307328,980.7324,571.54395
MOVE,0,1.0,0.025490198,301307336,986.6338,557.76855
MOVE,0,1.0,0.0058823535,301307336,986.9238,557.08496
UP,0,1.0,0.0058823535,301307344,986.9238,557.08496
DOWN,0,1.0,0.04117647,301307478,709.541,1075.2441
MOVE,0,1.0,0.03137255,301307494,709.541,1076.2354
MOVE,0,1.0,0.037254903,301307499,709.67285,1078.6719
MOVE,0,1.0,0.04117647,301307508,710.33203,1084.6709
MOVE,0,1.0,0.037254903,301307516,711.4492,1095.416
MOVE,0,1.0,0.04117647,301307527,714.02637,1126.1182
MOVE,0,1.0,0.037254903,301307537,718.9883,1182.709
MOVE,0,1.0,0.037254903,301307545,723.99316,1235.251
MOVE,0,1.0,0.037254903,301307553,729.78613,1286.1123
MOVE,0,1.0,0.04117647,301307562,736.1084,1331.3018
MOVE,0,1.0,0.04509804,301307570,741.13184,1371.9092
MOVE,0,1.0,0.03529412,301307578,744.83594,1410.208
MOVE,0,1.0,0.03137255,301307587,748.00586,1449.6152
MOVE,0,1.0,0.03137255,301307595,749.6035,1487.3379
MOVE,0,1.0,0.01764706,301307603,749.61914,1508.6416
MOVE,0,1.0,0.01764706,301307603,749.61914,1508.8525
UP,0,1.0,0.01764706,301307611,749.61914,1508.8525
DOWN,0,1.0,0.023529414,301308454,1029.375,506.24023
MOVE,0,1.0,0.023529414,301308487,1026.0332,504.60254
MOVE,0,1.0,0.023529414,301308492,1025.1562,504.8125
MOVE,0,1.0,0.023529414,301308496,1024.6289,505.09766
MOVE,0,1.0,0.013725491,301308513,1024.8926,505.66895
UP,0,1.0,0.013725491,301308521,1024.8926,505.66895
MOVE,0,1.0,0.01764706,301309756,812.376,1369.8584
MOVE,0,1.0,0.03137255,301309764,811.3291,1325.9092
MOVE,0,1.0,0.03137255,301309773,809.4912,1279.0918
MOVE,0,1.0,0.03529412,301309781,808.68945,1232.2461
MOVE,0,1.0,0.04117647,301309789,808.1592,1182.5723
MOVE,0,1.0,0.04117647,301309798,810.76465,1127.7803
MOVE,0,1.0,0.04117647,301309806,816.7949,1070.1084
MOVE,0,1.0,0.04117647,301309814,825.73047,1014.6709
MOVE,0,1.0,0.04117647,301309822,836.2617,968.3047
MOVE,0,1.0,0.04117647,301309831,846.28613,928.25195
MOVE,0,1.0,0.04117647,301309839,855.52344,892.78613
MOVE,0,1.0,0.04509804,301309848,865.5342,861.3252
MOVE,0,1.0,0.050980397,301309856,877.1201,832.166
MOVE,0,1.0,0.04509804,301309864,889.5049,804.72754
MOVE,0,1.0,0.050980397,301309873,902.1582,780.6992
MOVE,0,1.0,0.04509804,301309881,914.0322,760.66406
MOVE,0,1.0,0.04117647,301309889,924.5459,744.1338
MOVE,0,1.0,0.050980397,301309897,930.7217,732.4092
MOVE,0,1.0,0.050980397,301309903,934.55273,725.04297
MOVE,0,1.0,0.050980397,301309910,937.5654,718.5713
MOVE,0,1.0,0.050980397,301309918,939.33105,714.18945
MOVE,0,1.0,0.050980397,301309927,939.72656,713.0469
MOVE,0,1.0,0.050980397,301309935,939.72656,713.0469
MOVE,0,1.0,0.050980397,301309944,939.72656,713.0469
MOVE,0,1.0,0.04509804,301309952,936.03516,716.76074
MOVE,0,1.0,0.05686275,301309960,929.13574,725.13086
MOVE,0,1.0,0.060784318,301309970,914.249,744.27637
MOVE,0,1.0,0.050980397,301309981,891.6621,777.8887
MOVE,0,1.0,0.050980397,301309989,870.85254,816.0674
MOVE,0,1.0,0.04117647,301309998,848.45703,862.82715
MOVE,0,1.0,0.04509804,301310006,824.73926,918.72266
MOVE,0,1.0,0.04509804,301310014,801.53125,979.7988
MOVE,0,1.0,0.04117647,301310023,780.416,1040.9268
MOVE,0,1.0,0.037254903,301310031,764.0205,1098.0957
MOVE,0,1.0,0.04117647,301310039,753.67676,1147.8721
MOVE,0,1.0,0.04509804,301310048,749.39746,1185.6973
MOVE,0,1.0,0.04117647,301310056,748.57227,1214.3535
MOVE,0,1.0,0.04509804,301310065,750.65234,1236.1309
MOVE,0,1.0,0.04117647,301310072,752.4619,1251.293
MOVE,0,1.0,0.04117647,301310080,753.4043,1260.874
MOVE,0,1.0,0.04117647,301310086,754.38086,1268.2227
MOVE,0,1.0,0.04117647,301310094,755.3096,1274.7812
MOVE,0,1.0,0.04509804,301310102,756.0791,1279.4805
MOVE,0,1.0,0.04117647,301310110,756.8701,1282.9082
MOVE,0,1.0,0.04117647,301310119,757.5293,1285.1934
MOVE,0,1.0,0.04117647,301310127,757.66113,1286.3359
MOVE,0,1.0,0.04117647,301310135,757.39746,1286.6211
MOVE,0,1.0,0.04117647,301310144,756.8701,1286.6211
MOVE,0,1.0,0.037254903,301310152,756.21094,1286.3359
MOVE,0,1.0,0.04117647,301310160,756.0791,1286.0498
MOVE,0,1.0,0.03137255,301310169,756.21094,1285.7646
MOVE,0,1.0,0.037254903,301310177,756.21094,1284.9072
MOVE,0,1.0,0.037254903,301310185,756.60645,1284.0508
MOVE,0,1.0,0.03137255,301310194,757.2656,1282.9082
MOVE,0,1.0,0.03137255,301310202,758.45215,1280.3369
MOVE,0,1.0,0.03137255,301310206,759.375,1278.623
UP,0,1.0,0.03137255,301310214,759.375,1278.623
DOWN,0,1.0,0.023529414,301312359,774.66797,1078.1006
MOVE,0,1.0,0.023529414,301312383,775.8467,1075.5469
MOVE,0,1.0,0.01764706,301312388,776.9092,1073.2451
MOVE,0,1.0,0.01764706,301312396,779.1504,1068.1035
MOVE,0,1.0,0.015686275,301312406,783.8457,1055.207
MOVE,0,1.0,0.013725491,301312417,792.0293,1024.4941
MOVE,0,1.0,0.0058823535,301312425,797.8154,994.4121
MOVE,0,1.0,0.0058823535,301312425,797.8711,994.1211
UP,0,1.0,0.0058823535,301312433,797.8711,994.1211
DOWN,0,1.0,0.03137255,301312518,849.2871,808.45215
MOVE,0,1.0,0.037254903,301312526,849.2871,808.45215
MOVE,0,1.0,0.037254903,301312550,848.5664,810.01465
MOVE,0,1.0,0.03137255,301312555,848.2324,811.3086
MOVE,0,1.0,0.03137255,301312563,847.17773,814.4512
MOVE,0,1.0,0.025490198,301312576,843.22266,823.87695
DOWN,1,1.0,0.025490198,301312576,223.33008,911.85547
MOVE,0,1.0,0.023529414,301312592,837.1201,836.6035
MOVE,1,1.0,0.025490198,301312592,223.33008,911.85547
MOVE,0,1.0,0.01764706,301312593,836.63086,837.5879
MOVE,1,1.0,0.025490198,301312593,223.33008,911.85547
UP,0,1.0,0.01764706,301312601,836.63086,837.5879
MOVE,1,1.0,0.03137255,301312608,222.57422,910.2178
MOVE,1,1.0,0.03137255,301312613,222.27539,909.28516
MOVE,1,1.0,0.027450982,301312622,221.61621,907.5713
MOVE,1,1.0,0.027450982,301312630,220.69336,905.8574
MOVE,1,1.0,0.027450982,301312638,219.63867,903.8574
MOVE,1,1.0,0.01764706,301312643,219.11133,902.71484
UP,1,1.0,0.01764706,301312650,219.11133,902.71484
DOWN,0,1.0,0.03137255,301312735,784.6875,959.84375
MOVE,0,1.0,0.025490198,301312750,784.23047,959.84375
MOVE,0,1.0,0.025490198,301312755,784.16016,960.41504
MOVE,0,1.0,0.03137255,301312764,783.8965,962.1289
MOVE,0,1.0,0.03137255,301312772,783.501,964.7002
MOVE,0,1.0,0.03137255,301312780,782.97363,968.9844
MOVE,0,1.0,0.037254903,301312789,782.1826,975.83984
MOVE,0,1.0,0.037254903,301312797,782.0508,982.98145
MOVE,0,1.0,0.04117647,301312805,782.4463,988.4082
MOVE,0,1.0,0.04117647,301312814,782.70996,992.4072
MOVE,0,1.0,0.04117647,301312822,782.8418,995.2637
MOVE,0,1.0,0.04117647,301312830,783.10547,997.5488
MOVE,0,1.0,0.023529414,301312839,783.6328,999.2627
MOVE,0,1.0,0.013725491,301312843,783.8965,999.834
UP,0,1.0,0.013725491,301312851,783.8965,999.834
DOWN,0,1.0,0.03137255,301312910,188.26172,645.0635
MOVE,0,1.0,0.04705883,301312925,188.26172,645.0635
MOVE,0,1.0,0.04705883,301312930,188.26172,645.0635
MOVE,0,1.0,0.05686275,301312939,188.65723,644.4922
MOVE,0,1.0,0.060784318,301312943,188.78906,644.4922
MOVE,0,1.0,0.050980397,301312967,187.61035,643.4258
MOVE,0,1.0,0.04509804,301312972,185.88867,643.3496
MOVE,0,1.0,0.037254903,301312980,180.74707,643.3496
MOVE,0,1.0,0.013725491,301312985,177.1875,643.3496
UP,0,1.0,0.013725491,301312993,177.1875,643.3496
DOWN,0,1.0,0.015686275,301313719,835.5762,1478.5742
MOVE,0,1.0,0.01764706,301313735,835.5762,1477.0879
MOVE,0,1.0,0.01764706,301313740,835.44434,1474.29
MOVE,0,1.0,0.01764706,301313748,835.3125,1466.3105
MOVE,0,1.0,0.01764706,301313758,835.3125,1449.9053
MOVE,0,1.0,0.03137255,301313769,836.6006,1397.4248
MOVE,0,1.0,0.03137255,301313777,840.28516,1313.169
MOVE,0,1.0,0.03137255,301313786,847.1094,1215.6152
MOVE,0,1.0,0.025490198,301313794,858.40234,1109.4414
MOVE,0,1.0,0.023529414,301313802,874.17773,1003.7471
MOVE,0,1.0,0.03137255,301313811,893.3916,904.8457
MOVE,0,1.0,0.003921569,301313818,912.1172,813.93066
MOVE,0,1.0,0.003921569,301313819,912.3047,813.02246
UP,0,1.0,0.003921569,301313827,912.3047,813.02246
DOWN,0,1.0,0.03137255,301313928,867.2168,829.01855
MOVE,0,1.0,0.04117647,301313943,865.8096,831.9922
MOVE,0,1.0,0.04117647,301313948,863.6572,836.4453
MOVE,0,1.0,0.050980397,301313958,857.874,849.7207
MOVE,0,1.0,0.037254903,301313969,847.5322,875.458
MOVE,0,1.0,0.04117647,301313978,828.38086,931.30176
MOVE,0,1.0,0.037254903,301313986,801.8291,1018.3838
MOVE,0,1.0,0.03529412,301313994,774.9365,1114.8398
MOVE,0,1.0,0.03137255,301314002,748.8252,1214.7812
MOVE,0,1.0,0.023529414,301314010,715.93555,1343.0361
MOVE,0,1.0,0.023529414,301314010,715.60547,1344.3213
UP,0,1.0,0.023529414,301314019,715.60547,1344.3213
DOWN,0,1.0,0.03137255,301314220,732.48047,1384.3115
MOVE,0,1.0,0.04117647,301314235,732.9375,1382.8252
MOVE,0,1.0,0.04509804,301314241,733.4033,1380.0273
MOVE,0,1.0,0.04117647,301314249,735.39746,1370.8447
MOVE,0,1.0,0.04117647,301314259,740.17676,1350.3906
MOVE,0,1.0,0.04509804,301314270,755.0166,1291.1748
MOVE,0,1.0,0.04509804,301314278,779.9551,1197.2998
MOVE,0,1.0,0.037254903,301314286,810.48535,1091.7256
MOVE,0,1.0,0.03137255,301314295,844.46484,985.4717
MOVE,0,1.0,0.023529414,301314303,874.5625,893.35156
MOVE,0,1.0,0.003921569,301314311,907.23145,790.0625
MOVE,0,1.0,0.003921569,301314311,907.5586,789.0283
UP,0,1.0,0.003921569,301314319,907.5586,789.0283
DOWN,0,1.0,0.03137255,301314420,796.28906,959.27246
MOVE,0,1.0,0.04117647,301314435,794.88184,962.32227
MOVE,0,1.0,0.04117647,301314441,792.99023,966.9912
MOVE,0,1.0,0.050980397,301314450,787.8262,980.1123
MOVE,0,1.0,0.04117647,301314461,779.29785,1004.66504
MOVE,0,1.0,0.04117647,301314470,762.4385,1057.5918
MOVE,0,1.0,0.037254903,301314478,738.5215,1138.9834
MOVE,0,1.0,0.025490198,301314486,715.0488,1223.5049
MOVE,0,1.0,0.01764706,301314495,695.7588,1301.835
MOVE,0,1.0,0.013725491,301314503,674.42285,1402.1582
MOVE,0,1.0,0.013725491,301314503,674.209,1403.1641
UP,0,1.0,0.013725491,301314511,674.209,1403.1641
DOWN,0,1.0,0.025490198,301314637,689.50195,1373.457
MOVE,0,1.0,0.037254903,301314652,689.959,1372.4658
MOVE,0,1.0,0.04117647,301314658,690.29297,1371.1719
MOVE,0,1.0,0.04117647,301314666,691.2158,1366.8877
MOVE,0,1.0,0.04117647,301314675,693.5918,1357.544
MOVE,0,1.0,0.04509804,301314685,701.3721,1326.1611
MOVE,0,1.0,0.04509804,301314695,719.66113,1252.4297
MOVE,0,1.0,0.04117647,301314703,741.49023,1172.0264
MOVE,0,1.0,0.04117647,301314712,769.3789,1081.294
MOVE,0,1.0,0.03529412,301314720,801.5049,992.15625
MOVE,0,1.0,0.015686275,301314728,842.8086,886.0674
MOVE,0,1.0,0.015686275,301314728,843.22266,885.0049
UP,0,1.0,0.015686275,301314736,843.22266,885.0049
DOWN,0,1.0,0.04117647,301314846,791.0156,952.9883
MOVE,0,1.0,0.04117647,301314861,789.80176,956.0381
MOVE,0,1.0,0.05686275,301314866,787.9834,960.41504
MOVE,0,1.0,0.050980397,301314875,782.78125,973.6904
MOVE,0,1.0,0.04509804,301314886,773.3828,999.42773
MOVE,0,1.0,0.04117647,301314895,755.333,1053.5752
MOVE,0,1.0,0.04117647,301314904,728.792,1137.2461
MOVE,0,1.0,0.04509804,301314912,702.16113,1226.3154
MOVE,0,1.0,0.04117647,301314920,678.9238,1310.3467
MOVE,0,1.0,0.027450982,301314929,661.98535,1374.5312
MOVE,0,1.0,0.0058823535,301314937,645.11035,1431.7285
MOVE,0,1.0,0.0058823535,301314937,644.9414,1432.2998
UP,0,1.0,0.0058823535,301314945,644.9414,1432.2998
DOWN,0,1.0,0.037254903,301315062,659.70703,1353.4619
MOVE,0,1.0,0.05686275,301315086,660.16406,1350.9844
MOVE,0,1.0,0.054901965,301315092,661.28906,1347.4639
MOVE,0,1.0,0.060784318,301315100,664.4707,1336.4209
MOVE,0,1.0,0.050980397,301315111,670.97266,1313.1035
MOVE,0,1.0,0.05686275,301315121,687.49805,1255.749
MOVE,0,1.0,0.05686275,301315129,715.0654,1164.708
MOVE,0,1.0,0.04117647,301315137,751.626,1064.2529
MOVE,0,1.0,0.037254903,301315146,794.80176,967.0996
MOVE,0,1.0,0.013725491,301315153,858.4053,840.5703
MOVE,0,1.0,0.013725491,301315153,859.04297,839.30176
UP,0,1.0,0.013725491,301315162,859.04297,839.30176
DOWN,0,1.0,0.050980397,301315263,768.6035,983.8379
MOVE,0,1.0,0.050980397,301315278,767.6885,985.8203
MOVE,0,1.0,0.050980397,301315283,766.626,989.2656
MOVE,0,1.0,0.060784318,301315292,763.6377,999.43945
MOVE,0,1.0,0.04509804,301315302,757.57715,1019.16016
MOVE,0,1.0,0.04117647,301315312,743.6836,1069.0625
MOVE,0,1.0,0.050980397,301315321,722.6719,1147.0156
MOVE,0,1.0,0.05686275,301315329,699.49023,1235.4619
MOVE,0,1.0,0.060784318,301315337,677.85254,1325.1436
MOVE,0,1.0,0.04117647,301315346,661.71387,1399.5654
MOVE,0,1.0,0.027450982,301315354,646.4131,1473.833
MOVE,0,1.0,0.027450982,301315354,646.25977,1474.5752
UP,0,1.0,0.027450982,301315362,646.25977,1474.5752
DOWN,0,1.0,0.04509804,301315488,665.5078,1274.624
MOVE,0,1.0,0.050980397,301315496,665.5078,1274.624
MOVE,0,1.0,0.05686275,301315520,666.42285,1270.584
MOVE,0,1.0,0.054901965,301315525,667.749,1266.0547
MOVE,0,1.0,0.050980397,301315535,675.0088,1243.5635
MOVE,0,1.0,0.05686275,301315546,699.3135,1174.0947
MOVE,0,1.0,0.05686275,301315554,729.01855,1098.2842
MOVE,0,1.0,0.05686275,301315563,769.5156,1012.1221
MOVE,0,1.0,0.04509804,301315571,816.9082,927.5547
MOVE,0,1.0,0.04509804,301315580,864.1084,852.61816
MOVE,0,1.0,0.025490198,301315587,908.17285,782.8701
MOVE,0,1.0,0.025490198,301315587,908.6133,782.17285
UP,0,1.0,0.025490198,301315596,908.6133,782.17285
DOWN,0,1.0,0.04509804,301315697,820.81055,893.0029
MOVE,0,1.0,0.04509804,301315712,819.4033,895.48145
MOVE,0,1.0,0.04509804,301315717,817.251,899.8584
MOVE,0,1.0,0.060784318,301315726,811.6797,911.31934
MOVE,0,1.0,0.050980397,301315737,802.41113,932.5713
MOVE,0,1.0,0.060784318,301315746,781.9795,982.79297
MOVE,0,1.0,0.050980397,301315755,753.334,1060.751
MOVE,0,1.0,0.05686275,301315763,722.2451,1150.8945
MOVE,0,1.0,0.05686275,301315771,691.6533,1248.5107
MOVE,0,1.0,0.05686275,301315780,666.5498,1337.7168
MOVE,0,1.0,0.04117647,301315788,647.7656,1413.2646
MOVE,0,1.0,0.037254903,301315796,636.3535,1467.1826
MOVE,0,1.0,0.01764706,301315804,630.7588,1501.0889
MOVE,0,1.0,0.01764706,301315804,630.7031,1501.4258
UP,0,1.0,0.01764706,301315813,630.7031,1501.4258
DOWN,0,1.0,0.04705883,301315913,656.80664,1377.456
MOVE,0,1.0,0.050980397,301315929,657.2637,1376.4648
MOVE,0,1.0,0.05686275,301315934,657.7295,1374.0283
MOVE,0,1.0,0.054901965,301315943,659.626,1366.7168
MOVE,0,1.0,0.060784318,301315952,663.874,1350.46
MOVE,0,1.0,0.050980397,301315963,678.03516,1297.3838
MOVE,0,1.0,0.05686275,301315972,702.7012,1212.6338
MOVE,0,1.0,0.050980397,301315980,734.7959,1112.8066
MOVE,0,1.0,0.04509804,301315988,778.1885,1005.4785
MOVE,0,1.0,0.04117647,301315997,826.6533,909.3877
MOVE,0,1.0,0.03529412,301316005,874.38574,832.0752
MOVE,0,1.0,0.0058823535,301316013,917.15137,764.5654
MOVE,0,1.0,0.0058823535,301316013,917.5781,763.8916
UP,0,1.0,0.0058823535,301316021,917.5781,763.8916
DOWN,0,1.0,0.04117647,301316130,836.3672,897.00195
MOVE,0,1.0,0.04509804,301316146,835.1533,899.55566
MOVE,0,1.0,0.05686275,301316151,833.59863,903.28613
MOVE,0,1.0,0.04509804,301316160,829.3877,913.3252
MOVE,0,1.0,0.04117647,301316170,822.2295,932.00684
MOVE,0,1.0,0.05686275,301316180,804.626,980.5303
MOVE,0,1.0,0.050980397,301316188,778.88184,1056.2031
MOVE,0,1.0,0.050980397,301316197,749.64844,1145.1924
MOVE,0,1.0,0.04117647,301316205,719.59766,1242.7979
MOVE,0,1.0,0.050980397,301316214,695.54297,1333.1357
MOVE,0,1.0,0.03137255,301316222,678.33594,1407.5635
MOVE,0,1.0,0.013725491,301316230,664.06836,1470.5195
MOVE,0,1.0,0.013725491,301316230,663.9258,1471.1475
UP,0,1.0,0.013725491,301316238,663.9258,1471.1475
DOWN,0,1.0,0.05686275,301316381,669.4629,1318.042
MOVE,0,1.0,0.054901965,301316396,670.1494,1314.9932
MOVE,0,1.0,0.060784318,301316401,671.0449,1310.9014
MOVE,0,1.0,0.05686275,301316411,674.24805,1297.4336
MOVE,0,1.0,0.05686275,301316422,682.5674,1267.2646
MOVE,0,1.0,0.050980397,301316431,703.79297,1199.3164
MOVE,0,1.0,0.04509804,301316439,744.46484,1088.9209
MOVE,0,1.0,0.04117647,301316447,798.6465,973.5664
MOVE,0,1.0,0.027450982,301316455,892.90137,795.3867
MOVE,0,1.0,0.027450982,301316455,893.84766,793.59863
UP,0,1.0,0.027450982,301316463,893.84766,793.59863
DOWN,0,1.0,0.04117647,301316581,878.5547,815.8789
MOVE,0,1.0,0.04117647,301316596,876.46094,818.9287
MOVE,0,1.0,0.05686275,301316602,873.9404,823.30566
MOVE,0,1.0,0.05686275,301316611,866.85156,836.1133
MOVE,0,1.0,0.04509804,301316622,854.2549,861.21484
MOVE,0,1.0,0.04509804,301316631,829.4883,916.45996
MOVE,0,1.0,0.050980397,301316639,794.0088,1005.79297
MOVE,0,1.0,0.04509804,301316647,756.58496,1107.9277
MOVE,0,1.0,0.04509804,301316656,720.9717,1217.541
MOVE,0,1.0,0.050980397,301316666,692.9453,1317.0479
MOVE,0,1.0,0.04117647,301316672,674.39355,1396.0918
MOVE,0,1.0,0.027450982,301316680,661.9404,1459.6592
MOVE,0,1.0,0.027450982,301316680,661.8164,1460.293
UP,0,1.0,0.027450982,301316689,661.8164,1460.293
DOWN,0,1.0,0.037254903,301316814,721.9336,1218.0664
MOVE,0,1.0,0.04117647,301316830,721.9336,1217.5713
MOVE,0,1.0,0.04117647,301316835,722.19727,1216.0674
MOVE,0,1.0,0.04509804,301316843,723.3838,1211.4971
MOVE,0,1.0,0.04509804,301316852,725.83203,1202.9463
MOVE,0,1.0,0.04509804,301316862,735.14746,1175.2676
MOVE,0,1.0,0.04509804,301316873,760.99414,1104.9912
MOVE,0,1.0,0.050980397,301316881,792.2842,1030.8555
MOVE,0,1.0,0.04509804,301316889,832.2754,948.1035
MOVE,0,1.0,0.050980397,301316898,875.7471,869.792
MOVE,0,1.0,0.037254903,301316906,920.03516,800.0088
MOVE,0,1.0,0.015686275,301316914,960.417,732.0078
MOVE,0,1.0,0.015686275,301316914,960.8203,731.3281
UP,0,1.0,0.015686275,301316922,960.8203,731.3281
DOWN,0,1.0,0.04117647,301317040,854.8242,873.0078
MOVE,0,1.0,0.04117647,301317055,853.1885,876.0576
MOVE,0,1.0,0.050980397,301317060,850.7373,880.4346
MOVE,0,1.0,0.04117647,301317069,844.2744,893.2422
MOVE,0,1.0,0.04509804,301317080,832.34375,918.8584
MOVE,0,1.0,0.04509804,301317090,807.08105,976.42285
MOVE,0,1.0,0.04117647,301317098,770.0303,1067.4746
MOVE,0,1.0,0.037254903,301317106,732.06934,1170.7578
MOVE,0,1.0,0.03137255,301317115,698.5381,1273.5957
MOVE,0,1.0,0.013725491,301317122,657.74316,1410.9277
MOVE,0,1.0,0.013725491,301317122,657.334,1412.3047
UP,0,1.0,0.013725491,301317131,657.334,1412.3047
DOWN,0,1.0,0.04509804,301317265,688.9746,1346.0352
MOVE,0,1.0,0.04705883,301317280,689.43164,1344.0527
MOVE,0,1.0,0.04117647,301317286,690.55664,1340.6084
MOVE,0,1.0,0.04509804,301317295,693.8574,1330.0049
MOVE,0,1.0,0.050980397,301317305,701.66504,1306.8652
MOVE,0,1.0,0.04117647,301317315,723.0488,1246.0654
MOVE,0,1.0,0.050980397,301317323,759.7969,1151.6025
MOVE,0,1.0,0.04117647,301317332,803.7588,1048.8506
MOVE,0,1.0,0.050980397,301317340,850.1416,948.8467
MOVE,0,1.0,0.037254903,301317348,892.11035,866.4033
MOVE,0,1.0,0.03137255,301317356,928.55176,801.6709
MOVE,0,1.0,0.0058823535,301317364,958.93555,746.73047
MOVE,0,1.0,0.0058823535,301317364,959.2383,746.18164
UP,0,1.0,0.0058823535,301317373,959.2383,746.18164
DOWN,0,1.0,0.04509804,301317449,862.99805,863.8672
MOVE,0,1.0,0.04117647,301317464,860.86914,867.4121
MOVE,0,1.0,0.050980397,301317470,857.85156,873.2744
MOVE,0,1.0,0.04117647,301317479,849.07324,891.35156
MOVE,0,1.0,0.04509804,301317490,834.3789,924.1494
MOVE,0,1.0,0.04117647,301317498,805.8047,995.1211
MOVE,0,1.0,0.04117647,301317507,765.0576,1108.3848
MOVE,0,1.0,0.03137255,301317515,727.0596,1228.293
MOVE,0,1.0,0.01764706,301317523,676.2998,1413.3047
MOVE,0,1.0,0.01764706,301317523,675.791,1415.1611
UP,0,1.0,0.01764706,301317531,675.791,1415.1611
DOWN,0,1.0,0.025490198,301317624,286.61133,839.30176
MOVE,0,1.0,0.037254903,301317639,287.06836,840.78906
MOVE,0,1.0,0.03137255,301317645,288.3252,843.3008
MOVE,0,1.0,0.03137255,301317653,291.5254,850.24023
MOVE,0,1.0,0.03137255,301317662,297.1787,863.46875
MOVE,0,1.0,0.037254903,301317673,313.62695,900.5508
MOVE,0,1.0,0.03137255,301317682,340.93555,961.5576
MOVE,0,1.0,0.03529412,301317690,368.33887,1022.0801
MOVE,0,1.0,0.037254903,301317699,394.97754,1082.6367
MOVE,0,1.0,0.03137255,301317707,417.9541,1135.2754
MOVE,0,1.0,0.037254903,301317715,435.9336,1181.0469
MOVE,0,1.0,0.03137255,301317724,449.42578,1218.832
MOVE,0,1.0,0.025490198,301317732,460.00195,1249.75
MOVE,0,1.0,0.03137255,301317740,467.93848,1273.8125
MOVE,0,1.0,0.025490198,301317748,471.0039,1286.9922
MOVE,0,1.0,0.01764706,301317755,471.18164,1291.9268
MOVE,0,1.0,0.0058823535,301317757,471.18164,1293.4766
UP,0,1.0,0.0058823535,301317765,471.18164,1293.4766
DOWN,0,1.0,0.01764706,301317799,739.5996,1462.0068
MOVE,0,1.0,0.025490198,301317815,739.3711,1460.0244
MOVE,0,1.0,0.023529414,301317820,738.9404,1456.0088
MOVE,0,1.0,0.03137255,301317829,738.2324,1443.4863
MOVE,0,1.0,0.03137255,301317840,737.3047,1416.3242
MOVE,0,1.0,0.04117647,301317849,737.4873,1352.9365
MOVE,0,1.0,0.050980397,301317857,741.92773,1252.7783
MOVE,0,1.0,0.04117647,301317865,753.7197,1142.0508
MOVE,0,1.0,0.04117647,301317874,777.0703,1026.1309
MOVE,0,1.0,0.03529412,301317882,810.1953,921.4707
MOVE,0,1.0,0.023529414,301317890,857.7744,797.6953
MOVE,0,1.0,0.023529414,301317890,858.25195,796.4551
UP,0,1.0,0.023529414,301317898,858.25195,796.4551
DOWN,0,1.0,0.025490198,301318066,439.8047,1303.7598
MOVE,0,1.0,0.04117647,301318081,439.8047,1302.2734
MOVE,0,1.0,0.03137255,301318087,439.54102,1298.9043
MOVE,0,1.0,0.03137255,301318096,437.9297,1288.3008
MOVE,0,1.0,0.04509804,301318106,432.76562,1266.1045
MOVE,0,1.0,0.04117647,301318116,416.49316,1209.4629
MOVE,0,1.0,0.04117647,301318124,385.79688,1122.3926
MOVE,0,1.0,0.04117647,301318133,347.8994,1028.7637
MOVE,0,1.0,0.04117647,301318141,304.9707,935.6387
MOVE,0,1.0,0.037254903,301318149,262.25293,854.96094
MOVE,0,1.0,0.01764706,301318157,209.61914,761.9668
MOVE,0,1.0,0.01764706,301318157,209.0918,761.03516
UP,0,1.0,0.01764706,301318166,209.0918,761.03516
DOWN,0,1.0,0.025490198,301318350,702.68555,1166.0791
MOVE,0,1.0,0.03137255,301318365,702.91406,1164.5928
MOVE,0,1.0,0.025490198,301318370,703.74023,1161.7949
MOVE,0,1.0,0.03137255,301318379,705.874,1154.5693
MOVE,0,1.0,0.025490198,301318388,709.55566,1141.8057
MOVE,0,1.0,0.03529412,301318398,719.42773,1108.6533
MOVE,0,1.0,0.03137255,301318408,734.71387,1055.7344
MOVE,0,1.0,0.037254903,301318416,749.4717,1006.6094
MOVE,0,1.0,0.04117647,301318425,764.49805,958.6094
MOVE,0,1.0,0.037254903,301318433,780.0498,913.4492
MOVE,0,1.0,0.04117647,301318441,797.9551,870.5801
MOVE,0,1.0,0.04117647,301318450,818.75684,828.2988
MOVE,0,1.0,0.04117647,301318458,844.0244,788.85156
MOVE,0,1.0,0.03137255,301318466,873.25195,751.1289
MOVE,0,1.0,0.027450982,301318475,900.6924,717.3828
MOVE,0,1.0,0.023529414,301318483,919.5,694.42285
MOVE,0,1.0,0.023529414,301318483,919.6875,694.19434
UP,0,1.0,0.023529414,301318491,919.6875,694.19434
DOWN,0,1.0,0.03137255,301318617,364.92188,970.69824
MOVE,0,1.0,0.04117647,301318632,365.8369,972.68066
MOVE,0,1.0,0.04509804,301318637,367.1631,975.5547
MOVE,0,1.0,0.04117647,301318646,370.18066,983.9248
MOVE,0,1.0,0.04509804,301318656,375.38965,1000.92676
MOVE,0,1.0,0.03529412,301318666,388.89453,1050.7578
MOVE,0,1.0,0.04117647,301318675,409.80176,1131.002
MOVE,0,1.0,0.04117647,301318683,431.67578,1225.1221
MOVE,0,1.0,0.04117647,301318692,450.68945,1323.3438
MOVE,0,1.0,0.01764706,301318699,471.23926,1461.1953
MOVE,0,1.0,0.01764706,301318699,471.4453,1462.5781
UP,0,1.0,0.01764706,301318708,471.4453,1462.5781
DOWN,0,1.0,0.027450982,301319192,652.85156,1362.0312
MOVE,0,1.0,0.03137255,301319216,654.4873,1352.8076
MOVE,0,1.0,0.03137255,301319222,656.6533,1341.5068
MOVE,0,1.0,0.03137255,301319234,664.8164,1309.5059
MOVE,0,1.0,0.01764706,301319242,686.124,1238.2041
MOVE,0,1.0,0.037254903,301319250,725.49316,1119.8506
MOVE,0,1.0,0.03137255,301319259,773.6582,994.23535
MOVE,0,1.0,0.03137255,301319267,821.6494,874.77344
MOVE,0,1.0,0.01764706,301319275,876.9463,725.39844
MOVE,0,1.0,0.01764706,301319275,877.5,723.90137
UP,0,1.0,0.01764706,301319284,877.5,723.90137
DOWN,0,1.0,0.03137255,301319409,355.95703,1264.3408
MOVE,0,1.0,0.03137255,301319425,355.042,1260.3008
MOVE,0,1.0,0.027450982,301319430,353.59473,1253.1592
MOVE,0,1.0,0.025490198,301319441,347.82422,1230.9326
MOVE,0,1.0,0.01764706,301319451,246.48828,907.0791
MOVE,0,1.0,0.0058823535,301319451,245.47852,903.8574
UP,0,1.0,0.0058823535,301319459,245.47852,903.8574
DOWN,0,1.0,0.03137255,301319910,613.8281,1375.1709
MOVE,0,1.0,0.037254903,301319925,614.28516,1373.1885
MOVE,0,1.0,0.04117647,301319930,615.1465,1369.1729
MOVE,0,1.0,0.04117647,301319940,618.1885,1355.7051
MOVE,0,1.0,0.04509804,301319951,625.9033,1324.9922
MOVE,0,1.0,0.037254903,301319960,646.58105,1251.9268
MOVE,0,1.0,0.04117647,301319968,687.5088,1127.3398
MOVE,0,1.0,0.037254903,301319976,742.47656,989.2197
MOVE,0,1.0,0.025490198,301319984,842.2207,770.08984
MOVE,0,1.0,0.025490198,301319984,843.22266,767.8906
UP,0,1.0,0.025490198,301319993,843.22266,767.8906
DOWN,0,1.0,0.037254903,301320470,246.26953,890.1465
MOVE,0,1.0,0.03529412,301320484,247.41309,892.7002
MOVE,0,1.0,0.04705883,301320490,249.30176,896.7168
MOVE,0,1.0,0.037254903,301320499,254.71484,908.7793
MOVE,0,1.0,0.04509804,301320509,265.43164,933.7373
MOVE,0,1.0,0.04509804,301320519,289.54297,991.84766
MOVE,0,1.0,0.04117647,301320527,324.49316,1084.5967
MOVE,0,1.0,0.050980397,301320535,357.47363,1184.5029
MOVE,0,1.0,0.04117647,301320544,384.167,1278.2578
MOVE,0,1.0,0.04509804,301320552,400.0957,1349.3262
MOVE,0,1.0,0.04117647,301320560,406.2578,1396.4111
MOVE,0,1.0,0.04705883,301320569,406.5791,1425.7246
MOVE,0,1.0,0.05686275,301320577,404.49414,1447.5078
MOVE,0,1.0,0.04509804,301320585,402.12305,1465.8232
MOVE,0,1.0,0.04117647,301320593,400.37305,1478.2959
MOVE,0,1.0,0.050980397,301320600,399.3252,1485.1816
MOVE,0,1.0,0.050980397,301320606,398.40527,1490.0107
MOVE,0,1.0,0.060784318,301320615,397.35352,1493.4277
MOVE,0,1.0,0.05686275,301320623,396.5625,1494.5703
MOVE,0,1.0,0.05686275,301320631,396.29883,1493.999
MOVE,0,1.0,0.050980397,301320640,396.29883,1492.0
MOVE,0,1.0,0.050980397,301320648,395.90332,1488.001
MOVE,0,1.0,0.04117647,301320657,394.44434,1477.5293
MOVE,0,1.0,0.05686275,301320668,390.0713,1451.7803
MOVE,0,1.0,0.04509804,301320677,382.91797,1419.4512
MOVE,0,1.0,0.037254903,301320686,376.32617,1392.0127
MOVE,0,1.0,0.03529412,301320694,370.5166,1369.6807
MOVE,0,1.0,0.04117647,301320702,366.3711,1354.5127
MOVE,0,1.0,0.04117647,301320709,363.78418,1344.3564
MOVE,0,1.0,0.04117647,301320716,362.51172,1337.584
MOVE,0,1.0,0.04117647,301320723,362.02148,1332.0391
MOVE,0,1.0,0.04117647,301320731,362.28516,1327.7539
MOVE,0,1.0,0.04117647,301320740,363.208,1325.1836
MOVE,0,1.0,0.037254903,301320748,364.6582,1323.1836
MOVE,0,1.0,0.037254903,301320757,366.5039,1319.7559
MOVE,0,1.0,0.03529412,301320765,368.4043,1311.6709
MOVE,0,1.0,0.04117647,301320775,369.14062,1291.2822
MOVE,0,1.0,0.037254903,301320786,365.48633,1249.2812
MOVE,0,1.0,0.04509804,301320794,356.05176,1198.0146
MOVE,0,1.0,0.04509804,301320802,337.9453,1131.8936
MOVE,0,1.0,0.04509804,301320811,311.1377,1060.5332
MOVE,0,1.0,0.04509804,301320819,275.36816,980.6387
MOVE,0,1.0,0.037254903,301320827,234.5498,897.26465
MOVE,0,1.0,0.03529412,301320836,189.24219,822.90625
MOVE,0,1.0,0.025490198,301320844,97.166016,717.53125
MOVE,0,1.0,0.003921569,301320844,96.240234,716.4746
UP,0,1.0,0.003921569,301320852,96.240234,716.4746
DOWN,0,1.0,0.025490198,301321128,699.78516,1380.3125
MOVE,0,1.0,0.03137255,301321143,700.2422,1377.835
MOVE,0,1.0,0.03137255,301321149,700.9717,1373.7432
MOVE,0,1.0,0.027450982,301321158,703.56055,1360.2754
MOVE,0,1.0,0.03137255,301321169,710.3164,1330.1064
MOVE,0,1.0,0.037254903,301321178,727.8242,1262.1582
MOVE,0,1.0,0.037254903,301321186,760.3662,1151.1973
MOVE,0,1.0,0.025490198,301321194,800.1094,1027.919
MOVE,0,1.0,0.027450982,301321203,843.5791,902.2578
MOVE,0,1.0,0.0058823535,301321211,901.70215,742.0742
MOVE,0,1.0,0.0058823535,301321211,902.28516,740.46875
UP,0,1.0,0.0058823535,301321219,902.28516,740.46875
DOWN,0,1.0,0.037254903,301321445,308.75977,891.28906
MOVE,0,1.0,0.04509804,301321460,310.43066,895.3291
MOVE,0,1.0,0.05686275,301321466,312.63965,902.4707
MOVE,0,1.0,0.050980397,301321476,318.79688,925.1406
MOVE,0,1.0,0.04509804,301321486,328.45117,964.0713
MOVE,0,1.0,0.05686275,301321495,348.11328,1053.7754
MOVE,0,1.0,0.04509804,301321503,374.41406,1200.0312
MOVE,0,1.0,0.04117647,301321512,391.3838,1348.5488
MOVE,0,1.0,0.023529414,301321519,402.77734,1573.4365
MOVE,0,1.0,0.023529414,301321519,402.89062,1575.6934
UP,0,1.0,0.023529414,301321528,402.89062,1575.6934
DOWN,0,1.0,0.04117647,301321795,270.0,902.71484
MOVE,0,1.0,0.037254903,301321811,271.63574,906.83105
MOVE,0,1.0,0.050980397,301321816,274.42188,913.4863
MOVE,0,1.0,0.04509804,301321826,283.12305,936.29297
MOVE,0,1.0,0.04117647,301321837,297.04004,978.8965
MOVE,0,1.0,0.04117647,301321845,325.3496,1079.375
MOVE,0,1.0,0.03137255,301321853,360.61328,1244.4033
MOVE,0,1.0,0.003921569,301321861,412.39062,1584.2744
MOVE,0,1.0,0.003921569,301321861,412.91016,1587.6904
UP,0,1.0,0.003921569,301321870,412.91016,1587.6904
DOWN,0,1.0,0.04117647,301322146,243.63281,861.01074
MOVE,0,1.0,0.04117647,301322161,244.08984,862.99316
MOVE,0,1.0,0.04509804,301322166,245.34668,866.15234
MOVE,0,1.0,0.04509804,301322175,249.26855,876.91016
MOVE,0,1.0,0.04117647,301322186,257.56348,901.68555
MOVE,0,1.0,0.054901965,301322195,278.76172,969.4756
MOVE,0,1.0,0.04509804,301322204,313.16016,1087.7666
MOVE,0,1.0,0.05686275,301322212,349.52832,1233.1768
MOVE,0,1.0,0.04117647,301322220,376.25684,1387.9053
MOVE,0,1.0,0.025490198,301322229,386.7041,1518.4043
MOVE,0,1.0,0.0058823535,301322237,388.1123,1649.2236
MOVE,0,1.0,0.0058823535,301322237,388.125,1650.5322
UP,0,1.0,0.0058823535,301322245,388.125,1650.5322
DOWN,0,1.0,0.025490198,301322555,709.541,1319.1846
MOVE,0,1.0,0.023529414,301322570,710.22754,1316.6309
MOVE,0,1.0,0.023529414,301322575,711.12305,1312.3291
MOVE,0,1.0,0.01764706,301322585,713.9756,1299.0537
MOVE,0,1.0,0.025490198,301322596,719.9844,1270.6699
MOVE,0,1.0,0.037254903,301322604,734.44727,1205.001
MOVE,0,1.0,0.03137255,301322613,759.91016,1100.8555
MOVE,0,1.0,0.03137255,301322621,792.5342,988.3916
MOVE,0,1.0,0.037254903,301322629,829.1455,878.6748
MOVE,0,1.0,0.0058823535,301322637,878.3252,740.14355
MOVE,0,1.0,0.0058823535,301322637,878.81836,738.7549
UP,0,1.0,0.0058823535,301322646,878.81836,738.7549
DOWN,0,1.0,0.04117647,301322822,340.66406,1360.3174
MOVE,0,1.0,0.04509804,301322845,339.73047,1348.8652
MOVE,0,1.0,0.03137255,301322852,337.8291,1335.4062
MOVE,0,1.0,0.04509804,301322863,331.2295,1300.0576
MOVE,0,1.0,0.04117647,301322871,313.68262,1223.9736
MOVE,0,1.0,0.04117647,301322880,281.1377,1105.0029
MOVE,0,1.0,0.04117647,301322888,240.87207,982.20996
MOVE,0,1.0,0.037254903,301322896,191.39453,866.1699
MOVE,0,1.0,0.01764706,301322904,121.46289,729.8369
MOVE,0,1.0,0.01764706,301322904,120.76172,728.4717
UP,0,1.0,0.01764706,301322913,120.76172,728.4717
DOWN,0,1.0,0.03529412,301323122,410.80078,1278.0518
MOVE,0,1.0,0.04509804,301323137,410.80078,1276.5654
MOVE,0,1.0,0.04509804,301323142,410.40527,1272.9102
MOVE,0,1.0,0.037254903,301323152,407.91992,1259.7285
MOVE,0,1.0,0.04705883,301323163,399.80566,1229.0156
MOVE,0,1.0,0.037254903,301323172,375.70898,1156.5156
MOVE,0,1.0,0.04117647,301323180,328.48242,1038.1562
MOVE,0,1.0,0.04117647,301323188,266.92578,913.6719
MOVE,0,1.0,0.023529414,301323196,153.80273,717.30273
MOVE,0,1.0,0.023529414,301323196,152.66602,715.33203
UP,0,1.0,0.023529414,301323205,152.66602,715.33203
DOWN,0,1.0,0.04117647,301323422,847.17773,790.7422
MOVE,0,1.0,0.04117647,301323438,846.4912,792.2295
MOVE,0,1.0,0.050980397,301323443,844.9365,794.7412
MOVE,0,1.0,0.050980397,301323451,841.166,802.05273
MOVE,0,1.0,0.04509804,301323461,835.0371,816.82715
MOVE,0,1.0,0.04509804,301323471,819.25586,861.86914
MOVE,0,1.0,0.050980397,301323480,793.11426,943.0596
MOVE,0,1.0,0.050980397,301323489,762.58105,1042.8232
MOVE,0,1.0,0.04509804,301323497,729.9072,1161.4629
MOVE,0,1.0,0.04117647,301323505,703.47656,1278.5947
MOVE,0,1.0,0.03137255,301323514,688.334,1380.4385
MOVE,0,1.0,0.0058823535,301323521,683.7461,1470.8164
MOVE,0,1.0,0.0058823535,301323522,683.7012,1471.7188
UP,0,1.0,0.0058823535,301323530,683.7012,1471.7188
DOWN,0,1.0,0.037254903,301323773,838.47656,807.88086
MOVE,0,1.0,0.04509804,301323788,837.79004,808.8721
MOVE,0,1.0,0.04509804,301323793,836.499,811.3086
MOVE,0,1.0,0.05686275,301323802,832.7197,818.6201
MOVE,0,1.0,0.050980397,301323811,824.6426,834.41895
MOVE,0,1.0,0.05686275,301323822,799.71094,887.3164
MOVE,0,1.0,0.04509804,301323831,760.2949,980.05566
MOVE,0,1.0,0.04117647,301323839,718.6592,1098.6211
MOVE,0,1.0,0.03137255,301323847,658.72656,1306.2451
MOVE,0,1.0,0.03137255,301323847,658.125,1308.3301
UP,0,1.0,0.03137255,301323855,658.125,1308.3301
DOWN,0,1.0,0.050980397,301324148,867.48047,800.4541
MOVE,0,1.0,0.064705886,301324172,865.12305,804.0752
MOVE,0,1.0,0.054901965,301324177,862.60254,808.167
MOVE,0,1.0,0.060784318,301324186,856.3779,818.9121
MOVE,0,1.0,0.07450981,301324196,836.7705,856.9346
MOVE,0,1.0,0.064705886,301324206,796.6533,945.3213
MOVE,0,1.0,0.050980397,301324214,755.0459,1053.0264
MOVE,0,1.0,0.060784318,301324223,714.4297,1183.0576
MOVE,0,1.0,0.04705883,301324231,683.4824,1312.7461
MOVE,0,1.0,0.013725491,301324239,654.45996,1465.0518
MOVE,0,1.0,0.013725491,301324239,654.1699,1466.5771
UP,0,1.0,0.013725491,301324248,654.1699,1466.5771
MOVE,0,1.0,0.025490198,301325107,844.2666,1503.4766
MOVE,0,1.0,0.027450982,301325115,844.27734,1461.8525
MOVE,0,1.0,0.025490198,301325124,841.92773,1413.3613
MOVE,0,1.0,0.037254903,301325132,839.29395,1361.9746
MOVE,0,1.0,0.03137255,301325140,835.874,1308.2959
MOVE,0,1.0,0.025490198,301325149,833.2295,1252.8984
MOVE,0,1.0,0.037254903,301325157,833.2031,1196.3516
MOVE,0,1.0,0.037254903,301325165,835.55273,1142.0566
MOVE,0,1.0,0.025490198,301325174,840.53613,1096.2676
MOVE,0,1.0,0.04117647,301325182,848.417,1053.3926
MOVE,0,1.0,0.04117647,301325191,856.8496,1013.374
MOVE,0,1.0,0.04117647,301325199,866.0703,976.21094
MOVE,0,1.0,0.04509804,301325207,876.6035,943.03613
MOVE,0,1.0,0.04509804,301325216,888.45605,914.42676
MOVE,0,1.0,0.04117647,301325224,900.58203,890.3867
MOVE,0,1.0,0.04117647,301325232,910.8838,870.917
MOVE,0,1.0,0.04117647,301325240,917.3408,859.07227
MOVE,0,1.0,0.04705883,301325247,921.3701,850.91113
MOVE,0,1.0,0.04705883,301325254,924.83496,842.9131
MOVE,0,1.0,0.05686275,301325262,928.39844,835.2842
MOVE,0,1.0,0.050980397,301325270,933.00684,827.0127
MOVE,0,1.0,0.050980397,301325278,938.4746,818.0586
MOVE,0,1.0,0.04509804,301325287,944.41895,807.4961
MOVE,0,1.0,0.050980397,301325296,950.542,795.82227
MOVE,0,1.0,0.060784318,301325305,956.0488,782.57227
MOVE,0,1.0,0.050980397,301325314,961.05273,767.1367
MOVE,0,1.0,0.04705883,301325322,964.3154,755.64844
MOVE,0,1.0,0.04509804,301325330,966.2617,745.8467
MOVE,0,1.0,0.050980397,301325338,967.8926,735.2656
MOVE,0,1.0,0.05686275,301325346,969.4209,726.50586
MOVE,0,1.0,0.060784318,301325353,970.708,719.90234
MOVE,0,1.0,0.05686275,301325362,972.1582,712.7617
MOVE,0,1.0,0.050980397,301325370,974.13574,705.90625
MOVE,0,1.0,0.04509804,301325378,976.5088,699.6221
MOVE,0,1.0,0.04509804,301325387,979.0137,693.62305
MOVE,0,1.0,0.050980397,301325395,981.51855,688.1963
MOVE,0,1.0,0.050980397,301325404,983.4961,683.91113
MOVE,0,1.0,0.04509804,301325412,984.9463,680.76953
MOVE,0,1.0,0.04509804,301325420,986.3965,678.4844
MOVE,0,1.0,0.04509804,301325429,987.583,677.05566
MOVE,0,1.0,0.04509804,301325437,988.2422,676.4844
MOVE,0,1.0,0.04509804,301325445,988.90137,676.4844
MOVE,0,1.0,0.04117647,301325454,989.8242,676.7705
MOVE,0,1.0,0.04509804,301325462,991.1426,677.3418
MOVE,0,1.0,0.04117647,301325470,992.9883,677.9131
MOVE,0,1.0,0.03137255,301325479,994.834,678.4844
MOVE,0,1.0,0.027450982,301325483,995.625,678.76953
UP,0,1.0,0.027450982,301325491,995.625,678.76953
DOWN,0,1.0,0.013725491,301326351,900.7031,744.4678
MOVE,0,1.0,0.037254903,301326359,900.7031,744.4678
MOVE,0,1.0,0.037254903,301326383,899.71875,746.0303
MOVE,0,1.0,0.03137255,301326388,899.2529,746.4678
MOVE,0,1.0,0.023529414,301326396,898.59375,747.61035
MOVE,0,1.0,0.01764706,301326405,897.14355,750.18066
MOVE,0,1.0,0.01764706,301326409,895.95703,751.89453
UP,0,1.0,0.01764706,301326417,895.95703,751.89453
DOWN,0,1.0,0.023529414,301326484,132.89062,713.61816
MOVE,0,1.0,0.037254903,301326492,132.89062,713.61816
MOVE,0,1.0,0.04705883,301326524,133.1543,713.61816
MOVE,0,1.0,0.04117647,301326526,133.1543,713.61816
MOVE,0,1.0,0.04705883,301326549,133.1543,713.61816
MOVE,0,1.0,0.023529414,301326555,132.49512,713.9043
MOVE,0,1.0,0.01764706,301326559,132.09961,714.18945
UP,0,1.0,0.01764706,301326567,132.09961,714.18945
MOVE,0,1.0,0.04117647,301328978,831.3203,1266.8203
MOVE,0,1.0,0.037254903,301328987,835.27344,1247.9619
MOVE,0,1.0,0.04117647,301328995,838.9668,1229.6748
MOVE,0,1.0,0.04117647,301329003,843.4414,1212.5254
MOVE,0,1.0,0.04117647,301329012,849.49023,1193.6895
MOVE,0,1.0,0.03529412,301329020,856.07715,1174.8369
MOVE,0,1.0,0.037254903,301329028,862.9297,1157.6816
MOVE,0,1.0,0.04509804,301329037,869.38477,1142.5645
MOVE,0,1.0,0.04117647,301329044,875.21484,1129.3906
MOVE,0,1.0,0.04509804,301329052,880.20703,1117.5801
MOVE,0,1.0,0.04509804,301329059,885.375,1106.9951
MOVE,0,1.0,0.04117647,301329067,889.8867,1097.5381
MOVE,0,1.0,0.04117647,301329075,893.5488,1088.9619
MOVE,0,1.0,0.037254903,301329083,896.83496,1081.3398
MOVE,0,1.0,0.04117647,301329091,899.64844,1075.2441
MOVE,0,1.0,0.04117647,301329100,901.88965,1070.6738
MOVE,0,1.0,0.04117647,301329108,903.208,1067.8174
MOVE,0,1.0,0.04117647,301329116,903.4717,1066.3896
MOVE,0,1.0,0.04117647,301329124,903.0762,1065.8184
MOVE,0,1.0,0.04117647,301329133,902.8125,1065.8184
MOVE,0,1.0,0.04117647,301329137,902.8125,1066.1035
MOVE,0,1.0,0.04117647,301329153,902.5488,1066.1035
MOVE,0,1.0,0.037254903,301329187,902.5488,1066.1035
MOVE,0,1.0,0.027450982,301329211,902.5488,1066.1035
MOVE,0,1.0,0.0058823535,301329212,902.5488,1066.1035
UP,0,1.0,0.0058823535,301329220,902.5488,1066.1035
DOWN,0,1.0,0.03137255,301330665,849.02344,1398.5938
MOVE,0,1.0,0.025490198,301330687,849.25195,1395.5449
MOVE,0,1.0,0.03137255,301330693,849.81445,1392.5957
MOVE,0,1.0,0.027450982,301330701,851.001,1386.3115
MOVE,0,1.0,0.01764706,301330710,854.4502,1369.4395
MOVE,0,1.0,0.025490198,301330722,865.54004,1327.5254
MOVE,0,1.0,0.01764706,301330730,877.38184,1287.5928
MOVE,0,1.0,0.03137255,301330738,891.0742,1242.5117
MOVE,0,1.0,0.025490198,301330747,904.78516,1197.9453
MOVE,0,1.0,0.037254903,301330755,919.54004,1150.5576
MOVE,0,1.0,0.03137255,301330763,934.0449,1102.5742
MOVE,0,1.0,0.03137255,301330772,947.50195,1056.2832
MOVE,0,1.0,0.03137255,301330780,959.9053,1011.7051
MOVE,0,1.0,0.03137255,301330788,970.4707,972.8008
MOVE,0,1.0,0.037254903,301330797,979.7129,937.3467
MOVE,0,1.0,0.03137255,301330805,987.63574,906.4512
MOVE,0,1.0,0.04117647,301330813,992.6748,879.56055
MOVE,0,1.0,0.037254903,301330822,997.42285,856.66895
MOVE,0,1.0,0.04117647,301330830,1002.16895,837.77637
MOVE,0,1.0,0.037254903,301330838,1005.7002,824.64844
MOVE,0,1.0,0.03137255,301330845,1008.19434,813.9707
MOVE,0,1.0,0.03137255,301330853,1010.54004,802.55664
MOVE,0,1.0,0.03137255,301330861,1013.06055,790.3535
MOVE,0,1.0,0.03137255,301330870,1015.49023,779.5
MOVE,0,1.0,0.03137255,301330877,1017.5625,771.83887
MOVE,0,1.0,0.025490198,301330885,1019.35547,764.4629
MOVE,0,1.0,0.025490198,301330893,1020.6738,756.751
MOVE,0,1.0,0.025490198,301330901,1022.25586,749.8955
MOVE,0,1.0,0.025490198,301330909,1024.2334,744.1826
MOVE,0,1.0,0.025490198,301330918,1025.8154,739.3262
MOVE,0,1.0,0.025490198,301330926,1027.3975,735.89844
MOVE,0,1.0,0.025490198,301330934,1029.5068,733.8994
MOVE,0,1.0,0.023529414,301330943,1031.8799,732.75684
MOVE,0,1.0,0.015686275,301330947,1033.0664,732.4707
UP,0,1.0,0.015686275,301330955,1033.0664,732.4707
DOWN,0,1.0,0.023529414,301330989,200.91797,1090.669
MOVE,0,1.0,0.027450982,301330997,200.91797,1090.669
MOVE,0,1.0,0.027450982,301331021,202.36035,1090.0977
MOVE,0,1.0,0.027450982,301331026,203.02734,1089.8125
MOVE,0,1.0,0.027450982,301331035,203.9502,1089.5264
MOVE,0,1.0,0.027450982,301331043,204.60938,1089.5264
MOVE,0,1.0,0.027450982,301331051,205.00488,1089.5264
MOVE,0,1.0,0.033333335,301331060,205.00488,1089.5264
MOVE,0,1.0,0.033333335,301331068,204.74121,1089.5264
MOVE,0,1.0,0.027450982,301331076,203.9502,1089.5264
MOVE,0,1.0,0.023529414,301331085,202.63184,1089.5264
MOVE,0,1.0,0.013725491,301331089,201.97266,1089.5264
UP,0,1.0,0.013725491,301331097,201.97266,1089.5264
DOWN,0,1.0,0.025490198,301333767,877.5,1415.7324
MOVE,0,1.0,0.023529414,301333791,877.95703,1414.7412
MOVE,0,1.0,0.01764706,301333796,878.291,1413.1621
MOVE,0,1.0,0.01764706,301333805,878.9502,1408.877
MOVE,0,1.0,0.025490198,301333814,880.32324,1395.7793
MOVE,0,1.0,0.01764706,301333825,884.27637,1360.4287
MOVE,0,1.0,0.023529414,301333834,888.5322,1325.2461
MOVE,0,1.0,0.027450982,301333843,892.49023,1285.3076
MOVE,0,1.0,0.027450982,301333850,896.1836,1244.751
MOVE,0,1.0,0.03137255,301333859,900.6582,1202.4932
MOVE,0,1.0,0.037254903,301333867,905.6631,1157.9551
MOVE,0,1.0,0.03137255,301333875,912.23926,1111.6982
MOVE,0,1.0,0.04117647,301333884,920.3965,1064.293
MOVE,0,1.0,0.03137255,301333892,929.61523,1020.83496
MOVE,0,1.0,0.037254903,301333900,938.84375,979.6787
MOVE,0,1.0,0.03529412,301333909,948.07227,940.8086
MOVE,0,1.0,0.04117647,301333917,956.7783,905.3545
MOVE,0,1.0,0.04117647,301333925,964.95703,872.7627
MOVE,0,1.0,0.037254903,301333934,972.8701,843.02637
MOVE,0,1.0,0.037254903,301333942,981.30273,816.7129
MOVE,0,1.0,0.04117647,301333950,989.2178,791.56445
MOVE,0,1.0,0.04117647,301333959,996.084,768.125
MOVE,0,1.0,0.037254903,301333967,1001.6338,746.96387
MOVE,0,1.0,0.037254903,301333976,1005.2969,731.1201
MOVE,0,1.0,0.037254903,301333983,1008.2461,718.33984
MOVE,0,1.0,0.04117647,301333990,1011.0127,707.6904
MOVE,0,1.0,0.03529412,301333998,1013.6299,698.99414
MOVE,0,1.0,0.03529412,301334005,1015.8613,691.99023
MOVE,0,1.0,0.025490198,301334013,1018.16895,685.33984
MOVE,0,1.0,0.025490198,301334021,1020.01465,679.3408
MOVE,0,1.0,0.025490198,301334030,1021.2012,674.1992
MOVE,0,1.0,0.025490198,301334038,1022.124,670.4863
MOVE,0,1.0,0.025490198,301334046,1022.91504,668.2012
MOVE,0,1.0,0.025490198,301334055,1023.4424,666.77246
MOVE,0,1.0,0.025490198,301334063,1023.70605,666.2012
MOVE,0,1.0,0.025490198,301334072,1024.2334,666.2012
MOVE,0,1.0,0.025490198,301334080,1025.2881,666.2012
MOVE,0,1.0,0.025490198,301334088,1027.002,666.2012
MOVE,0,1.0,0.025490198,301334096,1029.1113,666.2012
MOVE,0,1.0,0.015686275,301334101,1030.166,666.2012
UP,0,1.0,0.015686275,301334109,1030.166,666.2012
DOWN,0,1.0,0.025490198,301334268,851.9238,902.71484
MOVE,0,1.0,0.03529412,301334276,851.9238,902.71484
MOVE,0,1.0,0.03137255,301334300,853.40137,902.14355
MOVE,0,1.0,0.037254903,301334305,854.16504,901.57227
MOVE,0,1.0,0.037254903,301334313,855.7471,900.7158
MOVE,0,1.0,0.037254903,301334322,857.46094,899.57324
MOVE,0,1.0,0.027450982,301334330,860.09766,897.57324
MOVE,0,1.0,0.01764706,301334334,861.94336,896.43066
UP,0,1.0,0.01764706,301334342,861.94336,896.43066
DOWN,0,1.0,0.03137255,301334443,157.93945,944.99023
MOVE,0,1.0,0.03137255,301334483,158.43164,946.0576
MOVE,0,1.0,0.027450982,301334489,158.4668,946.41895
MOVE,0,1.0,0.027450982,301334497,158.33496,946.7041
MOVE,0,1.0,0.013725491,301334501,158.20312,946.7041
UP,0,1.0,0.013725491,301334509,158.20312,946.7041
MOVE,0,1.0,0.03137255,301348876,874.52344,1317.7734
MOVE,0,1.0,0.023529414,301348884,882.43066,1286.3643
MOVE,0,1.0,0.025490198,301348893,890.60156,1257.7715
MOVE,0,1.0,0.037254903,301348901,898.51465,1232.5996
MOVE,0,1.0,0.037254903,301348909,905.1201,1211.9883
MOVE,0,1.0,0.03137255,301348918,910.9287,1194.8154
MOVE,0,1.0,0.025490198,301348926,916.0957,1179.6982
MOVE,0,1.0,0.03137255,301348934,921.0801,1164.5986
MOVE,0,1.0,0.037254903,301348942,924.876,1150.8057
MOVE,0,1.0,0.03137255,301348949,928.64453,1141.2295
MOVE,0,1.0,0.037254903,301348956,932.8574,1132.1904
MOVE,0,1.0,0.03137255,301348964,937.6992,1122.5918
MOVE,0,1.0,0.025490198,301348973,942.3926,1113.5273
MOVE,0,1.0,0.033333335,301348981,946.4199,1105.6035
MOVE,0,1.0,0.03137255,301348989,949.8779,1099.2383
MOVE,0,1.0,0.03137255,301348997,953.042,1093.8115
MOVE,0,1.0,0.03137255,301349005,955.6787,1088.9551
MOVE,0,1.0,0.03137255,301349014,957.9199,1085.2422
MOVE,0,1.0,0.03137255,301349022,959.50195,1082.957
MOVE,0,1.0,0.03137255,301349030,960.29297,1081.8145
MOVE,0,1.0,0.03137255,301349039,960.4248,1081.8145
MOVE,0,1.0,0.03137255,301349043,960.29297,1082.0996
MOVE,0,1.0,0.03137255,301349100,962.4219,1081.6045
MOVE,0,1.0,0.027450982,301349106,963.58887,1081.5283
MOVE,0,1.0,0.013725491,301349110,964.5117,1081.5283
UP,0,1.0,0.013725491,301349118,964.5117,1081.5283
DOWN,0,1.0,0.01764706,301352048,908.87695,1444.8682
MOVE,0,1.0,0.023529414,301352062,908.87695,1444.8682
MOVE,0,1.0,0.023529414,301352068,908.87695,1444.8682
MOVE,0,1.0,0.015686275,301352076,909.66797,1443.4404
MOVE,0,1.0,0.023529414,301352084,910.72266,1440.8691
MOVE,0,1.0,0.015686275,301352093,912.49805,1433.7471
MOVE,0,1.0,0.01764706,301352103,916.3926,1414.4697
MOVE,0,1.0,0.013725491,301352113,922.27637,1382.8545
MOVE,0,1.0,0.015686275,301352122,927.2842,1354.3193
MOVE,0,1.0,0.01764706,301352130,932.29395,1323.4922
MOVE,0,1.0,0.023529414,301352138,937.3037,1291.5117
MOVE,0,1.0,0.01764706,301352147,941.5303,1259.5195
MOVE,0,1.0,0.01764706,301352155,946.79297,1230.3545
MOVE,0,1.0,0.025490198,301352163,952.58887,1205.7441
MOVE,0,1.0,0.01764706,301352172,956.82324,1184.5723
MOVE,0,1.0,0.01764706,301352180,961.30273,1164.0
MOVE,0,1.0,0.03137255,301352189,966.3076,1142.3018
MOVE,0,1.0,0.027450982,301352197,969.49023,1120.0273
MOVE,0,1.0,0.025490198,301352205,973.1758,1097.7471
MOVE,0,1.0,0.03137255,301352213,976.8672,1076.0322
MOVE,0,1.0,0.03137255,301352222,979.2539,1055.4551
MOVE,0,1.0,0.025490198,301352230,981.62695,1035.4541
MOVE,0,1.0,0.03137255,301352239,983.47754,1014.89355
MOVE,0,1.0,0.04117647,301352247,985.8457,996.02344
MOVE,0,1.0,0.03137255,301352255,987.9131,980.88965
MOVE,0,1.0,0.03137255,301352263,989.1504,967.7158
MOVE,0,1.0,0.03137255,301352271,990.8447,954.15234
MOVE,0,1.0,0.04117647,301352279,992.8408,942.1885
MOVE,0,1.0,0.037254903,301352286,994.8242,933.79395
MOVE,0,1.0,0.037254903,301352293,997.0156,926.48926
MOVE,0,1.0,0.04117647,301352301,999.5801,918.71094
MOVE,0,1.0,0.03529412,301352310,1002.08496,911.2842
MOVE,0,1.0,0.03137255,301352318,1004.3262,904.71484
MOVE,0,1.0,0.037254903,301352326,1006.04004,899.00195
MOVE,0,1.0,0.037254903,301352335,1007.0947,894.1455
MOVE,0,1.0,0.037254903,301352343,1007.7539,889.8613
MOVE,0,1.0,0.03137255,301352351,1008.1494,886.14746
MOVE,0,1.0,0.03137255,301352360,1008.8086,882.7197
MOVE,0,1.0,0.03137255,301352368,1009.8633,879.292
MOVE,0,1.0,0.03137255,301352376,1010.78613,876.1504
MOVE,0,1.0,0.03137255,301352385,1011.709,873.29395
MOVE,0,1.0,0.025490198,301352393,1012.63184,870.72266
MOVE,0,1.0,0.025490198,301352401,1013.291,868.4375
MOVE,0,1.0,0.025490198,301352410,1013.9502,866.15234
MOVE,0,1.0,0.025490198,301352418,1014.6094,864.1533
MOVE,0,1.0,0.025490198,301352426,1015.26855,862.43945
MOVE,0,1.0,0.025490198,301352435,1015.92773,861.01074
MOVE,0,1.0,0.025490198,301352443,1016.71875,859.86816
MOVE,0,1.0,0.025490198,301352451,1017.77344,859.0117
MOVE,0,1.0,0.01764706,301352460,1018.56445,858.4404
MOVE,0,1.0,0.01764706,301352464,1018.8281,858.1543
UP,0,1.0,0.01764706,301352472,1018.8281,858.1543
DOWN,0,1.0,0.03137255,301355059,904.13086,1547.7002
MOVE,0,1.0,0.03137255,301355083,904.13086,1545.1465
MOVE,0,1.0,0.037254903,301355097,904.3994,1535.0479
MOVE,0,1.0,0.03137255,301355106,905.5156,1514.9658
MOVE,0,1.0,0.037254903,301355117,909.63086,1467.543
MOVE,0,1.0,0.03137255,301355126,914.6279,1423.5996
MOVE,0,1.0,0.04117647,301355134,920.1592,1377.9131
MOVE,0,1.0,0.03529412,301355142,925.958,1334.4727
MOVE,0,1.0,0.037254903,301355151,931.4971,1291.0547
MOVE,0,1.0,0.03529412,301355160,938.6006,1246.5049
MOVE,0,1.0,0.03529412,301355167,947.28613,1201.3789
MOVE,0,1.0,0.04509804,301355176,956.50977,1157.3789
MOVE,0,1.0,0.037254903,301355184,965.7383,1118.4795
MOVE,0,1.0,0.037254903,301355192,975.22754,1083.5908
MOVE,0,1.0,0.04117647,301355201,982.8926,1053.2666
MOVE,0,1.0,0.03529412,301355209,988.97266,1028.0781
MOVE,0,1.0,0.04117647,301355218,993.99316,1006.90137
MOVE,0,1.0,0.04117647,301355226,997.9414,990.3594
MOVE,0,1.0,0.04117647,301355234,1001.52637,975.37695
MOVE,0,1.0,0.037254903,301355241,1004.19434,963.8428
MOVE,0,1.0,0.037254903,301355249,1006.4912,953.88965
MOVE,0,1.0,0.03137255,301355256,1008.7988,943.5127
MOVE,0,1.0,0.03137255,301355264,1010.8906,934.2539
MOVE,0,1.0,0.03137255,301355272,1012.4043,926.79004
MOVE,0,1.0,0.03137255,301355280,1013.42285,920.13965
MOVE,0,1.0,0.03529412,301355289,1014.21387,914.99805
MOVE,0,1.0,0.04117647,301355297,1014.87305,911.5703
MOVE,0,1.0,0.04509804,301355305,1015.0049,909.28516
MOVE,0,1.0,0.04509804,301355313,1014.7412,908.42773
MOVE,0,1.0,0.04509804,301355322,1014.47754,908.42773
MOVE,0,1.0,0.04509804,301355330,1014.08203,908.42773
MOVE,0,1.0,0.04509804,301355334,1013.81836,908.42773
MOVE,0,1.0,0.04117647,301355368,1013.81836,908.42773
MOVE,0,1.0,0.037254903,301355392,1014.80273,908.42773
MOVE,0,1.0,0.03137255,301355397,1015.4004,908.42773
MOVE,0,1.0,0.023529414,301355405,1016.5869,908.42773
MOVE,0,1.0,0.01764706,301355414,1017.77344,908.42773
MOVE,0,1.0,0.0058823535,301355418,1018.3008,908.42773
UP,0,1.0,0.0058823535,301355426,1018.3008,908.42773
DOWN,0,1.0,0.025490198,301358080,872.49023,1492.2852
MOVE,0,1.0,0.03137255,301358112,872.49023,1482.835
MOVE,0,1.0,0.03529412,301358126,874.33105,1454.5088
MOVE,0,1.0,0.037254903,301358138,880.6084,1395.0859
MOVE,0,1.0,0.037254903,301358146,889.2783,1336.3408
MOVE,0,1.0,0.037254903,301358154,900.58984,1270.1455
MOVE,0,1.0,0.03529412,301358163,914.5381,1202.7441
MOVE,0,1.0,0.037254903,301358171,931.3838,1135.8984
MOVE,0,1.0,0.03529412,301358179,950.6084,1070.7539
MOVE,0,1.0,0.037254903,301358188,970.63965,1010.15137
MOVE,0,1.0,0.03137255,301358196,986.2412,956.94727
MOVE,0,1.0,0.023529414,301358204,992.92285,926.4404
MOVE,0,1.0,0.023529414,301358204,992.9883,926.1377
UP,0,1.0,0.023529414,301358212,992.9883,926.1377
DOWN,0,1.0,0.05686275,301358288,880.92773,972.9834
MOVE,0,1.0,0.04509804,301358304,880.0127,974.4707
MOVE,0,1.0,0.050980397,301358309,878.42285,977.5537
MOVE,0,1.0,0.04509804,301358317,874.3799,985.4365
MOVE,0,1.0,0.05686275,301358327,867.9297,999.22363
MOVE,0,1.0,0.050980397,301358337,852.9258,1034.4443
MOVE,0,1.0,0.05686275,301358346,830.77246,1091.8457
MOVE,0,1.0,0.050980397,301358355,809.42285,1151.7686
MOVE,0,1.0,0.04509804,301358363,788.84863,1213.4502
MOVE,0,1.0,0.050980397,301358372,770.1094,1272.3223
MOVE,0,1.0,0.04117647,301358380,753.47656,1326.6396
MOVE,0,1.0,0.05686275,301358388,739.4756,1375.2568
MOVE,0,1.0,0.04117647,301358396,728.3721,1418.1602
MOVE,0,1.0,0.04509804,301358405,720.43066,1456.4824
MOVE,0,1.0,0.04117647,301358413,714.8701,1487.9717
MOVE,0,1.0,0.04117647,301358421,710.8994,1514.8682
MOVE,0,1.0,0.04117647,301358430,707.2051,1537.1943
MOVE,0,1.0,0.04117647,301358438,705.60156,1556.081
MOVE,0,1.0,0.03137255,301358446,704.8457,1568.5596
MOVE,0,1.0,0.03137255,301358452,704.41504,1576.4131
MOVE,0,1.0,0.01764706,301358459,703.6846,1582.5938
MOVE,0,1.0,0.01764706,301358467,702.5537,1587.9766
MOVE,0,1.0,0.003921569,301358471,701.89453,1590.5469
UP,0,1.0,0.003921569,301358479,701.89453,1590.5469
DOWN,0,1.0,0.03137255,301358513,705.8496,1569.9805
MOVE,0,1.0,0.04117647,301358529,705.8496,1568.9893
MOVE,0,1.0,0.04509804,301358534,706.37695,1567.124
MOVE,0,1.0,0.04509804,301358542,707.5635,1561.6973
MOVE,0,1.0,0.04117647,301358551,709.6533,1551.7822
MOVE,0,1.0,0.04705883,301358561,716.2031,1523.4014
MOVE,0,1.0,0.05686275,301358572,731.55273,1464.8066
MOVE,0,1.0,0.04509804,301358580,748.13477,1408.2998
MOVE,0,1.0,0.054901965,301358588,767.35645,1350.0459
MOVE,0,1.0,0.050980397,301358597,786.34375,1295.168
MOVE,0,1.0,0.05686275,301358605,803.7617,1245.9795
MOVE,0,1.0,0.050980397,301358613,818.81445,1201.9395
MOVE,0,1.0,0.060784318,301358622,830.7119,1163.6055
MOVE,0,1.0,0.04509804,301358630,840.749,1130.9854
MOVE,0,1.0,0.050980397,301358638,848.9414,1105.208
MOVE,0,1.0,0.04509804,301358647,854.5049,1082.8936
MOVE,0,1.0,0.04509804,301358655,859.499,1066.3408
MOVE,0,1.0,0.050980397,301358662,861.42773,1057.0498
MOVE,0,1.0,0.05686275,301358668,861.22266,1052.8496
MOVE,0,1.0,0.05686275,301358676,860.2295,1050.1074
MOVE,0,1.0,0.05686275,301358684,858.3838,1051.25
MOVE,0,1.0,0.050980397,301358693,855.3174,1057.6182
MOVE,0,1.0,0.04117647,301358702,849.0498,1073.9873
MOVE,0,1.0,0.05686275,301358713,838.2969,1105.2715
MOVE,0,1.0,0.050980397,301358722,830.38184,1134.3672
MOVE,0,1.0,0.060784318,301358730,822.21094,1165.7646
MOVE,0,1.0,0.05686275,301358738,815.86426,1196.0547
MOVE,0,1.0,0.05686275,301358747,809.53613,1228.5957
MOVE,0,1.0,0.060784318,301358755,802.68555,1262.29
MOVE,0,1.0,0.04705883,301358764,795.56934,1295.9961
MOVE,0,1.0,0.050980397,301358772,788.97266,1327.4395
MOVE,0,1.0,0.04117647,301358780,783.9463,1353.7705
MOVE,0,1.0,0.04117647,301358788,781.0254,1376.0908
MOVE,0,1.0,0.04509804,301358797,778.38574,1395.543
MOVE,0,1.0,0.04117647,301358805,774.7207,1412.0674
MOVE,0,1.0,0.04117647,301358813,770.8877,1427.0498
MOVE,0,1.0,0.04117647,301358821,767.3701,1441.6982
MOVE,0,1.0,0.04117647,301358829,764.5166,1454.0098
MOVE,0,1.0,0.037254903,301358836,762.6885,1461.543
MOVE,0,1.0,0.037254903,301358843,760.81934,1467.7354
MOVE,0,1.0,0.037254903,301358851,758.9795,1473.7188
MOVE,0,1.0,0.03137255,301358860,757.66113,1478.2891
MOVE,0,1.0,0.03137255,301358868,756.0791,1482.002
MOVE,0,1.0,0.03137255,301358876,754.4971,1484.5732
MOVE,0,1.0,0.03137255,301358884,753.70605,1485.4297
MOVE,0,1.0,0.03137255,301358893,753.70605,1485.1445
MOVE,0,1.0,0.037254903,301358901,754.10156,1484.2871
MOVE,0,1.0,0.037254903,301358909,754.76074,1481.4307
MOVE,0,1.0,0.04509804,301358918,756.6094,1472.5342
MOVE,0,1.0,0.04117647,301358928,762.08887,1449.4209
MOVE,0,1.0,0.04117647,301358939,772.2051,1410.3623
MOVE,0,1.0,0.04117647,301358947,784.8242,1367.0361
MOVE,0,1.0,0.050980397,301358955,798.78613,1321.3555
MOVE,0,1.0,0.04509804,301358964,812.76074,1272.8242
MOVE,0,1.0,0.04509804,301358972,826.9961,1224.8301
MOVE,0,1.0,0.04117647,301358980,840.7129,1179.1045
MOVE,0,1.0,0.04117647,301358989,853.90137,1138.4912
MOVE,0,1.0,0.060784318,301358997,864.73535,1104.1514
MOVE,0,1.0,0.04509804,301359005,875.0244,1074.3984
MOVE,0,1.0,0.04509804,301359014,883.48047,1050.9131
MOVE,0,1.0,0.05686275,301359022,888.5244,1033.1455
MOVE,0,1.0,0.04509804,301359030,890.69434,1023.78125
MOVE,0,1.0,0.04509804,301359035,891.55664,1019.0547
MOVE,0,1.0,0.04509804,301359043,892.1338,1014.40234
MOVE,0,1.0,0.050980397,301359051,892.1338,1011.25977
MOVE,0,1.0,0.050980397,301359060,891.7383,1009.26074
MOVE,0,1.0,0.04509804,301359068,891.4746,1008.11816
MOVE,0,1.0,0.050980397,301359076,891.4746,1006.9756
MOVE,0,1.0,0.04509804,301359085,891.8701,1004.9756
MOVE,0,1.0,0.04509804,301359093,893.05664,1002.97656
MOVE,0,1.0,0.04509804,301359101,894.7705,1000.97656
MOVE,0,1.0,0.04509804,301359110,895.95703,999.2627
MOVE,0,1.0,0.04509804,301359118,896.2207,998.6914
MOVE,0,1.0,0.04509804,301359127,896.2207,998.6914
MOVE,0,1.0,0.050980397,301359135,894.1113,1002.11914
MOVE,0,1.0,0.04509804,301359144,887.2119,1012.30566
MOVE,0,1.0,0.037254903,301359154,867.36523,1040.4854
MOVE,0,1.0,0.03137255,301359164,837.4326,1085.6816
MOVE,0,1.0,0.025490198,301359172,804.5293,1137.5664
MOVE,0,1.0,0.0058823535,301359180,747.8154,1225.1846
MOVE,0,1.0,0.0058823535,301359180,747.2461,1226.0645
UP,0,1.0,0.0058823535,301359189,747.2461,1226.0645
DOWN,0,1.0,0.03137255,301359264,705.58594,1396.3086
MOVE,0,1.0,0.04509804,301359272,705.58594,1396.3086
MOVE,0,1.0,0.04509804,301359296,707.749,1392.6885
MOVE,0,1.0,0.050980397,301359302,709.4092,1388.8818
MOVE,0,1.0,0.05686275,301359311,716.76855,1370.873
MOVE,0,1.0,0.05686275,301359322,738.3633,1316.7852
MOVE,0,1.0,0.04509804,301359331,763.08203,1261.4678
MOVE,0,1.0,0.060784318,301359339,792.5664,1200.3965
MOVE,0,1.0,0.060784318,301359347,823.6631,1142.6621
MOVE,0,1.0,0.04509804,301359356,855.0381,1090.0518
MOVE,0,1.0,0.05686275,301359364,884.3262,1042.0176
MOVE,0,1.0,0.04509804,301359372,909.93945,1001.94824
MOVE,0,1.0,0.050980397,301359381,931.6006,970.4414
MOVE,0,1.0,0.050980397,301359389,946.6953,946.37305
MOVE,0,1.0,0.04509804,301359398,956.24316,928.5996
MOVE,0,1.0,0.04117647,301359405,961.4238,917.40234
MOVE,0,1.0,0.04509804,301359411,964.4619,910.8213
MOVE,0,1.0,0.037254903,301359419,967.02246,904.9863
MOVE,0,1.0,0.037254903,301359427,968.2031,900.4297
MOVE,0,1.0,0.037254903,301359435,967.0166,898.7158
MOVE,0,1.0,0.05686275,301359444,963.58887,899.8584
MOVE,0,1.0,0.05686275,301359452,958.1836,903.57227
MOVE,0,1.0,0.05686275,301359460,951.1963,909.85645
MOVE,0,1.0,0.05686275,301359469,943.9404,917.86035
MOVE,0,1.0,0.04509804,301359477,937.9971,926.4502
MOVE,0,1.0,0.04509804,301359485,933.91797,934.7256
MOVE,0,1.0,0.050980397,301359494,930.7617,942.4199
MOVE,0,1.0,0.050980397,301359502,927.7295,950.13184
MOVE,0,1.0,0.05686275,301359510,924.8291,958.1299
MOVE,0,1.0,0.054901965,301359519,921.66504,966.1279
MOVE,0,1.0,0.04509804,301359527,917.9043,975.1533
MOVE,0,1.0,0.050980397,301359536,912.63965,985.78906
MOVE,0,1.0,0.04509804,301359545,905.8838,997.667
MOVE,0,1.0,0.050980397,301359553,899.042,1009.1035
MOVE,0,1.0,0.05686275,301359561,892.4922,1019.0469
MOVE,0,1.0,0.05686275,301359570,885.59375,1028.8525
MOVE,0,1.0,0.05686275,301359577,879.7822,1037.3027
MOVE,0,1.0,0.060784318,301359586,874.4258,1046.4434
MOVE,0,1.0,0.050980397,301359594,869.5996,1056.3701
MOVE,0,1.0,0.04509804,301359603,865.02637,1068.0518
MOVE,0,1.0,0.050980397,301359612,860.83887,1080.5361
MOVE,0,1.0,0.050980397,301359620,857.1846,1092.3369
MOVE,0,1.0,0.050980397,301359628,854.3955,1103.001
MOVE,0,1.0,0.04509804,301359637,851.8252,1113.582
MOVE,0,1.0,0.04117647,301359645,849.2549,1123.1152
MOVE,0,1.0,0.04117647,301359653,846.7949,1131.9531
MOVE,0,1.0,0.04117647,301359661,844.2842,1140.792
MOVE,0,1.0,0.04117647,301359669,842.2998,1148.084
MOVE,0,1.0,0.04509804,301359677,840.98145,1154.082
MOVE,0,1.0,0.04509804,301359686,841.1133,1157.7959
MOVE,0,1.0,0.04509804,301359694,841.6406,1159.2236
MOVE,0,1.0,0.04509804,301359702,841.6406,1159.2236
MOVE,0,1.0,0.04117647,301359711,842.5635,1158.081
MOVE,0,1.0,0.04509804,301359719,845.2002,1154.082
MOVE,0,1.0,0.05686275,301359728,852.9629,1141.8457
MOVE,0,1.0,0.04509804,301359739,871.9092,1110.5635
MOVE,0,1.0,0.04509804,301359748,897.2988,1067.6514
MOVE,0,1.0,0.05686275,301359756,924.94824,1021.4346
MOVE,0,1.0,0.04509804,301359765,952.3721,973.4629
MOVE,0,1.0,0.04117647,301359773,971.1797,937.91797
MOVE,0,1.0,0.04117647,301359781,984.6797,909.28516
MOVE,0,1.0,0.03137255,301359790,995.5166,886.376
MOVE,0,1.0,0.01764706,301359798,1004.7617,866.91797
MOVE,0,1.0,0.003921569,301359806,1042.1816,796.5918
MOVE,0,1.0,0.003921569,301359806,1042.5586,795.8838
UP,0,1.0,0.003921569,301359814,1042.5586,795.8838
DOWN,0,1.0,0.04117647,301359940,847.96875,1060.3906
MOVE,0,1.0,0.04509804,301359964,846.79004,1064.5068
MOVE,0,1.0,0.04117647,301359969,846.2549,1068.3887
MOVE,0,1.0,0.04117647,301359977,845.5957,1076.1074
MOVE,0,1.0,0.04117647,301359987,845.0029,1093.9502
MOVE,0,1.0,0.04117647,301359998,844.0215,1134.8984
MOVE,0,1.0,0.04117647,301360007,842.1865,1171.9922
MOVE,0,1.0,0.03529412,301360015,839.03516,1211.9541
MOVE,0,1.0,0.037254903,301360023,833.52246,1250.2471
MOVE,0,1.0,0.037254903,301360032,826.6797,1289.0889
MOVE,0,1.0,0.037254903,301360040,819.30273,1326.2402
MOVE,0,1.0,0.03529412,301360049,811.6582,1361.6768
MOVE,0,1.0,0.03137255,301360057,803.751,1393.7031
MOVE,0,1.0,0.037254903,301360065,796.624,1421.7363
MOVE,0,1.0,0.03529412,301360073,790.2881,1448.0332
MOVE,0,1.0,0.03137255,301360082,784.74316,1471.4844
MOVE,0,1.0,0.023529414,301360090,779.72754,1489.252
MOVE,0,1.0,0.0058823535,301360097,776.5869,1499.2178
MOVE,0,1.0,0.0058823535,301360098,776.25,1500.2832
UP,0,1.0,0.0058823535,301360106,776.25,1500.2832
DOWN,0,1.0,0.037254903,301360249,765.1758,1423.1592
MOVE,0,1.0,0.04117647,301360264,765.6328,1422.168
MOVE,0,1.0,0.04117647,301360269,766.09863,1420.3027
MOVE,0,1.0,0.04117647,301360278,767.68066,1414.876
MOVE,0,1.0,0.050980397,301360287,771.4131,1403.7012
MOVE,0,1.0,0.04705883,301360297,784.89355,1366.4033
MOVE,0,1.0,0.04117647,301360307,812.3838,1293.5742
MOVE,0,1.0,0.04509804,301360315,843.96094,1216.5527
MOVE,0,1.0,0.04117647,301360324,879.7783,1132.6416
MOVE,0,1.0,0.027450982,301360331,927.12305,1023.77637
MOVE,0,1.0,0.027450982,301360332,927.59766,1022.68555
UP,0,1.0,0.027450982,301360340,927.59766,1022.68555
DOWN,0,1.0,0.03529412,301360457,928.65234,972.9834
MOVE,0,1.0,0.04117647,301360473,927.7373,974.4707
MOVE,0,1.0,0.050980397,301360478,926.14746,977.5537
MOVE,0,1.0,0.04509804,301360487,922.2012,985.81836
MOVE,0,1.0,0.050980397,301360496,915.6533,1001.1699
MOVE,0,1.0,0.04117647,301360507,899.4512,1043.707
MOVE,0,1.0,0.04117647,301360516,874.5762,1115.1143
MOVE,0,1.0,0.037254903,301360524,849.5381,1192.7236
MOVE,0,1.0,0.03529412,301360532,826.0547,1273.2471
MOVE,0,1.0,0.03529412,301360541,808.33105,1344.75
MOVE,0,1.0,0.037254903,301360549,797.7129,1403.7188
MOVE,0,1.0,0.01764706,301360557,791.6035,1460.8643
MOVE,0,1.0,0.01764706,301360557,791.54297,1461.4355
UP,0,1.0,0.01764706,301360565,791.54297,1461.4355
DOWN,0,1.0,0.037254903,301360683,212.25586,1060.3906
MOVE,0,1.0,0.027450982,301360698,212.25586,1061.8779
MOVE,0,1.0,0.03137255,301360703,212.3877,1064.3896
MOVE,0,1.0,0.03137255,301360712,213.04785,1070.9658
MOVE,0,1.0,0.025490198,301360721,214.32617,1082.7363
MOVE,0,1.0,0.037254903,301360731,219.4668,1116.6992
MOVE,0,1.0,0.027450982,301360741,232.17676,1177.5225
MOVE,0,1.0,0.01764706,301360749,248.47949,1239.1582
MOVE,0,1.0,0.03137255,301360757,266.91504,1301.4229
MOVE,0,1.0,0.025490198,301360766,284.32812,1356.9072
MOVE,0,1.0,0.023529414,301360774,298.85938,1404.4043
MOVE,0,1.0,0.025490198,301360782,308.6621,1442.7715
MOVE,0,1.0,0.027450982,301360791,314.2412,1473.6953
MOVE,0,1.0,0.023529414,301360799,316.90723,1497.1924
MOVE,0,1.0,0.01764706,301360807,318.49316,1513.7568
MOVE,0,1.0,0.01764706,301360815,320.46094,1526.1143
MOVE,0,1.0,0.01764706,301360822,322.76562,1535.1436
MOVE,0,1.0,0.025490198,301360829,324.95605,1542.8105
MOVE,0,1.0,0.023529414,301360837,326.95312,1549.4141
MOVE,0,1.0,0.01764706,301360845,328.667,1555.4131
MOVE,0,1.0,0.01764706,301360853,329.58984,1559.9834
MOVE,0,1.0,0.01764706,301360862,330.24902,1562.8398
MOVE,0,1.0,0.01764706,301360870,330.77637,1564.5537
MOVE,0,1.0,0.01764706,301360878,331.17188,1565.6963
MOVE,0,1.0,0.01764706,301360887,331.83105,1566.5527
MOVE,0,1.0,0.01764706,301360895,332.3584,1567.4102
MOVE,0,1.0,0.01764706,301360903,332.7539,1567.9814
MOVE,0,1.0,0.01764706,301360908,333.01758,1568.2666
MOVE,0,1.0,0.01764706,301360948,335.51465,1568.7627
MOVE,0,1.0,0.01764706,301360953,336.57715,1569.124
MOVE,0,1.0,0.01764706,301360962,338.81836,1570.2666
MOVE,0,1.0,0.01764706,301360970,340.66406,1570.8379
MOVE,0,1.0,0.023529414,301360978,341.32324,1569.4092
MOVE,0,1.0,0.025490198,301360987,340.6494,1563.6123
MOVE,0,1.0,0.025490198,301360996,336.7881,1546.501
MOVE,0,1.0,0.01764706,301361008,327.2959,1511.9893
MOVE,0,1.0,0.03137255,301361016,314.94824,1476.6436
MOVE,0,1.0,0.025490198,301361024,298.11816,1436.1328
MOVE,0,1.0,0.03137255,301361033,279.9375,1395.5713
MOVE,0,1.0,0.027450982,301361041,262.00586,1352.748
MOVE,0,1.0,0.025490198,301361049,245.6416,1308.7705
MOVE,0,1.0,0.037254903,301361058,229.0332,1261.9531
MOVE,0,1.0,0.03137255,301361066,211.37793,1214.542
MOVE,0,1.0,0.037254903,301361075,193.71191,1168.8213
MOVE,0,1.0,0.037254903,301361083,175.00195,1125.9463
MOVE,0,1.0,0.037254903,301361091,155.49805,1086.4932
MOVE,0,1.0,0.037254903,301361100,137.29102,1052.7295
MOVE,0,1.0,0.04117647,301361108,121.70801,1025.8105
MOVE,0,1.0,0.037254903,301361116,108.240234,1005.7471
MOVE,0,1.0,0.037254903,301361124,98.1416,990.60156
MOVE,0,1.0,0.04117647,301361132,91.569336,980.4453
MOVE,0,1.0,0.03529412,301361138,86.743164,972.8711
MOVE,0,1.0,0.03137255,301361146,82.274414,965.3369
MOVE,0,1.0,0.037254903,301361154,78.83789,958.1299
MOVE,0,1.0,0.037254903,301361162,76.728516,952.13184
MOVE,0,1.0,0.037254903,301361170,75.67383,947.8467
MOVE,0,1.0,0.037254903,301361179,75.67383,945.27637
MOVE,0,1.0,0.037254903,301361183,75.9375,944.41895
MOVE,0,1.0,0.04117647,301361299,77.99609,946.89746
MOVE,0,1.0,0.04117647,301361304,81.21094,950.98926
MOVE,0,1.0,0.04509804,301361313,91.66797,964.45605
MOVE,0,1.0,0.04117647,301361324,116.331055,997.34375
MOVE,0,1.0,0.04705883,301361333,145.52539,1036.585
MOVE,0,1.0,0.04117647,301361341,178.17871,1083.9111
MOVE,0,1.0,0.04705883,301361350,209.30762,1133.5898
MOVE,0,1.0,0.04117647,301361358,239.37695,1184.4229
MOVE,0,1.0,0.04509804,301361366,270.21875,1238.6611
MOVE,0,1.0,0.04117647,301361375,300.0244,1295.1963
MOVE,0,1.0,0.037254903,301361383,326.68652,1350.0566
MOVE,0,1.0,0.04117647,301361392,347.31348,1401.5078
MOVE,0,1.0,0.03529412,301361400,361.87695,1446.7021
MOVE,0,1.0,0.04117647,301361408,372.72363,1485.0469
MOVE,0,1.0,0.03529412,301361416,379.87988,1517.1016
MOVE,0,1.0,0.037254903,301361425,384.12793,1545.7012
MOVE,0,1.0,0.037254903,301361433,386.78027,1569.7402
MOVE,0,1.0,0.03137255,301361441,389.15625,1589.21
MOVE,0,1.0,0.037254903,301361449,389.9131,1601.0547
MOVE,0,1.0,0.03137255,301361456,390.51465,1608.2578
MOVE,0,1.0,0.03137255,301361463,391.1787,1614.127
MOVE,0,1.0,0.03137255,301361471,392.08008,1617.9688
MOVE,0,1.0,0.03137255,301361479,392.8711,1617.3975
MOVE,0,1.0,0.01764706,301361488,392.83496,1608.2227
MOVE,0,1.0,0.01764706,301361498,390.4297,1579.419
MOVE,0,1.0,0.037254903,301361508,381.0957,1533.8291
MOVE,0,1.0,0.037254903,301361517,363.5166,1482.5166
MOVE,0,1.0,0.03137255,301361525,336.71387,1420.3545
MOVE,0,1.0,0.03137255,301361533,305.1211,1354.6904
MOVE,0,1.0,0.027450982,301361542,267.47656,1285.0332
MOVE,0,1.0,0.03137255,301361550,225.33398,1213.6387
MOVE,0,1.0,0.037254903,301361558,179.23145,1146.1865
MOVE,0,1.0,0.027450982,301361567,130.47852,1083.2998
MOVE,0,1.0,0.03137255,301361575,90.3125,1029.5068
MOVE,0,1.0,0.023529414,301361583,60.41504,983.72363
MOVE,0,1.0,0.023529414,301361592,35.84082,946.5039
MOVE,0,1.0,0.013725491,301361600,16.800781,917.2881
MOVE,0,1.0,0.0058823535,301361608,6.953125,883.0625
MOVE,0,1.0,0.0058823535,301361608,6.8554688,882.7197
UP,0,1.0,0.0058823535,301361616,6.8554688,882.7197
DOWN,0,1.0,0.04117647,301361684,64.59961,893.5742
MOVE,0,1.0,0.05686275,301361700,90.225586,920.20215
MOVE,0,1.0,0.04117647,301361708,131.42188,964.54004
MOVE,0,1.0,0.05686275,301361717,176.99512,1017.01855
MOVE,0,1.0,0.04509804,301361725,216.08398,1067.3145
MOVE,0,1.0,0.060784318,301361734,247.27637,1114.1943
MOVE,0,1.0,0.04509804,301361742,275.2578,1162.7373
MOVE,0,1.0,0.04117647,301361750,303.72852,1215.2559
MOVE,0,1.0,0.04509804,301361759,330.63965,1271.7734
MOVE,0,1.0,0.05686275,301361767,350.48633,1320.9785
MOVE,0,1.0,0.04117647,301361775,365.82324,1365.585
MOVE,0,1.0,0.04117647,301361784,377.20117,1405.0547
MOVE,0,1.0,0.037254903,301361792,384.88477,1437.6875
MOVE,0,1.0,0.037254903,301361800,389.39844,1466.292
MOVE,0,1.0,0.037254903,301361809,392.57617,1489.7656
MOVE,0,1.0,0.037254903,301361817,393.12988,1510.3604
MOVE,0,1.0,0.037254903,301361825,393.13477,1525.5117
MOVE,0,1.0,0.037254903,301361832,393.13477,1536.8467
MOVE,0,1.0,0.03137255,301361839,393.68555,1545.3193
MOVE,0,1.0,0.03137255,301361847,394.2168,1552.376
MOVE,0,1.0,0.03137255,301361855,394.7168,1557.6982
MOVE,0,1.0,0.03137255,301361863,395.1123,1560.8398
MOVE,0,1.0,0.03137255,301361871,395.24414,1561.6973
MOVE,0,1.0,0.03137255,301361880,395.1123,1557.9834
MOVE,0,1.0,0.037254903,301361889,393.01074,1542.8203
MOVE,0,1.0,0.037254903,301361900,381.63574,1498.375
MOVE,0,1.0,0.03137255,301361909,361.4336,1445.3994
MOVE,0,1.0,0.03529412,301361917,333.56055,1383.7861
MOVE,0,1.0,0.037254903,301361925,302.21777,1319.8242
MOVE,0,1.0,0.037254903,301361934,274.4961,1260.9307
MOVE,0,1.0,0.03137255,301361942,247.85449,1199.2598
MOVE,0,1.0,0.04117647,301361950,218.87402,1136.4297
MOVE,0,1.0,0.04117647,301361959,188.82617,1076.415
MOVE,0,1.0,0.04117647,301361967,160.59473,1023.2168
MOVE,0,1.0,0.04705883,301361975,135.51465,979.70215
MOVE,0,1.0,0.04117647,301361984,115.947266,945.333
MOVE,0,1.0,0.04509804,301361992,101.65625,918.4082
MOVE,0,1.0,0.04509804,301362000,91.33301,901.17285
MOVE,0,1.0,0.04509804,301362008,84.44824,889.98047
MOVE,0,1.0,0.037254903,301362014,81.0918,883.7793
MOVE,0,1.0,0.037254903,301362021,78.96973,878.7207
MOVE,0,1.0,0.04117647,301362026,78.31055,876.43555
MOVE,0,1.0,0.04509804,301362050,79.4541,877.42676
MOVE,0,1.0,0.04509804,301362055,81.87012,880.1494
MOVE,0,1.0,0.05686275,301362064,90.740234,891.06934
MOVE,0,1.0,0.05686275,301362075,114.62891,921.53516
MOVE,0,1.0,0.050980397,301362084,150.22461,967.9785
MOVE,0,1.0,0.04509804,301362092,192.06152,1022.1426
MOVE,0,1.0,0.060784318,301362100,239.72754,1086.0303
MOVE,0,1.0,0.050980397,301362109,288.7578,1155.6699
MOVE,0,1.0,0.05686275,301362117,334.14648,1225.3672
MOVE,0,1.0,0.04509804,301362126,371.40527,1292.8027
MOVE,0,1.0,0.050980397,301362134,400.23047,1352.8623
MOVE,0,1.0,0.050980397,301362142,422.70605,1405.4951
MOVE,0,1.0,0.050980397,301362151,439.11426,1448.4385
MOVE,0,1.0,0.04117647,301362159,452.85156,1485.0645
MOVE,0,1.0,0.050980397,301362167,464.2129,1514.8398
MOVE,0,1.0,0.04509804,301362176,472.41797,1536.0635
MOVE,0,1.0,0.03529412,301362183,478.3125,1547.2949
MOVE,0,1.0,0.04117647,301362190,482.1006,1552.75
MOVE,0,1.0,0.04117647,301362197,486.4746,1555.6982
MOVE,0,1.0,0.04117647,301362205,491.48438,1553.1279
MOVE,0,1.0,0.04509804,301362214,496.31934,1538.25
MOVE,0,1.0,0.04509804,301362226,499.11816,1497.7637
MOVE,0,1.0,0.04509804,301362234,496.25977,1451.0498
MOVE,0,1.0,0.04509804,301362242,486.0498,1392.3271
MOVE,0,1.0,0.054901965,301362251,465.84766,1330.6562
MOVE,0,1.0,0.04117647,301362259,435.10352,1263.3008
MOVE,0,1.0,0.054901965,301362267,397.20605,1191.9297
MOVE,0,1.0,0.04509804,301362276,354.5381,1121.084
MOVE,0,1.0,0.04509804,301362284,308.43066,1053.6377
MOVE,0,1.0,0.050980397,301362292,259.67773,991.3164
MOVE,0,1.0,0.04509804,301362301,214.03027,938.0947
MOVE,0,1.0,0.05686275,301362309,174.9414,897.4072
MOVE,0,1.0,0.050980397,301362317,144.53223,869.28906
MOVE,0,1.0,0.05686275,301362326,123.08496,851.4756
MOVE,0,1.0,0.05686275,301362333,112.865234,843.04004
MOVE,0,1.0,0.050980397,301362339,109.552734,840.4219
MOVE,0,1.0,0.05686275,301362347,108.10547,839.30176
MOVE,0,1.0,0.05686275,301362355,108.10547,839.30176
MOVE,0,1.0,0.054901965,301362363,112.71973,842.44434
MOVE,0,1.0,0.05686275,301362373,125.28027,851.3994
MOVE,0,1.0,0.05686275,301362384,161.84863,879.72363
MOVE,0,1.0,0.060784318,301362392,215.42285,924.55566
MOVE,0,1.0,0.060784318,301362401,280.6836,985.5117
MOVE,0,1.0,0.05686275,301362409,351.81738,1060.7793
MOVE,0,1.0,0.060784318,301362418,419.61523,1144.6729
MOVE,0,1.0,0.064705886,301362426,476.67676,1227.5215
MOVE,0,1.0,0.05686275,301362434,519.27246,1304.7021
MOVE,0,1.0,0.05686275,301362443,549.19434,1372.7773
MOVE,0,1.0,0.050980397,301362451,570.375,1432.8428
MOVE,0,1.0,0.04509804,301362459,583.37695,1479.8193
MOVE,0,1.0,0.050980397,301362468,592.38086,1515.9199
MOVE,0,1.0,0.04509804,301362476,598.21387,1541.165
MOVE,0,1.0,0.04509804,301362484,602.0039,1554.3555
MOVE,0,1.0,0.050980397,301362491,605.1084,1558.041
MOVE,0,1.0,0.04117647,301362497,608.02734,1556.2695
MOVE,0,1.0,0.04509804,301362506,612.00684,1538.832
MOVE,0,1.0,0.04705883,301362518,613.04004,1487.0068
MOVE,0,1.0,0.05686275,301362526,608.33887,1427.752
MOVE,0,1.0,0.05686275,301362534,596.2832,1362.1172
MOVE,0,1.0,0.05686275,301362543,572.1465,1288.501
MOVE,0,1.0,0.064705886,301362551,533.00977,1210.2803
MOVE,0,1.0,0.05686275,301362560,482.75977,1133.1445
MOVE,0,1.0,0.050980397,301362568,425.87207,1062.8076
MOVE,0,1.0,0.04509804,301362576,366.04785,999.8916
MOVE,0,1.0,0.064705886,301362584,305.9336,943.83594
MOVE,0,1.0,0.064705886,301362593,248.16504,894.6367
MOVE,0,1.0,0.05686275,301362601,194.07617,856.25195
MOVE,0,1.0,0.05686275,301362609,147.33203,828.7217
MOVE,0,1.0,0.05686275,301362618,114.75781,810.34863
MOVE,0,1.0,0.060784318,301362626,98.08789,798.3613
MOVE,0,1.0,0.060784318,301362633,94.46289,795.25684
MOVE,0,1.0,0.060784318,301362639,93.86719,794.7412
MOVE,0,1.0,0.060784318,301362647,93.86719,794.7412
MOVE,0,1.0,0.078431375,301362655,97.42676,798.4551
MOVE,0,1.0,0.064705886,301362664,106.35547,805.8086
MOVE,0,1.0,0.068627454,301362674,133.9082,827.02246
MOVE,0,1.0,0.064705886,301362685,189.08691,872.03125
MOVE,0,1.0,0.068627454,301362693,253.01172,931.82227
MOVE,0,1.0,0.058823533,301362701,323.8711,1007.64355
MOVE,0,1.0,0.05686275,301362709,392.18848,1093.8057
MOVE,0,1.0,0.054901965,301362718,447.68848,1178.9385
MOVE,0,1.0,0.05686275,301362726,485.83105,1252.749
MOVE,0,1.0,0.050980397,301362735,510.74805,1314.0029
MOVE,0,1.0,0.060784318,301362743,529.26855,1367.7783
MOVE,0,1.0,0.050980397,301362751,544.33203,1410.7334
MOVE,0,1.0,0.05686275,301362760,556.2295,1447.9248
MOVE,0,1.0,0.04509804,301362768,565.4844,1479.9678
MOVE,0,1.0,0.04509804,301362776,572.624,1503.4766
MOVE,0,1.0,0.050980397,301362784,576.42773,1516.6504
MOVE,0,1.0,0.04509804,301362791,578.95605,1523.25
MOVE,0,1.0,0.04509804,301362797,580.86914,1526.5625
MOVE,0,1.0,0.04509804,301362806,582.71484,1525.706
MOVE,0,1.0,0.050980397,301362815,584.13086,1514.8975
MOVE,0,1.0,0.050980397,301362826,583.3721,1481.04
MOVE,0,1.0,0.050980397,301362835,574.3672,1428.2324
MOVE,0,1.0,0.064705886,301362843,553.39453,1359.8604
MOVE,0,1.0,0.060784318,301362851,522.1201,1287.9121
MOVE,0,1.0,0.05686275,301362860,481.60742,1213.668
MOVE,0,1.0,0.058823533,301362868,435.2588,1142.793
MOVE,0,1.0,0.050980397,301362876,387.0254,1078.7402
MOVE,0,1.0,0.060784318,301362885,338.25195,1022.1084
MOVE,0,1.0,0.05686275,301362893,289.47266,970.6416
MOVE,0,1.0,0.05686275,301362901,244.34766,926.5781
MOVE,0,1.0,0.060784318,301362910,206.8291,892.76855
MOVE,0,1.0,0.050980397,301362918,178.78516,870.374
MOVE,0,1.0,0.050980397,301362926,161.0166,858.2744
MOVE,0,1.0,0.05686275,301362934,153.97754,854.18945
MOVE,0,1.0,0.058823533,301362939,152.92969,853.584
MOVE,0,1.0,0.058823533,301362948,152.92969,853.584
MOVE,0,1.0,0.08039216,301362956,153.58887,854.72656
MOVE,0,1.0,0.068627454,301362964,155.69824,856.72656
MOVE,0,1.0,0.07450981,301362972,161.23535,861.2969
MOVE,0,1.0,0.064705886,301362982,175.33789,873.1885
MOVE,0,1.0,0.07450981,301362993,210.79395,907.2539
MOVE,0,1.0,0.058823533,301363002,258.71777,956.50195
MOVE,0,1.0,0.060784318,301363010,316.87793,1020.33203
MOVE,0,1.0,0.064705886,301363018,379.84863,1100.1523
MOVE,0,1.0,0.04509804,301363026,438.9502,1186.9199
MOVE,0,1.0,0.050980397,301363035,487.0498,1268.0996
MOVE,0,1.0,0.050980397,301363043,523.291,1337.3457
MOVE,0,1.0,0.060784318,301363052,549.2334,1394.5947
MOVE,0,1.0,0.050980397,301363060,567.76465,1439.2812
MOVE,0,1.0,0.04509804,301363068,582.8281,1475.3584
MOVE,0,1.0,0.05686275,301363077,595.5078,1503.9971
MOVE,0,1.0,0.05686275,301363085,607.1201,1525.209
MOVE,0,1.0,0.050980397,301363093,615.71387,1536.4404
MOVE,0,1.0,0.04509804,301363099,621.2881,1541.5225
MOVE,0,1.0,0.04117647,301363106,626.74805,1543.416
MOVE,0,1.0,0.04509804,301363114,632.1533,1539.7021
MOVE,0,1.0,0.054901965,301363124,636.95605,1523.8271
MOVE,0,1.0,0.04509804,301363135,638.8721,1482.9102
MOVE,0,1.0,0.060784318,301363143,633.917,1434.499
MOVE,0,1.0,0.060784318,301363152,617.6826,1371.8008
MOVE,0,1.0,0.060784318,301363160,589.8496,1305.0
MOVE,0,1.0,0.064705886,301363168,549.8926,1235.331
MOVE,0,1.0,0.068627454,301363177,500.6787,1167.8955
MOVE,0,1.0,0.064705886,301363185,447.1953,1106.7051
MOVE,0,1.0,0.064705886,301363193,394.71387,1053.4951
MOVE,0,1.0,0.064705886,301363202,346.68066,1011.1113
MOVE,0,1.0,0.064705886,301363210,306.52344,977.88477
MOVE,0,1.0,0.064705886,301363218,275.84277,953.7998
MOVE,0,1.0,0.07450981,301363227,254.6543,939.98535
MOVE,0,1.0,0.068627454,301363234,244.99512,935.24316
MOVE,0,1.0,0.07450981,301363240,241.7373,934.70703
MOVE,0,1.0,0.07450981,301363248,240.33691,935.2783
MOVE,0,1.0,0.064705886,301363256,241.12793,937.8496
MOVE,0,1.0,0.060784318,301363265,244.58984,946.88086
MOVE,0,1.0,0.060784318,301363275,258.83398,974.3799
MOVE,0,1.0,0.064705886,301363285,294.45605,1029.6094
MOVE,0,1.0,0.050980397,301363294,347.7754,1107.5967
MOVE,0,1.0,0.05686275,301363302,405.21582,1201.1338
MOVE,0,1.0,0.05686275,301363310,456.43164,1298.7842
MOVE,0,1.0,0.050980397,301363319,495.0547,1387.9902
MOVE,0,1.0,0.050980397,301363327,520.75977,1463.5381
MOVE,0,1.0,0.05686275,301363335,536.67773,1521.9805
MOVE,0,1.0,0.050980397,301363344,547.7998,1570.6377
MOVE,0,1.0,0.050980397,301363352,556.5244,1607.8857
MOVE,0,1.0,0.04509804,301363360,565.2256,1634.2734
MOVE,0,1.0,0.054901965,301363368,571.89746,1648.8037
MOVE,0,1.0,0.050980397,301363375,576.8926,1654.7305
MOVE,0,1.0,0.04509804,301363381,581.3965,1655.6738
MOVE,0,1.0,0.05686275,301363390,590.02734,1645.3486
MOVE,0,1.0,0.04117647,301363402,601.30566,1604.3047
MOVE,0,1.0,0.060784318,301363410,605.0928,1547.6836
MOVE,0,1.0,0.060784318,301363419,600.9502,1487.7432
MOVE,0,1.0,0.060784318,301363427,585.50684,1420.4053
MOVE,0,1.0,0.05686275,301363436,558.7256,1349.0342
MOVE,0,1.0,0.060784318,301363444,521.9121,1277.0576
MOVE,0,1.0,0.05686275,301363452,476.3838,1205.0752
MOVE,0,1.0,0.058823533,301363460,426.0703,1138.1836
MOVE,0,1.0,0.05686275,301363469,375.44727,1079.2607
MOVE,0,1.0,0.064705886,301363477,325.60547,1027.7705
MOVE,0,1.0,0.060784318,301363485,275.51074,980.3135
MOVE,0,1.0,0.050980397,301363494,224.1084,937.4209
MOVE,0,1.0,0.05686275,301363502,172.16992,900.7949
MOVE,0,1.0,0.050980397,301363510,123.09766,872.15137
MOVE,0,1.0,0.04117647,301363519,74.05469,846.41406
MOVE,0,1.0,0.015686275,301363519,73.56445,846.1572
UP,0,1.0,0.015686275,301363527,73.56445,846.1572
DOWN,0,1.0,0.04117647,301363636,788.6426,1336.3232
MOVE,0,1.0,0.037254903,301363651,788.6426,1333.8457
MOVE,0,1.0,0.04117647,301363656,789.1699,1329.4678
MOVE,0,1.0,0.04509804,301363666,790.8076,1316.1924
MOVE,0,1.0,0.037254903,301363677,796.18555,1288.3379
MOVE,0,1.0,0.04117647,301363685,813.5205,1223.2764
MOVE,0,1.0,0.037254903,301363694,849.4531,1117.4395
MOVE,0,1.0,0.03529412,301363702,898.8887,999.30273
MOVE,0,1.0,0.04117647,301363711,952.375,883.3086
MOVE,0,1.0,0.025490198,301363719,993.8926,784.86914
MOVE,0,1.0,0.003921569,301363727,1030.5908,679.2549
MOVE,0,1.0,0.003921569,301363727,1030.957,678.19824
UP,0,1.0,0.003921569,301363735,1030.957,678.19824
DOWN,0,1.0,0.04509804,301363903,863.2617,812.4512
MOVE,0,1.0,0.04117647,301363918,861.8545,815.9961
MOVE,0,1.0,0.04705883,301363924,859.9629,820.7412
MOVE,0,1.0,0.05686275,301363933,854.29785,836.4424
MOVE,0,1.0,0.04117647,301363944,843.0488,870.44824
MOVE,0,1.0,0.037254903,301363953,821.5537,941.98535
MOVE,0,1.0,0.04705883,301363961,788.709,1060.9102
MOVE,0,1.0,0.037254903,301363969,757.3154,1188.2285
MOVE,0,1.0,0.03137255,301363977,711.0596,1390.2812
MOVE,0,1.0,0.03137255,301363977,710.5957,1392.3096
UP,0,1.0,0.03137255,301363986,710.5957,1392.3096
DOWN,0,1.0,0.037254903,301364354,786.00586,1482.5732
MOVE,0,1.0,0.03137255,301364369,786.00586,1481.582
MOVE,0,1.0,0.037254903,301364374,786.1377,1478.8604
MOVE,0,1.0,0.03137255,301364383,786.5469,1470.8809
MOVE,0,1.0,0.037254903,301364392,788.08984,1453.2031
MOVE,0,1.0,0.04509804,301364403,793.60254,1395.126
MOVE,0,1.0,0.04117647,301364412,805.1377,1297.8809
MOVE,0,1.0,0.037254903,301364420,826.39746,1179.8301
MOVE,0,1.0,0.01764706,301364428,874.1201,981.82715
MOVE,0,1.0,0.01764706,301364428,874.5996,979.83887
UP,0,1.0,0.01764706,301364436,874.5996,979.83887
DOWN,0,1.0,0.04117647,301364880,885.9375,886.71875
MOVE,0,1.0,0.05686275,301364894,885.709,887.70996
MOVE,0,1.0,0.04117647,301364900,885.1465,889.8613
MOVE,0,1.0,0.04705883,301364908,883.82715,896.15137
MOVE,0,1.0,0.04117647,301364917,881.20605,908.3623
MOVE,0,1.0,0.04117647,301364928,871.79297,949.1543
MOVE,0,1.0,0.037254903,301364937,850.8037,1028.2324
MOVE,0,1.0,0.03137255,301364945,825.5459,1117.1992
MOVE,0,1.0,0.03137255,301364954,799.97266,1212.542
MOVE,0,1.0,0.03137255,301364962,780.13965,1294.9395
MOVE,0,1.0,0.01764706,301364970,769.76074,1354.0166
MOVE,0,1.0,0.003921569,301364978,763.6543,1404.9404
MOVE,0,1.0,0.003921569,301364978,763.59375,1405.4492
UP,0,1.0,0.003921569,301364987,763.59375,1405.4492
DOWN,0,1.0,0.025490198,301365439,805.2539,1476.2891
MOVE,0,1.0,0.023529414,301365453,805.2539,1475.2979
MOVE,0,1.0,0.025490198,301365459,805.38574,1473.1475
MOVE,0,1.0,0.025490198,301365467,806.0459,1466.8564
MOVE,0,1.0,0.03137255,301365476,807.5137,1453.7354
MOVE,0,1.0,0.03137255,301365487,813.3838,1410.127
MOVE,0,1.0,0.03137255,301365496,825.1797,1334.7578
MOVE,0,1.0,0.03137255,301365504,841.2158,1248.0703
MOVE,0,1.0,0.03137255,301365513,863.04297,1150.4883
MOVE,0,1.0,0.015686275,301365520,893.542,1016.60156
MOVE,0,1.0,0.015686275,301365521,893.84766,1015.2588
UP,0,1.0,0.015686275,301365529,893.84766,1015.2588
DOWN,0,1.0,0.04117647,301365772,887.25586,919.8535
MOVE,0,1.0,0.03529412,301365787,887.02734,920.3496
MOVE,0,1.0,0.04509804,301365792,886.5967,921.2822
MOVE,0,1.0,0.050980397,301365801,885.9375,924.4238
MOVE,0,1.0,0.05686275,301365809,885.2783,929.85156
MOVE,0,1.0,0.04117647,301365818,884.0625,945.08496
MOVE,0,1.0,0.05686275,301365830,880.9541,988.0488
MOVE,0,1.0,0.04117647,301365838,874.40234,1035.3516
MOVE,0,1.0,0.04117647,301365846,860.7617,1096.3418
MOVE,0,1.0,0.037254903,301365855,841.56934,1167.6504
MOVE,0,1.0,0.04117647,301365863,819.4502,1249.8076
MOVE,0,1.0,0.037254903,301365872,798.86816,1334.9004
MOVE,0,1.0,0.03137255,301365880,784.04395,1410.4082
MOVE,0,1.0,0.013725491,301365888,777.1094,1458.1055
MOVE,0,1.0,0.013725491,301365888,777.041,1458.5791
UP,0,1.0,0.013725491,301365896,777.041,1458.5791
DOWN,0,1.0,0.03137255,301366072,806.0449,1338.0371
MOVE,0,1.0,0.03529412,301366096,806.27344,1338.5332
MOVE,0,1.0,0.03529412,301366101,806.4404,1339.4658
MOVE,0,1.0,0.03529412,301366109,806.9678,1341.4648
MOVE,0,1.0,0.04705883,301366118,808.28613,1346.0352
MOVE,0,1.0,0.04705883,301366126,810.63965,1355.6641
MOVE,0,1.0,0.04117647,301366136,814.1543,1372.1416
MOVE,0,1.0,0.04117647,301366146,816.23145,1392.1963
MOVE,0,1.0,0.03529412,301366155,816.3281,1413.2471
MOVE,0,1.0,0.03529412,301366163,814.501,1432.1113
MOVE,0,1.0,0.03529412,301366172,813.709,1447.9326
MOVE,0,1.0,0.03529412,301366179,812.98145,1460.085
MOVE,0,1.0,0.03137255,301366186,812.9004,1469.4453
MOVE,0,1.0,0.03529412,301366194,813.0596,1477.1123
MOVE,0,1.0,0.03137255,301366201,813.42773,1484.002
MOVE,0,1.0,0.025490198,301366209,813.82324,1490.8574
MOVE,0,1.0,0.025490198,301366218,814.21875,1497.7129
MOVE,0,1.0,0.029411767,301366226,814.8779,1504.8535
MOVE,0,1.0,0.03137255,301366234,816.3281,1511.709
MOVE,0,1.0,0.025490198,301366243,818.1738,1517.9932
MOVE,0,1.0,0.03137255,301366251,819.624,1523.4209
MOVE,0,1.0,0.03137255,301366259,820.81055,1528.5625
MOVE,0,1.0,0.03137255,301366268,821.7334,1533.418
MOVE,0,1.0,0.03137255,301366276,822.5244,1537.417
MOVE,0,1.0,0.03137255,301366284,823.3154,1540.2734
MOVE,0,1.0,0.03137255,301366293,823.8428,1542.5586
MOVE,0,1.0,0.03137255,301366301,824.10645,1544.5586
MOVE,0,1.0,0.03137255,301366309,824.3701,1546.2725
MOVE,0,1.0,0.03137255,301366318,824.3701,1547.9863
MOVE,0,1.0,0.03137255,301366326,824.10645,1549.7002
MOVE,0,1.0,0.03137255,301366335,823.9746,1551.4141
MOVE,0,1.0,0.03137255,301366343,823.9746,1553.4131
MOVE,0,1.0,0.03137255,301366351,823.9746,1555.4131
MOVE,0,1.0,0.03137255,301366359,823.9746,1557.4121
MOVE,0,1.0,0.03137255,301366368,823.8428,1559.4121
MOVE,0,1.0,0.03137255,301366376,823.44727,1561.6973
MOVE,0,1.0,0.03137255,301366385,823.05176,1564.2676
MOVE,0,1.0,0.03137255,301366393,822.5244,1566.8389
MOVE,0,1.0,0.033333335,301366401,821.86523,1570.5518
MOVE,0,1.0,0.03137255,301366410,821.0742,1575.9795
MOVE,0,1.0,0.025490198,301366418,819.8877,1583.1201
MOVE,0,1.0,0.025490198,301366427,817.9209,1593.7305
MOVE,0,1.0,0.025490198,301366437,814.61816,1611.8975
MOVE,0,1.0,0.025490198,301366447,810.6211,1631.7988
MOVE,0,1.0,0.01764706,301366455,807.5293,1646.3252
MOVE,0,1.0,0.01764706,301366462,804.3613,1655.9336
MOVE,0,1.0,0.0058823535,301366464,803.6719,1657.959
UP,0,1.0,0.0058823535,301366472,803.6719,1657.959
DOWN,0,1.0,0.037254903,301366648,767.5488,1296.333
MOVE,0,1.0,0.03529412,301366671,768.23535,1297.3242
MOVE,0,1.0,0.03529412,301366677,768.999,1298.0469
MOVE,0,1.0,0.04117647,301366685,770.58105,1300.0469
MOVE,0,1.0,0.04117647,301366693,773.87695,1304.6172
MOVE,0,1.0,0.04117647,301366702,779.82715,1313.96
MOVE,0,1.0,0.037254903,301366711,787.0117,1327.8262
MOVE,0,1.0,0.037254903,301366720,792.60254,1341.0273
MOVE,0,1.0,0.04117647,301366729,796.0801,1354.127
MOVE,0,1.0,0.04117647,301366737,798.5879,1365.9883
MOVE,0,1.0,0.037254903,301366745,799.8701,1375.1572
MOVE,0,1.0,0.037254903,301366752,800.68164,1382.7031
MOVE,0,1.0,0.037254903,301366760,801.2988,1388.5967
MOVE,0,1.0,0.037254903,301366768,801.69434,1392.3096
MOVE,0,1.0,0.037254903,301366777,802.08984,1392.8809
MOVE,0,1.0,0.037254903,301366785,802.749,1391.167
MOVE,0,1.0,0.037254903,301366793,803.8037,1387.168
MOVE,0,1.0,0.04705883,301366802,805.48047,1377.7002
MOVE,0,1.0,0.04117647,301366812,808.3545,1356.8027
MOVE,0,1.0,0.04117647,301366823,814.166,1326.3027
MOVE,0,1.0,0.04117647,301366831,822.833,1296.6299
MOVE,0,1.0,0.037254903,301366839,832.5781,1265.792
MOVE,0,1.0,0.03529412,301366848,841.8125,1236.0732
MOVE,0,1.0,0.04117647,301366856,852.60645,1204.6699
MOVE,0,1.0,0.03529412,301366864,863.15625,1174.3799
MOVE,0,1.0,0.04117647,301366872,873.7031,1146.3643
MOVE,0,1.0,0.04509804,301366881,883.20605,1120.0674
MOVE,0,1.0,0.04509804,301366889,892.4375,1097.1816
MOVE,0,1.0,0.04509804,301366898,899.57715,1077.7236
MOVE,0,1.0,0.04117647,301366906,904.71387,1063.2627
MOVE,0,1.0,0.04117647,301366913,909.08105,1052.7168
MOVE,0,1.0,0.03529412,301366920,913.11523,1044.1641
MOVE,0,1.0,0.04117647,301366927,917.1553,1037.4941
MOVE,0,1.0,0.04509804,301366935,921.40137,1031.8262
MOVE,0,1.0,0.04509804,301366944,925.6201,1026.9707
MOVE,0,1.0,0.04509804,301366952,929.3115,1022.9717
MOVE,0,1.0,0.04509804,301366960,932.34375,1019.8291
MOVE,0,1.0,0.04509804,301366969,934.98047,1017.54395
MOVE,0,1.0,0.04509804,301366977,937.48535,1015.8301
MOVE,0,1.0,0.04509804,301366985,939.1992,1014.97363
MOVE,0,1.0,0.04509804,301366994,939.99023,1014.40234
MOVE,0,1.0,0.04509804,301367002,940.38574,1013.5449
MOVE,0,1.0,0.050980397,301367010,940.9131,1012.97363
MOVE,0,1.0,0.050980397,301367019,941.3086,1012.6885
MOVE,0,1.0,0.050980397,301367027,941.3086,1012.1172
MOVE,0,1.0,0.04509804,301367035,941.17676,1011.83105
MOVE,0,1.0,0.04509804,301367044,941.0449,1011.5459
MOVE,0,1.0,0.04509804,301367048,941.0449,1011.25977
MOVE,0,1.0,0.04509804,301367081,940.5176,1011.25977
MOVE,0,1.0,0.04509804,301367098,940.2539,1010.6885
MOVE,0,1.0,0.04509804,301367130,939.99023,1010.19336
MOVE,0,1.0,0.04509804,301367135,939.99023,1009.5459
MOVE,0,1.0,0.04509804,301367144,939.8584,1008.68945
MOVE,0,1.0,0.04117647,301367152,939.4629,1007.5469
MOVE,0,1.0,0.037254903,301367160,939.0674,1005.833
MOVE,0,1.0,0.037254903,301367169,938.8037,1004.6904
MOVE,0,1.0,0.03137255,301367177,937.48535,1004.4043
MOVE,0,1.0,0.023529414,301367181,936.2988,1004.4043
UP,0,1.0,0.023529414,301367189,936.2988,1004.4043
DOWN,0,1.0,0.027450982,301367600,776.5137,1214.0674
MOVE,0,1.0,0.04117647,301367607,776.5137,1214.0674
MOVE,0,1.0,0.03529412,301367631,778.90625,1209.9512
MOVE,0,1.0,0.04509804,301367636,780.46875,1205.7842
MOVE,0,1.0,0.04509804,301367645,787.6963,1188.2012
MOVE,0,1.0,0.04509804,301367657,807.98535,1140.7656
MOVE,0,1.0,0.04117647,301367665,826.9492,1096.8223
MOVE,0,1.0,0.04509804,301367674,846.4551,1053.3984
MOVE,0,1.0,0.04509804,301367682,863.35645,1016.2012
MOVE,0,1.0,0.05686275,301367690,877.8828,985.28906
MOVE,0,1.0,0.04509804,301367699,889.25195,961.22656
MOVE,0,1.0,0.04509804,301367707,896.93555,944.01953
MOVE,0,1.0,0.04509804,301367715,901.94434,931.5576
MOVE,0,1.0,0.050980397,301367722,905.39844,922.69824
MOVE,0,1.0,0.050980397,301367729,909.24805,914.2588
MOVE,0,1.0,0.04509804,301367737,913.4297,905.4199
MOVE,0,1.0,0.04509804,301367745,917.5088,896.58105
MOVE,0,1.0,0.04509804,301367753,920.7422,889.8613
MOVE,0,1.0,0.04509804,301367761,923.6426,884.14844
MOVE,0,1.0,0.04509804,301367769,926.14746,879.8633
MOVE,0,1.0,0.050980397,301367778,928.5205,877.00684
MOVE,0,1.0,0.050980397,301367786,929.9707,875.29297
MOVE,0,1.0,0.050980397,301367794,930.3662,875.29297
MOVE,0,1.0,0.050980397,301367799,930.49805,875.86426
MOVE,0,1.0,0.05686275,301367848,931.2539,878.49414
MOVE,0,1.0,0.04509804,301367853,931.28906,879.8633
MOVE,0,1.0,0.04509804,301367861,931.1572,881.8633
MOVE,0,1.0,0.04509804,301367865,931.0254,882.7197
MOVE,0,1.0,0.037254903,301367898,931.0254,882.7197
MOVE,0,1.0,0.037254903,301367903,931.0254,882.7197
MOVE,0,1.0,0.013725491,301367907,931.0254,882.7197
UP,0,1.0,0.013725491,301367915,931.0254,882.7197
MOVE,0,1.0,0.037254903,301368633,810.3242,1084.2588
MOVE,0,1.0,0.037254903,301368641,834.0205,1032.3457
MOVE,0,1.0,0.04117647,301368650,859.5781,973.57227
MOVE,0,1.0,0.04117647,301368658,884.11035,914.7295
MOVE,0,1.0,0.03529412,301368666,908.1094,855.3203
MOVE,0,1.0,0.04509804,301368675,931.0596,800.9971
MOVE,0,1.0,0.04509804,301368683,951.1279,754.07715
MOVE,0,1.0,0.037254903,301368691,966.20703,715.1494
MOVE,0,1.0,0.03137255,301368700,977.8428,687.04785
MOVE,0,1.0,0.037254903,301368708,987.6172,666.4072
MOVE,0,1.0,0.03137255,301368716,993.0801,651.25586
MOVE,0,1.0,0.01764706,301368724,996.9668,638.7051
MOVE,0,1.0,0.01764706,301368731,1001.0918,628.7832
MOVE,0,1.0,0.01764706,301368738,1004.2832,621.3887
MOVE,0,1.0,0.01764706,301368746,1006.3037,616.499
MOVE,0,1.0,0.027450982,301368754,1006.43555,615.0713
MOVE,0,1.0,0.03137255,301368762,1002.876,618.2129
MOVE,0,1.0,0.03529412,301368771,993.25586,628.53125
MOVE,0,1.0,0.04117647,301368782,976.69824,651.6709
MOVE,0,1.0,0.04509804,301368791,958.083,685.8877
MOVE,0,1.0,0.05686275,301368800,936.2539,727.4834
MOVE,0,1.0,0.03529412,301368808,911.2373,775.9746
MOVE,0,1.0,0.04509804,301368816,883.83887,833.583
MOVE,0,1.0,0.037254903,301368825,855.6338,899.7666
MOVE,0,1.0,0.037254903,301368833,829.5088,967.7334
MOVE,0,1.0,0.04117647,301368841,808.36523,1033.4541
MOVE,0,1.0,0.037254903,301368850,793.01465,1092.9316
MOVE,0,1.0,0.037254903,301368858,782.68066,1144.4277
MOVE,0,1.0,0.03137255,301368866,777.61816,1186.2285
MOVE,0,1.0,0.03137255,301368875,776.2637,1219.4492
MOVE,0,1.0,0.025490198,301368883,778.3379,1244.666
MOVE,0,1.0,0.03137255,301368892,781.7529,1265.2773
MOVE,0,1.0,0.027450982,301368900,785.83887,1279.751
MOVE,0,1.0,0.03137255,301368907,789.19434,1292.6719
MOVE,0,1.0,0.01764706,301368915,792.5137,1305.417
MOVE,0,1.0,0.023529414,301368923,796.5078,1316.8125
MOVE,0,1.0,0.023529414,301368931,800.11426,1326.7402
MOVE,0,1.0,0.025490198,301368938,803.43164,1334.6602
MOVE,0,1.0,0.025490198,301368946,806.57227,1342.0361
MOVE,0,1.0,0.01764706,301368954,810.0,1349.1777
MOVE,0,1.0,0.01764706,301368962,813.5596,1354.8906
MOVE,0,1.0,0.01764706,301368971,816.72363,1358.6035
MOVE,0,1.0,0.01764706,301368979,819.36035,1360.0322
MOVE,0,1.0,0.01764706,301368987,821.60156,1359.7461
MOVE,0,1.0,0.01764706,301368996,823.44727,1357.7471
MOVE,0,1.0,0.023529414,301369004,824.89746,1354.0332
MOVE,0,1.0,0.015686275,301369012,826.6113,1348.8916
MOVE,0,1.0,0.013725491,301369021,828.58887,1343.75
MOVE,0,1.0,0.013725491,301369029,830.5664,1339.4658
MOVE,0,1.0,0.013725491,301369038,832.2803,1337.1807
MOVE,0,1.0,0.015686275,301369046,832.93945,1336.8945
MOVE,0,1.0,0.015686275,301369054,832.93945,1336.8945
MOVE,0,1.0,0.01764706,301369062,832.14844,1341.751
MOVE,0,1.0,0.01764706,301369071,830.8301,1348.0352
MOVE,0,1.0,0.01764706,301369079,829.2471,1356.0391
MOVE,0,1.0,0.01764706,301369088,828.0459,1365.3662
MOVE,0,1.0,0.01764706,301369096,827.2285,1374.7715
MOVE,0,1.0,0.01764706,301369104,827.0078,1382.6162
MOVE,0,1.0,0.023529414,301369113,827.5342,1390.5957
MOVE,0,1.0,0.023529414,301369121,828.45703,1398.5938
MOVE,0,1.0,0.023529414,301369129,829.9092,1406.8838
MOVE,0,1.0,0.023529414,301369138,831.88965,1414.8926
MOVE,0,1.0,0.023529414,301369146,833.99414,1422.0166
MOVE,0,1.0,0.01764706,301369154,835.44434,1428.8721
MOVE,0,1.0,0.01764706,301369163,836.1035,1435.1562
MOVE,0,1.0,0.01764706,301369171,836.1035,1440.584
MOVE,0,1.0,0.01764706,301369179,835.708,1445.4395
MOVE,0,1.0,0.01764706,301369188,835.3125,1450.581
MOVE,0,1.0,0.023529414,301369196,834.78516,1456.0088
MOVE,0,1.0,0.023529414,301369204,834.2578,1461.1504
MOVE,0,1.0,0.023529414,301369213,833.59863,1465.4346
MOVE,0,1.0,0.023529414,301369221,832.93945,1468.8623
MOVE,0,1.0,0.023529414,301369229,832.2803,1471.4336
MOVE,0,1.0,0.023529414,301369238,831.6211,1473.1475
MOVE,0,1.0,0.023529414,301369246,830.8301,1473.7188
MOVE,0,1.0,0.023529414,301369254,829.64355,1470.291
MOVE,0,1.0,0.01764706,301369264,827.6709,1456.124
MOVE,0,1.0,0.025490198,301369275,826.61426,1417.7666
MOVE,0,1.0,0.023529414,301369283,828.96094,1375.0283
MOVE,0,1.0,0.027450982,301369292,832.6387,1323.6982
MOVE,0,1.0,0.03137255,301369300,837.8965,1260.4043
MOVE,0,1.0,0.037254903,301369309,846.8242,1196.4258
MOVE,0,1.0,0.037254903,301369317,860.4883,1128.4824
MOVE,0,1.0,0.03137255,301369325,877.8535,1058.8027
MOVE,0,1.0,0.03137255,301369334,898.6494,989.10547
MOVE,0,1.0,0.04117647,301369342,921.30664,922.80176
MOVE,0,1.0,0.037254903,301369350,941.6328,862.1875
MOVE,0,1.0,0.04117647,301369359,957.49805,812.9424
MOVE,0,1.0,0.037254903,301369367,968.3584,776.2539
MOVE,0,1.0,0.037254903,301369375,975.2539,748.1758
MOVE,0,1.0,0.04117647,301369384,977.9326,730.3623
MOVE,0,1.0,0.04117647,301369391,978.4258,721.58984
MOVE,0,1.0,0.04509804,301369397,978.77734,717.63184
MOVE,0,1.0,0.04509804,301369405,978.75,713.9043
MOVE,0,1.0,0.050980397,301369413,978.22266,711.61914
MOVE,0,1.0,0.050980397,301369421,977.82715,710.47656
MOVE,0,1.0,0.050980397,301369425,977.6953,710.1904
MOVE,0,1.0,0.050980397,301369449,978.1875,708.55273
MOVE,0,1.0,0.050980397,301369455,978.61816,708.1914
MOVE,0,1.0,0.050980397,301369463,979.27734,707.6201
MOVE,0,1.0,0.050980397,301369471,980.2002,707.0488
MOVE,0,1.0,0.050980397,301369480,981.2549,706.47754
MOVE,0,1.0,0.050980397,301369488,981.91406,705.90625
MOVE,0,1.0,0.050980397,301369496,982.57324,705.33496
MOVE,0,1.0,0.050980397,301369505,983.6279,704.7637
MOVE,0,1.0,0.04117647,301369513,985.0781,703.90625
MOVE,0,1.0,0.04117647,301369521,986.9238,703.0498
MOVE,0,1.0,0.04117647,301369530,989.16504,702.7637
MOVE,0,1.0,0.03529412,301369538,991.01074,703.6211
MOVE,0,1.0,0.03137255,301369546,991.6699,704.47754
MOVE,0,1.0,0.0058823535,301369550,991.6699,704.47754
UP,0,1.0,0.0058823535,301369559,991.6699,704.47754
MOVE,0,1.0,0.03137255,301370518,855.3301,1304.708
MOVE,0,1.0,0.037254903,301370527,860.833,1260.2158
MOVE,0,1.0,0.03137255,301370535,869.7637,1211.1309
MOVE,0,1.0,0.03529412,301370543,878.7285,1163.1309
MOVE,0,1.0,0.04117647,301370552,889.25977,1115.1426
MOVE,0,1.0,0.04117647,301370560,902.67773,1068.2861
MOVE,0,1.0,0.04117647,301370568,918.4746,1023.1367
MOVE,0,1.0,0.037254903,301370577,934.8174,980.2676
MOVE,0,1.0,0.04509804,301370585,951.4258,943.0762
MOVE,0,1.0,0.037254903,301370594,969.08105,907.63965
MOVE,0,1.0,0.04117647,301370602,986.2256,873.916
MOVE,0,1.0,0.037254903,301370610,1001.53613,843.0381
MOVE,0,1.0,0.03137255,301370619,1014.21875,816.14746
MOVE,0,1.0,0.025490198,301370627,1023.2207,794.9531
MOVE,0,1.0,0.01764706,301370635,1030.6191,777.7744
MOVE,0,1.0,0.01764706,301370643,1035.919,764.6631
MOVE,0,1.0,0.01764706,301370650,1040.0957,755.07715
MOVE,0,1.0,0.015686275,301370657,1043.3936,747.4424
MOVE,0,1.0,0.015686275,301370664,1044.4043,742.46875
MOVE,0,1.0,0.025490198,301370673,1041.3721,740.1836
MOVE,0,1.0,0.025490198,301370681,1034.6484,740.7549
MOVE,0,1.0,0.03137255,301370690,1024.1973,745.67773
MOVE,0,1.0,0.04509804,301370700,1006.1211,762.1494
MOVE,0,1.0,0.04117647,301370710,982.3779,792.7588
MOVE,0,1.0,0.060784318,301370719,960.251,826.3965
MOVE,0,1.0,0.05686275,301370727,934.44824,867.4551
MOVE,0,1.0,0.050980397,301370735,910.43555,909.71875
MOVE,0,1.0,0.050980397,301370744,889.83496,954.82227
MOVE,0,1.0,0.05686275,301370752,871.8789,998.82324
MOVE,0,1.0,0.050980397,301370760,856.8203,1041.6807
MOVE,0,1.0,0.04117647,301370769,843.61816,1083.3965
MOVE,0,1.0,0.04117647,301370777,833.0449,1123.4043
MOVE,0,1.0,0.050980397,301370785,824.06445,1161.6973
MOVE,0,1.0,0.04705883,301370794,816.4043,1196.0146
MOVE,0,1.0,0.04117647,301370802,810.58496,1225.7676
MOVE,0,1.0,0.05686275,301370810,806.6123,1250.9502
MOVE,0,1.0,0.04117647,301370819,803.1787,1272.1279
MOVE,0,1.0,0.04117647,301370827,801.35645,1287.2842
MOVE,0,1.0,0.04117647,301370834,800.2041,1296.2998
MOVE,0,1.0,0.04117647,301370841,799.52344,1301.6777
MOVE,0,1.0,0.04117647,301370848,799.4531,1305.4736
MOVE,0,1.0,0.04705883,301370861,799.98047,1306.6162
DOWN,1,1.0,0.025490198,301370861,188.78906,1013.5449
MOVE,0,1.0,0.04117647,301370877,800.4375,1304.0625
MOVE,1,1.0,0.025490198,301370877,188.78906,1013.5449
MOVE,0,1.0,0.04117647,301370882,801.167,1300.9033
MOVE,1,1.0,0.025490198,301370882,188.78906,1013.5449
MOVE,0,1.0,0.04509804,301370891,802.9707,1291.8457
MOVE,1,1.0,0.025490198,301370891,188.78906,1013.5449
MOVE,0,1.0,0.05686275,301370901,805.91504,1272.8994
MOVE,1,1.0,0.037254903,301370901,188.12988,1014.5449
MOVE,0,1.0,0.04117647,301370912,810.4883,1244.0205
MOVE,1,1.0,0.037254903,301370912,187.21484,1015.81836
MOVE,0,1.0,0.04117647,301370920,815.74805,1215.4961
MOVE,1,1.0,0.03137255,301370920,186.16309,1016.96094
MOVE,0,1.0,0.04117647,301370928,820.76074,1188.6279
MOVE,1,1.0,0.03137255,301370928,185.1084,1018.6699
MOVE,0,1.0,0.04509804,301370936,825.5088,1164.6055
MOVE,1,1.0,0.025490198,301370936,184.31445,1020.3838
MOVE,0,1.0,0.037254903,301370945,829.21094,1145.7012
MOVE,1,1.0,0.025490198,301370945,183.2627,1022.6631
MOVE,0,1.0,0.037254903,301370952,831.98535,1132.5732
MOVE,1,1.0,0.025490198,301370952,182.00781,1024.3027
MOVE,0,1.0,0.037254903,301370959,833.51074,1125.0566
MOVE,1,1.0,0.025490198,301370959,181.15527,1026.0859
MOVE,0,1.0,0.037254903,301370966,834.68945,1120.5518
MOVE,1,1.0,0.025490198,301370966,180.1836,1027.5889
MOVE,0,1.0,0.037254903,301370974,835.18066,1118.6621
MOVE,1,1.0,0.025490198,301370974,178.76953,1028.6846
MOVE,0,1.0,0.023529414,301370978,835.0488,1118.6621
MOVE,1,1.0,0.0058823535,301370978,177.97852,1028.9697
UP,0,1.0,0.023529414,301370986,835.0488,1118.6621
UP,1,1.0,0.0058823535,301370986,177.97852,1028.9697
DOWN,0,1.0,0.023529414,301371153,807.62695,1120.376
MOVE,0,1.0,0.04509804,301371161,807.62695,1120.376
MOVE,0,1.0,0.04509804,301371185,808.57715,1119.8809
MOVE,0,1.0,0.04509804,301371190,808.9453,1119.5195
MOVE,0,1.0,0.04509804,301371198,809.3408,1118.9482
MOVE,0,1.0,0.04509804,301371207,809.86816,1118.6621
MOVE,0,1.0,0.04117647,301371215,810.52734,1118.377
MOVE,0,1.0,0.037254903,301371223,811.31836,1118.0908
MOVE,0,1.0,0.023529414,301371232,812.5049,1118.0908
MOVE,0,1.0,0.01764706,301371236,813.16406,1118.0908
UP,0,1.0,0.01764706,301371244,813.16406,1118.0908
MOVE,0,1.0,0.03137255,301372537,860.3096,1172.9648
MOVE,0,1.0,0.03137255,301372545,860.8545,1158.9307
MOVE,0,1.0,0.037254903,301372552,861.0742,1152.8555
MOVE,0,1.0,0.037254903,301372558,861.416,1149.2266
MOVE,0,1.0,0.037254903,301372567,861.8115,1147.5127
MOVE,0,1.0,0.037254903,301372575,862.4707,1147.7979
MOVE,0,1.0,0.037254903,301372583,864.1846,1148.3691
MOVE,0,1.0,0.03137255,301372592,867.34863,1148.3691
MOVE,0,1.0,0.03137255,301372600,871.1719,1148.084
MOVE,0,1.0,0.023529414,301372604,873.0176,1147.7979
UP,0,1.0,0.023529414,301372612,873.0176,1147.7979
DOWN,0,1.0,0.023529414,301372955,907.82227,1198.0713
MOVE,0,1.0,0.027450982,301372970,907.82227,1198.0713
MOVE,0,1.0,0.027450982,301372976,907.82227,1198.0713
MOVE,0,1.0,0.027450982,301372984,907.5586,1199.5
MOVE,0,1.0,0.023529414,301372992,907.5586,1201.2139
MOVE,0,1.0,0.015686275,301372996,907.5586,1202.0703
UP,0,1.0,0.015686275,301373005,907.5586,1202.0703
DOWN,0,1.0,0.025490198,301373255,876.97266,1282.0508
MOVE,0,1.0,0.023529414,301373287,876.74414,1282.5469
MOVE,0,1.0,0.01764706,301373292,876.709,1283.1934
MOVE,0,1.0,0.0058823535,301373297,876.709,1283.7646
UP,0,1.0,0.0058823535,301373305,876.709,1283.7646
DOWN,0,1.0,0.01764706,301374049,926.0156,1519.707
MOVE,0,1.0,0.023529414,301374072,926.0156,1516.1621
MOVE,0,1.0,0.023529414,301374077,926.0156,1512.5664
MOVE,0,1.0,0.023529414,301374085,926.0156,1504.3975
MOVE,0,1.0,0.023529414,301374095,926.0156,1483.5127
MOVE,0,1.0,0.01764706,301374106,927.3213,1436.6934
MOVE,0,1.0,0.027450982,301374114,929.94434,1392.75
MOVE,0,1.0,0.01764706,301374123,933.8867,1344.8008
MOVE,0,1.0,0.03137255,301374131,938.88574,1296.2471
MOVE,0,1.0,0.01764706,301374139,944.417,1247.1221
MOVE,0,1.0,0.025490198,301374148,949.1709,1197.9912
MOVE,0,1.0,0.03137255,301374156,953.65625,1148.2949
MOVE,0,1.0,0.025490198,301374164,958.66113,1100.8555
MOVE,0,1.0,0.03137255,301374173,964.1924,1060.2246
MOVE,0,1.0,0.037254903,301374181,970.5127,1021.9258
MOVE,0,1.0,0.037254903,301374189,976.5801,986.47754
MOVE,0,1.0,0.037254903,301374198,981.8613,952.1885
MOVE,0,1.0,0.04117647,301374206,987.13477,919.6084
MOVE,0,1.0,0.03137255,301374214,991.625,890.4375
MOVE,0,1.0,0.04117647,301374223,994.80273,864.6953
MOVE,0,1.0,0.04117647,301374231,997.1836,841.8154
MOVE,0,1.0,0.037254903,301374239,999.28613,825.25684
MOVE,0,1.0,0.04117647,301374247,1001.0498,811.60645
MOVE,0,1.0,0.037254903,301374255,1003.0928,800.51465
MOVE,0,1.0,0.037254903,301374262,1005.22656,790.4326
MOVE,0,1.0,0.04509804,301374270,1006.916,780.39746
MOVE,0,1.0,0.04117647,301374278,1008.8164,769.99316
MOVE,0,1.0,0.037254903,301374286,1010.3613,761.55566
MOVE,0,1.0,0.03137255,301374294,1011.3135,755.0371
MOVE,0,1.0,0.03137255,301374302,1012.1045,749.0381
MOVE,0,1.0,0.03137255,301374310,1012.8955,744.4678
MOVE,0,1.0,0.03137255,301374319,1013.81836,741.3262
MOVE,0,1.0,0.03137255,301374327,1015.0049,738.4697
MOVE,0,1.0,0.03137255,301374335,1016.1914,735.89844
MOVE,0,1.0,0.025490198,301374344,1016.9824,733.8994
MOVE,0,1.0,0.025490198,301374352,1017.6416,732.18555
MOVE,0,1.0,0.025490198,301374360,1018.4326,730.75684
MOVE,0,1.0,0.025490198,301374369,1019.22363,729.61426
MOVE,0,1.0,0.025490198,301374377,1020.2783,728.7578
MOVE,0,1.0,0.025490198,301374386,1021.46484,727.9004
MOVE,0,1.0,0.023529414,301374394,1022.65137,727.04395
MOVE,0,1.0,0.023529414,301374402,1023.9697,726.47266
MOVE,0,1.0,0.003921569,301374406,1024.6289,726.1865
UP,0,1.0,0.003921569,301374414,1024.6289,726.1865
DOWN,0,1.0,0.025490198,301375142,746.1914,1493.999
MOVE,0,1.0,0.03137255,301375156,746.1914,1493.5039
MOVE,0,1.0,0.03529412,301375161,746.0596,1492.2852
MOVE,0,1.0,0.05686275,301375170,745.92773,1489.1436
MOVE,0,1.0,0.04117647,301375178,746.0596,1483.1445
MOVE,0,1.0,0.05686275,301375187,746.84766,1464.9209
MOVE,0,1.0,0.060784318,301375199,750.63965,1416.7041
MOVE,0,1.0,0.05686275,301375207,755.1113,1367.0986
MOVE,0,1.0,0.04509804,301375216,761.4209,1310.044
MOVE,0,1.0,0.04509804,301375224,770.6211,1248.3906
MOVE,0,1.0,0.050980397,301375232,783.5039,1184.4287
MOVE,0,1.0,0.060784318,301375240,802.42773,1119.8789
MOVE,0,1.0,0.04509804,301375249,825.5879,1058.7168
MOVE,0,1.0,0.04117647,301375257,851.9238,1000.417
MOVE,0,1.0,0.050980397,301375265,876.9863,950.6289
MOVE,0,1.0,0.050980397,301375274,901.25195,906.583
MOVE,0,1.0,0.04117647,301375282,922.37695,867.6836
MOVE,0,1.0,0.04509804,301375290,939.0332,836.1885
MOVE,0,1.0,0.04117647,301375299,951.20703,812.1201
MOVE,0,1.0,0.03137255,301375307,956.2881,787.56055
MOVE,0,1.0,0.01764706,301375315,955.0332,769.2158
MOVE,0,1.0,0.01764706,301375315,955.01953,769.0332
UP,0,1.0,0.01764706,301375324,955.01953,769.0332
DOWN,0,1.0,0.04117647,301375424,725.8887,1047.8223
MOVE,0,1.0,0.04117647,301375440,725.66016,1048.8135
MOVE,0,1.0,0.04509804,301375445,724.9658,1051.25
MOVE,0,1.0,0.04509804,301375453,723.3838,1057.5342
MOVE,0,1.0,0.04509804,301375462,721.2988,1068.1445
MOVE,0,1.0,0.04117647,301375472,716.46484,1097.4629
MOVE,0,1.0,0.04509804,301375482,708.0332,1151.8887
MOVE,0,1.0,0.04117647,301375491,701.4336,1203.2705
MOVE,0,1.0,0.04509804,301375499,696.4072,1254.1201
MOVE,0,1.0,0.04509804,301375507,691.9199,1299.875
MOVE,0,1.0,0.04509804,301375516,687.95996,1341.0537
MOVE,0,1.0,0.050980397,301375524,684.2656,1377.0967
MOVE,0,1.0,0.04117647,301375533,680.5742,1410.8252
MOVE,0,1.0,0.05686275,301375541,677.666,1440.5723
MOVE,0,1.0,0.050980397,301375549,675.2871,1466.3203
MOVE,0,1.0,0.03529412,301375557,672.91406,1489.7656
MOVE,0,1.0,0.050980397,301375566,670.541,1509.7949
MOVE,0,1.0,0.04117647,301375574,668.71387,1525.6279
MOVE,0,1.0,0.037254903,301375582,666.7793,1537.7803
MOVE,0,1.0,0.03137255,301375589,666.16895,1547.6582
MOVE,0,1.0,0.037254903,301375596,665.3633,1556.3818
MOVE,0,1.0,0.037254903,301375604,664.4238,1563.6152
MOVE,0,1.0,0.04117647,301375612,663.13477,1570.2666
MOVE,0,1.0,0.04117647,301375620,661.4209,1576.2646
MOVE,0,1.0,0.04509804,301375628,659.83887,1581.6924
MOVE,0,1.0,0.04117647,301375637,658.916,1586.2627
MOVE,0,1.0,0.04117647,301375645,658.125,1589.9756
MOVE,0,1.0,0.04117647,301375654,657.0703,1593.4033
MOVE,0,1.0,0.037254903,301375662,655.8838,1597.1172
MOVE,0,1.0,0.04117647,301375670,654.69727,1601.4014
MOVE,0,1.0,0.04117647,301375679,653.6426,1605.6865
MOVE,0,1.0,0.04117647,301375687,652.85156,1609.3994
MOVE,0,1.0,0.04117647,301375695,652.1924,1612.2559
MOVE,0,1.0,0.04117647,301375704,651.5332,1614.2559
MOVE,0,1.0,0.04117647,301375712,651.26953,1615.3984
MOVE,0,1.0,0.04117647,301375720,651.40137,1615.3984
MOVE,0,1.0,0.04117647,301375729,651.66504,1614.541
MOVE,0,1.0,0.04117647,301375737,652.1924,1613.6846
MOVE,0,1.0,0.04117647,301375745,652.5879,1612.8271
MOVE,0,1.0,0.04117647,301375754,652.5879,1612.2559
MOVE,0,1.0,0.04117647,301375762,652.5879,1612.2559
MOVE,0,1.0,0.023529414,301375766,652.5879,1612.2559
UP,0,1.0,0.023529414,301375775,652.5879,1612.2559
DOWN,1,1.0,0.027450982,301375775,279.75586,1346.0352
MOVE,1,1.0,0.025490198,301375790,279.52734,1345.54
MOVE,1,1.0,0.01764706,301375795,279.22852,1344.3213
MOVE,1,1.0,0.01764706,301375804,278.4375,1341.1797
MOVE,1,1.0,0.03137255,301375812,276.85547,1335.752
MOVE,1,1.0,0.027450982,301375821,272.51855,1320.9443
MOVE,1,1.0,0.025490198,301375833,261.9131,1286.3301
MOVE,1,1.0,0.037254903,301375841,253.73438,1258.9023
MOVE,1,1.0,0.037254903,301375849,245.56055,1234.3086
MOVE,1,1.0,0.037254903,301375858,238.95312,1214.2676
MOVE,1,1.0,0.037254903,301375866,232.62207,1196.5342
MOVE,1,1.0,0.03137255,301375874,226.9873,1182.0908
MOVE,1,1.0,0.03137255,301375882,222.73828,1170.376
MOVE,1,1.0,0.04117647,301375889,218.39062,1158.7744
MOVE,1,1.0,0.037254903,301375897,214.5127,1149.0371
MOVE,1,1.0,0.04117647,301375904,211.27051,1141.6641
MOVE,1,1.0,0.04117647,301375912,208.03711,1134.9443
MOVE,1,1.0,0.04117647,301375921,205.40039,1128.6602
MOVE,1,1.0,0.04117647,301375929,203.42285,1123.5186
MOVE,1,1.0,0.04705883,301375937,201.70898,1119.8047
MOVE,1,1.0,0.04705883,301375945,200.12695,1116.9482
MOVE,1,1.0,0.04705883,301375954,198.54492,1114.9492
MOVE,1,1.0,0.04705883,301375962,197.3584,1113.8066
MOVE,1,1.0,0.050980397,301375971,196.43555,1113.5205
MOVE,1,1.0,0.050980397,301375979,195.24902,1113.8066
MOVE,1,1.0,0.050980397,301375987,193.79883,1114.6631
MOVE,1,1.0,0.04509804,301375996,191.95312,1116.6631
MOVE,1,1.0,0.03529412,301376004,190.3711,1120.376
MOVE,1,1.0,0.04117647,301376012,189.58008,1126.0889
MOVE,1,1.0,0.04117647,301376021,189.58008,1133.2305
MOVE,1,1.0,0.04117647,301376029,190.95312,1142.3516
MOVE,1,1.0,0.04117647,301376038,194.24414,1154.3164
MOVE,1,1.0,0.03529412,301376047,199.73047,1168.3096
MOVE,1,1.0,0.04117647,301376056,206.4336,1182.2695
MOVE,1,1.0,0.037254903,301376064,211.67383,1192.1748
MOVE,1,1.0,0.037254903,301376071,215.5957,1199.8359
MOVE,1,1.0,0.04117647,301376079,219.11133,1206.9268
MOVE,1,1.0,0.037254903,301376087,222.53906,1214.6387
MOVE,1,1.0,0.03137255,301376096,225.83496,1222.6367
MOVE,1,1.0,0.03137255,301376104,229.5957,1231.6621
MOVE,1,1.0,0.03137255,301376113,234.55469,1242.2979
MOVE,1,1.0,0.037254903,301376121,240.23047,1252.4131
MOVE,1,1.0,0.037254903,301376130,245.73535,1261.8809
MOVE,1,1.0,0.03137255,301376138,251.52246,1271.1904
MOVE,1,1.0,0.037254903,301376146,256.6836,1279.1133
MOVE,1,1.0,0.04117647,301376154,260.77148,1286.0498
MOVE,1,1.0,0.04117647,301376162,264.4629,1292.334
MOVE,1,1.0,0.04117647,301376171,267.62695,1297.4756
MOVE,1,1.0,0.03137255,301376179,269.86816,1301.4746
MOVE,1,1.0,0.03137255,301376187,271.71387,1304.331
MOVE,1,1.0,0.03137255,301376196,273.03223,1306.331
MOVE,1,1.0,0.03137255,301376204,273.95508,1307.4736
MOVE,1,1.0,0.03137255,301376212,274.87793,1308.0449
MOVE,1,1.0,0.03137255,301376221,275.5371,1308.3301
MOVE,1,1.0,0.03137255,301376229,276.06445,1308.6162
MOVE,1,1.0,0.03137255,301376237,276.45996,1309.1875
MOVE,1,1.0,0.03529412,301376246,277.11914,1310.044
MOVE,1,1.0,0.03529412,301376254,278.4375,1311.4727
MOVE,1,1.0,0.03529412,301376262,280.2832,1313.1865
MOVE,1,1.0,0.03137255,301376271,282.65625,1315.7568
MOVE,1,1.0,0.037254903,301376279,285.16113,1318.8994
MOVE,1,1.0,0.037254903,301376287,287.40234,1322.041
MOVE,1,1.0,0.04117647,301376296,289.64355,1324.8975
MOVE,1,1.0,0.04117647,301376304,292.14844,1327.7539
MOVE,1,1.0,0.04117647,301376312,294.65332,1330.8965
MOVE,1,1.0,0.04117647,301376321,297.42188,1334.3242
MOVE,1,1.0,0.04117647,301376329,300.4541,1338.8945
MOVE,1,1.0,0.04117647,301376338,303.22266,1343.4648
MOVE,1,1.0,0.037254903,301376346,305.72754,1347.4639
MOVE,1,1.0,0.037254903,301376354,307.8369,1351.1768
MOVE,1,1.0,0.037254903,301376363,309.68262,1354.3193
MOVE,1,1.0,0.037254903,301376371,311.26465,1356.6045
MOVE,1,1.0,0.037254903,301376379,312.583,1358.3184
MOVE,1,1.0,0.037254903,301376387,313.50586,1359.7461
MOVE,1,1.0,0.037254903,301376396,314.0332,1360.8887
MOVE,1,1.0,0.037254903,301376404,314.82422,1362.0312
MOVE,1,1.0,0.037254903,301376413,315.61523,1363.1738
MOVE,1,1.0,0.037254903,301376417,315.8789,1363.7451
MOVE,1,1.0,0.03137255,301376457,315.8789,1363.7451
MOVE,1,1.0,0.023529414,301376458,315.8789,1363.7451
UP,1,1.0,0.023529414,301376466,315.8789,1363.7451
MOVE,0,1.0,0.01764706,301377810,875.5781,1264.0205
MOVE,0,1.0,0.01764706,301377818,881.91895,1236.6221
MOVE,0,1.0,0.03137255,301377827,889.291,1208.6348
MOVE,0,1.0,0.025490198,301377835,897.71875,1181.7725
MOVE,0,1.0,0.03137255,301377843,906.93945,1154.9219
MOVE,0,1.0,0.03137255,301377852,914.0791,1130.8994
MOVE,0,1.0,0.025490198,301377860,920.9375,1109.7334
MOVE,0,1.0,0.03137255,301377868,927.1904,1093.8887
MOVE,0,1.0,0.03137255,301377876,932.4873,1079.169
MOVE,0,1.0,0.03137255,301377884,937.5586,1065.4062
MOVE,0,1.0,0.023529414,301377892,941.5049,1054.7168
MOVE,0,1.0,0.025490198,301377899,944.0654,1046.1221
MOVE,0,1.0,0.027450982,301377906,946.45703,1038.5762
MOVE,0,1.0,0.033333335,301377914,949.0869,1031.541
MOVE,0,1.0,0.03529412,301377923,951.85547,1024.3994
MOVE,0,1.0,0.03137255,301377931,954.36035,1018.11523
MOVE,0,1.0,0.03137255,301377939,956.60156,1012.6885
MOVE,0,1.0,0.03137255,301377948,958.8428,1007.5469
MOVE,0,1.0,0.03137255,301377956,961.34766,1002.6904
MOVE,0,1.0,0.03137255,301377964,963.85254,998.1201
MOVE,0,1.0,0.037254903,301377973,965.8301,993.83594
MOVE,0,1.0,0.03137255,301377981,967.54395,989.5508
MOVE,0,1.0,0.03137255,301377989,969.6533,984.98047
MOVE,0,1.0,0.03137255,301377998,971.89453,980.98145
MOVE,0,1.0,0.03137255,301378006,973.74023,977.5537
MOVE,0,1.0,0.025490198,301378014,975.4541,974.4121
MOVE,0,1.0,0.03137255,301378023,976.77246,971.8408
MOVE,0,1.0,0.03137255,301378031,977.5635,970.4131
MOVE,0,1.0,0.03137255,301378039,977.82715,970.4131
MOVE,0,1.0,0.03137255,301378048,977.43164,970.4131
MOVE,0,1.0,0.03137255,301378052,977.16797,970.12695
MOVE,0,1.0,0.025490198,301378076,977.625,970.12695
MOVE,0,1.0,0.025490198,301378081,977.82715,969.8418
MOVE,0,1.0,0.025490198,301378089,977.82715,969.55566
MOVE,0,1.0,0.01764706,301378093,977.6953,969.55566
UP,0,1.0,0.01764706,301378101,977.6953,969.55566
DOWN,0,1.0,0.025490198,301379897,767.28516,1520.8496
MOVE,0,1.0,0.050980397,301379971,785.09863,1336.3008
MOVE,0,1.0,0.050980397,301379979,799.0498,1283.1533
MOVE,0,1.0,0.050980397,301379987,814.85156,1232.8516
MOVE,0,1.0,0.05686275,301379996,830.41113,1186.5371
MOVE,0,1.0,0.04509804,301380004,845.1846,1145.918
MOVE,0,1.0,0.05686275,301380012,857.8613,1111.0127
MOVE,0,1.0,0.050980397,301380021,867.125,1085.7783
MOVE,0,1.0,0.054901965,301380029,873.48145,1066.8633
MOVE,0,1.0,0.05686275,301380037,878.1035,1052.4082
MOVE,0,1.0,0.05686275,301380045,881.19434,1040.6934
MOVE,0,1.0,0.060784318,301380052,883.2754,1030.6719
MOVE,0,1.0,0.050980397,301380059,885.11914,1022.2324
MOVE,0,1.0,0.054901965,301380067,887.0498,1015.3721
MOVE,0,1.0,0.054901965,301380075,888.70605,1009.83203
MOVE,0,1.0,0.054901965,301380083,889.76074,1005.5469
MOVE,0,1.0,0.054901965,301380092,890.4199,1002.4053
MOVE,0,1.0,0.050980397,301380100,890.6836,999.834
MOVE,0,1.0,0.050980397,301380108,890.8154,997.5488
MOVE,0,1.0,0.050980397,301380117,891.60645,995.2637
MOVE,0,1.0,0.05686275,301380125,893.7158,992.9785
MOVE,0,1.0,0.05686275,301380133,897.53906,990.4082
MOVE,0,1.0,0.05686275,301380142,902.8125,987.8369
MOVE,0,1.0,0.04117647,301380150,909.0088,985.55176
MOVE,0,1.0,0.037254903,301380158,915.7324,984.4092
MOVE,0,1.0,0.03137255,301380163,919.16016,984.4092
UP,0,1.0,0.03137255,301380170,919.16016,984.4092
DOWN,0,1.0,0.01764706,301380280,214.6289,1129.5166
MOVE,0,1.0,0.023529414,301380295,213.94238,1128.0303
MOVE,0,1.0,0.03137255,301380300,213.04688,1125.8037
MOVE,0,1.0,0.03137255,301380309,210.37598,1119.1494
MOVE,0,1.0,0.037254903,301380318,205.00488,1107.2861
MOVE,0,1.0,0.04117647,301380328,190.25195,1076.9287
MOVE,0,1.0,0.04117647,301380338,164.49707,1023.73145
MOVE,0,1.0,0.037254903,301380346,142.34082,976.31445
MOVE,0,1.0,0.04509804,301380354,121.75879,932.291
MOVE,0,1.0,0.04117647,301380363,104.06348,896.2197
MOVE,0,1.0,0.04117647,301380371,88.74707,865.8838
MOVE,0,1.0,0.04117647,301380379,75.01953,841.2617
MOVE,0,1.0,0.03529412,301380388,65.78613,824.68555
MOVE,0,1.0,0.025490198,301380395,59.2666,814.19727
MOVE,0,1.0,0.025490198,301380401,55.38867,808.3574
MOVE,0,1.0,0.025490198,301380409,51.811523,803.0254
MOVE,0,1.0,0.025490198,301380417,49.174805,798.74023
MOVE,0,1.0,0.025490198,301380425,47.856445,795.59863
MOVE,0,1.0,0.025490198,301380434,48.64746,793.59863
MOVE,0,1.0,0.025490198,301380442,50.36133,793.02734
MOVE,0,1.0,0.037254903,301380450,52.86621,794.45605
MOVE,0,1.0,0.04509804,301380459,58.79883,799.3115
MOVE,0,1.0,0.04509804,301380468,70.578125,812.98047
MOVE,0,1.0,0.04509804,301380480,92.41211,846.09863
MOVE,0,1.0,0.060784318,301380488,115.52246,885.1875
MOVE,0,1.0,0.05686275,301380496,142.89941,932.51953
MOVE,0,1.0,0.04509804,301380504,173.19336,989.5508
MOVE,0,1.0,0.050980397,301380513,204.82031,1055.1631
MOVE,0,1.0,0.04509804,301380521,237.24414,1127.083
MOVE,0,1.0,0.050980397,301380530,268.89258,1202.459
MOVE,0,1.0,0.04509804,301380538,295.05176,1269.9512
MOVE,0,1.0,0.04117647,301380546,315.93457,1329.4453
MOVE,0,1.0,0.050980397,301380554,331.8047,1378.1133
MOVE,0,1.0,0.04117647,301380563,341.36035,1414.7959
MOVE,0,1.0,0.04705883,301380571,346.41504,1441.7432
MOVE,0,1.0,0.04509804,301380580,348.81445,1462.9385
MOVE,0,1.0,0.04509804,301380588,350.88184,1478.0947
MOVE,0,1.0,0.04509804,301380595,352.32715,1490.0332
MOVE,0,1.0,0.04705883,301380603,353.6963,1499.7236
MOVE,0,1.0,0.050980397,301380610,355.2256,1507.7422
MOVE,0,1.0,0.050980397,301380617,356.75195,1514.581
MOVE,0,1.0,0.04509804,301380626,358.33008,1521.1357
MOVE,0,1.0,0.04509804,301380634,360.17578,1527.9912
MOVE,0,1.0,0.04117647,301380642,362.28516,1534.8467
MOVE,0,1.0,0.04117647,301380651,364.2627,1540.8447
MOVE,0,1.0,0.04117647,301380659,365.97656,1545.7012
MOVE,0,1.0,0.04117647,301380667,367.82227,1549.1289
MOVE,0,1.0,0.04117647,301380676,369.4043,1551.4141
MOVE,0,1.0,0.04117647,301380684,370.1953,1552.2705
MOVE,0,1.0,0.04117647,301380692,370.32715,1551.9854
MOVE,0,1.0,0.04117647,301380701,370.1953,1550.8428
MOVE,0,1.0,0.04117647,301380709,370.06348,1548.5576
MOVE,0,1.0,0.04117647,301380717,369.53613,1544.5586
MOVE,0,1.0,0.04509804,301380726,368.3496,1539.1309
MOVE,0,1.0,0.04509804,301380734,366.76758,1533.1328
MOVE,0,1.0,0.04509804,301380742,365.58105,1527.4199
MOVE,0,1.0,0.04509804,301380751,364.6582,1523.4209
MOVE,0,1.0,0.04509804,301380759,363.8672,1521.4209
MOVE,0,1.0,0.050980397,301380767,363.208,1520.5645
MOVE,0,1.0,0.050980397,301380772,362.8125,1520.2783
MOVE,0,1.0,0.04509804,301380813,362.8125,1520.2783
MOVE,0,1.0,0.04509804,301380854,362.58398,1521.8408
MOVE,0,1.0,0.04117647,301380859,361.88965,1522.8496
MOVE,0,1.0,0.04117647,301380868,360.43945,1524.8486
MOVE,0,1.0,0.027450982,301380872,359.64844,1525.9912
UP,0,1.0,0.027450982,301380880,359.64844,1525.9912
DOWN,0,1.0,0.037254903,301381180,167.16797,940.4199
MOVE,0,1.0,0.027450982,301381230,166.11328,940.4199
UP,0,1.0,0.027450982,301381238,166.11328,940.4199
DOWN,0,1.0,0.027450982,301381848,899.38477,1500.2832
MOVE,0,1.0,0.03137255,301381863,899.38477,1499.292
MOVE,0,1.0,0.03137255,301381869,899.38477,1497.998
MOVE,0,1.0,0.025490198,301381877,899.38477,1494.2852
MOVE,0,1.0,0.03137255,301381886,899.6533,1487.0596
MOVE,0,1.0,0.03137255,301381895,901.2832,1466.6064
MOVE,0,1.0,0.03137255,301381906,906.459,1417.8516
MOVE,0,1.0,0.03137255,301381915,913.55176,1374.4629
MOVE,0,1.0,0.025490198,301381923,921.19336,1329.9131
MOVE,0,1.0,0.027450982,301381931,928.3174,1285.919
MOVE,0,1.0,0.023529414,301381940,933.8701,1241.3633
MOVE,0,1.0,0.03137255,301381948,939.1465,1196.8027
MOVE,0,1.0,0.03137255,301381957,944.1592,1152.2422
MOVE,0,1.0,0.023529414,301381965,949.4297,1107.6816
MOVE,0,1.0,0.03529412,301381973,954.4424,1065.3838
MOVE,0,1.0,0.037254903,301381981,960.4961,1024.2393
MOVE,0,1.0,0.037254903,301381990,967.083,984.2383
MOVE,0,1.0,0.037254903,301381998,973.93555,947.0752
MOVE,0,1.0,0.037254903,301382006,979.7471,915.0322
MOVE,0,1.0,0.037254903,301382015,985.54785,886.999
MOVE,0,1.0,0.04117647,301382023,990.5654,864.66113
MOVE,0,1.0,0.037254903,301382032,994.26953,846.33984
MOVE,0,1.0,0.03529412,301382040,996.7949,833.2178
MOVE,0,1.0,0.037254903,301382046,998.79395,823.0908
MOVE,0,1.0,0.04117647,301382054,1001.1299,812.9863
MOVE,0,1.0,0.037254903,301382062,1003.4053,804.0
MOVE,0,1.0,0.037254903,301382069,1005.1621,795.92773
MOVE,0,1.0,0.04117647,301382078,1006.7178,787.209
MOVE,0,1.0,0.04509804,301382086,1008.18555,778.5254
MOVE,0,1.0,0.04509804,301382094,1009.5996,771.88965
MOVE,0,1.0,0.04117647,301382102,1011.18164,766.17676
MOVE,0,1.0,0.03137255,301382111,1012.8955,760.46387
MOVE,0,1.0,0.03137255,301382119,1015.26855,754.751
MOVE,0,1.0,0.025490198,301382128,1018.3008,749.0381
MOVE,0,1.0,0.025490198,301382136,1022.3877,742.46875
MOVE,0,1.0,0.015686275,301382144,1027.1338,735.6133
MOVE,0,1.0,0.003921569,301382148,1029.375,732.4707
UP,0,1.0,0.003921569,301382156,1029.375,732.4707
DOWN,0,1.0,0.03137255,301382174,228.33984,1208.3545
MOVE,0,1.0,0.03137255,301382197,226.66895,1204.8096
MOVE,0,1.0,0.03529412,301382203,225.04395,1200.9277
MOVE,0,1.0,0.03529412,301382211,220.77637,1191.7002
MOVE,0,1.0,0.037254903,301382221,207.7998,1168.4102
MOVE,0,1.0,0.037254903,301382232,182.6748,1124.7461
MOVE,0,1.0,0.04705883,301382240,162.62207,1089.875
MOVE,0,1.0,0.04117647,301382248,144.41016,1058.4199
MOVE,0,1.0,0.04117647,301382257,127.7832,1030.958
MOVE,0,1.0,0.037254903,301382265,111.694336,1006.9297
MOVE,0,1.0,0.04117647,301382273,97.69824,985.19727
MOVE,0,1.0,0.03137255,301382282,85.0293,965.751
MOVE,0,1.0,0.037254903,301382290,75.11035,949.9238
MOVE,0,1.0,0.03137255,301382298,69.25781,938.38965
MOVE,0,1.0,0.037254903,301382304,65.95508,929.749
MOVE,0,1.0,0.025490198,301382312,63.1875,922.0879
MOVE,0,1.0,0.03137255,301382319,61.30371,915.8545
MOVE,0,1.0,0.037254903,301382328,60.38086,910.999
MOVE,0,1.0,0.03137255,301382336,60.117188,907.85645
MOVE,0,1.0,0.03529412,301382344,60.38086,905.8574
MOVE,0,1.0,0.03529412,301382353,60.908203,904.71484
MOVE,0,1.0,0.03529412,301382361,61.567383,904.14355
MOVE,0,1.0,0.03529412,301382365,61.96289,903.8574
MOVE,0,1.0,0.04117647,301382382,61.96289,903.8574
MOVE,0,1.0,0.03137255,301382424,61.435547,904.4287
DOWN,1,1.0,0.01764706,301382424,810.52734,1308.9014
MOVE,0,1.0,0.03137255,301382440,60.256836,907.6299
MOVE,1,1.0,0.03137255,301382440,810.52734,1307.9102
MOVE,0,1.0,0.029411767,301382445,59.194336,908.42773
MOVE,1,1.0,0.03529412,301382445,810.52734,1306.6162
MOVE,0,1.0,0.023529414,301382453,57.08496,910.42773
MOVE,1,1.0,0.03529412,301382453,810.6592,1303.7598
MOVE,0,1.0,0.01764706,301382458,55.898438,911.85547
MOVE,1,1.0,0.03529412,301382458,810.791,1302.0459
UP,0,1.0,0.01764706,301382466,55.898438,911.85547
MOVE,1,1.0,0.04509804,301382473,812.32227,1285.1855
MOVE,1,1.0,0.04117647,301382481,813.02637,1266.4023
MOVE,1,1.0,0.03529412,301382490,815.25195,1236.0449
MOVE,1,1.0,0.04117647,301382499,818.92773,1204.1045
MOVE,1,1.0,0.04117647,301382507,823.9248,1168.7188
MOVE,1,1.0,0.04117647,301382516,831.5449,1131.0361
MOVE,1,1.0,0.04117647,301382524,841.2793,1095.0283
MOVE,1,1.0,0.04117647,301382532,850.7744,1063.5615
MOVE,1,1.0,0.04705883,301382541,860.2666,1037.7959
MOVE,1,1.0,0.050980397,301382549,867.93164,1018.3096
MOVE,1,1.0,0.050980397,301382557,873.9795,1005.1758
MOVE,1,1.0,0.050980397,301382564,878.1162,996.64355
MOVE,1,1.0,0.050980397,301382571,881.5127,988.75586
MOVE,1,1.0,0.05686275,301382578,884.70605,981.666
MOVE,1,1.0,0.05686275,301382586,887.3877,976.126
MOVE,1,1.0,0.05686275,301382595,889.36523,971.8408
MOVE,1,1.0,0.05686275,301382603,890.4199,968.9844
MOVE,1,1.0,0.05686275,301382612,890.6836,966.98535
MOVE,1,1.0,0.05686275,301382620,890.94727,965.55664
MOVE,1,1.0,0.05686275,301382628,891.60645,963.8428
MOVE,1,1.0,0.050980397,301382636,892.2656,960.9863
MOVE,1,1.0,0.050980397,301382645,893.1885,956.9873
MOVE,1,1.0,0.050980397,301382653,894.90234,952.417
MOVE,1,1.0,0.04509804,301382661,896.8799,947.5615
MOVE,1,1.0,0.04509804,301382670,898.19824,943.5625
MOVE,1,1.0,0.050980397,301382674,898.59375,942.1338
MOVE,1,1.0,0.05686275,301382698,896.5,945.1836
MOVE,1,1.0,0.04509804,301382703,892.98047,951.3613
MOVE,1,1.0,0.04117647,301382713,880.5918,974.2373
MOVE,1,1.0,0.050980397,301382724,857.3955,1023.3994
MOVE,1,1.0,0.04117647,301382732,833.7041,1080.9512
MOVE,1,1.0,0.04117647,301382741,811.54004,1144.873
MOVE,1,1.0,0.037254903,301382749,793.30664,1208.8574
MOVE,1,1.0,0.04509804,301382757,780.334,1267.752
MOVE,1,1.0,0.037254903,301382766,772.374,1318.1104
MOVE,1,1.0,0.04117647,301382774,766.55176,1361.0312
MOVE,1,1.0,0.037254903,301382783,762.3174,1399.3535
MOVE,1,1.0,0.03137255,301382791,759.90234,1421.4453
DOWN,0,1.0,0.027450982,301382791,275.80078,1238.6328
MOVE,0,1.0,0.03137255,301382807,276.2578,1239.624
MOVE,1,1.0,0.025490198,301382807,755.2422,1464.0449
MOVE,0,1.0,0.037254903,301382812,276.9873,1241.2041
MOVE,1,1.0,0.01764706,301382812,753.5742,1478.5742
MOVE,0,1.0,0.04117647,301382817,277.64648,1242.6318
MOVE,1,1.0,0.01764706,301382817,752.25586,1490.0
UP,1,1.0,0.01764706,301382825,752.25586,1490.0
MOVE,0,1.0,0.03529412,301382832,282.7295,1255.2832
MOVE,0,1.0,0.04117647,301382838,288.5996,1269.8564
MOVE,0,1.0,0.04117647,301382849,304.67578,1314.8145
MOVE,0,1.0,0.04509804,301382857,317.07324,1354.21
MOVE,0,1.0,0.04117647,301382866,326.85547,1391.3672
MOVE,0,1.0,0.050980397,301382874,334.52344,1425.6729
MOVE,0,1.0,0.04509804,301382882,340.08105,1457.1221
MOVE,0,1.0,0.04117647,301382891,343.53027,1484.584
MOVE,0,1.0,0.04705883,301382899,346.1748,1509.1787
MOVE,0,1.0,0.04117647,301382908,348.55078,1528.0879
MOVE,0,1.0,0.04509804,301382916,350.61816,1543.2217
MOVE,0,1.0,0.04117647,301382925,351.21094,1555.127
DOWN,1,1.0,0.025490198,301382925,731.68945,1560.2686
MOVE,0,1.0,0.03529412,301382941,352.5078,1578.1445
MOVE,1,1.0,0.03137255,301382941,731.68945,1558.6943
MOVE,0,1.0,0.037254903,301382947,352.70605,1585.6357
MOVE,1,1.0,0.03137255,301382947,731.68945,1555.4893
MOVE,0,1.0,0.037254903,301382954,353.08398,1592.6221
MOVE,1,1.0,0.03137255,301382954,731.98047,1549.8799
MOVE,0,1.0,0.037254903,301382962,353.58398,1597.4023
MOVE,1,1.0,0.03137255,301382962,732.74414,1541.1309
MOVE,0,1.0,0.037254903,301382971,353.9795,1599.4023
MOVE,1,1.0,0.03529412,301382971,735.1172,1521.4209
MOVE,0,1.0,0.037254903,301382979,354.375,1598.831
MOVE,1,1.0,0.04509804,301382979,740.6543,1483.7158
MOVE,0,1.0,0.037254903,301382988,354.7705,1596.5459
MOVE,1,1.0,0.04117647,301382988,748.95996,1434.585
MOVE,0,1.0,0.03529412,301382996,354.90234,1592.5469
MOVE,1,1.0,0.04509804,301382996,759.24316,1382.3125
MOVE,0,1.0,0.04117647,301383004,354.21973,1584.9492
MOVE,1,1.0,0.04117647,301383004,770.917,1328.25
MOVE,0,1.0,0.04117647,301383014,351.09668,1571.6406
MOVE,1,1.0,0.04509804,301383014,784.1416,1270.2822
MOVE,0,1.0,0.03529412,301383024,343.79297,1551.4775
MOVE,1,1.0,0.05686275,301383024,799.1914,1209.8652
MOVE,0,1.0,0.04117647,301383033,334.94238,1530.1787
MOVE,1,1.0,0.04117647,301383033,812.25977,1159.0928
MOVE,0,1.0,0.037254903,301383041,325.72754,1511.8916
MOVE,1,1.0,0.05686275,301383041,822.5537,1121.8896
MOVE,0,1.0,0.04117647,301383050,317.0205,1494.1758
MOVE,1,1.0,0.04117647,301383050,830.74805,1093.2402
MOVE,0,1.0,0.04117647,301383058,309.9043,1480.4004
MOVE,1,1.0,0.04117647,301383058,837.3574,1071.1963
MOVE,0,1.0,0.037254903,301383065,304.40332,1469.4941
MOVE,1,1.0,0.04117647,301383065,841.76074,1054.3037
MOVE,0,1.0,0.03529412,301383073,299.2295,1458.9092
MOVE,1,1.0,0.04509804,301383073,845.92773,1039.5557
MOVE,0,1.0,0.03137255,301383081,293.9248,1447.5742
MOVE,1,1.0,0.04509804,301383081,849.86426,1025.9414
MOVE,0,1.0,0.04117647,301383090,287.42578,1432.6406
MOVE,1,1.0,0.04509804,301383090,854.6748,1011.31055
MOVE,0,1.0,0.04509804,301383099,278.92676,1411.876
MOVE,1,1.0,0.05686275,301383099,861.3467,993.41113
MOVE,0,1.0,0.04117647,301383108,269.0381,1387.3965
MOVE,1,1.0,0.05686275,301383108,869.25195,974.30273
MOVE,0,1.0,0.037254903,301383117,259.54785,1362.2822
MOVE,1,1.0,0.050980397,301383117,877.9404,957.1592
MOVE,0,1.0,0.037254903,301383125,249.53418,1336.0146
MOVE,1,1.0,0.054901965,301383125,886.90234,942.84766
MOVE,0,1.0,0.04117647,301383133,240.03613,1309.7354
MOVE,1,1.0,0.060784318,301383133,894.5625,930.8281
MOVE,0,1.0,0.037254903,301383142,230.54395,1285.1533
MOVE,1,1.0,0.060784318,301383142,900.1201,919.3965
MOVE,0,1.0,0.03137255,301383150,221.31348,1262.2842
MOVE,1,1.0,0.060784318,301383150,904.6133,909.10156
MOVE,0,1.0,0.03529412,301383159,212.3457,1241.6953
MOVE,1,1.0,0.05686275,301383159,907.5293,901.6465
MOVE,0,1.0,0.03529412,301383167,204.68555,1223.956
MOVE,1,1.0,0.050980397,301383167,909.6465,897.6133
MOVE,0,1.0,0.04509804,301383175,198.47852,1208.834
MOVE,1,1.0,0.050980397,301383175,910.1787,896.4658
MOVE,0,1.0,0.04117647,301383183,193.72656,1197.5
MOVE,1,1.0,0.04705883,301383183,908.60156,897.91113
MOVE,0,1.0,0.03529412,301383189,190.68262,1190.3604
MOVE,1,1.0,0.05686275,301383189,905.3086,901.2451
MOVE,0,1.0,0.03529412,301383196,188.52539,1184.9316
MOVE,1,1.0,0.050980397,301383196,900.7031,907.28516
MOVE,0,1.0,0.04117647,301383205,187.4707,1182.0752
MOVE,1,1.0,0.054901965,301383205,893.1885,918.4258
MOVE,0,1.0,0.04117647,301383213,187.4707,1182.0752
MOVE,1,1.0,0.04509804,301383213,883.8281,932.99316
MOVE,0,1.0,0.04117647,301383221,187.4707,1182.0752
MOVE,1,1.0,0.050980397,301383221,873.8086,950.13184
MOVE,0,1.0,0.04117647,301383229,188.65723,1184.9316
MOVE,1,1.0,0.04117647,301383229,863.1299,969.8418
MOVE,0,1.0,0.04509804,301383238,190.89844,1190.6445
MOVE,1,1.0,0.04117647,301383238,851.66016,992.4072
MOVE,0,1.0,0.04117647,301383247,196.28613,1203.9199
MOVE,1,1.0,0.04117647,301383247,838.72363,1020.209
MOVE,0,1.0,0.04117647,301383258,208.82715,1232.833
MOVE,1,1.0,0.050980397,301383258,822.7539,1058.7422
MOVE,0,1.0,0.03137255,301383267,224.49805,1268.0029
MOVE,1,1.0,0.04117647,301383267,810.11914,1095.4619
MOVE,0,1.0,0.04117647,301383275,242.9209,1309.627
MOVE,1,1.0,0.04117647,301383275,797.4707,1134.2695
MOVE,0,1.0,0.04117647,301383283,260.33398,1349.6348
MOVE,1,1.0,0.04117647,301383283,785.33594,1176.5107
MOVE,0,1.0,0.03137255,301383292,275.64746,1386.2314
MOVE,1,1.0,0.037254903,301383292,773.99023,1219.3516
MOVE,0,1.0,0.03137255,301383300,288.85254,1418.835
MOVE,1,1.0,0.037254903,301383300,763.958,1259.9365
MOVE,0,1.0,0.037254903,301383308,299.16504,1444.6113
MOVE,1,1.0,0.03529412,301383308,755.7656,1295.4072
MOVE,0,1.0,0.037254903,301383317,307.35938,1464.6631
MOVE,1,1.0,0.03529412,301383317,749.41895,1325.1719
MOVE,0,1.0,0.037254903,301383325,313.62598,1480.4961
MOVE,1,1.0,0.037254903,301383325,744.7168,1347.8018
MOVE,0,1.0,0.03137255,301383333,318.26465,1492.6484
MOVE,1,1.0,0.03137255,301383333,742.00684,1364.21
MOVE,0,1.0,0.03137255,301383340,321.50293,1502.0088
MOVE,1,1.0,0.03137255,301383340,740.15234,1376.1475
MOVE,0,1.0,0.037254903,301383347,324.3789,1509.6758
MOVE,1,1.0,0.03137255,301383347,738.8047,1385.9414
MOVE,0,1.0,0.037254903,301383354,326.55762,1515.9941
MOVE,1,1.0,0.03137255,301383354,737.88574,1393.7383
MOVE,0,1.0,0.037254903,301383363,328.13965,1521.1357
MOVE,1,1.0,0.03137255,301383363,737.3584,1400.0225
MOVE,0,1.0,0.04117647,301383371,329.72168,1524.5635
MOVE,1,1.0,0.03137255,301383371,737.0947,1404.3066
MOVE,0,1.0,0.04117647,301383380,331.43555,1526.8486
MOVE,1,1.0,0.03137255,301383380,736.9629,1407.1631
MOVE,0,1.0,0.04117647,301383388,333.01758,1528.5625
MOVE,1,1.0,0.03137255,301383388,736.83105,1409.1631
MOVE,0,1.0,0.03529412,301383396,334.33594,1530.2764
MOVE,1,1.0,0.03137255,301383396,736.3037,1410.3057
MOVE,0,1.0,0.03529412,301383405,335.52246,1531.7041
MOVE,1,1.0,0.03137255,301383405,735.38086,1410.877
MOVE,0,1.0,0.03529412,301383413,336.70898,1532.8467
MOVE,1,1.0,0.03137255,301383413,734.58984,1411.4482
MOVE,0,1.0,0.03529412,301383421,337.5,1533.418
MOVE,1,1.0,0.03137255,301383421,733.7988,1412.0195
MOVE,0,1.0,0.03529412,301383429,337.76367,1533.418
MOVE,1,1.0,0.03137255,301383429,732.876,1412.3047
MOVE,0,1.0,0.03529412,301383438,337.76367,1533.418
MOVE,1,1.0,0.03137255,301383438,732.08496,1412.5908
MOVE,0,1.0,0.03529412,301383446,337.5,1533.418
MOVE,1,1.0,0.03137255,301383446,731.29395,1413.1621
MOVE,0,1.0,0.03529412,301383454,337.5,1533.418
MOVE,1,1.0,0.037254903,301383454,730.23926,1413.7334
MOVE,0,1.0,0.03529412,301383463,337.1045,1532.8467
MOVE,1,1.0,0.037254903,301383463,729.05273,1414.3047
MOVE,0,1.0,0.03529412,301383471,336.70898,1532.2754
MOVE,1,1.0,0.037254903,301383471,728.2617,1414.876
MOVE,0,1.0,0.04117647,301383480,336.31348,1531.9902
MOVE,1,1.0,0.03137255,301383480,727.60254,1415.1611
MOVE,0,1.0,0.04117647,301383488,335.91797,1531.1328
MOVE,1,1.0,0.03137255,301383488,726.54785,1415.1611
MOVE,0,1.0,0.023529414,301383492,335.6543,1530.5615
MOVE,1,1.0,0.015686275,301383492,725.8887,1415.1611
UP,1,1.0,0.015686275,301383500,725.8887,1415.1611
MOVE,0,1.0,0.01764706,301383500,334.33594,1527.7051
UP,0,1.0,0.01764706,301383508,334.33594,1527.7051
DOWN,0,1.0,0.023529414,301389257,27.421875,762.17773
MOVE,0,1.0,0.025490198,301389281,31.25586,760.61523
MOVE,0,1.0,0.025490198,301389286,32.563477,759.6074
MOVE,0,1.0,0.025490198,301389294,34.145508,758.1787
MOVE,0,1.0,0.025490198,301389303,34.804688,757.32227
MOVE,0,1.0,0.025490198,301389311,34.541016,756.1797
MOVE,0,1.0,0.023529414,301389319,33.09082,754.751
MOVE,0,1.0,0.015686275,301389324,31.904297,754.1797
UP,0,1.0,0.015686275,301389332,31.904297,754.1797
DOWN,0,1.0,0.03137255,301389667,893.05664,1409.4482
MOVE,0,1.0,0.025490198,301389689,893.05664,1407.3906
MOVE,0,1.0,0.023529414,301389695,893.1885,1405.1641
MOVE,0,1.0,0.03137255,301389703,893.84766,1399.7363
MOVE,0,1.0,0.03137255,301389712,896.3447,1384.9287
MOVE,0,1.0,0.025490198,301389724,903.54297,1350.3145
MOVE,0,1.0,0.03137255,301389732,910.9121,1321.1895
MOVE,0,1.0,0.037254903,301389741,918.55664,1294.3164
MOVE,0,1.0,0.03137255,301389749,925.9414,1272.5557
MOVE,0,1.0,0.025490198,301389757,933.0635,1252.544
MOVE,0,1.0,0.03137255,301389765,938.8779,1234.8105
MOVE,0,1.0,0.03137255,301389774,944.417,1217.667
MOVE,0,1.0,0.03529412,301389782,948.4541,1204.5557
MOVE,0,1.0,0.03137255,301389788,950.85547,1196.5361
MOVE,0,1.0,0.027450982,301389795,952.9033,1189.6523
MOVE,0,1.0,0.025490198,301389803,955.15137,1182.9326
MOVE,0,1.0,0.025490198,301389812,957.26074,1176.6484
MOVE,0,1.0,0.03137255,301389820,958.71094,1170.9355
MOVE,0,1.0,0.037254903,301389828,959.6338,1166.3652
MOVE,0,1.0,0.037254903,301389837,960.4248,1162.3662
MOVE,0,1.0,0.03137255,301389845,961.2158,1158.3672
MOVE,0,1.0,0.03137255,301389853,962.2705,1154.9395
MOVE,0,1.0,0.03137255,301389862,963.58887,1152.083
MOVE,0,1.0,0.03137255,301389870,964.64355,1149.5117
MOVE,0,1.0,0.03137255,301389878,965.4346,1148.084
MOVE,0,1.0,0.03137255,301389887,965.8301,1147.2266
MOVE,0,1.0,0.03137255,301389891,965.8301,1146.6553
MOVE,0,1.0,0.013725491,301389916,965.8301,1146.6553
UP,0,1.0,0.013725491,301389924,965.8301,1146.6553
DOWN,0,1.0,0.025490198,301396884,59.32617,546.23047
MOVE,0,1.0,0.03137255,301396906,59.81836,546.23047
MOVE,0,1.0,0.03137255,301396912,60.38086,545.9453
MOVE,0,1.0,0.027450982,301396920,61.171875,545.374
MOVE,0,1.0,0.027450982,301396928,62.094727,545.0879
MOVE,0,1.0,0.023529414,301396932,62.753906,545.0879
UP,0,1.0,0.023529414,301396940,62.753906,545.0879
DOWN,0,1.0,0.025490198,301397350,895.95703,1446.582
MOVE,0,1.0,0.03137255,301397382,895.69336,1444.5244
MOVE,0,1.0,0.03137255,301397387,895.4297,1442.583
MOVE,0,1.0,0.037254903,301397396,895.5615,1437.7275
MOVE,0,1.0,0.037254903,301397405,897.59863,1422.8496
MOVE,0,1.0,0.04117647,301397416,904.8584,1383.4951
MOVE,0,1.0,0.025490198,301397424,912.7529,1346.9717
MOVE,0,1.0,0.04117647,301397433,921.4463,1308.1475
MOVE,0,1.0,0.037254903,301397441,929.8867,1269.8652
MOVE,0,1.0,0.037254903,301397449,937.541,1231.5889
MOVE,0,1.0,0.04117647,301397458,944.9258,1193.8779
MOVE,0,1.0,0.04117647,301397466,951.7871,1157.8701
MOVE,0,1.0,0.04117647,301397475,959.94727,1124.1406
MOVE,0,1.0,0.04117647,301397483,966.8164,1094.959
MOVE,0,1.0,0.04117647,301397491,973.41113,1068.0859
MOVE,0,1.0,0.04117647,301397500,979.7412,1042.9316
MOVE,0,1.0,0.04117647,301397508,986.33105,1020.0576
MOVE,0,1.0,0.04117647,301397516,992.13965,1000.5996
MOVE,0,1.0,0.04117647,301397525,996.0625,984.77246
MOVE,0,1.0,0.04117647,301397532,999.46484,972.6201
MOVE,0,1.0,0.037254903,301397539,1001.78906,963.25977
MOVE,0,1.0,0.037254903,301397546,1003.59375,955.9375
MOVE,0,1.0,0.037254903,301397554,1004.58984,949.8467
MOVE,0,1.0,0.037254903,301397562,1005.38086,944.41895
MOVE,0,1.0,0.03137255,301397571,1006.04004,941.27734
MOVE,0,1.0,0.037254903,301397579,1006.43555,939.84863
MOVE,0,1.0,0.03137255,301397587,1006.6992,939.27734
MOVE,0,1.0,0.037254903,301397591,1006.6992,939.27734
MOVE,0,1.0,0.03137255,301397615,1006.6992,939.27734
MOVE,0,1.0,0.037254903,301397620,1006.83105,939.84863
MOVE,0,1.0,0.03137255,301397629,1007.22656,940.13477
MOVE,0,1.0,0.03137255,301397637,1008.1494,940.4199
MOVE,0,1.0,0.03137255,301397646,1009.9951,940.13477
MOVE,0,1.0,0.025490198,301397650,1011.18164,939.84863
UP,0,1.0,0.025490198,301397658,1011.18164,939.84863
DOWN,0,1.0,0.023529414,301408839,25.839844,687.91016
MOVE,0,1.0,0.0058823535,301408854,25.3125,687.91016
UP,0,1.0,0.0058823535,301408862,25.3125,687.91016
DOWN,0,1.0,0.03137255,301409289,846.3867,1430.0146
MOVE,0,1.0,0.037254903,301409312,846.3867,1427.957
MOVE,0,1.0,0.03137255,301409318,846.51855,1426.0156
MOVE,0,1.0,0.03137255,301409326,846.91406,1422.0166
MOVE,0,1.0,0.03529412,301409335,848.48535,1413.1201
MOVE,0,1.0,0.037254903,301409345,852.41406,1392.666
MOVE,0,1.0,0.04117647,301409355,857.41895,1366.8184
MOVE,0,1.0,0.037254903,301409363,862.1592,1342.2822
MOVE,0,1.0,0.04705883,301409372,867.9502,1314.3232
MOVE,0,1.0,0.04117647,301409380,873.751,1286.3301
MOVE,0,1.0,0.04509804,301409388,879.8125,1257.7715
MOVE,0,1.0,0.04509804,301409397,886.1377,1230.3379
MOVE,0,1.0,0.04509804,301409405,891.16113,1205.1777
MOVE,0,1.0,0.04117647,301409413,894.86523,1184.5664
MOVE,0,1.0,0.05686275,301409421,897.4795,1168.7275
MOVE,0,1.0,0.04509804,301409429,899.92676,1155.9473
MOVE,0,1.0,0.04509804,301409437,902.2539,1144.7471
MOVE,0,1.0,0.04117647,301409444,904.5039,1134.3486
MOVE,0,1.0,0.04117647,301409452,906.49414,1125.2041
MOVE,0,1.0,0.04117647,301409460,908.3154,1117.4141
MOVE,0,1.0,0.04509804,301409468,910.1953,1110.9502
MOVE,0,1.0,0.04117647,301409476,912.3047,1105.2373
MOVE,0,1.0,0.04509804,301409484,914.1504,1100.0957
MOVE,0,1.0,0.04117647,301409488,914.9414,1097.5244
MOVE,0,1.0,0.04117647,301409521,919.7959,1087.5029
MOVE,0,1.0,0.04117647,301409526,921.40137,1084.6709
MOVE,0,1.0,0.04117647,301409534,923.2471,1081.5283
MOVE,0,1.0,0.04117647,301409543,924.0381,1080.1006
MOVE,0,1.0,0.04117647,301409551,924.0381,1079.2432
MOVE,0,1.0,0.04117647,301409559,924.0381,1078.3867
MOVE,0,1.0,0.04117647,301409568,924.5654,1077.8154
MOVE,0,1.0,0.04117647,301409576,924.8291,1076.958
MOVE,0,1.0,0.03137255,301409584,924.0381,1076.6729
MOVE,0,1.0,0.015686275,301409588,923.3789,1076.958
UP,0,1.0,0.015686275,301409596,923.3789,1076.958
DOWN,0,1.0,0.023529414,301418828,34.804688,716.4746
MOVE,0,1.0,0.023529414,301418849,37.689453,715.4082
MOVE,0,1.0,0.023529414,301418854,38.62793,715.0469
MOVE,0,1.0,0.023529414,301418863,39.55078,714.76074
MOVE,0,1.0,0.023529414,301418871,39.023438,714.76074
MOVE,0,1.0,0.023529414,301418875,38.23242,714.76074
UP,0,1.0,0.023529414,301418884,38.23242,714.76074
DOWN,0,1.0,0.03137255,301419268,866.1621,1448.2959
MOVE,0,1.0,0.037254903,301419291,866.61914,1445.7422
MOVE,0,1.0,0.03137255,301419296,866.9531,1442.8691
MOVE,0,1.0,0.03529412,301419305,867.876,1436.8701
MOVE,0,1.0,0.03529412,301419314,870.9971,1420.9951
MOVE,0,1.0,0.03529412,301419326,879.27734,1382.9062
MOVE,0,1.0,0.037254903,301419334,886.1328,1350.9258
MOVE,0,1.0,0.037254903,301419342,893.7715,1318.9336
MOVE,0,1.0,0.04117647,301419351,901.41797,1288.0723
MOVE,0,1.0,0.04117647,301419359,909.06445,1257.2227
MOVE,0,1.0,0.04117647,301419367,917.49414,1226.9385
MOVE,0,1.0,0.04117647,301419376,925.93164,1197.2256
MOVE,0,1.0,0.03529412,301419384,934.1074,1169.7812
MOVE,0,1.0,0.04117647,301419392,941.49805,1144.6211
MOVE,0,1.0,0.04117647,301419401,948.09863,1120.6162
MOVE,0,1.0,0.04509804,301419409,956.25586,1097.7529
MOVE,0,1.0,0.04117647,301419417,963.6465,1076.5986
MOVE,0,1.0,0.037254903,301419426,969.20215,1056.5918
MOVE,0,1.0,0.04117647,301419434,974.1543,1040.7588
MOVE,0,1.0,0.04117647,301419442,979.0879,1027.3418
MOVE,0,1.0,0.04117647,301419450,983.9629,1014.1377
MOVE,0,1.0,0.04117647,301419458,987.78613,1002.1738
MOVE,0,1.0,0.04117647,301419465,990.60156,993.7793
MOVE,0,1.0,0.04117647,301419472,992.9219,986.4746
MOVE,0,1.0,0.04117647,301419480,994.834,979.5537
MOVE,0,1.0,0.04117647,301419488,996.2842,973.26953
MOVE,0,1.0,0.04117647,301419497,997.4707,967.55664
MOVE,0,1.0,0.04117647,301419505,998.2617,963.2715
MOVE,0,1.0,0.04117647,301419513,998.5254,960.1299
MOVE,0,1.0,0.04117647,301419522,998.5254,957.5586
MOVE,0,1.0,0.037254903,301419530,998.78906,955.8447
MOVE,0,1.0,0.037254903,301419539,999.1846,954.9883
MOVE,0,1.0,0.037254903,301419547,999.44824,954.417
MOVE,0,1.0,0.037254903,301419555,999.9756,953.5596
MOVE,0,1.0,0.037254903,301419564,1000.7666,952.7031
MOVE,0,1.0,0.037254903,301419572,1001.8213,952.13184
MOVE,0,1.0,0.037254903,301419580,1003.0078,950.98926
MOVE,0,1.0,0.03137255,301419588,1004.19434,949.8467
MOVE,0,1.0,0.023529414,301419593,1004.8535,949.56055
UP,0,1.0,0.023529414,301419601,1004.8535,949.56055
DOWN,0,1.0,0.025490198,301424942,57.216797,725.04395
MOVE,0,1.0,0.025490198,301424964,56.98828,718.79395
MOVE,0,1.0,0.03137255,301424970,56.557617,715.33203
MOVE,0,1.0,0.03137255,301424978,55.371094,709.9053
MOVE,0,1.0,0.03137255,301424986,53.26172,705.90625
MOVE,0,1.0,0.029411767,301424995,49.438477,703.0498
MOVE,0,1.0,0.015686275,301424999,46.933594,701.6211
UP,0,1.0,0.015686275,301425008,46.933594,701.6211
DOWN,0,1.0,0.03137255,301425426,886.46484,1419.1602
MOVE,0,1.0,0.037254903,301425448,887.15137,1415.54
MOVE,0,1.0,0.037254903,301425454,888.0469,1412.5908
MOVE,0,1.0,0.04117647,301425462,890.0244,1406.0205
MOVE,0,1.0,0.037254903,301425471,894.9863,1389.2188
MOVE,0,1.0,0.03529412,301425483,907.45605,1349.7832
MOVE,0,1.0,0.04117647,301425491,918.26074,1316.6592
MOVE,0,1.0,0.04117647,301425499,929.59375,1284.0908
MOVE,0,1.0,0.050980397,301425508,939.1045,1253.7891
MOVE,0,1.0,0.04117647,301425516,948.0742,1225.7734
MOVE,0,1.0,0.04117647,301425524,956.5176,1199.4766
MOVE,0,1.0,0.050980397,301425533,964.1719,1174.8945
MOVE,0,1.0,0.037254903,301425541,969.9912,1152.5908
MOVE,0,1.0,0.04117647,301425549,975.0088,1134.835
MOVE,0,1.0,0.04509804,301425558,981.32324,1117.6914
MOVE,0,1.0,0.04117647,301425566,986.7051,1103.2529
MOVE,0,1.0,0.04117647,301425574,991.29297,1089.7129
MOVE,0,1.0,0.04117647,301425582,994.7793,1077.8535
MOVE,0,1.0,0.04117647,301425589,997.1748,1068.3525
MOVE,0,1.0,0.04117647,301425596,999.1123,1059.7871
MOVE,0,1.0,0.04509804,301425604,1000.7705,1052.6611
MOVE,0,1.0,0.04509804,301425612,1002.34863,1045.8232
MOVE,0,1.0,0.04509804,301425616,1003.0078,1042.6807
MOVE,0,1.0,0.037254903,301425649,1006.40625,1027.2402
MOVE,0,1.0,0.037254903,301425654,1007.5342,1022.1953
MOVE,0,1.0,0.037254903,301425662,1008.5449,1016.40137
MOVE,0,1.0,0.037254903,301425670,1008.8086,1012.6885
MOVE,0,1.0,0.037254903,301425679,1009.07227,1009.5459
MOVE,0,1.0,0.03137255,301425687,1009.5996,1006.4043
MOVE,0,1.0,0.03137255,301425695,1010.12695,1003.54785
MOVE,0,1.0,0.03137255,301425704,1010.52246,1000.97656
MOVE,0,1.0,0.037254903,301425712,1010.6543,998.97754
MOVE,0,1.0,0.037254903,301425721,1010.52246,997.5488
MOVE,0,1.0,0.037254903,301425729,1010.3906,996.40625
MOVE,0,1.0,0.037254903,301425737,1010.3906,995.5498
MOVE,0,1.0,0.037254903,301425746,1010.3906,994.9785
MOVE,0,1.0,0.03137255,301425754,1010.52246,994.4072
MOVE,0,1.0,0.03137255,301425762,1010.91797,994.1211
MOVE,0,1.0,0.03137255,301425771,1011.709,993.5498
MOVE,0,1.0,0.025490198,301425784,1013.5547,992.4072
DOWN,1,1.0,0.03137255,301425784,308.75977,1183.7891
MOVE,0,1.0,0.01764706,301425792,1014.6094,991.83594
MOVE,1,1.0,0.03137255,301425792,308.75977,1183.7891
UP,0,1.0,0.01764706,301425800,1014.6094,991.83594
MOVE,1,1.0,0.04117647,301425808,308.23242,1184.3604
MOVE,1,1.0,0.03137255,301425840,306.75488,1191.6016
MOVE,1,1.0,0.04117647,301425847,306.1582,1204.8057
MOVE,1,1.0,0.03137255,301425858,308.20898,1249.1162
MOVE,1,1.0,0.037254903,301425867,313.45312,1290.209
MOVE,1,1.0,0.037254903,301425875,320.03223,1331.9072
MOVE,1,1.0,0.037254903,301425883,326.88477,1369.0869
MOVE,1,1.0,0.03529412,301425892,331.9131,1400.5645
MOVE,1,1.0,0.03529412,301425900,335.0957,1426.8955
MOVE,1,1.0,0.033333335,301425908,337.47656,1445.8223
MOVE,1,1.0,0.03137255,301425916,339.2578,1459.6094
MOVE,1,1.0,0.03137255,301425923,339.75684,1468.3125
MOVE,1,1.0,0.03137255,301425930,340.33105,1475.5342
MOVE,1,1.0,0.03137255,301425937,340.79688,1482.3027
MOVE,1,1.0,0.03137255,301425946,340.92773,1488.001
MOVE,1,1.0,0.03137255,301425954,340.92773,1491.4287
MOVE,1,1.0,0.03137255,301425962,340.53223,1491.4287
MOVE,1,1.0,0.03529412,301425971,338.41992,1484.3701
MOVE,1,1.0,0.03137255,301425981,331.2334,1458.9912
MOVE,1,1.0,0.03137255,301425992,313.66406,1412.7051
MOVE,1,1.0,0.03137255,301426000,291.05664,1364.7959
MOVE,1,1.0,0.027450982,301426008,266.03223,1313.9805
MOVE,1,1.0,0.03137255,301426017,244.11523,1263.1357
MOVE,1,1.0,0.03137255,301426025,221.70898,1208.332
MOVE,1,1.0,0.027450982,301426033,200.0791,1151.2256
MOVE,1,1.0,0.03137255,301426042,178.71973,1092.9658
MOVE,1,1.0,0.03137255,301426050,154.75195,1035.2598
MOVE,1,1.0,0.04117647,301426058,129.1914,979.25586
MOVE,1,1.0,0.037254903,301426067,103.09277,928.9258
MOVE,1,1.0,0.03137255,301426075,80.38281,890.5293
MOVE,1,1.0,0.023529414,301426083,59.7959,860.7363
MOVE,1,1.0,0.0058823535,301426091,38.967773,834.9883
MOVE,1,1.0,0.0058823535,301426091,38.759766,834.73145
UP,1,1.0,0.0058823535,301426100,38.759766,834.73145
DOWN,0,1.0,0.04117647,301426259,220.95703,983.8379
MOVE,0,1.0,0.04117647,301426274,221.87207,985.3252
MOVE,0,1.0,0.05686275,301426280,223.59375,987.8369
MOVE,0,1.0,0.050980397,301426288,228.17773,995.14844
MOVE,0,1.0,0.04509804,301426297,236.08398,1009.4248
MOVE,0,1.0,0.04705883,301426308,257.4287,1050.7402
MOVE,0,1.0,0.050980397,301426317,292.6045,1121.9814
MOVE,0,1.0,0.04117647,301426325,327.91797,1197.8828
MOVE,0,1.0,0.04117647,301426334,360.63965,1274.4297
MOVE,0,1.0,0.05686275,301426342,386.02637,1340.8018
MOVE,0,1.0,0.04509804,301426350,406.3789,1399.1533
MOVE,0,1.0,0.04509804,301426359,422.7666,1452.9004
MOVE,0,1.0,0.04509804,301426367,435.19824,1500.9463
MOVE,0,1.0,0.04117647,301426375,445.50293,1544.4092
MOVE,0,1.0,0.050980397,301426384,453.17578,1579.9092
MOVE,0,1.0,0.037254903,301426392,458.2119,1610.8047
MOVE,0,1.0,0.037254903,301426400,462.17773,1636.5645
MOVE,0,1.0,0.04509804,301426409,467.17676,1658.8789
MOVE,0,1.0,0.03529412,301426417,473.4912,1677.2002
MOVE,0,1.0,0.03137255,301426425,480.39844,1689.0332
MOVE,0,1.0,0.03137255,301426431,485.23047,1695.377
MOVE,0,1.0,0.03137255,301426438,489.7705,1700.5205
MOVE,0,1.0,0.037254903,301426446,494.25293,1703.6621
MOVE,0,1.0,0.037254903,301426455,497.54883,1703.9482
MOVE,0,1.0,0.037254903,301426463,499.39453,1702.8057
MOVE,0,1.0,0.04117647,301426471,499.92188,1700.8057
MOVE,0,1.0,0.04117647,301426480,499.52637,1698.5205
MOVE,0,1.0,0.04117647,301426488,498.8672,1696.2354
MOVE,0,1.0,0.04509804,301426496,498.208,1694.8076
MOVE,0,1.0,0.04509804,301426505,497.417,1694.5215
MOVE,0,1.0,0.04509804,301426513,496.49414,1694.8076
MOVE,0,1.0,0.04509804,301426521,495.5713,1695.3789
MOVE,0,1.0,0.04509804,301426525,495.17578,1695.6641
MOVE,0,1.0,0.04509804,301426549,496.09082,1702.4854
MOVE,0,1.0,0.050980397,301426555,497.02148,1706.2334
MOVE,0,1.0,0.050980397,301426563,498.99902,1713.374
MOVE,0,1.0,0.050980397,301426572,501.37207,1721.3721
MOVE,0,1.0,0.04509804,301426580,503.74512,1729.3701
MOVE,0,1.0,0.04509804,301426588,506.11816,1737.083
MOVE,0,1.0,0.04509804,301426597,507.56836,1743.3672
MOVE,0,1.0,0.04509804,301426605,508.0957,1747.9375
MOVE,0,1.0,0.04509804,301426613,508.0957,1751.3652
MOVE,0,1.0,0.04509804,301426622,507.83203,1753.3643
MOVE,0,1.0,0.04509804,301426630,508.22754,1753.9355
MOVE,0,1.0,0.04117647,301426638,508.62305,1753.9355
MOVE,0,1.0,0.04509804,301426642,508.62305,1753.9355
MOVE,0,1.0,0.04117647,301426659,508.62305,1753.9355
MOVE,0,1.0,0.04117647,301426691,507.90234,1755.0029
MOVE,0,1.0,0.04117647,301426697,507.7002,1755.9355
MOVE,0,1.0,0.04117647,301426705,507.17285,1757.9346
MOVE,0,1.0,0.027450982,301426709,506.77734,1759.0771
UP,0,1.0,0.027450982,301426717,506.77734,1759.0771
DOWN,0,1.0,0.025490198,301443715,35.859375,678.76953
MOVE,0,1.0,0.03137255,301443737,37.038086,678.76953
MOVE,0,1.0,0.03137255,301443743,37.70508,678.76953
MOVE,0,1.0,0.03137255,301443751,38.8916,679.05566
MOVE,0,1.0,0.03137255,301443759,40.60547,679.62695
MOVE,0,1.0,0.03137255,301443768,41.92383,680.4834
MOVE,0,1.0,0.029411767,301443772,42.1875,681.0547
UP,0,1.0,0.029411767,301443780,42.1875,681.0547
DOWN,0,1.0,0.01764706,301444280,927.8613,1513.4229
MOVE,0,1.0,0.023529414,301444305,928.8457,1508.7354
MOVE,0,1.0,0.01764706,301444310,929.44336,1504.2822
MOVE,0,1.0,0.025490198,301444319,930.8291,1494.082
MOVE,0,1.0,0.01764706,301444329,934.5215,1466.9883
MOVE,0,1.0,0.025490198,301444339,940.4678,1415.6064
MOVE,0,1.0,0.023529414,301444348,944.9551,1371.0459
MOVE,0,1.0,0.023529414,301444356,948.6543,1327.6172
MOVE,0,1.0,0.03137255,301444364,952.6074,1288.1582
MOVE,0,1.0,0.023529414,301444373,956.5625,1255.5264
MOVE,0,1.0,0.03137255,301444381,959.9951,1230.8809
MOVE,0,1.0,0.03137255,301444389,963.1621,1212.5361
MOVE,0,1.0,0.03137255,301444397,965.4326,1199.4141
MOVE,0,1.0,0.03137255,301444404,967.3174,1191.8975
MOVE,0,1.0,0.025490198,301444410,969.05176,1185.584
MOVE,0,1.0,0.025490198,301444419,970.9717,1178.9336
MOVE,0,1.0,0.03137255,301444427,972.9492,1172.9346
MOVE,0,1.0,0.03137255,301444435,974.53125,1167.793
MOVE,0,1.0,0.03137255,301444444,975.32227,1163.794
MOVE,0,1.0,0.037254903,301444452,975.98145,1161.2236
MOVE,0,1.0,0.037254903,301444460,976.6406,1159.5098
MOVE,0,1.0,0.037254903,301444469,977.03613,1158.081
MOVE,0,1.0,0.037254903,301444477,977.43164,1156.9385
MOVE,0,1.0,0.037254903,301444485,977.82715,1156.082
MOVE,0,1.0,0.037254903,301444494,977.959,1155.5107
MOVE,0,1.0,0.037254903,301444502,978.0908,1154.9395
MOVE,0,1.0,0.037254903,301444510,978.61816,1154.3682
MOVE,0,1.0,0.037254903,301444519,979.1455,1153.7969
MOVE,0,1.0,0.037254903,301444527,979.4092,1152.9395
MOVE,0,1.0,0.037254903,301444535,979.9365,1152.083
MOVE,0,1.0,0.037254903,301444544,980.46387,1151.2256
MOVE,0,1.0,0.03137255,301444552,979.9365,1150.6543
MOVE,0,1.0,0.013725491,301444556,979.27734,1150.6543
UP,0,1.0,0.013725491,301444564,979.27734,1150.6543
DOWN,0,1.0,0.025490198,301456038,39.55078,726.1865
MOVE,0,1.0,0.025490198,301456061,40.729492,725.6914
MOVE,0,1.0,0.025490198,301456067,41.396484,725.3301
MOVE,0,1.0,0.025490198,301456075,42.583008,725.04395
MOVE,0,1.0,0.025490198,301456083,43.76953,724.7588
MOVE,0,1.0,0.025490198,301456092,44.692383,724.1875
MOVE,0,1.0,0.025490198,301456100,45.351562,723.6162
MOVE,0,1.0,0.025490198,301456108,45.74707,723.0449
MOVE,0,1.0,0.023529414,301456113,45.878906,722.7588
UP,0,1.0,0.023529414,301456121,45.878906,722.7588
MOVE,0,1.0,0.04117647,301456471,878.7129,1289.8037
MOVE,0,1.0,0.037254903,301456480,890.8262,1256.6738
MOVE,0,1.0,0.04117647,301456488,902.4326,1225.2363
MOVE,0,1.0,0.037254903,301456496,913.77344,1193.8154
MOVE,0,1.0,0.04117647,301456505,925.3721,1160.1318
MOVE,0,1.0,0.04117647,301456513,937.23535,1125.8604
MOVE,0,1.0,0.050980397,301456521,949.8828,1092.1484
MOVE,0,1.0,0.04117647,301456530,960.7119,1060.7051
MOVE,0,1.0,0.04509804,301456538,970.4785,1031.5459
MOVE,0,1.0,0.04117647,301456546,979.4512,1004.1074
MOVE,0,1.0,0.04509804,301456555,987.6328,977.251
MOVE,0,1.0,0.04117647,301456563,994.2412,950.4004
MOVE,0,1.0,0.04117647,301456571,999.7881,926.94336
MOVE,0,1.0,0.04117647,301456580,1003.49805,906.34863
MOVE,0,1.0,0.04117647,301456588,1005.33887,890.50977
MOVE,0,1.0,0.037254903,301456599,1006.5752,877.7295
MOVE,0,1.0,0.037254903,301456604,1007.9463,866.5293
MOVE,0,1.0,0.037254903,301456611,1009.4092,856.13086
MOVE,0,1.0,0.04509804,301456618,1011.0088,846.9863
MOVE,0,1.0,0.04509804,301456626,1012.7295,838.88086
MOVE,0,1.0,0.03137255,301456634,1014.6094,831.3037
MOVE,0,1.0,0.03137255,301456642,1016.5869,823.5918
MOVE,0,1.0,0.025490198,301456651,1018.56445,816.16504
MOVE,0,1.0,0.025490198,301456659,1020.80566,809.5947
MOVE,0,1.0,0.025490198,301456668,1023.1787,804.16797
MOVE,0,1.0,0.025490198,301456676,1025.2881,799.3115
MOVE,0,1.0,0.025490198,301456684,1027.9248,795.59863
MOVE,0,1.0,0.025490198,301456692,1032.1436,793.02734
MOVE,0,1.0,0.023529414,301456701,1038.3398,790.45703
MOVE,0,1.0,0.0058823535,301456705,1042.0312,789.0283
UP,0,1.0,0.0058823535,301456713,1042.0312,789.0283
DOWN,0,1.0,0.027450982,301456755,217.5293,1226.6357
MOVE,0,1.0,0.03137255,301456771,217.5293,1225.6445
MOVE,0,1.0,0.025490198,301456776,217.5293,1223.7793
MOVE,0,1.0,0.03529412,301456784,216.87012,1218.0664
MOVE,0,1.0,0.03529412,301456793,214.14551,1207.0361
MOVE,0,1.0,0.037254903,301456803,203.43848,1174.9609
MOVE,0,1.0,0.04117647,301456813,181.08203,1118.5938
MOVE,0,1.0,0.04509804,301456822,159.73535,1070.0166
MOVE,0,1.0,0.04509804,301456830,140.46582,1027.1133
MOVE,0,1.0,0.04705883,301456838,125.39453,993.88086
MOVE,0,1.0,0.037254903,301456847,114.28027,969.23047
MOVE,0,1.0,0.037254903,301456855,106.59961,950.88574
MOVE,0,1.0,0.04117647,301456863,101.25098,937.1045
MOVE,0,1.0,0.037254903,301456870,98.13867,928.9287
MOVE,0,1.0,0.04117647,301456876,95.9834,923.2363
MOVE,0,1.0,0.04117647,301456884,93.86719,918.4258
MOVE,0,1.0,0.04509804,301456893,92.15332,915.2832
MOVE,0,1.0,0.04509804,301456901,91.362305,913.56934
MOVE,0,1.0,0.04509804,301456905,91.23047,912.99805
MOVE,0,1.0,0.04509804,301456947,91.75781,912.99805
MOVE,0,1.0,0.04509804,301456971,95.80176,912.99805
MOVE,0,1.0,0.04509804,301456972,95.97656,912.99805
MOVE,0,1.0,0.04117647,301457022,95.97656,912.99805
MOVE,0,1.0,0.04117647,301457054,93.81348,914.56055
MOVE,0,1.0,0.037254903,301457060,92.41699,915.2832
MOVE,0,1.0,0.013725491,301457064,91.23047,915.8545
UP,0,1.0,0.013725491,301457072,91.23047,915.8545
DOWN,0,1.0,0.04117647,301457516,74.0918,451.96777
MOVE,0,1.0,0.037254903,301457539,74.0918,451.96777
MOVE,0,1.0,0.037254903,301457563,71.57617,448.91895
MOVE,0,1.0,0.03137255,301457568,69.47754,447.6836
MOVE,0,1.0,0.01764706,301457573,67.76367,446.82617
UP,0,1.0,0.01764706,301457581,67.76367,446.82617
DOWN,0,1.0,0.04509804,301457798,125.24414,619.35547
MOVE,0,1.0,0.04117647,301457813,125.015625,618.86035
MOVE,0,1.0,0.04117647,301457819,124.58496,618.2129
MOVE,0,1.0,0.04117647,301457827,123.53027,616.499
MOVE,0,1.0,0.04117647,301457836,122.211914,614.78516
MOVE,0,1.0,0.037254903,301457844,120.893555,613.3574
MOVE,0,1.0,0.037254903,301457852,119.575195,611.9287
MOVE,0,1.0,0.027450982,301457856,118.916016,611.3574
UP,0,1.0,0.027450982,301457864,118.916016,611.3574
MOVE,0,1.0,0.023529414,301461694,860.5088,1308.0674
MOVE,0,1.0,0.01764706,301461702,873.1543,1273.2588
MOVE,0,1.0,0.03137255,301461711,885.81055,1235.0166
MOVE,0,1.0,0.025490198,301461719,896.90137,1199.5684
MOVE,0,1.0,0.03137255,301461727,906.14844,1166.9766
MOVE,0,1.0,0.03137255,301461735,914.0713,1138.3721
MOVE,0,1.0,0.03137255,301461744,921.19824,1114.332
MOVE,0,1.0,0.03137255,301461752,927.27344,1092.5996
MOVE,0,1.0,0.037254903,301461761,933.07715,1073.1533
MOVE,0,1.0,0.037254903,301461769,939.1123,1056.6289
MOVE,0,1.0,0.03529412,301461777,946.4121,1039.0889
MOVE,0,1.0,0.03529412,301461785,952.35645,1025.083
MOVE,0,1.0,0.03529412,301461792,956.6797,1014.7422
MOVE,0,1.0,0.03137255,301461800,961.1426,1004.4502
MOVE,0,1.0,0.037254903,301461808,965.1533,995.5879
MOVE,0,1.0,0.037254903,301461815,967.8135,988.96387
MOVE,0,1.0,0.03529412,301461823,970.3125,982.41016
MOVE,0,1.0,0.03529412,301461832,973.08105,976.41113
MOVE,0,1.0,0.03529412,301461840,976.1133,970.9844
MOVE,0,1.0,0.03137255,301461848,979.1455,966.6992
MOVE,0,1.0,0.037254903,301461857,981.6504,963.5576
MOVE,0,1.0,0.037254903,301461865,983.4961,961.27246
MOVE,0,1.0,0.037254903,301461873,984.81445,959.5586
MOVE,0,1.0,0.037254903,301461882,985.60547,957.8447
MOVE,0,1.0,0.037254903,301461890,986.3965,956.416
MOVE,0,1.0,0.037254903,301461898,987.31934,955.27344
MOVE,0,1.0,0.037254903,301461907,987.71484,954.417
MOVE,0,1.0,0.03137255,301461911,987.71484,954.13086
MOVE,0,1.0,0.0058823535,301461952,987.1875,954.70215
UP,0,1.0,0.0058823535,301461961,987.1875,954.70215
DOWN,0,1.0,0.01764706,301464690,894.6387,1391.7383
MOVE,0,1.0,0.01764706,301464713,895.58887,1389.6807
MOVE,0,1.0,0.013725491,301464718,896.4844,1387.4541
MOVE,0,1.0,0.015686275,301464726,898.4619,1381.7412
MOVE,0,1.0,0.013725491,301464736,903.0957,1365.5801
MOVE,0,1.0,0.015686275,301464747,914.06055,1322.9668
MOVE,0,1.0,0.01764706,301464755,923.54785,1280.1943
MOVE,0,1.0,0.023529414,301464764,932.7793,1231.126
MOVE,0,1.0,0.01764706,301464772,941.7461,1180.8643
MOVE,0,1.0,0.01764706,301464780,950.4502,1130.5908
MOVE,0,1.0,0.03137255,301464789,958.1074,1080.8828
MOVE,0,1.0,0.023529414,301464797,966.2754,1031.1807
MOVE,0,1.0,0.03137255,301464805,974.4492,984.8721
MOVE,0,1.0,0.03137255,301464814,981.5791,947.6465
MOVE,0,1.0,0.03137255,301464822,987.6543,917.86523
MOVE,0,1.0,0.03137255,301464830,992.6748,893.249
MOVE,0,1.0,0.037254903,301464839,997.9453,872.07715
MOVE,0,1.0,0.037254903,301464848,1004.00195,852.63574
MOVE,0,1.0,0.025490198,301464855,1008.7012,836.8086
MOVE,0,1.0,0.03137255,301464864,1013.57715,820.13184
MOVE,0,1.0,0.025490198,301464872,1017.2715,807.0166
MOVE,0,1.0,0.025490198,301464878,1019.41113,799.1631
MOVE,0,1.0,0.025490198,301464885,1021.458,792.03516
MOVE,0,1.0,0.025490198,301464893,1022.91504,784.74414
MOVE,0,1.0,0.023529414,301464901,1023.8379,777.60254
MOVE,0,1.0,0.023529414,301464910,1024.3652,771.0332
MOVE,0,1.0,0.025490198,301464918,1024.3652,764.4629
MOVE,0,1.0,0.025490198,301464927,1024.3652,757.89355
MOVE,0,1.0,0.025490198,301464935,1024.1016,751.6094
MOVE,0,1.0,0.025490198,301464943,1023.8379,746.18164
MOVE,0,1.0,0.025490198,301464951,1024.1016,741.89746
MOVE,0,1.0,0.025490198,301464960,1024.4971,738.4697
MOVE,0,1.0,0.025490198,301464968,1024.7607,736.4697
MOVE,0,1.0,0.025490198,301464977,1024.7607,735.32715
MOVE,0,1.0,0.025490198,301464985,1024.4971,734.4707
MOVE,0,1.0,0.025490198,301464993,1024.4971,733.3281
MOVE,0,1.0,0.025490198,301465002,1025.1562,731.61426
MOVE,0,1.0,0.025490198,301465010,1026.4746,729.9004
MOVE,0,1.0,0.023529414,301465018,1028.3203,728.1865
MOVE,0,1.0,0.013725491,301465027,1030.0342,726.7578
MOVE,0,1.0,0.003921569,301465031,1030.6934,726.1865
UP,0,1.0,0.003921569,301465039,1030.6934,726.1865
MOVE,0,1.0,0.025490198,301465289,93.086914,1086.9043
MOVE,0,1.0,0.03137255,301465298,90.98828,1064.6123
MOVE,0,1.0,0.025490198,301465306,88.87891,1044.5947
MOVE,0,1.0,0.03137255,301465314,86.50781,1022.3369
MOVE,0,1.0,0.025490198,301465323,83.87402,997.2285
MOVE,0,1.0,0.03137255,301465331,81.49805,971.52637
MOVE,0,1.0,0.037254903,301465339,79.125,945.2529
MOVE,0,1.0,0.03137255,301465348,77.274414,918.97363
MOVE,0,1.0,0.03137255,301465356,75.16797,893.25977
MOVE,0,1.0,0.037254903,301465364,72.796875,866.9863
MOVE,0,1.0,0.03137255,301465373,70.94629,840.70703
MOVE,0,1.0,0.025490198,301465381,68.83984,814.99316
MOVE,0,1.0,0.025490198,301465389,66.99121,789.28516
MOVE,0,1.0,0.025490198,301465398,65.14551,765.2744
MOVE,0,1.0,0.025490198,301465406,63.299805,741.8457
MOVE,0,1.0,0.029411767,301465415,61.976562,720.11914
MOVE,0,1.0,0.025490198,301465423,60.658203,700.1074
MOVE,0,1.0,0.025490198,301465431,59.86133,681.8086
MOVE,0,1.0,0.025490198,301465439,59.333984,665.2959
MOVE,0,1.0,0.025490198,301465448,58.82617,650.9844
MOVE,0,1.0,0.025490198,301465455,58.575195,639.07715
MOVE,0,1.0,0.025490198,301465463,58.535156,628.0117
MOVE,0,1.0,0.025490198,301465470,58.535156,618.5537
MOVE,0,1.0,0.03137255,301465478,58.680664,610.61426
MOVE,0,1.0,0.03137255,301465486,58.666016,602.76953
MOVE,0,1.0,0.03137255,301465494,58.535156,595.3613
MOVE,0,1.0,0.025490198,301465502,58.40332,588.50586
MOVE,0,1.0,0.025490198,301465511,58.007812,582.2217
MOVE,0,1.0,0.025490198,301465519,57.612305,576.7949
MOVE,0,1.0,0.025490198,301465527,57.348633,572.2246
MOVE,0,1.0,0.025490198,301465536,57.216797,568.51074
MOVE,0,1.0,0.03137255,301465544,57.348633,565.9404
MOVE,0,1.0,0.04117647,301465552,58.13965,565.6543
MOVE,0,1.0,0.03137255,301465561,59.98535,568.7969
MOVE,0,1.0,0.04117647,301465570,65.24707,581.6084
MOVE,0,1.0,0.04117647,301465581,80.90137,619.1914
MOVE,0,1.0,0.04509804,301465590,103.399414,668.5664
MOVE,0,1.0,0.04509804,301465598,131.03223,729.0088
MOVE,0,1.0,0.04509804,301465606,160.02246,796.35254
MOVE,0,1.0,0.05686275,301465615,187.72168,866.02637
MOVE,0,1.0,0.04509804,301465623,212.01367,932.8965
MOVE,0,1.0,0.04117647,301465632,232.61621,994.6465
MOVE,0,1.0,0.04117647,301465640,251.09473,1052.3867
MOVE,0,1.0,0.05686275,301465648,269.0293,1110.0869
MOVE,0,1.0,0.037254903,301465656,286.4375,1164.3936
MOVE,0,1.0,0.04117647,301465665,302.7959,1216.9697
MOVE,0,1.0,0.04117647,301465673,316.79395,1266.1348
MOVE,0,1.0,0.04117647,301465682,328.68066,1309.6094
MOVE,0,1.0,0.03529412,301465690,338.1963,1343.9785
MOVE,0,1.0,0.04117647,301465698,345.86133,1369.207
MOVE,0,1.0,0.04117647,301465706,350.95898,1383.0566
MOVE,0,1.0,0.04117647,301465713,353.19922,1388.0469
MOVE,0,1.0,0.04117647,301465719,354.24316,1388.5967
MOVE,0,1.0,0.04509804,301465727,354.24316,1383.7402
MOVE,0,1.0,0.04509804,301465737,352.042,1365.5166
MOVE,0,1.0,0.050980397,301465748,342.59375,1314.4717
MOVE,0,1.0,0.050980397,301465757,326.06445,1250.1328
MOVE,0,1.0,0.04509804,301465765,301.36133,1171.4375
MOVE,0,1.0,0.05686275,301465773,275.2705,1094.2969
MOVE,0,1.0,0.060784318,301465782,248.12305,1013.7793
MOVE,0,1.0,0.04509804,301465790,219.9209,932.0967
MOVE,0,1.0,0.054901965,301465798,189.88086,853.2295
MOVE,0,1.0,0.04117647,301465807,157.47266,781.74414
MOVE,0,1.0,0.050980397,301465815,128.17383,718.8174
MOVE,0,1.0,0.04509804,301465823,107.52051,665.58984
MOVE,0,1.0,0.050980397,301465832,96.612305,623.7715
MOVE,0,1.0,0.04117647,301465840,92.32715,597.9033
MOVE,0,1.0,0.04509804,301465848,90.197266,578.417
MOVE,0,1.0,0.050980397,301465856,89.94238,569.62695
MOVE,0,1.0,0.050980397,301465861,90.05762,565.0381
MOVE,0,1.0,0.050980397,301465869,90.30762,560.5127
MOVE,0,1.0,0.050980397,301465878,90.43945,557.65625
MOVE,0,1.0,0.050980397,301465886,90.703125,555.6572
MOVE,0,1.0,0.050980397,301465894,90.9668,554.2285
MOVE,0,1.0,0.050980397,301465903,90.703125,553.08594
MOVE,0,1.0,0.050980397,301465911,90.30762,551.94336
MOVE,0,1.0,0.04509804,301465919,89.64844,550.8008
MOVE,0,1.0,0.04509804,301465928,88.98926,549.94434
MOVE,0,1.0,0.04509804,301465936,88.725586,549.37305
MOVE,0,1.0,0.04509804,301465944,88.461914,548.80176
MOVE,0,1.0,0.04509804,301465949,88.33008,548.5156
MOVE,0,1.0,0.04509804,301466006,87.3457,548.5156
MOVE,0,1.0,0.04509804,301466011,86.61621,547.94434
MOVE,0,1.0,0.04117647,301466020,85.03418,547.37305
MOVE,0,1.0,0.037254903,301466028,83.05664,546.80176
MOVE,0,1.0,0.03137255,301466036,80.288086,545.6592
MOVE,0,1.0,0.025490198,301466044,76.069336,543.9453
MOVE,0,1.0,0.003921569,301466048,73.56445,542.80273
UP,0,1.0,0.003921569,301466057,73.56445,542.80273
DOWN,0,1.0,0.03529412,301466450,74.0918,431.40137
MOVE,0,1.0,0.027450982,301466465,74.0918,431.40137
MOVE,0,1.0,0.027450982,301466470,74.0918,431.40137
MOVE,0,1.0,0.013725491,301466474,72.24609,433.11523
UP,0,1.0,0.013725491,301466482,72.24609,433.11523
MOVE,0,1.0,0.027450982,301469561,898.15234,1323.96
MOVE,0,1.0,0.027450982,301469569,901.4629,1292.0713
MOVE,0,1.0,0.025490198,301469578,904.1045,1258.959
MOVE,0,1.0,0.027450982,301469586,907.2637,1226.956
MOVE,0,1.0,0.03137255,301469595,910.6885,1195.5293
MOVE,0,1.0,0.03137255,301469603,915.4209,1165.8047
MOVE,0,1.0,0.04117647,301469611,921.2119,1137.2295
MOVE,0,1.0,0.03137255,301469620,927.27344,1110.3613
MOVE,0,1.0,0.03137255,301469628,933.59863,1085.207
MOVE,0,1.0,0.03137255,301469636,940.4492,1059.5049
MOVE,0,1.0,0.025490198,301469645,947.3047,1034.3623
MOVE,0,1.0,0.03529412,301469653,954.16016,1009.2256
MOVE,0,1.0,0.03137255,301469661,960.7549,986.917
MOVE,0,1.0,0.025490198,301469670,967.6074,968.0303
MOVE,0,1.0,0.037254903,301469678,972.4873,953.5752
MOVE,0,1.0,0.04117647,301469685,976.22266,942.4492
MOVE,0,1.0,0.04117647,301469692,978.9961,932.18066
MOVE,0,1.0,0.037254903,301469700,981.8213,923.16895
MOVE,0,1.0,0.03529412,301469708,984.8662,914.1631
MOVE,0,1.0,0.03137255,301469716,988.0742,904.6123
MOVE,0,1.0,0.037254903,301469724,991.1846,896.3252
MOVE,0,1.0,0.037254903,301469733,994.6572,887.9424
MOVE,0,1.0,0.037254903,301469741,997.60254,881.292
MOVE,0,1.0,0.04117647,301469749,1000.1074,875.5791
MOVE,0,1.0,0.037254903,301469757,1001.8213,871.0088
MOVE,0,1.0,0.037254903,301469766,1002.876,867.2949
MOVE,0,1.0,0.037254903,301469774,1003.667,864.4385
MOVE,0,1.0,0.037254903,301469782,1004.19434,862.7246
MOVE,0,1.0,0.037254903,301469791,1004.58984,861.86816
MOVE,0,1.0,0.037254903,301469799,1005.249,861.2969
MOVE,0,1.0,0.037254903,301469807,1005.77637,861.2969
MOVE,0,1.0,0.037254903,301469816,1006.04004,861.58203
MOVE,0,1.0,0.03137255,301469824,1006.5674,861.2969
MOVE,0,1.0,0.03137255,301469832,1007.22656,861.01074
MOVE,0,1.0,0.03137255,301469841,1007.88574,861.01074
MOVE,0,1.0,0.025490198,301469849,1008.28125,861.01074
MOVE,0,1.0,0.0058823535,301469853,1008.28125,861.01074
UP,0,1.0,0.0058823535,301469861,1008.28125,861.01074
DOWN,0,1.0,0.01764706,301472457,873.5449,1329.4678
MOVE,0,1.0,0.023529414,301472472,873.5449,1329.4678
MOVE,0,1.0,0.023529414,301472477,873.5449,1329.4678
MOVE,0,1.0,0.01764706,301472486,873.28125,1327.4688
MOVE,0,1.0,0.023529414,301472494,873.28125,1324.6123
MOVE,0,1.0,0.025490198,301472503,873.1338,1315.581
MOVE,0,1.0,0.023529414,301472513,873.2285,1290.8262
MOVE,0,1.0,0.023529414,301472523,875.1084,1257.2051
MOVE,0,1.0,0.025490198,301472531,878.5205,1224.1104
MOVE,0,1.0,0.01764706,301472540,883.2529,1190.9756
MOVE,0,1.0,0.03137255,301472548,889.3047,1160.1035
MOVE,0,1.0,0.037254903,301472557,896.15234,1132.082
MOVE,0,1.0,0.03137255,301472565,903.26855,1106.916
MOVE,0,1.0,0.037254903,301472573,910.91016,1084.6074
MOVE,0,1.0,0.04117647,301472581,917.5127,1067.418
MOVE,0,1.0,0.03137255,301472590,925.14844,1050.2793
MOVE,0,1.0,0.03137255,301472598,933.05566,1029.1816
MOVE,0,1.0,0.037254903,301472607,940.44336,1010.30566
MOVE,0,1.0,0.03529412,301472615,948.6094,993.1504
MOVE,0,1.0,0.04117647,301472623,954.9121,980.03906
MOVE,0,1.0,0.037254903,301472630,959.2744,968.8008
MOVE,0,1.0,0.037254903,301472638,963.91406,956.5381
MOVE,0,1.0,0.037254903,301472646,967.8584,945.82324
MOVE,0,1.0,0.04117647,301472654,971.3467,935.7881
MOVE,0,1.0,0.037254903,301472662,974.6758,925.3838
MOVE,0,1.0,0.03529412,301472670,977.2207,916.9463
MOVE,0,1.0,0.03529412,301472678,979.4092,910.1416
MOVE,0,1.0,0.03529412,301472686,981.3867,903.57227
MOVE,0,1.0,0.037254903,301472694,983.1006,897.57324
MOVE,0,1.0,0.037254903,301472703,984.41895,892.7178
MOVE,0,1.0,0.04117647,301472711,985.3418,889.0039
MOVE,0,1.0,0.04117647,301472719,986.5283,886.14746
MOVE,0,1.0,0.04117647,301472728,987.8467,883.8623
MOVE,0,1.0,0.04117647,301472736,988.90137,881.8633
MOVE,0,1.0,0.04117647,301472744,989.56055,880.7207
MOVE,0,1.0,0.04117647,301472753,990.0879,880.1494
MOVE,0,1.0,0.04117647,301472761,990.4834,879.292
MOVE,0,1.0,0.04117647,301472765,990.61523,878.7207
MOVE,0,1.0,0.04117647,301472789,990.84375,878.1494
MOVE,0,1.0,0.04117647,301472790,990.8789,878.1494
MOVE,0,1.0,0.04117647,301472807,990.8789,877.5781
MOVE,0,1.0,0.03137255,301472889,990.6504,879.0654
MOVE,0,1.0,0.03529412,301472894,990.4834,881.57715
MOVE,0,1.0,0.03137255,301472903,990.35156,889.2705
MOVE,0,1.0,0.037254903,301472913,989.9844,905.6758
MOVE,0,1.0,0.03137255,301472924,988.0205,934.71387
MOVE,0,1.0,0.027450982,301472932,982.7578,969.2129
MOVE,0,1.0,0.01764706,301472940,974.6133,1010.27734
MOVE,0,1.0,0.025490198,301472949,962.78516,1057.0654
MOVE,0,1.0,0.01764706,301472957,947.7871,1107.8701
MOVE,0,1.0,0.01764706,301472965,932.7578,1158.7148
MOVE,0,1.0,0.023529414,301472974,920.33887,1207.2979
MOVE,0,1.0,0.013725491,301472982,912.3838,1249.6357
MOVE,0,1.0,0.015686275,301472990,908.6504,1282.2969
MOVE,0,1.0,0.01764706,301472999,907.8301,1308.0732
MOVE,0,1.0,0.013725491,301473007,910.69336,1328.6904
MOVE,0,1.0,0.013725491,301473015,914.7744,1343.1641
MOVE,0,1.0,0.0058823535,301473022,917.37305,1354.2891
MOVE,0,1.0,0.0058823535,301473030,918.6201,1365.5928
MOVE,0,1.0,0.0058823535,301473038,918.8965,1377.126
MOVE,0,1.0,0.0058823535,301473046,918.55176,1387.0381
MOVE,0,1.0,0.0058823535,301473054,918.5215,1395.5537
MOVE,0,1.0,0.011764707,301473061,918.89746,1402.8955
MOVE,0,1.0,0.011764707,301473070,919.81934,1409.7344
MOVE,0,1.0,0.0058823535,301473078,920.874,1415.4473
MOVE,0,1.0,0.0058823535,301473086,921.26953,1420.0176
MOVE,0,1.0,0.0058823535,301473095,921.26953,1423.7305
MOVE,0,1.0,0.0058823535,301473103,920.874,1426.873
MOVE,0,1.0,0.0058823535,301473111,920.21484,1429.4434
MOVE,0,1.0,0.0058823535,301473120,920.083,1431.4434
MOVE,0,1.0,0.0058823535,301473128,920.21484,1432.5859
MOVE,0,1.0,0.0058823535,301473136,919.9512,1433.4424
MOVE,0,1.0,0.0058823535,301473145,919.4238,1434.2998
MOVE,0,1.0,0.0058823535,301473153,919.0283,1434.8711
MOVE,0,1.0,0.0058823535,301473157,918.8965,1435.1562
MOVE,0,1.0,0.0058823535,301473207,918.8965,1434.585
MOVE,0,1.0,0.0058823535,301473231,918.8965,1433.5186
MOVE,0,1.0,0.0058823535,301473236,918.76465,1432.8711
MOVE,0,1.0,0.0058823535,301473245,918.501,1432.0146
MOVE,0,1.0,0.0058823535,301473253,917.97363,1431.1572
MOVE,0,1.0,0.0058823535,301473261,917.5781,1430.3008
MOVE,0,1.0,0.0058823535,301473266,917.5781,1430.0146
MOVE,0,1.0,0.013725491,301473381,917.3496,1429.4434
MOVE,0,1.0,0.013725491,301473387,916.91895,1428.8721
MOVE,0,1.0,0.013725491,301473395,915.86426,1427.7295
MOVE,0,1.0,0.013725491,301473403,914.41406,1426.5869
MOVE,0,1.0,0.013725491,301473412,912.4365,1425.1592
MOVE,0,1.0,0.015686275,301473420,909.93164,1422.874
MOVE,0,1.0,0.015686275,301473428,906.7676,1419.7314
MOVE,0,1.0,0.023529414,301473437,902.417,1415.4473
MOVE,0,1.0,0.01764706,301473445,896.6113,1408.585
MOVE,0,1.0,0.01764706,301473454,889.7656,1397.2461
MOVE,0,1.0,0.01764706,301473464,881.9238,1376.1816
MOVE,0,1.0,0.025490198,301473474,874.9209,1347.9951
MOVE,0,1.0,0.023529414,301473483,869.9033,1321.7324
MOVE,0,1.0,0.023529414,301473491,866.7207,1291.4941
MOVE,0,1.0,0.027450982,301473499,867.2119,1261.2158
MOVE,0,1.0,0.01764706,301473508,870.8711,1228.1094
MOVE,0,1.0,0.025490198,301473516,875.86816,1192.7129
MOVE,0,1.0,0.023529414,301473524,883.4883,1156.1611
MOVE,0,1.0,0.03137255,301473533,892.43945,1119.0332
MOVE,0,1.0,0.037254903,301473541,902.1875,1081.334
MOVE,0,1.0,0.03137255,301473549,913.50977,1043.0635
MOVE,0,1.0,0.04117647,301473558,927.458,1002.5244
MOVE,0,1.0,0.03529412,301473566,941.4326,961.9629
MOVE,0,1.0,0.03529412,301473574,953.5801,924.2295
MOVE,0,1.0,0.037254903,301473583,962.5762,891.0488
MOVE,0,1.0,0.04509804,301473591,967.8867,864.13574
MOVE,0,1.0,0.04117647,301473600,970.5498,841.24414
MOVE,0,1.0,0.037254903,301473608,972.9258,821.78613
MOVE,0,1.0,0.04117647,301473616,974.5088,805.2617
MOVE,0,1.0,0.04117647,301473624,976.3115,789.5996
MOVE,0,1.0,0.04509804,301473632,978.1338,771.083
MOVE,0,1.0,0.04509804,301473641,980.77734,755.23047
MOVE,0,1.0,0.04117647,301473648,984.04785,743.8965
MOVE,0,1.0,0.04117647,301473655,986.4082,734.93945
MOVE,0,1.0,0.04509804,301473663,988.7129,726.9414
MOVE,0,1.0,0.04509804,301473670,990.751,720.1738
MOVE,0,1.0,0.04117647,301473679,992.5928,714.76074
MOVE,0,1.0,0.04509804,301473687,994.5703,711.04785
MOVE,0,1.0,0.04509804,301473695,996.416,708.47656
MOVE,0,1.0,0.04509804,301473704,998.1299,706.7627
MOVE,0,1.0,0.04509804,301473712,999.7119,705.90625
MOVE,0,1.0,0.04509804,301473721,1000.7666,705.33496
MOVE,0,1.0,0.04509804,301473729,1001.5576,705.0488
MOVE,0,1.0,0.04509804,301473737,1002.48047,704.7637
MOVE,0,1.0,0.04509804,301473745,1003.2715,704.47754
MOVE,0,1.0,0.04509804,301473754,1003.93066,704.47754
MOVE,0,1.0,0.04509804,301473762,1004.58984,704.47754
MOVE,0,1.0,0.04509804,301473770,1005.38086,704.47754
MOVE,0,1.0,0.04117647,301473779,1006.43555,704.47754
MOVE,0,1.0,0.01764706,301473787,1007.6221,704.1924
MOVE,0,1.0,0.01764706,301473791,1008.28125,703.90625
UP,0,1.0,0.01764706,301473799,1008.28125,703.90625
MOVE,0,1.0,0.025490198,301474250,866.8262,1278.9941
MOVE,0,1.0,0.03137255,301474259,881.0488,1239.0332
MOVE,0,1.0,0.025490198,301474267,895.5488,1200.1738
MOVE,0,1.0,0.03137255,301474276,909.00586,1166.416
MOVE,0,1.0,0.037254903,301474284,921.14844,1137.2344
MOVE,0,1.0,0.025490198,301474292,931.4502,1112.624
MOVE,0,1.0,0.037254903,301474300,940.9502,1090.3203
MOVE,0,1.0,0.03529412,301474309,949.9199,1070.3027
MOVE,0,1.0,0.03137255,301474317,956.03516,1056.5039
MOVE,0,1.0,0.037254903,301474324,960.53906,1046.7188
MOVE,0,1.0,0.03137255,301474331,965.2324,1037.669
MOVE,0,1.0,0.037254903,301474339,970.60156,1028.3291
MOVE,0,1.0,0.04117647,301474347,975.9121,1019.26465
MOVE,0,1.0,0.04117647,301474355,980.5869,1011.3408
MOVE,0,1.0,0.04117647,301474363,984.5508,1004.11914
MOVE,0,1.0,0.037254903,301474371,987.8467,996.97754
MOVE,0,1.0,0.037254903,301474380,991.01074,990.69336
MOVE,0,1.0,0.04117647,301474388,993.7793,985.8379
MOVE,0,1.0,0.04117647,301474397,995.75684,981.83887
MOVE,0,1.0,0.04117647,301474405,997.33887,978.41113
MOVE,0,1.0,0.03529412,301474413,998.5254,975.83984
MOVE,0,1.0,0.03529412,301474421,999.3164,973.5547
MOVE,0,1.0,0.03529412,301474430,1000.1074,971.55566
MOVE,0,1.0,0.03529412,301474438,1000.89844,969.2705
MOVE,0,1.0,0.037254903,301474446,1001.5576,966.41406
MOVE,0,1.0,0.037254903,301474455,1002.2168,963.8428
MOVE,0,1.0,0.037254903,301474463,1002.74414,962.1289
MOVE,0,1.0,0.037254903,301474471,1003.13965,960.9863
MOVE,0,1.0,0.037254903,301474480,1003.667,960.1299
MOVE,0,1.0,0.037254903,301474488,1004.19434,959.27246
MOVE,0,1.0,0.037254903,301474496,1004.458,958.416
MOVE,0,1.0,0.037254903,301474505,1004.58984,957.8447
MOVE,0,1.0,0.03137255,301474513,1004.58984,957.5586
MOVE,0,1.0,0.03137255,301474522,1004.58984,957.5586
MOVE,0,1.0,0.0058823535,301474526,1004.3262,958.1299
UP,0,1.0,0.0058823535,301474533,1004.3262,958.1299
MOVE,0,1.0,0.04117647,301477020,849.8096,1389.2363
MOVE,0,1.0,0.04509804,301477029,851.90234,1348.7256
MOVE,0,1.0,0.04117647,301477037,854.5342,1306.4678
MOVE,0,1.0,0.04509804,301477045,859.78125,1260.2334
MOVE,0,1.0,0.04509804,301477054,868.1875,1211.1309
MOVE,0,1.0,0.050980397,301477062,879.4961,1160.8691
MOVE,0,1.0,0.050980397,301477070,893.7051,1111.1611
MOVE,0,1.0,0.04117647,301477079,908.72656,1067.6807
MOVE,0,1.0,0.04117647,301477087,923.2344,1027.0898
MOVE,0,1.0,0.04509804,301477095,938.51855,988.791
MOVE,0,1.0,0.050980397,301477104,953.0293,953.3428
MOVE,0,1.0,0.04117647,301477112,965.7031,919.0537
MOVE,0,1.0,0.037254903,301477120,977.0547,887.6045
MOVE,0,1.0,0.04117647,301477129,986.5654,859.57715
MOVE,0,1.0,0.04117647,301477137,993.1865,835.54297
MOVE,0,1.0,0.037254903,301477145,998.47266,814.37695
MOVE,0,1.0,0.04117647,301477154,1004.5293,794.3701
MOVE,0,1.0,0.037254903,301477162,1011.6377,774.9404
MOVE,0,1.0,0.01764706,301477162,1011.709,774.7461
UP,0,1.0,0.01764706,301477170,1011.709,774.7461
DOWN,0,1.0,0.03137255,301477288,241.78711,1272.3389
MOVE,0,1.0,0.037254903,301477303,242.24414,1272.3389
MOVE,0,1.0,0.037254903,301477308,242.70996,1272.0537
MOVE,0,1.0,0.04117647,301477316,244.16016,1272.3389
MOVE,0,1.0,0.04509804,301477325,246.5332,1275.7666
MOVE,0,1.0,0.04509804,301477334,252.2832,1292.8486
MOVE,0,1.0,0.04509804,301477346,264.88965,1349.5488
MOVE,0,1.0,0.04509804,301477354,272.0381,1409.4199
MOVE,0,1.0,0.05686275,301477362,276.28613,1475.0605
MOVE,0,1.0,0.04117647,301477371,276.8506,1537.3652
MOVE,0,1.0,0.04509804,301477379,275.55078,1596.8086
MOVE,0,1.0,0.05686275,301477387,272.14355,1650.5664
MOVE,0,1.0,0.03529412,301477396,267.67188,1696.915
MOVE,0,1.0,0.037254903,301477404,261.8838,1733.5752
MOVE,0,1.0,0.03137255,301477412,255.56152,1758.8262
MOVE,0,1.0,0.01764706,301477419,251.69336,1768.8662
MOVE,0,1.0,0.01764706,301477420,251.2793,1769.9316
UP,0,1.0,0.01764706,301477429,251.2793,1769.9316
DOWN,0,1.0,0.050980397,301477646,196.96289,1018.6865
MOVE,0,1.0,0.04705883,301477662,198.10645,1020.66895
MOVE,0,1.0,0.050980397,301477667,200.12695,1024.6855
MOVE,0,1.0,0.05686275,301477676,206.31348,1038.1523
MOVE,0,1.0,0.050980397,301477687,219.13086,1070.4961
MOVE,0,1.0,0.05686275,301477696,243.91504,1149.3008
MOVE,0,1.0,0.04117647,301477704,276.26758,1282.4277
MOVE,0,1.0,0.05686275,301477713,300.08496,1429.6836
MOVE,0,1.0,0.03137255,301477720,323.29297,1664.7402
MOVE,0,1.0,0.03137255,301477721,323.5254,1667.0996
UP,0,1.0,0.03137255,301477729,323.5254,1667.0996
DOWN,0,1.0,0.03137255,301478047,831.6211,1404.3066
MOVE,0,1.0,0.025490198,301478062,831.8496,1402.8203
MOVE,0,1.0,0.037254903,301478067,832.54395,1400.0225
MOVE,0,1.0,0.037254903,301478076,834.6787,1390.4199
MOVE,0,1.0,0.03529412,301478087,840.2744,1368.4111
MOVE,0,1.0,0.03137255,301478096,858.083,1305.4961
MOVE,0,1.0,0.03137255,301478105,892.1865,1199.1396
MOVE,0,1.0,0.023529414,301478113,980.49805,947.5215
MOVE,0,1.0,0.023529414,301478113,981.3867,944.99023
UP,0,1.0,0.023529414,301478121,981.3867,944.99023
DOWN,0,1.0,0.04117647,301478523,917.5781,859.86816
MOVE,0,1.0,0.05686275,301478546,915.4492,864.4795
MOVE,0,1.0,0.050980397,301478551,913.6211,869.3008
MOVE,0,1.0,0.060784318,301478560,908.6846,881.5117
MOVE,0,1.0,0.050980397,301478571,892.99805,920.8447
MOVE,0,1.0,0.05686275,301478580,862.7529,997.9717
MOVE,0,1.0,0.04705883,301478589,828.53613,1088.0527
MOVE,0,1.0,0.04117647,301478597,791.64844,1193.0215
MOVE,0,1.0,0.025490198,301478605,759.9551,1291.3516
MOVE,0,1.0,0.003921569,301478613,723.87695,1410.5391
MOVE,0,1.0,0.003921569,301478613,723.5156,1411.7334
UP,0,1.0,0.003921569,301478622,723.5156,1411.7334
DOWN,0,1.0,0.037254903,301479099,391.55273,1429.4434
MOVE,0,1.0,0.037254903,301479122,390.14453,1419.1465
MOVE,0,1.0,0.037254903,301479128,387.8291,1406.9521
MOVE,0,1.0,0.05686275,301479139,380.01758,1372.5947
MOVE,0,1.0,0.037254903,301479148,359.06836,1299.9209
MOVE,0,1.0,0.04117647,301479156,317.0918,1187.2051
MOVE,0,1.0,0.04509804,301479164,259.50293,1072.3936
MOVE,0,1.0,0.037254903,301479173,186.87988,966.04785
MOVE,0,1.0,0.027450982,301479181,108.36426,875.0586
MOVE,0,1.0,0.003921569,301479189,7.8623047,770.084
MOVE,0,1.0,0.003921569,301479189,6.8554688,769.0332
UP,0,1.0,0.003921569,301479197,6.8554688,769.0332
DOWN,0,1.0,0.03529412,301479541,913.8867,968.9844
MOVE,0,1.0,0.04509804,301479555,912.708,971.4629
MOVE,0,1.0,0.04509804,301479561,910.7197,976.13184
MOVE,0,1.0,0.04117647,301479570,904.2637,991.4756
MOVE,0,1.0,0.04705883,301479581,889.74805,1026.3994
MOVE,0,1.0,0.03137255,301479590,860.91504,1103.0371
MOVE,0,1.0,0.0058823535,301479598,758.0381,1395.6455
MOVE,0,1.0,0.0058823535,301479598,757.00195,1398.5938
UP,0,1.0,0.0058823535,301479606,757.00195,1398.5938
DOWN,0,1.0,0.03137255,301480125,391.8164,1474.5752
MOVE,0,1.0,0.037254903,301480156,390.8662,1475.1465
MOVE,0,1.0,0.037254903,301480161,389.9707,1474.29
MOVE,0,1.0,0.03137255,301480170,386.54492,1468.0244
MOVE,0,1.0,0.037254903,301480180,375.86035,1443.5459
MOVE,0,1.0,0.03529412,301480191,354.03223,1390.4756
MOVE,0,1.0,0.037254903,301480199,328.52734,1329.5078
MOVE,0,1.0,0.03137255,301480207,296.4248,1257.0684
MOVE,0,1.0,0.037254903,301480216,257.9922,1173.2031
MOVE,0,1.0,0.037254903,301480224,208.27148,1083.002
MOVE,0,1.0,0.037254903,301480232,146.16895,992.7383
MOVE,0,1.0,0.03137255,301480240,74.02344,907.5654
MOVE,0,1.0,0.0058823535,301480248,22.920898,855.8125
MOVE,0,1.0,0.0058823535,301480248,22.41211,855.29785
UP,0,1.0,0.0058823535,301480257,22.41211,855.29785
DOWN,0,1.0,0.04117647,301480600,888.8379,1012.40234
MOVE,0,1.0,0.05686275,301480615,888.38086,1013.88965
MOVE,0,1.0,0.04509804,301480620,887.25586,1017.2588
MOVE,0,1.0,0.04117647,301480629,883.8408,1027.4326
MOVE,0,1.0,0.037254903,301480639,876.91406,1049.8984
MOVE,0,1.0,0.03529412,301480649,858.6875,1111.7949
MOVE,0,1.0,0.037254903,301480658,832.4121,1207.3945
MOVE,0,1.0,0.037254903,301480666,808.1328,1309.0273
MOVE,0,1.0,0.027450982,301480674,790.6621,1397.708
MOVE,0,1.0,0.003921569,301480682,774.8262,1500.3975
MOVE,0,1.0,0.003921569,301480682,774.66797,1501.4258
UP,0,1.0,0.003921569,301480691,774.66797,1501.4258
DOWN,0,1.0,0.037254903,301481076,247.85156,1008.9746
MOVE,0,1.0,0.04117647,301481090,248.53809,1009.9658
MOVE,0,1.0,0.050980397,301481096,249.56543,1012.1172
MOVE,0,1.0,0.050980397,301481104,252.33398,1018.11523
MOVE,0,1.0,0.04117647,301481113,257.52246,1030.0156
MOVE,0,1.0,0.04509804,301481124,274.34473,1071.3252
MOVE,0,1.0,0.04117647,301481133,305.83008,1155.0137
MOVE,0,1.0,0.04117647,301481142,339.2744,1253.0752
MOVE,0,1.0,0.04117647,301481150,370.9336,1360.9512
MOVE,0,1.0,0.050980397,301481158,393.69922,1458.7451
MOVE,0,1.0,0.04117647,301481167,405.41113,1542.2959
MOVE,0,1.0,0.04117647,301481175,409.44336,1606.4746
MOVE,0,1.0,0.050980397,301481183,406.87207,1651.7949
MOVE,0,1.0,0.04117647,301481192,400.8418,1683.3525
MOVE,0,1.0,0.03137255,301481200,394.5166,1704.0273
MOVE,0,1.0,0.03529412,301481208,389.6416,1718.501
MOVE,0,1.0,0.04117647,301481215,385.72266,1729.0459
MOVE,0,1.0,0.037254903,301481222,382.54688,1736.6885
MOVE,0,1.0,0.037254903,301481229,380.20996,1742.8105
MOVE,0,1.0,0.037254903,301481238,377.97363,1747.6514
MOVE,0,1.0,0.037254903,301481246,376.12793,1750.5078
MOVE,0,1.0,0.037254903,301481254,375.73242,1751.9365
MOVE,0,1.0,0.037254903,301481262,376.7871,1751.9365
MOVE,0,1.0,0.037254903,301481271,378.6328,1750.794
MOVE,0,1.0,0.037254903,301481279,380.34668,1748.5088
MOVE,0,1.0,0.037254903,301481288,381.9287,1744.7949
MOVE,0,1.0,0.04117647,301481296,383.90625,1739.082
MOVE,0,1.0,0.04509804,301481304,386.90234,1730.2461
MOVE,0,1.0,0.050980397,301481314,390.46582,1714.3721
MOVE,0,1.0,0.04117647,301481325,393.0459,1688.167
MOVE,0,1.0,0.04705883,301481333,393.91797,1657.6846
MOVE,0,1.0,0.04509804,301481342,394.18652,1620.625
MOVE,0,1.0,0.04117647,301481350,392.62305,1580.6641
MOVE,0,1.0,0.04117647,301481358,388.69238,1533.3213
MOVE,0,1.0,0.04117647,301481367,381.34375,1479.1172
MOVE,0,1.0,0.04117647,301481375,370.30566,1414.6641
MOVE,0,1.0,0.04509804,301481383,352.4453,1337.666
MOVE,0,1.0,0.04509804,301481392,324.5957,1247.5332
MOVE,0,1.0,0.04117647,301481400,285.16113,1148.7861
MOVE,0,1.0,0.04509804,301481408,235.42969,1049.3877
MOVE,0,1.0,0.050980397,301481417,176.45996,957.33594
MOVE,0,1.0,0.04117647,301481425,116.353516,880.0635
MOVE,0,1.0,0.025490198,301481433,59.10742,813.1201
MOVE,0,1.0,0.003921569,301481441,7.3720703,754.19727
MOVE,0,1.0,0.003921569,301481441,6.8554688,753.6084
UP,0,1.0,0.003921569,301481450,6.8554688,753.6084
DOWN,0,1.0,0.023529414,301481742,860.625,1416.3037
MOVE,0,1.0,0.027450982,301481758,860.8535,1415.3125
MOVE,0,1.0,0.01764706,301481763,861.416,1413.4473
MOVE,0,1.0,0.025490198,301481772,863.15137,1407.0791
MOVE,0,1.0,0.03137255,301481781,867.09766,1393.376
MOVE,0,1.0,0.03137255,301481791,881.87305,1346.0205
MOVE,0,1.0,0.03137255,301481801,911.7539,1257.7598
MOVE,0,1.0,0.03137255,301481809,948.3252,1155.1104
MOVE,0,1.0,0.01764706,301481817,988.6299,1040.9668
MOVE,0,1.0,0.013725491,301481825,1040.457,889.9463
MOVE,0,1.0,0.013725491,301481825,1040.9766,888.4326
UP,0,1.0,0.013725491,301481834,1040.9766,888.4326
DOWN,0,1.0,0.04117647,301482101,178.76953,938.70605
MOVE,0,1.0,0.050980397,301482117,179.45605,940.19336
MOVE,0,1.0,0.050980397,301482122,180.8789,943.27637
MOVE,0,1.0,0.050980397,301482130,184.7334,951.9326
MOVE,0,1.0,0.060784318,301482140,191.91699,971.0781
MOVE,0,1.0,0.05686275,301482151,212.07129,1033.5342
MOVE,0,1.0,0.050980397,301482159,240.70898,1139.3086
MOVE,0,1.0,0.04117647,301482168,269.70996,1268.7568
MOVE,0,1.0,0.04117647,301482176,294.5371,1410.8818
MOVE,0,1.0,0.037254903,301482184,308.09766,1537.8623
MOVE,0,1.0,0.027450982,301482192,312.14844,1671.4756
MOVE,0,1.0,0.027450982,301482192,312.1875,1672.8125
UP,0,1.0,0.027450982,301482201,312.1875,1672.8125
DOWN,0,1.0,0.01764706,301482695,806.3086,1369.458
MOVE,0,1.0,0.025490198,301482709,806.5371,1367.9717
MOVE,0,1.0,0.01764706,301482714,807.3633,1365.1738
MOVE,0,1.0,0.027450982,301482723,810.12695,1356.8027
MOVE,0,1.0,0.027450982,301482733,816.0537,1337.6572
MOVE,0,1.0,0.023529414,301482743,835.13574,1278.0293
MOVE,0,1.0,0.03137255,301482752,867.9424,1182.4639
MOVE,0,1.0,0.023529414,301482760,908.7324,1071.2168
MOVE,0,1.0,0.023529414,301482768,953.25586,952.4629
MOVE,0,1.0,0.0058823535,301482776,1009.041,795.7412
MOVE,0,1.0,0.0058823535,301482777,1009.5996,794.1699
UP,0,1.0,0.0058823535,301482785,1009.5996,794.1699
DOWN,0,1.0,0.025490198,301483069,775.459,1375.7422
MOVE,0,1.0,0.03137255,301483084,775.916,1374.751
MOVE,0,1.0,0.037254903,301483090,776.11816,1373.457
MOVE,0,1.0,0.03137255,301483098,776.9092,1369.1729
MOVE,0,1.0,0.037254903,301483107,778.8965,1358.999
MOVE,0,1.0,0.04117647,301483117,785.2207,1320.0605
MOVE,0,1.0,0.050980397,301483127,801.67285,1229.1836
MOVE,0,1.0,0.04117647,301483136,826.625,1123.1523
MOVE,0,1.0,0.03529412,301483144,866.291,1001.6221
MOVE,0,1.0,0.025490198,301483152,914.98145,885.59375
MOVE,0,1.0,0.0058823535,301483160,983.86035,743.04004
MOVE,0,1.0,0.0058823535,301483160,984.5508,741.6113
UP,0,1.0,0.0058823535,301483168,984.5508,741.6113
DOWN,0,1.0,0.04509804,301483804,923.6426,845.01465
MOVE,0,1.0,0.04509804,301483819,922.00684,847.49316
MOVE,0,1.0,0.050980397,301483824,919.81934,851.8701
MOVE,0,1.0,0.04117647,301483833,913.08496,865.1455
MOVE,0,1.0,0.04509804,301483844,899.18066,894.0586
MOVE,0,1.0,0.04117647,301483853,869.09375,959.76953
MOVE,0,1.0,0.050980397,301483861,824.9453,1067.875
MOVE,0,1.0,0.050980397,301483870,780.64844,1187.7314
MOVE,0,1.0,0.04117647,301483878,742.6162,1304.3086
MOVE,0,1.0,0.03529412,301483886,716.916,1399.3594
MOVE,0,1.0,0.01764706,301483894,693.42773,1492.4971
MOVE,0,1.0,0.01764706,301483894,693.19336,1493.4277
UP,0,1.0,0.01764706,301483903,693.19336,1493.4277
DOWN,0,1.0,0.05686275,301484170,884.61914,970.12695
MOVE,0,1.0,0.04509804,301484186,883.4404,972.1094
MOVE,0,1.0,0.04509804,301484191,881.71875,976.126
MOVE,0,1.0,0.050980397,301484200,876.17285,989.11523
MOVE,0,1.0,0.05686275,301484211,864.74805,1018.0283
MOVE,0,1.0,0.04117647,301484220,838.4717,1088.8291
MOVE,0,1.0,0.050980397,301484228,800.10156,1204.3389
MOVE,0,1.0,0.04117647,301484237,763.9551,1323.1377
MOVE,0,1.0,0.03137255,301484245,712.6924,1505.876
MOVE,0,1.0,0.03137255,301484245,712.17773,1507.71
UP,0,1.0,0.03137255,301484253,712.17773,1507.71
DOWN,0,1.0,0.050980397,301484521,883.3008,1014.1162
MOVE,0,1.0,0.060784318,301484536,882.1221,1016.09863
MOVE,0,1.0,0.050980397,301484541,880.26855,1020.4004
MOVE,0,1.0,0.060784318,301484550,874.80176,1033.208
MOVE,0,1.0,0.050980397,301484561,863.43164,1061.3994
MOVE,0,1.0,0.04117647,301484570,837.41113,1129.9912
MOVE,0,1.0,0.04509804,301484579,798.5254,1240.3809
MOVE,0,1.0,0.04117647,301484587,761.8506,1355.1699
MOVE,0,1.0,0.037254903,301484595,733.5537,1460.9502
MOVE,0,1.0,0.013725491,301484603,704.81836,1592.0898
MOVE,0,1.0,0.013725491,301484603,704.53125,1593.4033
UP,0,1.0,0.013725491,301484612,704.53125,1593.4033
DOWN,0,1.0,0.025490198,301485114,309.2871,1440.2979
MOVE,0,1.0,0.03137255,301485128,308.83008,1436.7529
MOVE,0,1.0,0.03137255,301485134,308.34375,1430.8906
MOVE,0,1.0,0.025490198,301485144,306.30664,1411.6133
MOVE,0,1.0,0.04117647,301485154,300.63574,1376.0391
MOVE,0,1.0,0.037254903,301485163,281.0088,1301.6514
MOVE,0,1.0,0.015686275,301485171,176.91895,1037.9102
MOVE,0,1.0,0.015686275,301485171,175.86914,1035.2539
UP,0,1.0,0.015686275,301485179,175.86914,1035.2539
DOWN,0,1.0,0.037254903,301485514,359.9121,1492.2852
MOVE,0,1.0,0.037254903,301485537,360.8623,1489.7314
MOVE,0,1.0,0.037254903,301485542,361.23047,1486.2871
MOVE,0,1.0,0.03529412,301485551,361.3418,1475.2441
MOVE,0,1.0,0.04509804,301485562,356.96582,1431.9883
MOVE,0,1.0,0.04117647,301485572,340.03613,1338.9111
MOVE,0,1.0,0.037254903,301485580,309.0713,1227.75
MOVE,0,1.0,0.037254903,301485588,259.1631,1106.168
MOVE,0,1.0,0.03137255,301485597,194.44727,995.7949
MOVE,0,1.0,0.013725491,301485604,111.31152,880.4463
MOVE,0,1.0,0.013725491,301485604,110.478516,879.292
UP,0,1.0,0.013725491,301485613,110.478516,879.292
DOWN,0,1.0,0.04117647,301485839,414.22852,1448.2959
MOVE,0,1.0,0.04509804,301485854,414.0,1445.7422
MOVE,0,1.0,0.04117647,301485859,413.042,1441.4404
MOVE,0,1.0,0.04117647,301485869,409.70703,1427.6875
MOVE,0,1.0,0.050980397,301485880,400.63477,1396.4316
MOVE,0,1.0,0.04509804,301485889,375.7168,1325.0342
MOVE,0,1.0,0.050980397,301485897,327.95996,1211.7764
MOVE,0,1.0,0.04705883,301485905,265.61523,1091.3027
MOVE,0,1.0,0.03529412,301485914,189.0293,975.28613
MOVE,0,1.0,0.027450982,301485922,111.77832,875.7158
MOVE,0,1.0,0.0058823535,301485930,14.9453125,759.34375
MOVE,0,1.0,0.0058823535,301485930,13.974609,758.1787
UP,0,1.0,0.0058823535,301485938,13.974609,758.1787
DOWN,0,1.0,0.04117647,301486147,411.5918,1394.5947
MOVE,0,1.0,0.03529412,301486163,410.90527,1391.0498
MOVE,0,1.0,0.04509804,301486168,409.99512,1385.9414
MOVE,0,1.0,0.04117647,301486178,406.47656,1369.2012
MOVE,0,1.0,0.050980397,301486189,396.64648,1334.8896
MOVE,0,1.0,0.04117647,301486197,369.93652,1261.6504
MOVE,0,1.0,0.04117647,301486205,315.89453,1145.5352
MOVE,0,1.0,0.037254903,301486214,243.82812,1025.5996
MOVE,0,1.0,0.04117647,301486222,159.31348,912.98145
MOVE,0,1.0,0.023529414,301486230,8.37207,715.03516
MOVE,0,1.0,0.003921569,301486230,6.8554688,713.0469
UP,0,1.0,0.003921569,301486239,6.8554688,713.0469
MOVE,0,1.0,0.04509804,301486848,884.49805,1104.3857
MOVE,0,1.0,0.04509804,301486856,861.12305,1205.0586
MOVE,0,1.0,0.05686275,301486865,840.00586,1318.6191
MOVE,0,1.0,0.050980397,301486873,825.95996,1427.2158
MOVE,0,1.0,0.03529412,301486881,820.07715,1517.0967
MOVE,0,1.0,0.025490198,301486890,820.2803,1589.8213
MOVE,0,1.0,0.01764706,301486897,820.80566,1651.0635
MOVE,0,1.0,0.01764706,301486897,820.81055,1651.6748
UP,0,1.0,0.01764706,301486906,820.81055,1651.6748
DOWN,0,1.0,0.050980397,301487132,879.6094,1168.9355
MOVE,0,1.0,0.04117647,301487147,878.69434,1170.4229
MOVE,0,1.0,0.04117647,301487152,877.2363,1174.0771
MOVE,0,1.0,0.04117647,301487161,873.11523,1184.5371
MOVE,0,1.0,0.04117647,301487172,864.7842,1205.6299
MOVE,0,1.0,0.037254903,301487182,846.0332,1256.4404
MOVE,0,1.0,0.037254903,301487190,822.8887,1324.7832
MOVE,0,1.0,0.037254903,301487198,802.8174,1385.9854
MOVE,0,1.0,0.04117647,301487207,787.999,1432.9736
MOVE,0,1.0,0.04117647,301487215,779.2373,1464.5488
MOVE,0,1.0,0.03137255,301487223,774.1904,1484.0928
MOVE,0,1.0,0.03137255,301487231,771.71875,1495.3076
MOVE,0,1.0,0.03529412,301487237,770.4707,1500.7627
MOVE,0,1.0,0.04117647,301487244,769.52637,1504.2822
MOVE,0,1.0,0.04117647,301487253,769.52637,1505.4248
MOVE,0,1.0,0.04509804,301487261,770.58105,1504.5684
MOVE,0,1.0,0.04509804,301487269,772.42676,1502.8545
MOVE,0,1.0,0.04509804,301487278,775.459,1500.8545
MOVE,0,1.0,0.04509804,301487286,778.62305,1499.1406
MOVE,0,1.0,0.04509804,301487294,780.86426,1498.2842
MOVE,0,1.0,0.04509804,301487303,782.31445,1497.7129
MOVE,0,1.0,0.04509804,301487311,783.501,1497.4268
MOVE,0,1.0,0.04509804,301487319,784.6875,1497.7129
MOVE,0,1.0,0.04509804,301487328,785.61035,1499.1406
MOVE,0,1.0,0.04117647,301487336,786.00586,1501.7119
MOVE,0,1.0,0.04117647,301487344,785.4785,1505.7109
MOVE,0,1.0,0.04509804,301487353,783.72266,1513.3076
MOVE,0,1.0,0.04117647,301487362,779.7832,1528.5898
MOVE,0,1.0,0.04117647,301487373,772.33594,1553.0215
MOVE,0,1.0,0.04117647,301487382,766.02734,1570.9521
MOVE,0,1.0,0.04117647,301487389,762.4004,1580.9121
MOVE,0,1.0,0.04117647,301487395,759.9453,1586.456
MOVE,0,1.0,0.04117647,301487403,757.5293,1591.4043
MOVE,0,1.0,0.04117647,301487411,755.8154,1594.5459
MOVE,0,1.0,0.04117647,301487420,754.8926,1595.9746
MOVE,0,1.0,0.04117647,301487428,754.6289,1595.9746
MOVE,0,1.0,0.04117647,301487436,754.76074,1595.6885
MOVE,0,1.0,0.04117647,301487444,755.0244,1595.6885
MOVE,0,1.0,0.04117647,301487453,755.15625,1595.4033
MOVE,0,1.0,0.04117647,301487461,755.4199,1595.1172
MOVE,0,1.0,0.04117647,301487469,755.6836,1595.1172
MOVE,0,1.0,0.04117647,301487478,755.6836,1595.1172
MOVE,0,1.0,0.04509804,301487486,755.94727,1595.1172
MOVE,0,1.0,0.04117647,301487490,755.94727,1595.1172
MOVE,0,1.0,0.04705883,301487507,755.94727,1595.1172
MOVE,0,1.0,0.04117647,301487531,755.71875,1599.8809
MOVE,0,1.0,0.04117647,301487536,755.15625,1602.8301
MOVE,0,1.0,0.04117647,301487545,754.10156,1607.6855
MOVE,0,1.0,0.04117647,301487553,753.0469,1611.9707
MOVE,0,1.0,0.04117647,301487561,751.86035,1614.541
MOVE,0,1.0,0.04117647,301487570,750.542,1611.9707
MOVE,0,1.0,0.05686275,301487579,748.89844,1597.8037
MOVE,0,1.0,0.04509804,301487590,747.5176,1558.3145
MOVE,0,1.0,0.05686275,301487599,749.8594,1511.6064
MOVE,0,1.0,0.04705883,301487607,757.71387,1454.5801
MOVE,0,1.0,0.04509804,301487616,768.4951,1403.1074
MOVE,0,1.0,0.04509804,301487624,783.74316,1350.5596
MOVE,0,1.0,0.050980397,301487632,802.4297,1296.3047
MOVE,0,1.0,0.05686275,301487640,824.02246,1242.5977
MOVE,0,1.0,0.04117647,301487649,847.73145,1191.1592
MOVE,0,1.0,0.050980397,301487657,872.2451,1144.2676
MOVE,0,1.0,0.05686275,301487665,896.24414,1101.3809
MOVE,0,1.0,0.04117647,301487674,918.41113,1063.0586
MOVE,0,1.0,0.05686275,301487682,938.99316,1029.3066
MOVE,0,1.0,0.054901965,301487691,957.99414,998.99414
MOVE,0,1.0,0.050980397,301487699,973.0625,972.1094
MOVE,0,1.0,0.04117647,301487707,983.91504,949.7832
MOVE,0,1.0,0.04117647,301487716,991.8545,930.33105
MOVE,0,1.0,0.04509804,301487724,997.3916,913.80664
MOVE,0,1.0,0.04509804,301487731,1000.7832,903.31836
MOVE,0,1.0,0.04117647,301487738,1002.9863,896.7549
MOVE,0,1.0,0.037254903,301487745,1004.7246,890.13086
MOVE,0,1.0,0.037254903,301487753,1005.77637,883.8623
MOVE,0,1.0,0.037254903,301487761,1006.43555,879.00684
MOVE,0,1.0,0.04117647,301487770,1006.6992,875.5791
MOVE,0,1.0,0.04117647,301487778,1006.6992,873.0078
MOVE,0,1.0,0.04117647,301487787,1006.43555,871.0088
MOVE,0,1.0,0.04117647,301487795,1006.04004,869.2949
MOVE,0,1.0,0.04117647,301487803,1005.77637,867.58105
MOVE,0,1.0,0.04117647,301487812,1004.98535,865.58105
MOVE,0,1.0,0.04117647,301487820,1004.19434,864.4385
MOVE,0,1.0,0.04117647,301487828,1003.53516,864.7246
MOVE,0,1.0,0.04509804,301487837,1001.68945,866.72363
MOVE,0,1.0,0.054901965,301487845,997.04297,873.8457
MOVE,0,1.0,0.050980397,301487855,985.5488,893.9238
MOVE,0,1.0,0.060784318,301487866,962.3369,937.7578
MOVE,0,1.0,0.050980397,301487874,935.25195,992.4297
MOVE,0,1.0,0.05686275,301487882,904.9619,1061.4131
MOVE,0,1.0,0.05686275,301487891,874.1172,1141.8506
MOVE,0,1.0,0.04117647,301487899,846.9219,1226.9268
MOVE,0,1.0,0.050980397,301487908,824.72363,1309.2217
MOVE,0,1.0,0.050980397,301487916,809.62305,1379.6104
MOVE,0,1.0,0.04117647,301487924,801.38086,1435.1738
MOVE,0,1.0,0.037254903,301487932,797.64453,1474.752
MOVE,0,1.0,0.04117647,301487941,796.5635,1505.6875
MOVE,0,1.0,0.037254903,301487949,796.55273,1530.3164
MOVE,0,1.0,0.03137255,301487957,796.0332,1546.8916
MOVE,0,1.0,0.037254903,301487965,795.54785,1557.9932
MOVE,0,1.0,0.037254903,301487971,795.8428,1563.2314
MOVE,0,1.0,0.04117647,301487978,796.1572,1566.5527
MOVE,0,1.0,0.04117647,301487987,796.4209,1567.9814
MOVE,0,1.0,0.04117647,301487995,796.6846,1567.9814
MOVE,0,1.0,0.037254903,301488003,797.2119,1566.5527
MOVE,0,1.0,0.037254903,301488012,798.79395,1564.2676
MOVE,0,1.0,0.03137255,301488020,801.8262,1561.4111
MOVE,0,1.0,0.03137255,301488028,806.3086,1557.4121
MOVE,0,1.0,0.03137255,301488037,811.58203,1553.6992
MOVE,0,1.0,0.03137255,301488045,816.45996,1551.9854
MOVE,0,1.0,0.03137255,301488053,820.2832,1552.5566
MOVE,0,1.0,0.03137255,301488062,823.05176,1554.8418
MOVE,0,1.0,0.03137255,301488070,825.55664,1558.2695
MOVE,0,1.0,0.037254903,301488079,828.19336,1562.8398
MOVE,0,1.0,0.03529412,301488087,830.69824,1568.5527
MOVE,0,1.0,0.03529412,301488095,833.0713,1575.1221
MOVE,0,1.0,0.03529412,301488104,835.5762,1582.2637
MOVE,0,1.0,0.03137255,301488112,838.2129,1589.1191
MOVE,0,1.0,0.03137255,301488120,841.1133,1595.6885
MOVE,0,1.0,0.03137255,301488129,844.27734,1602.544
MOVE,0,1.0,0.03137255,301488137,847.76953,1610.998
MOVE,0,1.0,0.037254903,301488146,851.00977,1620.4258
MOVE,0,1.0,0.037254903,301488154,853.38184,1628.5645
MOVE,0,1.0,0.03137255,301488162,855.6748,1638.2549
MOVE,0,1.0,0.03137255,301488171,857.44336,1648.4707
MOVE,0,1.0,0.03137255,301488179,858.2842,1658.3447
MOVE,0,1.0,0.037254903,301488188,858.1836,1669.5674
MOVE,0,1.0,0.03137255,301488196,857.5039,1680.0283
MOVE,0,1.0,0.03137255,301488205,856.85645,1691.6152
MOVE,0,1.0,0.03137255,301488213,856.13965,1703.3291
MOVE,0,1.0,0.03529412,301488222,854.6719,1713.8154
MOVE,0,1.0,0.03137255,301488230,851.8047,1723.581
MOVE,0,1.0,0.013725491,301488233,850.3418,1727.6562
UP,0,1.0,0.013725491,301488241,850.3418,1727.6562
DOWN,0,1.0,0.03137255,301488383,816.3281,1347.749
MOVE,0,1.0,0.03529412,301488399,816.3281,1347.749
MOVE,0,1.0,0.03529412,301488404,816.3281,1347.749
MOVE,0,1.0,0.04117647,301488412,816.45996,1345.75
MOVE,0,1.0,0.04117647,301488421,816.72363,1343.75
MOVE,0,1.0,0.04117647,301488429,817.11914,1342.0361
MOVE,0,1.0,0.04117647,301488437,817.51465,1340.6084
MOVE,0,1.0,0.04117647,301488446,817.91016,1339.1797
MOVE,0,1.0,0.04117647,301488454,818.4375,1338.0371
MOVE,0,1.0,0.04117647,301488462,818.96484,1336.8945
MOVE,0,1.0,0.04117647,301488471,819.624,1336.0381
MOVE,0,1.0,0.04117647,301488479,820.2832,1335.1807
MOVE,0,1.0,0.04705883,301488487,821.3379,1333.4668
MOVE,0,1.0,0.04509804,301488496,824.3701,1328.3252
MOVE,0,1.0,0.04117647,301488505,831.501,1314.085
MOVE,0,1.0,0.04117647,301488517,847.66016,1279.8506
MOVE,0,1.0,0.04705883,301488525,864.6748,1240.7354
MOVE,0,1.0,0.050980397,301488533,884.94336,1196.2314
MOVE,0,1.0,0.04117647,301488542,905.50684,1150.54
MOVE,0,1.0,0.03529412,301488550,925.0293,1103.1406
MOVE,0,1.0,0.04509804,301488558,943.7578,1055.1572
MOVE,0,1.0,0.04509804,301488567,959.86816,1012.25977
MOVE,0,1.0,0.050980397,301488575,972.0371,970.54395
MOVE,0,1.0,0.04117647,301488584,981.8164,931.10254
MOVE,0,1.0,0.04117647,301488592,989.4844,896.208
MOVE,0,1.0,0.04117647,301488600,994.78125,865.8838
MOVE,0,1.0,0.04117647,301488608,997.9668,840.6953
MOVE,0,1.0,0.04117647,301488617,1000.34766,820.6494
MOVE,0,1.0,0.04117647,301488625,1002.1289,806.8506
MOVE,0,1.0,0.04117647,301488632,1002.8535,796.50977
MOVE,0,1.0,0.04509804,301488639,1003.0078,787.6553
MOVE,0,1.0,0.04509804,301488646,1002.7168,780.0381
MOVE,0,1.0,0.04509804,301488654,1002.48047,773.6035
MOVE,0,1.0,0.04509804,301488663,1002.48047,768.74805
MOVE,0,1.0,0.04509804,301488671,1002.74414,765.3203
MOVE,0,1.0,0.04509804,301488679,1003.0078,763.03516
MOVE,0,1.0,0.04509804,301488688,1003.13965,761.3213
MOVE,0,1.0,0.04509804,301488692,1003.2715,760.46387
MOVE,0,1.0,0.04509804,301488741,1003.9922,759.96875
MOVE,0,1.0,0.04509804,301488746,1004.3262,759.6074
MOVE,0,1.0,0.04509804,301488754,1004.98535,759.03613
MOVE,0,1.0,0.04509804,301488763,1005.5127,758.1787
MOVE,0,1.0,0.04509804,301488771,1006.1719,757.03613
MOVE,0,1.0,0.04117647,301488779,1007.0947,755.89355
MOVE,0,1.0,0.037254903,301488788,1008.1494,754.751
MOVE,0,1.0,0.03137255,301488796,1009.73145,753.32324
MOVE,0,1.0,0.025490198,301488804,1011.4453,751.89453
MOVE,0,1.0,0.025490198,301488808,1012.2363,751.32324
UP,0,1.0,0.025490198,301488817,1012.2363,751.32324
DOWN,0,1.0,0.027450982,301489059,136.8457,892.43164
MOVE,0,1.0,0.025490198,301489075,137.76074,892.92773
MOVE,0,1.0,0.037254903,301489080,138.6914,894.1455
MOVE,0,1.0,0.037254903,301489088,140.66895,896.1455
MOVE,0,1.0,0.037254903,301489096,142.91016,898.14453
MOVE,0,1.0,0.04117647,301489105,144.22852,899.8584
MOVE,0,1.0,0.037254903,301489113,143.96484,900.7158
MOVE,0,1.0,0.03529412,301489121,141.19629,900.4297
MOVE,0,1.0,0.037254903,301489130,134.5918,898.7129
MOVE,0,1.0,0.037254903,301489138,124.99219,895.77344
MOVE,0,1.0,0.037254903,301489147,113.612305,892.0957
MOVE,0,1.0,0.03137255,301489156,101.59961,887.73926
MOVE,0,1.0,0.023529414,301489159,97.55859,886.14746
UP,0,1.0,0.023529414,301489167,97.55859,886.14746
MOVE,0,1.0,0.03137255,301492162,880.58203,1280.3486
MOVE,0,1.0,0.037254903,301492171,890.0615,1214.7246
MOVE,0,1.0,0.037254903,301492179,901.38086,1144.502
MOVE,0,1.0,0.03137255,301492187,913.2412,1078.7578
MOVE,0,1.0,0.04117647,301492196,924.8447,1018.1494
MOVE,0,1.0,0.03137255,301492204,935.9248,963.81445
MOVE,0,1.0,0.01764706,301492212,944.3887,915.7627
MOVE,0,1.0,0.0058823535,301492220,948.6494,877.38965
MOVE,0,1.0,0.0058823535,301492220,948.6914,877.00684
UP,0,1.0,0.0058823535,301492229,948.6914,877.00684
DOWN,0,1.0,0.04117647,301492338,777.3047,1134.0869
MOVE,0,1.0,0.03137255,301492353,777.0762,1135.5742
MOVE,0,1.0,0.037254903,301492358,776.77734,1138.3721
MOVE,0,1.0,0.04117647,301492367,776.25,1145.2334
MOVE,0,1.0,0.04117647,301492375,775.4199,1155.3369
MOVE,0,1.0,0.037254903,301492385,773.20996,1180.6738
MOVE,0,1.0,0.04117647,301492396,767.59863,1230.2119
MOVE,0,1.0,0.037254903,301492404,760.7617,1275.8809
MOVE,0,1.0,0.03529412,301492412,751.5576,1321.0186
MOVE,0,1.0,0.04509804,301492421,743.1113,1360.4941
MOVE,0,1.0,0.037254903,301492429,734.6738,1394.2578
MOVE,0,1.0,0.037254903,301492438,727.01953,1423.4395
MOVE,0,1.0,0.03529412,301492446,719.37305,1447.4844
MOVE,0,1.0,0.03137255,301492454,712.249,1465.2578
MOVE,0,1.0,0.037254903,301492462,706.12305,1476.4551
MOVE,0,1.0,0.023529414,301492463,705.58594,1477.4316
UP,0,1.0,0.023529414,301492471,705.58594,1477.4316
DOWN,0,1.0,0.023529414,301492588,660.49805,1533.9893
MOVE,0,1.0,0.037254903,301492603,660.9551,1533.4941
MOVE,0,1.0,0.03529412,301492609,661.4209,1531.9902
MOVE,0,1.0,0.03137255,301492617,662.4756,1527.7051
MOVE,0,1.0,0.05686275,301492625,664.209,1520.1943
MOVE,0,1.0,0.037254903,301492635,669.18555,1497.8838
MOVE,0,1.0,0.04509804,301492646,682.01074,1441.3438
MOVE,0,1.0,0.04117647,301492655,694.24805,1392.8809
DOWN,1,1.0,0.027450982,301492655,313.76953,1352.3193
MOVE,0,1.0,0.05686275,301492672,721.0029,1292.2773
MOVE,1,1.0,0.025490198,301492672,313.5088,1354.582
MOVE,0,1.0,0.04509804,301492680,734.97754,1243.123
MOVE,1,1.0,0.03137255,301492680,313.24512,1359.6943
MOVE,0,1.0,0.05686275,301492689,747.125,1199.083
MOVE,1,1.0,0.027450982,301492689,312.19824,1367.0986
MOVE,0,1.0,0.04509804,301492697,757.42676,1161.3145
MOVE,1,1.0,0.025490198,301492697,311.14355,1375.6562
MOVE,0,1.0,0.04117647,301492705,766.14355,1129.831
MOVE,1,1.0,0.025490198,301492705,308.52246,1394.4062
MOVE,0,1.0,0.050980397,301492713,772.75684,1105.7627
MOVE,1,1.0,0.03137255,301492713,304.8418,1421.1768
MOVE,0,1.0,0.04117647,301492722,779.0869,1085.1621
MOVE,1,1.0,0.027450982,301492722,302.19434,1447.4619
MOVE,0,1.0,0.04117647,301492730,784.63184,1067.9893
MOVE,1,1.0,0.03137255,301492730,300.86328,1471.4785
MOVE,0,1.0,0.050980397,301492738,789.41504,1054.8779
MOVE,1,1.0,0.025490198,301492738,300.6006,1491.1279
MOVE,0,1.0,0.060784318,301492745,793.6045,1044.751
MOVE,1,1.0,0.025490198,301492745,300.792,1505.2051
MOVE,0,1.0,0.050980397,301492753,797.75195,1035.125
MOVE,1,1.0,0.03137255,301492753,301.02832,1517.7773
MOVE,0,1.0,0.05686275,301492760,801.4746,1027.2051
MOVE,1,1.0,0.03137255,301492760,301.41797,1527.6035
MOVE,0,1.0,0.05686275,301492768,804.8584,1020.4004
MOVE,1,1.0,0.03137255,301492768,301.77246,1535.7031
MOVE,0,1.0,0.054901965,301492776,807.7588,1014.40234
MOVE,1,1.0,0.03137255,301492776,302.03613,1543.1299
MOVE,0,1.0,0.054901965,301492784,809.7363,1009.83203
MOVE,1,1.0,0.03137255,301492784,302.56348,1549.1289
MOVE,0,1.0,0.050980397,301492793,810.92285,1006.4043
MOVE,1,1.0,0.027450982,301492793,303.48633,1554.2705
MOVE,0,1.0,0.050980397,301492801,811.0547,1004.6904
MOVE,1,1.0,0.03137255,301492801,304.27734,1558.5547
MOVE,0,1.0,0.050980397,301492809,810.52734,1004.4043
MOVE,1,1.0,0.03137255,301492809,305.06836,1562.2686
MOVE,0,1.0,0.050980397,301492818,809.6045,1005.2617
MOVE,1,1.0,0.03137255,301492818,305.72754,1565.6963
MOVE,0,1.0,0.04509804,301492826,807.7588,1007.26074
MOVE,1,1.0,0.03137255,301492826,305.9912,1568.2666
MOVE,0,1.0,0.050980397,301492835,804.5947,1011.25977
MOVE,1,1.0,0.03137255,301492835,306.38672,1569.6953
MOVE,0,1.0,0.050980397,301492843,799.4531,1018.11523
MOVE,1,1.0,0.03137255,301492843,306.6504,1570.5518
MOVE,0,1.0,0.04117647,301492851,792.6045,1027.1406
MOVE,1,1.0,0.03137255,301492851,306.6504,1571.123
MOVE,0,1.0,0.04117647,301492860,784.7461,1037.7764
MOVE,1,1.0,0.03137255,301492860,306.6504,1571.123
MOVE,0,1.0,0.04117647,301492869,777.54395,1048.3174
MOVE,1,1.0,0.03137255,301492869,306.6504,1571.123
MOVE,0,1.0,0.04117647,301492877,771.52637,1057.7578
MOVE,1,1.0,0.03137255,301492877,306.12305,1570.2168
MOVE,0,1.0,0.037254903,301492885,766.9053,1065.1494
MOVE,1,1.0,0.03137255,301492885,306.12305,1569.6787
MOVE,0,1.0,0.04117647,301492893,763.4619,1071.5312
MOVE,1,1.0,0.03137255,301492893,306.12305,1568.8379
MOVE,0,1.0,0.037254903,301492901,760.95703,1077.2441
MOVE,1,1.0,0.03137255,301492901,305.9912,1567.9814
MOVE,0,1.0,0.037254903,301492910,758.84766,1082.3857
MOVE,1,1.0,0.03137255,301492910,305.9912,1567.124
MOVE,0,1.0,0.037254903,301492918,757.00195,1087.5273
MOVE,1,1.0,0.03137255,301492918,306.12305,1566.2676
MOVE,0,1.0,0.037254903,301492926,755.2881,1093.2402
MOVE,1,1.0,0.03137255,301492926,306.12305,1565.9814
MOVE,0,1.0,0.04705883,301492934,752.7832,1099.5244
MOVE,1,1.0,0.03137255,301492934,306.12305,1565.9814
MOVE,0,1.0,0.04117647,301492943,749.751,1106.0938
MOVE,1,1.0,0.03137255,301492943,306.12305,1565.9814
MOVE,0,1.0,0.03529412,301492951,746.5869,1112.6641
MOVE,1,1.0,0.03137255,301492951,306.12305,1565.9814
MOVE,0,1.0,0.03529412,301492959,743.42285,1118.9482
MOVE,1,1.0,0.03137255,301492959,306.12305,1565.9814
MOVE,0,1.0,0.04509804,301492968,740.12695,1125.8037
MOVE,1,1.0,0.03137255,301492968,306.12305,1565.4102
MOVE,0,1.0,0.04117647,301492976,736.4326,1133.8076
MOVE,1,1.0,0.03137255,301492976,306.12305,1565.4102
MOVE,0,1.0,0.04117647,301492985,732.5342,1143.1348
MOVE,1,1.0,0.027450982,301492985,306.12305,1564.542
MOVE,0,1.0,0.04117647,301492994,727.76953,1155.041
MOVE,1,1.0,0.027450982,301492994,306.12305,1563.9229
MOVE,0,1.0,0.04509804,301493003,722.2344,1169.7969
MOVE,1,1.0,0.03137255,301493003,306.5078,1563.2793
MOVE,0,1.0,0.04117647,301493012,717.01855,1185.123
MOVE,1,1.0,0.037254903,301493012,306.6504,1562.1953
MOVE,0,1.0,0.04117647,301493021,712.63086,1199.1699
MOVE,1,1.0,0.037254903,301493021,306.6504,1561.5078
MOVE,0,1.0,0.04509804,301493029,708.9424,1212.5361
MOVE,1,1.0,0.037254903,301493029,306.6504,1560.4912
MOVE,0,1.0,0.04117647,301493037,705.4922,1225.6768
MOVE,1,1.0,0.037254903,301493037,306.6504,1559.8135
MOVE,0,1.0,0.04117647,301493045,702.1221,1239.042
MOVE,1,1.0,0.037254903,301493045,306.85645,1557.915
MOVE,0,1.0,0.037254903,301493054,698.87305,1251.9668
MOVE,1,1.0,0.03137255,301493054,306.91406,1554.71
MOVE,0,1.0,0.04117647,301493062,696.1113,1262.8682
MOVE,1,1.0,0.03137255,301493062,306.91406,1549.8643
MOVE,0,1.0,0.04117647,301493069,693.92285,1272.7803
MOVE,1,1.0,0.025490198,301493069,306.2246,1542.293
MOVE,0,1.0,0.037254903,301493077,692.12695,1280.959
MOVE,1,1.0,0.03137255,301493077,304.9453,1531.209
MOVE,0,1.0,0.037254903,301493085,690.4248,1287.4785
MOVE,1,1.0,0.027450982,301493085,302.6953,1515.708
MOVE,0,1.0,0.037254903,301493093,689.10645,1293.1914
MOVE,1,1.0,0.025490198,301493093,299.13574,1494.8564
MOVE,0,1.0,0.037254903,301493101,688.3154,1297.7617
MOVE,1,1.0,0.025490198,301493101,295.18066,1473.1475
MOVE,0,1.0,0.03137255,301493110,687.5244,1301.7607
MOVE,1,1.0,0.027450982,301493110,291.2256,1452.2949
MOVE,0,1.0,0.025490198,301493118,686.9971,1305.7598
MOVE,1,1.0,0.027450982,301493118,287.79785,1432.2998
MOVE,0,1.0,0.025490198,301493126,686.7334,1309.7588
MOVE,1,1.0,0.025490198,301493126,285.29297,1413.4473
MOVE,0,1.0,0.01764706,301493130,686.60156,1311.7578
MOVE,1,1.0,0.025490198,301493130,284.23828,1404.3066
UP,0,1.0,0.01764706,301493139,686.60156,1311.7578
MOVE,1,1.0,0.027450982,301493147,282.65918,1361.6826
MOVE,1,1.0,0.03137255,301493155,282.65625,1341.665
MOVE,1,1.0,0.03137255,301493163,282.65625,1323.9316
MOVE,1,1.0,0.025490198,301493172,281.62598,1308.1221
MOVE,1,1.0,0.027450982,301493180,279.34277,1291.4453
MOVE,1,1.0,0.03137255,301493188,277.76172,1278.9697
MOVE,1,1.0,0.037254903,301493194,277.10254,1271.7666
MOVE,1,1.0,0.037254903,301493201,276.57715,1265.5967
MOVE,1,1.0,0.03137255,301493209,276.06445,1260.3418
MOVE,1,1.0,0.03137255,301493218,275.66895,1256.9141
MOVE,1,1.0,0.03137255,301493226,275.66895,1255.2002
MOVE,1,1.0,0.037254903,301493230,275.80078,1254.6289
MOVE,1,1.0,0.037254903,301493262,276.4873,1256.6875
MOVE,1,1.0,0.03137255,301493268,277.11914,1258.9141
MOVE,1,1.0,0.03137255,301493276,278.56934,1264.3408
MOVE,1,1.0,0.03137255,301493285,281.15625,1273.1768
MOVE,1,1.0,0.025490198,301493294,285.14355,1285.5967
MOVE,1,1.0,0.03137255,301493303,290.26562,1300.0508
MOVE,1,1.0,0.03137255,301493312,295.2666,1315.377
MOVE,1,1.0,0.04117647,301493320,299.7119,1327.6992
MOVE,1,1.0,0.037254903,301493328,302.6045,1337.9912
MOVE,1,1.0,0.03137255,301493336,305.01855,1347.7354
MOVE,1,1.0,0.03137255,301493343,306.5996,1356.3125
MOVE,1,1.0,0.025490198,301493351,307.73438,1364.2354
MOVE,1,1.0,0.025490198,301493359,308.4961,1370.6006
MOVE,1,1.0,0.025490198,301493368,308.75977,1375.457
MOVE,1,1.0,0.025490198,301493376,309.02344,1378.8848
MOVE,1,1.0,0.025490198,301493384,308.8916,1381.1699
MOVE,1,1.0,0.025490198,301493393,308.23242,1382.0264
MOVE,1,1.0,0.025490198,301493397,307.96875,1382.0264
MOVE,1,1.0,0.025490198,301493463,307.51172,1382.5977
MOVE,1,1.0,0.025490198,301493468,307.4414,1382.8838
MOVE,1,1.0,0.03137255,301493476,307.4414,1383.4551
MOVE,1,1.0,0.03137255,301493480,307.4414,1383.7402
MOVE,1,1.0,0.03137255,301493504,307.17773,1384.3115
MOVE,1,1.0,0.025490198,301493505,307.17773,1384.3115
MOVE,1,1.0,0.025490198,301493529,306.68555,1384.3115
MOVE,1,1.0,0.025490198,301493535,306.25488,1384.3115
MOVE,1,1.0,0.025490198,301493543,305.06836,1383.4551
MOVE,1,1.0,0.013725491,301493547,304.27734,1382.5977
UP,1,1.0,0.013725491,301493555,304.27734,1382.5977
DOWN,0,1.0,0.01764706,301494090,802.3535,1458.0078
MOVE,0,1.0,0.023529414,301494105,802.58203,1457.5127
MOVE,0,1.0,0.01764706,301494111,803.14453,1457.1514
MOVE,0,1.0,0.025490198,301494119,804.33105,1455.4375
MOVE,0,1.0,0.03137255,301494127,805.9131,1451.1523
MOVE,0,1.0,0.037254903,301494136,809.79004,1437.627
MOVE,0,1.0,0.03137255,301494148,819.4131,1398.3535
MOVE,0,1.0,0.037254903,301494156,829.41113,1357.8662
MOVE,0,1.0,0.04117647,301494164,842.5635,1309.3867
MOVE,0,1.0,0.03529412,301494173,856.791,1256.3027
MOVE,0,1.0,0.04117647,301494181,873.11816,1196.9512
MOVE,0,1.0,0.04117647,301494189,891.03125,1133.5781
MOVE,0,1.0,0.04117647,301494198,910.52734,1069.5996
MOVE,0,1.0,0.037254903,301494206,928.7344,1010.70605
MOVE,0,1.0,0.01764706,301494214,940.40137,963.1748
MOVE,0,1.0,0.01764706,301494222,944.4336,934.4219
MOVE,0,1.0,0.01764706,301494222,944.47266,934.13574
UP,0,1.0,0.01764706,301494231,944.47266,934.13574
DOWN,0,1.0,0.03137255,301494315,867.2168,1044.3945
MOVE,0,1.0,0.04117647,301494330,866.0381,1046.9482
MOVE,0,1.0,0.04117647,301494336,864.5801,1050.1074
MOVE,0,1.0,0.04117647,301494344,861.0078,1058.7637
MOVE,0,1.0,0.037254903,301494354,856.07324,1072.1445
MOVE,0,1.0,0.04117647,301494363,848.64746,1097.8916
MOVE,0,1.0,0.037254903,301494373,839.86914,1136.6064
MOVE,0,1.0,0.037254903,301494381,836.40137,1165.2227
MOVE,0,1.0,0.04117647,301494390,835.584,1189.8281
MOVE,0,1.0,0.037254903,301494398,836.6201,1211.5654
MOVE,0,1.0,0.03529412,301494406,838.458,1232.1426
MOVE,0,1.0,0.037254903,301494415,839.5205,1249.8818
MOVE,0,1.0,0.037254903,301494423,840.3047,1265.6914
MOVE,0,1.0,0.04117647,301494431,840.32227,1277.2256
MOVE,0,1.0,0.04117647,301494438,840.32227,1285.8662
MOVE,0,1.0,0.03137255,301494445,840.32227,1293.5273
MOVE,0,1.0,0.03529412,301494452,840.32227,1300.6182
MOVE,0,1.0,0.03529412,301494461,840.0586,1307.4736
MOVE,0,1.0,0.037254903,301494469,839.7949,1313.4717
MOVE,0,1.0,0.037254903,301494477,840.1904,1319.1846
MOVE,0,1.0,0.037254903,301494486,840.7178,1324.8975
MOVE,0,1.0,0.037254903,301494494,840.8496,1330.6104
MOVE,0,1.0,0.037254903,301494502,840.7178,1336.6094
MOVE,0,1.0,0.04117647,301494511,840.58594,1343.4648
MOVE,0,1.0,0.037254903,301494519,840.4541,1350.6055
MOVE,0,1.0,0.03137255,301494527,840.0586,1357.4609
MOVE,0,1.0,0.03137255,301494536,839.6631,1363.46
MOVE,0,1.0,0.03137255,301494544,839.53125,1367.7441
MOVE,0,1.0,0.03137255,301494552,839.53125,1370.3154
MOVE,0,1.0,0.03137255,301494561,839.3994,1371.458
MOVE,0,1.0,0.03137255,301494569,838.8721,1372.0293
MOVE,0,1.0,0.03137255,301494573,838.47656,1372.3145
MOVE,0,1.0,0.03137255,301494673,838.2129,1372.3145
MOVE,0,1.0,0.03137255,301494690,838.2129,1371.7432
MOVE,0,1.0,0.027450982,301494714,837.9492,1370.1807
MOVE,0,1.0,0.027450982,301494719,837.8174,1368.8867
MOVE,0,1.0,0.013725491,301494723,837.68555,1367.7441
UP,0,1.0,0.013725491,301494732,837.68555,1367.7441
DOWN,0,1.0,0.03137255,301494899,89.64844,782.74414
MOVE,0,1.0,0.037254903,301494931,90.33496,782.249
MOVE,0,1.0,0.037254903,301494932,90.43945,782.17285
MOVE,0,1.0,0.03137255,301494956,90.43945,782.17285
MOVE,0,1.0,0.03137255,301494961,90.43945,782.17285
MOVE,0,1.0,0.013725491,301494965,90.17578,781.60156
UP,0,1.0,0.013725491,301494973,90.17578,781.60156
MOVE,0,1.0,0.03137255,301495691,868.4961,1368.081
MOVE,0,1.0,0.01764706,301495699,872.97266,1334.9404
MOVE,0,1.0,0.025490198,301495708,876.9336,1305.7646
MOVE,0,1.0,0.025490198,301495716,880.10547,1278.8916
MOVE,0,1.0,0.023529414,301495725,882.2246,1256.5654
MOVE,0,1.0,0.03137255,301495733,885.63965,1230.8916
MOVE,0,1.0,0.03137255,301495741,889.58984,1206.3154
MOVE,0,1.0,0.037254903,301495750,893.2832,1185.1436
MOVE,0,1.0,0.037254903,301495758,896.4531,1164.5713
MOVE,0,1.0,0.037254903,301495766,901.44434,1146.2666
MOVE,0,1.0,0.037254903,301495774,905.97363,1133.1445
MOVE,0,1.0,0.037254903,301495781,908.85547,1124.0908
MOVE,0,1.0,0.03137255,301495788,911.44336,1115.9238
MOVE,0,1.0,0.03137255,301495796,914.37695,1108.46
MOVE,0,1.0,0.03137255,301495804,917.1826,1101.8096
MOVE,0,1.0,0.03137255,301495812,919.4238,1096.3818
MOVE,0,1.0,0.037254903,301495821,921.1377,1092.0977
MOVE,0,1.0,0.037254903,301495829,922.5879,1088.6699
MOVE,0,1.0,0.04117647,301495837,923.6426,1086.3848
MOVE,0,1.0,0.04117647,301495846,923.7744,1085.2422
MOVE,0,1.0,0.04117647,301495854,923.6426,1084.6709
MOVE,0,1.0,0.04117647,301495862,923.7744,1084.0996
MOVE,0,1.0,0.037254903,301495871,924.0381,1083.8135
MOVE,0,1.0,0.04117647,301495879,924.4336,1083.5283
MOVE,0,1.0,0.04117647,301495887,924.69727,1083.2422
MOVE,0,1.0,0.037254903,301495892,924.69727,1083.2422
MOVE,0,1.0,0.03137255,301495917,924.69727,1082.6709
MOVE,0,1.0,0.015686275,301495940,923.9414,1083.167
MOVE,0,1.0,0.003921569,301495941,923.90625,1083.2422
UP,0,1.0,0.003921569,301495949,923.90625,1083.2422
DOWN,0,1.0,0.037254903,301496050,76.46484,790.1709
MOVE,0,1.0,0.037254903,301496082,78.46973,786.3994
MOVE,0,1.0,0.03137255,301496088,78.046875,785.3154
MOVE,0,1.0,0.01764706,301496096,76.99219,784.17285
MOVE,0,1.0,0.01764706,301496100,76.46484,783.8867
UP,0,1.0,0.01764706,301496108,76.46484,783.8867
MOVE,0,1.0,0.04117647,301497201,842.58496,1336.8145
MOVE,0,1.0,0.037254903,301497209,857.05273,1280.331
MOVE,0,1.0,0.04117647,301497218,875.4697,1217.5527
MOVE,0,1.0,0.037254903,301497226,893.4043,1154.7109
MOVE,0,1.0,0.04117647,301497234,909.50684,1094.1309
MOVE,0,1.0,0.03137255,301497243,920.3701,1040.9268
MOVE,0,1.0,0.04117647,301497252,926.2217,996.8467
MOVE,0,1.0,0.03529412,301497260,928.3672,959.0781
MOVE,0,1.0,0.04117647,301497268,931.25977,924.7666
MOVE,0,1.0,0.037254903,301497276,937.5537,892.75195
MOVE,0,1.0,0.03529412,301497285,947.2754,861.3252
MOVE,0,1.0,0.025490198,301497293,957.81445,833.29785
MOVE,0,1.0,0.023529414,301497302,965.5664,815.3076
DOWN,1,1.0,0.023529414,301497302,171.91406,1160.9375
MOVE,0,1.0,0.01764706,301497318,983.4043,777.23145
MOVE,1,1.0,0.027450982,301497318,171.65332,1158.6748
MOVE,0,1.0,0.013725491,301497327,994.7207,752.7119
MOVE,1,1.0,0.025490198,301497327,170.60645,1152.4307
MOVE,0,1.0,0.013725491,301497327,994.834,752.4658
MOVE,1,1.0,0.027450982,301497327,170.5957,1152.3682
UP,0,1.0,0.013725491,301497335,994.834,752.4658
MOVE,1,1.0,0.027450982,301497343,164.56836,1123.9805
MOVE,1,1.0,0.01764706,301497351,155.39551,1080.2549
MOVE,1,1.0,0.027450982,301497360,140.94629,1010.81445
MOVE,1,1.0,0.03137255,301497368,125.399414,939.98535
MOVE,1,1.0,0.037254903,301497377,105.40527,874.2363
MOVE,1,1.0,0.037254903,301497385,83.01758,816.45605
MOVE,1,1.0,0.023529414,301497393,58.777344,768.3701
MOVE,1,1.0,0.023529414,301497401,31.126953,727.16895
MOVE,1,1.0,0.0058823535,301497410,7.095703,671.33105
MOVE,1,1.0,0.003921569,301497410,6.8554688,670.7715
UP,1,1.0,0.003921569,301497418,6.8554688,670.7715
DOWN,0,1.0,0.04509804,301497519,22.148438,675.3418
MOVE,0,1.0,0.050980397,301497535,58.55371,717.2119
MOVE,0,1.0,0.037254903,301497542,77.53125,742.1211
MOVE,0,1.0,0.037254903,301497552,116.4668,796.5469
MOVE,0,1.0,0.04509804,301497560,151.26367,851.8877
MOVE,0,1.0,0.050980397,301497568,180.84766,906.1709
MOVE,0,1.0,0.04117647,301497577,203.5918,957.0498
MOVE,0,1.0,0.037254903,301497585,220.26367,1001.6738
MOVE,0,1.0,0.03137255,301497593,231.13184,1040.5781
MOVE,0,1.0,0.04117647,301497602,238.54883,1073.2051
MOVE,0,1.0,0.037254903,301497610,244.36621,1103.5059
MOVE,0,1.0,0.03137255,301497618,250.16699,1130.956
MOVE,0,1.0,0.037254903,301497627,257.27246,1156.6816
MOVE,0,1.0,0.023529414,301497635,264.3916,1182.3896
MOVE,0,1.0,0.03529412,301497643,270.72754,1209.2285
MOVE,0,1.0,0.027450982,301497652,276.79492,1236.0791
MOVE,0,1.0,0.027450982,301497660,283.12012,1265.1924
MOVE,0,1.0,0.03137255,301497668,291.01465,1295.459
MOVE,0,1.0,0.025490198,301497677,298.1416,1325.1719
MOVE,0,1.0,0.03137255,301497685,302.91113,1353.748
MOVE,0,1.0,0.025490198,301497694,306.0918,1381.7461
MOVE,0,1.0,0.03137255,301497702,308.21094,1407.4775
MOVE,0,1.0,0.03137255,301497710,309.27637,1431.4883
MOVE,0,1.0,0.025490198,301497719,310.59277,1453.7861
MOVE,0,1.0,0.037254903,301497727,311.91113,1470.9766
MOVE,0,1.0,0.03137255,301497735,312.43066,1485.415
MOVE,0,1.0,0.03137255,301497743,312.45117,1500.2188
MOVE,0,1.0,0.025490198,301497751,312.20605,1516.3535
MOVE,0,1.0,0.03137255,301497759,311.9619,1527.6826
MOVE,0,1.0,0.037254903,301497766,311.37988,1536.8828
MOVE,0,1.0,0.037254903,301497774,310.96484,1547.1904
MOVE,0,1.0,0.03137255,301497782,310.5332,1558.0449
MOVE,0,1.0,0.03137255,301497790,309.8379,1568.8994
MOVE,0,1.0,0.03529412,301497798,309.07324,1578.0107
MOVE,0,1.0,0.03137255,301497806,308.49512,1585.4238
MOVE,0,1.0,0.037254903,301497814,307.8369,1593.1182
MOVE,0,1.0,0.037254903,301497823,307.0459,1600.5449
MOVE,0,1.0,0.04117647,301497831,305.9912,1607.6855
MOVE,0,1.0,0.04117647,301497839,304.8047,1614.2559
MOVE,0,1.0,0.04117647,301497848,303.3545,1620.8252
MOVE,0,1.0,0.037254903,301497856,301.77246,1627.6807
MOVE,0,1.0,0.037254903,301497865,300.71777,1634.251
MOVE,0,1.0,0.04117647,301497873,299.6631,1640.8203
MOVE,0,1.0,0.03529412,301497881,298.08105,1647.1045
MOVE,0,1.0,0.03529412,301497889,296.3672,1652.5322
MOVE,0,1.0,0.03137255,301497898,294.917,1657.6738
MOVE,0,1.0,0.037254903,301497906,293.73047,1662.2441
MOVE,0,1.0,0.037254903,301497915,292.93945,1666.2432
MOVE,0,1.0,0.04117647,301497923,292.14844,1669.6709
MOVE,0,1.0,0.04117647,301497931,291.2256,1672.5273
MOVE,0,1.0,0.04117647,301497940,290.69824,1675.0977
MOVE,0,1.0,0.04117647,301497948,290.43457,1677.3828
MOVE,0,1.0,0.04117647,301497956,290.03906,1678.8115
MOVE,0,1.0,0.04117647,301497965,289.64355,1679.3828
MOVE,0,1.0,0.037254903,301497973,289.37988,1679.3828
MOVE,0,1.0,0.037254903,301497981,289.1162,1678.2402
MOVE,0,1.0,0.027450982,301497990,288.45703,1675.669
MOVE,0,1.0,0.01764706,301497994,287.9297,1673.9551
UP,0,1.0,0.01764706,301498002,287.9297,1673.9551
DOWN,0,1.0,0.04117647,301498119,802.6172,1026.6846
MOVE,0,1.0,0.04705883,301498143,802.6172,1028.8184
MOVE,0,1.0,0.04509804,301498148,802.749,1030.6836
MOVE,0,1.0,0.04117647,301498157,803.0127,1035.2539
MOVE,0,1.0,0.04705883,301498166,803.14453,1047.8643
MOVE,0,1.0,0.04117647,301498177,801.88965,1082.3838
MOVE,0,1.0,0.037254903,301498186,798.9551,1120.0107
MOVE,0,1.0,0.037254903,301498194,793.9658,1162.794
MOVE,0,1.0,0.037254903,301498202,788.4346,1205.6406
MOVE,0,1.0,0.037254903,301498211,781.8535,1247.9219
MOVE,0,1.0,0.037254903,301498219,777.08887,1287.3691
MOVE,0,1.0,0.037254903,301498227,774.6914,1322.8291
MOVE,0,1.0,0.04117647,301498236,773.88477,1352.5938
MOVE,0,1.0,0.03529412,301498244,774.1377,1374.9482
MOVE,0,1.0,0.03137255,301498252,775.4463,1394.4004
MOVE,0,1.0,0.037254903,301498261,776.48047,1409.54
MOVE,0,1.0,0.037254903,301498268,778.1387,1422.0918
MOVE,0,1.0,0.03137255,301498276,779.81445,1433.6367
MOVE,0,1.0,0.03529412,301498283,781.709,1444.0352
MOVE,0,1.0,0.03137255,301498291,783.4756,1453.6201
MOVE,0,1.0,0.037254903,301498299,784.92285,1462.3945
MOVE,0,1.0,0.03137255,301498307,786.1406,1470.0234
MOVE,0,1.0,0.037254903,301498315,787.3242,1477.4316
MOVE,0,1.0,0.037254903,301498323,788.2471,1484.002
MOVE,0,1.0,0.037254903,301498332,788.51074,1489.1436
MOVE,0,1.0,0.037254903,301498340,787.9834,1492.5713
MOVE,0,1.0,0.037254903,301498348,787.1924,1494.8564
MOVE,0,1.0,0.037254903,301498357,786.1377,1496.8555
MOVE,0,1.0,0.03137255,301498365,784.55566,1498.5693
MOVE,0,1.0,0.03137255,301498373,782.5781,1499.4268
MOVE,0,1.0,0.03137255,301498382,780.86426,1499.998
MOVE,0,1.0,0.03137255,301498390,779.9414,1499.998
MOVE,0,1.0,0.03137255,301498398,779.2822,1499.4268
MOVE,0,1.0,0.03137255,301498407,778.8867,1498.2842
MOVE,0,1.0,0.027450982,301498415,779.2822,1496.5703
MOVE,0,1.0,0.0058823535,301498419,779.67773,1495.7129
UP,0,1.0,0.0058823535,301498428,779.67773,1495.7129
DOWN,0,1.0,0.023529414,301498737,95.97656,918.71094
MOVE,0,1.0,0.013725491,301498802,96.663086,919.20703
MOVE,0,1.0,0.0058823535,301498807,97.69043,919.56836
MOVE,0,1.0,0.0058823535,301498816,98.61328,919.8535
MOVE,0,1.0,0.003921569,301498820,98.61328,919.8535
UP,0,1.0,0.003921569,301498828,98.61328,919.8535
DOWN,0,1.0,0.023529414,301499913,832.6758,1483.7158
MOVE,0,1.0,0.03137255,301499921,832.6758,1483.7158
MOVE,0,1.0,0.03137255,301499945,832.6758,1481.6582
MOVE,0,1.0,0.03137255,301499950,832.8076,1479.7168
MOVE,0,1.0,0.03137255,301499959,833.5205,1471.3916
MOVE,0,1.0,0.037254903,301499969,836.24414,1446.9492
MOVE,0,1.0,0.03137255,301499980,842.11523,1410.334
MOVE,0,1.0,0.037254903,301499988,849.7383,1373.8223
MOVE,0,1.0,0.03137255,301499996,858.9512,1334.998
MOVE,0,1.0,0.03137255,301500005,867.91797,1293.3223
MOVE,0,1.0,0.027450982,301500013,877.92676,1247.0938
MOVE,0,1.0,0.03137255,301500021,888.208,1197.9912
MOVE,0,1.0,0.037254903,301500029,898.75195,1148.2949
MOVE,0,1.0,0.03137255,301500038,909.0381,1102.5518
MOVE,0,1.0,0.04117647,301500046,919.8428,1059.6768
MOVE,0,1.0,0.037254903,301500055,930.13184,1018.52637
MOVE,0,1.0,0.037254903,301500063,939.63184,980.2217
MOVE,0,1.0,0.03529412,301500071,949.124,944.77344
MOVE,0,1.0,0.04117647,301500080,957.833,912.18164
MOVE,0,1.0,0.037254903,301500088,967.83887,881.31445
MOVE,0,1.0,0.037254903,301500096,978.38086,854.98926
MOVE,0,1.0,0.03137255,301500105,987.8838,831.5381
MOVE,0,1.0,0.03137255,301500113,996.5928,811.5088
MOVE,0,1.0,0.03137255,301500121,1004.34375,796.3633
MOVE,0,1.0,0.01764706,301500129,1010.39355,783.8125
MOVE,0,1.0,0.01764706,301500136,1016.7002,771.13574
MOVE,0,1.0,0.01764706,301500145,1022.19336,758.55566
MOVE,0,1.0,0.013725491,301500152,1026.7334,747.6543
MOVE,0,1.0,0.0058823535,301500160,1029.2158,739.80273
MOVE,0,1.0,0.0058823535,301500167,1030.4297,734.75586
MOVE,0,1.0,0.0058823535,301500176,1031.2207,730.75684
MOVE,0,1.0,0.0058823535,301500184,1031.748,727.9004
MOVE,0,1.0,0.013725491,301500192,1032.1436,726.7578
MOVE,0,1.0,0.013725491,301500201,1032.6709,727.61523
MOVE,0,1.0,0.025490198,301500209,1032.6709,729.04297
MOVE,0,1.0,0.025490198,301500217,1031.0889,731.61426
MOVE,0,1.0,0.025490198,301500226,1028.584,735.042
MOVE,0,1.0,0.025490198,301500234,1026.2109,737.6123
MOVE,0,1.0,0.025490198,301500242,1024.3652,739.6123
MOVE,0,1.0,0.025490198,301500251,1022.91504,740.7549
MOVE,0,1.0,0.025490198,301500259,1021.9922,741.6113
MOVE,0,1.0,0.025490198,301500267,1021.333,742.1826
MOVE,0,1.0,0.025490198,301500276,1020.80566,742.46875
MOVE,0,1.0,0.025490198,301500284,1020.2783,742.7539
MOVE,0,1.0,0.025490198,301500288,1019.8828,742.7539
MOVE,0,1.0,0.015686275,301500330,1020.1465,742.1826
UP,0,1.0,0.015686275,301500338,1020.1465,742.1826
MOVE,0,1.0,0.03529412,301500580,177.66211,900.85254
MOVE,0,1.0,0.04509804,301500588,154.21875,858.0117
MOVE,0,1.0,0.03137255,301500597,125.79297,814.5996
MOVE,0,1.0,0.03137255,301500605,93.13965,770.6162
MOVE,0,1.0,0.023529414,301500613,50.26367,714.749
MOVE,0,1.0,0.023529414,301500613,49.833984,714.18945
UP,0,1.0,0.023529414,301500621,49.833984,714.18945
DOWN,0,1.0,0.03137255,301500764,148.1836,836.4453
MOVE,0,1.0,0.037254903,301500779,149.32715,837.9326
MOVE,0,1.0,0.03137255,301500785,151.08398,841.0156
MOVE,0,1.0,0.03137255,301500793,154.77832,848.1631
MOVE,0,1.0,0.04117647,301500802,159.51172,859.08105
MOVE,0,1.0,0.04117647,301500812,168.38086,886.1543
MOVE,0,1.0,0.03529412,301500822,182.86133,936.5469
MOVE,0,1.0,0.03137255,301500830,197.60645,984.501
MOVE,0,1.0,0.037254903,301500839,216.28711,1035.8828
MOVE,0,1.0,0.025490198,301500847,236.31348,1085.0361
MOVE,0,1.0,0.03137255,301500855,257.13574,1131.9043
MOVE,0,1.0,0.025490198,301500864,276.3994,1174.2256
MOVE,0,1.0,0.03137255,301500872,294.08105,1210.8457
MOVE,0,1.0,0.025490198,301500880,307.30957,1240.0557
MOVE,0,1.0,0.03137255,301500889,313.57227,1255.292
MOVE,0,1.0,0.03137255,301500895,316.31445,1262.2031
MOVE,0,1.0,0.03137255,301500901,317.19727,1265.1982
MOVE,0,1.0,0.03137255,301500910,317.06543,1267.7686
MOVE,0,1.0,0.03137255,301500918,316.2744,1269.4824
MOVE,0,1.0,0.03137255,301500926,315.35156,1270.625
MOVE,0,1.0,0.03137255,301500935,314.56055,1271.7676
MOVE,0,1.0,0.03137255,301500943,313.90137,1272.3389
MOVE,0,1.0,0.03137255,301500952,312.84668,1272.0537
MOVE,0,1.0,0.027450982,301500960,311.26465,1270.3398
MOVE,0,1.0,0.03137255,301500968,309.15527,1266.3408
MOVE,0,1.0,0.025490198,301500977,305.25,1257.5684
MOVE,0,1.0,0.025490198,301500987,296.82324,1238.6221
MOVE,0,1.0,0.03137255,301500997,284.083,1209.7432
MOVE,0,1.0,0.025490198,301501006,271.4453,1181.7842
MOVE,0,1.0,0.027450982,301501014,258.00586,1150.9629
MOVE,0,1.0,0.03137255,301501022,246.38574,1121.2441
MOVE,0,1.0,0.03137255,301501030,234.26172,1089.8408
MOVE,0,1.0,0.037254903,301501039,222.13281,1057.2891
MOVE,0,1.0,0.03137255,301501047,209.74316,1026.4219
MOVE,0,1.0,0.03529412,301501056,198.91699,997.26855
MOVE,0,1.0,0.03529412,301501064,188.36719,970.96094
MOVE,0,1.0,0.037254903,301501072,178.86426,946.3789
MOVE,0,1.0,0.03137255,301501081,170.93848,925.20703
MOVE,0,1.0,0.03137255,301501089,163.28906,908.0283
MOVE,0,1.0,0.037254903,301501097,157.29395,895.5664
MOVE,0,1.0,0.03137255,301501104,151.31348,885.6631
MOVE,0,1.0,0.037254903,301501112,144.42578,875.25684
MOVE,0,1.0,0.04117647,301501119,137.07812,864.94824
MOVE,0,1.0,0.03529412,301501127,128.48242,854.9844
MOVE,0,1.0,0.03529412,301501136,119.33594,845.3496
MOVE,0,1.0,0.037254903,301501144,109.42383,835.5801
MOVE,0,1.0,0.037254903,301501152,100.96875,827.47266
MOVE,0,1.0,0.03137255,301501160,92.078125,819.11816
MOVE,0,1.0,0.037254903,301501169,81.4375,809.41016
MOVE,0,1.0,0.025490198,301501177,71.28125,799.12305
MOVE,0,1.0,0.01764706,301501186,59.90039,786.416
MOVE,0,1.0,0.01764706,301501189,56.16211,782.17285
UP,0,1.0,0.01764706,301501197,56.16211,782.17285
DOWN,0,1.0,0.03529412,301502308,78.31055,562.79785
MOVE,0,1.0,0.033333335,301502331,77.39551,563.29395
MOVE,0,1.0,0.029411767,301502336,75.9375,563.084
MOVE,0,1.0,0.029411767,301502345,72.6416,562.5127
MOVE,0,1.0,0.023529414,301502353,66.708984,560.7988
MOVE,0,1.0,0.0058823535,301502357,62.753906,559.3701
UP,0,1.0,0.0058823535,301502365,62.753906,559.3701
MOVE,0,1.0,0.04705883,301503283,872.749,1064.3555
MOVE,0,1.0,0.04509804,301503292,833.5957,1162.8057
MOVE,0,1.0,0.05686275,301503300,795.0918,1268.9912
MOVE,0,1.0,0.04117647,301503308,761.2949,1368.4639
MOVE,0,1.0,0.015686275,301503316,719.45215,1493.8848
MOVE,0,1.0,0.015686275,301503316,719.0332,1495.1416
UP,0,1.0,0.015686275,301503325,719.0332,1495.1416
DOWN,0,1.0,0.04117647,301503459,269.20898,1058.6768
MOVE,0,1.0,0.037254903,301503474,269.4375,1059.668
MOVE,0,1.0,0.037254903,301503479,270.0,1060.3906
MOVE,0,1.0,0.050980397,301503488,271.0547,1062.6758
MOVE,0,1.0,0.03529412,301503496,272.10938,1066.3896
MOVE,0,1.0,0.03529412,301503505,274.08984,1075.0
MOVE,0,1.0,0.04117647,301503515,278.3418,1097.2266
MOVE,0,1.0,0.037254903,301503525,285.49316,1130.9395
MOVE,0,1.0,0.037254903,301503533,295.21484,1167.9932
MOVE,0,1.0,0.037254903,301503542,308.10352,1207.9551
MOVE,0,1.0,0.04117647,301503550,323.37207,1250.207
MOVE,0,1.0,0.04509804,301503558,338.4043,1291.917
MOVE,0,1.0,0.037254903,301503567,353.17285,1329.6621
MOVE,0,1.0,0.04117647,301503575,366.11133,1360.5801
MOVE,0,1.0,0.03137255,301503584,374.8545,1382.3809
MOVE,0,1.0,0.037254903,301503591,378.2705,1392.3867
MOVE,0,1.0,0.037254903,301503597,379.26855,1394.4854
MOVE,0,1.0,0.037254903,301503604,379.95117,1391.4531
MOVE,0,1.0,0.037254903,301503614,379.88672,1370.3135
MOVE,0,1.0,0.03529412,301503625,371.85645,1302.623
MOVE,0,1.0,0.03529412,301503634,354.2881,1221.169
MOVE,0,1.0,0.04509804,301503642,329.83496,1138.3428
MOVE,0,1.0,0.04117647,301503650,295.91602,1053.8096
MOVE,0,1.0,0.04509804,301503658,249.1123,967.5615
MOVE,0,1.0,0.04117647,301503667,187.56055,884.6904
MOVE,0,1.0,0.027450982,301503675,115.94141,809.20605
MOVE,0,1.0,0.023529414,301503684,47.61621,738.8867
MOVE,0,1.0,0.003921569,301503692,7.2558594,686.7158
MOVE,0,1.0,0.003921569,301503692,6.8554688,686.1963
UP,0,1.0,0.003921569,301503700,6.8554688,686.1963
MOVE,0,1.0,0.037254903,301503959,325.25488,1184.1094
MOVE,0,1.0,0.037254903,301503967,283.86426,1106.8711
MOVE,0,1.0,0.037254903,301503975,214.27344,993.54395
MOVE,0,1.0,0.029411767,301503983,64.78418,772.96387
MOVE,0,1.0,0.029411767,301503983,63.28125,770.7471
UP,0,1.0,0.029411767,301503992,63.28125,770.7471
MOVE,0,1.0,0.04117647,301505719,858.6289,1181.0303
MOVE,0,1.0,0.050980397,301505728,844.4199,1241.4551
MOVE,0,1.0,0.04509804,301505736,829.39844,1309.3643
MOVE,0,1.0,0.03529412,301505744,816.71875,1374.5195
MOVE,0,1.0,0.04509804,301505753,806.9336,1433.4258
MOVE,0,1.0,0.037254903,301505761,801.3545,1483.2188
MOVE,0,1.0,0.03137255,301505769,798.6885,1521.044
MOVE,0,1.0,0.03137255,301505778,797.8789,1551.3965
MOVE,0,1.0,0.023529414,301505786,799.69824,1575.4531
MOVE,0,1.0,0.01764706,301505794,800.5,1594.9229
MOVE,0,1.0,0.003921569,301505794,800.5078,1595.1172
UP,0,1.0,0.003921569,301505802,800.5078,1595.1172
DOWN,0,1.0,0.025490198,301505920,855.35156,1507.71
MOVE,0,1.0,0.027450982,301505935,855.35156,1506.2236
MOVE,0,1.0,0.025490198,301505940,855.35156,1503.1396
MOVE,0,1.0,0.03137255,301505949,855.6289,1494.875
MOVE,0,1.0,0.03137255,301505959,856.78516,1479.001
MOVE,0,1.0,0.027450982,301505969,861.46387,1435.9385
MOVE,0,1.0,0.03529412,301505978,868.20605,1371.2344
MOVE,0,1.0,0.04117647,301505986,876.10254,1308.9531
MOVE,0,1.0,0.03529412,301505995,884.7959,1250.6416
MOVE,0,1.0,0.04509804,301506003,893.4971,1199.7227
MOVE,0,1.0,0.04117647,301506011,902.7207,1153.9678
MOVE,0,1.0,0.04509804,301506020,911.9492,1112.2236
MOVE,0,1.0,0.04117647,301506028,920.39453,1076.7412
MOVE,0,1.0,0.050980397,301506036,928.83203,1048.1084
MOVE,0,1.0,0.050980397,301506045,935.4424,1024.6338
MOVE,0,1.0,0.04509804,301506053,942.55566,1003.47363
MOVE,0,1.0,0.050980397,301506061,950.458,982.33594
MOVE,0,1.0,0.05686275,301506070,958.1074,962.3291
MOVE,0,1.0,0.04509804,301506078,964.44824,945.1621
MOVE,0,1.0,0.04509804,301506086,969.9697,928.66016
MOVE,0,1.0,0.04509804,301506094,973.86914,917.5586
MOVE,0,1.0,0.04509804,301506100,976.2129,909.91113
MOVE,0,1.0,0.050980397,301506108,978.334,902.6094
MOVE,0,1.0,0.04509804,301506116,979.9365,896.7168
MOVE,0,1.0,0.04509804,301506124,980.9912,892.43164
MOVE,0,1.0,0.04509804,301506132,980.8594,889.8613
MOVE,0,1.0,0.04509804,301506141,979.8047,889.29004
MOVE,0,1.0,0.050980397,301506149,978.22266,890.7178
MOVE,0,1.0,0.05686275,301506157,975.8496,894.1455
MOVE,0,1.0,0.05686275,301506166,972.5537,900.4297
MOVE,0,1.0,0.05686275,301506174,968.0254,909.083
MOVE,0,1.0,0.05686275,301506183,963.0596,918.0967
MOVE,0,1.0,0.060784318,301506191,959.4961,925.2959
MOVE,0,1.0,0.054901965,301506199,957.9199,930.1367
MOVE,0,1.0,0.054901965,301506208,957.7881,932.4219
MOVE,0,1.0,0.054901965,301506212,957.9199,932.99316
MOVE,0,1.0,0.05686275,301506244,958.14844,932.99316
MOVE,0,1.0,0.05686275,301506249,958.44727,932.708
MOVE,0,1.0,0.05686275,301506258,959.6338,931.5654
MOVE,0,1.0,0.060784318,301506266,962.5342,928.709
MOVE,0,1.0,0.060784318,301506274,965.8301,924.9951
MOVE,0,1.0,0.05686275,301506283,968.2031,921.5674
MOVE,0,1.0,0.060784318,301506291,969.917,918.71094
MOVE,0,1.0,0.05686275,301506299,970.9717,916.7119
MOVE,0,1.0,0.060784318,301506308,971.63086,914.99805
MOVE,0,1.0,0.05686275,301506316,972.02637,913.56934
MOVE,0,1.0,0.05686275,301506324,972.4219,912.7129
MOVE,0,1.0,0.060784318,301506333,972.8174,912.1416
MOVE,0,1.0,0.05686275,301506341,973.2129,911.85547
MOVE,0,1.0,0.05686275,301506349,973.8721,911.5703
MOVE,0,1.0,0.05686275,301506358,974.6631,910.999
MOVE,0,1.0,0.05686275,301506366,975.1904,910.7129
MOVE,0,1.0,0.05686275,301506374,975.4541,910.7129
MOVE,0,1.0,0.05686275,301506383,975.98145,910.42773
MOVE,0,1.0,0.050980397,301506391,976.77246,909.85645
MOVE,0,1.0,0.050980397,301506399,977.82715,909.28516
MOVE,0,1.0,0.04509804,301506408,979.1455,908.71387
MOVE,0,1.0,0.04117647,301506416,980.72754,908.1426
MOVE,0,1.0,0.03137255,301506424,981.6504,907.85645
MOVE,0,1.0,0.023529414,301506428,981.6504,907.85645
UP,0,1.0,0.023529414,301506436,981.6504,907.85645
