phase,pointerId,pressure,size,timestamp,x,y
DOWN,0,1.0,0.037254903,301512328,789.96094,1353.4619
MOVE,0,1.0,0.04117647,301512359,788.4834,1352.9668
MOVE,0,1.0,0.04117647,301512364,787.85156,1351.748
MOVE,0,1.0,0.03529412,301512373,786.32227,1344.4043
MOVE,0,1.0,0.04117647,301512383,785.083,1317.7393
MOVE,0,1.0,0.04509804,301512393,785.9951,1268.1973
MOVE,0,1.0,0.050980397,301512402,789.1387,1210.6455
MOVE,0,1.0,0.060784318,301512410,797.7842,1145.0273
MOVE,0,1.0,0.04117647,301512418,816.666,1073.1074
MOVE,0,1.0,0.037254903,301512427,847.3965,999.4287
MOVE,0,1.0,0.023529414,301512435,878.2461,933.08496
MOVE,0,1.0,0.023529414,301512435,878.5547,932.4219
UP,0,1.0,0.023529414,301512443,878.5547,932.4219
DOWN,0,1.0,0.05686275,301512652,852.9785,887.8613
MOVE,0,1.0,0.050980397,301512668,850.88477,891.40625
MOVE,0,1.0,0.04509804,301512673,847.9209,896.51465
MOVE,0,1.0,0.04705883,301512683,839.5049,913.2549
MOVE,0,1.0,0.05686275,301512694,823.8379,948.1328
MOVE,0,1.0,0.050980397,301512702,793.9531,1024.7705
MOVE,0,1.0,0.04117647,301512710,751.1035,1153.3623
MOVE,0,1.0,0.04117647,301512719,713.08496,1292.0889
MOVE,0,1.0,0.013725491,301512727,660.7588,1517.4443
MOVE,0,1.0,0.013725491,301512727,660.2344,1519.707
UP,0,1.0,0.013725491,301512735,660.2344,1519.707
DOWN,0,1.0,0.04509804,301512911,778.8867,1439.1553
MOVE,0,1.0,0.04117647,301512926,779.57324,1434.544
MOVE,0,1.0,0.050980397,301512932,780.83984,1427.4023
MOVE,0,1.0,0.04509804,301512942,785.46875,1403.8457
MOVE,0,1.0,0.04509804,301512952,794.625,1364.6592
MOVE,0,1.0,0.050980397,301512961,817.93945,1275.5215
MOVE,0,1.0,0.04509804,301512969,861.2451,1133.2305
MOVE,0,1.0,0.037254903,301512977,915.4531,983.05566
MOVE,0,1.0,0.013725491,301512985,1002.66016,750.2324
MOVE,0,1.0,0.013725491,301512985,1003.53516,747.8955
UP,0,1.0,0.013725491,301512994,1003.53516,747.8955
DOWN,0,1.0,0.050980397,301513913,929.1797,839.30176
MOVE,0,1.0,0.04117647,301513927,927.54395,841.85547
MOVE,0,1.0,0.04509804,301513933,924.5654,846.1572
MOVE,0,1.0,0.04117647,301513942,915.4404,860.39746
MOVE,0,1.0,0.04117647,301513953,896.31445,892.39844
MOVE,0,1.0,0.05686275,301513962,857.0625,966.5283
MOVE,0,1.0,0.04117647,301513970,800.28613,1088.8691
MOVE,0,1.0,0.037254903,301513978,748.8154,1219.6143
MOVE,0,1.0,0.025490198,301513987,709.66797,1340.2598
MOVE,0,1.0,0.01764706,301513995,668.2949,1485.1211
MOVE,0,1.0,0.01764706,301513995,667.88086,1486.5723
UP,0,1.0,0.01764706,301514003,667.88086,1486.5723
DOWN,0,1.0,0.04117647,301514229,839.2676,925.5664
MOVE,0,1.0,0.05686275,301514244,836.9453,929.1113
MOVE,0,1.0,0.04117647,301514250,833.30273,934.97363
MOVE,0,1.0,0.04117647,301514260,821.8086,955.05176
MOVE,0,1.0,0.05686275,301514270,801.4678,994.92676
MOVE,0,1.0,0.04509804,301514279,763.1875,1081.7969
MOVE,0,1.0,0.04117647,301514288,714.5117,1214.4502
MOVE,0,1.0,0.04117647,301514295,676.6953,1344.7324
MOVE,0,1.0,0.023529414,301514303,629.5928,1554.167
MOVE,0,1.0,0.023529414,301514303,629.1211,1556.2695
UP,0,1.0,0.023529414,301514312,629.1211,1556.2695
DOWN,0,1.0,0.05686275,301514554,871.6992,979.2676
MOVE,0,1.0,0.04117647,301514570,870.55566,980.7549
MOVE,0,1.0,0.04705883,301514575,868.667,984.4092
MOVE,0,1.0,0.05686275,301514584,863.4131,994.86914
MOVE,0,1.0,0.050980397,301514594,852.8115,1016.8779
MOVE,0,1.0,0.05686275,301514604,826.8535,1079.2266
MOVE,0,1.0,0.05686275,301514612,789.2832,1179.3555
MOVE,0,1.0,0.04117647,301514621,753.667,1290.6484
MOVE,0,1.0,0.037254903,301514628,702.14746,1467.6572
MOVE,0,1.0,0.037254903,301514629,701.63086,1469.4336
UP,0,1.0,0.037254903,301514637,701.63086,1469.4336
DOWN,0,1.0,0.023529414,301514855,239.15039,1435.7275
MOVE,0,1.0,0.03137255,301514870,238.92188,1432.6787
MOVE,0,1.0,0.037254903,301514875,238.0957,1428.3008
MOVE,0,1.0,0.03529412,301514884,234.73242,1414.5479
MOVE,0,1.0,0.037254903,301514896,226.81152,1384.3789
MOVE,0,1.0,0.037254903,301514904,205.87207,1318.6934
MOVE,0,1.0,0.037254903,301514913,165.2041,1214.542
MOVE,0,1.0,0.023529414,301514921,112.06543,1103.7744
MOVE,0,1.0,0.003921569,301514929,12.079102,926.7715
MOVE,0,1.0,0.003921569,301514929,11.074219,924.9951
UP,0,1.0,0.003921569,301514937,11.074219,924.9951
DOWN,0,1.0,0.04117647,301515096,872.49023,976.41113
MOVE,0,1.0,0.04509804,301515112,872.0332,977.89844
MOVE,0,1.0,0.050980397,301515117,870.77637,980.41016
MOVE,0,1.0,0.050980397,301515126,867.0137,988.8965
MOVE,0,1.0,0.050980397,301515136,859.30176,1007.84375
MOVE,0,1.0,0.04509804,301515146,838.14453,1065.5664
MOVE,0,1.0,0.060784318,301515155,806.36426,1163.9482
MOVE,0,1.0,0.05686275,301515163,774.45996,1280.8799
MOVE,0,1.0,0.04117647,301515171,747.77637,1400.8223
MOVE,0,1.0,0.023529414,301515179,716.4463,1556.4238
MOVE,0,1.0,0.023529414,301515179,716.1328,1557.9834
UP,0,1.0,0.023529414,301515188,716.1328,1557.9834
MOVE,0,1.0,0.037254903,301519910,973.39746,1372.0918
MOVE,0,1.0,0.025490198,301519919,981.8301,1331.5869
MOVE,0,1.0,0.027450982,301519927,988.4404,1289.8945
MOVE,0,1.0,0.03137255,301519935,993.2041,1246.4941
MOVE,0,1.0,0.027450982,301519944,995.33984,1201.9443
MOVE,0,1.0,0.03137255,301519952,994.5781,1156.8184
MOVE,0,1.0,0.03137255,301519961,992.2207,1112.252
MOVE,0,1.0,0.04117647,301519969,991.1533,1071.085
MOVE,0,1.0,0.03529412,301519977,991.66504,1034.4766
MOVE,0,1.0,0.04117647,301519986,991.93066,1003.0049
MOVE,0,1.0,0.04117647,301519994,992.97754,976.6738
MOVE,0,1.0,0.037254903,301520002,994.5547,955.48535
MOVE,0,1.0,0.04117647,301520010,995.8369,941.00684
MOVE,0,1.0,0.04117647,301520018,996.9717,931.03125
MOVE,0,1.0,0.04117647,301520024,998.73926,922.72363
MOVE,0,1.0,0.04117647,301520032,1000.9131,914.14746
MOVE,0,1.0,0.04509804,301520040,1003.5342,904.84863
MOVE,0,1.0,0.037254903,301520049,1006.3125,895.6875
MOVE,0,1.0,0.03137255,301520057,1008.97363,887.1846
MOVE,0,1.0,0.03137255,301520065,1011.36426,878.501
MOVE,0,1.0,0.03137255,301520073,1012.7637,871.29395
MOVE,0,1.0,0.03137255,301520082,1013.81836,865.00977
MOVE,0,1.0,0.03137255,301520090,1014.7412,859.583
MOVE,0,1.0,0.03137255,301520098,1015.5322,855.29785
MOVE,0,1.0,0.03137255,301520107,1016.0596,852.4414
MOVE,0,1.0,0.03137255,301520115,1016.0596,850.72754
MOVE,0,1.0,0.03137255,301520119,1015.92773,850.15625
MOVE,0,1.0,0.025490198,301520151,1016.15625,850.15625
MOVE,0,1.0,0.025490198,301520157,1016.4551,850.15625
MOVE,0,1.0,0.023529414,301520165,1017.3779,849.8711
MOVE,0,1.0,0.01764706,301520173,1018.6963,849.58496
MOVE,0,1.0,0.01764706,301520178,1019.35547,849.58496
UP,0,1.0,0.01764706,301520186,1019.35547,849.58496
DOWN,0,1.0,0.03137255,301520361,151.875,902.14355
MOVE,0,1.0,0.03529412,301520402,150.9248,902.63965
MOVE,0,1.0,0.03137255,301520407,150.16113,903.28613
MOVE,0,1.0,0.01764706,301520415,147.91992,905.0
MOVE,0,1.0,0.01764706,301520419,146.33789,906.1426
UP,0,1.0,0.01764706,301520427,146.33789,906.1426
DOWN,0,1.0,0.037254903,301520536,903.6035,995.83496
MOVE,0,1.0,0.037254903,301520569,903.375,994.76855
MOVE,0,1.0,0.037254903,301520570,903.33984,994.6924
MOVE,0,1.0,0.03137255,301520594,902.8828,995.1885
MOVE,0,1.0,0.0058823535,301520595,902.8125,995.2637
UP,0,1.0,0.0058823535,301520603,902.8125,995.2637
DOWN,0,1.0,0.027450982,301520628,174.55078,1054.6777
MOVE,0,1.0,0.027450982,301520685,173.30273,1056.2402
MOVE,0,1.0,0.015686275,301520686,173.23242,1056.3916
UP,0,1.0,0.015686275,301520694,173.23242,1056.3916
UP,0,1.0,0.0058823535,301523623,892.2656,1062.6758
DOWN,0,1.0,0.023529414,301525268,902.5488,1326.6113
MOVE,0,1.0,0.025490198,301525283,902.5488,1326.1162
MOVE,0,1.0,0.025490198,301525288,902.68066,1325.1836
MOVE,0,1.0,0.027450982,301525296,903.33984,1322.3271
MOVE,0,1.0,0.03137255,301525305,904.79004,1316.8994
MOVE,0,1.0,0.025490198,301525314,908.83105,1301.3809
MOVE,0,1.0,0.027450982,301525326,919.8594,1262.9414
MOVE,0,1.0,0.023529414,301525334,930.13184,1229.2578
MOVE,0,1.0,0.01764706,301525342,940.9365,1194.4209
MOVE,0,1.0,0.025490198,301525350,951.4863,1160.7031
MOVE,0,1.0,0.03137255,301525359,962.55566,1126.4316
MOVE,0,1.0,0.03137255,301525367,972.8467,1092.1543
MOVE,0,1.0,0.03137255,301525376,983.3906,1057.877
MOVE,0,1.0,0.03137255,301525384,994.19824,1024.165
MOVE,0,1.0,0.03137255,301525392,1003.44336,994.41797
MOVE,0,1.0,0.03137255,301525401,1009.7998,966.4082
MOVE,0,1.0,0.03137255,301525409,1013.7793,940.67676
MOVE,0,1.0,0.03137255,301525417,1016.68945,918.3623
MOVE,0,1.0,0.025490198,301525426,1018.0244,898.3447
MOVE,0,1.0,0.025490198,301525434,1018.2969,881.81445
MOVE,0,1.0,0.025490198,301525442,1018.8047,866.83203
MOVE,0,1.0,0.025490198,301525450,1021.02734,848.68164
MOVE,0,1.0,0.029411767,301525459,1022.45605,833.7012
MOVE,0,1.0,0.025490198,301525466,1022.94434,823.36035
MOVE,0,1.0,0.025490198,301525473,1023.4053,814.03613
MOVE,0,1.0,0.025490198,301525481,1024.8828,803.64746
MOVE,0,1.0,0.025490198,301525490,1026.9062,792.1211
MOVE,0,1.0,0.023529414,301525497,1028.8008,783.9795
MOVE,0,1.0,0.023529414,301525505,1030.166,778.7451
MOVE,0,1.0,0.029411767,301525513,1030.957,774.1748
MOVE,0,1.0,0.029411767,301525522,1031.6162,770.4619
MOVE,0,1.0,0.029411767,301525530,1032.2754,767.8906
MOVE,0,1.0,0.029411767,301525538,1032.8027,766.4629
MOVE,0,1.0,0.029411767,301525542,1033.0664,766.17676
MOVE,0,1.0,0.023529414,301525584,1033.0664,766.17676
MOVE,0,1.0,0.01764706,301525616,1035.459,766.17676
MOVE,0,1.0,0.01764706,301525622,1036.7578,766.17676
MOVE,0,1.0,0.0058823535,301525626,1037.8125,766.17676
UP,0,1.0,0.0058823535,301525634,1037.8125,766.17676
DOWN,0,1.0,0.01764706,301528922,859.04297,1439.1553
MOVE,0,1.0,0.03137255,301528946,859.04297,1436.5264
MOVE,0,1.0,0.03137255,301528960,859.5703,1428.0156
MOVE,0,1.0,0.03137255,301528969,861.8037,1411.499
MOVE,0,1.0,0.03137255,301528980,868.4795,1368.1045
MOVE,0,1.0,0.03529412,301528989,876.10547,1325.8916
MOVE,0,1.0,0.037254903,301528997,885.5791,1277.96
MOVE,0,1.0,0.037254903,301529005,895.8545,1228.8408
MOVE,0,1.0,0.03137255,301529014,907.7041,1178.0137
MOVE,0,1.0,0.037254903,301529022,920.35156,1126.6035
MOVE,0,1.0,0.04117647,301529030,933.791,1075.1875
MOVE,0,1.0,0.04705883,301529039,948.54395,1028.2959
MOVE,0,1.0,0.04117647,301529047,961.74316,987.10547
MOVE,0,1.0,0.037254903,301529055,972.57715,949.93164
MOVE,0,1.0,0.04117647,301529064,981.82227,917.32324
MOVE,0,1.0,0.04117647,301529072,989.7451,888.15234
MOVE,0,1.0,0.04117647,301529080,996.6113,861.8447
MOVE,0,1.0,0.04117647,301529089,1001.1172,839.5244
MOVE,0,1.0,0.037254903,301529097,1004.8008,822.9717
MOVE,0,1.0,0.037254903,301529105,1008.04395,809.97266
MOVE,0,1.0,0.03137255,301529112,1010.3594,799.1172
MOVE,0,1.0,0.03137255,301529120,1012.6289,788.2158
MOVE,0,1.0,0.03529412,301529127,1014.9717,779.2041
MOVE,0,1.0,0.03137255,301529135,1017.1797,771.9707
MOVE,0,1.0,0.025490198,301529143,1018.95996,765.3203
MOVE,0,1.0,0.025490198,301529151,1020.1465,759.3213
MOVE,0,1.0,0.025490198,301529160,1021.333,754.4658
MOVE,0,1.0,0.025490198,301529168,1022.51953,751.0381
MOVE,0,1.0,0.025490198,301529176,1023.31055,748.7529
MOVE,0,1.0,0.025490198,301529185,1023.9697,747.3242
MOVE,0,1.0,0.025490198,301529193,1024.3652,746.4678
MOVE,0,1.0,0.025490198,301529201,1024.4971,746.18164
MOVE,0,1.0,0.025490198,301529210,1024.6289,745.8965
MOVE,0,1.0,0.025490198,301529218,1024.8926,745.3252
MOVE,0,1.0,0.025490198,301529226,1025.5518,744.7539
MOVE,0,1.0,0.025490198,301529235,1026.2109,743.8965
MOVE,0,1.0,0.025490198,301529243,1027.002,742.7539
MOVE,0,1.0,0.025490198,301529251,1028.1885,741.6113
MOVE,0,1.0,0.025490198,301529260,1029.7705,740.46875
MOVE,0,1.0,0.015686275,301529268,1031.4844,739.3262
MOVE,0,1.0,0.0058823535,301529272,1032.2754,738.7549
UP,0,1.0,0.0058823535,301529280,1032.2754,738.7549
DOWN,0,1.0,0.03137255,301531100,780.9961,1326.6113
MOVE,0,1.0,0.03137255,301531132,781.2246,1327.6787
MOVE,0,1.0,0.03137255,301531137,781.3916,1328.3252
MOVE,0,1.0,0.03137255,301531141,781.52344,1328.8965
MOVE,0,1.0,0.027450982,301531165,782.24414,1329.4678
MOVE,0,1.0,0.01764706,301531167,782.31445,1329.4678
UP,0,1.0,0.01764706,301531175,782.31445,1329.4678
DOWN,0,1.0,0.025490198,301531259,304.01367,1386.5967
MOVE,0,1.0,0.025490198,301531282,304.2422,1384.5391
MOVE,0,1.0,0.03137255,301531288,303.88184,1382.0264
MOVE,0,1.0,0.025490198,301531296,302.68066,1375.0869
MOVE,0,1.0,0.03137255,301531306,297.10547,1353.1484
MOVE,0,1.0,0.027450982,301531317,279.38184,1296.8076
MOVE,0,1.0,0.03137255,301531325,260.4336,1242.0381
MOVE,0,1.0,0.04117647,301531334,237.79492,1182.669
MOVE,0,1.0,0.04117647,301531342,213.03125,1122.124
MOVE,0,1.0,0.03137255,301531350,184.85254,1061.5674
MOVE,0,1.0,0.037254903,301531358,153.76855,1003.27344
MOVE,0,1.0,0.04117647,301531367,124.48242,952.9199
MOVE,0,1.0,0.03137255,301531375,98.34668,911.6953
MOVE,0,1.0,0.03137255,301531384,79.03027,881.3086
MOVE,0,1.0,0.03137255,301531392,65.78613,856.6865
MOVE,0,1.0,0.023529414,301531400,56.518555,835.51465
MOVE,0,1.0,0.025490198,301531408,50.039062,820.3574
MOVE,0,1.0,0.023529414,301531416,42.015625,808.41895
MOVE,0,1.0,0.013725491,301531423,35.23535,797.14844
MOVE,0,1.0,0.003921569,301531425,33.48633,794.1699
UP,0,1.0,0.003921569,301531433,33.48633,794.1699
DOWN,0,1.0,0.03137255,301531501,87.27539,837.0166
MOVE,0,1.0,0.04509804,301531516,88.64746,838.5039
MOVE,0,1.0,0.050980397,301531521,91.88965,841.5869
MOVE,0,1.0,0.04117647,301531531,103.484375,853.7197
MOVE,0,1.0,0.04117647,301531541,130.90723,885.8096
MOVE,0,1.0,0.04117647,301531550,164.21191,929.71387
MOVE,0,1.0,0.04117647,301531559,203.16406,984.43164
MOVE,0,1.0,0.04509804,301531567,246.36426,1049.456
MOVE,0,1.0,0.04117647,301531575,289.3457,1121.3701
MOVE,0,1.0,0.050980397,301531584,326.84277,1190.5244
MOVE,0,1.0,0.04117647,301531592,357.23633,1255.6914
MOVE,0,1.0,0.04509804,301531600,380.24902,1311.7695
MOVE,0,1.0,0.04509804,301531609,395.61816,1357.5752
MOVE,0,1.0,0.05686275,301531617,405.16895,1392.5322
MOVE,0,1.0,0.04117647,301531625,413.09473,1423.4219
MOVE,0,1.0,0.050980397,301531634,419.43848,1450.8779
MOVE,0,1.0,0.04117647,301531642,423.15625,1473.7754
MOVE,0,1.0,0.04117647,301531650,425.8037,1492.668
MOVE,0,1.0,0.04117647,301531658,428.0498,1505.1465
MOVE,0,1.0,0.03529412,301531665,429.7422,1513.498
MOVE,0,1.0,0.04509804,301531672,431.86035,1521.6445
MOVE,0,1.0,0.04117647,301531680,434.8994,1529.9473
MOVE,0,1.0,0.04117647,301531688,438.8955,1538.3008
MOVE,0,1.0,0.04117647,301531696,443.50684,1546.2891
MOVE,0,1.0,0.04117647,301531705,448.2422,1553.1279
MOVE,0,1.0,0.037254903,301531713,452.7246,1559.126
MOVE,0,1.0,0.04117647,301531721,457.0752,1565.6963
MOVE,0,1.0,0.04509804,301531730,461.1621,1573.4082
MOVE,0,1.0,0.037254903,301531739,465.29688,1583.6084
MOVE,0,1.0,0.025490198,301531748,470.56934,1598.4902
MOVE,0,1.0,0.01764706,301531751,471.97266,1602.544
UP,0,1.0,0.01764706,301531759,471.97266,1602.544
DOWN,0,1.0,0.04509804,301531909,246.79688,994.1211
MOVE,0,1.0,0.04509804,301531933,246.79688,996.1797
MOVE,0,1.0,0.05686275,301531938,247.19238,998.1201
MOVE,0,1.0,0.060784318,301531947,248.3789,1002.97656
MOVE,0,1.0,0.05686275,301531956,253.27344,1019.9873
MOVE,0,1.0,0.04509804,301531968,273.25098,1073.6445
MOVE,0,1.0,0.060784318,301531976,300.5752,1136.8809
MOVE,0,1.0,0.05686275,301531984,334.52344,1216.6953
MOVE,0,1.0,0.04509804,301531993,368.01465,1300.6348
MOVE,0,1.0,0.050980397,301532001,396.54102,1380.6553
MOVE,0,1.0,0.05686275,301532009,417.70898,1451.0215
MOVE,0,1.0,0.04117647,301532018,430.44922,1506.0186
MOVE,0,1.0,0.027450982,301532025,435.2744,1537.1084
MOVE,0,1.0,0.027450982,301532025,435.32227,1537.417
UP,0,1.0,0.027450982,301532034,435.32227,1537.417
MOVE,0,1.0,0.04509804,301532493,327.07715,1380.3809
MOVE,0,1.0,0.04509804,301532501,300.8496,1277.3721
MOVE,0,1.0,0.04117647,301532510,260.9082,1163.2227
MOVE,0,1.0,0.037254903,301532518,203.86328,1047.2686
MOVE,0,1.0,0.03137255,301532527,139.85938,944.3047
MOVE,0,1.0,0.013725491,301532534,59.603516,820.5469
MOVE,0,1.0,0.013725491,301532534,58.79883,819.30664
UP,0,1.0,0.013725491,301532543,58.79883,819.30664
DOWN,0,1.0,0.04117647,301532810,186.15234,891.28906
MOVE,0,1.0,0.04705883,301532826,186.38086,891.78516
MOVE,0,1.0,0.05686275,301532831,186.67969,893.0029
MOVE,0,1.0,0.04509804,301532840,187.4707,896.43066
MOVE,0,1.0,0.04509804,301532848,188.65723,902.14355
MOVE,0,1.0,0.04117647,301532857,192.92773,919.4404
MOVE,0,1.0,0.037254903,301532869,209.47461,969.7041
MOVE,0,1.0,0.04117647,301532877,232.58984,1026.1191
MOVE,0,1.0,0.04509804,301532885,265.97363,1097.9473
MOVE,0,1.0,0.04509804,301532894,306.76953,1180.6758
MOVE,0,1.0,0.04117647,301532902,352.07617,1274.8242
MOVE,0,1.0,0.05686275,301532910,394.03418,1371.915
MOVE,0,1.0,0.03137255,301532919,423.9502,1455.46
MOVE,0,1.0,0.025490198,301532926,438.34375,1510.5889
MOVE,0,1.0,0.025490198,301532927,438.48633,1511.1377
UP,0,1.0,0.025490198,301532935,438.48633,1511.1377
DOWN,0,1.0,0.04117647,301533178,204.3457,931.2793
MOVE,0,1.0,0.037254903,301533193,205.03223,932.7666
MOVE,0,1.0,0.04117647,301533198,206.85059,936.4209
MOVE,0,1.0,0.050980397,301533207,212.05176,946.45996
MOVE,0,1.0,0.03529412,301533217,222.66504,967.8008
MOVE,0,1.0,0.04509804,301533228,252.58203,1029.5352
MOVE,0,1.0,0.04117647,301533236,300.63086,1133.0469
MOVE,0,1.0,0.05686275,301533244,352.27637,1255.1201
MOVE,0,1.0,0.03137255,301533252,395.08105,1375.6797
MOVE,0,1.0,0.0058823535,301533260,439.8838,1521.1064
MOVE,0,1.0,0.0058823535,301533260,440.33203,1522.5635
UP,0,1.0,0.0058823535,301533269,440.33203,1522.5635
DOWN,0,1.0,0.03137255,301533579,825.8203,1276.9092
MOVE,0,1.0,0.037254903,301533602,827.7197,1270.2393
MOVE,0,1.0,0.03137255,301533607,829.9326,1263.2812
MOVE,0,1.0,0.03529412,301533618,836.3711,1244.335
MOVE,0,1.0,0.04117647,301533628,855.96094,1188.874
MOVE,0,1.0,0.04117647,301533637,890.5996,1101.2607
MOVE,0,1.0,0.03529412,301533644,932.45215,1003.667
MOVE,0,1.0,0.01764706,301533652,1002.5674,844.3291
MOVE,0,1.0,0.01764706,301533652,1003.2715,842.7295
UP,0,1.0,0.01764706,301533661,1003.2715,842.7295
DOWN,0,1.0,0.027450982,301533987,785.4785,1279.1943
MOVE,0,1.0,0.03137255,301534002,786.16504,1278.2031
MOVE,0,1.0,0.037254903,301534007,787.06055,1276.0527
MOVE,0,1.0,0.037254903,301534016,789.626,1269.0264
MOVE,0,1.0,0.037254903,301534026,794.7285,1254.252
MOVE,0,1.0,0.04117647,301534036,811.21387,1206.0332
MOVE,0,1.0,0.03529412,301534045,841.6094,1118.9365
MOVE,0,1.0,0.04117647,301534053,882.1035,1018.5498
MOVE,0,1.0,0.025490198,301534062,930.01855,912.3467
MOVE,0,1.0,0.01764706,301534069,994.1904,774.41504
MOVE,0,1.0,0.01764706,301534070,994.834,773.0322
UP,0,1.0,0.01764706,301534078,994.834,773.0322
DOWN,0,1.0,0.04509804,301534221,862.99805,872.4365
MOVE,0,1.0,0.050980397,301534236,862.3115,873.9238
MOVE,0,1.0,0.04117647,301534241,861.416,876.7217
MOVE,0,1.0,0.04509804,301534249,859.56836,883.583
MOVE,0,1.0,0.04509804,301534258,857.05664,894.501
MOVE,0,1.0,0.04509804,301534268,850.7656,923.34766
MOVE,0,1.0,0.050980397,301534279,835.9746,980.47266
MOVE,0,1.0,0.04705883,301534287,817.0449,1041.498
MOVE,0,1.0,0.04509804,301534295,794.1455,1109.9785
MOVE,0,1.0,0.04117647,301534304,772.25,1178.5332
MOVE,0,1.0,0.04117647,301534312,751.6709,1244.8252
MOVE,0,1.0,0.04509804,301534320,733.71484,1307.7021
MOVE,0,1.0,0.04117647,301534329,718.65625,1363.7568
MOVE,0,1.0,0.04117647,301534337,707.8037,1411.2598
MOVE,0,1.0,0.01764706,301534345,702.21387,1437.75
MOVE,0,1.0,0.01764706,301534345,702.1582,1438.0127
UP,0,1.0,0.01764706,301534353,702.1582,1438.0127
DOWN,0,1.0,0.025490198,301534488,745.66406,1214.0674
MOVE,0,1.0,0.03529412,301534503,745.66406,1214.0674
MOVE,0,1.0,0.03529412,301534508,745.66406,1214.0674
MOVE,0,1.0,0.03137255,301534516,746.71875,1214.0674
MOVE,0,1.0,0.03137255,301534525,747.77344,1214.3535
MOVE,0,1.0,0.04509804,301534533,749.61914,1216.3525
MOVE,0,1.0,0.04509804,301534541,752.3877,1221.7803
MOVE,0,1.0,0.04705883,301534550,754.96484,1231.293
MOVE,0,1.0,0.04117647,301534560,755.94727,1247.749
MOVE,0,1.0,0.04509804,301534570,753.6885,1272.4639
MOVE,0,1.0,0.05686275,301534579,748.876,1296.1045
MOVE,0,1.0,0.05686275,301534587,742.5635,1321.2188
MOVE,0,1.0,0.04509804,301534596,736.75684,1344.0928
MOVE,0,1.0,0.04705883,301534604,730.6953,1366.3789
MOVE,0,1.0,0.04509804,301534612,724.3701,1387.5283
MOVE,0,1.0,0.04117647,301534621,718.30273,1407.5342
MOVE,0,1.0,0.04117647,301534629,713.2822,1426.9639
MOVE,0,1.0,0.04117647,301534637,707.751,1445.8223
MOVE,0,1.0,0.04117647,301534646,702.2373,1462.3408
MOVE,0,1.0,0.04117647,301534654,697.91113,1476.6523
MOVE,0,1.0,0.037254903,301534662,693.57715,1489.7666
MOVE,0,1.0,0.03137255,301534669,689.56934,1500.8154
MOVE,0,1.0,0.01764706,301534676,686.3926,1508.1631
MOVE,0,1.0,0.01764706,301534679,685.01953,1511.1377
UP,0,1.0,0.01764706,301534687,685.01953,1511.1377
DOWN,0,1.0,0.023529414,301534821,760.69336,1241.4893
MOVE,0,1.0,0.04117647,301534829,760.69336,1241.4893
MOVE,0,1.0,0.037254903,301534853,762.13574,1243.5479
MOVE,0,1.0,0.037254903,301534858,762.80273,1245.2031
MOVE,0,1.0,0.04117647,301534867,764.0127,1251.6572
MOVE,0,1.0,0.04509804,301534877,763.9365,1270.6143
MOVE,0,1.0,0.037254903,301534888,758.8955,1307.456
MOVE,0,1.0,0.04117647,301534896,750.75586,1343.3906
MOVE,0,1.0,0.037254903,301534904,741.0156,1379.9473
MOVE,0,1.0,0.037254903,301534913,731.25977,1415.3779
MOVE,0,1.0,0.04117647,301534921,721.76465,1448.5361
MOVE,0,1.0,0.04117647,301534929,713.05566,1478.8428
MOVE,0,1.0,0.03137255,301534938,705.39844,1506.293
MOVE,0,1.0,0.03137255,301534946,700.624,1526.3623
MOVE,0,1.0,0.023529414,301534954,698.11035,1538.8525
MOVE,0,1.0,0.0058823535,301534960,695.27734,1546.706
MOVE,0,1.0,0.0058823535,301534962,694.24805,1549.4141
UP,0,1.0,0.0058823535,301534971,694.24805,1549.4141
DOWN,0,1.0,0.037254903,301535072,739.8633,1433.4424
MOVE,0,1.0,0.03137255,301535087,739.8633,1433.4424
MOVE,0,1.0,0.03137255,301535092,739.8633,1433.4424
MOVE,0,1.0,0.04117647,301535101,740.2588,1434.585
MOVE,0,1.0,0.04117647,301535109,740.78613,1436.2988
MOVE,0,1.0,0.03529412,301535117,741.4453,1440.584
MOVE,0,1.0,0.03529412,301535126,742.28125,1452.0752
MOVE,0,1.0,0.03137255,301535137,742.0381,1474.0293
MOVE,0,1.0,0.04509804,301535147,740.1455,1496.084
MOVE,0,1.0,0.037254903,301535155,738.2998,1515.5137
MOVE,0,1.0,0.03137255,301535163,735.9424,1532.0381
MOVE,0,1.0,0.03137255,301535171,733.9092,1546.3496
MOVE,0,1.0,0.037254903,301535178,732.083,1555.958
MOVE,0,1.0,0.04117647,301535185,730.39844,1563.5791
MOVE,0,1.0,0.04117647,301535192,728.88477,1570.4385
MOVE,0,1.0,0.04117647,301535201,727.7344,1576.2646
MOVE,0,1.0,0.04117647,301535209,726.6797,1581.4062
MOVE,0,1.0,0.04117647,301535217,725.75684,1585.9766
MOVE,0,1.0,0.04117647,301535226,724.834,1590.833
MOVE,0,1.0,0.037254903,301535234,723.7793,1595.6885
MOVE,0,1.0,0.037254903,301535242,722.85645,1600.8301
MOVE,0,1.0,0.037254903,301535251,722.7246,1606.8291
MOVE,0,1.0,0.04117647,301535259,722.9883,1613.6846
MOVE,0,1.0,0.04117647,301535267,723.1201,1621.3965
MOVE,0,1.0,0.04117647,301535276,723.1201,1629.3945
MOVE,0,1.0,0.04117647,301535284,722.5918,1637.6846
MOVE,0,1.0,0.04117647,301535292,721.667,1646.2744
MOVE,0,1.0,0.04117647,301535301,720.333,1655.208
MOVE,0,1.0,0.037254903,301535310,718.39355,1665.3643
MOVE,0,1.0,0.04117647,301535318,716.16016,1676.6006
MOVE,0,1.0,0.04117647,301535327,713.99805,1687.7275
MOVE,0,1.0,0.04509804,301535336,711.7998,1700.9775
MOVE,0,1.0,0.04117647,301535345,708.7881,1716.4131
MOVE,0,1.0,0.03529412,301535353,705.5781,1727.9014
MOVE,0,1.0,0.04117647,301535361,701.7129,1739.1543
MOVE,0,1.0,0.037254903,301535369,696.6162,1752.3555
MOVE,0,1.0,0.037254903,301535378,692.8594,1763.3857
MOVE,0,1.0,0.037254903,301535385,689.58496,1772.5303
MOVE,0,1.0,0.025490198,301535393,685.9287,1781.7539
MOVE,0,1.0,0.01764706,301535401,681.0713,1791.4658
MOVE,0,1.0,0.01764706,301535405,678.6914,1795.6396
UP,0,1.0,0.01764706,301535413,678.6914,1795.6396
DOWN,0,1.0,0.037254903,301535605,801.8262,1254.0576
MOVE,0,1.0,0.04117647,301535629,801.59766,1255.5449
MOVE,0,1.0,0.037254903,301535634,801.2988,1257.2002
MOVE,0,1.0,0.04117647,301535643,799.98047,1262.0557
MOVE,0,1.0,0.04117647,301535652,795.31445,1277.9307
MOVE,0,1.0,0.04509804,301535664,781.3789,1323.9375
MOVE,0,1.0,0.04117647,301535672,766.38086,1371.835
MOVE,0,1.0,0.05686275,301535680,751.0908,1422.6504
MOVE,0,1.0,0.037254903,301535688,737.3633,1470.668
MOVE,0,1.0,0.04117647,301535697,725.48047,1517.5244
MOVE,0,1.0,0.04509804,301535705,715.96387,1560.4111
MOVE,0,1.0,0.04117647,301535714,709.34375,1597.0371
MOVE,0,1.0,0.04117647,301535722,705.62305,1626.8125
MOVE,0,1.0,0.03529412,301535730,703.49805,1649.167
MOVE,0,1.0,0.03137255,301535739,701.41504,1665.0225
MOVE,0,1.0,0.03137255,301535746,700.4297,1676.5566
MOVE,0,1.0,0.023529414,301535747,700.3125,1677.9541
UP,0,1.0,0.023529414,301535755,700.3125,1677.9541
DOWN,0,1.0,0.037254903,301535939,795.2344,1340.3223
MOVE,0,1.0,0.037254903,301535971,795.4629,1343.4473
MOVE,0,1.0,0.04117647,301535976,795.7617,1345.4639
MOVE,0,1.0,0.04117647,301535985,795.74316,1352.9775
MOVE,0,1.0,0.04117647,301535995,794.1592,1372.9521
MOVE,0,1.0,0.037254903,301536005,790.2588,1403.4844
MOVE,0,1.0,0.03529412,301536014,785.52637,1432.0146
MOVE,0,1.0,0.04117647,301536022,781.041,1460.0127
MOVE,0,1.0,0.04117647,301536031,776.03613,1488.0059
MOVE,0,1.0,0.04117647,301536039,771.2881,1514.3027
MOVE,0,1.0,0.037254903,301536047,767.8467,1538.8857
MOVE,0,1.0,0.04117647,301536056,764.6797,1561.7539
MOVE,0,1.0,0.04117647,301536064,762.2988,1578.9502
MOVE,0,1.0,0.04117647,301536072,760.1875,1596.0889
MOVE,0,1.0,0.037254903,301536081,758.6201,1611.8926
MOVE,0,1.0,0.03137255,301536089,757.3291,1630.2012
MOVE,0,1.0,0.04117647,301536097,755.7197,1646.7412
MOVE,0,1.0,0.03529412,301536105,753.4951,1660.8047
MOVE,0,1.0,0.03137255,301536113,750.23535,1676.8223
MOVE,0,1.0,0.025490198,301536122,746.3545,1693.2705
MOVE,0,1.0,0.025490198,301536130,742.709,1706.0225
MOVE,0,1.0,0.023529414,301536137,739.0879,1714.9092
MOVE,0,1.0,0.01764706,301536139,738.0176,1717.373
UP,0,1.0,0.01764706,301536147,738.0176,1717.373
DOWN,0,1.0,0.03137255,301536265,751.46484,1504.8535
MOVE,0,1.0,0.04509804,301536273,751.46484,1504.8535
MOVE,0,1.0,0.04509804,301536305,752.9072,1504.8535
MOVE,0,1.0,0.04509804,301536310,753.4424,1504.5684
MOVE,0,1.0,0.04509804,301536318,754.36523,1503.9971
MOVE,0,1.0,0.04509804,301536327,755.4199,1503.4258
MOVE,0,1.0,0.04509804,301536335,756.4746,1502.5684
MOVE,0,1.0,0.04509804,301536343,758.45215,1500.8545
MOVE,0,1.0,0.04117647,301536352,762.0117,1496.8555
MOVE,0,1.0,0.04117647,301536360,766.49414,1490.5713
MOVE,0,1.0,0.04117647,301536368,770.84766,1482.8525
MOVE,0,1.0,0.04509804,301536377,774.70996,1473.8984
MOVE,0,1.0,0.04509804,301536386,778.2383,1464.1406
MOVE,0,1.0,0.04117647,301536394,781.4287,1452.4785
MOVE,0,1.0,0.04509804,301536404,785.7617,1436.084
MOVE,0,1.0,0.04117647,301536414,791.92773,1415.3584
MOVE,0,1.0,0.04117647,301536423,797.1455,1399.752
MOVE,0,1.0,0.050980397,301536430,800.43945,1388.626
MOVE,0,1.0,0.050980397,301536437,803.29004,1378.8604
MOVE,0,1.0,0.04705883,301536445,806.1621,1369.7158
MOVE,0,1.0,0.04117647,301536453,809.3174,1360.4922
MOVE,0,1.0,0.04117647,301536461,812.54004,1351.8984
MOVE,0,1.0,0.04117647,301536469,815.27344,1344.8926
MOVE,0,1.0,0.04117647,301536477,817.7783,1337.752
MOVE,0,1.0,0.04705883,301536485,819.8877,1330.8965
MOVE,0,1.0,0.04705883,301536494,821.3379,1324.8975
MOVE,0,1.0,0.050980397,301536502,822.3926,1320.3271
MOVE,0,1.0,0.050980397,301536510,823.3154,1317.4707
MOVE,0,1.0,0.050980397,301536519,823.44727,1316.043
MOVE,0,1.0,0.050980397,301536527,822.9199,1315.1855
MOVE,0,1.0,0.050980397,301536535,822.26074,1314.6143
MOVE,0,1.0,0.050980397,301536544,821.7334,1314.6143
MOVE,0,1.0,0.050980397,301536552,821.4697,1314.3291
MOVE,0,1.0,0.050980397,301536560,821.3379,1313.7578
MOVE,0,1.0,0.050980397,301536569,821.4697,1313.1865
MOVE,0,1.0,0.050980397,301536577,821.86523,1312.6152
MOVE,0,1.0,0.04509804,301536585,822.65625,1311.4727
MOVE,0,1.0,0.03529412,301536594,823.8428,1310.044
MOVE,0,1.0,0.01764706,301536602,825.0293,1308.9014
MOVE,0,1.0,0.01764706,301536606,825.55664,1308.3301
UP,0,1.0,0.01764706,301536614,825.55664,1308.3301
DOWN,0,1.0,0.023529414,301537549,863.2617,1535.1318
MOVE,0,1.0,0.023529414,301537581,863.9824,1532.998
MOVE,0,1.0,0.01764706,301537586,864.3164,1531.419
MOVE,0,1.0,0.025490198,301537595,865.6719,1524.9639
MOVE,0,1.0,0.025490198,301537605,868.8262,1507.9355
MOVE,0,1.0,0.023529414,301537616,873.5078,1481.6367
MOVE,0,1.0,0.01764706,301537624,877.9824,1459.9385
MOVE,0,1.0,0.025490198,301537632,882.46484,1436.5332
MOVE,0,1.0,0.025490198,301537641,888.2529,1411.9795
MOVE,0,1.0,0.01764706,301537649,893.53125,1393.0693
MOVE,0,1.0,0.023529414,301537657,898.8047,1375.9141
MOVE,0,1.0,0.027450982,301537666,903.55566,1357.6436
MOVE,0,1.0,0.03137255,301537674,907.2422,1341.1309
MOVE,0,1.0,0.03137255,301537682,910.7617,1327.4805
MOVE,0,1.0,0.025490198,301537690,914.6836,1311.5908
MOVE,0,1.0,0.03137255,301537699,920.4258,1289.6777
MOVE,0,1.0,0.027450982,301537707,926.74316,1270.248
MOVE,0,1.0,0.027450982,301537715,931.20605,1258.4033
MOVE,0,1.0,0.023529414,301537722,934.1221,1250.7266
MOVE,0,1.0,0.01764706,301537729,937.2842,1243.3535
MOVE,0,1.0,0.01764706,301537737,940.2539,1237.2051
MOVE,0,1.0,0.01764706,301537745,942.62695,1232.6348
MOVE,0,1.0,0.023529414,301537753,943.9453,1229.4922
MOVE,0,1.0,0.023529414,301537762,944.3408,1227.4932
MOVE,0,1.0,0.023529414,301537770,944.3408,1226.6357
MOVE,0,1.0,0.023529414,301537778,943.9453,1226.6357
MOVE,0,1.0,0.023529414,301537787,943.41797,1226.9219
MOVE,0,1.0,0.023529414,301537795,943.1543,1227.4932
MOVE,0,1.0,0.01764706,301537803,943.02246,1227.7783
MOVE,0,1.0,0.027450982,301537812,942.7588,1228.0645
MOVE,0,1.0,0.01764706,301537820,942.4951,1228.3496
MOVE,0,1.0,0.01764706,301537824,942.3633,1228.3496
MOVE,0,1.0,0.023529414,301537857,941.90625,1228.8457
MOVE,0,1.0,0.01764706,301537862,941.7041,1228.9209
MOVE,0,1.0,0.01764706,301537866,941.57227,1228.9209
MOVE,0,1.0,0.027450982,301537907,941.11523,1229.417
MOVE,0,1.0,0.027450982,301537912,939.99023,1229.7783
MOVE,0,1.0,0.027450982,301537920,938.14453,1229.4922
MOVE,0,1.0,0.027450982,301537929,936.43066,1227.7783
MOVE,0,1.0,0.027450982,301537937,935.1123,1224.3506
MOVE,0,1.0,0.015686275,301537941,934.7168,1222.0654
UP,0,1.0,0.015686275,301537949,934.7168,1222.0654
DOWN,0,1.0,0.027450982,301538108,879.3457,978.6963
MOVE,0,1.0,0.01764706,301538140,878.3613,979.1924
MOVE,0,1.0,0.01764706,301538141,878.291,979.2676
UP,0,1.0,0.01764706,301538149,878.291,979.2676
MOVE,0,1.0,0.03137255,301538842,887.16406,1332.7188
MOVE,0,1.0,0.025490198,301538850,897.1748,1289.9062
MOVE,0,1.0,0.03137255,301538859,907.19434,1245.3623
MOVE,0,1.0,0.03137255,301538867,916.1699,1201.3682
MOVE,0,1.0,0.037254903,301538875,925.91797,1156.8125
MOVE,0,1.0,0.03137255,301538884,936.45703,1112.252
MOVE,0,1.0,0.03529412,301538892,947.26465,1071.085
MOVE,0,1.0,0.025490198,301538900,958.0752,1034.4766
MOVE,0,1.0,0.037254903,301538909,967.8418,1005.2666
MOVE,0,1.0,0.037254903,301538917,975.7705,980.08984
MOVE,0,1.0,0.03137255,301538925,982.89746,957.2158
MOVE,0,1.0,0.04117647,301538934,987.9287,936.62695
MOVE,0,1.0,0.04117647,301538942,991.6172,920.0908
MOVE,0,1.0,0.03529412,301538950,994.69434,905.1084
MOVE,0,1.0,0.037254903,301538958,997.0029,889.8086
MOVE,0,1.0,0.04117647,301538966,999.08203,877.2617
MOVE,0,1.0,0.04117647,301538973,1000.07715,867.625
MOVE,0,1.0,0.037254903,301538981,1000.541,858.16797
MOVE,0,1.0,0.04117647,301538989,1000.19727,850.30664
MOVE,0,1.0,0.04509804,301538996,999.7119,844.44336
MOVE,0,1.0,0.04509804,301539005,999.3164,840.44434
MOVE,0,1.0,0.04509804,301539013,998.6572,837.5879
MOVE,0,1.0,0.04509804,301539021,998.2617,835.30273
MOVE,0,1.0,0.04117647,301539030,998.39355,832.7324
MOVE,0,1.0,0.04117647,301539038,998.9209,829.876
MOVE,0,1.0,0.04117647,301539047,999.84375,827.3047
MOVE,0,1.0,0.037254903,301539055,1000.7666,825.30566
MOVE,0,1.0,0.037254903,301539063,1001.68945,823.87695
MOVE,0,1.0,0.037254903,301539072,1002.6123,823.0205
MOVE,0,1.0,0.037254903,301539080,1003.2715,822.4492
MOVE,0,1.0,0.037254903,301539088,1003.53516,822.1631
MOVE,0,1.0,0.037254903,301539096,1003.53516,822.1631
MOVE,0,1.0,0.0058823535,301539101,1003.53516,822.1631
UP,0,1.0,0.0058823535,301539109,1003.53516,822.1631
MOVE,0,1.0,0.03137255,301540886,880.8799,1348.1201
MOVE,0,1.0,0.037254903,301540894,887.4541,1304.7656
MOVE,0,1.0,0.037254903,301540903,896.917,1256.8223
MOVE,0,1.0,0.037254903,301540911,907.71387,1206.5723
MOVE,0,1.0,0.04117647,301540919,920.35156,1155.168
MOVE,0,1.0,0.03137255,301540928,934.5742,1104.8828
MOVE,0,1.0,0.03529412,301540936,948.55176,1056.3057
MOVE,0,1.0,0.037254903,301540944,962.0039,1011.13965
MOVE,0,1.0,0.037254903,301540953,972.8408,974.4912
MOVE,0,1.0,0.04117647,301540961,980.51953,942.4541
MOVE,0,1.0,0.04117647,301540969,986.86035,914.9863
MOVE,0,1.0,0.037254903,301540978,991.8838,892.6543
MOVE,0,1.0,0.04117647,301540986,995.5879,874.89844
MOVE,0,1.0,0.04117647,301540994,997.9043,860.4551
MOVE,0,1.0,0.04117647,301541001,999.9678,849.9092
MOVE,0,1.0,0.04509804,301541009,1001.8213,840.4082
MOVE,0,1.0,0.04117647,301541016,1003.59375,832.19434
MOVE,0,1.0,0.037254903,301541024,1004.98535,825.5908
MOVE,0,1.0,0.037254903,301541032,1005.9082,819.8779
MOVE,0,1.0,0.037254903,301541040,1006.5674,816.16504
MOVE,0,1.0,0.037254903,301541049,1007.22656,813.59375
MOVE,0,1.0,0.037254903,301541057,1007.49023,811.8799
MOVE,0,1.0,0.037254903,301541065,1007.7539,811.02344
MOVE,0,1.0,0.037254903,301541070,1008.0176,810.7373
MOVE,0,1.0,0.037254903,301541110,1008.50977,810.7373
MOVE,0,1.0,0.03137255,301541116,1008.9404,810.7373
MOVE,0,1.0,0.03137255,301541124,1009.5996,810.7373
MOVE,0,1.0,0.03137255,301541132,1010.2588,810.45215
MOVE,0,1.0,0.03137255,301541140,1011.3135,810.166
MOVE,0,1.0,0.025490198,301541149,1012.7637,809.5947
MOVE,0,1.0,0.025490198,301541153,1013.5547,809.02344
UP,0,1.0,0.025490198,301541161,1013.5547,809.02344
DOWN,0,1.0,0.03137255,301542521,172.4414,883.8623
MOVE,0,1.0,0.025490198,301542537,172.89844,884.3584
MOVE,0,1.0,0.025490198,301542542,173.23242,885.0049
MOVE,0,1.0,0.023529414,301542550,174.15527,887.0049
MOVE,0,1.0,0.01764706,301542559,175.86914,890.1465
MOVE,0,1.0,0.023529414,301542567,179.6084,896.51465
MOVE,0,1.0,0.015686275,301542576,187.29102,909.2793
MOVE,0,1.0,0.0058823535,301542579,190.63477,914.7119
UP,0,1.0,0.0058823535,301542587,190.63477,914.7119
DOWN,0,1.0,0.025490198,301542638,852.9785,980.98145
MOVE,0,1.0,0.03137255,301542646,852.9785,980.98145
MOVE,0,1.0,0.03529412,301542670,853.9287,980.41016
MOVE,0,1.0,0.03529412,301542675,854.2969,980.125
MOVE,0,1.0,0.03529412,301542684,854.6924,979.5537
MOVE,0,1.0,0.03529412,301542692,855.2197,978.9824
MOVE,0,1.0,0.03137255,301542701,855.8789,978.41113
MOVE,0,1.0,0.025490198,301542709,856.5381,977.83984
MOVE,0,1.0,0.023529414,301542713,856.9336,977.5537
UP,0,1.0,0.023529414,301542722,856.9336,977.5537
MOVE,0,1.0,0.03137255,301543839,889.7871,1305.2568
MOVE,0,1.0,0.025490198,301543848,903.4668,1263.6152
MOVE,0,1.0,0.037254903,301543856,917.6992,1220.7803
MOVE,0,1.0,0.03137255,301543864,932.45996,1176.8027
MOVE,0,1.0,0.03529412,301543872,946.18164,1133.9443
MOVE,0,1.0,0.03137255,301543881,958.84766,1092.2285
MOVE,0,1.0,0.037254903,301543889,971.5039,1049.959
MOVE,0,1.0,0.04117647,301543898,982.85547,1011.6426
MOVE,0,1.0,0.03137255,301543906,991.583,975.6289
MOVE,0,1.0,0.037254903,301543914,998.45703,942.46484
MOVE,0,1.0,0.037254903,301543922,1004.26855,912.72363
MOVE,0,1.0,0.037254903,301543931,1008.5029,886.41016
MOVE,0,1.0,0.03137255,301543939,1011.9385,864.08984
MOVE,0,1.0,0.03137255,301543947,1014.583,843.50684
MOVE,0,1.0,0.025490198,301543956,1017.208,826.9707
MOVE,0,1.0,0.025490198,301543964,1019.209,813.9717
MOVE,0,1.0,0.025490198,301543971,1019.7666,803.667
MOVE,0,1.0,0.025490198,301543978,1020.5908,794.51074
MOVE,0,1.0,0.025490198,301543986,1021.375,786.89355
MOVE,0,1.0,0.03137255,301543993,1021.86035,779.8877
MOVE,0,1.0,0.03137255,301544002,1021.9922,773.6035
MOVE,0,1.0,0.03137255,301544010,1021.9922,768.17676
MOVE,0,1.0,0.03137255,301544019,1021.86035,763.8916
MOVE,0,1.0,0.03137255,301544027,1021.7285,761.03516
MOVE,0,1.0,0.03137255,301544035,1021.7285,759.3213
MOVE,0,1.0,0.03137255,301544040,1021.7285,758.75
MOVE,0,1.0,0.025490198,301544081,1021.7285,758.75
MOVE,0,1.0,0.023529414,301544105,1024.877,759.2461
MOVE,0,1.0,0.01764706,301544110,1026.8701,759.03613
MOVE,0,1.0,0.013725491,301544114,1028.584,758.75
UP,0,1.0,0.013725491,301544122,1028.584,758.75
DOWN,0,1.0,0.023529414,301545741,857.9883,1368.3154
MOVE,0,1.0,0.027450982,301545773,858.9385,1367.3242
MOVE,0,1.0,0.03137255,301545779,859.4385,1365.7451
MOVE,0,1.0,0.027450982,301545787,861.6084,1359.29
MOVE,0,1.0,0.01764706,301545797,866.64453,1340.7188
MOVE,0,1.0,0.025490198,301545808,874.79785,1306.8906
MOVE,0,1.0,0.023529414,301545816,882.4336,1273.8125
MOVE,0,1.0,0.03137255,301545825,891.38477,1238.416
MOVE,0,1.0,0.037254903,301545833,900.6113,1200.168
MOVE,0,1.0,0.03137255,301545841,909.83984,1160.1953
MOVE,0,1.0,0.03137255,301545849,921.417,1118.5078
MOVE,0,1.0,0.037254903,301545858,934.8457,1074.542
MOVE,0,1.0,0.03137255,301545866,947.249,1033.3799
MOVE,0,1.0,0.03529412,301545875,958.59766,995.6406
MOVE,0,1.0,0.037254903,301545883,968.1084,960.19824
MOVE,0,1.0,0.04117647,301545891,977.0781,926.4746
MOVE,0,1.0,0.03529412,301545900,985.25977,895.03125
MOVE,0,1.0,0.04117647,301545908,992.9121,867.0039
MOVE,0,1.0,0.037254903,301545916,999.2529,842.9697
MOVE,0,1.0,0.037254903,301545925,1004.27637,824.63086
MOVE,0,1.0,0.037254903,301545932,1007.2588,812.79785
MOVE,0,1.0,0.03137255,301545939,1009.5332,804.6367
MOVE,0,1.0,0.03137255,301545946,1011.6113,796.6387
MOVE,0,1.0,0.03137255,301545954,1013.5596,789.584
MOVE,0,1.0,0.03137255,301545962,1015.66406,783.0303
MOVE,0,1.0,0.03137255,301545971,1017.3779,777.3174
MOVE,0,1.0,0.037254903,301545979,1018.3008,773.0322
MOVE,0,1.0,0.037254903,301545987,1018.6963,770.1758
MOVE,0,1.0,0.037254903,301545996,1018.6963,768.74805
MOVE,0,1.0,0.037254903,301546004,1018.4326,768.4619
MOVE,0,1.0,0.037254903,301546008,1018.3008,768.4619
MOVE,0,1.0,0.03137255,301546057,1018.5293,768.4619
MOVE,0,1.0,0.029411767,301546062,1018.95996,768.4619
MOVE,0,1.0,0.01764706,301546071,1020.01465,768.17676
MOVE,0,1.0,0.01764706,301546079,1021.46484,767.60547
MOVE,0,1.0,0.0058823535,301546083,1022.25586,767.31934
UP,0,1.0,0.0058823535,301546091,1022.25586,767.31934
DOWN,0,1.0,0.01764706,301547652,885.6738,1249.4873
MOVE,0,1.0,0.025490198,301547702,889.64844,1232.8369
MOVE,0,1.0,0.03137255,301547715,902.19434,1190.585
MOVE,0,1.0,0.025490198,301547727,916.41797,1142.4453
MOVE,0,1.0,0.03137255,301547735,926.4424,1104.7568
MOVE,0,1.0,0.027450982,301547743,935.41797,1070.4453
MOVE,0,1.0,0.027450982,301547752,942.55566,1038.4307
MOVE,0,1.0,0.03529412,301547760,947.3252,1009.83203
MOVE,0,1.0,0.03529412,301547768,950.7666,984.66016
MOVE,0,1.0,0.03137255,301547777,954.19434,961.2207
MOVE,0,1.0,0.03529412,301547785,957.8828,938.9287
MOVE,0,1.0,0.037254903,301547793,961.83594,921.17285
MOVE,0,1.0,0.03529412,301547802,966.83496,901.2012
MOVE,0,1.0,0.037254903,301547810,971.15234,887.40234
MOVE,0,1.0,0.04117647,301547817,975.0127,876.4961
MOVE,0,1.0,0.04117647,301547824,978.63574,866.9072
MOVE,0,1.0,0.04117647,301547832,981.8164,858.50195
MOVE,0,1.0,0.04509804,301547840,984.3447,851.11035
MOVE,0,1.0,0.03529412,301547848,986.66016,844.7295
MOVE,0,1.0,0.03529412,301547856,989.16504,839.0166
MOVE,0,1.0,0.03529412,301547864,991.1426,834.4463
MOVE,0,1.0,0.04117647,301547873,992.46094,830.44727
MOVE,0,1.0,0.04117647,301547881,993.7793,826.7334
MOVE,0,1.0,0.037254903,301547889,995.2295,823.87695
MOVE,0,1.0,0.037254903,301547898,996.54785,821.5918
MOVE,0,1.0,0.037254903,301547906,997.7344,819.30664
MOVE,0,1.0,0.037254903,301547915,999.05273,817.3076
MOVE,0,1.0,0.037254903,301547923,1000.5029,815.59375
MOVE,0,1.0,0.037254903,301547931,1001.8213,814.16504
MOVE,0,1.0,0.037254903,301547940,1002.74414,813.3086
MOVE,0,1.0,0.037254903,301547948,1003.2715,812.7373
MOVE,0,1.0,0.037254903,301547956,1003.7988,812.166
MOVE,0,1.0,0.037254903,301547965,1004.19434,811.8799
MOVE,0,1.0,0.037254903,301547973,1004.458,811.3086
MOVE,0,1.0,0.037254903,301547981,1004.98535,810.7373
MOVE,0,1.0,0.03137255,301547990,1005.64453,810.45215
MOVE,0,1.0,0.03137255,301547998,1006.3037,810.166
MOVE,0,1.0,0.027450982,301548006,1006.6992,810.166
MOVE,0,1.0,0.0058823535,301548010,1006.6992,810.166
UP,0,1.0,0.0058823535,301548018,1006.6992,810.166
DOWN,0,1.0,0.01764706,301550013,881.9824,1387.7393
MOVE,0,1.0,0.023529414,301550045,883.16113,1383.0518
MOVE,0,1.0,0.01764706,301550050,884.0918,1379.1699
MOVE,0,1.0,0.023529414,301550060,887.67285,1363.2949
MOVE,0,1.0,0.027450982,301550071,896.93555,1320.6816
MOVE,0,1.0,0.025490198,301550080,906.14844,1279.6055
MOVE,0,1.0,0.027450982,301550088,916.4209,1235.0791
MOVE,0,1.0,0.025490198,301550096,927.2256,1190.5186
MOVE,0,1.0,0.03137255,301550105,937.2529,1145.3926
MOVE,0,1.0,0.023529414,301550113,946.751,1098.5645
MOVE,0,1.0,0.025490198,301550121,956.24316,1051.1533
MOVE,0,1.0,0.03137255,301550130,964.16895,1004.8672
MOVE,0,1.0,0.025490198,301550138,969.46875,965.9453
MOVE,0,1.0,0.03137255,301550146,972.91504,931.6221
MOVE,0,1.0,0.025490198,301550155,976.3428,900.7383
MOVE,0,1.0,0.037254903,301550163,979.7705,872.7168
MOVE,0,1.0,0.03137255,301550171,983.98145,849.24805
MOVE,0,1.0,0.03137255,301550180,987.67773,830.3496
MOVE,0,1.0,0.037254903,301550188,990.9502,817.2217
MOVE,0,1.0,0.04117647,301550195,993.99023,807.63574
MOVE,0,1.0,0.04117647,301550202,996.3662,798.7539
MOVE,0,1.0,0.037254903,301550209,997.79004,791.208
MOVE,0,1.0,0.04117647,301550217,998.78906,785.0293
MOVE,0,1.0,0.04509804,301550226,999.84375,779.60254
MOVE,0,1.0,0.04509804,301550234,1000.63477,774.7461
MOVE,0,1.0,0.04509804,301550242,1001.29395,770.4619
MOVE,0,1.0,0.04509804,301550251,1001.9531,767.0342
MOVE,0,1.0,0.04509804,301550259,1002.6123,764.749
MOVE,0,1.0,0.04509804,301550267,1003.53516,763.03516
MOVE,0,1.0,0.04117647,301550276,1004.8535,761.60645
MOVE,0,1.0,0.04117647,301550284,1006.5674,760.75
MOVE,0,1.0,0.037254903,301550292,1008.5449,759.8926
MOVE,0,1.0,0.01764706,301550297,1009.5996,759.3213
UP,0,1.0,0.01764706,301550304,1009.5996,759.3213
DOWN,0,1.0,0.015686275,301552734,902.0215,1407.7344
MOVE,0,1.0,0.03137255,301552849,968.3584,1055.1865
MOVE,0,1.0,0.037254903,301552858,980.21387,1007.16895
MOVE,0,1.0,0.025490198,301552866,991.0342,967.0996
MOVE,0,1.0,0.03137255,301552874,999.4961,932.76465
MOVE,0,1.0,0.025490198,301552883,1004.8008,903.0117
MOVE,0,1.0,0.037254903,301552891,1008.5078,879.52637
MOVE,0,1.0,0.03137255,301552900,1011.9385,858.93164
MOVE,0,1.0,0.03137255,301552908,1015.62695,840.62695
MOVE,0,1.0,0.025490198,301552916,1018.21875,825.499
MOVE,0,1.0,0.025490198,301552923,1020.55566,814.7588
MOVE,0,1.0,0.025490198,301552930,1022.751,805.5596
MOVE,0,1.0,0.025490198,301552938,1024.543,796.57324
MOVE,0,1.0,0.025490198,301552946,1025.5732,789.41113
MOVE,0,1.0,0.023529414,301552954,1026.4746,783.0303
MOVE,0,1.0,0.023529414,301552962,1027.6611,777.3174
MOVE,0,1.0,0.023529414,301552971,1028.9795,772.46094
MOVE,0,1.0,0.023529414,301552979,1030.166,768.4619
MOVE,0,1.0,0.023529414,301552987,1031.0889,765.60547
MOVE,0,1.0,0.023529414,301552996,1031.8799,763.3203
MOVE,0,1.0,0.023529414,301553004,1032.2754,761.8926
MOVE,0,1.0,0.023529414,301553008,1032.2754,761.60645
MOVE,0,1.0,0.023529414,301553033,1032.0117,761.03516
MOVE,0,1.0,0.023529414,301553065,1032.9619,760.54004
MOVE,0,1.0,0.01764706,301553071,1033.8574,760.1787
MOVE,0,1.0,0.01764706,301553079,1035.4395,759.8926
MOVE,0,1.0,0.0058823535,301553083,1036.2305,759.8926
UP,0,1.0,0.0058823535,301553091,1036.2305,759.8926
DOWN,0,1.0,0.025490198,301555262,879.6094,1416.3037
MOVE,0,1.0,0.023529414,301555285,880.5596,1414.7412
MOVE,0,1.0,0.01764706,301555290,881.32324,1412.876
MOVE,0,1.0,0.01764706,301555298,882.9053,1407.7344
MOVE,0,1.0,0.023529414,301555308,886.7822,1392.9268
MOVE,0,1.0,0.023529414,301555320,895.6221,1355.4844
MOVE,0,1.0,0.027450982,301555328,901.958,1322.9385
MOVE,0,1.0,0.023529414,301555336,907.76465,1294.334
MOVE,0,1.0,0.025490198,301555344,912.25977,1271.9902
MOVE,0,1.0,0.025490198,301555352,915.3965,1256.1348
MOVE,0,1.0,0.025490198,301555360,917.3613,1243.9824
MOVE,0,1.0,0.023529414,301555367,919.56836,1233.5781
MOVE,0,1.0,0.023529414,301555375,922.417,1222.6826
MOVE,0,1.0,0.023529414,301555383,924.72363,1213.3838
MOVE,0,1.0,0.027450982,301555390,927.2988,1205.542
MOVE,0,1.0,0.023529414,301555398,930.24023,1197.7686
MOVE,0,1.0,0.01764706,301555407,932.73926,1191.7871
MOVE,0,1.0,0.01764706,301555415,934.58496,1187.5029
MOVE,0,1.0,0.01764706,301555424,935.63965,1184.0752
MOVE,0,1.0,0.01764706,301555432,936.43066,1181.79
MOVE,0,1.0,0.01764706,301555440,936.8262,1180.3613
MOVE,0,1.0,0.01764706,301555448,936.69434,1179.79
MOVE,0,1.0,0.01764706,301555453,936.5625,1179.79
MOVE,0,1.0,0.01764706,301555493,936.2988,1178.7236
MOVE,0,1.0,0.01764706,301555498,936.43066,1178.3623
MOVE,0,1.0,0.01764706,301555507,936.958,1177.5049
MOVE,0,1.0,0.01764706,301555511,937.3535,1176.9336
UP,0,1.0,0.01764706,301555519,937.3535,1176.9336
MOVE,0,1.0,0.025490198,301556062,936.708,1260.7871
MOVE,0,1.0,0.01764706,301556070,948.834,1212.2676
MOVE,0,1.0,0.03137255,301556078,959.91895,1162.5771
MOVE,0,1.0,0.03137255,301556087,969.94824,1112.3096
MOVE,0,1.0,0.037254903,301556095,979.18555,1063.167
MOVE,0,1.0,0.037254903,301556103,986.84766,1016.86426
MOVE,0,1.0,0.03137255,301556112,992.667,973.9834
MOVE,0,1.0,0.037254903,301556120,997.1621,938.48926
MOVE,0,1.0,0.037254903,301556128,1001.64453,907.59375
MOVE,0,1.0,0.037254903,301556137,1004.2998,882.3994
MOVE,0,1.0,0.037254903,301556145,1006.6758,860.0908
MOVE,0,1.0,0.037254903,301556153,1009.5703,841.2041
MOVE,0,1.0,0.037254903,301556161,1011.6084,827.417
MOVE,0,1.0,0.03137255,301556169,1013.19434,817.0762
MOVE,0,1.0,0.03137255,301556176,1014.6162,808.2217
MOVE,0,1.0,0.03137255,301556183,1016.0127,800.2822
MOVE,0,1.0,0.025490198,301556191,1017.1162,793.2988
MOVE,0,1.0,0.025490198,301556199,1018.0371,787.0293
MOVE,0,1.0,0.025490198,301556208,1018.95996,781.60156
MOVE,0,1.0,0.03137255,301556216,1019.751,777.60254
MOVE,0,1.0,0.03137255,301556224,1020.542,774.46094
MOVE,0,1.0,0.03137255,301556233,1021.333,772.46094
MOVE,0,1.0,0.03137255,301556241,1021.86035,771.31836
MOVE,0,1.0,0.03137255,301556245,1021.9922,770.7471
MOVE,0,1.0,0.029411767,301556269,1021.9922,770.7471
MOVE,0,1.0,0.029411767,301556274,1021.9922,770.7471
MOVE,0,1.0,0.01764706,301556283,1023.9697,771.6045
MOVE,0,1.0,0.013725491,301556287,1024.6289,771.88965
UP,0,1.0,0.013725491,301556295,1024.6289,771.88965
DOWN,0,1.0,0.027450982,301556362,174.81445,1064.3896
MOVE,0,1.0,0.037254903,301556387,174.81445,1064.3896
MOVE,0,1.0,0.04117647,301556411,174.35742,1064.3896
MOVE,0,1.0,0.04117647,301556416,173.8916,1064.3896
MOVE,0,1.0,0.04117647,301556425,173.23242,1064.6758
MOVE,0,1.0,0.037254903,301556433,172.4414,1065.2471
MOVE,0,1.0,0.03137255,301556441,171.38672,1066.1035
MOVE,0,1.0,0.027450982,301556450,170.5957,1067.5322
MOVE,0,1.0,0.013725491,301556454,170.33203,1068.3887
UP,0,1.0,0.013725491,301556462,170.33203,1068.3887
DOWN,0,1.0,0.037254903,301556704,164.0039,954.13086
MOVE,0,1.0,0.03137255,301556729,164.0039,954.13086
MOVE,0,1.0,0.03137255,301556753,163.01953,955.19824
MOVE,0,1.0,0.025490198,301556758,162.68555,955.5596
MOVE,0,1.0,0.01764706,301556762,162.42188,955.8447
UP,0,1.0,0.01764706,301556770,162.42188,955.8447
DOWN,0,1.0,0.03137255,301557714,894.90234,1343.1787
MOVE,0,1.0,0.03137255,301557789,927.5215,1132.8984
MOVE,0,1.0,0.03137255,301557797,934.124,1084.8643
MOVE,0,1.0,0.037254903,301557805,941.2373,1038.0078
MOVE,0,1.0,0.03529412,301557814,948.8789,992.29297
MOVE,0,1.0,0.03529412,301557822,957.56934,948.2871
MOVE,0,1.0,0.037254903,301557830,966.79297,907.125
MOVE,0,1.0,0.037254903,301557839,974.4551,872.7793
MOVE,0,1.0,0.037254903,301557847,980.7959,842.46094
MOVE,0,1.0,0.04117647,301557855,986.60254,816.1416
MOVE,0,1.0,0.04117647,301557864,991.6201,792.6904
MOVE,0,1.0,0.04117647,301557872,995.8467,771.5303
MOVE,0,1.0,0.037254903,301557880,999.52734,754.9883
MOVE,0,1.0,0.037254903,301557888,1002.3037,741.3379
MOVE,0,1.0,0.037254903,301557896,1004.41113,730.2461
MOVE,0,1.0,0.037254903,301557903,1006.5449,720.16406
MOVE,0,1.0,0.04509804,301557911,1008.88477,710.5791
MOVE,0,1.0,0.03529412,301557919,1011.9619,700.11816
MOVE,0,1.0,0.03137255,301557927,1014.4053,690.7344
MOVE,0,1.0,0.025490198,301557935,1016.6201,682.6631
MOVE,0,1.0,0.025490198,301557944,1020.4072,672.1006
MOVE,0,1.0,0.025490198,301557953,1025.2402,660.87695
MOVE,0,1.0,0.023529414,301557961,1029.2871,652.43945
MOVE,0,1.0,0.023529414,301557968,1033.0664,645.3496
MOVE,0,1.0,0.029411767,301557977,1037.2852,638.7793
MOVE,0,1.0,0.023529414,301557985,1041.7676,633.35254
MOVE,0,1.0,0.023529414,301557993,1047.7002,628.4961
MOVE,0,1.0,0.015686275,301558001,1055.083,623.3545
MOVE,0,1.0,0.0058823535,301558006,1058.9062,620.49805
UP,0,1.0,0.0058823535,301558014,1058.9062,620.49805
DOWN,0,1.0,0.037254903,301558022,251.2793,1187.7881
MOVE,0,1.0,0.03529412,301558046,249.11621,1179.5557
MOVE,0,1.0,0.04117647,301558052,246.1709,1170.7471
MOVE,0,1.0,0.04509804,301558063,237.42676,1147.4297
MOVE,0,1.0,0.04117647,301558072,211.71289,1092.3369
MOVE,0,1.0,0.037254903,301558081,167.61133,1009.80273
MOVE,0,1.0,0.01764706,301558089,114.43848,925.26953
MOVE,0,1.0,0.0058823535,301558097,18.628906,792.0791
MOVE,0,1.0,0.0058823535,301558097,17.666016,790.7422
UP,0,1.0,0.0058823535,301558105,17.666016,790.7422
DOWN,0,1.0,0.04117647,301558256,133.41797,859.86816
MOVE,0,1.0,0.037254903,301558272,134.79004,860.8594
MOVE,0,1.0,0.04509804,301558277,137.63672,864.4385
MOVE,0,1.0,0.04117647,301558286,146.86523,877.6201
MOVE,0,1.0,0.05686275,301558297,166.39355,908.333
MOVE,0,1.0,0.04509804,301558306,187.00684,944.0703
MOVE,0,1.0,0.04117647,301558314,209.91699,987.96875
MOVE,0,1.0,0.04509804,301558323,235.98926,1039.876
MOVE,0,1.0,0.050980397,301558331,263.65918,1097.5186
MOVE,0,1.0,0.04509804,301558339,288.99512,1151.8252
MOVE,0,1.0,0.04509804,301558348,310.13086,1199.877
MOVE,0,1.0,0.05686275,301558356,325.48145,1239.9473
MOVE,0,1.0,0.04509804,301558364,335.03223,1272.585
MOVE,0,1.0,0.050980397,301558373,341.91406,1299.4922
MOVE,0,1.0,0.050980397,301558381,346.94238,1325.7773
MOVE,0,1.0,0.04509804,301558389,349.86328,1349.794
MOVE,0,1.0,0.04705883,301558398,353.28613,1371.5264
MOVE,0,1.0,0.050980397,301558406,356.9746,1389.8418
MOVE,0,1.0,0.04509804,301558414,358.51758,1403.623
MOVE,0,1.0,0.04509804,301558421,359.65527,1413.9639
MOVE,0,1.0,0.050980397,301558429,360.79688,1422.8184
MOVE,0,1.0,0.04509804,301558436,361.81348,1430.1201
MOVE,0,1.0,0.04117647,301558444,362.54883,1436.2988
MOVE,0,1.0,0.04509804,301558452,363.33984,1440.8691
MOVE,0,1.0,0.04509804,301558460,363.99902,1443.4404
MOVE,0,1.0,0.050980397,301558469,364.52637,1444.0117
MOVE,0,1.0,0.050980397,301558477,364.92188,1442.8691
MOVE,0,1.0,0.05686275,301558485,364.79004,1439.4414
MOVE,0,1.0,0.050980397,301558495,363.5791,1428.5205
MOVE,0,1.0,0.05686275,301558505,357.72852,1394.5498
MOVE,0,1.0,0.050980397,301558514,342.39355,1336.8662
MOVE,0,1.0,0.04509804,301558523,317.18652,1258.2734
MOVE,0,1.0,0.050980397,301558531,279.8662,1157.3789
MOVE,0,1.0,0.04509804,301558540,235.11621,1054.5635
MOVE,0,1.0,0.05686275,301558548,178.5459,951.73145
MOVE,0,1.0,0.04509804,301558556,120.02832,864.73535
MOVE,0,1.0,0.037254903,301558564,63.05957,789.77637
MOVE,0,1.0,0.011764707,301558572,7.4121094,722.85547
MOVE,0,1.0,0.011764707,301558572,6.8554688,722.1875
UP,0,1.0,0.011764707,301558581,6.8554688,722.1875
DOWN,0,1.0,0.013725491,301558890,791.2793,1368.8867
MOVE,0,1.0,0.023529414,301558906,791.7363,1368.3916
MOVE,0,1.0,0.025490198,301558911,792.7295,1366.8877
MOVE,0,1.0,0.01764706,301558919,795.10254,1362.8887
MOVE,0,1.0,0.03137255,301558928,798.87305,1355.291
MOVE,0,1.0,0.025490198,301558937,809.5801,1329.7773
MOVE,0,1.0,0.023529414,301558948,837.4453,1260.3701
MOVE,0,1.0,0.025490198,301558957,869.2705,1181.1553
MOVE,0,1.0,0.03137255,301558965,908.4844,1084.7793
MOVE,0,1.0,0.03137255,301558973,951.4258,979.7471
MOVE,0,1.0,0.01764706,301558982,995.1875,867.2783
MOVE,0,1.0,0.003921569,301558989,1035.3027,747.94727
MOVE,0,1.0,0.003921569,301558990,1035.7031,746.7529
UP,0,1.0,0.003921569,301558998,1035.7031,746.7529
DOWN,0,1.0,0.03137255,301559650,794.9707,1450.0098
MOVE,0,1.0,0.03137255,301559673,795.9209,1445.3984
MOVE,0,1.0,0.03137255,301559678,796.8174,1440.5771
MOVE,0,1.0,0.037254903,301559687,799.1553,1427.916
MOVE,0,1.0,0.037254903,301559698,807.6387,1385.4678
MOVE,0,1.0,0.04117647,301559707,825.3877,1305.0908
MOVE,0,1.0,0.04117647,301559716,849.57227,1211.0107
MOVE,0,1.0,0.04117647,301559724,882.9658,1102.043
MOVE,0,1.0,0.037254903,301559732,921.9336,994.0586
MOVE,0,1.0,0.037254903,301559741,963.30664,893.4375
MOVE,0,1.0,0.023529414,301559748,1001.3096,799.1113
MOVE,0,1.0,0.023529414,301559749,1001.68945,798.16895
UP,0,1.0,0.023529414,301559757,1001.68945,798.16895
DOWN,0,1.0,0.023529414,301559925,126.82617,1113.5205
MOVE,0,1.0,0.029411767,301559957,126.82617,1112.5293
MOVE,0,1.0,0.027450982,301559962,126.694336,1111.5215
MOVE,0,1.0,0.03137255,301559970,125.50781,1108.665
MOVE,0,1.0,0.023529414,301559979,122.34375,1103.5234
MOVE,0,1.0,0.0058823535,301559983,120.234375,1100.3809
UP,0,1.0,0.0058823535,301559991,120.234375,1100.3809
MOVE,0,1.0,0.027450982,301561267,858.21484,1061.0879
MOVE,0,1.0,0.03137255,301561276,862.4287,1108.4766
MOVE,0,1.0,0.027450982,301561284,866.125,1157.0244
MOVE,0,1.0,0.023529414,301561293,868.5117,1202.1904
MOVE,0,1.0,0.027450982,301561301,868.2744,1248.4531
MOVE,0,1.0,0.023529414,301561309,865.66113,1296.9902
MOVE,0,1.0,0.027450982,301561317,862.50195,1346.1152
MOVE,0,1.0,0.01764706,301561326,861.166,1394.1152
MOVE,0,1.0,0.023529414,301561334,863.24023,1431.9229
MOVE,0,1.0,0.01764706,301561342,866.6553,1459.4473
MOVE,0,1.0,0.023529414,301561351,870.34375,1478.9512
MOVE,0,1.0,0.023529414,301561359,874.32715,1491.4355
MOVE,0,1.0,0.01764706,301561365,877.51855,1500.2949
MOVE,0,1.0,0.01764706,301561373,879.9873,1508.3135
MOVE,0,1.0,0.01764706,301561380,881.458,1514.5791
MOVE,0,1.0,0.01764706,301561388,882.11426,1519.1357
MOVE,0,1.0,0.01764706,301561397,881.71875,1520.5645
MOVE,0,1.0,0.01764706,301561405,880.0049,1517.1367
MOVE,0,1.0,0.023529414,301561414,876.37305,1503.7529
MOVE,0,1.0,0.023529414,301561426,870.4844,1468.9609
MOVE,0,1.0,0.023529414,301561434,866.9873,1429.832
MOVE,0,1.0,0.027450982,301561443,865.64844,1379.6729
MOVE,0,1.0,0.027450982,301561451,867.4619,1318.6533
MOVE,0,1.0,0.03137255,301561459,874.2676,1256.96
MOVE,0,1.0,0.03137255,301561468,884.77734,1192.998
MOVE,0,1.0,0.03137255,301561476,898.1953,1130.7109
MOVE,0,1.0,0.037254903,301561484,913.4697,1073.5303
MOVE,0,1.0,0.03529412,301561493,928.7627,1022.62305
MOVE,0,1.0,0.04117647,301561501,941.70703,975.7373
MOVE,0,1.0,0.03529412,301561509,952.5381,935.1123
MOVE,0,1.0,0.05686275,301561518,961.7832,900.20703
MOVE,0,1.0,0.04509804,301561526,969.1836,869.3174
MOVE,0,1.0,0.04117647,301561534,974.4785,840.73047
MOVE,0,1.0,0.04117647,301561543,980.7959,816.6904
MOVE,0,1.0,0.04117647,301561551,986.3408,797.2207
MOVE,0,1.0,0.04509804,301561559,989.66016,783.42773
MOVE,0,1.0,0.04509804,301561566,992.31836,774.1885
MOVE,0,1.0,0.04117647,301561573,994.9785,765.42285
MOVE,0,1.0,0.037254903,301561581,997.8545,756.2412
MOVE,0,1.0,0.03137255,301561589,1000.44336,748.2471
MOVE,0,1.0,0.03137255,301561597,1003.1416,740.17676
MOVE,0,1.0,0.037254903,301561605,1005.91406,732.4551
MOVE,0,1.0,0.03137255,301561614,1008.28125,726.1865
MOVE,0,1.0,0.03137255,301561622,1010.2588,721.0449
MOVE,0,1.0,0.023529414,301561630,1012.36816,716.76074
MOVE,0,1.0,0.023529414,301561639,1015.26855,712.4756
MOVE,0,1.0,0.015686275,301561647,1019.0918,706.7627
MOVE,0,1.0,0.003921569,301561651,1021.2012,703.33496
UP,0,1.0,0.003921569,301561659,1021.2012,703.33496
DOWN,0,1.0,0.027450982,301561918,111.5332,1191.2158
MOVE,0,1.0,0.027450982,301561967,112.81641,1196.4746
MOVE,0,1.0,0.027450982,301561972,112.58789,1199.5
MOVE,0,1.0,0.023529414,301561981,111.66504,1204.3555
MOVE,0,1.0,0.0058823535,301561985,111.00586,1206.6406
UP,0,1.0,0.0058823535,301561993,111.00586,1206.6406
MOVE,0,1.0,0.03137255,301563311,919.95703,934.0508
MOVE,0,1.0,0.04117647,301563320,917.3408,968.6416
MOVE,0,1.0,0.03137255,301563328,912.09375,1008.0088
MOVE,0,1.0,0.03137255,301563336,903.9492,1048.5596
MOVE,0,1.0,0.023529414,301563345,894.4697,1089.1211
MOVE,0,1.0,0.025490198,301563353,884.7168,1128.5508
MOVE,0,1.0,0.01764706,301563361,874.96094,1165.1426
MOVE,0,1.0,0.027450982,301563370,866.249,1197.7461
MOVE,0,1.0,0.027450982,301563378,860.41895,1224.0879
MOVE,0,1.0,0.023529414,301563386,857.2285,1245.2773
MOVE,0,1.0,0.023529414,301563394,856.6953,1259.0869
MOVE,0,1.0,0.023529414,301563401,856.6699,1267.79
MOVE,0,1.0,0.023529414,301563408,857.12695,1274.6748
MOVE,0,1.0,0.015686275,301563416,857.9883,1281.4795
MOVE,0,1.0,0.01764706,301563424,858.91113,1287.7637
MOVE,0,1.0,0.01764706,301563432,859.5703,1293.4766
MOVE,0,1.0,0.01764706,301563441,859.834,1299.4756
MOVE,0,1.0,0.01764706,301563449,860.09766,1305.7598
MOVE,0,1.0,0.01764706,301563457,860.3613,1311.4727
MOVE,0,1.0,0.01764706,301563466,860.3613,1315.7568
MOVE,0,1.0,0.01764706,301563474,860.09766,1318.6133
MOVE,0,1.0,0.01764706,301563482,859.834,1320.8984
MOVE,0,1.0,0.01764706,301563491,859.70215,1322.6123
MOVE,0,1.0,0.01764706,301563499,859.30664,1323.7549
MOVE,0,1.0,0.023529414,301563508,858.1201,1325.4688
MOVE,0,1.0,0.023529414,301563516,856.5381,1327.4688
MOVE,0,1.0,0.027450982,301563524,855.61523,1329.4678
MOVE,0,1.0,0.027450982,301563532,854.8242,1331.7529
MOVE,0,1.0,0.027450982,301563541,854.16504,1333.4668
MOVE,0,1.0,0.027450982,301563549,853.6377,1334.3242
MOVE,0,1.0,0.015686275,301563557,852.1875,1335.1807
MOVE,0,1.0,0.003921569,301563562,851.1328,1335.752
UP,0,1.0,0.003921569,301563570,851.1328,1335.752
DOWN,0,1.0,0.025490198,301563670,96.50391,1109.5215
MOVE,0,1.0,0.03137255,301563711,95.58887,1110.5127
MOVE,0,1.0,0.03137255,301563716,94.6582,1111.5215
MOVE,0,1.0,0.03137255,301563724,93.07617,1112.9492
MOVE,0,1.0,0.03137255,301563733,91.62598,1114.0918
MOVE,0,1.0,0.01764706,301563741,90.043945,1115.2344
MOVE,0,1.0,0.013725491,301563745,89.12109,1115.8057
UP,0,1.0,0.013725491,301563753,89.12109,1115.8057
MOVE,0,1.0,0.04117647,301565080,906.0957,944.0303
MOVE,0,1.0,0.04705883,301565088,888.22656,991.92773
MOVE,0,1.0,0.04117647,301565097,864.81445,1047.834
MOVE,0,1.0,0.037254903,301565105,839.5205,1106.082
MOVE,0,1.0,0.027450982,301565113,813.94727,1165.4854
MOVE,0,1.0,0.037254903,301565122,789.41504,1224.8994
MOVE,0,1.0,0.03137255,301565130,770.375,1279.2227
MOVE,0,1.0,0.01764706,301565138,758.7002,1323.8809
MOVE,0,1.0,0.01764706,301565138,758.584,1324.3262
UP,0,1.0,0.01764706,301565146,758.584,1324.3262
DOWN,0,1.0,0.03137255,301565272,762.53906,1268.3398
MOVE,0,1.0,0.037254903,301565280,762.53906,1268.3398
MOVE,0,1.0,0.03137255,301565304,763.25977,1271.4648
MOVE,0,1.0,0.03137255,301565309,763.3301,1273.7676
MOVE,0,1.0,0.03137255,301565318,763.04785,1281.5664
MOVE,0,1.0,0.03137255,301565328,761.27246,1301.127
MOVE,0,1.0,0.03137255,301565338,757.03906,1329.8047
MOVE,0,1.0,0.023529414,301565347,752.3037,1352.0967
MOVE,0,1.0,0.01764706,301565355,748.3408,1371.5488
MOVE,0,1.0,0.023529414,301565363,745.209,1387.376
MOVE,0,1.0,0.023529414,301565371,743.2793,1398.3018
MOVE,0,1.0,0.023529414,301565377,741.1328,1404.9609
MOVE,0,1.0,0.0058823535,301565384,738.8086,1410.5908
MOVE,0,1.0,0.003921569,301565389,737.49023,1413.4473
UP,0,1.0,0.003921569,301565396,737.49023,1413.4473
DOWN,0,1.0,0.025490198,301565430,738.8086,1419.1602
MOVE,0,1.0,0.037254903,301565464,740.12695,1416.3037
DOWN,1,1.0,0.027450982,301565464,167.16797,1271.7676
MOVE,0,1.0,0.03529412,301565480,745.70605,1405.4229
MOVE,1,1.0,0.025490198,301565480,166.93457,1270.251
MOVE,0,1.0,0.04117647,301565487,751.8877,1391.1924
MOVE,1,1.0,0.025490198,301565487,166.72656,1267.7393
MOVE,0,1.0,0.037254903,301565498,764.54785,1357.7354
MOVE,1,1.0,0.027450982,301565498,164.81348,1259.8389
MOVE,0,1.0,0.04117647,301565506,776.1338,1322.9609
MOVE,1,1.0,0.023529414,301565506,161.92383,1250.1562
MOVE,0,1.0,0.050980397,301565514,790.08496,1280.7598
MOVE,1,1.0,0.03137255,301565514,153.01953,1224.042
MOVE,0,1.0,0.04117647,301565523,806.6699,1233.3945
MOVE,1,1.0,0.025490198,301565523,137.00684,1181.9268
MOVE,0,1.0,0.04117647,301565531,824.3252,1183.1494
MOVE,1,1.0,0.03137255,301565531,119.356445,1136.8232
MOVE,0,1.0,0.04117647,301565540,841.9912,1135.1377
MOVE,1,1.0,0.025490198,301565540,101.69043,1092.2568
MOVE,0,1.0,0.04509804,301565548,857.0469,1091.1094
MOVE,1,1.0,0.027450982,301565548,86.634766,1050.5244
MOVE,0,1.0,0.050980397,301565556,867.3779,1056.169
MOVE,1,1.0,0.025490198,301565556,75.259766,1013.3447
MOVE,0,1.0,0.04117647,301565565,874.78906,1025.2793
MOVE,1,1.0,0.023529414,301565565,67.05469,982.99805
MOVE,0,1.0,0.04509804,301565573,880.8672,997.2578
MOVE,1,1.0,0.025490198,301565573,61.229492,959.50684
MOVE,0,1.0,0.04509804,301565581,887.1924,970.3955
MOVE,1,1.0,0.025490198,301565581,56.995117,942.8711
MOVE,0,1.0,0.04509804,301565589,895.0869,943.5449
MOVE,1,1.0,0.025490198,301565589,53.820312,930.2627
MOVE,0,1.0,0.04509804,301565598,902.7363,916.69434
MOVE,1,1.0,0.023529414,301565598,51.961914,919.95605
MOVE,0,1.0,0.04117647,301565606,910.9043,892.6719
MOVE,1,1.0,0.023529414,301565606,51.160156,909.1074
MOVE,0,1.0,0.04117647,301565615,918.55664,870.93945
MOVE,1,1.0,0.01764706,301565615,50.1084,900.5156
MOVE,0,1.0,0.050980397,301565623,924.89746,853.18945
MOVE,1,1.0,0.025490198,301565623,50.097656,894.208
MOVE,0,1.0,0.050980397,301565631,930.1406,840.72266
MOVE,1,1.0,0.025490198,301565631,50.59082,889.8711
MOVE,0,1.0,0.04509804,301565638,934.2783,830.81934
MOVE,1,1.0,0.025490198,301565638,51.023438,887.4199
MOVE,0,1.0,0.050980397,301565646,938.91016,820.8916
MOVE,1,1.0,0.025490198,301565646,51.86914,885.5547
MOVE,0,1.0,0.050980397,301565653,943.7676,812.22754
MOVE,1,1.0,0.025490198,301565653,52.82617,884.6699
MOVE,0,1.0,0.050980397,301565661,948.5615,803.9258
MOVE,1,1.0,0.025490198,301565661,54.097656,883.8301
MOVE,0,1.0,0.04509804,301565669,953.05273,796.15234
MOVE,1,1.0,0.025490198,301565669,55.24121,883.0039
MOVE,0,1.0,0.04509804,301565677,956.7334,789.5996
MOVE,1,1.0,0.025490198,301565677,55.898438,882.14844
MOVE,0,1.0,0.04509804,301565685,959.2383,784.74414
MOVE,1,1.0,0.025490198,301565685,56.557617,881.292
MOVE,0,1.0,0.050980397,301565694,960.95215,781.3164
MOVE,1,1.0,0.025490198,301565694,57.216797,881.00586
MOVE,0,1.0,0.05686275,301565702,961.875,779.03125
MOVE,1,1.0,0.025490198,301565702,57.612305,880.7207
MOVE,0,1.0,0.05686275,301565710,962.40234,777.60254
MOVE,1,1.0,0.025490198,301565710,57.74414,880.1494
MOVE,0,1.0,0.05686275,301565719,962.666,777.03125
MOVE,1,1.0,0.025490198,301565719,58.007812,879.8633
MOVE,0,1.0,0.05686275,301565727,962.666,777.03125
MOVE,1,1.0,0.025490198,301565727,58.271484,879.8633
MOVE,0,1.0,0.05686275,301565731,962.9297,776.45996
MOVE,1,1.0,0.025490198,301565731,58.271484,879.8633
MOVE,0,1.0,0.05686275,301565755,963.8799,775.39355
MOVE,1,1.0,0.025490198,301565755,58.271484,879.8633
MOVE,0,1.0,0.05686275,301565760,964.24805,774.7461
MOVE,1,1.0,0.025490198,301565760,58.271484,879.8633
MOVE,0,1.0,0.05686275,301565769,964.9072,773.88965
MOVE,1,1.0,0.025490198,301565769,58.271484,879.8633
MOVE,0,1.0,0.05686275,301565777,965.4346,773.0322
MOVE,1,1.0,0.025490198,301565777,58.271484,879.8633
MOVE,0,1.0,0.05686275,301565785,965.5664,772.46094
MOVE,1,1.0,0.03137255,301565785,59.32617,882.7197
MOVE,0,1.0,0.05686275,301565794,965.5664,772.46094
MOVE,1,1.0,0.03137255,301565794,59.98535,885.5762
MOVE,0,1.0,0.05686275,301565802,965.5664,772.46094
MOVE,1,1.0,0.025490198,301565802,60.38086,889.8613
MOVE,0,1.0,0.05686275,301565811,965.5664,772.46094
MOVE,1,1.0,0.033333335,301565811,60.908203,895.2881
MOVE,0,1.0,0.04509804,301565819,963.85254,773.31836
MOVE,1,1.0,0.027450982,301565819,61.69922,901.001
MOVE,0,1.0,0.04509804,301565827,960.95215,775.3174
MOVE,1,1.0,0.037254903,301565827,62.490234,906.4287
MOVE,0,1.0,0.050980397,301565836,956.86523,778.45996
MOVE,1,1.0,0.03137255,301565836,63.28125,911.2842
MOVE,0,1.0,0.04509804,301565844,952.3828,782.459
MOVE,1,1.0,0.037254903,301565844,64.33594,915.56934
MOVE,0,1.0,0.050980397,301565852,948.82324,786.1719
MOVE,1,1.0,0.037254903,301565852,65.25879,919.2822
MOVE,0,1.0,0.050980397,301565861,945.92285,789.0283
MOVE,1,1.0,0.03137255,301565861,66.049805,922.4248
MOVE,0,1.0,0.050980397,301565869,944.209,791.0283
MOVE,1,1.0,0.03137255,301565869,66.97266,925.85254
MOVE,0,1.0,0.050980397,301565877,943.8135,792.45605
MOVE,1,1.0,0.037254903,301565877,68.02734,930.1367
MOVE,0,1.0,0.04509804,301565886,943.28613,794.1699
MOVE,1,1.0,0.03137255,301565886,69.3457,935.56445
MOVE,0,1.0,0.050980397,301565894,942.23145,797.3125
MOVE,1,1.0,0.037254903,301565894,71.05957,942.7051
MOVE,0,1.0,0.050980397,301565902,940.6494,802.4541
MOVE,1,1.0,0.037254903,301565902,72.77344,950.7031
MOVE,0,1.0,0.050980397,301565911,938.1426,809.8867
MOVE,1,1.0,0.037254903,301565911,74.48828,959.2793
MOVE,0,1.0,0.04117647,301565919,934.0156,819.99023
MOVE,1,1.0,0.04117647,301565919,76.40039,968.13477
MOVE,0,1.0,0.04117647,301565929,927.9248,833.834
MOVE,1,1.0,0.037254903,301565929,78.49414,977.58887
MOVE,0,1.0,0.04117647,301565938,920.4043,849.417
MOVE,1,1.0,0.03137255,301565938,80.55664,986.71484
MOVE,0,1.0,0.04117647,301565947,913.14844,864.417
MOVE,1,1.0,0.03137255,301565947,82.052734,995.11523
MOVE,0,1.0,0.04509804,301565955,907.4199,875.8252
MOVE,1,1.0,0.03137255,301565955,83.10547,1002.32227
MOVE,0,1.0,0.04117647,301565962,903.75586,883.17285
MOVE,1,1.0,0.03137255,301565962,83.81738,1007.7803
MOVE,0,1.0,0.04117647,301565969,901.49414,888.4326
MOVE,1,1.0,0.03529412,301565969,84.506836,1012.97363
MOVE,0,1.0,0.04509804,301565977,900.3076,892.1465
MOVE,1,1.0,0.03529412,301565977,85.166016,1018.11523
MOVE,0,1.0,0.037254903,301565986,899.9121,894.1455
MOVE,1,1.0,0.03529412,301565986,85.69336,1022.4004
MOVE,0,1.0,0.037254903,301565994,900.04395,895.0029
MOVE,1,1.0,0.03529412,301565994,86.08887,1026.1133
MOVE,0,1.0,0.037254903,301566002,900.43945,895.5742
MOVE,1,1.0,0.03529412,301566002,86.2207,1028.9697
MOVE,0,1.0,0.037254903,301566011,900.7031,895.8594
MOVE,1,1.0,0.03529412,301566011,86.35254,1030.9697
MOVE,0,1.0,0.037254903,301566019,900.7031,895.8594
MOVE,1,1.0,0.03529412,301566019,86.484375,1032.3975
MOVE,0,1.0,0.037254903,301566028,900.9668,895.2881
MOVE,1,1.0,0.03529412,301566028,86.484375,1033.54
MOVE,0,1.0,0.037254903,301566036,900.9668,894.7168
MOVE,1,1.0,0.03529412,301566036,86.484375,1034.3975
MOVE,0,1.0,0.037254903,301566044,900.9668,894.7168
MOVE,1,1.0,0.03529412,301566044,86.484375,1034.6826
MOVE,0,1.0,0.037254903,301566053,900.9668,894.7168
MOVE,1,1.0,0.03529412,301566053,86.484375,1034.6826
MOVE,0,1.0,0.037254903,301566061,900.9668,894.7168
MOVE,1,1.0,0.03137255,301566061,86.484375,1036.1113
MOVE,0,1.0,0.037254903,301566069,900.9668,894.7168
MOVE,1,1.0,0.03137255,301566069,86.484375,1036.6826
MOVE,0,1.0,0.037254903,301566077,900.9668,894.7168
MOVE,1,1.0,0.03137255,301566077,86.484375,1037.2539
MOVE,0,1.0,0.03137255,301566086,903.73535,894.43164
MOVE,1,1.0,0.03137255,301566086,86.35254,1037.8252
MOVE,0,1.0,0.03137255,301566094,906.24023,893.28906
MOVE,1,1.0,0.03137255,301566094,86.2207,1038.3965
MOVE,0,1.0,0.03137255,301566102,909.27246,891.28906
MOVE,1,1.0,0.03137255,301566102,86.08887,1039.2529
MOVE,0,1.0,0.03137255,301566111,912.96387,888.4326
MOVE,1,1.0,0.03137255,301566111,85.69336,1040.1104
MOVE,0,1.0,0.037254903,301566119,916.7871,884.7197
MOVE,1,1.0,0.03137255,301566119,85.42969,1040.6816
MOVE,0,1.0,0.027450982,301566123,918.6328,882.7197
MOVE,1,1.0,0.03137255,301566123,85.42969,1040.9668
UP,0,1.0,0.027450982,301566131,918.6328,882.7197
MOVE,1,1.0,0.03137255,301566138,85.166016,1041.4629
MOVE,1,1.0,0.03137255,301566144,85.03418,1041.8242
MOVE,1,1.0,0.03137255,301566152,84.77051,1042.1094
MOVE,1,1.0,0.025490198,301566160,84.375,1042.3955
MOVE,1,1.0,0.025490198,301566168,83.97949,1042.6807
MOVE,1,1.0,0.025490198,301566177,83.71582,1042.9668
MOVE,1,1.0,0.013725491,301566181,83.583984,1043.252
UP,1,1.0,0.013725491,301566189,83.583984,1043.252
MOVE,0,1.0,0.03137255,301567341,867.16113,1275.1895
MOVE,0,1.0,0.03529412,301567349,875.5703,1209.583
MOVE,0,1.0,0.037254903,301567357,887.13965,1138.794
MOVE,0,1.0,0.03529412,301567366,901.35156,1069.0859
MOVE,0,1.0,0.037254903,301567374,918.72266,1001.6504
MOVE,0,1.0,0.037254903,301567383,938.4746,936.501
MOVE,0,1.0,0.03137255,301567391,958.7715,877.5957
MOVE,0,1.0,0.01764706,301567399,973.33203,835.7197
MOVE,0,1.0,0.01764706,301567399,973.47656,835.30273
UP,0,1.0,0.01764706,301567407,973.47656,835.30273
DOWN,0,1.0,0.025490198,301567516,236.25,1319.7559
MOVE,0,1.0,0.03137255,301567548,235.2998,1315.1445
MOVE,0,1.0,0.025490198,301567553,234.14062,1310.6152
MOVE,0,1.0,0.027450982,301567563,229.14648,1292.7471
MOVE,0,1.0,0.03529412,301567574,216.3164,1248.7051
MOVE,0,1.0,0.03137255,301567583,205.24707,1212.7139
MOVE,0,1.0,0.037254903,301567591,193.65137,1178.9844
MOVE,0,1.0,0.037254903,301567599,182.31055,1149.8027
MOVE,0,1.0,0.03137255,301567608,168.88477,1121.7988
MOVE,0,1.0,0.03137255,301567616,153.61035,1094.3711
MOVE,0,1.0,0.04117647,301567624,137.01172,1068.0801
MOVE,0,1.0,0.03137255,301567633,120.66113,1044.0635
MOVE,0,1.0,0.037254903,301567641,106.663086,1024.0283
MOVE,0,1.0,0.037254903,301567649,95.038086,1006.8613
MOVE,0,1.0,0.037254903,301567657,87.1709,995.66895
MOVE,0,1.0,0.037254903,301567663,83.20801,989.0879
MOVE,0,1.0,0.03137255,301567670,80.67969,984.11426
MOVE,0,1.0,0.037254903,301567674,79.89258,982.124
MOVE,0,1.0,0.04117647,301567698,82.21484,986.66016
MOVE,0,1.0,0.037254903,301567704,85.97266,994.72754
MOVE,0,1.0,0.04117647,301567715,99.91992,1023.5303
MOVE,0,1.0,0.04117647,301567724,126.05859,1077.0381
MOVE,0,1.0,0.04117647,301567733,159.18945,1149.9229
MOVE,0,1.0,0.04509804,301567741,194.76172,1235.4912
MOVE,0,1.0,0.04117647,301567749,225.13672,1322.3154
MOVE,0,1.0,0.04509804,301567758,245.7998,1397.8398
MOVE,0,1.0,0.04117647,301567766,257.23047,1460.2412
MOVE,0,1.0,0.05686275,301567774,262.56445,1513.4629
MOVE,0,1.0,0.03529412,301567783,265.75,1561.5029
MOVE,0,1.0,0.04509804,301567791,268.91406,1602.1387
MOVE,0,1.0,0.03529412,301567800,271.8164,1639.3066
MOVE,0,1.0,0.03137255,301567808,276.54395,1671.916
MOVE,0,1.0,0.03137255,301567816,283.3789,1698.8232
MOVE,0,1.0,0.0058823535,301567824,289.7119,1717.7559
MOVE,0,1.0,0.0058823535,301567824,289.7754,1717.9443
UP,0,1.0,0.0058823535,301567833,289.7754,1717.9443
DOWN,0,1.0,0.03137255,301567967,244.42383,1180.3613
MOVE,0,1.0,0.037254903,301567982,244.42383,1180.3613
MOVE,0,1.0,0.037254903,301567988,244.42383,1180.3613
MOVE,0,1.0,0.04509804,301567996,245.21484,1181.5039
MOVE,0,1.0,0.04509804,301568004,245.74219,1183.7891
MOVE,0,1.0,0.04117647,301568013,246.28809,1191.3027
MOVE,0,1.0,0.04117647,301568023,247.48926,1213.3496
MOVE,0,1.0,0.04509804,301568033,250.46191,1251.4521
MOVE,0,1.0,0.05686275,301568042,255.70898,1290.2314
MOVE,0,1.0,0.03529412,301568050,262.54883,1331.9072
MOVE,0,1.0,0.050980397,301568058,269.92578,1371.915
MOVE,0,1.0,0.04117647,301568067,276.26465,1407.3799
MOVE,0,1.0,0.04705883,301568075,281.54883,1435.4473
MOVE,0,1.0,0.037254903,301568083,286.56152,1456.0879
MOVE,0,1.0,0.04117647,301568091,289.34863,1469.2334
MOVE,0,1.0,0.04117647,301568098,291.2627,1476.75
MOVE,0,1.0,0.04117647,301568104,292.99707,1483.0635
MOVE,0,1.0,0.04117647,301568113,294.78516,1489.4287
MOVE,0,1.0,0.04117647,301568121,296.10352,1494.5703
MOVE,0,1.0,0.04117647,301568129,297.1582,1498.5693
MOVE,0,1.0,0.04117647,301568138,298.08105,1501.9971
MOVE,0,1.0,0.04117647,301568146,299.3994,1504.8535
MOVE,0,1.0,0.04117647,301568154,301.11328,1506.8535
MOVE,0,1.0,0.04117647,301568163,302.43164,1508.8525
MOVE,0,1.0,0.04509804,301568171,303.22266,1510.8525
MOVE,0,1.0,0.04509804,301568179,304.01367,1512.5664
MOVE,0,1.0,0.04117647,301568188,304.93652,1514.2803
MOVE,0,1.0,0.04117647,301568196,305.72754,1516.2793
MOVE,0,1.0,0.04117647,301568204,305.9912,1518.2793
MOVE,0,1.0,0.04117647,301568213,305.5957,1519.707
MOVE,0,1.0,0.04117647,301568221,304.40918,1520.8496
MOVE,0,1.0,0.04117647,301568229,302.03613,1520.8496
MOVE,0,1.0,0.03529412,301568238,298.08105,1517.9932
MOVE,0,1.0,0.03137255,301568246,291.5547,1510.2998
MOVE,0,1.0,0.013725491,301568250,287.9297,1505.4248
UP,0,1.0,0.013725491,301568258,287.9297,1505.4248
DOWN,0,1.0,0.023529414,301568501,104.41406,979.2676
MOVE,0,1.0,0.025490198,301568516,104.41406,978.77246
MOVE,0,1.0,0.03137255,301568521,104.80957,978.125
MOVE,0,1.0,0.03137255,301568530,105.336914,976.69727
MOVE,0,1.0,0.03137255,301568538,105.73242,974.9834
MOVE,0,1.0,0.03137255,301568546,105.73242,971.26953
MOVE,0,1.0,0.037254903,301568555,105.336914,968.4131
MOVE,0,1.0,0.037254903,301568563,105.07324,968.4131
MOVE,0,1.0,0.025490198,301568571,104.5459,968.4131
MOVE,0,1.0,0.025490198,301568580,103.22754,968.9844
MOVE,0,1.0,0.025490198,301568588,101.118164,970.69824
MOVE,0,1.0,0.0058823535,301568592,99.93164,971.8408
UP,0,1.0,0.0058823535,301568600,99.93164,971.8408
MOVE,0,1.0,0.04117647,301570603,902.52734,952.5879
MOVE,0,1.0,0.037254903,301570611,882.4463,1021.4287
MOVE,0,1.0,0.03529412,301570620,858.7529,1095.0732
MOVE,0,1.0,0.03137255,301570628,835.5449,1168.7695
MOVE,0,1.0,0.03137255,301570636,815.2129,1232.8516
MOVE,0,1.0,0.04117647,301570645,796.47656,1290.0488
MOVE,0,1.0,0.04117647,301570653,780.1045,1341.5225
MOVE,0,1.0,0.04117647,301570661,765.32324,1390.1104
MOVE,0,1.0,0.037254903,301570670,753.4297,1439.8008
MOVE,0,1.0,0.03529412,301570678,743.9131,1486.6748
MOVE,0,1.0,0.037254903,301570686,734.6826,1531.8242
MOVE,0,1.0,0.03137255,301570695,725.9756,1572.4316
MOVE,0,1.0,0.027450982,301570703,719.3633,1603.9434
MOVE,0,1.0,0.013725491,301570711,714.8594,1626.8809
MOVE,0,1.0,0.0058823535,301570720,714.2988,1642.7422
MOVE,0,1.0,0.0058823535,301570727,715.8662,1651.9004
MOVE,0,1.0,0.013725491,301570733,717.5039,1655.0391
MOVE,0,1.0,0.03529412,301570741,718.90137,1653.96
MOVE,0,1.0,0.037254903,301570750,719.458,1641.9209
MOVE,0,1.0,0.04117647,301570761,719.8115,1609.0332
MOVE,0,1.0,0.04509804,301570770,721.65137,1568.0957
MOVE,0,1.0,0.050980397,301570778,725.58594,1518.4902
MOVE,0,1.0,0.04509804,301570787,732.15137,1464.8291
MOVE,0,1.0,0.05686275,301570795,742.13574,1406.6035
MOVE,0,1.0,0.060784318,301570803,754.7656,1342.6758
MOVE,0,1.0,0.05686275,301570812,770.0322,1269.0771
MOVE,0,1.0,0.04509804,301570820,789.7637,1186.8965
MOVE,0,1.0,0.060784318,301570828,815.542,1102.3691
MOVE,0,1.0,0.050980397,301570837,846.60254,1021.2119
MOVE,0,1.0,0.050980397,301570845,879.2822,948.57227
MOVE,0,1.0,0.037254903,301570853,907.54004,885.6338
MOVE,0,1.0,0.03529412,301570862,928.1826,836.36523
MOVE,0,1.0,0.037254903,301570870,940.3965,803.6367
MOVE,0,1.0,0.04117647,301570878,945.47754,783.5156
MOVE,0,1.0,0.05686275,301570886,946.0078,772.916
MOVE,0,1.0,0.05686275,301570892,944.7295,767.2246
MOVE,0,1.0,0.05686275,301570899,942.8906,761.8926
MOVE,0,1.0,0.060784318,301570908,940.9131,757.6074
MOVE,0,1.0,0.060784318,301570916,939.33105,755.0371
MOVE,0,1.0,0.060784318,301570924,938.27637,753.0371
MOVE,0,1.0,0.060784318,301570933,937.88086,751.0381
MOVE,0,1.0,0.064705886,301570941,938.93555,749.3242
MOVE,0,1.0,0.064705886,301570949,941.83594,746.7529
MOVE,0,1.0,0.064705886,301570958,946.1865,743.3252
MOVE,0,1.0,0.07450981,301570966,951.3281,739.89746
MOVE,0,1.0,0.068627454,301570974,956.60156,736.4697
MOVE,0,1.0,0.068627454,301570983,961.6113,732.75684
MOVE,0,1.0,0.068627454,301570991,965.8301,729.04297
MOVE,0,1.0,0.060784318,301570999,969.126,725.90137
MOVE,0,1.0,0.060784318,301571008,971.7627,723.3301
MOVE,0,1.0,0.05686275,301571016,973.74023,720.75977
MOVE,0,1.0,0.05686275,301571024,975.1904,718.1885
MOVE,0,1.0,0.05686275,301571033,976.9043,715.61816
MOVE,0,1.0,0.050980397,301571041,978.88184,712.4756
MOVE,0,1.0,0.04509804,301571049,981.51855,708.7627
MOVE,0,1.0,0.04117647,301571058,985.47363,704.7637
MOVE,0,1.0,0.03137255,301571066,989.4287,701.33594
MOVE,0,1.0,0.0058823535,301571070,991.1426,699.9072
UP,0,1.0,0.0058823535,301571078,991.1426,699.9072
DOWN,0,1.0,0.037254903,301571396,100.458984,952.417
MOVE,0,1.0,0.03137255,301571404,100.458984,952.417
MOVE,0,1.0,0.03137255,301571428,99.73828,950.2832
MOVE,0,1.0,0.03137255,301571433,98.87695,949.2754
MOVE,0,1.0,0.03137255,301571442,97.29492,947.5615
MOVE,0,1.0,0.027450982,301571450,95.31738,945.5615
MOVE,0,1.0,0.013725491,301571454,94.13086,944.41895
UP,0,1.0,0.013725491,301571462,94.13086,944.41895
DOWN,0,1.0,0.03137255,301572114,66.44531,856.4404
MOVE,0,1.0,0.037254903,301572121,66.44531,856.4404
MOVE,0,1.0,0.037254903,301572154,70.43848,856.4404
MOVE,0,1.0,0.013725491,301572163,71.98242,856.4404
UP,0,1.0,0.013725491,301572171,71.98242,856.4404
MOVE,0,1.0,0.04117647,301573314,872.6797,912.4492
MOVE,0,1.0,0.050980397,301573323,849.2578,976.3428
MOVE,0,1.0,0.04705883,301573331,822.9199,1046.5488
MOVE,0,1.0,0.04117647,301573339,797.8584,1114.5547
MOVE,0,1.0,0.037254903,301573348,774.11426,1178.0137
MOVE,0,1.0,0.04509804,301573356,753.5166,1235.7705
MOVE,0,1.0,0.04117647,301573364,737.126,1285.5527
MOVE,0,1.0,0.037254903,301573373,724.1719,1325.6406
MOVE,0,1.0,0.037254903,301573381,713.3408,1354.3193
MOVE,0,1.0,0.025490198,301573389,705.40137,1374.3994
MOVE,0,1.0,0.013725491,301573396,701.85547,1382.6133
MOVE,0,1.0,0.013725491,301573397,701.3672,1383.7402
UP,0,1.0,0.013725491,301573406,701.3672,1383.7402
DOWN,0,1.0,0.04117647,301573507,726.15234,1191.7871
MOVE,0,1.0,0.04509804,301573530,726.6094,1191.7871
MOVE,0,1.0,0.04509804,301573536,727.0752,1192.3584
MOVE,0,1.0,0.050980397,301573544,728.1299,1193.7871
MOVE,0,1.0,0.04117647,301573552,730.5029,1197.5
MOVE,0,1.0,0.04705883,301573561,734.07715,1206.5576
MOVE,0,1.0,0.05686275,301573571,736.6338,1225.5049
MOVE,0,1.0,0.04509804,301573581,733.8301,1254.9492
MOVE,0,1.0,0.04117647,301573590,727.5342,1285.7412
MOVE,0,1.0,0.04509804,301573598,719.1172,1317.1562
MOVE,0,1.0,0.04117647,301573606,709.89746,1348.0117
MOVE,0,1.0,0.04117647,301573615,702.2344,1376.5996
MOVE,0,1.0,0.037254903,301573623,695.11035,1403.4668
MOVE,0,1.0,0.03137255,301573632,687.73047,1425.793
MOVE,0,1.0,0.03137255,301573640,680.08594,1442.9834
MOVE,0,1.0,0.01764706,301573640,680.00977,1443.1543
UP,0,1.0,0.01764706,301573648,680.00977,1443.1543
DOWN,0,1.0,0.04117647,301573799,728.78906,1139.7998
MOVE,0,1.0,0.04117647,301573839,728.5254,1141.3623
MOVE,0,1.0,0.04117647,301573844,727.99805,1143.5137
MOVE,0,1.0,0.04117647,301573853,725.61035,1151.7139
MOVE,0,1.0,0.04117647,301573863,717.9072,1174.0908
MOVE,0,1.0,0.04509804,301573873,702.2949,1215.4219
MOVE,0,1.0,0.04117647,301573882,686.4961,1260.4619
MOVE,0,1.0,0.04509804,301573890,670.41504,1308.4219
MOVE,0,1.0,0.04117647,301573899,656.9414,1351.3193
MOVE,0,1.0,0.04509804,301573907,645.58203,1391.3389
MOVE,0,1.0,0.04117647,301573915,635.5498,1425.1074
MOVE,0,1.0,0.023529414,301573924,628.40137,1445.8047
MOVE,0,1.0,0.013725491,301573930,621.6904,1453.4512
MOVE,0,1.0,0.013725491,301573931,620.6836,1454.5801
UP,0,1.0,0.013725491,301573940,620.6836,1454.5801
DOWN,0,1.0,0.027450982,301574057,704.2676,1289.4775
MOVE,0,1.0,0.04117647,301574074,704.53125,1288.9062
DOWN,1,1.0,0.023529414,301574074,330.1172,1357.4609
MOVE,0,1.0,0.03137255,301574090,707.9082,1283.6475
MOVE,1,1.0,0.023529414,301574090,330.1172,1357.957
MOVE,0,1.0,0.04117647,301574095,709.67285,1280.3369
MOVE,1,1.0,0.023529414,301574095,330.1172,1358.8896
MOVE,0,1.0,0.03529412,301574105,717.0322,1266.8115
MOVE,1,1.0,0.023529414,301574105,330.4453,1361.169
MOVE,0,1.0,0.04117647,301574116,736.0166,1230.9316
MOVE,1,1.0,0.025490198,301574116,330.90527,1364.8594
MOVE,0,1.0,0.04117647,301574124,754.1836,1196.7002
MOVE,1,1.0,0.025490198,301574124,331.16895,1367.1504
MOVE,0,1.0,0.037254903,301574133,773.16016,1161.8574
MOVE,1,1.0,0.03137255,301574133,331.43262,1369.4355
MOVE,0,1.0,0.050980397,301574141,791.6221,1127.5742
MOVE,1,1.0,0.04117647,301574141,331.958,1371.7207
MOVE,0,1.0,0.04117647,301574150,809.03516,1094.9941
MOVE,1,1.0,0.03529412,301574150,331.44043,1373.4404
MOVE,0,1.0,0.04117647,301574158,824.8711,1064.127
MOVE,1,1.0,0.025490198,301574158,331.1748,1374.0225
MOVE,0,1.0,0.04117647,301574166,838.86426,1032.7119
MOVE,1,1.0,0.037254903,301574166,329.34473,1371.7656
MOVE,0,1.0,0.04117647,301574174,851.0117,1000.16016
MOVE,1,1.0,0.037254903,301574174,323.583,1360.9971
MOVE,0,1.0,0.04117647,301574183,862.0967,970.4238
MOVE,1,1.0,0.03137255,301574183,314.6504,1342.2246
MOVE,0,1.0,0.04509804,301574191,871.6045,941.2822
MOVE,1,1.0,0.04117647,301574191,302.292,1316.0195
MOVE,0,1.0,0.05686275,301574200,880.83594,914.4092
MOVE,1,1.0,0.04117647,301574200,287.81152,1285.2158
MOVE,0,1.0,0.04509804,301574208,890.06445,887.5586
MOVE,1,1.0,0.04117647,301574208,272.0039,1250.4072
MOVE,0,1.0,0.050980397,301574216,899.81445,860.708
MOVE,1,1.0,0.037254903,301574216,256.44434,1211.5996
MOVE,0,1.0,0.04509804,301574225,908.52637,836.68555
MOVE,1,1.0,0.037254903,301574225,240.10449,1171.0547
MOVE,0,1.0,0.04509804,301574233,916.9668,816.6504
MOVE,1,1.0,0.037254903,301574233,224.01855,1131.0596
MOVE,0,1.0,0.04117647,301574241,925.4043,798.35156
MOVE,1,1.0,0.04509804,301574241,210.2832,1096.1592
MOVE,0,1.0,0.04117647,301574249,933.8047,781.83887
MOVE,1,1.0,0.04509804,301574249,197.15137,1063.1504
MOVE,0,1.0,0.03137255,301574258,941.4873,766.85645
MOVE,1,1.0,0.037254903,301574258,184.86426,1033.1865
MOVE,0,1.0,0.025490198,301574258,941.83594,766.17676
MOVE,1,1.0,0.037254903,301574258,184.30664,1031.8262
UP,0,1.0,0.025490198,301574266,941.83594,766.17676
MOVE,1,1.0,0.04117647,301574274,158.32715,975.5371
MOVE,1,1.0,0.037254903,301574282,148.54492,954.9082
MOVE,1,1.0,0.037254903,301574290,143.26855,942.4121
MOVE,1,1.0,0.04117647,301574297,139.01855,933.55273
MOVE,1,1.0,0.04117647,301574304,134.52832,924.68164
MOVE,1,1.0,0.04117647,301574312,130.14648,916.2539
MOVE,1,1.0,0.04705883,301574320,126.6875,908.9834
MOVE,1,1.0,0.04705883,301574328,124.18945,903.001
MOVE,1,1.0,0.04705883,301574337,122.475586,898.7158
MOVE,1,1.0,0.04705883,301574345,121.552734,895.8594
MOVE,1,1.0,0.04117647,301574353,121.02539,893.5742
MOVE,1,1.0,0.04117647,301574362,120.62988,891.28906
MOVE,1,1.0,0.04117647,301574370,120.234375,889.5752
MOVE,1,1.0,0.04117647,301574378,119.44336,888.4326
MOVE,1,1.0,0.04117647,301574387,118.916016,887.29004
MOVE,1,1.0,0.04117647,301574395,119.04785,885.8623
MOVE,1,1.0,0.04117647,301574399,119.17969,885.0049
MOVE,1,1.0,0.050980397,301574440,125.35547,890.45605
MOVE,1,1.0,0.04705883,301574446,132.64258,898.3213
MOVE,1,1.0,0.04117647,301574456,153.05273,923.0752
MOVE,1,1.0,0.04117647,301574466,181.94434,961.78613
MOVE,1,1.0,0.04117647,301574474,212.99902,1005.6787
MOVE,1,1.0,0.04117647,301574482,248.28906,1056.4541
MOVE,1,1.0,0.04509804,301574491,281.01074,1107.8652
MOVE,1,1.0,0.04117647,301574499,313.18457,1162.6738
MOVE,1,1.0,0.04117647,301574507,343.00293,1218.084
MOVE,1,1.0,0.04117647,301574516,368.36035,1272.3672
MOVE,1,1.0,0.050980397,301574524,388.45215,1320.9844
MOVE,1,1.0,0.04509804,301574533,404.31445,1362.1914
MOVE,1,1.0,0.05686275,301574541,417.5244,1399.9307
MOVE,1,1.0,0.050980397,301574549,428.09766,1433.6768
MOVE,1,1.0,0.04509804,301574557,436.55664,1463.4238
MOVE,1,1.0,0.04117647,301574566,442.90527,1485.7783
MOVE,1,1.0,0.04509804,301574574,447.05664,1500.9463
MOVE,1,1.0,0.050980397,301574581,450.06152,1510.5273
MOVE,1,1.0,0.04117647,301574588,452.0459,1517.1025
MOVE,1,1.0,0.04705883,301574595,454.30664,1523.1348
MOVE,1,1.0,0.04705883,301574604,456.81152,1527.4199
MOVE,1,1.0,0.04705883,301574612,458.78906,1528.5625
MOVE,1,1.0,0.05686275,301574620,459.84375,1523.9854
MOVE,1,1.0,0.05686275,301574630,458.78906,1504.7148
MOVE,1,1.0,0.04509804,301574641,448.6006,1450.4668
MOVE,1,1.0,0.04117647,301574649,428.667,1386.665
MOVE,1,1.0,0.04509804,301574658,397.92578,1310.2383
MOVE,1,1.0,0.04117647,301574666,363.68262,1232.5547
MOVE,1,1.0,0.050980397,301574675,323.40137,1150.334
MOVE,1,1.0,0.04509804,301574683,274.4453,1066.3721
MOVE,1,1.0,0.04117647,301574691,218.09375,985.2207
MOVE,1,1.0,0.04117647,301574699,158.79688,911.4502
MOVE,1,1.0,0.037254903,301574708,109.38965,855.28613
MOVE,1,1.0,0.03137255,301574716,71.30762,812.874
MOVE,1,1.0,0.023529414,301574724,40.38672,780.21387
MOVE,1,1.0,0.0058823535,301574732,7.1875,745.3877
MOVE,1,1.0,0.0058823535,301574732,6.8554688,745.03906
UP,1,1.0,0.0058823535,301574741,6.8554688,745.03906
DOWN,0,1.0,0.037254903,301574883,185.88867,914.7119
MOVE,0,1.0,0.04117647,301574898,187.7539,916.69434
MOVE,0,1.0,0.04117647,301574904,190.10742,920.4248
MOVE,0,1.0,0.04117647,301574913,196.16113,929.65234
MOVE,0,1.0,0.04117647,301574922,205.72852,945.5713
MOVE,0,1.0,0.04509804,301574933,226.1377,981.8965
MOVE,0,1.0,0.03529412,301574941,253.65234,1034.1797
MOVE,0,1.0,0.04117647,301574950,276.62598,1082.1914
MOVE,0,1.0,0.037254903,301574958,295.12793,1123.3926
MOVE,0,1.0,0.04117647,301574966,307.3203,1153.7793
MOVE,0,1.0,0.04117647,301574975,315.5332,1176.7051
MOVE,0,1.0,0.04509804,301574983,321.09668,1195.5977
MOVE,0,1.0,0.04117647,301574991,327.15625,1214.4502
MOVE,0,1.0,0.04509804,301575000,333.74316,1233.3027
MOVE,0,1.0,0.050980397,301575008,341.9004,1254.418
MOVE,0,1.0,0.04509804,301575016,351.37988,1277.252
MOVE,0,1.0,0.04509804,301575025,360.08887,1297.2754
MOVE,0,1.0,0.04117647,301575033,368.79004,1317.8359
MOVE,0,1.0,0.04117647,301575041,376.708,1337.2715
MOVE,0,1.0,0.04117647,301575050,384.06445,1353.7959
MOVE,0,1.0,0.04117647,301575057,388.9453,1364.8975
MOVE,0,1.0,0.05686275,301575064,392.19922,1371.2549
MOVE,0,1.0,0.05686275,301575071,394.98047,1376.8848
MOVE,0,1.0,0.05686275,301575079,396.958,1381.1699
MOVE,0,1.0,0.05686275,301575087,397.88086,1383.7402
MOVE,0,1.0,0.05686275,301575096,398.54004,1385.169
MOVE,0,1.0,0.05686275,301575100,398.93555,1385.4541
MOVE,0,1.0,0.05686275,301575140,398.67188,1383.8164
MOVE,0,1.0,0.05686275,301575146,398.67188,1382.5977
MOVE,0,1.0,0.05686275,301575154,398.67188,1380.3125
MOVE,0,1.0,0.05686275,301575162,398.4082,1377.456
MOVE,0,1.0,0.050980397,301575171,398.0127,1372.8857
MOVE,0,1.0,0.050980397,301575179,397.6084,1365.0029
MOVE,0,1.0,0.04117647,301575189,396.13086,1349.7207
MOVE,0,1.0,0.05686275,301575200,391.99414,1320.9385
MOVE,0,1.0,0.04509804,301575208,384.5078,1286.3867
MOVE,0,1.0,0.050980397,301575217,373.9922,1249.2871
MOVE,0,1.0,0.04509804,301575225,360.3125,1213.8506
MOVE,0,1.0,0.05686275,301575233,343.9912,1180.6924
MOVE,0,1.0,0.04509804,301575242,327.3828,1154.3447
MOVE,0,1.0,0.04509804,301575250,313.38184,1135.9834
MOVE,0,1.0,0.04509804,301575258,303.2207,1124.1504
MOVE,0,1.0,0.050980397,301575264,297.17383,1116.9473
MOVE,0,1.0,0.05686275,301575271,292.14258,1110.7773
MOVE,0,1.0,0.05686275,301575279,288.19336,1105.8086
MOVE,0,1.0,0.060784318,301575288,285.55664,1102.666
MOVE,0,1.0,0.060784318,301575296,283.71094,1100.667
MOVE,0,1.0,0.05686275,301575304,282.26074,1098.9531
MOVE,0,1.0,0.050980397,301575313,280.94238,1096.668
MOVE,0,1.0,0.050980397,301575321,279.22852,1093.5254
MOVE,0,1.0,0.050980397,301575329,277.25098,1090.0977
MOVE,0,1.0,0.050980397,301575338,275.1416,1086.0986
MOVE,0,1.0,0.050980397,301575346,272.76855,1082.0996
MOVE,0,1.0,0.050980397,301575354,270.52734,1078.3867
MOVE,0,1.0,0.050980397,301575363,268.81348,1075.2441
MOVE,0,1.0,0.050980397,301575371,267.62695,1072.959
MOVE,0,1.0,0.050980397,301575379,266.83594,1071.5312
MOVE,0,1.0,0.050980397,301575384,266.57227,1071.2451
MOVE,0,1.0,0.050980397,301575424,268.4375,1072.8076
MOVE,0,1.0,0.050980397,301575429,270.0,1074.3877
MOVE,0,1.0,0.05686275,301575438,273.95508,1078.6719
MOVE,0,1.0,0.058823533,301575447,283.7334,1089.4297
MOVE,0,1.0,0.054901965,301575457,309.8584,1121.9863
MOVE,0,1.0,0.050980397,301575467,354.22754,1186.0459
MOVE,0,1.0,0.060784318,301575475,408.15137,1278.2686
MOVE,0,1.0,0.05686275,301575484,457.76562,1380.4326
MOVE,0,1.0,0.04509804,301575492,497.15625,1481.5625
MOVE,0,1.0,0.050980397,301575500,525.74023,1575.3281
MOVE,0,1.0,0.01764706,301575508,541.16504,1639.6094
MOVE,0,1.0,0.01764706,301575508,541.31836,1640.249
UP,0,1.0,0.01764706,301575517,541.31836,1640.249
DOWN,0,1.0,0.03529412,301575818,364.92188,1509.9951
MOVE,0,1.0,0.04117647,301575833,364.69336,1508.0127
MOVE,0,1.0,0.04117647,301575838,364.13086,1504.5684
MOVE,0,1.0,0.050980397,301575847,362.23633,1493.5254
MOVE,0,1.0,0.050980397,301575858,356.96582,1469.2354
MOVE,0,1.0,0.04117647,301575867,341.3418,1406.6201
MOVE,0,1.0,0.04509804,301575876,312.47754,1308.7412
MOVE,0,1.0,0.04117647,301575884,276.16504,1205.3896
MOVE,0,1.0,0.04117647,301575892,235.60156,1107.6416
MOVE,0,1.0,0.04705883,301575901,194.21289,1023.5254
MOVE,0,1.0,0.037254903,301575909,148.63965,950.8574
MOVE,0,1.0,0.03137255,301575917,101.98047,885.65625
MOVE,0,1.0,0.007843138,301575925,65.22949,832.9717
MOVE,0,1.0,0.007843138,301575925,64.86328,832.4463
UP,0,1.0,0.007843138,301575934,64.86328,832.4463
DOWN,0,1.0,0.023529414,301576210,282.65625,1453.4375
MOVE,0,1.0,0.027450982,301576233,282.19922,1449.8174
MOVE,0,1.0,0.027450982,301576239,281.99707,1446.8682
MOVE,0,1.0,0.023529414,301576247,281.32812,1439.6426
MOVE,0,1.0,0.03137255,301576256,278.24023,1419.9316
MOVE,0,1.0,0.025490198,301576268,269.54688,1373.8398
MOVE,0,1.0,0.03137255,301576276,261.38086,1334.998
MOVE,0,1.0,0.037254903,301576285,252.42383,1296.7158
MOVE,0,1.0,0.025490198,301576293,243.71973,1262.3984
MOVE,0,1.0,0.037254903,301576301,235.54102,1231.5146
MOVE,0,1.0,0.037254903,301576309,228.9336,1204.624
MOVE,0,1.0,0.03137255,301576318,223.64648,1185.6914
MOVE,0,1.0,0.03137255,301576326,218.86621,1172.5635
MOVE,0,1.0,0.03137255,301576332,215.89355,1166.3799
MOVE,0,1.0,0.03137255,301576339,213.70605,1162.3662
MOVE,0,1.0,0.03137255,301576347,211.59668,1159.2236
MOVE,0,1.0,0.03529412,301576356,210.14648,1157.7959
MOVE,0,1.0,0.03529412,301576364,209.22363,1158.081
MOVE,0,1.0,0.03529412,301576372,208.30078,1160.6523
MOVE,0,1.0,0.03137255,301576380,207.6416,1166.3652
MOVE,0,1.0,0.037254903,301576389,208.68945,1177.1104
MOVE,0,1.0,0.037254903,301576400,214.6875,1198.6611
MOVE,0,1.0,0.03137255,301576410,226.38867,1229.7891
MOVE,0,1.0,0.03137255,301576418,240.3291,1260.6045
MOVE,0,1.0,0.037254903,301576426,252.21582,1286.9297
MOVE,0,1.0,0.03137255,301576434,257.90527,1301.46
MOVE,0,1.0,0.025490198,301576441,259.77832,1307.832
MOVE,0,1.0,0.025490198,301576447,260.77148,1310.6152
MOVE,0,1.0,0.025490198,301576451,261.29883,1311.7578
MOVE,0,1.0,0.025490198,301576483,260.54297,1310.1953
MOVE,0,1.0,0.025490198,301576489,260.5078,1309.7588
MOVE,0,1.0,0.03137255,301576497,259.98047,1308.9014
MOVE,0,1.0,0.037254903,301576505,258.6621,1306.9023
MOVE,0,1.0,0.037254903,301576514,256.4209,1303.4746
MOVE,0,1.0,0.037254903,301576522,252.72949,1298.9043
MOVE,0,1.0,0.037254903,301576531,248.24707,1294.9053
MOVE,0,1.0,0.03137255,301576539,243.89648,1294.0479
MOVE,0,1.0,0.025490198,301576547,240.17578,1299.2734
MOVE,0,1.0,0.03137255,301576557,238.10938,1315.2715
MOVE,0,1.0,0.037254903,301576568,240.44238,1344.6582
MOVE,0,1.0,0.025490198,301576576,245.16699,1372.04
MOVE,0,1.0,0.027450982,301576585,249.13086,1400.0273
MOVE,0,1.0,0.03137255,301576593,252.30273,1421.7998
MOVE,0,1.0,0.023529414,301576601,254.16113,1438.9844
MOVE,0,1.0,0.023529414,301576609,254.42871,1452.0947
MOVE,0,1.0,0.027450982,301576616,254.24023,1461.6807
MOVE,0,1.0,0.03137255,301576623,254.17969,1470.1172
MOVE,0,1.0,0.03137255,301576631,254.31836,1477.6514
MOVE,0,1.0,0.027450982,301576639,254.44336,1486.8389
MOVE,0,1.0,0.023529414,301576648,254.28418,1497.9219
MOVE,0,1.0,0.023529414,301576656,254.17969,1507.3623
MOVE,0,1.0,0.025490198,301576664,254.04102,1515.3564
MOVE,0,1.0,0.027450982,301576672,253.52051,1522.5635
MOVE,0,1.0,0.03137255,301576681,252.86133,1529.1338
MOVE,0,1.0,0.03137255,301576689,252.20215,1534.8467
MOVE,0,1.0,0.03137255,301576697,252.07031,1539.1309
MOVE,0,1.0,0.03137255,301576706,252.33398,1541.9873
MOVE,0,1.0,0.03137255,301576714,252.07031,1543.7012
MOVE,0,1.0,0.03137255,301576722,251.6748,1544.8438
MOVE,0,1.0,0.03137255,301576731,251.54297,1545.7012
MOVE,0,1.0,0.03137255,301576735,251.54297,1545.9863
MOVE,0,1.0,0.03137255,301576784,251.05078,1545.9863
MOVE,0,1.0,0.03137255,301576789,250.62012,1545.7012
MOVE,0,1.0,0.037254903,301576797,249.56543,1545.1299
MOVE,0,1.0,0.03137255,301576806,247.85156,1544.2725
MOVE,0,1.0,0.013725491,301576810,246.79688,1543.7012
UP,0,1.0,0.013725491,301576818,246.79688,1543.7012
MOVE,0,1.0,0.03529412,301578478,798.9414,1052.5928
MOVE,0,1.0,0.037254903,301578487,796.3154,1094.251
MOVE,0,1.0,0.03137255,301578495,792.8955,1137.6514
MOVE,0,1.0,0.03137255,301578503,788.9463,1177.6768
MOVE,0,1.0,0.03137255,301578512,784.9912,1215.4043
MOVE,0,1.0,0.03137255,301578520,781.2969,1249.1504
MOVE,0,1.0,0.03137255,301578528,778.6494,1277.7666
MOVE,0,1.0,0.03137255,301578537,777.31836,1303.5029
MOVE,0,1.0,0.03137255,301578545,777.82715,1324.6865
MOVE,0,1.0,0.037254903,301578553,778.8721,1341.2275
MOVE,0,1.0,0.03137255,301578561,779.89453,1356.21
MOVE,0,1.0,0.03137255,301578569,780.4053,1368.9619
MOVE,0,1.0,0.03137255,301578577,781.93945,1381.0674
MOVE,0,1.0,0.03137255,301578585,783.2871,1391.75
MOVE,0,1.0,0.027450982,301578592,783.95996,1400.6211
MOVE,0,1.0,0.037254903,301578600,784.16016,1408.7266
MOVE,0,1.0,0.037254903,301578608,783.76465,1415.1611
MOVE,0,1.0,0.03137255,301578616,782.1826,1420.5889
MOVE,0,1.0,0.03137255,301578624,779.8096,1424.873
MOVE,0,1.0,0.03137255,301578633,776.9092,1428.3008
MOVE,0,1.0,0.03137255,301578641,773.3496,1431.7285
MOVE,0,1.0,0.03137255,301578649,769.9219,1435.1562
MOVE,0,1.0,0.03137255,301578658,766.49414,1438.584
MOVE,0,1.0,0.033333335,301578666,763.3301,1442.0117
MOVE,0,1.0,0.027450982,301578674,760.8252,1445.4395
MOVE,0,1.0,0.023529414,301578683,759.1113,1448.582
MOVE,0,1.0,0.023529414,301578691,758.45215,1451.4385
MOVE,0,1.0,0.023529414,301578700,758.584,1454.2949
MOVE,0,1.0,0.023529414,301578708,759.50684,1456.8652
MOVE,0,1.0,0.023529414,301578716,761.08887,1458.5791
MOVE,0,1.0,0.013725491,301578720,762.0117,1459.1504
UP,0,1.0,0.013725491,301578728,762.0117,1459.1504
DOWN,0,1.0,0.03137255,301578846,136.58203,1064.3896
MOVE,0,1.0,0.037254903,301578870,136.58203,1064.3896
MOVE,0,1.0,0.03137255,301578887,136.58203,1064.3896
MOVE,0,1.0,0.023529414,301578911,136.35352,1063.8945
MOVE,0,1.0,0.013725491,301578912,136.31836,1063.8184
UP,0,1.0,0.013725491,301578920,136.31836,1063.8184
MOVE,0,1.0,0.03529412,301580389,765.084,1232.7656
MOVE,0,1.0,0.04117647,301580397,776.4004,1184.8398
MOVE,0,1.0,0.04117647,301580406,790.0879,1132.8926
MOVE,0,1.0,0.03529412,301580414,804.8428,1082.0371
MOVE,0,1.0,0.04117647,301580422,821.1748,1030.627
MOVE,0,1.0,0.04117647,301580431,837.7832,979.77637
MOVE,0,1.0,0.04117647,301580439,854.39453,930.0625
MOVE,0,1.0,0.037254903,301580448,871.00586,884.31934
MOVE,0,1.0,0.04509804,301580456,884.7461,847.0996
MOVE,0,1.0,0.04117647,301580464,895.8467,816.1875
MOVE,0,1.0,0.04117647,301580472,905.876,790.42773
MOVE,0,1.0,0.03529412,301580481,914.5908,770.376
MOVE,0,1.0,0.04117647,301580489,920.8096,755.23047
MOVE,0,1.0,0.04117647,301580496,925.291,744.49023
MOVE,0,1.0,0.04117647,301580503,928.70215,735.76953
MOVE,0,1.0,0.04509804,301580511,931.80176,727.5127
MOVE,0,1.0,0.04117647,301580518,934.32715,720.458
MOVE,0,1.0,0.04705883,301580527,936.8262,714.76074
MOVE,0,1.0,0.050980397,301580535,939.5947,710.7617
MOVE,0,1.0,0.05686275,301580543,941.83594,707.6201
MOVE,0,1.0,0.05686275,301580552,942.8906,705.6201
MOVE,0,1.0,0.05686275,301580556,943.1543,705.0488
MOVE,0,1.0,0.05686275,301580613,944.86035,705.0488
MOVE,0,1.0,0.05686275,301580619,945.6592,704.47754
MOVE,0,1.0,0.05686275,301580627,946.97754,703.33496
MOVE,0,1.0,0.05686275,301580635,948.42773,702.4785
MOVE,0,1.0,0.05686275,301580644,950.4053,701.6211
MOVE,0,1.0,0.05686275,301580652,951.9873,700.76465
MOVE,0,1.0,0.05686275,301580656,952.3828,700.4785
MOVE,0,1.0,0.05686275,301580673,952.3828,699.9072
MOVE,0,1.0,0.05686275,301580698,952.3828,699.33594
MOVE,0,1.0,0.05686275,301580722,954.7754,696.70703
MOVE,0,1.0,0.050980397,301580727,955.9424,695.62305
MOVE,0,1.0,0.05686275,301580735,957.5244,694.19434
MOVE,0,1.0,0.050980397,301580744,958.8428,693.05176
MOVE,0,1.0,0.050980397,301580752,959.89746,692.48047
MOVE,0,1.0,0.05686275,301580756,960.29297,692.48047
MOVE,0,1.0,0.050980397,301580781,960.29297,692.48047
MOVE,0,1.0,0.05686275,301580847,960.29297,692.48047
MOVE,0,1.0,0.050980397,301580848,960.29297,692.48047
MOVE,0,1.0,0.05686275,301580872,960.29297,692.48047
MOVE,0,1.0,0.050980397,301580873,960.29297,692.48047
MOVE,0,1.0,0.05686275,301580890,960.29297,692.48047
MOVE,0,1.0,0.05686275,301580914,960.29297,692.48047
MOVE,0,1.0,0.05686275,301580919,960.29297,692.48047
MOVE,0,1.0,0.050980397,301580923,960.29297,692.48047
MOVE,0,1.0,0.05686275,301580940,960.29297,692.48047
MOVE,0,1.0,0.050980397,301580956,960.29297,692.48047
MOVE,0,1.0,0.05686275,301580989,960.29297,692.48047
MOVE,0,1.0,0.05686275,301580994,960.29297,692.48047
MOVE,0,1.0,0.05686275,301581002,960.29297,692.48047
MOVE,0,1.0,0.01764706,301581007,960.0293,691.9092
UP,0,1.0,0.01764706,301581015,960.0293,691.9092
DOWN,0,1.0,0.023529414,301582393,59.32617,1155.7959
MOVE,0,1.0,0.03137255,301582416,61.947266,1152.0996
MOVE,0,1.0,0.03137255,301582421,63.28125,1150.6543
MOVE,0,1.0,0.03137255,301582429,64.99512,1148.6553
MOVE,0,1.0,0.03137255,301582438,67.76367,1145.2275
MOVE,0,1.0,0.03137255,301582446,69.87305,1142.6562
MOVE,0,1.0,0.03137255,301582454,69.87305,1142.6562
MOVE,0,1.0,0.013725491,301582458,69.87305,1143.7988
UP,0,1.0,0.013725491,301582466,69.87305,1143.7988
MOVE,0,1.0,0.04117647,301583802,832.07715,932.47363
MOVE,0,1.0,0.04117647,301583810,810.21875,988.4199
MOVE,0,1.0,0.04117647,301583820,788.07324,1047.2344
MOVE,0,1.0,0.037254903,301583827,768.53516,1099.8555
MOVE,0,1.0,0.03529412,301583835,751.37305,1147.8896
MOVE,0,1.0,0.037254903,301583843,737.3662,1191.3525
MOVE,0,1.0,0.037254903,301583852,725.7412,1229.6807
MOVE,0,1.0,0.04117647,301583860,715.44434,1265.1289
MOVE,0,1.0,0.04117647,301583868,707.25,1293.1963
MOVE,0,1.0,0.04117647,301583877,700.6426,1317.7969
MOVE,0,1.0,0.037254903,301583885,694.57227,1341.2305
MOVE,0,1.0,0.037254903,301583893,689.291,1363.5225
MOVE,0,1.0,0.04509804,301583902,684.2783,1384.6719
MOVE,0,1.0,0.04117647,301583910,679.0078,1405.8096
MOVE,0,1.0,0.03529412,301583918,675.3008,1426.9473
MOVE,0,1.0,0.04509804,301583927,671.6094,1446.3877
MOVE,0,1.0,0.037254903,301583935,668.9619,1463.5498
MOVE,0,1.0,0.03137255,301583944,666.3252,1481.2539
MOVE,0,1.0,0.037254903,301583952,664.542,1495.0293
MOVE,0,1.0,0.04117647,301583959,663.4033,1504.8145
MOVE,0,1.0,0.04509804,301583966,662.12695,1512.9639
MOVE,0,1.0,0.037254903,301583973,660.5469,1521.5723
MOVE,0,1.0,0.037254903,301583982,658.0537,1531.5293
MOVE,0,1.0,0.04117647,301583990,655.3496,1540.123
MOVE,0,1.0,0.04117647,301583998,652.7197,1547.7002
MOVE,0,1.0,0.04117647,301584006,649.55566,1555.6982
MOVE,0,1.0,0.04509804,301584014,645.9961,1563.6963
MOVE,0,1.0,0.03529412,301584023,642.1367,1572.3496
MOVE,0,1.0,0.03529412,301584032,637.8955,1582.1289
MOVE,0,1.0,0.04117647,301584040,633.7217,1592.0859
MOVE,0,1.0,0.04117647,301584048,630.0957,1601.3955
MOVE,0,1.0,0.04117647,301584056,627.3418,1609.6191
MOVE,0,1.0,0.04117647,301584064,625.0342,1617.3975
MOVE,0,1.0,0.037254903,301584073,622.9248,1624.8242
MOVE,0,1.0,0.037254903,301584081,621.4746,1631.1084
MOVE,0,1.0,0.04117647,301584089,620.55176,1636.25
MOVE,0,1.0,0.04117647,301584098,620.0244,1640.249
MOVE,0,1.0,0.04117647,301584106,619.76074,1643.1055
MOVE,0,1.0,0.03137255,301584115,619.2334,1644.5342
MOVE,0,1.0,0.01764706,301584119,618.8379,1644.8193
UP,0,1.0,0.01764706,301584127,618.8379,1644.8193
DOWN,0,1.0,0.03137255,301584194,86.2207,897.57324
MOVE,0,1.0,0.037254903,301584218,86.677734,897.0781
MOVE,0,1.0,0.037254903,301584223,87.802734,897.00195
MOVE,0,1.0,0.037254903,301584231,89.91211,896.7168
MOVE,0,1.0,0.037254903,301584240,91.62598,896.43066
MOVE,0,1.0,0.037254903,301584248,92.680664,896.43066
MOVE,0,1.0,0.037254903,301584256,93.33984,896.43066
MOVE,0,1.0,0.03137255,301584265,93.33984,896.43066
MOVE,0,1.0,0.03137255,301584273,92.944336,896.43066
MOVE,0,1.0,0.023529414,301584281,92.680664,896.7168
MOVE,0,1.0,0.0058823535,301584285,92.54883,897.00195
UP,0,1.0,0.0058823535,301584293,92.54883,897.00195
DOWN,0,1.0,0.03137255,301584803,66.44531,775.8887
MOVE,0,1.0,0.037254903,301584827,70.47363,773.33496
MOVE,0,1.0,0.04117647,301584832,73.69629,771.6045
MOVE,0,1.0,0.04117647,301584840,78.44238,769.31934
MOVE,0,1.0,0.04117647,301584849,82.13379,767.60547
MOVE,0,1.0,0.04117647,301584857,84.90234,766.4629
MOVE,0,1.0,0.04117647,301584865,86.87988,766.17676
MOVE,0,1.0,0.03529412,301584874,88.19824,766.17676
MOVE,0,1.0,0.03137255,301584882,88.59375,766.4629
MOVE,0,1.0,0.025490198,301584890,88.461914,767.60547
MOVE,0,1.0,0.0058823535,301584895,88.33008,768.4619
UP,0,1.0,0.0058823535,301584903,88.33008,768.4619
MOVE,0,1.0,0.04117647,301585212,839.03516,1048.5762
MOVE,0,1.0,0.037254903,301585220,835.08887,1090.252
MOVE,0,1.0,0.037254903,301585228,830.3506,1131.3906
MOVE,0,1.0,0.037254903,301585237,825.3428,1167.999
MOVE,0,1.0,0.03529412,301585245,820.333,1201.7334
MOVE,0,1.0,0.03529412,301585253,815.32324,1231.4805
MOVE,0,1.0,0.03137255,301585262,810.5752,1256.6631
MOVE,0,1.0,0.03137255,301585270,806.87305,1276.1436
MOVE,0,1.0,0.037254903,301585278,804.0742,1289.9365
MOVE,0,1.0,0.04117647,301585285,802.2549,1299.7217
MOVE,0,1.0,0.03529412,301585292,800.83105,1307.4355
MOVE,0,1.0,0.037254903,301585300,799.71484,1313.4854
MOVE,0,1.0,0.037254903,301585308,798.9258,1318.8994
MOVE,0,1.0,0.037254903,301585316,798.2666,1323.4697
MOVE,0,1.0,0.037254903,301585324,797.34375,1326.8975
MOVE,0,1.0,0.037254903,301585333,796.55273,1329.4678
MOVE,0,1.0,0.037254903,301585341,795.7617,1332.0391
MOVE,0,1.0,0.04117647,301585349,794.70703,1334.0381
MOVE,0,1.0,0.037254903,301585358,793.916,1334.8955
MOVE,0,1.0,0.04117647,301585366,793.3887,1335.4668
MOVE,0,1.0,0.04117647,301585374,793.125,1335.4668
MOVE,0,1.0,0.04117647,301585379,793.125,1335.1807
MOVE,0,1.0,0.037254903,301585444,792.8965,1340.6318
MOVE,0,1.0,0.037254903,301585450,792.8613,1347.2646
MOVE,0,1.0,0.04117647,301585459,792.6846,1361.1338
MOVE,0,1.0,0.03529412,301585469,791.9678,1377.291
MOVE,0,1.0,0.037254903,301585478,790.41406,1393.8936
MOVE,0,1.0,0.04117647,301585486,789.0088,1411.0186
MOVE,0,1.0,0.037254903,301585495,788.40625,1426.3789
MOVE,0,1.0,0.03529412,301585503,787.709,1438.2861
MOVE,0,1.0,0.03137255,301585510,787.5879,1451.5557
MOVE,0,1.0,0.037254903,301585519,787.3711,1465.3779
MOVE,0,1.0,0.03137255,301585527,787.3242,1478.4121
MOVE,0,1.0,0.037254903,301585536,787.3242,1492.4678
MOVE,0,1.0,0.03529412,301585544,786.9131,1504.4971
MOVE,0,1.0,0.03137255,301585552,786.2197,1517.1406
MOVE,0,1.0,0.03137255,301585561,784.27246,1533.0557
MOVE,0,1.0,0.037254903,301585570,781.53125,1550.5674
MOVE,0,1.0,0.03137255,301585578,779.0508,1565.0322
MOVE,0,1.0,0.025490198,301585585,775.97754,1575.8877
MOVE,0,1.0,0.0058823535,301585587,775.1953,1578.5498
UP,0,1.0,0.0058823535,301585595,775.1953,1578.5498
DOWN,0,1.0,0.027450982,301585779,793.916,1064.9609
MOVE,0,1.0,0.04117647,301585787,793.916,1064.9609
MOVE,0,1.0,0.04509804,301585811,794.6367,1066.5234
MOVE,0,1.0,0.050980397,301585817,794.44336,1068.3887
MOVE,0,1.0,0.04509804,301585825,793.2246,1075.1289
MOVE,0,1.0,0.04509804,301585835,788.5957,1094.8574
MOVE,0,1.0,0.050980397,301585846,777.3994,1133.2012
MOVE,0,1.0,0.04705883,301585854,763.9922,1171.9746
MOVE,0,1.0,0.050980397,301585863,750.2832,1211.3877
MOVE,0,1.0,0.05686275,301585871,738.4004,1247.4141
MOVE,0,1.0,0.04117647,301585879,728.8838,1277.1836
MOVE,0,1.0,0.04117647,301585888,722.5244,1296.71
MOVE,0,1.0,0.04117647,301585896,718.4795,1309.8438
MOVE,0,1.0,0.04509804,301585902,716.126,1316.8672
MOVE,0,1.0,0.04509804,301585908,714.2822,1322.3418
MOVE,0,1.0,0.04117647,301585917,712.57324,1327.4688
MOVE,0,1.0,0.04117647,301585925,711.12305,1330.6104
MOVE,0,1.0,0.04117647,301585933,709.4092,1332.0391
MOVE,0,1.0,0.04117647,301585942,708.0908,1332.0391
MOVE,0,1.0,0.04117647,301585950,707.2998,1331.4678
MOVE,0,1.0,0.037254903,301585958,706.2451,1331.7529
MOVE,0,1.0,0.037254903,301585967,704.3994,1333.1816
MOVE,0,1.0,0.04117647,301585975,702.29004,1336.3232
MOVE,0,1.0,0.04117647,301585983,700.3125,1342.0361
MOVE,0,1.0,0.04117647,301585992,698.2031,1349.4629
MOVE,0,1.0,0.037254903,301586000,696.3574,1357.4609
MOVE,0,1.0,0.04117647,301586009,694.9072,1364.6025
MOVE,0,1.0,0.03529412,301586017,693.85254,1369.7441
MOVE,0,1.0,0.027450982,301586025,693.0615,1371.1719
MOVE,0,1.0,0.01764706,301586029,692.666,1370.6006
UP,0,1.0,0.01764706,301586038,692.666,1370.6006
DOWN,0,1.0,0.04117647,301586046,196.96289,1164.3652
MOVE,0,1.0,0.04509804,301586063,196.96289,1164.3652
MOVE,0,1.0,0.050980397,301586087,196.20703,1165.9277
MOVE,0,1.0,0.04509804,301586092,195.64453,1168.9355
MOVE,0,1.0,0.04117647,301586101,194.25879,1177.9932
MOVE,0,1.0,0.04117647,301586111,192.36816,1195.0215
MOVE,0,1.0,0.04117647,301586121,190.94922,1218.2461
MOVE,0,1.0,0.04509804,301586129,191.4209,1241.832
MOVE,0,1.0,0.04117647,301586138,192.99219,1263.5527
MOVE,0,1.0,0.03529412,301586146,196.14062,1288.0898
MOVE,0,1.0,0.04117647,301586154,199.82617,1310.3926
MOVE,0,1.0,0.03529412,301586163,202.47363,1328.7139
MOVE,0,1.0,0.03137255,301586171,204.49023,1341.8359
MOVE,0,1.0,0.03137255,301586178,205.0166,1351.4219
MOVE,0,1.0,0.023529414,301586185,204.9668,1360.3037
MOVE,0,1.0,0.023529414,301586193,204.72754,1367.5342
MOVE,0,1.0,0.01764706,301586200,204.60938,1373.457
MOVE,0,1.0,0.01764706,301586209,204.74121,1378.0273
MOVE,0,1.0,0.01764706,301586217,204.74121,1380.8838
MOVE,0,1.0,0.01764706,301586225,204.47754,1382.8838
MOVE,0,1.0,0.023529414,301586234,204.47754,1384.0264
MOVE,0,1.0,0.023529414,301586242,204.60938,1384.3115
MOVE,0,1.0,0.027450982,301586246,204.60938,1384.3115
MOVE,0,1.0,0.027450982,301586271,204.87305,1384.8828
MOVE,0,1.0,0.027450982,301586295,205.89258,1390.293
MOVE,0,1.0,0.027450982,301586301,206.05957,1391.4531
MOVE,0,1.0,0.027450982,301586309,206.32324,1392.8809
MOVE,0,1.0,0.027450982,301586317,206.45508,1393.7383
MOVE,0,1.0,0.027450982,301586325,206.71875,1394.3096
MOVE,0,1.0,0.027450982,301586334,206.98242,1394.5947
MOVE,0,1.0,0.027450982,301586342,206.98242,1394.5947
MOVE,0,1.0,0.027450982,301586351,206.98242,1394.5947
MOVE,0,1.0,0.027450982,301586359,206.98242,1394.5947
MOVE,0,1.0,0.027450982,301586363,206.98242,1394.5947
MOVE,0,1.0,0.027450982,301586395,206.98242,1394.5947
MOVE,0,1.0,0.027450982,301586401,206.98242,1394.5947
MOVE,0,1.0,0.01764706,301586405,206.45508,1394.0234
UP,0,1.0,0.01764706,301586413,206.45508,1394.0234
DOWN,0,1.0,0.027450982,301587306,74.0918,895.8594
MOVE,0,1.0,0.03137255,301587321,74.77832,895.8594
MOVE,0,1.0,0.03137255,301587327,75.146484,895.8594
MOVE,0,1.0,0.03137255,301587335,75.67383,895.8594
MOVE,0,1.0,0.03137255,301587343,76.728516,896.1455
MOVE,0,1.0,0.03137255,301587352,77.51953,896.43066
MOVE,0,1.0,0.03137255,301587360,77.51953,896.43066
MOVE,0,1.0,0.01764706,301587364,74.88281,898.7158
UP,0,1.0,0.01764706,301587373,74.88281,898.7158
MOVE,0,1.0,0.03137255,301590208,872.2002,1378.3115
MOVE,0,1.0,0.037254903,301590217,872.4873,1316.3457
MOVE,0,1.0,0.037254903,301590226,873.0127,1253.544
MOVE,0,1.0,0.04117647,301590234,874.32324,1190.1357
MOVE,0,1.0,0.050980397,301590243,877.46875,1129.5508
MOVE,0,1.0,0.04117647,301590251,883.24316,1070.6914
MOVE,0,1.0,0.03529412,301590259,890.0879,1014.6758
MOVE,0,1.0,0.037254903,301590268,897.46484,963.7803
MOVE,0,1.0,0.037254903,301590276,905.63086,919.72266
MOVE,0,1.0,0.04509804,301590301,919.6455,841.79297
MOVE,0,1.0,0.04509804,301590318,929.65137,808.05273
MOVE,0,1.0,0.04509804,301590326,936.46387,791.5508
MOVE,0,1.0,0.05686275,301590334,944.76953,775.19824
MOVE,0,1.0,0.05686275,301590343,953.97656,758.63086
MOVE,0,1.0,0.050980397,301590351,964.2754,739.2012
MOVE,0,1.0,0.04509804,301590359,972.3633,724.4883
MOVE,0,1.0,0.04509804,301590367,978.32324,712.1748
MOVE,0,1.0,0.04509804,301590374,984.2119,700.83496
MOVE,0,1.0,0.04509804,301590382,989.0498,690.7295
MOVE,0,1.0,0.04117647,301590389,993.68164,681.74414
MOVE,0,1.0,0.04117647,301590397,997.71094,674.2803
MOVE,0,1.0,0.037254903,301590405,1001.4258,667.0586
MOVE,0,1.0,0.037254903,301590414,1004.98535,659.3457
MOVE,0,1.0,0.01764706,301590422,1007.0947,651.6338
MOVE,0,1.0,0.0058823535,301590426,1007.49023,647.9199
UP,0,1.0,0.0058823535,301590434,1007.49023,647.9199
DOWN,0,1.0,0.03137255,301590443,176.13281,1326.6113
MOVE,0,1.0,0.025490198,301590458,176.13281,1325.6201
MOVE,0,1.0,0.037254903,301590464,176.13281,1323.4697
MOVE,0,1.0,0.03137255,301590472,176.00098,1317.7568
MOVE,0,1.0,0.03137255,301590480,175.5918,1308.6348
MOVE,0,1.0,0.04117647,301590490,172.9414,1285.7568
MOVE,0,1.0,0.03137255,301590501,165.91016,1240.7236
MOVE,0,1.0,0.03137255,301590509,159.58496,1205.8467
MOVE,0,1.0,0.037254903,301590518,153.51758,1177.7852
MOVE,0,1.0,0.037254903,301590526,148.49707,1158.2754
MOVE,0,1.0,0.04117647,301590534,145.51465,1146.4307
MOVE,0,1.0,0.04117647,301590540,143.67285,1140.0869
MOVE,0,1.0,0.04117647,301590547,142.38281,1135.5156
MOVE,0,1.0,0.04117647,301590555,141.85547,1132.373
MOVE,0,1.0,0.04117647,301590560,141.85547,1131.2305
MOVE,0,1.0,0.04117647,301590592,143.2627,1133.7842
MOVE,0,1.0,0.03137255,301590597,145.54688,1138.0859
MOVE,0,1.0,0.04117647,301590607,153.2373,1153.4648
MOVE,0,1.0,0.04509804,301590618,172.2832,1193.1699
MOVE,0,1.0,0.037254903,301590626,193.06348,1238.1816
MOVE,0,1.0,0.04117647,301590635,213.89355,1287.8379
MOVE,0,1.0,0.037254903,301590643,230.80762,1335.2783
MOVE,0,1.0,0.037254903,301590651,242.20117,1375.3428
MOVE,0,1.0,0.03137255,301590660,248.84082,1406.2832
MOVE,0,1.0,0.037254903,301590668,252.2998,1428.6494
MOVE,0,1.0,0.037254903,301590676,253.63379,1445.2021
MOVE,0,1.0,0.037254903,301590684,254.13867,1457.5596
MOVE,0,1.0,0.037254903,301590691,254.17969,1466.081
MOVE,0,1.0,0.037254903,301590698,254.33691,1474.6445
MOVE,0,1.0,0.03137255,301590706,254.88086,1483.3164
MOVE,0,1.0,0.037254903,301590714,255.76465,1491.1611
MOVE,0,1.0,0.037254903,301590722,256.8164,1499.1406
MOVE,0,1.0,0.04509804,301590731,257.73926,1506.5674
MOVE,0,1.0,0.04117647,301590739,258.53027,1513.1377
MOVE,0,1.0,0.037254903,301590747,259.18945,1518.8506
MOVE,0,1.0,0.037254903,301590756,259.45312,1523.4209
MOVE,0,1.0,0.037254903,301590764,259.7168,1526.5625
MOVE,0,1.0,0.037254903,301590772,260.1123,1528.8477
MOVE,0,1.0,0.04117647,301590781,260.24414,1530.2764
MOVE,0,1.0,0.037254903,301590789,260.1123,1530.2764
MOVE,0,1.0,0.037254903,301590793,259.98047,1529.9902
MOVE,0,1.0,0.037254903,301590842,254.75781,1531.1328
MOVE,0,1.0,0.01764706,301590843,254.44336,1531.1328
UP,0,1.0,0.01764706,301590851,254.44336,1531.1328
DOWN,0,1.0,0.025490198,301591186,77.7832,838.73047
MOVE,0,1.0,0.03137255,301591209,80.20996,836.10156
MOVE,0,1.0,0.027450982,301591214,80.81543,834.4463
MOVE,0,1.0,0.01764706,301591223,81.21094,831.58984
MOVE,0,1.0,0.003921569,301591227,81.21094,830.16113
UP,0,1.0,0.003921569,301591235,81.21094,830.16113
MOVE,0,1.0,0.05686275,301592353,864.7041,874.876
MOVE,0,1.0,0.050980397,301592362,851.2676,928.45703
MOVE,0,1.0,0.050980397,301592370,838.08105,988.3799
MOVE,0,1.0,0.04117647,301592378,825.1582,1052.8896
MOVE,0,1.0,0.050980397,301592387,813.2832,1119.708
MOVE,0,1.0,0.05686275,301592395,805.07227,1185.417
MOVE,0,1.0,0.04705883,301592404,800.0303,1244.8945
MOVE,0,1.0,0.04117647,301592412,798.6758,1289.0381
MOVE,0,1.0,0.04509804,301592420,799.1846,1323.4121
MOVE,0,1.0,0.037254903,301592428,799.97266,1350.3369
MOVE,0,1.0,0.04117647,301592437,798.6758,1374.3594
MOVE,0,1.0,0.037254903,301592445,795.0078,1394.96
MOVE,0,1.0,0.04117647,301592453,791.07227,1411.4961
MOVE,0,1.0,0.037254903,301592461,786.35254,1424.4951
MOVE,0,1.0,0.03137255,301592468,781.78125,1433.7266
MOVE,0,1.0,0.025490198,301592475,777.44434,1441.4727
MOVE,0,1.0,0.01764706,301592478,775.459,1444.8682
UP,0,1.0,0.01764706,301592486,775.459,1444.8682
DOWN,0,1.0,0.03137255,301592663,782.31445,1029.541
MOVE,0,1.0,0.03529412,301592694,782.54297,1030.0371
MOVE,0,1.0,0.04509804,301592700,782.70996,1031.2549
MOVE,0,1.0,0.04117647,301592708,783.11035,1037.0518
MOVE,0,1.0,0.04117647,301592717,782.85547,1054.5352
MOVE,0,1.0,0.04117647,301592729,780.49023,1089.8125
MOVE,0,1.0,0.04117647,301592737,776.5537,1126.2949
MOVE,0,1.0,0.04117647,301592745,770.7705,1167.9473
MOVE,0,1.0,0.04117647,301592754,762.88184,1213.0449
MOVE,0,1.0,0.04117647,301592762,756.0156,1257.6113
MOVE,0,1.0,0.03529412,301592770,749.94336,1297.6475
MOVE,0,1.0,0.04117647,301592779,742.5742,1333.1123
MOVE,0,1.0,0.03137255,301592787,734.9297,1363.4424
MOVE,0,1.0,0.01764706,301592795,730.9551,1380.0752
MOVE,0,1.0,0.01764706,301592795,730.89844,1380.3125
UP,0,1.0,0.01764706,301592803,730.89844,1380.3125
DOWN,0,1.0,0.03137255,301592996,781.52344,1163.794
MOVE,0,1.0,0.03529412,301593004,781.52344,1163.794
MOVE,0,1.0,0.03529412,301593028,782.70215,1165.8525
MOVE,0,1.0,0.037254903,301593033,783.501,1167.2217
MOVE,0,1.0,0.04117647,301593042,785.7422,1171.2207
MOVE,0,1.0,0.04509804,301593050,789.7197,1179.877
MOVE,0,1.0,0.04117647,301593060,794.6719,1194.2441
MOVE,0,1.0,0.04117647,301593069,798.71875,1213.7178
MOVE,0,1.0,0.04117647,301593079,801.27734,1236.1475
MOVE,0,1.0,0.037254903,301593087,801.8213,1256.1426
MOVE,0,1.0,0.037254903,301593096,803.13184,1274.4414
MOVE,0,1.0,0.037254903,301593104,806.27734,1292.1572
MOVE,0,1.0,0.033333335,301593112,809.0703,1305.9326
MOVE,0,1.0,0.03137255,301593119,811.0791,1315.1719
MOVE,0,1.0,0.025490198,301593126,813.0127,1322.293
MOVE,0,1.0,0.03137255,301593133,815.4053,1328.8965
MOVE,0,1.0,0.03137255,301593142,818.042,1335.1807
MOVE,0,1.0,0.03137255,301593150,819.75586,1340.0371
MOVE,0,1.0,0.03137255,301593158,820.81055,1343.4648
MOVE,0,1.0,0.03137255,301593167,821.60156,1345.75
MOVE,0,1.0,0.03137255,301593175,821.9971,1347.1777
MOVE,0,1.0,0.03137255,301593179,822.1289,1347.749
MOVE,0,1.0,0.03137255,301593203,822.1289,1346.1865
MOVE,0,1.0,0.03137255,301593208,821.86523,1345.1787
MOVE,0,1.0,0.03137255,301593217,821.20605,1342.6074
MOVE,0,1.0,0.03137255,301593225,820.5469,1338.8945
MOVE,0,1.0,0.025490198,301593233,819.8877,1334.8955
MOVE,0,1.0,0.03137255,301593242,819.4922,1331.1816
MOVE,0,1.0,0.025490198,301593250,819.4922,1328.6113
MOVE,0,1.0,0.025490198,301593258,819.4922,1327.1826
MOVE,0,1.0,0.03137255,301593263,819.4922,1326.6113
MOVE,0,1.0,0.037254903,301593312,819.4922,1326.6113
MOVE,0,1.0,0.037254903,301593317,819.4922,1326.6113
MOVE,0,1.0,0.037254903,301593321,819.4922,1326.6113
MOVE,0,1.0,0.03137255,301593345,819.4922,1325.5449
MOVE,0,1.0,0.025490198,301593350,819.36035,1325.1836
MOVE,0,1.0,0.03137255,301593359,819.2285,1324.6123
MOVE,0,1.0,0.03137255,301593367,818.7012,1324.041
MOVE,0,1.0,0.025490198,301593371,818.1738,1323.7549
MOVE,0,1.0,0.025490198,301593412,816.95996,1323.1084
MOVE,0,1.0,0.025490198,301593413,816.85547,1323.1836
MOVE,0,1.0,0.025490198,301593437,816.85547,1323.7549
MOVE,0,1.0,0.025490198,301593442,816.85547,1323.7549
MOVE,0,1.0,0.025490198,301593450,816.85547,1323.7549
MOVE,0,1.0,0.013725491,301593454,816.85547,1323.7549
UP,0,1.0,0.013725491,301593462,816.85547,1323.7549
MOVE,0,1.0,0.04509804,301596984,809.54395,1039.5332
MOVE,0,1.0,0.04117647,301596992,800.59766,1072.6279
MOVE,0,1.0,0.03529412,301597000,791.3721,1104.6309
MOVE,0,1.0,0.04117647,301597009,782.4043,1135.4922
MOVE,0,1.0,0.04117647,301597017,774.22266,1163.5137
MOVE,0,1.0,0.037254903,301597025,768.9199,1185.8516
MOVE,0,1.0,0.037254903,301597034,764.6904,1205.3037
MOVE,0,1.0,0.04117647,301597042,761.63574,1219.0967
MOVE,0,1.0,0.037254903,301597049,759.78613,1229.4375
MOVE,0,1.0,0.04117647,301597056,758.1211,1238.7617
MOVE,0,1.0,0.037254903,301597064,756.7666,1247.0186
MOVE,0,1.0,0.037254903,301597071,755.416,1254.3604
MOVE,0,1.0,0.037254903,301597080,753.5742,1261.7705
MOVE,0,1.0,0.03137255,301597088,751.5967,1268.626
MOVE,0,1.0,0.03137255,301597096,750.01465,1275.1953
MOVE,0,1.0,0.03137255,301597105,748.3008,1282.0508
MOVE,0,1.0,0.03529412,301597113,746.4551,1288.9062
MOVE,0,1.0,0.03137255,301597121,745.1367,1294.9053
MOVE,0,1.0,0.03529412,301597130,744.21387,1299.4756
MOVE,0,1.0,0.04117647,301597138,743.42285,1303.1885
MOVE,0,1.0,0.03529412,301597146,742.63184,1305.7598
MOVE,0,1.0,0.04117647,301597155,742.1045,1307.4736
MOVE,0,1.0,0.04117647,301597163,741.8408,1308.9014
MOVE,0,1.0,0.04509804,301597172,741.4453,1309.7588
MOVE,0,1.0,0.04509804,301597180,741.0498,1310.3301
MOVE,0,1.0,0.04117647,301597188,741.0498,1310.3301
MOVE,0,1.0,0.04117647,301597196,741.18164,1310.044
MOVE,0,1.0,0.04117647,301597205,741.18164,1310.044
MOVE,0,1.0,0.04117647,301597213,741.18164,1310.044
MOVE,0,1.0,0.04117647,301597221,741.18164,1310.044
MOVE,0,1.0,0.01764706,301597226,741.18164,1310.044
UP,0,1.0,0.01764706,301597242,741.18164,1310.044
DOWN,0,1.0,0.03137255,301597552,68.55469,1049.5361
MOVE,0,1.0,0.01764706,301597584,68.55469,1049.5361
UP,0,1.0,0.01764706,301597601,68.55469,1049.5361
MOVE,0,1.0,0.04117647,301599078,829.08496,1042.9834
MOVE,0,1.0,0.04117647,301599086,814.6279,1077.1865
MOVE,0,1.0,0.03137255,301599094,798.0371,1113.1611
MOVE,0,1.0,0.037254903,301599103,780.1211,1150.8486
MOVE,0,1.0,0.037254903,301599111,762.7129,1188.5537
MOVE,0,1.0,0.03137255,301599119,746.3545,1223.4307
MOVE,0,1.0,0.027450982,301599128,732.0957,1252.624
MOVE,0,1.0,0.03137255,301599136,719.6846,1277.8008
MOVE,0,1.0,0.03137255,301599144,709.90234,1299.544
MOVE,0,1.0,0.03137255,301599153,700.9297,1317.294
MOVE,0,1.0,0.037254903,301599161,693.5078,1329.1211
MOVE,0,1.0,0.03137255,301599167,688.2871,1337.2822
MOVE,0,1.0,0.025490198,301599174,682.9863,1344.9434
MOVE,0,1.0,0.025490198,301599182,677.9004,1350.8916
MOVE,0,1.0,0.03137255,301599190,672.8906,1355.7471
MOVE,0,1.0,0.03137255,301599199,668.93555,1359.7461
MOVE,0,1.0,0.037254903,301599207,666.167,1363.46
MOVE,0,1.0,0.04117647,301599215,663.6621,1367.7441
MOVE,0,1.0,0.03529412,301599224,660.7617,1372.3145
MOVE,0,1.0,0.03529412,301599232,657.7295,1377.456
MOVE,0,1.0,0.03137255,301599240,654.4336,1383.169
MOVE,0,1.0,0.03137255,301599249,650.4785,1388.3105
MOVE,0,1.0,0.037254903,301599257,646.52344,1392.3096
MOVE,0,1.0,0.037254903,301599265,642.83203,1395.7373
MOVE,0,1.0,0.037254903,301599274,639.4043,1398.5938
MOVE,0,1.0,0.037254903,301599282,636.8994,1400.8789
MOVE,0,1.0,0.037254903,301599290,634.9219,1402.3076
MOVE,0,1.0,0.037254903,301599299,633.208,1402.3076
MOVE,0,1.0,0.037254903,301599307,632.0215,1401.165
MOVE,0,1.0,0.037254903,301599315,631.23047,1398.0225
MOVE,0,1.0,0.04117647,301599324,630.9668,1392.0244
MOVE,0,1.0,0.03529412,301599332,631.5039,1383.6562
MOVE,0,1.0,0.03529412,301599341,632.9951,1374.9512
MOVE,0,1.0,0.04117647,301599349,634.6582,1368.0303
MOVE,0,1.0,0.04117647,301599357,635.97656,1363.46
MOVE,0,1.0,0.04117647,301599365,636.7676,1362.0312
MOVE,0,1.0,0.04117647,301599374,637.1631,1362.0312
MOVE,0,1.0,0.037254903,301599382,637.2949,1362.0312
MOVE,0,1.0,0.037254903,301599390,637.2949,1362.0312
MOVE,0,1.0,0.037254903,301599399,637.2949,1362.0312
MOVE,0,1.0,0.03529412,301599407,637.1631,1363.46
MOVE,0,1.0,0.03137255,301599416,636.24023,1366.0303
MOVE,0,1.0,0.037254903,301599424,634.79004,1370.8867
MOVE,0,1.0,0.037254903,301599432,633.208,1377.7422
MOVE,0,1.0,0.03137255,301599441,631.23047,1384.5977
MOVE,0,1.0,0.023529414,301599449,629.38477,1390.0244
MOVE,0,1.0,0.013725491,301599453,628.59375,1392.3096
UP,0,1.0,0.013725491,301599461,628.59375,1392.3096
DOWN,0,1.0,0.03137255,301599654,70.13672,981.55273
MOVE,0,1.0,0.037254903,301599662,70.13672,981.55273
MOVE,0,1.0,0.037254903,301599686,70.89258,982.6201
MOVE,0,1.0,0.03137255,301599691,70.927734,982.98145
MOVE,0,1.0,0.025490198,301599699,70.7959,983.55273
MOVE,0,1.0,0.023529414,301599708,69.87305,984.4092
MOVE,0,1.0,0.01764706,301599716,68.02734,985.2666
MOVE,0,1.0,0.003921569,301599720,66.97266,985.55176
UP,0,1.0,0.003921569,301599728,66.97266,985.55176
DOWN,0,1.0,0.03137255,301600254,869.8535,879.292
MOVE,0,1.0,0.037254903,301600287,869.8535,880.2832
MOVE,0,1.0,0.03137255,301600292,869.3262,881.8633
MOVE,0,1.0,0.04117647,301600300,866.3662,889.4922
MOVE,0,1.0,0.037254903,301600310,855.6084,914.0137
MOVE,0,1.0,0.04117647,301600321,835.2256,957.7529
MOVE,0,1.0,0.04117647,301600329,811.8164,1006.2041
MOVE,0,1.0,0.04117647,301600338,786.2617,1059.2881
MOVE,0,1.0,0.03137255,301600346,760.4248,1115.8115
MOVE,0,1.0,0.023529414,301600354,736.9336,1171.8037
MOVE,0,1.0,0.023529414,301600363,716.86035,1223.2656
MOVE,0,1.0,0.013725491,301600371,702.8252,1265.6318
MOVE,0,1.0,0.013725491,301600371,702.68555,1266.0547
UP,0,1.0,0.013725491,301600379,702.68555,1266.0547
DOWN,0,1.0,0.023529414,301600513,705.32227,1298.6182
MOVE,0,1.0,0.03137255,301600521,705.32227,1298.6182
MOVE,0,1.0,0.03137255,301600545,704.1084,1301.248
MOVE,0,1.0,0.037254903,301600550,703.3447,1302.9033
MOVE,0,1.0,0.03137255,301600559,700.80566,1308.9854
MOVE,0,1.0,0.025490198,301600568,694.22754,1324.169
MOVE,0,1.0,0.023529414,301600579,683.36816,1349.5742
MOVE,0,1.0,0.01764706,301600588,675.6035,1368.1328
MOVE,0,1.0,0.023529414,301600596,669.4492,1382.583
MOVE,0,1.0,0.023529414,301600603,665.04004,1393.1279
MOVE,0,1.0,0.027450982,301600610,661.7754,1400.7705
MOVE,0,1.0,0.03137255,301600617,659.1738,1406.6055
MOVE,0,1.0,0.03137255,301600626,656.9385,1411.4482
MOVE,0,1.0,0.03137255,301600634,655.6201,1414.3047
MOVE,0,1.0,0.03137255,301600642,655.2246,1414.876
MOVE,0,1.0,0.03137255,301600650,655.6201,1413.4473
MOVE,0,1.0,0.037254903,301600659,656.41113,1408.5918
MOVE,0,1.0,0.04117647,301600668,658.5996,1394.6367
MOVE,0,1.0,0.037254903,301600680,664.8594,1360.9609
MOVE,0,1.0,0.050980397,301600688,672.8115,1319.5957
MOVE,0,1.0,0.04117647,301600696,684.89844,1269.9795
MOVE,0,1.0,0.050980397,301600705,701.2041,1212.9248
MOVE,0,1.0,0.04117647,301600713,719.3789,1156.3613
MOVE,0,1.0,0.05686275,301600721,741.4873,1098.1074
MOVE,0,1.0,0.04705883,301600730,767.0293,1041.5322
MOVE,0,1.0,0.04117647,301600738,796.5215,989.499
MOVE,0,1.0,0.03529412,301600746,824.7471,943.16797
MOVE,0,1.0,0.03137255,301600755,849.5664,902.5488
MOVE,0,1.0,0.037254903,301600763,871.7412,868.209
MOVE,0,1.0,0.03529412,301600771,889.45215,840.1533
MOVE,0,1.0,0.037254903,301600780,904.76855,816.11914
MOVE,0,1.0,0.04117647,301600788,919.0176,796.084
MOVE,0,1.0,0.037254903,301600796,930.3584,782.94434
MOVE,0,1.0,0.04117647,301600803,940.0576,771.70605
MOVE,0,1.0,0.04509804,301600811,948.9785,761.02344
MOVE,0,1.0,0.04117647,301600818,956.46875,751.7119
MOVE,0,1.0,0.04117647,301600827,966.0459,740.80566
MOVE,0,1.0,0.04117647,301600835,974.9863,730.1992
MOVE,0,1.0,0.04509804,301600843,980.6094,722.6533
MOVE,0,1.0,0.04509804,301600851,985.47363,715.9033
MOVE,0,1.0,0.04117647,301600859,989.8242,709.9053
MOVE,0,1.0,0.04509804,301600867,992.9883,705.33496
MOVE,0,1.0,0.04509804,301600876,995.2295,701.6211
MOVE,0,1.0,0.04509804,301600884,996.6797,698.4795
MOVE,0,1.0,0.04117647,301600892,997.7344,695.9082
MOVE,0,1.0,0.04117647,301600901,998.39355,694.19434
MOVE,0,1.0,0.04117647,301600909,998.9209,693.05176
MOVE,0,1.0,0.04117647,301600918,999.44824,691.9092
MOVE,0,1.0,0.04509804,301600926,999.9756,691.05273
MOVE,0,1.0,0.04117647,301600934,1000.63477,690.48145
MOVE,0,1.0,0.04117647,301600942,1001.29395,689.91016
MOVE,0,1.0,0.037254903,301600951,1001.9531,689.33887
MOVE,0,1.0,0.037254903,301600959,1002.74414,688.7676
MOVE,0,1.0,0.037254903,301600968,1003.93066,687.91016
MOVE,0,1.0,0.03137255,301600976,1005.249,687.0537
MOVE,0,1.0,0.025490198,301600984,1006.5674,686.1963
MOVE,0,1.0,0.01764706,301600992,1008.0176,684.76855
MOVE,0,1.0,0.0058823535,301600997,1008.8086,683.91113
UP,0,1.0,0.0058823535,301601005,1008.8086,683.91113
MOVE,0,1.0,0.04117647,301608431,936.4912,805.2012
MOVE,0,1.0,0.04117647,301608440,912.5449,861.5879
MOVE,0,1.0,0.03529412,301608448,886.72363,931.1533
MOVE,0,1.0,0.03529412,301608456,863.2324,1008.2031
MOVE,0,1.0,0.03137255,301608465,845.76953,1080.2373
MOVE,0,1.0,0.03137255,301608473,835.41504,1145.4326
MOVE,0,1.0,0.03137255,301608481,830.875,1203.7725
MOVE,0,1.0,0.025490198,301608490,832.13574,1251.8643
MOVE,0,1.0,0.03137255,301608498,835.80273,1287.4092
MOVE,0,1.0,0.025490198,301608506,840.5381,1315.4766
MOVE,0,1.0,0.037254903,301608515,844.7627,1337.8145
MOVE,0,1.0,0.037254903,301608523,847.6631,1354.3672
MOVE,0,1.0,0.03137255,301608531,848.2051,1368.6787
MOVE,0,1.0,0.03137255,301608539,848.00684,1381.1846
MOVE,0,1.0,0.03137255,301608546,847.1289,1393.6357
MOVE,0,1.0,0.037254903,301608554,845.3574,1404.3184
MOVE,0,1.0,0.027450982,301608562,844.0088,1412.3369
MOVE,0,1.0,0.027450982,301608569,842.8242,1419.1758
MOVE,0,1.0,0.03137255,301608577,841.37695,1425.4443
MOVE,0,1.0,0.027450982,301608586,839.7949,1430.3008
MOVE,0,1.0,0.03137255,301608594,838.47656,1434.0137
MOVE,0,1.0,0.03137255,301608603,837.4219,1436.8701
MOVE,0,1.0,0.03137255,301608611,836.23535,1438.8701
MOVE,0,1.0,0.03137255,301608619,834.917,1440.584
MOVE,0,1.0,0.03137255,301608628,833.8623,1441.7266
MOVE,0,1.0,0.03137255,301608636,833.4668,1442.583
MOVE,0,1.0,0.03137255,301608644,833.8623,1442.583
MOVE,0,1.0,0.03137255,301608652,834.2578,1441.7266
MOVE,0,1.0,0.03137255,301608661,834.6533,1441.4404
MOVE,0,1.0,0.03137255,301608669,835.44434,1440.8691
MOVE,0,1.0,0.03137255,301608677,837.02637,1439.7266
MOVE,0,1.0,0.03137255,301608686,839.2676,1438.2988
MOVE,0,1.0,0.03137255,301608694,841.5088,1436.585
MOVE,0,1.0,0.03137255,301608702,843.4863,1434.2998
MOVE,0,1.0,0.027450982,301608711,844.541,1431.1572
MOVE,0,1.0,0.003921569,301608715,844.8047,1429.4434
UP,0,1.0,0.003921569,301608723,844.8047,1429.4434
DOWN,0,1.0,0.025490198,301608949,145.54688,776.45996
MOVE,0,1.0,0.01764706,301608973,145.54688,776.45996
UP,0,1.0,0.01764706,301608981,145.54688,776.45996
DOWN,0,1.0,0.025490198,301619153,25.576172,755.89355
MOVE,0,1.0,0.025490198,301619176,27.018555,754.33105
MOVE,0,1.0,0.025490198,301619181,28.344727,753.32324
MOVE,0,1.0,0.025490198,301619189,29.926758,751.0381
MOVE,0,1.0,0.015686275,301619194,30.322266,749.6094
UP,0,1.0,0.015686275,301619202,30.322266,749.6094
DOWN,0,1.0,0.04117647,301619545,919.16016,1063.2471
MOVE,0,1.0,0.04509804,301619576,918.93164,1066.8682
MOVE,0,1.0,0.04509804,301619581,918.8965,1069.5312
MOVE,0,1.0,0.04509804,301619590,918.30664,1078.8486
MOVE,0,1.0,0.04117647,301619601,915.3076,1104.5176
MOVE,0,1.0,0.04509804,301619611,908.6738,1141.1934
MOVE,0,1.0,0.04117647,301619619,900.25977,1178.8418
MOVE,0,1.0,0.05686275,301619627,892.084,1217.6777
MOVE,0,1.0,0.04117647,301619636,883.64844,1255.3945
MOVE,0,1.0,0.04117647,301619644,875.21094,1291.4033
MOVE,0,1.0,0.037254903,301619652,867.2959,1324.5664
MOVE,0,1.0,0.037254903,301619660,860.6914,1355.4385
MOVE,0,1.0,0.03529412,301619669,855.4043,1382.3291
MOVE,0,1.0,0.04117647,301619677,850.3916,1409.1797
MOVE,0,1.0,0.03137255,301619686,845.38184,1434.8994
MOVE,0,1.0,0.03137255,301619694,841.417,1459.4766
MOVE,0,1.0,0.037254903,301619702,837.9834,1480.082
MOVE,0,1.0,0.027450982,301619710,835.9053,1495.2334
MOVE,0,1.0,0.03137255,301619718,835.1631,1505.9736
MOVE,0,1.0,0.03137255,301619725,834.51855,1514.2246
MOVE,0,1.0,0.03137255,301619732,834.2578,1520.8945
MOVE,0,1.0,0.037254903,301619740,834.38965,1526.2773
MOVE,0,1.0,0.037254903,301619748,834.917,1531.1328
MOVE,0,1.0,0.037254903,301619756,835.5762,1535.1318
MOVE,0,1.0,0.037254903,301619765,836.3672,1538.2744
MOVE,0,1.0,0.037254903,301619773,837.02637,1540.8447
MOVE,0,1.0,0.037254903,301619782,837.5537,1543.416
MOVE,0,1.0,0.037254903,301619790,838.47656,1546.2725
MOVE,0,1.0,0.037254903,301619798,839.2676,1548.8428
MOVE,0,1.0,0.03137255,301619807,840.0586,1551.1279
MOVE,0,1.0,0.037254903,301619815,840.98145,1553.6992
MOVE,0,1.0,0.03137255,301619823,841.77246,1556.5557
MOVE,0,1.0,0.03137255,301619832,843.0908,1559.4121
MOVE,0,1.0,0.03137255,301619840,844.67285,1562.2686
MOVE,0,1.0,0.03137255,301619848,845.5957,1564.8389
MOVE,0,1.0,0.03137255,301619857,846.2549,1567.124
MOVE,0,1.0,0.03137255,301619865,846.6504,1569.124
MOVE,0,1.0,0.03137255,301619873,846.91406,1570.8379
MOVE,0,1.0,0.03137255,301619882,847.4414,1572.2656
MOVE,0,1.0,0.03137255,301619890,847.8369,1573.123
MOVE,0,1.0,0.03137255,301619898,847.96875,1573.9795
MOVE,0,1.0,0.03137255,301619907,847.96875,1574.5508
MOVE,0,1.0,0.03137255,301619915,847.96875,1574.5508
MOVE,0,1.0,0.013725491,301619919,847.7051,1573.9795
UP,0,1.0,0.013725491,301619927,847.7051,1573.9795
MOVE,0,1.0,0.04117647,301635293,917.3887,743.542
MOVE,0,1.0,0.03137255,301635302,913.3994,785.749
MOVE,0,1.0,0.04117647,301635310,911.2715,835.37695
MOVE,0,1.0,0.03137255,301635318,907.5957,891.3008
MOVE,0,1.0,0.03137255,301635327,900.7715,947.2871
MOVE,0,1.0,0.03137255,301635335,889.4785,1004.9697
MOVE,0,1.0,0.03137255,301635344,874.7471,1066.6289
MOVE,0,1.0,0.03137255,301635352,858.1543,1128.3281
MOVE,0,1.0,0.025490198,301635360,843.1094,1179.8477
MOVE,0,1.0,0.03137255,301635369,833.04004,1223.9111
MOVE,0,1.0,0.037254903,301635377,828.2412,1258.8506
MOVE,0,1.0,0.03137255,301635385,826.3662,1281.8223
MOVE,0,1.0,0.027450982,301635393,825.35254,1294.9902
MOVE,0,1.0,0.023529414,301635400,824.7031,1303.0098
MOVE,0,1.0,0.023529414,301635407,824.35645,1308.9463
MOVE,0,1.0,0.023529414,301635415,823.9746,1314.6143
MOVE,0,1.0,0.025490198,301635423,822.7881,1320.3271
MOVE,0,1.0,0.025490198,301635431,820.2832,1327.1826
MOVE,0,1.0,0.025490198,301635440,816.44727,1336.9814
MOVE,0,1.0,0.025490198,301635449,811.8623,1350.3623
MOVE,0,1.0,0.03137255,301635459,807.834,1363.3564
MOVE,0,1.0,0.03137255,301635466,805.6133,1372.6562
MOVE,0,1.0,0.03137255,301635473,804.4336,1379.0566
MOVE,0,1.0,0.037254903,301635481,803.4082,1384.5977
MOVE,0,1.0,0.03137255,301635490,802.2217,1389.4531
MOVE,0,1.0,0.037254903,301635498,800.7715,1393.167
MOVE,0,1.0,0.037254903,301635506,798.9258,1396.0234
MOVE,0,1.0,0.037254903,301635515,796.94824,1398.5938
MOVE,0,1.0,0.037254903,301635523,794.83887,1400.5938
MOVE,0,1.0,0.04117647,301635531,792.59766,1402.5928
MOVE,0,1.0,0.04117647,301635540,790.2246,1404.5928
MOVE,0,1.0,0.04117647,301635548,787.45605,1406.5918
MOVE,0,1.0,0.04117647,301635556,784.81934,1408.5918
MOVE,0,1.0,0.04117647,301635565,782.4463,1410.0195
MOVE,0,1.0,0.04117647,301635573,780.2051,1410.877
MOVE,0,1.0,0.04117647,301635581,778.22754,1410.5908
MOVE,0,1.0,0.037254903,301635590,776.11816,1408.0205
MOVE,0,1.0,0.037254903,301635598,773.5674,1400.9941
MOVE,0,1.0,0.03529412,301635608,770.6924,1384.7373
MOVE,0,1.0,0.04117647,301635619,768.6172,1354.8506
MOVE,0,1.0,0.037254903,301635627,767.8203,1324.0635
MOVE,0,1.0,0.04117647,301635636,769.11816,1288.124
MOVE,0,1.0,0.037254903,301635644,772.78516,1253.8291
MOVE,0,1.0,0.04117647,301635652,777.5205,1215.0273
MOVE,0,1.0,0.04117647,301635661,783.833,1169.958
MOVE,0,1.0,0.04117647,301635669,793.0332,1119.1709
MOVE,0,1.0,0.04509804,301635677,804.3496,1063.8018
MOVE,0,1.0,0.04509804,301635686,820.38574,1004.99316
MOVE,0,1.0,0.037254903,301635694,840.6465,947.28125
MOVE,0,1.0,0.03529412,301635702,861.7324,894.6709
MOVE,0,1.0,0.04117647,301635711,881.5215,851.1621
MOVE,0,1.0,0.04509804,301635719,897.38086,817.3584
MOVE,0,1.0,0.04117647,301635727,908.5029,792.13574
MOVE,0,1.0,0.04509804,301635736,916.44434,772.08984
MOVE,0,1.0,0.04509804,301635744,921.7217,755.5596
MOVE,0,1.0,0.04509804,301635752,926.29395,741.24805
MOVE,0,1.0,0.04509804,301635760,930.9541,726.8877
MOVE,0,1.0,0.060784318,301635768,935.96387,712.97266
MOVE,0,1.0,0.05686275,301635776,940.5537,700.8662
MOVE,0,1.0,0.060784318,301635784,945.55176,689.13965
MOVE,0,1.0,0.050980397,301635791,950.20605,679.68164
MOVE,0,1.0,0.054901965,301635799,954.041,672.06445
MOVE,0,1.0,0.054901965,301635807,957.65625,665.916
MOVE,0,1.0,0.050980397,301635815,961.084,662.20215
MOVE,0,1.0,0.050980397,301635823,963.58887,660.7744
MOVE,0,1.0,0.04509804,301635832,965.03906,660.7744
MOVE,0,1.0,0.04509804,301635840,965.9619,662.4883
MOVE,0,1.0,0.04509804,301635848,966.09375,665.3447
MOVE,0,1.0,0.050980397,301635857,965.69824,668.77246
MOVE,0,1.0,0.050980397,301635865,965.03906,673.05664
MOVE,0,1.0,0.05686275,301635873,964.24805,677.3418
MOVE,0,1.0,0.05686275,301635882,963.58887,680.19824
MOVE,0,1.0,0.05686275,301635886,963.19336,681.0547
MOVE,0,1.0,0.050980397,301635927,962.7363,681.0547
MOVE,0,1.0,0.060784318,301635932,961.084,681.626
MOVE,0,1.0,0.064705886,301635940,954.9717,685.9502
MOVE,0,1.0,0.05686275,301635950,936.3955,704.94434
MOVE,0,1.0,0.05686275,301635961,886.3623,768.4795
MOVE,0,1.0,0.060784318,301635969,825.8994,869.1406
MOVE,0,1.0,0.060784318,301635978,760.55664,1015.5049
MOVE,0,1.0,0.05686275,301635986,709.52246,1179.8584
MOVE,0,1.0,0.05686275,301635994,678.47266,1339.8652
MOVE,0,1.0,0.05686275,301636003,672.6826,1467.5889
MOVE,0,1.0,0.025490198,301636011,679.93555,1536.7314
MOVE,0,1.0,0.025490198,301636011,680.00977,1537.417
UP,0,1.0,0.025490198,301636019,680.00977,1537.417
DOWN,0,1.0,0.03137255,301637097,855.35156,1439.1553
MOVE,0,1.0,0.04117647,301637111,855.35156,1437.1729
MOVE,0,1.0,0.037254903,301637116,855.35156,1434.0137
MOVE,0,1.0,0.037254903,301637125,855.6426,1424.5459
MOVE,0,1.0,0.04509804,301637135,856.69727,1404.0918
MOVE,0,1.0,0.04509804,301637145,860.5879,1348.835
MOVE,0,1.0,0.04509804,301637154,868.45605,1261.2217
MOVE,0,1.0,0.04117647,301637162,884.458,1158.5381
MOVE,0,1.0,0.03529412,301637171,912.5498,1046.6572
MOVE,0,1.0,0.027450982,301637179,949.1162,940.9053
MOVE,0,1.0,0.01764706,301637187,994.11914,823.9053
MOVE,0,1.0,0.01764706,301637187,994.5703,822.7344
UP,0,1.0,0.01764706,301637195,994.5703,822.7344
DOWN,0,1.0,0.05686275,301637438,827.666,1050.1074
MOVE,0,1.0,0.050980397,301637453,827.209,1050.6035
MOVE,0,1.0,0.054901965,301637459,827.1387,1051.25
MOVE,0,1.0,0.050980397,301637467,827.00684,1053.25
MOVE,0,1.0,0.060784318,301637475,826.74316,1057.249
MOVE,0,1.0,0.05686275,301637484,826.1426,1068.6279
MOVE,0,1.0,0.05686275,301637495,822.0166,1104.0303
MOVE,0,1.0,0.060784318,301637504,812.4658,1154.1797
MOVE,0,1.0,0.060784318,301637513,799.06055,1216.3008
MOVE,0,1.0,0.050980397,301637521,783.78613,1283.0967
MOVE,0,1.0,0.060784318,301637529,767.9707,1351.6338
MOVE,0,1.0,0.060784318,301637538,753.19434,1418.4922
MOVE,0,1.0,0.05686275,301637546,740.7783,1482.5049
MOVE,0,1.0,0.060784318,301637554,730.73535,1546.4893
MOVE,0,1.0,0.050980397,301637563,724.1094,1605.3838
MOVE,0,1.0,0.04117647,301637571,719.3447,1660.833
MOVE,0,1.0,0.013725491,301637579,716.94727,1694.1904
MOVE,0,1.0,0.013725491,301637579,716.9238,1694.5215
UP,0,1.0,0.013725491,301637587,716.9238,1694.5215
DOWN,0,1.0,0.03137255,301637713,757.5293,1428.8721
MOVE,0,1.0,0.05686275,301637721,757.5293,1428.8721
MOVE,0,1.0,0.050980397,301637745,757.5293,1431.9971
MOVE,0,1.0,0.04509804,301637750,757.5293,1434.8711
MOVE,0,1.0,0.05686275,301637759,757.6875,1446.7178
MOVE,0,1.0,0.050980397,301637770,757.0596,1480.9248
MOVE,0,1.0,0.04509804,301637779,755.1748,1520.4727
MOVE,0,1.0,0.05686275,301637788,753.06836,1563.833
MOVE,0,1.0,0.04509804,301637796,750.69727,1607.251
MOVE,0,1.0,0.05686275,301637804,748.58594,1649.5381
MOVE,0,1.0,0.03529412,301637813,746.99805,1689.5518
MOVE,0,1.0,0.050980397,301637821,746.1992,1723.8857
MOVE,0,1.0,0.025490198,301637829,743.3203,1748.5488
MOVE,0,1.0,0.023529414,301637837,737.7197,1763.0615
MOVE,0,1.0,0.023529414,301637837,737.49023,1763.6475
UP,0,1.0,0.023529414,301637846,737.49023,1763.6475
DOWN,0,1.0,0.04117647,301638005,749.8828,1403.7354
MOVE,0,1.0,0.050980397,301638045,750.1113,1405.2979
MOVE,0,1.0,0.060784318,301638051,750.542,1407.4492
MOVE,0,1.0,0.060784318,301638059,751.4658,1413.7393
MOVE,0,1.0,0.05686275,301638068,752.1426,1425.5098
MOVE,0,1.0,0.05686275,301638078,751.6123,1444.168
MOVE,0,1.0,0.050980397,301638088,749.9658,1462.8516
MOVE,0,1.0,0.05686275,301638096,748.65625,1476.4824
MOVE,0,1.0,0.060784318,301638103,747.56934,1485.1924
MOVE,0,1.0,0.060784318,301638110,746.78906,1492.0059
MOVE,0,1.0,0.060784318,301638117,746.1914,1498.2842
MOVE,0,1.0,0.05686275,301638126,745.4004,1503.1396
MOVE,0,1.0,0.05686275,301638134,744.7412,1505.9961
MOVE,0,1.0,0.05686275,301638142,744.47754,1507.4248
MOVE,0,1.0,0.05686275,301638151,743.9502,1508.5674
MOVE,0,1.0,0.05686275,301638159,743.291,1510.2812
MOVE,0,1.0,0.05686275,301638167,742.63184,1512.2803
MOVE,0,1.0,0.05686275,301638176,741.709,1514.5654
MOVE,0,1.0,0.05686275,301638184,740.52246,1517.4219
MOVE,0,1.0,0.060784318,301638192,739.33594,1521.1357
MOVE,0,1.0,0.060784318,301638201,738.1494,1525.4199
MOVE,0,1.0,0.060784318,301638209,736.83105,1530.2764
MOVE,0,1.0,0.060784318,301638217,735.64453,1535.1318
MOVE,0,1.0,0.060784318,301638226,734.8535,1539.417
MOVE,0,1.0,0.05686275,301638234,734.0625,1542.8447
MOVE,0,1.0,0.05686275,301638242,733.4033,1546.2725
MOVE,0,1.0,0.050980397,301638251,732.876,1549.9854
MOVE,0,1.0,0.050980397,301638259,732.2168,1552.8418
MOVE,0,1.0,0.05686275,301638268,731.4258,1555.127
MOVE,0,1.0,0.05686275,301638276,730.63477,1557.127
MOVE,0,1.0,0.05686275,301638284,729.9756,1558.8408
MOVE,0,1.0,0.05686275,301638292,729.1846,1560.2686
MOVE,0,1.0,0.05686275,301638301,728.6572,1561.4111
MOVE,0,1.0,0.05686275,301638309,727.99805,1563.4111
MOVE,0,1.0,0.04509804,301638318,726.8115,1567.124
MOVE,0,1.0,0.050980397,301638326,725.2295,1572.2656
MOVE,0,1.0,0.050980397,301638334,723.25195,1578.5498
MOVE,0,1.0,0.050980397,301638343,721.2744,1585.4053
MOVE,0,1.0,0.04509804,301638351,719.4287,1592.2607
MOVE,0,1.0,0.04509804,301638359,717.71484,1598.831
MOVE,0,1.0,0.04509804,301638368,716.3965,1604.544
MOVE,0,1.0,0.04117647,301638376,715.60547,1608.543
MOVE,0,1.0,0.04117647,301638384,714.9463,1611.9707
MOVE,0,1.0,0.04509804,301638393,714.41895,1615.9697
MOVE,0,1.0,0.04509804,301638401,713.8916,1619.9688
MOVE,0,1.0,0.04509804,301638409,713.2324,1623.9678
MOVE,0,1.0,0.04509804,301638418,712.8369,1627.9668
MOVE,0,1.0,0.04509804,301638426,712.4414,1631.9658
MOVE,0,1.0,0.04509804,301638434,712.0459,1635.6787
MOVE,0,1.0,0.050980397,301638443,711.91406,1639.1064
MOVE,0,1.0,0.03529412,301638451,711.51855,1643.1055
MOVE,0,1.0,0.03137255,301638455,711.12305,1645.3906
UP,0,1.0,0.03137255,301638463,711.12305,1645.3906
DOWN,0,1.0,0.03137255,301638622,831.3574,1138.6572
MOVE,0,1.0,0.04509804,301638638,831.3574,1139.1533
MOVE,0,1.0,0.05686275,301638643,831.09375,1140.3711
MOVE,0,1.0,0.05686275,301638651,830.1709,1143.2275
MOVE,0,1.0,0.050980397,301638660,828.0615,1148.6553
MOVE,0,1.0,0.060784318,301638669,821.1953,1167.6602
MOVE,0,1.0,0.050980397,301638680,800.68164,1224.4424
MOVE,0,1.0,0.050980397,301638689,779.36426,1286.5693
MOVE,0,1.0,0.060784318,301638697,756.7012,1358.4551
MOVE,0,1.0,0.060784318,301638705,736.375,1429.8721
MOVE,0,1.0,0.054901965,301638714,719.9873,1499.0205
MOVE,0,1.0,0.04509804,301638722,709.1221,1564.7529
MOVE,0,1.0,0.04117647,301638730,702.22656,1620.8369
MOVE,0,1.0,0.04117647,301638739,697.7207,1663.249
MOVE,0,1.0,0.003921569,301638747,693.2383,1685.1641
MOVE,0,1.0,0.003921569,301638747,693.19336,1685.3809
UP,0,1.0,0.003921569,301638755,693.19336,1685.3809
DOWN,0,1.0,0.050980397,301638864,736.9629,1480.2881
MOVE,0,1.0,0.04509804,301638879,736.9629,1480.2881
MOVE,0,1.0,0.04509804,301638885,736.9629,1480.2881
MOVE,0,1.0,0.050980397,301638893,737.22656,1481.7168
MOVE,0,1.0,0.05686275,301638901,737.88574,1484.002
MOVE,0,1.0,0.05686275,301638910,738.9404,1488.2861
MOVE,0,1.0,0.05686275,301638918,741.0088,1496.9424
MOVE,0,1.0,0.05686275,301638928,743.66895,1511.3096
MOVE,0,1.0,0.04117647,301638937,745.8467,1527.3252
MOVE,0,1.0,0.060784318,301638946,747.31934,1543.1826
MOVE,0,1.0,0.060784318,301638955,748.4297,1556.874
MOVE,0,1.0,0.05686275,301638962,749.14844,1566.5645
MOVE,0,1.0,0.05686275,301638969,749.51465,1574.583
MOVE,0,1.0,0.05686275,301638977,749.61914,1581.1357
MOVE,0,1.0,0.05686275,301638985,749.61914,1586.2627
MOVE,0,1.0,0.05686275,301638993,749.4873,1589.4043
MOVE,0,1.0,0.05686275,301639002,749.35547,1591.1182
MOVE,0,1.0,0.05686275,301639010,749.0918,1591.6895
MOVE,0,1.0,0.05686275,301639018,748.8281,1591.4043
MOVE,0,1.0,0.05686275,301639027,748.8281,1590.833
MOVE,0,1.0,0.05686275,301639035,748.8281,1589.6904
MOVE,0,1.0,0.05686275,301639043,749.0918,1586.834
MOVE,0,1.0,0.05686275,301639052,749.4961,1579.0342
MOVE,0,1.0,0.050980397,301639062,750.5752,1559.0596
MOVE,0,1.0,0.05686275,301639072,754.5918,1523.4375
MOVE,0,1.0,0.05686275,301639081,761.416,1489.2002
MOVE,0,1.0,0.04509804,301639089,769.8379,1456.0537
MOVE,0,1.0,0.050980397,301639097,778.2754,1428.5752
MOVE,0,1.0,0.04117647,301639106,786.4512,1405.1123
MOVE,0,1.0,0.05686275,301639114,792.79785,1385.6484
MOVE,0,1.0,0.050980397,301639122,796.31445,1373.1641
MOVE,0,1.0,0.050980397,301639129,799.0244,1365.3105
MOVE,0,1.0,0.050980397,301639136,801.4375,1358.498
MOVE,0,1.0,0.050980397,301639143,803.4082,1352.0342
MOVE,0,1.0,0.050980397,301639152,804.72656,1346.3213
MOVE,0,1.0,0.050980397,301639160,805.78125,1341.4648
MOVE,0,1.0,0.050980397,301639168,806.83594,1337.4658
MOVE,0,1.0,0.050980397,301639177,807.62695,1334.0381
MOVE,0,1.0,0.050980397,301639185,807.62695,1331.4678
MOVE,0,1.0,0.050980397,301639193,806.9678,1330.3252
MOVE,0,1.0,0.050980397,301639198,806.57227,1330.0391
MOVE,0,1.0,0.050980397,301639255,806.0801,1330.5352
MOVE,0,1.0,0.050980397,301639260,805.2539,1331.1816
MOVE,0,1.0,0.04509804,301639269,803.14453,1333.1816
MOVE,0,1.0,0.04509804,301639277,800.7715,1336.0381
MOVE,0,1.0,0.04509804,301639285,798.79395,1338.6084
MOVE,0,1.0,0.04509804,301639289,797.8711,1339.751
MOVE,0,1.0,0.037254903,301639339,799.0498,1338.1885
MOVE,0,1.0,0.01764706,301639340,799.18945,1338.0371
UP,0,1.0,0.01764706,301639348,799.18945,1338.0371
DOWN,0,1.0,0.03137255,301639506,750.1465,1415.7324
MOVE,0,1.0,0.04117647,301639522,750.1465,1415.7324
MOVE,0,1.0,0.04117647,301639527,750.1465,1415.7324
MOVE,0,1.0,0.04117647,301639536,750.1465,1415.7324
MOVE,0,1.0,0.04117647,301639540,749.8828,1415.7324
MOVE,0,1.0,0.03529412,301639556,749.8828,1415.7324
MOVE,0,1.0,0.03137255,301639580,749.8828,1415.2373
MOVE,0,1.0,0.023529414,301639581,749.8828,1415.1611
UP,0,1.0,0.023529414,301639589,749.8828,1415.1611
DOWN,0,1.0,0.023529414,301645907,47.98828,499.95605
MOVE,0,1.0,0.01764706,301645956,47.98828,499.95605
UP,0,1.0,0.01764706,301645972,47.98828,499.95605
MOVE,0,1.0,0.04117647,301646381,936.4541,896.09375
MOVE,0,1.0,0.04117647,301646389,919.8535,936.0215
MOVE,0,1.0,0.04509804,301646398,902.98145,980.53613
MOVE,0,1.0,0.050980397,301646406,887.41113,1026.793
MOVE,0,1.0,0.04117647,301646414,873.94336,1070.8057
MOVE,0,1.0,0.04117647,301646423,860.75684,1116.4912
MOVE,0,1.0,0.04117647,301646431,847.0508,1165.0225
MOVE,0,1.0,0.04117647,301646439,832.81836,1215.8438
MOVE,0,1.0,0.037254903,301646448,820.4072,1264.4268
MOVE,0,1.0,0.04117647,301646456,810.36426,1310.1582
MOVE,0,1.0,0.037254903,301646464,802.69336,1351.9023
MOVE,0,1.0,0.03529412,301646473,797.6572,1386.2539
MOVE,0,1.0,0.04117647,301646481,794.21387,1416.0068
MOVE,0,1.0,0.04117647,301646489,792.875,1441.1895
MOVE,0,1.0,0.04509804,301646498,791.55664,1462.9326
MOVE,0,1.0,0.04117647,301646506,789.97656,1482.3789
MOVE,0,1.0,0.04509804,301646514,787.87305,1499.541
MOVE,0,1.0,0.04509804,301646523,785.5322,1515.3447
MOVE,0,1.0,0.04509804,301646531,781.96484,1535.8281
MOVE,0,1.0,0.04117647,301646540,776.5664,1560.0342
MOVE,0,1.0,0.050980397,301646548,771.0322,1582.8916
MOVE,0,1.0,0.04117647,301646556,764.97266,1605.1777
MOVE,0,1.0,0.04117647,301646565,758.64746,1627.458
MOVE,0,1.0,0.04509804,301646573,753.624,1644.6484
MOVE,0,1.0,0.050980397,301646581,749.7754,1659.0869
MOVE,0,1.0,0.03529412,301646589,745.166,1673.8906
MOVE,0,1.0,0.03529412,301646597,739.7012,1690.0254
MOVE,0,1.0,0.04117647,301646605,736.6299,1701.3545
MOVE,0,1.0,0.04509804,301646612,734.17773,1710.5547
MOVE,0,1.0,0.04509804,301646620,730.94336,1723.2578
MOVE,0,1.0,0.04117647,301646630,728.4043,1737.0117
MOVE,0,1.0,0.04117647,301646637,727.0801,1747.6055
MOVE,0,1.0,0.04117647,301646645,725.7949,1758.7441
MOVE,0,1.0,0.04117647,301646654,724.83105,1770.1699
MOVE,0,1.0,0.04117647,301646662,723.8535,1782.0791
MOVE,0,1.0,0.037254903,301646671,721.8047,1795.4033
MOVE,0,1.0,0.023529414,301646673,721.1426,1799.0674
UP,0,1.0,0.023529414,301646681,721.1426,1799.0674
DOWN,0,1.0,0.03137255,301646807,212.25586,1169.5068
MOVE,0,1.0,0.04705883,301646822,212.02734,1170.0029
MOVE,0,1.0,0.04117647,301646827,211.72852,1170.9355
MOVE,0,1.0,0.04117647,301646836,211.06934,1173.2207
MOVE,0,1.0,0.04509804,301646844,210.14648,1177.5049
MOVE,0,1.0,0.04509804,301646853,208.84863,1188.7109
MOVE,0,1.0,0.04117647,301646864,208.30078,1217.1738
MOVE,0,1.0,0.04509804,301646873,211.17188,1250.3271
MOVE,0,1.0,0.03529412,301646882,217.20508,1285.6953
MOVE,0,1.0,0.04117647,301646890,225.87988,1321.1152
MOVE,0,1.0,0.037254903,301646898,235.88574,1355.9697
MOVE,0,1.0,0.037254903,301646907,245.12305,1389.6875
MOVE,0,1.0,0.037254903,301646915,251.47949,1417.7373
MOVE,0,1.0,0.037254903,301646923,254.41406,1439.5098
MOVE,0,1.0,0.03137255,301646931,253.93652,1453.9941
MOVE,0,1.0,0.037254903,301646939,252.61621,1463.9697
MOVE,0,1.0,0.037254903,301646945,250.98926,1471.831
MOVE,0,1.0,0.037254903,301646953,249.52832,1479.6738
MOVE,0,1.0,0.037254903,301646961,248.11133,1487.4463
MOVE,0,1.0,0.03137255,301646969,246.92871,1495.1416
MOVE,0,1.0,0.025490198,301646978,246.40137,1503.1396
MOVE,0,1.0,0.03137255,301646986,246.26953,1510.5664
MOVE,0,1.0,0.03137255,301646994,246.26953,1517.1367
MOVE,0,1.0,0.037254903,301647003,246.1377,1523.1348
MOVE,0,1.0,0.037254903,301647011,246.00586,1527.7051
MOVE,0,1.0,0.037254903,301647019,245.74219,1530.5615
MOVE,0,1.0,0.037254903,301647028,245.34668,1532.2754
MOVE,0,1.0,0.037254903,301647036,244.81934,1531.7041
MOVE,0,1.0,0.03137255,301647045,243.46875,1525.5352
MOVE,0,1.0,0.03137255,301647054,239.19629,1507.7354
MOVE,0,1.0,0.04117647,301647065,229.7373,1473.7129
MOVE,0,1.0,0.03137255,301647073,221.04395,1443.457
MOVE,0,1.0,0.037254903,301647082,212.34277,1412.0479
MOVE,0,1.0,0.04117647,301647090,205.73047,1385.7168
MOVE,0,1.0,0.04509804,301647098,200.18262,1360.0029
MOVE,0,1.0,0.03529412,301647107,194.64551,1335.4268
MOVE,0,1.0,0.04509804,301647115,187.54199,1312.5576
MOVE,0,1.0,0.037254903,301647124,181.20605,1293.665
MOVE,0,1.0,0.037254903,301647131,177.47656,1281.8262
MOVE,0,1.0,0.04117647,301647138,175.39844,1276.2578
MOVE,0,1.0,0.04117647,301647144,173.4961,1272.0537
MOVE,0,1.0,0.04117647,301647153,172.30957,1268.9111
MOVE,0,1.0,0.04117647,301647161,172.17773,1267.4834
MOVE,0,1.0,0.04117647,301647169,172.17773,1266.9121
MOVE,0,1.0,0.04117647,301647178,171.91406,1266.3408
MOVE,0,1.0,0.04117647,301647186,171.25488,1266.0547
MOVE,0,1.0,0.04117647,301647194,170.33203,1266.3408
MOVE,0,1.0,0.04117647,301647199,169.80469,1266.626
MOVE,0,1.0,0.03137255,301647281,168.13379,1267.6934
MOVE,0,1.0,0.015686275,301647282,167.95898,1267.7686
UP,0,1.0,0.015686275,301647290,167.95898,1267.7686
DOWN,0,1.0,0.03137255,301652690,46.933594,634.209
MOVE,0,1.0,0.03137255,301652721,48.604492,631.084
MOVE,0,1.0,0.03137255,301652727,48.779297,630.78125
MOVE,0,1.0,0.03137255,301652735,48.779297,630.78125
MOVE,0,1.0,0.023529414,301652739,47.98828,630.78125
UP,0,1.0,0.023529414,301652748,47.98828,630.78125
DOWN,0,1.0,0.04117647,301653082,917.8418,1004.4043
MOVE,0,1.0,0.037254903,301653105,916.6631,1005.9668
MOVE,0,1.0,0.03529412,301653110,915.86426,1007.83203
MOVE,0,1.0,0.037254903,301653119,914.2822,1012.40234
MOVE,0,1.0,0.04509804,301653128,910.2412,1025.9277
MOVE,0,1.0,0.05686275,301653140,900.7793,1062.373
MOVE,0,1.0,0.03529412,301653148,892.6113,1098.3076
MOVE,0,1.0,0.04509804,301653156,885.2207,1137.6914
MOVE,0,1.0,0.04117647,301653165,880.9697,1175.9795
MOVE,0,1.0,0.04117647,301653173,878.83984,1211.9941
MOVE,0,1.0,0.04509804,301653181,878.81836,1246.2881
MOVE,0,1.0,0.03529412,301653190,880.90625,1277.7373
MOVE,0,1.0,0.04705883,301653198,883.0156,1307.4619
MOVE,0,1.0,0.04117647,301653206,884.6035,1333.7754
MOVE,0,1.0,0.03529412,301653215,885.9248,1358.9238
MOVE,0,1.0,0.04117647,301653223,886.19824,1384.0605
MOVE,0,1.0,0.04117647,301653231,884.63477,1409.1973
MOVE,0,1.0,0.03529412,301653240,882.0088,1433.7686
MOVE,0,1.0,0.03529412,301653248,879.3721,1458.8994
MOVE,0,1.0,0.03529412,301653256,876.73535,1483.4707
MOVE,0,1.0,0.037254903,301653265,874.3594,1507.4697
MOVE,0,1.0,0.037254903,301653273,872.24805,1529.7676
MOVE,0,1.0,0.03137255,301653281,870.9219,1549.7852
MOVE,0,1.0,0.037254903,301653290,870.6504,1565.6182
MOVE,0,1.0,0.04117647,301653297,870.88574,1579.0352
MOVE,0,1.0,0.037254903,301653305,870.6875,1592.2393
MOVE,0,1.0,0.03137255,301653314,869.02734,1609.5664
MOVE,0,1.0,0.037254903,301653323,866.9951,1627.3174
MOVE,0,1.0,0.04117647,301653331,864.8037,1640.0977
MOVE,0,1.0,0.03529412,301653338,862.6699,1652.4287
MOVE,0,1.0,0.037254903,301653347,860.0625,1666.7197
MOVE,0,1.0,0.037254903,301653355,857.1631,1680.7666
MOVE,0,1.0,0.04117647,301653363,854.2295,1691.9102
MOVE,0,1.0,0.03529412,301653371,850.9678,1703.1631
MOVE,0,1.0,0.03529412,301653379,848.00195,1713.375
MOVE,0,1.0,0.03529412,301653386,845.5967,1721.5234
MOVE,0,1.0,0.037254903,301653395,842.2031,1731.0781
MOVE,0,1.0,0.037254903,301653403,839.33203,1739.6104
MOVE,0,1.0,0.03137255,301653411,836.86426,1748.3281
MOVE,0,1.0,0.025490198,301653415,835.5762,1752.793
UP,0,1.0,0.025490198,301653423,835.5762,1752.793
DOWN,0,1.0,0.04117647,301653523,258.92578,1230.6348
MOVE,0,1.0,0.050980397,301653556,259.84082,1233.6846
MOVE,0,1.0,0.04509804,301653561,260.90332,1237.2051
MOVE,0,1.0,0.04117647,301653570,263.19043,1245.373
MOVE,0,1.0,0.04509804,301653579,266.3994,1257.752
MOVE,0,1.0,0.03529412,301653589,271.8506,1285.0479
MOVE,0,1.0,0.04117647,301653599,280.20898,1331.3418
MOVE,0,1.0,0.04117647,301653607,286.54785,1371.3438
MOVE,0,1.0,0.037254903,301653615,291.04883,1407.375
MOVE,0,1.0,0.03137255,301653624,294.74805,1436.5791
MOVE,0,1.0,0.04117647,301653632,297.91797,1462.3213
MOVE,0,1.0,0.04117647,301653640,300.8203,1485.7666
MOVE,0,1.0,0.03529412,301653648,303.45996,1505.2305
MOVE,0,1.0,0.04117647,301653657,305.5127,1519.6924
MOVE,0,1.0,0.037254903,301653664,307.14355,1530.8174
MOVE,0,1.0,0.04117647,301653671,308.39258,1541.0859
MOVE,0,1.0,0.04117647,301653679,309.98242,1551.4629
MOVE,0,1.0,0.04117647,301653687,311.5869,1561.1533
MOVE,0,1.0,0.04117647,301653695,313.06152,1569.2588
MOVE,0,1.0,0.04117647,301653703,314.69238,1576.2646
MOVE,0,1.0,0.04117647,301653711,316.40625,1583.1201
MOVE,0,1.0,0.037254903,301653720,317.98828,1589.4043
MOVE,0,1.0,0.037254903,301653728,319.70215,1594.2607
MOVE,0,1.0,0.037254903,301653736,321.15234,1597.1172
MOVE,0,1.0,0.037254903,301653745,321.94336,1597.1172
MOVE,0,1.0,0.037254903,301653753,321.94336,1593.4033
MOVE,0,1.0,0.037254903,301653762,320.27246,1581.7383
MOVE,0,1.0,0.04117647,301653773,313.60156,1552.5166
MOVE,0,1.0,0.04117647,301653782,303.3203,1516.6162
MOVE,0,1.0,0.04117647,301653791,290.69336,1477.2549
MOVE,0,1.0,0.04117647,301653799,275.42676,1432.7451
MOVE,0,1.0,0.04509804,301653807,259.3506,1388.751
MOVE,0,1.0,0.04117647,301653816,242.74414,1343.0645
MOVE,0,1.0,0.04117647,301653824,226.13281,1297.9268
MOVE,0,1.0,0.04117647,301653832,209.26074,1253.3604
MOVE,0,1.0,0.04509804,301653841,193.16895,1210.4971
MOVE,0,1.0,0.04117647,301653849,176.30176,1172.7402
MOVE,0,1.0,0.04117647,301653857,161.77637,1139.5596
MOVE,0,1.0,0.04705883,301653866,149.3623,1112.6465
MOVE,0,1.0,0.050980397,301653874,140.36328,1093.7139
MOVE,0,1.0,0.050980397,301653881,136.94434,1083.7363
MOVE,0,1.0,0.04509804,301653887,136.10547,1079.915
MOVE,0,1.0,0.050980397,301653895,136.31836,1076.958
MOVE,0,1.0,0.050980397,301653899,136.8457,1075.8154
MOVE,0,1.0,0.050980397,301653923,140.59082,1076.3115
MOVE,0,1.0,0.050980397,301653928,141.9873,1076.3867
MOVE,0,1.0,0.050980397,301653936,144.36035,1076.958
MOVE,0,1.0,0.050980397,301653945,146.33789,1077.8154
MOVE,0,1.0,0.050980397,301653953,147.65625,1078.6719
MOVE,0,1.0,0.050980397,301653961,148.31543,1080.1006
MOVE,0,1.0,0.050980397,301653970,148.31543,1081.5283
MOVE,0,1.0,0.050980397,301653978,148.05176,1082.6709
MOVE,0,1.0,0.050980397,301653987,147.91992,1083.8135
MOVE,0,1.0,0.050980397,301653995,147.52441,1084.956
MOVE,0,1.0,0.050980397,301654003,146.7334,1085.8135
MOVE,0,1.0,0.050980397,301654012,145.54688,1086.3848
MOVE,0,1.0,0.050980397,301654020,144.09668,1086.956
MOVE,0,1.0,0.050980397,301654028,143.17383,1087.5273
MOVE,0,1.0,0.050980397,301654036,142.77832,1088.0986
MOVE,0,1.0,0.050980397,301654045,142.38281,1088.6699
MOVE,0,1.0,0.050980397,301654053,142.38281,1089.2412
MOVE,0,1.0,0.050980397,301654062,142.77832,1090.0977
MOVE,0,1.0,0.050980397,301654070,142.91016,1090.9551
MOVE,0,1.0,0.050980397,301654078,142.51465,1091.8115
MOVE,0,1.0,0.050980397,301654087,141.72363,1092.669
MOVE,0,1.0,0.050980397,301654095,140.53711,1093.2402
MOVE,0,1.0,0.04509804,301654103,138.95508,1093.8115
MOVE,0,1.0,0.04509804,301654112,137.24121,1094.3828
MOVE,0,1.0,0.04509804,301654120,135.39551,1094.668
MOVE,0,1.0,0.027450982,301654128,134.20898,1094.3828
MOVE,0,1.0,0.01764706,301654132,133.94531,1094.0967
UP,0,1.0,0.01764706,301654140,133.94531,1094.0967
DOWN,0,1.0,0.037254903,301662894,914.67773,535.376
MOVE,0,1.0,0.04117647,301662916,913.9912,536.3672
MOVE,0,1.0,0.060784318,301662922,912.96387,538.51855
MOVE,0,1.0,0.050980397,301662930,910.32715,544.23145
MOVE,0,1.0,0.060784318,301662939,905.89453,554.1455
MOVE,0,1.0,0.050980397,301662949,893.3115,583.3838
MOVE,0,1.0,0.050980397,301662959,867.7051,647.3545
MOVE,0,1.0,0.05686275,301662967,843.72656,714.0928
MOVE,0,1.0,0.05686275,301662976,821.5596,787.1543
MOVE,0,1.0,0.050980397,301662984,802.0215,856.88574
MOVE,0,1.0,0.04117647,301662992,786.94727,922.0586
MOVE,0,1.0,0.04509804,301663001,775.57227,979.833
MOVE,0,1.0,0.050980397,301663009,765.8008,1030.1807
MOVE,0,1.0,0.04509804,301663017,756.30566,1079.8887
MOVE,0,1.0,0.05686275,301663026,747.33594,1127.3291
MOVE,0,1.0,0.050980397,301663034,735.76074,1179.2705
MOVE,0,1.0,0.050980397,301663042,722.5928,1234.085
MOVE,0,1.0,0.04117647,301663051,710.4531,1288.9287
MOVE,0,1.0,0.04509804,301663059,699.6299,1339.8135
MOVE,0,1.0,0.04509804,301663067,691.4297,1385.0029
MOVE,0,1.0,0.04509804,301663076,684.56055,1425.6104
MOVE,0,1.0,0.04705883,301663084,680.8379,1465.04
MOVE,0,1.0,0.03529412,301663093,677.9297,1501.6318
MOVE,0,1.0,0.03137255,301663101,675.5508,1534.8008
MOVE,0,1.0,0.025490198,301663109,674.4834,1556.0586
MOVE,0,1.0,0.025490198,301663109,674.47266,1556.2695
UP,0,1.0,0.025490198,301663117,674.47266,1556.2695
DOWN,0,1.0,0.04509804,301663360,900.7031,679.3408
MOVE,0,1.0,0.05686275,301663375,898.8037,681.81836
MOVE,0,1.0,0.05686275,301663380,895.8213,686.4883
MOVE,0,1.0,0.060784318,301663390,886.1367,701.83203
MOVE,0,1.0,0.060784318,301663401,865.79785,737.8867
MOVE,0,1.0,0.050980397,301663409,824.9131,823.0205
MOVE,0,1.0,0.060784318,301663418,764.7246,972.624
MOVE,0,1.0,0.050980397,301663426,710.0869,1142.668
MOVE,0,1.0,0.050980397,301663434,669.8633,1310.6494
MOVE,0,1.0,0.04509804,301663443,647.7969,1458.248
MOVE,0,1.0,0.04117647,301663451,641.5742,1587.542
MOVE,0,1.0,0.013725491,301663459,646.2119,1704.2109
MOVE,0,1.0,0.013725491,301663459,646.25977,1705.376
UP,0,1.0,0.013725491,301663468,646.25977,1705.376
DOWN,0,1.0,0.03529412,301663718,716.9238,1374.0283
MOVE,0,1.0,0.04117647,301663742,717.83887,1370.4834
MOVE,0,1.0,0.04509804,301663748,718.9336,1365.0029
MOVE,0,1.0,0.04509804,301663757,722.124,1349.2041
MOVE,0,1.0,0.04117647,301663768,728.4043,1319.749
MOVE,0,1.0,0.04117647,301663776,743.4043,1255.2744
MOVE,0,1.0,0.04509804,301663785,772.0078,1145.4727
MOVE,0,1.0,0.037254903,301663793,812.75586,1019.3779
MOVE,0,1.0,0.03137255,301663801,863.8047,890.86035
MOVE,0,1.0,0.0058823535,301663809,936.62305,716.5088
MOVE,0,1.0,0.0058823535,301663809,937.3535,714.76074
UP,0,1.0,0.0058823535,301663818,937.3535,714.76074
DOWN,0,1.0,0.04509804,301664002,900.1758,722.7588
MOVE,0,1.0,0.05686275,301664026,898.0469,726.875
MOVE,0,1.0,0.05686275,301664031,896.35254,730.75684
MOVE,0,1.0,0.050980397,301664040,892.04004,740.38574
MOVE,0,1.0,0.050980397,301664050,878.1494,773.0547
MOVE,0,1.0,0.060784318,301664060,844.83887,853.43555
MOVE,0,1.0,0.05686275,301664069,806.4297,952.5654
MOVE,0,1.0,0.05686275,301664077,761.9297,1078.5518
MOVE,0,1.0,0.04509804,301664085,721.5459,1213.29
MOVE,0,1.0,0.05686275,301664093,691.6455,1340.7627
MOVE,0,1.0,0.03137255,301664102,674.11914,1435.9219
MOVE,0,1.0,0.003921569,301664110,664.2871,1497.3867
MOVE,0,1.0,0.003921569,301664110,664.18945,1497.998
UP,0,1.0,0.003921569,301664118,664.18945,1497.998
DOWN,0,1.0,0.04117647,301664394,819.4922,908.42773
MOVE,0,1.0,0.03529412,301664410,819.2637,908.9238
MOVE,0,1.0,0.04509804,301664415,818.56934,910.42773
MOVE,0,1.0,0.04509804,301664423,816.1963,915.8545
MOVE,0,1.0,0.050980397,301664432,811.0908,928.2031
MOVE,0,1.0,0.05686275,301664443,792.7373,973.6885
MOVE,0,1.0,0.050980397,301664452,760.208,1062.9727
MOVE,0,1.0,0.04509804,301664461,727.7949,1165.0566
MOVE,0,1.0,0.04509804,301664469,699.2793,1273.5391
MOVE,0,1.0,0.04509804,301664477,679.417,1368.5098
MOVE,0,1.0,0.04117647,301664486,668.77734,1450.9014
MOVE,0,1.0,0.037254903,301664494,665.2783,1522.4209
MOVE,0,1.0,0.01764706,301664502,665.5049,1576.8643
MOVE,0,1.0,0.01764706,301664502,665.5078,1577.4072
UP,0,1.0,0.01764706,301664510,665.5078,1577.4072
DOWN,0,1.0,0.03137255,301664853,297.68555,1360.3174
MOVE,0,1.0,0.037254903,301664868,296.99902,1358.831
MOVE,0,1.0,0.033333335,301664874,295.708,1355.4619
MOVE,0,1.0,0.025490198,301664883,291.42383,1345.2881
MOVE,0,1.0,0.03137255,301664893,281.59277,1323.2793
MOVE,0,1.0,0.03529412,301664903,253.12988,1263.7578
MOVE,0,1.0,0.03137255,301664911,205.61426,1172.1406
MOVE,0,1.0,0.03137255,301664920,149.79688,1071.1143
MOVE,0,1.0,0.025490198,301664928,88.41699,965.4707
MOVE,0,1.0,0.0058823535,301664936,7.665039,829.2412
MOVE,0,1.0,0.0058823535,301664936,6.8554688,827.876
UP,0,1.0,0.0058823535,301664944,6.8554688,827.876
DOWN,0,1.0,0.03137255,301665137,849.02344,1415.7324
MOVE,0,1.0,0.025490198,301665152,849.02344,1413.1787
MOVE,0,1.0,0.03137255,301665157,849.02344,1409.1631
MOVE,0,1.0,0.03137255,301665166,849.4922,1396.6406
MOVE,0,1.0,0.03137255,301665177,852.4297,1369.9941
MOVE,0,1.0,0.03529412,301665186,861.06836,1302.7031
MOVE,0,1.0,0.037254903,301665195,879.94727,1188.9307
MOVE,0,1.0,0.037254903,301665203,909.37305,1057.706
MOVE,0,1.0,0.01764706,301665212,945.6904,924.6123
MOVE,0,1.0,0.0058823535,301665219,995.1289,756.4365
MOVE,0,1.0,0.0058823535,301665219,995.625,754.751
UP,0,1.0,0.0058823535,301665228,995.625,754.751
DOWN,0,1.0,0.023529414,301665404,259.98047,1175.791
MOVE,0,1.0,0.03529412,301665427,260.20898,1177.3535
MOVE,0,1.0,0.03529412,301665433,260.24414,1179.2188
MOVE,0,1.0,0.04117647,301665441,260.37598,1183.5039
MOVE,0,1.0,0.04117647,301665450,261.29004,1194.8828
MOVE,0,1.0,0.04117647,301665461,264.91602,1227.1953
MOVE,0,1.0,0.04509804,301665470,271.78027,1266.2607
MOVE,0,1.0,0.037254903,301665478,281.24316,1307.9131
MOVE,0,1.0,0.03137255,301665487,290.2129,1347.9209
MOVE,0,1.0,0.03137255,301665495,297.61133,1383.3857
MOVE,0,1.0,0.04117647,301665504,302.90625,1412.585
MOVE,0,1.0,0.03137255,301665512,306.61328,1433.8027
MOVE,0,1.0,0.03137255,301665520,308.47754,1450.9814
MOVE,0,1.0,0.037254903,301665528,309.47363,1462.8027
MOVE,0,1.0,0.037254903,301665535,309.73828,1471.457
MOVE,0,1.0,0.04117647,301665542,310.1416,1480.6016
MOVE,0,1.0,0.037254903,301665550,310.4922,1489.8252
MOVE,0,1.0,0.03137255,301665558,310.89648,1498.419
MOVE,0,1.0,0.03137255,301665566,311.66016,1505.1396
MOVE,0,1.0,0.03137255,301665575,312.583,1511.1377
MOVE,0,1.0,0.037254903,301665583,312.97852,1516.5654
MOVE,0,1.0,0.037254903,301665591,312.97852,1521.1357
MOVE,0,1.0,0.037254903,301665599,313.2422,1525.1348
MOVE,0,1.0,0.037254903,301665608,313.90137,1528.5625
MOVE,0,1.0,0.037254903,301665616,314.56055,1531.1328
MOVE,0,1.0,0.037254903,301665625,315.21973,1533.9893
MOVE,0,1.0,0.037254903,301665633,315.8789,1537.1318
MOVE,0,1.0,0.037254903,301665641,316.40625,1539.9883
MOVE,0,1.0,0.037254903,301665650,316.80176,1542.8447
MOVE,0,1.0,0.037254903,301665658,317.06543,1545.7012
MOVE,0,1.0,0.037254903,301665666,317.3291,1548.2715
MOVE,0,1.0,0.037254903,301665675,317.46094,1549.9854
MOVE,0,1.0,0.037254903,301665683,317.3291,1550.8428
MOVE,0,1.0,0.037254903,301665691,317.19727,1551.4141
MOVE,0,1.0,0.037254903,301665700,317.19727,1551.4141
MOVE,0,1.0,0.037254903,301665708,317.06543,1551.1279
MOVE,0,1.0,0.037254903,301665712,316.9336,1551.1279
MOVE,0,1.0,0.04117647,301665729,316.9336,1551.1279
MOVE,0,1.0,0.04117647,301665769,317.19727,1552.1953
MOVE,0,1.0,0.04117647,301665775,317.3291,1553.1279
MOVE,0,1.0,0.04117647,301665783,317.85645,1554.8418
MOVE,0,1.0,0.037254903,301665791,318.3838,1556.5557
MOVE,0,1.0,0.037254903,301665800,318.64746,1558.2695
MOVE,0,1.0,0.037254903,301665808,319.04297,1559.6973
MOVE,0,1.0,0.037254903,301665816,319.43848,1561.4111
MOVE,0,1.0,0.037254903,301665825,319.5703,1563.4111
MOVE,0,1.0,0.04117647,301665833,319.70215,1565.125
MOVE,0,1.0,0.04117647,301665841,319.96582,1567.6953
MOVE,0,1.0,0.04117647,301665850,320.49316,1571.6943
MOVE,0,1.0,0.037254903,301665858,321.54785,1577.1221
MOVE,0,1.0,0.04117647,301665867,323.39355,1583.9775
MOVE,0,1.0,0.04117647,301665875,326.05664,1592.3447
MOVE,0,1.0,0.04117647,301665884,329.3203,1601.7363
MOVE,0,1.0,0.03529412,301665892,332.43848,1610.1904
MOVE,0,1.0,0.03529412,301665900,334.99512,1617.1123
MOVE,0,1.0,0.04117647,301665908,336.97266,1622.8252
MOVE,0,1.0,0.04117647,301665917,338.29102,1627.1094
MOVE,0,1.0,0.04117647,301665925,339.3457,1630.5371
MOVE,0,1.0,0.04117647,301665933,340.53223,1633.9648
MOVE,0,1.0,0.04705883,301665942,341.8506,1637.9639
MOVE,0,1.0,0.04117647,301665950,343.43262,1643.3916
MOVE,0,1.0,0.037254903,301665958,345.27832,1650.5322
MOVE,0,1.0,0.037254903,301665967,347.9756,1659.5576
MOVE,0,1.0,0.027450982,301665971,349.6289,1664.2432
UP,0,1.0,0.027450982,301665979,349.6289,1664.2432
DOWN,0,1.0,0.05686275,301666038,885.9375,762.749
MOVE,0,1.0,0.050980397,301666053,885.251,763.74023
MOVE,0,1.0,0.04509804,301666058,884.35547,765.3203
MOVE,0,1.0,0.050980397,301666067,881.4551,770.4619
MOVE,0,1.0,0.050980397,301666076,875.3623,781.20703
MOVE,0,1.0,0.04509804,301666086,855.1211,820.1455
MOVE,0,1.0,0.060784318,301666096,812.7578,909.3252
MOVE,0,1.0,0.050980397,301666104,767.7363,1013.6426
MOVE,0,1.0,0.04117647,301666113,722.64844,1135.1553
MOVE,0,1.0,0.04117647,301666121,688.2627,1248.9219
MOVE,0,1.0,0.01764706,301666129,658.42285,1370.5264
MOVE,0,1.0,0.01764706,301666129,658.125,1371.7432
UP,0,1.0,0.01764706,301666137,658.125,1371.7432
DOWN,0,1.0,0.027450982,301666481,770.7129,1484.2871
MOVE,0,1.0,0.023529414,301666503,769.95703,1479.6758
MOVE,0,1.0,0.037254903,301666509,769.79004,1474.8545
MOVE,0,1.0,0.03137255,301666518,769.0303,1461.7334
MOVE,0,1.0,0.037254903,301666529,767.41504,1416.0645
MOVE,0,1.0,0.037254903,301666538,767.0244,1331.9873
MOVE,0,1.0,0.04117647,301666546,771.459,1231.0752
MOVE,0,1.0,0.03529412,301666555,786.64355,1112.9893
MOVE,0,1.0,0.03529412,301666563,813.94434,993.03613
MOVE,0,1.0,0.025490198,301666571,858.5947,841.3926
MOVE,0,1.0,0.025490198,301666571,859.04297,839.87305
UP,0,1.0,0.025490198,301666579,859.04297,839.87305
DOWN,0,1.0,0.027450982,301666813,753.8379,1298.6182
MOVE,0,1.0,0.03137255,301666837,754.2949,1297.627
MOVE,0,1.0,0.037254903,301666843,754.76074,1295.4766
MOVE,0,1.0,0.037254903,301666851,756.2129,1289.1855
MOVE,0,1.0,0.03137255,301666860,761.0547,1268.1299
MOVE,0,1.0,0.04117647,301666872,775.07715,1206.0234
MOVE,0,1.0,0.04509804,301666880,790.8574,1137.0635
MOVE,0,1.0,0.04117647,301666888,813.7256,1052.667
MOVE,0,1.0,0.04117647,301666897,841.88574,963.5918
MOVE,0,1.0,0.027450982,301666905,873.23145,878.9951
MOVE,0,1.0,0.013725491,301666913,905.65234,795.5752
MOVE,0,1.0,0.013725491,301666913,905.97656,794.7412
UP,0,1.0,0.013725491,301666921,905.97656,794.7412
DOWN,0,1.0,0.025490198,301667130,199.86328,1474.0039
MOVE,0,1.0,0.01764706,301667146,199.86328,1472.5176
MOVE,0,1.0,0.03137255,301667151,199.59961,1469.4336
MOVE,0,1.0,0.025490198,301667160,198.49023,1460.7773
MOVE,0,1.0,0.025490198,301667170,195.45898,1442.4609
MOVE,0,1.0,0.03137255,301667180,184.6709,1389.9326
MOVE,0,1.0,0.037254903,301667189,165.51465,1309.1416
MOVE,0,1.0,0.03137255,301667197,140.00195,1220.1006
MOVE,0,1.0,0.03137255,301667205,107.899414,1130.9795
MOVE,0,1.0,0.023529414,301667214,67.90039,1051.4727
MOVE,0,1.0,0.003921569,301667222,7.461914,961.3174
MOVE,0,1.0,0.003921569,301667222,6.8554688,960.41504
UP,0,1.0,0.003921569,301667230,6.8554688,960.41504
DOWN,0,1.0,0.03137255,301667473,772.82227,1362.6025
MOVE,0,1.0,0.037254903,301667488,772.82227,1361.1162
MOVE,0,1.0,0.037254903,301667493,773.2178,1357.7471
MOVE,0,1.0,0.03137255,301667502,774.3174,1348.8047
MOVE,0,1.0,0.037254903,301667512,776.6533,1330.0732
MOVE,0,1.0,0.04117647,301667522,784.6133,1273.9961
MOVE,0,1.0,0.04117647,301667531,799.0449,1186.9482
MOVE,0,1.0,0.037254903,301667539,819.28906,1087.0986
MOVE,0,1.0,0.025490198,301667547,847.6836,982.59863
MOVE,0,1.0,0.0058823535,301667555,891.04004,845.249
MOVE,0,1.0,0.0058823535,301667555,891.4746,843.8721
UP,0,1.0,0.0058823535,301667564,891.4746,843.8721
DOWN,0,1.0,0.03137255,301668032,145.54688,1077.5293
MOVE,0,1.0,0.03529412,301668055,146.72559,1080.5791
MOVE,0,1.0,0.037254903,301668061,147.52441,1083.2422
MOVE,0,1.0,0.04117647,301668069,148.97461,1088.9551
MOVE,0,1.0,0.04117647,301668078,151.92383,1100.7324
MOVE,0,1.0,0.037254903,301668089,157.61621,1124.6895
MOVE,0,1.0,0.04117647,301668098,161.07422,1145.8955
MOVE,0,1.0,0.03529412,301668106,163.18262,1162.4141
MOVE,0,1.0,0.04117647,301668114,163.21289,1176.0645
MOVE,0,1.0,0.04117647,301668122,162.57617,1186.5908
MOVE,0,1.0,0.04117647,301668129,161.87793,1196.3945
MOVE,0,1.0,0.04117647,301668137,161.13379,1206.252
MOVE,0,1.0,0.037254903,301668145,161.35742,1219.0361
MOVE,0,1.0,0.03529412,301668155,164.0625,1237.1924
MOVE,0,1.0,0.037254903,301668164,169.55078,1256.6328
MOVE,0,1.0,0.04117647,301668173,175.73145,1273.1182
MOVE,0,1.0,0.037254903,301668181,180.40625,1285.8984
MOVE,0,1.0,0.037254903,301668188,184.46094,1294.9531
MOVE,0,1.0,0.037254903,301668195,186.9961,1300.4463
MOVE,0,1.0,0.037254903,301668202,188.26172,1304.0459
MOVE,0,1.0,0.037254903,301668211,187.4707,1304.0459
MOVE,0,1.0,0.037254903,301668219,183.68652,1297.5908
MOVE,0,1.0,0.04117647,301668229,173.48828,1277.0918
MOVE,0,1.0,0.03137255,301668240,151.00977,1229.8926
MOVE,0,1.0,0.04509804,301668248,125.5,1178.0244
MOVE,0,1.0,0.04117647,301668257,96.791016,1119.251
MOVE,0,1.0,0.037254903,301668265,71.444336,1060.9736
MOVE,0,1.0,0.025490198,301668273,40.12793,998.74316
MOVE,0,1.0,0.0058823535,301668281,7.185547,947.21875
MOVE,0,1.0,0.0058823535,301668281,6.8554688,946.7041
UP,0,1.0,0.0058823535,301668290,6.8554688,946.7041
DOWN,0,1.0,0.025490198,301668616,784.9512,1384.3115
MOVE,0,1.0,0.03137255,301668631,784.9512,1383.3203
MOVE,0,1.0,0.037254903,301668636,785.21484,1381.1699
MOVE,0,1.0,0.037254903,301668645,786.0156,1374.5156
MOVE,0,1.0,0.04117647,301668654,787.8779,1359.835
MOVE,0,1.0,0.04509804,301668665,795.6699,1308.8994
MOVE,0,1.0,0.04117647,301668674,810.64355,1222.3457
MOVE,0,1.0,0.04117647,301668682,832.9795,1120.8213
MOVE,0,1.0,0.03529412,301668691,864.0049,1008.95215
MOVE,0,1.0,0.03137255,301668699,899.0342,904.33203
MOVE,0,1.0,0.01764706,301668707,944.8047,778.29395
MOVE,0,1.0,0.01764706,301668707,945.2637,777.03125
UP,0,1.0,0.01764706,301668715,945.2637,777.03125
DOWN,0,1.0,0.050980397,301668924,878.02734,843.3008
MOVE,0,1.0,0.04509804,301668940,876.8135,845.8545
MOVE,0,1.0,0.04509804,301668945,875.2588,849.2998
MOVE,0,1.0,0.060784318,301668954,871.00586,859.47363
MOVE,0,1.0,0.05686275,301668964,862.6748,881.0244
MOVE,0,1.0,0.050980397,301668974,842.0967,938.7344
MOVE,0,1.0,0.060784318,301668982,809.53613,1036.5566
MOVE,0,1.0,0.050980397,301668991,774.23047,1156.3105
MOVE,0,1.0,0.050980397,301668999,742.292,1283.6338
MOVE,0,1.0,0.054901965,301669008,720.0459,1392.3672
MOVE,0,1.0,0.050980397,301669016,707.2949,1476.5918
MOVE,0,1.0,0.03137255,301669024,700.38086,1546.998
MOVE,0,1.0,0.03137255,301669024,700.3125,1547.7002
UP,0,1.0,0.03137255,301669032,700.3125,1547.7002
DOWN,0,1.0,0.04117647,301669216,787.85156,1013.5449
MOVE,0,1.0,0.03529412,301669232,787.39453,1014.53613
MOVE,0,1.0,0.037254903,301669237,786.1377,1016.97266
MOVE,0,1.0,0.05686275,301669245,782.66895,1023.9121
MOVE,0,1.0,0.04117647,301669255,775.8418,1039.5381
MOVE,0,1.0,0.04509804,301669266,753.77246,1094.1768
MOVE,0,1.0,0.050980397,301669274,722.51074,1181.2012
MOVE,0,1.0,0.04117647,301669283,692.96094,1275.3955
MOVE,0,1.0,0.037254903,301669291,669.6953,1359.4775
MOVE,0,1.0,0.0058823535,301669299,643.88184,1457.0312
MOVE,0,1.0,0.0058823535,301669299,643.62305,1458.0078
UP,0,1.0,0.0058823535,301669308,643.62305,1458.0078
DOWN,0,1.0,0.03137255,301669525,771.24023,1071.8164
MOVE,0,1.0,0.037254903,301669540,771.0117,1072.8076
MOVE,0,1.0,0.04117647,301669546,770.3174,1074.6729
MOVE,0,1.0,0.04117647,301669554,768.4717,1079.5293
MOVE,0,1.0,0.050980397,301669563,765.4248,1088.8721
MOVE,0,1.0,0.04509804,301669573,757.1279,1118.1104
MOVE,0,1.0,0.04117647,301669583,740.0137,1180.9502
MOVE,0,1.0,0.04509804,301669591,724.72363,1244.8486
MOVE,0,1.0,0.04117647,301669600,710.73535,1309.3984
MOVE,0,1.0,0.04117647,301669608,700.9375,1364.3389
MOVE,0,1.0,0.037254903,301669616,694.5752,1409.0029
MOVE,0,1.0,0.023529414,301669625,690.8574,1442.8174
MOVE,0,1.0,0.013725491,301669633,688.99316,1465.2119
MOVE,0,1.0,0.013725491,301669633,688.9746,1465.4346
UP,0,1.0,0.013725491,301669641,688.9746,1465.4346
DOWN,0,1.0,0.04705883,301669825,202.76367,1043.8232
MOVE,0,1.0,0.04117647,301669840,203.4502,1045.8057
MOVE,0,1.0,0.04117647,301669846,204.74121,1049.251
MOVE,0,1.0,0.037254903,301669855,208.28809,1059.4248
MOVE,0,1.0,0.04117647,301669865,215.21484,1080.5176
MOVE,0,1.0,0.04117647,301669875,232.65918,1138.6797
MOVE,0,1.0,0.037254903,301669883,257.09863,1231.418
MOVE,0,1.0,0.03137255,301669892,279.2705,1333.5869
MOVE,0,1.0,0.03137255,301669900,293.32715,1432.4541
MOVE,0,1.0,0.037254903,301669908,297.1211,1513.7539
MOVE,0,1.0,0.023529414,301669916,294.2871,1597.1396
MOVE,0,1.0,0.023529414,301669916,294.2578,1597.9736
UP,0,1.0,0.023529414,301669925,294.2578,1597.9736
DOWN,0,1.0,0.03529412,301670109,818.1738,871.29395
MOVE,0,1.0,0.03137255,301670132,816.7666,875.41016
MOVE,0,1.0,0.04117647,301670138,815.1416,879.8633
MOVE,0,1.0,0.037254903,301670147,810.59375,890.89453
MOVE,0,1.0,0.037254903,301670157,795.4834,926.1719
MOVE,0,1.0,0.03137255,301670167,763.88086,1002.56445
MOVE,0,1.0,0.03137255,301670175,731.2256,1088.0986
MOVE,0,1.0,0.01764706,301670184,699.5742,1182.8408
MOVE,0,1.0,0.01764706,301670192,675.76465,1269.1914
MOVE,0,1.0,0.0058823535,301670200,650.7295,1371.292
MOVE,0,1.0,0.0058823535,301670200,650.4785,1372.3145
UP,0,1.0,0.0058823535,301670208,650.4785,1372.3145
DOWN,0,1.0,0.04117647,301670552,257.34375,1258.6279
MOVE,0,1.0,0.05686275,301670575,257.80078,1263.8105
MOVE,0,1.0,0.04509804,301670580,258.542,1268.9951
MOVE,0,1.0,0.05686275,301670589,260.42773,1280.8584
MOVE,0,1.0,0.04509804,301670599,265.9453,1314.419
MOVE,0,1.0,0.04117647,301670609,276.49707,1381.4209
MOVE,0,1.0,0.03529412,301670618,285.20605,1449.3301
MOVE,0,1.0,0.037254903,301670626,292.08008,1519.0098
MOVE,0,1.0,0.037254903,301670634,296.06445,1579.6582
MOVE,0,1.0,0.015686275,301670642,297.14746,1643.043
MOVE,0,1.0,0.015686275,301670642,297.1582,1643.6768
UP,0,1.0,0.015686275,301670651,297.1582,1643.6768
DOWN,0,1.0,0.04509804,301671302,786.7969,914.1406
MOVE,0,1.0,0.04117647,301671317,785.6533,916.12305
MOVE,0,1.0,0.050980397,301671322,783.36914,919.8535
MOVE,0,1.0,0.04117647,301671331,776.39746,931.1826
MOVE,0,1.0,0.050980397,301671342,761.8242,957.417
MOVE,0,1.0,0.04117647,301671352,727.0117,1026.5928
MOVE,0,1.0,0.050980397,301671360,677.8662,1137.543
MOVE,0,1.0,0.04117647,301671368,633.2578,1256.8623
MOVE,0,1.0,0.03137255,301671377,598.8779,1370.041
MOVE,0,1.0,0.0058823535,301671385,560.68555,1509.7383
MOVE,0,1.0,0.0058823535,301671385,560.30273,1511.1377
UP,0,1.0,0.0058823535,301671393,560.30273,1511.1377
DOWN,0,1.0,0.04117647,301671711,728.5254,1501.9971
MOVE,0,1.0,0.037254903,301671726,728.7539,1499.5195
MOVE,0,1.0,0.04117647,301671731,729.3164,1495.4277
MOVE,0,1.0,0.04117647,301671741,731.23145,1483.3643
MOVE,0,1.0,0.037254903,301671751,735.2207,1457.4053
MOVE,0,1.0,0.04117647,301671760,744.78125,1394.0635
MOVE,0,1.0,0.04117647,301671769,761.8408,1291.083
MOVE,0,1.0,0.037254903,301671777,787.0713,1172.9746
MOVE,0,1.0,0.01764706,301671785,838.4873,974.40625
MOVE,0,1.0,0.01764706,301671785,839.0039,972.4121
UP,0,1.0,0.01764706,301671794,839.0039,972.4121
DOWN,0,1.0,0.03137255,301672078,712.7051,1394.0234
MOVE,0,1.0,0.037254903,301672102,713.1621,1386.7822
MOVE,0,1.0,0.04117647,301672107,714.1172,1378.9941
MOVE,0,1.0,0.04117647,301672118,716.92676,1356.9854
MOVE,0,1.0,0.04117647,301672128,727.1094,1294.6367
MOVE,0,1.0,0.037254903,301672136,749.65625,1193.375
MOVE,0,1.0,0.01764706,301672144,784.33984,1079.8086
MOVE,0,1.0,0.0058823535,301672152,845.76953,894.29395
MOVE,0,1.0,0.0058823535,301672152,846.3867,892.43164
UP,0,1.0,0.0058823535,301672161,846.3867,892.43164
DOWN,0,1.0,0.025490198,301672337,212.7832,1452.2949
MOVE,0,1.0,0.03137255,301672352,212.32617,1449.8174
MOVE,0,1.0,0.027450982,301672357,211.20117,1445.4395
MOVE,0,1.0,0.025490198,301672366,207.45117,1432.1641
MOVE,0,1.0,0.025490198,301672377,198.82227,1405.3682
MOVE,0,1.0,0.023529414,301672386,179.48633,1348.875
MOVE,0,1.0,0.027450982,301672395,149.7998,1265.1807
MOVE,0,1.0,0.023529414,301672403,120.265625,1181.7666
MOVE,0,1.0,0.013725491,301672411,75.333984,1055.375
MOVE,0,1.0,0.013725491,301672411,74.88281,1054.1064
UP,0,1.0,0.013725491,301672419,74.88281,1054.1064
DOWN,0,1.0,0.03529412,301672754,676.58203,1387.168
MOVE,0,1.0,0.04117647,301672777,678.44727,1379.5068
MOVE,0,1.0,0.037254903,301672783,680.4883,1371.1377
MOVE,0,1.0,0.04509804,301672794,686.64746,1348.4697
MOVE,0,1.0,0.04117647,301672803,705.1455,1288.9004
MOVE,0,1.0,0.04117647,301672812,739.25684,1192.7529
MOVE,0,1.0,0.04509804,301672820,785.542,1082.0654
MOVE,0,1.0,0.03137255,301672828,842.91113,963.8828
MOVE,0,1.0,0.0058823535,301672836,924.66797,808.29785
MOVE,0,1.0,0.0058823535,301672837,925.4883,806.7383
UP,0,1.0,0.0058823535,301672845,925.4883,806.7383
DOWN,0,1.0,0.025490198,301673004,239.9414,1430.0146
MOVE,0,1.0,0.025490198,301673019,239.02637,1426.9658
MOVE,0,1.0,0.03137255,301673025,237.56836,1422.5879
MOVE,0,1.0,0.03137255,301673034,232.49707,1409.7803
MOVE,0,1.0,0.027450982,301673045,221.12695,1383.6484
MOVE,0,1.0,0.01764706,301673054,194.0625,1327.1602
MOVE,0,1.0,0.025490198,301673062,152.29395,1244.0371
MOVE,0,1.0,0.015686275,301673070,110.37012,1160.6289
MOVE,0,1.0,0.013725491,301673078,50.69629,1034.2373
MOVE,0,1.0,0.013725491,301673078,50.097656,1032.9688
UP,0,1.0,0.013725491,301673087,50.097656,1032.9688
DOWN,0,1.0,0.04117647,301673430,891.4746,791.88477
MOVE,0,1.0,0.04509804,301673445,890.7881,792.876
MOVE,0,1.0,0.060784318,301673450,889.4971,795.02734
MOVE,0,1.0,0.04117647,301673459,885.58105,802.05273
MOVE,0,1.0,0.050980397,301673468,877.1621,818.6953
MOVE,0,1.0,0.04117647,301673479,850.8428,874.21875
MOVE,0,1.0,0.05686275,301673488,811.18945,964.083
MOVE,0,1.0,0.04509804,301673496,769.28613,1071.8789
MOVE,0,1.0,0.04117647,301673504,732.0615,1185.5088
MOVE,0,1.0,0.037254903,301673513,705.0635,1284.4902
MOVE,0,1.0,0.025490198,301673521,690.4385,1359.5693
MOVE,0,1.0,0.01764706,301673529,680.374,1421.3994
MOVE,0,1.0,0.01764706,301673529,680.27344,1422.0166
UP,0,1.0,0.01764706,301673537,680.27344,1422.0166
DOWN,0,1.0,0.023529414,301673780,762.80273,1485.4297
MOVE,0,1.0,0.03137255,301673788,762.80273,1485.4297
MOVE,0,1.0,0.037254903,301673812,763.7871,1482.876
MOVE,0,1.0,0.03137255,301673817,764.38477,1480.0029
MOVE,0,1.0,0.037254903,301673827,766.7178,1466.0518
MOVE,0,1.0,0.03137255,301673838,773.55566,1420.6914
MOVE,0,1.0,0.03137255,301673846,781.1836,1368.2695
MOVE,0,1.0,0.037254903,301673855,790.3965,1301.0059
MOVE,0,1.0,0.037254903,301673863,801.1904,1225.1104
MOVE,0,1.0,0.04117647,301673871,816.17773,1139.5146
MOVE,0,1.0,0.03137255,301673880,838.2549,1046.4688
MOVE,0,1.0,0.037254903,301673888,868.2344,953.91406
MOVE,0,1.0,0.03137255,301673896,899.59863,869.84863
MOVE,0,1.0,0.015686275,301673904,917.6621,820.36914
MOVE,0,1.0,0.015686275,301673904,917.8418,819.8779
UP,0,1.0,0.015686275,301673913,917.8418,819.8779
DOWN,0,1.0,0.04117647,301674047,907.2949,769.0332
MOVE,0,1.0,0.04509804,301674062,905.92285,771.0156
MOVE,0,1.0,0.04509804,301674068,903.4717,774.7461
MOVE,0,1.0,0.050980397,301674076,896.8711,784.78516
MOVE,0,1.0,0.04117647,301674086,884.3203,805.6826
MOVE,0,1.0,0.04117647,301674097,852.2217,864.46094
MOVE,0,1.0,0.04705883,301674105,804.9375,961.1582
MOVE,0,1.0,0.04117647,301674113,755.12695,1076.9414
MOVE,0,1.0,0.03529412,301674122,709.73047,1201.9619
MOVE,0,1.0,0.037254903,301674130,676.9092,1313.5
MOVE,0,1.0,0.015686275,301674138,648.1289,1428.8604
MOVE,0,1.0,0.015686275,301674138,647.8418,1430.0146
UP,0,1.0,0.015686275,301674146,647.8418,1430.0146
DOWN,0,1.0,0.04509804,301674356,865.89844,878.7207
MOVE,0,1.0,0.04117647,301674371,864.52637,880.7031
MOVE,0,1.0,0.050980397,301674376,862.0752,884.4336
MOVE,0,1.0,0.04509804,301674385,854.9863,896.6699
MOVE,0,1.0,0.060784318,301674396,840.25,923.83203
MOVE,0,1.0,0.04509804,301674405,806.63574,991.74414
MOVE,0,1.0,0.04117647,301674414,758.2783,1102.1289
MOVE,0,1.0,0.037254903,301674422,714.46094,1219.1807
MOVE,0,1.0,0.027450982,301674430,652.9414,1397.9424
MOVE,0,1.0,0.027450982,301674430,652.3242,1399.7363
UP,0,1.0,0.027450982,301674438,652.3242,1399.7363
DOWN,0,1.0,0.04117647,301674614,839.7949,975.83984
MOVE,0,1.0,0.04509804,301674630,839.1084,977.32715
MOVE,0,1.0,0.05686275,301674635,837.68555,980.125
MOVE,0,1.0,0.04509804,301674643,833.3623,988.8965
MOVE,0,1.0,0.04509804,301674653,824.1006,1007.84375
MOVE,0,1.0,0.050980397,301674664,798.1113,1066.1318
MOVE,0,1.0,0.050980397,301674672,759.2383,1162.8232
MOVE,0,1.0,0.05686275,301674681,719.9531,1272.9502
MOVE,0,1.0,0.037254903,301674689,687.4531,1379.25
MOVE,0,1.0,0.01764706,301674697,651.6279,1510.3955
MOVE,0,1.0,0.01764706,301674697,651.26953,1511.709
UP,0,1.0,0.01764706,301674705,651.26953,1511.709
DOWN,0,1.0,0.037254903,301674956,841.9043,1541.9873
MOVE,0,1.0,0.03137255,301674980,842.1328,1537.4512
MOVE,0,1.0,0.037254903,301674986,842.59766,1530.6445
MOVE,0,1.0,0.04117647,301674996,844.1465,1509.5537
MOVE,0,1.0,0.037254903,301675006,847.6738,1473.7412
MOVE,0,1.0,0.04117647,301675014,857.10254,1392.5557
MOVE,0,1.0,0.03137255,301675022,879.38574,1257.1309
MOVE,0,1.0,0.01764706,301675030,937.0371,968.459
MOVE,0,1.0,0.01764706,301675031,937.6172,965.55664
UP,0,1.0,0.01764706,301675039,937.6172,965.55664
DOWN,0,1.0,0.037254903,301675315,826.34766,1394.5947
MOVE,0,1.0,0.027450982,301675330,826.34766,1392.6123
MOVE,0,1.0,0.037254903,301675336,826.74316,1389.4531
MOVE,0,1.0,0.037254903,301675345,828.31836,1379.5654
MOVE,0,1.0,0.04117647,301675355,832.416,1357.0986
MOVE,0,1.0,0.03529412,301675365,846.77734,1294.0703
MOVE,0,1.0,0.025490198,301675373,875.3672,1189.9766
MOVE,0,1.0,0.023529414,301675381,975.3701,872.208
MOVE,0,1.0,0.003921569,301675381,976.37695,869.0088
UP,0,1.0,0.003921569,301675389,976.37695,869.0088
DOWN,0,1.0,0.037254903,301675674,844.27734,1419.7314
MOVE,0,1.0,0.03137255,301675689,844.27734,1417.749
MOVE,0,1.0,0.04117647,301675694,844.27734,1414.3047
MOVE,0,1.0,0.037254903,301675703,844.8672,1404.1309
MOVE,0,1.0,0.037254903,301675714,847.2324,1382.1221
MOVE,0,1.0,0.04117647,301675724,856.0586,1319.7734
MOVE,0,1.0,0.037254903,301675734,877.0254,1215.6846
MOVE,0,1.0,0.025490198,301675740,910.3877,1093.04
MOVE,0,1.0,0.023529414,301675748,974.67676,888.2041
MOVE,0,1.0,0.023529414,301675748,975.32227,886.14746
UP,0,1.0,0.023529414,301675757,975.32227,886.14746
MOVE,0,1.0,0.03137255,301675974,207.04004,1357.7812
MOVE,0,1.0,0.01764706,301675982,186.09961,1278.2803
MOVE,0,1.0,0.013725491,301675990,89.56641,989.0371
MOVE,0,1.0,0.013725491,301675990,88.59375,986.12305
UP,0,1.0,0.013725491,301675998,88.59375,986.12305
DOWN,0,1.0,0.04117647,301676208,849.5508,878.7207
MOVE,0,1.0,0.04117647,301676223,848.14355,881.7705
MOVE,0,1.0,0.050980397,301676228,845.9912,885.5762
MOVE,0,1.0,0.04117647,301676237,840.0635,896.9053
MOVE,0,1.0,0.04509804,301676248,829.30273,921.19434
MOVE,0,1.0,0.04509804,301676257,805.48047,983.24414
MOVE,0,1.0,0.04509804,301676266,770.53613,1085.6416
MOVE,0,1.0,0.04117647,301676274,735.99023,1202.0479
MOVE,0,1.0,0.037254903,301676282,708.4971,1314.6318
MOVE,0,1.0,0.023529414,301676290,677.68164,1463.9375
MOVE,0,1.0,0.023529414,301676290,677.37305,1465.4346
UP,0,1.0,0.023529414,301676299,677.37305,1465.4346
DOWN,0,1.0,0.037254903,301676491,180.61523,1024.3994
MOVE,0,1.0,0.03529412,301676507,181.79395,1027.4492
MOVE,0,1.0,0.037254903,301676512,183.7793,1031.8262
MOVE,0,1.0,0.03137255,301676521,188.9082,1044.6338
MOVE,0,1.0,0.037254903,301676532,198.53125,1071.7959
MOVE,0,1.0,0.033333335,301676541,216.8252,1134.0527
MOVE,0,1.0,0.025490198,301676549,241.01758,1233.0684
MOVE,0,1.0,0.025490198,301676558,260.31543,1338.6943
MOVE,0,1.0,0.023529414,301676566,269.3828,1437.0303
MOVE,0,1.0,0.0058823535,301676574,270.5166,1564.7021
MOVE,0,1.0,0.0058823535,301676574,270.52734,1565.9814
UP,0,1.0,0.0058823535,301676582,270.52734,1565.9814
DOWN,0,1.0,0.03137255,301676783,845.5957,896.43066
MOVE,0,1.0,0.04117647,301676799,844.45215,898.4131
MOVE,0,1.0,0.050980397,301676804,842.5635,901.8584
MOVE,0,1.0,0.04117647,301676813,836.71875,912.0322
MOVE,0,1.0,0.04509804,301676823,825.01953,934.041
MOVE,0,1.0,0.04117647,301676833,795.5117,994.6924
MOVE,0,1.0,0.03137255,301676841,752.9463,1094.2393
MOVE,0,1.0,0.01764706,301676849,668.2051,1311.2891
MOVE,0,1.0,0.01764706,301676849,667.3535,1313.4717
UP,0,1.0,0.01764706,301676858,667.3535,1313.4717
DOWN,0,1.0,0.037254903,301677559,316.66992,1487.7148
MOVE,0,1.0,0.03137255,301677574,316.2129,1485.7324
MOVE,0,1.0,0.04117647,301677580,315.35156,1482.002
MOVE,0,1.0,0.037254903,301677589,312.55664,1470.2246
MOVE,0,1.0,0.03529412,301677600,306.28027,1445.7676
MOVE,0,1.0,0.037254903,301677609,290.45605,1386.0312
MOVE,0,1.0,0.037254903,301677617,264.19922,1292.1338
MOVE,0,1.0,0.03137255,301677626,231.56738,1189.3877
MOVE,0,1.0,0.027450982,301677634,189.21387,1087.1211
MOVE,0,1.0,0.0058823535,301677642,125.87988,955.4502
MOVE,0,1.0,0.0058823535,301677642,125.24414,954.13086
UP,0,1.0,0.0058823535,301677651,125.24414,954.13086
DOWN,0,1.0,0.023529414,301677884,790.2246,1289.4775
MOVE,0,1.0,0.03137255,301677900,790.91113,1287.9912
MOVE,0,1.0,0.025490198,301677905,791.6748,1285.7646
MOVE,0,1.0,0.03529412,301677914,793.2588,1279.4736
MOVE,0,1.0,0.04509804,301677922,795.93066,1268.5557
MOVE,0,1.0,0.04509804,301677933,802.8662,1238.8232
MOVE,0,1.0,0.04117647,301677943,816.73145,1182.5723
MOVE,0,1.0,0.04117647,301677951,831.47363,1128.9111
MOVE,0,1.0,0.03529412,301677959,849.11035,1072.3818
MOVE,0,1.0,0.04117647,301677968,869.126,1016.38965
MOVE,0,1.0,0.037254903,301677976,892.2969,958.70703
MOVE,0,1.0,0.023529414,301677984,917.0664,899.876
MOVE,0,1.0,0.023529414,301677984,917.31445,899.2871
UP,0,1.0,0.023529414,301677992,917.31445,899.2871
DOWN,0,1.0,0.037254903,301678093,933.9258,808.45215
MOVE,0,1.0,0.04509804,301678108,932.06055,810.4346
MOVE,0,1.0,0.05686275,301678114,929.5752,814.7363
MOVE,0,1.0,0.04117647,301678123,921.7842,827.08496
MOVE,0,1.0,0.050980397,301678134,906.51855,853.5449
MOVE,0,1.0,0.04509804,301678143,872.81445,917.52246
MOVE,0,1.0,0.060784318,301678151,827.0703,1017.11523
MOVE,0,1.0,0.050980397,301678160,784.32324,1125.0088
MOVE,0,1.0,0.04117647,301678168,748.3955,1231.2861
MOVE,0,1.0,0.04509804,301678176,721.9336,1325.1035
MOVE,0,1.0,0.04117647,301678185,704.4414,1406.918
MOVE,0,1.0,0.03137255,301678193,694.6094,1476.7344
MOVE,0,1.0,0.01764706,301678201,691.3789,1526.0713
MOVE,0,1.0,0.01764706,301678201,691.34766,1526.5625
UP,0,1.0,0.01764706,301678209,691.34766,1526.5625
DOWN,0,1.0,0.037254903,301678377,219.63867,1075.8154
MOVE,0,1.0,0.03137255,301678392,219.63867,1075.8154
MOVE,0,1.0,0.03137255,301678397,219.63867,1075.8154
MOVE,0,1.0,0.037254903,301678406,220.69336,1077.2441
MOVE,0,1.0,0.03137255,301678414,221.87988,1079.5293
MOVE,0,1.0,0.03137255,301678422,224.25293,1084.6709
MOVE,0,1.0,0.037254903,301678431,229.0498,1096.7334
MOVE,0,1.0,0.037254903,301678442,237.01758,1119.6885
MOVE,0,1.0,0.037254903,301678452,246.18555,1145.8438
MOVE,0,1.0,0.04117647,301678460,257.2334,1177.1904
MOVE,0,1.0,0.03529412,301678468,270.13477,1213.1367
MOVE,0,1.0,0.037254903,301678476,285.66504,1256.4795
MOVE,0,1.0,0.03137255,301678485,303.83203,1307.8164
MOVE,0,1.0,0.037254903,301678493,320.71973,1362.625
MOVE,0,1.0,0.03529412,301678502,331.85254,1411.8135
MOVE,0,1.0,0.03137255,301678510,336.92285,1453.5918
MOVE,0,1.0,0.03529412,301678518,338.7998,1485.6807
MOVE,0,1.0,0.01764706,301678526,338.2959,1511.4521
MOVE,0,1.0,0.023529414,301678535,335.68066,1532.0693
MOVE,0,1.0,0.025490198,301678543,332.5625,1547.9082
MOVE,0,1.0,0.0058823535,301678543,332.49023,1548.2715
UP,0,1.0,0.0058823535,301678551,332.49023,1548.2715
DOWN,0,1.0,0.03137255,301678702,789.69727,1522.5635
MOVE,0,1.0,0.037254903,301678726,789.9258,1517.9521
MOVE,0,1.0,0.04117647,301678731,790.0957,1512.7676
MOVE,0,1.0,0.037254903,301678740,790.6953,1500.459
MOVE,0,1.0,0.037254903,301678751,793.19336,1463.0508
MOVE,0,1.0,0.04117647,301678760,799.1338,1390.6875
MOVE,0,1.0,0.050980397,301678769,807.28125,1310.8438
MOVE,0,1.0,0.04117647,301678777,819.11035,1218.9863
MOVE,0,1.0,0.04117647,301678785,836.9785,1127.5742
MOVE,0,1.0,0.037254903,301678794,860.1289,1039.5615
MOVE,0,1.0,0.023529414,301678802,904.21484,885.97656
MOVE,0,1.0,0.003921569,301678802,904.6582,884.4336
UP,0,1.0,0.003921569,301678810,904.6582,884.4336
DOWN,0,1.0,0.023529414,301678944,261.29883,1366.0303
MOVE,0,1.0,0.03137255,301678959,260.6123,1364.0479
MOVE,0,1.0,0.037254903,301678965,259.3213,1360.3174
MOVE,0,1.0,0.025490198,301678974,255.73926,1349.4287
MOVE,0,1.0,0.04117647,301678984,248.90625,1328.6484
MOVE,0,1.0,0.04117647,301678994,233.75586,1281.3535
MOVE,0,1.0,0.03137255,301679002,212.73047,1216.4326
MOVE,0,1.0,0.037254903,301679011,193.20312,1154.6992
MOVE,0,1.0,0.037254903,301679019,175.7793,1101.4834
MOVE,0,1.0,0.03137255,301679027,160.46582,1059.0996
MOVE,0,1.0,0.037254903,301679036,144.38965,1023.0459
MOVE,0,1.0,0.023529414,301679044,127.26172,989.3164
MOVE,0,1.0,0.013725491,301679052,111.16699,959.0039
MOVE,0,1.0,0.013725491,301679052,111.00586,958.7012
UP,0,1.0,0.013725491,301679060,111.00586,958.7012
DOWN,0,1.0,0.03529412,301679194,856.6699,969.55566
MOVE,0,1.0,0.04117647,301679210,855.45605,972.1094
MOVE,0,1.0,0.04705883,301679215,854.0332,975.5547
MOVE,0,1.0,0.050980397,301679224,849.8701,986.1582
MOVE,0,1.0,0.04117647,301679234,841.8242,1007.41016
MOVE,0,1.0,0.04117647,301679244,822.3135,1063.8525
MOVE,0,1.0,0.04117647,301679252,793.1543,1154.3164
MOVE,0,1.0,0.037254903,301679261,763.625,1255.332
MOVE,0,1.0,0.037254903,301679269,737.749,1350.794
MOVE,0,1.0,0.0058823535,301679277,709.5596,1474.4785
MOVE,0,1.0,0.0058823535,301679277,709.27734,1475.7178
UP,0,1.0,0.0058823535,301679285,709.27734,1475.7178
DOWN,0,1.0,0.037254903,301679428,208.30078,1059.8193
MOVE,0,1.0,0.03137255,301679443,208.9873,1061.3066
MOVE,0,1.0,0.03137255,301679449,210.54199,1064.6758
MOVE,0,1.0,0.03137255,301679457,214.66895,1073.6172
MOVE,0,1.0,0.03137255,301679467,222.13574,1090.6191
MOVE,0,1.0,0.03137255,301679477,242.41113,1136.543
MOVE,0,1.0,0.025490198,301679486,271.8164,1202.5557
MOVE,0,1.0,0.03137255,301679494,300.5625,1271.082
MOVE,0,1.0,0.023529414,301679503,324.86523,1333.9814
MOVE,0,1.0,0.03137255,301679511,341.03027,1383.8145
MOVE,0,1.0,0.013725491,301679519,353.98242,1434.6475
MOVE,0,1.0,0.013725491,301679519,354.11133,1435.1562
UP,0,1.0,0.013725491,301679527,354.11133,1435.1562
DOWN,0,1.0,0.03137255,301679628,779.67773,1535.1318
MOVE,0,1.0,0.03529412,301679644,779.67773,1533.6455
MOVE,0,1.0,0.04117647,301679649,779.67773,1530.8477
MOVE,0,1.0,0.04117647,301679657,779.8164,1522.8682
MOVE,0,1.0,0.037254903,301679667,780.84766,1506.9941
MOVE,0,1.0,0.04117647,301679678,785.2754,1461.7568
MOVE,0,1.0,0.04117647,301679686,794.61523,1387.3281
MOVE,0,1.0,0.03529412,301679694,806.71484,1302.3262
MOVE,0,1.0,0.04117647,301679703,823.8037,1207.5889
MOVE,0,1.0,0.04117647,301679711,844.33496,1115.0176
MOVE,0,1.0,0.023529414,301679719,871.6885,999.2803
MOVE,0,1.0,0.023529414,301679719,871.9629,998.1201
UP,0,1.0,0.023529414,301679727,871.9629,998.1201
DOWN,0,1.0,0.025490198,301679878,276.32812,1382.0264
MOVE,0,1.0,0.03529412,301679894,275.6416,1378.9775
MOVE,0,1.0,0.03137255,301679899,274.87793,1374.5996
MOVE,0,1.0,0.025490198,301679908,272.52344,1362.251
MOVE,0,1.0,0.03137255,301679919,267.15918,1338.294
MOVE,0,1.0,0.04117647,301679928,253.78125,1285.9814
MOVE,0,1.0,0.04117647,301679936,230.68164,1209.6914
MOVE,0,1.0,0.023529414,301679945,203.04102,1133.7041
MOVE,0,1.0,0.023529414,301679953,157.60449,1019.2637
MOVE,0,1.0,0.023529414,301679953,157.14844,1018.11523
UP,0,1.0,0.023529414,301679961,157.14844,1018.11523
DOWN,0,1.0,0.04117647,301680087,881.1914,920.9961
MOVE,0,1.0,0.03529412,301680111,878.30664,927.1699
MOVE,0,1.0,0.04117647,301680116,875.61035,932.50586
MOVE,0,1.0,0.04509804,301680125,868.6387,946.6924
MOVE,0,1.0,0.04117647,301680136,848.0615,990.00586
MOVE,0,1.0,0.04509804,301680145,814.54297,1064.2412
MOVE,0,1.0,0.04705883,301680153,778.7178,1150.9287
MOVE,0,1.0,0.03529412,301680162,742.3369,1249.0762
MOVE,0,1.0,0.03137255,301680170,712.99805,1338.8545
MOVE,0,1.0,0.01764706,301680178,684.5137,1434.2021
MOVE,0,1.0,0.01764706,301680178,684.2285,1435.1562
UP,0,1.0,0.01764706,301680187,684.2285,1435.1562
DOWN,0,1.0,0.025490198,301680354,208.56445,1046.1084
MOVE,0,1.0,0.037254903,301680369,209.02148,1046.6045
MOVE,0,1.0,0.037254903,301680375,210.14648,1048.3936
MOVE,0,1.0,0.025490198,301680383,212.91504,1053.5352
MOVE,0,1.0,0.03137255,301680392,217.26367,1062.3711
MOVE,0,1.0,0.03137255,301680401,228.8711,1086.8496
MOVE,0,1.0,0.037254903,301680412,255.27148,1145.5752
MOVE,0,1.0,0.037254903,301680420,281.34082,1207.166
MOVE,0,1.0,0.03137255,301680429,307.18262,1273.956
MOVE,0,1.0,0.027450982,301680437,328.06348,1335.1406
MOVE,0,1.0,0.03137255,301680445,342.10645,1387.2197
MOVE,0,1.0,0.023529414,301680454,349.0332,1429.5918
MOVE,0,1.0,0.01764706,301680462,353.27832,1461.6865
MOVE,0,1.0,0.003921569,301680470,356.15527,1477.6396
MOVE,0,1.0,0.003921569,301680470,356.2207,1478.0029
UP,0,1.0,0.003921569,301680478,356.2207,1478.0029
DOWN,0,1.0,0.03137255,301680579,747.2461,1511.709
MOVE,0,1.0,0.03137255,301680595,747.2461,1510.7178
MOVE,0,1.0,0.037254903,301680600,747.3779,1508.2812
MOVE,0,1.0,0.037254903,301680608,747.9053,1501.9971
MOVE,0,1.0,0.037254903,301680617,749.06055,1490.0977
MOVE,0,1.0,0.04117647,301680628,753.20996,1454.623
MOVE,0,1.0,0.03529412,301680637,762.7129,1391.75
MOVE,0,1.0,0.04117647,301680646,773.5049,1326.126
MOVE,0,1.0,0.04117647,301680654,785.88184,1254.206
MOVE,0,1.0,0.04117647,301680662,800.3633,1182.2236
MOVE,0,1.0,0.03137255,301680671,815.3867,1111.9385
MOVE,0,1.0,0.01764706,301680679,829.1113,1044.4971
MOVE,0,1.0,0.01764706,301680679,829.24805,1043.8232
UP,0,1.0,0.01764706,301680687,829.24805,1043.8232
DOWN,0,1.0,0.025490198,301680863,300.8496,1380.3125
MOVE,0,1.0,0.037254903,301680878,300.6211,1378.8262
MOVE,0,1.0,0.03137255,301680884,299.92676,1376.0283
MOVE,0,1.0,0.04117647,301680892,298.05957,1368.8027
MOVE,0,1.0,0.04509804,301680901,294.34766,1356.0391
MOVE,0,1.0,0.037254903,301680911,283.24902,1319.9688
MOVE,0,1.0,0.025490198,301680921,263.85156,1258.6221
MOVE,0,1.0,0.04117647,301680929,243.31152,1200.3682
MOVE,0,1.0,0.025490198,301680938,224.0498,1144.3584
MOVE,0,1.0,0.01764706,301680945,200.36426,1070.2744
MOVE,0,1.0,0.01764706,301680946,200.12695,1069.5312
UP,0,1.0,0.01764706,301680954,200.12695,1069.5312
DOWN,0,1.0,0.03137255,301681063,856.1426,959.84375
MOVE,0,1.0,0.03137255,301681087,855.68555,961.90234
MOVE,0,1.0,0.04117647,301681092,854.8242,964.41406
MOVE,0,1.0,0.037254903,301681101,852.31934,970.4131
MOVE,0,1.0,0.03529412,301681110,843.876,989.0625
MOVE,0,1.0,0.03529412,301681121,820.2178,1044.4971
MOVE,0,1.0,0.04117647,301681130,795.4824,1105.4824
MOVE,0,1.0,0.03529412,301681138,769.13086,1175.6602
MOVE,0,1.0,0.03137255,301681146,745.8965,1246.4941
MOVE,0,1.0,0.037254903,301681155,726.0869,1312.8086
MOVE,0,1.0,0.025490198,301681163,712.0537,1368.8984
MOVE,0,1.0,0.0058823535,301681171,704.8662,1410.1797
MOVE,0,1.0,0.0058823535,301681171,704.7949,1410.5908
UP,0,1.0,0.0058823535,301681179,704.7949,1410.5908
DOWN,0,1.0,0.03137255,301681372,230.44922,1044.3945
MOVE,0,1.0,0.04117647,301681387,231.13574,1045.8818
MOVE,0,1.0,0.037254903,301681392,232.16309,1048.3936
MOVE,0,1.0,0.04117647,301681401,235.40625,1055.7051
MOVE,0,1.0,0.03529412,301681410,241.48438,1069.9814
MOVE,0,1.0,0.037254903,301681421,258.84668,1111.8125
MOVE,0,1.0,0.03529412,301681430,288.17773,1183.1094
MOVE,0,1.0,0.04117647,301681438,316.3877,1256.748
MOVE,0,1.0,0.03529412,301681447,340.9463,1327.0518
MOVE,0,1.0,0.04117647,301681455,359.7246,1384.877
MOVE,0,1.0,0.025490198,301681463,372.70312,1430.7002
MOVE,0,1.0,0.027450982,301681472,379.87988,1463.9609
MOVE,0,1.0,0.013725491,301681479,382.56152,1483.5215
MOVE,0,1.0,0.013725491,301681479,382.5879,1483.7158
UP,0,1.0,0.013725491,301681488,382.5879,1483.7158
DOWN,0,1.0,0.023529414,301681572,797.34375,1482.002
MOVE,0,1.0,0.027450982,301681587,797.34375,1481.0107
MOVE,0,1.0,0.01764706,301681593,797.6074,1479.1455
MOVE,0,1.0,0.025490198,301681601,798.39844,1474.29
MOVE,0,1.0,0.023529414,301681610,799.6299,1465.3477
MOVE,0,1.0,0.025490198,301681620,803.1133,1438.3271
MOVE,0,1.0,0.023529414,301681630,810.7256,1378.5469
MOVE,0,1.0,0.037254903,301681639,818.8828,1316.3799
MOVE,0,1.0,0.037254903,301681647,828.3623,1244.4941
MOVE,0,1.0,0.037254903,301681655,839.68164,1166.8564
MOVE,0,1.0,0.037254903,301681663,854.6738,1084.6357
MOVE,0,1.0,0.027450982,301681672,871.792,1001.23926
MOVE,0,1.0,0.01764706,301681680,885.79785,926.88086
MOVE,0,1.0,0.01764706,301681680,885.9375,926.1377
UP,0,1.0,0.01764706,301681688,885.9375,926.1377
DOWN,0,1.0,0.037254903,301681872,312.97852,1334.6094
MOVE,0,1.0,0.03137255,301681888,312.292,1332.0557
MOVE,0,1.0,0.03137255,301681893,311.26465,1328.6113
MOVE,0,1.0,0.03529412,301681902,308.05273,1319.2676
MOVE,0,1.0,0.037254903,301681912,301.50684,1302.79
MOVE,0,1.0,0.037254903,301681922,285.1338,1265.2646
MOVE,0,1.0,0.04117647,301681931,260.2207,1212.8564
MOVE,0,1.0,0.03529412,301681939,235.44336,1164.8447
MOVE,0,1.0,0.04117647,301681947,211.17969,1120.25
MOVE,0,1.0,0.037254903,301681956,188.48828,1081.9111
MOVE,0,1.0,0.025490198,301681964,167.63965,1047.5938
MOVE,0,1.0,0.027450982,301681972,152.03027,1016.70996
MOVE,0,1.0,0.0058823535,301681980,142.73926,990.9502
MOVE,0,1.0,0.0058823535,301681980,142.64648,990.69336
UP,0,1.0,0.0058823535,301681989,142.64648,990.69336
DOWN,0,1.0,0.03529412,301682048,881.71875,866.15234
MOVE,0,1.0,0.037254903,301682063,881.0322,867.63965
MOVE,0,1.0,0.04117647,301682068,879.6094,869.8662
MOVE,0,1.0,0.04117647,301682077,875.91406,876.15625
MOVE,0,1.0,0.04117647,301682086,869.27344,888.3672
MOVE,0,1.0,0.04117647,301682096,849.3291,926.72754
MOVE,0,1.0,0.037254903,301682106,812.1914,1000.85645
MOVE,0,1.0,0.037254903,301682114,773.9961,1084.1221
MOVE,0,1.0,0.03137255,301682122,736.28516,1174.8828
MOVE,0,1.0,0.01764706,301682130,687.35547,1304.1768
MOVE,0,1.0,0.01764706,301682130,686.86523,1305.4736
UP,0,1.0,0.01764706,301682139,686.86523,1305.4736
DOWN,0,1.0,0.03529412,301682440,197.49023,1034.6826
MOVE,0,1.0,0.04117647,301682455,197.71875,1036.1699
MOVE,0,1.0,0.04117647,301682460,198.54492,1038.6816
MOVE,0,1.0,0.037254903,301682469,200.6543,1044.9658
MOVE,0,1.0,0.037254903,301682478,204.55566,1056.8662
MOVE,0,1.0,0.04117647,301682488,217.90234,1092.8262
MOVE,0,1.0,0.04117647,301682498,242.6123,1157.4814
MOVE,0,1.0,0.03137255,301682506,269.20605,1227.081
MOVE,0,1.0,0.04117647,301682514,295.8369,1299.041
MOVE,0,1.0,0.04117647,301682523,315.41992,1361.9746
MOVE,0,1.0,0.03529412,301682531,327.1006,1411.8076
MOVE,0,1.0,0.04117647,301682540,332.95996,1449.0674
MOVE,0,1.0,0.03529412,301682548,334.32324,1475.4551
MOVE,0,1.0,0.03137255,301682556,333.55273,1494.3818
MOVE,0,1.0,0.01764706,301682556,333.54492,1494.5703
UP,0,1.0,0.01764706,301682564,333.54492,1494.5703
DOWN,0,1.0,0.03529412,301682590,745.92773,1348.3203
MOVE,0,1.0,0.04705883,301682605,746.15625,1346.3379
MOVE,0,1.0,0.04117647,301682610,746.71875,1343.1787
MOVE,0,1.0,0.04509804,301682619,748.3906,1334.1211
MOVE,0,1.0,0.04117647,301682629,752.126,1316.0322
MOVE,0,1.0,0.04509804,301682640,763.749,1267.0771
MOVE,0,1.0,0.050980397,301682648,784.74023,1190.8389
MOVE,0,1.0,0.04117647,301682656,813.9258,1099.0156
MOVE,0,1.0,0.04117647,301682665,853.63477,995.16113
MOVE,0,1.0,0.025490198,301682673,914.0713,843.67773
MOVE,0,1.0,0.025490198,301682673,914.67773,842.1582
UP,0,1.0,0.025490198,301682681,914.67773,842.1582
DOWN,0,1.0,0.03529412,301682832,336.18164,1358.0322
MOVE,0,1.0,0.04509804,301682847,336.18164,1356.0498
MOVE,0,1.0,0.04117647,301682852,335.91797,1352.8906
MOVE,0,1.0,0.04117647,301682861,334.96094,1344.626
MOVE,0,1.0,0.037254903,301682871,332.18652,1329.2744
MOVE,0,1.0,0.03137255,301682881,323.59766,1290.4434
MOVE,0,1.0,0.04509804,301682890,308.6416,1233.4688
MOVE,0,1.0,0.04509804,301682898,292.83398,1180.3213
MOVE,0,1.0,0.04509804,301682907,275.96973,1132.2812
MOVE,0,1.0,0.04509804,301682915,260.3994,1092.7773
MOVE,0,1.0,0.04117647,301682923,245.36523,1061.2764
MOVE,0,1.0,0.037254903,301682931,230.59668,1034.9453
MOVE,0,1.0,0.04117647,301682940,215.04785,1011.49414
MOVE,0,1.0,0.04117647,301682948,197.14258,988.0713
MOVE,0,1.0,0.023529414,301682957,178.95117,965.21387
MOVE,0,1.0,0.003921569,301682957,178.76953,964.98535
UP,0,1.0,0.003921569,301682965,178.76953,964.98535
DOWN,0,1.0,0.03137255,301683115,205.13672,1075.8154
MOVE,0,1.0,0.04117647,301683131,205.82324,1076.3115
MOVE,0,1.0,0.037254903,301683136,206.58691,1077.2441
MOVE,0,1.0,0.03529412,301683144,208.16895,1079.8145
MOVE,0,1.0,0.037254903,301683153,210.54199,1084.0996
MOVE,0,1.0,0.04117647,301683162,215.33496,1094.5713
MOVE,0,1.0,0.037254903,301683172,225.87305,1121.7783
MOVE,0,1.0,0.037254903,301683182,238.77051,1158.3213
MOVE,0,1.0,0.04117647,301683190,253.76562,1199.374
MOVE,0,1.0,0.04117647,301683199,271.14453,1244.4658
MOVE,0,1.0,0.03137255,301683207,289.06836,1291.8604
MOVE,0,1.0,0.04117647,301683215,304.6494,1337.0146
MOVE,0,1.0,0.04117647,301683224,316.55176,1375.3594
MOVE,0,1.0,0.04117647,301683232,323.71777,1407.4141
MOVE,0,1.0,0.04117647,301683240,329.2705,1434.8818
MOVE,0,1.0,0.04117647,301683249,334.28613,1460.042
MOVE,0,1.0,0.03529412,301683257,337.20703,1483.4814
MOVE,0,1.0,0.01764706,301683265,339.32422,1503.5107
MOVE,0,1.0,0.01764706,301683265,339.3457,1503.7109
UP,0,1.0,0.01764706,301683273,339.3457,1503.7109
DOWN,0,1.0,0.03529412,301683483,302.43164,1176.3623
MOVE,0,1.0,0.04117647,301683498,302.43164,1177.3535
MOVE,0,1.0,0.04117647,301683503,302.6953,1178.9336
MOVE,0,1.0,0.037254903,301683512,303.22266,1182.9326
MOVE,0,1.0,0.04117647,301683520,304.01367,1189.502
MOVE,0,1.0,0.04509804,301683529,306.83887,1205.9482
MOVE,0,1.0,0.04117647,301683541,314.49707,1246.2998
MOVE,0,1.0,0.04509804,301683549,322.91406,1282.2627
MOVE,0,1.0,0.050980397,301683557,331.35156,1317.1221
MOVE,0,1.0,0.04117647,301683566,339.2666,1346.8809
MOVE,0,1.0,0.050980397,301683574,345.08887,1371.498
MOVE,0,1.0,0.04509804,301683582,350.62793,1393.8008
MOVE,0,1.0,0.04509804,301683591,354.86035,1411.5566
MOVE,0,1.0,0.04509804,301683599,358.47852,1426.6787
MOVE,0,1.0,0.04117647,301683606,360.20312,1438.6172
MOVE,0,1.0,0.04117647,301683614,361.8164,1448.8252
MOVE,0,1.0,0.04117647,301683621,363.333,1458.9141
MOVE,0,1.0,0.04117647,301683629,364.68555,1468.6045
MOVE,0,1.0,0.04117647,301683637,365.62305,1476.71
MOVE,0,1.0,0.04117647,301683645,366.37207,1483.7158
MOVE,0,1.0,0.04117647,301683653,367.03125,1490.2861
MOVE,0,1.0,0.04509804,301683662,367.42676,1496.2842
MOVE,0,1.0,0.04117647,301683670,367.69043,1501.4258
MOVE,0,1.0,0.04117647,301683678,368.08594,1505.4248
MOVE,0,1.0,0.04117647,301683687,368.3496,1508.2812
MOVE,0,1.0,0.04117647,301683695,368.08594,1510.2812
MOVE,0,1.0,0.04117647,301683704,367.5586,1511.4238
MOVE,0,1.0,0.04117647,301683712,366.76758,1512.2803
MOVE,0,1.0,0.04117647,301683720,365.84473,1513.9941
MOVE,0,1.0,0.04117647,301683728,364.6582,1516.5654
MOVE,0,1.0,0.04509804,301683737,362.94434,1519.707
MOVE,0,1.0,0.04117647,301683745,361.23047,1523.706
MOVE,0,1.0,0.04117647,301683753,360.17578,1528.5625
MOVE,0,1.0,0.04117647,301683762,359.38477,1533.7041
MOVE,0,1.0,0.04117647,301683770,358.59375,1539.1309
MOVE,0,1.0,0.04117647,301683779,357.80273,1544.5586
MOVE,0,1.0,0.04117647,301683787,357.40723,1549.7002
MOVE,0,1.0,0.04117647,301683795,357.93457,1554.2705
MOVE,0,1.0,0.04117647,301683804,358.4619,1557.9834
MOVE,0,1.0,0.04117647,301683812,358.7256,1561.4111
MOVE,0,1.0,0.04117647,301683820,358.85742,1564.5537
MOVE,0,1.0,0.04117647,301683829,358.85742,1567.124
MOVE,0,1.0,0.04117647,301683837,358.85742,1569.4092
MOVE,0,1.0,0.04117647,301683845,358.98926,1571.6943
MOVE,0,1.0,0.04117647,301683854,359.38477,1573.6943
MOVE,0,1.0,0.04117647,301683862,359.64844,1575.4082
MOVE,0,1.0,0.04117647,301683870,359.78027,1577.1221
MOVE,0,1.0,0.04117647,301683879,359.9121,1578.5498
MOVE,0,1.0,0.03529412,301683887,359.9121,1579.9785
MOVE,0,1.0,0.03529412,301683895,360.04395,1581.6924
MOVE,0,1.0,0.03529412,301683904,360.30762,1583.4062
MOVE,0,1.0,0.04509804,301683912,360.70312,1585.1201
MOVE,0,1.0,0.04117647,301683920,361.09863,1586.834
MOVE,0,1.0,0.04117647,301683929,361.3623,1588.5479
MOVE,0,1.0,0.04117647,301683937,361.7578,1590.2617
MOVE,0,1.0,0.04117647,301683946,362.15332,1591.9756
MOVE,0,1.0,0.04117647,301683954,362.417,1593.6895
MOVE,0,1.0,0.04117647,301683962,362.68066,1595.4033
MOVE,0,1.0,0.04117647,301683971,362.8125,1596.831
MOVE,0,1.0,0.04117647,301683979,362.8125,1598.2598
MOVE,0,1.0,0.04117647,301683987,363.07617,1599.4023
MOVE,0,1.0,0.04117647,301683995,363.33984,1600.5449
MOVE,0,1.0,0.04117647,301684004,363.33984,1601.6875
MOVE,0,1.0,0.04117647,301684012,363.47168,1602.544
MOVE,0,1.0,0.04117647,301684020,363.47168,1603.6865
MOVE,0,1.0,0.04117647,301684029,363.47168,1604.544
MOVE,0,1.0,0.04117647,301684037,363.47168,1605.4004
MOVE,0,1.0,0.04117647,301684046,363.33984,1606.2578
MOVE,0,1.0,0.04117647,301684054,363.47168,1606.8291
MOVE,0,1.0,0.04117647,301684062,363.60352,1607.4004
MOVE,0,1.0,0.04117647,301684070,363.73535,1607.9717
MOVE,0,1.0,0.04117647,301684079,363.8672,1608.8281
MOVE,0,1.0,0.04117647,301684087,363.99902,1609.6855
MOVE,0,1.0,0.04117647,301684096,364.39453,1610.2568
MOVE,0,1.0,0.04117647,301684104,364.79004,1610.8281
MOVE,0,1.0,0.04117647,301684112,365.18555,1611.3994
MOVE,0,1.0,0.04117647,301684121,365.97656,1611.9707
MOVE,0,1.0,0.027450982,301684125,366.5039,1612.2559
UP,0,1.0,0.027450982,301684133,366.5039,1612.2559
MOVE,0,1.0,0.05686275,301684342,332.19727,1300.6807
MOVE,0,1.0,0.050980397,301684350,335.88086,1324.0918
MOVE,0,1.0,0.04509804,301684358,340.09473,1349.7773
MOVE,0,1.0,0.05686275,301684367,344.31348,1373.7881
MOVE,0,1.0,0.050980397,301684375,348.79297,1394.3887
MOVE,0,1.0,0.04509804,301684383,353.2754,1413.8242
MOVE,0,1.0,0.050980397,301684392,355.34668,1428.2861
MOVE,0,1.0,0.04705883,301684399,357.26953,1441.8252
MOVE,0,1.0,0.04509804,301684407,359.29004,1453.6846
MOVE,0,1.0,0.04117647,301684414,360.19238,1463.1865
MOVE,0,1.0,0.04117647,301684422,361.0752,1471.3994
MOVE,0,1.0,0.04117647,301684429,361.88965,1478.2891
MOVE,0,1.0,0.04117647,301684438,362.28516,1485.1445
MOVE,0,1.0,0.04509804,301684446,362.15332,1491.1426
MOVE,0,1.0,0.04509804,301684454,362.02148,1495.999
MOVE,0,1.0,0.04117647,301684463,361.62598,1499.998
MOVE,0,1.0,0.04117647,301684471,361.09863,1503.7109
MOVE,0,1.0,0.04117647,301684479,360.70312,1506.2822
MOVE,0,1.0,0.04117647,301684488,360.30762,1507.71
MOVE,0,1.0,0.04117647,301684496,360.04395,1508.8525
MOVE,0,1.0,0.04117647,301684500,359.9121,1509.4238
MOVE,0,1.0,0.03529412,301684532,359.9121,1510.415
MOVE,0,1.0,0.03137255,301684538,360.17578,1511.709
MOVE,0,1.0,0.023529414,301684542,360.43945,1512.8516
UP,0,1.0,0.023529414,301684550,360.43945,1512.8516
DOWN,0,1.0,0.03137255,301685319,345.67383,1414.5898
MOVE,0,1.0,0.03529412,301685342,345.2168,1414.5898
MOVE,0,1.0,0.03529412,301685347,344.8828,1414.5898
MOVE,0,1.0,0.03529412,301685356,343.95996,1414.3047
MOVE,0,1.0,0.04117647,301685364,341.05957,1412.0195
MOVE,0,1.0,0.025490198,301685373,334.17676,1402.5586
MOVE,0,1.0,0.037254903,301685383,320.625,1379.419
MOVE,0,1.0,0.037254903,301685393,304.15918,1349.7256
MOVE,0,1.0,0.025490198,301685401,288.09082,1320.0527
MOVE,0,1.0,0.03529412,301685410,270.44043,1288.6494
MOVE,0,1.0,0.03137255,301685418,250.16406,1254.4004
MOVE,0,1.0,0.037254903,301685426,228.81738,1218.4268
MOVE,0,1.0,0.03137255,301685435,207.45996,1179.042
MOVE,0,1.0,0.03137255,301685443,186.36328,1140.1885
MOVE,0,1.0,0.025490198,301685451,164.22559,1100.21
MOVE,0,1.0,0.027450982,301685460,144.42676,1061.3506
MOVE,0,1.0,0.01764706,301685468,133.0039,1027.5928
MOVE,0,1.0,0.01764706,301685468,132.89062,1027.2559
UP,0,1.0,0.01764706,301685476,132.89062,1027.2559
DOWN,0,1.0,0.027450982,301685685,249.4336,1341.4648
MOVE,0,1.0,0.023529414,301685701,249.20508,1340.4736
MOVE,0,1.0,0.025490198,301685706,248.90625,1339.1797
MOVE,0,1.0,0.027450982,301685714,247.71973,1335.1807
MOVE,0,1.0,0.025490198,301685723,245.2959,1327.2979
MOVE,0,1.0,0.027450982,301685732,238.02148,1305.6416
MOVE,0,1.0,0.03137255,301685743,222.14355,1256.7539
MOVE,0,1.0,0.03137255,301685752,208.69922,1212.2275
MOVE,0,1.0,0.03137255,301685760,195.25195,1165.4053
MOVE,0,1.0,0.03137255,301685768,183.10938,1121.3877
MOVE,0,1.0,0.04117647,301685777,169.93652,1080.791
MOVE,0,1.0,0.03137255,301685785,157.01367,1043.0576
MOVE,0,1.0,0.037254903,301685793,144.61621,1008.7461
MOVE,0,1.0,0.033333335,301685802,130.91797,976.73145
MOVE,0,1.0,0.023529414,301685810,120.600586,949.2637
MOVE,0,1.0,0.013725491,301685818,117.365234,932.02246
MOVE,0,1.0,0.013725491,301685818,117.333984,931.8506
UP,0,1.0,0.013725491,301685827,117.333984,931.8506
DOWN,0,1.0,0.03137255,301685994,259.18945,1264.9121
MOVE,0,1.0,0.027450982,301686002,259.18945,1264.9121
MOVE,0,1.0,0.025490198,301686026,258.23926,1262.8545
MOVE,0,1.0,0.025490198,301686031,257.4756,1261.1992
MOVE,0,1.0,0.037254903,301686040,254.45898,1254.3623
MOVE,0,1.0,0.037254903,301686050,246.60938,1237.085
MOVE,0,1.0,0.03137255,301686060,236.3291,1213.6787
MOVE,0,1.0,0.025490198,301686069,229.20215,1195.9629
MOVE,0,1.0,0.03137255,301686077,222.60547,1178.2529
MOVE,0,1.0,0.03137255,301686085,216.09668,1162.4434
MOVE,0,1.0,0.04117647,301686093,210.79102,1150.9092
MOVE,0,1.0,0.04117647,301686100,206.66016,1142.7529
MOVE,0,1.0,0.04117647,301686107,202.95117,1135.6953
MOVE,0,1.0,0.04117647,301686115,199.73145,1129.2314
MOVE,0,1.0,0.04117647,301686123,197.22656,1123.8037
MOVE,0,1.0,0.04117647,301686132,194.98535,1119.8047
MOVE,0,1.0,0.04117647,301686140,193.00781,1116.9482
MOVE,0,1.0,0.04117647,301686148,191.82129,1114.9492
MOVE,0,1.0,0.04117647,301686156,191.16211,1113.8066
MOVE,0,1.0,0.04117647,301686165,190.89844,1112.9492
MOVE,0,1.0,0.04117647,301686169,190.89844,1112.3779
MOVE,0,1.0,0.04117647,301686193,190.17773,1112.3779
MOVE,0,1.0,0.04117647,301686194,190.10742,1112.3779
MOVE,0,1.0,0.03529412,301686227,190.10742,1112.3779
MOVE,0,1.0,0.04117647,301686244,189.84375,1112.3779
MOVE,0,1.0,0.03529412,301686335,189.84375,1112.3779
MOVE,0,1.0,0.03529412,301686340,189.84375,1112.3779
MOVE,0,1.0,0.03529412,301686348,189.84375,1112.3779
MOVE,0,1.0,0.025490198,301686357,189.18457,1111.8066
MOVE,0,1.0,0.025490198,301686365,188.39355,1110.6641
MOVE,0,1.0,0.023529414,301686373,187.60254,1109.2363
MOVE,0,1.0,0.01764706,301686378,187.20703,1108.3789
UP,0,1.0,0.01764706,301686385,187.20703,1108.3789
DOWN,0,1.0,0.037254903,301687964,238.0957,1098.667
MOVE,0,1.0,0.037254903,301688013,245.17773,1132.1787
MOVE,0,1.0,0.04117647,301688021,252.2627,1166.3076
MOVE,0,1.0,0.04117647,301688029,261.9922,1206.2412
MOVE,0,1.0,0.04509804,301688038,274.88086,1250.1904
MOVE,0,1.0,0.03529412,301688046,286.49512,1291.917
MOVE,0,1.0,0.04117647,301688054,296.0088,1327.3994
MOVE,0,1.0,0.037254903,301688063,303.93457,1357.7295
MOVE,0,1.0,0.03137255,301688071,309.23438,1380.6553
MOVE,0,1.0,0.037254903,301688079,312.09766,1395.8291
MOVE,0,1.0,0.037254903,301688087,313.95605,1405.4102
MOVE,0,1.0,0.03137255,301688093,315.41113,1412.3369
MOVE,0,1.0,0.037254903,301688100,316.67285,1419.75
MOVE,0,1.0,0.037254903,301688109,317.59277,1426.3018
MOVE,0,1.0,0.037254903,301688117,318.25195,1430.5859
MOVE,0,1.0,0.037254903,301688125,318.91113,1433.4424
MOVE,0,1.0,0.037254903,301688134,319.43848,1434.8711
MOVE,0,1.0,0.037254903,301688142,319.43848,1434.2998
MOVE,0,1.0,0.037254903,301688150,318.91113,1430.3008
MOVE,0,1.0,0.037254903,301688159,316.8203,1418.8086
MOVE,0,1.0,0.03137255,301688170,309.60742,1390.8467
MOVE,0,1.0,0.04117647,301688180,298.31836,1352.6738
MOVE,0,1.0,0.03137255,301688188,283.59473,1312.7295
MOVE,0,1.0,0.03529412,301688196,269.09082,1271.042
MOVE,0,1.0,0.03137255,301688205,257.45996,1234.9941
MOVE,0,1.0,0.04117647,301688213,246.37988,1198.4365
MOVE,0,1.0,0.037254903,301688221,234.00098,1160.7432
MOVE,0,1.0,0.037254903,301688230,220.30273,1120.7764
MOVE,0,1.0,0.037254903,301688238,205.28711,1080.2197
MOVE,0,1.0,0.027450982,301688246,188.43066,1040.2246
MOVE,0,1.0,0.037254903,301688255,170.51172,1004.7588
MOVE,0,1.0,0.025490198,301688263,156.23633,974.4287
MOVE,0,1.0,0.0058823535,301688271,150.6123,950.9375
MOVE,0,1.0,0.0058823535,301688271,150.55664,950.7031
UP,0,1.0,0.0058823535,301688279,150.55664,950.7031
DOWN,0,1.0,0.03137255,301688405,234.66797,1126.0889
MOVE,0,1.0,0.04117647,301688420,234.89648,1126.585
MOVE,0,1.0,0.04117647,301688426,235.06348,1127.2314
MOVE,0,1.0,0.037254903,301688434,235.59082,1128.9453
MOVE,0,1.0,0.037254903,301688442,236.38184,1132.0879
MOVE,0,1.0,0.037254903,301688451,238.41504,1139.1133
MOVE,0,1.0,0.037254903,301688461,242.96777,1155.3701
MOVE,0,1.0,0.03529412,301688472,250.42773,1180.7324
MOVE,0,1.0,0.04117647,301688480,257.2754,1201.8594
MOVE,0,1.0,0.04117647,301688488,264.3916,1222.4307
MOVE,0,1.0,0.03529412,301688497,271.77148,1241.3008
MOVE,0,1.0,0.04117647,301688505,277.36914,1255.0879
MOVE,0,1.0,0.037254903,301688512,280.11426,1263.791
MOVE,0,1.0,0.037254903,301688518,282.0293,1269.6855
MOVE,0,1.0,0.037254903,301688526,283.1836,1273.4814
MOVE,0,1.0,0.037254903,301688534,283.44727,1275.1953
MOVE,0,1.0,0.037254903,301688543,283.1836,1274.9102
MOVE,0,1.0,0.037254903,301688551,281.86523,1271.4824
MOVE,0,1.0,0.03137255,301688560,278.4502,1261.8799
MOVE,0,1.0,0.033333335,301688570,270.25684,1238.956
MOVE,0,1.0,0.03137255,301688580,258.24023,1206.9209
MOVE,0,1.0,0.023529414,301688588,248.7373,1180.624
MOVE,0,1.0,0.023529414,301688597,242.63867,1157.7383
MOVE,0,1.0,0.003921569,301688597,242.57812,1157.5098
UP,0,1.0,0.003921569,301688605,242.57812,1157.5098
DOWN,0,1.0,0.03137255,301688789,309.81445,1338.6084
MOVE,0,1.0,0.025490198,301688813,308.63574,1336.0547
MOVE,0,1.0,0.03137255,301688818,307.57324,1333.1816
MOVE,0,1.0,0.037254903,301688826,304.9336,1326.3193
MOVE,0,1.0,0.04117647,301688836,297.6211,1307.4053
MOVE,0,1.0,0.03529412,301688847,280.6836,1262.4209
MOVE,0,1.0,0.03137255,301688855,265.9287,1222.4658
MOVE,0,1.0,0.037254903,301688864,249.33594,1180.2129
MOVE,0,1.0,0.037254903,301688872,232.72461,1139.6338
MOVE,0,1.0,0.037254903,301688881,215.5918,1100.2041
MOVE,0,1.0,0.04117647,301688889,197.66992,1060.7852
MOVE,0,1.0,0.037254903,301688897,178.69531,1024.1934
MOVE,0,1.0,0.03137255,301688905,161.7998,990.459
MOVE,0,1.0,0.023529414,301688913,154.84375,966.9336
MOVE,0,1.0,0.023529414,301688913,154.77539,966.6992
UP,0,1.0,0.023529414,301688922,154.77539,966.6992
DOWN,0,1.0,0.025490198,301689048,253.65234,1165.5078
MOVE,0,1.0,0.03137255,301689080,254.37305,1166.5752
MOVE,0,1.0,0.03529412,301689085,254.44336,1167.2217
MOVE,0,1.0,0.03137255,301689093,254.44336,1167.793
MOVE,0,1.0,0.03137255,301689101,254.44336,1167.793
MOVE,0,1.0,0.04117647,301689110,248.85352,1160.0996
MOVE,0,1.0,0.037254903,301689120,237.9082,1143.2227
MOVE,0,1.0,0.03137255,301689131,222.92188,1116.0283
MOVE,0,1.0,0.04117647,301689139,212.36133,1092.6172
MOVE,0,1.0,0.04117647,301689147,203.90234,1073.7188
MOVE,0,1.0,0.04705883,301689156,197.06152,1057.2002
MOVE,0,1.0,0.04117647,301689164,189.52539,1040.8477
MOVE,0,1.0,0.037254903,301689172,183.42676,1027.6338
MOVE,0,1.0,0.037254903,301689179,177.37695,1016.7783
MOVE,0,1.0,0.04117647,301689187,170.16309,1004.31055
MOVE,0,1.0,0.037254903,301689196,161.78418,991.3867
MOVE,0,1.0,0.03137255,301689204,151.53613,977.50977
MOVE,0,1.0,0.027450982,301689213,135.80273,958.60547
MOVE,0,1.0,0.025490198,301689222,116.978516,936.05566
MOVE,0,1.0,0.0058823535,301689223,116.80664,935.8496
UP,0,1.0,0.0058823535,301689231,116.80664,935.8496
DOWN,0,1.0,0.03137255,301689515,283.44727,1176.9336
MOVE,0,1.0,0.04117647,301689530,283.9043,1177.9248
MOVE,0,1.0,0.04117647,301689535,284.23828,1179.2188
MOVE,0,1.0,0.037254903,301689544,285.16113,1182.9326
MOVE,0,1.0,0.03529412,301689552,286.875,1189.502
MOVE,0,1.0,0.04117647,301689561,291.37695,1205.5928
MOVE,0,1.0,0.037254903,301689573,303.9082,1244.0312
MOVE,0,1.0,0.050980397,301689581,316.54297,1279.9775
MOVE,0,1.0,0.03529412,301689590,329.46094,1317.0996
MOVE,0,1.0,0.04705883,301689598,340.5537,1351.9707
MOVE,0,1.0,0.037254903,301689606,350.06152,1383.4258
MOVE,0,1.0,0.04117647,301689615,357.2041,1410.3223
MOVE,0,1.0,0.03137255,301689623,362.23535,1430.9512
MOVE,0,1.0,0.025490198,301689631,366.1172,1446.1025
MOVE,0,1.0,0.0058823535,301689631,366.24023,1446.582
UP,0,1.0,0.0058823535,301689639,366.24023,1446.582
DOWN,0,1.0,0.03529412,301689815,259.45312,1063.8184
MOVE,0,1.0,0.04509804,301689830,260.13965,1064.8096
MOVE,0,1.0,0.04117647,301689836,261.167,1067.2461
MOVE,0,1.0,0.04117647,301689844,263.80664,1073.8223
MOVE,0,1.0,0.03137255,301689853,268.37402,1085.5928
MOVE,0,1.0,0.037254903,301689864,281.2002,1119.5557
MOVE,0,1.0,0.04117647,301689873,302.76367,1179.8125
MOVE,0,1.0,0.04117647,301689882,321.4922,1236.919
MOVE,0,1.0,0.037254903,301689890,336.29785,1291.2197
MOVE,0,1.0,0.037254903,301689898,347.40918,1335.8779
MOVE,0,1.0,0.03137255,301689906,355.3506,1373.6514
MOVE,0,1.0,0.027450982,301689915,361.95605,1404.0039
MOVE,0,1.0,0.015686275,301689923,365.41504,1425.7988
MOVE,0,1.0,0.003921569,301689931,367.5371,1444.1143
MOVE,0,1.0,0.003921569,301689931,367.5586,1444.2969
UP,0,1.0,0.003921569,301689939,367.5586,1444.2969
DOWN,0,1.0,0.04117647,301690032,358.59375,1330.0391
MOVE,0,1.0,0.03137255,301690047,358.59375,1329.544
MOVE,0,1.0,0.03529412,301690053,358.4619,1328.6113
MOVE,0,1.0,0.04117647,301690061,357.80273,1325.7549
MOVE,0,1.0,0.04117647,301690069,356.08887,1320.6133
MOVE,0,1.0,0.05686275,301690079,349.48633,1304.668
MOVE,0,1.0,0.04117647,301690090,328.45117,1259.0107
MOVE,0,1.0,0.050980397,301690098,304.77832,1212.251
MOVE,0,1.0,0.04509804,301690107,279.48145,1159.1836
MOVE,0,1.0,0.04117647,301690115,254.43066,1106.0537
MOVE,0,1.0,0.03529412,301690124,228.07617,1052.3584
MOVE,0,1.0,0.04117647,301690132,199.09863,999.7881
MOVE,0,1.0,0.037254903,301690140,167.48438,951.1885
MOVE,0,1.0,0.025490198,301690149,135.32129,906.02246
MOVE,0,1.0,0.015686275,301690156,118.0332,878.98926
MOVE,0,1.0,0.015686275,301690156,117.86133,878.7207
UP,0,1.0,0.015686275,301690165,117.86133,878.7207
DOWN,0,1.0,0.037254903,301690291,224.91211,1025.542
MOVE,0,1.0,0.03137255,301690306,225.14062,1026.5332
MOVE,0,1.0,0.04117647,301690311,225.83496,1028.3984
MOVE,0,1.0,0.037254903,301690320,227.68066,1032.9688
MOVE,0,1.0,0.03137255,301690328,230.58398,1040.1162
MOVE,0,1.0,0.03529412,301690337,237.73145,1058.6729
MOVE,0,1.0,0.04117647,301690349,256.39746,1104.5742
MOVE,0,1.0,0.037254903,301690357,275.34766,1147.3691
MOVE,0,1.0,0.037254903,301690366,295.89746,1190.7812
MOVE,0,1.0,0.037254903,301690374,314.11523,1231.3721
MOVE,0,1.0,0.03529412,301690382,329.43652,1267.9746
MOVE,0,1.0,0.04117647,301690391,341.3369,1301.1436
MOVE,0,1.0,0.037254903,301690399,350.06934,1326.3604
MOVE,0,1.0,0.04117647,301690407,355.1162,1345.2754
MOVE,0,1.0,0.037254903,301690415,358.93164,1359.0625
MOVE,0,1.0,0.03137255,301690422,362.7295,1369.4033
MOVE,0,1.0,0.03137255,301690430,366.7871,1378.2578
MOVE,0,1.0,0.025490198,301690437,370.68066,1385.2441
MOVE,0,1.0,0.01764706,301690441,372.56836,1388.3105
UP,0,1.0,0.01764706,301690449,372.56836,1388.3105
MOVE,0,1.0,0.037254903,301690774,281.1953,1170.2842
MOVE,0,1.0,0.03137255,301690783,293.8672,1205.7148
MOVE,0,1.0,0.037254903,301690791,303.9131,1234.3486
MOVE,0,1.0,0.037254903,301690799,310.54004,1255.5605
MOVE,0,1.0,0.037254903,301690807,314.3711,1269.3701
MOVE,0,1.0,0.037254903,301690815,316.8711,1279.1553
MOVE,0,1.0,0.037254903,301690822,319.47754,1287.3047
MOVE,0,1.0,0.025490198,301690829,322.32324,1295.5254
MOVE,0,1.0,0.01764706,301690837,325.04102,1303.0752
MOVE,0,1.0,0.01764706,301690841,326.1621,1306.0449
UP,0,1.0,0.01764706,301690849,326.1621,1306.0449
MOVE,0,1.0,0.04117647,301691039,349.41797,1292.2148
MOVE,0,1.0,0.03529412,301691047,354.18262,1304.2119
MOVE,0,1.0,0.037254903,301691055,357.3506,1313.8135
MOVE,0,1.0,0.04117647,301691062,359.3047,1321.4268
MOVE,0,1.0,0.04117647,301691071,361.10254,1328.9121
MOVE,0,1.0,0.04117647,301691079,362.68066,1335.1807
MOVE,0,1.0,0.04117647,301691087,363.99902,1340.3223
MOVE,0,1.0,0.04117647,301691096,365.31738,1344.6074
MOVE,0,1.0,0.04117647,301691104,366.63574,1348.6064
MOVE,0,1.0,0.04117647,301691112,367.82227,1352.8906
MOVE,0,1.0,0.04117647,301691121,368.74512,1357.1758
MOVE,0,1.0,0.04117647,301691129,369.53613,1360.8887
MOVE,0,1.0,0.04509804,301691137,370.45898,1364.3164
MOVE,0,1.0,0.04509804,301691146,371.38184,1367.1729
MOVE,0,1.0,0.04509804,301691154,372.17285,1368.8867
MOVE,0,1.0,0.04509804,301691162,372.7002,1369.7441
MOVE,0,1.0,0.04117647,301691171,372.83203,1370.0293
MOVE,0,1.0,0.04117647,301691179,372.83203,1370.0293
MOVE,0,1.0,0.04509804,301691183,372.83203,1369.458
MOVE,0,1.0,0.04509804,301691207,372.33984,1368.9629
MOVE,0,1.0,0.04117647,301691213,371.90918,1368.6016
MOVE,0,1.0,0.03137255,301691221,371.38184,1368.3154
MOVE,0,1.0,0.023529414,301691225,371.25,1368.3154
UP,0,1.0,0.023529414,301691233,371.25,1368.3154
MOVE,0,1.0,0.04509804,301691592,301.0293,1188.8223
MOVE,0,1.0,0.04509804,301691600,281.79395,1140.2852
MOVE,0,1.0,0.04509804,301691609,261.50195,1090.5947
MOVE,0,1.0,0.037254903,301691617,241.72168,1046.5488
MOVE,0,1.0,0.04117647,301691625,221.42383,1007.084
MOVE,0,1.0,0.04509804,301691634,200.33789,972.18945
MOVE,0,1.0,0.037254903,301691642,178.2002,939.0371
MOVE,0,1.0,0.013725491,301691650,162.57715,917.21387
MOVE,0,1.0,0.013725491,301691650,162.42188,916.9971
UP,0,1.0,0.013725491,301691658,162.42188,916.9971
DOWN,0,1.0,0.037254903,301691776,231.24023,990.1221
MOVE,0,1.0,0.050980397,301691800,233.82617,994.8096
MOVE,0,1.0,0.04509804,301691805,235.98633,998.6914
MOVE,0,1.0,0.050980397,301691813,240.4668,1007.52734
MOVE,0,1.0,0.050980397,301691823,251.88965,1032.0059
MOVE,0,1.0,0.04117647,301691834,277.42773,1086.207
MOVE,0,1.0,0.04509804,301691842,301.6621,1139.834
MOVE,0,1.0,0.050980397,301691851,325.39746,1195.2324
MOVE,0,1.0,0.04509804,301691859,344.95117,1244.9912
MOVE,0,1.0,0.03137255,301691867,359.76465,1287.9062
MOVE,0,1.0,0.037254903,301691876,369.83105,1322.2695
MOVE,0,1.0,0.04117647,301691884,377.24023,1348.0635
MOVE,0,1.0,0.03137255,301691892,380.18555,1365.2881
MOVE,0,1.0,0.01764706,301691892,380.21484,1365.459
UP,0,1.0,0.01764706,301691900,380.21484,1365.459
DOWN,0,1.0,0.025490198,301692018,302.95898,1118.0908
MOVE,0,1.0,0.03137255,301692033,302.95898,1118.0908
MOVE,0,1.0,0.03137255,301692038,302.95898,1118.0908
MOVE,0,1.0,0.03137255,301692047,302.95898,1118.0908
MOVE,0,1.0,0.04509804,301692055,304.01367,1120.6621
MOVE,0,1.0,0.04117647,301692064,306.40137,1128.291
MOVE,0,1.0,0.04509804,301692074,312.71875,1151.5264
MOVE,0,1.0,0.04117647,301692084,322.91113,1186.9199
MOVE,0,1.0,0.05686275,301692093,332.917,1220.5859
MOVE,0,1.0,0.04509804,301692101,342.67578,1253.1611
MOVE,0,1.0,0.04117647,301692109,352.69238,1285.1582
MOVE,0,1.0,0.03529412,301692118,362.7119,1314.3232
MOVE,0,1.0,0.04117647,301692126,372.20996,1339.5
MOVE,0,1.0,0.04117647,301692134,379.0918,1357.8496
MOVE,0,1.0,0.03137255,301692142,383.8877,1370.9717
MOVE,0,1.0,0.03137255,301692149,386.89355,1378.4883
MOVE,0,1.0,0.01764706,301692151,387.86133,1380.8838
UP,0,1.0,0.01764706,301692159,387.86133,1380.8838
DOWN,0,1.0,0.03137255,301692268,317.46094,1141.5137
MOVE,0,1.0,0.04509804,301692276,317.46094,1141.5137
MOVE,0,1.0,0.04117647,301692300,318.70898,1142.5049
MOVE,0,1.0,0.04509804,301692305,319.30664,1144.3701
MOVE,0,1.0,0.050980397,301692314,321.19824,1151.1104
MOVE,0,1.0,0.04509804,301692324,325.6748,1169.6816
MOVE,0,1.0,0.050980397,301692335,334.7871,1202.3789
MOVE,0,1.0,0.04509804,301692343,344.26074,1234.3135
MOVE,0,1.0,0.04509804,301692351,353.75293,1265.1748
MOVE,0,1.0,0.04509804,301692360,362.4619,1294.3281
MOVE,0,1.0,0.037254903,301692368,369.0752,1320.6357
MOVE,0,1.0,0.04117647,301692376,374.62207,1340.1279
MOVE,0,1.0,0.04117647,301692384,378.02734,1355.9551
MOVE,0,1.0,0.04117647,301692392,380.1953,1366.8809
MOVE,0,1.0,0.04117647,301692398,382.05078,1374.3701
MOVE,0,1.0,0.04117647,301692406,383.96387,1381.6748
MOVE,0,1.0,0.037254903,301692414,385.62012,1389.4531
MOVE,0,1.0,0.04117647,301692422,386.80664,1396.5947
MOVE,0,1.0,0.04117647,301692431,387.99316,1402.5928
MOVE,0,1.0,0.04509804,301692439,389.31152,1407.7344
MOVE,0,1.0,0.04509804,301692447,390.3662,1411.7334
MOVE,0,1.0,0.04509804,301692456,391.55273,1414.5898
MOVE,0,1.0,0.04509804,301692464,392.60742,1416.875
MOVE,0,1.0,0.04509804,301692472,393.39844,1418.875
MOVE,0,1.0,0.04509804,301692481,394.18945,1420.5889
MOVE,0,1.0,0.04509804,301692489,394.84863,1422.3027
MOVE,0,1.0,0.050980397,301692497,395.77148,1424.0166
MOVE,0,1.0,0.050980397,301692506,396.82617,1426.3018
MOVE,0,1.0,0.050980397,301692514,397.74902,1428.8721
MOVE,0,1.0,0.050980397,301692522,398.8037,1431.7285
MOVE,0,1.0,0.050980397,301692531,400.51758,1435.1562
MOVE,0,1.0,0.04705883,301692539,402.62695,1438.584
MOVE,0,1.0,0.01764706,301692547,404.6045,1441.7266
MOVE,0,1.0,0.01764706,301692551,405.52734,1443.1543
UP,0,1.0,0.01764706,301692559,405.52734,1443.1543
MOVE,0,1.0,0.04117647,301693102,329.15234,1191.3926
MOVE,0,1.0,0.04117647,301693110,347.3379,1237.5986
MOVE,0,1.0,0.04117647,301693119,364.4873,1285.5703
MOVE,0,1.0,0.04117647,301693127,377.1875,1329.5996
MOVE,0,1.0,0.04117647,301693135,387.2334,1369.0635
MOVE,0,1.0,0.037254903,301693144,394.1211,1402.2617
MOVE,0,1.0,0.03137255,301693152,397.583,1429.1748
MOVE,0,1.0,0.013725491,301693160,399.1836,1449.8037
MOVE,0,1.0,0.013725491,301693160,399.19922,1450.0098
UP,0,1.0,0.013725491,301693168,399.19922,1450.0098
DOWN,0,1.0,0.04509804,301693336,334.33594,1183.7891
MOVE,0,1.0,0.04117647,301693351,333.6494,1182.3027
MOVE,0,1.0,0.04117647,301693357,332.7539,1179.79
MOVE,0,1.0,0.04117647,301693365,329.68066,1172.8506
MOVE,0,1.0,0.04509804,301693374,323.28418,1159.6221
MOVE,0,1.0,0.04117647,301693385,302.13867,1120.5371
MOVE,0,1.0,0.03137255,301693394,262.46387,1055.2891
MOVE,0,1.0,0.03137255,301693402,217.45312,991.333
MOVE,0,1.0,0.01764706,301693410,138.6914,890.0205
MOVE,0,1.0,0.01764706,301693410,137.90039,889.0039
UP,0,1.0,0.01764706,301693419,137.90039,889.0039
DOWN,0,1.0,0.037254903,301693553,143.96484,891.86035
MOVE,0,1.0,0.04117647,301693568,144.42188,892.85156
MOVE,0,1.0,0.04117647,301693573,145.81055,894.7168
MOVE,0,1.0,0.04117647,301693582,149.37012,900.14453
MOVE,0,1.0,0.04117647,301693591,155.24414,910.46875
MOVE,0,1.0,0.03529412,301693601,172.52148,941.5596
MOVE,0,1.0,0.04117647,301693611,209.55078,1009.50586
MOVE,0,1.0,0.037254903,301693619,249.82129,1083.0762
MOVE,0,1.0,0.037254903,301693627,291.20703,1163.5596
MOVE,0,1.0,0.04117647,301693636,323.98926,1237.3242
MOVE,0,1.0,0.03137255,301693644,345.72168,1299.709
MOVE,0,1.0,0.037254903,301693653,358.98926,1349.5371
MOVE,0,1.0,0.03137255,301693661,366.4297,1387.9277
MOVE,0,1.0,0.023529414,301693669,368.33105,1410.3682
MOVE,0,1.0,0.023529414,301693669,368.3496,1410.5908
UP,0,1.0,0.023529414,301693677,368.3496,1410.5908
DOWN,0,1.0,0.04117647,301693845,277.11914,1032.3975
MOVE,0,1.0,0.04117647,301693860,278.03418,1033.8848
MOVE,0,1.0,0.04117647,301693865,279.75586,1036.3965
MOVE,0,1.0,0.04509804,301693874,284.2041,1043.708
MOVE,0,1.0,0.04509804,301693883,291.74805,1057.4951
MOVE,0,1.0,0.04117647,301693894,311.15918,1098.7246
MOVE,0,1.0,0.04117647,301693903,341.95898,1172.2432
MOVE,0,1.0,0.04117647,301693911,369.91602,1249.2871
MOVE,0,1.0,0.04117647,301693920,393.68848,1326.4111
MOVE,0,1.0,0.037254903,301693928,411.1543,1391.6582
MOVE,0,1.0,0.0058823535,301693936,426.7295,1457.3506
MOVE,0,1.0,0.0058823535,301693936,426.88477,1458.0078
UP,0,1.0,0.0058823535,301693944,426.88477,1458.0078
DOWN,0,1.0,0.03529412,301694145,299.0039,1111.8066
MOVE,0,1.0,0.04509804,301694169,300.14746,1113.294
MOVE,0,1.0,0.050980397,301694174,301.64062,1115.8057
MOVE,0,1.0,0.050980397,301694182,305.0713,1122.3818
MOVE,0,1.0,0.050980397,301694191,310.22852,1134.5928
MOVE,0,1.0,0.04509804,301694202,323.0,1171.9805
MOVE,0,1.0,0.04117647,301694212,344.16016,1239.7188
MOVE,0,1.0,0.04509804,301694220,363.41113,1308.7812
MOVE,0,1.0,0.04509804,301694228,380.04883,1375.0791
MOVE,0,1.0,0.04117647,301694237,392.4834,1429.4717
MOVE,0,1.0,0.01764706,301694244,404.09277,1488.835
MOVE,0,1.0,0.01764706,301694244,404.20898,1489.4287
UP,0,1.0,0.01764706,301694253,404.20898,1489.4287
DOWN,0,1.0,0.04117647,301694546,843.22266,1176.3623
MOVE,0,1.0,0.04117647,301694561,843.22266,1174.3799
MOVE,0,1.0,0.04509804,301694566,843.0908,1171.2207
MOVE,0,1.0,0.04117647,301694575,842.81836,1162.5645
MOVE,0,1.0,0.04509804,301694585,842.8828,1146.1084
MOVE,0,1.0,0.04509804,301694595,844.46484,1101.8174
MOVE,0,1.0,0.04117647,301694604,850.5449,1031.9404
MOVE,0,1.0,0.04117647,301694612,861.0469,954.3369
MOVE,0,1.0,0.050980397,301694620,878.38086,869.28906
MOVE,0,1.0,0.04509804,301694629,901.7871,785.8633
MOVE,0,1.0,0.050980397,301694637,930.9961,702.4551
MOVE,0,1.0,0.04509804,301694645,964.1797,620.17773
MOVE,0,1.0,0.04117647,301694654,996.8799,544.6992
MOVE,0,1.0,0.025490198,301694662,1023.5713,477.77246
MOVE,0,1.0,0.01764706,301694670,1037.6729,427.33398
MOVE,0,1.0,0.01764706,301694670,1037.8125,426.83105
UP,0,1.0,0.01764706,301694678,1037.8125,426.83105
DOWN,0,1.0,0.04117647,301694846,908.3496,740.46875
MOVE,0,1.0,0.04509804,301694861,907.8926,741.45996
MOVE,0,1.0,0.04117647,301694866,907.6904,743.3252
MOVE,0,1.0,0.04117647,301694875,907.03125,748.7529
MOVE,0,1.0,0.04509804,301694883,905.6719,757.874
MOVE,0,1.0,0.03529412,301694893,901.9678,783.55273
MOVE,0,1.0,0.050980397,301694904,893.39453,842.792
MOVE,0,1.0,0.050980397,301694912,886.0117,900.98926
MOVE,0,1.0,0.037254903,301694921,879.4121,962.6543
MOVE,0,1.0,0.04509804,301694929,873.86426,1020.95996
MOVE,0,1.0,0.037254903,301694937,870.9375,1076.9697
MOVE,0,1.0,0.037254903,301694946,869.6035,1129.5625
MOVE,0,1.0,0.04117647,301694954,869.8506,1180.4238
MOVE,0,1.0,0.03137255,301694962,872.2031,1225.6133
MOVE,0,1.0,0.01764706,301694970,872.22656,1251.5156
MOVE,0,1.0,0.01764706,301694970,872.22656,1251.7725
UP,0,1.0,0.01764706,301694979,872.22656,1251.7725
DOWN,0,1.0,0.037254903,301695121,176.92383,999.834
MOVE,0,1.0,0.03137255,301695145,178.33105,1003.9502
MOVE,0,1.0,0.03529412,301695150,179.29688,1007.83203
MOVE,0,1.0,0.04117647,301695159,181.3164,1016.28613
MOVE,0,1.0,0.04117647,301695168,186.7334,1037.9424
MOVE,0,1.0,0.04509804,301695179,198.44727,1085.1328
MOVE,0,1.0,0.03137255,301695188,209.76953,1127.3799
MOVE,0,1.0,0.04117647,301695196,221.10742,1168.5244
MOVE,0,1.0,0.037254903,301695204,231.40137,1206.2637
MOVE,0,1.0,0.03137255,301695213,241.42285,1242.2725
MOVE,0,1.0,0.037254903,301695221,251.44238,1277.6973
MOVE,0,1.0,0.025490198,301695229,261.98438,1311.9863
MOVE,0,1.0,0.03529412,301695238,271.4873,1344.5674
MOVE,0,1.0,0.03137255,301695246,279.15234,1372.04
MOVE,0,1.0,0.03137255,301695254,285.23242,1394.3721
MOVE,0,1.0,0.03137255,301695263,288.16406,1411.5625
MOVE,0,1.0,0.03137255,301695271,288.95996,1426.6787
MOVE,0,1.0,0.025490198,301695278,290.1338,1438.6172
MOVE,0,1.0,0.025490198,301695286,291.71094,1449.8887
MOVE,0,1.0,0.027450982,301695294,293.0664,1459.626
MOVE,0,1.0,0.023529414,301695301,293.9043,1466.998
MOVE,0,1.0,0.0058823535,301695304,294.2578,1470.5762
UP,0,1.0,0.0058823535,301695312,294.2578,1470.5762
DOWN,0,1.0,0.03529412,301695455,267.89062,1218.0664
MOVE,0,1.0,0.04117647,301695479,266.94043,1214.5215
MOVE,0,1.0,0.04117647,301695484,266.17676,1210.3545
MOVE,0,1.0,0.04117647,301695492,264.13086,1201.2324
MOVE,0,1.0,0.037254903,301695502,256.97168,1177.1543
MOVE,0,1.0,0.04117647,301695513,240.08691,1124.8203
MOVE,0,1.0,0.04509804,301695521,223.75684,1079.1289
MOVE,0,1.0,0.04509804,301695530,206.62695,1036.2539
MOVE,0,1.0,0.04117647,301695538,190.00977,999.6279
MOVE,0,1.0,0.037254903,301695546,172.35449,969.85254
MOVE,0,1.0,0.04117647,301695555,155.47168,944.6699
MOVE,0,1.0,0.04117647,301695563,139.64062,922.3613
MOVE,0,1.0,0.037254903,301695571,123.03711,904.04004
MOVE,0,1.0,0.037254903,301695580,107.16797,889.35547
MOVE,0,1.0,0.037254903,301695587,92.96094,875.33887
MOVE,0,1.0,0.027450982,301695595,81.81836,862.4043
MOVE,0,1.0,0.013725491,301695596,80.15625,860.43945
UP,0,1.0,0.013725491,301695604,80.15625,860.43945
DOWN,0,1.0,0.037254903,301697984,223.85742,1020.9717
MOVE,0,1.0,0.03137255,301698007,223.85742,1024.0967
MOVE,0,1.0,0.037254903,301698012,223.98926,1026.3994
MOVE,0,1.0,0.037254903,301698020,224.78027,1032.3975
MOVE,0,1.0,0.03137255,301698030,229.21484,1049.5547
MOVE,0,1.0,0.04117647,301698041,245.07812,1095.9932
MOVE,0,1.0,0.04117647,301698050,262.96484,1141.0625
MOVE,0,1.0,0.04117647,301698058,282.9834,1188.457
MOVE,0,1.0,0.037254903,301698066,300.67285,1233.0459
MOVE,0,1.0,0.037254903,301698074,315.46777,1271.9502
MOVE,0,1.0,0.025490198,301698083,326.05664,1305.1426
MOVE,0,1.0,0.03529412,301698091,332.94922,1330.3594
MOVE,0,1.0,0.03529412,301698099,336.41113,1348.709
MOVE,0,1.0,0.03529412,301698108,338.41797,1361.1816
MOVE,0,1.0,0.03529412,301698114,340.28613,1369.5332
MOVE,0,1.0,0.025490198,301698121,342.45117,1376.9355
MOVE,0,1.0,0.03137255,301698129,344.75098,1383.7402
MOVE,0,1.0,0.037254903,301698137,346.72852,1389.7393
MOVE,0,1.0,0.037254903,301698146,347.91504,1393.4521
MOVE,0,1.0,0.037254903,301698154,348.44238,1394.8809
MOVE,0,1.0,0.037254903,301698162,348.57422,1394.3096
MOVE,0,1.0,0.03137255,301698170,348.04688,1389.7393
MOVE,0,1.0,0.04117647,301698180,345.05762,1373.5781
MOVE,0,1.0,0.03529412,301698192,333.6455,1330.9648
MOVE,0,1.0,0.037254903,301698200,317.0996,1285.9297
MOVE,0,1.0,0.025490198,301698208,296.31152,1235.708
MOVE,0,1.0,0.04117647,301698216,275.48145,1182.6064
MOVE,0,1.0,0.03529412,301698225,257.52344,1132.8701
MOVE,0,1.0,0.037254903,301698233,237.7666,1082.6025
MOVE,0,1.0,0.04117647,301698241,214.0752,1034.0254
MOVE,0,1.0,0.04509804,301698250,186.42969,988.29395
MOVE,0,1.0,0.037254903,301698258,156.13379,944.2881
MOVE,0,1.0,0.04705883,301698266,126.59375,904.2578
MOVE,0,1.0,0.037254903,301698275,101.76172,873.88184
MOVE,0,1.0,0.037254903,301698283,80.1084,848.69336
MOVE,0,1.0,0.01764706,301698291,66.05762,828.08203
MOVE,0,1.0,0.0058823535,301698299,60.958008,808.6465
MOVE,0,1.0,0.0058823535,301698299,60.908203,808.45215
UP,0,1.0,0.0058823535,301698308,60.908203,808.45215
DOWN,0,1.0,0.037254903,301698400,183.7793,944.41895
MOVE,0,1.0,0.04117647,301698415,184.69434,945.90625
MOVE,0,1.0,0.04117647,301698421,185.88867,947.5615
MOVE,0,1.0,0.04117647,301698429,188.52539,951.8457
MOVE,0,1.0,0.04509804,301698437,191.95312,958.7012
MOVE,0,1.0,0.04117647,301698447,198.39453,974.0801
MOVE,0,1.0,0.04117647,301698458,211.3623,1009.8262
MOVE,0,1.0,0.04117647,301698466,222.42871,1040.6582
MOVE,0,1.0,0.037254903,301698475,234.02441,1072.0732
MOVE,0,1.0,0.04117647,301698483,245.10449,1101.2324
MOVE,0,1.0,0.04117647,301698492,256.1787,1129.8027
MOVE,0,1.0,0.04509804,301698500,267.7744,1156.1045
MOVE,0,1.0,0.04705883,301698508,280.15918,1180.6875
MOVE,0,1.0,0.04117647,301698517,290.7246,1201.8594
MOVE,0,1.0,0.04117647,301698525,297.47266,1217.0156
MOVE,0,1.0,0.037254903,301698532,302.1963,1227.7559
MOVE,0,1.0,0.03137255,301698539,305.43555,1236.0068
MOVE,0,1.0,0.03137255,301698546,308.25293,1242.9932
MOVE,0,1.0,0.03137255,301698554,310.60547,1248.6309
MOVE,0,1.0,0.037254903,301698563,312.05566,1252.915
MOVE,0,1.0,0.037254903,301698571,312.45117,1255.4863
MOVE,0,1.0,0.037254903,301698579,312.31934,1256.6289
MOVE,0,1.0,0.037254903,301698588,311.92383,1256.6289
MOVE,0,1.0,0.037254903,301698596,311.39648,1256.0576
MOVE,0,1.0,0.03137255,301698604,311.00098,1255.2002
MOVE,0,1.0,0.03137255,301698613,310.3418,1252.6299
MOVE,0,1.0,0.025490198,301698621,307.8369,1246.917
MOVE,0,1.0,0.015686275,301698625,305.85938,1243.2031
UP,0,1.0,0.015686275,301698633,305.85938,1243.2031
DOWN,0,1.0,0.027450982,301698842,260.77148,1131.2305
MOVE,0,1.0,0.03137255,301698858,260.77148,1131.2305
MOVE,0,1.0,0.03137255,301698863,260.77148,1131.2305
MOVE,0,1.0,0.027450982,301698871,260.5078,1130.374
MOVE,0,1.0,0.03137255,301698880,259.58496,1128.6602
MOVE,0,1.0,0.037254903,301698888,255.83789,1122.5771
MOVE,0,1.0,0.037254903,301698898,243.94922,1104.7227
MOVE,0,1.0,0.03529412,301698909,221.13867,1072.0732
MOVE,0,1.0,0.037254903,301698917,200.33496,1044.1035
MOVE,0,1.0,0.037254903,301698925,180.02734,1017.2412
MOVE,0,1.0,0.037254903,301698934,159.72461,990.3906
MOVE,0,1.0,0.027450982,301698942,139.68262,964.10547
MOVE,0,1.0,0.03137255,301698950,122.25391,938.3916
MOVE,0,1.0,0.027450982,301698959,105.634766,912.11816
MOVE,0,1.0,0.03137255,301698967,89.28418,888.667
MOVE,0,1.0,0.027450982,301698975,72.67578,865.24414
MOVE,0,1.0,0.01764706,301698983,58.935547,844.6494
MOVE,0,1.0,0.01764706,301698983,58.79883,844.44336
UP,0,1.0,0.01764706,301698992,58.79883,844.44336
DOWN,0,1.0,0.04117647,301699101,200.6543,982.6953
MOVE,0,1.0,0.037254903,301699116,200.88281,984.1826
MOVE,0,1.0,0.03137255,301699121,201.57715,986.12305
MOVE,0,1.0,0.037254903,301699130,203.29102,991.26465
MOVE,0,1.0,0.037254903,301699138,205.73242,1000.1006
MOVE,0,1.0,0.025490198,301699148,212.52148,1023.3789
MOVE,0,1.0,0.03137255,301699159,229.77148,1074.2383
MOVE,0,1.0,0.033333335,301699167,248.97754,1122.1816
MOVE,0,1.0,0.037254903,301699176,269.792,1170.7354
MOVE,0,1.0,0.03137255,301699184,288.01172,1213.0732
MOVE,0,1.0,0.03137255,301699192,302.81152,1248.5615
MOVE,0,1.0,0.03137255,301699201,313.4004,1276.6289
MOVE,0,1.0,0.025490198,301699209,320.81445,1299.5322
MOVE,0,1.0,0.025490198,301699217,325.52734,1315.3936
MOVE,0,1.0,0.027450982,301699225,328.13965,1325.1318
MOVE,0,1.0,0.03137255,301699231,329.82617,1332.207
MOVE,0,1.0,0.03137255,301699238,331.4795,1339.0664
MOVE,0,1.0,0.025490198,301699247,332.62207,1344.6074
MOVE,0,1.0,0.025490198,301699255,333.4131,1349.1777
MOVE,0,1.0,0.023529414,301699263,334.07227,1352.3193
MOVE,0,1.0,0.023529414,301699272,334.07227,1353.748
MOVE,0,1.0,0.025490198,301699280,333.8086,1354.0332
MOVE,0,1.0,0.025490198,301699288,333.8086,1354.0332
MOVE,0,1.0,0.025490198,301699292,333.8086,1354.0332
MOVE,0,1.0,0.03137255,301699316,334.33594,1353.5381
MOVE,0,1.0,0.03137255,301699322,333.4131,1352.3193
MOVE,0,1.0,0.027450982,301699330,330.5127,1348.3203
MOVE,0,1.0,0.025490198,301699339,323.74414,1338.0029
MOVE,0,1.0,0.03137255,301699350,310.2959,1315.335
MOVE,0,1.0,0.037254903,301699359,294.6582,1284.0449
MOVE,0,1.0,0.023529414,301699368,280.68652,1252.6582
MOVE,0,1.0,0.03137255,301699376,268.27832,1220.6719
MOVE,0,1.0,0.03137255,301699384,256.9297,1188.6797
MOVE,0,1.0,0.037254903,301699393,246.89746,1156.6875
MOVE,0,1.0,0.04117647,301699401,236.87793,1124.6953
MOVE,0,1.0,0.03137255,301699409,227.37988,1094.9648
MOVE,0,1.0,0.04117647,301699418,217.8877,1066.9551
MOVE,0,1.0,0.04705883,301699426,208.65723,1040.0928
MOVE,0,1.0,0.04117647,301699434,197.0791,1013.8076
MOVE,0,1.0,0.04117647,301699443,183.91113,988.6592
MOVE,0,1.0,0.04117647,301699451,169.94434,964.6543
MOVE,0,1.0,0.037254903,301699459,154.66504,942.9219
MOVE,0,1.0,0.04117647,301699468,140.9375,922.91016
MOVE,0,1.0,0.04117647,301699476,128.8457,906.3799
MOVE,0,1.0,0.04705883,301699483,120.00098,896.4951
MOVE,0,1.0,0.037254903,301699489,114.305664,890.81055
MOVE,0,1.0,0.037254903,301699497,108.63281,885.291
MOVE,0,1.0,0.037254903,301699505,103.62305,881.00586
MOVE,0,1.0,0.037254903,301699514,99.53613,878.7207
MOVE,0,1.0,0.037254903,301699522,97.163086,878.1494
MOVE,0,1.0,0.037254903,301699526,96.50391,878.1494
MOVE,0,1.0,0.037254903,301699567,97.22461,878.1494
MOVE,0,1.0,0.037254903,301699572,98.21777,878.7207
MOVE,0,1.0,0.037254903,301699580,100.98633,880.7207
MOVE,0,1.0,0.037254903,301699589,104.15039,883.291
MOVE,0,1.0,0.037254903,301699597,106.3916,885.291
MOVE,0,1.0,0.037254903,301699605,107.70996,886.4336
MOVE,0,1.0,0.037254903,301699614,108.36914,887.0049
MOVE,0,1.0,0.037254903,301699622,108.896484,887.8613
MOVE,0,1.0,0.037254903,301699630,109.29199,888.71875
MOVE,0,1.0,0.037254903,301699639,109.6875,889.5752
MOVE,0,1.0,0.037254903,301699647,110.21484,891.28906
MOVE,0,1.0,0.037254903,301699655,110.87402,893.28906
MOVE,0,1.0,0.037254903,301699664,111.796875,894.7168
MOVE,0,1.0,0.037254903,301699672,112.71973,895.8594
MOVE,0,1.0,0.037254903,301699681,113.115234,897.2881
MOVE,0,1.0,0.037254903,301699689,113.115234,898.14453
MOVE,0,1.0,0.037254903,301699697,113.115234,898.14453
MOVE,0,1.0,0.013725491,301699701,113.115234,898.14453
UP,0,1.0,0.013725491,301699709,113.115234,898.14453
DOWN,0,1.0,0.015686275,301699935,309.81445,1222.0654
MOVE,0,1.0,0.037254903,301699943,309.81445,1222.0654
MOVE,0,1.0,0.037254903,301699967,310.5703,1221.5703
MOVE,0,1.0,0.037254903,301699972,310.07812,1220.0664
MOVE,0,1.0,0.03137255,301699981,307.3672,1213.6113
MOVE,0,1.0,0.03137255,301699990,298.92383,1195.4258
MOVE,0,1.0,0.04117647,301700001,284.87598,1165.7422
MOVE,0,1.0,0.04117647,301700010,272.7578,1141.1885
MOVE,0,1.0,0.03529412,301700018,260.89062,1119.4502
MOVE,0,1.0,0.037254903,301700027,247.45898,1097.7412
MOVE,0,1.0,0.037254903,301700035,233.75,1079.4258
MOVE,0,1.0,0.037254903,301700043,218.73438,1060.5791
MOVE,0,1.0,0.04705883,301700052,207.2461,1044.7578
MOVE,0,1.0,0.03529412,301700059,198.78027,1033.2236
MOVE,0,1.0,0.04117647,301700066,192.11621,1024.0898
MOVE,0,1.0,0.037254903,301700074,185.86914,1016.1494
MOVE,0,1.0,0.037254903,301700081,181.27441,1010.4033
MOVE,0,1.0,0.037254903,301700089,177.97852,1005.833
MOVE,0,1.0,0.037254903,301700098,175.47363,1002.11914
MOVE,0,1.0,0.04117647,301700106,173.36426,999.2627
MOVE,0,1.0,0.04117647,301700114,171.78223,996.97754
MOVE,0,1.0,0.037254903,301700123,170.33203,994.9785
MOVE,0,1.0,0.037254903,301700131,168.75,993.26465
MOVE,0,1.0,0.037254903,301700139,167.03613,991.5508
MOVE,0,1.0,0.037254903,301700148,165.4541,989.5508
MOVE,0,1.0,0.037254903,301700156,164.0039,987.55176
MOVE,0,1.0,0.037254903,301700164,162.55371,985.8379
MOVE,0,1.0,0.037254903,301700173,161.23535,984.4092
MOVE,0,1.0,0.04117647,301700181,159.91699,983.2666
MOVE,0,1.0,0.04117647,301700189,158.59863,982.41016
MOVE,0,1.0,0.04117647,301700198,157.41211,981.55273
MOVE,0,1.0,0.04117647,301700206,156.88477,980.41016
MOVE,0,1.0,0.037254903,301700214,156.48926,979.5537
MOVE,0,1.0,0.037254903,301700223,155.83008,979.5537
MOVE,0,1.0,0.037254903,301700231,155.1709,979.83887
MOVE,0,1.0,0.025490198,301700235,154.77539,979.83887
MOVE,0,1.0,0.013725491,301700252,154.77539,979.83887
UP,0,1.0,0.013725491,301700260,154.77539,979.83887
DOWN,0,1.0,0.025490198,301701871,285.8203,1189.502
MOVE,0,1.0,0.027450982,301701895,284.4131,1186.9482
MOVE,0,1.0,0.03137255,301701900,282.7881,1184.3604
MOVE,0,1.0,0.025490198,301701908,278.56543,1177.7842
MOVE,0,1.0,0.03137255,301701918,265.58594,1157.7998
MOVE,0,1.0,0.027450982,301701929,232.04492,1108.2129
MOVE,0,1.0,0.037254903,301701937,203.83691,1068.2178
MOVE,0,1.0,0.03137255,301701946,178.75684,1031.6201
MOVE,0,1.0,0.037254903,301701954,158.40625,1000.71387
MOVE,0,1.0,0.027450982,301701962,141.49707,972.6924
MOVE,0,1.0,0.04117647,301701971,126.44922,945.26465
MOVE,0,1.0,0.027450982,301701979,112.98633,920.6709
MOVE,0,1.0,0.04117647,301701988,101.62695,900.06445
MOVE,0,1.0,0.037254903,301701995,94.66992,888.208
MOVE,0,1.0,0.03137255,301702002,90.54883,881.4697
MOVE,0,1.0,0.037254903,301702008,87.00293,875.8506
MOVE,0,1.0,0.037254903,301702017,84.375,871.86523
MOVE,0,1.0,0.037254903,301702021,83.583984,870.72266
MOVE,0,1.0,0.037254903,301702053,84.99121,872.20996
MOVE,0,1.0,0.037254903,301702058,86.87988,874.1504
MOVE,0,1.0,0.04509804,301702067,91.81543,880.51855
MOVE,0,1.0,0.04509804,301702076,102.46289,896.5166
MOVE,0,1.0,0.04117647,301702088,124.7959,930.42773
MOVE,0,1.0,0.04117647,301702096,149.51758,969.7324
MOVE,0,1.0,0.050980397,301702104,179.78516,1015.37305
MOVE,0,1.0,0.037254903,301702113,215.0664,1067.8633
MOVE,0,1.0,0.04117647,301702121,251.96484,1127.209
MOVE,0,1.0,0.037254903,301702129,283.13574,1185.4912
MOVE,0,1.0,0.025490198,301702138,305.37402,1236.9766
MOVE,0,1.0,0.03137255,301702146,317.08105,1278.7773
MOVE,0,1.0,0.025490198,301702154,321.63477,1309.1699
MOVE,0,1.0,0.027450982,301702163,322.4629,1330.3994
MOVE,0,1.0,0.03137255,301702171,323.2168,1343.5498
MOVE,0,1.0,0.03137255,301702177,323.66406,1352.6035
MOVE,0,1.0,0.023529414,301702185,324.10742,1359.6543
MOVE,0,1.0,0.023529414,301702192,324.44824,1364.6025
MOVE,0,1.0,0.023529414,301702200,324.7119,1367.7441
MOVE,0,1.0,0.023529414,301702209,324.9756,1368.6016
MOVE,0,1.0,0.023529414,301702217,325.3711,1366.0303
MOVE,0,1.0,0.03137255,301702226,324.41895,1355.8447
MOVE,0,1.0,0.025490198,301702237,317.68945,1326.6914
MOVE,0,1.0,0.03137255,301702246,304.14062,1283.0225
MOVE,0,1.0,0.025490198,301702254,288.6123,1238.5068
MOVE,0,1.0,0.03137255,301702263,273.57812,1193.3809
MOVE,0,1.0,0.027450982,301702271,259.0713,1152.208
MOVE,0,1.0,0.03137255,301702280,243.00293,1111.0752
MOVE,0,1.0,0.037254903,301702288,225.0918,1068.8115
MOVE,0,1.0,0.023529414,301702296,206.11719,1025.9707
MOVE,0,1.0,0.013725491,301702304,190.26562,991.6074
MOVE,0,1.0,0.013725491,301702304,190.10742,991.26465
UP,0,1.0,0.013725491,301702313,190.10742,991.26465
DOWN,0,1.0,0.025490198,301702714,293.4668,1176.3623
MOVE,0,1.0,0.03137255,301702729,293.00977,1175.3711
MOVE,0,1.0,0.03529412,301702734,291.75293,1173.5059
MOVE,0,1.0,0.025490198,301702743,287.9297,1168.0791
MOVE,0,1.0,0.037254903,301702751,280.5713,1158.1641
MOVE,0,1.0,0.023529414,301702761,259.5713,1131.499
MOVE,0,1.0,0.037254903,301702772,219.98145,1082.5225
MOVE,0,1.0,0.037254903,301702780,184.66016,1041.3779
MOVE,0,1.0,0.027450982,301702788,149.58887,1000.81055
MOVE,0,1.0,0.037254903,301702797,118.43652,964.7744
MOVE,0,1.0,0.03137255,301702805,90.45508,931.61035
MOVE,0,1.0,0.01764706,301702813,66.421875,900.17285
MOVE,0,1.0,0.013725491,301702821,50.780273,874.4072
MOVE,0,1.0,0.013725491,301702821,50.625,874.1504
UP,0,1.0,0.013725491,301702830,50.625,874.1504
DOWN,0,1.0,0.037254903,301702906,144.22852,931.8506
MOVE,0,1.0,0.03137255,301702929,146.35742,936.4619
MOVE,0,1.0,0.04117647,301702934,148.05176,940.13477
MOVE,0,1.0,0.037254903,301702943,151.35059,947.5674
MOVE,0,1.0,0.03137255,301702952,158.79492,965.7676
MOVE,0,1.0,0.04117647,301702964,176.77637,1009.7578
MOVE,0,1.0,0.027450982,301702972,195.71875,1052.5352
MOVE,0,1.0,0.037254903,301702980,219.40137,1101.0381
MOVE,0,1.0,0.025490198,301702989,243.91504,1149.5977
MOVE,0,1.0,0.03137255,301702997,266.34863,1195.8945
MOVE,0,1.0,0.025490198,301703005,285.10547,1239.9072
MOVE,0,1.0,0.037254903,301703014,300.69434,1279.9375
MOVE,0,1.0,0.025490198,301703022,311.81348,1315.9688
MOVE,0,1.0,0.03137255,301703030,316.8838,1344.6074
MOVE,0,1.0,0.023529414,301703039,319.8047,1370.3438
MOVE,0,1.0,0.025490198,301703047,320.6172,1393.2236
MOVE,0,1.0,0.03137255,301703055,319.3203,1411.5508
MOVE,0,1.0,0.027450982,301703064,317.22754,1428.0635
MOVE,0,1.0,0.025490198,301703071,315.4795,1441.0625
MOVE,0,1.0,0.025490198,301703079,313.7246,1450.8262
MOVE,0,1.0,0.03137255,301703086,312.24707,1458.8271
MOVE,0,1.0,0.027450982,301703093,310.7334,1465.7373
MOVE,0,1.0,0.023529414,301703101,308.8916,1472.29
MOVE,0,1.0,0.0058823535,301703106,307.96875,1475.1465
UP,0,1.0,0.0058823535,301703113,307.96875,1475.1465
DOWN,0,1.0,0.04117647,301703264,213.31055,1011.83105
MOVE,0,1.0,0.03137255,301703288,214.03125,1013.88965
MOVE,0,1.0,0.037254903,301703293,214.76074,1016.40137
MOVE,0,1.0,0.04117647,301703302,216.60645,1022.4004
MOVE,0,1.0,0.04117647,301703311,222.55273,1038.916
MOVE,0,1.0,0.04117647,301703322,240.05762,1085.1387
MOVE,0,1.0,0.04705883,301703331,258.73828,1130.208
MOVE,0,1.0,0.04117647,301703339,280.06934,1180.9951
MOVE,0,1.0,0.037254903,301703348,299.33887,1226.75
MOVE,0,1.0,0.04117647,301703356,314.1494,1265.666
MOVE,0,1.0,0.04117647,301703364,323.69434,1297.1611
MOVE,0,1.0,0.04509804,301703372,330.57617,1321.2295
MOVE,0,1.0,0.03529412,301703381,335.86523,1340.1338
MOVE,0,1.0,0.04117647,301703389,340.77148,1355.2676
MOVE,0,1.0,0.04117647,301703396,345.33887,1367.8193
MOVE,0,1.0,0.03529412,301703404,348.98828,1378.2725
MOVE,0,1.0,0.037254903,301703411,352.04785,1386.2734
MOVE,0,1.0,0.037254903,301703418,354.64453,1392.8965
MOVE,0,1.0,0.04117647,301703427,357.80273,1399.4512
MOVE,0,1.0,0.04117647,301703435,361.62598,1406.3066
MOVE,0,1.0,0.04117647,301703444,365.97656,1413.7334
MOVE,0,1.0,0.027450982,301703452,370.06348,1420.5889
MOVE,0,1.0,0.013725491,301703456,371.77734,1423.7305
UP,0,1.0,0.013725491,301703464,371.77734,1423.7305
DOWN,0,1.0,0.037254903,301703673,246.5332,1075.2441
MOVE,0,1.0,0.04117647,301703688,246.76172,1076.2354
MOVE,0,1.0,0.050980397,301703694,247.32422,1078.1006
MOVE,0,1.0,0.04509804,301703702,248.64258,1082.957
MOVE,0,1.0,0.04509804,301703711,250.95898,1091.5068
MOVE,0,1.0,0.04509804,301703720,258.24316,1115.5859
MOVE,0,1.0,0.03529412,301703731,276.4336,1170.7471
MOVE,0,1.0,0.04117647,301703740,294.08105,1223.2539
MOVE,0,1.0,0.037254903,301703748,310.18066,1275.2471
MOVE,0,1.0,0.04117647,301703756,322.3496,1319.3164
MOVE,0,1.0,0.04509804,301703764,331.86816,1354.8213
MOVE,0,1.0,0.04509804,301703773,338.22754,1383.4551
MOVE,0,1.0,0.03529412,301703781,342.72852,1404.1006
MOVE,0,1.0,0.03137255,301703789,346.31934,1418.5742
MOVE,0,1.0,0.023529414,301703796,349.37402,1426.3652
MOVE,0,1.0,0.003921569,301703798,350.15625,1428.3008
UP,0,1.0,0.003921569,301703806,350.15625,1428.3008
DOWN,0,1.0,0.04117647,301704191,298.2129,1133.5156
MOVE,0,1.0,0.037254903,301704214,299.62012,1136.0693
MOVE,0,1.0,0.04509804,301704219,300.98145,1138.9434
MOVE,0,1.0,0.04509804,301704228,304.01367,1145.2275
MOVE,0,1.0,0.04117647,301704237,312.26074,1161.3877
MOVE,0,1.0,0.05686275,301704248,333.11035,1201.1738
MOVE,0,1.0,0.04117647,301704257,352.07617,1238.2617
MOVE,0,1.0,0.04509804,301704265,371.58203,1277.6572
MOVE,0,1.0,0.04117647,301704273,390.0498,1316.5107
MOVE,0,1.0,0.04117647,301704282,406.6797,1353.0967
MOVE,0,1.0,0.03137255,301704290,420.41992,1383.4375
MOVE,0,1.0,0.003921569,301704298,430.4756,1402.9697
MOVE,0,1.0,0.003921569,301704298,430.57617,1403.1641
UP,0,1.0,0.003921569,301704306,430.57617,1403.1641
DOWN,0,1.0,0.025490198,301704449,318.51562,1176.3623
MOVE,0,1.0,0.04117647,301704464,318.74414,1177.3535
MOVE,0,1.0,0.03529412,301704469,319.43848,1178.6475
MOVE,0,1.0,0.04509804,301704478,321.0205,1182.0752
MOVE,0,1.0,0.05686275,301704486,323.12988,1188.0742
MOVE,0,1.0,0.04509804,301704496,327.5996,1202.8115
MOVE,0,1.0,0.04509804,301704507,336.89844,1235.5137
MOVE,0,1.0,0.04509804,301704515,342.4541,1257.834
MOVE,0,1.0,0.04509804,301704523,345.77344,1271.6553
MOVE,0,1.0,0.04509804,301704530,346.33496,1277.5068
MOVE,0,1.0,0.050980397,301704536,345.01465,1278.623
MOVE,0,1.0,0.04509804,301704545,338.84375,1271.0205
MOVE,0,1.0,0.04117647,301704555,322.45605,1242.1475
MOVE,0,1.0,0.04509804,301704565,295.81348,1196.1914
MOVE,0,1.0,0.04509804,301704574,272.083,1155.0645
MOVE,0,1.0,0.04509804,301704582,252.5293,1115.6289
MOVE,0,1.0,0.037254903,301704591,236.41113,1079.6035
MOVE,0,1.0,0.04705883,301704599,219.2832,1042.4805
MOVE,0,1.0,0.050980397,301704607,199.79492,1003.6504
MOVE,0,1.0,0.050980397,301704615,175.0625,963.6719
MOVE,0,1.0,0.037254903,301704624,145.05664,924.8125
MOVE,0,1.0,0.01764706,301704632,125.700195,898.4072
MOVE,0,1.0,0.01764706,301704632,125.50781,898.14453
UP,0,1.0,0.01764706,301704640,125.50781,898.14453
DOWN,0,1.0,0.015686275,301704883,287.13867,1206.6406
MOVE,0,1.0,0.027450982,301704898,287.13867,1206.6406
MOVE,0,1.0,0.037254903,301704899,287.13867,1206.6406
MOVE,0,1.0,0.04117647,301704956,285.50293,1204.0869
MOVE,0,1.0,0.04117647,301704962,283.05176,1200.0713
MOVE,0,1.0,0.04117647,301704970,277.2881,1190.5576
MOVE,0,1.0,0.04117647,301704980,268.48828,1176.1904
MOVE,0,1.0,0.037254903,301704989,258.2754,1160.1758
MOVE,0,1.0,0.04117647,301704998,249.76074,1147.8525
MOVE,0,1.0,0.04117647,301705005,243.74902,1139.458
MOVE,0,1.0,0.037254903,301705012,238.74219,1132.1533
MOVE,0,1.0,0.037254903,301705020,234.00879,1125.5176
MOVE,0,1.0,0.037254903,301705028,230.71289,1120.6621
MOVE,0,1.0,0.04117647,301705037,228.99902,1117.5195
MOVE,0,1.0,0.04117647,301705045,228.07617,1116.0918
MOVE,0,1.0,0.037254903,301705049,227.8125,1115.8057
MOVE,0,1.0,0.04117647,301705083,227.8125,1115.8057
MOVE,0,1.0,0.03529412,301705107,227.58398,1114.3193
MOVE,0,1.0,0.03137255,301705112,226.88965,1112.6641
MOVE,0,1.0,0.037254903,301705120,224.91211,1108.665
MOVE,0,1.0,0.04509804,301705129,221.74805,1102.0947
MOVE,0,1.0,0.04117647,301705137,217.1836,1091.8945
MOVE,0,1.0,0.04117647,301705147,209.9375,1077.5254
MOVE,0,1.0,0.050980397,301705156,201.61816,1061.1133
MOVE,0,1.0,0.04705883,301705165,193.1377,1043.4854
MOVE,0,1.0,0.04117647,301705174,186.29004,1027.0869
MOVE,0,1.0,0.037254903,301705182,177.35547,1008.7119
MOVE,0,1.0,0.037254903,301705191,165.95996,986.33984
MOVE,0,1.0,0.03529412,301705200,154.36426,965.19727
MOVE,0,1.0,0.037254903,301705208,141.97949,944.625
MOVE,0,1.0,0.025490198,301705216,130.8916,921.23047
MOVE,0,1.0,0.01764706,301705224,126.86621,902.33203
MOVE,0,1.0,0.01764706,301705224,126.82617,902.14355
UP,0,1.0,0.01764706,301705232,126.82617,902.14355
DOWN,0,1.0,0.037254903,301705375,286.875,1119.2334
MOVE,0,1.0,0.04117647,301705399,287.10352,1121.7871
MOVE,0,1.0,0.04117647,301705404,287.66602,1123.8037
MOVE,0,1.0,0.037254903,301705412,288.7207,1128.0889
MOVE,0,1.0,0.03137255,301705421,290.94336,1139.0088
MOVE,0,1.0,0.04117647,301705432,298.15625,1166.4707
MOVE,0,1.0,0.037254903,301705441,308.40137,1199.4824
MOVE,0,1.0,0.04117647,301705450,319.98145,1233.7197
MOVE,0,1.0,0.03529412,301705458,331.32227,1269.1279
MOVE,0,1.0,0.03137255,301705466,342.3994,1304.5479
MOVE,0,1.0,0.04117647,301705475,353.2119,1337.706
MOVE,0,1.0,0.03137255,301705483,363.50098,1368.5781
MOVE,0,1.0,0.03137255,301705492,370.9121,1394.3379
MOVE,0,1.0,0.037254903,301705500,374.11914,1413.2588
MOVE,0,1.0,0.023529414,301705508,376.10547,1425.0977
MOVE,0,1.0,0.003921569,301705513,377.333,1431.4414
MOVE,0,1.0,0.003921569,301705516,377.8418,1434.0137
UP,0,1.0,0.003921569,301705524,377.8418,1434.0137
DOWN,0,1.0,0.04117647,301705684,291.6211,1131.8018
MOVE,0,1.0,0.04117647,301705707,291.8496,1133.3643
MOVE,0,1.0,0.04117647,301705713,292.0166,1134.6582
MOVE,0,1.0,0.037254903,301705721,292.54395,1137.8008
MOVE,0,1.0,0.03529412,301705730,293.48535,1144.8262
MOVE,0,1.0,0.04117647,301705739,295.37402,1159.6006
MOVE,0,1.0,0.04117647,301705750,298.77832,1180.2178
MOVE,0,1.0,0.04117647,301705758,302.0547,1196.9287
MOVE,0,1.0,0.037254903,301705766,305.8164,1211.2002
MOVE,0,1.0,0.037254903,301705774,310.4502,1224.6885
MOVE,0,1.0,0.04117647,301705782,315.0332,1237.4336
MOVE,0,1.0,0.04117647,301705790,319.09766,1249.3662
MOVE,0,1.0,0.04117647,301705798,324.2295,1262.1494
MOVE,0,1.0,0.03529412,301705807,330.5166,1275.6201
MOVE,0,1.0,0.04509804,301705815,336.792,1288.2139
MOVE,0,1.0,0.04705883,301705823,342.96094,1300.4658
MOVE,0,1.0,0.050980397,301705831,347.73926,1310.5195
MOVE,0,1.0,0.037254903,301705838,350.9961,1317.5762
MOVE,0,1.0,0.04117647,301705846,353.84766,1323.7549
MOVE,0,1.0,0.04117647,301705854,356.35254,1328.8965
MOVE,0,1.0,0.04117647,301705863,358.0664,1332.8955
MOVE,0,1.0,0.04117647,301705871,359.25293,1335.4668
MOVE,0,1.0,0.04117647,301705880,360.5713,1337.4658
MOVE,0,1.0,0.04117647,301705888,362.02148,1340.0371
MOVE,0,1.0,0.04117647,301705896,363.73535,1342.8936
MOVE,0,1.0,0.04117647,301705904,365.44922,1346.0352
MOVE,0,1.0,0.04117647,301705913,366.8994,1349.4629
MOVE,0,1.0,0.04117647,301705921,368.3496,1352.8906
MOVE,0,1.0,0.04117647,301705930,369.7998,1355.7471
MOVE,0,1.0,0.04117647,301705938,370.8545,1358.0322
MOVE,0,1.0,0.03137255,301705946,371.51367,1360.3174
MOVE,0,1.0,0.023529414,301705950,371.77734,1361.46
UP,0,1.0,0.023529414,301705958,371.77734,1361.46
DOWN,0,1.0,0.04117647,301706143,324.58008,1170.6494
MOVE,0,1.0,0.037254903,301706158,324.58008,1171.1455
MOVE,0,1.0,0.04509804,301706163,324.84375,1171.792
MOVE,0,1.0,0.04509804,301706172,325.63477,1174.0771
MOVE,0,1.0,0.04117647,301706180,327.08496,1178.0762
MOVE,0,1.0,0.04117647,301706189,330.85254,1187.8232
MOVE,0,1.0,0.03137255,301706199,339.9873,1212.8506
MOVE,0,1.0,0.04117647,301706209,352.41895,1244.0713
MOVE,0,1.0,0.04117647,301706217,364.79785,1272.625
MOVE,0,1.0,0.03137255,301706226,376.14648,1300.0576
MOVE,0,1.0,0.037254903,301706234,386.1787,1325.7832
MOVE,0,1.0,0.03137255,301706242,395.41602,1349.2285
MOVE,0,1.0,0.01764706,301706242,395.5078,1349.4629
UP,0,1.0,0.01764706,301706250,395.5078,1349.4629
DOWN,0,1.0,0.03529412,301706401,335.12695,1201.499
MOVE,0,1.0,0.04117647,301706409,335.12695,1201.499
MOVE,0,1.0,0.04117647,301706433,335.8828,1201.9951
MOVE,0,1.0,0.04117647,301706438,335.91797,1202.3564
MOVE,0,1.0,0.04509804,301706447,335.91797,1203.499
MOVE,0,1.0,0.04509804,301706455,335.78613,1206.3555
MOVE,0,1.0,0.04509804,301706464,335.7881,1213.0088
MOVE,0,1.0,0.050980397,301706473,336.833,1224.4365
MOVE,0,1.0,0.04509804,301706482,339.4453,1240.0312
MOVE,0,1.0,0.04509804,301706491,343.70996,1256.3545
MOVE,0,1.0,0.04509804,301706500,347.8047,1271.581
MOVE,0,1.0,0.04509804,301706508,351.84766,1284.0205
MOVE,0,1.0,0.037254903,301706515,355.09863,1292.8096
MOVE,0,1.0,0.03529412,301706522,357.53223,1300.1816
MOVE,0,1.0,0.03529412,301706530,359.38477,1307.1875
MOVE,0,1.0,0.03529412,301706539,361.23047,1313.1865
MOVE,0,1.0,0.037254903,301706547,363.208,1317.7568
MOVE,0,1.0,0.037254903,301706555,365.0537,1321.1846
MOVE,0,1.0,0.04117647,301706564,366.37207,1323.7549
MOVE,0,1.0,0.04117647,301706572,367.1631,1325.7549
MOVE,0,1.0,0.04117647,301706580,368.08594,1326.8975
MOVE,0,1.0,0.04117647,301706589,368.74512,1327.7539
MOVE,0,1.0,0.04117647,301706597,369.0088,1328.6113
MOVE,0,1.0,0.04117647,301706601,369.14062,1328.8965
MOVE,0,1.0,0.04117647,301706650,370.125,1330.459
MOVE,0,1.0,0.04117647,301706655,370.8545,1331.4678
MOVE,0,1.0,0.04117647,301706664,372.56836,1333.7529
MOVE,0,1.0,0.04117647,301706672,374.9414,1336.8945
MOVE,0,1.0,0.04117647,301706680,377.4463,1340.3223
MOVE,0,1.0,0.04117647,301706689,379.42383,1343.1787
MOVE,0,1.0,0.04117647,301706697,380.87402,1345.1787
MOVE,0,1.0,0.04117647,301706705,381.9287,1346.6064
MOVE,0,1.0,0.04509804,301706714,382.5879,1347.749
MOVE,0,1.0,0.04509804,301706722,382.9834,1348.8916
MOVE,0,1.0,0.04509804,301706726,383.11523,1349.4629
MOVE,0,1.0,0.04117647,301706759,383.11523,1349.4629
MOVE,0,1.0,0.04117647,301706764,383.11523,1349.4629
MOVE,0,1.0,0.04117647,301706772,383.11523,1349.4629
MOVE,0,1.0,0.04509804,301706776,383.11523,1349.4629
MOVE,0,1.0,0.04117647,301706808,383.11523,1349.4629
MOVE,0,1.0,0.04117647,301706814,382.71973,1347.4639
MOVE,0,1.0,0.04117647,301706822,380.61035,1342.3223
MOVE,0,1.0,0.050980397,301706831,375.14355,1329.7998
MOVE,0,1.0,0.04509804,301706842,364.24805,1304.1836
MOVE,0,1.0,0.050980397,301706851,351.33203,1276.0293
MOVE,0,1.0,0.04509804,301706860,338.68164,1249.75
MOVE,0,1.0,0.04509804,301706868,325.76367,1222.3398
MOVE,0,1.0,0.04117647,301706876,312.583,1196.6143
MOVE,0,1.0,0.04117647,301706885,299.66016,1171.4717
MOVE,0,1.0,0.04509804,301706893,288.56738,1149.1631
MOVE,0,1.0,0.04509804,301706901,280.36523,1130.8418
MOVE,0,1.0,0.050980397,301706909,272.875,1115.7139
MOVE,0,1.0,0.04509804,301706917,267.3994,1104.3799
MOVE,0,1.0,0.04509804,301706924,263.04395,1095.4229
MOVE,0,1.0,0.04117647,301706931,259.2744,1087.4248
MOVE,0,1.0,0.04117647,301706939,255.75293,1080.3701
MOVE,0,1.0,0.04509804,301706947,252.20215,1073.8164
MOVE,0,1.0,0.04117647,301706956,248.90625,1068.3887
MOVE,0,1.0,0.04117647,301706964,246.1377,1064.1045
MOVE,0,1.0,0.04117647,301706972,243.89648,1061.248
MOVE,0,1.0,0.04117647,301706981,242.31445,1059.8193
MOVE,0,1.0,0.04117647,301706989,241.52344,1058.9629
MOVE,0,1.0,0.04117647,301706993,241.25977,1058.6768
MOVE,0,1.0,0.04117647,301707042,241.03125,1059.7441
MOVE,0,1.0,0.037254903,301707047,240.46875,1060.1055
MOVE,0,1.0,0.027450982,301707056,239.41406,1060.6768
MOVE,0,1.0,0.015686275,301707060,238.88672,1060.9619
UP,0,1.0,0.015686275,301707068,238.88672,1060.9619
DOWN,0,1.0,0.027450982,301708280,285.8203,1152.3682
MOVE,0,1.0,0.04117647,301708293,284.67676,1150.3857
MOVE,0,1.0,0.037254903,301708299,282.91992,1146.9414
MOVE,0,1.0,0.03137255,301708308,277.79785,1136.7676
MOVE,0,1.0,0.04117647,301708318,267.1963,1117.5039
MOVE,0,1.0,0.037254903,301708328,241.76074,1072.2393
MOVE,0,1.0,0.037254903,301708336,206.54492,1011.2998
MOVE,0,1.0,0.03529412,301708345,170.95215,953.5654
MOVE,0,1.0,0.037254903,301708353,133.52832,900.38965
MOVE,0,1.0,0.025490198,301708361,95.56543,856.3096
MOVE,0,1.0,0.013725491,301708369,50.28711,806.66406
MOVE,0,1.0,0.013725491,301708369,49.833984,806.167
UP,0,1.0,0.013725491,301708378,49.833984,806.167
DOWN,0,1.0,0.037254903,301708495,165.32227,926.709
MOVE,0,1.0,0.037254903,301708519,166.99316,929.834
MOVE,0,1.0,0.037254903,301708524,168.35449,931.8506
MOVE,0,1.0,0.04117647,301708532,170.5957,936.13574
MOVE,0,1.0,0.037254903,301708541,174.01074,945.7383
MOVE,0,1.0,0.04117647,301708552,180.09277,966.374
MOVE,0,1.0,0.04117647,301708562,187.92969,992.1846
MOVE,0,1.0,0.04117647,301708570,195.56836,1016.16113
MOVE,0,1.0,0.04117647,301708578,205.56348,1040.7217
MOVE,0,1.0,0.037254903,301708586,216.36621,1064.1553
MOVE,0,1.0,0.037254903,301708595,228.48242,1086.4473
MOVE,0,1.0,0.03137255,301708603,241.13281,1108.1621
MOVE,0,1.0,0.037254903,301708612,253.52832,1127.6084
MOVE,0,1.0,0.03529412,301708620,262.5166,1142.0703
MOVE,0,1.0,0.03529412,301708627,268.8506,1153.1953
MOVE,0,1.0,0.03137255,301708634,274.13477,1162.9609
MOVE,0,1.0,0.03137255,301708642,278.8252,1171.2529
MOVE,0,1.0,0.03137255,301708649,282.66504,1178.0918
MOVE,0,1.0,0.03137255,301708658,286.08398,1184.3604
MOVE,0,1.0,0.037254903,301708666,288.58887,1189.502
MOVE,0,1.0,0.037254903,301708674,290.30273,1193.2158
MOVE,0,1.0,0.037254903,301708683,291.48926,1195.501
MOVE,0,1.0,0.037254903,301708691,292.0166,1196.3574
MOVE,0,1.0,0.037254903,301708699,292.0166,1196.3574
MOVE,0,1.0,0.037254903,301708704,291.88477,1196.3574
MOVE,0,1.0,0.037254903,301708727,292.60547,1196.3574
MOVE,0,1.0,0.037254903,301708733,293.0713,1196.0723
MOVE,0,1.0,0.037254903,301708741,294.12598,1195.2148
MOVE,0,1.0,0.03137255,301708749,295.44434,1193.7871
MOVE,0,1.0,0.03137255,301708758,297.02637,1191.7871
MOVE,0,1.0,0.03137255,301708766,298.47656,1188.6455
MOVE,0,1.0,0.03137255,301708774,299.26758,1184.6465
MOVE,0,1.0,0.03529412,301708783,299.3994,1180.9326
MOVE,0,1.0,0.03137255,301708791,298.87207,1177.5049
MOVE,0,1.0,0.03137255,301708799,298.08105,1174.3633
MOVE,0,1.0,0.03137255,301708808,297.1582,1171.792
MOVE,0,1.0,0.03137255,301708816,296.10352,1170.0781
MOVE,0,1.0,0.03137255,301708824,294.78516,1168.6504
MOVE,0,1.0,0.03137255,301708833,292.54395,1166.6504
MOVE,0,1.0,0.027450982,301708841,289.7754,1163.5088
MOVE,0,1.0,0.01764706,301708845,288.45703,1161.5088
UP,0,1.0,0.01764706,301708853,288.45703,1161.5088
DOWN,0,1.0,0.01764706,301709873,252.86133,1264.3408
MOVE,0,1.0,0.01764706,301709895,251.91113,1261.2158
MOVE,0,1.0,0.015686275,301709901,251.14746,1258.6279
MOVE,0,1.0,0.027450982,301709909,249.30176,1252.915
MOVE,0,1.0,0.025490198,301709918,244.66797,1238.4629
MOVE,0,1.0,0.023529414,301709930,234.22461,1203.499
MOVE,0,1.0,0.027450982,301709938,226.30957,1173.8027
MOVE,0,1.0,0.037254903,301709947,219.18262,1145.793
MOVE,0,1.0,0.023529414,301709955,213.62988,1122.3242
MOVE,0,1.0,0.027450982,301709963,209.13672,1102.8604
MOVE,0,1.0,0.03137255,301709972,206.30566,1088.3994
MOVE,0,1.0,0.03529412,301709979,204.85156,1076.6846
MOVE,0,1.0,0.04117647,301709986,203.29395,1068.1582
MOVE,0,1.0,0.04117647,301709993,201.79004,1061.6143
MOVE,0,1.0,0.04117647,301710001,199.86328,1054.6777
MOVE,0,1.0,0.037254903,301710009,197.62207,1048.1084
MOVE,0,1.0,0.03529412,301710018,195.5127,1042.6807
MOVE,0,1.0,0.03529412,301710026,193.93066,1037.8252
MOVE,0,1.0,0.04117647,301710034,192.6123,1033.2549
MOVE,0,1.0,0.04117647,301710043,191.29395,1029.541
MOVE,0,1.0,0.04117647,301710051,189.71191,1026.1133
MOVE,0,1.0,0.04117647,301710059,188.39355,1023.25684
MOVE,0,1.0,0.037254903,301710068,187.60254,1021.2578
MOVE,0,1.0,0.037254903,301710076,186.81152,1020.11523
MOVE,0,1.0,0.037254903,301710084,186.67969,1019.2578
MOVE,0,1.0,0.04117647,301710093,186.94336,1018.6865
MOVE,0,1.0,0.04117647,301710101,186.94336,1018.6865
MOVE,0,1.0,0.04117647,301710109,186.94336,1018.6865
MOVE,0,1.0,0.037254903,301710114,186.94336,1018.6865
MOVE,0,1.0,0.037254903,301710163,185.95898,1018.1914
MOVE,0,1.0,0.037254903,301710168,185.36133,1017.54395
MOVE,0,1.0,0.037254903,301710176,184.04297,1016.40137
MOVE,0,1.0,0.037254903,301710184,182.19727,1014.6875
MOVE,0,1.0,0.037254903,301710193,179.82422,1012.6885
MOVE,0,1.0,0.037254903,301710201,177.71484,1010.9746
MOVE,0,1.0,0.037254903,301710210,176.39648,1009.5459
MOVE,0,1.0,0.037254903,301710218,175.3418,1008.4033
MOVE,0,1.0,0.037254903,301710226,174.28711,1007.5469
MOVE,0,1.0,0.037254903,301710235,173.36426,1006.68945
MOVE,0,1.0,0.037254903,301710243,172.4414,1005.833
MOVE,0,1.0,0.04117647,301710251,171.38672,1004.9756
MOVE,0,1.0,0.037254903,301710260,170.2002,1003.833
MOVE,0,1.0,0.037254903,301710268,168.75,1002.6904
MOVE,0,1.0,0.037254903,301710276,167.2998,1001.54785
MOVE,0,1.0,0.037254903,301710285,166.11328,1000.4053
MOVE,0,1.0,0.037254903,301710293,164.92676,999.2627
MOVE,0,1.0,0.037254903,301710301,163.74023,998.40625
MOVE,0,1.0,0.037254903,301710306,163.21289,998.1201
MOVE,0,1.0,0.037254903,301710346,162.03418,996.97754
MOVE,0,1.0,0.037254903,301710347,161.89453,996.97754
MOVE,0,1.0,0.037254903,301710380,161.63086,996.40625
MOVE,0,1.0,0.037254903,301710463,160.41699,995.41504
MOVE,0,1.0,0.037254903,301710468,159.38965,994.1211
MOVE,0,1.0,0.04117647,301710477,157.14844,991.5508
MOVE,0,1.0,0.04117647,301710485,153.98438,987.55176
MOVE,0,1.0,0.04117647,301710493,150.16113,982.41016
MOVE,0,1.0,0.03529412,301710502,146.07422,976.69727
MOVE,0,1.0,0.033333335,301710510,141.85547,970.4131
MOVE,0,1.0,0.03529412,301710518,138.03223,963.5576
MOVE,0,1.0,0.04117647,301710527,134.47266,956.13086
MOVE,0,1.0,0.04117647,301710535,130.91309,949.2754
MOVE,0,1.0,0.04117647,301710544,127.48535,942.9912
MOVE,0,1.0,0.04117647,301710552,124.18945,936.70703
MOVE,0,1.0,0.037254903,301710560,120.893555,929.5654
MOVE,0,1.0,0.03529412,301710569,117.703125,920.9121
MOVE,0,1.0,0.04117647,301710577,115.16699,912.20703
MOVE,0,1.0,0.04117647,301710585,113.37891,904.71484
MOVE,0,1.0,0.037254903,301710593,111.5332,898.14453
MOVE,0,1.0,0.037254903,301710602,109.95117,893.5742
MOVE,0,1.0,0.037254903,301710610,109.819336,890.4326
MOVE,0,1.0,0.037254903,301710619,110.21484,889.0039
MOVE,0,1.0,0.04705883,301710623,110.21484,889.0039
MOVE,0,1.0,0.050980397,301710647,115.73926,895.52246
MOVE,0,1.0,0.050980397,301710652,119.73242,901.83887
MOVE,0,1.0,0.04509804,301710662,127.32129,917.7129
MOVE,0,1.0,0.04509804,301710672,137.24316,942.28613
MOVE,0,1.0,0.03529412,301710681,148.33887,965.8994
MOVE,0,1.0,0.037254903,301710689,164.10938,991.5791
MOVE,0,1.0,0.037254903,301710698,179.66895,1017.2871
MOVE,0,1.0,0.04117647,301710706,196.00879,1044.6914
MOVE,0,1.0,0.04117647,301710714,211.31152,1070.9824
MOVE,0,1.0,0.037254903,301710723,224.5166,1093.3027
MOVE,0,1.0,0.03529412,301710731,233.66699,1109.1582
MOVE,0,1.0,0.03137255,301710738,237.22656,1117.7471
MOVE,0,1.0,0.04117647,301710744,238.85254,1122.3906
MOVE,0,1.0,0.04117647,301710752,239.9414,1126.375
MOVE,0,1.0,0.04117647,301710760,240.20508,1128.374
MOVE,0,1.0,0.04117647,301710769,240.07324,1129.2314
MOVE,0,1.0,0.04117647,301710777,239.41406,1129.2314
MOVE,0,1.0,0.04117647,301710785,238.75488,1128.6602
MOVE,0,1.0,0.037254903,301710794,238.35938,1128.374
MOVE,0,1.0,0.037254903,301710802,236.77734,1126.375
MOVE,0,1.0,0.03529412,301710810,233.48145,1120.376
MOVE,0,1.0,0.03137255,301710820,227.70508,1108.4766
MOVE,0,1.0,0.04509804,301710830,217.50586,1088.0771
MOVE,0,1.0,0.04117647,301710840,207.0752,1065.167
MOVE,0,1.0,0.050980397,301710848,199.67383,1047.9941
MOVE,0,1.0,0.04509804,301710856,194.07617,1034.2236
MOVE,0,1.0,0.04117647,301710863,190.26562,1024.9844
MOVE,0,1.0,0.04117647,301710870,186.33203,1016.21875
MOVE,0,1.0,0.04117647,301710878,181.70508,1006.19434
MOVE,0,1.0,0.04117647,301710886,177.19336,996.7539
MOVE,0,1.0,0.04509804,301710894,172.89844,987.68555
MOVE,0,1.0,0.04509804,301710903,168.48926,978.13184
MOVE,0,1.0,0.04117647,301710911,163.91016,968.833
MOVE,0,1.0,0.037254903,301710919,158.5664,959.6719
MOVE,0,1.0,0.04117647,301710927,153.57715,951.82715
MOVE,0,1.0,0.04117647,301710936,148.97461,944.1338
MOVE,0,1.0,0.04117647,301710944,144.49219,937.2783
MOVE,0,1.0,0.04705883,301710952,140.00977,930.708
MOVE,0,1.0,0.050980397,301710961,135.65918,924.1387
MOVE,0,1.0,0.04705883,301710969,131.7041,918.4258
MOVE,0,1.0,0.050980397,301710977,128.54004,913.2842
MOVE,0,1.0,0.04705883,301710986,126.03516,908.71387
MOVE,0,1.0,0.04705883,301710994,123.92578,905.0
MOVE,0,1.0,0.04705883,301711002,121.81641,902.14355
MOVE,0,1.0,0.04705883,301711011,120.10254,899.8584
MOVE,0,1.0,0.04705883,301711019,118.78418,897.57324
MOVE,0,1.0,0.04705883,301711028,117.46582,894.7168
MOVE,0,1.0,0.04117647,301711036,116.015625,891.86035
MOVE,0,1.0,0.04705883,301711044,114.56543,890.1465
MOVE,0,1.0,0.04117647,301711052,113.51074,889.29004
MOVE,0,1.0,0.04117647,301711057,113.115234,889.0039
MOVE,0,1.0,0.04117647,301711089,113.572266,888.4326
MOVE,0,1.0,0.04117647,301711090,113.64258,888.4326
MOVE,0,1.0,0.04117647,301711182,113.115234,888.4326
MOVE,0,1.0,0.04705883,301711214,113.115234,888.4326
MOVE,0,1.0,0.04117647,301711215,113.115234,888.4326
MOVE,0,1.0,0.04117647,301711272,112.88672,887.8613
MOVE,0,1.0,0.04117647,301711278,112.71973,887.8613
MOVE,0,1.0,0.04117647,301711282,112.58789,887.8613
MOVE,0,1.0,0.037254903,301711315,112.58789,887.8613
MOVE,0,1.0,0.04117647,301711347,112.58789,887.8613
MOVE,0,1.0,0.04117647,301711353,112.58789,887.8613
MOVE,0,1.0,0.04117647,301711357,112.58789,887.8613
MOVE,0,1.0,0.04117647,301711398,112.58789,887.8613
MOVE,0,1.0,0.04117647,301711403,112.456055,887.0049
MOVE,0,1.0,0.04117647,301711407,112.32422,886.71875
MOVE,0,1.0,0.04117647,301711424,112.32422,886.14746
MOVE,0,1.0,0.04705883,301711531,112.81641,886.71875
MOVE,0,1.0,0.04705883,301711536,113.90625,888.71875
MOVE,0,1.0,0.04705883,301711545,115.22461,891.86035
MOVE,0,1.0,0.04705883,301711553,115.88379,893.5742
MOVE,0,1.0,0.04705883,301711561,116.41113,894.7168
MOVE,0,1.0,0.04705883,301711570,116.674805,895.5742
MOVE,0,1.0,0.04705883,301711578,117.07031,896.43066
MOVE,0,1.0,0.04705883,301711586,117.333984,896.7168
MOVE,0,1.0,0.04705883,301711591,117.333984,896.43066
MOVE,0,1.0,0.04705883,301711632,117.59766,896.43066
MOVE,0,1.0,0.04705883,301711673,118.08984,896.43066
MOVE,0,1.0,0.04705883,301711678,118.38867,896.43066
MOVE,0,1.0,0.04705883,301711687,118.78418,896.43066
MOVE,0,1.0,0.04705883,301711695,119.04785,896.43066
MOVE,0,1.0,0.04705883,301711703,119.575195,896.43066
MOVE,0,1.0,0.04705883,301711712,119.9707,896.7168
MOVE,0,1.0,0.04705883,301711720,119.70703,897.57324
MOVE,0,1.0,0.04705883,301711728,119.31152,898.14453
MOVE,0,1.0,0.04705883,301711732,119.17969,898.14453
MOVE,0,1.0,0.04705883,301711899,119.17969,898.7158
MOVE,0,1.0,0.04705883,301712073,119.14453,899.7832
MOVE,0,1.0,0.04705883,301712074,119.17969,899.8584
MOVE,0,1.0,0.04117647,301712098,119.17969,899.8584
MOVE,0,1.0,0.04705883,301712099,119.17969,899.8584
MOVE,0,1.0,0.04705883,301712116,119.17969,900.4297
MOVE,0,1.0,0.04705883,301712140,120.69141,902.63965
MOVE,0,1.0,0.04705883,301712141,120.76172,902.71484
MOVE,0,1.0,0.04117647,301712183,120.76172,902.71484
MOVE,0,1.0,0.04705883,301712208,120.76172,902.71484
MOVE,0,1.0,0.04705883,301712432,119.12598,898.75
MOVE,0,1.0,0.04117647,301712437,118.256836,896.1455
MOVE,0,1.0,0.04117647,301712446,116.93848,892.1465
MOVE,0,1.0,0.04117647,301712454,115.62012,887.0049
MOVE,0,1.0,0.037254903,301712462,113.90625,880.7207
MOVE,0,1.0,0.037254903,301712471,111.66504,874.1504
MOVE,0,1.0,0.04117647,301712479,109.16016,867.58105
MOVE,0,1.0,0.037254903,301712488,105.99609,861.01074
MOVE,0,1.0,0.04117647,301712496,102.56836,854.72656
MOVE,0,1.0,0.04509804,301712504,99.140625,849.2998
MOVE,0,1.0,0.04509804,301712513,95.44922,844.44336
MOVE,0,1.0,0.04509804,301712521,91.88965,840.1592
MOVE,0,1.0,0.04117647,301712529,88.33008,836.4453
MOVE,0,1.0,0.037254903,301712538,84.506836,833.3037
MOVE,0,1.0,0.03137255,301712546,80.81543,830.7324
MOVE,0,1.0,0.027450982,301712554,77.51953,828.7334
MOVE,0,1.0,0.027450982,301712563,74.61914,827.01953
MOVE,0,1.0,0.027450982,301712571,72.24609,825.5908
MOVE,0,1.0,0.027450982,301712579,70.40039,824.7344
MOVE,0,1.0,0.01764706,301712584,69.609375,824.44824
MOVE,0,1.0,0.0058823535,301712608,72.509766,823.30566
UP,0,1.0,0.0058823535,301712617,72.509766,823.30566
MOVE,0,1.0,0.04117647,301712800,228.21582,1029.8555
MOVE,0,1.0,0.037254903,301712809,240.86914,1057.8252
MOVE,0,1.0,0.04117647,301712817,252.2207,1084.1221
MOVE,0,1.0,0.04117647,301712825,261.73145,1109.2705
MOVE,0,1.0,0.03529412,301712834,269.91797,1129.8818
MOVE,0,1.0,0.04117647,301712842,276.26465,1147.6211
MOVE,0,1.0,0.03137255,301712850,280.06055,1160.7373
MOVE,0,1.0,0.03137255,301712857,282.07422,1169.2695
MOVE,0,1.0,0.03137255,301712864,283.41797,1176.4131
MOVE,0,1.0,0.037254903,301712871,284.6338,1182.9326
MOVE,0,1.0,0.037254903,301712880,285.95215,1188.9307
MOVE,0,1.0,0.037254903,301712888,287.13867,1194.0723
MOVE,0,1.0,0.037254903,301712896,288.06152,1197.7861
MOVE,0,1.0,0.037254903,301712905,288.85254,1200.3564
MOVE,0,1.0,0.037254903,301712913,289.37988,1201.7852
MOVE,0,1.0,0.037254903,301712921,289.37988,1202.0703
MOVE,0,1.0,0.037254903,301712930,289.1162,1201.7852
MOVE,0,1.0,0.037254903,301712938,288.58887,1200.9277
MOVE,0,1.0,0.037254903,301712947,287.9297,1200.3564
MOVE,0,1.0,0.037254903,301712955,287.40234,1200.0713
MOVE,0,1.0,0.037254903,301712963,287.00684,1198.6426
MOVE,0,1.0,0.037254903,301712972,286.61133,1195.7861
MOVE,0,1.0,0.03137255,301712980,285.16113,1190.9307
MOVE,0,1.0,0.03137255,301712989,281.68555,1181.5869
MOVE,0,1.0,0.03529412,301712999,274.75488,1165.1094
MOVE,0,1.0,0.03529412,301713008,265.5703,1143.9961
MOVE,0,1.0,0.03137255,301713017,257.51758,1127.0234
MOVE,0,1.0,0.03529412,301713025,248.55957,1108.7148
MOVE,0,1.0,0.037254903,301713034,237.67383,1086.8818
MOVE,0,1.0,0.04117647,301713042,226.86621,1065.7441
MOVE,0,1.0,0.04705883,301713051,214.75,1042.3438
MOVE,0,1.0,0.04509804,301713059,201.3164,1018.35547
MOVE,0,1.0,0.04117647,301713067,188.39062,994.3613
MOVE,0,1.0,0.03529412,301713076,174.6875,972.6289
MOVE,0,1.0,0.037254903,301713084,162.02148,953.1826
MOVE,0,1.0,0.04117647,301713092,151.44336,940.0488
MOVE,0,1.0,0.037254903,301713099,142.6289,928.81055
MOVE,0,1.0,0.04705883,301713107,134.7002,918.1279
MOVE,0,1.0,0.04117647,301713114,128.48828,910.1094
MOVE,0,1.0,0.04705883,301713121,123.12207,903.2705
MOVE,0,1.0,0.037254903,301713130,117.993164,896.43066
MOVE,0,1.0,0.037254903,301713138,113.24707,890.1465
MOVE,0,1.0,0.037254903,301713146,109.16016,884.7197
MOVE,0,1.0,0.037254903,301713155,105.86426,880.4346
MOVE,0,1.0,0.037254903,301713163,103.62305,877.29297
MOVE,0,1.0,0.037254903,301713172,102.30469,874.7217
MOVE,0,1.0,0.037254903,301713180,101.118164,873.29395
MOVE,0,1.0,0.037254903,301713188,100.19531,872.72266
MOVE,0,1.0,0.037254903,301713192,99.93164,872.4365
MOVE,0,1.0,0.037254903,301713241,100.881836,872.4365
MOVE,0,1.0,0.037254903,301713242,100.98633,872.4365
MOVE,0,1.0,0.03137255,301713316,100.00195,873.42773
MOVE,0,1.0,0.027450982,301713317,99.93164,873.5791
UP,0,1.0,0.027450982,301713326,99.93164,873.5791
MOVE,0,1.0,0.025490198,301713943,241.62402,1173.1973
MOVE,0,1.0,0.03137255,301713952,229.25488,1145.7871
MOVE,0,1.0,0.025490198,301713960,217.38477,1121.1934
MOVE,0,1.0,0.027450982,301713968,206.30176,1097.7588
MOVE,0,1.0,0.03529412,301713977,196.01074,1075.4668
MOVE,0,1.0,0.027450982,301713985,187.29395,1056.5801
MOVE,0,1.0,0.025490198,301713993,178.85352,1038.293
MOVE,0,1.0,0.037254903,301714002,169.63379,1020.0117
MOVE,0,1.0,0.03137255,301714010,159.88281,1002.2959
MOVE,0,1.0,0.037254903,301714018,151.09863,987.1738
MOVE,0,1.0,0.027450982,301714026,139.8252,968.16504
MOVE,0,1.0,0.023529414,301714035,127.208984,948.6006
MOVE,0,1.0,0.023529414,301714043,118.38086,935.4785
MOVE,0,1.0,0.01764706,301714050,111.833984,924.8008
MOVE,0,1.0,0.0058823535,301714052,110.21484,922.1387
UP,0,1.0,0.0058823535,301714060,110.21484,922.1387
DOWN,0,1.0,0.03137255,301714269,232.29492,1144.9414
MOVE,0,1.0,0.03137255,301714301,231.31055,1141.8164
MOVE,0,1.0,0.025490198,301714306,230.18555,1139.5146
MOVE,0,1.0,0.027450982,301714315,226.26855,1131.3135
MOVE,0,1.0,0.03137255,301714325,217.12793,1111.0801
MOVE,0,1.0,0.03137255,301714335,206.53906,1087.4297
MOVE,0,1.0,0.027450982,301714344,198.88477,1069.1426
MOVE,0,1.0,0.03137255,301714352,191.23828,1051.9932
MOVE,0,1.0,0.037254903,301714360,184.375,1034.8545
MOVE,0,1.0,0.037254903,301714368,178.33496,1021.74316
MOVE,0,1.0,0.037254903,301714375,173.2998,1012.1572
MOVE,0,1.0,0.037254903,301714383,168.84961,1003.2754
MOVE,0,1.0,0.037254903,301714390,165.41895,995.41406
MOVE,0,1.0,0.037254903,301714398,162.81738,987.8369
MOVE,0,1.0,0.03529412,301714406,160.44434,980.41016
MOVE,0,1.0,0.037254903,301714415,158.20312,974.126
MOVE,0,1.0,0.03137255,301714423,156.22559,968.9844
MOVE,0,1.0,0.03137255,301714432,154.24805,964.7002
MOVE,0,1.0,0.037254903,301714440,152.53418,961.5576
MOVE,0,1.0,0.037254903,301714448,151.08398,958.9873
MOVE,0,1.0,0.037254903,301714456,149.37012,956.13086
MOVE,0,1.0,0.037254903,301714465,147.52441,953.2744
MOVE,0,1.0,0.037254903,301714473,145.2832,949.8467
MOVE,0,1.0,0.037254903,301714481,142.38281,945.84766
MOVE,0,1.0,0.04117647,301714490,139.35059,941.84863
MOVE,0,1.0,0.04117647,301714498,136.8457,937.8496
MOVE,0,1.0,0.04117647,301714507,134.60449,934.13574
MOVE,0,1.0,0.04117647,301714515,132.49512,931.5654
MOVE,0,1.0,0.04117647,301714523,130.78125,930.42285
MOVE,0,1.0,0.03529412,301714532,129.33105,929.85156
MOVE,0,1.0,0.03529412,301714540,128.27637,929.5654
MOVE,0,1.0,0.03137255,301714548,127.353516,929.5654
MOVE,0,1.0,0.023529414,301714556,126.82617,929.2803
MOVE,0,1.0,0.013725491,301714561,126.82617,928.99414
UP,0,1.0,0.013725491,301714569,126.82617,928.99414
MOVE,0,1.0,0.023529414,301715787,210.8086,1087.5322
MOVE,0,1.0,0.037254903,301715796,197.88281,1057.831
MOVE,0,1.0,0.037254903,301715804,187.05176,1030.9521
MOVE,0,1.0,0.027450982,301715812,177.28516,1007.4951
MOVE,0,1.0,0.025490198,301715821,168.57324,984.07227
MOVE,0,1.0,0.023529414,301715829,163.00488,962.9121
MOVE,0,1.0,0.0058823535,301715829,162.94922,962.7002
UP,0,1.0,0.0058823535,301715837,162.94922,962.7002
DOWN,0,1.0,0.025490198,301715979,244.42383,1050.6787
MOVE,0,1.0,0.027450982,301715995,244.42383,1050.6787
MOVE,0,1.0,0.027450982,301716000,244.42383,1050.6787
MOVE,0,1.0,0.037254903,301716008,245.61035,1051.8213
MOVE,0,1.0,0.037254903,301716017,246.1377,1053.25
MOVE,0,1.0,0.037254903,301716025,246.40137,1054.6777
MOVE,0,1.0,0.037254903,301716033,246.5332,1055.8203
MOVE,0,1.0,0.037254903,301716042,246.5332,1057.249
MOVE,0,1.0,0.037254903,301716050,246.40137,1058.3916
MOVE,0,1.0,0.04117647,301716058,246.1377,1059.248
MOVE,0,1.0,0.037254903,301716067,245.61035,1059.8193
MOVE,0,1.0,0.037254903,301716075,243.50098,1058.6768
MOVE,0,1.0,0.03137255,301716083,238.22754,1054.1064
MOVE,0,1.0,0.03137255,301716092,228.70996,1044.0674
MOVE,0,1.0,0.04117647,301716102,215.58594,1028.6797
MOVE,0,1.0,0.04117647,301716111,204.41406,1015.06445
MOVE,0,1.0,0.037254903,301716119,194.87402,1002.05566
MOVE,0,1.0,0.03529412,301716127,186.10645,989.33594
MOVE,0,1.0,0.04117647,301716135,178.10449,977.7363
MOVE,0,1.0,0.037254903,301716144,170.47168,965.8867
MOVE,0,1.0,0.037254903,301716151,165.16992,957.3115
MOVE,0,1.0,0.037254903,301716158,161.09375,950.4004
MOVE,0,1.0,0.04117647,301716167,157.14844,943.5625
MOVE,0,1.0,0.037254903,301716175,153.98438,937.2783
MOVE,0,1.0,0.037254903,301716184,151.21582,931.2793
MOVE,0,1.0,0.04705883,301716192,148.44727,926.1377
MOVE,0,1.0,0.04705883,301716200,145.67871,921.8535
MOVE,0,1.0,0.04705883,301716209,143.04199,918.4258
MOVE,0,1.0,0.04705883,301716217,140.80078,915.8545
MOVE,0,1.0,0.04705883,301716225,139.35059,913.85547
MOVE,0,1.0,0.04705883,301716234,138.55957,912.42676
MOVE,0,1.0,0.04705883,301716242,138.03223,911.5703
MOVE,0,1.0,0.04705883,301716250,137.76855,910.999
MOVE,0,1.0,0.04705883,301716259,137.24121,910.42773
MOVE,0,1.0,0.04705883,301716267,136.58203,910.1416
MOVE,0,1.0,0.04705883,301716275,135.65918,910.1416
MOVE,0,1.0,0.04705883,301716284,134.20898,910.1416
MOVE,0,1.0,0.04117647,301716292,132.62695,909.85645
MOVE,0,1.0,0.04117647,301716300,131.04492,909.28516
MOVE,0,1.0,0.037254903,301716309,129.19922,908.71387
MOVE,0,1.0,0.027450982,301716317,126.82617,908.42773
MOVE,0,1.0,0.01764706,301716321,125.50781,908.42773
UP,0,1.0,0.01764706,301716329,125.50781,908.42773
DOWN,0,1.0,0.015686275,301719143,242.8418,1216.9238
MOVE,0,1.0,0.023529414,301719165,240.71289,1212.3125
MOVE,0,1.0,0.027450982,301719170,239.01855,1207.7832
MOVE,0,1.0,0.01764706,301719179,234.80762,1197.1729
MOVE,0,1.0,0.03137255,301719189,223.96777,1169.6279
MOVE,0,1.0,0.027450982,301719199,206.60547,1120.8047
MOVE,0,1.0,0.03137255,301719208,192.62012,1078.5234
MOVE,0,1.0,0.037254903,301719216,178.38477,1037.9443
MOVE,0,1.0,0.037254903,301719224,164.14648,1001.9082
MOVE,0,1.0,0.027450982,301719233,149.125,969.31055
MOVE,0,1.0,0.025490198,301719241,134.61816,941.2715
MOVE,0,1.0,0.023529414,301719249,120.89844,916.6719
MOVE,0,1.0,0.01764706,301719258,109.53711,895.5
MOVE,0,1.0,0.013725491,301719258,109.42383,895.2881
UP,0,1.0,0.013725491,301719266,109.42383,895.2881
DOWN,0,1.0,0.027450982,301719433,209.0918,1024.3994
MOVE,0,1.0,0.025490198,301719457,209.54883,1026.458
MOVE,0,1.0,0.037254903,301719462,209.88281,1028.3984
MOVE,0,1.0,0.037254903,301719471,210.67383,1032.3975
MOVE,0,1.0,0.03137255,301719479,212.5293,1041.7148
MOVE,0,1.0,0.03137255,301719490,217.58691,1063.7236
MOVE,0,1.0,0.03137255,301719500,224.06543,1089.875
MOVE,0,1.0,0.037254903,301719508,230.9082,1112.1553
MOVE,0,1.0,0.037254903,301719517,238.02441,1132.7383
MOVE,0,1.0,0.03137255,301719525,245.14355,1152.1738
MOVE,0,1.0,0.025490198,301719533,250.36816,1168.001
MOVE,0,1.0,0.023529414,301719541,254.7461,1180.1533
MOVE,0,1.0,0.027450982,301719548,258.12012,1189.0059
MOVE,0,1.0,0.03137255,301719555,261.16992,1195.748
MOVE,0,1.0,0.03137255,301719562,263.54004,1201.499
MOVE,0,1.0,0.025490198,301719571,264.8584,1206.3555
MOVE,0,1.0,0.025490198,301719579,265.51758,1209.4971
MOVE,0,1.0,0.025490198,301719588,266.04492,1210.6396
MOVE,0,1.0,0.025490198,301719596,265.9131,1210.0684
MOVE,0,1.0,0.03137255,301719604,264.33105,1206.9268
MOVE,0,1.0,0.023529414,301719613,260.46777,1198.5557
MOVE,0,1.0,0.025490198,301719623,252.58789,1179.4102
MOVE,0,1.0,0.037254903,301719633,240.30762,1150.3232
MOVE,0,1.0,0.03137255,301719642,229.76367,1125.7637
MOVE,0,1.0,0.025490198,301719650,220.26074,1101.7637
MOVE,0,1.0,0.027450982,301719658,212.07422,1080.0312
MOVE,0,1.0,0.04117647,301719667,202.85645,1059.4541
MOVE,0,1.0,0.037254903,301719675,193.88867,1040.0186
MOVE,0,1.0,0.037254903,301719683,183.87988,1020.0293
MOVE,0,1.0,0.037254903,301719692,172.29395,1002.2959
MOVE,0,1.0,0.037254903,301719700,160.95312,984.0205
MOVE,0,1.0,0.03137255,301719708,150.65918,965.73926
MOVE,0,1.0,0.027450982,301719717,140.6377,948.58984
MOVE,0,1.0,0.04117647,301719725,131.5957,933.47266
MOVE,0,1.0,0.027450982,301719733,119.82422,914.99316
MOVE,0,1.0,0.037254903,301719742,105.3418,896.03613
MOVE,0,1.0,0.037254903,301719750,91.109375,878.3262
MOVE,0,1.0,0.037254903,301719758,74.0,857.78906
MOVE,0,1.0,0.01764706,301719766,55.033203,836.6572
MOVE,0,1.0,0.01764706,301719766,54.84375,836.4453
UP,0,1.0,0.01764706,301719775,54.84375,836.4453
DOWN,0,1.0,0.023529414,301720177,250.22461,1174.0771
MOVE,0,1.0,0.025490198,301720191,249.9961,1173.582
MOVE,0,1.0,0.025490198,301720197,249.56543,1172.6494
MOVE,0,1.0,0.027450982,301720205,247.9834,1169.5068
MOVE,0,1.0,0.023529414,301720213,244.55566,1163.5088
MOVE,0,1.0,0.03137255,301720223,233.94336,1145.9258
MOVE,0,1.0,0.027450982,301720234,207.72363,1103.0146
MOVE,0,1.0,0.025490198,301720242,188.4541,1068.166
MOVE,0,1.0,0.03137255,301720251,171.0332,1035.0137
MOVE,0,1.0,0.037254903,301720259,157.28516,1008.666
MOVE,0,1.0,0.027450982,301720267,144.35742,982.95215
MOVE,0,1.0,0.027450982,301720276,133.0039,960.07227
MOVE,0,1.0,0.03137255,301720284,123.23242,941.1797
MOVE,0,1.0,0.027450982,301720292,113.737305,924.0244
MOVE,0,1.0,0.027450982,301720300,105.92871,910.9131
MOVE,0,1.0,0.03137255,301720307,99.16797,899.6748
MOVE,0,1.0,0.03137255,301720315,92.11035,888.9922
MOVE,0,1.0,0.03137255,301720323,85.26758,880.1211
MOVE,0,1.0,0.027450982,301720330,78.47656,872.6465
MOVE,0,1.0,0.015686275,301720338,73.30078,867.00977
MOVE,0,1.0,0.013725491,301720342,71.19141,864.4385
UP,0,1.0,0.013725491,301720350,71.19141,864.4385
DOWN,0,1.0,0.025490198,301720518,232.82227,1115.8057
MOVE,0,1.0,0.03137255,301720533,232.82227,1116.3018
MOVE,0,1.0,0.03137255,301720538,233.21777,1116.9482
MOVE,0,1.0,0.037254903,301720547,234.14062,1119.2334
MOVE,0,1.0,0.037254903,301720555,235.06348,1123.2324
MOVE,0,1.0,0.025490198,301720564,236.7666,1132.1289
MOVE,0,1.0,0.023529414,301720574,240.49121,1153.0264
MOVE,0,1.0,0.027450982,301720584,244.39258,1177.3047
MOVE,0,1.0,0.03137255,301720593,248.07812,1196.169
MOVE,0,1.0,0.023529414,301720601,251.24805,1214.456
MOVE,0,1.0,0.01764706,301720609,255.19531,1233.8682
MOVE,0,1.0,0.01764706,301720618,259.0996,1249.6953
MOVE,0,1.0,0.01764706,301720625,262.23633,1261.2295
MOVE,0,1.0,0.023529414,301720632,265.53613,1271.9014
MOVE,0,1.0,0.01764706,301720641,271.29492,1285.001
MOVE,0,1.0,0.01764706,301720649,276.80762,1299.0273
MOVE,0,1.0,0.01764706,301720658,281.69043,1312.5127
MOVE,0,1.0,0.023529414,301720666,285.5752,1323.1953
MOVE,0,1.0,0.023529414,301720673,288.38672,1331.6357
MOVE,0,1.0,0.023529414,301720680,290.34668,1339.0986
MOVE,0,1.0,0.023529414,301720689,291.6211,1345.75
MOVE,0,1.0,0.023529414,301720697,292.67578,1351.4629
MOVE,0,1.0,0.023529414,301720705,293.73047,1355.7471
MOVE,0,1.0,0.015686275,301720714,294.78516,1358.0322
MOVE,0,1.0,0.023529414,301720722,295.57617,1359.1748
MOVE,0,1.0,0.023529414,301720730,296.3672,1359.7461
MOVE,0,1.0,0.015686275,301720739,296.7627,1359.4609
MOVE,0,1.0,0.023529414,301720747,296.3672,1358.0322
MOVE,0,1.0,0.023529414,301720756,296.10352,1354.6045
MOVE,0,1.0,0.023529414,301720764,295.97168,1349.4629
MOVE,0,1.0,0.023529414,301720772,295.18066,1343.75
MOVE,0,1.0,0.027450982,301720780,292.80762,1337.752
MOVE,0,1.0,0.023529414,301720789,289.1162,1331.1816
MOVE,0,1.0,0.01764706,301720797,284.03906,1321.9541
MOVE,0,1.0,0.01764706,301720807,276.3828,1306.5615
MOVE,0,1.0,0.023529414,301720817,268.0703,1289.7109
MOVE,0,1.0,0.023529414,301720825,260.1084,1274.5713
MOVE,0,1.0,0.023529414,301720834,251.42578,1259.6445
MOVE,0,1.0,0.023529414,301720842,244.96094,1246.081
MOVE,0,1.0,0.025490198,301720850,239.38574,1230.582
MOVE,0,1.0,0.023529414,301720859,234.28516,1213.7295
MOVE,0,1.0,0.027450982,301720867,229.98535,1198.6533
MOVE,0,1.0,0.025490198,301720875,226.59375,1187.541
MOVE,0,1.0,0.025490198,301720882,224.06543,1176.0273
MOVE,0,1.0,0.027450982,301720891,220.8623,1161.6709
MOVE,0,1.0,0.027450982,301720900,218.69531,1148.1855
MOVE,0,1.0,0.03137255,301720908,216.10742,1135.9229
MOVE,0,1.0,0.025490198,301720916,212.91895,1124.1924
MOVE,0,1.0,0.023529414,301720924,209.69238,1114.4326
MOVE,0,1.0,0.027450982,301720931,206.49023,1106.1006
MOVE,0,1.0,0.027450982,301720939,203.06543,1097.876
MOVE,0,1.0,0.03529412,301720947,199.99512,1090.3838
MOVE,0,1.0,0.03137255,301720956,197.3584,1083.8135
MOVE,0,1.0,0.03137255,301720964,195.24902,1078.6719
MOVE,0,1.0,0.03137255,301720972,193.40332,1074.959
MOVE,0,1.0,0.03137255,301720981,191.68945,1072.6738
MOVE,0,1.0,0.03137255,301720989,190.10742,1070.6738
MOVE,0,1.0,0.03137255,301720997,188.65723,1068.96
MOVE,0,1.0,0.03137255,301721006,187.4707,1067.5322
MOVE,0,1.0,0.03137255,301721014,186.54785,1066.1035
MOVE,0,1.0,0.027450982,301721022,185.625,1064.9609
MOVE,0,1.0,0.027450982,301721031,184.30664,1063.5332
MOVE,0,1.0,0.027450982,301721039,182.72461,1062.3906
MOVE,0,1.0,0.027450982,301721048,181.40625,1061.5332
MOVE,0,1.0,0.027450982,301721056,180.4834,1060.6768
MOVE,0,1.0,0.023529414,301721064,180.08789,1060.3906
MOVE,0,1.0,0.023529414,301721073,180.08789,1060.3906
MOVE,0,1.0,0.0058823535,301721077,180.08789,1060.3906
UP,0,1.0,0.0058823535,301721085,180.08789,1060.3906
MOVE,0,1.0,0.037254903,301724606,278.06055,1147.0723
MOVE,0,1.0,0.04117647,301724614,254.41699,1083.3105
MOVE,0,1.0,0.050980397,301724623,229.12012,1020.458
MOVE,0,1.0,0.05686275,301724631,203.02441,963.2715
MOVE,0,1.0,0.037254903,301724639,176.9209,916.8887
MOVE,0,1.0,0.037254903,301724648,148.72949,879.6631
MOVE,0,1.0,0.01764706,301724655,118.950195,843.66113
MOVE,0,1.0,0.01764706,301724655,118.65234,843.3008
UP,0,1.0,0.01764706,301724664,118.65234,843.3008
DOWN,0,1.0,0.04117647,301724798,203.81836,927.2803
MOVE,0,1.0,0.04509804,301724822,205.48926,930.4053
MOVE,0,1.0,0.050980397,301724827,206.58691,932.708
MOVE,0,1.0,0.04117647,301724836,208.82812,937.8496
MOVE,0,1.0,0.04117647,301724845,214.38477,951.2324
MOVE,0,1.0,0.04117647,301724856,228.59473,983.792
MOVE,0,1.0,0.050980397,301724864,243.48535,1014.38477
MOVE,0,1.0,0.04509804,301724873,261.12207,1047.4912
MOVE,0,1.0,0.050980397,301724881,279.04883,1079.4941
MOVE,0,1.0,0.04117647,301724889,295.93457,1109.79
MOVE,0,1.0,0.04117647,301724898,310.46094,1136.6748
MOVE,0,1.0,0.04117647,301724906,322.09082,1158.4355
MOVE,0,1.0,0.04705883,301724915,329.51562,1175.6201
MOVE,0,1.0,0.04509804,301724922,332.98047,1186.8115
MOVE,0,1.0,0.04117647,301724929,334.55078,1195.252
MOVE,0,1.0,0.04117647,301724936,336.55957,1203.8164
MOVE,0,1.0,0.04509804,301724944,338.1621,1210.6553
MOVE,0,1.0,0.04509804,301724952,339.3457,1216.3525
MOVE,0,1.0,0.04509804,301724961,339.87305,1220.0664
MOVE,0,1.0,0.04509804,301724969,339.21387,1220.9229
MOVE,0,1.0,0.04117647,301724977,336.70898,1218.0664
MOVE,0,1.0,0.04117647,301724986,330.07227,1208.3203
MOVE,0,1.0,0.04117647,301724997,313.5752,1182.3486
MOVE,0,1.0,0.04509804,301725006,289.7256,1145.8389
MOVE,0,1.0,0.050980397,301725015,267.8457,1110.4473
MOVE,0,1.0,0.04117647,301725023,247.00488,1072.1992
MOVE,0,1.0,0.04117647,301725031,228.78516,1036.751
MOVE,0,1.0,0.04509804,301725040,209.8086,1001.33105
MOVE,0,1.0,0.050980397,301725048,191.34668,966.47656
MOVE,0,1.0,0.04117647,301725056,173.41211,935.0215
MOVE,0,1.0,0.04117647,301725065,153.65527,908.6904
MOVE,0,1.0,0.03137255,301725073,132.05176,884.6738
MOVE,0,1.0,0.023529414,301725073,131.83594,884.4336
UP,0,1.0,0.023529414,301725081,131.83594,884.4336
DOWN,0,1.0,0.03529412,301725282,808.9453,1274.0527
MOVE,0,1.0,0.05686275,301725297,809.40234,1272.5664
MOVE,0,1.0,0.04509804,301725302,810.52734,1269.7686
MOVE,0,1.0,0.04117647,301725311,813.4922,1262.1709
MOVE,0,1.0,0.050980397,301725320,818.58984,1248.8623
MOVE,0,1.0,0.060784318,301725330,832.2178,1216.542
MOVE,0,1.0,0.060784318,301725340,855.1406,1163.1426
MOVE,0,1.0,0.05686275,301725348,876.75684,1113.4463
MOVE,0,1.0,0.060784318,301725357,897.5947,1066.5723
MOVE,0,1.0,0.050980397,301725365,915.292,1027.0791
MOVE,0,1.0,0.060784318,301725374,928.78125,994.44727
MOVE,0,1.0,0.060784318,301725382,937.791,968.6699
MOVE,0,1.0,0.064705886,301725390,943.501,953.4678
MOVE,0,1.0,0.064705886,301725397,944.3174,947.4756
MOVE,0,1.0,0.064705886,301725403,943.5498,947.2754
MOVE,0,1.0,0.060784318,301725411,940.2539,952.417
MOVE,0,1.0,0.064705886,301725420,931.3154,968.5078
MOVE,0,1.0,0.07058824,301725432,907.2344,1014.2988
MOVE,0,1.0,0.064705886,301725440,877.5342,1073.5078
MOVE,0,1.0,0.064705886,301725449,844.3457,1149.8887
MOVE,0,1.0,0.068627454,301725457,816.083,1227.5723
MOVE,0,1.0,0.064705886,301725465,791.2637,1309.2275
MOVE,0,1.0,0.054901965,301725474,771.17676,1389.79
MOVE,0,1.0,0.060784318,301725482,757.40234,1466.9482
MOVE,0,1.0,0.05686275,301725490,748.1299,1542.9414
MOVE,0,1.0,0.05686275,301725498,742.29395,1615.5293
MOVE,0,1.0,0.037254903,301725506,739.8867,1662.6318
MOVE,0,1.0,0.037254903,301725506,739.8633,1663.1006
UP,0,1.0,0.037254903,301725515,739.8633,1663.1006
DOWN,0,1.0,0.050980397,301725657,786.00586,1426.0156
MOVE,0,1.0,0.064705886,301725681,786.6924,1420.9082
MOVE,0,1.0,0.060784318,301725686,787.8711,1415.6484
MOVE,0,1.0,0.064705886,301725696,791.8906,1401.4619
MOVE,0,1.0,0.068627454,301725707,806.3584,1356.5605
MOVE,0,1.0,0.064705886,301725715,832.6836,1282.1992
MOVE,0,1.0,0.064705886,301725724,864.5244,1200.6025
MOVE,0,1.0,0.064705886,301725732,904.5215,1110.4238
MOVE,0,1.0,0.060784318,301725740,947.4707,1021.292
MOVE,0,1.0,0.04509804,301725749,986.5332,932.7363
MOVE,0,1.0,0.01764706,301725757,1017.2041,847.5801
MOVE,0,1.0,0.01764706,301725757,1017.50977,846.7285
UP,0,1.0,0.01764706,301725765,1017.50977,846.7285
DOWN,0,1.0,0.025490198,301725916,253.91602,1241.4893
MOVE,0,1.0,0.03137255,301725931,252.7373,1239.0117
MOVE,0,1.0,0.03137255,301725937,251.01562,1235.2051
MOVE,0,1.0,0.027450982,301725945,245.7461,1224.7461
MOVE,0,1.0,0.037254903,301725956,235.02832,1205.0244
MOVE,0,1.0,0.027450982,301725966,209.07031,1159.081
MOVE,0,1.0,0.03137255,301725974,172.80566,1095.3076
MOVE,0,1.0,0.025490198,301725982,137.46289,1033.5859
MOVE,0,1.0,0.027450982,301725991,106.30762,977.542
MOVE,0,1.0,0.01764706,301725999,61.359375,883.0967
MOVE,0,1.0,0.003921569,301725999,60.908203,882.14844
UP,0,1.0,0.003921569,301726007,60.908203,882.14844
DOWN,0,1.0,0.04117647,301726191,860.8887,1012.40234
MOVE,0,1.0,0.04509804,301726207,859.70996,1014.95605
MOVE,0,1.0,0.060784318,301726212,858.1201,1018.6865
MOVE,0,1.0,0.04509804,301726221,853.4248,1029.1465
MOVE,0,1.0,0.050980397,301726231,844.32227,1049.7822
MOVE,0,1.0,0.050980397,301726241,822.85645,1101.6094
MOVE,0,1.0,0.060784318,301726249,793.1592,1179.0127
MOVE,0,1.0,0.04509804,301726258,764.4082,1262.9297
MOVE,0,1.0,0.04117647,301726266,739.0615,1347.4746
MOVE,0,1.0,0.03137255,301726274,720.0137,1422.4111
MOVE,0,1.0,0.013725491,301726282,705.4678,1498.3809
MOVE,0,1.0,0.013725491,301726282,705.32227,1499.1406
UP,0,1.0,0.013725491,301726291,705.32227,1499.1406
DOWN,0,1.0,0.023529414,301726508,313.76953,1363.1738
MOVE,0,1.0,0.03137255,301726524,313.76953,1362.6787
MOVE,0,1.0,0.03137255,301726529,313.6377,1361.7461
MOVE,0,1.0,0.025490198,301726537,312.84668,1358.6035
MOVE,0,1.0,0.03137255,301726546,310.6621,1350.9102
MOVE,0,1.0,0.033333335,301726556,301.7168,1324.0312
MOVE,0,1.0,0.025490198,301726566,278.1162,1258.0566
MOVE,0,1.0,0.03137255,301726575,251.28418,1189.0508
MOVE,0,1.0,0.03529412,301726583,218.9082,1114.2686
MOVE,0,1.0,0.037254903,301726591,184.64941,1042.8232
MOVE,0,1.0,0.01764706,301726600,113.043945,916.55176
MOVE,0,1.0,0.003921569,301726600,112.32422,915.2832
UP,0,1.0,0.003921569,301726608,112.32422,915.2832
DOWN,0,1.0,0.025490198,301726775,812.9004,1474.0039
MOVE,0,1.0,0.03137255,301726799,813.8506,1469.3926
MOVE,0,1.0,0.04117647,301726804,814.7471,1464.5713
MOVE,0,1.0,0.04117647,301726813,817.4209,1451.4502
MOVE,0,1.0,0.04509804,301726824,827.4961,1407.8418
MOVE,0,1.0,0.04705883,301726833,846.7295,1330.7764
MOVE,0,1.0,0.050980397,301726842,870.4072,1243.5059
MOVE,0,1.0,0.04117647,301726850,899.09766,1147.6152
MOVE,0,1.0,0.03137255,301726858,928.6211,1054.4668
MOVE,0,1.0,0.013725491,301726866,963.6338,938.1572
MOVE,0,1.0,0.013725491,301726866,963.9844,936.9922
UP,0,1.0,0.013725491,301726875,963.9844,936.9922
DOWN,0,1.0,0.03137255,301727143,290.83008,1326.6113
MOVE,0,1.0,0.027450982,301727158,289.91504,1324.0576
MOVE,0,1.0,0.025490198,301727163,288.3252,1320.3271
MOVE,0,1.0,0.03137255,301727172,283.28125,1309.4385
MOVE,0,1.0,0.03137255,301727182,272.05176,1286.2988
MOVE,0,1.0,0.027450982,301727192,242.59375,1231.7207
MOVE,0,1.0,0.01764706,301727200,197.67773,1153.1562
MOVE,0,1.0,0.023529414,301727208,101.42676,985.52344
MOVE,0,1.0,0.023529414,301727208,100.458984,983.8379
UP,0,1.0,0.023529414,301727217,100.458984,983.8379
DOWN,0,1.0,0.03137255,301727343,912.56836,985.55176
MOVE,0,1.0,0.027450982,301727358,912.33984,987.5342
MOVE,0,1.0,0.03137255,301727363,911.6455,990.4082
MOVE,0,1.0,0.03137255,301727372,909.71875,998.7783
MOVE,0,1.0,0.025490198,301727382,906.1699,1015.2344
MOVE,0,1.0,0.027450982,301727392,897.4053,1059.5254
MOVE,0,1.0,0.037254903,301727400,882.1328,1132.7959
MOVE,0,1.0,0.03137255,301727409,865.0156,1214.959
MOVE,0,1.0,0.03137255,301727417,849.7041,1300.0518
MOVE,0,1.0,0.03137255,301727425,840.9365,1373.2969
MOVE,0,1.0,0.01764706,301727433,836.67285,1449.8154
MOVE,0,1.0,0.01764706,301727434,836.63086,1450.581
UP,0,1.0,0.01764706,301727442,836.63086,1450.581
DOWN,0,1.0,0.037254903,301727743,249.16992,1092.3828
MOVE,0,1.0,0.027450982,301727758,249.85645,1094.3652
MOVE,0,1.0,0.023529414,301727764,250.88379,1098.0957
MOVE,0,1.0,0.03137255,301727773,254.08594,1109.4248
MOVE,0,1.0,0.03137255,301727783,260.69922,1133.2275
MOVE,0,1.0,0.023529414,301727793,274.0918,1190.667
MOVE,0,1.0,0.013725491,301727801,313.11328,1397.0859
MOVE,0,1.0,0.013725491,301727801,313.50586,1399.165
UP,0,1.0,0.013725491,301727809,313.50586,1399.165
DOWN,0,1.0,0.04117647,301728060,854.2969,1067.8174
MOVE,0,1.0,0.037254903,301728084,852.88965,1072.8486
MOVE,0,1.0,0.03529412,301728089,850.68066,1080.1416
MOVE,0,1.0,0.04117647,301728100,844.31934,1101.0391
MOVE,0,1.0,0.04117647,301728110,835.6504,1132.6699
MOVE,0,1.0,0.04117647,301728118,819.13086,1197.4199
MOVE,0,1.0,0.027450982,301728126,798.08203,1290.8262
MOVE,0,1.0,0.025490198,301728134,762.63184,1469.919
MOVE,0,1.0,0.025490198,301728134,762.2754,1471.7188
UP,0,1.0,0.025490198,301728143,762.2754,1471.7188
DOWN,0,1.0,0.037254903,301728360,187.20703,1028.9697
MOVE,0,1.0,0.03529412,301728375,188.35059,1032.0195
MOVE,0,1.0,0.037254903,301728381,190.37402,1036.6885
MOVE,0,1.0,0.03137255,301728390,196.66504,1052.0322
MOVE,0,1.0,0.03137255,301728402,208.99414,1084.1279
MOVE,0,1.0,0.023529414,301728410,232.58496,1151.6885
MOVE,0,1.0,0.013725491,301728418,307.47852,1405.1807
MOVE,0,1.0,0.013725491,301728418,308.23242,1407.7344
UP,0,1.0,0.013725491,301728426,308.23242,1407.7344
DOWN,0,1.0,0.04117647,301729211,854.8242,1008.9746
MOVE,0,1.0,0.050980397,301729226,853.417,1011.4531
MOVE,0,1.0,0.05686275,301729232,851.3965,1015.5449
MOVE,0,1.0,0.050980397,301729241,845.11035,1028.5342
MOVE,0,1.0,0.060784318,301729252,832.39453,1057.9766
MOVE,0,1.0,0.060784318,301729261,805.7783,1125.9922
MOVE,0,1.0,0.04509804,301729269,769.2334,1232.9883
MOVE,0,1.0,0.04509804,301729278,737.2822,1341.5225
MOVE,0,1.0,0.03529412,301729285,691.2822,1518.502
MOVE,0,1.0,0.03529412,301729285,690.8203,1520.2783
UP,0,1.0,0.03529412,301729294,690.8203,1520.2783
DOWN,0,1.0,0.025490198,301729720,188.78906,1044.3945
MOVE,0,1.0,0.03529412,301729735,189.2461,1045.3857
MOVE,0,1.0,0.03529412,301729741,189.71191,1046.9658
MOVE,0,1.0,0.03137255,301729749,191.29395,1051.25
MOVE,0,1.0,0.04117647,301729757,194.0625,1058.1055
MOVE,0,1.0,0.04117647,301729767,199.91211,1073.8398
MOVE,0,1.0,0.04117647,301729778,211.375,1105.2773
MOVE,0,1.0,0.04117647,301729786,217.72949,1124.1865
MOVE,0,1.0,0.04117647,301729794,220.9414,1135.3955
MOVE,0,1.0,0.04509804,301729800,221.04883,1137.8652
MOVE,0,1.0,0.04705883,301729808,217.41699,1131.626
MOVE,0,1.0,0.04117647,301729818,200.47949,1100.0078
MOVE,0,1.0,0.04117647,301729828,165.11621,1042.624
MOVE,0,1.0,0.04705883,301729836,125.63965,980.4619
MOVE,0,1.0,0.04117647,301729845,91.30957,919.8877
MOVE,0,1.0,0.037254903,301729853,65.12402,865.55273
MOVE,0,1.0,0.025490198,301729861,36.149414,815.23926
MOVE,0,1.0,0.011764707,301729869,7.145508,780.2363
MOVE,0,1.0,0.011764707,301729869,6.8554688,779.8877
UP,0,1.0,0.011764707,301729878,6.8554688,779.8877
DOWN,0,1.0,0.025490198,301730104,842.959,1507.71
MOVE,0,1.0,0.037254903,301730119,842.959,1506.2236
MOVE,0,1.0,0.03137255,301730124,842.959,1503.4258
MOVE,0,1.0,0.037254903,301730133,843.2412,1495.0547
MOVE,0,1.0,0.037254903,301730143,844.8174,1478.0527
MOVE,0,1.0,0.037254903,301730153,850.7422,1425.4316
MOVE,0,1.0,0.04117647,301730162,862.09375,1339.4658
MOVE,0,1.0,0.03137255,301730170,877.86914,1238.502
MOVE,0,1.0,0.037254903,301730178,898.12695,1132.293
MOVE,0,1.0,0.013725491,301730186,927.5664,991.5332
MOVE,0,1.0,0.013725491,301730186,927.8613,990.1221
UP,0,1.0,0.013725491,301730195,927.8613,990.1221
DOWN,0,1.0,0.03529412,301730412,270.79102,1275.1953
MOVE,0,1.0,0.04117647,301730428,270.5625,1274.2041
MOVE,0,1.0,0.04117647,301730433,270.0,1271.7676
MOVE,0,1.0,0.03137255,301730442,267.9961,1264.8281
MOVE,0,1.0,0.04117647,301730451,262.97266,1251.125
MOVE,0,1.0,0.03529412,301730461,246.0332,1209.9502
MOVE,0,1.0,0.03137255,301730471,215.1875,1142.1592
MOVE,0,1.0,0.037254903,301730479,180.1748,1071.9482
MOVE,0,1.0,0.01764706,301730487,123.17969,957.56445
MOVE,0,1.0,0.01764706,301730487,122.60742,956.416
UP,0,1.0,0.01764706,301730495,122.60742,956.416
DOWN,0,1.0,0.050980397,301730638,874.33594,960.41504
MOVE,0,1.0,0.04117647,301730653,872.66504,962.89355
MOVE,0,1.0,0.04117647,301730658,870.9082,966.98535
MOVE,0,1.0,0.05686275,301730668,865.2031,979.9746
MOVE,0,1.0,0.050980397,301730679,854.1631,1008.3584
MOVE,0,1.0,0.04117647,301730687,832.1006,1073.4619
MOVE,0,1.0,0.04705883,301730696,801.34375,1174.7744
MOVE,0,1.0,0.04509804,301730704,773.1045,1279.292
MOVE,0,1.0,0.04117647,301730712,751.417,1370.8291
MOVE,0,1.0,0.03137255,301730720,726.1416,1484.293
MOVE,0,1.0,0.03137255,301730720,725.8887,1485.4297
UP,0,1.0,0.03137255,301730729,725.8887,1485.4297
DOWN,0,1.0,0.04117647,301730913,187.99805,961.5576
MOVE,0,1.0,0.04705883,301730928,188.45508,962.5488
MOVE,0,1.0,0.04117647,301730934,189.71191,964.7002
MOVE,0,1.0,0.04117647,301730942,193.27148,970.69824
MOVE,0,1.0,0.037254903,301730951,199.29102,982.59863
MOVE,0,1.0,0.04117647,301730962,216.11328,1020.5039
MOVE,0,1.0,0.037254903,301730971,246.51465,1092.8516
MOVE,0,1.0,0.03137255,301730979,277.59863,1173.2715
MOVE,0,1.0,0.037254903,301730988,307.66797,1260.0449
MOVE,0,1.0,0.025490198,301730996,330.93945,1338.9629
MOVE,0,1.0,0.027450982,301731004,346.83398,1405.3574
MOVE,0,1.0,0.013725491,301731012,355.3457,1464.8408
MOVE,0,1.0,0.013725491,301731012,355.4297,1465.4346
UP,0,1.0,0.013725491,301731021,355.4297,1465.4346
DOWN,0,1.0,0.03529412,301731264,796.28906,1515.1367
MOVE,0,1.0,0.03137255,301731279,796.28906,1513.6504
MOVE,0,1.0,0.037254903,301731284,796.28906,1511.4238
MOVE,0,1.0,0.04117647,301731292,796.4209,1505.1328
MOVE,0,1.0,0.037254903,301731301,797.1543,1493.3623
MOVE,0,1.0,0.04117647,301731312,799.78516,1458.4551
MOVE,0,1.0,0.05686275,301731322,806.24805,1391.2129
MOVE,0,1.0,0.05686275,301731330,813.6172,1314.8086
MOVE,0,1.0,0.04509804,301731338,824.39355,1226.3789
MOVE,0,1.0,0.03137255,301731347,839.38086,1133.3047
MOVE,0,1.0,0.013725491,301731354,857.28125,1023.7822
MOVE,0,1.0,0.013725491,301731354,857.46094,1022.68555
UP,0,1.0,0.013725491,301731363,857.46094,1022.68555
DOWN,0,1.0,0.037254903,301731656,218.32031,1094.668
MOVE,0,1.0,0.037254903,301731679,219.99121,1100.8418
MOVE,0,1.0,0.04509804,301731685,221.99707,1107.3232
MOVE,0,1.0,0.050980397,301731695,227.03711,1124.8115
MOVE,0,1.0,0.050980397,301731705,240.08691,1175.8936
MOVE,0,1.0,0.037254903,301731714,259.26074,1253.8467
MOVE,0,1.0,0.037254903,301731722,277.7256,1338.8994
MOVE,0,1.0,0.037254903,301731730,291.48438,1421.1943
MOVE,0,1.0,0.013725491,301731738,304.4121,1530.6074
MOVE,0,1.0,0.013725491,301731738,304.54102,1531.7041
UP,0,1.0,0.013725491,301731747,304.54102,1531.7041
DOWN,0,1.0,0.04509804,301732022,919.9512,894.7168
MOVE,0,1.0,0.04509804,301732038,918.08594,897.1953
MOVE,0,1.0,0.04509804,301732043,915.5967,901.86426
MOVE,0,1.0,0.050980397,301732053,907.4287,917.208
MOVE,0,1.0,0.04509804,301732064,890.29297,950.4346
MOVE,0,1.0,0.050980397,301732072,858.3096,1023.6621
MOVE,0,1.0,0.050980397,301732081,812.0459,1142.0391
MOVE,0,1.0,0.037254903,301732089,772.42676,1260.3018
MOVE,0,1.0,0.013725491,301732097,721.1299,1432.2881
MOVE,0,1.0,0.013725491,301732097,720.61523,1434.0137
UP,0,1.0,0.013725491,301732105,720.61523,1434.0137
DOWN,0,1.0,0.03137255,301732290,186.41602,984.4092
MOVE,0,1.0,0.03529412,301732305,187.10254,985.8965
MOVE,0,1.0,0.04117647,301732310,188.39355,988.9795
MOVE,0,1.0,0.037254903,301732319,192.29883,998.0371
MOVE,0,1.0,0.037254903,301732329,200.3291,1017.8418
MOVE,0,1.0,0.03137255,301732339,222.59668,1076.9805
MOVE,0,1.0,0.025490198,301732348,255.9541,1171.9805
MOVE,0,1.0,0.025490198,301732356,287.35254,1278.6973
MOVE,0,1.0,0.01764706,301732364,329.1709,1449.4385
MOVE,0,1.0,0.01764706,301732364,329.58984,1451.1523
UP,0,1.0,0.01764706,301732372,329.58984,1451.1523
DOWN,0,1.0,0.025490198,301732598,820.01953,1464.8633
MOVE,0,1.0,0.023529414,301732622,820.01953,1462.8057
MOVE,0,1.0,0.03137255,301732627,820.01953,1460.0078
MOVE,0,1.0,0.03137255,301732636,820.01953,1451.2354
MOVE,0,1.0,0.04117647,301732646,820.2178,1419.8525
MOVE,0,1.0,0.04509804,301732656,821.8496,1342.1621
MOVE,0,1.0,0.04509804,301732664,828.9131,1252.6699
MOVE,0,1.0,0.037254903,301732673,845.6904,1149.4033
MOVE,0,1.0,0.01764706,301732681,877.1836,1013.7617
MOVE,0,1.0,0.01764706,301732681,877.5,1012.40234
UP,0,1.0,0.01764706,301732689,877.5,1012.40234
DOWN,0,1.0,0.03137255,301732848,256.55273,1285.4785
MOVE,0,1.0,0.025490198,301732864,255.86621,1281.9336
MOVE,0,1.0,0.025490198,301732869,254.41895,1276.8252
MOVE,0,1.0,0.025490198,301732879,249.52637,1260.8271
MOVE,0,1.0,0.03137255,301732890,237.92969,1229.7432
MOVE,0,1.0,0.025490198,301732898,211.72852,1168.9756
MOVE,0,1.0,0.013725491,301732906,112.53223,951.749
MOVE,0,1.0,0.013725491,301732906,111.5332,949.56055
UP,0,1.0,0.013725491,301732915,111.5332,949.56055
DOWN,0,1.0,0.04117647,301733115,897.53906,918.71094
MOVE,0,1.0,0.05686275,301733139,895.18164,923.81836
MOVE,0,1.0,0.04509804,301733145,893.1572,929.0781
MOVE,0,1.0,0.04509804,301733154,888.20215,942.78125
MOVE,0,1.0,0.050980397,301733165,871.9385,987.5615
MOVE,0,1.0,0.05686275,301733174,842.18945,1071.0166
MOVE,0,1.0,0.04509804,301733182,810.8408,1169.6611
MOVE,0,1.0,0.04117647,301733190,780.76953,1279.2402
MOVE,0,1.0,0.03529412,301733199,758.01953,1376.4854
MOVE,0,1.0,0.03137255,301733207,743.958,1453.8086
MOVE,0,1.0,0.023529414,301733215,734.94336,1519.6211
MOVE,0,1.0,0.023529414,301733215,734.8535,1520.2783
UP,0,1.0,0.023529414,301733223,734.8535,1520.2783
DOWN,0,1.0,0.04117647,301733408,160.3125,1004.4043
MOVE,0,1.0,0.03529412,301733423,160.99902,1006.3867
MOVE,0,1.0,0.04117647,301733428,162.1582,1010.1172
MOVE,0,1.0,0.04117647,301733437,165.45898,1021.00684
MOVE,0,1.0,0.037254903,301733448,172.17773,1043.2021
MOVE,0,1.0,0.03137255,301733457,189.15527,1099.2783
MOVE,0,1.0,0.03137255,301733466,215.15918,1188.0391
MOVE,0,1.0,0.027450982,301733474,243.61133,1285.6445
MOVE,0,1.0,0.025490198,301733482,267.6504,1378.8105
MOVE,0,1.0,0.013725491,301733490,294.5166,1497.9463
MOVE,0,1.0,0.013725491,301733490,294.78516,1499.1406
UP,0,1.0,0.013725491,301733499,294.78516,1499.1406
DOWN,0,1.0,0.025490198,301733608,742.5,1469.4336
MOVE,0,1.0,0.037254903,301733631,743.1865,1460.706
MOVE,0,1.0,0.037254903,301733637,744.2031,1451.8213
MOVE,0,1.0,0.037254903,301733648,747.1172,1426.5586
MOVE,0,1.0,0.037254903,301733657,755.8633,1362.0771
MOVE,0,1.0,0.03529412,301733666,773.4365,1257.3936
MOVE,0,1.0,0.01764706,301733674,821.3828,1022.75977
MOVE,0,1.0,0.01764706,301733674,821.86523,1020.4004
UP,0,1.0,0.01764706,301733682,821.86523,1020.4004
DOWN,0,1.0,0.03137255,301733908,221.48438,1317.4707
MOVE,0,1.0,0.03529412,301733923,220.53418,1314.4219
MOVE,0,1.0,0.037254903,301733929,218.97949,1310.044
MOVE,0,1.0,0.03137255,301733938,213.88184,1296.7686
MOVE,0,1.0,0.023529414,301733949,202.66797,1269.9727
MOVE,0,1.0,0.027450982,301733958,176.91309,1212.3477
MOVE,0,1.0,0.013725491,301733966,80.86035,1007.6094
MOVE,0,1.0,0.013725491,301733966,79.89258,1005.5469
UP,0,1.0,0.013725491,301733974,79.89258,1005.5469
DOWN,0,1.0,0.037254903,301734184,864.3164,913.56934
MOVE,0,1.0,0.04117647,301734199,864.0879,914.56055
MOVE,0,1.0,0.04117647,301734204,863.5254,916.1406
MOVE,0,1.0,0.04117647,301734212,861.94336,920.71094
MOVE,0,1.0,0.04117647,301734221,859.5459,928.50684
MOVE,0,1.0,0.050980397,301734230,852.4248,950.8174
MOVE,0,1.0,0.04117647,301734241,831.79785,1011.3174
MOVE,0,1.0,0.04117647,301734250,808.1279,1080.2656
MOVE,0,1.0,0.037254903,301734258,779.95996,1165.2275
MOVE,0,1.0,0.03137255,301734267,753.5742,1253.1777
MOVE,0,1.0,0.037254903,301734275,732.6885,1336.0664
MOVE,0,1.0,0.023529414,301734283,716.2959,1413.2471
MOVE,0,1.0,0.023529414,301734283,716.1328,1414.0186
UP,0,1.0,0.023529414,301734291,716.1328,1414.0186
DOWN,0,1.0,0.037254903,301734500,204.3457,1126.6602
MOVE,0,1.0,0.027450982,301734516,204.3457,1128.1475
MOVE,0,1.0,0.025490198,301734521,204.60938,1130.6592
MOVE,0,1.0,0.03137255,301734529,205.5332,1137.2354
MOVE,0,1.0,0.025490198,301734538,207.39453,1149.0059
MOVE,0,1.0,0.037254903,301734549,213.52832,1182.0254
MOVE,0,1.0,0.03137255,301734559,225.07031,1241.5176
MOVE,0,1.0,0.03137255,301734567,235.35645,1302.0117
MOVE,0,1.0,0.03137255,301734575,241.72363,1363.1338
MOVE,0,1.0,0.025490198,301734584,241.78711,1416.3438
MOVE,0,1.0,0.027450982,301734592,237.34961,1460.9902
MOVE,0,1.0,0.025490198,301734600,228.69043,1497.6328
MOVE,0,1.0,0.013725491,301734608,211.63672,1548.9004
MOVE,0,1.0,0.003921569,301734609,211.46484,1549.4141
UP,0,1.0,0.003921569,301734617,211.46484,1549.4141
DOWN,0,1.0,0.037254903,301734717,769.13086,1481.4307
MOVE,0,1.0,0.037254903,301734741,769.5879,1475.752
MOVE,0,1.0,0.037254903,301734746,769.92676,1470.4922
MOVE,0,1.0,0.04117647,301734755,771.3154,1457.2637
MOVE,0,1.0,0.04117647,301734766,777.11523,1417.1777
MOVE,0,1.0,0.04705883,301734775,790.1006,1343.3047
MOVE,0,1.0,0.04117647,301734784,807.4531,1259.4678
MOVE,0,1.0,0.03529412,301734792,829.8154,1166.4395
MOVE,0,1.0,0.03137255,301734801,854.5762,1075.0156
MOVE,0,1.0,0.01764706,301734808,886.6709,959.85547
MOVE,0,1.0,0.01764706,301734808,886.9922,958.7012
UP,0,1.0,0.01764706,301734817,886.9922,958.7012
DOWN,0,1.0,0.03137255,301734968,198.28125,1271.7676
MOVE,0,1.0,0.03137255,301734983,197.36621,1268.7188
MOVE,0,1.0,0.025490198,301734988,196.03809,1264.0488
MOVE,0,1.0,0.03137255,301734998,192.27148,1249.9795
MOVE,0,1.0,0.025490198,301735009,183.8584,1223.6543
MOVE,0,1.0,0.01764706,301735017,166.28711,1173.9971
MOVE,0,1.0,0.0058823535,301735025,107.90234,997.6113
MOVE,0,1.0,0.0058823535,301735025,107.31445,995.83496
UP,0,1.0,0.0058823535,301735034,107.31445,995.83496
DOWN,0,1.0,0.04117647,301735226,911.25,928.42285
MOVE,0,1.0,0.037254903,301735242,910.79297,929.91016
MOVE,0,1.0,0.05686275,301735247,909.7998,931.8506
MOVE,0,1.0,0.04117647,301735255,907.5586,936.9922
MOVE,0,1.0,0.04117647,301735264,904.16016,945.8281
MOVE,0,1.0,0.04117647,301735274,894.71484,971.9072
MOVE,0,1.0,0.04117647,301735284,871.89746,1035.8428
MOVE,0,1.0,0.04117647,301735293,845.5957,1105.9629
MOVE,0,1.0,0.03529412,301735301,816.0957,1190.3701
MOVE,0,1.0,0.03137255,301735309,791.2637,1273.2246
MOVE,0,1.0,0.01764706,301735317,763.86816,1376.4219
MOVE,0,1.0,0.01764706,301735317,763.59375,1377.456
UP,0,1.0,0.01764706,301735326,763.59375,1377.456
DOWN,0,1.0,0.037254903,301735527,214.10156,1067.2461
MOVE,0,1.0,0.03137255,301735542,214.78809,1069.2285
MOVE,0,1.0,0.037254903,301735547,216.0791,1072.6738
MOVE,0,1.0,0.03137255,301735556,219.62598,1082.8477
MOVE,0,1.0,0.04117647,301735566,226.55273,1103.0254
MOVE,0,1.0,0.037254903,301735576,242.95215,1153.6084
MOVE,0,1.0,0.04117647,301735585,266.07617,1228.1729
MOVE,0,1.0,0.03137255,301735593,287.71387,1304.708
MOVE,0,1.0,0.037254903,301735601,303.85254,1375.04
MOVE,0,1.0,0.03137255,301735610,312.10547,1431.169
MOVE,0,1.0,0.01764706,301735618,315.8418,1486.5898
MOVE,0,1.0,0.01764706,301735618,315.8789,1487.1436
UP,0,1.0,0.01764706,301735626,315.8789,1487.1436
DOWN,0,1.0,0.025490198,301735736,806.83594,1493.999
MOVE,0,1.0,0.025490198,301735767,808.542,1489.8828
MOVE,0,1.0,0.03137255,301735772,809.6045,1486.001
MOVE,0,1.0,0.037254903,301735782,813.6455,1468.3486
MOVE,0,1.0,0.04117647,301735793,825.1953,1416.7383
MOVE,0,1.0,0.03529412,301735802,838.3447,1360.3115
MOVE,0,1.0,0.03137255,301735810,855.9658,1290.1807
MOVE,0,1.0,0.04117647,301735818,877.0254,1210.2969
MOVE,0,1.0,0.03137255,301735827,903.0791,1123.5293
MOVE,0,1.0,0.03137255,301735835,931.2705,1036.6934
MOVE,0,1.0,0.01764706,301735843,955.56836,957.7754
MOVE,0,1.0,0.0058823535,301735851,970.16797,902.6924
MOVE,0,1.0,0.0058823535,301735851,970.3125,902.14355
UP,0,1.0,0.0058823535,301735860,970.3125,902.14355
DOWN,0,1.0,0.04117647,301736036,291.88477,1346.6064
MOVE,0,1.0,0.03137255,301736051,291.88477,1345.6152
MOVE,0,1.0,0.03137255,301736056,291.35742,1342.8936
MOVE,0,1.0,0.04117647,301736065,289.875,1335.2959
MOVE,0,1.0,0.03137255,301736074,286.01465,1320.0137
MOVE,0,1.0,0.037254903,301736085,272.2041,1272.7432
MOVE,0,1.0,0.03137255,301736094,246.78418,1199.3623
MOVE,0,1.0,0.023529414,301736102,215.46973,1122.8555
MOVE,0,1.0,0.015686275,301736110,161.64453,1000.4912
MOVE,0,1.0,0.015686275,301736110,161.10352,999.2627
UP,0,1.0,0.015686275,301736118,161.10352,999.2627
DOWN,0,1.0,0.037254903,301736328,897.80273,948.98926
MOVE,0,1.0,0.05686275,301736343,897.3457,950.47656
MOVE,0,1.0,0.04509804,301736348,896.6162,952.417
MOVE,0,1.0,0.04117647,301736357,894.7705,957.27344
MOVE,0,1.0,0.04705883,301736365,892.083,965.4414
MOVE,0,1.0,0.04117647,301736375,885.6992,987.4834
MOVE,0,1.0,0.03529412,301736386,869.9883,1039.9502
MOVE,0,1.0,0.04117647,301736394,852.36426,1094.6904
MOVE,0,1.0,0.03137255,301736402,831.82715,1159.1494
MOVE,0,1.0,0.027450982,301736411,810.999,1226.5332
MOVE,0,1.0,0.023529414,301736419,788.6035,1304.6914
MOVE,0,1.0,0.023529414,301736419,788.3789,1305.4736
UP,0,1.0,0.023529414,301736427,788.3789,1305.4736
DOWN,0,1.0,0.037254903,301736636,390.23438,1270.0537
MOVE,0,1.0,0.04117647,301736652,390.6914,1272.0361
MOVE,0,1.0,0.04117647,301736657,391.55273,1275.7666
MOVE,0,1.0,0.04705883,301736666,393.48828,1285.3955
MOVE,0,1.0,0.04117647,301736676,396.56934,1301.873
MOVE,0,1.0,0.03529412,301736685,402.7295,1339.9277
MOVE,0,1.0,0.037254903,301736694,411.2461,1398.0342
MOVE,0,1.0,0.01764706,301736703,429.6006,1521.8896
MOVE,0,1.0,0.003921569,301736703,429.78516,1523.1348
UP,0,1.0,0.003921569,301736711,429.78516,1523.1348
DOWN,0,1.0,0.023529414,301736912,806.57227,1453.4375
MOVE,0,1.0,0.025490198,301736927,806.57227,1451.9512
MOVE,0,1.0,0.03137255,301736932,806.7041,1449.1533
MOVE,0,1.0,0.03137255,301736941,807.25195,1441.1738
MOVE,0,1.0,0.04117647,301736950,808.7012,1425.8223
MOVE,0,1.0,0.037254903,301736961,814.0957,1381.6973
MOVE,0,1.0,0.037254903,301736970,824.40137,1306.7705
MOVE,0,1.0,0.04117647,301736978,838.3369,1221.7744
MOVE,0,1.0,0.03137255,301736986,855.9658,1129.2998
MOVE,0,1.0,0.023529414,301736994,881.98535,1003.38184
MOVE,0,1.0,0.023529414,301736994,882.2461,1002.11914
UP,0,1.0,0.023529414,301737003,882.2461,1002.11914
DOWN,0,1.0,0.025490198,301737162,301.64062,1430.0146
MOVE,0,1.0,0.04117647,301737177,301.64062,1429.0234
MOVE,0,1.0,0.03137255,301737182,301.64062,1426.873
MOVE,0,1.0,0.04117647,301737191,300.98145,1420.874
MOVE,0,1.0,0.03137255,301737200,298.95508,1408.9746
MOVE,0,1.0,0.04509804,301737211,290.31836,1371.0684
MOVE,0,1.0,0.04509804,301737220,273.06152,1302.6797
MOVE,0,1.0,0.037254903,301737228,253.32324,1233.6113
MOVE,0,1.0,0.037254903,301737237,229.3711,1162.7881
MOVE,0,1.0,0.03529412,301737245,202.50488,1095.3418
MOVE,0,1.0,0.027450982,301737253,164.9082,1013.791
MOVE,0,1.0,0.027450982,301737253,164.53125,1012.97363
UP,0,1.0,0.027450982,301737261,164.53125,1012.97363
DOWN,0,1.0,0.03529412,301737479,882.50977,948.98926
MOVE,0,1.0,0.04705883,301737494,882.05273,950.47656
MOVE,0,1.0,0.037254903,301737499,881.32324,952.417
MOVE,0,1.0,0.04117647,301737508,879.6094,956.9873
MOVE,0,1.0,0.04117647,301737516,877.0781,964.49805
MOVE,0,1.0,0.04117647,301737526,870.85547,984.5801
MOVE,0,1.0,0.050980397,301737537,855.48047,1035.9619
MOVE,0,1.0,0.04117647,301737545,839.4287,1088.9951
MOVE,0,1.0,0.05686275,301737553,820.9951,1149.4775
MOVE,0,1.0,0.04117647,301737562,802.5381,1212.2969
MOVE,0,1.0,0.04509804,301737570,785.125,1277.4004
MOVE,0,1.0,0.04117647,301737579,769.8115,1340.831
MOVE,0,1.0,0.037254903,301737587,758.4336,1395.7598
MOVE,0,1.0,0.03137255,301737595,751.0117,1441.5547
MOVE,0,1.0,0.025490198,301737603,747.2832,1471.4219
MOVE,0,1.0,0.013725491,301737611,746.20215,1492.0791
MOVE,0,1.0,0.013725491,301737611,746.1914,1492.2852
UP,0,1.0,0.013725491,301737620,746.1914,1492.2852
DOWN,0,1.0,0.03137255,301737788,215.41992,1030.1123
MOVE,0,1.0,0.04117647,301737811,217.35449,1033.6572
MOVE,0,1.0,0.037254903,301737817,218.71582,1037.5391
MOVE,0,1.0,0.04117647,301737825,221.875,1046.7666
MOVE,0,1.0,0.04509804,301737835,230.8623,1073.3721
MOVE,0,1.0,0.04509804,301737845,251.625,1134.127
MOVE,0,1.0,0.04117647,301737854,275.03906,1200.831
MOVE,0,1.0,0.037254903,301737862,301.8994,1277.2861
MOVE,0,1.0,0.027450982,301737871,325.92188,1350.4453
MOVE,0,1.0,0.023529414,301737879,344.17383,1415.0869
MOVE,0,1.0,0.003921569,301737887,358.19043,1472.8555
MOVE,0,1.0,0.003921569,301737887,358.33008,1473.4326
UP,0,1.0,0.003921569,301737895,358.33008,1473.4326
DOWN,0,1.0,0.01764706,301737996,801.8262,1450.0098
MOVE,0,1.0,0.025490198,301738020,802.81055,1447.456
MOVE,0,1.0,0.025490198,301738025,803.54004,1444.0117
MOVE,0,1.0,0.03137255,301738034,805.18555,1435.0693
MOVE,0,1.0,0.03137255,301738044,809.8711,1406.8057
MOVE,0,1.0,0.037254903,301738054,821.499,1339.2021
MOVE,0,1.0,0.037254903,301738062,835.1758,1266.7803
MOVE,0,1.0,0.037254903,301738071,851.7578,1183.4805
MOVE,0,1.0,0.03137255,301738079,872.02344,1100.6377
MOVE,0,1.0,0.03137255,301738088,895.459,1020.6289
MOVE,0,1.0,0.015686275,301738095,920.7529,933.2959
MOVE,0,1.0,0.015686275,301738095,921.00586,932.4219
UP,0,1.0,0.015686275,301738104,921.00586,932.4219
DOWN,0,1.0,0.03137255,301738255,306.6504,1385.4541
MOVE,0,1.0,0.04117647,301738270,305.96387,1382.9004
MOVE,0,1.0,0.04117647,301738275,304.67285,1378.8848
MOVE,0,1.0,0.04509804,301738285,301.05566,1367.2705
MOVE,0,1.0,0.037254903,301738295,293.208,1343.4668
MOVE,0,1.0,0.04117647,301738304,272.83203,1287.1582
MOVE,0,1.0,0.04117647,301738313,238.96289,1204.0469
MOVE,0,1.0,0.03137255,301738321,200.25098,1120.6387
MOVE,0,1.0,0.01764706,301738329,162.01367,1043.4521
MOVE,0,1.0,0.003921569,301738337,113.600586,943.7051
MOVE,0,1.0,0.003921569,301738337,113.115234,942.7051
UP,0,1.0,0.003921569,301738346,113.115234,942.7051
DOWN,0,1.0,0.03529412,301738488,902.28516,904.4287
MOVE,0,1.0,0.04117647,301738504,901.59863,905.4199
MOVE,0,1.0,0.04117647,301738509,901.09863,907.28516
MOVE,0,1.0,0.05686275,301738517,899.64844,912.7129
MOVE,0,1.0,0.04117647,301738526,897.36523,921.45215
MOVE,0,1.0,0.04117647,301738535,893.3721,943.8799
MOVE,0,1.0,0.03529412,301738546,884.43164,997.09766
MOVE,0,1.0,0.025490198,301738555,872.6094,1052.4102
MOVE,0,1.0,0.03137255,301738563,856.8281,1118.5703
MOVE,0,1.0,0.027450982,301738572,840.48535,1186.5371
MOVE,0,1.0,0.025490198,301738580,826.4873,1253.3896
MOVE,0,1.0,0.013725491,301738588,813.81836,1321.3613
MOVE,0,1.0,0.013725491,301738588,813.6914,1322.041
UP,0,1.0,0.013725491,301738596,813.6914,1322.041
DOWN,0,1.0,0.037254903,301738797,249.4336,1089.5264
MOVE,0,1.0,0.03137255,301738812,250.34863,1090.5176
MOVE,0,1.0,0.03137255,301738818,251.6748,1093.2402
MOVE,0,1.0,0.025490198,301738826,255.18164,1100.8369
MOVE,0,1.0,0.03137255,301738835,261.04004,1114.624
MOVE,0,1.0,0.023529414,301738846,276.3164,1151.8477
MOVE,0,1.0,0.01764706,301738854,331.94727,1294.3682
MOVE,0,1.0,0.01764706,301738855,332.49023,1295.7617
UP,0,1.0,0.01764706,301738863,332.49023,1295.7617
DOWN,0,1.0,0.03137255,301739089,837.9492,1434.0137
MOVE,0,1.0,0.037254903,301739104,837.9492,1432.5273
MOVE,0,1.0,0.03137255,301739110,838.08105,1430.0146
MOVE,0,1.0,0.037254903,301739118,838.7588,1422.7031
MOVE,0,1.0,0.037254903,301739127,840.7803,1408.916
MOVE,0,1.0,0.03137255,301739138,848.3418,1367.6865
MOVE,0,1.0,0.03529412,301739147,863.9053,1289.6436
MOVE,0,1.0,0.03137255,301739155,884.6748,1200.1113
MOVE,0,1.0,0.03137255,301739164,912.292,1100.8037
MOVE,0,1.0,0.01764706,301739172,940.2383,1007.0547
MOVE,0,1.0,0.0058823535,301739180,972.36426,890.1748
MOVE,0,1.0,0.0058823535,301739180,972.68555,889.0039
UP,0,1.0,0.0058823535,301739188,972.68555,889.0039
DOWN,0,1.0,0.025490198,301739306,281.86523,1376.3135
MOVE,0,1.0,0.03137255,301739321,281.4082,1374.331
MOVE,0,1.0,0.025490198,301739326,280.41504,1370.8867
MOVE,0,1.0,0.03137255,301739335,277.3125,1361.1328
MOVE,0,1.0,0.037254903,301739345,270.42383,1340.6787
MOVE,0,1.0,0.03529412,301739355,249.6289,1288.249
MOVE,0,1.0,0.025490198,301739364,216.80469,1212.542
MOVE,0,1.0,0.025490198,301739372,180.97363,1134.2988
MOVE,0,1.0,0.023529414,301739380,145.89746,1058.8594
MOVE,0,1.0,0.0058823535,301739388,102.99805,959.1299
MOVE,0,1.0,0.0058823535,301739388,102.56836,958.1299
UP,0,1.0,0.0058823535,301739397,102.56836,958.1299
DOWN,0,1.0,0.04117647,301739581,921.7969,893.0029
MOVE,0,1.0,0.04509804,301739596,921.33984,894.49023
MOVE,0,1.0,0.04117647,301739602,920.4785,897.00195
MOVE,0,1.0,0.050980397,301739610,918.1035,903.5781
MOVE,0,1.0,0.04117647,301739619,913.8926,916.23926
MOVE,0,1.0,0.04509804,301739630,900.9492,954.18164
MOVE,0,1.0,0.04117647,301739639,878.2412,1021.48047
MOVE,0,1.0,0.04509804,301739647,853.2295,1095.0732
MOVE,0,1.0,0.04705883,301739656,828.18066,1176.1221
MOVE,0,1.0,0.037254903,301739664,808.874,1251.0244
MOVE,0,1.0,0.027450982,301739672,790.14844,1333.2158
MOVE,0,1.0,0.027450982,301739672,789.96094,1334.0381
UP,0,1.0,0.027450982,301739680,789.96094,1334.0381
DOWN,0,1.0,0.04117647,301739848,273.42773,1068.3887
MOVE,0,1.0,0.03137255,301739863,273.88477,1069.876
MOVE,0,1.0,0.037254903,301739869,274.7461,1072.3877
MOVE,0,1.0,0.037254903,301739877,276.74512,1079.3271
MOVE,0,1.0,0.037254903,301739886,280.13867,1092.0918
MOVE,0,1.0,0.037254903,301739897,289.68164,1128.6475
MOVE,0,1.0,0.03529412,301739906,307.7998,1195.169
MOVE,0,1.0,0.03137255,301739915,325.71875,1264.7861
MOVE,0,1.0,0.03137255,301739923,341.0381,1333.918
MOVE,0,1.0,0.027450982,301739931,350.8496,1391.7324
MOVE,0,1.0,0.01764706,301739939,357.73438,1451.6953
MOVE,0,1.0,0.01764706,301739939,357.80273,1452.2949
UP,0,1.0,0.01764706,301739947,357.80273,1452.2949
DOWN,0,1.0,0.03137255,301740148,835.5762,1480.2881
MOVE,0,1.0,0.037254903,301740164,835.5762,1479.2969
MOVE,0,1.0,0.03137255,301740169,835.708,1477.1465
MOVE,0,1.0,0.037254903,301740177,836.2422,1470.4922
MOVE,0,1.0,0.04117647,301740187,837.77637,1456.7891
MOVE,0,1.0,0.037254903,301740197,844.89453,1412.0088
MOVE,0,1.0,0.04117647,301740206,860.4746,1329.6846
MOVE,0,1.0,0.037254903,301740215,882.291,1233.3145
MOVE,0,1.0,0.03137255,301740223,913.0508,1123.1924
MOVE,0,1.0,0.01764706,301740231,945.98926,1017.458
MOVE,0,1.0,0.0058823535,301740239,983.9072,888.0156
MOVE,0,1.0,0.0058823535,301740239,984.2871,886.71875
UP,0,1.0,0.0058823535,301740248,984.2871,886.71875
DOWN,0,1.0,0.03137255,301740415,276.5918,1348.3203
MOVE,0,1.0,0.029411767,301740431,275.90527,1345.8428
MOVE,0,1.0,0.03137255,301740436,274.87793,1341.4648
MOVE,0,1.0,0.04117647,301740445,271.14062,1328.6572
MOVE,0,1.0,0.03137255,301740456,262.79102,1302.5254
MOVE,0,1.0,0.037254903,301740465,243.03418,1246.6025
MOVE,0,1.0,0.025490198,301740474,211.51758,1165.1826
MOVE,0,1.0,0.03137255,301740482,177.2666,1085.1846
MOVE,0,1.0,0.01764706,301740490,144.8164,1010.29395
MOVE,0,1.0,0.003921569,301740498,105.336914,914.5293
MOVE,0,1.0,0.003921569,301740498,104.94141,913.56934
UP,0,1.0,0.003921569,301740506,104.94141,913.56934
DOWN,0,1.0,0.025490198,301740774,741.709,1412.3047
MOVE,0,1.0,0.03137255,301740789,741.709,1412.3047
MOVE,0,1.0,0.03137255,301740795,741.709,1412.3047
MOVE,0,1.0,0.050980397,301740803,742.63184,1410.0195
MOVE,0,1.0,0.04117647,301740811,744.47754,1404.8779
MOVE,0,1.0,0.050980397,301740821,749.93164,1385.8027
MOVE,0,1.0,0.04509804,301740832,766.09375,1327.1084
MOVE,0,1.0,0.050980397,301740840,784.5029,1261.5703
MOVE,0,1.0,0.050980397,301740849,808.4414,1182.2979
MOVE,0,1.0,0.04117647,301740857,838.1787,1097.2334
MOVE,0,1.0,0.027450982,301740865,875.8047,997.40625
MOVE,0,1.0,0.027450982,301740865,876.18164,996.40625
UP,0,1.0,0.027450982,301740873,876.18164,996.40625
DOWN,0,1.0,0.04117647,301741049,262.88086,1118.0908
MOVE,0,1.0,0.03529412,301741057,262.88086,1118.0908
MOVE,0,1.0,0.04117647,301741081,263.56738,1123.8447
MOVE,0,1.0,0.04509804,301741087,264.06738,1127.8027
MOVE,0,1.0,0.04509804,301741096,266.59668,1145.0996
MOVE,0,1.0,0.037254903,301741107,275.72168,1193.667
MOVE,0,1.0,0.04117647,301741116,286.76465,1245.54
MOVE,0,1.0,0.04117647,301741124,299.4043,1302.6172
MOVE,0,1.0,0.04117647,301741132,309.7119,1356.3525
MOVE,0,1.0,0.04117647,301741141,317.90625,1405.5293
MOVE,0,1.0,0.037254903,301741149,323.46973,1451.832
MOVE,0,1.0,0.03137255,301741157,326.91895,1494.7129
MOVE,0,1.0,0.037254903,301741166,328.2588,1534.166
MOVE,0,1.0,0.03137255,301741174,328.79395,1567.9297
MOVE,0,1.0,0.01764706,301741182,328.79883,1589.1934
MOVE,0,1.0,0.01764706,301741182,328.79883,1589.4043
UP,0,1.0,0.01764706,301741190,328.79883,1589.4043
DOWN,0,1.0,0.037254903,301741366,897.0117,842.7295
MOVE,0,1.0,0.04117647,301741382,896.5547,843.7207
MOVE,0,1.0,0.050980397,301741387,895.8252,844.7295
MOVE,0,1.0,0.050980397,301741395,894.1113,847.8711
MOVE,0,1.0,0.060784318,301741404,890.6836,854.1553
MOVE,0,1.0,0.060784318,301741413,879.93945,873.4463
MOVE,0,1.0,0.064705886,301741425,850.0654,929.6631
MOVE,0,1.0,0.060784318,301741433,818.49023,992.3506
MOVE,0,1.0,0.05686275,301741441,781.36816,1071.0283
MOVE,0,1.0,0.060784318,301741450,744.1904,1157.2188
MOVE,0,1.0,0.04117647,301741458,711.18945,1245.1797
MOVE,0,1.0,0.04117647,301741466,685.2783,1324.1094
MOVE,0,1.0,0.023529414,301741474,667.0078,1385.9795
MOVE,0,1.0,0.023529414,301741474,666.8262,1386.5967
UP,0,1.0,0.023529414,301741482,666.8262,1386.5967
DOWN,0,1.0,0.037254903,301741658,262.88086,1040.3955
MOVE,0,1.0,0.04509804,301741682,264.05957,1043.9404
MOVE,0,1.0,0.04117647,301741687,265.65137,1048.6855
MOVE,0,1.0,0.037254903,301741697,270.44238,1062.2764
MOVE,0,1.0,0.05686275,301741708,279.72266,1088.5068
MOVE,0,1.0,0.04705883,301741716,297.51172,1144.959
MOVE,0,1.0,0.037254903,301741725,321.70117,1229.7832
MOVE,0,1.0,0.04117647,301741733,343.0869,1314.9053
MOVE,0,1.0,0.03137255,301741741,358.1797,1389.8477
MOVE,0,1.0,0.023529414,301741749,372.94824,1484.4814
MOVE,0,1.0,0.023529414,301741749,373.0957,1485.4297
UP,0,1.0,0.023529414,301741758,373.0957,1485.4297
DOWN,0,1.0,0.03137255,301741942,806.3086,1408.877
MOVE,0,1.0,0.03529412,301741966,806.7656,1403.7695
MOVE,0,1.0,0.04117647,301741971,807.50684,1398.5098
MOVE,0,1.0,0.037254903,301741980,809.8125,1384.3232
MOVE,0,1.0,0.04117647,301741991,819.5879,1338.3633
MOVE,0,1.0,0.04117647,301742000,838.0332,1257.1309
MOVE,0,1.0,0.03529412,301742008,864.57715,1161.8916
MOVE,0,1.0,0.03137255,301742017,899.82227,1057.4375
MOVE,0,1.0,0.01764706,301742025,951.0781,915.5635
MOVE,0,1.0,0.01764706,301742025,951.5918,914.1406
UP,0,1.0,0.01764706,301742033,951.5918,914.1406
DOWN,0,1.0,0.03137255,301742184,295.3125,1316.8994
MOVE,0,1.0,0.037254903,301742199,294.62598,1314.4219
MOVE,0,1.0,0.025490198,301742205,293.29297,1309.0166
MOVE,0,1.0,0.023529414,301742214,289.47852,1292.374
MOVE,0,1.0,0.003921569,301742225,237.29199,1094.3252
MOVE,0,1.0,0.003921569,301742225,236.77734,1092.3828
UP,0,1.0,0.003921569,301742233,236.77734,1092.3828
DOWN,0,1.0,0.04509804,301742443,886.9922,946.7041
MOVE,0,1.0,0.05686275,301742458,886.53516,948.1914
MOVE,0,1.0,0.050980397,301742463,885.80566,950.41797
MOVE,0,1.0,0.050980397,301742472,884.0918,956.13086
MOVE,0,1.0,0.04509804,301742480,881.17676,966.0449
MOVE,0,1.0,0.04509804,301742490,872.8799,994.8545
MOVE,0,1.0,0.04117647,301742501,854.45996,1058.1172
MOVE,0,1.0,0.04117647,301742509,834.19727,1125.9805
MOVE,0,1.0,0.037254903,301742518,812.58887,1203.5781
MOVE,0,1.0,0.03529412,301742526,794.8838,1277.3145
MOVE,0,1.0,0.03137255,301742534,782.96094,1339.6992
MOVE,0,1.0,0.0058823535,301742542,775.5332,1395.749
MOVE,0,1.0,0.0058823535,301742542,775.459,1396.3086
UP,0,1.0,0.0058823535,301742550,775.459,1396.3086
DOWN,0,1.0,0.03529412,301742785,268.68164,1086.6699
MOVE,0,1.0,0.04117647,301742800,268.68164,1087.166
MOVE,0,1.0,0.03529412,301742805,268.9453,1087.8125
MOVE,0,1.0,0.03529412,301742813,269.73633,1090.0977
MOVE,0,1.0,0.04117647,301742822,270.92285,1093.8115
MOVE,0,1.0,0.04117647,301742831,273.6787,1103.2725
MOVE,0,1.0,0.03137255,301742841,281.37207,1129.7148
MOVE,0,1.0,0.037254903,301742851,294.1416,1169.1523
MOVE,0,1.0,0.025490198,301742859,310.70312,1214.7529
MOVE,0,1.0,0.025490198,301742868,327.31445,1264.9805
MOVE,0,1.0,0.01764706,301742876,344.18652,1315.2539
MOVE,0,1.0,0.0058823535,301742884,362.3672,1363.831
MOVE,0,1.0,0.0058823535,301742884,362.54883,1364.3164
UP,0,1.0,0.0058823535,301742892,362.54883,1364.3164
DOWN,0,1.0,0.04117647,301743160,800.24414,1306.0449
MOVE,0,1.0,0.03137255,301743175,800.24414,1306.541
MOVE,0,1.0,0.037254903,301743181,800.1123,1308.0449
MOVE,0,1.0,0.037254903,301743189,799.84863,1312.044
MOVE,0,1.0,0.04117647,301743197,799.18945,1318.6133
MOVE,0,1.0,0.04117647,301743207,797.0205,1336.126
MOVE,0,1.0,0.04117647,301743218,791.32715,1379.3867
MOVE,0,1.0,0.04509804,301743226,786.0586,1418.2002
MOVE,0,1.0,0.04117647,301743235,781.3076,1457.0479
MOVE,0,1.0,0.03529412,301743243,777.3447,1491.3711
MOVE,0,1.0,0.037254903,301743251,774.69434,1522.2549
MOVE,0,1.0,0.04117647,301743260,772.5801,1551.4082
MOVE,0,1.0,0.03137255,301743268,772.29785,1576.585
MOVE,0,1.0,0.01764706,301743268,772.2949,1576.8359
UP,0,1.0,0.01764706,301743276,772.2949,1576.8359
DOWN,0,1.0,0.03137255,301743435,807.8906,1565.4102
MOVE,0,1.0,0.04117647,301743459,808.57715,1561.79
MOVE,0,1.0,0.037254903,301743464,809.0781,1557.1201
MOVE,0,1.0,0.04117647,301743473,810.9053,1543.5293
MOVE,0,1.0,0.04509804,301743485,815.51074,1517.2988
MOVE,0,1.0,0.04117647,301743493,826.2422,1461.4131
MOVE,0,1.0,0.04705883,301743502,844.6201,1370.9375
MOVE,0,1.0,0.04509804,301743510,868.5586,1265.9629
MOVE,0,1.0,0.04117647,301743518,898.03516,1152.9277
MOVE,0,1.0,0.023529414,301743526,943.2285,994.5664
MOVE,0,1.0,0.023529414,301743526,943.68164,992.9785
UP,0,1.0,0.023529414,301743535,943.68164,992.9785
DOWN,0,1.0,0.023529414,301743711,258.13477,1254.6289
MOVE,0,1.0,0.03137255,301743726,256.95605,1251.5801
MOVE,0,1.0,0.03137255,301743731,255.36621,1247.2021
MOVE,0,1.0,0.023529414,301743740,250.16309,1234.3945
MOVE,0,1.0,0.027450982,301743751,238.79297,1209.8076
MOVE,0,1.0,0.027450982,301743760,214.33887,1158.5781
MOVE,0,1.0,0.01764706,301743769,177.81738,1084.5566
MOVE,0,1.0,0.0058823535,301743777,107.49414,929.41113
MOVE,0,1.0,0.0058823535,301743777,106.78711,927.85156
UP,0,1.0,0.0058823535,301743785,106.78711,927.85156
DOWN,0,1.0,0.027450982,301743961,909.66797,940.4199
MOVE,0,1.0,0.03137255,301743976,908.7529,941.9072
MOVE,0,1.0,0.03137255,301743982,906.8994,944.99023
MOVE,0,1.0,0.03137255,301743990,902.13477,953.2549
MOVE,0,1.0,0.03137255,301744000,893.40234,969.1289
MOVE,0,1.0,0.03137255,301744010,869.3506,1015.99805
MOVE,0,1.0,0.027450982,301744019,834.8594,1091.6406
MOVE,0,1.0,0.01764706,301744027,767.6963,1253.5723
MOVE,0,1.0,0.01764706,301744027,767.0215,1255.2002
UP,0,1.0,0.01764706,301744035,767.0215,1255.2002
DOWN,0,1.0,0.03137255,301744211,219.63867,1031.2549
MOVE,0,1.0,0.037254903,301744235,221.30957,1035.8662
MOVE,0,1.0,0.025490198,301744240,223.0664,1040.3955
MOVE,0,1.0,0.037254903,301744249,226.82812,1051.0059
MOVE,0,1.0,0.03137255,301744259,236.78516,1082.54
MOVE,0,1.0,0.03137255,301744270,257.42285,1147.7861
MOVE,0,1.0,0.03137255,301744278,278.75098,1215.6729
MOVE,0,1.0,0.03137255,301744286,299.06445,1288.7461
MOVE,0,1.0,0.025490198,301744294,314.14648,1353.3877
MOVE,0,1.0,0.01764706,301744302,326.3047,1421.3369
MOVE,0,1.0,0.01764706,301744302,326.42578,1422.0166
UP,0,1.0,0.01764706,301744311,326.42578,1422.0166
DOWN,0,1.0,0.03137255,301744378,807.8906,1492.2852
MOVE,0,1.0,0.04117647,301744402,808.11914,1487.1777
MOVE,0,1.0,0.04117647,301744407,808.6914,1481.918
MOVE,0,1.0,0.037254903,301744416,810.17773,1468.6895
MOVE,0,1.0,0.04509804,301744427,816.10547,1427.1006
MOVE,0,1.0,0.04117647,301744436,828.3408,1351.3193
MOVE,0,1.0,0.03529412,301744444,845.1631,1266.335
MOVE,0,1.0,0.03529412,301744453,865.9541,1172.7285
MOVE,0,1.0,0.025490198,301744461,889.916,1082.4307
MOVE,0,1.0,0.0058823535,301744469,922.5244,970.6758
MOVE,0,1.0,0.0058823535,301744469,922.85156,969.55566
UP,0,1.0,0.0058823535,301744478,922.85156,969.55566
DOWN,0,1.0,0.025490198,301744603,281.3379,1369.458
MOVE,0,1.0,0.03137255,301744619,280.88086,1366.9805
MOVE,0,1.0,0.03137255,301744624,280.01953,1363.1738
MOVE,0,1.0,0.025490198,301744633,277.31055,1352.7148
MOVE,0,1.0,0.03137255,301744643,271.57715,1331.6211
MOVE,0,1.0,0.03137255,301744653,255.64844,1280.2451
MOVE,0,1.0,0.023529414,301744661,231.22168,1206.2412
MOVE,0,1.0,0.023529414,301744670,203.8291,1131.4072
MOVE,0,1.0,0.023529414,301744678,175.88477,1061.6592
MOVE,0,1.0,0.013725491,301744686,138.53809,971.03516
MOVE,0,1.0,0.013725491,301744686,138.16406,970.12695
UP,0,1.0,0.013725491,301744694,138.16406,970.12695
DOWN,0,1.0,0.04117647,301744895,909.1406,942.1338
MOVE,0,1.0,0.037254903,301744911,908.6836,943.6211
MOVE,0,1.0,0.04117647,301744916,907.5586,945.5615
MOVE,0,1.0,0.04117647,301744924,904.9219,950.98926
MOVE,0,1.0,0.04509804,301744933,900.7637,960.9033
MOVE,0,1.0,0.04117647,301744943,889.48926,989.7129
MOVE,0,1.0,0.04117647,301744953,866.8877,1052.4102
MOVE,0,1.0,0.04705883,301744962,843.71875,1120.2676
MOVE,0,1.0,0.04509804,301744970,820.2539,1197.8652
MOVE,0,1.0,0.04117647,301744978,800.18066,1273.8643
MOVE,0,1.0,0.037254903,301744987,786.1455,1339.0996
MOVE,0,1.0,0.03137255,301744995,779.7412,1386.6943
MOVE,0,1.0,0.023529414,301745003,779.67773,1419.4062
MOVE,0,1.0,0.023529414,301745003,779.67773,1419.7314
UP,0,1.0,0.023529414,301745011,779.67773,1419.7314
DOWN,0,1.0,0.03137255,301745195,227.8125,1026.1133
MOVE,0,1.0,0.025490198,301745228,227.35547,1028.667
MOVE,0,1.0,0.037254903,301745233,227.02148,1030.9697
MOVE,0,1.0,0.037254903,301745242,226.46289,1040.001
MOVE,0,1.0,0.025490198,301745252,227.28613,1067.042
MOVE,0,1.0,0.037254903,301745262,232.76953,1109.1504
MOVE,0,1.0,0.025490198,301745270,244.83008,1155.333
MOVE,0,1.0,0.03529412,301745278,258.78613,1205.001
MOVE,0,1.0,0.03137255,301745287,274.06543,1257.5312
MOVE,0,1.0,0.025490198,301745295,290.1416,1309.5244
MOVE,0,1.0,0.03137255,301745304,303.87695,1355.29
MOVE,0,1.0,0.025490198,301745312,311.58398,1393.6406
MOVE,0,1.0,0.027450982,301745320,313.4873,1421.1709
MOVE,0,1.0,0.01764706,301745328,312.21777,1437.0781
MOVE,0,1.0,0.01764706,301745328,312.1875,1437.4414
UP,0,1.0,0.01764706,301745337,312.1875,1437.4414
DOWN,0,1.0,0.023529414,301745396,812.9004,1441.4404
MOVE,0,1.0,0.025490198,301745411,812.9004,1440.4492
MOVE,0,1.0,0.025490198,301745416,813.0322,1439.1553
MOVE,0,1.0,0.03137255,301745425,813.6914,1434.8711
MOVE,0,1.0,0.037254903,301745433,815.06445,1425.9287
MOVE,0,1.0,0.03137255,301745443,820.7744,1397.665
MOVE,0,1.0,0.03137255,301745454,835.44727,1331.1934
MOVE,0,1.0,0.037254903,301745462,851.76074,1262.7412
MOVE,0,1.0,0.03529412,301745470,870.9795,1183.4404
MOVE,0,1.0,0.037254903,301745479,894.1426,1103.4658
MOVE,0,1.0,0.03137255,301745488,918.65137,1024.6162
MOVE,0,1.0,0.023529414,301745496,940.04004,953.13086
MOVE,0,1.0,0.003921569,301745503,954.8721,896.99023
MOVE,0,1.0,0.003921569,301745504,955.01953,896.43066
UP,0,1.0,0.003921569,301745512,955.01953,896.43066
DOWN,0,1.0,0.025490198,301745654,286.875,1376.3135
MOVE,0,1.0,0.03137255,301745670,286.64648,1374.8271
MOVE,0,1.0,0.03137255,301745675,286.21582,1372.0293
MOVE,0,1.0,0.03529412,301745684,284.8496,1364.0498
MOVE,0,1.0,0.037254903,301745693,281.43652,1348.1758
MOVE,0,1.0,0.025490198,301745704,269.7422,1301.8506
MOVE,0,1.0,0.037254903,301745712,248.32617,1230.7607
MOVE,0,1.0,0.025490198,301745721,223.05566,1156.5391
MOVE,0,1.0,0.01764706,301745729,165.375,994.041
MOVE,0,1.0,0.003921569,301745729,164.79492,992.4072
UP,0,1.0,0.003921569,301745737,164.79492,992.4072
DOWN,0,1.0,0.03137255,301745938,830.03906,1402.0215
MOVE,0,1.0,0.03137255,301745970,830.75977,1398.4766
MOVE,0,1.0,0.037254903,301745975,831.48926,1394.8809
MOVE,0,1.0,0.03137255,301745984,833.416,1385.9385
MOVE,0,1.0,0.03137255,301745994,839.87695,1358.0889
MOVE,0,1.0,0.03137255,301746005,855.2168,1292.3398
MOVE,0,1.0,0.03137255,301746013,872.0576,1221.0654
MOVE,0,1.0,0.037254903,301746021,893.1094,1136.081
MOVE,0,1.0,0.037254903,301746030,916.8135,1049.2617
MOVE,0,1.0,0.025490198,301746038,937.41113,965.81934
MOVE,0,1.0,0.0058823535,301746046,953.01855,886.3701
MOVE,0,1.0,0.0058823535,301746046,953.1738,885.5762
UP,0,1.0,0.0058823535,301746054,953.1738,885.5762
DOWN,0,1.0,0.03137255,301746255,276.5918,1302.0459
MOVE,0,1.0,0.03529412,301746271,276.36328,1300.5596
MOVE,0,1.0,0.025490198,301746276,275.40527,1298.0469
MOVE,0,1.0,0.037254903,301746284,272.98145,1290.7354
MOVE,0,1.0,0.03137255,301746294,268.1328,1275.9609
MOVE,0,1.0,0.025490198,301746304,252.38086,1233.0361
MOVE,0,1.0,0.03137255,301746313,226.21973,1166.1533
MOVE,0,1.0,0.025490198,301746322,198.5586,1097.6387
MOVE,0,1.0,0.013725491,301746329,152.07812,981.5752
MOVE,0,1.0,0.013725491,301746329,151.61133,980.41016
UP,0,1.0,0.013725491,301746338,151.61133,980.41016
DOWN,0,1.0,0.023529414,301746497,802.88086,1380.8838
MOVE,0,1.0,0.01764706,301746512,802.88086,1380.3887
MOVE,0,1.0,0.03137255,301746518,802.88086,1378.8848
MOVE,0,1.0,0.03137255,301746526,802.749,1374.8857
MOVE,0,1.0,0.03137255,301746534,802.6172,1368.3154
MOVE,0,1.0,0.037254903,301746544,802.125,1351.5137
MOVE,0,1.0,0.037254903,301746555,801.04297,1306.9873
MOVE,0,1.0,0.037254903,301746563,800.5127,1258.542
MOVE,0,1.0,0.04117647,301746572,803.6406,1196.9746
MOVE,0,1.0,0.04705883,301746580,812.8086,1127.3574
MOVE,0,1.0,0.03137255,301746589,829.86816,1053.1357
MOVE,0,1.0,0.025490198,301746596,849.35547,981.1299
MOVE,0,1.0,0.025490198,301746596,849.5508,980.41016
UP,0,1.0,0.025490198,301746605,849.5508,980.41016
DOWN,0,1.0,0.04117647,301746789,212.7832,1052.9639
MOVE,0,1.0,0.04117647,301746805,213.24023,1054.4512
MOVE,0,1.0,0.037254903,301746810,214.10156,1057.8203
MOVE,0,1.0,0.037254903,301746819,216.49121,1067.5732
MOVE,0,1.0,0.037254903,301746829,221.47461,1087.584
MOVE,0,1.0,0.03529412,301746839,234.80762,1142.1475
MOVE,0,1.0,0.037254903,301746847,253.9873,1229.1895
MOVE,0,1.0,0.03137255,301746856,272.45215,1327.3428
MOVE,0,1.0,0.03137255,301746864,284.12207,1422.2109
MOVE,0,1.0,0.027450982,301746872,285.54395,1498.9463
MOVE,0,1.0,0.003921569,301746880,281.6416,1583.9824
MOVE,0,1.0,0.003921569,301746880,281.60156,1584.834
UP,0,1.0,0.003921569,301746889,281.60156,1584.834
DOWN,0,1.0,0.04117647,301747090,871.9629,891.28906
MOVE,0,1.0,0.04117647,301747105,870.55566,893.8428
MOVE,0,1.0,0.04705883,301747110,868.13965,897.8594
MOVE,0,1.0,0.04117647,301747119,861.208,910.38086
MOVE,0,1.0,0.04117647,301747130,847.5293,938.57227
MOVE,0,1.0,0.03137255,301747139,816.88965,1006.59766
MOVE,0,1.0,0.037254903,301747148,773.25977,1116.9824
MOVE,0,1.0,0.023529414,301747156,734.97266,1232.3369
MOVE,0,1.0,0.0058823535,301747164,685.77637,1408.2539
MOVE,0,1.0,0.0058823535,301747164,685.2832,1410.0195
UP,0,1.0,0.0058823535,301747172,685.2832,1410.0195
DOWN,0,1.0,0.04117647,301747340,208.56445,1054.6777
MOVE,0,1.0,0.03137255,301747355,208.79297,1056.6602
MOVE,0,1.0,0.037254903,301747360,209.75098,1060.6768
MOVE,0,1.0,0.03137255,301747369,212.32129,1071.8516
MOVE,0,1.0,0.025490198,301747380,217.93066,1094.9912
MOVE,0,1.0,0.025490198,301747389,233.72656,1154.0938
MOVE,0,1.0,0.025490198,301747398,257.63086,1246.2764
MOVE,0,1.0,0.025490198,301747406,279.5371,1343.3506
MOVE,0,1.0,0.03137255,301747415,293.33008,1431.9854
MOVE,0,1.0,0.023529414,301747423,298.16504,1499.044
MOVE,0,1.0,0.0058823535,301747431,296.9082,1569.2783
MOVE,0,1.0,0.0058823535,301747431,296.89453,1569.9805
UP,0,1.0,0.0058823535,301747439,296.89453,1569.9805
DOWN,0,1.0,0.023529414,301747632,795.49805,1448.2959
MOVE,0,1.0,0.025490198,301747647,795.49805,1447.8008
MOVE,0,1.0,0.03137255,301747652,795.7617,1446.8682
MOVE,0,1.0,0.03137255,301747661,796.4209,1443.7256
MOVE,0,1.0,0.037254903,301747669,797.3535,1436.7861
MOVE,0,1.0,0.03529412,301747679,800.4414,1414.4756
MOVE,0,1.0,0.03137255,301747690,810.1797,1353.9766
MOVE,0,1.0,0.037254903,301747698,821.4883,1287.29
MOVE,0,1.0,0.04117647,301747707,836.7412,1206.3096
MOVE,0,1.0,0.037254903,301747715,856.7334,1117.834
MOVE,0,1.0,0.025490198,301747723,882.77637,1025.8906
MOVE,0,1.0,0.003921569,301747731,917.49414,922.03613
MOVE,0,1.0,0.003921569,301747731,917.8418,920.9961
UP,0,1.0,0.003921569,301747740,917.8418,920.9961
DOWN,0,1.0,0.03137255,301747865,242.57812,1290.0488
MOVE,0,1.0,0.03137255,301747889,240.41504,1281.3213
MOVE,0,1.0,0.027450982,301747895,237.95898,1272.876
MOVE,0,1.0,0.023529414,301747905,231.02246,1251.1514
MOVE,0,1.0,0.027450982,301747915,212.17188,1200.2646
MOVE,0,1.0,0.023529414,301747924,181.45117,1127.3916
MOVE,0,1.0,0.01764706,301747931,114.31738,976.7822
MOVE,0,1.0,0.01764706,301747931,113.64258,975.26855
UP,0,1.0,0.01764706,301747940,113.64258,975.26855
DOWN,0,1.0,0.050980397,301748082,864.3164,916.9971
MOVE,0,1.0,0.04117647,301748098,863.40137,918.9795
MOVE,0,1.0,0.04705883,301748103,862.0752,921.8535
MOVE,0,1.0,0.05686275,301748111,858.35254,930.22363
MOVE,0,1.0,0.050980397,301748121,851.1992,947.2256
MOVE,0,1.0,0.04509804,301748132,830.73926,995.9404
MOVE,0,1.0,0.050980397,301748140,798.45605,1077.2891
MOVE,0,1.0,0.04509804,301748149,763.15625,1172.5518
MOVE,0,1.0,0.04509804,301748157,730.6953,1269.6543
MOVE,0,1.0,0.04117647,301748165,706.6172,1353.1992
MOVE,0,1.0,0.04509804,301748174,690.4541,1421.3369
MOVE,0,1.0,0.025490198,301748182,679.06836,1480.8369
MOVE,0,1.0,0.025490198,301748182,678.9551,1481.4307
UP,0,1.0,0.025490198,301748190,678.9551,1481.4307
DOWN,0,1.0,0.04117647,301748433,286.875,1135.8008
MOVE,0,1.0,0.037254903,301748448,288.28223,1139.3457
MOVE,0,1.0,0.03137255,301748453,290.67578,1145.208
MOVE,0,1.0,0.03137255,301748463,297.292,1164.0859
MOVE,0,1.0,0.03137255,301748474,307.35938,1198.3574
MOVE,0,1.0,0.01764706,301748482,376.6162,1461.0703
MOVE,0,1.0,0.01764706,301748482,377.31445,1463.7207
UP,0,1.0,0.01764706,301748490,377.31445,1463.7207
DOWN,0,1.0,0.04117647,301748825,701.3672,1303.1885
MOVE,0,1.0,0.037254903,301748840,700.91016,1304.6758
MOVE,0,1.0,0.04117647,301748845,700.3125,1307.1875
MOVE,0,1.0,0.04705883,301748854,698.9795,1314.127
MOVE,0,1.0,0.04117647,301748863,697.13574,1325.5547
MOVE,0,1.0,0.05686275,301748873,692.0615,1354.9854
MOVE,0,1.0,0.03529412,301748883,683.77246,1411.2363
MOVE,0,1.0,0.04509804,301748891,676.3926,1463.7666
MOVE,0,1.0,0.037254903,301748900,669.2705,1516.3252
MOVE,0,1.0,0.04509804,301748908,663.7178,1563.794
MOVE,0,1.0,0.03137255,301748916,660.0078,1604.9893
MOVE,0,1.0,0.03137255,301748925,656.57715,1637.0723
MOVE,0,1.0,0.03137255,301748933,654.19336,1657.7529
MOVE,0,1.0,0.015686275,301748940,652.6904,1670.249
MOVE,0,1.0,0.0058823535,301748941,652.5879,1671.0986
UP,0,1.0,0.0058823535,301748949,652.5879,1671.0986
DOWN,0,1.0,0.03137255,301749025,632.8125,1619.6826
MOVE,0,1.0,0.037254903,301749040,632.8125,1618.6914
MOVE,0,1.0,0.03529412,301749045,632.68066,1617.1123
MOVE,0,1.0,0.04117647,301749054,632.5488,1612.542
MOVE,0,1.0,0.04117647,301749063,632.5488,1603.1982
MOVE,0,1.0,0.04117647,301749073,634.3301,1573.1025
MOVE,0,1.0,0.04509804,301749083,641.1865,1506.0186
MOVE,0,1.0,0.05686275,301749091,652.4746,1435.8594
MOVE,0,1.0,0.05686275,301749100,669.0332,1358.8037
MOVE,0,1.0,0.05686275,301749108,690.6045,1279.417
MOVE,0,1.0,0.05686275,301749116,716.9238,1198.3115
MOVE,0,1.0,0.05686275,301749125,750.5996,1114.9258
MOVE,0,1.0,0.04117647,301749133,793.2256,1030.3867
MOVE,0,1.0,0.03137255,301749141,828.1094,967.89355
MOVE,0,1.0,0.03137255,301749141,828.45703,967.2705
UP,0,1.0,0.03137255,301749150,828.45703,967.2705
DOWN,0,1.0,0.037254903,301749434,759.6387,1394.0234
MOVE,0,1.0,0.03137255,301749449,759.8672,1393.0322
MOVE,0,1.0,0.037254903,301749454,760.29785,1391.167
MOVE,0,1.0,0.03529412,301749463,761.499,1384.7988
MOVE,0,1.0,0.04117647,301749472,764.0508,1371.5703
MOVE,0,1.0,0.037254903,301749483,773.95703,1327.9795
MOVE,0,1.0,0.04117647,301749492,794.77344,1244.5625
MOVE,0,1.0,0.037254903,301749500,822.90137,1147.0605
MOVE,0,1.0,0.01764706,301749508,861.2949,1036.9277
MOVE,0,1.0,0.023529414,301749516,917.2803,884.251
MOVE,0,1.0,0.023529414,301749516,917.8418,882.7197
UP,0,1.0,0.023529414,301749525,917.8418,882.7197
DOWN,0,1.0,0.04117647,301749692,265.51758,1389.4531
MOVE,0,1.0,0.03137255,301749708,265.06055,1386.9756
MOVE,0,1.0,0.025490198,301749713,263.93555,1382.8838
MOVE,0,1.0,0.025490198,301749722,260.3789,1370.3613
MOVE,0,1.0,0.03137255,301749733,251.76855,1343.7148
MOVE,0,1.0,0.03137255,301749742,229.87207,1283.2109
MOVE,0,1.0,0.037254903,301749750,193.63574,1194.958
MOVE,0,1.0,0.03137255,301749758,155.68262,1109.2363
MOVE,0,1.0,0.0058823535,301749766,98.13574,969.8125
MOVE,0,1.0,0.0058823535,301749766,97.55859,968.4131
UP,0,1.0,0.0058823535,301749775,97.55859,968.4131
DOWN,0,1.0,0.04117647,301749909,844.541,866.72363
MOVE,0,1.0,0.03137255,301749924,843.39746,868.21094
MOVE,0,1.0,0.03137255,301749930,841.37695,871.29395
MOVE,0,1.0,0.025490198,301749938,835.5869,879.9502
MOVE,0,1.0,0.03529412,301749948,824.30566,897.4385
MOVE,0,1.0,0.04117647,301749959,792.88477,947.9551
MOVE,0,1.0,0.025490198,301749967,747.4385,1025.3359
MOVE,0,1.0,0.013725491,301749975,657.1865,1192.958
MOVE,0,1.0,0.013725491,301749975,656.2793,1194.6436
UP,0,1.0,0.013725491,301749984,656.2793,1194.6436
DOWN,0,1.0,0.050980397,301750226,256.8164,1112.3779
MOVE,0,1.0,0.04509804,301750241,257.95996,1115.3516
MOVE,0,1.0,0.04117647,301750247,259.71973,1120.0967
MOVE,0,1.0,0.04117647,301750256,264.92383,1135.084
MOVE,0,1.0,0.03529412,301750268,275.45312,1166.3994
MOVE,0,1.0,0.04117647,301750276,294.33203,1231.6914
MOVE,0,1.0,0.03137255,301750284,318.01465,1331.3242
MOVE,0,1.0,0.027450982,301750292,357.14648,1539.8906
MOVE,0,1.0,0.027450982,301750292,357.53906,1541.9873
UP,0,1.0,0.027450982,301750301,357.53906,1541.9873
DOWN,0,1.0,0.027450982,301750518,729.5801,1392.3096
MOVE,0,1.0,0.037254903,301750533,729.5801,1390.8232
MOVE,0,1.0,0.037254903,301750539,729.7119,1387.4541
MOVE,0,1.0,0.037254903,301750548,730.27344,1378.1104
MOVE,0,1.0,0.04705883,301750558,731.624,1358.7344
MOVE,0,1.0,0.05686275,301750568,735.86914,1304.2627
MOVE,0,1.0,0.050980397,301750576,745.0449,1220.0547
MOVE,0,1.0,0.03137255,301750585,759.7549,1127.0205
MOVE,0,1.0,0.01764706,301750592,789.9219,977.3428
MOVE,0,1.0,0.01764706,301750593,790.2246,975.83984
UP,0,1.0,0.01764706,301750601,790.2246,975.83984
DOWN,0,1.0,0.03137255,301750735,298.47656,1402.0215
MOVE,0,1.0,0.04117647,301750759,297.98438,1396.3428
MOVE,0,1.0,0.03137255,301750764,296.97852,1390.3291
MOVE,0,1.0,0.04509804,301750774,294.26855,1373.9238
MOVE,0,1.0,0.04117647,301750785,284.19238,1325.9082
MOVE,0,1.0,0.037254903,301750793,265.9629,1255.8975
MOVE,0,1.0,0.025490198,301750802,242.81055,1183.3721
MOVE,0,1.0,0.023529414,301750810,170.53223,1023.7197
MOVE,0,1.0,0.003921569,301750810,169.80469,1022.11426
UP,0,1.0,0.003921569,301750818,169.80469,1022.11426
DOWN,0,1.0,0.04117647,301750977,870.38086,865.00977
MOVE,0,1.0,0.037254903,301750992,869.4658,866.4971
MOVE,0,1.0,0.037254903,301750998,868.2715,868.72363
MOVE,0,1.0,0.04117647,301751006,865.06836,875.37695
MOVE,0,1.0,0.04705883,301751015,859.4385,887.24023
MOVE,0,1.0,0.04705883,301751025,844.68555,920.8008
MOVE,0,1.0,0.04117647,301751035,815.27637,988.36816
MOVE,0,1.0,0.04117647,301751044,784.9912,1063.6357
MOVE,0,1.0,0.04509804,301751052,754.9297,1146.3984
MOVE,0,1.0,0.04509804,301751060,729.83105,1226.4072
MOVE,0,1.0,0.04509804,301751068,710.0029,1299.6006
MOVE,0,1.0,0.04509804,301751077,697.0137,1362.5459
MOVE,0,1.0,0.037254903,301751085,689.5762,1412.9443
MOVE,0,1.0,0.04117647,301751093,686.8916,1453.0381
MOVE,0,1.0,0.025490198,301751102,686.86523,1482.2822
MOVE,0,1.0,0.01764706,301751110,687.9092,1501.8027
MOVE,0,1.0,0.01764706,301751110,687.9199,1501.9971
UP,0,1.0,0.01764706,301751118,687.9199,1501.9971
DOWN,0,1.0,0.027450982,301751286,357.01172,1413.4473
MOVE,0,1.0,0.03137255,301751301,357.24023,1413.9434
MOVE,0,1.0,0.025490198,301751306,357.40723,1415.1611
MOVE,0,1.0,0.03137255,301751315,357.93457,1418.5889
MOVE,0,1.0,0.03137255,301751323,358.59375,1423.7305
MOVE,0,1.0,0.04117647,301751332,359.47363,1434.9365
MOVE,0,1.0,0.037254903,301751343,360.37402,1461.3965
MOVE,0,1.0,0.03529412,301751352,359.917,1489.7432
MOVE,0,1.0,0.04117647,301751360,358.3457,1512.0576
MOVE,0,1.0,0.04117647,301751369,356.2422,1531.5098
MOVE,0,1.0,0.037254903,301751377,353.61035,1548.6719
MOVE,0,1.0,0.037254903,301751385,350.34863,1561.7822
MOVE,0,1.0,0.04117647,301751392,347.71582,1571.3682
MOVE,0,1.0,0.03529412,301751399,345.50195,1578.6445
MOVE,0,1.0,0.03529412,301751406,343.56445,1582.2637
MOVE,0,1.0,0.04705883,301751415,341.5869,1580.835
MOVE,0,1.0,0.03529412,301751424,337.65137,1569.2734
MOVE,0,1.0,0.04117647,301751435,329.05664,1536.125
MOVE,0,1.0,0.037254903,301751444,318.3545,1491.5713
MOVE,0,1.0,0.03137255,301751452,303.37305,1438.544
MOVE,0,1.0,0.03137255,301751461,284.9502,1379.7588
MOVE,0,1.0,0.03529412,301751469,269.10352,1323.1777
MOVE,0,1.0,0.03137255,301751477,251.7168,1262.0957
MOVE,0,1.0,0.04117647,301751485,229.35547,1190.7871
MOVE,0,1.0,0.03137255,301751494,198.06738,1110.8926
MOVE,0,1.0,0.025490198,301751502,159.38184,1026.9531
MOVE,0,1.0,0.013725491,301751510,133.41309,970.6865
MOVE,0,1.0,0.013725491,301751510,133.1543,970.12695
UP,0,1.0,0.013725491,301751518,133.1543,970.12695
DOWN,0,1.0,0.03137255,301751761,824.2383,1002.11914
MOVE,0,1.0,0.037254903,301751777,824.2383,1002.11914
MOVE,0,1.0,0.04117647,301751778,824.2383,1002.11914
MOVE,0,1.0,0.04117647,301751801,822.33887,1003.03516
MOVE,0,1.0,0.05686275,301751807,819.3096,1007.916
MOVE,0,1.0,0.04117647,301751816,808.19434,1029.1123
MOVE,0,1.0,0.04117647,301751828,784.87695,1081.6602
MOVE,0,1.0,0.05686275,301751836,761.7168,1144.3135
MOVE,0,1.0,0.050980397,301751844,738.5137,1219.0322
MOVE,0,1.0,0.04509804,301751853,716.3545,1301.2236
MOVE,0,1.0,0.04117647,301751861,699.94824,1381.792
MOVE,0,1.0,0.04117647,301751869,689.34375,1451.5977
MOVE,0,1.0,0.023529414,301751877,685.8447,1498.6719
MOVE,0,1.0,0.023529414,301751877,685.81055,1499.1406
UP,0,1.0,0.023529414,301751886,685.81055,1499.1406
DOWN,0,1.0,0.037254903,301752003,243.10547,1018.6865
MOVE,0,1.0,0.027450982,301752018,243.79199,1020.66895
MOVE,0,1.0,0.04117647,301752024,244.6875,1023.8281
MOVE,0,1.0,0.04117647,301752032,246.90918,1032.8857
MOVE,0,1.0,0.03137255,301752042,251.45996,1050.4746
MOVE,0,1.0,0.03137255,301752053,264.19043,1100.4463
MOVE,0,1.0,0.03137255,301752061,285.08496,1180.7041
MOVE,0,1.0,0.027450982,301752069,308.26367,1271.4307
MOVE,0,1.0,0.027450982,301752078,328.07422,1359.4375
MOVE,0,1.0,0.013725491,301752086,349.41504,1475.6953
MOVE,0,1.0,0.013725491,301752086,349.6289,1476.8604
UP,0,1.0,0.013725491,301752094,349.6289,1476.8604
DOWN,0,1.0,0.01764706,301752187,669.1992,1513.4229
MOVE,0,1.0,0.04705883,301752202,669.42773,1512.4316
MOVE,0,1.0,0.04117647,301752207,669.8584,1510.5664
MOVE,0,1.0,0.05686275,301752216,671.0449,1505.1396
MOVE,0,1.0,0.04705883,301752225,673.333,1493.9648
MOVE,0,1.0,0.04509804,301752235,681.2246,1458.5547
MOVE,0,1.0,0.04509804,301752245,699.0918,1388.9502
MOVE,0,1.0,0.05686275,301752253,721.4463,1313.6543
MOVE,0,1.0,0.050980397,301752261,751.167,1230.8916
MOVE,0,1.0,0.060784318,301752270,788.5322,1148.6201
MOVE,0,1.0,0.04117647,301752278,834.0654,1068.0518
MOVE,0,1.0,0.04117647,301752286,888.8164,989.1963
MOVE,0,1.0,0.01764706,301752294,943.1387,919.97363
MOVE,0,1.0,0.01764706,301752294,943.68164,919.2822
UP,0,1.0,0.01764706,301752303,943.68164,919.2822
DOWN,0,1.0,0.03137255,301752428,235.45898,1402.0215
MOVE,0,1.0,0.025490198,301752444,235.45898,1400.0391
MOVE,0,1.0,0.03137255,301752449,235.19531,1396.0234
MOVE,0,1.0,0.037254903,301752458,233.58398,1384.8486
MOVE,0,1.0,0.03529412,301752469,229.07324,1362.1807
MOVE,0,1.0,0.037254903,301752478,215.54883,1306.5703
MOVE,0,1.0,0.03137255,301752487,192.1875,1224.6016
MOVE,0,1.0,0.037254903,301752495,164.2832,1140.6396
MOVE,0,1.0,0.023529414,301752503,96.91797,958.25
MOVE,0,1.0,0.003921569,301752503,96.240234,956.416
UP,0,1.0,0.003921569,301752511,96.240234,956.416
DOWN,0,1.0,0.04117647,301752737,906.5039,1016.40137
MOVE,0,1.0,0.04509804,301752753,906.5039,1016.40137
MOVE,0,1.0,0.04509804,301752758,906.5039,1016.40137
MOVE,0,1.0,0.05686275,301752766,904.9219,1018.40137
MOVE,0,1.0,0.04705883,301752774,903.4717,1022.4004
MOVE,0,1.0,0.050980397,301752784,900.4336,1034.2471
MOVE,0,1.0,0.05686275,301752795,892.749,1068.9844
MOVE,0,1.0,0.04705883,301752804,883.65137,1112.5322
MOVE,0,1.0,0.050980397,301752812,872.6006,1165.5479
MOVE,0,1.0,0.050980397,301752820,862.0488,1222.0713
MOVE,0,1.0,0.04509804,301752829,850.9795,1282.0225
MOVE,0,1.0,0.04117647,301752837,841.4717,1340.877
MOVE,0,1.0,0.04117647,301752845,833.5459,1392.9326
MOVE,0,1.0,0.04117647,301752854,827.98535,1439.8291
MOVE,0,1.0,0.03137255,301752862,824.01465,1479.8887
MOVE,0,1.0,0.025490198,301752870,820.8418,1511.96
MOVE,0,1.0,0.01764706,301752878,819.50586,1531.5098
MOVE,0,1.0,0.01764706,301752878,819.4922,1531.7041
UP,0,1.0,0.01764706,301752887,819.4922,1531.7041
DOWN,0,1.0,0.04117647,301753029,291.09375,1350.0342
MOVE,0,1.0,0.03137255,301753044,290.63672,1348.5479
MOVE,0,1.0,0.03529412,301753050,289.90723,1345.75
MOVE,0,1.0,0.04509804,301753058,287.4453,1337.7705
MOVE,0,1.0,0.04117647,301753068,282.05957,1322.419
MOVE,0,1.0,0.03137255,301753078,265.62207,1280.4121
MOVE,0,1.0,0.04117647,301753087,237.83691,1214.7012
MOVE,0,1.0,0.037254903,301753096,206.24414,1146.7637
MOVE,0,1.0,0.027450982,301753104,170.16602,1075.3867
MOVE,0,1.0,0.01764706,301753112,122.55762,981.35254
MOVE,0,1.0,0.01764706,301753112,122.08008,980.41016
UP,0,1.0,0.01764706,301753120,122.08008,980.41016
DOWN,0,1.0,0.04117647,301753271,850.86914,1462.5781
MOVE,0,1.0,0.04117647,301753286,850.86914,1460.5957
MOVE,0,1.0,0.04117647,301753292,851.3965,1457.4365
MOVE,0,1.0,0.04117647,301753301,853.06836,1448.3789
MOVE,0,1.0,0.050980397,301753311,857.2002,1429.0029
MOVE,0,1.0,0.04509804,301753321,870.25977,1373.4004
MOVE,0,1.0,0.04117647,301753329,892.3076,1285.2217
MOVE,0,1.0,0.03137255,301753338,920.9824,1184.7949
MOVE,0,1.0,0.015686275,301753348,973.7373,1012.4199
MOVE,0,1.0,0.015686275,301753348,974.2676,1010.6885
UP,0,1.0,0.015686275,301753354,974.2676,1010.6885
DOWN,0,1.0,0.025490198,301753513,273.16406,1376.3135
MOVE,0,1.0,0.03529412,301753528,272.93555,1374.8271
MOVE,0,1.0,0.037254903,301753534,272.37305,1372.3145
MOVE,0,1.0,0.037254903,301753542,270.48145,1365.0029
MOVE,0,1.0,0.03137255,301753552,266.14453,1350.7275
MOVE,0,1.0,0.03137255,301753562,251.38867,1306.8359
MOVE,0,1.0,0.03137255,301753571,223.59668,1233.0518
MOVE,0,1.0,0.03137255,301753580,192.2666,1158.2578
MOVE,0,1.0,0.01764706,301753587,142.61719,1037.6074
MOVE,0,1.0,0.01764706,301753587,142.11914,1036.3965
UP,0,1.0,0.01764706,301753596,142.11914,1036.3965
DOWN,0,1.0,0.03529412,301753863,748.8281,1342.0361
MOVE,0,1.0,0.04117647,301753879,749.28516,1341.0449
MOVE,0,1.0,0.050980397,301753884,749.751,1339.1797
MOVE,0,1.0,0.04509804,301753892,751.33496,1333.1748
MOVE,0,1.0,0.04509804,301753901,755.0752,1321.4043
MOVE,0,1.0,0.05686275,301753912,767.8926,1285.081
MOVE,0,1.0,0.04117647,301753922,794.9844,1218.1064
MOVE,0,1.0,0.04509804,301753930,827.3418,1148.4951
MOVE,0,1.0,0.050980397,301753938,865.77734,1074.8389
MOVE,0,1.0,0.03529412,301753946,907.14453,1004.53613
MOVE,0,1.0,0.01764706,301753954,960.2881,917.2998
MOVE,0,1.0,0.01764706,301753955,960.8203,916.4258
UP,0,1.0,0.01764706,301753963,960.8203,916.4258
DOWN,0,1.0,0.025490198,301754114,224.64844,1371.1719
MOVE,0,1.0,0.027450982,301754129,224.1914,1370.1807
MOVE,0,1.0,0.023529414,301754134,223.72559,1368.0303
MOVE,0,1.0,0.023529414,301754143,221.74512,1361.7393
MOVE,0,1.0,0.025490198,301754152,216.91602,1349.0781
MOVE,0,1.0,0.03137255,301754162,201.22656,1308.6328
MOVE,0,1.0,0.03137255,301754172,174.53809,1240.415
MOVE,0,1.0,0.025490198,301754180,148.70605,1172.4717
MOVE,0,1.0,0.027450982,301754188,123.12695,1105.0537
MOVE,0,1.0,0.027450982,301754197,100.421875,1042.7324
MOVE,0,1.0,0.01764706,301754205,76.44141,969.7158
MOVE,0,1.0,0.01764706,301754205,76.20117,968.9844
UP,0,1.0,0.01764706,301754213,76.20117,968.9844
DOWN,0,1.0,0.04117647,301754356,899.9121,978.125
MOVE,0,1.0,0.04509804,301754379,898.4697,983.2324
MOVE,0,1.0,0.04117647,301754385,897.27344,988.1289
MOVE,0,1.0,0.04705883,301754394,894.8877,999.46875
MOVE,0,1.0,0.04117647,301754404,889.20215,1033.8018
MOVE,0,1.0,0.04117647,301754414,878.3887,1103.7461
MOVE,0,1.0,0.04509804,301754422,868.11035,1177.9053
MOVE,0,1.0,0.03529412,301754431,858.3496,1256.1318
MOVE,0,1.0,0.037254903,301754439,851.2041,1325.3486
MOVE,0,1.0,0.037254903,301754447,848.2617,1382.0322
MOVE,0,1.0,0.03137255,301754456,848.2324,1427.8438
MOVE,0,1.0,0.027450982,301754464,849.27637,1456.0137
MOVE,0,1.0,0.003921569,301754471,850.2119,1464.3076
MOVE,0,1.0,0.003921569,301754472,850.3418,1465.4346
UP,0,1.0,0.003921569,301754480,850.3418,1465.4346
DOWN,0,1.0,0.03529412,301754673,270.0,1206.6406
MOVE,0,1.0,0.023529414,301754696,269.54297,1210.2617
MOVE,0,1.0,0.027450982,301754702,269.34082,1213.2109
MOVE,0,1.0,0.03529412,301754710,268.9453,1219.209
MOVE,0,1.0,0.03529412,301754719,267.69727,1233.6611
MOVE,0,1.0,0.025490198,301754731,265.27246,1267.4941
MOVE,0,1.0,0.027450982,301754739,262.9043,1295.4814
MOVE,0,1.0,0.03137255,301754747,261.57617,1321.2129
MOVE,0,1.0,0.027450982,301754756,261.30176,1344.6582
MOVE,0,1.0,0.01764706,301754764,260.77637,1364.6875
MOVE,0,1.0,0.01764706,301754772,259.4668,1381.8555
MOVE,0,1.0,0.027450982,301754781,258.20898,1394.9658
MOVE,0,1.0,0.01764706,301754790,257.60742,1406.0205
DOWN,1,1.0,0.03137255,301754790,821.60156,1426.5869
MOVE,0,1.0,0.01764706,301754805,256.64355,1424.3281
MOVE,1,1.0,0.037254903,301754805,821.60156,1424.5645
MOVE,0,1.0,0.01764706,301754811,255.8125,1430.5801
MOVE,1,1.0,0.04117647,301754811,821.89746,1420.7715
MOVE,0,1.0,0.01764706,301754819,254.81738,1437.5986
MOVE,1,1.0,0.037254903,301754819,822.96387,1413.1963
MOVE,0,1.0,0.023529414,301754828,254.44336,1441.1553
MOVE,1,1.0,0.04509804,301754828,824.6338,1402.3076
MOVE,0,1.0,0.01764706,301754836,254.70703,1441.7266
MOVE,1,1.0,0.04117647,301754836,828.85254,1380.0273
MOVE,0,1.0,0.023529414,301754844,255.10254,1439.7266
MOVE,1,1.0,0.04705883,301754844,837.8174,1339.1797
MOVE,0,1.0,0.023529414,301754852,254.83789,1433.7217
MOVE,1,1.0,0.050980397,301754852,850.08887,1286.8643
MOVE,0,1.0,0.03137255,301754862,253.16992,1420.1309
MOVE,1,1.0,0.04117647,301754862,865.2656,1225.9697
MOVE,0,1.0,0.025490198,301754873,247.6914,1391.7832
MOVE,1,1.0,0.04509804,301754873,884.5918,1152.4307
MOVE,0,1.0,0.037254903,301754882,239.7539,1357.7871
MOVE,1,1.0,0.04117647,301754882,901.0752,1094.6396
MOVE,0,1.0,0.025490198,301754890,229.23633,1319.002
MOVE,1,1.0,0.04117647,301754890,917.6758,1043.1953
MOVE,0,1.0,0.037254903,301754898,218.42871,1277.3262
MOVE,1,1.0,0.04705883,301754898,935.8535,993.4756
MOVE,0,1.0,0.03529412,301754907,207.61816,1235.0566
MOVE,1,1.0,0.037254903,301754907,955.6133,947.167
MOVE,0,1.0,0.037254903,301754915,197.06836,1189.3877
MOVE,1,1.0,0.03137255,301754915,979.04297,898.06445
MOVE,0,1.0,0.037254903,301754915,196.96289,1188.9307
MOVE,1,1.0,0.03137255,301754915,979.27734,897.57324
UP,1,1.0,0.03137255,301754923,979.27734,897.57324
MOVE,0,1.0,0.037254903,301754931,171.78223,1096.2676
MOVE,0,1.0,0.037254903,301754939,155.72754,1053.3926
MOVE,0,1.0,0.027450982,301754948,136.51074,1012.2422
MOVE,0,1.0,0.01764706,301754956,120.91699,975.06836
MOVE,0,1.0,0.0058823535,301754964,113.19141,941.3281
MOVE,0,1.0,0.0058823535,301754964,113.115234,940.9912
UP,0,1.0,0.0058823535,301754972,113.115234,940.9912
DOWN,0,1.0,0.03529412,301755282,779.67773,1375.7422
MOVE,0,1.0,0.037254903,301755297,779.67773,1375.2471
MOVE,0,1.0,0.04117647,301755302,779.9414,1373.7432
MOVE,0,1.0,0.04117647,301755311,780.9961,1369.1729
MOVE,0,1.0,0.04117647,301755319,783.3125,1360.6221
MOVE,0,1.0,0.05686275,301755329,790.042,1334.1436
MOVE,0,1.0,0.04117647,301755340,805.9082,1272.2988
MOVE,0,1.0,0.04117647,301755348,823.5342,1212.3818
MOVE,0,1.0,0.04509804,301755357,844.59375,1148.4375
MOVE,0,1.0,0.050980397,301755365,868.0371,1086.7158
MOVE,0,1.0,0.04117647,301755373,894.63574,1028.4102
MOVE,0,1.0,0.03137255,301755382,919.9619,974.09766
MOVE,0,1.0,0.027450982,301755390,942.66406,924.91504
MOVE,0,1.0,0.003921569,301755398,967.42773,883.1367
MOVE,0,1.0,0.003921569,301755398,967.6758,882.7197
UP,0,1.0,0.003921569,301755406,967.6758,882.7197
MOVE,0,1.0,0.05686275,301755916,835.73926,1097.0791
MOVE,0,1.0,0.05686275,301755924,815.2158,1153.5166
MOVE,0,1.0,0.050980397,301755932,795.1709,1211.7705
MOVE,0,1.0,0.04117647,301755941,776.1758,1271.1738
MOVE,0,1.0,0.04117647,301755949,759.541,1328.8906
MOVE,0,1.0,0.050980397,301755957,747.3672,1378.1074
MOVE,0,1.0,0.03137255,301755966,737.5879,1421.582
MOVE,0,1.0,0.04117647,301755974,729.39844,1461.041
MOVE,0,1.0,0.03137255,301755982,722.5293,1495.3701
MOVE,0,1.0,0.0058823535,301755990,720.37305,1517.2051
MOVE,0,1.0,0.0058823535,301755990,720.35156,1517.4219
UP,0,1.0,0.0058823535,301755999,720.35156,1517.4219
DOWN,0,1.0,0.037254903,301756200,145.54688,948.41797
MOVE,0,1.0,0.03137255,301756215,145.77539,948.91406
MOVE,0,1.0,0.03529412,301756220,146.33789,949.8467
MOVE,0,1.0,0.04117647,301756229,147.65625,953.2744
MOVE,0,1.0,0.037254903,301756237,149.76562,959.5586
MOVE,0,1.0,0.037254903,301756246,155.67969,977.4971
MOVE,0,1.0,0.04117647,301756258,171.7793,1028.541
MOVE,0,1.0,0.04117647,301756266,189.40332,1084.3965
MOVE,0,1.0,0.037254903,301756274,211.76855,1152.8252
MOVE,0,1.0,0.03137255,301756283,236.26855,1225.3389
MOVE,0,1.0,0.023529414,301756291,260.26758,1299.5898
MOVE,0,1.0,0.01764706,301756299,280.08594,1368.7666
MOVE,0,1.0,0.013725491,301756307,291.76855,1425.4502
MOVE,0,1.0,0.013725491,301756307,291.88477,1426.0156
UP,0,1.0,0.013725491,301756316,291.88477,1426.0156
DOWN,0,1.0,0.04705883,301756583,812.9004,1114.0918
MOVE,0,1.0,0.03529412,301756599,812.6719,1115.083
MOVE,0,1.0,0.04117647,301756604,812.1094,1116.9482
MOVE,0,1.0,0.04117647,301756612,810.52734,1122.0898
MOVE,0,1.0,0.04117647,301756621,807.7822,1131.3174
MOVE,0,1.0,0.04117647,301756631,799.23145,1159.167
MOVE,0,1.0,0.04509804,301756641,780.1074,1222.0879
MOVE,0,1.0,0.03529412,301756650,760.88574,1285.9814
MOVE,0,1.0,0.037254903,301756658,741.1162,1352.2275
MOVE,0,1.0,0.03137255,301756666,723.68945,1411.1455
MOVE,0,1.0,0.015686275,301756674,704.7207,1481.8652
MOVE,0,1.0,0.015686275,301756674,704.53125,1482.5732
UP,0,1.0,0.015686275,301756683,704.53125,1482.5732
DOWN,0,1.0,0.037254903,301757068,793.916,1423.1592
MOVE,0,1.0,0.03137255,301757083,793.916,1422.168
MOVE,0,1.0,0.04117647,301757088,794.3115,1419.7314
MOVE,0,1.0,0.03529412,301757096,795.3779,1412.792
MOVE,0,1.0,0.03529412,301757106,797.66113,1399.0889
MOVE,0,1.0,0.04509804,301757116,806.03125,1357.3994
MOVE,0,1.0,0.04117647,301757125,823.0205,1285.0273
MOVE,0,1.0,0.04509804,301757134,845.6328,1205.1553
MOVE,0,1.0,0.04117647,301757142,874.3125,1119.5195
MOVE,0,1.0,0.04117647,301757150,906.1846,1037.7852
MOVE,0,1.0,0.023529414,301757158,946.96484,936.8613
MOVE,0,1.0,0.023529414,301757158,947.37305,935.8496
UP,0,1.0,0.023529414,301757167,947.37305,935.8496
DOWN,0,1.0,0.03137255,301757518,795.2344,1251.7725
MOVE,0,1.0,0.04117647,301757541,795.9209,1250.2861
MOVE,0,1.0,0.04117647,301757547,796.6846,1248.0596
MOVE,0,1.0,0.050980397,301757555,798.6621,1242.3467
MOVE,0,1.0,0.04509804,301757564,804.9043,1224.0518
MOVE,0,1.0,0.04117647,301757576,823.55273,1174.4883
MOVE,0,1.0,0.04509804,301757584,843.02734,1126.5684
MOVE,0,1.0,0.05686275,301757593,865.6719,1074.0557
MOVE,0,1.0,0.04509804,301757601,889.65234,1021.4971
MOVE,0,1.0,0.04509804,301757609,915.2129,969.5039
MOVE,0,1.0,0.05686275,301757617,942.6162,918.64844
MOVE,0,1.0,0.04117647,301757626,969.2549,870.63086
MOVE,0,1.0,0.025490198,301757634,986.75,833.3887
MOVE,0,1.0,0.025490198,301757634,986.9238,833.0176
UP,0,1.0,0.025490198,301757642,986.9238,833.0176
DOWN,0,1.0,0.03529412,301757893,813.6914,1277.4805
MOVE,0,1.0,0.037254903,301757917,814.14844,1275.0029
MOVE,0,1.0,0.037254903,301757922,815.27344,1271.1963
MOVE,0,1.0,0.04509804,301757931,818.09863,1260.7373
MOVE,0,1.0,0.04509804,301757941,823.4834,1242.0029
MOVE,0,1.0,0.04117647,301757951,837.89746,1197.3291
MOVE,0,1.0,0.05686275,301757959,861.4453,1131.3164
MOVE,0,1.0,0.04117647,301757968,888.5664,1060.5273
MOVE,0,1.0,0.04509804,301757976,918.5957,986.86035
MOVE,0,1.0,0.03137255,301757984,947.8711,919.38477
MOVE,0,1.0,0.025490198,301757993,973.22363,858.75977
MOVE,0,1.0,0.0058823535,301758001,993.8369,801.5967
MOVE,0,1.0,0.0058823535,301758001,994.04297,801.0254
UP,0,1.0,0.0058823535,301758009,994.04297,801.0254
DOWN,0,1.0,0.01764706,301758160,200.91797,1168.3643
MOVE,0,1.0,0.025490198,301758175,200.68945,1166.8779
MOVE,0,1.0,0.027450982,301758181,200.12695,1164.6514
MOVE,0,1.0,0.037254903,301758189,198.28125,1159.2236
MOVE,0,1.0,0.037254903,301758198,194.49316,1149.1846
MOVE,0,1.0,0.027450982,301758208,182.45801,1121.1963
MOVE,0,1.0,0.03137255,301758218,158.67773,1069.417
MOVE,0,1.0,0.03137255,301758226,137.06152,1025.4111
MOVE,0,1.0,0.037254903,301758235,115.96289,985.38086
MOVE,0,1.0,0.03137255,301758243,97.47949,952.17676
MOVE,0,1.0,0.025490198,301758252,80.58887,923.5674
MOVE,0,1.0,0.01764706,301758252,80.41992,923.28125
UP,0,1.0,0.01764706,301758260,80.41992,923.28125
DOWN,0,1.0,0.04117647,301758543,835.5762,1067.8174
MOVE,0,1.0,0.05686275,301758559,835.34766,1069.3047
MOVE,0,1.0,0.04705883,301758564,834.6533,1071.8164
MOVE,0,1.0,0.04117647,301758573,832.78613,1078.7559
MOVE,0,1.0,0.04509804,301758582,829.2002,1091.9844
MOVE,0,1.0,0.04117647,301758593,818.88477,1130.0684
MOVE,0,1.0,0.04117647,301758602,801.72363,1195.7402
MOVE,0,1.0,0.04117647,301758610,786.42285,1259.1367
MOVE,0,1.0,0.037254903,301758619,772.6953,1318.5908
MOVE,0,1.0,0.037254903,301758627,762.9004,1367.2588
MOVE,0,1.0,0.023529414,301758635,757.0596,1416.9492
MOVE,0,1.0,0.023529414,301758635,757.00195,1417.4463
UP,0,1.0,0.023529414,301758643,757.00195,1417.4463
DOWN,0,1.0,0.025490198,301758886,173.4961,1047.251
MOVE,0,1.0,0.03137255,301758901,173.72461,1048.2422
MOVE,0,1.0,0.03137255,301758907,174.15527,1050.3936
MOVE,0,1.0,0.027450982,301758915,175.20996,1056.1064
MOVE,0,1.0,0.037254903,301758924,176.72754,1066.0205
MOVE,0,1.0,0.025490198,301758934,180.81543,1093.1152
MOVE,0,1.0,0.03529412,301758944,189.76465,1149.0205
MOVE,0,1.0,0.03137255,301758952,201.3291,1207.7666
MOVE,0,1.0,0.025490198,301758961,216.32422,1274.5273
MOVE,0,1.0,0.025490198,301758969,231.09277,1339.1055
MOVE,0,1.0,0.03137255,301758977,243.76953,1397.4395
MOVE,0,1.0,0.01764706,301758986,251.4668,1446.6621
MOVE,0,1.0,0.0058823535,301758993,253.89258,1482.7852
MOVE,0,1.0,0.0058823535,301758994,253.91602,1483.1445
UP,0,1.0,0.0058823535,301759002,253.91602,1483.1445
DOWN,0,1.0,0.01764706,301759304,842.16797,1429.4434
MOVE,0,1.0,0.027450982,301759311,842.16797,1429.4434
MOVE,0,1.0,0.037254903,301759343,842.16797,1426.3184
MOVE,0,1.0,0.03137255,301759349,842.4414,1420.9893
MOVE,0,1.0,0.03137255,301759358,843.7637,1402.418
MOVE,0,1.0,0.037254903,301759369,847.93164,1366.8926
MOVE,0,1.0,0.03529412,301759378,852.667,1330.4043
MOVE,0,1.0,0.04117647,301759386,857.4131,1292.1455
MOVE,0,1.0,0.03529412,301759394,863.2041,1251.041
MOVE,0,1.0,0.037254903,301759403,868.74316,1209.9082
MOVE,0,1.0,0.04705883,301759411,874.542,1168.7754
MOVE,0,1.0,0.04117647,301759420,880.86426,1129.3398
MOVE,0,1.0,0.050980397,301759428,887.1924,1094.4453
MOVE,0,1.0,0.04117647,301759436,893.7822,1061.293
MOVE,0,1.0,0.04509804,301759445,900.63477,1028.7246
MOVE,0,1.0,0.04117647,301759453,908.27344,995.5947
MOVE,0,1.0,0.03529412,301759461,917.4863,962.45996
MOVE,0,1.0,0.04117647,301759470,926.71484,929.8916
MOVE,0,1.0,0.03529412,301759478,938.5537,899.0244
MOVE,0,1.0,0.03529412,301759486,951.2012,870.4375
MOVE,0,1.0,0.01764706,301759495,962.8135,843.0039
MOVE,0,1.0,0.0058823535,301759502,971.2832,818.9756
MOVE,0,1.0,0.0058823535,301759503,971.3672,818.73535
UP,0,1.0,0.0058823535,301759511,971.3672,818.73535
DOWN,0,1.0,0.027450982,301759787,800.5078,1316.3281
MOVE,0,1.0,0.023529414,301759811,800.96484,1316.3281
MOVE,0,1.0,0.023529414,301759816,801.43066,1316.3281
MOVE,0,1.0,0.023529414,301759824,802.48535,1316.043
MOVE,0,1.0,0.03137255,301759833,804.8584,1313.7578
MOVE,0,1.0,0.03137255,301759841,810.03906,1306.3496
MOVE,0,1.0,0.037254903,301759851,818.24023,1290.4756
MOVE,0,1.0,0.037254903,301759861,827.8252,1265.3584
MOVE,0,1.0,0.037254903,301759870,835.7637,1240.0215
MOVE,0,1.0,0.04117647,301759878,844.19336,1216.0215
MOVE,0,1.0,0.037254903,301759887,851.84766,1191.4619
MOVE,0,1.0,0.04117647,301759895,858.4502,1166.3301
MOVE,0,1.0,0.04117647,301759903,864.2588,1141.7598
MOVE,0,1.0,0.04509804,301759912,869.27637,1118.8906
MOVE,0,1.0,0.050980397,301759920,874.5469,1098.3018
MOVE,0,1.0,0.04117647,301759928,879.8203,1078.3008
MOVE,0,1.0,0.04509804,301759937,883.4492,1063.1553
MOVE,0,1.0,0.050980397,301759944,886.4385,1053.5742
MOVE,0,1.0,0.05686275,301759950,888.7676,1046.2266
MOVE,0,1.0,0.05686275,301759958,891.0049,1039.3662
MOVE,0,1.0,0.05686275,301759966,892.66113,1033.54
MOVE,0,1.0,0.05686275,301759974,893.584,1029.2559
MOVE,0,1.0,0.050980397,301759983,894.24316,1026.3994
MOVE,0,1.0,0.050980397,301759991,894.50684,1023.8281
MOVE,0,1.0,0.050980397,301760000,894.1113,1022.4004
MOVE,0,1.0,0.050980397,301760008,893.84766,1021.54297
MOVE,0,1.0,0.050980397,301760016,894.1113,1020.6865
MOVE,0,1.0,0.050980397,301760024,894.375,1019.2578
MOVE,0,1.0,0.050980397,301760033,894.375,1017.2588
MOVE,0,1.0,0.050980397,301760041,894.50684,1015.2588
MOVE,0,1.0,0.04509804,301760049,894.7705,1012.97363
MOVE,0,1.0,0.04509804,301760058,894.90234,1010.6885
MOVE,0,1.0,0.04509804,301760066,895.0342,1008.9746
MOVE,0,1.0,0.04509804,301760074,895.5615,1007.83203
MOVE,0,1.0,0.04509804,301760083,896.2207,1006.9756
MOVE,0,1.0,0.04509804,301760091,897.0117,1006.68945
MOVE,0,1.0,0.03137255,301760100,897.53906,1006.68945
MOVE,0,1.0,0.01764706,301760104,897.53906,1006.68945
UP,0,1.0,0.01764706,301760112,897.53906,1006.68945
MOVE,0,1.0,0.03137255,301760371,182.43164,1230.0068
MOVE,0,1.0,0.025490198,301760379,147.47949,1154.2705
MOVE,0,1.0,0.015686275,301760387,112.15039,1077.1582
MOVE,0,1.0,0.013725491,301760395,58.023438,955.91895
MOVE,0,1.0,0.013725491,301760395,57.48047,954.70215
UP,0,1.0,0.013725491,301760404,57.48047,954.70215
MOVE,0,1.0,0.04117647,301760742,842.81934,1154.6973
MOVE,0,1.0,0.04117647,301760751,843.7324,1143.5938
MOVE,0,1.0,0.03529412,301760761,849.1875,1121.6143
MOVE,0,1.0,0.04509804,301760771,860.26074,1085.8477
MOVE,0,1.0,0.05686275,301760780,873.4131,1044.2402
MOVE,0,1.0,0.050980397,301760788,889.99023,996.88086
MOVE,0,1.0,0.04509804,301760796,906.8623,957.38184
MOVE,0,1.0,0.04117647,301760804,924.5205,919.09375
MOVE,0,1.0,0.04117647,301760813,942.709,884.21094
MOVE,0,1.0,0.03137255,301760821,958.8135,853.8867
MOVE,0,1.0,0.023529414,301760829,968.89355,828.1328
MOVE,0,1.0,0.013725491,301760837,973.4121,811.5459
MOVE,0,1.0,0.013725491,301760837,973.47656,811.3086
UP,0,1.0,0.013725491,301760846,973.47656,811.3086
DOWN,0,1.0,0.04117647,301761047,923.3789,882.14844
MOVE,0,1.0,0.04117647,301761062,922.46387,883.13965
MOVE,0,1.0,0.04117647,301761067,921.26953,885.5762
MOVE,0,1.0,0.050980397,301761076,918.2373,891.86035
MOVE,0,1.0,0.050980397,301761084,913.208,902.4707
MOVE,0,1.0,0.04117647,301761095,898.6543,932.6748
MOVE,0,1.0,0.04117647,301761105,869.0625,995.8408
MOVE,0,1.0,0.050980397,301761113,839.30176,1061.4473
MOVE,0,1.0,0.04509804,301761121,808.98535,1132.8018
MOVE,0,1.0,0.04509804,301761130,783.1006,1197.9912
MOVE,0,1.0,0.037254903,301761138,762.7422,1253.5039
MOVE,0,1.0,0.025490198,301761147,748.96484,1297.041
MOVE,0,1.0,0.023529414,301761154,738.64746,1330.8447
MOVE,0,1.0,0.023529414,301761154,738.5449,1331.1816
UP,0,1.0,0.023529414,301761163,738.5449,1331.1816
DOWN,0,1.0,0.03137255,301761372,833.4668,1389.4531
MOVE,0,1.0,0.037254903,301761396,834.9092,1382.2119
MOVE,0,1.0,0.037254903,301761401,836.03516,1375.6553
MOVE,0,1.0,0.04117647,301761411,839.3379,1359.1992
MOVE,0,1.0,0.04117647,301761421,849.3574,1313.8203
MOVE,0,1.0,0.04117647,301761430,865.47656,1241.0605
MOVE,0,1.0,0.04117647,301761438,884.16797,1162.2969
MOVE,0,1.0,0.037254903,301761447,905.76074,1080.6318
MOVE,0,1.0,0.025490198,301761455,925.0322,1008.55176
MOVE,0,1.0,0.01764706,301761463,942.4531,935.4385
MOVE,0,1.0,0.01764706,301761463,942.62695,934.70703
UP,0,1.0,0.01764706,301761471,942.62695,934.70703
DOWN,0,1.0,0.037254903,301761739,832.93945,1333.4668
MOVE,0,1.0,0.03137255,301761754,832.93945,1332.4756
MOVE,0,1.0,0.03137255,301761760,833.0713,1331.1816
MOVE,0,1.0,0.037254903,301761768,833.59863,1327.7539
MOVE,0,1.0,0.037254903,301761776,834.66504,1320.8145
MOVE,0,1.0,0.037254903,301761786,837.8828,1300.7324
MOVE,0,1.0,0.04117647,301761797,846.5762,1251.6123
MOVE,0,1.0,0.037254903,301761805,855.5254,1204.8242
MOVE,0,1.0,0.04509804,301761814,865.7959,1155.1504
MOVE,0,1.0,0.04509804,301761822,876.8623,1108.2764
MOVE,0,1.0,0.04117647,301761831,887.9365,1062.5615
MOVE,0,1.0,0.04117647,301761839,899.2715,1020.25195
MOVE,0,1.0,0.037254903,301761847,908.5215,981.3701
MOVE,0,1.0,0.04117647,301761856,914.8779,947.0469
MOVE,0,1.0,0.023529414,301761864,918.5957,925.2119
MOVE,0,1.0,0.023529414,301761864,918.6328,924.9951
UP,0,1.0,0.023529414,301761872,918.6328,924.9951
DOWN,0,1.0,0.03137255,301762081,817.6465,1269.4824
MOVE,0,1.0,0.037254903,301762105,818.1035,1267.9961
MOVE,0,1.0,0.037254903,301762110,818.7012,1265.7695
MOVE,0,1.0,0.04117647,301762118,820.41504,1260.0566
MOVE,0,1.0,0.04509804,301762128,825.7051,1242.1182
MOVE,0,1.0,0.04117647,301762139,839.1572,1192.2041
MOVE,0,1.0,0.04705883,301762148,851.7969,1144.8447
MOVE,0,1.0,0.050980397,301762156,865.49805,1094.5996
MOVE,0,1.0,0.050980397,301762164,878.16406,1047.1543
MOVE,0,1.0,0.04117647,301762173,890.0381,1004.2617
MOVE,0,1.0,0.037254903,301762181,898.7705,967.0703
MOVE,0,1.0,0.027450982,301762189,900.6846,940.1172
MOVE,0,1.0,0.027450982,301762189,900.7031,939.84863
UP,0,1.0,0.027450982,301762197,900.7031,939.84863
DOWN,0,1.0,0.03529412,301762415,832.93945,1309.4727
MOVE,0,1.0,0.037254903,301762430,832.93945,1308.4814
MOVE,0,1.0,0.037254903,301762435,833.0713,1306.0449
MOVE,0,1.0,0.04117647,301762444,833.73047,1299.7607
MOVE,0,1.0,0.04117647,301762453,835.47363,1287.8613
MOVE,0,1.0,0.04509804,301762464,841.7539,1249.9551
MOVE,0,1.0,0.04705883,301762474,853.9199,1182.1328
MOVE,0,1.0,0.05686275,301762481,868.3906,1110.8066
MOVE,0,1.0,0.04117647,301762490,886.8076,1038.2646
MOVE,0,1.0,0.04117647,301762498,905.7871,970.8008
MOVE,0,1.0,0.037254903,301762506,925.8154,906.7822
MOVE,0,1.0,0.01764706,301762514,944.81055,845.06055
MOVE,0,1.0,0.01764706,301762514,945.0,844.44336
UP,0,1.0,0.01764706,301762523,945.0,844.44336
DOWN,0,1.0,0.04117647,301762824,172.96875,1010.1172
MOVE,0,1.0,0.037254903,301762839,173.19727,1011.1084
MOVE,0,1.0,0.04117647,301762844,173.4961,1012.6885
MOVE,0,1.0,0.04509804,301762853,174.55078,1017.2588
MOVE,0,1.0,0.04117647,301762861,176.26562,1024.6914
MOVE,0,1.0,0.04509804,301762870,180.8125,1044.6758
MOVE,0,1.0,0.04117647,301762882,193.42969,1098.2217
MOVE,0,1.0,0.04117647,301762890,208.41406,1153.5283
MOVE,0,1.0,0.037254903,301762898,227.35938,1217.9922
MOVE,0,1.0,0.025490198,301762907,247.3877,1281.417
MOVE,0,1.0,0.03529412,301762915,264.0332,1339.1738
MOVE,0,1.0,0.037254903,301762923,275.42383,1387.2598
MOVE,0,1.0,0.037254903,301762932,281.28027,1423.3711
MOVE,0,1.0,0.025490198,301762940,283.16504,1449.1816
MOVE,0,1.0,0.027450982,301762948,282.67285,1464.3838
MOVE,0,1.0,0.023529414,301762956,282.1836,1478.1904
MOVE,0,1.0,0.003921569,301762957,282.1289,1479.7168
UP,0,1.0,0.003921569,301762965,282.1289,1479.7168
DOWN,0,1.0,0.04117647,301764009,293.4668,1272.3389
MOVE,0,1.0,0.03137255,301764024,293.23828,1270.8525
MOVE,0,1.0,0.04509804,301764029,292.4121,1268.3398
MOVE,0,1.0,0.03529412,301764038,289.64844,1260.2549
MOVE,0,1.0,0.037254903,301764048,283.14746,1242.7666
MOVE,0,1.0,0.04117647,301764058,261.49902,1192.8154
MOVE,0,1.0,0.037254903,301764066,225.01465,1118.2676
MOVE,0,1.0,0.037254903,301764075,182.36035,1038.9043
MOVE,0,1.0,0.025490198,301764083,136.77441,962.32324
MOVE,0,1.0,0.013725491,301764091,77.84668,869.36914
MOVE,0,1.0,0.013725491,301764091,77.25586,868.4375
UP,0,1.0,0.013725491,301764099,77.25586,868.4375
DOWN,0,1.0,0.03137255,301764377,789.96094,1324.3262
MOVE,0,1.0,0.03529412,301764391,789.96094,1323.831
MOVE,0,1.0,0.037254903,301764396,790.2246,1322.041
MOVE,0,1.0,0.037254903,301764404,791.41113,1316.8994
MOVE,0,1.0,0.04705883,301764413,793.58203,1308.0635
MOVE,0,1.0,0.04117647,301764423,799.6924,1284.3848
MOVE,0,1.0,0.04509804,301764433,815.4004,1233.9199
MOVE,0,1.0,0.04117647,301764442,832.5049,1184.2861
MOVE,0,1.0,0.04705883,301764450,853.03613,1130.0596
MOVE,0,1.0,0.05686275,301764458,874.9082,1073.5244
MOVE,0,1.0,0.04509804,301764467,898.6201,1014.7051
MOVE,0,1.0,0.04117647,301764475,923.917,954.73047
MOVE,0,1.0,0.050980397,301764484,949.751,894.7451
MOVE,0,1.0,0.037254903,301764492,970.1094,840.416
MOVE,0,1.0,0.015686275,301764500,978.4043,808.2012
MOVE,0,1.0,0.015686275,301764500,978.4863,807.88086
UP,0,1.0,0.015686275,301764508,978.4863,807.88086
MOVE,0,1.0,0.04509804,301766052,873.0469,1158.0928
MOVE,0,1.0,0.04117647,301766060,899.9072,1094.7305
MOVE,0,1.0,0.037254903,301766069,929.4121,1027.3584
MOVE,0,1.0,0.04117647,301766077,960.5088,957.6846
MOVE,0,1.0,0.03529412,301766085,989.27344,890.249
MOVE,0,1.0,0.023529414,301766094,1006.5283,835.8457
MOVE,0,1.0,0.0058823535,301766102,1009.83203,801.36816
MOVE,0,1.0,0.0058823535,301766102,1009.8633,801.0254
UP,0,1.0,0.0058823535,301766110,1009.8633,801.0254
DOWN,0,1.0,0.013725491,301766303,152.13867,939.84863
MOVE,0,1.0,0.01764706,301766318,150.7666,938.3623
MOVE,0,1.0,0.0058823535,301766319,150.55664,938.13477
UP,0,1.0,0.0058823535,301766327,150.55664,938.13477
DOWN,0,1.0,0.037254903,301766403,55.898438,837.0166
MOVE,0,1.0,0.037254903,301766419,65.28223,850.95215
MOVE,0,1.0,0.04509804,301766426,83.868164,878.4082
MOVE,0,1.0,0.04705883,301766436,123.831055,939.2998
MOVE,0,1.0,0.04705883,301766444,166.47754,1007.7178
MOVE,0,1.0,0.04509804,301766453,209.19238,1081.9287
MOVE,0,1.0,0.04117647,301766461,243.29297,1150.54
MOVE,0,1.0,0.04509804,301766469,269.73633,1216.832
MOVE,0,1.0,0.04509804,301766478,287.48926,1279.1426
MOVE,0,1.0,0.04117647,301766486,297.58496,1330.668
MOVE,0,1.0,0.03529412,301766494,303.4287,1379.2559
MOVE,0,1.0,0.04117647,301766503,306.87988,1424.9873
MOVE,0,1.0,0.037254903,301766511,307.43652,1466.7314
MOVE,0,1.0,0.03137255,301766519,305.35352,1503.3457
MOVE,0,1.0,0.03137255,301766528,301.15527,1533.6865
MOVE,0,1.0,0.03137255,301766536,295.89258,1557.1777
MOVE,0,1.0,0.023529414,301766544,290.68652,1573.0449
MOVE,0,1.0,0.01764706,301766552,286.3086,1585.1973
MOVE,0,1.0,0.003921569,301766553,285.8203,1586.5479
UP,0,1.0,0.003921569,301766561,285.8203,1586.5479
DOWN,0,1.0,0.03137255,301766787,857.9883,1344.3213
MOVE,0,1.0,0.027450982,301766802,858.2168,1343.3301
MOVE,0,1.0,0.025490198,301766807,858.91113,1341.4648
MOVE,0,1.0,0.025490198,301766816,860.75684,1335.752
MOVE,0,1.0,0.03137255,301766825,864.374,1323.8525
MOVE,0,1.0,0.03137255,301766835,877.38477,1282.542
MOVE,0,1.0,0.03137255,301766845,903.3613,1206.206
MOVE,0,1.0,0.025490198,301766853,933.8838,1123.4893
MOVE,0,1.0,0.03137255,301766861,966.81934,1033.8662
MOVE,0,1.0,0.023529414,301766869,996.6455,946.43555
MOVE,0,1.0,0.01764706,301766878,1021.48047,865.8154
MOVE,0,1.0,0.0058823535,301766886,1041.3066,793.18164
MOVE,0,1.0,0.0058823535,301766886,1041.5039,792.45605
UP,0,1.0,0.0058823535,301766894,1041.5039,792.45605
DOWN,0,1.0,0.04117647,301767003,197.22656,1058.1055
MOVE,0,1.0,0.03529412,301767019,197.45508,1059.0967
MOVE,0,1.0,0.04117647,301767024,197.62207,1060.9619
MOVE,0,1.0,0.04117647,301767032,198.28125,1066.1035
MOVE,0,1.0,0.04509804,301767041,199.7793,1074.9395
MOVE,0,1.0,0.03137255,301767051,204.16309,1098.6182
MOVE,0,1.0,0.04117647,301767061,216.88867,1151.9111
MOVE,0,1.0,0.037254903,301767070,234.49121,1207.2295
MOVE,0,1.0,0.03529412,301767078,256.33398,1269.9971
MOVE,0,1.0,0.037254903,301767087,277.43555,1331.1416
MOVE,0,1.0,0.03137255,301767095,293.83105,1385.4824
MOVE,0,1.0,0.023529414,301767103,304.6963,1434.0996
MOVE,0,1.0,0.023529414,301767103,304.8047,1434.585
UP,0,1.0,0.023529414,301767111,304.8047,1434.585
DOWN,0,1.0,0.04705883,301767220,870.64453,966.6992
MOVE,0,1.0,0.04117647,301767236,869.958,968.68164
MOVE,0,1.0,0.04117647,301767241,868.93066,972.69824
MOVE,0,1.0,0.03137255,301767250,866.0615,983.87305
MOVE,0,1.0,0.03137255,301767260,860.6592,1006.06836
MOVE,0,1.0,0.03137255,301767270,849.91504,1059.8818
MOVE,0,1.0,0.025490198,301767278,836.7627,1138.4404
MOVE,0,1.0,0.023529414,301767287,827.2334,1216.7129
MOVE,0,1.0,0.023529414,301767295,824.2676,1283.1016
MOVE,0,1.0,0.0058823535,301767303,825.54395,1364.0762
MOVE,0,1.0,0.0058823535,301767303,825.55664,1364.8877
UP,0,1.0,0.0058823535,301767311,825.55664,1364.8877
DOWN,0,1.0,0.027450982,301767462,203.29102,1030.6836
MOVE,0,1.0,0.037254903,301767478,203.74805,1032.1709
MOVE,0,1.0,0.04117647,301767483,204.47754,1034.6826
MOVE,0,1.0,0.037254903,301767491,206.91113,1041.9941
MOVE,0,1.0,0.037254903,301767501,211.84082,1056.7686
MOVE,0,1.0,0.03529412,301767512,226.76855,1101.2812
MOVE,0,1.0,0.037254903,301767520,251.30566,1176.208
MOVE,0,1.0,0.037254903,301767529,276.08008,1254.9834
MOVE,0,1.0,0.025490198,301767537,295.90625,1329.2969
MOVE,0,1.0,0.03137255,301767545,306.80566,1386.0312
MOVE,0,1.0,0.01764706,301767553,312.13477,1442.5889
MOVE,0,1.0,0.01764706,301767553,312.1875,1443.1543
UP,0,1.0,0.01764706,301767562,312.1875,1443.1543
DOWN,0,1.0,0.04117647,301767788,859.30664,1019.8291
MOVE,0,1.0,0.04117647,301767803,859.0781,1020.8203
MOVE,0,1.0,0.04117647,301767808,858.7793,1022.68555
MOVE,0,1.0,0.04117647,301767817,857.7246,1027.8271
MOVE,0,1.0,0.037254903,301767826,855.48047,1037.8662
MOVE,0,1.0,0.050980397,301767836,848.16016,1070.2861
MOVE,0,1.0,0.04117647,301767846,832.0303,1138.6172
MOVE,0,1.0,0.037254903,301767854,816.7451,1208.7949
MOVE,0,1.0,0.037254903,301767862,804.32324,1276.8008
MOVE,0,1.0,0.037254903,301767871,796.8906,1330.6445
MOVE,0,1.0,0.027450982,301767879,795.25,1371.3379
MOVE,0,1.0,0.013725491,301767887,798.8887,1406.8086
MOVE,0,1.0,0.013725491,301767887,798.9258,1407.1631
UP,0,1.0,0.013725491,301767895,798.9258,1407.1631
DOWN,0,1.0,0.01764706,301768038,196.43555,1032.9688
MOVE,0,1.0,0.023529414,301768053,196.43555,1033.96
MOVE,0,1.0,0.03529412,301768059,196.69922,1035.54
MOVE,0,1.0,0.027450982,301768067,197.22656,1039.8242
MOVE,0,1.0,0.03137255,301768076,197.6289,1048.0889
MOVE,0,1.0,0.027450982,301768085,199.23145,1073.3682
MOVE,0,1.0,0.03137255,301768096,206.12793,1131.3047
MOVE,0,1.0,0.025490198,301768104,218.7207,1189.4902
MOVE,0,1.0,0.025490198,301768113,237.12012,1253.418
MOVE,0,1.0,0.025490198,301768121,255.57715,1313.4434
MOVE,0,1.0,0.01764706,301768130,271.68457,1367.207
MOVE,0,1.0,0.023529414,301768138,282.80957,1410.1621
MOVE,0,1.0,0.01764706,301768146,288.14062,1441.1318
MOVE,0,1.0,0.0058823535,301768154,289.2373,1462.3672
MOVE,0,1.0,0.0058823535,301768154,289.24805,1462.5781
UP,0,1.0,0.0058823535,301768163,289.24805,1462.5781
DOWN,0,1.0,0.023529414,301768280,833.4668,1378.5986
MOVE,0,1.0,0.037254903,301768295,833.9238,1377.1123
MOVE,0,1.0,0.03137255,301768301,834.5215,1374.3145
MOVE,0,1.0,0.04117647,301768309,836.0508,1365.542
MOVE,0,1.0,0.037254903,301768319,839.8135,1348.5137
MOVE,0,1.0,0.04705883,301768330,852.14355,1300.8184
MOVE,0,1.0,0.03529412,301768338,874.1201,1221.1348
MOVE,0,1.0,0.03137255,301768346,902.00586,1131.5566
MOVE,0,1.0,0.01764706,301768355,932.5654,1039.0361
MOVE,0,1.0,0.013725491,301768363,970.45996,918.208
MOVE,0,1.0,0.013725491,301768363,970.83984,916.9971
UP,0,1.0,0.013725491,301768371,970.83984,916.9971
DOWN,0,1.0,0.025490198,301768480,251.80664,1249.4873
MOVE,0,1.0,0.03137255,301768496,251.12012,1246.9336
MOVE,0,1.0,0.025490198,301768501,249.56543,1242.918
MOVE,0,1.0,0.033333335,301768510,244.9707,1231.7432
MOVE,0,1.0,0.037254903,301768520,235.39062,1210.4912
MOVE,0,1.0,0.03137255,301768530,211.42773,1161.9658
MOVE,0,1.0,0.03137255,301768538,176.4834,1094.2051
MOVE,0,1.0,0.023529414,301768546,141.9375,1027.919
MOVE,0,1.0,0.013725491,301768554,90.95117,928.2803
MOVE,0,1.0,0.013725491,301768555,90.43945,927.2803
UP,0,1.0,0.013725491,301768563,90.43945,927.2803
DOWN,0,1.0,0.04117647,301768656,908.87695,934.70703
MOVE,0,1.0,0.050980397,301768671,907.69824,936.68945
MOVE,0,1.0,0.04117647,301768676,905.8447,940.70605
MOVE,0,1.0,0.04117647,301768685,900.88574,951.4512
MOVE,0,1.0,0.037254903,301768695,891.7832,973.00195
MOVE,0,1.0,0.027450982,301768705,871.1006,1028.4502
MOVE,0,1.0,0.01764706,301768714,845.5879,1110.9785
MOVE,0,1.0,0.013725491,301768721,801.4785,1286.5693
MOVE,0,1.0,0.013725491,301768721,801.03516,1288.335
UP,0,1.0,0.013725491,301768730,801.03516,1288.335
DOWN,0,1.0,0.04117647,301768889,191.16211,1016.97266
MOVE,0,1.0,0.04117647,301768913,194.27539,1025.2803
MOVE,0,1.0,0.04117647,301768919,197.24512,1033.1455
MOVE,0,1.0,0.03529412,301768929,205.03809,1054.6963
MOVE,0,1.0,0.04117647,301768939,226.0332,1115.2344
MOVE,0,1.0,0.04117647,301768947,257.5547,1212.5195
MOVE,0,1.0,0.037254903,301768956,287.36816,1316.9971
MOVE,0,1.0,0.03137255,301768964,307.24414,1411.3623
MOVE,0,1.0,0.01764706,301768972,316.05566,1482.4365
MOVE,0,1.0,0.0058823535,301768980,321.10254,1555.5381
MOVE,0,1.0,0.0058823535,301768980,321.15234,1556.2695
UP,0,1.0,0.0058823535,301768988,321.15234,1556.2695
DOWN,0,1.0,0.023529414,301769281,802.3535,1388.3105
MOVE,0,1.0,0.01764706,301769296,802.3535,1387.3193
MOVE,0,1.0,0.025490198,301769302,802.6172,1385.7402
MOVE,0,1.0,0.025490198,301769310,803.4082,1380.8838
MOVE,0,1.0,0.03137255,301769319,804.8203,1370.4248
MOVE,0,1.0,0.037254903,301769329,809.7412,1336.9766
MOVE,0,1.0,0.04117647,301769339,820.70996,1267.8262
MOVE,0,1.0,0.037254903,301769348,834.38477,1191.9756
MOVE,0,1.0,0.03137255,301769356,852.79395,1106.3799
MOVE,0,1.0,0.03137255,301769364,875.6885,1021.8174
MOVE,0,1.0,0.025490198,301769372,902.0215,939.5283
MOVE,0,1.0,0.003921569,301769380,927.3447,856.69727
MOVE,0,1.0,0.003921569,301769380,927.59766,855.86914
UP,0,1.0,0.003921569,301769389,927.59766,855.86914
DOWN,0,1.0,0.01764706,301769489,199.86328,1184.3604
MOVE,0,1.0,0.03137255,301769505,199.86328,1183.8652
MOVE,0,1.0,0.03529412,301769510,199.86328,1183.2178
MOVE,0,1.0,0.04117647,301769519,199.86328,1181.2188
MOVE,0,1.0,0.04117647,301769527,199.59961,1178.0762
MOVE,0,1.0,0.04117647,301769536,197.67188,1170.9541
MOVE,0,1.0,0.03137255,301769545,190.63281,1151.6768
MOVE,0,1.0,0.037254903,301769556,173.90527,1117.7998
MOVE,0,1.0,0.037254903,301769564,153.1377,1081.8887
MOVE,0,1.0,0.01764706,301769573,132.30762,1041.9385
MOVE,0,1.0,0.003921569,301769580,112.52246,996.8574
MOVE,0,1.0,0.003921569,301769581,112.32422,996.40625
UP,0,1.0,0.003921569,301769589,112.32422,996.40625
DOWN,0,1.0,0.04117647,301769640,889.6289,862.1533
MOVE,0,1.0,0.04117647,301769664,887.2363,868.32715
MOVE,0,1.0,0.04117647,301769669,884.9453,874.03516
MOVE,0,1.0,0.037254903,301769678,879.3408,887.82227
MOVE,0,1.0,0.04705883,301769689,864.2959,928.0498
MOVE,0,1.0,0.04705883,301769698,839.76074,1001.42773
MOVE,0,1.0,0.037254903,301769706,815.2549,1081.8652
MOVE,0,1.0,0.027450982,301769714,794.12695,1164.6797
MOVE,0,1.0,0.013725491,301769722,770.9453,1276.3604
MOVE,0,1.0,0.013725491,301769722,770.7129,1277.4805
UP,0,1.0,0.013725491,301769731,770.7129,1277.4805
DOWN,0,1.0,0.037254903,301769882,213.31055,1160.3662
MOVE,0,1.0,0.03137255,301769905,213.76758,1170.1611
MOVE,0,1.0,0.03137255,301769911,214.4541,1179.5703
MOVE,0,1.0,0.04117647,301769922,216.97266,1204.0283
MOVE,0,1.0,0.037254903,301769931,224.57422,1261.502
MOVE,0,1.0,0.03137255,301769940,236.13379,1349.7197
MOVE,0,1.0,0.01764706,301769948,246.16895,1438.2695
MOVE,0,1.0,0.0058823535,301769956,258.79883,1569.8037
MOVE,0,1.0,0.0058823535,301769956,258.92578,1571.123
UP,0,1.0,0.0058823535,301769964,258.92578,1571.123
DOWN,0,1.0,0.03137255,301770157,832.93945,1358.6035
MOVE,0,1.0,0.037254903,301770172,832.93945,1356.6211
MOVE,0,1.0,0.04117647,301770178,833.0713,1353.1768
MOVE,0,1.0,0.03529412,301770186,833.9297,1343.4229
MOVE,0,1.0,0.03529412,301770197,836.5674,1322.082
MOVE,0,1.0,0.03529412,301770207,845.77246,1262.044
MOVE,0,1.0,0.037254903,301770215,863.34863,1167.0332
MOVE,0,1.0,0.03137255,301770223,887.2793,1063.1445
MOVE,0,1.0,0.01764706,301770231,929.5459,895.25977
MOVE,0,1.0,0.01764706,301770231,929.9707,893.5742
UP,0,1.0,0.01764706,301770240,929.9707,893.5742
DOWN,0,1.0,0.03137255,301770324,234.66797,1267.7686
MOVE,0,1.0,0.025490198,301770339,234.21094,1265.7861
MOVE,0,1.0,0.03137255,301770344,233.34961,1262.0557
MOVE,0,1.0,0.03529412,301770354,230.43164,1250.7275
MOVE,0,1.0,0.037254903,301770364,223.03125,1227.4102
MOVE,0,1.0,0.023529414,301770374,202.95605,1175.1455
MOVE,0,1.0,0.01764706,301770381,130.97949,992.5332
MOVE,0,1.0,0.01764706,301770381,130.2539,990.69336
UP,0,1.0,0.01764706,301770390,130.2539,990.69336
DOWN,0,1.0,0.04509804,301770499,880.66406,890.7178
MOVE,0,1.0,0.04705883,301770515,879.97754,892.2051
MOVE,0,1.0,0.04509804,301770520,879.3457,894.1455
MOVE,0,1.0,0.04705883,301770528,878.02734,899.2871
MOVE,0,1.0,0.04117647,301770537,875.9883,908.12305
MOVE,0,1.0,0.04117647,301770546,870.6162,933.80176
MOVE,0,1.0,0.04117647,301770557,857.5742,997.5664
MOVE,0,1.0,0.037254903,301770566,842.3213,1069.3828
MOVE,0,1.0,0.03529412,301770574,825.72266,1153.2422
MOVE,0,1.0,0.03137255,301770582,813.81055,1233.2627
MOVE,0,1.0,0.01764706,301770590,806.1211,1317.7676
MOVE,0,1.0,0.01764706,301770590,806.0449,1318.6133
UP,0,1.0,0.01764706,301770599,806.0449,1318.6133
DOWN,0,1.0,0.03529412,301770758,193.79883,1052.9639
MOVE,0,1.0,0.04117647,301770781,195.0127,1060.1289
MOVE,0,1.0,0.037254903,301770787,196.24414,1066.7617
MOVE,0,1.0,0.037254903,301770797,199.29395,1083.2178
MOVE,0,1.0,0.03137255,301770807,207.1543,1126.9648
MOVE,0,1.0,0.037254903,301770816,220.30078,1195.6836
MOVE,0,1.0,0.037254903,301770824,236.35254,1271.5791
MOVE,0,1.0,0.03137255,301770832,253.48145,1349.8232
MOVE,0,1.0,0.023529414,301770841,267.4873,1419.04
MOVE,0,1.0,0.023529414,301770849,275.458,1476.2891
MOVE,0,1.0,0.013725491,301770857,275.79785,1527.7627
MOVE,0,1.0,0.013725491,301770857,275.80078,1528.2764
UP,0,1.0,0.013725491,301770866,275.80078,1528.2764
DOWN,0,1.0,0.037254903,301770983,801.03516,1294.0479
MOVE,0,1.0,0.03529412,301771007,802.4424,1283.6816
MOVE,0,1.0,0.037254903,301771013,804.41016,1272.3809
MOVE,0,1.0,0.037254903,301771024,811.1846,1240.9375
MOVE,0,1.0,0.03137255,301771033,829.85156,1173.6084
MOVE,0,1.0,0.025490198,301771041,864.2344,1065.4756
MOVE,0,1.0,0.01764706,301771049,947.0674,829.11035
MOVE,0,1.0,0.01764706,301771049,947.9004,826.7334
UP,0,1.0,0.01764706,301771057,947.9004,826.7334
DOWN,0,1.0,0.037254903,301771200,247.32422,1332.3242
MOVE,0,1.0,0.025490198,301771215,246.86719,1330.8379
MOVE,0,1.0,0.037254903,301771221,246.40137,1328.6113
MOVE,0,1.0,0.037254903,301771229,244.55566,1323.1836
MOVE,0,1.0,0.03137255,301771238,240.78027,1313.1445
MOVE,0,1.0,0.03137255,301771248,229.06836,1281.6104
MOVE,0,1.0,0.037254903,301771258,201.43262,1215.7988
MOVE,0,1.0,0.027450982,301771266,169.85742,1148.4717
MOVE,0,1.0,0.01764706,301771274,115.506836,1031.2891
MOVE,0,1.0,0.01764706,301771274,114.96094,1030.1123
UP,0,1.0,0.01764706,301771283,114.96094,1030.1123
DOWN,0,1.0,0.050980397,301771408,871.6992,884.4336
MOVE,0,1.0,0.04117647,301771424,870.0283,886.9873
MOVE,0,1.0,0.050980397,301771429,868.0078,890.7178
MOVE,0,1.0,0.04117647,301771438,862.41895,901.6074
MOVE,0,1.0,0.04117647,301771449,851.94727,923.33105
MOVE,0,1.0,0.04117647,301771458,826.84863,979.3076
MOVE,0,1.0,0.04509804,301771466,790.58887,1069.2002
MOVE,0,1.0,0.04117647,301771475,755.50684,1169.6436
MOVE,0,1.0,0.04117647,301771483,726.18164,1270.1904
MOVE,0,1.0,0.037254903,301771492,706.833,1353.7705
MOVE,0,1.0,0.01764706,301771499,691.7617,1439.4414
MOVE,0,1.0,0.01764706,301771499,691.6113,1440.2979
UP,0,1.0,0.01764706,301771508,691.6113,1440.2979
DOWN,0,1.0,0.027450982,301771667,204.60938,1028.3984
MOVE,0,1.0,0.037254903,301771682,205.52441,1030.3809
MOVE,0,1.0,0.03137255,301771688,207.11426,1033.8262
MOVE,0,1.0,0.037254903,301771696,211.3252,1043.5791
MOVE,0,1.0,0.04117647,301771707,219.50586,1062.2607
MOVE,0,1.0,0.03137255,301771717,239.7539,1110.7842
MOVE,0,1.0,0.037254903,301771725,269.69922,1181.9326
MOVE,0,1.0,0.03137255,301771734,299.49707,1257.8682
MOVE,0,1.0,0.025490198,301771742,324.8545,1328.7598
MOVE,0,1.0,0.03137255,301771750,342.0752,1384.8945
MOVE,0,1.0,0.01764706,301771758,350.5996,1427.8721
MOVE,0,1.0,0.0058823535,301771766,355.38184,1465.0635
MOVE,0,1.0,0.0058823535,301771766,355.4297,1465.4346
UP,0,1.0,0.0058823535,301771775,355.4297,1465.4346
DOWN,0,1.0,0.03137255,301771867,800.24414,1346.0352
MOVE,0,1.0,0.037254903,301771883,800.47266,1344.5488
MOVE,0,1.0,0.03529412,301771888,800.9033,1341.751
MOVE,0,1.0,0.04117647,301771897,802.13086,1333.7715
MOVE,0,1.0,0.037254903,301771906,805.2666,1317.3662
MOVE,0,1.0,0.04117647,301771917,816.09766,1270.4678
MOVE,0,1.0,0.04117647,301771925,833.2959,1200.4824
MOVE,0,1.0,0.04117647,301771934,854.08887,1123.4326
MOVE,0,1.0,0.04117647,301771942,877.2676,1045.7432
MOVE,0,1.0,0.037254903,301771950,898.3828,973.7031
MOVE,0,1.0,0.023529414,301771958,922.34766,888.7129
MOVE,0,1.0,0.023529414,301771958,922.5879,887.8613
UP,0,1.0,0.023529414,301771967,922.5879,887.8613
DOWN,0,1.0,0.03137255,301772151,170.33203,1018.6865
MOVE,0,1.0,0.037254903,301772166,170.33203,1018.1914
MOVE,0,1.0,0.03137255,301772172,170.06836,1017.54395
MOVE,0,1.0,0.037254903,301772180,169.54102,1016.40137
MOVE,0,1.0,0.037254903,301772188,169.01367,1014.97363
MOVE,0,1.0,0.037254903,301772197,168.61816,1013.5449
MOVE,0,1.0,0.037254903,301772205,168.35449,1012.97363
MOVE,0,1.0,0.037254903,301772213,167.56348,1014.40234
MOVE,0,1.0,0.025490198,301772222,165.65625,1021.2383
MOVE,0,1.0,0.037254903,301772232,164.16211,1039.7158
MOVE,0,1.0,0.03137255,301772242,167.39746,1077.209
MOVE,0,1.0,0.03137255,301772251,177.87305,1123.3408
MOVE,0,1.0,0.01764706,301772259,197.29492,1182.624
MOVE,0,1.0,0.03137255,301772267,225.16016,1255.6113
MOVE,0,1.0,0.027450982,301772276,256.50293,1335.5234
MOVE,0,1.0,0.023529414,301772284,280.30957,1409.2822
MOVE,0,1.0,0.023529414,301772292,290.20508,1463.749
MOVE,0,1.0,0.023529414,301772301,290.8252,1502.751
MOVE,0,1.0,0.01764706,301772309,285.60938,1529.1562
MOVE,0,1.0,0.013725491,301772316,280.99707,1539.8184
MOVE,0,1.0,0.013725491,301772317,280.54688,1540.8447
UP,0,1.0,0.013725491,301772325,280.54688,1540.8447
DOWN,0,1.0,0.03529412,301772510,913.3594,837.5879
MOVE,0,1.0,0.037254903,301772525,912.67285,838.5791
MOVE,0,1.0,0.04117647,301772530,911.6455,840.73047
MOVE,0,1.0,0.04509804,301772539,908.61035,847.0205
MOVE,0,1.0,0.04509804,301772548,902.7451,858.791
MOVE,0,1.0,0.04509804,301772558,884.8828,895.11426
MOVE,0,1.0,0.050980397,301772568,850.917,964.917
MOVE,0,1.0,0.04509804,301772576,817.19336,1039.082
MOVE,0,1.0,0.04509804,301772585,785.0088,1116.7422
MOVE,0,1.0,0.03529412,301772593,758.584,1187.6514
MOVE,0,1.0,0.03137255,301772601,739.0039,1246.0479
MOVE,0,1.0,0.01764706,301772609,724.1904,1295.8359
MOVE,0,1.0,0.01764706,301772609,724.04297,1296.333
UP,0,1.0,0.01764706,301772617,724.04297,1296.333
DOWN,0,1.0,0.037254903,301772735,211.99219,1052.9639
MOVE,0,1.0,0.03137255,301772759,213.62793,1058.6426
MOVE,0,1.0,0.037254903,301772764,215.44922,1063.9023
MOVE,0,1.0,0.037254903,301772773,220.15234,1078.0889
MOVE,0,1.0,0.03137255,301772784,235.69531,1122.9902
MOVE,0,1.0,0.03137255,301772793,262.62012,1199.0479
MOVE,0,1.0,0.023529414,301772801,291.33398,1282.9248
MOVE,0,1.0,0.025490198,301772810,313.54785,1363.5107
MOVE,0,1.0,0.01764706,301772818,335.43555,1463.8574
MOVE,0,1.0,0.01764706,301772818,335.6543,1464.8633
UP,0,1.0,0.01764706,301772826,335.6543,1464.8633
DOWN,0,1.0,0.037254903,301772994,851.1328,986.69434
MOVE,0,1.0,0.04117647,301773009,850.9043,987.68555
MOVE,0,1.0,0.04117647,301773014,850.3418,989.2656
MOVE,0,1.0,0.04705883,301773023,848.75977,994.4072
MOVE,0,1.0,0.04509804,301773031,845.416,1004.3213
MOVE,0,1.0,0.04509804,301773041,834.9756,1034.417
MOVE,0,1.0,0.04117647,301773052,813.0928,1100.3691
MOVE,0,1.0,0.04509804,301773060,792.0176,1167.125
MOVE,0,1.0,0.037254903,301773068,772.49023,1233.9658
MOVE,0,1.0,0.037254903,301773077,757.1553,1292.8887
MOVE,0,1.0,0.025490198,301773085,743.9502,1339.8535
MOVE,0,1.0,0.0058823535,301773093,729.9834,1381.044
MOVE,0,1.0,0.0058823535,301773093,729.84375,1381.4551
UP,0,1.0,0.0058823535,301773101,729.84375,1381.4551
DOWN,0,1.0,0.03529412,301773227,221.48438,1042.1094
MOVE,0,1.0,0.037254903,301773243,221.9414,1043.5967
MOVE,0,1.0,0.037254903,301773248,222.40723,1046.1084
MOVE,0,1.0,0.04117647,301773256,224.16699,1053.4199
MOVE,0,1.0,0.03137255,301773266,228.3711,1068.1943
MOVE,0,1.0,0.03137255,301773276,241.89453,1113.2363
MOVE,0,1.0,0.03137255,301773285,266.33496,1187.0742
MOVE,0,1.0,0.03137255,301773294,292.41504,1265.2725
MOVE,0,1.0,0.025490198,301773302,314.3418,1340.1455
MOVE,0,1.0,0.01764706,301773310,327.35156,1400.8447
MOVE,0,1.0,0.013725491,301773318,334.26758,1467.623
MOVE,0,1.0,0.013725491,301773318,334.33594,1468.291
UP,0,1.0,0.013725491,301773327,334.33594,1468.291
DOWN,0,1.0,0.04117647,301773569,878.02734,894.7168
MOVE,0,1.0,0.04705883,301773585,877.5703,895.708
MOVE,0,1.0,0.04117647,301773590,876.8408,896.7168
MOVE,0,1.0,0.04117647,301773598,874.8633,899.8584
MOVE,0,1.0,0.04509804,301773607,871.03613,906.4346
MOVE,0,1.0,0.04117647,301773616,858.9795,927.1328
MOVE,0,1.0,0.04117647,301773628,826.0947,986.7627
MOVE,0,1.0,0.04117647,301773636,795.01855,1049.4795
MOVE,0,1.0,0.04705883,301773644,764.42676,1117.9766
MOVE,0,1.0,0.04117647,301773652,739.0615,1182.5723
MOVE,0,1.0,0.037254903,301773661,717.4033,1241.4727
MOVE,0,1.0,0.03137255,301773669,700.7422,1294.0938
MOVE,0,1.0,0.025490198,301773678,690.91797,1336.4717
MOVE,0,1.0,0.013725491,301773685,686.3828,1361.2148
MOVE,0,1.0,0.013725491,301773685,686.3379,1361.46
UP,0,1.0,0.013725491,301773694,686.3379,1361.46
MOVE,0,1.0,0.037254903,301775972,859.5332,1371.0518
MOVE,0,1.0,0.037254903,301775980,864.26855,1316.8711
MOVE,0,1.0,0.037254903,301775989,870.3203,1258.6396
MOVE,0,1.0,0.04509804,301775997,877.9512,1195.8438
MOVE,0,1.0,0.04117647,301776005,886.90234,1130.1738
MOVE,0,1.0,0.037254903,301776014,898.2168,1064.4756
MOVE,0,1.0,0.04117647,301776022,911.9043,1000.47363
MOVE,0,1.0,0.03137255,301776030,922.4824,945.53906
MOVE,0,1.0,0.01764706,301776038,928.33105,902.57227
MOVE,0,1.0,0.01764706,301776038,928.3887,902.14355
UP,0,1.0,0.01764706,301776047,928.3887,902.14355
DOWN,0,1.0,0.03137255,301776189,789.96094,1087.8125
MOVE,0,1.0,0.03529412,301776213,790.4531,1089.8711
MOVE,0,1.0,0.03137255,301776219,790.8838,1091.8115
MOVE,0,1.0,0.04117647,301776232,791.80664,1096.9531
DOWN,1,1.0,0.023529414,301776232,222.27539,1303.1885
MOVE,0,1.0,0.04117647,301776248,796.13574,1117.8125
MOVE,1,1.0,0.023529414,301776248,222.02832,1302.1201
MOVE,0,1.0,0.04117647,301776255,798.41113,1131.0791
MOVE,1,1.0,0.015686275,301776255,221.375,1299.7461
MOVE,0,1.0,0.04705883,301776264,801.0947,1148.707
MOVE,1,1.0,0.01764706,301776264,219.77441,1294.4902
MOVE,0,1.0,0.04509804,301776273,802.8047,1166.9404
MOVE,1,1.0,0.01764706,301776273,217.63086,1288.0664
MOVE,0,1.0,0.04509804,301776282,803.1416,1185.8916
MOVE,1,1.0,0.01764706,301776282,212.83105,1273.0586
MOVE,0,1.0,0.04117647,301776290,803.14453,1204.1729
MOVE,1,1.0,0.015686275,301776290,204.95215,1250.2871
MOVE,0,1.0,0.04117647,301776298,801.83984,1223.585
MOVE,1,1.0,0.023529414,301776298,197.04199,1226.8701
MOVE,0,1.0,0.037254903,301776306,799.999,1243.0088
MOVE,1,1.0,0.023529414,301776306,189.6543,1204.0127
MOVE,0,1.0,0.04117647,301776315,797.6416,1259.5332
MOVE,1,1.0,0.025490198,301776315,183.34277,1184.6387
MOVE,0,1.0,0.037254903,301776323,795.3789,1273.1836
MOVE,1,1.0,0.025490198,301776323,178.79492,1168.8008
MOVE,0,1.0,0.037254903,301776330,794.37695,1284.2754
MOVE,1,1.0,0.027450982,301776330,176.14648,1156.1768
MOVE,0,1.0,0.04117647,301776338,793.98926,1294.8604
MOVE,1,1.0,0.027450982,301776338,173.89453,1144.0352
MOVE,0,1.0,0.04117647,301776345,793.7461,1304.3174
MOVE,1,1.0,0.027450982,301776345,171.53027,1132.625
MOVE,0,1.0,0.03137255,301776353,793.21484,1312.501
MOVE,1,1.0,0.025490198,301776353,168.84473,1122.999
MOVE,0,1.0,0.037254903,301776361,792.1992,1320.3457
MOVE,1,1.0,0.025490198,301776361,166.10742,1114.3574
MOVE,0,1.0,0.04117647,301776369,790.8838,1328.04
MOVE,1,1.0,0.025490198,301776369,163.6084,1106.665
MOVE,0,1.0,0.04117647,301776378,789.4336,1335.1807
MOVE,1,1.0,0.03137255,301776378,161.63086,1100.3809
MOVE,0,1.0,0.04117647,301776386,787.5879,1342.0361
MOVE,1,1.0,0.03137255,301776386,160.57617,1094.9541
MOVE,0,1.0,0.037254903,301776394,785.61035,1348.8916
MOVE,1,1.0,0.03137255,301776394,160.04883,1090.669
MOVE,0,1.0,0.037254903,301776403,783.501,1355.4619
MOVE,1,1.0,0.027450982,301776403,159.65332,1087.5273
MOVE,0,1.0,0.04117647,301776411,781.1279,1361.7461
MOVE,1,1.0,0.03137255,301776411,159.38965,1084.956
MOVE,0,1.0,0.03529412,301776419,778.7549,1367.459
MOVE,1,1.0,0.03137255,301776419,159.12598,1082.957
MOVE,0,1.0,0.03529412,301776428,776.77734,1372.0293
MOVE,1,1.0,0.03137255,301776428,158.99414,1081.5283
MOVE,0,1.0,0.03529412,301776436,775.32715,1376.0283
MOVE,1,1.0,0.03137255,301776436,159.12598,1080.6719
MOVE,0,1.0,0.03529412,301776444,774.27246,1379.1699
MOVE,1,1.0,0.037254903,301776444,159.25781,1080.3857
MOVE,0,1.0,0.03529412,301776452,773.6133,1381.4551
MOVE,1,1.0,0.037254903,301776452,159.25781,1080.3857
MOVE,0,1.0,0.03137255,301776461,773.08594,1383.7402
MOVE,1,1.0,0.037254903,301776461,159.25781,1080.3857
MOVE,0,1.0,0.03137255,301776469,772.82227,1385.7402
MOVE,1,1.0,0.037254903,301776469,159.25781,1080.3857
MOVE,0,1.0,0.03137255,301776477,772.6904,1386.8828
MOVE,1,1.0,0.037254903,301776477,159.25781,1080.3857
MOVE,0,1.0,0.01764706,301776482,772.5586,1387.168
MOVE,1,1.0,0.037254903,301776482,159.25781,1080.3857
UP,0,1.0,0.01764706,301776490,772.5586,1387.168
MOVE,1,1.0,0.037254903,301776505,159.75,1079.8906
MOVE,1,1.0,0.03137255,301776510,160.18066,1079.5293
MOVE,1,1.0,0.03137255,301776519,160.70801,1078.6719
MOVE,1,1.0,0.03137255,301776527,160.97168,1077.2441
MOVE,1,1.0,0.03137255,301776535,161.10352,1075.2441
MOVE,1,1.0,0.03137255,301776544,160.97168,1072.959
MOVE,1,1.0,0.037254903,301776552,160.83984,1070.3887
MOVE,1,1.0,0.037254903,301776560,160.57617,1067.5322
MOVE,1,1.0,0.037254903,301776569,159.65332,1063.8184
MOVE,1,1.0,0.03137255,301776577,158.07129,1058.6768
MOVE,1,1.0,0.025490198,301776585,156.48926,1052.1074
MOVE,1,1.0,0.03137255,301776594,155.1709,1044.3945
MOVE,1,1.0,0.03137255,301776602,153.84082,1035.7412
MOVE,1,1.0,0.037254903,301776611,152.29102,1024.7402
MOVE,1,1.0,0.037254903,301776620,150.38867,1012.6387
MOVE,1,1.0,0.037254903,301776628,148.60449,1002.5078
MOVE,1,1.0,0.037254903,301776636,146.70117,994.0703
MOVE,1,1.0,0.04117647,301776644,145.15137,986.98047
MOVE,1,1.0,0.03529412,301776652,143.83301,979.83887
MOVE,1,1.0,0.03137255,301776661,142.64648,973.5547
MOVE,1,1.0,0.03529412,301776669,141.45996,968.4131
MOVE,1,1.0,0.03529412,301776677,140.53711,964.1289
MOVE,1,1.0,0.03137255,301776686,139.87793,960.41504
MOVE,1,1.0,0.03137255,301776694,139.48242,957.8447
MOVE,1,1.0,0.037254903,301776702,139.48242,956.416
MOVE,1,1.0,0.03137255,301776711,139.61426,955.27344
MOVE,1,1.0,0.037254903,301776715,139.7461,954.70215
MOVE,1,1.0,0.03137255,301776731,139.7461,954.70215
MOVE,1,1.0,0.037254903,301776755,139.7461,954.70215
MOVE,1,1.0,0.03137255,301776756,139.7461,954.70215
MOVE,1,1.0,0.03137255,301776805,140.50195,955.76953
MOVE,1,1.0,0.03137255,301776811,140.66895,956.13086
MOVE,1,1.0,0.03137255,301776819,142.11914,958.7012
MOVE,1,1.0,0.03137255,301776827,144.36035,962.41504
MOVE,1,1.0,0.03137255,301776836,145.81055,964.98535
MOVE,1,1.0,0.03137255,301776844,146.60156,966.41406
MOVE,1,1.0,0.03137255,301776852,146.86523,967.2705
MOVE,1,1.0,0.03137255,301776861,146.7334,967.55664
MOVE,1,1.0,0.03137255,301776869,146.60156,966.98535
MOVE,1,1.0,0.027450982,301776878,146.07422,966.41406
MOVE,1,1.0,0.027450982,301776886,144.36035,965.2715
MOVE,1,1.0,0.03137255,301776894,141.06445,962.1289
MOVE,1,1.0,0.03137255,301776903,135.13184,956.13086
MOVE,1,1.0,0.027450982,301776911,125.15527,946.2158
MOVE,1,1.0,0.013725491,301776915,119.9707,940.9912
UP,1,1.0,0.013725491,301776923,119.9707,940.9912
DOWN,0,1.0,0.03137255,301777007,801.03516,1343.1787
MOVE,0,1.0,0.037254903,301777022,801.03516,1342.1875
MOVE,0,1.0,0.037254903,301777028,801.2988,1340.3223
MOVE,0,1.0,0.03529412,301777036,802.08984,1335.1807
MOVE,0,1.0,0.037254903,301777045,803.9053,1325.5518
MOVE,0,1.0,0.037254903,301777055,809.9385,1298.458
MOVE,0,1.0,0.03529412,301777065,823.0674,1244.249
MOVE,0,1.0,0.04117647,301777073,837.01855,1191.7412
MOVE,0,1.0,0.03137255,301777082,851.5156,1137.4863
MOVE,0,1.0,0.037254903,301777090,864.18945,1086.6074
MOVE,0,1.0,0.037254903,301777099,875.01855,1040.2871
MOVE,0,1.0,0.03137255,301777107,883.48047,998.5371
MOVE,0,1.0,0.01764706,301777115,888.78516,964.751
MOVE,0,1.0,0.023529414,301777123,890.14355,940.0947
MOVE,0,1.0,0.0058823535,301777131,886.55664,929.4492
MOVE,0,1.0,0.0058823535,301777131,886.2012,928.42285
UP,0,1.0,0.0058823535,301777140,886.2012,928.42285
DOWN,0,1.0,0.027450982,301777291,777.3047,1212.9248
MOVE,0,1.0,0.03137255,301777306,777.3047,1213.4209
MOVE,0,1.0,0.03137255,301777311,777.4365,1214.0674
MOVE,0,1.0,0.03137255,301777320,777.7002,1216.0674
MOVE,0,1.0,0.03529412,301777328,778.0957,1218.9238
MOVE,0,1.0,0.03529412,301777336,778.7549,1223.208
MOVE,0,1.0,0.03137255,301777345,779.67773,1228.6357
MOVE,0,1.0,0.03529412,301777353,780.7324,1232.3486
MOVE,0,1.0,0.03529412,301777361,782.0508,1234.6338
MOVE,0,1.0,0.037254903,301777370,784.55566,1234.6338
MOVE,0,1.0,0.04117647,301777378,789.75684,1226.8799
MOVE,0,1.0,0.04509804,301777389,800.166,1203.3232
MOVE,0,1.0,0.03529412,301777399,813.5781,1167.5303
MOVE,0,1.0,0.037254903,301777407,824.916,1133.8525
MOVE,0,1.0,0.037254903,301777416,835.4707,1101.8438
MOVE,0,1.0,0.04117647,301777424,845.2344,1070.417
MOVE,0,1.0,0.03529412,301777432,852.90234,1038.9961
MOVE,0,1.0,0.04117647,301777441,859.7656,1009.2715
MOVE,0,1.0,0.037254903,301777449,867.9258,980.1299
MOVE,0,1.0,0.04117647,301777457,877.14453,948.7324
MOVE,0,1.0,0.03529412,301777466,887.9385,917.3115
MOVE,0,1.0,0.027450982,301777474,898.22754,887.0215
MOVE,0,1.0,0.013725491,301777482,905.6387,866.9238
MOVE,0,1.0,0.013725491,301777482,905.7129,866.72363
UP,0,1.0,0.013725491,301777490,905.7129,866.72363
DOWN,0,1.0,0.037254903,301777691,804.1992,1094.0967
MOVE,0,1.0,0.03529412,301777706,804.88574,1093.1055
MOVE,0,1.0,0.04117647,301777712,805.6494,1091.2402
MOVE,0,1.0,0.037254903,301777720,807.8906,1086.0986
MOVE,0,1.0,0.04117647,301777729,812.1494,1076.8711
MOVE,0,1.0,0.04117647,301777739,824.0469,1051.9229
MOVE,0,1.0,0.04117647,301777749,848.02637,999.14844
MOVE,0,1.0,0.037254903,301777757,871.7256,950.6172
MOVE,0,1.0,0.04117647,301777766,897.02246,899.7959
MOVE,0,1.0,0.01764706,301777774,926.25,831.41797
MOVE,0,1.0,0.01764706,301777774,926.54297,830.7324
UP,0,1.0,0.01764706,301777782,926.54297,830.7324
DOWN,0,1.0,0.037254903,301778008,910.9863,845.01465
MOVE,0,1.0,0.037254903,301778032,909.8076,849.13086
MOVE,0,1.0,0.04509804,301778037,908.7451,852.4414
MOVE,0,1.0,0.04117647,301778045,906.8828,859.95215
MOVE,0,1.0,0.04117647,301778055,902.5488,880.40625
MOVE,0,1.0,0.03529412,301778066,890.2617,932.5537
MOVE,0,1.0,0.03137255,301778074,875.0166,985.5918
MOVE,0,1.0,0.03137255,301778083,853.458,1047.2051
MOVE,0,1.0,0.03137255,301778091,831.0547,1110.0361
MOVE,0,1.0,0.023529414,301778100,811.5137,1171.7461
MOVE,0,1.0,0.013725491,301778107,792.00195,1231.1836
MOVE,0,1.0,0.013725491,301778107,791.80664,1231.7773
UP,0,1.0,0.013725491,301778116,791.80664,1231.7773
DOWN,0,1.0,0.037254903,301778317,832.14844,1021.54297
MOVE,0,1.0,0.03137255,301778340,832.14844,1023.10547
MOVE,0,1.0,0.037254903,301778346,832.14844,1024.6855
MOVE,0,1.0,0.037254903,301778354,832.14844,1028.1133
MOVE,0,1.0,0.04117647,301778363,831.8535,1037.1445
MOVE,0,1.0,0.037254903,301778373,829.0869,1060.5254
MOVE,0,1.0,0.04117647,301778383,823.7588,1091.543
MOVE,0,1.0,0.03529412,301778391,815.8799,1122.3525
MOVE,0,1.0,0.037254903,301778400,806.4033,1154.8994
MOVE,0,1.0,0.037254903,301778408,795.3447,1186.331
MOVE,0,1.0,0.037254903,301778416,785.3154,1214.9248
MOVE,0,1.0,0.03137255,301778425,778.68945,1235.5703
MOVE,0,1.0,0.025490198,301778432,774.4678,1247.4268
MOVE,0,1.0,0.0058823535,301778439,771.96484,1254.6299
MOVE,0,1.0,0.0058823535,301778441,770.97656,1257.4854
UP,0,1.0,0.0058823535,301778449,770.97656,1257.4854
DOWN,0,1.0,0.03137255,301778600,802.6172,1139.7998
MOVE,0,1.0,0.037254903,301778624,802.6172,1140.2959
MOVE,0,1.0,0.037254903,301778629,802.48535,1141.2285
MOVE,0,1.0,0.03137255,301778638,801.8262,1143.7988
MOVE,0,1.0,0.03137255,301778646,799.3262,1151.3125
MOVE,0,1.0,0.037254903,301778656,792.06055,1171.7021
MOVE,0,1.0,0.03137255,301778667,780.042,1204.0869
MOVE,0,1.0,0.03137255,301778675,769.23926,1234.331
MOVE,0,1.0,0.025490198,301778683,761.03906,1259.5195
MOVE,0,1.0,0.023529414,301778692,754.6924,1279.0
MOVE,0,1.0,0.01764706,301778700,750.8965,1292.1338
MOVE,0,1.0,0.003921569,301778700,750.6738,1292.9053
UP,0,1.0,0.003921569,301778708,750.6738,1292.9053
DOWN,0,1.0,0.01764706,301778884,762.80273,1253.4863
MOVE,0,1.0,0.03137255,301778899,762.5742,1253.9824
MOVE,0,1.0,0.025490198,301778904,762.0117,1255.2002
MOVE,0,1.0,0.01764706,301778913,760.5615,1258.6279
MOVE,0,1.0,0.01764706,301778921,758.05664,1264.3408
MOVE,0,1.0,0.023529414,301778930,751.71484,1279.5039
MOVE,0,1.0,0.013725491,301778942,737.3428,1314.334
MOVE,0,1.0,0.0058823535,301778942,737.22656,1314.6143
UP,0,1.0,0.0058823535,301778950,737.22656,1314.6143
DOWN,0,1.0,0.01764706,301779210,821.60156,1039.8242
MOVE,0,1.0,0.03529412,301779233,820.91504,1040.8154
MOVE,0,1.0,0.037254903,301779238,820.01953,1043.5381
MOVE,0,1.0,0.03137255,301779247,817.7783,1049.8223
MOVE,0,1.0,0.04117647,301779255,813.8955,1059.7363
MOVE,0,1.0,0.03137255,301779265,803.1377,1087.2598
MOVE,0,1.0,0.03137255,301779276,780.667,1145.0039
MOVE,0,1.0,0.023529414,301779284,759.8467,1199.8076
MOVE,0,1.0,0.013725491,301779292,741.3662,1250.6924
MOVE,0,1.0,0.0058823535,301779300,721.08203,1311.7178
MOVE,0,1.0,0.0058823535,301779300,720.8789,1312.3291
UP,0,1.0,0.0058823535,301779309,720.8789,1312.3291
DOWN,0,1.0,0.027450982,301779819,867.2168,1392.3096
MOVE,0,1.0,0.023529414,301779833,867.2168,1390.8232
MOVE,0,1.0,0.03137255,301779839,867.34863,1388.5967
MOVE,0,1.0,0.023529414,301779847,867.876,1382.5977
MOVE,0,1.0,0.025490198,301779856,869.1699,1371.1377
MOVE,0,1.0,0.03137255,301779867,873.1211,1334.7832
MOVE,0,1.0,0.023529414,301779876,881.9004,1264.9805
MOVE,0,1.0,0.025490198,301779885,891.90137,1189.6846
MOVE,0,1.0,0.025490198,301779893,905.0537,1107.4873
MOVE,0,1.0,0.003921569,301779901,925.8076,995.8125
MOVE,0,1.0,0.003921569,301779901,926.0156,994.6924
UP,0,1.0,0.003921569,301779909,926.0156,994.6924
DOWN,0,1.0,0.03137255,301780135,835.3125,1320.3271
MOVE,0,1.0,0.03137255,301780167,836.4912,1318.2695
MOVE,0,1.0,0.037254903,301780173,837.29004,1316.043
MOVE,0,1.0,0.03137255,301780182,840.2617,1305.6934
MOVE,0,1.0,0.03137255,301780192,848.14355,1275.7285
MOVE,0,1.0,0.037254903,301780202,855.5498,1240.667
MOVE,0,1.0,0.03137255,301780210,861.8799,1206.4121
MOVE,0,1.0,0.037254903,301780218,867.16406,1173.2656
MOVE,0,1.0,0.03137255,301780227,871.6543,1139.0
MOVE,0,1.0,0.04117647,301780235,876.9199,1102.46
MOVE,0,1.0,0.03529412,301780243,884.28125,1060.8076
MOVE,0,1.0,0.037254903,301780252,892.9697,1014.5791
MOVE,0,1.0,0.03137255,301780260,904.0205,967.1738
MOVE,0,1.0,0.03137255,301780268,916.3994,920.32227
MOVE,0,1.0,0.013725491,301780276,924.87695,879.13184
MOVE,0,1.0,0.013725491,301780276,924.96094,878.7207
UP,0,1.0,0.013725491,301780285,924.96094,878.7207
DOWN,0,1.0,0.023529414,301780527,830.5664,1334.0381
MOVE,0,1.0,0.03137255,301780536,830.5664,1334.0381
MOVE,0,1.0,0.037254903,301780559,830.7949,1334.0381
MOVE,0,1.0,0.03137255,301780565,831.2256,1333.1816
MOVE,0,1.0,0.03137255,301780573,832.8496,1327.2979
MOVE,0,1.0,0.037254903,301780583,836.66406,1306.7988
MOVE,0,1.0,0.03137255,301780594,842.126,1265.8203
MOVE,0,1.0,0.04117647,301780602,847.6494,1224.1963
MOVE,0,1.0,0.037254903,301780610,852.9258,1179.0986
MOVE,0,1.0,0.03137255,301780619,858.45996,1130.0078
MOVE,0,1.0,0.037254903,301780627,865.8242,1077.4834
MOVE,0,1.0,0.037254903,301780635,874.5127,1026.6221
MOVE,0,1.0,0.023529414,301780644,883.4746,980.30176
MOVE,0,1.0,0.01764706,301780652,888.00195,952.126
MOVE,0,1.0,0.01764706,301780652,888.0469,951.8457
UP,0,1.0,0.01764706,301780660,888.0469,951.8457
DOWN,0,1.0,0.023529414,301780811,795.49805,1191.7871
MOVE,0,1.0,0.03137255,301780835,796.1846,1192.2832
MOVE,0,1.0,0.03137255,301780840,796.94824,1193.2158
MOVE,0,1.0,0.03529412,301780848,798.39844,1194.9297
MOVE,0,1.0,0.03529412,301780857,800.376,1196.9287
MOVE,0,1.0,0.03529412,301780865,802.749,1198.9287
MOVE,0,1.0,0.04117647,301780873,804.99023,1200.3564
MOVE,0,1.0,0.04117647,301780882,807.0996,1201.2139
MOVE,0,1.0,0.037254903,301780890,810.52734,1201.2139
MOVE,0,1.0,0.037254903,301780898,816.06445,1199.7852
MOVE,0,1.0,0.037254903,301780907,822.1289,1196.0723
MOVE,0,1.0,0.04117647,301780915,827.1387,1189.502
MOVE,0,1.0,0.04117647,301780923,831.1279,1180.8486
MOVE,0,1.0,0.04117647,301780932,834.37695,1171.0693
MOVE,0,1.0,0.04117647,301780941,836.74316,1161.9082
MOVE,0,1.0,0.04117647,301780948,838.34766,1154.9248
MOVE,0,1.0,0.04117647,301780957,839.2676,1149.2266
MOVE,0,1.0,0.04117647,301780965,839.6631,1145.5127
MOVE,0,1.0,0.04117647,301780973,839.53125,1143.7988
MOVE,0,1.0,0.04117647,301780982,839.13574,1143.2275
MOVE,0,1.0,0.04117647,301780986,839.0039,1143.2275
MOVE,0,1.0,0.04117647,301781019,838.47656,1143.7988
MOVE,0,1.0,0.04117647,301781061,838.2129,1143.7988
MOVE,0,1.0,0.037254903,301781168,839.1631,1143.3037
MOVE,0,1.0,0.027450982,301781173,840.4541,1142.9424
MOVE,0,1.0,0.011764707,301781178,841.6406,1142.6562
UP,0,1.0,0.011764707,301781186,841.6406,1142.6562
DOWN,0,1.0,0.03137255,301782346,841.37695,1396.3086
MOVE,0,1.0,0.03137255,301782386,842.09766,1393.7549
MOVE,0,1.0,0.037254903,301782392,843.27734,1388.044
MOVE,0,1.0,0.03137255,301782402,847.0469,1366.3662
MOVE,0,1.0,0.037254903,301782413,853.9756,1325.8057
MOVE,0,1.0,0.037254903,301782421,861.86426,1281.9199
MOVE,0,1.0,0.03137255,301782429,871.0801,1230.5781
MOVE,0,1.0,0.03137255,301782437,882.3965,1170.6777
MOVE,0,1.0,0.03137255,301782446,896.8672,1102.7744
MOVE,0,1.0,0.025490198,301782454,913.1963,1032.5293
MOVE,0,1.0,0.025490198,301782462,927.19434,965.0879
MOVE,0,1.0,0.01764706,301782470,933.07715,923.6924
MOVE,0,1.0,0.01764706,301782470,933.13477,923.28125
UP,0,1.0,0.01764706,301782479,933.13477,923.28125
DOWN,0,1.0,0.023529414,301782621,806.83594,1107.8076
MOVE,0,1.0,0.027450982,301782636,806.83594,1108.3037
MOVE,0,1.0,0.03137255,301782642,807.0996,1109.2363
MOVE,0,1.0,0.03137255,301782650,807.62695,1111.8066
MOVE,0,1.0,0.03137255,301782659,808.41797,1114.9492
MOVE,0,1.0,0.03137255,301782667,810.3955,1119.8047
MOVE,0,1.0,0.03137255,301782675,814.3506,1126.6602
MOVE,0,1.0,0.037254903,301782684,819.75586,1131.5166
MOVE,0,1.0,0.037254903,301782692,826.084,1130.9453
MOVE,0,1.0,0.03529412,301782701,835.52344,1120.5957
MOVE,0,1.0,0.037254903,301782712,851.34863,1092.6338
MOVE,0,1.0,0.037254903,301782721,866.55273,1059.5508
MOVE,0,1.0,0.04117647,301782729,880.00195,1024.748
MOVE,0,1.0,0.04117647,301782738,891.1006,988.76855
MOVE,0,1.0,0.037254903,301782746,901.9131,953.3428
MOVE,0,1.0,0.04117647,301782754,912.20215,916.2256
MOVE,0,1.0,0.04117647,301782763,922.22363,878.52637
MOVE,0,1.0,0.037254903,301782771,934.5928,841.3867
MOVE,0,1.0,0.03529412,301782779,949.0742,805.9502
MOVE,0,1.0,0.023529414,301782788,960.44336,772.792
MOVE,0,1.0,0.013725491,301782796,963.9502,745.3135
MOVE,0,1.0,0.013725491,301782796,963.9844,745.03906
UP,0,1.0,0.013725491,301782804,963.9844,745.03906
DOWN,0,1.0,0.025490198,301783005,802.3535,1107.8076
MOVE,0,1.0,0.03137255,301783013,802.3535,1107.8076
MOVE,0,1.0,0.04117647,301783037,803.0742,1107.3125
MOVE,0,1.0,0.04117647,301783042,803.8037,1106.3799
MOVE,0,1.0,0.03529412,301783051,806.57227,1102.3809
MOVE,0,1.0,0.037254903,301783060,813.5293,1090.4297
MOVE,0,1.0,0.03529412,301783071,827.07715,1064.2979
MOVE,0,1.0,0.04117647,301783080,841.2451,1034.957
MOVE,0,1.0,0.04117647,301783088,854.4287,1006.4043
MOVE,0,1.0,0.050980397,301783097,865.78516,981.2324
MOVE,0,1.0,0.04509804,301783105,874.25195,962.3174
MOVE,0,1.0,0.04509804,301783113,879.3574,948.5303
MOVE,0,1.0,0.04509804,301783120,882.8281,940.8721
MOVE,0,1.0,0.04509804,301783126,885.4971,935.6924
MOVE,0,1.0,0.04509804,301783134,887.7832,930.708
MOVE,0,1.0,0.04509804,301783142,889.10156,926.9951
MOVE,0,1.0,0.04509804,301783151,889.8926,924.70996
MOVE,0,1.0,0.04509804,301783159,890.15625,923.28125
MOVE,0,1.0,0.04509804,301783168,890.0244,922.70996
MOVE,0,1.0,0.04509804,301783176,889.6289,922.9961
MOVE,0,1.0,0.04509804,301783184,888.9697,923.5674
MOVE,0,1.0,0.04509804,301783192,888.0469,924.4238
MOVE,0,1.0,0.04509804,301783201,886.86035,926.1377
MOVE,0,1.0,0.04509804,301783209,885.01465,928.99414
MOVE,0,1.0,0.04117647,301783218,881.8506,934.13574
MOVE,0,1.0,0.04117647,301783226,876.3506,943.3633
MOVE,0,1.0,0.04705883,301783236,867.8428,958.2383
MOVE,0,1.0,0.04117647,301783245,859.46094,974.08203
MOVE,0,1.0,0.04117647,301783253,853.3174,985.7666
MOVE,0,1.0,0.04117647,301783261,849.16797,993.6328
MOVE,0,1.0,0.04117647,301783268,846.6504,998.6914
MOVE,0,1.0,0.04117647,301783276,845.46387,1001.834
MOVE,0,1.0,0.04117647,301783280,845.33203,1002.6904
MOVE,0,1.0,0.04509804,301783371,845.33203,1002.6904
MOVE,0,1.0,0.04509804,301783376,845.33203,1002.6904
MOVE,0,1.0,0.04509804,301783384,847.57324,1000.4053
MOVE,0,1.0,0.050980397,301783393,851.26465,995.5498
MOVE,0,1.0,0.05686275,301783401,854.56055,989.8369
MOVE,0,1.0,0.060784318,301783409,857.85645,982.6953
MOVE,0,1.0,0.060784318,301783418,861.0205,974.9834
MOVE,0,1.0,0.05686275,301783426,863.6572,967.8418
MOVE,0,1.0,0.05686275,301783434,865.89844,961.5576
MOVE,0,1.0,0.05686275,301783443,867.48047,956.70215
MOVE,0,1.0,0.05686275,301783451,868.13965,953.2744
MOVE,0,1.0,0.05686275,301783460,868.2715,950.98926
MOVE,0,1.0,0.05686275,301783468,868.13965,949.56055
MOVE,0,1.0,0.05686275,301783476,867.74414,948.98926
MOVE,0,1.0,0.050980397,301783484,867.34863,948.98926
MOVE,0,1.0,0.050980397,301783493,866.5576,948.98926
MOVE,0,1.0,0.050980397,301783501,865.3711,948.98926
MOVE,0,1.0,0.050980397,301783509,864.44824,948.98926
MOVE,0,1.0,0.050980397,301783518,863.6572,948.98926
MOVE,0,1.0,0.050980397,301783526,863.1299,949.2754
MOVE,0,1.0,0.050980397,301783535,862.7344,949.8467
MOVE,0,1.0,0.050980397,301783539,862.4707,950.13184
MOVE,0,1.0,0.04509804,301783638,863.1572,949.6367
MOVE,0,1.0,0.04509804,301783643,864.05273,949.2754
MOVE,0,1.0,0.04117647,301783651,866.4258,948.41797
MOVE,0,1.0,0.025490198,301783655,868.0078,947.8467
UP,0,1.0,0.025490198,301783663,868.0078,947.8467
DOWN,0,1.0,0.03137255,301783831,801.03516,1344.8926
MOVE,0,1.0,0.03529412,301783855,802.6709,1340.2812
MOVE,0,1.0,0.037254903,301783860,804.4922,1335.0967
MOVE,0,1.0,0.04117647,301783869,808.99023,1321.3936
MOVE,0,1.0,0.037254903,301783880,823.15234,1277.1289
MOVE,0,1.0,0.04509804,301783889,850.3447,1197.6885
MOVE,0,1.0,0.04117647,301783897,882.97363,1108.6992
MOVE,0,1.0,0.04117647,301783906,918.80176,1013.9219
MOVE,0,1.0,0.037254903,301783914,950.4844,929.834
MOVE,0,1.0,0.025490198,301783922,972.72754,860.5596
MOVE,0,1.0,0.0058823535,301783930,987.5674,800.4824
MOVE,0,1.0,0.0058823535,301783930,987.71484,799.8828
UP,0,1.0,0.0058823535,301783939,987.71484,799.8828
DOWN,0,1.0,0.03137255,301784165,825.55664,1284.3359
MOVE,0,1.0,0.037254903,301784205,827.4912,1282.8496
MOVE,0,1.0,0.03137255,301784210,829.64355,1278.9092
MOVE,0,1.0,0.037254903,301784220,836.5449,1262.0371
MOVE,0,1.0,0.037254903,301784231,850.4951,1221.2539
MOVE,0,1.0,0.04117647,301784240,863.3965,1177.9395
MOVE,0,1.0,0.03529412,301784248,877.8828,1128.2998
MOVE,0,1.0,0.037254903,301784256,893.4287,1070.6797
MOVE,0,1.0,0.04117647,301784265,910.8125,1006.7578
MOVE,0,1.0,0.037254903,301784273,928.21484,942.77344
MOVE,0,1.0,0.023529414,301784281,943.00684,885.01074
MOVE,0,1.0,0.0058823535,301784289,952.291,851.06445
MOVE,0,1.0,0.0058823535,301784289,952.3828,850.72754
UP,0,1.0,0.0058823535,301784297,952.3828,850.72754
DOWN,0,1.0,0.037254903,301784465,798.9258,1144.3701
MOVE,0,1.0,0.04117647,301784489,799.6123,1145.3613
MOVE,0,1.0,0.04117647,301784494,800.376,1146.3701
MOVE,0,1.0,0.050980397,301784502,801.8262,1148.6553
MOVE,0,1.0,0.04117647,301784511,804.4629,1153.7969
MOVE,0,1.0,0.04117647,301784520,809.1113,1164.542
MOVE,0,1.0,0.04117647,301784530,813.8125,1182.6865
MOVE,0,1.0,0.03529412,301784539,815.7373,1204.5635
MOVE,0,1.0,0.04117647,301784548,814.4961,1228.6865
MOVE,0,1.0,0.04117647,301784556,811.3496,1254.9375
MOVE,0,1.0,0.04117647,301784565,807.4033,1278.3887
MOVE,0,1.0,0.04117647,301784573,803.9697,1297.8525
MOVE,0,1.0,0.04117647,301784582,801.06445,1315.5801
MOVE,0,1.0,0.037254903,301784590,799.0088,1330.0244
MOVE,0,1.0,0.037254903,301784597,796.32324,1345.4746
MOVE,0,1.0,0.037254903,301784606,793.0537,1360.5908
MOVE,0,1.0,0.04117647,301784614,789.626,1376.4805
MOVE,0,1.0,0.04117647,301784623,784.20996,1397.8281
MOVE,0,1.0,0.04117647,301784632,779.2002,1416.1211
MOVE,0,1.0,0.04117647,301784640,773.66895,1433.8369
MOVE,0,1.0,0.03529412,301784648,767.6094,1451.5469
MOVE,0,1.0,0.037254903,301784657,761.3115,1468.0537
MOVE,0,1.0,0.03137255,301784665,755.5762,1481.0527
MOVE,0,1.0,0.025490198,301784671,750.38086,1489.7627
MOVE,0,1.0,0.01764706,301784678,745.01953,1496.5762
MOVE,0,1.0,0.01764706,301784686,739.4678,1502.5684
MOVE,0,1.0,0.0058823535,301784694,733.7988,1507.71
MOVE,0,1.0,0.0058823535,301784702,729.05273,1511.9951
MOVE,0,1.0,0.0058823535,301784711,726.416,1515.708
MOVE,0,1.0,0.013725491,301784719,724.9658,1519.1357
MOVE,0,1.0,0.027450982,301784728,723.1201,1523.1348
MOVE,0,1.0,0.03137255,301784736,720.4834,1527.4199
MOVE,0,1.0,0.03137255,301784744,717.1875,1530.8477
MOVE,0,1.0,0.03137255,301784753,714.02344,1533.1328
MOVE,0,1.0,0.04117647,301784761,711.51855,1535.1318
MOVE,0,1.0,0.04117647,301784769,709.27734,1537.7031
MOVE,0,1.0,0.04117647,301784778,707.6953,1539.7021
MOVE,0,1.0,0.04117647,301784786,706.77246,1540.8447
MOVE,0,1.0,0.04117647,301784794,705.98145,1541.7021
MOVE,0,1.0,0.04117647,301784803,705.0586,1542.5586
MOVE,0,1.0,0.04117647,301784811,704.2676,1543.7012
MOVE,0,1.0,0.04117647,301784819,704.0039,1544.5586
MOVE,0,1.0,0.04117647,301784823,704.0039,1544.8438
MOVE,0,1.0,0.04117647,301784840,704.0039,1544.2725
MOVE,0,1.0,0.04117647,301784864,703.24805,1536.04
MOVE,0,1.0,0.04509804,301784870,703.7051,1524.4629
MOVE,0,1.0,0.04509804,301784882,706.3535,1488.0176
MOVE,0,1.0,0.04509804,301784890,711.59766,1445.2969
MOVE,0,1.0,0.04509804,301784899,719.7422,1393.9668
MOVE,0,1.0,0.060784318,301784907,730.52637,1339.1572
MOVE,0,1.0,0.050980397,301784915,744.209,1280.3545
MOVE,0,1.0,0.05686275,301784924,760.791,1216.4209
MOVE,0,1.0,0.04509804,301784932,780.7959,1149.043
MOVE,0,1.0,0.04117647,301784940,803.9668,1086.1562
MOVE,0,1.0,0.03137255,301784949,828.7363,1023.31445
MOVE,0,1.0,0.025490198,301784957,866.3125,922.5791
MOVE,0,1.0,0.003921569,301784957,866.68945,921.5674
UP,0,1.0,0.003921569,301784965,866.68945,921.5674
DOWN,0,1.0,0.04509804,301785066,897.0117,864.4385
MOVE,0,1.0,0.050980397,301785089,895.79785,867.5635
MOVE,0,1.0,0.05686275,301785095,894.7705,870.15137
MOVE,0,1.0,0.050980397,301785103,892.9248,875.5791
MOVE,0,1.0,0.050980397,301785113,889.06836,888.9619
MOVE,0,1.0,0.050980397,301785124,880.3008,920.4053
MOVE,0,1.0,0.060784318,301785132,873.08887,948.709
MOVE,0,1.0,0.04509804,301785140,866.23047,977.26855
MOVE,0,1.0,0.04117647,301785149,860.41895,1001.874
MOVE,0,1.0,0.04117647,301785157,855.40137,1024.7422
MOVE,0,1.0,0.04509804,301785165,851.958,1044.7656
MOVE,0,1.0,0.04117647,301785174,849.3135,1064.7607
MOVE,0,1.0,0.04117647,301785182,847.1992,1083.625
MOVE,0,1.0,0.04117647,301785191,846.39453,1100.7812
MOVE,0,1.0,0.04117647,301785199,845.86426,1117.9199
MOVE,0,1.0,0.04117647,301785207,845.33984,1134.4209
MOVE,0,1.0,0.04117647,301785215,844.5596,1151.9609
MOVE,0,1.0,0.03529412,301785224,843.2363,1173.2949
MOVE,0,1.0,0.037254903,301785232,839.56836,1197.2598
MOVE,0,1.0,0.04117647,301785240,835.3545,1217.8604
MOVE,0,1.0,0.04117647,301785249,831.91895,1237.8613
MOVE,0,1.0,0.037254903,301785257,829.28613,1254.3916
MOVE,0,1.0,0.037254903,301785265,827.03906,1267.3906
MOVE,0,1.0,0.037254903,301785272,825.4824,1276.1006
MOVE,0,1.0,0.03137255,301785279,823.9463,1283.9883
MOVE,0,1.0,0.03137255,301785287,822.4883,1291.6816
MOVE,0,1.0,0.04509804,301785295,821.60156,1298.6182
MOVE,0,1.0,0.04117647,301785303,820.81055,1305.4736
MOVE,0,1.0,0.04117647,301785311,819.8877,1311.4727
MOVE,0,1.0,0.037254903,301785320,819.36035,1315.7568
MOVE,0,1.0,0.037254903,301785328,819.2285,1318.6133
MOVE,0,1.0,0.037254903,301785337,819.36035,1320.3271
MOVE,0,1.0,0.037254903,301785345,819.36035,1321.1846
MOVE,0,1.0,0.037254903,301785353,819.0967,1321.7559
MOVE,0,1.0,0.037254903,301785357,818.96484,1322.041
MOVE,0,1.0,0.037254903,301785432,819.2285,1322.041
MOVE,0,1.0,0.037254903,301785457,819.4922,1321.4697
MOVE,0,1.0,0.037254903,301785491,820.01953,1321.4697
MOVE,0,1.0,0.037254903,301785516,820.01953,1320.8984
MOVE,0,1.0,0.037254903,301785608,820.01953,1320.3271
MOVE,0,1.0,0.037254903,301785632,820.01953,1319.2607
MOVE,0,1.0,0.037254903,301785637,820.01953,1318.8994
MOVE,0,1.0,0.037254903,301785641,820.01953,1318.6133
MOVE,0,1.0,0.04117647,301785707,820.5117,1316.5557
MOVE,0,1.0,0.037254903,301785712,821.60156,1313.1865
MOVE,0,1.0,0.037254903,301785721,825.2285,1300.29
MOVE,0,1.0,0.03529412,301785732,834.6553,1266.8584
MOVE,0,1.0,0.04117647,301785741,846.7959,1223.0654
MOVE,0,1.0,0.037254903,301785749,862.3154,1167.7764
MOVE,0,1.0,0.04117647,301785758,880.4824,1106.7051
MOVE,0,1.0,0.03137255,301785766,901.28613,1038.2246
MOVE,0,1.0,0.03137255,301785774,924.9873,964.01465
MOVE,0,1.0,0.025490198,301785783,948.7178,891.44336
MOVE,0,1.0,0.01764706,301785791,964.0947,834.16016
MOVE,0,1.0,0.003921569,301785791,964.24805,833.58887
UP,0,1.0,0.003921569,301785799,964.24805,833.58887
DOWN,0,1.0,0.03137255,301785916,936.8262,854.1553
MOVE,0,1.0,0.04117647,301785932,936.13965,855.6426
MOVE,0,1.0,0.037254903,301785937,934.84863,858.4404
MOVE,0,1.0,0.04509804,301785946,931.64844,865.66504
MOVE,0,1.0,0.05686275,301785955,926.7246,877.97363
MOVE,0,1.0,0.04117647,301785965,916.85645,907.83105
MOVE,0,1.0,0.04117647,301785975,904.2412,957.1133
MOVE,0,1.0,0.04117647,301785983,895.25586,1002.23926
MOVE,0,1.0,0.03529412,301785991,887.33496,1047.9365
MOVE,0,1.0,0.033333335,301786000,879.94727,1091.9434
MOVE,0,1.0,0.037254903,301786008,871.78125,1135.9326
MOVE,0,1.0,0.03137255,301786016,860.4746,1181.0527
MOVE,0,1.0,0.037254903,301786025,847.3096,1228.4473
MOVE,0,1.0,0.037254903,301786033,834.3867,1279.8232
MOVE,0,1.0,0.037254903,301786041,823.29395,1327.8457
MOVE,0,1.0,0.03137255,301786050,815.0918,1367.916
MOVE,0,1.0,0.025490198,301786058,809.5283,1398.291
MOVE,0,1.0,0.025490198,301786066,806.60156,1420.6514
MOVE,0,1.0,0.01764706,301786074,805.5508,1435.8193
MOVE,0,1.0,0.01764706,301786074,805.5176,1436.2988
UP,0,1.0,0.01764706,301786083,805.5176,1436.2988
DOWN,0,1.0,0.025490198,301786275,845.8594,1108.3789
MOVE,0,1.0,0.03137255,301786283,845.8594,1108.3789
MOVE,0,1.0,0.03137255,301786307,847.07324,1110.5127
MOVE,0,1.0,0.04117647,301786313,847.8369,1111.8066
MOVE,0,1.0,0.037254903,301786321,850.60547,1116.6631
MOVE,0,1.0,0.037254903,301786330,855.95215,1128.7256
MOVE,0,1.0,0.03137255,301786341,862.874,1153.1836
MOVE,0,1.0,0.03137255,301786350,867.4414,1181.8125
MOVE,0,1.0,0.037254903,301786358,869.8301,1213.1816
MOVE,0,1.0,0.03137255,301786367,870.6367,1245.168
MOVE,0,1.0,0.03137255,301786375,869.6006,1278.292
MOVE,0,1.0,0.03137255,301786383,869.3291,1313.6885
MOVE,0,1.0,0.03137255,301786392,871.9365,1349.6748
MOVE,0,1.0,0.01764706,301786400,878.22754,1379.4443
MOVE,0,1.0,0.025490198,301786408,885.5996,1402.9297
MOVE,0,1.0,0.025490198,301786417,893.5049,1422.3936
MOVE,0,1.0,0.023529414,301786425,901.6885,1436.8555
MOVE,0,1.0,0.025490198,301786432,909.75977,1447.9805
MOVE,0,1.0,0.027450982,301786440,920.60645,1461.4688
MOVE,0,1.0,0.023529414,301786449,931.31445,1473.6924
MOVE,0,1.0,0.023529414,301786455,939.79297,1482.21
MOVE,0,1.0,0.01764706,301786464,949.2422,1491.8525
MOVE,0,1.0,0.01764706,301786472,958.1719,1501.251
MOVE,0,1.0,0.01764706,301786480,967.69434,1510.6299
MOVE,0,1.0,0.0058823535,301786488,976.69727,1518.3496
MOVE,0,1.0,0.0058823535,301786496,985.33594,1524.6484
MOVE,0,1.0,0.0058823535,301786505,993.4404,1530.7188
MOVE,0,1.0,0.013725491,301786513,998.2617,1535.7031
MOVE,0,1.0,0.013725491,301786521,1001.4258,1539.7021
MOVE,0,1.0,0.015686275,301786529,1004.19434,1543.1299
MOVE,0,1.0,0.013725491,301786538,1006.43555,1546.2725
MOVE,0,1.0,0.013725491,301786546,1008.9404,1548.8428
MOVE,0,1.0,0.013725491,301786555,1011.18164,1551.1279
MOVE,0,1.0,0.013725491,301786563,1012.5,1553.1279
MOVE,0,1.0,0.013725491,301786571,1013.291,1554.8418
MOVE,0,1.0,0.013725491,301786580,1013.9502,1556.5557
MOVE,0,1.0,0.013725491,301786588,1014.7412,1558.2695
MOVE,0,1.0,0.013725491,301786596,1015.66406,1559.9834
MOVE,0,1.0,0.01764706,301786605,1016.8506,1561.4111
MOVE,0,1.0,0.01764706,301786613,1018.0371,1562.5537
MOVE,0,1.0,0.01764706,301786621,1018.95996,1563.4111
MOVE,0,1.0,0.01764706,301786629,1019.61914,1563.9824
MOVE,0,1.0,0.01764706,301786634,1019.8828,1564.2676
UP,0,1.0,0.01764706,301786642,1019.8828,1564.2676
MOVE,0,1.0,0.03529412,301787693,913.83105,1363.4766
MOVE,0,1.0,0.037254903,301787702,930.0713,1289.083
MOVE,0,1.0,0.027450982,301787710,957.38184,1174.6543
MOVE,0,1.0,0.0058823535,301787718,1011.9512,945.0127
MOVE,0,1.0,0.0058823535,301787718,1012.5,942.7051
UP,0,1.0,0.0058823535,301787726,1012.5,942.7051
DOWN,0,1.0,0.025490198,301787944,291.6211,1184.3604
MOVE,0,1.0,0.03137255,301787968,292.07812,1184.3604
MOVE,0,1.0,0.03137255,301787973,292.67578,1184.9316
MOVE,0,1.0,0.04117647,301787981,293.73047,1186.3604
MOVE,0,1.0,0.04117647,301787990,295.57617,1189.7881
MOVE,0,1.0,0.037254903,301787998,298.9287,1198.9697
MOVE,0,1.0,0.03137255,301788009,303.8584,1218.5371
MOVE,0,1.0,0.037254903,301788019,309.76465,1246.957
MOVE,0,1.0,0.037254903,301788027,316.0791,1277.1777
MOVE,0,1.0,0.03137255,301788036,322.40723,1308.0215
MOVE,0,1.0,0.03137255,301788044,327.43066,1335.4775
MOVE,0,1.0,0.03529412,301788052,332.1787,1359.5059
MOVE,0,1.0,0.023529414,301788060,335.09766,1380.1064
MOVE,0,1.0,0.03529412,301788069,336.43262,1397.2803
MOVE,0,1.0,0.03529412,301788077,335.94336,1411.0498
MOVE,0,1.0,0.03529412,301788084,335.2744,1421.956
MOVE,0,1.0,0.027450982,301788091,334.93652,1432.541
MOVE,0,1.0,0.01764706,301788099,334.51855,1442.4531
MOVE,0,1.0,0.025490198,301788107,333.8789,1450.6318
MOVE,0,1.0,0.03137255,301788115,333.01758,1456.8652
MOVE,0,1.0,0.03137255,301788123,332.22656,1461.4355
MOVE,0,1.0,0.03137255,301788132,331.43555,1463.7207
MOVE,0,1.0,0.03137255,301788140,331.04004,1464.292
MOVE,0,1.0,0.03137255,301788144,331.17188,1464.292
MOVE,0,1.0,0.03529412,301788235,331.17188,1465.3594
MOVE,0,1.0,0.03529412,301788240,331.3037,1466.0059
MOVE,0,1.0,0.03529412,301788248,331.69922,1468.0059
MOVE,0,1.0,0.03529412,301788257,332.09473,1470.8623
MOVE,0,1.0,0.03529412,301788265,332.62207,1474.29
MOVE,0,1.0,0.03529412,301788273,333.28125,1478.2891
MOVE,0,1.0,0.03529412,301788282,333.94043,1482.2881
MOVE,0,1.0,0.03529412,301788290,334.5996,1486.2871
MOVE,0,1.0,0.03529412,301788298,335.2588,1490.0
MOVE,0,1.0,0.03529412,301788307,336.0498,1493.4277
MOVE,0,1.0,0.04117647,301788315,336.97266,1496.8555
MOVE,0,1.0,0.04117647,301788323,338.15918,1500.2832
MOVE,0,1.0,0.04705883,301788332,339.3457,1503.9971
MOVE,0,1.0,0.04117647,301788340,340.26855,1507.71
MOVE,0,1.0,0.03529412,301788348,341.32324,1511.709
MOVE,0,1.0,0.037254903,301788357,342.6416,1515.9941
MOVE,0,1.0,0.037254903,301788365,344.0918,1519.9932
MOVE,0,1.0,0.037254903,301788373,345.41016,1523.9922
MOVE,0,1.0,0.037254903,301788382,346.72852,1528.5625
MOVE,0,1.0,0.037254903,301788390,348.57422,1533.9893
MOVE,0,1.0,0.04117647,301788398,350.81543,1539.9883
MOVE,0,1.0,0.037254903,301788407,353.58398,1546.2725
MOVE,0,1.0,0.037254903,301788415,357.01172,1553.1279
MOVE,0,1.0,0.03137255,301788424,361.3623,1560.8398
MOVE,0,1.0,0.023529414,301788428,363.8672,1564.8389
UP,0,1.0,0.023529414,301788436,363.8672,1564.8389
DOWN,0,1.0,0.04117647,301788520,919.9512,931.2793
MOVE,0,1.0,0.04509804,301788552,920.1797,932.3467
MOVE,0,1.0,0.050980397,301788557,920.3467,933.56445
MOVE,0,1.0,0.050980397,301788565,919.81934,938.4209
MOVE,0,1.0,0.050980397,301788575,915.5488,954.58105
MOVE,0,1.0,0.060784318,301788586,899.78516,996.0635
MOVE,0,1.0,0.04509804,301788594,877.46094,1046.1768
MOVE,0,1.0,0.050980397,301788603,848.7832,1109.459
MOVE,0,1.0,0.05686275,301788611,821.6094,1175.1338
MOVE,0,1.0,0.05686275,301788619,796.8008,1239.7012
MOVE,0,1.0,0.04509804,301788628,777.2363,1296.9043
MOVE,0,1.0,0.037254903,301788636,765.2949,1339.8936
MOVE,0,1.0,0.027450982,301788644,759.69434,1367.4697
MOVE,0,1.0,0.01764706,301788652,755.2012,1386.4082
MOVE,0,1.0,0.01764706,301788652,755.15625,1386.5967
UP,0,1.0,0.01764706,301788661,755.15625,1386.5967
DOWN,0,1.0,0.050980397,301788761,793.916,1371.1719
MOVE,0,1.0,0.050980397,301788785,794.14453,1369.1143
MOVE,0,1.0,0.060784318,301788791,794.83887,1366.8877
MOVE,0,1.0,0.05686275,301788799,796.6846,1361.46
MOVE,0,1.0,0.060784318,301788808,801.6465,1346.2969
MOVE,0,1.0,0.05686275,301788820,814.37695,1306.376
MOVE,0,1.0,0.05686275,301788828,827.5342,1267.0205
MOVE,0,1.0,0.050980397,301788836,843.0674,1224.7734
MOVE,0,1.0,0.060784318,301788845,859.1455,1183.0635
MOVE,0,1.0,0.050980397,301788853,875.4912,1142.4902
MOVE,0,1.0,0.05686275,301788861,892.0996,1103.0605
MOVE,0,1.0,0.04509804,301788870,906.8838,1065.3379
MOVE,0,1.0,0.050980397,301788878,919.82227,1029.3301
MOVE,0,1.0,0.04509804,301788886,930.13184,998.99414
MOVE,0,1.0,0.060784318,301788895,937.8047,973.80566
MOVE,0,1.0,0.05686275,301788903,943.10156,953.19434
MOVE,0,1.0,0.054901965,301788911,946.66895,939.38965
MOVE,0,1.0,0.050980397,301788918,948.54395,929.0488
MOVE,0,1.0,0.05686275,301788926,949.3135,919.7246
MOVE,0,1.0,0.05686275,301788933,950.0918,911.8047
MOVE,0,1.0,0.05686275,301788941,951.45996,905.28613
MOVE,0,1.0,0.05686275,301788949,953.1738,899.00195
MOVE,0,1.0,0.05686275,301788957,954.8877,893.28906
MOVE,0,1.0,0.060784318,301788966,956.3379,889.0039
MOVE,0,1.0,0.060784318,301788974,957.26074,886.14746
MOVE,0,1.0,0.060784318,301788982,957.65625,884.14844
MOVE,0,1.0,0.060784318,301788991,957.9199,882.7197
MOVE,0,1.0,0.05686275,301788999,958.5791,881.57715
MOVE,0,1.0,0.060784318,301789003,958.9746,881.00586
MOVE,0,1.0,0.050980397,301789027,958.9746,881.00586
MOVE,0,1.0,0.050980397,301789033,958.9746,881.00586
MOVE,0,1.0,0.050980397,301789037,958.9746,881.00586
MOVE,0,1.0,0.050980397,301789061,963.5654,881.00586
MOVE,0,1.0,0.04509804,301789066,965.4346,880.7207
MOVE,0,1.0,0.04509804,301789074,968.8623,879.5781
MOVE,0,1.0,0.04117647,301789083,972.9492,877.5781
MOVE,0,1.0,0.03137255,301789091,976.37695,874.7217
MOVE,0,1.0,0.003921569,301789095,977.6953,873.0078
UP,0,1.0,0.003921569,301789103,977.6953,873.0078
MOVE,0,1.0,0.037254903,301789779,890.86816,1338.6084
MOVE,0,1.0,0.037254903,301789787,901.91113,1269.0371
MOVE,0,1.0,0.04117647,301789796,917.6836,1187.4629
MOVE,0,1.0,0.03137255,301789804,937.9414,1105.2021
MOVE,0,1.0,0.03137255,301789813,960.333,1024.0684
MOVE,0,1.0,0.023529414,301789821,986.1377,890.3467
MOVE,0,1.0,0.003921569,301789821,986.3965,889.0039
UP,0,1.0,0.003921569,301789829,986.3965,889.0039
DOWN,0,1.0,0.01764706,301790121,195.11719,1367.1729
MOVE,0,1.0,0.03137255,301790137,194.88867,1366.1816
MOVE,0,1.0,0.023529414,301790142,194.32617,1364.0312
MOVE,0,1.0,0.025490198,301790151,192.87598,1358.3184
MOVE,0,1.0,0.027450982,301790159,190.31543,1349.5781
MOVE,0,1.0,0.025490198,301790169,184.16016,1328.6934
MOVE,0,1.0,0.025490198,301790180,170.96973,1286.3984
MOVE,0,1.0,0.027450982,301790188,159.63477,1253.2461
MOVE,0,1.0,0.03137255,301790196,149.34082,1225.2021
MOVE,0,1.0,0.027450982,301790205,140.88477,1203.4297
MOVE,0,1.0,0.023529414,301790213,135.34277,1186.8828
MOVE,0,1.0,0.023529414,301790220,131.2041,1175.7812
MOVE,0,1.0,0.03137255,301790227,128.88379,1169.044
MOVE,0,1.0,0.037254903,301790234,126.68848,1162.6357
MOVE,0,1.0,0.037254903,301790242,124.58496,1156.6533
MOVE,0,1.0,0.03137255,301790251,123.2666,1152.3682
MOVE,0,1.0,0.03137255,301790259,122.87109,1149.2266
MOVE,0,1.0,0.03137255,301790267,122.87109,1146.9414
MOVE,0,1.0,0.03137255,301790276,122.87109,1146.084
MOVE,0,1.0,0.03529412,301790280,122.87109,1146.084
MOVE,0,1.0,0.04117647,301790322,122.87109,1146.084
MOVE,0,1.0,0.03529412,301790345,124.805664,1151.2666
MOVE,0,1.0,0.037254903,301790351,127.06055,1157.2051
MOVE,0,1.0,0.037254903,301790361,135.0293,1175.6826
MOVE,0,1.0,0.03137255,301790372,151.47168,1211.4795
MOVE,0,1.0,0.03137255,301790380,169.62305,1250.8066
MOVE,0,1.0,0.03529412,301790388,189.38281,1291.9229
MOVE,0,1.0,0.03137255,301790397,207.33008,1331.3584
MOVE,0,1.0,0.025490198,301790405,221.34473,1365.6875
MOVE,0,1.0,0.03137255,301790413,232.18652,1393.7432
MOVE,0,1.0,0.037254903,301790421,239.60352,1415.5156
MOVE,0,1.0,0.03137255,301790430,243.85449,1436.0928
MOVE,0,1.0,0.03137255,301790438,245.94043,1451.2441
MOVE,0,1.0,0.037254903,301790446,246.69531,1463.1826
MOVE,0,1.0,0.03137255,301790453,247.38086,1472.873
MOVE,0,1.0,0.03137255,301790460,247.91992,1482.1846
MOVE,0,1.0,0.037254903,301790469,248.91113,1492.209
MOVE,0,1.0,0.03137255,301790477,250.68945,1502.0664
MOVE,0,1.0,0.03137255,301790485,252.70996,1510.7383
MOVE,0,1.0,0.037254903,301790493,254.44727,1518.0088
MOVE,0,1.0,0.037254903,301790501,255.76172,1523.9922
MOVE,0,1.0,0.037254903,301790509,256.8164,1528.2764
MOVE,0,1.0,0.037254903,301790518,257.60742,1530.8477
MOVE,0,1.0,0.037254903,301790526,258.2666,1532.8467
MOVE,0,1.0,0.037254903,301790534,258.92578,1534.8467
MOVE,0,1.0,0.03137255,301790543,259.84863,1537.7031
MOVE,0,1.0,0.03137255,301790551,261.167,1541.9873
MOVE,0,1.0,0.03137255,301790559,262.48535,1547.1289
MOVE,0,1.0,0.03529412,301790568,263.8037,1553.4131
MOVE,0,1.0,0.03529412,301790576,265.38574,1560.5547
MOVE,0,1.0,0.025490198,301790585,267.26367,1569.294
MOVE,0,1.0,0.027450982,301790593,269.46777,1578.7217
MOVE,0,1.0,0.03137255,301790601,271.5869,1586.5664
MOVE,0,1.0,0.03137255,301790609,273.55957,1593.9746
MOVE,0,1.0,0.023529414,301790618,275.66895,1600.2588
MOVE,0,1.0,0.013725491,301790622,276.85547,1603.1152
UP,0,1.0,0.013725491,301790630,276.85547,1603.1152
DOWN,0,1.0,0.03137255,301790847,205.66406,1207.7832
MOVE,0,1.0,0.027450982,301790871,205.20703,1210.3369
MOVE,0,1.0,0.025490198,301790876,205.00488,1212.6396
MOVE,0,1.0,0.03529412,301790885,204.87305,1217.21
MOVE,0,1.0,0.03529412,301790894,204.72363,1227.2422
MOVE,0,1.0,0.03529412,301790904,205.48047,1249.4375
MOVE,0,1.0,0.03137255,301790914,207.49121,1273.2754
MOVE,0,1.0,0.025490198,301790922,210.90332,1293.2764
MOVE,0,1.0,0.03137255,301790930,214.51367,1308.4219
MOVE,0,1.0,0.03137255,301790938,217.28223,1318.0029
MOVE,0,1.0,0.03137255,301790944,219.38281,1323.8896
MOVE,0,1.0,0.03137255,301790951,221.2207,1328.3252
MOVE,0,1.0,0.03137255,301790960,222.40723,1330.8965
MOVE,0,1.0,0.03137255,301790968,223.19824,1331.4678
MOVE,0,1.0,0.03137255,301790976,223.59375,1330.8965
MOVE,0,1.0,0.03137255,301790985,223.59375,1330.0391
MOVE,0,1.0,0.03137255,301790993,223.72559,1328.8965
MOVE,0,1.0,0.03137255,301791001,223.98926,1328.3252
MOVE,0,1.0,0.03137255,301791006,224.1211,1328.3252
MOVE,0,1.0,0.03137255,301791038,223.6289,1327.8301
MOVE,0,1.0,0.03137255,301791043,223.59375,1327.7539
MOVE,0,1.0,0.03137255,301791051,223.59375,1327.7539
MOVE,0,1.0,0.0058823535,301791056,223.59375,1327.7539
UP,0,1.0,0.0058823535,301791064,223.59375,1327.7539
MOVE,0,1.0,0.037254903,301793025,912.12305,1045.5371
MOVE,0,1.0,0.023529414,301793033,898.7285,1112.8467
MOVE,0,1.0,0.023529414,301793041,882.14844,1185.3486
MOVE,0,1.0,0.03137255,301793050,865.5371,1252.8125
MOVE,0,1.0,0.023529414,301793058,851.7969,1310.044
MOVE,0,1.0,0.003921569,301793066,840.6963,1359.8203
MOVE,0,1.0,0.003921569,301793066,840.58594,1360.3174
UP,0,1.0,0.003921569,301793074,840.58594,1360.3174
DOWN,0,1.0,0.037254903,301793317,848.2324,1143.7988
MOVE,0,1.0,0.04117647,301793325,848.2324,1143.7988
MOVE,0,1.0,0.04117647,301793349,849.1826,1147.4199
MOVE,0,1.0,0.04117647,301793354,849.5508,1149.7979
MOVE,0,1.0,0.04117647,301793363,850.12305,1160.1465
MOVE,0,1.0,0.04117647,301793374,848.2617,1191.1133
MOVE,0,1.0,0.037254903,301793383,841.44336,1233.668
MOVE,0,1.0,0.04117647,301793392,831.9795,1281.5713
MOVE,0,1.0,0.03137255,301793400,823.79297,1329.5596
MOVE,0,1.0,0.023529414,301793408,817.4463,1371.8916
MOVE,0,1.0,0.023529414,301793416,810.5957,1407.3799
MOVE,0,1.0,0.023529414,301793416,810.52734,1407.7344
UP,0,1.0,0.023529414,301793425,810.52734,1407.7344
DOWN,0,1.0,0.023529414,301793609,179.29688,1126.0889
MOVE,0,1.0,0.03137255,301793624,179.52539,1126.585
MOVE,0,1.0,0.03137255,301793629,179.69238,1127.5176
MOVE,0,1.0,0.037254903,301793638,180.35156,1130.0879
MOVE,0,1.0,0.025490198,301793646,181.27441,1134.9443
MOVE,0,1.0,0.03137255,301793655,182.78027,1147.3623
MOVE,0,1.0,0.03137255,301793666,187.18066,1176.8047
MOVE,0,1.0,0.027450982,301793675,193.73535,1208.0576
MOVE,0,1.0,0.03137255,301793684,202.41309,1241.7236
MOVE,0,1.0,0.027450982,301793692,212.41895,1276.5605
MOVE,0,1.0,0.03137255,301793700,223.74414,1313.6719
MOVE,0,1.0,0.03137255,301793709,235.08203,1352.502
MOVE,0,1.0,0.03137255,301793717,244.33203,1390.7842
MOVE,0,1.0,0.023529414,301793725,250.9502,1423.9707
MOVE,0,1.0,0.023529414,301793725,251.01562,1424.3018
UP,0,1.0,0.023529414,301793733,251.01562,1424.3018
DOWN,0,1.0,0.037254903,301793926,865.63477,1100.9521
MOVE,0,1.0,0.037254903,301793949,864.91406,1106.0596
MOVE,0,1.0,0.03137255,301793955,864.7119,1110.956
MOVE,0,1.0,0.037254903,301793964,863.9785,1122.7266
MOVE,0,1.0,0.03137255,301793974,861.34766,1156.6895
MOVE,0,1.0,0.025490198,301793984,857.2344,1219.7744
MOVE,0,1.0,0.015686275,301793992,850.41016,1344.2129
MOVE,0,1.0,0.015686275,301793992,850.3418,1345.4639
UP,0,1.0,0.015686275,301794000,850.3418,1345.4639
DOWN,0,1.0,0.04117647,301794251,256.8164,1083.8135
MOVE,0,1.0,0.050980397,301794275,257.50293,1085.3008
MOVE,0,1.0,0.050980397,301794280,258.39844,1088.0986
MOVE,0,1.0,0.05686275,301794289,260.39746,1095.3232
MOVE,0,1.0,0.04509804,301794298,263.9834,1108.5518
MOVE,0,1.0,0.04509804,301794308,274.5293,1147.1367
MOVE,0,1.0,0.05686275,301794318,293.29004,1214.0107
MOVE,0,1.0,0.04117647,301794326,310.6953,1281.9424
MOVE,0,1.0,0.04509804,301794335,325.74805,1347.6631
MOVE,0,1.0,0.03137255,301794343,335.81738,1404.3125
MOVE,0,1.0,0.01764706,301794351,342.70508,1463.1328
MOVE,0,1.0,0.01764706,301794351,342.77344,1463.7207
UP,0,1.0,0.01764706,301794359,342.77344,1463.7207
DOWN,0,1.0,0.050980397,301794669,258.6621,1103.8086
MOVE,0,1.0,0.04117647,301794692,259.3828,1106.3623
MOVE,0,1.0,0.050980397,301794697,260.1123,1108.9502
MOVE,0,1.0,0.05686275,301794706,261.82617,1114.9492
MOVE,0,1.0,0.04509804,301794715,266.16406,1133.2432
MOVE,0,1.0,0.03529412,301794726,278.07324,1183.9375
MOVE,0,1.0,0.04117647,301794735,290.18164,1236.959
MOVE,0,1.0,0.037254903,301794743,303.09375,1294.0479
MOVE,0,1.0,0.04117647,301794752,314.44727,1348.9141
MOVE,0,1.0,0.03137255,301794760,324.21875,1399.2334
MOVE,0,1.0,0.027450982,301794768,332.4082,1443.2861
MOVE,0,1.0,0.025490198,301794776,339.79883,1477.6602
MOVE,0,1.0,0.003921569,301794784,346.9209,1496.667
MOVE,0,1.0,0.003921569,301794784,346.9922,1496.8555
UP,0,1.0,0.003921569,301794793,346.9922,1496.8555
DOWN,0,1.0,0.037254903,301794961,324.84375,1386.5967
MOVE,0,1.0,0.04117647,301794976,324.61523,1385.6055
MOVE,0,1.0,0.037254903,301794981,324.18457,1382.5977
MOVE,0,1.0,0.04117647,301794990,322.3584,1373.54
MOVE,0,1.0,0.04509804,301795000,317.3916,1354.5938
MOVE,0,1.0,0.04117647,301795010,301.78613,1302.5254
MOVE,0,1.0,0.03137255,301795019,275.79785,1227.3896
MOVE,0,1.0,0.037254903,301795027,246.30078,1151.4141
MOVE,0,1.0,0.023529414,301795035,215.46484,1083.3506
MOVE,0,1.0,0.027450982,301795043,175.21777,1005.1875
MOVE,0,1.0,0.027450982,301795043,174.81445,1004.4043
UP,0,1.0,0.027450982,301795052,174.81445,1004.4043
DOWN,0,1.0,0.025490198,301795269,284.50195,1298.0469
MOVE,0,1.0,0.03137255,301795284,284.27344,1297.0557
MOVE,0,1.0,0.023529414,301795290,283.5791,1294.6191
MOVE,0,1.0,0.03137255,301795298,281.1455,1287.3076
MOVE,0,1.0,0.037254903,301795308,276.13184,1273.5205
MOVE,0,1.0,0.037254903,301795318,261.74023,1233.794
MOVE,0,1.0,0.04117647,301795327,237.79297,1166.708
MOVE,0,1.0,0.04117647,301795336,213.03125,1099.3408
MOVE,0,1.0,0.03137255,301795344,186.15723,1033.626
MOVE,0,1.0,0.027450982,301795352,159.78516,976.97656
MOVE,0,1.0,0.01764706,301795360,129.76367,911.93555
MOVE,0,1.0,0.01764706,301795360,129.46289,911.2842
UP,0,1.0,0.01764706,301795369,129.46289,911.2842
DOWN,0,1.0,0.027450982,301796355,189.3164,988.9795
MOVE,0,1.0,0.03137255,301796377,188.85938,988.9795
MOVE,0,1.0,0.03137255,301796383,188.65723,989.8369
MOVE,0,1.0,0.037254903,301796391,188.26172,991.5508
MOVE,0,1.0,0.037254903,301796399,186.94336,995.2637
MOVE,0,1.0,0.037254903,301796408,184.6211,1003.9199
MOVE,0,1.0,0.025490198,301796418,182.23145,1019.3125
MOVE,0,1.0,0.03137255,301796428,180.71875,1039.7949
MOVE,0,1.0,0.037254903,301796437,181.1377,1063.5957
MOVE,0,1.0,0.037254903,301796445,184.27539,1088.7041
MOVE,0,1.0,0.027450982,301796454,189.78809,1114.4062
MOVE,0,1.0,0.03137255,301796462,196.1084,1137.8516
MOVE,0,1.0,0.027450982,301796470,204.52539,1161.2744
MOVE,0,1.0,0.025490198,301796479,213.22363,1180.7383
MOVE,0,1.0,0.037254903,301796487,219.4414,1195.8779
MOVE,0,1.0,0.037254903,301796494,224.51367,1208.4297
MOVE,0,1.0,0.03137255,301796503,231.90918,1225.1436
MOVE,0,1.0,0.025490198,301796512,240.13379,1245.877
MOVE,0,1.0,0.03137255,301796520,246.46973,1263.5928
MOVE,0,1.0,0.03137255,301796529,254.10352,1285.2617
MOVE,0,1.0,0.023529414,301796537,261.48828,1306.9707
MOVE,0,1.0,0.03137255,301796545,267.82715,1327.5479
MOVE,0,1.0,0.03137255,301796554,272.5293,1343.3867
MOVE,0,1.0,0.027450982,301796562,276.38477,1359.4482
MOVE,0,1.0,0.025490198,301796570,279.5371,1373.0791
MOVE,0,1.0,0.025490198,301796577,281.1797,1382.8428
MOVE,0,1.0,0.027450982,301796584,281.93262,1390.4775
MOVE,0,1.0,0.03137255,301796591,282.1289,1396.5947
MOVE,0,1.0,0.03137255,301796600,282.5244,1402.5928
MOVE,0,1.0,0.03137255,301796608,283.44727,1407.7344
MOVE,0,1.0,0.03137255,301796616,284.23828,1411.4482
MOVE,0,1.0,0.03137255,301796625,284.37012,1413.4473
MOVE,0,1.0,0.03137255,301796633,284.10645,1414.0186
MOVE,0,1.0,0.03137255,301796641,283.71094,1413.7334
MOVE,0,1.0,0.03137255,301796650,283.1836,1412.876
MOVE,0,1.0,0.03137255,301796658,282.26074,1411.1621
MOVE,0,1.0,0.03137255,301796666,280.54688,1408.5918
MOVE,0,1.0,0.03137255,301796675,278.56934,1405.4492
MOVE,0,1.0,0.03137255,301796683,276.45996,1402.0215
MOVE,0,1.0,0.03137255,301796691,274.0869,1398.8799
MOVE,0,1.0,0.03137255,301796700,271.8457,1396.3086
MOVE,0,1.0,0.03137255,301796708,270.65918,1394.5947
MOVE,0,1.0,0.03137255,301796712,270.52734,1394.0234
MOVE,0,1.0,0.03137255,301796769,273.53613,1399.5508
MOVE,0,1.0,0.03137255,301796775,275.1416,1402.8789
MOVE,0,1.0,0.03137255,301796783,277.64648,1407.7344
MOVE,0,1.0,0.037254903,301796792,279.8877,1412.5908
MOVE,0,1.0,0.037254903,301796800,281.46973,1417.7324
MOVE,0,1.0,0.037254903,301796808,282.5244,1422.3027
MOVE,0,1.0,0.037254903,301796817,283.44727,1426.0156
MOVE,0,1.0,0.037254903,301796825,284.10645,1428.8721
MOVE,0,1.0,0.037254903,301796833,284.37012,1430.5859
MOVE,0,1.0,0.037254903,301796841,284.50195,1431.7285
MOVE,0,1.0,0.037254903,301796850,284.37012,1432.2998
MOVE,0,1.0,0.037254903,301796858,284.10645,1432.0146
MOVE,0,1.0,0.037254903,301796867,283.9746,1431.4434
MOVE,0,1.0,0.03137255,301796875,283.5791,1430.0146
MOVE,0,1.0,0.03137255,301796883,282.26074,1426.0156
MOVE,0,1.0,0.027450982,301796892,279.33496,1416.958
MOVE,0,1.0,0.03137255,301796902,273.88574,1398.0117
MOVE,0,1.0,0.03137255,301796912,265.58887,1369.1328
MOVE,0,1.0,0.03137255,301796921,258.20898,1340.042
MOVE,0,1.0,0.037254903,301796929,251.34766,1308.6445
MOVE,0,1.0,0.037254903,301796937,244.49219,1276.6582
MOVE,0,1.0,0.03529412,301796946,238.15918,1248.625
MOVE,0,1.0,0.04117647,301796954,233.13574,1224.5908
MOVE,0,1.0,0.04117647,301796963,230.21484,1206.252
MOVE,0,1.0,0.04117647,301796971,227.90625,1191.8027
MOVE,0,1.0,0.03529412,301796978,225.66797,1182.3877
MOVE,0,1.0,0.03529412,301796984,223.70312,1174.335
MOVE,0,1.0,0.04509804,301796992,221.7832,1166.2295
MOVE,0,1.0,0.04509804,301797000,220.29785,1158.6523
MOVE,0,1.0,0.04509804,301797008,218.71582,1150.6543
MOVE,0,1.0,0.04509804,301797017,216.87012,1143.2275
MOVE,0,1.0,0.04509804,301797025,214.76074,1136.6582
MOVE,0,1.0,0.04705883,301797034,212.7832,1130.6592
MOVE,0,1.0,0.04705883,301797042,211.46484,1124.9463
MOVE,0,1.0,0.050980397,301797050,210.01465,1120.0908
MOVE,0,1.0,0.050980397,301797059,208.69629,1116.0918
MOVE,0,1.0,0.050980397,301797067,207.77344,1112.3779
MOVE,0,1.0,0.050980397,301797075,206.85059,1109.5215
MOVE,0,1.0,0.050980397,301797084,206.32324,1107.5225
MOVE,0,1.0,0.05686275,301797092,206.1914,1106.0938
MOVE,0,1.0,0.05686275,301797100,206.1914,1104.666
MOVE,0,1.0,0.050980397,301797109,205.92773,1103.2373
MOVE,0,1.0,0.05686275,301797117,205.40039,1102.3809
MOVE,0,1.0,0.05686275,301797125,205.00488,1101.5234
MOVE,0,1.0,0.050980397,301797134,204.87305,1100.667
MOVE,0,1.0,0.050980397,301797142,205.00488,1099.8096
MOVE,0,1.0,0.04509804,301797150,205.13672,1098.9531
MOVE,0,1.0,0.050980397,301797159,205.40039,1098.3818
MOVE,0,1.0,0.04509804,301797167,205.66406,1098.0957
MOVE,0,1.0,0.04509804,301797175,205.66406,1098.0957
MOVE,0,1.0,0.04509804,301797179,205.66406,1098.0957
MOVE,0,1.0,0.04509804,301797228,205.66406,1098.0957
MOVE,0,1.0,0.04509804,301797229,205.66406,1098.0957
MOVE,0,1.0,0.04509804,301797246,205.13672,1098.0957
MOVE,0,1.0,0.04509804,301797270,204.64453,1097.6006
MOVE,0,1.0,0.04509804,301797276,204.60938,1097.2393
MOVE,0,1.0,0.04509804,301797284,204.21387,1096.3818
MOVE,0,1.0,0.04509804,301797292,203.55469,1095.2393
MOVE,0,1.0,0.04509804,301797301,202.89551,1094.0967
MOVE,0,1.0,0.04509804,301797309,202.23633,1092.9541
MOVE,0,1.0,0.04509804,301797317,201.57715,1091.5264
MOVE,0,1.0,0.050980397,301797326,200.91797,1090.0977
MOVE,0,1.0,0.050980397,301797334,200.25879,1088.6699
MOVE,0,1.0,0.050980397,301797342,199.59961,1086.956
MOVE,0,1.0,0.04509804,301797351,199.07227,1085.5273
MOVE,0,1.0,0.04509804,301797359,198.54492,1084.3848
MOVE,0,1.0,0.04509804,301797367,197.88574,1082.957
MOVE,0,1.0,0.04509804,301797376,197.3584,1081.2432
MOVE,0,1.0,0.04509804,301797384,196.83105,1079.8145
MOVE,0,1.0,0.04509804,301797392,196.17188,1078.3867
MOVE,0,1.0,0.04509804,301797401,195.77637,1076.6729
MOVE,0,1.0,0.04509804,301797409,195.24902,1074.959
MOVE,0,1.0,0.050980397,301797417,194.58984,1073.2451
MOVE,0,1.0,0.050980397,301797426,193.93066,1071.5312
MOVE,0,1.0,0.050980397,301797434,193.40332,1070.1025
MOVE,0,1.0,0.050980397,301797442,193.13965,1068.96
MOVE,0,1.0,0.050980397,301797451,192.74414,1067.8174
MOVE,0,1.0,0.050980397,301797459,192.34863,1066.6748
MOVE,0,1.0,0.050980397,301797467,192.2168,1065.8184
MOVE,0,1.0,0.050980397,301797471,192.2168,1065.5322
MOVE,0,1.0,0.050980397,301797488,192.2168,1064.9609
MOVE,0,1.0,0.04509804,301797637,192.2168,1065.457
MOVE,0,1.0,0.04509804,301797642,192.2168,1066.3896
MOVE,0,1.0,0.04117647,301797651,192.08496,1068.3887
MOVE,0,1.0,0.04117647,301797659,191.42578,1071.5312
MOVE,0,1.0,0.04117647,301797667,190.3711,1076.6729
MOVE,0,1.0,0.04117647,301797676,189.05273,1083.8135
MOVE,0,1.0,0.04117647,301797684,187.59082,1092.4668
MOVE,0,1.0,0.037254903,301797693,185.9375,1102.2461
MOVE,0,1.0,0.037254903,301797701,184.3457,1112.2031
MOVE,0,1.0,0.03137255,301797710,183.33496,1121.5127
MOVE,0,1.0,0.037254903,301797718,182.70996,1129.7363
MOVE,0,1.0,0.037254903,301797726,182.85645,1136.6582
MOVE,0,1.0,0.037254903,301797734,184.04297,1143.2275
MOVE,0,1.0,0.037254903,301797743,185.88867,1150.6543
MOVE,0,1.0,0.037254903,301797751,188.12988,1158.3672
MOVE,0,1.0,0.03137255,301797759,190.10742,1166.0791
MOVE,0,1.0,0.025490198,301797768,192.08691,1174.3691
MOVE,0,1.0,0.03529412,301797776,195.53516,1184.4727
MOVE,0,1.0,0.03529412,301797786,201.66016,1199.3223
MOVE,0,1.0,0.03137255,301797796,210.38672,1217.5996
MOVE,0,1.0,0.03137255,301797804,218.4541,1232.834
MOVE,0,1.0,0.03137255,301797812,223.47559,1242.6182
MOVE,0,1.0,0.03137255,301797819,227.03613,1250.0908
MOVE,0,1.0,0.03137255,301797826,230.45801,1256.9297
MOVE,0,1.0,0.04117647,301797834,234.7998,1264.3408
MOVE,0,1.0,0.037254903,301797843,240.12402,1272.9941
MOVE,0,1.0,0.037254903,301797851,245.90625,1282.0078
MOVE,0,1.0,0.037254903,301797859,250.6289,1289.207
MOVE,0,1.0,0.037254903,301797868,253.78418,1294.9053
MOVE,0,1.0,0.037254903,301797876,255.36621,1298.6182
MOVE,0,1.0,0.037254903,301797884,255.76172,1300.6182
MOVE,0,1.0,0.037254903,301797893,256.0254,1301.4746
MOVE,0,1.0,0.037254903,301797897,256.28906,1301.4746
MOVE,0,1.0,0.037254903,301797921,255.76172,1301.9707
MOVE,0,1.0,0.037254903,301797926,255.76172,1302.332
MOVE,0,1.0,0.037254903,301797934,256.15723,1304.0459
MOVE,0,1.0,0.04117647,301797943,257.34375,1307.7588
MOVE,0,1.0,0.04117647,301797951,259.3213,1313.1865
MOVE,0,1.0,0.03529412,301797960,262.35352,1320.042
MOVE,0,1.0,0.03529412,301797968,266.1797,1328.0459
MOVE,0,1.0,0.03529412,301797976,270.14062,1336.3418
MOVE,0,1.0,0.04117647,301797985,274.21875,1344.3213
MOVE,0,1.0,0.037254903,301797993,277.91016,1351.748
MOVE,0,1.0,0.037254903,301798001,281.20605,1358.6035
MOVE,0,1.0,0.03137255,301798010,284.6338,1365.459
MOVE,0,1.0,0.03529412,301798018,288.3252,1372.3145
MOVE,0,1.0,0.03137255,301798026,293.21484,1381.1504
MOVE,0,1.0,0.03137255,301798035,299.50098,1392.2334
MOVE,0,1.0,0.003921569,301798039,301.9043,1396.3086
UP,0,1.0,0.003921569,301798047,301.9043,1396.3086
MOVE,0,1.0,0.04509804,301799841,200.83398,1040.6074
MOVE,0,1.0,0.04705883,301799849,209.53223,1075.4668
MOVE,0,1.0,0.04509804,301799858,216.14551,1104.6602
MOVE,0,1.0,0.04117647,301799866,220.3877,1125.8779
MOVE,0,1.0,0.04117647,301799874,223.26465,1141.7217
MOVE,0,1.0,0.037254903,301799882,224.04688,1154.502
MOVE,0,1.0,0.03529412,301799889,225.16016,1165.7021
MOVE,0,1.0,0.04117647,301799897,226.78613,1177.1162
MOVE,0,1.0,0.04117647,301799905,227.9834,1186.416
MOVE,0,1.0,0.04117647,301799912,228.75684,1193.4199
MOVE,0,1.0,0.04117647,301799920,229.6582,1200.3564
MOVE,0,1.0,0.04117647,301799928,230.58105,1206.9268
MOVE,0,1.0,0.04117647,301799937,231.24023,1212.6396
MOVE,0,1.0,0.04117647,301799945,231.5039,1217.21
MOVE,0,1.0,0.04117647,301799953,231.63574,1220.6377
MOVE,0,1.0,0.04117647,301799962,231.76758,1222.9229
MOVE,0,1.0,0.04117647,301799970,232.03125,1224.0654
MOVE,0,1.0,0.04117647,301799978,232.03125,1224.3506
MOVE,0,1.0,0.04117647,301799987,231.5039,1224.3506
MOVE,0,1.0,0.04117647,301799995,230.84473,1224.3506
MOVE,0,1.0,0.04117647,301800004,230.18555,1224.6367
MOVE,0,1.0,0.04117647,301800012,229.39453,1224.9219
MOVE,0,1.0,0.04117647,301800020,228.60352,1224.9219
MOVE,0,1.0,0.04117647,301800029,227.94434,1225.208
MOVE,0,1.0,0.037254903,301800037,227.15332,1225.7793
MOVE,0,1.0,0.037254903,301800045,226.09863,1226.6357
MOVE,0,1.0,0.03137255,301800054,224.5166,1227.4932
MOVE,0,1.0,0.03137255,301800062,222.40723,1228.0645
MOVE,0,1.0,0.03137255,301800070,220.16602,1229.207
MOVE,0,1.0,0.023529414,301800074,219.11133,1230.0635
UP,0,1.0,0.023529414,301800082,219.11133,1230.0635
MOVE,0,1.0,0.04117647,301802544,214.35938,898.6211
MOVE,0,1.0,0.04117647,301802553,223.2461,924.1787
MOVE,0,1.0,0.04509804,301802561,229.59473,946.48145
MOVE,0,1.0,0.050980397,301802569,233.83496,966.499
MOVE,0,1.0,0.04117647,301802578,236.74805,983.667
MOVE,0,1.0,0.04509804,301802586,239.11621,1000.16797
MOVE,0,1.0,0.04509804,301802594,242.1748,1015.1504
MOVE,0,1.0,0.050980397,301802602,244.61426,1027.2891
MOVE,0,1.0,0.060784318,301802609,246.70215,1036.9795
MOVE,0,1.0,0.060784318,301802616,248.98242,1046.291
MOVE,0,1.0,0.050980397,301802624,251.33398,1055.0654
MOVE,0,1.0,0.04509804,301802632,253.26074,1062.4072
MOVE,0,1.0,0.050980397,301802640,255.23438,1069.2461
MOVE,0,1.0,0.050980397,301802649,257.2119,1075.8154
MOVE,0,1.0,0.04509804,301802657,259.3213,1082.6709
MOVE,0,1.0,0.05686275,301802665,262.35352,1090.0977
MOVE,0,1.0,0.05686275,301802674,266.2461,1099.123
MOVE,0,1.0,0.05686275,301802683,270.74805,1109.7588
MOVE,0,1.0,0.05686275,301802691,275.0244,1120.2998
MOVE,0,1.0,0.04509804,301802699,279.57422,1130.1572
MOVE,0,1.0,0.04509804,301802707,284.7119,1139.2227
MOVE,0,1.0,0.04509804,301802716,289.64258,1147.4463
MOVE,0,1.0,0.050980397,301802724,293.73047,1154.6533
MOVE,0,1.0,0.04509804,301802732,297.42188,1161.5088
MOVE,0,1.0,0.04509804,301802740,300.71777,1168.0791
MOVE,0,1.0,0.04509804,301802749,304.01367,1174.3633
MOVE,0,1.0,0.05686275,301802757,307.57324,1180.6475
MOVE,0,1.0,0.050980397,301802765,311.1328,1186.9316
MOVE,0,1.0,0.04509804,301802774,315.0879,1193.7871
MOVE,0,1.0,0.04509804,301802782,320.09766,1201.499
MOVE,0,1.0,0.050980397,301802790,326.21973,1210.1523
MOVE,0,1.0,0.050980397,301802799,332.86328,1219.544
MOVE,0,1.0,0.05686275,301802808,340.95215,1230.7207
MOVE,0,1.0,0.060784318,301802817,349.6338,1242.7607
MOVE,0,1.0,0.050980397,301802825,355.76953,1251.8418
MOVE,0,1.0,0.04117647,301802833,362.29688,1261.7217
MOVE,0,1.0,0.04117647,301802841,369.58105,1271.8369
MOVE,0,1.0,0.050980397,301802849,377.0791,1281.3047
MOVE,0,1.0,0.060784318,301802858,386.4502,1293.1719
MOVE,0,1.0,0.05686275,301802868,398.2539,1310.0752
MOVE,0,1.0,0.050980397,301802877,410.53613,1329.3545
MOVE,0,1.0,0.04509804,301802886,420.5254,1345.5557
MOVE,0,1.0,0.050980397,301802894,427.1963,1356.8906
MOVE,0,1.0,0.04509804,301802901,433.01172,1367.3555
MOVE,0,1.0,0.04117647,301802909,439.9287,1380.0762
MOVE,0,1.0,0.037254903,301802918,448.00488,1395.5723
MOVE,0,1.0,0.03137255,301802920,449.56055,1398.5938
UP,0,1.0,0.03137255,301802928,449.56055,1398.5938
DOWN,0,1.0,0.04509804,301803221,304.01367,1050.1074
MOVE,0,1.0,0.04117647,301803236,304.01367,1050.1074
MOVE,0,1.0,0.04117647,301803241,304.01367,1050.1074
MOVE,0,1.0,0.04509804,301803249,305.85938,1052.1074
MOVE,0,1.0,0.050980397,301803258,308.1006,1054.3926
MOVE,0,1.0,0.050980397,301803266,312.31934,1059.248
MOVE,0,1.0,0.050980397,301803275,320.8916,1070.1377
MOVE,0,1.0,0.05686275,301803285,335.29102,1089.4297
MOVE,0,1.0,0.050980397,301803295,351.66895,1111.3604
MOVE,0,1.0,0.04509804,301803303,367.66406,1132.167
MOVE,0,1.0,0.050980397,301803312,380.87402,1149.9062
MOVE,0,1.0,0.05686275,301803320,390.96973,1165.0283
MOVE,0,1.0,0.05686275,301803328,398.9502,1177.5801
MOVE,0,1.0,0.05686275,301803335,405.42285,1187.501
MOVE,0,1.0,0.050980397,301803342,410.21777,1196.0996
MOVE,0,1.0,0.050980397,301803350,414.15918,1203.2578
MOVE,0,1.0,0.04509804,301803358,416.99707,1208.9258
MOVE,0,1.0,0.050980397,301803366,419.37012,1214.3535
MOVE,0,1.0,0.050980397,301803374,421.34766,1219.209
MOVE,0,1.0,0.050980397,301803383,423.19336,1223.7793
MOVE,0,1.0,0.050980397,301803391,425.30273,1228.3496
MOVE,0,1.0,0.060784318,301803399,427.14844,1233.206
MOVE,0,1.0,0.060784318,301803408,428.8623,1238.6328
MOVE,0,1.0,0.05686275,301803416,430.708,1243.7744
MOVE,0,1.0,0.04509804,301803424,432.29004,1248.3447
MOVE,0,1.0,0.04509804,301803433,433.6084,1252.915
MOVE,0,1.0,0.04509804,301803441,434.92676,1256.9141
MOVE,0,1.0,0.04509804,301803450,436.37695,1260.6279
MOVE,0,1.0,0.04117647,301803458,437.6953,1264.0557
MOVE,0,1.0,0.04117647,301803466,438.61816,1266.626
MOVE,0,1.0,0.04117647,301803475,439.27734,1268.0547
MOVE,0,1.0,0.04117647,301803483,439.67285,1268.9111
MOVE,0,1.0,0.04117647,301803491,440.06836,1269.4824
MOVE,0,1.0,0.04117647,301803495,440.33203,1269.4824
MOVE,0,1.0,0.04117647,301803578,441.05273,1270.5498
MOVE,0,1.0,0.04117647,301803583,442.57324,1272.3389
MOVE,0,1.0,0.04117647,301803591,445.07812,1275.7666
MOVE,0,1.0,0.04117647,301803600,446.792,1278.3379
MOVE,0,1.0,0.04509804,301803608,447.84668,1279.4805
MOVE,0,1.0,0.04117647,301803616,448.37402,1280.0518
MOVE,0,1.0,0.04117647,301803625,448.6377,1280.0518
MOVE,0,1.0,0.04509804,301803633,448.6377,1279.7656
MOVE,0,1.0,0.04117647,301803637,448.50586,1279.7656
MOVE,0,1.0,0.04117647,301803669,448.27734,1278.6992
MOVE,0,1.0,0.04117647,301803671,448.2422,1278.623
MOVE,0,1.0,0.04117647,301803703,447.292,1276.0693
MOVE,0,1.0,0.04117647,301803708,446.66016,1274.0527
MOVE,0,1.0,0.04117647,301803716,446.00098,1271.4824
MOVE,0,1.0,0.04117647,301803725,445.60547,1270.0537
MOVE,0,1.0,0.04117647,301803733,445.07812,1268.9111
MOVE,0,1.0,0.04117647,301803742,444.81445,1268.0547
MOVE,0,1.0,0.04117647,301803750,444.81445,1267.1973
MOVE,0,1.0,0.04117647,301803758,444.81445,1266.3408
MOVE,0,1.0,0.04117647,301803766,444.81445,1265.7695
MOVE,0,1.0,0.04117647,301803775,444.81445,1264.9121
MOVE,0,1.0,0.04117647,301803783,444.68262,1263.7695
MOVE,0,1.0,0.04509804,301803792,444.41895,1262.627
MOVE,0,1.0,0.04509804,301803800,444.15527,1261.7705
MOVE,0,1.0,0.04509804,301803808,443.75977,1260.9131
MOVE,0,1.0,0.04509804,301803817,443.36426,1259.4854
MOVE,0,1.0,0.04117647,301803825,443.1006,1258.3428
MOVE,0,1.0,0.04117647,301803833,442.70508,1257.7715
MOVE,0,1.0,0.04117647,301803842,442.30957,1256.9141
MOVE,0,1.0,0.04509804,301803850,441.6504,1255.4863
MOVE,0,1.0,0.04117647,301803858,440.72754,1254.3438
MOVE,0,1.0,0.04117647,301803867,439.67285,1253.4863
MOVE,0,1.0,0.03529412,301803875,438.22266,1252.3438
MOVE,0,1.0,0.03529412,301803883,436.77246,1251.4873
MOVE,0,1.0,0.03529412,301803887,436.11328,1251.2012
MOVE,0,1.0,0.04117647,301803904,436.11328,1251.2012
MOVE,0,1.0,0.04509804,301803921,436.11328,1251.2012
MOVE,0,1.0,0.04509804,301803945,436.11328,1251.7725
MOVE,0,1.0,0.04509804,301803950,436.11328,1251.7725
MOVE,0,1.0,0.04117647,301803958,437.82715,1259.4854
MOVE,0,1.0,0.04117647,301803967,441.19727,1267.6533
MOVE,0,1.0,0.04117647,301803976,446.17285,1278.71
MOVE,0,1.0,0.037254903,301803985,451.60254,1290.1104
MOVE,0,1.0,0.050980397,301803993,456.75,1301.4248
MOVE,0,1.0,0.04705883,301804002,461.70898,1313.1387
MOVE,0,1.0,0.04117647,301804010,467.54297,1326.5566
MOVE,0,1.0,0.04509804,301804019,474.0537,1342.2275
MOVE,0,1.0,0.04705883,301804028,480.65527,1359.3408
MOVE,0,1.0,0.04705883,301804037,487.96094,1375.5342
MOVE,0,1.0,0.04117647,301804045,491.96387,1388.6484
MOVE,0,1.0,0.04117647,301804053,495.7578,1405.044
MOVE,0,1.0,0.04117647,301804063,499.8213,1423.2783
MOVE,0,1.0,0.04117647,301804071,503.41992,1437.8047
MOVE,0,1.0,0.03137255,301804078,505.16113,1449.123
MOVE,0,1.0,0.03137255,301804085,506.7588,1458.3955
MOVE,0,1.0,0.013725491,301804088,507.3047,1461.4355
UP,0,1.0,0.013725491,301804096,507.3047,1461.4355
DOWN,0,1.0,0.03529412,301804347,336.97266,1064.3896
MOVE,0,1.0,0.03529412,301804370,337.20117,1066.4482
MOVE,0,1.0,0.04117647,301804376,337.36816,1067.8174
MOVE,0,1.0,0.03529412,301804384,337.8955,1071.2451
MOVE,0,1.0,0.04117647,301804392,338.9619,1078.1846
MOVE,0,1.0,0.04117647,301804402,341.042,1090.9492
MOVE,0,1.0,0.037254903,301804412,344.3418,1107.999
MOVE,0,1.0,0.037254903,301804420,347.2422,1120.8867
MOVE,0,1.0,0.04117647,301804428,350.4453,1131.4717
MOVE,0,1.0,0.04117647,301804435,354.09473,1141.8486
MOVE,0,1.0,0.037254903,301804443,358.1328,1150.335
MOVE,0,1.0,0.037254903,301804451,362.28516,1156.9385
MOVE,0,1.0,0.03137255,301804459,366.1084,1162.9375
MOVE,0,1.0,0.03137255,301804468,368.3496,1166.9365
MOVE,0,1.0,0.03137255,301804476,369.7998,1169.2217
MOVE,0,1.0,0.03137255,301804484,370.8545,1170.3643
MOVE,0,1.0,0.03137255,301804492,371.51367,1170.3643
MOVE,0,1.0,0.03137255,301804497,371.77734,1170.0781
MOVE,0,1.0,0.03529412,301804579,372.5332,1170.5742
MOVE,0,1.0,0.03529412,301804584,372.83203,1171.5068
MOVE,0,1.0,0.03137255,301804592,373.4912,1173.5059
MOVE,0,1.0,0.037254903,301804601,374.28223,1175.791
MOVE,0,1.0,0.037254903,301804609,374.80957,1177.791
MOVE,0,1.0,0.037254903,301804617,375.20508,1179.5049
MOVE,0,1.0,0.037254903,301804626,375.73242,1181.2188
MOVE,0,1.0,0.037254903,301804634,376.25977,1182.9326
MOVE,0,1.0,0.037254903,301804643,376.65527,1184.3604
MOVE,0,1.0,0.037254903,301804651,377.05078,1185.5029
MOVE,0,1.0,0.037254903,301804659,377.57812,1186.3604
MOVE,0,1.0,0.037254903,301804668,377.97363,1187.2168
MOVE,0,1.0,0.037254903,301804676,378.36914,1188.0742
MOVE,0,1.0,0.037254903,301804684,378.89648,1189.2168
MOVE,0,1.0,0.037254903,301804693,379.6875,1190.6445
MOVE,0,1.0,0.04117647,301804701,380.87402,1192.0732
MOVE,0,1.0,0.04117647,301804709,382.19238,1193.7871
MOVE,0,1.0,0.04509804,301804718,383.51074,1195.7861
MOVE,0,1.0,0.04117647,301804726,384.8291,1197.7861
MOVE,0,1.0,0.04117647,301804734,386.14746,1199.5
MOVE,0,1.0,0.04117647,301804743,387.46582,1201.2139
MOVE,0,1.0,0.04117647,301804751,388.65234,1202.9277
MOVE,0,1.0,0.04117647,301804759,390.3662,1205.2129
MOVE,0,1.0,0.04117647,301804768,391.68457,1207.2119
MOVE,0,1.0,0.037254903,301804776,391.68457,1207.7832
MOVE,0,1.0,0.03137255,301804784,391.55273,1207.7832
MOVE,0,1.0,0.027450982,301804788,391.55273,1207.7832
UP,0,1.0,0.027450982,301804797,391.55273,1207.7832
MOVE,0,1.0,0.04705883,301807124,264.89844,1017.2529
MOVE,0,1.0,0.037254903,301807133,275.69238,1046.9541
MOVE,0,1.0,0.037254903,301807141,287.8086,1074.3984
MOVE,0,1.0,0.03529412,301807149,298.3711,1099.5586
MOVE,0,1.0,0.04117647,301807158,307.35156,1120.1699
MOVE,0,1.0,0.037254903,301807166,316.05566,1139.6055
MOVE,0,1.0,0.04117647,301807174,322.06934,1155.4326
MOVE,0,1.0,0.04117647,301807182,326.58496,1169.4961
MOVE,0,1.0,0.04509804,301807190,331.82812,1184.2305
MOVE,0,1.0,0.04117647,301807199,337.98242,1200.043
MOVE,0,1.0,0.04117647,301807207,344.41895,1217.3818
MOVE,0,1.0,0.037254903,301807216,349.94824,1232.9053
MOVE,0,1.0,0.03529412,301807223,354.4834,1245.8262
MOVE,0,1.0,0.04117647,301807231,358.3828,1257.9961
MOVE,0,1.0,0.04117647,301807239,362.23438,1269.6162
MOVE,0,1.0,0.04117647,301807247,365.81152,1281.1494
MOVE,0,1.0,0.037254903,301807255,369.06738,1292.001
MOVE,0,1.0,0.03529412,301807264,372.55176,1304.4033
MOVE,0,1.0,0.037254903,301807273,375.81152,1318.6777
MOVE,0,1.0,0.04117647,301807281,378.55762,1330.8555
MOVE,0,1.0,0.04117647,301807288,380.7119,1340.1924
MOVE,0,1.0,0.04117647,301807296,382.44824,1348.708
MOVE,0,1.0,0.037254903,301807304,383.5127,1355.7627
MOVE,0,1.0,0.037254903,301807312,384.0381,1362.3174
MOVE,0,1.0,0.04117647,301807321,384.56543,1367.7441
MOVE,0,1.0,0.04509804,301807329,385.2246,1372.0293
MOVE,0,1.0,0.04509804,301807337,386.14746,1375.7422
MOVE,0,1.0,0.04705883,301807346,387.7295,1379.1699
MOVE,0,1.0,0.04117647,301807354,389.44336,1382.5977
MOVE,0,1.0,0.04117647,301807362,391.28906,1386.0254
MOVE,0,1.0,0.04117647,301807371,393.2666,1390.0244
MOVE,0,1.0,0.04117647,301807379,395.24414,1394.5947
MOVE,0,1.0,0.04117647,301807387,397.08984,1399.4512
MOVE,0,1.0,0.04117647,301807396,398.93555,1404.8779
MOVE,0,1.0,0.04117647,301807404,401.04492,1411.4482
MOVE,0,1.0,0.04117647,301807412,403.28613,1419.1602
MOVE,0,1.0,0.050980397,301807421,405.5293,1427.4502
MOVE,0,1.0,0.050980397,301807429,407.66113,1436.4043
MOVE,0,1.0,0.050980397,301807437,409.52637,1445.0879
MOVE,0,1.0,0.04509804,301807446,410.80078,1452.2949
MOVE,0,1.0,0.04117647,301807454,411.72363,1458.5791
MOVE,0,1.0,0.04117647,301807462,412.64648,1464.0068
MOVE,0,1.0,0.03137255,301807471,413.56934,1469.1484
MOVE,0,1.0,0.03137255,301807479,414.4922,1473.7188
MOVE,0,1.0,0.0058823535,301807483,415.01953,1475.7178
UP,0,1.0,0.0058823535,301807491,415.01953,1475.7178
DOWN,0,1.0,0.03137255,301807667,316.66992,1202.6416
MOVE,0,1.0,0.037254903,301807716,314.1543,1200.1641
MOVE,0,1.0,0.03137255,301807721,309.55078,1195.7861
MOVE,0,1.0,0.03137255,301807730,296.53027,1181.5459
MOVE,0,1.0,0.03529412,301807741,273.57617,1153.4512
MOVE,0,1.0,0.03137255,301807750,253.84766,1128.0537
MOVE,0,1.0,0.037254903,301807758,236.42383,1104.0488
MOVE,0,1.0,0.037254903,301807767,220.32715,1078.3574
MOVE,0,1.0,0.04117647,301807775,206.5918,1052.6494
MOVE,0,1.0,0.04117647,301807783,194.44727,1025.8105
MOVE,0,1.0,0.037254903,301807792,183.3623,1001.7881
MOVE,0,1.0,0.037254903,301807800,173.07129,979.49023
MOVE,0,1.0,0.037254903,301807808,164.09375,958.3418
MOVE,0,1.0,0.04117647,301807817,155.38965,940.03125
MOVE,0,1.0,0.037254903,301807825,148.33496,926.9092
MOVE,0,1.0,0.04705883,301807832,142.7793,916.7822
MOVE,0,1.0,0.04705883,301807839,136.97656,906.67773
MOVE,0,1.0,0.04705883,301807847,131.9336,897.6914
MOVE,0,1.0,0.04117647,301807855,127.48633,889.92676
MOVE,0,1.0,0.04117647,301807863,123.53027,882.7197
MOVE,0,1.0,0.04117647,301807871,120.36621,876.7217
MOVE,0,1.0,0.04117647,301807880,117.72949,871.86523
MOVE,0,1.0,0.04117647,301807888,115.356445,867.8662
MOVE,0,1.0,0.037254903,301807896,112.9834,864.4385
MOVE,0,1.0,0.04117647,301807904,110.87402,861.58203
MOVE,0,1.0,0.04117647,301807913,108.896484,859.2969
MOVE,0,1.0,0.04117647,301807921,107.05078,857.0117
MOVE,0,1.0,0.037254903,301807929,105.600586,855.29785
MOVE,0,1.0,0.04117647,301807938,104.5459,854.4414
MOVE,0,1.0,0.037254903,301807946,103.62305,853.8701
MOVE,0,1.0,0.037254903,301807954,103.0957,853.2988
MOVE,0,1.0,0.037254903,301807959,103.0957,853.0127
MOVE,0,1.0,0.037254903,301807991,101.91699,853.5088
MOVE,0,1.0,0.037254903,301807996,101.118164,853.584
MOVE,0,1.0,0.03137255,301808004,99.27246,853.2988
MOVE,0,1.0,0.0058823535,301808009,98.08594,853.0127
UP,0,1.0,0.0058823535,301808017,98.08594,853.0127
MOVE,0,1.0,0.03529412,301809042,249.76562,1020.5244
MOVE,0,1.0,0.03529412,301809052,264.0703,1050.416
MOVE,0,1.0,0.03137255,301809060,281.167,1078.3916
MOVE,0,1.0,0.037254903,301809068,298.30566,1105.2539
MOVE,0,1.0,0.037254903,301809077,314.66113,1129.2764
MOVE,0,1.0,0.04117647,301809085,329.18164,1150.4434
MOVE,0,1.0,0.04509804,301809093,339.6338,1166.2871
MOVE,0,1.0,0.04705883,301809101,346.49707,1178.4395
MOVE,0,1.0,0.037254903,301809108,351.29492,1187.292
MOVE,0,1.0,0.04117647,301809115,356.08984,1195.8555
MOVE,0,1.0,0.04117647,301809123,361.93848,1205.3232
MOVE,0,1.0,0.04117647,301809132,368.31934,1215.4473
MOVE,0,1.0,0.037254903,301809140,374.80664,1225.9883
MOVE,0,1.0,0.03529412,301809149,380.65723,1236.2715
MOVE,0,1.0,0.037254903,301809157,385.87598,1246.5547
MOVE,0,1.0,0.04117647,301809165,391.31445,1256.4121
MOVE,0,1.0,0.03529412,301809173,396.87207,1265.084
MOVE,0,1.0,0.03529412,301809181,401.9795,1272.3545
MOVE,0,1.0,0.04117647,301809189,406.71387,1279.1943
MOVE,0,1.0,0.04117647,301809198,411.06445,1286.0498
MOVE,0,1.0,0.037254903,301809206,415.54688,1292.6201
MOVE,0,1.0,0.03529412,301809215,420.29297,1299.1895
MOVE,0,1.0,0.03529412,301809223,424.64355,1305.1885
MOVE,0,1.0,0.03529412,301809231,428.20312,1310.044
MOVE,0,1.0,0.03529412,301809240,430.97168,1314.3291
MOVE,0,1.0,0.037254903,301809248,433.34473,1318.042
MOVE,0,1.0,0.037254903,301809256,435.71777,1321.4697
MOVE,0,1.0,0.037254903,301809264,438.22266,1324.6123
MOVE,0,1.0,0.037254903,301809273,440.72754,1327.4688
MOVE,0,1.0,0.03137255,301809281,442.57324,1330.0391
MOVE,0,1.0,0.0058823535,301809285,443.23242,1331.1816
UP,0,1.0,0.0058823535,301809293,443.23242,1331.1816
MOVE,0,1.0,0.04509804,301809744,356.83008,1092.1377
MOVE,0,1.0,0.04509804,301809753,376.32812,1119.5303
MOVE,0,1.0,0.04509804,301809761,394.0127,1143.5586
MOVE,0,1.0,0.050980397,301809769,408.0244,1163.5938
MOVE,0,1.0,0.04705883,301809777,418.63867,1178.7393
MOVE,0,1.0,0.04117647,301809785,425.5791,1190.0742
MOVE,0,1.0,0.04117647,301809792,430.8418,1198.5469
MOVE,0,1.0,0.04117647,301809799,435.0166,1204.9717
MOVE,0,1.0,0.04117647,301809807,438.75,1210.6396
MOVE,0,1.0,0.04117647,301809815,442.0459,1215.4961
MOVE,0,1.0,0.04117647,301809823,444.68262,1219.4951
MOVE,0,1.0,0.04117647,301809832,447.05566,1222.6367
MOVE,0,1.0,0.04509804,301809840,449.29688,1224.9219
MOVE,0,1.0,0.05686275,301809848,451.40625,1227.207
MOVE,0,1.0,0.050980397,301809857,453.51562,1229.4922
MOVE,0,1.0,0.050980397,301809865,455.36133,1232.3486
MOVE,0,1.0,0.05686275,301809874,457.20703,1235.2051
MOVE,0,1.0,0.05686275,301809882,459.44824,1237.7764
MOVE,0,1.0,0.05686275,301809890,461.42578,1240.3467
MOVE,0,1.0,0.05686275,301809899,462.87598,1242.6318
MOVE,0,1.0,0.05686275,301809907,463.93066,1244.3457
MOVE,0,1.0,0.05686275,301809915,464.58984,1245.2031
MOVE,0,1.0,0.05686275,301809924,464.98535,1245.7744
MOVE,0,1.0,0.05686275,301809928,465.1172,1246.0596
MOVE,0,1.0,0.05686275,301810003,464.85352,1246.0596
MOVE,0,1.0,0.05686275,301810035,464.58984,1245.5645
MOVE,0,1.0,0.05686275,301810036,464.58984,1245.4883
MOVE,0,1.0,0.05686275,301810135,465.08203,1246.0596
MOVE,0,1.0,0.050980397,301810141,465.38086,1246.0596
MOVE,0,1.0,0.05686275,301810149,465.77637,1246.3457
MOVE,0,1.0,0.05686275,301810157,466.04004,1246.6309
MOVE,0,1.0,0.05686275,301810166,466.3037,1246.6309
MOVE,0,1.0,0.05686275,301810174,466.69922,1246.917
MOVE,0,1.0,0.05686275,301810182,467.09473,1247.4883
MOVE,0,1.0,0.05686275,301810191,467.3584,1247.7734
MOVE,0,1.0,0.05686275,301810195,467.49023,1247.7734
MOVE,0,1.0,0.05686275,301810219,468.2461,1247.7734
MOVE,0,1.0,0.05686275,301810224,468.28125,1247.7734
MOVE,0,1.0,0.050980397,301810228,468.28125,1247.7734
MOVE,0,1.0,0.04509804,301810252,468.54492,1247.7734
MOVE,0,1.0,0.04509804,301810257,468.54492,1247.7734
MOVE,0,1.0,0.01764706,301810262,468.54492,1247.7734
UP,0,1.0,0.01764706,301810270,468.54492,1247.7734
DOWN,0,1.0,0.037254903,301810554,316.14258,1016.40137
MOVE,0,1.0,0.04509804,301810594,321.26074,1028.708
MOVE,0,1.0,0.04117647,301810609,341.84082,1064.1055
MOVE,0,1.0,0.04509804,301810620,367.10547,1104.083
MOVE,0,1.0,0.04509804,301810629,384.78418,1132.0928
MOVE,0,1.0,0.050980397,301810637,398.7959,1154.9961
MOVE,0,1.0,0.04705883,301810645,410.16016,1174.4541
MOVE,0,1.0,0.04509804,301810654,422.0205,1194.4434
MOVE,0,1.0,0.04117647,301810662,433.36328,1212.1768
MOVE,0,1.0,0.04117647,301810670,442.1631,1227.2988
MOVE,0,1.0,0.04509804,301810678,449.33984,1239.2373
MOVE,0,1.0,0.04117647,301810685,455.02148,1248.9277
MOVE,0,1.0,0.04117647,301810692,459.7461,1257.3682
MOVE,0,1.0,0.04117647,301810700,463.3584,1264.831
MOVE,0,1.0,0.04117647,301810708,466.43555,1271.7676
MOVE,0,1.0,0.04117647,301810716,469.5996,1278.3379
MOVE,0,1.0,0.04117647,301810725,472.76367,1284.0508
MOVE,0,1.0,0.04117647,301810733,475.92773,1289.4775
MOVE,0,1.0,0.04705883,301810741,479.75098,1295.1904
MOVE,0,1.0,0.04117647,301810750,484.49707,1301.1895
MOVE,0,1.0,0.03137255,301810758,489.7705,1308.0449
MOVE,0,1.0,0.023529414,301810762,492.53906,1311.7578
UP,0,1.0,0.023529414,301810770,492.53906,1311.7578
DOWN,0,1.0,0.023529414,301812724,353.84766,1242.6318
MOVE,0,1.0,0.015686275,301812747,351.49023,1239.0117
MOVE,0,1.0,0.023529414,301812752,349.10156,1235.7764
MOVE,0,1.0,0.023529414,301812761,343.2334,1228.2656
MOVE,0,1.0,0.023529414,301812770,327.4414,1208.1836
MOVE,0,1.0,0.023529414,301812781,292.1748,1161.8916
MOVE,0,1.0,0.03137255,301812790,264.21484,1120.7871
MOVE,0,1.0,0.03137255,301812798,238.87598,1079.6543
MOVE,0,1.0,0.027450982,301812806,217.21777,1041.915
MOVE,0,1.0,0.03137255,301812815,198.46875,1005.9072
MOVE,0,1.0,0.037254903,301812823,178.18164,969.3496
MOVE,0,1.0,0.03137255,301812831,156.3125,934.4844
MOVE,0,1.0,0.01764706,301812840,136.77734,900.7666
MOVE,0,1.0,0.013725491,301812848,127.18457,881.7656
MOVE,0,1.0,0.013725491,301812848,127.08984,881.57715
UP,0,1.0,0.013725491,301812856,127.08984,881.57715
DOWN,0,1.0,0.01764706,301812973,200.12695,968.4131
MOVE,0,1.0,0.023529414,301812989,200.81348,968.4131
MOVE,0,1.0,0.037254903,301812994,201.57715,969.2705
MOVE,0,1.0,0.037254903,301813003,203.29102,971.26953
MOVE,0,1.0,0.037254903,301813011,205.13672,974.126
MOVE,0,1.0,0.037254903,301813019,207.37793,978.9824
MOVE,0,1.0,0.037254903,301813028,210.54199,986.12305
MOVE,0,1.0,0.037254903,301813036,213.57422,994.1211
MOVE,0,1.0,0.037254903,301813044,215.55176,1001.54785
MOVE,0,1.0,0.037254903,301813053,216.60645,1008.68945
MOVE,0,1.0,0.03137255,301813061,217.13379,1016.1162
MOVE,0,1.0,0.03137255,301813069,217.39746,1023.8281
MOVE,0,1.0,0.03137255,301813078,218.18945,1032.1182
MOVE,0,1.0,0.03137255,301813086,220.46582,1041.0723
MOVE,0,1.0,0.037254903,301813095,224.67773,1051.6357
MOVE,0,1.0,0.03137255,301813104,231.23535,1062.8584
MOVE,0,1.0,0.037254903,301813112,239.27637,1073.7646
MOVE,0,1.0,0.037254903,301813120,247.38672,1083.4902
MOVE,0,1.0,0.027450982,301813128,253.27148,1090.1133
MOVE,0,1.0,0.027450982,301813136,257.73926,1095.8105
MOVE,0,1.0,0.027450982,301813144,259.58496,1098.9531
MOVE,0,1.0,0.027450982,301813153,260.1123,1100.0957
MOVE,0,1.0,0.027450982,301813157,260.24414,1100.3809
MOVE,0,1.0,0.023529414,301813181,260.47266,1101.3721
MOVE,0,1.0,0.023529414,301813186,260.90332,1102.666
MOVE,0,1.0,0.023529414,301813194,261.5625,1105.8086
MOVE,0,1.0,0.027450982,301813203,262.48535,1110.0928
MOVE,0,1.0,0.023529414,301813211,263.8037,1115.2344
MOVE,0,1.0,0.023529414,301813220,264.99023,1120.0908
MOVE,0,1.0,0.023529414,301813228,265.6494,1123.2324
MOVE,0,1.0,0.023529414,301813236,265.78125,1124.9463
MOVE,0,1.0,0.023529414,301813244,265.51758,1125.8037
MOVE,0,1.0,0.023529414,301813253,264.8584,1126.0889
MOVE,0,1.0,0.027450982,301813261,264.19922,1125.8037
MOVE,0,1.0,0.023529414,301813270,263.4082,1124.9463
MOVE,0,1.0,0.025490198,301813278,261.03516,1122.0898
MOVE,0,1.0,0.03137255,301813287,254.96289,1114.0049
MOVE,0,1.0,0.037254903,301813296,242.09766,1095.6885
MOVE,0,1.0,0.023529414,301813307,223.74414,1068.0459
MOVE,0,1.0,0.023529414,301813315,209.75879,1044.6289
MOVE,0,1.0,0.037254903,301813324,198.91699,1024.5996
MOVE,0,1.0,0.03137255,301813332,190.97754,1006.8662
MOVE,0,1.0,0.027450982,301813340,184.00098,991.74414
MOVE,0,1.0,0.04117647,301813348,177.18164,975.38184
MOVE,0,1.0,0.037254903,301813357,169.56934,959.8594
MOVE,0,1.0,0.037254903,301813364,162.83887,946.31934
MOVE,0,1.0,0.037254903,301813372,156.6416,934.45996
MOVE,0,1.0,0.037254903,301813380,151.21484,924.959
MOVE,0,1.0,0.03529412,301813388,144.52246,913.2422
MOVE,0,1.0,0.04117647,301813397,136.98535,900.75977
MOVE,0,1.0,0.04117647,301813404,130.9668,891.74805
MOVE,0,1.0,0.037254903,301813412,125.75098,884.51465
MOVE,0,1.0,0.037254903,301813420,120.49805,877.5781
MOVE,0,1.0,0.037254903,301813428,114.8291,871.29395
MOVE,0,1.0,0.037254903,301813436,109.02832,866.15234
MOVE,0,1.0,0.037254903,301813445,103.359375,861.86816
MOVE,0,1.0,0.037254903,301813453,97.9541,858.1543
MOVE,0,1.0,0.037254903,301813461,93.20801,854.72656
MOVE,0,1.0,0.037254903,301813470,88.59375,851.8701
MOVE,0,1.0,0.023529414,301813478,84.90234,849.2998
MOVE,0,1.0,0.0058823535,301813482,83.583984,847.8711
UP,0,1.0,0.0058823535,301813490,83.583984,847.8711
MOVE,0,1.0,0.04117647,301817829,270.97266,978.5586
MOVE,0,1.0,0.04117647,301817837,290.37402,1017.16113
MOVE,0,1.0,0.04117647,301817846,311.97168,1059.3965
MOVE,0,1.0,0.050980397,301817854,331.24316,1098.8438
MOVE,0,1.0,0.04509804,301817862,347.3584,1133.1729
MOVE,0,1.0,0.037254903,301817870,360.04883,1163.4912
MOVE,0,1.0,0.04117647,301817879,369.05078,1189.8105
MOVE,0,1.0,0.04117647,301817887,376.44922,1214.959
MOVE,0,1.0,0.037254903,301817895,383.83203,1237.2676
MOVE,0,1.0,0.037254903,301817904,391.21484,1258.417
MOVE,0,1.0,0.03529412,301817912,396.7002,1274.2607
MOVE,0,1.0,0.04117647,301817920,402.2744,1289.6465
MOVE,0,1.0,0.04509804,301817928,407.0381,1301.1826
MOVE,0,1.0,0.04117647,301817934,410.43164,1308.6719
MOVE,0,1.0,0.04117647,301817942,413.80273,1315.374
MOVE,0,1.0,0.037254903,301817950,417.39258,1321.4697
MOVE,0,1.0,0.037254903,301817958,421.08398,1326.04
MOVE,0,1.0,0.037254903,301817966,424.1162,1328.8965
MOVE,0,1.0,0.04117647,301817975,426.6211,1330.6104
MOVE,0,1.0,0.04117647,301817983,429.2578,1330.8965
MOVE,0,1.0,0.04117647,301817991,432.02637,1329.7539
MOVE,0,1.0,0.037254903,301818000,434.79492,1326.3262
MOVE,0,1.0,0.03529412,301818008,436.7959,1318.7285
MOVE,0,1.0,0.04117647,301818018,436.36328,1302.4717
MOVE,0,1.0,0.04509804,301818029,429.58496,1272.0186
MOVE,0,1.0,0.050980397,301818037,419.08008,1240.6611
MOVE,0,1.0,0.050980397,301818045,405.4004,1207.543
MOVE,0,1.0,0.05686275,301818054,390.38477,1176.6709
MOVE,0,1.0,0.04509804,301818062,372.48438,1143.5586
MOVE,0,1.0,0.04705883,301818071,351.42188,1107.5967
MOVE,0,1.0,0.050980397,301818079,329.02344,1071.0391
MOVE,0,1.0,0.05686275,301818087,305.04492,1036.1738
MOVE,0,1.0,0.050980397,301818096,282.35547,1002.45605
MOVE,0,1.0,0.060784318,301818104,260.72363,970.44727
MOVE,0,1.0,0.04509804,301818112,238.32031,938.4551
MOVE,0,1.0,0.050980397,301818121,213.03613,908.7246
MOVE,0,1.0,0.04705883,301818129,183.8086,880.71484
MOVE,0,1.0,0.037254903,301818137,150.10352,852.7217
MOVE,0,1.0,0.037254903,301818146,115.57031,828.6875
MOVE,0,1.0,0.015686275,301818153,94.3418,812.6113
MOVE,0,1.0,0.015686275,301818153,94.13086,812.4512
UP,0,1.0,0.015686275,301818162,94.13086,812.4512
DOWN,0,1.0,0.04117647,301818481,762.80273,1209.4971
MOVE,0,1.0,0.050980397,301818495,762.80273,1208.5059
MOVE,0,1.0,0.050980397,301818500,762.6709,1207.2119
MOVE,0,1.0,0.060784318,301818509,762.6709,1203.7842
MOVE,0,1.0,0.05686275,301818517,763.19824,1198.0713
MOVE,0,1.0,0.04509804,301818526,765.2012,1184.8896
MOVE,0,1.0,0.050980397,301818537,771.25,1155.8086
MOVE,0,1.0,0.060784318,301818546,777.76855,1132.5957
MOVE,0,1.0,0.060784318,301818554,784.61914,1113.709
MOVE,0,1.0,0.050980397,301818563,792.2578,1096.5537
MOVE,0,1.0,0.058823533,301818571,799.93164,1082.1152
MOVE,0,1.0,0.060784318,301818579,808.2129,1067.3105
MOVE,0,1.0,0.05686275,301818588,820.001,1048.6748
MOVE,0,1.0,0.060784318,301818596,831.51074,1029.1582
MOVE,0,1.0,0.050980397,301818604,840.08203,1016.0303
MOVE,0,1.0,0.050980397,301818612,849.03613,1003.05273
MOVE,0,1.0,0.05686275,301818620,857.2168,990.4463
MOVE,0,1.0,0.060784318,301818627,862.68555,980.9453
MOVE,0,1.0,0.05686275,301818635,868.3428,971.52734
MOVE,0,1.0,0.064705886,301818643,875.10156,960.59863
MOVE,0,1.0,0.064705886,301818652,882.27246,949.3301
MOVE,0,1.0,0.060784318,301818659,887.26953,941.7129
MOVE,0,1.0,0.060784318,301818667,892.0459,933.48047
MOVE,0,1.0,0.060784318,301818676,896.1836,925.6797
MOVE,0,1.0,0.060784318,301818684,898.8574,920.71094
MOVE,0,1.0,0.060784318,301818692,900.43945,917.8545
MOVE,0,1.0,0.060784318,301818701,900.83496,917.2832
MOVE,0,1.0,0.05686275,301818709,900.43945,917.8545
MOVE,0,1.0,0.060784318,301818717,899.5166,919.56836
MOVE,0,1.0,0.064705886,301818726,896.5752,925.6504
MOVE,0,1.0,0.060784318,301818735,887.34863,942.7617
MOVE,0,1.0,0.060784318,301818746,865.03125,983.4951
MOVE,0,1.0,0.060784318,301818755,838.4795,1032.4775
MOVE,0,1.0,0.05686275,301818763,808.97656,1091.2236
MOVE,0,1.0,0.054901965,301818772,780.49023,1154.5908
MOVE,0,1.0,0.05686275,301818780,755.9287,1218.0039
MOVE,0,1.0,0.04509804,301818788,736.3672,1276.3262
MOVE,0,1.0,0.04117647,301818796,723.1201,1327.8115
MOVE,0,1.0,0.03137255,301818805,714.1133,1371.3086
MOVE,0,1.0,0.0058823535,301818813,709.0635,1392.1035
MOVE,0,1.0,0.0058823535,301818813,709.0137,1392.3096
UP,0,1.0,0.0058823535,301818821,709.0137,1392.3096
DOWN,0,1.0,0.03137255,301819022,809.47266,1282.6221
MOVE,0,1.0,0.03529412,301819030,809.47266,1282.6221
MOVE,0,1.0,0.04117647,301819062,810.2285,1283.6133
MOVE,0,1.0,0.050980397,301819068,810.3955,1284.3359
MOVE,0,1.0,0.05686275,301819076,810.6592,1286.6211
MOVE,0,1.0,0.05686275,301819085,810.6543,1293.3613
MOVE,0,1.0,0.05686275,301819094,808.9551,1308.6436
MOVE,0,1.0,0.04705883,301819105,804.1387,1336.8818
MOVE,0,1.0,0.04509804,301819113,798.71484,1365.1846
MOVE,0,1.0,0.04509804,301819122,792.6582,1393.7383
MOVE,0,1.0,0.04509804,301819130,787.37695,1419.4746
MOVE,0,1.0,0.04117647,301819138,782.626,1442.9199
MOVE,0,1.0,0.04509804,301819147,778.9238,1465.2119
MOVE,0,1.0,0.04117647,301819155,776.0156,1482.9678
MOVE,0,1.0,0.04509804,301819164,772.33203,1500.1123
MOVE,0,1.0,0.04509804,301819172,769.25586,1514.5508
MOVE,0,1.0,0.04117647,301819179,767.583,1525.6758
MOVE,0,1.0,0.04117647,301819187,766.13086,1536.457
MOVE,0,1.0,0.04117647,301819195,764.35645,1549.7041
MOVE,0,1.0,0.037254903,301819203,762.85156,1561.6953
MOVE,0,1.0,0.04117647,301819211,761.89355,1569.8633
MOVE,0,1.0,0.04509804,301819218,761.20605,1577.627
MOVE,0,1.0,0.04117647,301819226,760.8203,1586.4326
MOVE,0,1.0,0.04117647,301819235,760.8418,1596.2539
MOVE,0,1.0,0.04117647,301819243,761.23535,1604.7861
MOVE,0,1.0,0.04117647,301819251,762.01465,1613.1396
MOVE,0,1.0,0.04117647,301819260,763.06934,1621.415
MOVE,0,1.0,0.04509804,301819268,764.2529,1628.252
MOVE,0,1.0,0.04509804,301819276,765.5713,1633.3936
MOVE,0,1.0,0.04117647,301819285,766.626,1637.3926
MOVE,0,1.0,0.04509804,301819293,767.417,1640.249
MOVE,0,1.0,0.04509804,301819301,768.208,1642.5342
MOVE,0,1.0,0.050980397,301819310,768.73535,1644.5342
MOVE,0,1.0,0.050980397,301819318,768.999,1646.5332
MOVE,0,1.0,0.050980397,301819326,769.13086,1648.5332
MOVE,0,1.0,0.050980397,301819335,769.39453,1650.5322
MOVE,0,1.0,0.050980397,301819343,769.9219,1653.1035
MOVE,0,1.0,0.050980397,301819352,770.4492,1656.2451
MOVE,0,1.0,0.050980397,301819360,770.4492,1660.2441
MOVE,0,1.0,0.050980397,301819368,770.18555,1664.5293
MOVE,0,1.0,0.04509804,301819376,770.4492,1668.2422
MOVE,0,1.0,0.04509804,301819385,770.4492,1671.6699
MOVE,0,1.0,0.04509804,301819393,770.0537,1674.5264
MOVE,0,1.0,0.04509804,301819402,769.9219,1676.8115
MOVE,0,1.0,0.04509804,301819410,769.9219,1678.5254
MOVE,0,1.0,0.04117647,301819418,769.9219,1679.668
MOVE,0,1.0,0.04509804,301819423,769.9219,1680.2393
MOVE,0,1.0,0.04509804,301819439,770.18555,1680.2393
MOVE,0,1.0,0.04509804,301819480,769.69336,1678.6768
MOVE,0,1.0,0.050980397,301819485,769.13086,1677.0977
MOVE,0,1.0,0.050980397,301819493,767.94336,1671.3779
MOVE,0,1.0,0.050980397,301819503,765.80273,1656.0342
MOVE,0,1.0,0.060784318,301819514,762.30176,1618.2832
MOVE,0,1.0,0.050980397,301819522,761.4922,1574.4199
MOVE,0,1.0,0.064705886,301819531,763.57227,1523.6436
MOVE,0,1.0,0.05686275,301819539,768.5537,1473.3643
MOVE,0,1.0,0.050980397,301819547,776.1738,1423.6562
MOVE,0,1.0,0.054901965,301819556,786.16895,1375.6504
MOVE,0,1.0,0.058823533,301819564,796.71094,1335.0146
MOVE,0,1.0,0.060784318,301819572,808.041,1298.4121
MOVE,0,1.0,0.068627454,301819581,819.90137,1264.1123
MOVE,0,1.0,0.060784318,301819589,831.5049,1231.5322
MOVE,0,1.0,0.060784318,301819597,843.36816,1200.665
MOVE,0,1.0,0.064705886,301819606,855.49414,1172.6436
MOVE,0,1.0,0.064705886,301819614,867.8838,1146.9121
MOVE,0,1.0,0.064705886,301819623,880.5371,1123.4668
MOVE,0,1.0,0.07058824,301819631,891.8887,1102.3066
MOVE,0,1.0,0.07058824,301819639,902.1826,1082.8652
MOVE,0,1.0,0.07450981,301819648,912.4209,1066.3408
MOVE,0,1.0,0.07450981,301819655,920.9121,1053.3418
MOVE,0,1.0,0.064705886,301819662,927.35254,1042.4863
MOVE,0,1.0,0.07058824,301819670,933.7246,1031.0723
MOVE,0,1.0,0.068627454,301819679,940.3369,1019.37695
MOVE,0,1.0,0.07450981,301819687,945.8076,1008.3672
MOVE,0,1.0,0.068627454,301819694,949.9912,998.9492
MOVE,0,1.0,0.064705886,301819702,953.8135,990.1289
MOVE,0,1.0,0.064705886,301819710,956.9375,982.2051
MOVE,0,1.0,0.064705886,301819718,959.2383,975.5547
MOVE,0,1.0,0.064705886,301819727,960.95215,969.2705
MOVE,0,1.0,0.064705886,301819735,962.2705,963.5576
MOVE,0,1.0,0.07058824,301819744,963.3252,958.9873
MOVE,0,1.0,0.07058824,301819752,964.1162,955.27344
MOVE,0,1.0,0.07450981,301819760,964.7754,952.7031
MOVE,0,1.0,0.07450981,301819768,964.7754,950.98926
MOVE,0,1.0,0.07450981,301819777,964.3799,949.8467
MOVE,0,1.0,0.07450981,301819785,964.24805,949.56055
MOVE,0,1.0,0.07450981,301819794,964.24805,949.56055
MOVE,0,1.0,0.07450981,301819802,964.24805,949.56055
MOVE,0,1.0,0.07450981,301819810,963.85254,949.56055
MOVE,0,1.0,0.064705886,301819819,963.19336,949.2754
MOVE,0,1.0,0.064705886,301819827,960.95215,948.98926
MOVE,0,1.0,0.064705886,301819835,958.3154,948.98926
MOVE,0,1.0,0.064705886,301819844,955.5469,949.8467
MOVE,0,1.0,0.060784318,301819852,950.66895,953.8457
MOVE,0,1.0,0.060784318,301819861,943.2949,964.4492
MOVE,0,1.0,0.060784318,301819871,932.1494,986.64453
MOVE,0,1.0,0.050980397,301819881,919.0127,1017.83496
MOVE,0,1.0,0.054901965,301819890,907.1504,1049.7871
MOVE,0,1.0,0.050980397,301819898,895.02344,1084.6074
MOVE,0,1.0,0.05686275,301819907,882.1113,1123.9805
MOVE,0,1.0,0.060784318,301819915,870.7578,1165.6621
MOVE,0,1.0,0.050980397,301819923,860.9863,1207.3662
MOVE,0,1.0,0.054901965,301819932,852.7969,1247.374
MOVE,0,1.0,0.04509804,301819940,846.9717,1283.9707
MOVE,0,1.0,0.054901965,301819948,844.56445,1318.2705
MOVE,0,1.0,0.050980397,301819957,844.2803,1349.1543
MOVE,0,1.0,0.050980397,301819965,845.3213,1376.0449
MOVE,0,1.0,0.04509804,301819973,847.68164,1400.0674
MOVE,0,1.0,0.04509804,301819982,851.09863,1421.2344
MOVE,0,1.0,0.050980397,301819990,854.709,1436.3906
MOVE,0,1.0,0.04509804,301819997,858.0742,1448.9424
MOVE,0,1.0,0.04509804,301820005,861.4248,1460.4873
MOVE,0,1.0,0.04117647,301820013,864.93066,1472.4238
MOVE,0,1.0,0.050980397,301820021,868.56055,1483.957
MOVE,0,1.0,0.050980397,301820029,871.86035,1494.334
MOVE,0,1.0,0.05686275,301820037,874.69824,1504.915
MOVE,0,1.0,0.05686275,301820045,877.10645,1514.4482
MOVE,0,1.0,0.05686275,301820053,879.001,1522.2119
MOVE,0,1.0,0.05686275,301820061,880.7959,1529.9902
MOVE,0,1.0,0.03529412,301820069,882.3779,1537.7031
MOVE,0,1.0,0.04117647,301820078,883.3008,1545.1299
MOVE,0,1.0,0.04705883,301820086,883.56445,1552.5566
MOVE,0,1.0,0.05686275,301820094,883.3008,1559.9834
MOVE,0,1.0,0.05686275,301820103,882.6416,1567.4102
MOVE,0,1.0,0.05686275,301820111,881.5869,1574.5508
MOVE,0,1.0,0.05686275,301820120,880.1367,1581.6924
MOVE,0,1.0,0.050980397,301820128,878.291,1588.833
MOVE,0,1.0,0.050980397,301820136,876.0498,1596.2598
MOVE,0,1.0,0.037254903,301820144,873.5449,1603.9727
MOVE,0,1.0,0.04117647,301820153,870.9082,1611.6846
MOVE,0,1.0,0.04117647,301820161,868.4033,1619.3975
MOVE,0,1.0,0.04117647,301820169,865.89844,1626.5381
MOVE,0,1.0,0.04117647,301820178,863.2617,1633.1084
MOVE,0,1.0,0.03529412,301820186,860.49316,1639.1064
MOVE,0,1.0,0.03529412,301820194,857.19727,1643.9629
MOVE,0,1.0,0.0058823535,301820199,855.35156,1645.9619
UP,0,1.0,0.0058823535,301820206,855.35156,1645.9619
DOWN,0,1.0,0.023529414,301820783,866.68945,1501.4258
MOVE,0,1.0,0.04117647,301820798,866.68945,1501.4258
MOVE,0,1.0,0.037254903,301820799,866.68945,1501.4258
MOVE,0,1.0,0.04117647,301820823,867.4453,1497.2344
MOVE,0,1.0,0.050980397,301820829,868.1738,1491.4473
MOVE,0,1.0,0.050980397,301820838,870.46094,1472.1699
MOVE,0,1.0,0.04117647,301820849,874.5654,1442.252
MOVE,0,1.0,0.050980397,301820857,877.99316,1415.9951
MOVE,0,1.0,0.05686275,301820866,881.68164,1392.544
MOVE,0,1.0,0.060784318,301820874,885.1123,1371.9492
MOVE,0,1.0,0.050980397,301820883,888.8008,1354.21
MOVE,0,1.0,0.04705883,301820891,892.4922,1335.3691
MOVE,0,1.0,0.05686275,301820899,895.1279,1318.8506
MOVE,0,1.0,0.060784318,301820907,897.39453,1305.2002
MOVE,0,1.0,0.05686275,301820915,899.0869,1292.3555
MOVE,0,1.0,0.04509804,301820923,899.8467,1274.0273
MOVE,0,1.0,0.050980397,301820933,901.2178,1253.669
MOVE,0,1.0,0.060784318,301820941,903.5801,1231.9941
MOVE,0,1.0,0.04509804,301820949,906.4746,1207.458
MOVE,0,1.0,0.050980397,301820958,909.6367,1183.458
MOVE,0,1.0,0.050980397,301820966,913.32227,1158.332
MOVE,0,1.0,0.04117647,301820974,917.7969,1133.1953
MOVE,0,1.0,0.05686275,301820983,922.80176,1108.0586
MOVE,0,1.0,0.050980397,301820991,929.6387,1082.9219
MOVE,0,1.0,0.050980397,301820999,938.84375,1055.5234
MOVE,0,1.0,0.05686275,301821008,951.46484,1024.708
MOVE,0,1.0,0.04117647,301821016,966.20996,989.8994
MOVE,0,1.0,0.023529414,301821024,977.8428,958.44434
MOVE,0,1.0,0.023529414,301821024,977.959,958.1299
UP,0,1.0,0.023529414,301821032,977.959,958.1299
DOWN,0,1.0,0.04117647,301821225,912.83203,1080.3857
MOVE,0,1.0,0.050980397,301821249,912.33984,1082.4443
MOVE,0,1.0,0.04117647,301821254,911.9092,1084.3848
MOVE,0,1.0,0.04117647,301821262,911.11816,1088.6699
MOVE,0,1.0,0.04117647,301821271,909.0029,1100.0488
MOVE,0,1.0,0.050980397,301821282,904.25684,1129.2705
MOVE,0,1.0,0.04705883,301821291,898.9072,1160.6465
MOVE,0,1.0,0.04509804,301821300,893.376,1192.6094
MOVE,0,1.0,0.05686275,301821308,888.6221,1222.3398
MOVE,0,1.0,0.05686275,301821316,884.9199,1249.7842
MOVE,0,1.0,0.04509804,301821325,883.05566,1271.5508
MOVE,0,1.0,0.060784318,301821333,883.55664,1288.0977
MOVE,0,1.0,0.05686275,301821341,884.2871,1299.8223
MOVE,0,1.0,0.05686275,301821347,884.8926,1306.3291
MOVE,0,1.0,0.05686275,301821354,886.333,1311.4727
MOVE,0,1.0,0.050980397,301821362,889.2334,1316.043
MOVE,0,1.0,0.04117647,301821371,893.7158,1318.3281
MOVE,0,1.0,0.01764706,301821375,896.4844,1318.6133
UP,0,1.0,0.01764706,301821383,896.4844,1318.6133
DOWN,0,1.0,0.027450982,301821592,192.48047,914.7119
MOVE,0,1.0,0.03137255,301821607,192.9375,915.7031
MOVE,0,1.0,0.027450982,301821613,193.66699,917.8545
MOVE,0,1.0,0.037254903,301821621,195.38086,923.28125
MOVE,0,1.0,0.037254903,301821630,198.86816,932.91016
MOVE,0,1.0,0.027450982,301821640,210.61621,961.291
MOVE,0,1.0,0.033333335,301821650,237.5918,1020.45215
MOVE,0,1.0,0.04117647,301821658,266.80664,1079.2266
MOVE,0,1.0,0.025490198,301821667,298.68457,1138.6348
MOVE,0,1.0,0.03529412,301821675,326.93457,1193.5234
MOVE,0,1.0,0.03137255,301821683,352.01562,1243.2773
MOVE,0,1.0,0.037254903,301821692,371.3213,1285.627
MOVE,0,1.0,0.03137255,301821700,384.04297,1318.2881
MOVE,0,1.0,0.03137255,301821708,390.17383,1339.54
MOVE,0,1.0,0.03137255,301821717,391.74023,1353.3496
MOVE,0,1.0,0.037254903,301821724,391.8164,1363.1348
MOVE,0,1.0,0.025490198,301821730,391.48047,1371.2842
MOVE,0,1.0,0.025490198,301821738,390.87207,1378.8184
MOVE,0,1.0,0.03137255,301821746,390.23438,1386.3115
MOVE,0,1.0,0.037254903,301821754,389.70703,1393.167
MOVE,0,1.0,0.03137255,301821763,389.70703,1399.4512
MOVE,0,1.0,0.03137255,301821771,390.23438,1404.8779
MOVE,0,1.0,0.03137255,301821779,390.89355,1408.5918
MOVE,0,1.0,0.03137255,301821788,391.8164,1410.877
MOVE,0,1.0,0.03137255,301821796,392.60742,1412.0195
MOVE,0,1.0,0.03137255,301821804,393.2666,1412.5908
MOVE,0,1.0,0.03137255,301821809,393.6621,1412.876
MOVE,0,1.0,0.03137255,301821866,392.90625,1412.3809
MOVE,0,1.0,0.037254903,301821871,392.34375,1411.7334
MOVE,0,1.0,0.037254903,301821879,391.0254,1409.4482
MOVE,0,1.0,0.037254903,301821888,388.91602,1405.1641
MOVE,0,1.0,0.03137255,301821896,385.8838,1399.7363
MOVE,0,1.0,0.03137255,301821904,382.71973,1394.3096
MOVE,0,1.0,0.03137255,301821913,380.083,1389.7393
MOVE,0,1.0,0.03137255,301821921,378.10547,1386.5967
MOVE,0,1.0,0.03137255,301821929,377.05078,1384.5977
MOVE,0,1.0,0.03137255,301821938,376.52344,1383.169
MOVE,0,1.0,0.025490198,301821946,375.86426,1382.5977
MOVE,0,1.0,0.025490198,301821955,375.07324,1382.8838
MOVE,0,1.0,0.01764706,301821959,374.67773,1383.169
UP,0,1.0,0.01764706,301821967,374.67773,1383.169
DOWN,0,1.0,0.04117647,301824580,958.1836,1124.375
MOVE,0,1.0,0.03529412,301824594,957.9551,1125.3662
MOVE,0,1.0,0.05686275,301824608,955.8633,1136.8604
MOVE,0,1.0,0.04509804,301824619,951.85254,1157.0938
MOVE,0,1.0,0.04705883,301824629,945.5801,1189.793
MOVE,0,1.0,0.04117647,301824637,938.74023,1224.5732
MOVE,0,1.0,0.037254903,301824645,929.7969,1264.5127
MOVE,0,1.0,0.04117647,301824654,920.3096,1307.8955
MOVE,0,1.0,0.04117647,301824662,911.33984,1347.9209
MOVE,0,1.0,0.04117647,301824670,903.6797,1383.9521
MOVE,0,1.0,0.04117647,301824679,897.0781,1416.5498
MOVE,0,1.0,0.04509804,301824688,891.5303,1443.457
MOVE,0,1.0,0.04705883,301824696,887.29785,1464.0859
MOVE,0,1.0,0.04117647,301824704,884.95703,1479.2373
MOVE,0,1.0,0.04117647,301824711,883.49023,1491.7891
MOVE,0,1.0,0.05686275,301824719,882.0537,1503.334
MOVE,0,1.0,0.05686275,301824727,880.3877,1514.2354
MOVE,0,1.0,0.04509804,301824735,878.97754,1525.5703
MOVE,0,1.0,0.03529412,301824743,878.2012,1535.9336
MOVE,0,1.0,0.04117647,301824750,877.29785,1543.873
MOVE,0,1.0,0.04117647,301824758,876.1797,1551.7178
MOVE,0,1.0,0.04705883,301824767,875.12695,1558.8408
MOVE,0,1.0,0.050980397,301824775,874.2041,1564.8389
MOVE,0,1.0,0.050980397,301824783,873.4131,1569.9805
MOVE,0,1.0,0.050980397,301824792,872.6221,1574.5508
MOVE,0,1.0,0.050980397,301824800,871.6992,1578.8359
MOVE,0,1.0,0.04509804,301824808,870.5127,1582.5488
MOVE,0,1.0,0.050980397,301824817,869.7217,1585.9766
MOVE,0,1.0,0.04509804,301824825,869.458,1588.833
MOVE,0,1.0,0.04509804,301824833,869.0625,1591.1182
MOVE,0,1.0,0.04509804,301824842,868.667,1593.1182
MOVE,0,1.0,0.04509804,301824850,868.93066,1594.832
MOVE,0,1.0,0.04509804,301824859,869.458,1595.9746
MOVE,0,1.0,0.04509804,301824867,869.7217,1596.831
MOVE,0,1.0,0.04117647,301824875,870.1172,1597.4023
MOVE,0,1.0,0.04117647,301824883,870.64453,1597.4023
MOVE,0,1.0,0.037254903,301824892,870.77637,1596.5459
MOVE,0,1.0,0.01764706,301824896,870.64453,1595.6885
UP,0,1.0,0.01764706,301824904,870.64453,1595.6885
MOVE,0,1.0,0.064705886,301825601,888.2197,1177.5918
MOVE,0,1.0,0.054901965,301825611,884.5781,1193.5107
MOVE,0,1.0,0.05686275,301825621,878.67773,1217.1299
MOVE,0,1.0,0.060784318,301825630,872.02637,1242.958
MOVE,0,1.0,0.050980397,301825638,864.6543,1270.3506
MOVE,0,1.0,0.050980397,301825647,857.00977,1296.0762
MOVE,0,1.0,0.050980397,301825655,849.88574,1317.8252
MOVE,0,1.0,0.04509804,301825663,846.49316,1332.9873
MOVE,0,1.0,0.04117647,301825670,843.9551,1342.5684
MOVE,0,1.0,0.04509804,301825677,842.53125,1349.4951
MOVE,0,1.0,0.04509804,301825684,841.63965,1356.0479
MOVE,0,1.0,0.050980397,301825693,840.8496,1361.46
MOVE,0,1.0,0.050980397,301825701,839.92676,1365.1738
MOVE,0,1.0,0.050980397,301825709,839.53125,1367.459
MOVE,0,1.0,0.050980397,301825718,839.6631,1368.8867
MOVE,0,1.0,0.050980397,301825726,839.7949,1369.7441
MOVE,0,1.0,0.050980397,301825734,839.6631,1369.7441
MOVE,0,1.0,0.050980397,301825738,839.53125,1369.458
MOVE,0,1.0,0.050980397,301825771,840.25195,1369.458
MOVE,0,1.0,0.050980397,301825772,840.32227,1369.458
MOVE,0,1.0,0.050980397,301825804,841.27246,1368.3916
MOVE,0,1.0,0.050980397,301825809,841.77246,1368.0303
MOVE,0,1.0,0.04509804,301825818,842.5635,1367.1729
MOVE,0,1.0,0.04509804,301825826,843.61816,1366.0303
MOVE,0,1.0,0.04117647,301825834,844.9365,1364.8877
MOVE,0,1.0,0.027450982,301825839,845.5957,1364.3164
UP,0,1.0,0.027450982,301825846,845.5957,1364.3164
DOWN,0,1.0,0.037254903,301826006,824.50195,1361.46
MOVE,0,1.0,0.04509804,301826021,824.50195,1361.46
MOVE,0,1.0,0.04509804,301826026,824.50195,1361.46
MOVE,0,1.0,0.05686275,301826031,824.50195,1361.46
MOVE,0,1.0,0.04509804,301826054,824.50195,1361.46
MOVE,0,1.0,0.04509804,301826060,824.50195,1361.46
MOVE,0,1.0,0.04509804,301826068,824.50195,1361.46
MOVE,0,1.0,0.023529414,301826072,825.0293,1360.8887
UP,0,1.0,0.023529414,301826080,825.0293,1360.8887
DOWN,0,1.0,0.025490198,301833108,1032.2754,400.55176
MOVE,0,1.0,0.03137255,301833130,1029.9531,401.04785
MOVE,0,1.0,0.03137255,301833135,1028.9795,401.12305
MOVE,0,1.0,0.037254903,301833144,1027.3975,401.40918
MOVE,0,1.0,0.037254903,301833152,1025.8154,402.26562
MOVE,0,1.0,0.03137255,301833160,1024.4971,403.12305
MOVE,0,1.0,0.027450982,301833165,1023.8379,403.4082
UP,0,1.0,0.027450982,301833173,1023.8379,403.4082
DOWN,0,1.0,0.01764706,301833566,806.3086,1241.4893
MOVE,0,1.0,0.03137255,301833581,806.3086,1239.0117
MOVE,0,1.0,0.03137255,301833586,806.4404,1234.6338
MOVE,0,1.0,0.03529412,301833595,806.73047,1221.3584
MOVE,0,1.0,0.03529412,301833606,808.0576,1190.3271
MOVE,0,1.0,0.03137255,301833615,816.2461,1114.2686
MOVE,0,1.0,0.03137255,301833624,839.56055,986.2656
MOVE,0,1.0,0.03137255,301833632,879.7334,847.5459
MOVE,0,1.0,0.027450982,301833640,934.69336,716.0752
MOVE,0,1.0,0.01764706,301833648,1015.1211,553.00586
MOVE,0,1.0,0.01764706,301833648,1015.92773,551.3721
UP,0,1.0,0.01764706,301833656,1015.92773,551.3721
