phase,pointerId,pressure,size,timestamp,x,y
MOVE,0,1.0,0.043137256,171483671,731.6952,1162.6035
MOVE,0,1.0,0.043137256,171483688,732.2,1187.7029
MOVE,0,1.0,0.04705883,171483704,732.2,1213.157
MOVE,0,1.0,0.04705883,171483721,732.2,1238.2037
MOVE,0,1.0,0.04705883,171483736,731.69037,1261.1726
MOVE,0,1.0,0.019607844,171483752,730.03595,1289.69
MOVE,0,1.0,0.043137256,171483769,727.9452,1319.6772
MOVE,0,1.0,0.043137256,171483786,729.124,1346.4591
MOVE,0,1.0,0.043137256,171483802,731.6,1375.7
MOVE,0,1.0,0.043137256,171483819,738.7268,1404.1072
MOVE,0,1.0,0.043137256,171483835,743.08325,1430.4656
MOVE,0,1.0,0.04705883,171483852,752.7851,1491.3984
UP,0,1.0,0.04705883,171483856,750.8,1480.0
DOWN,0,1.0,0.019607844,171491738,727.8,1452.4
MOVE,0,1.0,0.019607844,171491769,727.8,1452.4
MOVE,0,1.0,0.043137256,171491787,727.8,1452.4
MOVE,0,1.0,0.04705883,171491804,728.8439,1433.531
MOVE,0,1.0,0.019607844,171491821,730.9118,1372.388
MOVE,0,1.0,0.019607844,171491837,735.2062,1278.2819
MOVE,0,1.0,0.019607844,171491853,741.74084,1204.1735
MOVE,0,1.0,0.019607844,171491869,749.39996,1148.8
MOVE,0,1.0,0.019607844,171491885,755.7398,1125.1233
MOVE,0,1.0,0.019607844,171491902,762.9097,1107.9863
MOVE,0,1.0,0.019607844,171491919,771.4913,1091.2452
MOVE,0,1.0,0.019607844,171491935,790.99927,1062.3475
MOVE,0,1.0,0.019607844,171491952,816.05975,1030.2529
MOVE,0,1.0,0.019607844,171491968,860.4467,991.84863
MOVE,0,1.0,0.019607844,171491968,861.0,991.4
UP,0,1.0,0.019607844,171491975,861.0,991.4
DOWN,0,1.0,0.050980397,171492537,715.2,1296.4
MOVE,0,1.0,0.019607844,171492541,715.2,1296.4
MOVE,0,1.0,0.019607844,171492550,715.2,1296.4
MOVE,0,1.0,0.019607844,171492583,717.0908,1287.3619
MOVE,0,1.0,0.019607844,171492599,732.6965,1251.3137
MOVE,0,1.0,0.019607844,171492616,757.0,1197.9001
MOVE,0,1.0,0.019607844,171492633,765.48615,1164.949
MOVE,0,1.0,0.019607844,171492649,772.0119,1131.0238
MOVE,0,1.0,0.019607844,171492665,776.937,1103.5674
MOVE,0,1.0,0.019607844,171492682,782.2966,1076.0317
MOVE,0,1.0,0.019607844,171492698,789.3,1054.7999
MOVE,0,1.0,0.019607844,171492715,797.1285,1039.6077
MOVE,0,1.0,0.043137256,171492732,805.5891,1026.2162
MOVE,0,1.0,0.019607844,171492748,812.5678,1015.21875
MOVE,0,1.0,0.019607844,171492765,817.0586,1006.756
MOVE,0,1.0,0.019607844,171492781,821.4,999.6001
MOVE,0,1.0,0.019607844,171492798,824.9049,992.74805
MOVE,0,1.0,0.019607844,171492815,827.52136,989.47864
MOVE,0,1.0,0.019607844,171492831,828.49036,988.10974
MOVE,0,1.0,0.019607844,171492848,828.9186,987.80005
MOVE,0,1.0,0.019607844,171492864,829.17755,987.80005
MOVE,0,1.0,0.019607844,171492881,830.0093,988.20935
MOVE,0,1.0,0.019607844,171492898,831.8921,991.7842
MOVE,0,1.0,0.043137256,171492914,833.58716,998.4518
MOVE,0,1.0,0.043137256,171492931,834.30756,1009.73694
MOVE,0,1.0,0.019607844,171492947,835.0271,1026.3558
MOVE,0,1.0,0.043137256,171492964,835.0,1061.4219
MOVE,0,1.0,0.019607844,171492980,834.10004,1101.6
MOVE,0,1.0,0.019607844,171492997,830.4388,1154.4576
MOVE,0,1.0,0.04705883,171493014,818.3074,1224.1641
MOVE,0,1.0,0.04705883,171493031,807.813,1295.5413
MOVE,0,1.0,0.04705883,171493046,810.4,1329.8999
MOVE,0,1.0,0.050980397,171493064,813.36206,1350.2865
MOVE,0,1.0,0.050980397,171493080,816.11975,1365.6915
MOVE,0,1.0,0.04705883,171493097,819.59644,1377.6704
MOVE,0,1.0,0.050980397,171493113,826.81006,1382.848
MOVE,0,1.0,0.050980397,171493116,830.0,1382.4
UP,0,1.0,0.050980397,171493125,830.0,1382.4
DOWN,0,1.0,0.019607844,171493411,792.4,1389.0
MOVE,0,1.0,0.019607844,171493442,792.4,1389.0
MOVE,0,1.0,0.019607844,171493461,792.4,1389.0
MOVE,0,1.0,0.019607844,171493475,791.9,1379.0
MOVE,0,1.0,0.019607844,171493495,785.4018,1328.4155
MOVE,0,1.0,0.019607844,171493512,781.6615,1261.987
MOVE,0,1.0,0.019607844,171493528,784.33765,1208.7775
MOVE,0,1.0,0.043137256,171493545,792.02386,1167.581
MOVE,0,1.0,0.019607844,171493562,797.8871,1138.2225
MOVE,0,1.0,0.043137256,171493578,804.0219,1112.4237
MOVE,0,1.0,0.019607844,171493594,813.0,1080.8
MOVE,0,1.0,0.019607844,171493611,829.55725,1047.9247
MOVE,0,1.0,0.019607844,171493628,874.0854,994.13367
MOVE,0,1.0,0.019607844,171493628,874.2,994.0
UP,0,1.0,0.019607844,171493634,874.2,994.0
DOWN,0,1.0,0.058823533,171493974,772.60004,1441.8
MOVE,0,1.0,0.0627451,171493978,772.60004,1441.8
MOVE,0,1.0,0.0627451,171493986,772.60004,1441.8
MOVE,0,1.0,0.0627451,171494001,772.60004,1441.8
MOVE,0,1.0,0.0627451,171494026,772.60004,1441.8
MOVE,0,1.0,0.050980397,171494043,769.40137,1425.0895
MOVE,0,1.0,0.04705883,171494060,757.21515,1363.8983
MOVE,0,1.0,0.043137256,171494076,750.1,1269.7001
MOVE,0,1.0,0.019607844,171494093,759.56445,1191.3636
MOVE,0,1.0,0.043137256,171494109,800.5626,1071.7065
UP,0,1.0,0.043137256,171494115,798.60004,1077.0
DOWN,0,1.0,0.043137256,171494406,768.4,1232.2001
MOVE,0,1.0,0.043137256,171494438,768.4,1232.2001
MOVE,0,1.0,0.019607844,171494458,768.4,1232.2001
MOVE,0,1.0,0.043137256,171494474,768.4,1232.2001
MOVE,0,1.0,0.043137256,171494491,768.4,1232.2001
MOVE,0,1.0,0.019607844,171494508,768.9279,1222.1736
MOVE,0,1.0,0.019607844,171494524,772.6709,1199.7942
MOVE,0,1.0,0.019607844,171494541,780.4716,1165.0806
MOVE,0,1.0,0.019607844,171494557,785.19995,1147.8999
MOVE,0,1.0,0.019607844,171494574,787.2969,1140.7882
MOVE,0,1.0,0.019607844,171494591,789.53534,1136.5165
MOVE,0,1.0,0.019607844,171494607,792.5715,1131.7213
MOVE,0,1.0,0.019607844,171494623,798.0,1123.7
MOVE,0,1.0,0.043137256,171494640,804.1029,1110.9788
MOVE,0,1.0,0.043137256,171494657,809.6025,1097.0602
MOVE,0,1.0,0.043137256,171494673,812.53485,1085.7529
MOVE,0,1.0,0.043137256,171494690,814.64935,1076.4026
MOVE,0,1.0,0.019607844,171494706,817.8006,1068.0206
MOVE,0,1.0,0.019607844,171494723,824.3061,1053.6819
MOVE,0,1.0,0.019607844,171494740,839.627,1030.1554
MOVE,0,1.0,0.019607844,171494756,859.2486,998.0978
MOVE,0,1.0,0.019607844,171494773,880.1315,972.5409
MOVE,0,1.0,0.019607844,171494790,902.6048,946.80334
MOVE,0,1.0,0.019607844,171494806,920.41437,927.25525
MOVE,0,1.0,0.019607844,171494823,933.19763,913.3563
MOVE,0,1.0,0.043137256,171494839,953.74725,894.6991
MOVE,0,1.0,0.043137256,171494841,958.8,890.2001
UP,0,1.0,0.043137256,171494849,958.8,890.2001
DOWN,0,1.0,0.043137256,171495166,886.4,944.0
MOVE,0,1.0,0.019607844,171495215,886.4,944.0
MOVE,0,1.0,0.019607844,171495221,886.4,947.9629
MOVE,0,1.0,0.019607844,171495239,884.11707,959.81494
MOVE,0,1.0,0.019607844,171495255,874.96735,990.5144
MOVE,0,1.0,0.019607844,171495272,867.6312,1021.15955
MOVE,0,1.0,0.019607844,171495288,861.7142,1047.0579
MOVE,0,1.0,0.019607844,171495305,856.9,1068.7
MOVE,0,1.0,0.019607844,171495321,855.12036,1087.9163
MOVE,0,1.0,0.019607844,171495338,853.3939,1108.4667
MOVE,0,1.0,0.019607844,171495355,853.2223,1131.9684
MOVE,0,1.0,0.019607844,171495371,854.5898,1159.668
MOVE,0,1.0,0.019607844,171495388,855.02924,1184.5891
MOVE,0,1.0,0.019607844,171495404,855.5494,1210.2001
MOVE,0,1.0,0.043137256,171495421,855.00366,1241.9478
MOVE,0,1.0,0.043137256,171495427,854.4,1264.0
UP,0,1.0,0.043137256,171495435,854.4,1264.0
DOWN,0,1.0,0.043137256,171497047,874.8,951.6
MOVE,0,1.0,0.019607844,171497058,874.8,951.6
MOVE,0,1.0,0.019607844,171497061,874.8,951.6
MOVE,0,1.0,0.019607844,171497071,874.8,951.6
MOVE,0,1.0,0.019607844,171497097,874.06287,959.47705
MOVE,0,1.0,0.019607844,171497113,868.3518,990.5912
MOVE,0,1.0,0.019607844,171497130,857.70374,1049.7812
MOVE,0,1.0,0.019607844,171497147,848.2635,1106.4395
MOVE,0,1.0,0.019607844,171497163,838.89966,1161.8826
MOVE,0,1.0,0.043137256,171497180,835.10126,1211.996
MOVE,0,1.0,0.043137256,171497195,849.80005,1282.0
UP,0,1.0,0.043137256,171497200,845.4,1262.4
DOWN,0,1.0,0.043137256,171497625,818.4,985.80005
MOVE,0,1.0,0.019607844,171497655,818.4,985.80005
MOVE,0,1.0,0.019607844,171497678,818.98035,997.2549
MOVE,0,1.0,0.019607844,171497694,820.3246,1038.1116
MOVE,0,1.0,0.019607844,171497711,822.20355,1076.6613
MOVE,0,1.0,0.019607844,171497728,823.4696,1107.1769
MOVE,0,1.0,0.043137256,171497744,825.1908,1131.3777
MOVE,0,1.0,0.043137256,171497761,826.08026,1152.6665
MOVE,0,1.0,0.019607844,171497777,826.2,1170.7269
MOVE,0,1.0,0.019607844,171497794,827.03534,1184.6008
MOVE,0,1.0,0.019607844,171497810,829.3245,1197.0768
MOVE,0,1.0,0.019607844,171497827,831.1297,1210.7714
MOVE,0,1.0,0.043137256,171497844,832.716,1224.9492
MOVE,0,1.0,0.019607844,171497860,833.64246,1241.4006
MOVE,0,1.0,0.019607844,171497877,834.5096,1253.3691
MOVE,0,1.0,0.019607844,171497892,835.7001,1262.8
MOVE,0,1.0,0.019607844,171497910,836.70856,1271.1772
MOVE,0,1.0,0.019607844,171497927,837.21796,1278.3347
MOVE,0,1.0,0.019607844,171497943,838.2685,1284.7136
MOVE,0,1.0,0.043137256,171497960,839.1144,1290.0292
MOVE,0,1.0,0.050980397,171497977,839.2,1292.6318
MOVE,0,1.0,0.054901965,171497982,839.2,1293.2001
MOVE,0,1.0,0.050980397,171498001,839.2,1293.2001
MOVE,0,1.0,0.04705883,171498026,837.51843,1291.711
MOVE,0,1.0,0.04705883,171498043,831.59143,1280.6995
MOVE,0,1.0,0.04705883,171498059,821.893,1245.7762
MOVE,0,1.0,0.043137256,171498076,816.36456,1201.4836
MOVE,0,1.0,0.043137256,171498093,815.5254,1156.0852
MOVE,0,1.0,0.043137256,171498108,820.4,1118.0
MOVE,0,1.0,0.019607844,171498126,837.3397,1069.1284
MOVE,0,1.0,0.019607844,171498133,849.4,1052.8
UP,0,1.0,0.019607844,171498140,849.4,1052.8
DOWN,0,1.0,0.0627451,171498611,783.8,1362.8
MOVE,0,1.0,0.050980397,171498624,783.8,1362.8
MOVE,0,1.0,0.04705883,171498641,782.9813,1356.2505
MOVE,0,1.0,0.019607844,171498657,777.9371,1309.6721
MOVE,0,1.0,0.019607844,171498674,772.9896,1257.1841
MOVE,0,1.0,0.019607844,171498690,773.73737,1215.0127
MOVE,0,1.0,0.019607844,171498707,777.41455,1182.9252
MOVE,0,1.0,0.019607844,171498723,783.9484,1139.7445
MOVE,0,1.0,0.019607844,171498740,791.2842,1107.5536
MOVE,0,1.0,0.019607844,171498757,798.803,1076.1869
MOVE,0,1.0,0.019607844,171498773,806.1405,1049.2925
MOVE,0,1.0,0.019607844,171498790,819.60004,1022.6001
MOVE,0,1.0,0.019607844,171498806,848.94476,979.13806
MOVE,0,1.0,0.019607844,171498807,851.0,976.0
UP,0,1.0,0.019607844,171498815,851.0,976.0
DOWN,0,1.0,0.043137256,171499116,816.0,1010.2001
MOVE,0,1.0,0.019607844,171499155,816.0,1029.2932
MOVE,0,1.0,0.043137256,171499172,816.4326,1071.8954
MOVE,0,1.0,0.043137256,171499188,815.7379,1112.5527
MOVE,0,1.0,0.019607844,171499205,817.6792,1150.8086
MOVE,0,1.0,0.019607844,171499222,822.47363,1185.4365
MOVE,0,1.0,0.043137256,171499238,826.17773,1224.1213
MOVE,0,1.0,0.04705883,171499254,833.9,1293.2999
UP,0,1.0,0.04705883,171499259,831.60004,1275.6
DOWN,0,1.0,0.04705883,171499782,774.60004,1319.6
MOVE,0,1.0,0.019607844,171499788,774.60004,1319.6
MOVE,0,1.0,0.019607844,171499802,774.60004,1319.6
MOVE,0,1.0,0.019607844,171499819,774.60004,1319.6
MOVE,0,1.0,0.043137256,171499834,773.2001,1309.7001
MOVE,0,1.0,0.043137256,171499852,761.34717,1262.6566
MOVE,0,1.0,0.019607844,171499869,756.8686,1216.5026
MOVE,0,1.0,0.019607844,171499885,760.426,1184.9171
MOVE,0,1.0,0.019607844,171499902,767.27625,1158.7002
MOVE,0,1.0,0.019607844,171499918,774.6631,1134.7711
MOVE,0,1.0,0.019607844,171499935,781.6079,1112.9285
MOVE,0,1.0,0.043137256,171499952,788.66547,1091.9221
MOVE,0,1.0,0.019607844,171499968,794.88916,1072.088
MOVE,0,1.0,0.019607844,171499985,799.7387,1056.9
MOVE,0,1.0,0.019607844,171500001,804.4133,1044.5674
MOVE,0,1.0,0.019607844,171500018,809.77356,1035.3676
MOVE,0,1.0,0.043137256,171500035,815.0809,1028.3192
MOVE,0,1.0,0.043137256,171500051,828.7646,1019.6533
MOVE,0,1.0,0.043137256,171500052,830.4,1018.80005
UP,0,1.0,0.043137256,171500059,830.4,1018.80005
MOVE,0,1.0,0.043137256,171500466,726.76355,1269.3569
MOVE,0,1.0,0.043137256,171500483,740.5408,1297.1874
MOVE,0,1.0,0.04705883,171500500,750.53827,1326.2147
MOVE,0,1.0,0.04705883,171500517,756.4141,1359.899
MOVE,0,1.0,0.04705883,171500533,761.9979,1382.8927
MOVE,0,1.0,0.04705883,171500549,767.78546,1398.3586
MOVE,0,1.0,0.054901965,171500566,774.44464,1411.6328
MOVE,0,1.0,0.058823533,171500582,781.0174,1422.4052
MOVE,0,1.0,0.054901965,171500599,787.83167,1432.87
MOVE,0,1.0,0.019607844,171500615,792.6586,1442.1172
MOVE,0,1.0,0.043137256,171500632,797.0979,1450.9958
MOVE,0,1.0,0.04705883,171500649,800.5767,1459.6007
MOVE,0,1.0,0.050980397,171500663,802.9,1464.2001
MOVE,0,1.0,0.050980397,171500682,804.05194,1465.426
UP,0,1.0,0.050980397,171500688,804.0,1465.4
DOWN,0,1.0,0.019607844,171501275,836.60004,964.2001
MOVE,0,1.0,0.019607844,171501282,836.60004,964.2001
MOVE,0,1.0,0.019607844,171501297,836.60004,964.2001
MOVE,0,1.0,0.019607844,171501307,836.60004,964.2001
MOVE,0,1.0,0.043137256,171501326,836.60004,964.2001
MOVE,0,1.0,0.019607844,171501346,836.60004,964.2001
MOVE,0,1.0,0.019607844,171501362,836.60004,964.2001
MOVE,0,1.0,0.019607844,171501386,836.60004,964.2001
MOVE,0,1.0,0.019607844,171501395,836.89996,969.6001
MOVE,0,1.0,0.019607844,171501413,837.90985,983.7272
MOVE,0,1.0,0.019607844,171501429,839.02905,1022.4673
MOVE,0,1.0,0.019607844,171501446,839.67456,1076.3202
MOVE,0,1.0,0.019607844,171501462,840.4,1122.2
MOVE,0,1.0,0.019607844,171501479,840.8345,1160.2957
MOVE,0,1.0,0.019607844,171501495,842.32245,1186.0303
MOVE,0,1.0,0.019607844,171501512,841.7546,1205.0349
MOVE,0,1.0,0.04705883,171501528,841.8936,1218.2225
MOVE,0,1.0,0.019607844,171501544,842.60004,1228.3999
MOVE,0,1.0,0.019607844,171501561,841.726,1237.1283
MOVE,0,1.0,0.019607844,171501578,840.1482,1241.521
MOVE,0,1.0,0.019607844,171501595,839.76483,1242.9056
MOVE,0,1.0,0.019607844,171501611,838.21484,1243.3926
MOVE,0,1.0,0.019607844,171501628,837.256,1243.8881
MOVE,0,1.0,0.019607844,171501644,836.14166,1244.8584
MOVE,0,1.0,0.019607844,171501661,834.909,1245.8911
MOVE,0,1.0,0.019607844,171501676,834.0,1247.1001
UP,0,1.0,0.019607844,171501679,834.2,1246.8
DOWN,0,1.0,0.04705883,171502282,759.60004,1201.2001
MOVE,0,1.0,0.043137256,171502290,759.60004,1201.2001
MOVE,0,1.0,0.043137256,171502305,759.60004,1201.2001
MOVE,0,1.0,0.019607844,171502325,759.60004,1201.2001
MOVE,0,1.0,0.019607844,171502342,761.8048,1198.9952
MOVE,0,1.0,0.019607844,171502359,780.18036,1170.2705
MOVE,0,1.0,0.019607844,171502375,797.7855,1127.3522
MOVE,0,1.0,0.043137256,171502392,806.84283,1087.9972
MOVE,0,1.0,0.043137256,171502408,815.2043,1053.8386
MOVE,0,1.0,0.019607844,171502424,821.9,1035.5001
MOVE,0,1.0,0.019607844,171502442,827.43994,1026.6401
MOVE,0,1.0,0.019607844,171502458,833.582,1020.01807
MOVE,0,1.0,0.043137256,171502474,838.9232,1014.7245
MOVE,0,1.0,0.019607844,171502490,847.80005,1010.5
MOVE,0,1.0,0.019607844,171502501,856.8,1006.2001
UP,0,1.0,0.019607844,171502508,856.8,1006.2001
DOWN,0,1.0,0.019607844,171502705,719.60004,1198.4
MOVE,0,1.0,0.019607844,171502715,719.60004,1198.4
MOVE,0,1.0,0.019607844,171502718,719.60004,1198.4
MOVE,0,1.0,0.019607844,171502739,719.60004,1198.4
MOVE,0,1.0,0.019607844,171502755,719.60004,1198.4
MOVE,0,1.0,0.019607844,171502769,719.60004,1198.4
MOVE,0,1.0,0.019607844,171502787,719.60004,1198.4
UP,0,1.0,0.04705883,171502798,719.60004,1198.4
MOVE,0,1.0,0.019607844,171505661,764.2991,1284.6132
MOVE,0,1.0,0.019607844,171505678,770.4093,1227.0337
MOVE,0,1.0,0.019607844,171505695,777.30273,1192.2108
MOVE,0,1.0,0.019607844,171505711,784.81055,1171.1737
MOVE,0,1.0,0.019607844,171505728,794.18805,1150.7563
MOVE,0,1.0,0.043137256,171505744,813.3952,1122.7085
MOVE,0,1.0,0.043137256,171505749,838.8,1095.4
UP,0,1.0,0.043137256,171505757,838.8,1095.4
DOWN,0,1.0,0.050980397,171506089,763.8,1425.8
MOVE,0,1.0,0.04705883,171506094,763.8,1425.8
MOVE,0,1.0,0.04705883,171506126,763.3145,1418.1454
MOVE,0,1.0,0.04705883,171506143,760.0424,1388.4054
MOVE,0,1.0,0.043137256,171506159,755.2381,1342.7186
MOVE,0,1.0,0.043137256,171506176,757.3111,1322.8319
MOVE,0,1.0,0.043137256,171506193,761.0705,1305.5181
MOVE,0,1.0,0.043137256,171506209,765.14966,1288.8517
MOVE,0,1.0,0.019607844,171506226,768.50793,1271.4427
MOVE,0,1.0,0.019607844,171506242,770.19995,1258.8
MOVE,0,1.0,0.019607844,171506259,771.05347,1253.9128
MOVE,0,1.0,0.019607844,171506275,772.0033,1252.6011
MOVE,0,1.0,0.019607844,171506292,775.7763,1257.4724
MOVE,0,1.0,0.019607844,171506308,783.69995,1275.8999
MOVE,0,1.0,0.019607844,171506325,792.4,1314.6001
MOVE,0,1.0,0.04705883,171506342,796.0385,1351.9849
MOVE,0,1.0,0.050980397,171506358,799.46893,1389.1649
MOVE,0,1.0,0.050980397,171506363,800.60004,1407.6
UP,0,1.0,0.050980397,171506371,800.60004,1407.6
DOWN,0,1.0,0.019607844,171506924,773.2,1053.2001
MOVE,0,1.0,0.019607844,171506956,773.2,1053.2001
MOVE,0,1.0,0.019607844,171506972,773.2,1057.224
MOVE,0,1.0,0.019607844,171506989,773.8609,1071.2974
MOVE,0,1.0,0.019607844,171507006,777.18933,1100.0966
MOVE,0,1.0,0.019607844,171507022,780.25165,1119.1593
MOVE,0,1.0,0.019607844,171507039,782.6469,1132.253
MOVE,0,1.0,0.019607844,171507055,785.8826,1145.895
MOVE,0,1.0,0.019607844,171507072,788.8542,1162.4711
MOVE,0,1.0,0.019607844,171507089,791.2974,1175.9237
MOVE,0,1.0,0.019607844,171507105,793.5241,1187.4712
MOVE,0,1.0,0.019607844,171507122,796.2937,1197.7511
MOVE,0,1.0,0.019607844,171507138,798.19995,1207.3999
MOVE,0,1.0,0.019607844,171507154,799.3,1216.0
MOVE,0,1.0,0.043137256,171507172,801.6477,1226.1178
MOVE,0,1.0,0.043137256,171507188,804.7561,1236.1462
MOVE,0,1.0,0.043137256,171507205,807.7,1246.3
MOVE,0,1.0,0.043137256,171507221,808.60004,1254.2
MOVE,0,1.0,0.043137256,171507238,810.32623,1261.8835
MOVE,0,1.0,0.043137256,171507255,811.6684,1268.6963
MOVE,0,1.0,0.04705883,171507271,813.431,1274.401
MOVE,0,1.0,0.04705883,171507288,814.76605,1279.7421
MOVE,0,1.0,0.04705883,171507305,815.746,1285.59
MOVE,0,1.0,0.04705883,171507321,816.6404,1292.8152
MOVE,0,1.0,0.04705883,171507338,817.86017,1299.9633
MOVE,0,1.0,0.043137256,171507354,816.8193,1305.5422
MOVE,0,1.0,0.04705883,171507369,816.69995,1307.3
MOVE,0,1.0,0.04705883,171507379,817.4,1306.4
UP,0,1.0,0.04705883,171507386,817.4,1306.4
DOWN,0,1.0,0.043137256,171507725,815.0,1023.0
MOVE,0,1.0,0.019607844,171507750,815.0,1023.0
MOVE,0,1.0,0.019607844,171507769,815.0,1023.0
MOVE,0,1.0,0.019607844,171507786,815.3196,1028.8369
MOVE,0,1.0,0.043137256,171507803,816.65454,1049.1266
MOVE,0,1.0,0.019607844,171507819,818.3941,1081.8965
MOVE,0,1.0,0.019607844,171507836,819.6243,1104.6725
MOVE,0,1.0,0.043137256,171507852,819.9542,1121.7698
MOVE,0,1.0,0.043137256,171507869,821.48303,1139.4791
MOVE,0,1.0,0.019607844,171507885,823.02515,1155.6519
MOVE,0,1.0,0.019607844,171507901,823.9,1171.8
MOVE,0,1.0,0.019607844,171507918,825.65424,1184.7853
MOVE,0,1.0,0.019607844,171507935,827.42706,1196.1487
MOVE,0,1.0,0.043137256,171507952,829.30304,1206.1409
MOVE,0,1.0,0.043137256,171507967,831.19995,1217.6001
MOVE,0,1.0,0.04705883,171507985,832.0588,1227.9053
MOVE,0,1.0,0.019607844,171508001,832.2,1238.4073
MOVE,0,1.0,0.019607844,171508018,832.4379,1246.9586
MOVE,0,1.0,0.019607844,171508035,833.5679,1254.2631
MOVE,0,1.0,0.019607844,171508051,834.8869,1262.2953
MOVE,0,1.0,0.019607844,171508068,835.16064,1268.4098
MOVE,0,1.0,0.019607844,171508084,835.8571,1274.3427
MOVE,0,1.0,0.019607844,171508101,836.2712,1280.125
MOVE,0,1.0,0.019607844,171508117,836.2,1285.1783
MOVE,0,1.0,0.019607844,171508134,836.2,1287.112
MOVE,0,1.0,0.043137256,171508151,835.78485,1288.0303
MOVE,0,1.0,0.019607844,171508167,835.8,1288.2001
MOVE,0,1.0,0.050980397,171508182,837.6,1291.3
UP,0,1.0,0.050980397,171508188,837.0,1290.4
MOVE,0,1.0,0.043137256,171508732,766.79504,1275.2078
MOVE,0,1.0,0.019607844,171508748,769.42584,1228.8541
MOVE,0,1.0,0.019607844,171508765,773.9313,1194.6675
MOVE,0,1.0,0.019607844,171508782,778.2645,1170.8774
MOVE,0,1.0,0.019607844,171508798,780.6,1149.9001
MOVE,0,1.0,0.019607844,171508815,782.8953,1133.7399
MOVE,0,1.0,0.019607844,171508831,785.9799,1118.3007
MOVE,0,1.0,0.043137256,171508848,789.507,1102.9037
MOVE,0,1.0,0.043137256,171508864,792.6887,1088.8618
MOVE,0,1.0,0.043137256,171508880,795.69995,1079.2999
MOVE,0,1.0,0.043137256,171508898,796.9636,1075.4547
MOVE,0,1.0,0.019607844,171508914,797.42175,1074.4
MOVE,0,1.0,0.019607844,171508923,797.42175,1074.4
MOVE,0,1.0,0.019607844,171508943,797.42175,1074.4
MOVE,0,1.0,0.019607844,171508964,797.42175,1074.4
MOVE,0,1.0,0.019607844,171508972,798.2,1073.4
UP,0,1.0,0.019607844,171508980,798.2,1073.4
DOWN,0,1.0,0.043137256,171511193,803.0,1003.6
MOVE,0,1.0,0.019607844,171511239,803.0,1010.4458
MOVE,0,1.0,0.019607844,171511255,803.0,1042.7275
MOVE,0,1.0,0.019607844,171511271,803.0,1097.4
MOVE,0,1.0,0.043137256,171511289,804.1856,1139.9226
MOVE,0,1.0,0.043137256,171511304,805.515,1171.8661
MOVE,0,1.0,0.043137256,171511321,805.60004,1194.9208
MOVE,0,1.0,0.043137256,171511338,805.8422,1212.7318
MOVE,0,1.0,0.043137256,171511354,807.19995,1226.6001
MOVE,0,1.0,0.043137256,171511371,808.9908,1238.84
MOVE,0,1.0,0.043137256,171511387,810.7639,1251.3744
MOVE,0,1.0,0.043137256,171511404,813.1421,1265.0474
MOVE,0,1.0,0.043137256,171511421,816.073,1277.2997
MOVE,0,1.0,0.043137256,171511437,818.5266,1292.0713
MOVE,0,1.0,0.043137256,171511454,818.8,1307.2335
MOVE,0,1.0,0.043137256,171511471,818.1452,1321.554
MOVE,0,1.0,0.04705883,171511487,816.7762,1331.7667
MOVE,0,1.0,0.04705883,171511504,816.5602,1337.0406
MOVE,0,1.0,0.04705883,171511505,816.60004,1337.2001
UP,0,1.0,0.04705883,171511512,816.60004,1337.2001
MOVE,0,1.0,0.019607844,171512367,802.949,1061.59
MOVE,0,1.0,0.043137256,171512383,802.8,1097.4052
MOVE,0,1.0,0.043137256,171512400,803.0625,1129.7819
MOVE,0,1.0,0.043137256,171512416,804.26355,1155.8251
MOVE,0,1.0,0.043137256,171512433,806.0633,1176.8965
MOVE,0,1.0,0.043137256,171512449,807.80145,1190.1608
MOVE,0,1.0,0.043137256,171512466,808.9,1200.5
MOVE,0,1.0,0.043137256,171512483,809.7804,1209.2472
MOVE,0,1.0,0.04705883,171512499,811.6406,1218.1704
MOVE,0,1.0,0.043137256,171512516,812.49554,1226.7075
MOVE,0,1.0,0.043137256,171512532,813.5,1235.3999
MOVE,0,1.0,0.043137256,171512549,815.354,1245.7175
MOVE,0,1.0,0.043137256,171512566,816.7953,1254.5553
MOVE,0,1.0,0.043137256,171512582,816.8,1260.7925
MOVE,0,1.0,0.043137256,171512598,816.8,1263.5
MOVE,0,1.0,0.043137256,171512613,816.2001,1263.4
MOVE,0,1.0,0.04705883,171512632,814.951,1259.8627
UP,0,1.0,0.04705883,171512639,815.0,1260.0
MOVE,0,1.0,0.019607844,171512915,770.8288,1080.8458
MOVE,0,1.0,0.019607844,171512931,776.60004,1110.2001
MOVE,0,1.0,0.019607844,171512948,781.4078,1128.2362
MOVE,0,1.0,0.019607844,171512964,784.38544,1142.6555
MOVE,0,1.0,0.043137256,171512981,786.2968,1153.5325
MOVE,0,1.0,0.04705883,171512997,786.6688,1160.9692
MOVE,0,1.0,0.04705883,171513014,787.9,1166.0
MOVE,0,1.0,0.043137256,171513031,789.24255,1171.8882
MOVE,0,1.0,0.019607844,171513047,790.215,1178.7203
MOVE,0,1.0,0.019607844,171513064,791.1614,1185.3298
MOVE,0,1.0,0.043137256,171513080,792.48413,1189.8524
MOVE,0,1.0,0.019607844,171513097,793.94965,1193.3481
MOVE,0,1.0,0.019607844,171513113,794.0,1194.4
MOVE,0,1.0,0.019607844,171513130,794.0,1195.3156
MOVE,0,1.0,0.019607844,171513147,794.0,1197.2272
MOVE,0,1.0,0.019607844,171513162,794.0,1200.1001
MOVE,0,1.0,0.019607844,171513180,794.0,1204.6293
MOVE,0,1.0,0.019607844,171513196,794.0,1208.6554
MOVE,0,1.0,0.019607844,171513213,794.0,1210.7844
MOVE,0,1.0,0.019607844,171513229,794.0,1211.934
MOVE,0,1.0,0.019607844,171513246,794.0,1212.8546
MOVE,0,1.0,0.043137256,171513263,794.0,1214.857
MOVE,0,1.0,0.04705883,171513279,794.5554,1218.6992
MOVE,0,1.0,0.04705883,171513295,795.5,1221.9001
MOVE,0,1.0,0.04705883,171513313,795.9549,1225.2842
MOVE,0,1.0,0.04705883,171513329,796.4005,1227.8025
MOVE,0,1.0,0.04705883,171513346,796.8372,1229.9863
MOVE,0,1.0,0.043137256,171513362,797.0084,1233.738
MOVE,0,1.0,0.043137256,171513379,798.4667,1238.5111
MOVE,0,1.0,0.043137256,171513396,799.419,1242.9708
MOVE,0,1.0,0.043137256,171513412,799.4,1245.8077
MOVE,0,1.0,0.043137256,171513429,799.96484,1247.4474
MOVE,0,1.0,0.043137256,171513444,800.1,1248.4001
MOVE,0,1.0,0.043137256,171513462,800.0,1249.7698
MOVE,0,1.0,0.043137256,171513479,800.0,1251.5337
MOVE,0,1.0,0.043137256,171513495,800.80005,1253.6001
MOVE,0,1.0,0.043137256,171513512,801.1505,1255.8021
MOVE,0,1.0,0.043137256,171513528,801.80585,1257.4117
MOVE,0,1.0,0.043137256,171513545,802.0,1259.3448
MOVE,0,1.0,0.043137256,171513561,802.2,1261.6327
MOVE,0,1.0,0.04705883,171513578,803.6346,1265.0692
MOVE,0,1.0,0.04705883,171513595,805.12775,1269.075
MOVE,0,1.0,0.04705883,171513611,806.419,1272.057
MOVE,0,1.0,0.04705883,171513628,806.8,1273.9852
MOVE,0,1.0,0.04705883,171513644,807.1,1275.0
MOVE,0,1.0,0.04705883,171513661,807.2,1275.1764
MOVE,0,1.0,0.04705883,171513678,807.40875,1275.8263
MOVE,0,1.0,0.04705883,171513695,808.0411,1278.0054
MOVE,0,1.0,0.04705883,171513711,808.68555,1281.1986
MOVE,0,1.0,0.04705883,171513728,809.9099,1284.8396
MOVE,0,1.0,0.04705883,171513744,810.58185,1287.509
MOVE,0,1.0,0.04705883,171513761,810.60004,1289.1688
MOVE,0,1.0,0.04705883,171513777,810.60004,1290.1804
MOVE,0,1.0,0.04705883,171513794,810.94336,1293.8905
MOVE,0,1.0,0.04705883,171513811,812.32635,1298.9607
MOVE,0,1.0,0.043137256,171513827,813.4891,1305.4155
MOVE,0,1.0,0.04705883,171513843,815.4,1312.7001
MOVE,0,1.0,0.04705883,171513860,816.8515,1317.1221
MOVE,0,1.0,0.050980397,171513877,817.7408,1319.3113
MOVE,0,1.0,0.050980397,171513878,817.8,1319.4
UP,0,1.0,0.050980397,171513884,817.8,1319.4
DOWN,0,1.0,0.043137256,171514223,790.2,1028.0
MOVE,0,1.0,0.019607844,171514229,790.2,1028.0
MOVE,0,1.0,0.019607844,171514256,790.2,1028.0
MOVE,0,1.0,0.019607844,171514275,790.32983,1034.0662
MOVE,0,1.0,0.019607844,171514292,793.10626,1055.6025
MOVE,0,1.0,0.043137256,171514309,799.6497,1092.1049
MOVE,0,1.0,0.043137256,171514325,803.7646,1116.9873
MOVE,0,1.0,0.043137256,171514342,806.98535,1137.573
MOVE,0,1.0,0.043137256,171514358,809.55756,1154.7966
MOVE,0,1.0,0.043137256,171514375,811.44794,1167.5713
MOVE,0,1.0,0.043137256,171514392,813.60345,1178.7225
MOVE,0,1.0,0.043137256,171514407,815.7,1188.3
MOVE,0,1.0,0.043137256,171514425,816.9304,1196.9739
MOVE,0,1.0,0.043137256,171514441,818.44836,1204.7812
MOVE,0,1.0,0.043137256,171514458,819.51965,1211.8778
MOVE,0,1.0,0.043137256,171514474,821.19995,1220.1001
MOVE,0,1.0,0.043137256,171514491,822.2,1227.6451
MOVE,0,1.0,0.043137256,171514508,822.82874,1235.2443
MOVE,0,1.0,0.043137256,171514524,823.895,1242.1605
MOVE,0,1.0,0.043137256,171514541,824.2744,1248.7899
MOVE,0,1.0,0.043137256,171514557,825.6725,1254.2987
MOVE,0,1.0,0.043137256,171514574,825.8,1258.3091
MOVE,0,1.0,0.043137256,171514591,826.2505,1260.8523
MOVE,0,1.0,0.043137256,171514607,826.6982,1264.5851
MOVE,0,1.0,0.043137256,171514624,827.32745,1269.0015
MOVE,0,1.0,0.043137256,171514640,828.1229,1273.5762
MOVE,0,1.0,0.04705883,171514657,829.2216,1278.7295
MOVE,0,1.0,0.04705883,171514674,829.60004,1284.046
MOVE,0,1.0,0.04705883,171514690,831.021,1290.1259
MOVE,0,1.0,0.043137256,171514707,831.4,1294.9786
MOVE,0,1.0,0.019607844,171514723,831.4,1299.3407
MOVE,0,1.0,0.019607844,171514740,831.4,1303.1055
MOVE,0,1.0,0.019607844,171514757,831.4,1305.4572
MOVE,0,1.0,0.019607844,171514773,831.4,1307.9402
MOVE,0,1.0,0.019607844,171514790,831.4,1310.8176
MOVE,0,1.0,0.019607844,171514807,831.65106,1314.459
MOVE,0,1.0,0.019607844,171514822,831.89996,1317.7
MOVE,0,1.0,0.019607844,171514840,831.959,1319.477
MOVE,0,1.0,0.019607844,171514856,832.41095,1320.8164
MOVE,0,1.0,0.019607844,171514866,832.4,1321.4001
MOVE,0,1.0,0.019607844,171514886,832.4,1321.4
MOVE,0,1.0,0.019607844,171514906,832.4,1321.6708
MOVE,0,1.0,0.019607844,171514912,832.7001,1321.6
MOVE,0,1.0,0.019607844,171515006,832.60004,1322.6013
MOVE,0,1.0,0.019607844,171515022,832.60004,1323.4814
MOVE,0,1.0,0.019607844,171515039,832.8,1324.0369
MOVE,0,1.0,0.019607844,171515056,832.8,1324.7777
MOVE,0,1.0,0.019607844,171515072,832.8,1325.0203
MOVE,0,1.0,0.019607844,171515104,832.8,1325.7999
MOVE,0,1.0,0.019607844,171515122,832.8,1326.3132
MOVE,0,1.0,0.019607844,171515139,833.0046,1326.6
MOVE,0,1.0,0.019607844,171515155,833.2,1327.0399
MOVE,0,1.0,0.019607844,171515172,833.4,1327.4469
MOVE,0,1.0,0.019607844,171515302,833.4,1327.4469
MOVE,0,1.0,0.043137256,171515321,831.3404,1324.8755
MOVE,0,1.0,0.043137256,171515338,827.15125,1317.1727
MOVE,0,1.0,0.04705883,171515354,822.80646,1306.7549
MOVE,0,1.0,0.04705883,171515371,819.6885,1298.0134
MOVE,0,1.0,0.04705883,171515387,817.19995,1289.2001
MOVE,0,1.0,0.04705883,171515404,814.15875,1277.9838
MOVE,0,1.0,0.043137256,171515420,811.8157,1262.7449
MOVE,0,1.0,0.019607844,171515437,809.51056,1230.4802
MOVE,0,1.0,0.043137256,171515454,807.23486,1208.0181
MOVE,0,1.0,0.043137256,171515470,806.4,1191.4844
MOVE,0,1.0,0.043137256,171515487,806.9953,1180.2941
MOVE,0,1.0,0.043137256,171515503,807.8871,1169.4415
MOVE,0,1.0,0.043137256,171515520,808.99225,1156.7966
MOVE,0,1.0,0.043137256,171515537,808.46716,1141.6176
MOVE,0,1.0,0.043137256,171515553,808.94885,1129.8647
MOVE,0,1.0,0.043137256,171515570,809.2,1121.8269
MOVE,0,1.0,0.043137256,171515586,809.2,1119.2806
MOVE,0,1.0,0.043137256,171515594,809.2,1119.0001
UP,0,1.0,0.043137256,171515628,809.2,1119.2001
DOWN,0,1.0,0.019607844,171517325,755.0,1051.8
MOVE,0,1.0,0.019607844,171517333,755.0,1051.8
MOVE,0,1.0,0.019607844,171517363,755.0,1051.8
MOVE,0,1.0,0.019607844,171517380,755.92914,1068.7579
MOVE,0,1.0,0.019607844,171517396,756.60004,1105.441
MOVE,0,1.0,0.019607844,171517413,756.2,1140.1802
MOVE,0,1.0,0.019607844,171517430,757.6137,1171.874
MOVE,0,1.0,0.019607844,171517446,760.2565,1197.356
MOVE,0,1.0,0.019607844,171517463,763.0796,1220.7961
MOVE,0,1.0,0.019607844,171517479,766.10455,1241.332
MOVE,0,1.0,0.019607844,171517494,768.7,1257.3
MOVE,0,1.0,0.019607844,171517512,770.32056,1270.7681
MOVE,0,1.0,0.019607844,171517528,770.8,1283.7627
MOVE,0,1.0,0.019607844,171517545,770.8,1296.3947
MOVE,0,1.0,0.019607844,171517562,771.3416,1311.2899
MOVE,0,1.0,0.019607844,171517578,771.4,1325.8224
MOVE,0,1.0,0.019607844,171517595,772.4013,1340.0103
UP,0,1.0,0.019607844,171517602,772.4,1340.0
DOWN,0,1.0,0.019607844,171517803,763.2,987.2001
MOVE,0,1.0,0.019607844,171517824,763.2,987.2001
MOVE,0,1.0,0.019607844,171517876,763.2,987.2001
UP,0,1.0,0.019607844,171517891,763.2,987.2001
MOVE,0,1.0,0.019607844,171519122,843.0689,1110.9183
MOVE,0,1.0,0.019607844,171519137,831.50006,1253.2
UP,0,1.0,0.019607844,171519142,834.60004,1214.0
DOWN,0,1.0,0.019607844,171519380,791.8,1061.8
MOVE,0,1.0,0.019607844,171519389,791.8,1061.8
MOVE,0,1.0,0.019607844,171519404,791.8,1061.8
MOVE,0,1.0,0.019607844,171519419,791.8,1061.8
MOVE,0,1.0,0.019607844,171519437,794.0172,1076.547
MOVE,0,1.0,0.043137256,171519454,802.4031,1104.7902
MOVE,0,1.0,0.043137256,171519470,809.6,1129.0
MOVE,0,1.0,0.043137256,171519487,812.2707,1141.8191
MOVE,0,1.0,0.043137256,171519504,814.0651,1151.1592
MOVE,0,1.0,0.043137256,171519520,815.4141,1159.667
MOVE,0,1.0,0.043137256,171519537,817.48724,1169.98
MOVE,0,1.0,0.043137256,171519553,819.47955,1179.1101
MOVE,0,1.0,0.043137256,171519570,822.4096,1189.4385
MOVE,0,1.0,0.043137256,171519587,824.84155,1198.758
MOVE,0,1.0,0.043137256,171519603,826.8485,1206.656
MOVE,0,1.0,0.043137256,171519619,827.60004,1214.2
MOVE,0,1.0,0.043137256,171519636,828.4549,1223.2871
MOVE,0,1.0,0.019607844,171519653,830.7738,1235.1384
MOVE,0,1.0,0.019607844,171519670,833.5185,1247.7703
MOVE,0,1.0,0.019607844,171519686,837.18604,1259.7552
MOVE,0,1.0,0.043137256,171519701,840.50006,1276.1001
MOVE,0,1.0,0.050980397,171519710,845.4,1302.4
UP,0,1.0,0.050980397,171519719,845.4,1302.4
DOWN,0,1.0,0.050980397,171519927,795.2,1414.8
MOVE,0,1.0,0.019607844,171519948,795.2,1414.8
MOVE,0,1.0,0.019607844,171519968,795.0646,1411.9558
MOVE,0,1.0,0.019607844,171519985,793.0286,1392.6578
MOVE,0,1.0,0.019607844,171520002,788.9054,1317.9834
MOVE,0,1.0,0.019607844,171520016,832.3,1017.0
UP,0,1.0,0.019607844,171520023,818.8,1101.6
DOWN,0,1.0,0.04705883,171520268,745.60004,1245.2001
MOVE,0,1.0,0.04705883,171520284,745.60004,1245.2001
MOVE,0,1.0,0.04705883,171520300,745.60004,1245.2001
MOVE,0,1.0,0.04705883,171520317,745.60004,1245.2001
MOVE,0,1.0,0.019607844,171520333,746.80365,1228.923
MOVE,0,1.0,0.019607844,171520350,749.81433,1202.0487
MOVE,0,1.0,0.019607844,171520366,753.10004,1183.1
MOVE,0,1.0,0.019607844,171520383,758.0078,1170.7991
MOVE,0,1.0,0.019607844,171520400,762.74756,1156.1783
MOVE,0,1.0,0.019607844,171520416,767.8449,1138.6631
MOVE,0,1.0,0.019607844,171520433,772.0,1123.7
MOVE,0,1.0,0.019607844,171520449,774.1073,1114.371
MOVE,0,1.0,0.019607844,171520466,776.86383,1106.2312
MOVE,0,1.0,0.019607844,171520483,780.50507,1096.3082
MOVE,0,1.0,0.019607844,171520499,788.51025,1079.1044
MOVE,0,1.0,0.019607844,171520516,803.04456,1050.8024
MOVE,0,1.0,0.043137256,171520532,842.61255,1000.34985
MOVE,0,1.0,0.043137256,171520533,844.8,997.6
UP,0,1.0,0.043137256,171520540,844.8,997.6
DOWN,0,1.0,0.04705883,171520862,746.2,1381.0
MOVE,0,1.0,0.04705883,171520902,746.4,1376.0
MOVE,0,1.0,0.04705883,171520914,747.3745,1360.9524
MOVE,0,1.0,0.04705883,171520931,748.9705,1303.4102
MOVE,0,1.0,0.019607844,171520947,754.468,1212.7157
MOVE,0,1.0,0.019607844,171520964,804.923,1044.6302
UP,0,1.0,0.019607844,171520969,794.60004,1076.6
DOWN,0,1.0,0.04705883,171521148,759.2,1166.8
MOVE,0,1.0,0.043137256,171521165,759.2,1166.8
MOVE,0,1.0,0.019607844,171521258,759.2,1166.8
MOVE,0,1.0,0.043137256,171521271,759.2,1166.8
MOVE,0,1.0,0.019607844,171521296,759.2,1161.9666
MOVE,0,1.0,0.019607844,171521313,760.16223,1153.0966
MOVE,0,1.0,0.019607844,171521330,762.15955,1141.1031
MOVE,0,1.0,0.019607844,171521346,764.1331,1130.681
MOVE,0,1.0,0.019607844,171521363,765.9172,1122.9313
MOVE,0,1.0,0.019607844,171521379,767.1376,1117.8434
MOVE,0,1.0,0.019607844,171521396,767.6913,1114.7615
MOVE,0,1.0,0.019607844,171521412,768.56934,1112.8461
MOVE,0,1.0,0.019607844,171521429,769.2386,1111.3422
MOVE,0,1.0,0.019607844,171521445,770.1599,1109.7335
MOVE,0,1.0,0.019607844,171521462,771.5904,1107.1168
MOVE,0,1.0,0.019607844,171521476,771.7001,1104.0
MOVE,0,1.0,0.019607844,171521495,772.3881,1099.0535
MOVE,0,1.0,0.019607844,171521512,773.69556,1095.1135
MOVE,0,1.0,0.043137256,171521528,775.8744,1089.9564
MOVE,0,1.0,0.019607844,171521545,777.7773,1084.3864
MOVE,0,1.0,0.019607844,171521561,781.2824,1076.6793
MOVE,0,1.0,0.019607844,171521578,786.2799,1067.0635
MOVE,0,1.0,0.019607844,171521595,791.1371,1055.3021
MOVE,0,1.0,0.043137256,171521611,799.1,1040.0
MOVE,0,1.0,0.043137256,171521620,820.8,997.2001
UP,0,1.0,0.043137256,171521628,820.8,997.2001
DOWN,0,1.0,0.04705883,171522056,806.0,1014.80005
MOVE,0,1.0,0.043137256,171522063,806.0,1014.80005
MOVE,0,1.0,0.043137256,171522093,806.3681,1021.345
MOVE,0,1.0,0.043137256,171522110,807.90546,1046.4049
MOVE,0,1.0,0.043137256,171522126,809.4641,1085.479
MOVE,0,1.0,0.043137256,171522143,808.1363,1117.0272
MOVE,0,1.0,0.043137256,171522159,806.0945,1141.6566
MOVE,0,1.0,0.043137256,171522176,804.9224,1167.951
MOVE,0,1.0,0.043137256,171522192,803.8043,1192.519
MOVE,0,1.0,0.04705883,171522209,804.9427,1227.0369
MOVE,0,1.0,0.04705883,171522225,805.4,1313.6
UP,0,1.0,0.04705883,171522228,805.4,1290.0
DOWN,0,1.0,0.043137256,171522837,796.4,1022.2001
MOVE,0,1.0,0.019607844,171522882,796.4,1026.2001
MOVE,0,1.0,0.043137256,171522889,796.84235,1031.0662
MOVE,0,1.0,0.043137256,171522906,801.9345,1063.7579
MOVE,0,1.0,0.043137256,171522921,808.6,1114.2
MOVE,0,1.0,0.043137256,171522939,809.29156,1160.7317
MOVE,0,1.0,0.04705883,171522955,807.44824,1203.8643
MOVE,0,1.0,0.019607844,171522972,802.05646,1242.2614
MOVE,0,1.0,0.019607844,171522989,800.3359,1265.8583
MOVE,0,1.0,0.043137256,171522999,807.2,1289.0
UP,0,1.0,0.043137256,171523006,807.2,1289.0
MOVE,0,1.0,0.019607844,171523537,797.2128,1113.8568
MOVE,0,1.0,0.019607844,171523554,799.12213,1138.0457
MOVE,0,1.0,0.043137256,171523570,801.1213,1159.9342
MOVE,0,1.0,0.043137256,171523587,803.82556,1176.3236
MOVE,0,1.0,0.043137256,171523603,804.90344,1186.4758
MOVE,0,1.0,0.043137256,171523620,805.2,1194.9092
MOVE,0,1.0,0.043137256,171523636,805.40015,1201.2019
MOVE,0,1.0,0.043137256,171523653,806.58105,1207.1844
MOVE,0,1.0,0.043137256,171523670,807.07825,1212.3389
MOVE,0,1.0,0.043137256,171523686,806.6565,1217.3788
MOVE,0,1.0,0.04705883,171523703,806.4,1221.3197
MOVE,0,1.0,0.04705883,171523714,806.4,1222.3
MOVE,0,1.0,0.04705883,171523752,806.4,1222.5
MOVE,0,1.0,0.04705883,171523799,806.4,1222.6
MOVE,0,1.0,0.04705883,171523813,806.4,1222.8
UP,0,1.0,0.04705883,171523820,806.4,1222.8
DOWN,0,1.0,0.04705883,171524779,745.60004,1361.0
MOVE,0,1.0,0.050980397,171524791,745.60004,1361.0
MOVE,0,1.0,0.050980397,171524831,745.60004,1361.0
MOVE,0,1.0,0.054901965,171524848,744.31793,1346.0969
MOVE,0,1.0,0.050980397,171524865,744.3568,1308.6532
MOVE,0,1.0,0.050980397,171524881,747.5244,1273.3635
MOVE,0,1.0,0.054901965,171524898,753.9276,1238.9901
MOVE,0,1.0,0.054901965,171524914,760.39526,1210.8188
MOVE,0,1.0,0.058823533,171524931,765.77454,1187.0875
MOVE,0,1.0,0.0627451,171524948,769.5236,1163.6094
MOVE,0,1.0,0.054901965,171524962,770.80005,1144.1001
MOVE,0,1.0,0.050980397,171524981,772.9784,1127.8447
MOVE,0,1.0,0.050980397,171524997,775.1699,1114.7987
MOVE,0,1.0,0.058823533,171525014,777.8603,1099.7644
MOVE,0,1.0,0.058823533,171525030,779.30634,1084.6923
MOVE,0,1.0,0.04705883,171525047,780.05554,1068.3558
MOVE,0,1.0,0.04705883,171525064,781.4097,1053.3247
MOVE,0,1.0,0.054901965,171525080,784.3597,1040.276
MOVE,0,1.0,0.050980397,171525097,789.7702,1027.5697
MOVE,0,1.0,0.058823533,171525113,813.7595,996.16797
MOVE,0,1.0,0.058823533,171525114,816.60004,992.6
UP,0,1.0,0.058823533,171525121,816.60004,992.6
DOWN,0,1.0,0.04705883,171525793,695.8,1494.2001
MOVE,0,1.0,0.043137256,171525806,695.8,1494.2001
MOVE,0,1.0,0.04705883,171525828,695.8,1489.7994
MOVE,0,1.0,0.050980397,171525844,694.4417,1470.2456
MOVE,0,1.0,0.050980397,171525860,692.1625,1423.855
MOVE,0,1.0,0.054901965,171525877,692.2721,1379.0216
MOVE,0,1.0,0.050980397,171525893,693.72015,1337.3767
MOVE,0,1.0,0.054901965,171525910,693.15753,1292.5242
MOVE,0,1.0,0.050980397,171525927,693.2,1258.6217
MOVE,0,1.0,0.054901965,171525943,694.20953,1243.9237
MOVE,0,1.0,0.054901965,171525960,694.99695,1234.6492
MOVE,0,1.0,0.054901965,171525976,695.4,1226.537
MOVE,0,1.0,0.050980397,171525993,695.4,1215.8285
MOVE,0,1.0,0.050980397,171526010,697.12726,1201.8285
MOVE,0,1.0,0.050980397,171526026,711.6101,1162.1226
UP,0,1.0,0.050980397,171526033,711.2,1163.2001
MOVE,0,1.0,0.06666667,171526658,738.032,1350.6853
MOVE,0,1.0,0.0627451,171526674,727.6479,1323.9786
MOVE,0,1.0,0.06666667,171526691,721.63605,1301.5873
MOVE,0,1.0,0.0627451,171526707,718.0311,1277.065
MOVE,0,1.0,0.0627451,171526724,717.60004,1256.5521
MOVE,0,1.0,0.06666667,171526740,716.4829,1241.1503
MOVE,0,1.0,0.0627451,171526757,715.7237,1229.3693
MOVE,0,1.0,0.0627451,171526773,716.2,1216.7063
MOVE,0,1.0,0.054901965,171526790,716.5755,1202.629
MOVE,0,1.0,0.058823533,171526806,718.9676,1186.3944
MOVE,0,1.0,0.0627451,171526823,723.227,1168.1161
MOVE,0,1.0,0.043137256,171526838,729.3,1146.3
MOVE,0,1.0,0.050980397,171526856,759.05835,1103.487
UP,0,1.0,0.050980397,171526863,758.8,1103.8
DOWN,0,1.0,0.04705883,171528400,751.2,1462.4
MOVE,0,1.0,0.043137256,171528408,751.2,1462.4
MOVE,0,1.0,0.043137256,171528412,751.2,1462.4
MOVE,0,1.0,0.043137256,171528449,751.2,1462.4
MOVE,0,1.0,0.050980397,171528466,743.0773,1452.6852
MOVE,0,1.0,0.04705883,171528483,718.80414,1420.0308
MOVE,0,1.0,0.050980397,171528499,700.4228,1383.3245
MOVE,0,1.0,0.050980397,171528516,690.90094,1349.2163
MOVE,0,1.0,0.04705883,171528532,686.14923,1328.4852
MOVE,0,1.0,0.04705883,171528549,684.0716,1317.2238
MOVE,0,1.0,0.04705883,171528565,683.69995,1311.7
MOVE,0,1.0,0.050980397,171528582,683.98,1308.9
MOVE,0,1.0,0.050980397,171528599,685.0582,1306.4641
MOVE,0,1.0,0.050980397,171528615,686.9704,1301.6741
MOVE,0,1.0,0.050980397,171528632,688.6,1295.5
MOVE,0,1.0,0.050980397,171528649,690.103,1286.6143
MOVE,0,1.0,0.04705883,171528665,690.81775,1279.6669
MOVE,0,1.0,0.04705883,171528682,691.3017,1274.4407
MOVE,0,1.0,0.04705883,171528698,692.19995,1269.8
MOVE,0,1.0,0.04705883,171528715,691.6588,1266.129
MOVE,0,1.0,0.04705883,171528732,691.60004,1261.4323
MOVE,0,1.0,0.050980397,171528748,691.2,1255.6719
MOVE,0,1.0,0.050980397,171528765,691.0,1249.4548
MOVE,0,1.0,0.050980397,171528781,691.4889,1242.7778
MOVE,0,1.0,0.050980397,171528798,692.9925,1237.2275
MOVE,0,1.0,0.054901965,171528815,695.149,1232.9269
MOVE,0,1.0,0.054901965,171528831,702.34906,1224.9597
MOVE,0,1.0,0.054901965,171528835,706.8,1221.2001
UP,0,1.0,0.054901965,171528841,706.8,1221.2001
DOWN,0,1.0,0.019607844,171530578,772.0,1056.4
MOVE,0,1.0,0.019607844,171530585,772.0,1056.4
MOVE,0,1.0,0.04705883,171530606,772.0,1056.4
MOVE,0,1.0,0.019607844,171530624,772.0,1061.9082
MOVE,0,1.0,0.043137256,171530640,770.1755,1091.8418
MOVE,0,1.0,0.019607844,171530657,770.0,1144.7037
MOVE,0,1.0,0.019607844,171530674,771.14655,1185.3618
MOVE,0,1.0,0.019607844,171530690,773.6,1224.3999
MOVE,0,1.0,0.043137256,171530707,775.7015,1268.5521
MOVE,0,1.0,0.019607844,171530723,773.71045,1322.9651
MOVE,0,1.0,0.04705883,171530730,770.0,1378.0
UP,0,1.0,0.04705883,171530737,770.0,1378.0
DOWN,0,1.0,0.04705883,171531246,723.8,1171.6
MOVE,0,1.0,0.04705883,171531288,725.4464,1180.7858
MOVE,0,1.0,0.04705883,171531304,739.3643,1214.1697
MOVE,0,1.0,0.04705883,171531321,754.671,1253.9685
MOVE,0,1.0,0.04705883,171531337,762.7063,1292.3774
MOVE,0,1.0,0.043137256,171531354,766.47766,1336.523
MOVE,0,1.0,0.043137256,171531371,768.084,1375.1902
MOVE,0,1.0,0.043137256,171531387,768.62805,1408.5897
MOVE,0,1.0,0.04705883,171531404,770.8839,1426.296
MOVE,0,1.0,0.054901965,171531410,775.8,1439.8
UP,0,1.0,0.054901965,171531419,775.8,1439.8
MOVE,0,1.0,0.019607844,171535041,759.3438,1374.9288
MOVE,0,1.0,0.019607844,171535058,765.3422,1400.3077
MOVE,0,1.0,0.043137256,171535074,766.41534,1421.7252
MOVE,0,1.0,0.04705883,171535089,766.0,1436.8525
MOVE,0,1.0,0.04705883,171535105,766.6667,1450.1666
MOVE,0,1.0,0.019607844,171535122,768.8933,1458.8558
MOVE,0,1.0,0.019607844,171535138,771.9856,1466.5712
MOVE,0,1.0,0.043137256,171535155,776.31006,1474.8202
MOVE,0,1.0,0.050980397,171535172,780.80005,1483.2002
MOVE,0,1.0,0.050980397,171535188,784.49963,1492.6276
MOVE,0,1.0,0.050980397,171535205,786.96814,1498.9044
MOVE,0,1.0,0.050980397,171535221,788.55206,1505.3762
MOVE,0,1.0,0.050980397,171535238,788.60004,1508.9124
MOVE,0,1.0,0.04705883,171535255,787.9679,1510.4642
MOVE,0,1.0,0.04705883,171535258,787.8,1510.8
UP,0,1.0,0.04705883,171535267,787.8,1510.8
DOWN,0,1.0,0.04705883,171536562,693.8,1464.8
MOVE,0,1.0,0.04705883,171536605,693.8,1461.4
MOVE,0,1.0,0.04705883,171536616,691.44617,1451.1022
MOVE,0,1.0,0.019607844,171536633,679.4909,1413.1273
MOVE,0,1.0,0.050980397,171536650,666.17883,1353.9537
MOVE,0,1.0,0.04705883,171536666,661.8578,1295.0256
MOVE,0,1.0,0.050980397,171536683,663.83777,1247.7205
MOVE,0,1.0,0.050980397,171536699,668.32245,1223.5259
MOVE,0,1.0,0.04705883,171536715,671.7588,1213.2144
MOVE,0,1.0,0.04705883,171536732,674.1422,1208.43
MOVE,0,1.0,0.04705883,171536748,676.0286,1206.7715
MOVE,0,1.0,0.04705883,171536765,679.35077,1200.2155
MOVE,0,1.0,0.019607844,171536772,686.8,1190.4
UP,0,1.0,0.019607844,171536780,686.8,1190.4
MOVE,0,1.0,0.04705883,171537146,666.19995,1391.6
MOVE,0,1.0,0.04705883,171537163,665.0,1357.7803
MOVE,0,1.0,0.04705883,171537180,665.60004,1325.9221
MOVE,0,1.0,0.050980397,171537196,666.4989,1293.595
MOVE,0,1.0,0.04705883,171537213,668.23846,1266.0654
MOVE,0,1.0,0.050980397,171537230,668.0,1242.4867
MOVE,0,1.0,0.043137256,171537246,668.0,1221.7792
MOVE,0,1.0,0.019607844,171537263,667.2389,1208.247
MOVE,0,1.0,0.043137256,171537279,668.1608,1200.2495
MOVE,0,1.0,0.043137256,171537296,669.86176,1195.4803
MOVE,0,1.0,0.043137256,171537311,673.0,1191.2001
MOVE,0,1.0,0.054901965,171537329,680.338,1184.7754
MOVE,0,1.0,0.050980397,171537336,683.60004,1182.0
UP,0,1.0,0.050980397,171537343,683.60004,1182.0
DOWN,0,1.0,0.019607844,171537741,705.0,1425.8
MOVE,0,1.0,0.019607844,171537746,705.0,1425.8
MOVE,0,1.0,0.019607844,171537761,705.0,1425.8
MOVE,0,1.0,0.019607844,171537777,705.0,1425.8
MOVE,0,1.0,0.04705883,171537794,704.50903,1419.654
MOVE,0,1.0,0.050980397,171537811,698.5053,1394.821
MOVE,0,1.0,0.050980397,171537827,689.7009,1351.0736
MOVE,0,1.0,0.050980397,171537843,685.0,1312.9
MOVE,0,1.0,0.04705883,171537860,683.143,1278.6326
MOVE,0,1.0,0.050980397,171537877,682.01715,1252.6932
MOVE,0,1.0,0.050980397,171537893,682.0,1232.369
MOVE,0,1.0,0.050980397,171537909,682.5,1220.7
MOVE,0,1.0,0.04705883,171537927,683.28186,1213.0044
MOVE,0,1.0,0.04705883,171537943,683.96643,1206.5034
MOVE,0,1.0,0.04705883,171537960,685.0363,1199.7096
MOVE,0,1.0,0.04705883,171537976,687.18616,1191.0554
MOVE,0,1.0,0.04705883,171537992,689.80005,1183.6001
MOVE,0,1.0,0.050980397,171538010,691.5673,1177.9636
MOVE,0,1.0,0.050980397,171538026,692.4309,1175.1228
MOVE,0,1.0,0.050980397,171538043,692.8478,1174.1522
MOVE,0,1.0,0.050980397,171538059,693.09247,1172.7225
MOVE,0,1.0,0.04705883,171538076,694.25433,1170.9166
MOVE,0,1.0,0.050980397,171538093,699.87976,1165.9132
MOVE,0,1.0,0.058823533,171538099,706.8,1159.2001
UP,0,1.0,0.058823533,171538106,706.8,1159.2001
MOVE,0,1.0,0.043137256,171539454,662.33514,1317.416
MOVE,0,1.0,0.04705883,171539471,658.8242,1259.9863
MOVE,0,1.0,0.04705883,171539487,662.55695,1208.5096
MOVE,0,1.0,0.04705883,171539504,671.69995,1166.4001
MOVE,0,1.0,0.04705883,171539520,680.9724,1135.9998
MOVE,0,1.0,0.04705883,171539537,690.1291,1112.0625
MOVE,0,1.0,0.019607844,171539553,722.9437,1062.5037
UP,0,1.0,0.019607844,171539559,717.2,1070.8
DOWN,0,1.0,0.019607844,171539843,716.2,1534.2001
MOVE,0,1.0,0.019607844,171539852,716.2,1534.2001
MOVE,0,1.0,0.019607844,171539869,716.2,1534.2001
MOVE,0,1.0,0.019607844,171539885,716.2,1534.2001
MOVE,0,1.0,0.04705883,171539902,715.2316,1523.5475
MOVE,0,1.0,0.04705883,171539918,709.4,1477.1
MOVE,0,1.0,0.04705883,171539935,693.2865,1395.6757
MOVE,0,1.0,0.04705883,171539952,682.08246,1313.1208
MOVE,0,1.0,0.04705883,171539968,683.34705,1233.3265
MOVE,0,1.0,0.04705883,171539973,696.2,1143.6
UP,0,1.0,0.04705883,171539980,696.2,1143.6
DOWN,0,1.0,0.050980397,171540137,691.2,1231.0
MOVE,0,1.0,0.04705883,171540218,691.2,1231.0
MOVE,0,1.0,0.04705883,171540251,692.02606,1224.4465
MOVE,0,1.0,0.050980397,171540267,693.15936,1207.3735
MOVE,0,1.0,0.050980397,171540284,696.2766,1187.2688
MOVE,0,1.0,0.058823533,171540300,701.7746,1164.4747
MOVE,0,1.0,0.050980397,171540317,708.4473,1144.0581
MOVE,0,1.0,0.054901965,171540333,717.4432,1121.6539
MOVE,0,1.0,0.050980397,171540350,728.163,1100.7401
MOVE,0,1.0,0.050980397,171540367,738.2366,1083.4792
MOVE,0,1.0,0.019607844,171540383,750.81934,1066.5488
MOVE,0,1.0,0.019607844,171540399,763.2001,1053.4
MOVE,0,1.0,0.019607844,171540416,768.5662,1050.2001
MOVE,0,1.0,0.04705883,171540425,771.2,1053.0
UP,0,1.0,0.04705883,171540432,771.2,1053.0
DOWN,0,1.0,0.04705883,171540696,726.8,1111.8
MOVE,0,1.0,0.019607844,171540715,726.8,1111.8
MOVE,0,1.0,0.043137256,171540731,726.8,1115.4124
MOVE,0,1.0,0.043137256,171540748,729.0,1136.6
MOVE,0,1.0,0.043137256,171540765,736.26184,1190.4323
MOVE,0,1.0,0.043137256,171540781,738.7697,1238.3298
MOVE,0,1.0,0.019607844,171540798,736.93964,1282.7467
MOVE,0,1.0,0.019607844,171540814,734.10974,1320.9911
MOVE,0,1.0,0.043137256,171540831,732.6883,1354.9103
MOVE,0,1.0,0.019607844,171540848,731.0686,1382.3818
MOVE,0,1.0,0.019607844,171540864,732.6276,1419.3433
UP,0,1.0,0.019607844,171540869,732.2,1413.0
MOVE,0,1.0,0.04705883,171541296,720.47614,1196.7612
MOVE,0,1.0,0.050980397,171541313,725.75806,1220.2787
MOVE,0,1.0,0.04705883,171541329,729.62463,1241.1323
MOVE,0,1.0,0.04705883,171541346,733.6128,1258.1028
MOVE,0,1.0,0.04705883,171541362,737.4576,1271.067
MOVE,0,1.0,0.04705883,171541379,741.56903,1282.6592
MOVE,0,1.0,0.04705883,171541396,745.5169,1293.7039
MOVE,0,1.0,0.04705883,171541412,749.4653,1304.3427
MOVE,0,1.0,0.04705883,171541429,753.34485,1315.0688
MOVE,0,1.0,0.04705883,171541445,757.01825,1323.1184
MOVE,0,1.0,0.04705883,171541462,759.5872,1330.5642
MOVE,0,1.0,0.04705883,171541479,760.2454,1335.4087
MOVE,0,1.0,0.043137256,171541495,760.4,1337.1555
MOVE,0,1.0,0.043137256,171541545,759.96686,1336.8
UP,0,1.0,0.043137256,171541566,760.0,1336.8
DOWN,0,1.0,0.04705883,171542875,741.0,1025.2001
MOVE,0,1.0,0.043137256,171542905,741.0,1025.2001
MOVE,0,1.0,0.043137256,171542940,740.0472,1039.277
MOVE,0,1.0,0.043137256,171542956,738.1114,1077.0658
MOVE,0,1.0,0.043137256,171542973,734.4995,1116.2744
MOVE,0,1.0,0.043137256,171542990,731.20795,1154.59
MOVE,0,1.0,0.019607844,171543006,729.2734,1182.0477
MOVE,0,1.0,0.019607844,171543022,728.1801,1204.8265
MOVE,0,1.0,0.019607844,171543039,730.34186,1230.5242
MOVE,0,1.0,0.019607844,171543055,733.8052,1253.2623
MOVE,0,1.0,0.043137256,171543071,734.80005,1272.9001
MOVE,0,1.0,0.043137256,171543088,734.60004,1294.4458
MOVE,0,1.0,0.019607844,171543105,733.9997,1313.6136
MOVE,0,1.0,0.019607844,171543121,733.1461,1327.9246
MOVE,0,1.0,0.043137256,171543138,734.56244,1339.8275
MOVE,0,1.0,0.043137256,171543155,737.72784,1351.0392
MOVE,0,1.0,0.04705883,171543171,739.40765,1361.6484
MOVE,0,1.0,0.04705883,171543188,740.0437,1369.7426
MOVE,0,1.0,0.043137256,171543204,740.0,1375.0139
MOVE,0,1.0,0.043137256,171543221,740.0,1375.8
MOVE,0,1.0,0.04705883,171543234,739.69995,1376.1
MOVE,0,1.0,0.04705883,171543254,739.3594,1376.4
MOVE,0,1.0,0.043137256,171543271,739.4,1376.7963
MOVE,0,1.0,0.019607844,171543287,739.4,1378.5588
MOVE,0,1.0,0.019607844,171543304,739.4,1380.7977
MOVE,0,1.0,0.019607844,171543321,739.4,1383.9767
MOVE,0,1.0,0.019607844,171543337,738.61255,1388.0437
MOVE,0,1.0,0.019607844,171543353,737.5,1392.7
MOVE,0,1.0,0.019607844,171543362,734.8,1395.2001
UP,0,1.0,0.019607844,171543370,734.8,1395.2001
MOVE,0,1.0,0.019607844,171543869,691.51715,1195.9442
MOVE,0,1.0,0.043137256,171543885,696.0657,1224.3932
MOVE,0,1.0,0.019607844,171543902,701.1989,1250.5288
MOVE,0,1.0,0.019607844,171543918,705.9296,1271.4781
MOVE,0,1.0,0.019607844,171543935,710.3302,1292.1727
MOVE,0,1.0,0.019607844,171543951,714.58954,1312.8215
MOVE,0,1.0,0.019607844,171543967,716.6,1328.7
MOVE,0,1.0,0.019607844,171543985,720.3157,1341.3672
MOVE,0,1.0,0.043137256,171544001,724.1147,1352.9156
MOVE,0,1.0,0.04705883,171544018,726.9692,1365.835
MOVE,0,1.0,0.019607844,171544034,730.30005,1378.6001
MOVE,0,1.0,0.019607844,171544051,732.96313,1390.3682
MOVE,0,1.0,0.019607844,171544068,737.16644,1402.9237
MOVE,0,1.0,0.043137256,171544084,741.8305,1416.1624
MOVE,0,1.0,0.043137256,171544101,746.31744,1427.3536
MOVE,0,1.0,0.043137256,171544117,749.6714,1438.4856
MOVE,0,1.0,0.043137256,171544134,751.3952,1448.363
MOVE,0,1.0,0.043137256,171544151,752.52905,1455.9312
MOVE,0,1.0,0.043137256,171544167,752.4,1460.615
MOVE,0,1.0,0.043137256,171544184,752.4,1461.5283
MOVE,0,1.0,0.043137256,171544190,752.4,1461.7
MOVE,0,1.0,0.04705883,171544217,750.4038,1455.5457
UP,0,1.0,0.04705883,171544222,750.8,1456.8
DOWN,0,1.0,0.019607844,171544566,692.4,1109.6
MOVE,0,1.0,0.019607844,171544574,692.4,1109.6
MOVE,0,1.0,0.019607844,171544593,692.4,1109.6
MOVE,0,1.0,0.019607844,171544616,692.4,1109.6
MOVE,0,1.0,0.019607844,171544632,694.2867,1128.1022
MOVE,0,1.0,0.019607844,171544649,701.0052,1160.1249
MOVE,0,1.0,0.019607844,171544666,708.1462,1190.7498
MOVE,0,1.0,0.019607844,171544682,714.1976,1213.1909
MOVE,0,1.0,0.019607844,171544699,721.0746,1235.7587
MOVE,0,1.0,0.019607844,171544715,727.19995,1255.1001
MOVE,0,1.0,0.019607844,171544732,732.8971,1269.4156
MOVE,0,1.0,0.043137256,171544748,738.20935,1282.2915
MOVE,0,1.0,0.043137256,171544765,743.4085,1296.9916
MOVE,0,1.0,0.043137256,171544781,747.71326,1310.0825
MOVE,0,1.0,0.043137256,171544797,750.5,1320.7
MOVE,0,1.0,0.043137256,171544814,752.4077,1328.9077
MOVE,0,1.0,0.043137256,171544831,754.2543,1336.0306
MOVE,0,1.0,0.019607844,171544848,756.12244,1343.851
MOVE,0,1.0,0.043137256,171544864,757.3,1351.6001
MOVE,0,1.0,0.043137256,171544881,759.35706,1358.9926
MOVE,0,1.0,0.04705883,171544897,761.2148,1366.2789
MOVE,0,1.0,0.043137256,171544914,761.91736,1373.9391
MOVE,0,1.0,0.043137256,171544930,762.5873,1380.1108
MOVE,0,1.0,0.043137256,171544947,761.03235,1384.9818
MOVE,0,1.0,0.043137256,171544964,759.85425,1387.0916
MOVE,0,1.0,0.04705883,171544980,759.60004,1387.9601
UP,0,1.0,0.04705883,171544986,759.60004,1387.8
DOWN,0,1.0,0.019607844,171546027,804.4,1049.0
MOVE,0,1.0,0.019607844,171546035,804.4,1049.0
MOVE,0,1.0,0.019607844,171546043,804.4,1049.0
MOVE,0,1.0,0.019607844,171546059,804.4,1049.0
MOVE,0,1.0,0.043137256,171546076,804.4,1055.9133
MOVE,0,1.0,0.043137256,171546093,804.4,1081.0873
MOVE,0,1.0,0.043137256,171546109,803.881,1116.6406
MOVE,0,1.0,0.04705883,171546126,803.2001,1144.0
MOVE,0,1.0,0.043137256,171546142,803.0985,1172.6448
MOVE,0,1.0,0.043137256,171546159,802.61017,1194.6923
MOVE,0,1.0,0.04705883,171546175,802.82635,1214.2399
MOVE,0,1.0,0.04705883,171546192,803.54535,1234.0155
MOVE,0,1.0,0.043137256,171546207,802.4,1250.2001
MOVE,0,1.0,0.043137256,171546225,802.4,1262.9069
MOVE,0,1.0,0.043137256,171546242,802.4,1273.417
MOVE,0,1.0,0.04705883,171546258,802.4,1284.2656
MOVE,0,1.0,0.04705883,171546274,802.7001,1296.4001
MOVE,0,1.0,0.019607844,171546291,804.8658,1313.1569
MOVE,0,1.0,0.043137256,171546308,805.3887,1333.7783
MOVE,0,1.0,0.054901965,171546324,797.9,1367.2
UP,0,1.0,0.054901965,171546329,800.0,1358.6
DOWN,0,1.0,0.043137256,171547619,738.0,1185.0
MOVE,0,1.0,0.04705883,171547662,738.2,1188.6
MOVE,0,1.0,0.04705883,171547670,739.3981,1193.3923
MOVE,0,1.0,0.04705883,171547687,747.179,1216.6162
MOVE,0,1.0,0.019607844,171547703,758.70703,1248.6545
MOVE,0,1.0,0.019607844,171547720,764.3931,1269.888
MOVE,0,1.0,0.043137256,171547736,767.2152,1287.5831
MOVE,0,1.0,0.04705883,171547753,769.12616,1306.3562
MOVE,0,1.0,0.019607844,171547769,770.80005,1325.1001
MOVE,0,1.0,0.019607844,171547786,771.4722,1340.6272
MOVE,0,1.0,0.043137256,171547802,772.2489,1355.9535
MOVE,0,1.0,0.04705883,171547819,774.295,1371.1887
MOVE,0,1.0,0.019607844,171547835,774.60004,1385.3663
MOVE,0,1.0,0.019607844,171547852,775.2,1400.0353
MOVE,0,1.0,0.019607844,171547868,775.1656,1411.1737
MOVE,0,1.0,0.019607844,171547885,775.4,1419.1803
MOVE,0,1.0,0.043137256,171547902,775.4,1422.9153
MOVE,0,1.0,0.019607844,171547918,775.4,1423.4
MOVE,0,1.0,0.019607844,171547928,775.4,1422.8
UP,0,1.0,0.019607844,171547936,775.4,1422.8
DOWN,0,1.0,0.019607844,171549580,668.60004,1195.6
MOVE,0,1.0,0.019607844,171549588,668.60004,1195.6
MOVE,0,1.0,0.019607844,171549607,668.60004,1195.6
MOVE,0,1.0,0.019607844,171549628,668.98846,1204.323
MOVE,0,1.0,0.043137256,171549645,672.9233,1231.5303
MOVE,0,1.0,0.043137256,171549662,680.9163,1268.8512
MOVE,0,1.0,0.043137256,171549678,689.21106,1300.7084
MOVE,0,1.0,0.043137256,171549694,694.69696,1319.9646
MOVE,0,1.0,0.019607844,171549711,698.58813,1334.9537
MOVE,0,1.0,0.019607844,171549728,702.43506,1350.5946
MOVE,0,1.0,0.019607844,171549744,708.07166,1368.1056
MOVE,0,1.0,0.019607844,171549761,712.1628,1383.6509
MOVE,0,1.0,0.019607844,171549778,715.42334,1395.0934
MOVE,0,1.0,0.019607844,171549794,717.5519,1404.435
MOVE,0,1.0,0.019607844,171549810,718.7769,1411.3267
MOVE,0,1.0,0.019607844,171549825,719.0,1412.6001
MOVE,0,1.0,0.019607844,171549844,719.0,1412.6001
MOVE,0,1.0,0.019607844,171549851,719.2,1412.0
UP,0,1.0,0.019607844,171549858,719.2,1412.0
MOVE,0,1.0,0.043137256,171550242,685.2967,1190.4438
MOVE,0,1.0,0.043137256,171550259,691.3249,1231.9526
MOVE,0,1.0,0.019607844,171550276,698.0344,1277.4337
MOVE,0,1.0,0.019607844,171550292,703.1601,1317.3049
MOVE,0,1.0,0.019607844,171550308,707.7313,1369.4415
MOVE,0,1.0,0.019607844,171550325,711.47614,1420.161
MOVE,0,1.0,0.019607844,171550325,711.60004,1421.6
UP,0,1.0,0.019607844,171550333,711.60004,1421.6
DOWN,0,1.0,0.043137256,171550698,680.8,1076.0
MOVE,0,1.0,0.043137256,171550740,680.8,1098.9481
MOVE,0,1.0,0.04705883,171550757,679.45544,1162.2195
MOVE,0,1.0,0.04705883,171550773,658.78754,1345.8572
UP,0,1.0,0.04705883,171550776,664.8,1296.4
DOWN,0,1.0,0.019607844,171551046,664.0,1249.8
MOVE,0,1.0,0.043137256,171551072,664.0,1249.8
MOVE,0,1.0,0.043137256,171551103,665.2,1251.6
MOVE,0,1.0,0.043137256,171551122,677.1,1270.5
MOVE,0,1.0,0.019607844,171551138,696.4934,1307.6841
MOVE,0,1.0,0.019607844,171551155,712.4443,1343.7526
MOVE,0,1.0,0.019607844,171551171,726.12115,1384.224
MOVE,0,1.0,0.019607844,171551188,733.5216,1426.9567
MOVE,0,1.0,0.019607844,171551198,732.60004,1478.2001
UP,0,1.0,0.019607844,171551206,732.60004,1478.2001
DOWN,0,1.0,0.04705883,171552151,682.0,1135.4
MOVE,0,1.0,0.04705883,171552186,682.0,1138.8
MOVE,0,1.0,0.043137256,171552201,682.7744,1153.3652
MOVE,0,1.0,0.043137256,171552218,684.8123,1192.8088
MOVE,0,1.0,0.043137256,171552234,686.39417,1224.5769
MOVE,0,1.0,0.043137256,171552251,685.566,1258.8165
MOVE,0,1.0,0.04705883,171552267,682.74084,1291.0977
MOVE,0,1.0,0.043137256,171552284,679.63275,1318.1914
MOVE,0,1.0,0.043137256,171552300,678.8,1333.7592
MOVE,0,1.0,0.019607844,171552315,682.60004,1346.3
MOVE,0,1.0,0.043137256,171552333,686.8961,1357.6014
MOVE,0,1.0,0.04705883,171552350,690.3481,1366.9384
MOVE,0,1.0,0.04705883,171552367,693.45044,1373.376
MOVE,0,1.0,0.043137256,171552383,696.3916,1377.6875
MOVE,0,1.0,0.043137256,171552400,699.5588,1383.9099
MOVE,0,1.0,0.019607844,171552416,704.745,1391.2386
MOVE,0,1.0,0.019607844,171552433,709.70215,1399.3219
MOVE,0,1.0,0.019607844,171552449,714.2499,1405.8748
MOVE,0,1.0,0.019607844,171552466,716.35815,1411.7953
MOVE,0,1.0,0.019607844,171552483,717.2,1414.3702
MOVE,0,1.0,0.019607844,171552494,717.2,1414.7
MOVE,0,1.0,0.019607844,171552513,716.9,1414.6
MOVE,0,1.0,0.019607844,171552532,716.3001,1414.8
MOVE,0,1.0,0.019607844,171552546,715.9,1414.8
MOVE,0,1.0,0.019607844,171552566,715.9,1414.8
MOVE,0,1.0,0.019607844,171552582,718.5736,1414.8
UP,0,1.0,0.019607844,171552587,718.0,1414.8
MOVE,0,1.0,0.043137256,171556650,746.47424,1137.3245
MOVE,0,1.0,0.043137256,171556667,747.8,1176.0332
MOVE,0,1.0,0.043137256,171556683,747.8,1207.1886
MOVE,0,1.0,0.043137256,171556698,747.0529,1229.7706
MOVE,0,1.0,0.043137256,171556715,745.71436,1253.8267
MOVE,0,1.0,0.043137256,171556732,744.9161,1272.008
MOVE,0,1.0,0.043137256,171556748,744.8,1289.0645
MOVE,0,1.0,0.043137256,171556765,744.973,1306.4297
MOVE,0,1.0,0.043137256,171556781,747.0738,1321.7937
MOVE,0,1.0,0.04705883,171556798,751.75854,1342.4243
MOVE,0,1.0,0.04705883,171556802,754.2,1360.4
UP,0,1.0,0.04705883,171556810,754.2,1360.4
MOVE,0,1.0,0.04705883,171565396,683.24255,1336.7206
MOVE,0,1.0,0.04705883,171565413,680.1809,1308.8773
MOVE,0,1.0,0.04705883,171565428,680.8466,1280.4547
MOVE,0,1.0,0.04705883,171565445,683.528,1254.9357
MOVE,0,1.0,0.04705883,171565462,685.6981,1232.3208
MOVE,0,1.0,0.04705883,171565479,687.7129,1216.3877
MOVE,0,1.0,0.04705883,171565495,689.5191,1204.646
MOVE,0,1.0,0.043137256,171565512,690.9,1196.7001
MOVE,0,1.0,0.019607844,171565529,695.5225,1187.5322
MOVE,0,1.0,0.043137256,171565545,707.67114,1173.8712
UP,0,1.0,0.043137256,171565551,706.0,1175.6
DOWN,0,1.0,0.04705883,171566162,693.4,1353.0
MOVE,0,1.0,0.04705883,171566226,692.6097,1345.292
MOVE,0,1.0,0.04705883,171566243,689.53687,1319.0073
MOVE,0,1.0,0.04705883,171566259,684.6504,1274.0935
MOVE,0,1.0,0.04705883,171566276,682.8065,1237.5231
MOVE,0,1.0,0.04705883,171566292,683.8871,1211.5522
MOVE,0,1.0,0.04705883,171566309,685.9351,1191.3729
MOVE,0,1.0,0.04705883,171566325,688.1855,1175.4558
MOVE,0,1.0,0.04705883,171566342,690.7283,1160.7158
MOVE,0,1.0,0.04705883,171566358,693.546,1149.5071
MOVE,0,1.0,0.04705883,171566375,696.3617,1140.0879
MOVE,0,1.0,0.043137256,171566392,698.02655,1135.2335
MOVE,0,1.0,0.043137256,171566408,699.4,1132.7001
MOVE,0,1.0,0.019607844,171566425,699.36383,1132.4362
MOVE,0,1.0,0.019607844,171566441,700.40515,1131.5948
MOVE,0,1.0,0.019607844,171566458,703.0414,1129.8793
MOVE,0,1.0,0.019607844,171566474,709.5423,1125.9948
MOVE,0,1.0,0.019607844,171566485,718.8,1124.6
UP,0,1.0,0.019607844,171566492,718.8,1124.6
DOWN,0,1.0,0.019607844,171566923,718.2,1110.4
MOVE,0,1.0,0.019607844,171566932,718.2,1110.4
MOVE,0,1.0,0.019607844,171566939,718.2,1110.4
MOVE,0,1.0,0.019607844,171566947,718.2,1110.4
MOVE,0,1.0,0.019607844,171566966,718.2,1110.4
MOVE,0,1.0,0.043137256,171567005,719.1456,1116.8733
MOVE,0,1.0,0.043137256,171567022,720.87445,1133.9039
MOVE,0,1.0,0.043137256,171567039,728.8722,1170.2887
MOVE,0,1.0,0.043137256,171567055,734.9168,1194.2672
MOVE,0,1.0,0.04705883,171567072,739.51025,1216.384
MOVE,0,1.0,0.04705883,171567088,742.90906,1234.9813
MOVE,0,1.0,0.043137256,171567105,744.7009,1251.058
MOVE,0,1.0,0.043137256,171567122,746.464,1264.5836
MOVE,0,1.0,0.043137256,171567138,748.4797,1276.7775
MOVE,0,1.0,0.04705883,171567155,749.9681,1288.9532
MOVE,0,1.0,0.04705883,171567171,751.2709,1298.644
MOVE,0,1.0,0.043137256,171567188,752.1193,1306.8335
MOVE,0,1.0,0.043137256,171567205,752.2,1314.5867
MOVE,0,1.0,0.043137256,171567221,752.8634,1319.171
MOVE,0,1.0,0.04705883,171567238,752.8,1320.7974
MOVE,0,1.0,0.04705883,171567255,750.989,1320.2379
MOVE,0,1.0,0.04705883,171567271,749.13855,1318.9386
MOVE,0,1.0,0.050980397,171567288,746.96326,1313.8475
MOVE,0,1.0,0.050980397,171567304,740.19995,1297.9001
MOVE,0,1.0,0.054901965,171567321,724.4101,1249.4591
MOVE,0,1.0,0.050980397,171567337,723.51294,1191.0022
MOVE,0,1.0,0.050980397,171567354,741.6264,1127.0388
MOVE,0,1.0,0.050980397,171567359,756.0,1095.6
UP,0,1.0,0.050980397,171567366,756.0,1095.6
DOWN,0,1.0,0.019607844,171567724,722.8,1420.0
MOVE,0,1.0,0.019607844,171567736,722.8,1420.0
MOVE,0,1.0,0.019607844,171567748,722.8,1420.0
MOVE,0,1.0,0.019607844,171567774,722.8,1416.6
MOVE,0,1.0,0.04705883,171567786,721.59546,1408.4877
MOVE,0,1.0,0.04705883,171567802,714.42224,1379.3556
MOVE,0,1.0,0.04705883,171567819,704.7912,1339.4879
MOVE,0,1.0,0.04705883,171567835,699.0141,1300.1058
MOVE,0,1.0,0.04705883,171567852,697.46576,1266.2465
MOVE,0,1.0,0.04705883,171567869,697.2,1239.1167
MOVE,0,1.0,0.04705883,171567885,697.8724,1213.5698
MOVE,0,1.0,0.04705883,171567902,700.00165,1192.0548
MOVE,0,1.0,0.04705883,171567918,702.00006,1171.1
MOVE,0,1.0,0.04705883,171567933,704.9,1152.1001
MOVE,0,1.0,0.019607844,171567952,708.5633,1129.4159
MOVE,0,1.0,0.043137256,171567968,712.00604,1112.4208
MOVE,0,1.0,0.050980397,171567985,715.7118,1099.4823
MOVE,0,1.0,0.050980397,171568001,721.10535,1089.9763
MOVE,0,1.0,0.019607844,171568018,727.2446,1079.7257
MOVE,0,1.0,0.019607844,171568035,733.7807,1071.7672
MOVE,0,1.0,0.043137256,171568047,736.4,1067.6
UP,0,1.0,0.043137256,171568054,736.4,1067.6
MOVE,0,1.0,0.04705883,171568400,696.1172,1331.2996
MOVE,0,1.0,0.04705883,171568417,693.8,1260.6444
MOVE,0,1.0,0.04705883,171568433,697.5156,1203.0168
MOVE,0,1.0,0.019607844,171568450,710.8151,1150.1522
MOVE,0,1.0,0.019607844,171568455,732.0,1103.8
UP,0,1.0,0.019607844,171568463,732.0,1103.8
DOWN,0,1.0,0.043137256,171568656,681.4,1377.0
MOVE,0,1.0,0.04705883,171568677,681.4,1377.0
MOVE,0,1.0,0.04705883,171568730,681.4,1372.8
MOVE,0,1.0,0.04705883,171568748,681.4,1355.9565
MOVE,0,1.0,0.04705883,171568765,682.5121,1303.9452
MOVE,0,1.0,0.04705883,171568782,683.78735,1258.9957
MOVE,0,1.0,0.04705883,171568798,685.3478,1226.8966
MOVE,0,1.0,0.04705883,171568815,687.00006,1206.8
MOVE,0,1.0,0.043137256,171568831,691.9028,1191.9309
MOVE,0,1.0,0.054901965,171568848,699.35333,1170.3912
MOVE,0,1.0,0.043137256,171568864,708.1305,1142.475
MOVE,0,1.0,0.04705883,171568881,716.4,1119.5
MOVE,0,1.0,0.050980397,171568898,722.82196,1102.075
MOVE,0,1.0,0.050980397,171568914,727.63367,1090.3696
MOVE,0,1.0,0.04705883,171568931,730.9563,1081.7981
MOVE,0,1.0,0.019607844,171568947,735.91235,1072.8794
MOVE,0,1.0,0.043137256,171568964,770.6592,1041.538
MOVE,0,1.0,0.043137256,171568965,777.2,1036.0
UP,0,1.0,0.043137256,171568974,777.2,1036.0
MOVE,0,1.0,0.04705883,171569330,680.8353,1345.0457
MOVE,0,1.0,0.04705883,171569346,679.23083,1297.3849
MOVE,0,1.0,0.04705883,171569363,681.8003,1272.3318
MOVE,0,1.0,0.04705883,171569379,684.83124,1258.8029
MOVE,0,1.0,0.04705883,171569396,687.56537,1248.9272
MOVE,0,1.0,0.050980397,171569412,689.7879,1238.5669
MOVE,0,1.0,0.04705883,171569429,688.71234,1223.9316
MOVE,0,1.0,0.04705883,171569445,688.6986,1207.7212
MOVE,0,1.0,0.04705883,171569462,689.9856,1200.0577
MOVE,0,1.0,0.04705883,171569479,690.61786,1197.9288
MOVE,0,1.0,0.04705883,171569488,690.89996,1198.0
MOVE,0,1.0,0.04705883,171569545,689.692,1199.616
UP,0,1.0,0.04705883,171569550,689.8,1199.4
DOWN,0,1.0,0.04705883,171572675,708.2,1501.8
MOVE,0,1.0,0.019607844,171572709,708.2,1501.8
MOVE,0,1.0,0.043137256,171572732,708.2,1501.8
MOVE,0,1.0,0.04705883,171572749,706.88477,1493.5471
MOVE,0,1.0,0.04705883,171572765,696.4587,1455.3625
MOVE,0,1.0,0.04705883,171572782,682.2557,1392.7952
MOVE,0,1.0,0.04705883,171572799,675.51337,1332.0383
MOVE,0,1.0,0.04705883,171572815,676.90845,1280.5388
MOVE,0,1.0,0.04705883,171572831,679.3,1246.2001
MOVE,0,1.0,0.04705883,171572848,680.8738,1219.8303
MOVE,0,1.0,0.04705883,171572865,683.58527,1198.9688
MOVE,0,1.0,0.04705883,171572881,687.1976,1178.8628
MOVE,0,1.0,0.04705883,171572898,690.9,1164.2
MOVE,0,1.0,0.04705883,171572913,693.8,1155.3
MOVE,0,1.0,0.04705883,171572930,695.3622,1147.3611
MOVE,0,1.0,0.04705883,171572947,697.0992,1142.4016
MOVE,0,1.0,0.04705883,171572964,697.93555,1140.5967
MOVE,0,1.0,0.019607844,171572981,700.5421,1137.9061
MOVE,0,1.0,0.019607844,171572983,701.2,1137.4
UP,0,1.0,0.019607844,171572990,701.2,1137.4
MOVE,0,1.0,0.04705883,171576799,700.5931,1345.8254
MOVE,0,1.0,0.04705883,171576816,700.93646,1303.3411
MOVE,0,1.0,0.043137256,171576831,702.80005,1266.5
MOVE,0,1.0,0.04705883,171576848,704.29877,1239.9392
MOVE,0,1.0,0.04705883,171576865,705.15247,1218.7449
MOVE,0,1.0,0.019607844,171576881,706.75867,1201.2533
MOVE,0,1.0,0.043137256,171576898,709.11444,1187.3989
MOVE,0,1.0,0.04705883,171576914,710.80005,1174.7001
MOVE,0,1.0,0.054901965,171576931,712.64124,1165.9541
MOVE,0,1.0,0.058823533,171576947,713.60004,1159.2166
MOVE,0,1.0,0.054901965,171576964,719.06415,1152.0748
MOVE,0,1.0,0.054901965,171576968,722.4,1148.6
UP,0,1.0,0.054901965,171576976,722.4,1148.6
DOWN,0,1.0,0.050980397,171581776,719.2,1433.4
MOVE,0,1.0,0.019607844,171581786,719.2,1433.4
MOVE,0,1.0,0.019607844,171581803,719.2,1433.4
MOVE,0,1.0,0.043137256,171581829,718.08356,1421.7114
MOVE,0,1.0,0.019607844,171581845,711.1,1376.7001
MOVE,0,1.0,0.043137256,171581862,704.46356,1314.2845
MOVE,0,1.0,0.043137256,171581879,702.36707,1271.8828
MOVE,0,1.0,0.04705883,171581894,702.4267,1241.6403
MOVE,0,1.0,0.043137256,171581910,703.97046,1210.9847
MOVE,0,1.0,0.043137256,171581927,707.9462,1187.1012
MOVE,0,1.0,0.050980397,171581943,712.7513,1165.7986
MOVE,0,1.0,0.04705883,171581960,715.48865,1148.3444
MOVE,0,1.0,0.019607844,171581977,717.69556,1136.2207
MOVE,0,1.0,0.019607844,171581993,720.77893,1128.1527
MOVE,0,1.0,0.019607844,171582009,731.1307,1117.4198
MOVE,0,1.0,0.019607844,171582010,732.2,1116.6
UP,0,1.0,0.019607844,171582018,732.2,1116.6
DOWN,0,1.0,0.050980397,171585238,714.2,1438.0
MOVE,0,1.0,0.054901965,171585244,714.2,1438.0
MOVE,0,1.0,0.054901965,171585251,714.2,1438.0
MOVE,0,1.0,0.054901965,171585264,714.2,1438.0
MOVE,0,1.0,0.043137256,171585280,713.96326,1433.975
MOVE,0,1.0,0.043137256,171585297,710.2587,1418.7205
MOVE,0,1.0,0.04705883,171585314,699.94977,1380.9489
MOVE,0,1.0,0.04705883,171585330,693.3462,1347.032
MOVE,0,1.0,0.04705883,171585347,689.99066,1314.8864
MOVE,0,1.0,0.04705883,171585362,689.7022,1281.3269
MOVE,0,1.0,0.04705883,171585379,691.83264,1259.3821
MOVE,0,1.0,0.04705883,171585396,693.61163,1243.5657
MOVE,0,1.0,0.04705883,171585412,694.2,1232.2983
MOVE,0,1.0,0.04705883,171585429,694.6512,1224.1301
MOVE,0,1.0,0.04705883,171585445,695.0,1215.7
MOVE,0,1.0,0.04705883,171585462,695.2654,1207.4792
MOVE,0,1.0,0.04705883,171585479,696.6847,1199.769
MOVE,0,1.0,0.019607844,171585495,698.4945,1194.4536
MOVE,0,1.0,0.019607844,171585512,700.0,1192.3779
MOVE,0,1.0,0.019607844,171585518,700.0,1192.0001
MOVE,0,1.0,0.019607844,171585558,700.30005,1192.0
MOVE,0,1.0,0.019607844,171585574,700.2,1191.7001
MOVE,0,1.0,0.019607844,171585591,700.4997,1191.8
MOVE,0,1.0,0.019607844,171585628,700.61224,1191.5878
MOVE,0,1.0,0.019607844,171585644,706.6684,1189.0289
UP,0,1.0,0.019607844,171585649,705.2,1189.6
DOWN,0,1.0,0.019607844,171586349,771.4,1012.4
MOVE,0,1.0,0.019607844,171586354,771.4,1012.4
MOVE,0,1.0,0.019607844,171586375,771.4,1012.4
MOVE,0,1.0,0.019607844,171586392,771.4,1012.4
MOVE,0,1.0,0.019607844,171586408,771.69653,1021.04016
MOVE,0,1.0,0.043137256,171586425,774.92993,1049.2281
MOVE,0,1.0,0.019607844,171586442,777.36536,1082.3003
MOVE,0,1.0,0.019607844,171586458,777.3081,1114.9707
MOVE,0,1.0,0.019607844,171586475,776.8442,1142.3867
MOVE,0,1.0,0.019607844,171586491,776.3409,1173.4445
MOVE,0,1.0,0.019607844,171586508,775.4069,1196.4415
MOVE,0,1.0,0.043137256,171586524,774.46436,1217.7603
MOVE,0,1.0,0.019607844,171586541,773.38654,1239.7451
MOVE,0,1.0,0.019607844,171586557,773.60004,1258.2988
MOVE,0,1.0,0.019607844,171586574,773.60004,1272.3497
MOVE,0,1.0,0.019607844,171586590,773.9944,1285.8145
MOVE,0,1.0,0.04705883,171586607,775.1266,1300.489
MOVE,0,1.0,0.019607844,171586624,777.31696,1311.375
MOVE,0,1.0,0.019607844,171586640,780.43353,1320.1339
MOVE,0,1.0,0.019607844,171586657,781.7686,1326.2275
MOVE,0,1.0,0.019607844,171586673,780.5221,1328.9299
MOVE,0,1.0,0.019607844,171586686,779.0,1326.4
UP,0,1.0,0.019607844,171586694,779.0,1326.4
MOVE,0,1.0,0.019607844,171587502,650.4,1170.2001
MOVE,0,1.0,0.019607844,171587520,656.40967,1201.6904
MOVE,0,1.0,0.019607844,171587537,661.6003,1226.6012
MOVE,0,1.0,0.019607844,171587554,666.5165,1248.752
MOVE,0,1.0,0.043137256,171587570,671.13995,1265.2471
MOVE,0,1.0,0.043137256,171587587,673.8995,1277.598
MOVE,0,1.0,0.043137256,171587603,676.0157,1287.8748
MOVE,0,1.0,0.043137256,171587620,676.8,1295.9746
MOVE,0,1.0,0.043137256,171587636,676.8,1301.0001
MOVE,0,1.0,0.043137256,171587651,676.8,1302.0
MOVE,0,1.0,0.043137256,171587669,674.5627,1301.2698
MOVE,0,1.0,0.04705883,171587676,671.4,1299.8
UP,0,1.0,0.04705883,171587684,671.4,1299.8
DOWN,0,1.0,0.04705883,171588292,684.4,1473.2001
MOVE,0,1.0,0.043137256,171588313,684.4,1473.2001
MOVE,0,1.0,0.043137256,171588334,684.4,1473.2001
MOVE,0,1.0,0.043137256,171588350,685.7455,1447.6361
MOVE,0,1.0,0.043137256,171588367,689.9887,1381.6646
MOVE,0,1.0,0.043137256,171588383,693.62427,1300.8137
MOVE,0,1.0,0.019607844,171588400,699.6169,1225.5111
MOVE,0,1.0,0.019607844,171588417,712.12897,1158.6095
MOVE,0,1.0,0.019607844,171588433,729.3551,1101.7349
MOVE,0,1.0,0.043137256,171588450,769.5776,1035.8909
MOVE,0,1.0,0.043137256,171588453,796.0,999.2001
UP,0,1.0,0.043137256,171588461,796.0,999.2001
DOWN,0,1.0,0.050980397,171588730,671.4,1367.2001
MOVE,0,1.0,0.04705883,171588739,671.4,1367.2001
MOVE,0,1.0,0.04705883,171588788,671.4,1363.6
MOVE,0,1.0,0.04705883,171588798,671.9952,1358.8383
MOVE,0,1.0,0.04705883,171588814,676.1,1331.1001
MOVE,0,1.0,0.04705883,171588831,681.1711,1273.4194
MOVE,0,1.0,0.043137256,171588848,684.7865,1221.5023
MOVE,0,1.0,0.019607844,171588864,690.62695,1194.6816
MOVE,0,1.0,0.043137256,171588881,696.6996,1179.9259
MOVE,0,1.0,0.04705883,171588898,701.1317,1173.4683
MOVE,0,1.0,0.04705883,171588914,703.73425,1170.8657
MOVE,0,1.0,0.04705883,171588931,705.60474,1168.9442
MOVE,0,1.0,0.054901965,171588947,708.39996,1163.7
MOVE,0,1.0,0.043137256,171588964,712.84686,1154.0122
MOVE,0,1.0,0.019607844,171588981,717.24615,1144.7124
MOVE,0,1.0,0.019607844,171588997,720.4926,1139.6545
MOVE,0,1.0,0.019607844,171589014,723.39996,1136.3999
MOVE,0,1.0,0.019607844,171589027,725.19995,1134.5
MOVE,0,1.0,0.019607844,171589047,726.8292,1133.7709
MOVE,0,1.0,0.019607844,171589064,727.67664,1133.1235
MOVE,0,1.0,0.019607844,171589080,728.7001,1132.7001
MOVE,0,1.0,0.043137256,171589097,737.96765,1130.799
MOVE,0,1.0,0.043137256,171589098,739.4,1130.6
UP,0,1.0,0.043137256,171589104,739.4,1130.6
DOWN,0,1.0,0.019607844,171589285,790.60004,979.0
MOVE,0,1.0,0.019607844,171589296,790.60004,979.0
MOVE,0,1.0,0.019607844,171589329,790.60004,984.1255
MOVE,0,1.0,0.019607844,171589346,789.20526,1007.3364
MOVE,0,1.0,0.019607844,171589362,782.72363,1068.3326
MOVE,0,1.0,0.019607844,171589379,776.5475,1117.4315
MOVE,0,1.0,0.019607844,171589396,773.4007,1157.1887
MOVE,0,1.0,0.019607844,171589412,776.0682,1189.2904
MOVE,0,1.0,0.019607844,171589429,781.09717,1215.258
MOVE,0,1.0,0.019607844,171589445,787.2298,1244.4624
MOVE,0,1.0,0.043137256,171589462,793.1169,1267.276
MOVE,0,1.0,0.043137256,171589479,798.7764,1294.0859
MOVE,0,1.0,0.043137256,171589495,800.6325,1316.0961
MOVE,0,1.0,0.043137256,171589512,801.7336,1338.7386
MOVE,0,1.0,0.04705883,171589528,801.7869,1359.0739
MOVE,0,1.0,0.019607844,171589545,799.52594,1381.3213
MOVE,0,1.0,0.043137256,171589562,797.0,1397.8
MOVE,0,1.0,0.043137256,171589565,797.2,1399.2001
UP,0,1.0,0.043137256,171589571,797.2,1399.2001
DOWN,0,1.0,0.043137256,171589810,826.8,941.0
MOVE,0,1.0,0.019607844,171589898,826.8,941.0
MOVE,0,1.0,0.019607844,171589908,826.8,941.0
MOVE,0,1.0,0.043137256,171589912,826.8,941.0
UP,0,1.0,0.043137256,171589927,826.8,941.0
DOWN,0,1.0,0.04705883,171590610,745.4,1446.2001
MOVE,0,1.0,0.050980397,171590636,745.4,1446.2001
MOVE,0,1.0,0.04705883,171590657,745.4,1442.6628
MOVE,0,1.0,0.050980397,171590674,744.6215,1424.7441
MOVE,0,1.0,0.04705883,171590691,742.66797,1358.9077
MOVE,0,1.0,0.04705883,171590707,743.1,1273.5
MOVE,0,1.0,0.043137256,171590724,753.5551,1197.7936
MOVE,0,1.0,0.019607844,171590740,765.7583,1141.5541
MOVE,0,1.0,0.04705883,171590757,776.0763,1103.1654
MOVE,0,1.0,0.019607844,171590774,781.16364,1082.3074
MOVE,0,1.0,0.019607844,171590790,783.645,1070.6057
MOVE,0,1.0,0.019607844,171590807,785.5159,1064.8102
MOVE,0,1.0,0.019607844,171590823,786.4327,1061.9183
MOVE,0,1.0,0.019607844,171590834,786.7001,1061.3999
MOVE,0,1.0,0.019607844,171590873,786.9172,1061.4
MOVE,0,1.0,0.019607844,171590889,788.13965,1061.4
MOVE,0,1.0,0.019607844,171590906,788.8489,1061.4
MOVE,0,1.0,0.019607844,171590915,789.1,1061.4
MOVE,0,1.0,0.019607844,171590939,790.3221,1062.8759
MOVE,0,1.0,0.019607844,171590941,790.60004,1063.2001
UP,0,1.0,0.019607844,171590948,790.60004,1063.2001
MOVE,0,1.0,0.043137256,171591686,696.8716,1312.1757
MOVE,0,1.0,0.043137256,171591703,701.5285,1255.1567
MOVE,0,1.0,0.019607844,171591719,708.7908,1205.2543
MOVE,0,1.0,0.019607844,171591736,718.8941,1162.4713
MOVE,0,1.0,0.043137256,171591752,729.80005,1126.4001
MOVE,0,1.0,0.043137256,171591769,742.7098,1092.0024
MOVE,0,1.0,0.043137256,171591785,758.0396,1062.7305
MOVE,0,1.0,0.043137256,171591802,772.1746,1037.6572
MOVE,0,1.0,0.043137256,171591816,807.69995,993.0001
UP,0,1.0,0.043137256,171591822,797.8,1005.2001
MOVE,0,1.0,0.04705883,171592267,756.1871,1342.6993
MOVE,0,1.0,0.050980397,171592284,762.22375,1309.4608
MOVE,0,1.0,0.043137256,171592300,765.2917,1271.1179
MOVE,0,1.0,0.04705883,171592317,769.43756,1233.4402
MOVE,0,1.0,0.043137256,171592333,776.02216,1193.5576
MOVE,0,1.0,0.050980397,171592350,783.1307,1164.3358
MOVE,0,1.0,0.043137256,171592366,790.39996,1146.7
MOVE,0,1.0,0.019607844,171592383,794.413,1138.6293
MOVE,0,1.0,0.019607844,171592400,797.4767,1133.2056
MOVE,0,1.0,0.043137256,171592416,800.02527,1128.6245
MOVE,0,1.0,0.043137256,171592433,802.7563,1124.0729
MOVE,0,1.0,0.04705883,171592449,804.80005,1119.0001
MOVE,0,1.0,0.04705883,171592466,807.9224,1114.2776
MOVE,0,1.0,0.04705883,171592483,814.3574,1112.5303
MOVE,0,1.0,0.04705883,171592498,822.0,1112.6
UP,0,1.0,0.04705883,171592503,820.4,1112.6
DOWN,0,1.0,0.050980397,171593155,771.4,1427.4
MOVE,0,1.0,0.019607844,171593165,771.4,1427.4
MOVE,0,1.0,0.019607844,171593173,771.4,1427.4
MOVE,0,1.0,0.019607844,171593197,771.4,1427.4
MOVE,0,1.0,0.04705883,171593213,770.23615,1410.8037
MOVE,0,1.0,0.04705883,171593230,764.9845,1360.8451
MOVE,0,1.0,0.04705883,171593246,761.6437,1295.8231
MOVE,0,1.0,0.04705883,171593263,761.4326,1246.2856
MOVE,0,1.0,0.04705883,171593280,763.30334,1208.1409
MOVE,0,1.0,0.043137256,171593296,766.89703,1186.1146
MOVE,0,1.0,0.04705883,171593313,771.6081,1167.3501
MOVE,0,1.0,0.043137256,171593329,775.9,1149.8999
MOVE,0,1.0,0.019607844,171593344,778.5,1135.5
MOVE,0,1.0,0.019607844,171593362,782.07465,1120.0394
MOVE,0,1.0,0.019607844,171593379,783.06934,1113.5146
MOVE,0,1.0,0.019607844,171593395,783.7001,1111.1
MOVE,0,1.0,0.019607844,171593403,783.60004,1111.3
MOVE,0,1.0,0.019607844,171593421,783.60004,1111.3
MOVE,0,1.0,0.019607844,171593443,783.60004,1111.3
MOVE,0,1.0,0.019607844,171593462,783.60004,1114.5
UP,0,1.0,0.019607844,171593466,783.60004,1113.6
DOWN,0,1.0,0.043137256,171593834,536.0,1036.4
UP,0,1.0,0.043137256,171593910,536.0,1036.4
DOWN,0,1.0,0.019607844,171594591,715.0,1404.6
MOVE,0,1.0,0.019607844,171594629,715.0,1404.6
MOVE,0,1.0,0.043137256,171594640,715.9,1398.0001
MOVE,0,1.0,0.04705883,171594657,721.0401,1364.0972
MOVE,0,1.0,0.04705883,171594674,728.97565,1293.852
MOVE,0,1.0,0.043137256,171594690,734.8372,1216.5028
MOVE,0,1.0,0.019607844,171594706,744.4,1154.5
MOVE,0,1.0,0.019607844,171594723,759.88995,1103.4017
MOVE,0,1.0,0.019607844,171594732,785.2,1034.2001
UP,0,1.0,0.019607844,171594740,785.2,1034.2001
DOWN,0,1.0,0.019607844,171594919,723.8,1111.0
MOVE,0,1.0,0.019607844,171594950,723.8,1111.0
MOVE,0,1.0,0.019607844,171594969,723.8,1111.0
MOVE,0,1.0,0.04705883,171595022,723.8,1114.0
MOVE,0,1.0,0.04705883,171595028,724.00635,1115.8573
MOVE,0,1.0,0.04705883,171595039,725.4965,1122.0853
MOVE,0,1.0,0.04705883,171595055,732.257,1139.7019
MOVE,0,1.0,0.043137256,171595072,741.73224,1163.3608
MOVE,0,1.0,0.043137256,171595089,750.52057,1182.4412
MOVE,0,1.0,0.019607844,171595105,759.16064,1198.13
MOVE,0,1.0,0.019607844,171595120,765.19995,1209.0
MOVE,0,1.0,0.043137256,171595138,769.56854,1219.6974
MOVE,0,1.0,0.019607844,171595155,772.72577,1228.9774
MOVE,0,1.0,0.019607844,171595172,774.7224,1236.7283
MOVE,0,1.0,0.019607844,171595187,775.0,1239.1
MOVE,0,1.0,0.019607844,171595205,774.70435,1239.2522
MOVE,0,1.0,0.043137256,171595221,773.0159,1237.6199
MOVE,0,1.0,0.04705883,171595238,768.7049,1229.2614
MOVE,0,1.0,0.04705883,171595255,763.6058,1200.6399
MOVE,0,1.0,0.04705883,171595271,762.7732,1160.7726
MOVE,0,1.0,0.019607844,171595288,765.34735,1128.8593
MOVE,0,1.0,0.019607844,171595304,769.4729,1106.8357
MOVE,0,1.0,0.019607844,171595321,774.6648,1079.2762
MOVE,0,1.0,0.019607844,171595338,783.3094,1054.8197
MOVE,0,1.0,0.043137256,171595354,817.03265,1015.2418
UP,0,1.0,0.043137256,171595362,815.4,1017.0
DOWN,0,1.0,0.019607844,171595630,790.4,976.4
MOVE,0,1.0,0.019607844,171595638,790.4,976.4
MOVE,0,1.0,0.019607844,171595653,790.4,976.4
MOVE,0,1.0,0.019607844,171595663,790.4,976.4
MOVE,0,1.0,0.019607844,171595680,790.4,976.4
MOVE,0,1.0,0.019607844,171595717,790.4,976.4
UP,0,1.0,0.019607844,171595732,790.4,976.4
DOWN,0,1.0,0.019607844,171596448,769.0,1396.2001
MOVE,0,1.0,0.019607844,171596458,769.0,1396.2001
MOVE,0,1.0,0.019607844,171596466,769.0,1396.2001
MOVE,0,1.0,0.019607844,171596483,769.0,1396.2001
MOVE,0,1.0,0.04705883,171596500,768.308,1376.6166
MOVE,0,1.0,0.04705883,171596516,768.8624,1314.5752
MOVE,0,1.0,0.019607844,171596533,773.03754,1235.9324
MOVE,0,1.0,0.019607844,171596549,781.2848,1176.2126
MOVE,0,1.0,0.04705883,171596566,795.1804,1119.3915
MOVE,0,1.0,0.019607844,171596583,812.4045,1074.976
MOVE,0,1.0,0.043137256,171596599,855.17206,1016.2107
UP,0,1.0,0.043137256,171596604,844.2,1030.2001
DOWN,0,1.0,0.050980397,171597096,742.4,1386.6
MOVE,0,1.0,0.04705883,171597106,742.4,1386.6
MOVE,0,1.0,0.050980397,171597146,742.4,1386.6
MOVE,0,1.0,0.050980397,171597163,742.1774,1382.3713
MOVE,0,1.0,0.04705883,171597180,740.6266,1367.866
MOVE,0,1.0,0.050980397,171597196,737.14136,1324.3735
MOVE,0,1.0,0.04705883,171597213,736.4062,1278.8269
MOVE,0,1.0,0.050980397,171597230,738.51697,1251.3083
MOVE,0,1.0,0.050980397,171597246,741.5714,1235.8329
MOVE,0,1.0,0.050980397,171597262,744.0,1231.6
MOVE,0,1.0,0.050980397,171597279,744.7682,1230.6
MOVE,0,1.0,0.050980397,171597285,744.89996,1230.6
MOVE,0,1.0,0.050980397,171597310,744.89996,1230.6
MOVE,0,1.0,0.04705883,171597379,745.262,1230.6
MOVE,0,1.0,0.04705883,171597395,746.80005,1230.6
MOVE,0,1.0,0.04705883,171597412,748.8361,1231.7018
MOVE,0,1.0,0.050980397,171597419,749.8,1232.4
UP,0,1.0,0.050980397,171597427,749.8,1232.4
MOVE,0,1.0,0.019607844,171612931,729.4965,689.2731
MOVE,0,1.0,0.019607844,171612947,745.11597,633.67346
MOVE,0,1.0,0.019607844,171612964,758.70026,583.2232
MOVE,0,1.0,0.019607844,171612981,764.83167,534.5269
MOVE,0,1.0,0.019607844,171612997,764.1096,498.5918
MOVE,0,1.0,0.019607844,171613014,763.94165,466.52582
MOVE,0,1.0,0.019607844,171613030,769.84827,437.4898
MOVE,0,1.0,0.019607844,171613047,782.6118,407.04095
MOVE,0,1.0,0.019607844,171613064,803.3938,379.38177
MOVE,0,1.0,0.019607844,171613073,834.4,348.8
UP,0,1.0,0.019607844,171613080,834.4,348.8
MOVE,0,1.0,0.019607844,171613528,696.99274,663.445
MOVE,0,1.0,0.019607844,171613545,706.4896,632.6621
MOVE,0,1.0,0.019607844,171613561,712.78326,611.96704
MOVE,0,1.0,0.043137256,171613578,718.10864,594.4741
MOVE,0,1.0,0.019607844,171613594,721.75543,583.6671
MOVE,0,1.0,0.019607844,171613610,725.0,575.6
MOVE,0,1.0,0.019607844,171613628,726.6736,570.3792
MOVE,0,1.0,0.019607844,171613644,727.0,568.0186
MOVE,0,1.0,0.019607844,171613661,727.0,567.8
MOVE,0,1.0,0.019607844,171613677,728.4829,565.70056
MOVE,0,1.0,0.019607844,171613680,729.4,564.60004
UP,0,1.0,0.019607844,171613687,729.4,564.60004
MOVE,0,1.0,0.019607844,171631022,763.75757,610.7029
MOVE,0,1.0,0.019607844,171631038,766.0,571.5
MOVE,0,1.0,0.019607844,171631055,773.04126,540.4915
MOVE,0,1.0,0.019607844,171631072,780.87726,509.586
MOVE,0,1.0,0.019607844,171631089,787.86865,473.65515
MOVE,0,1.0,0.019607844,171631105,793.70856,434.16998
MOVE,0,1.0,0.019607844,171631120,799.5,392.40002
MOVE,0,1.0,0.043137256,171631138,804.1813,351.59314
MOVE,0,1.0,0.043137256,171631155,806.9013,318.36163
MOVE,0,1.0,0.043137256,171631171,807.7265,291.14215
MOVE,0,1.0,0.043137256,171631182,819.2,249.20001
UP,0,1.0,0.043137256,171631190,819.2,249.20001
MOVE,0,1.0,0.019607844,171658574,826.3401,662.1708
MOVE,0,1.0,0.019607844,171658591,838.7833,624.29144
MOVE,0,1.0,0.019607844,171658607,852.33844,584.9304
MOVE,0,1.0,0.019607844,171658624,861.6892,548.32275
MOVE,0,1.0,0.019607844,171658641,866.50287,514.16205
MOVE,0,1.0,0.019607844,171658657,869.86163,479.14813
MOVE,0,1.0,0.043137256,171658674,872.47644,450.06195
MOVE,0,1.0,0.043137256,171658690,874.19995,425.59998
MOVE,0,1.0,0.043137256,171658707,877.59924,402.2256
MOVE,0,1.0,0.043137256,171658723,881.3694,383.95306
MOVE,0,1.0,0.019607844,171658740,885.91565,367.0468
MOVE,0,1.0,0.019607844,171658752,895.4,340.8
UP,0,1.0,0.019607844,171658759,895.4,340.8
DOWN,0,1.0,0.019607844,171659231,658.4,777.2001
MOVE,0,1.0,0.019607844,171659244,658.4,777.2001
MOVE,0,1.0,0.019607844,171659263,658.4,777.2001
MOVE,0,1.0,0.019607844,171659272,658.4,772.4293
MOVE,0,1.0,0.019607844,171659288,660.00354,753.3998
MOVE,0,1.0,0.019607844,171659305,666.89984,705.19507
MOVE,0,1.0,0.019607844,171659321,674.33734,666.582
MOVE,0,1.0,0.019607844,171659337,683.3276,636.6001
MOVE,0,1.0,0.019607844,171659354,693.69556,614.14886
MOVE,0,1.0,0.019607844,171659370,702.30005,598.9
MOVE,0,1.0,0.019607844,171659387,709.14545,587.3581
MOVE,0,1.0,0.019607844,171659404,713.7162,578.53613
MOVE,0,1.0,0.019607844,171659420,717.19,570.2616
MOVE,0,1.0,0.019607844,171659437,720.8099,563.05646
MOVE,0,1.0,0.019607844,171659452,723.5,558.30005
MOVE,0,1.0,0.019607844,171659470,726.3615,556.1325
MOVE,0,1.0,0.019607844,171659477,731.8,555.4
UP,0,1.0,0.019607844,171659484,731.8,555.4
MOVE,0,1.0,0.043137256,171682839,800.53656,679.0518
MOVE,0,1.0,0.043137256,171682856,802.76,633.3475
MOVE,0,1.0,0.043137256,171682873,809.5912,595.76764
MOVE,0,1.0,0.019607844,171682888,818.89996,563.9
MOVE,0,1.0,0.019607844,171682906,836.6244,526.1494
MOVE,0,1.0,0.019607844,171682923,858.77014,485.3343
MOVE,0,1.0,0.019607844,171682939,878.0025,446.8664
MOVE,0,1.0,0.019607844,171682956,895.42957,414.04132
MOVE,0,1.0,0.043137256,171682966,912.60004,380.8
UP,0,1.0,0.043137256,171682973,912.60004,380.8
DOWN,0,1.0,0.043137256,171691729,798.60004,747.6
MOVE,0,1.0,0.019607844,171691745,798.375,743.0991
MOVE,0,1.0,0.043137256,171691751,797.2441,732.734
MOVE,0,1.0,0.019607844,171691769,780.6381,643.52814
MOVE,0,1.0,0.019607844,171691786,773.50854,579.3027
MOVE,0,1.0,0.019607844,171691802,771.11456,528.15643
MOVE,0,1.0,0.019607844,171691819,771.2,487.4253
MOVE,0,1.0,0.019607844,171691834,771.2,455.90002
MOVE,0,1.0,0.019607844,171691852,770.89777,425.4489
MOVE,0,1.0,0.019607844,171691869,776.9434,393.56726
MOVE,0,1.0,0.019607844,171691885,799.4393,356.2528
MOVE,0,1.0,0.019607844,171691897,843.0,300.2
UP,0,1.0,0.019607844,171691904,843.0,300.2
MOVE,0,1.0,0.019607844,171692549,664.67377,716.6229
MOVE,0,1.0,0.019607844,171692566,666.25806,758.70337
MOVE,0,1.0,0.019607844,171692582,667.7712,792.73486
MOVE,0,1.0,0.019607844,171692598,666.10004,825.5
MOVE,0,1.0,0.019607844,171692615,661.7355,857.33875
MOVE,0,1.0,0.019607844,171692632,656.76263,884.0326
MOVE,0,1.0,0.019607844,171692649,652.7142,905.7152
MOVE,0,1.0,0.019607844,171692665,650.29346,924.74255
MOVE,0,1.0,0.019607844,171692682,647.2213,944.21204
MOVE,0,1.0,0.019607844,171692698,645.034,959.89417
MOVE,0,1.0,0.019607844,171692715,644.4,973.9845
MOVE,0,1.0,0.019607844,171692731,645.7001,986.6001
MOVE,0,1.0,0.019607844,171692748,641.66797,1010.3154
MOVE,0,1.0,0.019607844,171692750,640.8,1014.80005
UP,0,1.0,0.019607844,171692758,640.8,1014.80005
MOVE,0,1.0,0.04705883,171693212,688.4,1450.4
MOVE,0,1.0,0.043137256,171693230,695.68335,1476.9119
MOVE,0,1.0,0.043137256,171693247,700.67993,1508.5193
MOVE,0,1.0,0.04705883,171693263,702.7632,1541.1775
MOVE,0,1.0,0.043137256,171693280,704.0992,1579.1354
MOVE,0,1.0,0.043137256,171693296,705.2106,1611.3066
MOVE,0,1.0,0.04705883,171693313,705.4,1633.9663
MOVE,0,1.0,0.04705883,171693329,704.27704,1648.7118
MOVE,0,1.0,0.04705883,171693345,703.50006,1657.3
UP,0,1.0,0.04705883,171693348,703.60004,1655.4
MOVE,0,1.0,0.04705883,171693728,661.86395,1354.964
MOVE,0,1.0,0.04705883,171693744,664.2716,1292.6323
MOVE,0,1.0,0.04705883,171693761,672.1931,1244.3096
MOVE,0,1.0,0.043137256,171693778,680.54364,1218.2333
MOVE,0,1.0,0.043137256,171693794,687.2859,1206.5712
MOVE,0,1.0,0.019607844,171693811,692.92346,1199.3097
MOVE,0,1.0,0.043137256,171693827,698.75165,1191.117
MOVE,0,1.0,0.04705883,171693844,706.71643,1179.5929
MOVE,0,1.0,0.050980397,171693860,715.05884,1167.8247
MOVE,0,1.0,0.04705883,171693877,722.9746,1155.3966
MOVE,0,1.0,0.04705883,171693893,730.0901,1145.1514
MOVE,0,1.0,0.043137256,171693910,736.71326,1138.5151
MOVE,0,1.0,0.04705883,171693927,760.34344,1123.311
UP,0,1.0,0.04705883,171693934,759.2,1124.0
MOVE,0,1.0,0.043137256,171694326,686.5797,1347.0583
MOVE,0,1.0,0.019607844,171694342,696.59894,1296.7747
MOVE,0,1.0,0.04705883,171694359,703.7514,1259.6428
MOVE,0,1.0,0.043137256,171694375,712.41064,1224.726
MOVE,0,1.0,0.043137256,171694392,721.9022,1196.8281
MOVE,0,1.0,0.04705883,171694408,735.43506,1169.5332
MOVE,0,1.0,0.04705883,171694425,748.6107,1147.1136
MOVE,0,1.0,0.043137256,171694441,759.75446,1129.231
MOVE,0,1.0,0.043137256,171694458,770.24396,1115.0273
MOVE,0,1.0,0.04705883,171694474,784.79517,1101.2262
MOVE,0,1.0,0.054901965,171694491,837.42474,1055.2792
UP,0,1.0,0.054901965,171694497,826.8,1064.8
DOWN,0,1.0,0.043137256,171694823,676.8,1471.0
MOVE,0,1.0,0.04705883,171694874,677.2,1467.8
MOVE,0,1.0,0.043137256,171694889,681.25964,1455.0558
MOVE,0,1.0,0.050980397,171694906,695.1245,1416.5833
MOVE,0,1.0,0.043137256,171694922,705.7001,1369.2999
MOVE,0,1.0,0.043137256,171694939,708.8756,1329.7997
MOVE,0,1.0,0.019607844,171694956,711.8762,1294.794
MOVE,0,1.0,0.043137256,171694972,715.9363,1264.7339
MOVE,0,1.0,0.04705883,171694989,722.53143,1236.6158
MOVE,0,1.0,0.043137256,171695004,730.4,1210.6001
MOVE,0,1.0,0.043137256,171695022,740.52155,1185.8684
MOVE,0,1.0,0.04705883,171695039,746.3844,1172.8005
MOVE,0,1.0,0.04705883,171695055,749.0473,1168.6044
MOVE,0,1.0,0.04705883,171695062,750.00006,1167.5
MOVE,0,1.0,0.04705883,171695088,749.94006,1166.1499
MOVE,0,1.0,0.019607844,171695105,753.28845,1160.3385
MOVE,0,1.0,0.019607844,171695122,772.6655,1143.9523
UP,0,1.0,0.019607844,171695125,768.0,1147.6
MOVE,0,1.0,0.04705883,171695570,750.5634,1276.3717
MOVE,0,1.0,0.043137256,171695587,749.7757,1333.4967
MOVE,0,1.0,0.043137256,171695604,749.60004,1375.7734
MOVE,0,1.0,0.043137256,171695620,749.60004,1415.4934
MOVE,0,1.0,0.043137256,171695636,748.4432,1450.4745
MOVE,0,1.0,0.050980397,171695653,746.5934,1493.127
UP,0,1.0,0.050980397,171695658,746.8,1487.6
DOWN,0,1.0,0.019607844,171695934,715.60004,1199.8
MOVE,0,1.0,0.019607844,171695952,715.60004,1199.8
MOVE,0,1.0,0.019607844,171695969,715.60004,1199.8
MOVE,0,1.0,0.019607844,171695985,718.1206,1221.5907
MOVE,0,1.0,0.043137256,171696002,726.2528,1260.7562
MOVE,0,1.0,0.043137256,171696018,735.2001,1307.9
MOVE,0,1.0,0.043137256,171696035,741.8847,1342.6259
MOVE,0,1.0,0.043137256,171696051,749.6323,1372.3512
MOVE,0,1.0,0.043137256,171696068,756.3318,1391.8704
MOVE,0,1.0,0.019607844,171696084,761.43787,1409.5134
MOVE,0,1.0,0.019607844,171696099,765.50006,1422.5
MOVE,0,1.0,0.043137256,171696117,768.4833,1433.4108
MOVE,0,1.0,0.050980397,171696134,769.61804,1439.099
MOVE,0,1.0,0.04705883,171696150,768.9,1441.3
MOVE,0,1.0,0.04705883,171696160,768.69995,1441.6001
UP,0,1.0,0.04705883,171696170,768.8,1441.4
MOVE,0,1.0,0.04705883,171699570,739.6441,1402.8678
MOVE,0,1.0,0.04705883,171699585,743.0,1381.2999
MOVE,0,1.0,0.04705883,171699603,748.52924,1343.1171
MOVE,0,1.0,0.04705883,171699620,754.325,1307.3501
MOVE,0,1.0,0.019607844,171699637,760.5071,1276.8228
MOVE,0,1.0,0.043137256,171699653,765.223,1250.8042
MOVE,0,1.0,0.04705883,171699670,769.9941,1229.0264
MOVE,0,1.0,0.019607844,171699686,776.18616,1208.265
MOVE,0,1.0,0.043137256,171699703,783.02783,1188.1053
MOVE,0,1.0,0.04705883,171699719,790.0501,1167.6697
MOVE,0,1.0,0.04705883,171699736,799.38605,1150.6132
MOVE,0,1.0,0.019607844,171699752,810.277,1133.5857
MOVE,0,1.0,0.043137256,171699767,842.4,1088.8
UP,0,1.0,0.043137256,171699772,834.0,1100.4
DOWN,0,1.0,0.043137256,171700048,683.4,1451.4
MOVE,0,1.0,0.019607844,171700091,683.4,1448.4
MOVE,0,1.0,0.019607844,171700101,684.55774,1443.5376
MOVE,0,1.0,0.019607844,171700117,699.60004,1405.6
MOVE,0,1.0,0.04705883,171700133,720.60004,1351.2
MOVE,0,1.0,0.019607844,171700151,731.5925,1302.9302
MOVE,0,1.0,0.043137256,171700167,737.501,1274.9955
MOVE,0,1.0,0.04705883,171700184,743.6783,1252.1847
MOVE,0,1.0,0.043137256,171700201,755.95526,1223.9402
MOVE,0,1.0,0.04705883,171700217,773.09174,1192.926
MOVE,0,1.0,0.04705883,171700234,794.71716,1160.3843
MOVE,0,1.0,0.043137256,171700250,825.93005,1126.5125
MOVE,0,1.0,0.043137256,171700254,860.8,1093.4
UP,0,1.0,0.043137256,171700261,860.8,1093.4
DOWN,0,1.0,0.04705883,171700569,704.2,1494.4
MOVE,0,1.0,0.019607844,171700592,704.2,1494.4
MOVE,0,1.0,0.019607844,171700632,707.02545,1476.2614
MOVE,0,1.0,0.019607844,171700649,712.7278,1437.9294
MOVE,0,1.0,0.019607844,171700665,715.0415,1390.5083
MOVE,0,1.0,0.043137256,171700682,717.6894,1344.6738
MOVE,0,1.0,0.043137256,171700699,723.17236,1302.3656
MOVE,0,1.0,0.04705883,171700715,731.9394,1266.4724
MOVE,0,1.0,0.04705883,171700732,738.9672,1243.7031
MOVE,0,1.0,0.04705883,171700747,742.50006,1230.3
MOVE,0,1.0,0.04705883,171700765,745.4554,1219.6074
MOVE,0,1.0,0.043137256,171700781,748.6007,1208.9978
MOVE,0,1.0,0.043137256,171700798,753.6662,1195.383
MOVE,0,1.0,0.043137256,171700814,759.08966,1181.2943
MOVE,0,1.0,0.019607844,171700831,767.55865,1163.8579
MOVE,0,1.0,0.043137256,171700848,794.05707,1136.1729
UP,0,1.0,0.043137256,171700854,792.8,1137.4
DOWN,0,1.0,0.043137256,171701040,701.4,1171.6
MOVE,0,1.0,0.04705883,171701049,701.4,1171.6
MOVE,0,1.0,0.019607844,171701114,701.4,1171.6
UP,0,1.0,0.019607844,171701128,701.4,1171.6
MOVE,0,1.0,0.019607844,171704599,758.5648,1341.7008
MOVE,0,1.0,0.04705883,171704616,773.5997,1272.9115
MOVE,0,1.0,0.019607844,171704631,784.3,1222.2
MOVE,0,1.0,0.043137256,171704649,793.49,1185.3217
MOVE,0,1.0,0.043137256,171704665,802.25616,1154.4034
MOVE,0,1.0,0.043137256,171704682,812.055,1127.3727
MOVE,0,1.0,0.019607844,171704698,824.6967,1099.917
MOVE,0,1.0,0.019607844,171704713,836.0,1080.8999
MOVE,0,1.0,0.019607844,171704732,844.76465,1066.0555
MOVE,0,1.0,0.019607844,171704748,848.176,1059.7733
MOVE,0,1.0,0.019607844,171704765,849.6154,1057.641
MOVE,0,1.0,0.019607844,171704771,849.7001,1057.7001
MOVE,0,1.0,0.019607844,171704815,859.5341,1056.9166
UP,0,1.0,0.019607844,171704820,858.2,1057.0
MOVE,0,1.0,0.043137256,171705694,754.8611,1413.4203
MOVE,0,1.0,0.043137256,171705711,756.70886,1340.1603
MOVE,0,1.0,0.019607844,171705728,760.89044,1277.8667
MOVE,0,1.0,0.019607844,171705744,766.7339,1224.1866
MOVE,0,1.0,0.043137256,171705761,774.62976,1182.2563
MOVE,0,1.0,0.019607844,171705777,786.02545,1146.8842
MOVE,0,1.0,0.043137256,171705794,804.9578,1115.7887
MOVE,0,1.0,0.043137256,171705796,832.2,1081.4
UP,0,1.0,0.043137256,171705804,832.2,1081.4
DOWN,0,1.0,0.050980397,171706571,748.4,1428.8
MOVE,0,1.0,0.04705883,171706576,748.4,1428.8
MOVE,0,1.0,0.043137256,171706641,750.522,1414.3901
MOVE,0,1.0,0.043137256,171706657,761.4015,1364.1466
MOVE,0,1.0,0.019607844,171706674,773.19147,1298.3369
MOVE,0,1.0,0.019607844,171706690,787.6574,1235.0547
MOVE,0,1.0,0.043137256,171706700,816.4,1140.8
UP,0,1.0,0.043137256,171706707,816.4,1140.8
DOWN,0,1.0,0.019607844,171706991,726.4,1340.4
MOVE,0,1.0,0.019607844,171706998,726.4,1340.4
MOVE,0,1.0,0.019607844,171707017,726.4,1340.4
MOVE,0,1.0,0.019607844,171707033,726.4,1340.4
MOVE,0,1.0,0.019607844,171707055,726.4,1340.4
MOVE,0,1.0,0.019607844,171707072,726.86835,1332.6425
MOVE,0,1.0,0.043137256,171707088,731.4,1305.8999
MOVE,0,1.0,0.043137256,171707105,742.64496,1260.0171
MOVE,0,1.0,0.019607844,171707122,755.7792,1221.1265
MOVE,0,1.0,0.019607844,171707138,764.3389,1204.2864
MOVE,0,1.0,0.019607844,171707155,769.82086,1197.9108
MOVE,0,1.0,0.019607844,171707172,774.16547,1194.3802
MOVE,0,1.0,0.019607844,171707188,777.30945,1190.9165
MOVE,0,1.0,0.019607844,171707205,780.02356,1185.8634
MOVE,0,1.0,0.019607844,171707221,782.6473,1178.9689
MOVE,0,1.0,0.043137256,171707238,784.90265,1173.2692
MOVE,0,1.0,0.04705883,171707255,786.86444,1171.234
MOVE,0,1.0,0.04705883,171707271,790.06354,1174.4954
MOVE,0,1.0,0.04705883,171707288,795.28174,1187.2747
MOVE,0,1.0,0.04705883,171707304,802.33606,1221.7638
MOVE,0,1.0,0.04705883,171707321,804.8299,1280.4197
MOVE,0,1.0,0.04705883,171707338,804.4,1340.5961
MOVE,0,1.0,0.04705883,171707354,807.9443,1400.7786
MOVE,0,1.0,0.050980397,171707371,815.6459,1476.4916
MOVE,0,1.0,0.050980397,171707372,816.8,1487.6
UP,0,1.0,0.050980397,171707380,816.8,1487.6
DOWN,0,1.0,0.043137256,171707612,743.2,1188.0
MOVE,0,1.0,0.04705883,171707669,743.4,1191.4
MOVE,0,1.0,0.043137256,171707686,746.1865,1202.553
MOVE,0,1.0,0.043137256,171707703,756.3585,1231.3002
MOVE,0,1.0,0.04705883,171707719,764.183,1255.3489
MOVE,0,1.0,0.04705883,171707736,769.55396,1272.5881
MOVE,0,1.0,0.054901965,171707753,772.8969,1285.7738
MOVE,0,1.0,0.043137256,171707769,776.78827,1300.4575
MOVE,0,1.0,0.019607844,171707786,781.4656,1314.0302
MOVE,0,1.0,0.043137256,171707802,785.509,1326.527
MOVE,0,1.0,0.04705883,171707819,788.9558,1336.1897
MOVE,0,1.0,0.04705883,171707835,792.63245,1344.313
MOVE,0,1.0,0.050980397,171707852,795.87885,1351.384
MOVE,0,1.0,0.050980397,171707869,797.93066,1357.738
MOVE,0,1.0,0.04705883,171707885,801.08093,1365.9923
MOVE,0,1.0,0.04705883,171707902,804.1552,1374.1643
MOVE,0,1.0,0.04705883,171707918,806.6,1381.6
MOVE,0,1.0,0.04705883,171707935,809.0584,1388.0436
MOVE,0,1.0,0.04705883,171707952,810.20135,1394.4163
MOVE,0,1.0,0.04705883,171707968,811.0911,1399.5468
MOVE,0,1.0,0.04705883,171707985,810.36584,1404.1807
MOVE,0,1.0,0.04705883,171708001,808.5011,1407.0485
MOVE,0,1.0,0.050980397,171708018,807.5277,1411.0701
UP,0,1.0,0.050980397,171708025,807.60004,1410.6
MOVE,0,1.0,0.04705883,171708267,758.62933,1420.6195
MOVE,0,1.0,0.04705883,171708284,753.18933,1348.4789
MOVE,0,1.0,0.019607844,171708300,758.11127,1281.9282
MOVE,0,1.0,0.019607844,171708317,771.3098,1218.9128
MOVE,0,1.0,0.043137256,171708333,790.80005,1171.2
MOVE,0,1.0,0.043137256,171708350,845.78687,1098.4241
MOVE,0,1.0,0.043137256,171708351,848.60004,1095.0
UP,0,1.0,0.043137256,171708358,848.60004,1095.0
DOWN,0,1.0,0.043137256,171708545,749.2,1255.2001
MOVE,0,1.0,0.04705883,171708596,749.2,1255.2001
MOVE,0,1.0,0.04705883,171708616,750.8074,1267.2684
MOVE,0,1.0,0.019607844,171708632,758.0801,1293.7487
MOVE,0,1.0,0.019607844,171708649,767.9524,1324.0571
MOVE,0,1.0,0.04705883,171708665,775.761,1347.6072
MOVE,0,1.0,0.019607844,171708682,781.7749,1365.5247
MOVE,0,1.0,0.019607844,171708699,787.63605,1382.3081
MOVE,0,1.0,0.043137256,171708715,792.5967,1395.2314
MOVE,0,1.0,0.04705883,171708732,796.3278,1405.7106
MOVE,0,1.0,0.04705883,171708748,799.5966,1414.4911
MOVE,0,1.0,0.04705883,171708765,802.7323,1424.2631
MOVE,0,1.0,0.04705883,171708781,805.57214,1433.7124
MOVE,0,1.0,0.04705883,171708798,808.2742,1444.0065
MOVE,0,1.0,0.04705883,171708815,809.6425,1453.2166
MOVE,0,1.0,0.04705883,171708831,810.46967,1462.8265
MOVE,0,1.0,0.04705883,171708848,809.2198,1469.7357
MOVE,0,1.0,0.050980397,171708864,807.4271,1473.5459
MOVE,0,1.0,0.050980397,171708869,807.60004,1473.8
UP,0,1.0,0.050980397,171708877,807.60004,1473.8
MOVE,0,1.0,0.04705883,171710707,772.0502,1407.7847
MOVE,0,1.0,0.04705883,171710723,776.271,1348.5803
MOVE,0,1.0,0.043137256,171710739,781.0,1306.8
MOVE,0,1.0,0.04705883,171710757,788.51276,1263.2319
MOVE,0,1.0,0.043137256,171710773,797.28284,1222.9879
MOVE,0,1.0,0.04705883,171710790,808.70844,1184.7462
MOVE,0,1.0,0.019607844,171710806,819.50104,1152.1011
MOVE,0,1.0,0.043137256,171710823,854.4221,1115.8353
MOVE,0,1.0,0.043137256,171710824,860.8,1110.2001
UP,0,1.0,0.043137256,171710831,860.8,1110.2001
MOVE,0,1.0,0.04705883,171711421,749.7565,1365.2598
MOVE,0,1.0,0.04705883,171711436,753.8,1318.3
MOVE,0,1.0,0.019607844,171711454,759.8172,1273.5752
MOVE,0,1.0,0.019607844,171711471,767.46454,1235.4774
MOVE,0,1.0,0.019607844,171711487,775.5,1203.5
MOVE,0,1.0,0.043137256,171711503,781.19995,1184.2001
MOVE,0,1.0,0.04705883,171711520,786.906,1169.9528
MOVE,0,1.0,0.04705883,171711537,796.07825,1157.208
MOVE,0,1.0,0.04705883,171711543,805.60004,1144.6
UP,0,1.0,0.04705883,171711550,805.60004,1144.6
DOWN,0,1.0,0.04705883,171712107,752.60004,1529.8
MOVE,0,1.0,0.054901965,171712134,752.60004,1529.8
MOVE,0,1.0,0.04705883,171712151,752.8403,1524.7538
MOVE,0,1.0,0.043137256,171712167,754.273,1507.7927
MOVE,0,1.0,0.04705883,171712184,755.57336,1463.6456
MOVE,0,1.0,0.04705883,171712200,753.29926,1421.9904
MOVE,0,1.0,0.04705883,171712217,750.58636,1386.603
MOVE,0,1.0,0.04705883,171712234,748.69867,1350.1008
MOVE,0,1.0,0.04705883,171712250,750.7,1321.5001
MOVE,0,1.0,0.04705883,171712267,754.24695,1290.9291
MOVE,0,1.0,0.043137256,171712283,757.6598,1259.8551
MOVE,0,1.0,0.019607844,171712300,763.59424,1230.5085
MOVE,0,1.0,0.019607844,171712316,799.1,1168.4
UP,0,1.0,0.019607844,171712320,789.0,1185.4
MOVE,0,1.0,0.043137256,171713180,752.70636,1310.4554
MOVE,0,1.0,0.019607844,171713197,757.4936,1282.9397
MOVE,0,1.0,0.043137256,171713213,760.9354,1253.5659
MOVE,0,1.0,0.019607844,171713230,764.86304,1225.1978
MOVE,0,1.0,0.019607844,171713247,771.1071,1197.9701
MOVE,0,1.0,0.04705883,171713263,800.8921,1140.0785
UP,0,1.0,0.04705883,171713267,793.60004,1153.8
MOVE,0,1.0,0.04705883,171715272,748.8732,1384.5962
MOVE,0,1.0,0.04705883,171715288,753.0026,1336.196
MOVE,0,1.0,0.019607844,171715305,759.6988,1292.225
MOVE,0,1.0,0.019607844,171715321,773.66437,1239.113
MOVE,0,1.0,0.019607844,171715336,825.4,1147.6001
UP,0,1.0,0.019607844,171715341,810.4,1174.2001
DOWN,0,1.0,0.050980397,171715959,738.60004,1511.2001
MOVE,0,1.0,0.04705883,171715986,738.60004,1511.2001
MOVE,0,1.0,0.04705883,171716015,738.8,1507.8
MOVE,0,1.0,0.04705883,171716033,740.7,1491.7
MOVE,0,1.0,0.04705883,171716051,747.4969,1440.7046
MOVE,0,1.0,0.04705883,171716068,749.6689,1388.979
MOVE,0,1.0,0.04705883,171716085,750.9387,1343.9944
MOVE,0,1.0,0.04705883,171716101,751.4,1303.8
MOVE,0,1.0,0.043137256,171716118,755.30676,1265.0902
MOVE,0,1.0,0.019607844,171716134,759.4899,1236.9507
MOVE,0,1.0,0.019607844,171716151,762.9462,1213.6262
MOVE,0,1.0,0.019607844,171716167,765.8844,1199.8608
MOVE,0,1.0,0.019607844,171716184,767.5698,1195.9208
MOVE,0,1.0,0.019607844,171716189,767.7001,1195.4001
MOVE,0,1.0,0.019607844,171716250,768.1,1195.8
MOVE,0,1.0,0.019607844,171716267,768.77686,1195.8
MOVE,0,1.0,0.019607844,171716271,768.89996,1195.8
MOVE,0,1.0,0.019607844,171716311,772.0,1197.2001
UP,0,1.0,0.019607844,171716318,772.0,1197.2001
MOVE,0,1.0,0.043137256,171717827,789.43054,1214.87
MOVE,0,1.0,0.043137256,171717844,795.1346,1270.4752
MOVE,0,1.0,0.019607844,171717860,797.096,1326.7109
MOVE,0,1.0,0.04705883,171717877,795.2598,1387.277
MOVE,0,1.0,0.043137256,171717893,793.51636,1448.4519
MOVE,0,1.0,0.04705883,171717910,807.849,1523.1562
UP,0,1.0,0.04705883,171717916,806.0,1516.0
DOWN,0,1.0,0.019607844,171718284,733.0,1128.4
MOVE,0,1.0,0.019607844,171718309,733.0,1128.4
MOVE,0,1.0,0.019607844,171718317,733.0,1128.4
MOVE,0,1.0,0.019607844,171718342,733.0,1128.4
MOVE,0,1.0,0.019607844,171718358,733.0,1128.4
MOVE,0,1.0,0.019607844,171718373,733.0,1128.4
UP,0,1.0,0.043137256,171718383,733.0,1128.4
MOVE,0,1.0,0.043137256,171721213,724.2495,1264.1774
MOVE,0,1.0,0.019607844,171721229,728.89996,1236.9
MOVE,0,1.0,0.019607844,171721243,732.8,1216.8
MOVE,0,1.0,0.043137256,171721263,737.8203,1199.3392
MOVE,0,1.0,0.043137256,171721280,741.46655,1188.2003
MOVE,0,1.0,0.043137256,171721296,744.26324,1177.9471
MOVE,0,1.0,0.043137256,171721313,746.5403,1167.2657
MOVE,0,1.0,0.04705883,171721330,752.3164,1160.3231
MOVE,0,1.0,0.04705883,171721336,758.0,1157.2001
UP,0,1.0,0.04705883,171721343,758.0,1157.2001
DOWN,0,1.0,0.019607844,171724927,704.2,1444.8
MOVE,0,1.0,0.019607844,171724938,704.2,1444.8
MOVE,0,1.0,0.019607844,171724946,704.2,1444.8
MOVE,0,1.0,0.019607844,171724958,704.2,1444.8
MOVE,0,1.0,0.019607844,171724979,705.3643,1435.0873
MOVE,0,1.0,0.019607844,171724995,707.2961,1396.431
MOVE,0,1.0,0.019607844,171725012,711.4223,1344.8511
MOVE,0,1.0,0.019607844,171725028,716.08856,1297.0453
MOVE,0,1.0,0.043137256,171725047,722.712,1250.5919
MOVE,0,1.0,0.043137256,171725064,729.6112,1217.1138
MOVE,0,1.0,0.043137256,171725080,739.198,1188.2776
MOVE,0,1.0,0.043137256,171725097,746.9,1164.0
MOVE,0,1.0,0.019607844,171725112,752.10004,1146.5001
MOVE,0,1.0,0.019607844,171725130,758.86127,1129.2227
MOVE,0,1.0,0.043137256,171725147,768.0155,1113.2908
MOVE,0,1.0,0.043137256,171725152,781.4,1098.4
UP,0,1.0,0.043137256,171725160,781.4,1098.4
MOVE,0,1.0,0.019607844,171725562,713.0992,1347.8239
MOVE,0,1.0,0.019607844,171725578,718.30005,1296.5
MOVE,0,1.0,0.043137256,171725595,724.3181,1251.712
MOVE,0,1.0,0.043137256,171725612,733.3004,1210.8413
MOVE,0,1.0,0.043137256,171725628,743.3936,1176.7667
MOVE,0,1.0,0.019607844,171725645,753.2332,1151.4766
MOVE,0,1.0,0.019607844,171725659,762.80005,1129.0
MOVE,0,1.0,0.019607844,171725678,771.79956,1107.8716
MOVE,0,1.0,0.04705883,171725694,779.7914,1092.3478
MOVE,0,1.0,0.043137256,171725711,794.1788,1075.229
MOVE,0,1.0,0.043137256,171725722,830.0,1045.0
UP,0,1.0,0.043137256,171725729,830.0,1045.0
DOWN,0,1.0,0.019607844,171725961,713.0,1418.4
MOVE,0,1.0,0.019607844,171725970,713.0,1418.4
MOVE,0,1.0,0.019607844,171725993,713.0,1418.4
MOVE,0,1.0,0.019607844,171726003,713.0,1418.4
MOVE,0,1.0,0.043137256,171726027,713.4038,1411.5698
MOVE,0,1.0,0.043137256,171726043,718.10345,1381.2548
MOVE,0,1.0,0.043137256,171726058,726.50006,1319.2999
MOVE,0,1.0,0.043137256,171726076,736.569,1246.7192
MOVE,0,1.0,0.019607844,171726093,753.37933,1183.4658
MOVE,0,1.0,0.019607844,171726099,784.8,1101.2001
UP,0,1.0,0.019607844,171726107,784.8,1101.2001
DOWN,0,1.0,0.019607844,171726391,717.60004,1410.6
MOVE,0,1.0,0.019607844,171726408,717.60004,1410.6
MOVE,0,1.0,0.019607844,171726418,717.60004,1410.6
MOVE,0,1.0,0.019607844,171726440,717.60004,1407.0
MOVE,0,1.0,0.019607844,171726458,719.04224,1390.2854
MOVE,0,1.0,0.043137256,171726474,726.2908,1342.9299
MOVE,0,1.0,0.043137256,171726491,737.90076,1282.8466
MOVE,0,1.0,0.019607844,171726508,754.58435,1218.6434
MOVE,0,1.0,0.043137256,171726524,780.78937,1155.4441
MOVE,0,1.0,0.043137256,171726528,816.60004,1096.8
UP,0,1.0,0.043137256,171726535,816.60004,1096.8
MOVE,0,1.0,0.019607844,171727020,775.5,1203.5
MOVE,0,1.0,0.043137256,171727039,760.5083,1291.8066
MOVE,0,1.0,0.04705883,171727055,747.70856,1360.2977
MOVE,0,1.0,0.04705883,171727061,743.2,1408.4
UP,0,1.0,0.04705883,171727069,743.2,1408.4
DOWN,0,1.0,0.04705883,171727361,803.8,1028.8
MOVE,0,1.0,0.043137256,171727388,803.3986,1032.8141
MOVE,0,1.0,0.019607844,171727404,796.944,1065.7795
MOVE,0,1.0,0.019607844,171727421,780.2512,1137.3634
MOVE,0,1.0,0.043137256,171727437,761.0193,1236.9847
MOVE,0,1.0,0.04705883,171727454,744.20844,1329.072
MOVE,0,1.0,0.050980397,171727470,727.5633,1436.2959
UP,0,1.0,0.050980397,171727476,728.60004,1429.2001
DOWN,0,1.0,0.043137256,171727730,762.0,1079.2001
MOVE,0,1.0,0.043137256,171727769,761.25946,1087.4597
MOVE,0,1.0,0.043137256,171727786,757.7172,1126.5973
MOVE,0,1.0,0.043137256,171727802,753.3527,1198.3995
MOVE,0,1.0,0.043137256,171727819,752.60004,1275.8247
MOVE,0,1.0,0.043137256,171727836,749.66626,1350.6678
MOVE,0,1.0,0.04705883,171727852,744.72424,1422.4143
MOVE,0,1.0,0.04705883,171727869,743.5977,1465.8127
MOVE,0,1.0,0.050980397,171727885,744.2,1510.0078
UP,0,1.0,0.050980397,171727890,744.2,1500.2001
DOWN,0,1.0,0.019607844,171728158,800.8,1045.6
MOVE,0,1.0,0.019607844,171728168,800.8,1045.6
MOVE,0,1.0,0.019607844,171728184,800.8,1045.6
MOVE,0,1.0,0.019607844,171728201,797.5129,1076.0968
MOVE,0,1.0,0.019607844,171728217,785.8907,1152.7195
MOVE,0,1.0,0.019607844,171728234,768.7471,1256.5011
MOVE,0,1.0,0.04705883,171728250,754.80005,1344.3
MOVE,0,1.0,0.04705883,171728260,745.60004,1439.6
UP,0,1.0,0.04705883,171728267,745.60004,1439.6
DOWN,0,1.0,0.043137256,171728528,740.60004,1129.2001
MOVE,0,1.0,0.019607844,171728535,740.60004,1129.2001
MOVE,0,1.0,0.019607844,171728547,740.60004,1129.2001
MOVE,0,1.0,0.043137256,171728564,740.60004,1133.2001
MOVE,0,1.0,0.043137256,171728583,741.7719,1159.2607
MOVE,0,1.0,0.043137256,171728599,744.48065,1203.9716
MOVE,0,1.0,0.043137256,171728616,748.0494,1239.9781
MOVE,0,1.0,0.04705883,171728632,751.7113,1270.3174
MOVE,0,1.0,0.043137256,171728649,755.51416,1307.4551
MOVE,0,1.0,0.04705883,171728665,758.43195,1348.4016
MOVE,0,1.0,0.043137256,171728682,760.7888,1391.8461
MOVE,0,1.0,0.043137256,171728699,760.34827,1427.8441
MOVE,0,1.0,0.019607844,171728715,762.1169,1456.0747
MOVE,0,1.0,0.019607844,171728730,764.00006,1473.1001
MOVE,0,1.0,0.019607844,171728748,764.0,1488.1118
MOVE,0,1.0,0.050980397,171728765,765.004,1500.0322
MOVE,0,1.0,0.058823533,171728781,765.1537,1507.8025
MOVE,0,1.0,0.058823533,171728785,765.0,1509.8
UP,0,1.0,0.058823533,171728792,765.0,1509.8
MOVE,0,1.0,0.019607844,171729063,783.2,1182.4001
MOVE,0,1.0,0.019607844,171729080,779.88544,1260.3655
MOVE,0,1.0,0.043137256,171729097,773.1094,1331.2703
MOVE,0,1.0,0.04705883,171729113,760.8934,1438.1848
UP,0,1.0,0.04705883,171729118,763.4,1417.6
DOWN,0,1.0,0.043137256,171736278,745.8,1139.8
MOVE,0,1.0,0.043137256,171736304,746.0,1144.2001
MOVE,0,1.0,0.043137256,171736318,747.4697,1170.785
MOVE,0,1.0,0.043137256,171736335,750.6558,1241.9023
MOVE,0,1.0,0.04705883,171736351,747.7001,1319.5
MOVE,0,1.0,0.04705883,171736367,742.0926,1372.9105
MOVE,0,1.0,0.050980397,171736377,740.60004,1431.0
UP,0,1.0,0.050980397,171736385,740.60004,1431.0
DOWN,0,1.0,0.04705883,171736662,756.2,1123.4
MOVE,0,1.0,0.019607844,171736697,756.2,1123.4
MOVE,0,1.0,0.043137256,171736715,756.2,1123.4
MOVE,0,1.0,0.043137256,171736732,755.84094,1129.4265
MOVE,0,1.0,0.019607844,171736749,754.9981,1144.6393
MOVE,0,1.0,0.019607844,171736765,755.0,1164.3456
MOVE,0,1.0,0.019607844,171736782,755.0,1178.2872
MOVE,0,1.0,0.019607844,171736798,755.0,1184.6049
MOVE,0,1.0,0.019607844,171736815,755.0,1188.1173
MOVE,0,1.0,0.019607844,171736831,755.0,1190.1478
MOVE,0,1.0,0.019607844,171736848,755.0,1192.3
MOVE,0,1.0,0.043137256,171736864,755.0,1194.1537
MOVE,0,1.0,0.043137256,171736881,755.0,1195.3712
MOVE,0,1.0,0.043137256,171736898,755.0,1196.2396
MOVE,0,1.0,0.019607844,171736927,755.0,1196.4
MOVE,0,1.0,0.043137256,171736938,755.0,1196.4
MOVE,0,1.0,0.043137256,171736964,755.0,1196.4
MOVE,0,1.0,0.043137256,171736997,755.0,1196.7666
MOVE,0,1.0,0.043137256,171737014,755.0,1196.9929
MOVE,0,1.0,0.043137256,171737030,755.0,1197.6305
MOVE,0,1.0,0.043137256,171737047,755.0,1198.2789
MOVE,0,1.0,0.043137256,171737063,755.0,1198.7
MOVE,0,1.0,0.043137256,171737080,755.0,1200.1198
MOVE,0,1.0,0.043137256,171737097,755.0,1201.3125
MOVE,0,1.0,0.043137256,171737113,755.0,1202.3506
MOVE,0,1.0,0.043137256,171737129,755.0,1203.6001
MOVE,0,1.0,0.043137256,171737144,755.0,1205.7001
MOVE,0,1.0,0.043137256,171737163,755.0,1207.5774
MOVE,0,1.0,0.043137256,171737180,755.0,1209.864
MOVE,0,1.0,0.043137256,171737196,755.0,1212.5924
MOVE,0,1.0,0.043137256,171737213,755.0,1216.3782
MOVE,0,1.0,0.04705883,171737229,755.0,1220.4739
MOVE,0,1.0,0.04705883,171737246,755.0,1225.0723
MOVE,0,1.0,0.04705883,171737263,755.0,1232.4967
MOVE,0,1.0,0.04705883,171737273,755.60004,1241.0
UP,0,1.0,0.04705883,171737281,755.60004,1241.0
MOVE,0,1.0,0.019607844,171737727,780.094,1142.2758
MOVE,0,1.0,0.019607844,171737744,776.7001,1199.0
MOVE,0,1.0,0.019607844,171737761,769.0293,1262.5264
MOVE,0,1.0,0.043137256,171737777,761.8639,1309.8618
MOVE,0,1.0,0.043137256,171737794,756.62714,1346.3257
MOVE,0,1.0,0.043137256,171737810,753.3,1374.8999
MOVE,0,1.0,0.04705883,171737827,755.6574,1385.8007
MOVE,0,1.0,0.04705883,171737835,756.60004,1388.2001
UP,0,1.0,0.04705883,171737843,756.60004,1388.2001
MOVE,0,1.0,0.043137256,171738242,748.8795,1329.017
MOVE,0,1.0,0.019607844,171738258,756.93787,1255.4043
MOVE,0,1.0,0.04705883,171738275,810.91437,1098.8514
UP,0,1.0,0.04705883,171738279,797.4,1136.2001
DOWN,0,1.0,0.019607844,171738631,790.60004,1068.6
MOVE,0,1.0,0.019607844,171738673,790.60004,1080.6582
MOVE,0,1.0,0.019607844,171738690,790.60004,1130.6747
MOVE,0,1.0,0.019607844,171738707,787.1435,1210.2444
MOVE,0,1.0,0.019607844,171738723,779.79517,1298.1849
MOVE,0,1.0,0.019607844,171738740,773.93677,1373.86
MOVE,0,1.0,0.019607844,171738746,767.60004,1442.2001
UP,0,1.0,0.019607844,171738753,767.60004,1442.2001
DOWN,0,1.0,0.043137256,171739052,787.0,1078.2001
MOVE,0,1.0,0.019607844,171739088,779.7193,1140.3875
MOVE,0,1.0,0.019607844,171739105,765.8693,1263.7671
MOVE,0,1.0,0.043137256,171739121,758.26575,1376.9506
MOVE,0,1.0,0.04705883,171739138,756.60004,1454.1365
MOVE,0,1.0,0.058823533,171739155,760.662,1494.5936
MOVE,0,1.0,0.0627451,171739171,763.78186,1514.3783
MOVE,0,1.0,0.0627451,171739175,765.2,1520.6
UP,0,1.0,0.0627451,171739182,765.2,1520.6
