phase,pointerId,pressure,size,timestamp,x,y
DOWN,0,1.0,0.013725491,441115838,190.0,1520.0
MOVE,0,1.0,0.013725491,441115861,190.0,1501.831
MOVE,0,1.0,0.011764707,441115869,190.0,1486.1904
MOVE,0,1.0,0.013725491,441115877,189.26855,1453.9492
MOVE,0,1.0,0.013725491,441115886,186.13477,1406.0312
MOVE,0,1.0,0.013725491,441115894,177.90723,1342.7666
MOVE,0,1.0,0.011764707,441115902,161.59668,1267.2725
MOVE,0,1.0,0.013725491,441115911,108.54883,1049.2373
MOVE,0,1.0,0.013725491,441115913,89.0,969.0
UP,0,1.0,0.013725491,441115921,89.0,969.0
DOWN,0,1.0,0.011764707,441116538,174.0,1451.0
MOVE,0,1.0,0.013725491,441116552,174.0,1451.0
MOVE,0,1.0,0.013725491,441116561,174.0,1451.0
MOVE,0,1.0,0.013725491,441116569,174.0,1451.0
MOVE,0,1.0,0.013725491,441116577,176.4668,1445.333
MOVE,0,1.0,0.013725491,441116586,177.73535,1441.794
MOVE,0,1.0,0.011764707,441116594,178.72754,1437.3604
MOVE,0,1.0,0.013725491,441116602,180.4502,1427.3008
MOVE,0,1.0,0.013725491,441116611,181.7168,1411.8145
MOVE,0,1.0,0.013725491,441116619,182.0,1396.2129
MOVE,0,1.0,0.015686275,441116627,182.0,1383.2686
MOVE,0,1.0,0.013725491,441116636,180.54199,1372.7109
MOVE,0,1.0,0.013725491,441116644,179.27051,1364.1602
MOVE,0,1.0,0.013725491,441116652,177.53125,1357.5938
MOVE,0,1.0,0.013725491,441116661,176.2666,1353.0664
MOVE,0,1.0,0.013725491,441116669,175.30762,1349.2285
MOVE,0,1.0,0.013725491,441116677,175.0,1347.2891
MOVE,0,1.0,0.013725491,441116686,175.0,1345.5342
MOVE,0,1.0,0.013725491,441116694,174.27148,1344.2715
MOVE,0,1.0,0.013725491,441116702,174.0,1342.5488
MOVE,0,1.0,0.013725491,441116711,174.0,1341.2715
MOVE,0,1.0,0.013725491,441116719,174.0,1340.2832
MOVE,0,1.0,0.013725491,441116727,174.0,1339.2754
MOVE,0,1.0,0.013725491,441116736,174.0,1338.2725
MOVE,0,1.0,0.013725491,441116744,174.0,1337.2734
MOVE,0,1.0,0.013725491,441116752,174.0,1336.2666
MOVE,0,1.0,0.013725491,441116761,173.28027,1335.2803
MOVE,0,1.0,0.013725491,441116769,173.0,1334.2764
MOVE,0,1.0,0.013725491,441116777,173.0,1333.2812
MOVE,0,1.0,0.013725491,441116786,173.0,1332.2773
MOVE,0,1.0,0.013725491,441116794,173.0,1332.0
MOVE,0,1.0,0.013725491,441116802,173.0,1332.0
MOVE,0,1.0,0.013725491,441116811,173.0,1332.0
MOVE,0,1.0,0.013725491,441116819,173.0,1332.0
MOVE,0,1.0,0.013725491,441116827,173.0,1332.0
MOVE,0,1.0,0.013725491,441116836,173.0,1332.0
MOVE,0,1.0,0.013725491,441116844,173.0,1332.0
MOVE,0,1.0,0.013725491,441116852,173.0,1332.0
MOVE,0,1.0,0.013725491,441116861,172.26758,1327.8037
MOVE,0,1.0,0.013725491,441116869,170.53906,1324.8086
MOVE,0,1.0,0.013725491,441116871,170.0,1324.0
UP,0,1.0,0.013725491,441116880,170.0,1324.0
DOWN,0,1.0,0.011764707,441117764,170.0,1559.0
MOVE,0,1.0,0.011764707,441117777,177.8164,1520.9014
MOVE,0,1.0,0.013725491,441117786,186.31543,1427.0986
MOVE,0,1.0,0.015686275,441117794,176.00781,1312.5449
MOVE,0,1.0,0.015686275,441117802,142.96387,1213.832
MOVE,0,1.0,0.011764707,441117811,44.182617,948.04395
MOVE,0,1.0,0.011764707,441117813,8.0,850.0
UP,0,1.0,0.011764707,441117822,8.0,850.0
DOWN,0,1.0,0.011764707,441118612,148.0,1080.0
MOVE,0,1.0,0.015686275,441118627,150.53906,1085.3086
MOVE,0,1.0,0.015686275,441118636,157.36328,1097.9385
MOVE,0,1.0,0.013725491,441118644,167.72949,1117.7012
MOVE,0,1.0,0.015686275,441118652,174.25781,1132.2246
MOVE,0,1.0,0.015686275,441118661,179.5498,1145.2285
MOVE,0,1.0,0.015686275,441118669,184.61328,1159.1172
MOVE,0,1.0,0.015686275,441118677,188.1416,1171.5674
MOVE,0,1.0,0.013725491,441118686,191.12988,1182.8115
MOVE,0,1.0,0.015686275,441118694,193.41211,1193.0625
MOVE,0,1.0,0.015686275,441118702,195.41699,1202.374
MOVE,0,1.0,0.015686275,441118711,197.42969,1210.7197
MOVE,0,1.0,0.015686275,441118719,199.38867,1217.165
MOVE,0,1.0,0.015686275,441118727,201.41211,1223.2373
MOVE,0,1.0,0.013725491,441118736,202.70117,1229.2041
MOVE,0,1.0,0.013725491,441118744,204.40332,1234.5088
MOVE,0,1.0,0.013725491,441118752,206.43652,1239.5908
MOVE,0,1.0,0.013725491,441118761,207.71777,1244.5879
MOVE,0,1.0,0.011764707,441118769,208.72266,1248.8906
MOVE,0,1.0,0.011764707,441118777,210.45703,1252.9141
MOVE,0,1.0,0.011764707,441118786,211.71094,1256.1328
MOVE,0,1.0,0.011764707,441118794,212.70996,1259.8418
MOVE,0,1.0,0.011764707,441118802,213.0,1262.4277
MOVE,0,1.0,0.011764707,441118811,213.0,1264.4287
MOVE,0,1.0,0.011764707,441118819,213.71191,1265.7119
MOVE,0,1.0,0.011764707,441118827,214.71484,1266.7148
MOVE,0,1.0,0.011764707,441118836,215.0,1267.7246
MOVE,0,1.0,0.011764707,441118844,215.71094,1268.7109
MOVE,0,1.0,0.011764707,441118852,216.0,1270.4473
MOVE,0,1.0,0.011764707,441118861,217.44238,1273.8838
MOVE,0,1.0,0.011764707,441118869,219.35645,1277.0342
MOVE,0,1.0,0.01764706,441118877,221.39355,1279.3936
MOVE,0,1.0,0.01764706,441118880,222.0,1280.0
UP,0,1.0,0.01764706,441118888,222.0,1280.0
DOWN,0,1.0,0.011764707,441119064,137.0,1072.0
MOVE,0,1.0,0.015686275,441119077,152.50879,1094.2783
MOVE,0,1.0,0.015686275,441119085,178.2461,1141.3984
MOVE,0,1.0,0.015686275,441119094,207.35449,1208.5342
MOVE,0,1.0,0.015686275,441119102,231.54688,1290.7754
MOVE,0,1.0,0.013725491,441119110,247.94922,1379.9609
MOVE,0,1.0,0.015686275,441119119,286.16895,1630.2344
MOVE,0,1.0,0.015686275,441119121,300.0,1721.0
UP,0,1.0,0.015686275,441119130,300.0,1721.0
DOWN,0,1.0,0.009803922,441119445,174.0,1545.0
MOVE,0,1.0,0.013725491,441119460,185.0039,1502.7842
MOVE,0,1.0,0.009803922,441119469,200.96289,1396.0996
MOVE,0,1.0,0.011764707,441119477,191.09961,1267.0986
MOVE,0,1.0,0.013725491,441119485,154.09473,1165.4893
MOVE,0,1.0,0.011764707,441119494,44.401367,904.2012
MOVE,0,1.0,0.011764707,441119496,8.0,817.0
UP,0,1.0,0.011764707,441119504,8.0,817.0
DOWN,0,1.0,0.011764707,441119843,137.0,1045.0
MOVE,0,1.0,0.013725491,441119852,145.12012,1054.5322
MOVE,0,1.0,0.015686275,441119860,160.90039,1074.6133
MOVE,0,1.0,0.015686275,441119869,183.94434,1110.5342
MOVE,0,1.0,0.01764706,441119877,209.19629,1160.5762
MOVE,0,1.0,0.015686275,441119885,231.66406,1222.7041
MOVE,0,1.0,0.013725491,441119894,249.54395,1299.7207
MOVE,0,1.0,0.011764707,441119902,260.2744,1381.2607
MOVE,0,1.0,0.009803922,441119910,284.78223,1616.3916
MOVE,0,1.0,0.009803922,441119913,294.0,1705.0
UP,0,1.0,0.009803922,441119921,294.0,1705.0
DOWN,0,1.0,0.011764707,441120313,116.0,1019.0
MOVE,0,1.0,0.01764706,441120327,134.49023,1047.3008
MOVE,0,1.0,0.015686275,441120335,158.92578,1089.6465
MOVE,0,1.0,0.015686275,441120344,184.11914,1145.3711
MOVE,0,1.0,0.01764706,441120352,204.60547,1212.124
MOVE,0,1.0,0.01764706,441120360,218.60449,1292.2305
MOVE,0,1.0,0.011764707,441120369,252.16797,1527.8906
MOVE,0,1.0,0.011764707,441120371,264.0,1611.0
UP,0,1.0,0.011764707,441120379,264.0,1611.0
DOWN,0,1.0,0.011764707,441121371,181.0,1008.0
MOVE,0,1.0,0.015686275,441121385,190.36914,1025.5342
MOVE,0,1.0,0.015686275,441121394,211.43066,1077.293
MOVE,0,1.0,0.015686275,441121402,232.48535,1153.7881
MOVE,0,1.0,0.013725491,441121410,245.2002,1232.6748
MOVE,0,1.0,0.013725491,441121419,249.69336,1323.3975
MOVE,0,1.0,0.01764706,441121427,252.82324,1574.0137
MOVE,0,1.0,0.01764706,441121429,254.0,1667.0
UP,0,1.0,0.01764706,441121438,254.0,1667.0
DOWN,0,1.0,0.011764707,441122037,154.0,1496.0
MOVE,0,1.0,0.013725491,441122060,162.81055,1478.6484
MOVE,0,1.0,0.013725491,441122069,169.4502,1467.3711
MOVE,0,1.0,0.011764707,441122077,177.6543,1450.9844
MOVE,0,1.0,0.013725491,441122085,185.39062,1432.5244
MOVE,0,1.0,0.009803922,441122094,194.28027,1410.6494
MOVE,0,1.0,0.011764707,441122102,200.4082,1387.6396
MOVE,0,1.0,0.009803922,441122110,204.78125,1361.9248
MOVE,0,1.0,0.011764707,441122119,208.1377,1336.9004
MOVE,0,1.0,0.011764707,441122127,209.0,1313.5967
MOVE,0,1.0,0.009803922,441122135,208.29297,1292.1602
MOVE,0,1.0,0.011764707,441122144,206.60059,1272.0098
MOVE,0,1.0,0.011764707,441122152,204.58691,1253.2822
MOVE,0,1.0,0.015686275,441122160,203.28613,1235.8701
MOVE,0,1.0,0.011764707,441122169,202.28223,1221.668
MOVE,0,1.0,0.011764707,441122177,202.0,1209.3525
MOVE,0,1.0,0.011764707,441122185,202.0,1200.4395
MOVE,0,1.0,0.013725491,441122194,202.0,1194.6699
MOVE,0,1.0,0.013725491,441122202,202.0,1192.3057
MOVE,0,1.0,0.013725491,441122210,202.0,1191.2861
MOVE,0,1.0,0.013725491,441122219,202.0,1190.2832
MOVE,0,1.0,0.013725491,441122227,201.30371,1189.3037
MOVE,0,1.0,0.013725491,441122235,201.0,1188.2998
MOVE,0,1.0,0.013725491,441122244,201.0,1187.2871
MOVE,0,1.0,0.013725491,441122252,201.0,1187.0
MOVE,0,1.0,0.013725491,441122260,201.0,1187.0
MOVE,0,1.0,0.013725491,441122269,201.0,1187.0
MOVE,0,1.0,0.013725491,441122277,201.0,1187.0
MOVE,0,1.0,0.013725491,441122285,201.0,1187.0
MOVE,0,1.0,0.013725491,441122294,201.0,1187.0
MOVE,0,1.0,0.013725491,441122302,201.0,1187.0
MOVE,0,1.0,0.013725491,441122310,202.72266,1186.2773
MOVE,0,1.0,0.013725491,441122319,203.71387,1186.0
MOVE,0,1.0,0.013725491,441122327,204.0,1186.0
MOVE,0,1.0,0.013725491,441122335,204.0,1186.0
MOVE,0,1.0,0.013725491,441122344,205.0,1185.2734
MOVE,0,1.0,0.013725491,441122352,205.71191,1185.0
MOVE,0,1.0,0.013725491,441122360,206.70703,1183.5859
MOVE,0,1.0,0.013725491,441122369,207.0,1182.2764
MOVE,0,1.0,0.013725491,441122377,207.72363,1180.5527
MOVE,0,1.0,0.013725491,441122385,208.71582,1177.8516
MOVE,0,1.0,0.013725491,441122394,211.13574,1173.4404
MOVE,0,1.0,0.01764706,441122402,212.0,1168.4346
MOVE,0,1.0,0.013725491,441122410,210.5752,1159.8779
MOVE,0,1.0,0.011764707,441122419,205.72656,1144.1807
MOVE,0,1.0,0.013725491,441122427,194.16797,1118.6338
MOVE,0,1.0,0.013725491,441122435,174.06934,1080.3115
MOVE,0,1.0,0.015686275,441122444,147.61914,1031.8789
MOVE,0,1.0,0.015686275,441122452,114.143555,976.3428
MOVE,0,1.0,0.013725491,441122460,73.72656,913.86914
MOVE,0,1.0,0.009803922,441122469,23.422852,829.5625
MOVE,0,1.0,0.009803922,441122471,8.0,803.0
UP,0,1.0,0.009803922,441122479,8.0,803.0
DOWN,0,1.0,0.011764707,441122697,164.0,1055.0
MOVE,0,1.0,0.013725491,441122710,164.0,1055.0
MOVE,0,1.0,0.013725491,441122719,164.0,1055.0
MOVE,0,1.0,0.013725491,441122727,164.0,1055.0
MOVE,0,1.0,0.013725491,441122735,164.0,1055.0
MOVE,0,1.0,0.013725491,441122744,164.0,1055.0
MOVE,0,1.0,0.013725491,441122752,164.0,1055.0
MOVE,0,1.0,0.013725491,441122760,164.0,1055.0
MOVE,0,1.0,0.013725491,441122769,164.0,1055.0
MOVE,0,1.0,0.013725491,441122777,164.0,1055.0
MOVE,0,1.0,0.013725491,441122785,164.0,1055.0
MOVE,0,1.0,0.013725491,441122794,164.0,1055.0
MOVE,0,1.0,0.013725491,441122802,164.0,1055.0
MOVE,0,1.0,0.013725491,441122810,164.0,1055.0
MOVE,0,1.0,0.013725491,441122819,164.0,1055.0
MOVE,0,1.0,0.013725491,441122827,164.0,1055.0
MOVE,0,1.0,0.013725491,441122835,164.0,1055.0
MOVE,0,1.0,0.013725491,441122844,164.0,1055.0
MOVE,0,1.0,0.013725491,441122852,164.0,1055.0
MOVE,0,1.0,0.013725491,441122860,164.0,1055.0
MOVE,0,1.0,0.013725491,441122869,164.0,1055.0
MOVE,0,1.0,0.013725491,441122877,164.0,1055.0
MOVE,0,1.0,0.013725491,441122885,164.0,1055.0
MOVE,0,1.0,0.013725491,441122894,164.0,1055.0
MOVE,0,1.0,0.013725491,441122902,164.0,1055.0
MOVE,0,1.0,0.013725491,441122910,164.0,1055.0
MOVE,0,1.0,0.013725491,441122919,166.16309,1059.6055
MOVE,0,1.0,0.013725491,441122927,168.44824,1066.0693
MOVE,0,1.0,0.01764706,441122935,171.16113,1077.3643
MOVE,0,1.0,0.015686275,441122944,176.15723,1096.2432
MOVE,0,1.0,0.013725491,441122952,183.73438,1125.9395
MOVE,0,1.0,0.013725491,441122960,191.84863,1167.1699
MOVE,0,1.0,0.011764707,441122969,199.09277,1218.2881
MOVE,0,1.0,0.009803922,441122977,202.4375,1275.4023
MOVE,0,1.0,0.013725491,441122985,207.99316,1439.665
MOVE,0,1.0,0.013725491,441122988,210.0,1499.0
UP,0,1.0,0.013725491,441122996,210.0,1499.0
DOWN,0,1.0,0.011764707,441127116,216.0,1359.0
MOVE,0,1.0,0.009803922,441127127,215.0,1354.4482
MOVE,0,1.0,0.009803922,441127135,214.28906,1346.6006
MOVE,0,1.0,0.009803922,441127144,214.0,1340.4434
MOVE,0,1.0,0.011764707,441127152,213.29004,1336.8711
MOVE,0,1.0,0.011764707,441127160,213.0,1326.2314
MOVE,0,1.0,0.009803922,441127169,213.0,1304.9502
MOVE,0,1.0,0.011764707,441127177,212.29883,1272.0537
MOVE,0,1.0,0.011764707,441127185,209.89453,1231.5195
MOVE,0,1.0,0.009803922,441127194,204.73047,1197.6523
MOVE,0,1.0,0.013725491,441127202,200.87402,1170.5732
MOVE,0,1.0,0.011764707,441127210,195.75684,1144.6113
MOVE,0,1.0,0.013725491,441127219,187.65137,1119.3652
MOVE,0,1.0,0.015686275,441127227,179.31738,1094.2402
MOVE,0,1.0,0.013725491,441127235,171.0166,1070.3799
MOVE,0,1.0,0.011764707,441127244,162.42773,1046.6758
MOVE,0,1.0,0.013725491,441127252,153.5293,1026.3408
MOVE,0,1.0,0.011764707,441127260,146.67871,1008.03516
MOVE,0,1.0,0.011764707,441127269,141.41211,989.3662
MOVE,0,1.0,0.015686275,441127277,135.68848,973.9404
MOVE,0,1.0,0.015686275,441127285,131.85742,961.4287
MOVE,0,1.0,0.011764707,441127294,128.20801,950.3213
MOVE,0,1.0,0.013725491,441127302,124.87988,942.0537
MOVE,0,1.0,0.013725491,441127310,123.28516,935.7129
MOVE,0,1.0,0.013725491,441127319,123.0,930.5547
MOVE,0,1.0,0.011764707,441127327,122.28223,926.84766
MOVE,0,1.0,0.011764707,441127335,121.2793,923.1172
MOVE,0,1.0,0.011764707,441127344,120.27832,919.1123
MOVE,0,1.0,0.015686275,441127352,118.54883,915.09766
MOVE,0,1.0,0.015686275,441127360,116.56543,910.41504
MOVE,0,1.0,0.015686275,441127369,113.83496,905.3916
MOVE,0,1.0,0.015686275,441127377,110.09473,901.0947
MOVE,0,1.0,0.015686275,441127385,106.90332,896.50684
MOVE,0,1.0,0.011764707,441127394,104.583984,892.16797
MOVE,0,1.0,0.011764707,441127402,102.56445,887.41113
MOVE,0,1.0,0.011764707,441127410,101.274414,883.0957
MOVE,0,1.0,0.011764707,441127419,99.53613,879.0713
MOVE,0,1.0,0.011764707,441127427,98.27539,875.10156
MOVE,0,1.0,0.011764707,441127435,96.56641,870.416
MOVE,0,1.0,0.011764707,441127444,96.0,864.6279
MOVE,0,1.0,0.011764707,441127452,94.543945,857.9043
MOVE,0,1.0,0.013725491,441127460,91.8291,852.38184
MOVE,0,1.0,0.013725491,441127469,89.54883,846.6455
MOVE,0,1.0,0.013725491,441127477,88.27539,841.37695
MOVE,0,1.0,0.011764707,441127485,85.819336,835.63965
MOVE,0,1.0,0.011764707,441127494,84.27051,831.083
MOVE,0,1.0,0.011764707,441127502,80.4082,826.4082
MOVE,0,1.0,0.011764707,441127510,76.862305,821.4365
MOVE,0,1.0,0.011764707,441127519,72.4541,815.7451
MOVE,0,1.0,0.011764707,441127527,68.12402,810.4053
MOVE,0,1.0,0.015686275,441127535,63.384766,804.6621
MOVE,0,1.0,0.013725491,441127544,59.126953,798.6904
MOVE,0,1.0,0.013725491,441127552,56.54492,794.08984
MOVE,0,1.0,0.011764707,441127560,53.79785,790.79785
MOVE,0,1.0,0.011764707,441127569,53.0,788.5381
MOVE,0,1.0,0.011764707,441127577,53.0,787.2705
MOVE,0,1.0,0.011764707,441127585,52.27539,786.2754
MOVE,0,1.0,0.011764707,441127592,51.5,785.5
MOVE,0,1.0,0.011764707,441127610,51.5,785.5
MOVE,0,1.0,0.011764707,441127619,51.5,785.5
MOVE,0,1.0,0.013725491,441127627,58.44922,793.6709
MOVE,0,1.0,0.013725491,441127635,64.48926,803.23047
MOVE,0,1.0,0.013725491,441127644,71.0625,814.67773
MOVE,0,1.0,0.011764707,441127652,78.79883,827.4238
MOVE,0,1.0,0.011764707,441127660,86.77539,839.6631
MOVE,0,1.0,0.011764707,441127669,93.328125,849.4922
MOVE,0,1.0,0.013725491,441127677,97.89844,857.7959
MOVE,0,1.0,0.015686275,441127685,101.85547,864.99805
MOVE,0,1.0,0.011764707,441127694,105.868164,869.86816
MOVE,0,1.0,0.011764707,441127702,109.13867,875.27637
MOVE,0,1.0,0.011764707,441127710,112.15625,879.875
MOVE,0,1.0,0.011764707,441127719,115.16992,883.1699
MOVE,0,1.0,0.013725491,441127727,117.45801,886.916
MOVE,0,1.0,0.013725491,441127735,118.7207,889.4414
MOVE,0,1.0,0.015686275,441127744,120.44531,892.8916
MOVE,0,1.0,0.015686275,441127752,122.38574,896.77246
MOVE,0,1.0,0.015686275,441127760,124.44336,900.16504
MOVE,0,1.0,0.015686275,441127769,126.46094,903.9209
MOVE,0,1.0,0.015686275,441127777,128.45117,907.90137
MOVE,0,1.0,0.015686275,441127785,129.0,913.2881
MOVE,0,1.0,0.015686275,441127794,130.43066,918.5781
MOVE,0,1.0,0.015686275,441127802,132.43555,923.58887
MOVE,0,1.0,0.015686275,441127810,133.71973,927.88086
MOVE,0,1.0,0.015686275,441127819,134.71289,932.5654
MOVE,0,1.0,0.013725491,441127827,135.0,936.88477
MOVE,0,1.0,0.013725491,441127835,135.72754,939.4541
MOVE,0,1.0,0.013725491,441127844,136.73145,942.9258
MOVE,0,1.0,0.013725491,441127852,137.72559,947.6279
MOVE,0,1.0,0.011764707,441127860,138.0,951.7627
MOVE,0,1.0,0.015686275,441127869,139.40332,956.50977
MOVE,0,1.0,0.011764707,441127877,141.43164,962.2949
MOVE,0,1.0,0.015686275,441127885,143.42676,968.28125
MOVE,0,1.0,0.015686275,441127894,144.0,972.8262
MOVE,0,1.0,0.015686275,441127902,144.71191,977.5586
MOVE,0,1.0,0.013725491,441127910,145.71484,980.4297
MOVE,0,1.0,0.015686275,441127919,146.71484,984.5742
MOVE,0,1.0,0.013725491,441127927,147.72266,991.05664
MOVE,0,1.0,0.013725491,441127935,148.0,997.3428
MOVE,0,1.0,0.011764707,441127944,149.4541,1003.3633
MOVE,0,1.0,0.011764707,441127952,150.0,1008.63184
MOVE,0,1.0,0.011764707,441127960,150.72559,1013.626
MOVE,0,1.0,0.011764707,441127969,151.0,1017.8623
MOVE,0,1.0,0.011764707,441127977,152.44043,1021.88086
MOVE,0,1.0,0.015686275,441127985,153.0,1025.8965
MOVE,0,1.0,0.015686275,441127994,153.7168,1029.1514
MOVE,0,1.0,0.01764706,441128002,154.72363,1033.6191
MOVE,0,1.0,0.01764706,441128010,155.0,1037.1709
MOVE,0,1.0,0.01764706,441128019,155.0,1041.5996
MOVE,0,1.0,0.01764706,441128027,156.4375,1046.5928
MOVE,0,1.0,0.01764706,441128035,157.72461,1051.6221
MOVE,0,1.0,0.011764707,441128044,158.0,1057.3926
MOVE,0,1.0,0.011764707,441128052,159.4668,1064.8672
MOVE,0,1.0,0.011764707,441128060,160.72656,1072.0859
MOVE,0,1.0,0.011764707,441128069,162.4414,1079.7646
MOVE,0,1.0,0.013725491,441128077,163.0,1087.0771
MOVE,0,1.0,0.013725491,441128085,165.1875,1096.29
MOVE,0,1.0,0.01764706,441128094,166.7334,1108.54
MOVE,0,1.0,0.011764707,441128102,168.45605,1124.377
MOVE,0,1.0,0.011764707,441128110,171.14258,1143.2842
MOVE,0,1.0,0.013725491,441128119,174.14648,1162.5938
MOVE,0,1.0,0.013725491,441128127,177.13574,1181.5264
MOVE,0,1.0,0.013725491,441128135,178.71484,1197.0137
MOVE,0,1.0,0.013725491,441128144,181.15527,1212.4971
MOVE,0,1.0,0.011764707,441128152,182.0,1225.5615
MOVE,0,1.0,0.011764707,441128160,180.56543,1237.6045
MOVE,0,1.0,0.013725491,441128169,180.0,1248.9287
MOVE,0,1.0,0.013725491,441128177,178.55078,1260.6924
MOVE,0,1.0,0.013725491,441128185,178.0,1273.251
MOVE,0,1.0,0.011764707,441128194,179.44336,1284.9385
MOVE,0,1.0,0.013725491,441128202,178.55469,1294.5049
MOVE,0,1.0,0.013725491,441128210,178.0,1302.7363
MOVE,0,1.0,0.013725491,441128219,180.83984,1310.6797
MOVE,0,1.0,0.013725491,441128227,182.0,1318.0625
MOVE,0,1.0,0.013725491,441128235,183.43945,1323.5986
MOVE,0,1.0,0.013725491,441128244,184.71777,1327.8701
MOVE,0,1.0,0.013725491,441128252,185.0,1332.5801
MOVE,0,1.0,0.013725491,441128260,185.0,1334.7178
MOVE,0,1.0,0.013725491,441128269,185.0,1335.0
MOVE,0,1.0,0.013725491,441128277,185.0,1335.0
MOVE,0,1.0,0.013725491,441128285,185.0,1335.0
MOVE,0,1.0,0.013725491,441128294,185.0,1326.1621
MOVE,0,1.0,0.013725491,441128302,185.0,1313.0879
MOVE,0,1.0,0.013725491,441128310,186.4414,1293.1406
MOVE,0,1.0,0.011764707,441128319,187.0,1264.9365
MOVE,0,1.0,0.013725491,441128327,189.14941,1228.0518
MOVE,0,1.0,0.011764707,441128335,186.41602,1185.4619
MOVE,0,1.0,0.013725491,441128344,179.28516,1138.708
MOVE,0,1.0,0.013725491,441128352,171.27344,1094.9365
MOVE,0,1.0,0.013725491,441128360,161.16211,1058.7754
MOVE,0,1.0,0.015686275,441128369,151.60742,1028.4004
MOVE,0,1.0,0.011764707,441128377,141.82031,1001.33203
MOVE,0,1.0,0.013725491,441128385,132.56543,975.4121
MOVE,0,1.0,0.015686275,441128394,122.791016,950.6992
MOVE,0,1.0,0.013725491,441128402,110.57617,928.05273
MOVE,0,1.0,0.011764707,441128410,99.734375,906.0166
MOVE,0,1.0,0.011764707,441128419,89.02832,887.6797
MOVE,0,1.0,0.011764707,441128427,79.416016,870.5635
MOVE,0,1.0,0.011764707,441128435,71.18457,855.8242
MOVE,0,1.0,0.013725491,441128444,63.98535,844.1201
MOVE,0,1.0,0.013725491,441128452,59.836914,835.9541
MOVE,0,1.0,0.011764707,441128460,56.82715,831.1035
MOVE,0,1.0,0.011764707,441128469,56.0,828.5625
MOVE,0,1.0,0.011764707,441128477,56.0,828.0
MOVE,0,1.0,0.011764707,441128485,56.0,828.0
MOVE,0,1.0,0.011764707,441128494,57.72754,826.0
MOVE,0,1.0,0.011764707,441128502,58.77246,825.22754
MOVE,0,1.0,0.011764707,441128510,61.203125,824.2656
MOVE,0,1.0,0.013725491,441128519,64.24414,824.0
MOVE,0,1.0,0.013725491,441128525,66.5,824.0
MOVE,0,1.0,0.013725491,441128544,67.0,823.0
MOVE,0,1.0,0.013725491,441128552,67.0,823.0
MOVE,0,1.0,0.013725491,441128558,70.0,821.5
MOVE,0,1.0,0.013725491,441128577,70.0,821.27734
MOVE,0,1.0,0.013725491,441128585,69.231445,821.0
MOVE,0,1.0,0.013725491,441128594,69.0,821.0
MOVE,0,1.0,0.013725491,441128602,69.0,821.0
MOVE,0,1.0,0.013725491,441128610,69.0,818.2256
MOVE,0,1.0,0.013725491,441128619,67.53125,817.2656
MOVE,0,1.0,0.015686275,441128627,66.29297,815.5869
MOVE,0,1.0,0.015686275,441128635,64.58594,812.8789
MOVE,0,1.0,0.015686275,441128644,61.83203,809.1094
MOVE,0,1.0,0.013725491,441128652,57.36621,803.6387
MOVE,0,1.0,0.011764707,441128660,52.37793,795.48145
MOVE,0,1.0,0.011764707,441128669,45.92578,787.2012
MOVE,0,1.0,0.011764707,441128677,36.078125,777.79785
MOVE,0,1.0,0.011764707,441128685,27.43457,770.13086
MOVE,0,1.0,0.009803922,441128694,21.44336,765.1543
MOVE,0,1.0,0.009803922,441128702,14.238281,761.83984
MOVE,0,1.0,0.009803922,441128710,9.847656,759.5654
MOVE,0,1.0,0.009803922,441128719,8.280273,758.2803
MOVE,0,1.0,0.009803922,441128727,8.0,755.125
MOVE,0,1.0,0.009803922,441128735,8.8203125,754.0
MOVE,0,1.0,0.009803922,441128744,8.175781,754.0
MOVE,0,1.0,0.009803922,441128745,8.0,754.0
UP,0,1.0,0.009803922,441128754,8.0,754.0
DOWN,0,1.0,0.013725491,441129044,160.0,914.0
MOVE,0,1.0,0.015686275,441129060,167.2461,920.9961
MOVE,0,1.0,0.015686275,441129069,172.60156,928.042
MOVE,0,1.0,0.015686275,441129077,174.0,930.0
MOVE,0,1.0,0.015686275,441129085,174.0,930.0
MOVE,0,1.0,0.015686275,441129094,177.8711,940.1787
MOVE,0,1.0,0.015686275,441129102,183.2539,952.92676
MOVE,0,1.0,0.015686275,441129110,189.23633,970.41406
MOVE,0,1.0,0.013725491,441129119,196.71973,993.1582
MOVE,0,1.0,0.01764706,441129127,204.7793,1018.7842
MOVE,0,1.0,0.011764707,441129135,213.49219,1046.1992
MOVE,0,1.0,0.013725491,441129144,221.74707,1074.832
MOVE,0,1.0,0.013725491,441129152,229.67676,1102.8691
MOVE,0,1.0,0.013725491,441129160,236.8457,1130.3838
MOVE,0,1.0,0.013725491,441129169,243.10254,1156.0947
MOVE,0,1.0,0.013725491,441129177,249.26367,1179.6338
MOVE,0,1.0,0.013725491,441129185,253.13086,1200.207
MOVE,0,1.0,0.01764706,441129194,256.11523,1217.9863
MOVE,0,1.0,0.013725491,441129202,257.71875,1233.7803
MOVE,0,1.0,0.013725491,441129210,258.0,1247.3662
MOVE,0,1.0,0.013725491,441129219,257.292,1259.4932
MOVE,0,1.0,0.011764707,441129227,257.0,1270.71
MOVE,0,1.0,0.013725491,441129235,257.0,1281.0303
MOVE,0,1.0,0.013725491,441129244,256.28223,1289.7432
MOVE,0,1.0,0.013725491,441129252,255.27148,1296.3721
MOVE,0,1.0,0.013725491,441129260,255.0,1301.6631
MOVE,0,1.0,0.013725491,441129269,254.27051,1305.919
MOVE,0,1.0,0.013725491,441129277,254.0,1309.1934
MOVE,0,1.0,0.013725491,441129285,254.71094,1311.4209
MOVE,0,1.0,0.013725491,441129294,255.0,1312.7139
MOVE,0,1.0,0.013725491,441129302,255.0,1313.7217
MOVE,0,1.0,0.013725491,441129310,255.0,1314.7256
MOVE,0,1.0,0.013725491,441129319,254.28027,1316.4404
MOVE,0,1.0,0.013725491,441129327,253.2832,1317.7168
MOVE,0,1.0,0.013725491,441129335,253.0,1318.7295
MOVE,0,1.0,0.013725491,441129344,253.0,1319.7393
MOVE,0,1.0,0.013725491,441129352,253.0,1320.7373
MOVE,0,1.0,0.013725491,441129360,254.46973,1321.7354
MOVE,0,1.0,0.013725491,441129367,256.0,1322.5
MOVE,0,1.0,0.013725491,441129385,256.0,1322.5
MOVE,0,1.0,0.013725491,441129394,256.0,1322.5
MOVE,0,1.0,0.013725491,441129402,255.0,1323.0
MOVE,0,1.0,0.013725491,441129410,255.0,1323.0
MOVE,0,1.0,0.013725491,441129419,255.0,1323.0
MOVE,0,1.0,0.013725491,441129427,256.0,1323.0
MOVE,0,1.0,0.013725491,441129435,256.0,1323.0
MOVE,0,1.0,0.013725491,441129444,256.0,1323.0
MOVE,0,1.0,0.013725491,441129452,257.73535,1322.2646
MOVE,0,1.0,0.011764707,441129460,259.46387,1320.5361
MOVE,0,1.0,0.011764707,441129469,261.44336,1317.1143
MOVE,0,1.0,0.011764707,441129477,263.43066,1310.2783
MOVE,0,1.0,0.011764707,441129485,263.2744,1298.5732
MOVE,0,1.0,0.013725491,441129494,260.82715,1281.2393
MOVE,0,1.0,0.011764707,441129502,257.85352,1260.9717
MOVE,0,1.0,0.013725491,441129510,253.41016,1237.7695
MOVE,0,1.0,0.015686275,441129519,249.84766,1214.4951
MOVE,0,1.0,0.013725491,441129527,246.09473,1192.7471
MOVE,0,1.0,0.013725491,441129535,241.42871,1174.8564
MOVE,0,1.0,0.013725491,441129544,237.16504,1160.0791
MOVE,0,1.0,0.013725491,441129552,233.84277,1148.0898
MOVE,0,1.0,0.013725491,441129560,231.55566,1138.502
MOVE,0,1.0,0.011764707,441129569,229.6084,1130.4316
MOVE,0,1.0,0.011764707,441129577,227.56055,1122.9609
MOVE,0,1.0,0.011764707,441129585,226.25879,1116.5547
MOVE,0,1.0,0.015686275,441129594,226.0,1111.29
MOVE,0,1.0,0.015686275,441129602,225.2627,1105.5771
MOVE,0,1.0,0.013725491,441129610,223.60645,1099.8213
MOVE,0,1.0,0.01764706,441129619,221.56836,1094.4199
MOVE,0,1.0,0.013725491,441129627,218.81055,1088.6221
MOVE,0,1.0,0.011764707,441129635,215.93457,1082.8691
MOVE,0,1.0,0.011764707,441129644,212.86816,1076.7363
MOVE,0,1.0,0.011764707,441129652,209.06152,1069.8574
MOVE,0,1.0,0.011764707,441129660,206.5459,1062.9121
MOVE,0,1.0,0.013725491,441129669,203.83203,1056.6641
MOVE,0,1.0,0.015686275,441129677,200.84082,1050.6807
MOVE,0,1.0,0.015686275,441129685,198.5498,1043.9258
MOVE,0,1.0,0.015686275,441129694,195.80957,1037.6191
MOVE,0,1.0,0.015686275,441129702,192.83105,1032.3848
MOVE,0,1.0,0.015686275,441129710,190.5625,1026.6875
MOVE,0,1.0,0.015686275,441129719,188.60449,1022.209
MOVE,0,1.0,0.013725491,441129727,187.28906,1018.1572
MOVE,0,1.0,0.013725491,441129735,187.0,1013.40625
MOVE,0,1.0,0.013725491,441129744,186.29297,1009.8789
MOVE,0,1.0,0.013725491,441129752,185.2832,1006.8496
MOVE,0,1.0,0.013725491,441129760,184.27539,1003.8252
MOVE,0,1.0,0.013725491,441129769,182.55957,1002.2793
MOVE,0,1.0,0.013725491,441129777,181.27344,1000.54785
MOVE,0,1.0,0.015686275,441129785,180.27441,999.2744
MOVE,0,1.0,0.015686275,441129794,179.28027,998.2803
MOVE,0,1.0,0.015686275,441129802,178.26953,996.53906
MOVE,0,1.0,0.015686275,441129810,177.26855,993.8047
MOVE,0,1.0,0.015686275,441129819,175.61621,991.6162
MOVE,0,1.0,0.015686275,441129827,173.57129,989.5713
MOVE,0,1.0,0.015686275,441129835,171.53711,986.80664
MOVE,0,1.0,0.015686275,441129844,168.85938,983.8594
MOVE,0,1.0,0.015686275,441129852,167.28223,981.5654
MOVE,0,1.0,0.015686275,441129860,166.27051,978.81055
MOVE,0,1.0,0.015686275,441129869,164.54102,976.542
MOVE,0,1.0,0.013725491,441129877,163.28223,974.5654
MOVE,0,1.0,0.015686275,441129885,163.0,973.28125
MOVE,0,1.0,0.01764706,441129894,162.28125,972.28125
MOVE,0,1.0,0.015686275,441129902,161.28516,972.0
MOVE,0,1.0,0.015686275,441129910,160.27637,971.27637
MOVE,0,1.0,0.015686275,441129919,160.0,971.0
MOVE,0,1.0,0.015686275,441129927,160.0,971.0
MOVE,0,1.0,0.015686275,441129935,160.0,971.0
MOVE,0,1.0,0.015686275,441129944,160.0,971.0
MOVE,0,1.0,0.015686275,441129952,160.0,971.0
MOVE,0,1.0,0.015686275,441129960,160.0,971.0
MOVE,0,1.0,0.015686275,441129969,160.0,971.0
MOVE,0,1.0,0.015686275,441129977,160.0,970.0
MOVE,0,1.0,0.015686275,441129983,160.0,970.0
MOVE,0,1.0,0.015686275,441130035,160.0,970.0
MOVE,0,1.0,0.015686275,441130044,160.0,970.0
MOVE,0,1.0,0.01764706,441130052,161.0,971.72656
MOVE,0,1.0,0.015686275,441130060,161.0,973.4502
MOVE,0,1.0,0.015686275,441130069,161.0,976.1221
MOVE,0,1.0,0.015686275,441130077,161.71191,979.13477
MOVE,0,1.0,0.015686275,441130085,162.0,981.4512
MOVE,0,1.0,0.015686275,441130094,162.72168,982.7217
MOVE,0,1.0,0.015686275,441130102,163.7168,983.7168
MOVE,0,1.0,0.015686275,441130110,164.0,984.7207
MOVE,0,1.0,0.015686275,441130119,164.0,985.0
MOVE,0,1.0,0.015686275,441130127,164.0,985.0
MOVE,0,1.0,0.015686275,441130135,165.0,987.72363
MOVE,0,1.0,0.015686275,441130144,165.0,988.7207
MOVE,0,1.0,0.015686275,441130152,165.0,989.72754
MOVE,0,1.0,0.015686275,441130160,165.0,991.459
MOVE,0,1.0,0.011764707,441130169,165.72461,993.4502
MOVE,0,1.0,0.011764707,441130177,166.0,995.39453
MOVE,0,1.0,0.011764707,441130185,167.41699,997.417
MOVE,0,1.0,0.011764707,441130194,168.72266,1000.8887
MOVE,0,1.0,0.011764707,441130202,170.42773,1005.56934
MOVE,0,1.0,0.013725491,441130210,172.44238,1010.60547
MOVE,0,1.0,0.013725491,441130219,174.42871,1015.5713
MOVE,0,1.0,0.013725491,441130227,176.4375,1022.0322
MOVE,0,1.0,0.015686275,441130235,178.43262,1028.2979
MOVE,0,1.0,0.015686275,441130244,180.45117,1035.0801
MOVE,0,1.0,0.015686275,441130252,182.47363,1041.4199
MOVE,0,1.0,0.015686275,441130260,184.47363,1048.1562
MOVE,0,1.0,0.013725491,441130269,187.1875,1055.834
MOVE,0,1.0,0.013725491,441130277,189.45996,1064.5693
MOVE,0,1.0,0.013725491,441130285,191.46973,1075.081
MOVE,0,1.0,0.011764707,441130294,194.19238,1086.0391
MOVE,0,1.0,0.015686275,441130302,197.17871,1098.4404
MOVE,0,1.0,0.013725491,441130310,200.19531,1112.2451
MOVE,0,1.0,0.013725491,441130319,203.20605,1126.2969
MOVE,0,1.0,0.011764707,441130327,206.20215,1140.2754
MOVE,0,1.0,0.009803922,441130335,209.88867,1153.3867
MOVE,0,1.0,0.01764706,441130344,213.16992,1166.4023
MOVE,0,1.0,0.011764707,441130352,216.90527,1178.7158
MOVE,0,1.0,0.011764707,441130360,220.1875,1191.4795
MOVE,0,1.0,0.011764707,441130369,223.16113,1203.6455
MOVE,0,1.0,0.013725491,441130377,225.4502,1215.7002
MOVE,0,1.0,0.015686275,441130385,228.89648,1227.6904
MOVE,0,1.0,0.013725491,441130394,232.90918,1237.5459
MOVE,0,1.0,0.013725491,441130402,235.4541,1245.8145
MOVE,0,1.0,0.013725491,441130410,236.72656,1251.6328
MOVE,0,1.0,0.013725491,441130419,237.0,1254.458
MOVE,0,1.0,0.013725491,441130427,237.71973,1257.1592
MOVE,0,1.0,0.013725491,441130435,238.72363,1259.4463
MOVE,0,1.0,0.013725491,441130444,239.0,1260.7246
MOVE,0,1.0,0.013725491,441130452,239.0,1261.7373
MOVE,0,1.0,0.013725491,441130460,239.0,1262.7393
MOVE,0,1.0,0.013725491,441130469,239.0,1263.7354
MOVE,0,1.0,0.013725491,441130477,239.0,1264.7363
MOVE,0,1.0,0.013725491,441130483,239.0,1265.5
MOVE,0,1.0,0.013725491,441130502,239.0,1266.7246
MOVE,0,1.0,0.013725491,441130510,239.72852,1267.7285
MOVE,0,1.0,0.013725491,441130519,240.0,1268.7285
MOVE,0,1.0,0.011764707,441130527,240.0,1270.4551
MOVE,0,1.0,0.011764707,441130535,240.0,1272.4346
MOVE,0,1.0,0.011764707,441130544,240.0,1274.4238
MOVE,0,1.0,0.011764707,441130552,240.0,1275.7178
MOVE,0,1.0,0.011764707,441130560,240.73047,1277.4609
MOVE,0,1.0,0.011764707,441130569,241.0,1278.7334
MOVE,0,1.0,0.011764707,441130577,239.5459,1280.4541
MOVE,0,1.0,0.011764707,441130585,237.54199,1282.458
MOVE,0,1.0,0.011764707,441130594,237.0,1285.9092
MOVE,0,1.0,0.011764707,441130602,237.0,1289.8867
MOVE,0,1.0,0.013725491,441130610,237.0,1294.5615
MOVE,0,1.0,0.013725491,441130619,237.0,1298.8447
MOVE,0,1.0,0.013725491,441130627,237.0,1302.1504
MOVE,0,1.0,0.013725491,441130635,237.0,1303.7188
MOVE,0,1.0,0.013725491,441130644,237.72363,1305.4463
MOVE,0,1.0,0.013725491,441130652,239.46289,1306.7314
MOVE,0,1.0,0.013725491,441130660,240.72461,1307.0
MOVE,0,1.0,0.013725491,441130669,241.0,1307.0
MOVE,0,1.0,0.013725491,441130677,241.0,1307.0
MOVE,0,1.0,0.013725491,441130685,241.0,1307.0
MOVE,0,1.0,0.013725491,441130694,241.0,1307.0
MOVE,0,1.0,0.013725491,441130702,241.0,1307.0
MOVE,0,1.0,0.013725491,441130710,241.0,1307.0
MOVE,0,1.0,0.013725491,441130719,241.0,1307.0
MOVE,0,1.0,0.013725491,441130727,241.0,1307.0
MOVE,0,1.0,0.013725491,441130735,241.0,1307.0
MOVE,0,1.0,0.013725491,441130744,241.0,1307.0
MOVE,0,1.0,0.013725491,441130752,241.0,1307.0
MOVE,0,1.0,0.013725491,441130760,241.0,1307.0
MOVE,0,1.0,0.013725491,441130769,241.0,1307.0
MOVE,0,1.0,0.013725491,441130777,241.0,1307.0
MOVE,0,1.0,0.013725491,441130785,241.0,1308.7178
MOVE,0,1.0,0.013725491,441130794,241.0,1309.7168
MOVE,0,1.0,0.013725491,441130802,241.0,1312.1484
MOVE,0,1.0,0.013725491,441130810,241.0,1315.1064
MOVE,0,1.0,0.013725491,441130819,241.0,1318.1592
MOVE,0,1.0,0.013725491,441130827,241.0,1321.8838
MOVE,0,1.0,0.013725491,441130835,241.72168,1325.8877
MOVE,0,1.0,0.013725491,441130844,242.0,1329.1914
MOVE,0,1.0,0.013725491,441130852,242.0,1332.1855
MOVE,0,1.0,0.011764707,441130860,242.0,1335.1621
MOVE,0,1.0,0.011764707,441130869,242.7207,1338.8818
MOVE,0,1.0,0.011764707,441130877,243.0,1341.4365
MOVE,0,1.0,0.011764707,441130885,243.0,1344.1494
MOVE,0,1.0,0.011764707,441130894,242.28711,1347.1387
MOVE,0,1.0,0.011764707,441130902,241.28223,1350.1543
MOVE,0,1.0,0.013725491,441130910,240.27832,1353.8877
MOVE,0,1.0,0.013725491,441130919,238.57031,1357.8594
MOVE,0,1.0,0.013725491,441130927,237.28516,1361.1455
MOVE,0,1.0,0.013725491,441130935,237.0,1364.0996
MOVE,0,1.0,0.013725491,441130944,236.29785,1367.1064
MOVE,0,1.0,0.013725491,441130952,235.2832,1369.4336
MOVE,0,1.0,0.013725491,441130960,235.0,1372.1543
MOVE,0,1.0,0.013725491,441130969,235.0,1375.8867
MOVE,0,1.0,0.013725491,441130977,235.0,1378.4473
MOVE,0,1.0,0.013725491,441130985,234.26855,1381.1963
MOVE,0,1.0,0.013725491,441130994,234.0,1384.9053
MOVE,0,1.0,0.013725491,441131002,233.27344,1388.9072
MOVE,0,1.0,0.013725491,441131010,232.27539,1392.1748
MOVE,0,1.0,0.013725491,441131019,232.0,1395.8965
MOVE,0,1.0,0.011764707,441131027,232.0,1399.7002
MOVE,0,1.0,0.011764707,441131035,232.0,1403.6631
MOVE,0,1.0,0.011764707,441131044,231.32715,1407.0176
MOVE,0,1.0,0.013725491,441131052,230.33984,1410.6426
MOVE,0,1.0,0.013725491,441131060,229.29199,1414.124
MOVE,0,1.0,0.013725491,441131069,229.0,1417.1699
MOVE,0,1.0,0.013725491,441131077,229.0,1420.1602
MOVE,0,1.0,0.013725491,441131085,229.0,1422.4395
MOVE,0,1.0,0.013725491,441131094,229.0,1423.7256
MOVE,0,1.0,0.013725491,441131102,228.28711,1424.7129
MOVE,0,1.0,0.013725491,441131110,227.28516,1425.7148
MOVE,0,1.0,0.013725491,441131117,226.5,1426.5
MOVE,0,1.0,0.013725491,441131135,226.0,1427.7109
MOVE,0,1.0,0.013725491,441131144,226.0,1428.7188
MOVE,0,1.0,0.013725491,441131152,226.72559,1429.0
MOVE,0,1.0,0.013725491,441131160,227.0,1429.0
MOVE,0,1.0,0.013725491,441131169,227.0,1429.0
MOVE,0,1.0,0.013725491,441131177,227.0,1429.0
MOVE,0,1.0,0.013725491,441131185,227.0,1429.0
MOVE,0,1.0,0.013725491,441131194,227.0,1429.0
MOVE,0,1.0,0.013725491,441131202,227.0,1429.0
MOVE,0,1.0,0.013725491,441131210,227.0,1429.0
MOVE,0,1.0,0.013725491,441131219,227.0,1429.0
MOVE,0,1.0,0.013725491,441131227,227.0,1429.0
MOVE,0,1.0,0.013725491,441131235,227.0,1429.0
MOVE,0,1.0,0.013725491,441131244,227.0,1429.0
MOVE,0,1.0,0.013725491,441131252,226.0,1429.0
MOVE,0,1.0,0.013725491,441131260,226.0,1429.0
MOVE,0,1.0,0.013725491,441131269,224.26855,1429.0
MOVE,0,1.0,0.013725491,441131275,223.5,1429.0
MOVE,0,1.0,0.013725491,441131294,223.5,1429.0
MOVE,0,1.0,0.013725491,441131302,223.5,1429.0
MOVE,0,1.0,0.013725491,441131310,223.0,1428.0
MOVE,0,1.0,0.013725491,441131319,223.0,1428.0
MOVE,0,1.0,0.013725491,441131327,223.0,1428.0
MOVE,0,1.0,0.013725491,441131335,223.0,1428.0
MOVE,0,1.0,0.013725491,441131344,221.26758,1428.0
MOVE,0,1.0,0.013725491,441131352,220.27441,1427.2744
MOVE,0,1.0,0.013725491,441131360,218.53809,1425.5381
MOVE,0,1.0,0.013725491,441131369,216.55273,1425.0
MOVE,0,1.0,0.013725491,441131375,215.0,1425.0
MOVE,0,1.0,0.013725491,441131394,218.0,1429.4492
MOVE,0,1.0,0.013725491,441131402,218.73242,1432.1963
MOVE,0,1.0,0.013725491,441131410,219.72363,1434.4482
MOVE,0,1.0,0.011764707,441131419,220.0,1435.7188
MOVE,0,1.0,0.011764707,441131427,220.70605,1436.0
MOVE,0,1.0,0.013725491,441131435,221.70996,1436.71
MOVE,0,1.0,0.013725491,441131443,222.0,1437.0
MOVE,0,1.0,0.013725491,441131452,222.0,1437.0
MOVE,0,1.0,0.013725491,441131460,222.0,1437.0
MOVE,0,1.0,0.011764707,441131468,221.0,1436.2695
MOVE,0,1.0,0.013725491,441131477,221.72852,1436.0
MOVE,0,1.0,0.013725491,441131485,222.72656,1436.7266
MOVE,0,1.0,0.013725491,441131493,223.73047,1437.0
MOVE,0,1.0,0.013725491,441131502,225.45703,1437.7285
MOVE,0,1.0,0.013725491,441131510,227.43457,1437.2822
MOVE,0,1.0,0.013725491,441131518,229.4248,1434.8633
MOVE,0,1.0,0.013725491,441131521,230.0,1434.0
UP,0,1.0,0.013725491,441131529,230.0,1434.0
MOVE,0,1.0,0.013725491,441132660,130.73828,1113.0859
MOVE,0,1.0,0.013725491,441132668,125.43848,1092.04
MOVE,0,1.0,0.011764707,441132677,120.44531,1073.2021
MOVE,0,1.0,0.015686275,441132685,116.25586,1057.7109
MOVE,0,1.0,0.015686275,441132693,112.18262,1044.5488
MOVE,0,1.0,0.011764707,441132702,108.112305,1033.7803
MOVE,0,1.0,0.011764707,441132710,105.555664,1025.2217
MOVE,0,1.0,0.011764707,441132718,102.84863,1017.26465
MOVE,0,1.0,0.011764707,441132727,100.57617,1008.5918
MOVE,0,1.0,0.011764707,441132735,99.28418,1000.9873
MOVE,0,1.0,0.011764707,441132743,97.581055,994.0322
MOVE,0,1.0,0.013725491,441132752,96.288086,986.30566
MOVE,0,1.0,0.013725491,441132760,94.56152,978.24414
MOVE,0,1.0,0.011764707,441132768,92.55762,970.2295
MOVE,0,1.0,0.011764707,441132777,90.57715,962.31055
MOVE,0,1.0,0.011764707,441132785,88.56836,954.27246
MOVE,0,1.0,0.011764707,441132793,86.56836,946.9883
MOVE,0,1.0,0.011764707,441132802,84.56738,939.9873
MOVE,0,1.0,0.011764707,441132810,82.569336,932.9912
MOVE,0,1.0,0.013725491,441132818,79.86426,926.0176
MOVE,0,1.0,0.013725491,441132827,77.57031,918.9971
MOVE,0,1.0,0.013725491,441132835,75.59082,912.06836
MOVE,0,1.0,0.013725491,441132843,74.28711,906.4346
MOVE,0,1.0,0.011764707,441132852,72.59277,901.48145
MOVE,0,1.0,0.011764707,441132860,71.29785,897.1904
MOVE,0,1.0,0.011764707,441132868,71.0,893.8447
MOVE,0,1.0,0.011764707,441132877,70.28711,890.8623
MOVE,0,1.0,0.011764707,441132885,70.0,888.55176
MOVE,0,1.0,0.011764707,441132893,70.0,886.56055
MOVE,0,1.0,0.011764707,441132902,70.0,885.27344
MOVE,0,1.0,0.011764707,441132910,70.0,884.26953
MOVE,0,1.0,0.013725491,441132918,70.0,882.5449
MOVE,0,1.0,0.013725491,441132927,70.0,881.2754
MOVE,0,1.0,0.013725491,441132935,70.0,881.0
MOVE,0,1.0,0.013725491,441132943,70.0,881.0
MOVE,0,1.0,0.013725491,441132952,70.0,881.0
MOVE,0,1.0,0.013725491,441132960,69.27734,879.27734
MOVE,0,1.0,0.013725491,441132968,69.0,878.26953
MOVE,0,1.0,0.013725491,441132977,68.27246,877.27344
MOVE,0,1.0,0.013725491,441132985,68.0,876.2783
MOVE,0,1.0,0.013725491,441132993,67.291016,874.58203
MOVE,0,1.0,0.015686275,441133002,67.0,872.55566
MOVE,0,1.0,0.013725491,441133010,67.0,871.26953
MOVE,0,1.0,0.013725491,441133018,67.0,870.27637
MOVE,0,1.0,0.013725491,441133027,66.291016,868.583
MOVE,0,1.0,0.013725491,441133035,65.28711,866.57324
MOVE,0,1.0,0.013725491,441133043,64.28418,864.56836
MOVE,0,1.0,0.013725491,441133052,63.28711,861.86035
MOVE,0,1.0,0.013725491,441133060,61.566406,858.8496
MOVE,0,1.0,0.011764707,441133068,59.567383,855.85156
MOVE,0,1.0,0.011764707,441133077,57.561523,852.8418
MOVE,0,1.0,0.011764707,441133085,54.836914,849.1162
MOVE,0,1.0,0.011764707,441133093,51.84961,844.416
MOVE,0,1.0,0.011764707,441133102,48.10547,838.6582
MOVE,0,1.0,0.011764707,441133110,43.362305,831.1797
MOVE,0,1.0,0.009803922,441133118,37.651367,823.92676
MOVE,0,1.0,0.009803922,441133127,31.010742,817.01074
MOVE,0,1.0,0.009803922,441133135,21.83789,810.70215
MOVE,0,1.0,0.009803922,441133143,12.52832,803.9668
MOVE,0,1.0,0.009803922,441133152,8.583008,797.041
MOVE,0,1.0,0.009803922,441133154,8.0,795.0
UP,0,1.0,0.009803922,441133162,8.0,795.0
DOWN,0,1.0,0.011764707,441133597,70.0,870.0
MOVE,0,1.0,0.011764707,441133610,72.7959,875.8926
MOVE,0,1.0,0.011764707,441133618,76.131836,881.5537
MOVE,0,1.0,0.011764707,441133627,77.0,883.0
MOVE,0,1.0,0.011764707,441133635,77.0,883.0
MOVE,0,1.0,0.011764707,441133643,84.22754,904.68164
MOVE,0,1.0,0.011764707,441133652,90.24121,923.4297
MOVE,0,1.0,0.015686275,441133660,95.55078,942.49316
MOVE,0,1.0,0.011764707,441133668,101.24805,962.1621
MOVE,0,1.0,0.011764707,441133677,107.23926,983.542
MOVE,0,1.0,0.015686275,441133685,112.54785,1005.61035
MOVE,0,1.0,0.015686275,441133693,116.83496,1025.4668
MOVE,0,1.0,0.013725491,441133702,119.42871,1043.1406
MOVE,0,1.0,0.013725491,441133710,122.12793,1057.9307
MOVE,0,1.0,0.013725491,441133718,124.41797,1070.5098
MOVE,0,1.0,0.013725491,441133727,125.700195,1081.0029
MOVE,0,1.0,0.013725491,441133735,127.3418,1090.71
MOVE,0,1.0,0.013725491,441133743,128.6875,1100.1904
MOVE,0,1.0,0.013725491,441133752,130.39648,1109.2832
MOVE,0,1.0,0.013725491,441133760,132.4209,1118.3936
MOVE,0,1.0,0.013725491,441133768,133.71484,1126.7158
MOVE,0,1.0,0.013725491,441133777,135.43066,1134.7217
MOVE,0,1.0,0.015686275,441133785,136.70703,1142.6592
MOVE,0,1.0,0.013725491,441133793,137.68164,1149.7734
MOVE,0,1.0,0.013725491,441133802,138.70117,1156.2051
MOVE,0,1.0,0.013725491,441133810,139.0,1162.2979
MOVE,0,1.0,0.013725491,441133818,139.72852,1167.6426
MOVE,0,1.0,0.01764706,441133827,140.71973,1172.5977
MOVE,0,1.0,0.013725491,441133835,141.71973,1176.8789
MOVE,0,1.0,0.013725491,441133843,142.72949,1181.6455
MOVE,0,1.0,0.013725491,441133852,143.0,1187.3877
MOVE,0,1.0,0.013725491,441133860,144.45312,1193.3604
MOVE,0,1.0,0.013725491,441133868,145.71875,1200.748
MOVE,0,1.0,0.009803922,441133877,146.71875,1210.1895
MOVE,0,1.0,0.011764707,441133885,148.44043,1221.6416
MOVE,0,1.0,0.013725491,441133893,149.0,1234.4121
MOVE,0,1.0,0.011764707,441133902,150.44922,1248.8672
MOVE,0,1.0,0.011764707,441133910,153.86719,1264.4688
MOVE,0,1.0,0.01764706,441133918,157.8584,1281.1475
MOVE,0,1.0,0.01764706,441133921,159.0,1286.0
UP,0,1.0,0.01764706,441133929,159.0,1286.0
DOWN,0,1.0,0.011764707,441134271,138.0,949.0
MOVE,0,1.0,0.015686275,441134285,143.19922,964.5967
MOVE,0,1.0,0.011764707,441134293,150.99316,984.8701
MOVE,0,1.0,0.013725491,441134302,168.28516,1033.0508
MOVE,0,1.0,0.015686275,441134310,181.95898,1085.4844
MOVE,0,1.0,0.013725491,441134318,189.94043,1132.876
MOVE,0,1.0,0.013725491,441134327,208.92383,1264.7637
MOVE,0,1.0,0.013725491,441134329,216.0,1314.0
UP,0,1.0,0.013725491,441134337,216.0,1314.0
DOWN,0,1.0,0.013725491,441134605,188.0,1340.0
MOVE,0,1.0,0.013725491,441134618,188.66602,1329.002
MOVE,0,1.0,0.011764707,441134627,190.4043,1310.5518
MOVE,0,1.0,0.013725491,441134635,192.43164,1278.9551
MOVE,0,1.0,0.011764707,441134643,193.0,1241.7021
MOVE,0,1.0,0.013725491,441134652,190.10742,1202.793
MOVE,0,1.0,0.013725491,441134660,183.34961,1163.7471
MOVE,0,1.0,0.011764707,441134668,172.49121,1125.0547
MOVE,0,1.0,0.011764707,441134676,158.14941,1085.0645
MOVE,0,1.0,0.015686275,441134685,141.7793,1045.2451
MOVE,0,1.0,0.013725491,441134693,94.416016,933.92676
MOVE,0,1.0,0.013725491,441134696,77.0,893.0
UP,0,1.0,0.013725491,441134704,77.0,893.0
DOWN,0,1.0,0.011764707,441134922,128.0,956.0
MOVE,0,1.0,0.01764706,441134943,128.0,956.0
MOVE,0,1.0,0.01764706,441134951,128.0,956.0
MOVE,0,1.0,0.01764706,441134960,128.0,956.0
MOVE,0,1.0,0.01764706,441134968,128.0,956.0
MOVE,0,1.0,0.01764706,441134976,128.0,956.0
MOVE,0,1.0,0.01764706,441134985,128.0,956.0
MOVE,0,1.0,0.01764706,441134993,128.0,956.0
MOVE,0,1.0,0.01764706,441135001,128.0,956.0
MOVE,0,1.0,0.01764706,441135010,128.0,956.0
MOVE,0,1.0,0.013725491,441135018,128.0,954.2842
MOVE,0,1.0,0.015686275,441135026,128.0,951.166
MOVE,0,1.0,0.015686275,441135035,127.2959,946.48047
MOVE,0,1.0,0.015686275,441135043,123.41406,939.2627
MOVE,0,1.0,0.013725491,441135051,113.39258,924.08887
MOVE,0,1.0,0.011764707,441135060,99.32617,901.9219
MOVE,0,1.0,0.013725491,441135068,83.34863,877.86523
MOVE,0,1.0,0.011764707,441135076,66.04785,852.0713
MOVE,0,1.0,0.009803922,441135085,47.92578,825.9541
MOVE,0,1.0,0.009803922,441135093,18.06836,776.25977
MOVE,0,1.0,0.009803922,441135096,8.0,759.0
UP,0,1.0,0.009803922,441135104,8.0,759.0
DOWN,0,1.0,0.013725491,441135263,106.0,904.0
MOVE,0,1.0,0.015686275,441135276,121.78516,937.26465
MOVE,0,1.0,0.013725491,441135285,144.92676,990.3086
MOVE,0,1.0,0.013725491,441135293,169.31348,1060.3848
MOVE,0,1.0,0.013725491,441135301,188.73145,1138.999
MOVE,0,1.0,0.01764706,441135310,239.4082,1367.3359
MOVE,0,1.0,0.01764706,441135312,258.0,1451.0
UP,0,1.0,0.01764706,441135321,258.0,1451.0
DOWN,0,1.0,0.011764707,441135564,163.0,1318.0
MOVE,0,1.0,0.009803922,441135576,162.0,1294.1504
MOVE,0,1.0,0.011764707,441135585,160.56836,1256.21
MOVE,0,1.0,0.011764707,441135593,156.38965,1202.8389
MOVE,0,1.0,0.011764707,441135601,148.45605,1141.916
MOVE,0,1.0,0.013725491,441135610,137.32031,1082.3232
MOVE,0,1.0,0.013725491,441135618,119.45801,1023.10156
MOVE,0,1.0,0.011764707,441135626,94.39258,959.0713
MOVE,0,1.0,0.013725491,441135635,29.793945,788.9326
MOVE,0,1.0,0.013725491,441135637,8.0,731.0
UP,0,1.0,0.013725491,441135645,8.0,731.0
DOWN,0,1.0,0.015686275,441135838,131.0,973.0
MOVE,0,1.0,0.013725491,441135851,136.05762,988.2002
MOVE,0,1.0,0.01764706,441135860,145.90137,1024.4512
MOVE,0,1.0,0.011764707,441135868,156.32031,1072.6025
MOVE,0,1.0,0.011764707,441135876,165.62305,1127.207
MOVE,0,1.0,0.013725491,441135885,189.82227,1283.8467
MOVE,0,1.0,0.013725491,441135887,198.0,1337.0
UP,0,1.0,0.013725491,441135895,198.0,1337.0
DOWN,0,1.0,0.011764707,441136130,188.0,1361.0
MOVE,0,1.0,0.013725491,441136143,190.1709,1329.7412
MOVE,0,1.0,0.011764707,441136151,195.17188,1292.8008
MOVE,0,1.0,0.009803922,441136160,198.40234,1245.6445
MOVE,0,1.0,0.013725491,441136168,196.86523,1196.8428
MOVE,0,1.0,0.013725491,441136176,189.8789,1151.7129
MOVE,0,1.0,0.013725491,441136185,175.9707,1103.2227
MOVE,0,1.0,0.013725491,441136193,153.86523,1050.1611
MOVE,0,1.0,0.015686275,441136201,126.200195,996.26855
MOVE,0,1.0,0.011764707,441136210,46.299805,846.11816
MOVE,0,1.0,0.011764707,441136212,17.0,791.0
UP,0,1.0,0.011764707,441136220,17.0,791.0
DOWN,0,1.0,0.011764707,441136430,183.0,1022.0
MOVE,0,1.0,0.013725491,441136443,193.1123,1054.2334
MOVE,0,1.0,0.013725491,441136451,215.03418,1135.0459
MOVE,0,1.0,0.015686275,441136460,239.26562,1225.3086
MOVE,0,1.0,0.015686275,441136462,246.0,1250.0
UP,0,1.0,0.015686275,441136470,246.0,1250.0
DOWN,0,1.0,0.013725491,441136712,184.0,1406.0
MOVE,0,1.0,0.013725491,441136726,188.59375,1377.5615
MOVE,0,1.0,0.011764707,441136735,195.59961,1325.3008
MOVE,0,1.0,0.011764707,441136743,200.08301,1262.5713
MOVE,0,1.0,0.011764707,441136751,199.60254,1196.8818
MOVE,0,1.0,0.013725491,441136760,189.19727,1126.5869
MOVE,0,1.0,0.015686275,441136768,166.61035,1051.2461
MOVE,0,1.0,0.015686275,441136776,96.427734,845.4092
MOVE,0,1.0,0.015686275,441136779,68.0,762.0
UP,0,1.0,0.015686275,441136787,68.0,762.0
DOWN,0,1.0,0.011764707,441147570,174.0,1362.0
MOVE,0,1.0,0.013725491,441147584,174.0,1362.0
MOVE,0,1.0,0.013725491,441147592,174.0,1362.0
MOVE,0,1.0,0.013725491,441147601,174.0,1362.0
MOVE,0,1.0,0.013725491,441147609,174.0,1362.0
MOVE,0,1.0,0.011764707,441147617,175.71973,1354.959
MOVE,0,1.0,0.013725491,441147626,176.0,1349.4971
MOVE,0,1.0,0.013725491,441147634,176.71387,1343.7148
MOVE,0,1.0,0.013725491,441147642,177.0,1331.1475
MOVE,0,1.0,0.011764707,441147651,178.43555,1304.7568
MOVE,0,1.0,0.013725491,441147659,179.0,1273.1035
MOVE,0,1.0,0.013725491,441147667,176.84473,1253.2256
MOVE,0,1.0,0.013725491,441147676,174.55566,1241.7764
MOVE,0,1.0,0.015686275,441147684,171.82812,1232.4844
MOVE,0,1.0,0.013725491,441147692,170.28516,1224.2812
MOVE,0,1.0,0.01764706,441147701,168.59766,1216.3906
MOVE,0,1.0,0.013725491,441147709,168.0,1210.4062
MOVE,0,1.0,0.013725491,441147717,168.0,1205.3701
MOVE,0,1.0,0.013725491,441147726,167.27539,1202.5508
MOVE,0,1.0,0.011764707,441147734,167.0,1201.2842
MOVE,0,1.0,0.011764707,441147741,167.0,1200.5
MOVE,0,1.0,0.011764707,441147759,167.0,1200.5
MOVE,0,1.0,0.011764707,441147767,167.0,1200.5
MOVE,0,1.0,0.011764707,441147776,167.0,1200.5
MOVE,0,1.0,0.011764707,441147784,167.0,1200.5
MOVE,0,1.0,0.013725491,441147792,167.0,1205.6602
MOVE,0,1.0,0.013725491,441147801,169.21289,1215.1152
MOVE,0,1.0,0.01764706,441147809,172.22266,1232.8145
MOVE,0,1.0,0.013725491,441147817,175.89844,1259.0117
MOVE,0,1.0,0.013725491,441147826,179.8584,1293.4414
MOVE,0,1.0,0.013725491,441147834,183.87305,1333.4531
MOVE,0,1.0,0.011764707,441147842,185.71484,1373.6064
MOVE,0,1.0,0.013725491,441147851,184.375,1415.877
MOVE,0,1.0,0.015686275,441147859,185.79199,1406.8721
MOVE,0,1.0,0.015686275,441147860,186.0,1405.0
UP,0,1.0,0.015686275,441147869,186.0,1405.0
DOWN,0,1.0,0.011764707,441148236,137.0,1039.0
MOVE,0,1.0,0.013725491,441148251,142.02441,1051.6582
MOVE,0,1.0,0.011764707,441148259,157.33789,1093.3936
MOVE,0,1.0,0.015686275,441148267,174.96191,1153.5107
MOVE,0,1.0,0.013725491,441148276,186.18066,1213.8037
MOVE,0,1.0,0.011764707,441148284,192.60742,1287.2783
MOVE,0,1.0,0.013725491,441148292,192.5498,1369.1914
MOVE,0,1.0,0.013725491,441148301,186.26172,1600.0283
MOVE,0,1.0,0.013725491,441148303,184.0,1682.0
UP,0,1.0,0.013725491,441148311,184.0,1682.0
DOWN,0,1.0,0.015686275,441149294,168.0,1228.0
MOVE,0,1.0,0.015686275,441149309,182.89941,1257.5771
MOVE,0,1.0,0.011764707,441149317,216.16992,1342.1182
MOVE,0,1.0,0.013725491,441149326,241.98047,1451.0215
MOVE,0,1.0,0.01764706,441149334,252.01367,1540.3115
MOVE,0,1.0,0.013725491,441149342,271.76465,1780.3018
MOVE,0,1.0,0.013725491,441149345,279.0,1868.0
UP,0,1.0,0.013725491,441149353,279.0,1868.0
MOVE,0,1.0,0.013725491,441150151,184.10352,1539.8711
MOVE,0,1.0,0.013725491,441150159,186.41504,1516.7236
MOVE,0,1.0,0.011764707,441150167,189.10352,1491.7734
MOVE,0,1.0,0.013725491,441150176,190.70605,1466.3594
MOVE,0,1.0,0.013725491,441150184,191.0,1441.9199
MOVE,0,1.0,0.013725491,441150192,191.0,1420.0381
MOVE,0,1.0,0.013725491,441150201,190.30566,1401.5049
MOVE,0,1.0,0.013725491,441150209,190.0,1383.9521
MOVE,0,1.0,0.015686275,441150217,189.28516,1368.2793
MOVE,0,1.0,0.013725491,441150226,187.58789,1354.1123
MOVE,0,1.0,0.013725491,441150234,186.28223,1338.5225
MOVE,0,1.0,0.013725491,441150242,185.27441,1322.3896
MOVE,0,1.0,0.015686275,441150251,183.58105,1307.3613
MOVE,0,1.0,0.013725491,441150259,181.5918,1291.7383
MOVE,0,1.0,0.013725491,441150267,179.57227,1276.2881
MOVE,0,1.0,0.013725491,441150276,178.28027,1259.7666
MOVE,0,1.0,0.015686275,441150284,176.5498,1243.3994
MOVE,0,1.0,0.015686275,441150292,175.27246,1227.3652
MOVE,0,1.0,0.013725491,441150301,172.83105,1210.71
MOVE,0,1.0,0.011764707,441150309,169.8291,1195.1475
MOVE,0,1.0,0.015686275,441150317,166.8457,1180.2275
MOVE,0,1.0,0.015686275,441150326,163.10742,1166.5986
MOVE,0,1.0,0.01764706,441150334,159.11816,1155.0742
MOVE,0,1.0,0.011764707,441150342,155.83398,1144.7803
MOVE,0,1.0,0.011764707,441150351,153.56543,1134.8281
MOVE,0,1.0,0.011764707,441150359,150.85059,1124.8369
MOVE,0,1.0,0.013725491,441150367,147.87207,1114.9053
MOVE,0,1.0,0.015686275,441150376,144.86328,1104.8789
MOVE,0,1.0,0.015686275,441150384,141.8584,1095.5752
MOVE,0,1.0,0.015686275,441150392,138.8457,1087.2539
MOVE,0,1.0,0.015686275,441150401,135.84375,1079.9678
MOVE,0,1.0,0.015686275,441150409,133.5459,1074.3643
MOVE,0,1.0,0.01764706,441150417,130.85254,1069.4199
MOVE,0,1.0,0.015686275,441150426,127.84961,1064.417
MOVE,0,1.0,0.015686275,441150434,124.09766,1059.3721
MOVE,0,1.0,0.015686275,441150442,120.8291,1055.1055
MOVE,0,1.0,0.015686275,441150451,117.10547,1051.1055
MOVE,0,1.0,0.015686275,441150459,113.09766,1047.0977
MOVE,0,1.0,0.013725491,441150467,109.10547,1043.8291
MOVE,0,1.0,0.013725491,441150476,105.10156,1040.8262
MOVE,0,1.0,0.013725491,441150484,101.81348,1037.8135
MOVE,0,1.0,0.013725491,441150492,98.83203,1034.832
MOVE,0,1.0,0.013725491,441150501,95.84668,1032.5645
MOVE,0,1.0,0.013725491,441150509,92.84961,1029.8496
MOVE,0,1.0,0.013725491,441150517,91.2793,1027.5596
MOVE,0,1.0,0.013725491,441150526,90.27539,1026.2754
MOVE,0,1.0,0.011764707,441150534,89.28223,1025.2822
MOVE,0,1.0,0.011764707,441150542,88.27734,1024.2773
MOVE,0,1.0,0.011764707,441150551,88.0,1024.0
MOVE,0,1.0,0.011764707,441150559,88.0,1024.0
MOVE,0,1.0,0.011764707,441150567,88.0,1024.0
MOVE,0,1.0,0.011764707,441150576,88.0,1024.0
MOVE,0,1.0,0.011764707,441150584,88.0,1024.0
MOVE,0,1.0,0.011764707,441150592,88.0,1022.2754
MOVE,0,1.0,0.011764707,441150601,87.27051,1021.2705
MOVE,0,1.0,0.011764707,441150609,84.8291,1020.27637
MOVE,0,1.0,0.011764707,441150617,80.41504,1018.5664
MOVE,0,1.0,0.013725491,441150626,74.72949,1015.86523
MOVE,0,1.0,0.013725491,441150628,73.0,1015.0
UP,0,1.0,0.013725491,441150636,73.0,1015.0
DOWN,0,1.0,0.011764707,441151823,118.0,1300.0
MOVE,0,1.0,0.015686275,441151842,118.67285,1294.6348
MOVE,0,1.0,0.015686275,441151851,119.0,1288.293
MOVE,0,1.0,0.013725491,441151859,119.0,1282.4238
MOVE,0,1.0,0.013725491,441151867,118.26465,1279.5303
MOVE,0,1.0,0.011764707,441151876,117.262695,1271.627
MOVE,0,1.0,0.011764707,441151884,115.53906,1258.042
MOVE,0,1.0,0.015686275,441151892,113.555664,1246.0576
MOVE,0,1.0,0.011764707,441151901,111.552734,1235.7627
MOVE,0,1.0,0.011764707,441151909,110.28027,1227.96
MOVE,0,1.0,0.011764707,441151917,109.268555,1221.6094
MOVE,0,1.0,0.011764707,441151926,108.26758,1217.0713
MOVE,0,1.0,0.011764707,441151934,108.0,1213.0713
MOVE,0,1.0,0.011764707,441151942,107.265625,1209.7969
MOVE,0,1.0,0.011764707,441151951,107.0,1206.7959
MOVE,0,1.0,0.011764707,441151959,107.0,1203.0703
MOVE,0,1.0,0.011764707,441151967,106.27246,1199.8184
MOVE,0,1.0,0.011764707,441151976,106.0,1196.1182
MOVE,0,1.0,0.011764707,441151984,106.0,1192.8213
MOVE,0,1.0,0.011764707,441151992,106.0,1189.8135
MOVE,0,1.0,0.011764707,441152001,105.26953,1186.0781
MOVE,0,1.0,0.011764707,441152009,104.271484,1182.8164
MOVE,0,1.0,0.011764707,441152017,103.271484,1179.0859
MOVE,0,1.0,0.011764707,441152026,102.2832,1174.415
MOVE,0,1.0,0.013725491,441152034,100.55078,1170.1025
MOVE,0,1.0,0.015686275,441152042,99.27344,1165.3672
MOVE,0,1.0,0.013725491,441152051,97.64453,1161.2881
MOVE,0,1.0,0.013725491,441152059,96.30664,1157.919
MOVE,0,1.0,0.013725491,441152067,95.28223,1154.8467
MOVE,0,1.0,0.013725491,441152076,94.268555,1151.8047
MOVE,0,1.0,0.011764707,441152084,94.0,1149.5371
MOVE,0,1.0,0.011764707,441152092,93.26758,1147.5352
MOVE,0,1.0,0.011764707,441152101,93.0,1146.2607
MOVE,0,1.0,0.011764707,441152109,93.0,1144.5391
MOVE,0,1.0,0.011764707,441152117,92.2666,1143.2666
MOVE,0,1.0,0.011764707,441152126,91.27051,1141.541
MOVE,0,1.0,0.011764707,441152134,90.28418,1139.5693
MOVE,0,1.0,0.011764707,441152142,89.28027,1138.2803
MOVE,0,1.0,0.011764707,441152151,88.274414,1136.5488
MOVE,0,1.0,0.011764707,441152159,87.27539,1135.2754
MOVE,0,1.0,0.011764707,441152167,86.26953,1134.2695
MOVE,0,1.0,0.011764707,441152176,86.0,1132.5303
MOVE,0,1.0,0.011764707,441152184,86.0,1131.2695
MOVE,0,1.0,0.011764707,441152192,86.0,1130.2666
MOVE,0,1.0,0.011764707,441152201,86.0,1129.2686
MOVE,0,1.0,0.011764707,441152209,86.0,1129.0
MOVE,0,1.0,0.011764707,441152217,86.0,1129.0
MOVE,0,1.0,0.011764707,441152226,86.0,1126.5283
MOVE,0,1.0,0.011764707,441152234,86.0,1124.5225
MOVE,0,1.0,0.011764707,441152242,86.0,1122.5283
MOVE,0,1.0,0.011764707,441152251,86.73242,1119.8037
MOVE,0,1.0,0.011764707,441152259,87.0,1117.544
MOVE,0,1.0,0.011764707,441152267,87.0,1116.2705
MOVE,0,1.0,0.013725491,441152276,87.0,1114.5332
MOVE,0,1.0,0.013725491,441152284,87.0,1112.5391
MOVE,0,1.0,0.013725491,441152292,87.0,1111.2666
MOVE,0,1.0,0.013725491,441152301,86.26758,1110.2676
MOVE,0,1.0,0.013725491,441152309,85.26465,1108.5293
MOVE,0,1.0,0.013725491,441152317,83.52734,1107.2637
MOVE,0,1.0,0.013725491,441152325,81.521484,1105.5215
MOVE,0,1.0,0.013725491,441152334,79.5459,1102.8184
MOVE,0,1.0,0.013725491,441152342,77.583984,1099.876
MOVE,0,1.0,0.013725491,441152350,75.57324,1096.1475
MOVE,0,1.0,0.013725491,441152359,73.5625,1092.126
MOVE,0,1.0,0.013725491,441152367,72.27637,1088.1055
MOVE,0,1.0,0.011764707,441152375,72.0,1084.8379
MOVE,0,1.0,0.011764707,441152384,72.0,1081.8359
MOVE,0,1.0,0.011764707,441152392,72.0,1078.1074
MOVE,0,1.0,0.013725491,441152400,72.0,1074.8301
MOVE,0,1.0,0.011764707,441152409,72.0,1072.5742
MOVE,0,1.0,0.013725491,441152417,72.0,1070.5537
MOVE,0,1.0,0.013725491,441152425,72.0,1068.5762
MOVE,0,1.0,0.013725491,441152434,72.0,1066.5586
MOVE,0,1.0,0.015686275,441152442,72.0,1064.5537
MOVE,0,1.0,0.015686275,441152450,71.27539,1063.2764
MOVE,0,1.0,0.015686275,441152459,71.0,1062.2842
MOVE,0,1.0,0.015686275,441152465,71.0,1061.5
MOVE,0,1.0,0.015686275,441152484,71.0,1061.0
MOVE,0,1.0,0.015686275,441152492,71.0,1061.0
MOVE,0,1.0,0.013725491,441152500,71.0,1060.0
MOVE,0,1.0,0.013725491,441152509,71.0,1060.0
MOVE,0,1.0,0.013725491,441152517,71.0,1060.0
MOVE,0,1.0,0.013725491,441152525,71.0,1060.0
MOVE,0,1.0,0.015686275,441152534,70.268555,1059.0
MOVE,0,1.0,0.015686275,441152542,70.0,1059.0
MOVE,0,1.0,0.015686275,441152550,70.0,1059.0
MOVE,0,1.0,0.015686275,441152559,70.0,1059.0
MOVE,0,1.0,0.015686275,441152567,70.0,1059.0
MOVE,0,1.0,0.015686275,441152575,70.0,1059.0
MOVE,0,1.0,0.015686275,441152584,70.0,1059.0
MOVE,0,1.0,0.015686275,441152592,70.0,1059.0
MOVE,0,1.0,0.015686275,441152600,70.0,1059.0
MOVE,0,1.0,0.015686275,441152607,70.0,1059.0
MOVE,0,1.0,0.015686275,441152625,70.0,1059.0
MOVE,0,1.0,0.015686275,441152634,70.0,1059.0
MOVE,0,1.0,0.013725491,441152642,70.0,1058.0
MOVE,0,1.0,0.013725491,441152649,70.0,1058.0
MOVE,0,1.0,0.015686275,441152686,70.0,1057.0
MOVE,0,1.0,0.01764706,441152717,70.0,1057.0
MOVE,0,1.0,0.01764706,441152725,70.0,1057.0
MOVE,0,1.0,0.01764706,441152734,70.0,1057.0
MOVE,0,1.0,0.01764706,441152742,70.0,1057.0
MOVE,0,1.0,0.01764706,441152750,70.0,1057.0
MOVE,0,1.0,0.01764706,441152759,70.0,1057.0
MOVE,0,1.0,0.01764706,441152767,70.0,1057.0
MOVE,0,1.0,0.01764706,441152775,70.0,1057.0
MOVE,0,1.0,0.01764706,441152784,70.0,1057.0
MOVE,0,1.0,0.01764706,441152792,70.0,1057.0
MOVE,0,1.0,0.01764706,441152800,70.0,1057.0
MOVE,0,1.0,0.01764706,441152807,70.0,1057.0
MOVE,0,1.0,0.01764706,441152834,70.0,1057.0
MOVE,0,1.0,0.01764706,441152842,70.0,1057.0
MOVE,0,1.0,0.01764706,441152850,70.0,1057.0
MOVE,0,1.0,0.01764706,441152857,70.0,1057.0
MOVE,0,1.0,0.01764706,441152875,70.0,1057.0
MOVE,0,1.0,0.01764706,441152884,70.0,1057.0
MOVE,0,1.0,0.01764706,441152892,70.0,1057.0
MOVE,0,1.0,0.01764706,441152900,70.0,1057.0
MOVE,0,1.0,0.01764706,441152909,70.0,1057.0
MOVE,0,1.0,0.01764706,441152917,70.0,1057.0
MOVE,0,1.0,0.01764706,441152925,70.0,1057.0
MOVE,0,1.0,0.01764706,441152934,70.0,1057.0
MOVE,0,1.0,0.01764706,441152942,70.0,1057.0
MOVE,0,1.0,0.01764706,441152950,70.0,1057.0
MOVE,0,1.0,0.01764706,441152959,70.0,1057.0
MOVE,0,1.0,0.01764706,441152967,70.0,1057.0
MOVE,0,1.0,0.01764706,441152975,70.0,1057.0
MOVE,0,1.0,0.01764706,441152984,70.0,1057.0
MOVE,0,1.0,0.01764706,441152992,70.0,1057.0
MOVE,0,1.0,0.01764706,441153000,70.0,1057.0
MOVE,0,1.0,0.01764706,441153009,70.0,1057.0
MOVE,0,1.0,0.01764706,441153017,70.0,1057.0
MOVE,0,1.0,0.01764706,441153025,70.0,1057.0
MOVE,0,1.0,0.01764706,441153034,70.0,1057.0
MOVE,0,1.0,0.01764706,441153042,70.0,1057.0
MOVE,0,1.0,0.01764706,441153050,70.0,1057.0
MOVE,0,1.0,0.01764706,441153059,70.0,1057.0
MOVE,0,1.0,0.01764706,441153067,70.0,1057.0
MOVE,0,1.0,0.01764706,441153075,70.0,1057.0
MOVE,0,1.0,0.01764706,441153082,70.0,1057.0
MOVE,0,1.0,0.01764706,441153100,70.0,1057.0
MOVE,0,1.0,0.01764706,441153109,70.0,1057.0
MOVE,0,1.0,0.015686275,441153115,70.0,1058.5
MOVE,0,1.0,0.015686275,441153142,70.0,1058.5
MOVE,0,1.0,0.015686275,441153150,70.0,1058.5
MOVE,0,1.0,0.015686275,441153159,70.0,1058.5
MOVE,0,1.0,0.015686275,441153167,70.0,1058.5
MOVE,0,1.0,0.015686275,441153175,70.0,1059.0
MOVE,0,1.0,0.015686275,441153184,70.0,1059.0
MOVE,0,1.0,0.015686275,441153192,70.0,1059.0
MOVE,0,1.0,0.015686275,441153200,70.0,1059.0
MOVE,0,1.0,0.015686275,441153209,70.0,1059.0
MOVE,0,1.0,0.013725491,441153217,69.28027,1060.0
MOVE,0,1.0,0.015686275,441153225,69.0,1060.0
MOVE,0,1.0,0.015686275,441153234,69.0,1060.0
MOVE,0,1.0,0.015686275,441153242,69.0,1060.0
MOVE,0,1.0,0.015686275,441153250,69.0,1060.0
MOVE,0,1.0,0.015686275,441153259,69.0,1060.0
MOVE,0,1.0,0.015686275,441153267,69.0,1060.0
MOVE,0,1.0,0.015686275,441153275,69.0,1060.0
MOVE,0,1.0,0.015686275,441153284,69.0,1060.0
MOVE,0,1.0,0.015686275,441153292,69.0,1060.0
MOVE,0,1.0,0.015686275,441153300,69.0,1060.0
MOVE,0,1.0,0.015686275,441153309,69.0,1060.0
MOVE,0,1.0,0.015686275,441153317,69.0,1060.0
MOVE,0,1.0,0.015686275,441153325,69.0,1060.0
MOVE,0,1.0,0.015686275,441153334,69.0,1060.0
MOVE,0,1.0,0.015686275,441153342,69.0,1060.0
MOVE,0,1.0,0.015686275,441153350,69.0,1060.0
MOVE,0,1.0,0.015686275,441153359,69.0,1060.0
MOVE,0,1.0,0.015686275,441153367,69.0,1060.0
MOVE,0,1.0,0.015686275,441153375,69.0,1060.0
MOVE,0,1.0,0.015686275,441153384,69.0,1060.0
MOVE,0,1.0,0.015686275,441153392,69.0,1060.0
MOVE,0,1.0,0.015686275,441153400,69.0,1060.0
MOVE,0,1.0,0.015686275,441153409,69.0,1060.0
MOVE,0,1.0,0.015686275,441153417,69.0,1060.0
MOVE,0,1.0,0.015686275,441153425,69.0,1060.0
MOVE,0,1.0,0.015686275,441153434,69.0,1060.0
MOVE,0,1.0,0.015686275,441153442,69.0,1060.0
MOVE,0,1.0,0.015686275,441153450,69.0,1060.0
MOVE,0,1.0,0.015686275,441153459,69.0,1060.0
MOVE,0,1.0,0.015686275,441153467,69.0,1060.0
MOVE,0,1.0,0.015686275,441153475,69.0,1060.0
MOVE,0,1.0,0.015686275,441153484,69.0,1060.0
MOVE,0,1.0,0.015686275,441153492,69.0,1060.0
MOVE,0,1.0,0.015686275,441153500,69.0,1060.0
MOVE,0,1.0,0.015686275,441153509,69.0,1060.0
MOVE,0,1.0,0.015686275,441153517,70.0,1060.0
MOVE,0,1.0,0.015686275,441153525,70.0,1060.0
MOVE,0,1.0,0.015686275,441153534,70.0,1060.0
MOVE,0,1.0,0.015686275,441153542,70.0,1060.0
MOVE,0,1.0,0.015686275,441153550,70.0,1060.0
MOVE,0,1.0,0.015686275,441153559,70.0,1060.0
MOVE,0,1.0,0.015686275,441153567,70.0,1060.0
MOVE,0,1.0,0.015686275,441153575,70.0,1060.0
MOVE,0,1.0,0.015686275,441153584,70.0,1060.0
MOVE,0,1.0,0.015686275,441153592,70.0,1060.0
MOVE,0,1.0,0.015686275,441153600,70.0,1060.0
MOVE,0,1.0,0.015686275,441153609,70.0,1060.0
MOVE,0,1.0,0.015686275,441153617,70.0,1060.0
MOVE,0,1.0,0.015686275,441153625,70.0,1060.0
MOVE,0,1.0,0.015686275,441153634,70.0,1060.0
MOVE,0,1.0,0.015686275,441153642,70.0,1060.0
MOVE,0,1.0,0.015686275,441153650,70.0,1060.0
MOVE,0,1.0,0.015686275,441153659,71.0,1061.0
MOVE,0,1.0,0.015686275,441153667,71.0,1061.0
MOVE,0,1.0,0.015686275,441153675,71.0,1061.0
MOVE,0,1.0,0.015686275,441153684,71.0,1061.0
MOVE,0,1.0,0.015686275,441153692,71.0,1061.0
MOVE,0,1.0,0.015686275,441153700,71.0,1061.0
MOVE,0,1.0,0.015686275,441153709,71.0,1061.0
MOVE,0,1.0,0.015686275,441153717,71.0,1061.0
MOVE,0,1.0,0.015686275,441153725,71.0,1061.0
MOVE,0,1.0,0.013725491,441153734,71.0,1062.7119
MOVE,0,1.0,0.013725491,441153742,71.0,1063.0
MOVE,0,1.0,0.013725491,441153750,71.0,1063.0
MOVE,0,1.0,0.013725491,441153757,69.5,1064.5
MOVE,0,1.0,0.013725491,441153775,69.5,1064.5
MOVE,0,1.0,0.013725491,441153784,69.5,1064.5
MOVE,0,1.0,0.013725491,441153792,69.5,1064.5
MOVE,0,1.0,0.013725491,441153800,69.5,1064.5
MOVE,0,1.0,0.013725491,441153809,69.5,1064.5
MOVE,0,1.0,0.013725491,441153817,69.5,1064.5
MOVE,0,1.0,0.013725491,441153825,69.5,1064.5
MOVE,0,1.0,0.013725491,441153834,69.5,1064.5
MOVE,0,1.0,0.013725491,441153842,69.5,1064.5
MOVE,0,1.0,0.013725491,441153850,69.5,1064.5
MOVE,0,1.0,0.013725491,441153859,69.5,1064.5
MOVE,0,1.0,0.013725491,441153865,70.0,1065.5
MOVE,0,1.0,0.013725491,441153884,70.0,1065.5
MOVE,0,1.0,0.013725491,441153892,70.0,1065.5
MOVE,0,1.0,0.013725491,441153900,70.0,1065.5
MOVE,0,1.0,0.013725491,441153909,70.0,1065.5
MOVE,0,1.0,0.013725491,441153917,70.0,1065.5
MOVE,0,1.0,0.013725491,441153925,70.0,1065.5
MOVE,0,1.0,0.013725491,441153934,70.0,1065.5
MOVE,0,1.0,0.013725491,441153942,70.0,1065.5
MOVE,0,1.0,0.013725491,441153950,70.0,1065.5
MOVE,0,1.0,0.013725491,441153959,70.0,1065.5
MOVE,0,1.0,0.015686275,441153967,70.0,1064.0
MOVE,0,1.0,0.015686275,441153975,70.0,1064.0
MOVE,0,1.0,0.015686275,441153984,70.0,1064.0
MOVE,0,1.0,0.015686275,441153992,70.0,1064.0
MOVE,0,1.0,0.015686275,441154000,70.0,1064.0
MOVE,0,1.0,0.015686275,441154009,70.0,1064.0
MOVE,0,1.0,0.015686275,441154017,70.0,1064.0
MOVE,0,1.0,0.015686275,441154025,70.0,1064.0
MOVE,0,1.0,0.015686275,441154034,70.0,1064.0
MOVE,0,1.0,0.013725491,441154042,70.0,1065.7207
MOVE,0,1.0,0.013725491,441154050,69.2832,1067.4346
MOVE,0,1.0,0.013725491,441154059,69.0,1069.4268
MOVE,0,1.0,0.013725491,441154067,68.29492,1070.7051
MOVE,0,1.0,0.013725491,441154075,68.0,1071.0
MOVE,0,1.0,0.013725491,441154084,68.0,1071.0
MOVE,0,1.0,0.013725491,441154092,68.0,1071.0
MOVE,0,1.0,0.013725491,441154100,69.72656,1068.5459
MOVE,0,1.0,0.015686275,441154109,70.71973,1066.5605
MOVE,0,1.0,0.015686275,441154117,71.71582,1065.2842
MOVE,0,1.0,0.015686275,441154125,72.0,1064.2803
MOVE,0,1.0,0.015686275,441154134,72.71777,1063.2822
MOVE,0,1.0,0.015686275,441154142,73.0,1062.2832
MOVE,0,1.0,0.015686275,441154150,73.71875,1061.2812
MOVE,0,1.0,0.015686275,441154159,74.0,1060.2773
MOVE,0,1.0,0.015686275,441154167,74.0,1059.2734
MOVE,0,1.0,0.015686275,441154175,74.0,1059.0
MOVE,0,1.0,0.015686275,441154184,74.0,1059.0
MOVE,0,1.0,0.015686275,441154192,74.0,1057.2695
MOVE,0,1.0,0.015686275,441154200,74.0,1056.2715
MOVE,0,1.0,0.015686275,441154209,74.0,1055.2695
MOVE,0,1.0,0.015686275,441154217,74.0,1054.2793
MOVE,0,1.0,0.015686275,441154225,74.0,1052.5508
MOVE,0,1.0,0.015686275,441154234,74.0,1051.2754
MOVE,0,1.0,0.015686275,441154242,74.0,1049.5479
MOVE,0,1.0,0.013725491,441154250,74.0,1048.2852
MOVE,0,1.0,0.013725491,441154259,73.293945,1046.5879
MOVE,0,1.0,0.013725491,441154267,72.291016,1044.581
MOVE,0,1.0,0.013725491,441154275,72.0,1042.5508
MOVE,0,1.0,0.013725491,441154284,72.0,1041.2734
MOVE,0,1.0,0.013725491,441154292,71.29199,1039.584
MOVE,0,1.0,0.013725491,441154300,71.0,1038.2822
MOVE,0,1.0,0.013725491,441154309,70.2793,1037.2793
MOVE,0,1.0,0.013725491,441154317,70.0,1036.2783
MOVE,0,1.0,0.013725491,441154325,70.0,1035.2773
MOVE,0,1.0,0.013725491,441154334,70.0,1034.29
MOVE,0,1.0,0.013725491,441154342,70.0,1033.3047
MOVE,0,1.0,0.013725491,441154350,70.0,1031.5879
MOVE,0,1.0,0.013725491,441154357,70.0,1030.0
MOVE,0,1.0,0.013725491,441154375,70.0,1030.0
MOVE,0,1.0,0.013725491,441154384,70.0,1030.0
MOVE,0,1.0,0.013725491,441154392,70.0,1030.0
MOVE,0,1.0,0.013725491,441154400,70.0,1030.0
MOVE,0,1.0,0.013725491,441154409,70.0,1030.0
MOVE,0,1.0,0.013725491,441154417,70.0,1030.0
MOVE,0,1.0,0.013725491,441154425,70.0,1030.0
MOVE,0,1.0,0.013725491,441154434,70.0,1030.0
MOVE,0,1.0,0.013725491,441154442,69.0,1031.0
MOVE,0,1.0,0.013725491,441154450,69.0,1031.0
MOVE,0,1.0,0.013725491,441154459,69.0,1031.0
MOVE,0,1.0,0.013725491,441154467,69.0,1031.0
MOVE,0,1.0,0.013725491,441154475,69.0,1031.0
MOVE,0,1.0,0.013725491,441154484,69.0,1031.0
MOVE,0,1.0,0.013725491,441154492,66.549805,1031.0
MOVE,0,1.0,0.011764707,441154500,61.68164,1028.8408
MOVE,0,1.0,0.011764707,441154509,55.654297,1026.5518
MOVE,0,1.0,0.011764707,441154511,54.0,1026.0
UP,0,1.0,0.011764707,441154519,54.0,1026.0
DOWN,0,1.0,0.011764707,441155919,174.0,1015.0
MOVE,0,1.0,0.015686275,441155933,176.58105,1019.1621
MOVE,0,1.0,0.015686275,441155942,181.2627,1030.0527
MOVE,0,1.0,0.015686275,441155950,182.0,1033.0
MOVE,0,1.0,0.015686275,441155958,182.0,1033.0
MOVE,0,1.0,0.013725491,441155967,183.71191,1043.1201
MOVE,0,1.0,0.015686275,441155975,185.43457,1053.8906
MOVE,0,1.0,0.015686275,441155983,187.39844,1065.3896
MOVE,0,1.0,0.015686275,441155992,189.44238,1076.9336
MOVE,0,1.0,0.015686275,441156000,192.1836,1088.7354
MOVE,0,1.0,0.013725491,441156009,195.19238,1101.501
MOVE,0,1.0,0.013725491,441156017,198.18945,1115.9482
MOVE,0,1.0,0.011764707,441156025,201.83789,1132.7715
MOVE,0,1.0,0.013725491,441156034,205.76172,1151.8096
MOVE,0,1.0,0.013725491,441156042,209.85449,1172.9844
MOVE,0,1.0,0.011764707,441156050,213.18945,1195.7832
MOVE,0,1.0,0.013725491,441156059,215.43555,1216.3574
MOVE,0,1.0,0.013725491,441156067,217.42871,1232.7168
MOVE,0,1.0,0.011764707,441156075,218.0,1244.9512
MOVE,0,1.0,0.011764707,441156084,218.0,1252.3086
MOVE,0,1.0,0.011764707,441156092,218.72266,1256.168
MOVE,0,1.0,0.013725491,441156100,219.71387,1258.4277
MOVE,0,1.0,0.013725491,441156109,220.0,1260.4473
MOVE,0,1.0,0.013725491,441156117,221.4336,1261.7168
MOVE,0,1.0,0.013725491,441156125,222.70898,1263.419
MOVE,0,1.0,0.013725491,441156134,224.40723,1265.4072
MOVE,0,1.0,0.013725491,441156142,225.71387,1267.4268
MOVE,0,1.0,0.013725491,441156150,226.0,1268.7148
MOVE,0,1.0,0.013725491,441156159,226.0,1269.7139
MOVE,0,1.0,0.013725491,441156167,226.71973,1270.0
MOVE,0,1.0,0.013725491,441156175,227.72461,1270.0
MOVE,0,1.0,0.013725491,441156184,228.72949,1270.0
MOVE,0,1.0,0.013725491,441156190,229.5,1270.0
MOVE,0,1.0,0.013725491,441156209,229.5,1270.0
MOVE,0,1.0,0.013725491,441156215,230.5,1270.0
MOVE,0,1.0,0.013725491,441156234,230.5,1270.0
MOVE,0,1.0,0.013725491,441156242,230.5,1270.0
MOVE,0,1.0,0.013725491,441156250,230.0,1269.0
MOVE,0,1.0,0.013725491,441156259,230.0,1269.0
MOVE,0,1.0,0.013725491,441156267,230.0,1269.0
MOVE,0,1.0,0.013725491,441156275,230.0,1269.0
MOVE,0,1.0,0.013725491,441156284,230.0,1269.0
MOVE,0,1.0,0.013725491,441156292,230.0,1269.0
MOVE,0,1.0,0.013725491,441156300,230.0,1269.0
MOVE,0,1.0,0.013725491,441156309,230.0,1269.0
MOVE,0,1.0,0.013725491,441156317,230.0,1270.7373
MOVE,0,1.0,0.013725491,441156325,230.7373,1273.2109
MOVE,0,1.0,0.013725491,441156334,231.0,1277.6191
MOVE,0,1.0,0.013725491,441156342,231.0,1282.5654
MOVE,0,1.0,0.013725491,441156350,231.0,1289.0498
MOVE,0,1.0,0.013725491,441156359,230.27637,1296.0645
MOVE,0,1.0,0.011764707,441156367,228.5459,1304.543
MOVE,0,1.0,0.011764707,441156375,226.5498,1314.9756
MOVE,0,1.0,0.013725491,441156384,224.58008,1327.9395
MOVE,0,1.0,0.013725491,441156392,224.0,1342.1035
MOVE,0,1.0,0.011764707,441156400,224.0,1356.7627
MOVE,0,1.0,0.011764707,441156409,224.0,1373.2354
MOVE,0,1.0,0.013725491,441156417,224.0,1392.4424
MOVE,0,1.0,0.011764707,441156425,221.82812,1416.8203
MOVE,0,1.0,0.011764707,441156434,218.86133,1444.6699
MOVE,0,1.0,0.009803922,441156442,215.83398,1474.6611
MOVE,0,1.0,0.011764707,441156450,210.60645,1505.6992
MOVE,0,1.0,0.013725491,441156459,203.26562,1536.2217
MOVE,0,1.0,0.011764707,441156467,180.73438,1622.4424
MOVE,0,1.0,0.011764707,441156469,173.0,1652.0
UP,0,1.0,0.011764707,441156478,173.0,1652.0
DOWN,0,1.0,0.011764707,441156994,197.0,1492.0
MOVE,0,1.0,0.013725491,441157009,197.0,1492.0
MOVE,0,1.0,0.013725491,441157017,197.0,1492.0
MOVE,0,1.0,0.013725491,441157025,197.26465,1483.585
MOVE,0,1.0,0.013725491,441157034,196.26562,1476.8594
MOVE,0,1.0,0.013725491,441157042,196.0,1472.0957
MOVE,0,1.0,0.013725491,441157050,195.26758,1467.3379
MOVE,0,1.0,0.013725491,441157059,193.52637,1454.9463
MOVE,0,1.0,0.011764707,441157067,190.7998,1436.334
MOVE,0,1.0,0.013725491,441157075,188.53711,1414.9062
MOVE,0,1.0,0.013725491,441157084,187.27539,1393.0664
MOVE,0,1.0,0.011764707,441157092,186.26855,1370.1729
MOVE,0,1.0,0.013725491,441157100,185.2666,1346.3926
MOVE,0,1.0,0.013725491,441157109,184.2627,1321.5742
MOVE,0,1.0,0.011764707,441157117,183.2666,1296.669
MOVE,0,1.0,0.013725491,441157125,182.27051,1272.4824
MOVE,0,1.0,0.013725491,441157134,180.54297,1250.7051
MOVE,0,1.0,0.013725491,441157142,178.53613,1229.6318
MOVE,0,1.0,0.013725491,441157150,175.79004,1210.0049
MOVE,0,1.0,0.011764707,441157159,172.05664,1192.4922
MOVE,0,1.0,0.013725491,441157167,168.06934,1177.7412
MOVE,0,1.0,0.01764706,441157175,165.52832,1165.1699
MOVE,0,1.0,0.013725491,441157184,164.26465,1154.6504
MOVE,0,1.0,0.011764707,441157192,163.26953,1146.1602
MOVE,0,1.0,0.011764707,441157200,163.0,1139.5928
MOVE,0,1.0,0.011764707,441157209,163.73047,1132.8857
MOVE,0,1.0,0.011764707,441157217,164.72559,1127.3711
MOVE,0,1.0,0.011764707,441157225,165.0,1121.6094
MOVE,0,1.0,0.015686275,441157234,164.28516,1116.4248
MOVE,0,1.0,0.015686275,441157242,163.27148,1111.3555
MOVE,0,1.0,0.01764706,441157250,163.0,1105.5879
MOVE,0,1.0,0.01764706,441157258,162.2627,1101.0518
MOVE,0,1.0,0.01764706,441157267,162.0,1097.041
MOVE,0,1.0,0.01764706,441157275,161.25684,1093.0283
MOVE,0,1.0,0.01764706,441157283,160.27539,1089.8252
MOVE,0,1.0,0.013725491,441157292,159.27637,1086.8281
MOVE,0,1.0,0.011764707,441157300,159.0,1083.9033
MOVE,0,1.0,0.011764707,441157308,158.27637,1081.5518
MOVE,0,1.0,0.011764707,441157317,158.0,1080.2637
MOVE,0,1.0,0.011764707,441157325,158.0,1079.2627
MOVE,0,1.0,0.011764707,441157333,158.72559,1078.2744
MOVE,0,1.0,0.011764707,441157342,160.41602,1078.0
MOVE,0,1.0,0.011764707,441157350,163.87207,1078.7178
MOVE,0,1.0,0.013725491,441157358,167.9414,1080.4707
MOVE,0,1.0,0.013725491,441157361,169.0,1081.0
UP,0,1.0,0.013725491,441157369,169.0,1081.0
MOVE,0,1.0,0.013725491,441158067,246.16406,1369.2021
MOVE,0,1.0,0.013725491,441158075,240.67383,1353.0225
MOVE,0,1.0,0.011764707,441158084,234.69336,1332.208
MOVE,0,1.0,0.013725491,441158092,228.69531,1308.0654
MOVE,0,1.0,0.011764707,441158100,222.64551,1282.1318
MOVE,0,1.0,0.011764707,441158109,216.68945,1255.6035
MOVE,0,1.0,0.011764707,441158117,210.7041,1229.3838
MOVE,0,1.0,0.011764707,441158125,204.7168,1204.1553
MOVE,0,1.0,0.013725491,441158134,199.39355,1181.1338
MOVE,0,1.0,0.011764707,441158142,194.4082,1160.6318
MOVE,0,1.0,0.013725491,441158150,190.16016,1142.2207
MOVE,0,1.0,0.015686275,441158159,186.14551,1124.8701
MOVE,0,1.0,0.015686275,441158167,181.40234,1107.7695
MOVE,0,1.0,0.013725491,441158175,177.16699,1092.376
MOVE,0,1.0,0.013725491,441158184,173.20898,1078.2324
MOVE,0,1.0,0.011764707,441158192,168.44043,1064.0342
MOVE,0,1.0,0.015686275,441158200,164.11523,1051.3457
MOVE,0,1.0,0.015686275,441158209,158.6543,1039.3096
MOVE,0,1.0,0.015686275,441158217,153.4209,1027.4092
MOVE,0,1.0,0.011764707,441158225,148.4209,1016.125
MOVE,0,1.0,0.011764707,441158234,143.46582,1005.2246
MOVE,0,1.0,0.013725491,441158242,138.46191,994.9248
MOVE,0,1.0,0.015686275,441158250,133.46191,984.9238
MOVE,0,1.0,0.015686275,441158259,128.45508,975.61914
MOVE,0,1.0,0.015686275,441158267,124.13965,967.2793
MOVE,0,1.0,0.015686275,441158275,120.11426,959.9492
MOVE,0,1.0,0.015686275,441158284,116.82324,953.6455
MOVE,0,1.0,0.013725491,441158292,114.555664,949.1113
MOVE,0,1.0,0.011764707,441158300,112.600586,945.2012
MOVE,0,1.0,0.011764707,441158309,111.31152,942.62305
MOVE,0,1.0,0.011764707,441158317,110.29785,940.5957
MOVE,0,1.0,0.011764707,441158325,110.0,939.3047
MOVE,0,1.0,0.011764707,441158334,110.0,938.3047
MOVE,0,1.0,0.011764707,441158342,109.293945,938.0
MOVE,0,1.0,0.011764707,441158350,109.0,937.2832
MOVE,0,1.0,0.011764707,441158359,109.0,936.29004
MOVE,0,1.0,0.011764707,441158367,109.0,936.0
MOVE,0,1.0,0.011764707,441158375,109.0,936.0
MOVE,0,1.0,0.011764707,441158384,109.0,936.0
MOVE,0,1.0,0.011764707,441158392,109.0,936.0
MOVE,0,1.0,0.011764707,441158400,109.0,936.0
MOVE,0,1.0,0.011764707,441158409,109.0,936.0
MOVE,0,1.0,0.011764707,441158415,109.0,934.5
MOVE,0,1.0,0.011764707,441158434,109.0,934.5
MOVE,0,1.0,0.011764707,441158440,107.5,935.0
MOVE,0,1.0,0.011764707,441158459,105.27539,933.27637
MOVE,0,1.0,0.011764707,441158461,105.0,933.0
UP,0,1.0,0.011764707,441158469,105.0,933.0
DOWN,0,1.0,0.009803922,441159502,156.0,1291.0
MOVE,0,1.0,0.011764707,441159517,156.0,1274.8203
MOVE,0,1.0,0.011764707,441159525,155.3877,1268.1641
MOVE,0,1.0,0.009803922,441159533,154.28809,1257.75
MOVE,0,1.0,0.013725491,441159542,151.81348,1240.1523
MOVE,0,1.0,0.011764707,441159550,148.84961,1221.3779
MOVE,0,1.0,0.013725491,441159558,145.84863,1203.0947
MOVE,0,1.0,0.015686275,441159567,142.19824,1186.792
MOVE,0,1.0,0.015686275,441159575,138.16699,1170.6699
MOVE,0,1.0,0.013725491,441159583,134.85449,1155.9893
MOVE,0,1.0,0.013725491,441159592,131.84668,1141.9512
MOVE,0,1.0,0.015686275,441159600,129.54688,1129.2822
MOVE,0,1.0,0.015686275,441159608,126.83203,1117.3291
MOVE,0,1.0,0.015686275,441159617,124.549805,1106.749
MOVE,0,1.0,0.013725491,441159625,122.55371,1097.4932
MOVE,0,1.0,0.013725491,441159633,121.28027,1089.9609
MOVE,0,1.0,0.013725491,441159642,120.27637,1083.6582
MOVE,0,1.0,0.013725491,441159650,119.27734,1077.6631
MOVE,0,1.0,0.011764707,441159658,118.274414,1072.374
MOVE,0,1.0,0.011764707,441159667,117.28418,1067.4219
MOVE,0,1.0,0.011764707,441159675,116.28418,1062.4219
MOVE,0,1.0,0.011764707,441159683,114.55371,1056.6602
MOVE,0,1.0,0.011764707,441159692,111.82715,1051.3789
MOVE,0,1.0,0.011764707,441159700,108.850586,1045.7012
MOVE,0,1.0,0.015686275,441159708,106.54785,1039.6426
MOVE,0,1.0,0.013725491,441159717,103.819336,1033.6396
MOVE,0,1.0,0.013725491,441159725,100.833984,1026.9453
MOVE,0,1.0,0.011764707,441159733,97.10742,1019.21484
MOVE,0,1.0,0.011764707,441159742,93.072266,1010.41406
MOVE,0,1.0,0.011764707,441159750,87.15137,1001.07324
MOVE,0,1.0,0.011764707,441159758,78.70801,987.5137
MOVE,0,1.0,0.013725491,441159767,68.163086,970.1758
MOVE,0,1.0,0.011764707,441159775,56.333008,950.5547
MOVE,0,1.0,0.009803922,441159783,45.06836,929.8574
MOVE,0,1.0,0.009803922,441159792,17.549805,871.5029
MOVE,0,1.0,0.009803922,441159794,8.0,851.0
UP,0,1.0,0.009803922,441159802,8.0,851.0
DOWN,0,1.0,0.011764707,441160237,66.0,936.0
MOVE,0,1.0,0.011764707,441160258,69.884766,944.0488
MOVE,0,1.0,0.011764707,441160267,73.16211,951.7656
MOVE,0,1.0,0.011764707,441160275,75.44629,956.89355
MOVE,0,1.0,0.013725491,441160283,76.0,958.0
MOVE,0,1.0,0.013725491,441160292,76.0,958.0
MOVE,0,1.0,0.011764707,441160300,79.17285,968.51953
MOVE,0,1.0,0.011764707,441160308,82.921875,979.03516
MOVE,0,1.0,0.011764707,441160317,86.18164,989.99805
MOVE,0,1.0,0.011764707,441160325,89.17383,1000.2471
MOVE,0,1.0,0.013725491,441160333,92.168945,1009.5078
MOVE,0,1.0,0.015686275,441160342,94.43652,1017.0293
MOVE,0,1.0,0.015686275,441160350,96.418945,1023.9678
MOVE,0,1.0,0.011764707,441160358,98.42383,1029.5605
MOVE,0,1.0,0.011764707,441160367,99.72461,1033.8965
MOVE,0,1.0,0.011764707,441160375,100.7207,1037.8828
MOVE,0,1.0,0.011764707,441160383,101.72461,1041.1729
MOVE,0,1.0,0.011764707,441160392,102.71973,1043.4404
MOVE,0,1.0,0.011764707,441160400,103.70996,1045.4209
MOVE,0,1.0,0.011764707,441160408,104.0,1046.7178
MOVE,0,1.0,0.011764707,441160417,104.711914,1048.4238
MOVE,0,1.0,0.011764707,441160425,105.0,1049.7197
MOVE,0,1.0,0.011764707,441160433,105.711914,1051.4229
MOVE,0,1.0,0.011764707,441160442,106.0,1053.4277
MOVE,0,1.0,0.011764707,441160450,106.71875,1055.4365
MOVE,0,1.0,0.011764707,441160458,107.71777,1057.4346
MOVE,0,1.0,0.011764707,441160467,108.71387,1059.4268
MOVE,0,1.0,0.011764707,441160475,109.71582,1061.4316
MOVE,0,1.0,0.011764707,441160483,110.725586,1063.4502
MOVE,0,1.0,0.011764707,441160492,111.72168,1065.4443
MOVE,0,1.0,0.011764707,441160500,112.71484,1067.4307
MOVE,0,1.0,0.011764707,441160508,113.72461,1068.0
MOVE,0,1.0,0.013725491,441160515,114.5,1068.0
MOVE,0,1.0,0.013725491,441160533,114.5,1068.0
MOVE,0,1.0,0.013725491,441160542,114.5,1068.0
MOVE,0,1.0,0.013725491,441160550,114.5,1068.0
MOVE,0,1.0,0.013725491,441160558,114.71777,1069.0
MOVE,0,1.0,0.013725491,441160565,115.5,1069.0
MOVE,0,1.0,0.013725491,441160583,115.0,1070.0
MOVE,0,1.0,0.013725491,441160592,115.0,1070.0
MOVE,0,1.0,0.013725491,441160600,115.0,1070.0
MOVE,0,1.0,0.013725491,441160608,115.72461,1071.0
MOVE,0,1.0,0.013725491,441160617,116.0,1071.7236
MOVE,0,1.0,0.013725491,441160625,116.0,1072.0
MOVE,0,1.0,0.013725491,441160633,116.0,1072.0
MOVE,0,1.0,0.013725491,441160642,116.0,1072.0
MOVE,0,1.0,0.013725491,441160650,116.0,1072.0
MOVE,0,1.0,0.013725491,441160658,116.71387,1073.0
MOVE,0,1.0,0.013725491,441160665,117.5,1073.0
MOVE,0,1.0,0.013725491,441160683,117.0,1074.0
MOVE,0,1.0,0.013725491,441160692,117.0,1074.0
MOVE,0,1.0,0.013725491,441160700,117.0,1074.0
MOVE,0,1.0,0.013725491,441160708,118.0,1074.0
MOVE,0,1.0,0.013725491,441160717,118.0,1074.0
MOVE,0,1.0,0.013725491,441160725,118.0,1074.0
MOVE,0,1.0,0.013725491,441160733,118.0,1074.0
MOVE,0,1.0,0.013725491,441160742,118.0,1074.0
MOVE,0,1.0,0.013725491,441160750,118.0,1075.0
MOVE,0,1.0,0.013725491,441160758,118.0,1075.0
MOVE,0,1.0,0.013725491,441160767,118.0,1075.0
MOVE,0,1.0,0.013725491,441160775,118.0,1075.0
MOVE,0,1.0,0.013725491,441160783,118.0,1075.0
MOVE,0,1.0,0.013725491,441160792,119.0,1076.0
MOVE,0,1.0,0.013725491,441160800,119.0,1076.0
MOVE,0,1.0,0.013725491,441160808,119.0,1076.0
MOVE,0,1.0,0.013725491,441160817,119.0,1076.0
MOVE,0,1.0,0.013725491,441160825,119.72363,1077.0
MOVE,0,1.0,0.013725491,441160831,120.5,1077.0
MOVE,0,1.0,0.013725491,441160850,120.5,1077.0
MOVE,0,1.0,0.013725491,441160858,120.0,1078.7227
MOVE,0,1.0,0.015686275,441160867,120.706055,1079.706
MOVE,0,1.0,0.015686275,441160869,121.0,1080.0
UP,0,1.0,0.015686275,441160878,121.0,1080.0
DOWN,0,1.0,0.011764707,441161419,121.0,981.0
MOVE,0,1.0,0.01764706,441161433,121.0,981.0
MOVE,0,1.0,0.01764706,441161442,121.0,981.0
MOVE,0,1.0,0.015686275,441161450,123.14551,984.1455
MOVE,0,1.0,0.015686275,441161458,126.12598,989.96094
MOVE,0,1.0,0.013725491,441161467,128.43164,994.8633
MOVE,0,1.0,0.015686275,441161475,129.0,996.0
MOVE,0,1.0,0.015686275,441161483,129.0,996.0
MOVE,0,1.0,0.015686275,441161492,134.55762,1010.53906
MOVE,0,1.0,0.01764706,441161500,140.29688,1023.3096
MOVE,0,1.0,0.011764707,441161508,145.58008,1035.5908
MOVE,0,1.0,0.011764707,441161517,150.57617,1046.8691
MOVE,0,1.0,0.011764707,441161525,155.58203,1058.5957
MOVE,0,1.0,0.013725491,441161533,159.83984,1069.0986
MOVE,0,1.0,0.01764706,441161542,163.13574,1078.4072
MOVE,0,1.0,0.015686275,441161550,166.10059,1086.6025
MOVE,0,1.0,0.015686275,441161558,168.40332,1093.9121
MOVE,0,1.0,0.015686275,441161567,170.36133,1099.4043
MOVE,0,1.0,0.011764707,441161575,172.38574,1104.4658
MOVE,0,1.0,0.013725491,441161583,173.71094,1108.8447
MOVE,0,1.0,0.013725491,441161592,174.7002,1113.5
MOVE,0,1.0,0.013725491,441161600,175.69727,1117.7891
MOVE,0,1.0,0.013725491,441161608,176.70898,1121.127
MOVE,0,1.0,0.013725491,441161617,177.0,1124.8564
MOVE,0,1.0,0.013725491,441161625,177.71875,1128.1562
MOVE,0,1.0,0.013725491,441161633,178.70508,1131.1152
MOVE,0,1.0,0.013725491,441161642,179.0,1134.1475
MOVE,0,1.0,0.013725491,441161650,179.71777,1137.1523
MOVE,0,1.0,0.013725491,441161658,180.0,1140.167
MOVE,0,1.0,0.013725491,441161667,180.0,1141.7197
MOVE,0,1.0,0.013725491,441161675,180.71289,1143.4268
MOVE,0,1.0,0.013725491,441161683,181.0,1144.7227
MOVE,0,1.0,0.013725491,441161692,181.0,1146.4521
MOVE,0,1.0,0.013725491,441161700,181.71289,1149.1396
MOVE,0,1.0,0.013725491,441161708,182.70215,1151.4043
MOVE,0,1.0,0.013725491,441161717,183.70898,1153.418
MOVE,0,1.0,0.015686275,441161725,184.70508,1156.1143
MOVE,0,1.0,0.013725491,441161733,185.70801,1159.124
MOVE,0,1.0,0.013725491,441161742,186.71191,1162.1348
MOVE,0,1.0,0.015686275,441161750,187.69922,1165.0967
MOVE,0,1.0,0.013725491,441161758,188.0,1168.1035
MOVE,0,1.0,0.013725491,441161767,188.70215,1171.1064
MOVE,0,1.0,0.013725491,441161775,189.69922,1173.3984
MOVE,0,1.0,0.013725491,441161783,190.71191,1176.1348
MOVE,0,1.0,0.013725491,441161792,191.71094,1178.4209
MOVE,0,1.0,0.013725491,441161800,192.0,1180.4424
MOVE,0,1.0,0.013725491,441161808,192.0,1181.7188
MOVE,0,1.0,0.013725491,441161816,192.71387,1182.0
MOVE,0,1.0,0.013725491,441161825,193.0,1182.7197
MOVE,0,1.0,0.013725491,441161833,193.0,1183.7207
MOVE,0,1.0,0.013725491,441161841,193.71875,1184.0
MOVE,0,1.0,0.013725491,441161848,194.5,1184.0
MOVE,0,1.0,0.013725491,441161866,194.5,1184.0
MOVE,0,1.0,0.013725491,441161875,194.5,1184.0
MOVE,0,1.0,0.013725491,441161883,195.0,1184.7256
MOVE,0,1.0,0.013725491,441161891,195.0,1185.0
MOVE,0,1.0,0.013725491,441161900,195.0,1185.0
MOVE,0,1.0,0.013725491,441161908,195.0,1185.0
MOVE,0,1.0,0.013725491,441161916,195.0,1186.0
MOVE,0,1.0,0.013725491,441161925,195.0,1186.0
MOVE,0,1.0,0.013725491,441161931,195.0,1187.5
MOVE,0,1.0,0.013725491,441161950,195.0,1188.0
MOVE,0,1.0,0.013725491,441161958,195.0,1188.0
MOVE,0,1.0,0.013725491,441161965,196.5,1188.0
MOVE,0,1.0,0.013725491,441161983,196.0,1189.0
MOVE,0,1.0,0.013725491,441161992,196.0,1189.0
MOVE,0,1.0,0.013725491,441162000,196.0,1189.0
MOVE,0,1.0,0.013725491,441162008,196.0,1189.0
MOVE,0,1.0,0.013725491,441162015,196.0,1190.5
MOVE,0,1.0,0.013725491,441162033,196.0,1190.5
MOVE,0,1.0,0.013725491,441162040,196.0,1191.5
MOVE,0,1.0,0.013725491,441162058,196.0,1191.5
MOVE,0,1.0,0.013725491,441162067,196.0,1191.5
MOVE,0,1.0,0.013725491,441162075,197.0,1192.0
MOVE,0,1.0,0.013725491,441162083,197.0,1192.0
MOVE,0,1.0,0.013725491,441162092,197.7207,1193.7207
MOVE,0,1.0,0.013725491,441162100,198.0,1194.7158
MOVE,0,1.0,0.013725491,441162108,198.0,1196.4346
MOVE,0,1.0,0.013725491,441162117,198.0,1197.7188
MOVE,0,1.0,0.013725491,441162125,198.0,1198.7227
MOVE,0,1.0,0.013725491,441162133,198.0,1200.4414
MOVE,0,1.0,0.013725491,441162142,198.0,1201.7266
MOVE,0,1.0,0.013725491,441162150,198.0,1203.4609
MOVE,0,1.0,0.011764707,441162158,198.72559,1205.4512
MOVE,0,1.0,0.011764707,441162167,199.71973,1207.4395
MOVE,0,1.0,0.011764707,441162175,200.0,1209.4424
MOVE,0,1.0,0.011764707,441162183,200.71582,1211.4326
MOVE,0,1.0,0.011764707,441162192,201.70312,1213.4072
MOVE,0,1.0,0.009803922,441162200,202.0,1215.416
MOVE,0,1.0,0.011764707,441162208,202.7207,1217.4424
MOVE,0,1.0,0.011764707,441162217,203.0,1218.7207
MOVE,0,1.0,0.013725491,441162225,203.0,1219.7266
MOVE,0,1.0,0.013725491,441162233,203.0,1220.7119
MOVE,0,1.0,0.013725491,441162242,203.71582,1221.7158
MOVE,0,1.0,0.013725491,441162248,204.5,1222.5
MOVE,0,1.0,0.013725491,441162267,205.0,1223.0
MOVE,0,1.0,0.013725491,441162275,205.0,1223.0
MOVE,0,1.0,0.015686275,441162283,205.0,1225.7188
MOVE,0,1.0,0.013725491,441162292,205.0,1227.4395
MOVE,0,1.0,0.013725491,441162300,205.0,1229.4307
MOVE,0,1.0,0.013725491,441162308,205.0,1230.7031
MOVE,0,1.0,0.013725491,441162317,205.0,1232.4424
MOVE,0,1.0,0.013725491,441162325,205.0,1233.7305
MOVE,0,1.0,0.013725491,441162333,205.7207,1234.7207
MOVE,0,1.0,0.013725491,441162342,206.7207,1236.4414
MOVE,0,1.0,0.013725491,441162350,207.0,1238.457
MOVE,0,1.0,0.013725491,441162358,206.27441,1240.4521
MOVE,0,1.0,0.011764707,441162367,206.0,1243.1553
MOVE,0,1.0,0.011764707,441162375,206.0,1246.1289
MOVE,0,1.0,0.011764707,441162383,206.0,1249.1475
MOVE,0,1.0,0.011764707,441162392,206.0,1252.8975
MOVE,0,1.0,0.011764707,441162400,206.0,1256.8066
MOVE,0,1.0,0.011764707,441162408,206.69824,1261.4902
MOVE,0,1.0,0.011764707,441162417,207.70996,1266.5508
MOVE,0,1.0,0.009803922,441162425,208.7207,1272.3271
MOVE,0,1.0,0.009803922,441162433,209.0,1278.2783
MOVE,0,1.0,0.009803922,441162442,209.71484,1285.0049
MOVE,0,1.0,0.011764707,441162450,210.72168,1292.0547
MOVE,0,1.0,0.011764707,441162458,211.0,1298.3799
MOVE,0,1.0,0.011764707,441162467,211.0,1304.3516
MOVE,0,1.0,0.011764707,441162475,211.0,1308.9023
MOVE,0,1.0,0.011764707,441162483,211.72754,1313.6357
MOVE,0,1.0,0.011764707,441162491,213.46875,1317.2021
MOVE,0,1.0,0.011764707,441162500,214.0,1320.1973
MOVE,0,1.0,0.011764707,441162508,214.73242,1322.4639
MOVE,0,1.0,0.011764707,441162516,215.0,1324.4678
MOVE,0,1.0,0.011764707,441162525,215.0,1327.1621
MOVE,0,1.0,0.011764707,441162533,215.0,1329.418
MOVE,0,1.0,0.009803922,441162541,215.72461,1330.7246
MOVE,0,1.0,0.009803922,441162550,216.0,1331.7148
MOVE,0,1.0,0.009803922,441162558,216.0,1333.4531
MOVE,0,1.0,0.009803922,441162566,216.0,1334.7334
MOVE,0,1.0,0.009803922,441162575,216.0,1335.7246
MOVE,0,1.0,0.009803922,441162583,216.0,1336.7227
MOVE,0,1.0,0.009803922,441162591,216.0,1337.7275
MOVE,0,1.0,0.009803922,441162600,216.0,1338.7256
MOVE,0,1.0,0.009803922,441162608,216.0,1339.7217
MOVE,0,1.0,0.009803922,441162616,216.0,1340.7207
MOVE,0,1.0,0.009803922,441162625,216.0,1342.4463
MOVE,0,1.0,0.009803922,441162633,216.0,1343.7119
MOVE,0,1.0,0.009803922,441162641,216.0,1344.7158
MOVE,0,1.0,0.009803922,441162648,216.0,1345.5
MOVE,0,1.0,0.009803922,441162666,215.3086,1346.0
MOVE,0,1.0,0.015686275,441162675,214.30078,1346.6992
MOVE,0,1.0,0.01764706,441162683,213.2793,1347.7217
MOVE,0,1.0,0.01764706,441162685,213.0,1348.0
UP,0,1.0,0.01764706,441162694,213.0,1348.0
DOWN,0,1.0,0.009803922,441164019,158.0,1406.0
MOVE,0,1.0,0.011764707,441164041,158.71875,1403.8447
MOVE,0,1.0,0.011764707,441164050,159.71484,1398.71
MOVE,0,1.0,0.011764707,441164058,160.70703,1392.0488
MOVE,0,1.0,0.011764707,441164066,161.70215,1387.8945
MOVE,0,1.0,0.011764707,441164073,162.5,1385.5
MOVE,0,1.0,0.013725491,441164091,162.0,1379.7607
MOVE,0,1.0,0.009803922,441164100,162.0,1372.3955
MOVE,0,1.0,0.009803922,441164108,162.0,1365.1006
MOVE,0,1.0,0.009803922,441164116,162.0,1359.4424
MOVE,0,1.0,0.009803922,441164125,161.27441,1353.6494
MOVE,0,1.0,0.011764707,441164133,161.0,1348.3447
MOVE,0,1.0,0.011764707,441164141,161.0,1343.3779
MOVE,0,1.0,0.011764707,441164150,160.27539,1339.1006
MOVE,0,1.0,0.011764707,441164158,160.0,1334.376
MOVE,0,1.0,0.011764707,441164166,159.2793,1330.8379
MOVE,0,1.0,0.011764707,441164175,159.0,1327.8193
MOVE,0,1.0,0.011764707,441164183,159.0,1325.5381
MOVE,0,1.0,0.011764707,441164191,159.0,1324.2705
MOVE,0,1.0,0.011764707,441164200,159.0,1322.5322
MOVE,0,1.0,0.011764707,441164208,159.0,1320.5576
MOVE,0,1.0,0.011764707,441164216,159.0,1317.8604
MOVE,0,1.0,0.011764707,441164225,159.0,1315.5625
MOVE,0,1.0,0.011764707,441164233,159.0,1312.833
MOVE,0,1.0,0.009803922,441164241,159.0,1310.5518
MOVE,0,1.0,0.011764707,441164250,159.0,1307.832
MOVE,0,1.0,0.009803922,441164258,159.0,1305.5488
MOVE,0,1.0,0.009803922,441164266,159.0,1303.5518
MOVE,0,1.0,0.009803922,441164275,159.0,1301.5615
MOVE,0,1.0,0.009803922,441164283,159.0,1299.5518
MOVE,0,1.0,0.009803922,441164291,159.0,1298.2773
MOVE,0,1.0,0.009803922,441164300,159.0,1296.542
MOVE,0,1.0,0.009803922,441164308,159.0,1295.2705
MOVE,0,1.0,0.013725491,441164316,159.0,1293.5391
MOVE,0,1.0,0.013725491,441164325,159.0,1291.5361
MOVE,0,1.0,0.013725491,441164333,159.0,1289.5391
MOVE,0,1.0,0.009803922,441164341,159.0,1286.8652
MOVE,0,1.0,0.009803922,441164350,159.0,1283.9219
MOVE,0,1.0,0.009803922,441164358,159.0,1280.8818
MOVE,0,1.0,0.009803922,441164366,159.0,1277.1221
MOVE,0,1.0,0.009803922,441164375,159.0,1273.1133
MOVE,0,1.0,0.011764707,441164383,158.28027,1268.4033
MOVE,0,1.0,0.011764707,441164391,157.2793,1263.3955
MOVE,0,1.0,0.011764707,441164400,155.5664,1258.417
MOVE,0,1.0,0.011764707,441164408,154.2832,1254.1318
MOVE,0,1.0,0.011764707,441164416,154.0,1250.1182
MOVE,0,1.0,0.011764707,441164425,154.0,1246.0996
MOVE,0,1.0,0.011764707,441164433,153.27246,1242.0918
MOVE,0,1.0,0.011764707,441164441,153.0,1238.1055
MOVE,0,1.0,0.009803922,441164450,153.0,1234.8203
MOVE,0,1.0,0.013725491,441164458,152.26953,1231.0781
MOVE,0,1.0,0.01764706,441164466,151.26758,1227.0713
MOVE,0,1.0,0.013725491,441164475,150.27148,1223.085
MOVE,0,1.0,0.009803922,441164483,149.27148,1219.8135
MOVE,0,1.0,0.009803922,441164491,148.28809,1216.1523
MOVE,0,1.0,0.011764707,441164500,148.0,1211.5283
MOVE,0,1.0,0.011764707,441164508,148.0,1206.4873
MOVE,0,1.0,0.011764707,441164516,148.0,1201.418
MOVE,0,1.0,0.011764707,441164525,147.28613,1196.4316
MOVE,0,1.0,0.011764707,441164533,146.29102,1191.4541
MOVE,0,1.0,0.011764707,441164541,144.55762,1186.3945
MOVE,0,1.0,0.013725491,441164550,144.0,1181.3955
MOVE,0,1.0,0.013725491,441164558,143.2832,1177.8486
MOVE,0,1.0,0.013725491,441164566,142.28027,1176.2803
MOVE,0,1.0,0.013725491,441164575,141.2793,1175.2793
MOVE,0,1.0,0.013725491,441164583,141.0,1174.2803
MOVE,0,1.0,0.013725491,441164591,141.0,1173.2783
MOVE,0,1.0,0.013725491,441164600,141.0,1173.0
MOVE,0,1.0,0.013725491,441164608,141.0,1173.0
MOVE,0,1.0,0.013725491,441164616,141.0,1171.2695
MOVE,0,1.0,0.013725491,441164625,141.0,1170.2715
MOVE,0,1.0,0.015686275,441164633,141.0,1168.5615
MOVE,0,1.0,0.013725491,441164641,141.0,1167.2822
MOVE,0,1.0,0.013725491,441164650,141.0,1166.2881
MOVE,0,1.0,0.013725491,441164658,141.0,1164.5703
MOVE,0,1.0,0.015686275,441164666,141.0,1161.8359
MOVE,0,1.0,0.015686275,441164675,141.0,1159.5479
MOVE,0,1.0,0.015686275,441164683,141.0,1157.5586
MOVE,0,1.0,0.015686275,441164691,140.27637,1154.8281
MOVE,0,1.0,0.011764707,441164700,139.2832,1151.1328
MOVE,0,1.0,0.011764707,441164708,139.0,1147.1172
MOVE,0,1.0,0.011764707,441164716,139.0,1143.0908
MOVE,0,1.0,0.011764707,441164725,138.26562,1139.0625
MOVE,0,1.0,0.013725491,441164733,138.0,1135.0654
MOVE,0,1.0,0.013725491,441164741,137.26855,1131.0742
MOVE,0,1.0,0.013725491,441164750,137.0,1127.0957
MOVE,0,1.0,0.013725491,441164758,135.54492,1123.0898
MOVE,0,1.0,0.013725491,441164766,134.27441,1119.0986
MOVE,0,1.0,0.015686275,441164775,133.27734,1115.1104
MOVE,0,1.0,0.015686275,441164783,133.0,1111.1035
MOVE,0,1.0,0.015686275,441164791,132.29492,1107.8848
MOVE,0,1.0,0.015686275,441164800,130.5664,1104.1338
MOVE,0,1.0,0.015686275,441164808,129.28027,1100.1191
MOVE,0,1.0,0.015686275,441164816,128.28809,1096.8633
MOVE,0,1.0,0.015686275,441164825,127.2959,1093.1855
MOVE,0,1.0,0.013725491,441164833,127.0,1089.1465
MOVE,0,1.0,0.013725491,441164841,126.27344,1085.0928
MOVE,0,1.0,0.015686275,441164850,124.54297,1081.8135
MOVE,0,1.0,0.013725491,441164858,123.268555,1078.0732
MOVE,0,1.0,0.013725491,441164866,122.26953,1074.0781
MOVE,0,1.0,0.013725491,441164875,122.0,1070.1035
MOVE,0,1.0,0.013725491,441164883,120.541016,1066.083
MOVE,0,1.0,0.011764707,441164891,119.27832,1062.1133
MOVE,0,1.0,0.011764707,441164900,118.27344,1057.3682
MOVE,0,1.0,0.011764707,441164908,116.55469,1053.1084
MOVE,0,1.0,0.011764707,441164916,115.288086,1048.4424
MOVE,0,1.0,0.011764707,441164925,113.555664,1044.1113
MOVE,0,1.0,0.015686275,441164933,112.27637,1040.1064
MOVE,0,1.0,0.015686275,441164941,110.56641,1036.1328
MOVE,0,1.0,0.015686275,441164950,108.55078,1032.8262
MOVE,0,1.0,0.015686275,441164958,107.28418,1030.5674
MOVE,0,1.0,0.015686275,441164966,105.57617,1027.1523
MOVE,0,1.0,0.013725491,441164975,104.293945,1023.88184
MOVE,0,1.0,0.011764707,441164983,103.29883,1021.59766
MOVE,0,1.0,0.011764707,441164991,101.58301,1018.875
MOVE,0,1.0,0.011764707,441165000,100.27734,1016.5537
MOVE,0,1.0,0.011764707,441165008,99.271484,1014.54297
MOVE,0,1.0,0.011764707,441165016,99.0,1012.55176
MOVE,0,1.0,0.011764707,441165025,98.27832,1009.83496
MOVE,0,1.0,0.011764707,441165033,97.288086,1007.5762
MOVE,0,1.0,0.011764707,441165041,97.0,1005.584
MOVE,0,1.0,0.011764707,441165050,97.0,1004.28516
MOVE,0,1.0,0.011764707,441165058,96.27832,1003.2783
MOVE,0,1.0,0.011764707,441165066,95.28027,1002.2803
MOVE,0,1.0,0.011764707,441165075,95.0,1001.28125
MOVE,0,1.0,0.011764707,441165083,94.28711,1001.0
MOVE,0,1.0,0.011764707,441165091,94.0,1000.27734
MOVE,0,1.0,0.011764707,441165100,94.0,999.2783
MOVE,0,1.0,0.011764707,441165106,94.0,998.5
MOVE,0,1.0,0.011764707,441165125,94.0,998.5
MOVE,0,1.0,0.011764707,441165133,94.0,997.26855
MOVE,0,1.0,0.011764707,441165139,94.0,996.5
MOVE,0,1.0,0.011764707,441165158,94.0,996.0
MOVE,0,1.0,0.011764707,441165166,94.0,996.0
MOVE,0,1.0,0.011764707,441165175,94.0,996.0
MOVE,0,1.0,0.011764707,441165183,94.0,996.0
MOVE,0,1.0,0.011764707,441165191,94.0,996.0
MOVE,0,1.0,0.011764707,441165200,94.0,996.0
MOVE,0,1.0,0.011764707,441165208,94.0,996.0
MOVE,0,1.0,0.011764707,441165216,94.0,995.0
MOVE,0,1.0,0.011764707,441165225,94.0,995.0
MOVE,0,1.0,0.011764707,441165233,94.0,995.0
MOVE,0,1.0,0.011764707,441165241,94.0,995.0
MOVE,0,1.0,0.011764707,441165250,94.0,995.0
MOVE,0,1.0,0.011764707,441165258,94.0,995.0
MOVE,0,1.0,0.011764707,441165266,94.0,995.0
MOVE,0,1.0,0.011764707,441165275,94.0,995.0
MOVE,0,1.0,0.011764707,441165283,94.0,995.0
MOVE,0,1.0,0.011764707,441165291,94.0,995.0
MOVE,0,1.0,0.011764707,441165300,94.0,995.0
MOVE,0,1.0,0.011764707,441165308,94.0,995.0
MOVE,0,1.0,0.011764707,441165316,94.0,995.0
MOVE,0,1.0,0.011764707,441165325,94.0,995.0
MOVE,0,1.0,0.011764707,441165333,94.0,995.0
MOVE,0,1.0,0.011764707,441165341,94.0,995.0
MOVE,0,1.0,0.011764707,441165350,94.0,995.0
MOVE,0,1.0,0.011764707,441165358,94.0,995.0
MOVE,0,1.0,0.011764707,441165366,94.0,995.0
MOVE,0,1.0,0.011764707,441165375,94.0,995.0
MOVE,0,1.0,0.011764707,441165383,94.0,995.0
MOVE,0,1.0,0.011764707,441165391,94.0,995.0
MOVE,0,1.0,0.011764707,441165400,94.0,995.0
MOVE,0,1.0,0.011764707,441165408,94.0,995.0
MOVE,0,1.0,0.011764707,441165416,94.0,995.0
MOVE,0,1.0,0.011764707,441165425,94.0,994.0
MOVE,0,1.0,0.013725491,441165427,94.0,994.0
UP,0,1.0,0.013725491,441165435,94.0,994.0
DOWN,0,1.0,0.011764707,441167711,134.0,950.0
MOVE,0,1.0,0.013725491,441167725,135.60156,954.0049
MOVE,0,1.0,0.015686275,441167733,139.68555,964.0283
MOVE,0,1.0,0.015686275,441167741,141.0,966.0
MOVE,0,1.0,0.015686275,441167750,141.0,966.0
MOVE,0,1.0,0.011764707,441167758,143.18262,974.8213
MOVE,0,1.0,0.011764707,441167766,146.15527,985.6221
MOVE,0,1.0,0.011764707,441167775,149.76465,997.9834
MOVE,0,1.0,0.01764706,441167783,153.82715,1011.1885
MOVE,0,1.0,0.015686275,441167791,157.90234,1026.6074
MOVE,0,1.0,0.011764707,441167800,161.90137,1043.3301
MOVE,0,1.0,0.013725491,441167808,165.89941,1060.3213
MOVE,0,1.0,0.013725491,441167816,169.13867,1076.4062
MOVE,0,1.0,0.015686275,441167825,172.14355,1093.1484
MOVE,0,1.0,0.013725491,441167833,175.16211,1109.5293
MOVE,0,1.0,0.013725491,441167841,178.19336,1124.9678
MOVE,0,1.0,0.013725491,441167850,179.73438,1137.8164
MOVE,0,1.0,0.013725491,441167858,181.4668,1148.333
MOVE,0,1.0,0.013725491,441167866,182.73242,1156.8574
MOVE,0,1.0,0.013725491,441167875,183.72754,1164.0947
MOVE,0,1.0,0.013725491,441167883,184.7207,1169.6025
MOVE,0,1.0,0.013725491,441167891,185.73242,1174.6602
MOVE,0,1.0,0.013725491,441167900,186.0,1179.6885
MOVE,0,1.0,0.013725491,441167908,186.73926,1184.6943
MOVE,0,1.0,0.013725491,441167916,187.0,1189.6924
MOVE,0,1.0,0.013725491,441167925,187.0,1194.6865
MOVE,0,1.0,0.013725491,441167933,187.0,1198.1934
MOVE,0,1.0,0.013725491,441167941,187.0,1200.4463
MOVE,0,1.0,0.013725491,441167950,187.0,1202.4648
MOVE,0,1.0,0.013725491,441167958,187.7334,1203.7334
MOVE,0,1.0,0.013725491,441167966,188.0,1204.7285
MOVE,0,1.0,0.013725491,441167975,188.0,1205.0
MOVE,0,1.0,0.013725491,441167983,188.0,1205.0
MOVE,0,1.0,0.013725491,441167991,188.0,1205.0
MOVE,0,1.0,0.013725491,441168000,188.0,1206.0
MOVE,0,1.0,0.013725491,441168008,188.0,1206.0
MOVE,0,1.0,0.013725491,441168015,188.0,1207.5
MOVE,0,1.0,0.013725491,441168033,188.0,1209.4629
MOVE,0,1.0,0.013725491,441168041,188.0,1211.4697
MOVE,0,1.0,0.011764707,441168050,188.0,1212.7295
MOVE,0,1.0,0.013725491,441168058,188.0,1213.0
MOVE,0,1.0,0.013725491,441168066,188.0,1213.0
MOVE,0,1.0,0.011764707,441168075,189.73145,1214.7314
MOVE,0,1.0,0.013725491,441168083,190.0,1215.0
MOVE,0,1.0,0.013725491,441168091,190.0,1215.0
MOVE,0,1.0,0.013725491,441168100,190.0,1215.0
MOVE,0,1.0,0.013725491,441168108,190.0,1215.0
MOVE,0,1.0,0.013725491,441168116,190.0,1215.0
MOVE,0,1.0,0.011764707,441168123,190.0,1216.5
MOVE,0,1.0,0.011764707,441168141,190.73535,1217.0
MOVE,0,1.0,0.011764707,441168150,191.0,1217.7314
MOVE,0,1.0,0.011764707,441168158,191.71582,1218.7158
MOVE,0,1.0,0.011764707,441168166,192.71289,1219.7129
MOVE,0,1.0,0.011764707,441168175,193.7168,1220.7168
MOVE,0,1.0,0.011764707,441168183,194.0,1221.0
MOVE,0,1.0,0.011764707,441168191,194.0,1221.0
MOVE,0,1.0,0.011764707,441168198,194.0,1222.5
MOVE,0,1.0,0.011764707,441168216,194.0,1223.0
MOVE,0,1.0,0.011764707,441168225,194.0,1223.0
MOVE,0,1.0,0.011764707,441168233,194.0,1223.0
MOVE,0,1.0,0.011764707,441168241,194.0,1223.0
MOVE,0,1.0,0.011764707,441168250,193.27148,1224.0
MOVE,0,1.0,0.011764707,441168256,192.5,1224.0
MOVE,0,1.0,0.011764707,441168275,192.5,1224.0
MOVE,0,1.0,0.011764707,441168281,193.0,1225.5
MOVE,0,1.0,0.011764707,441168300,193.0,1225.5
MOVE,0,1.0,0.011764707,441168308,193.0,1225.5
MOVE,0,1.0,0.011764707,441168316,192.27832,1226.0
MOVE,0,1.0,0.013725491,441168325,192.0,1226.7256
MOVE,0,1.0,0.011764707,441168333,192.0,1227.0
MOVE,0,1.0,0.011764707,441168341,192.0,1227.0
MOVE,0,1.0,0.011764707,441168348,192.0,1228.5
MOVE,0,1.0,0.011764707,441168366,192.0,1228.5
MOVE,0,1.0,0.011764707,441168375,192.0,1228.5
MOVE,0,1.0,0.011764707,441168383,192.0,1228.5
MOVE,0,1.0,0.011764707,441168391,191.0,1228.7285
MOVE,0,1.0,0.011764707,441168398,191.0,1229.5
MOVE,0,1.0,0.011764707,441168416,191.0,1229.5
MOVE,0,1.0,0.011764707,441168425,191.0,1229.5
MOVE,0,1.0,0.011764707,441168433,191.0,1229.5
MOVE,0,1.0,0.011764707,441168441,191.0,1229.5
MOVE,0,1.0,0.011764707,441168450,191.0,1229.5
MOVE,0,1.0,0.013725491,441168458,191.0,1230.0
MOVE,0,1.0,0.013725491,441168466,191.0,1230.0
MOVE,0,1.0,0.013725491,441168475,192.0,1230.0
MOVE,0,1.0,0.013725491,441168483,192.0,1230.0
MOVE,0,1.0,0.013725491,441168491,192.0,1230.0
MOVE,0,1.0,0.013725491,441168500,192.0,1230.0
MOVE,0,1.0,0.013725491,441168508,192.71582,1231.0
MOVE,0,1.0,0.013725491,441168515,193.5,1231.0
MOVE,0,1.0,0.013725491,441168533,193.5,1231.0
MOVE,0,1.0,0.013725491,441168541,193.5,1231.0
MOVE,0,1.0,0.013725491,441168550,193.5,1231.0
MOVE,0,1.0,0.013725491,441168558,193.5,1231.0
MOVE,0,1.0,0.013725491,441168566,193.5,1231.0
MOVE,0,1.0,0.013725491,441168575,193.5,1231.0
MOVE,0,1.0,0.013725491,441168583,193.5,1231.0
MOVE,0,1.0,0.013725491,441168591,193.5,1231.0
MOVE,0,1.0,0.013725491,441168600,194.0,1230.0
MOVE,0,1.0,0.013725491,441168608,194.0,1230.0
MOVE,0,1.0,0.013725491,441168616,194.0,1230.0
MOVE,0,1.0,0.013725491,441168625,194.0,1230.0
MOVE,0,1.0,0.011764707,441168633,195.0,1229.2764
MOVE,0,1.0,0.013725491,441168641,195.0,1229.0
MOVE,0,1.0,0.013725491,441168650,195.0,1229.0
MOVE,0,1.0,0.013725491,441168658,195.0,1229.0
MOVE,0,1.0,0.013725491,441168666,195.0,1229.0
MOVE,0,1.0,0.013725491,441168675,195.0,1229.0
MOVE,0,1.0,0.013725491,441168683,195.0,1229.0
MOVE,0,1.0,0.013725491,441168691,195.0,1229.0
MOVE,0,1.0,0.013725491,441168700,195.0,1229.0
MOVE,0,1.0,0.013725491,441168708,195.0,1229.0
MOVE,0,1.0,0.013725491,441168716,195.0,1229.0
MOVE,0,1.0,0.013725491,441168725,195.0,1229.0
MOVE,0,1.0,0.013725491,441168733,195.0,1229.0
MOVE,0,1.0,0.013725491,441168741,195.0,1229.0
MOVE,0,1.0,0.013725491,441168750,195.0,1229.0
MOVE,0,1.0,0.013725491,441168758,195.0,1229.0
MOVE,0,1.0,0.013725491,441168766,195.0,1229.0
MOVE,0,1.0,0.013725491,441168775,195.0,1229.0
MOVE,0,1.0,0.013725491,441168783,195.0,1229.0
MOVE,0,1.0,0.013725491,441168791,195.0,1229.0
MOVE,0,1.0,0.011764707,441168798,195.0,1227.5
MOVE,0,1.0,0.011764707,441168816,195.0,1227.5
MOVE,0,1.0,0.011764707,441168825,195.0,1227.5
MOVE,0,1.0,0.011764707,441168833,195.0,1227.5
MOVE,0,1.0,0.011764707,441168841,195.0,1227.5
MOVE,0,1.0,0.011764707,441168850,195.0,1227.5
MOVE,0,1.0,0.011764707,441168858,195.0,1227.5
MOVE,0,1.0,0.011764707,441168866,195.0,1227.5
MOVE,0,1.0,0.011764707,441168873,195.0,1226.5
MOVE,0,1.0,0.011764707,441168891,195.0,1226.5
MOVE,0,1.0,0.011764707,441168900,195.0,1226.5
MOVE,0,1.0,0.011764707,441168908,195.0,1226.5
MOVE,0,1.0,0.011764707,441168916,195.0,1226.5
MOVE,0,1.0,0.011764707,441168925,195.0,1226.0
MOVE,0,1.0,0.011764707,441168933,195.0,1226.0
MOVE,0,1.0,0.011764707,441168941,195.0,1226.0
MOVE,0,1.0,0.011764707,441168950,195.0,1226.0
MOVE,0,1.0,0.011764707,441168958,195.0,1226.0
MOVE,0,1.0,0.011764707,441168966,195.0,1226.0
MOVE,0,1.0,0.011764707,441168975,195.0,1226.0
MOVE,0,1.0,0.011764707,441168983,195.0,1226.0
MOVE,0,1.0,0.011764707,441168990,193.5,1226.0
MOVE,0,1.0,0.011764707,441169008,193.5,1226.0
MOVE,0,1.0,0.011764707,441169016,193.5,1226.0
MOVE,0,1.0,0.011764707,441169025,193.5,1226.0
MOVE,0,1.0,0.011764707,441169033,193.5,1226.0
MOVE,0,1.0,0.011764707,441169041,193.5,1226.0
MOVE,0,1.0,0.011764707,441169050,194.71484,1227.0
MOVE,0,1.0,0.011764707,441169058,195.0,1227.7197
MOVE,0,1.0,0.013725491,441169066,195.0,1230.1377
MOVE,0,1.0,0.013725491,441169075,195.7168,1233.1504
MOVE,0,1.0,0.013725491,441169083,196.0,1237.5918
MOVE,0,1.0,0.013725491,441169091,196.70605,1241.8232
MOVE,0,1.0,0.013725491,441169100,197.0,1245.8467
MOVE,0,1.0,0.013725491,441169108,197.0,1250.6221
MOVE,0,1.0,0.013725491,441169116,197.71973,1254.8799
MOVE,0,1.0,0.013725491,441169125,198.71094,1258.8438
MOVE,0,1.0,0.013725491,441169133,199.72266,1262.8906
MOVE,0,1.0,0.013725491,441169141,200.72949,1266.1895
MOVE,0,1.0,0.013725491,441169150,201.70117,1269.1045
MOVE,0,1.0,0.011764707,441169158,202.0,1271.415
MOVE,0,1.0,0.011764707,441169166,202.0,1273.419
MOVE,0,1.0,0.009803922,441169175,202.0,1275.3809
MOVE,0,1.0,0.009803922,441169183,202.0,1278.1045
MOVE,0,1.0,0.011764707,441169191,202.0,1281.1484
MOVE,0,1.0,0.011764707,441169200,202.0,1284.1221
MOVE,0,1.0,0.013725491,441169208,202.0,1287.1045
MOVE,0,1.0,0.011764707,441169216,202.7168,1290.8672
MOVE,0,1.0,0.011764707,441169225,203.0,1294.1387
MOVE,0,1.0,0.011764707,441169233,203.0,1296.4385
MOVE,0,1.0,0.013725491,441169241,203.71191,1299.1357
MOVE,0,1.0,0.013725491,441169250,204.0,1302.0449
MOVE,0,1.0,0.013725491,441169258,204.0,1305.1084
MOVE,0,1.0,0.013725491,441169266,204.0,1307.8633
MOVE,0,1.0,0.013725491,441169275,204.0,1310.9941
MOVE,0,1.0,0.013725491,441169283,204.0,1313.4268
MOVE,0,1.0,0.013725491,441169291,204.0,1316.1387
MOVE,0,1.0,0.013725491,441169300,204.0,1318.4297
MOVE,0,1.0,0.013725491,441169308,203.2832,1320.4336
MOVE,0,1.0,0.013725491,441169316,203.0,1322.4033
MOVE,0,1.0,0.013725491,441169325,202.28711,1325.1396
MOVE,0,1.0,0.013725491,441169333,202.0,1327.4531
MOVE,0,1.0,0.013725491,441169341,202.0,1329.459
MOVE,0,1.0,0.013725491,441169350,202.0,1330.7295
MOVE,0,1.0,0.013725491,441169358,201.27051,1332.46
MOVE,0,1.0,0.011764707,441169366,200.27832,1333.7217
MOVE,0,1.0,0.011764707,441169375,200.0,1335.4297
MOVE,0,1.0,0.011764707,441169383,199.28906,1337.4219
MOVE,0,1.0,0.011764707,441169391,199.0,1338.709
MOVE,0,1.0,0.011764707,441169400,198.29102,1341.127
MOVE,0,1.0,0.011764707,441169408,197.30762,1343.3857
MOVE,0,1.0,0.011764707,441169416,197.0,1346.0166
MOVE,0,1.0,0.011764707,441169425,196.30664,1348.3867
MOVE,0,1.0,0.011764707,441169433,196.0,1350.3975
MOVE,0,1.0,0.011764707,441169441,195.31543,1352.3691
MOVE,0,1.0,0.011764707,441169450,195.0,1355.0479
MOVE,0,1.0,0.011764707,441169458,195.0,1356.6963
MOVE,0,1.0,0.011764707,441169466,194.30273,1357.6973
MOVE,0,1.0,0.013725491,441169475,193.30078,1358.6992
MOVE,0,1.0,0.013725491,441169481,192.5,1359.5
MOVE,0,1.0,0.013725491,441169500,192.5,1359.5
MOVE,0,1.0,0.013725491,441169508,192.5,1359.5
MOVE,0,1.0,0.013725491,441169516,193.0,1360.0
MOVE,0,1.0,0.013725491,441169525,193.0,1360.0
MOVE,0,1.0,0.013725491,441169533,193.0,1360.0
MOVE,0,1.0,0.013725491,441169541,193.0,1360.0
MOVE,0,1.0,0.011764707,441169550,193.0,1361.0
MOVE,0,1.0,0.011764707,441169556,193.0,1361.0
MOVE,0,1.0,0.011764707,441169575,194.0,1361.0
MOVE,0,1.0,0.011764707,441169583,194.0,1361.0
MOVE,0,1.0,0.011764707,441169591,194.71289,1362.0
MOVE,0,1.0,0.013725491,441169598,195.5,1362.0
MOVE,0,1.0,0.013725491,441169625,195.5,1362.0
MOVE,0,1.0,0.013725491,441169633,195.5,1362.0
MOVE,0,1.0,0.013725491,441169641,195.5,1362.0
MOVE,0,1.0,0.013725491,441169650,195.5,1362.0
MOVE,0,1.0,0.013725491,441169658,195.5,1362.0
MOVE,0,1.0,0.013725491,441169666,195.5,1362.0
MOVE,0,1.0,0.013725491,441169675,195.5,1362.0
MOVE,0,1.0,0.013725491,441169683,195.5,1362.0
MOVE,0,1.0,0.013725491,441169691,195.5,1362.0
MOVE,0,1.0,0.013725491,441169700,195.5,1362.0
MOVE,0,1.0,0.013725491,441169708,195.5,1362.0
MOVE,0,1.0,0.013725491,441169714,193.5,1362.0
MOVE,0,1.0,0.013725491,441169733,192.26465,1362.0
MOVE,0,1.0,0.013725491,441169741,191.27734,1363.4453
MOVE,0,1.0,0.013725491,441169750,190.27441,1364.7256
MOVE,0,1.0,0.013725491,441169758,189.30078,1366.3984
MOVE,0,1.0,0.013725491,441169766,188.29785,1369.1064
MOVE,0,1.0,0.013725491,441169775,188.0,1372.1631
MOVE,0,1.0,0.013725491,441169783,187.2832,1375.1504
MOVE,0,1.0,0.013725491,441169791,187.0,1378.8555
MOVE,0,1.0,0.013725491,441169800,186.32422,1382.7021
MOVE,0,1.0,0.013725491,441169808,185.31348,1387.4346
MOVE,0,1.0,0.013725491,441169816,185.0,1394.083
MOVE,0,1.0,0.013725491,441169825,185.0,1401.0498
MOVE,0,1.0,0.011764707,441169833,184.29883,1408.6113
MOVE,0,1.0,0.013725491,441169841,184.0,1416.752
MOVE,0,1.0,0.013725491,441169850,184.73047,1424.1104
MOVE,0,1.0,0.013725491,441169858,185.7168,1431.7344
MOVE,0,1.0,0.013725491,441169866,186.71484,1439.0029
MOVE,0,1.0,0.013725491,441169875,188.34375,1444.3584
MOVE,0,1.0,0.013725491,441169883,189.0,1449.331
MOVE,0,1.0,0.013725491,441169891,189.0,1453.7979
MOVE,0,1.0,0.013725491,441169900,189.0,1457.1846
MOVE,0,1.0,0.013725491,441169908,189.0,1459.4521
MOVE,0,1.0,0.013725491,441169916,189.0,1461.4355
MOVE,0,1.0,0.013725491,441169925,188.28125,1463.4375
MOVE,0,1.0,0.013725491,441169933,188.0,1464.7158
MOVE,0,1.0,0.013725491,441169941,188.0,1465.7168
MOVE,0,1.0,0.013725491,441169950,188.0,1467.4297
MOVE,0,1.0,0.013725491,441169958,188.0,1469.4434
MOVE,0,1.0,0.013725491,441169966,188.0,1471.3125
MOVE,0,1.0,0.015686275,441169969,188.0,1472.0
UP,0,1.0,0.015686275,441169977,188.0,1472.0
DOWN,0,1.0,0.011764707,441172777,100.0,939.0
MOVE,0,1.0,0.011764707,441172800,104.16211,946.3252
MOVE,0,1.0,0.013725491,441172808,106.43848,953.0342
MOVE,0,1.0,0.015686275,441172816,107.72754,957.1836
MOVE,0,1.0,0.015686275,441172825,108.0,958.0
MOVE,0,1.0,0.015686275,441172833,108.0,958.0
MOVE,0,1.0,0.015686275,441172841,109.734375,964.4072
MOVE,0,1.0,0.015686275,441172850,112.18457,972.5537
MOVE,0,1.0,0.013725491,441172858,115.15234,981.45703
MOVE,0,1.0,0.013725491,441172866,117.45215,989.8096
MOVE,0,1.0,0.013725491,441172875,119.456055,997.8242
MOVE,0,1.0,0.015686275,441172883,121.43164,1005.7256
MOVE,0,1.0,0.015686275,441172891,122.72754,1014.5508
MOVE,0,1.0,0.015686275,441172900,123.731445,1023.58203
MOVE,0,1.0,0.015686275,441172908,124.73047,1032.5732
MOVE,0,1.0,0.013725491,441172916,125.73242,1042.3271
MOVE,0,1.0,0.013725491,441172925,126.72754,1053.002
MOVE,0,1.0,0.013725491,441172933,127.7207,1063.9316
MOVE,0,1.0,0.013725491,441172941,128.70801,1074.791
MOVE,0,1.0,0.013725491,441172950,130.42578,1085.8418
MOVE,0,1.0,0.013725491,441172958,131.70996,1096.1006
MOVE,0,1.0,0.013725491,441172966,133.40332,1105.3125
MOVE,0,1.0,0.013725491,441172975,135.42383,1115.8301
MOVE,0,1.0,0.013725491,441172983,137.42383,1126.1172
MOVE,0,1.0,0.013725491,441172991,139.39941,1135.9971
MOVE,0,1.0,0.013725491,441173000,141.4541,1145.542
MOVE,0,1.0,0.013725491,441173008,142.7373,1154.6338
MOVE,0,1.0,0.013725491,441173016,144.45508,1161.3643
MOVE,0,1.0,0.01764706,441173025,145.71875,1167.3115
MOVE,0,1.0,0.01764706,441173033,146.0,1173.3496
MOVE,0,1.0,0.013725491,441173041,146.0,1178.6328
MOVE,0,1.0,0.013725491,441173050,146.0,1182.9004
MOVE,0,1.0,0.013725491,441173058,146.0,1187.6191
MOVE,0,1.0,0.013725491,441173066,146.0,1191.8906
MOVE,0,1.0,0.013725491,441173075,146.0,1196.5234
MOVE,0,1.0,0.013725491,441173083,146.0,1201.5146
MOVE,0,1.0,0.013725491,441173091,146.0,1206.6035
MOVE,0,1.0,0.011764707,441173100,146.0,1211.6455
MOVE,0,1.0,0.011764707,441173108,146.73047,1216.6504
MOVE,0,1.0,0.011764707,441173116,147.0,1220.8535
MOVE,0,1.0,0.011764707,441173125,147.0,1224.1523
MOVE,0,1.0,0.015686275,441173133,147.0,1227.1611
MOVE,0,1.0,0.013725491,441173141,147.0,1230.1279
MOVE,0,1.0,0.013725491,441173150,147.0,1233.041
MOVE,0,1.0,0.013725491,441173158,147.67383,1236.0205
MOVE,0,1.0,0.013725491,441173166,148.70215,1239.1074
MOVE,0,1.0,0.013725491,441173169,149.0,1240.0
UP,0,1.0,0.013725491,441173177,149.0,1240.0
DOWN,0,1.0,0.011764707,441175002,145.0,1181.0
MOVE,0,1.0,0.013725491,441175025,147.41016,1175.7695
MOVE,0,1.0,0.01764706,441175033,150.1582,1168.9629
MOVE,0,1.0,0.01764706,441175041,152.4502,1164.8252
MOVE,0,1.0,0.011764707,441175048,154.0,1162.5
MOVE,0,1.0,0.011764707,441175066,153.0,1154.4395
MOVE,0,1.0,0.013725491,441175075,153.0,1141.9346
MOVE,0,1.0,0.01764706,441175083,153.0,1128.0322
MOVE,0,1.0,0.015686275,441175091,152.28809,1114.749
MOVE,0,1.0,0.011764707,441175100,150.58789,1101.1182
MOVE,0,1.0,0.011764707,441175108,148.58887,1086.4141
MOVE,0,1.0,0.013725491,441175116,145.82227,1071.8359
MOVE,0,1.0,0.015686275,441175125,142.06152,1057.7148
MOVE,0,1.0,0.015686275,441175133,138.79395,1045.1758
MOVE,0,1.0,0.013725491,441175141,135.82031,1033.2793
MOVE,0,1.0,0.013725491,441175150,132.83105,1022.04785
MOVE,0,1.0,0.013725491,441175158,129.83789,1012.5127
MOVE,0,1.0,0.015686275,441175166,126.82422,1004.19824
MOVE,0,1.0,0.011764707,441175175,124.57324,996.292
MOVE,0,1.0,0.015686275,441175183,123.28418,988.2754
MOVE,0,1.0,0.015686275,441175191,121.56738,980.98535
MOVE,0,1.0,0.015686275,441175200,120.28125,973.251
MOVE,0,1.0,0.015686275,441175208,118.56348,965.97266
MOVE,0,1.0,0.015686275,441175216,116.57422,958.2959
MOVE,0,1.0,0.013725491,441175225,114.58496,950.33887
MOVE,0,1.0,0.011764707,441175233,111.86426,943.0176
MOVE,0,1.0,0.011764707,441175241,108.11914,935.2383
MOVE,0,1.0,0.011764707,441175250,103.40918,927.2549
MOVE,0,1.0,0.013725491,441175258,97.6875,919.96875
MOVE,0,1.0,0.013725491,441175266,91.67578,911.5127
MOVE,0,1.0,0.011764707,441175275,84.21582,901.76953
MOVE,0,1.0,0.011764707,441175283,73.99219,891.7197
MOVE,0,1.0,0.013725491,441175291,64.53516,880.38086
MOVE,0,1.0,0.013725491,441175300,55.51465,868.3535
MOVE,0,1.0,0.013725491,441175302,53.0,865.0
UP,0,1.0,0.013725491,441175310,53.0,865.0
DOWN,0,1.0,0.011764707,441175870,127.0,932.0
MOVE,0,1.0,0.015686275,441175883,127.69336,933.38574
MOVE,0,1.0,0.015686275,441175891,129.4336,939.0166
MOVE,0,1.0,0.015686275,441175900,131.45312,946.81055
MOVE,0,1.0,0.011764707,441175908,132.73145,951.9258
MOVE,0,1.0,0.015686275,441175916,133.71973,953.7197
MOVE,0,1.0,0.015686275,441175925,135.4541,959.8154
MOVE,0,1.0,0.013725491,441175933,138.91309,970.73926
MOVE,0,1.0,0.011764707,441175941,143.59277,984.7793
MOVE,0,1.0,0.015686275,441175950,148.61035,999.83203
MOVE,0,1.0,0.01764706,441175958,152.82715,1014.60156
MOVE,0,1.0,0.01764706,441175966,157.49121,1029.4746
MOVE,0,1.0,0.011764707,441175975,161.87305,1043.3369
MOVE,0,1.0,0.013725491,441175983,165.14941,1056.3135
MOVE,0,1.0,0.013725491,441175991,167.41309,1067.7744
MOVE,0,1.0,0.01764706,441176000,169.37207,1077.8594
MOVE,0,1.0,0.013725491,441176008,171.42871,1086.0
MOVE,0,1.0,0.015686275,441176016,172.72656,1093.0869
MOVE,0,1.0,0.013725491,441176025,174.41797,1099.2539
MOVE,0,1.0,0.013725491,441176033,175.71973,1105.3193
MOVE,0,1.0,0.013725491,441176041,176.72949,1111.3789
MOVE,0,1.0,0.013725491,441176050,177.72168,1118.0498
MOVE,0,1.0,0.013725491,441176058,178.0,1125.835
MOVE,0,1.0,0.013725491,441176066,178.70312,1135.0303
MOVE,0,1.0,0.013725491,441176075,179.0,1145.8008
MOVE,0,1.0,0.015686275,441176083,179.0,1156.9873
MOVE,0,1.0,0.013725491,441176091,179.7207,1168.6523
MOVE,0,1.0,0.013725491,441176100,180.72168,1180.6592
MOVE,0,1.0,0.013725491,441176108,181.0,1192.7959
MOVE,0,1.0,0.013725491,441176116,182.46973,1204.8174
MOVE,0,1.0,0.011764707,441176125,184.46387,1216.7852
MOVE,0,1.0,0.011764707,441176133,187.17969,1227.9922
MOVE,0,1.0,0.013725491,441176141,190.87695,1240.3496
MOVE,0,1.0,0.013725491,441176150,194.87207,1253.334
MOVE,0,1.0,0.013725491,441176158,199.51562,1266.1416
MOVE,0,1.0,0.011764707,441176166,204.47461,1279.7285
MOVE,0,1.0,0.009803922,441176175,209.56152,1294.6846
MOVE,0,1.0,0.011764707,441176183,213.78809,1308.7578
MOVE,0,1.0,0.011764707,441176191,217.14258,1323.0
MOVE,0,1.0,0.009803922,441176200,220.14551,1336.2988
MOVE,0,1.0,0.011764707,441176208,221.0,1349.4316
MOVE,0,1.0,0.013725491,441176216,218.80762,1362.501
MOVE,0,1.0,0.011764707,441176225,213.6875,1376.7812
MOVE,0,1.0,0.013725491,441176233,196.96094,1417.5244
MOVE,0,1.0,0.013725491,441176235,191.0,1432.0
UP,0,1.0,0.013725491,441176244,191.0,1432.0
DOWN,0,1.0,0.011764707,441176459,115.0,891.0
MOVE,0,1.0,0.015686275,441176475,121.62207,904.96875
MOVE,0,1.0,0.015686275,441176483,130.23438,926.8096
MOVE,0,1.0,0.01764706,441176491,143.86914,965.8828
MOVE,0,1.0,0.01764706,441176500,157.99023,1018.67285
MOVE,0,1.0,0.01764706,441176508,171.21875,1092.4424
MOVE,0,1.0,0.013725491,441176516,207.45508,1319.3838
MOVE,0,1.0,0.013725491,441176518,220.0,1398.0
UP,0,1.0,0.013725491,441176527,220.0,1398.0
DOWN,0,1.0,0.011764707,441177001,141.0,1327.0
MOVE,0,1.0,0.013725491,441177016,141.75195,1323.2393
MOVE,0,1.0,0.013725491,441177024,143.43262,1315.5518
MOVE,0,1.0,0.013725491,441177033,144.0,1310.1084
MOVE,0,1.0,0.011764707,441177041,144.0,1309.0
MOVE,0,1.0,0.011764707,441177049,144.0,1309.0
MOVE,0,1.0,0.013725491,441177058,144.0,1291.7529
MOVE,0,1.0,0.013725491,441177066,144.0,1259.5049
MOVE,0,1.0,0.011764707,441177074,143.28223,1212.3711
MOVE,0,1.0,0.013725491,441177083,138.67188,1165.5381
MOVE,0,1.0,0.013725491,441177091,131.9873,1122.9248
MOVE,0,1.0,0.013725491,441177099,124.225586,1079.9629
MOVE,0,1.0,0.013725491,441177108,112.575195,1040.4502
MOVE,0,1.0,0.015686275,441177116,99.49707,1002.22266
MOVE,0,1.0,0.011764707,441177124,86.02539,963.6113
MOVE,0,1.0,0.011764707,441177133,71.22168,927.5176
MOVE,0,1.0,0.013725491,441177141,55.404297,894.8096
MOVE,0,1.0,0.009803922,441177149,43.143555,858.93945
MOVE,0,1.0,0.009803922,441177158,26.098633,799.3457
MOVE,0,1.0,0.009803922,441177159,24.0,792.0
UP,0,1.0,0.009803922,441177168,24.0,792.0
DOWN,0,1.0,0.011764707,441177327,140.0,1063.0
MOVE,0,1.0,0.013725491,441177341,140.0,1063.0
MOVE,0,1.0,0.013725491,441177349,140.0,1063.0
MOVE,0,1.0,0.013725491,441177358,140.0,1063.0
MOVE,0,1.0,0.013725491,441177366,140.0,1063.0
MOVE,0,1.0,0.013725491,441177374,140.0,1063.0
MOVE,0,1.0,0.013725491,441177383,140.0,1063.0
MOVE,0,1.0,0.013725491,441177391,140.0,1063.0
MOVE,0,1.0,0.013725491,441177399,140.0,1063.0
MOVE,0,1.0,0.013725491,441177408,140.0,1063.0
MOVE,0,1.0,0.013725491,441177416,140.0,1063.0
MOVE,0,1.0,0.013725491,441177424,140.0,1063.0
MOVE,0,1.0,0.013725491,441177433,140.0,1063.0
MOVE,0,1.0,0.013725491,441177441,140.0,1063.0
MOVE,0,1.0,0.013725491,441177449,140.0,1063.0
MOVE,0,1.0,0.013725491,441177458,140.0,1063.0
MOVE,0,1.0,0.013725491,441177466,140.0,1063.0
MOVE,0,1.0,0.013725491,441177474,140.0,1063.0
MOVE,0,1.0,0.013725491,441177483,140.0,1063.0
MOVE,0,1.0,0.013725491,441177491,140.0,1063.0
MOVE,0,1.0,0.013725491,441177499,140.0,1063.0
MOVE,0,1.0,0.013725491,441177506,141.5,1061.5
MOVE,0,1.0,0.013725491,441177524,142.0,1061.0
MOVE,0,1.0,0.013725491,441177533,142.0,1061.0
MOVE,0,1.0,0.013725491,441177541,143.73047,1059.2695
MOVE,0,1.0,0.01764706,441177549,144.72656,1059.0
MOVE,0,1.0,0.013725491,441177558,145.0,1058.2783
MOVE,0,1.0,0.013725491,441177564,145.0,1057.5
MOVE,0,1.0,0.013725491,441177583,145.0,1057.5
MOVE,0,1.0,0.013725491,441177591,145.0,1057.5
MOVE,0,1.0,0.013725491,441177599,145.0,1057.5
MOVE,0,1.0,0.013725491,441177608,145.0,1057.5
MOVE,0,1.0,0.01764706,441177616,146.0,1057.0
MOVE,0,1.0,0.01764706,441177624,146.0,1057.0
MOVE,0,1.0,0.01764706,441177633,146.72266,1056.0
MOVE,0,1.0,0.01764706,441177641,147.0,1055.2725
MOVE,0,1.0,0.01764706,441177649,147.0,1053.5605
MOVE,0,1.0,0.01764706,441177656,147.0,1052.0
MOVE,0,1.0,0.01764706,441177674,148.0,1051.2793
MOVE,0,1.0,0.01764706,441177683,148.0,1050.2695
MOVE,0,1.0,0.01764706,441177691,148.0,1050.0
MOVE,0,1.0,0.01764706,441177699,148.0,1050.0
MOVE,0,1.0,0.01764706,441177708,148.0,1050.0
MOVE,0,1.0,0.01764706,441177716,148.0,1050.0
MOVE,0,1.0,0.01764706,441177724,148.0,1050.0
MOVE,0,1.0,0.01764706,441177733,149.0,1048.2588
MOVE,0,1.0,0.01764706,441177741,149.69531,1046.6094
MOVE,0,1.0,0.01764706,441177749,150.0,1045.2852
MOVE,0,1.0,0.01764706,441177758,150.0,1042.8281
MOVE,0,1.0,0.015686275,441177766,150.0,1037.1162
MOVE,0,1.0,0.013725491,441177774,147.86523,1026.4619
MOVE,0,1.0,0.013725491,441177783,144.83887,1012.1924
MOVE,0,1.0,0.015686275,441177791,140.39062,996.4492
MOVE,0,1.0,0.015686275,441177799,136.08984,979.63184
MOVE,0,1.0,0.015686275,441177808,131.35254,963.3291
MOVE,0,1.0,0.015686275,441177816,125.71289,947.5664
MOVE,0,1.0,0.015686275,441177824,119.6875,931.499
MOVE,0,1.0,0.015686275,441177833,113.60742,916.75195
MOVE,0,1.0,0.015686275,441177841,108.34766,903.5049
MOVE,0,1.0,0.013725491,441177849,103.35156,891.97363
MOVE,0,1.0,0.011764707,441177858,99.12305,881.8076
MOVE,0,1.0,0.011764707,441177866,95.1416,871.85547
MOVE,0,1.0,0.013725491,441177874,91.15332,861.8828
MOVE,0,1.0,0.013725491,441177883,86.365234,851.0029
MOVE,0,1.0,0.013725491,441177891,81.381836,840.03906
MOVE,0,1.0,0.011764707,441177899,75.27637,828.9033
MOVE,0,1.0,0.013725491,441177908,67.444336,815.27734
MOVE,0,1.0,0.011764707,441177916,56.39746,799.5303
MOVE,0,1.0,0.011764707,441177924,40.430664,781.7324
MOVE,0,1.0,0.009803922,441177933,19.648438,760.64844
MOVE,0,1.0,0.009803922,441177941,9.478516,737.80273
MOVE,0,1.0,0.009803922,441177944,8.0,731.0
UP,0,1.0,0.009803922,441177952,8.0,731.0
DOWN,0,1.0,0.013725491,441178718,165.0,969.0
MOVE,0,1.0,0.015686275,441178733,165.80957,969.8096
MOVE,0,1.0,0.015686275,441178741,169.3252,973.30176
MOVE,0,1.0,0.015686275,441178749,171.35938,980.0791
MOVE,0,1.0,0.015686275,441178758,172.73535,985.6748
MOVE,0,1.0,0.015686275,441178766,173.0,989.13086
MOVE,0,1.0,0.013725491,441178774,173.0,990.0
MOVE,0,1.0,0.013725491,441178783,173.0,990.0
MOVE,0,1.0,0.013725491,441178791,173.73242,998.3252
MOVE,0,1.0,0.013725491,441178799,174.0,1016.9922
MOVE,0,1.0,0.01764706,441178808,174.0,1031.0166
MOVE,0,1.0,0.015686275,441178816,175.43262,1038.2988
MOVE,0,1.0,0.015686275,441178824,176.0,1045.7949
MOVE,0,1.0,0.015686275,441178833,176.72363,1052.3418
MOVE,0,1.0,0.015686275,441178841,177.7207,1057.6035
MOVE,0,1.0,0.013725491,441178849,178.0,1064.1074
MOVE,0,1.0,0.013725491,441178858,178.0,1068.9209
MOVE,0,1.0,0.013725491,441178866,179.43848,1073.5967
MOVE,0,1.0,0.013725491,441178874,180.0,1078.6133
MOVE,0,1.0,0.013725491,441178883,180.71973,1082.1602
MOVE,0,1.0,0.013725491,441178891,181.0,1085.8643
MOVE,0,1.0,0.013725491,441178899,182.45898,1089.1885
MOVE,0,1.0,0.013725491,441178908,183.0,1092.8721
MOVE,0,1.0,0.013725491,441178916,183.0,1095.4541
MOVE,0,1.0,0.013725491,441178924,183.73535,1098.206
MOVE,0,1.0,0.015686275,441178933,184.73633,1101.209
MOVE,0,1.0,0.015686275,441178941,185.0,1102.7305
MOVE,0,1.0,0.015686275,441178949,185.73242,1103.7324
MOVE,0,1.0,0.013725491,441178958,186.0,1104.71
MOVE,0,1.0,0.015686275,441178965,186.0,1105.5
MOVE,0,1.0,0.013725491,441178983,187.0,1105.0
MOVE,0,1.0,0.013725491,441178991,187.0,1105.0
MOVE,0,1.0,0.013725491,441178999,187.0,1105.0
MOVE,0,1.0,0.015686275,441179008,187.0,1106.0
MOVE,0,1.0,0.01764706,441179010,187.0,1106.0
UP,0,1.0,0.01764706,441179017,187.0,1106.0
MOVE,0,1.0,0.011764707,441182108,133.61523,993.56836
MOVE,0,1.0,0.015686275,441182116,140.74414,1015.2334
MOVE,0,1.0,0.011764707,441182124,149.39746,1042.6152
MOVE,0,1.0,0.013725491,441182133,159.9209,1072.6035
MOVE,0,1.0,0.013725491,441182141,170.28418,1102.8525
MOVE,0,1.0,0.013725491,441182149,180.93652,1131.9238
MOVE,0,1.0,0.013725491,441182158,190.33691,1159.0117
MOVE,0,1.0,0.011764707,441182166,198.74805,1184.9619
MOVE,0,1.0,0.009803922,441182174,205.3457,1206.4873
MOVE,0,1.0,0.011764707,441182183,209.87793,1224.2324
MOVE,0,1.0,0.011764707,441182191,213.13477,1238.252
MOVE,0,1.0,0.011764707,441182199,214.70508,1249.7529
MOVE,0,1.0,0.009803922,441182208,216.44824,1259.5186
MOVE,0,1.0,0.009803922,441182216,217.0,1267.8701
MOVE,0,1.0,0.009803922,441182224,216.27441,1274.3564
MOVE,0,1.0,0.013725491,441182233,216.0,1279.6133
MOVE,0,1.0,0.009803922,441182241,214.55078,1284.624
MOVE,0,1.0,0.009803922,441182249,213.28516,1288.1445
MOVE,0,1.0,0.011764707,441182258,213.0,1291.876
MOVE,0,1.0,0.011764707,441182266,213.0,1295.1592
MOVE,0,1.0,0.011764707,441182274,213.0,1296.7197
MOVE,0,1.0,0.011764707,441182283,213.0,1297.6885
MOVE,0,1.0,0.011764707,441182291,213.0,1298.0
MOVE,0,1.0,0.011764707,441182299,213.0,1298.0
MOVE,0,1.0,0.011764707,441182308,213.0,1298.0
MOVE,0,1.0,0.011764707,441182316,213.0,1298.0
MOVE,0,1.0,0.011764707,441182324,214.72754,1298.0
MOVE,0,1.0,0.011764707,441182331,215.5,1298.0
MOVE,0,1.0,0.011764707,441182349,216.0,1298.0
MOVE,0,1.0,0.011764707,441182358,216.0,1298.0
MOVE,0,1.0,0.011764707,441182366,216.0,1298.0
MOVE,0,1.0,0.011764707,441182374,216.0,1298.0
MOVE,0,1.0,0.011764707,441182383,216.0,1298.0
MOVE,0,1.0,0.009803922,441182391,217.0,1298.0
MOVE,0,1.0,0.009803922,441182399,217.0,1298.0
MOVE,0,1.0,0.009803922,441182408,217.0,1298.0
MOVE,0,1.0,0.011764707,441182416,217.7002,1296.2998
MOVE,0,1.0,0.009803922,441182424,218.72754,1293.0908
MOVE,0,1.0,0.011764707,441182433,220.45703,1288.3574
MOVE,0,1.0,0.011764707,441182441,221.72559,1281.9229
MOVE,0,1.0,0.009803922,441182449,222.71289,1273.5859
MOVE,0,1.0,0.011764707,441182458,223.71973,1263.0869
MOVE,0,1.0,0.011764707,441182466,223.28027,1249.2051
MOVE,0,1.0,0.009803922,441182474,220.10938,1231.2686
MOVE,0,1.0,0.011764707,441182483,215.41309,1209.5
MOVE,0,1.0,0.011764707,441182491,208.21387,1184.1963
MOVE,0,1.0,0.011764707,441182499,200.23438,1156.1006
MOVE,0,1.0,0.013725491,441182508,191.49023,1127.0254
MOVE,0,1.0,0.015686275,441182516,182.45703,1099.3711
MOVE,0,1.0,0.013725491,441182524,173.48926,1074.6377
MOVE,0,1.0,0.011764707,441182533,164.54785,1051.5107
MOVE,0,1.0,0.01764706,441182541,156.23633,1030.5918
MOVE,0,1.0,0.011764707,441182549,148.21289,1010.5332
MOVE,0,1.0,0.011764707,441182558,140.89453,992.5996
MOVE,0,1.0,0.015686275,441182566,134.72559,977.3135
MOVE,0,1.0,0.011764707,441182574,130.125,963.6553
MOVE,0,1.0,0.015686275,441182583,126.84766,954.25977
MOVE,0,1.0,0.013725491,441182591,123.83301,947.667
MOVE,0,1.0,0.013725491,441182599,121.53906,942.34766
MOVE,0,1.0,0.013725491,441182608,121.0,938.8164
MOVE,0,1.0,0.015686275,441182616,120.27246,935.8164
MOVE,0,1.0,0.015686275,441182624,120.0,933.5547
MOVE,0,1.0,0.015686275,441182633,119.28516,930.85547
MOVE,0,1.0,0.015686275,441182641,118.2793,927.8379
MOVE,0,1.0,0.015686275,441182649,117.27539,925.5508
MOVE,0,1.0,0.015686275,441182658,116.28027,922.12305
MOVE,0,1.0,0.015686275,441182666,114.55859,918.8379
MOVE,0,1.0,0.015686275,441182674,112.555664,915.1113
MOVE,0,1.0,0.015686275,441182683,109.865234,911.1533
MOVE,0,1.0,0.015686275,441182691,106.16113,907.16113
MOVE,0,1.0,0.013725491,441182699,102.09863,902.37305
MOVE,0,1.0,0.013725491,441182708,98.81543,897.3594
MOVE,0,1.0,0.011764707,441182716,95.09473,892.36816
MOVE,0,1.0,0.011764707,441182724,91.09961,886.6494
MOVE,0,1.0,0.011764707,441182733,87.22949,880.8447
MOVE,0,1.0,0.011764707,441182741,82.475586,874.7705
MOVE,0,1.0,0.013725491,441182749,78.112305,867.9463
MOVE,0,1.0,0.013725491,441182758,72.72168,860.2959
MOVE,0,1.0,0.013725491,441182766,66.697266,850.8301
MOVE,0,1.0,0.011764707,441182774,58.487305,838.5928
MOVE,0,1.0,0.011764707,441182783,44.57715,822.8633
MOVE,0,1.0,0.009803922,441182791,29.25879,805.1113
MOVE,0,1.0,0.009803922,441182793,25.0,800.0
UP,0,1.0,0.009803922,441182802,25.0,800.0
DOWN,0,1.0,0.011764707,441183101,106.0,937.0
MOVE,0,1.0,0.013725491,441183124,106.0,937.0
MOVE,0,1.0,0.013725491,441183133,106.0,937.0
MOVE,0,1.0,0.011764707,441183141,107.0,938.0
MOVE,0,1.0,0.011764707,441183149,107.0,938.0
MOVE,0,1.0,0.011764707,441183158,108.0,939.7246
MOVE,0,1.0,0.013725491,441183166,108.72266,940.0
MOVE,0,1.0,0.013725491,441183174,109.72363,940.72363
MOVE,0,1.0,0.013725491,441183183,110.0,941.7178
MOVE,0,1.0,0.013725491,441183191,110.72168,942.7217
MOVE,0,1.0,0.013725491,441183199,111.7207,944.4424
MOVE,0,1.0,0.013725491,441183208,112.711914,946.4248
MOVE,0,1.0,0.013725491,441183216,113.72754,949.1836
MOVE,0,1.0,0.015686275,441183224,114.71777,951.4365
MOVE,0,1.0,0.015686275,441183233,115.711914,954.13477
MOVE,0,1.0,0.015686275,441183241,116.0,957.1885
MOVE,0,1.0,0.015686275,441183247,116.0,959.5
MOVE,0,1.0,0.015686275,441183266,117.72168,962.8867
MOVE,0,1.0,0.015686275,441183274,118.72461,968.3467
MOVE,0,1.0,0.015686275,441183283,120.413086,974.23926
MOVE,0,1.0,0.015686275,441183291,121.694336,979.4707
MOVE,0,1.0,0.015686275,441183299,123.399414,983.79785
MOVE,0,1.0,0.013725491,441183308,124.7168,987.8672
MOVE,0,1.0,0.013725491,441183316,125.725586,991.17773
MOVE,0,1.0,0.013725491,441183324,126.71289,994.1377
MOVE,0,1.0,0.013725491,441183333,127.71582,996.4326
MOVE,0,1.0,0.013725491,441183341,128.7207,999.1621
MOVE,0,1.0,0.013725491,441183349,129.70605,1001.4131
MOVE,0,1.0,0.013725491,441183358,130.0,1003.4365
MOVE,0,1.0,0.013725491,441183366,130.72559,1006.17676
MOVE,0,1.0,0.013725491,441183374,131.72559,1008.4502
MOVE,0,1.0,0.013725491,441183383,132.0,1010.40234
MOVE,0,1.0,0.013725491,441183391,132.71289,1012.4258
MOVE,0,1.0,0.013725491,441183399,133.71582,1013.7158
MOVE,0,1.0,0.013725491,441183408,134.0,1016.14453
MOVE,0,1.0,0.015686275,441183416,134.72461,1018.4502
MOVE,0,1.0,0.015686275,441183424,135.0,1021.1787
MOVE,0,1.0,0.015686275,441183433,135.7168,1023.4346
MOVE,0,1.0,0.015686275,441183441,136.71973,1026.8779
MOVE,0,1.0,0.015686275,441183449,137.70898,1030.8369
MOVE,0,1.0,0.015686275,441183458,138.72559,1034.1758
MOVE,0,1.0,0.015686275,441183466,139.72266,1037.8896
MOVE,0,1.0,0.013725491,441183474,140.72949,1041.9199
MOVE,0,1.0,0.013725491,441183483,141.72363,1046.6201
MOVE,0,1.0,0.013725491,441183491,143.42773,1050.8555
MOVE,0,1.0,0.013725491,441183499,144.72656,1054.9053
MOVE,0,1.0,0.013725491,441183508,145.72949,1058.917
MOVE,0,1.0,0.013725491,441183516,146.73145,1062.9248
MOVE,0,1.0,0.013725491,441183524,147.0,1066.1865
MOVE,0,1.0,0.011764707,441183533,147.73242,1069.9307
MOVE,0,1.0,0.011764707,441183541,148.72852,1073.9131
MOVE,0,1.0,0.011764707,441183549,149.71582,1078.5781
MOVE,0,1.0,0.011764707,441183558,151.4375,1082.875
MOVE,0,1.0,0.011764707,441183566,152.72363,1086.1709
MOVE,0,1.0,0.013725491,441183574,153.72168,1088.4424
MOVE,0,1.0,0.01764706,441183583,154.72656,1091.1787
MOVE,0,1.0,0.01764706,441183591,155.71875,1092.7188
MOVE,0,1.0,0.01764706,441183599,156.0,1094.4482
MOVE,0,1.0,0.01764706,441183608,156.0,1095.0
MOVE,0,1.0,0.01764706,441183616,156.0,1095.0
MOVE,0,1.0,0.01764706,441183624,156.0,1095.0
MOVE,0,1.0,0.01764706,441183633,156.0,1095.0
MOVE,0,1.0,0.01764706,441183641,156.0,1095.0
MOVE,0,1.0,0.01764706,441183649,156.0,1095.0
MOVE,0,1.0,0.01764706,441183658,156.0,1095.0
MOVE,0,1.0,0.01764706,441183666,157.0,1092.5986
MOVE,0,1.0,0.011764707,441183674,157.0,1087.6982
MOVE,0,1.0,0.011764707,441183683,155.5664,1079.5469
MOVE,0,1.0,0.011764707,441183691,151.44336,1069.1748
MOVE,0,1.0,0.013725491,441183699,147.23633,1057.708
MOVE,0,1.0,0.013725491,441183708,143.15332,1044.75
MOVE,0,1.0,0.015686275,441183716,138.3623,1030.8145
MOVE,0,1.0,0.013725491,441183724,134.08398,1018.251
MOVE,0,1.0,0.013725491,441183733,128.59668,1006.19336
MOVE,0,1.0,0.015686275,441183741,123.41406,995.8291
MOVE,0,1.0,0.011764707,441183749,118.4375,985.876
MOVE,0,1.0,0.015686275,441183758,114.10742,976.4912
MOVE,0,1.0,0.015686275,441183766,110.08887,967.4492
MOVE,0,1.0,0.015686275,441183774,106.09277,959.18555
MOVE,0,1.0,0.011764707,441183783,102.11035,951.94336
MOVE,0,1.0,0.011764707,441183791,97.447266,944.3164
MOVE,0,1.0,0.011764707,441183799,93.125,936.9697
MOVE,0,1.0,0.011764707,441183808,89.09082,929.9092
MOVE,0,1.0,0.013725491,441183816,84.42676,922.2832
MOVE,0,1.0,0.013725491,441183824,78.64258,913.46387
MOVE,0,1.0,0.013725491,441183833,74.0918,905.1836
MOVE,0,1.0,0.013725491,441183841,70.103516,898.6543
MOVE,0,1.0,0.013725491,441183849,66.8291,892.6582
MOVE,0,1.0,0.013725491,441183858,63.841797,886.6846
MOVE,0,1.0,0.011764707,441183866,60.08203,882.08203
MOVE,0,1.0,0.011764707,441183874,56.81543,877.3584
MOVE,0,1.0,0.009803922,441183883,54.567383,873.1338
MOVE,0,1.0,0.009803922,441183891,52.57715,868.44336
MOVE,0,1.0,0.009803922,441183899,51.29004,864.1592
MOVE,0,1.0,0.009803922,441183908,50.27539,860.1006
MOVE,0,1.0,0.009803922,441183916,48.55957,857.5596
MOVE,0,1.0,0.009803922,441183924,46.539062,855.53906
MOVE,0,1.0,0.009803922,441183933,45.2666,853.5332
MOVE,0,1.0,0.009803922,441183941,45.0,852.2803
MOVE,0,1.0,0.009803922,441183949,45.0,851.2715
MOVE,0,1.0,0.011764707,441183958,45.0,850.2617
MOVE,0,1.0,0.011764707,441183966,45.0,850.0
MOVE,0,1.0,0.011764707,441183974,45.0,850.0
MOVE,0,1.0,0.011764707,441183983,45.0,850.0
MOVE,0,1.0,0.011764707,441183991,45.0,850.0
MOVE,0,1.0,0.011764707,441183999,45.0,850.0
MOVE,0,1.0,0.011764707,441184008,45.0,850.0
MOVE,0,1.0,0.011764707,441184016,45.0,850.0
MOVE,0,1.0,0.011764707,441184024,45.0,850.0
MOVE,0,1.0,0.011764707,441184031,45.0,848.5
MOVE,0,1.0,0.011764707,441184049,45.0,848.5
MOVE,0,1.0,0.011764707,441184058,45.0,848.5
MOVE,0,1.0,0.011764707,441184066,45.0,848.5
MOVE,0,1.0,0.011764707,441184074,45.0,848.5
MOVE,0,1.0,0.011764707,441184083,45.0,848.5
MOVE,0,1.0,0.011764707,441184091,45.0,848.5
MOVE,0,1.0,0.011764707,441184099,44.0,849.0
MOVE,0,1.0,0.011764707,441184108,44.0,849.0
MOVE,0,1.0,0.011764707,441184116,44.0,849.0
MOVE,0,1.0,0.011764707,441184124,44.0,849.0
MOVE,0,1.0,0.011764707,441184133,44.0,849.0
MOVE,0,1.0,0.011764707,441184139,42.5,849.0
MOVE,0,1.0,0.011764707,441184158,42.5,849.0
MOVE,0,1.0,0.009803922,441184166,40.32129,848.3213
MOVE,0,1.0,0.011764707,441184174,38.56836,847.2842
MOVE,0,1.0,0.011764707,441184183,37.27832,846.2783
MOVE,0,1.0,0.011764707,441184185,37.0,846.0
UP,0,1.0,0.011764707,441184193,37.0,846.0
DOWN,0,1.0,0.011764707,441185985,71.0,907.0
MOVE,0,1.0,0.013725491,441185999,78.62891,917.08105
MOVE,0,1.0,0.011764707,441186008,81.450195,921.1748
MOVE,0,1.0,0.011764707,441186016,82.0,922.0
MOVE,0,1.0,0.011764707,441186024,82.0,922.0
MOVE,0,1.0,0.011764707,441186033,82.0,922.0
MOVE,0,1.0,0.011764707,441186041,85.177734,931.5332
MOVE,0,1.0,0.013725491,441186049,89.61621,943.40137
MOVE,0,1.0,0.015686275,441186058,94.60254,957.0869
MOVE,0,1.0,0.011764707,441186066,99.65625,972.7002
MOVE,0,1.0,0.013725491,441186074,104.63281,990.0801
MOVE,0,1.0,0.015686275,441186083,109.586914,1008.6289
MOVE,0,1.0,0.015686275,441186091,115.30957,1028.3662
MOVE,0,1.0,0.013725491,441186099,121.32422,1049.1357
MOVE,0,1.0,0.015686275,441186108,126.581055,1070.7568
MOVE,0,1.0,0.013725491,441186116,132.37695,1091.5898
MOVE,0,1.0,0.013725491,441186124,138.36914,1110.8359
MOVE,0,1.0,0.011764707,441186133,143.62793,1128.334
MOVE,0,1.0,0.013725491,441186141,147.88281,1143.8105
MOVE,0,1.0,0.01764706,441186149,151.1377,1157.2637
MOVE,0,1.0,0.013725491,441186158,154.16309,1169.6504
MOVE,0,1.0,0.011764707,441186166,156.44922,1181.6943
MOVE,0,1.0,0.011764707,441186174,157.72266,1192.9541
MOVE,0,1.0,0.009803922,441186183,158.71094,1203.1074
MOVE,0,1.0,0.015686275,441186191,159.71777,1213.8936
MOVE,0,1.0,0.01764706,441186199,160.71387,1224.1416
MOVE,0,1.0,0.011764707,441186208,161.72363,1234.2373
MOVE,0,1.0,0.011764707,441186216,162.0,1244.2842
MOVE,0,1.0,0.011764707,441186224,162.0,1254.1973
MOVE,0,1.0,0.011764707,441186233,163.42676,1264.1328
MOVE,0,1.0,0.009803922,441186241,164.7207,1274.209
MOVE,0,1.0,0.009803922,441186249,165.71094,1283.3955
MOVE,0,1.0,0.013725491,441186258,167.37988,1292.9004
MOVE,0,1.0,0.013725491,441186266,168.71289,1301.7012
MOVE,0,1.0,0.013725491,441186274,169.72461,1310.5195
MOVE,0,1.0,0.013725491,441186283,170.72461,1318.0742
MOVE,0,1.0,0.013725491,441186291,171.72168,1325.0527
MOVE,0,1.0,0.013725491,441186299,172.0,1332.041
MOVE,0,1.0,0.009803922,441186308,172.0,1339.0977
MOVE,0,1.0,0.013725491,441186316,172.0,1348.3379
MOVE,0,1.0,0.013725491,441186324,171.26758,1356.8633
MOVE,0,1.0,0.013725491,441186333,169.54492,1364.8213
MOVE,0,1.0,0.013725491,441186341,167.54688,1372.0869
MOVE,0,1.0,0.013725491,441186349,166.27637,1380.5098
MOVE,0,1.0,0.013725491,441186358,165.28125,1389.4678
MOVE,0,1.0,0.01764706,441186366,165.71777,1398.457
MOVE,0,1.0,0.01764706,441186374,166.0,1408.1748
MOVE,0,1.0,0.01764706,441186377,166.0,1411.0
UP,0,1.0,0.01764706,441186385,166.0,1411.0
DOWN,0,1.0,0.011764707,441187335,189.0,1390.0
MOVE,0,1.0,0.013725491,441187349,189.0,1388.5596
MOVE,0,1.0,0.013725491,441187358,189.0,1383.6719
MOVE,0,1.0,0.013725491,441187366,189.0,1377.7148
MOVE,0,1.0,0.013725491,441187374,189.0,1373.8574
MOVE,0,1.0,0.011764707,441187383,189.0,1372.2842
MOVE,0,1.0,0.011764707,441187391,189.0,1366.3271
MOVE,0,1.0,0.013725491,441187399,188.28711,1353.3115
MOVE,0,1.0,0.013725491,441187408,187.29102,1337.6504
MOVE,0,1.0,0.013725491,441187416,185.55762,1322.1787
MOVE,0,1.0,0.011764707,441187424,184.26953,1307.7764
MOVE,0,1.0,0.011764707,441187433,183.27832,1293.8965
MOVE,0,1.0,0.013725491,441187441,181.5791,1280.0537
MOVE,0,1.0,0.013725491,441187449,180.28418,1267.4141
MOVE,0,1.0,0.013725491,441187458,178.57227,1257.5732
MOVE,0,1.0,0.013725491,441187466,176.57422,1248.584
MOVE,0,1.0,0.013725491,441187474,173.85449,1241.709
MOVE,0,1.0,0.015686275,441187483,172.28613,1237.1426
MOVE,0,1.0,0.015686275,441187491,170.56348,1233.8447
MOVE,0,1.0,0.015686275,441187499,170.0,1232.2871
MOVE,0,1.0,0.015686275,441187508,169.30078,1232.0
MOVE,0,1.0,0.015686275,441187516,169.0,1231.2852
MOVE,0,1.0,0.015686275,441187524,168.27441,1230.2744
MOVE,0,1.0,0.015686275,441187533,168.0,1229.2764
MOVE,0,1.0,0.015686275,441187541,168.0,1228.2822
MOVE,0,1.0,0.015686275,441187549,168.0,1226.5781
MOVE,0,1.0,0.015686275,441187558,168.0,1225.2881
MOVE,0,1.0,0.015686275,441187566,167.28223,1223.5645
MOVE,0,1.0,0.015686275,441187574,167.0,1223.0
MOVE,0,1.0,0.015686275,441187583,167.0,1223.0
MOVE,0,1.0,0.015686275,441187589,167.0,1221.5
MOVE,0,1.0,0.015686275,441187608,167.0,1221.5
MOVE,0,1.0,0.015686275,441187616,167.0,1221.5
MOVE,0,1.0,0.015686275,441187624,167.0,1221.5
MOVE,0,1.0,0.015686275,441187633,166.0,1221.2754
MOVE,0,1.0,0.015686275,441187639,166.0,1220.5
MOVE,0,1.0,0.015686275,441187658,166.0,1220.5
MOVE,0,1.0,0.015686275,441187666,166.0,1220.5
MOVE,0,1.0,0.015686275,441187674,166.0,1220.5
MOVE,0,1.0,0.015686275,441187681,166.0,1219.5
MOVE,0,1.0,0.015686275,441187699,167.0,1220.0
MOVE,0,1.0,0.015686275,441187708,167.0,1220.0
MOVE,0,1.0,0.015686275,441187716,168.0,1219.0
MOVE,0,1.0,0.015686275,441187724,168.0,1219.0
MOVE,0,1.0,0.013725491,441187733,169.0,1217.2715
MOVE,0,1.0,0.013725491,441187741,169.0,1217.0
MOVE,0,1.0,0.013725491,441187749,169.0,1217.0
MOVE,0,1.0,0.013725491,441187758,170.0,1216.2773
MOVE,0,1.0,0.013725491,441187764,170.0,1215.5
MOVE,0,1.0,0.013725491,441187783,170.0,1215.5
MOVE,0,1.0,0.013725491,441187789,170.0,1214.5
MOVE,0,1.0,0.013725491,441187808,170.0,1214.5
MOVE,0,1.0,0.013725491,441187816,170.0,1214.5
MOVE,0,1.0,0.013725491,441187824,170.0,1214.5
MOVE,0,1.0,0.013725491,441187831,171.5,1215.0
MOVE,0,1.0,0.013725491,441187849,172.70703,1215.0
MOVE,0,1.0,0.013725491,441187858,173.0,1215.0
MOVE,0,1.0,0.013725491,441187866,173.0,1215.0
MOVE,0,1.0,0.013725491,441187872,174.5,1213.5
MOVE,0,1.0,0.013725491,441187891,174.5,1213.5
MOVE,0,1.0,0.013725491,441187899,174.5,1213.5
MOVE,0,1.0,0.013725491,441187908,174.5,1213.5
MOVE,0,1.0,0.013725491,441187914,175.5,1214.0
MOVE,0,1.0,0.013725491,441187933,176.7334,1214.0
MOVE,0,1.0,0.013725491,441187941,177.0,1214.0
MOVE,0,1.0,0.013725491,441187949,177.0,1214.0
MOVE,0,1.0,0.013725491,441187958,178.7207,1214.0
MOVE,0,1.0,0.013725491,441187964,179.5,1214.0
MOVE,0,1.0,0.013725491,441187983,180.0,1214.0
MOVE,0,1.0,0.013725491,441187991,180.0,1214.0
MOVE,0,1.0,0.013725491,441187999,183.42969,1214.0
MOVE,0,1.0,0.013725491,441188008,185.4336,1214.0
MOVE,0,1.0,0.013725491,441188016,186.70996,1213.29
MOVE,0,1.0,0.013725491,441188024,187.71191,1212.2881
MOVE,0,1.0,0.013725491,441188033,188.70801,1212.0
MOVE,0,1.0,0.013725491,441188039,189.5,1212.0
MOVE,0,1.0,0.013725491,441188057,189.5,1212.0
MOVE,0,1.0,0.013725491,441188066,189.5,1212.0
MOVE,0,1.0,0.013725491,441188074,188.0,1212.0
MOVE,0,1.0,0.013725491,441188082,188.0,1212.0
MOVE,0,1.0,0.013725491,441188091,188.0,1212.0
MOVE,0,1.0,0.013725491,441188099,188.0,1212.0
MOVE,0,1.0,0.013725491,441188107,188.0,1212.0
MOVE,0,1.0,0.013725491,441188116,188.0,1212.0
MOVE,0,1.0,0.013725491,441188124,188.0,1212.0
MOVE,0,1.0,0.013725491,441188132,188.0,1212.0
MOVE,0,1.0,0.013725491,441188141,188.0,1212.0
MOVE,0,1.0,0.013725491,441188149,188.0,1208.5361
MOVE,0,1.0,0.013725491,441188157,188.0,1205.8359
MOVE,0,1.0,0.013725491,441188166,186.57812,1202.8682
MOVE,0,1.0,0.013725491,441188174,183.85254,1201.2842
MOVE,0,1.0,0.013725491,441188182,180.84961,1200.2832
MOVE,0,1.0,0.013725491,441188191,177.83984,1200.0
MOVE,0,1.0,0.013725491,441188199,175.55469,1200.7227
MOVE,0,1.0,0.013725491,441188207,174.27246,1201.7275
MOVE,0,1.0,0.013725491,441188216,173.27246,1202.7275
MOVE,0,1.0,0.013725491,441188224,173.0,1203.0
MOVE,0,1.0,0.013725491,441188232,173.0,1203.0
MOVE,0,1.0,0.013725491,441188241,173.72559,1206.4521
MOVE,0,1.0,0.013725491,441188249,174.73242,1207.7324
MOVE,0,1.0,0.013725491,441188257,176.45801,1208.7295
MOVE,0,1.0,0.013725491,441188266,179.15332,1208.2822
MOVE,0,1.0,0.013725491,441188274,182.90137,1207.2744
MOVE,0,1.0,0.013725491,441188282,186.1875,1204.8135
MOVE,0,1.0,0.013725491,441188291,188.42969,1202.5703
MOVE,0,1.0,0.013725491,441188299,190.43262,1199.8516
MOVE,0,1.0,0.013725491,441188307,191.70312,1196.1865
MOVE,0,1.0,0.013725491,441188316,192.71094,1193.5781
MOVE,0,1.0,0.013725491,441188324,193.0,1192.2705
MOVE,0,1.0,0.013725491,441188332,193.0,1191.2686
MOVE,0,1.0,0.013725491,441188341,191.54492,1190.2725
MOVE,0,1.0,0.013725491,441188349,189.53613,1190.0
MOVE,0,1.0,0.013725491,441188357,186.10254,1190.0
MOVE,0,1.0,0.013725491,441188366,182.81055,1190.0
MOVE,0,1.0,0.013725491,441188374,179.83203,1190.7227
MOVE,0,1.0,0.013725491,441188382,177.54883,1191.0
MOVE,0,1.0,0.013725491,441188389,176.0,1191.0
MOVE,0,1.0,0.013725491,441188407,175.27539,1191.0
MOVE,0,1.0,0.013725491,441188416,175.0,1191.0
MOVE,0,1.0,0.013725491,441188424,175.0,1191.0
MOVE,0,1.0,0.013725491,441188432,175.0,1191.0
MOVE,0,1.0,0.013725491,441188441,175.0,1191.0
MOVE,0,1.0,0.013725491,441188449,176.7168,1191.0
MOVE,0,1.0,0.013725491,441188457,179.14844,1191.0
MOVE,0,1.0,0.013725491,441188466,180.72266,1191.0
MOVE,0,1.0,0.013725491,441188474,182.44434,1191.0
MOVE,0,1.0,0.013725491,441188482,184.43457,1191.0
MOVE,0,1.0,0.013725491,441188489,186.0,1191.0
MOVE,0,1.0,0.013725491,441188507,186.0,1191.0
MOVE,0,1.0,0.013725491,441188516,186.0,1191.0
MOVE,0,1.0,0.013725491,441188524,186.0,1191.0
MOVE,0,1.0,0.013725491,441188532,186.0,1191.0
MOVE,0,1.0,0.013725491,441188541,184.0,1191.0
MOVE,0,1.0,0.013725491,441188549,184.0,1191.0
MOVE,0,1.0,0.013725491,441188557,182.28613,1191.0
MOVE,0,1.0,0.013725491,441188566,181.28027,1191.0
MOVE,0,1.0,0.013725491,441188574,179.55176,1191.0
MOVE,0,1.0,0.013725491,441188581,178.0,1191.0
MOVE,0,1.0,0.013725491,441188599,178.0,1191.0
MOVE,0,1.0,0.013725491,441188607,178.0,1191.0
MOVE,0,1.0,0.013725491,441188616,178.0,1191.0
MOVE,0,1.0,0.013725491,441188624,178.0,1191.0
MOVE,0,1.0,0.013725491,441188631,176.5,1191.0
MOVE,0,1.0,0.013725491,441188649,176.5,1191.0
MOVE,0,1.0,0.013725491,441188657,176.5,1191.0
MOVE,0,1.0,0.013725491,441188666,176.5,1191.0
MOVE,0,1.0,0.013725491,441188674,176.5,1191.0
MOVE,0,1.0,0.013725491,441188682,176.5,1191.0
MOVE,0,1.0,0.013725491,441188691,176.5,1191.0
MOVE,0,1.0,0.013725491,441188699,176.5,1191.0
MOVE,0,1.0,0.013725491,441188707,176.5,1191.0
MOVE,0,1.0,0.013725491,441188716,176.5,1191.0
MOVE,0,1.0,0.013725491,441188724,176.5,1191.0
MOVE,0,1.0,0.013725491,441188732,176.5,1191.0
MOVE,0,1.0,0.013725491,441188741,176.5,1191.0
MOVE,0,1.0,0.013725491,441188749,176.5,1191.0
MOVE,0,1.0,0.013725491,441188757,176.5,1191.0
MOVE,0,1.0,0.013725491,441188766,176.5,1191.0
MOVE,0,1.0,0.013725491,441188774,176.5,1191.0
MOVE,0,1.0,0.013725491,441188782,176.5,1191.0
MOVE,0,1.0,0.013725491,441188791,176.5,1191.0
MOVE,0,1.0,0.013725491,441188799,176.5,1191.0
MOVE,0,1.0,0.013725491,441188808,176.5,1191.0
MOVE,0,1.0,0.013725491,441188816,176.5,1191.0
MOVE,0,1.0,0.013725491,441188824,176.5,1191.0
MOVE,0,1.0,0.013725491,441188833,176.5,1191.0
MOVE,0,1.0,0.013725491,441188841,176.5,1191.0
MOVE,0,1.0,0.013725491,441188849,176.5,1191.0
MOVE,0,1.0,0.013725491,441188858,176.5,1191.0
MOVE,0,1.0,0.013725491,441188866,176.5,1191.0
MOVE,0,1.0,0.013725491,441188874,176.5,1191.0
MOVE,0,1.0,0.013725491,441188883,176.5,1191.0
MOVE,0,1.0,0.013725491,441188891,176.5,1191.0
MOVE,0,1.0,0.013725491,441188899,176.5,1191.0
MOVE,0,1.0,0.013725491,441188908,176.5,1191.0
MOVE,0,1.0,0.013725491,441188916,176.5,1191.0
MOVE,0,1.0,0.013725491,441188924,176.5,1191.0
MOVE,0,1.0,0.013725491,441188933,176.5,1191.0
MOVE,0,1.0,0.013725491,441188941,176.5,1191.0
MOVE,0,1.0,0.013725491,441188949,176.5,1191.0
MOVE,0,1.0,0.013725491,441188958,176.5,1191.0
MOVE,0,1.0,0.013725491,441188966,176.5,1191.0
MOVE,0,1.0,0.013725491,441188974,176.5,1191.0
MOVE,0,1.0,0.013725491,441188983,176.5,1191.0
MOVE,0,1.0,0.013725491,441188991,176.5,1191.0
MOVE,0,1.0,0.013725491,441188999,176.5,1191.0
MOVE,0,1.0,0.013725491,441189008,176.5,1191.0
MOVE,0,1.0,0.013725491,441189016,176.5,1191.0
MOVE,0,1.0,0.013725491,441189024,176.5,1191.0
MOVE,0,1.0,0.013725491,441189033,176.0,1191.0
MOVE,0,1.0,0.013725491,441189041,176.0,1191.0
MOVE,0,1.0,0.013725491,441189049,176.0,1191.0
MOVE,0,1.0,0.013725491,441189058,175.0,1191.0
MOVE,0,1.0,0.013725491,441189066,175.0,1191.0
MOVE,0,1.0,0.013725491,441189074,175.0,1191.0
MOVE,0,1.0,0.013725491,441189083,175.0,1191.0
MOVE,0,1.0,0.013725491,441189089,173.5,1191.0
MOVE,0,1.0,0.013725491,441189108,173.5,1191.0
MOVE,0,1.0,0.013725491,441189116,173.5,1191.0
MOVE,0,1.0,0.013725491,441189124,173.5,1191.0
MOVE,0,1.0,0.013725491,441189133,173.5,1191.0
MOVE,0,1.0,0.013725491,441189141,173.5,1191.0
MOVE,0,1.0,0.013725491,441189149,173.5,1191.0
MOVE,0,1.0,0.013725491,441189158,173.0,1191.0
MOVE,0,1.0,0.013725491,441189166,173.0,1191.0
MOVE,0,1.0,0.013725491,441189174,173.0,1191.0
MOVE,0,1.0,0.013725491,441189183,173.0,1191.0
MOVE,0,1.0,0.013725491,441189191,173.0,1191.0
MOVE,0,1.0,0.013725491,441189199,173.0,1191.0
MOVE,0,1.0,0.013725491,441189208,173.0,1191.0
MOVE,0,1.0,0.013725491,441189216,173.0,1191.0
MOVE,0,1.0,0.013725491,441189224,173.0,1191.0
MOVE,0,1.0,0.013725491,441189233,173.0,1191.0
MOVE,0,1.0,0.013725491,441189241,173.0,1191.0
MOVE,0,1.0,0.013725491,441189249,172.0,1191.0
MOVE,0,1.0,0.013725491,441189258,172.0,1191.0
MOVE,0,1.0,0.013725491,441189266,172.0,1191.0
MOVE,0,1.0,0.013725491,441189274,172.0,1191.0
MOVE,0,1.0,0.013725491,441189283,172.0,1191.0
MOVE,0,1.0,0.013725491,441189291,172.0,1191.0
MOVE,0,1.0,0.013725491,441189299,172.0,1191.0
MOVE,0,1.0,0.013725491,441189308,172.0,1191.0
MOVE,0,1.0,0.013725491,441189316,172.0,1191.0
MOVE,0,1.0,0.013725491,441189324,171.0,1191.0
MOVE,0,1.0,0.013725491,441189333,171.0,1191.0
MOVE,0,1.0,0.013725491,441189339,169.5,1189.5
MOVE,0,1.0,0.013725491,441189358,169.5,1189.5
MOVE,0,1.0,0.013725491,441189366,169.5,1189.5
MOVE,0,1.0,0.013725491,441189374,169.5,1189.5
MOVE,0,1.0,0.013725491,441189383,169.5,1189.5
MOVE,0,1.0,0.013725491,441189391,170.0,1189.0
MOVE,0,1.0,0.013725491,441189399,170.0,1189.0
MOVE,0,1.0,0.013725491,441189408,170.0,1189.0
MOVE,0,1.0,0.013725491,441189416,170.0,1189.0
MOVE,0,1.0,0.013725491,441189422,171.5,1189.0
MOVE,0,1.0,0.013725491,441189441,171.5,1189.0
MOVE,0,1.0,0.013725491,441189447,172.5,1189.0
MOVE,0,1.0,0.013725491,441189466,172.5,1189.0
MOVE,0,1.0,0.013725491,441189474,172.5,1189.0
MOVE,0,1.0,0.013725491,441189483,172.5,1189.0
MOVE,0,1.0,0.013725491,441189491,172.5,1189.0
MOVE,0,1.0,0.013725491,441189499,173.0,1189.0
MOVE,0,1.0,0.013725491,441189508,173.0,1189.0
MOVE,0,1.0,0.013725491,441189514,174.5,1189.0
MOVE,0,1.0,0.013725491,441189533,174.0,1188.0
MOVE,0,1.0,0.013725491,441189541,174.0,1188.0
MOVE,0,1.0,0.013725491,441189549,174.0,1188.0
MOVE,0,1.0,0.013725491,441189558,174.0,1188.0
MOVE,0,1.0,0.013725491,441189566,170.5332,1188.7334
MOVE,0,1.0,0.013725491,441189574,169.27051,1189.7295
MOVE,0,1.0,0.013725491,441189583,168.27148,1190.0
MOVE,0,1.0,0.013725491,441189589,167.5,1190.0
MOVE,0,1.0,0.013725491,441189608,167.5,1190.0
MOVE,0,1.0,0.013725491,441189616,167.5,1190.0
MOVE,0,1.0,0.013725491,441189624,167.5,1190.0
MOVE,0,1.0,0.013725491,441189633,167.5,1190.0
MOVE,0,1.0,0.013725491,441189641,169.74121,1188.2588
MOVE,0,1.0,0.013725491,441189649,170.73535,1187.2646
MOVE,0,1.0,0.013725491,441189658,171.72266,1185.5537
MOVE,0,1.0,0.013725491,441189666,173.45605,1184.2725
MOVE,0,1.0,0.013725491,441189674,175.43848,1182.5615
MOVE,0,1.0,0.013725491,441189683,176.72461,1181.2754
MOVE,0,1.0,0.013725491,441189691,177.0,1181.0
MOVE,0,1.0,0.013725491,441189699,177.0,1181.0
MOVE,0,1.0,0.013725491,441189708,177.0,1181.0
MOVE,0,1.0,0.013725491,441189716,178.0,1180.0
MOVE,0,1.0,0.013725491,441189724,178.0,1180.0
MOVE,0,1.0,0.013725491,441189731,178.0,1178.5
MOVE,0,1.0,0.013725491,441189749,178.0,1178.5
MOVE,0,1.0,0.013725491,441189758,178.0,1178.5
MOVE,0,1.0,0.013725491,441189766,178.0,1178.5
MOVE,0,1.0,0.013725491,441189774,178.0,1178.5
MOVE,0,1.0,0.013725491,441189783,178.0,1178.5
MOVE,0,1.0,0.013725491,441189791,178.0,1178.5
MOVE,0,1.0,0.013725491,441189799,177.0,1179.0
MOVE,0,1.0,0.013725491,441189808,177.0,1179.0
MOVE,0,1.0,0.013725491,441189816,177.0,1179.0
MOVE,0,1.0,0.013725491,441189824,177.0,1179.0
MOVE,0,1.0,0.013725491,441189833,177.0,1179.0
MOVE,0,1.0,0.013725491,441189841,177.0,1178.0
MOVE,0,1.0,0.013725491,441189849,177.0,1178.0
MOVE,0,1.0,0.013725491,441189858,177.70703,1176.293
MOVE,0,1.0,0.013725491,441189866,178.71289,1174.5742
MOVE,0,1.0,0.015686275,441189874,179.0,1172.5547
MOVE,0,1.0,0.015686275,441189883,179.71191,1170.5762
MOVE,0,1.0,0.015686275,441189891,180.0,1169.29
MOVE,0,1.0,0.013725491,441189899,180.0,1167.5479
MOVE,0,1.0,0.013725491,441189908,180.0,1166.2822
MOVE,0,1.0,0.013725491,441189916,180.0,1165.2783
MOVE,0,1.0,0.013725491,441189922,180.0,1164.5
MOVE,0,1.0,0.013725491,441189941,178.27441,1163.2744
MOVE,0,1.0,0.01764706,441189949,177.27832,1163.0
MOVE,0,1.0,0.013725491,441189958,177.0,1163.0
MOVE,0,1.0,0.013725491,441189966,177.0,1163.0
MOVE,0,1.0,0.01764706,441189972,175.5,1161.5
MOVE,0,1.0,0.01764706,441189991,174.28418,1160.2842
MOVE,0,1.0,0.01764706,441189999,173.27246,1160.0
MOVE,0,1.0,0.01764706,441190008,173.0,1159.2812
MOVE,0,1.0,0.01764706,441190016,173.0,1159.0
MOVE,0,1.0,0.01764706,441190024,173.0,1159.0
MOVE,0,1.0,0.01764706,441190033,173.0,1157.2852
MOVE,0,1.0,0.01764706,441190041,173.0,1156.3164
MOVE,0,1.0,0.01764706,441190049,173.69824,1156.0
MOVE,0,1.0,0.01764706,441190058,174.0,1155.29
MOVE,0,1.0,0.01764706,441190064,174.0,1154.5
MOVE,0,1.0,0.01764706,441190083,174.0,1154.0
MOVE,0,1.0,0.01764706,441190091,174.0,1154.0
MOVE,0,1.0,0.01764706,441190099,174.0,1154.0
MOVE,0,1.0,0.01764706,441190108,174.0,1153.0
MOVE,0,1.0,0.01764706,441190116,174.0,1153.0
MOVE,0,1.0,0.01764706,441190124,174.0,1151.293
MOVE,0,1.0,0.01764706,441190131,174.0,1150.5
MOVE,0,1.0,0.01764706,441190149,174.0,1150.0
MOVE,0,1.0,0.01764706,441190158,174.0,1150.0
MOVE,0,1.0,0.013725491,441190164,174.0,1148.5
MOVE,0,1.0,0.013725491,441190183,175.0,1147.2754
MOVE,0,1.0,0.013725491,441190191,175.72461,1146.2754
MOVE,0,1.0,0.013725491,441190199,176.70215,1146.0
MOVE,0,1.0,0.013725491,441190208,177.0,1146.0
MOVE,0,1.0,0.013725491,441190216,177.0,1146.0
MOVE,0,1.0,0.013725491,441190224,174.5459,1145.0
MOVE,0,1.0,0.013725491,441190233,172.54785,1145.0
MOVE,0,1.0,0.01764706,441190241,171.27734,1145.0
MOVE,0,1.0,0.015686275,441190249,170.28027,1145.0
MOVE,0,1.0,0.01764706,441190258,170.0,1145.7188
MOVE,0,1.0,0.01764706,441190266,169.27246,1146.7275
MOVE,0,1.0,0.01764706,441190274,169.0,1147.7305
MOVE,0,1.0,0.01764706,441190281,169.0,1148.5
MOVE,0,1.0,0.013725491,441190299,170.6875,1148.0
MOVE,0,1.0,0.01764706,441190308,172.4375,1148.0
MOVE,0,1.0,0.013725491,441190316,174.46289,1147.2686
MOVE,0,1.0,0.013725491,441190324,176.45508,1145.5449
MOVE,0,1.0,0.013725491,441190333,177.72266,1142.831
MOVE,0,1.0,0.013725491,441190341,179.44629,1140.5547
MOVE,0,1.0,0.013725491,441190349,180.72363,1137.8301
MOVE,0,1.0,0.013725491,441190358,181.72559,1135.5498
MOVE,0,1.0,0.013725491,441190366,182.71582,1133.5674
MOVE,0,1.0,0.013725491,441190374,183.0,1130.8486
MOVE,0,1.0,0.013725491,441190383,183.0,1129.2754
MOVE,0,1.0,0.013725491,441190391,183.0,1127.5576
MOVE,0,1.0,0.013725491,441190399,183.0,1126.2812
MOVE,0,1.0,0.013725491,441190408,182.29102,1125.291
MOVE,0,1.0,0.013725491,441190416,181.28027,1125.0
MOVE,0,1.0,0.013725491,441190424,180.27246,1125.0
MOVE,0,1.0,0.013725491,441190433,179.27637,1125.0
MOVE,0,1.0,0.013725491,441190441,179.0,1125.0
MOVE,0,1.0,0.013725491,441190449,179.0,1125.0
MOVE,0,1.0,0.013725491,441190458,179.0,1125.0
MOVE,0,1.0,0.013725491,441190466,179.0,1125.0
MOVE,0,1.0,0.013725491,441190474,179.0,1125.0
MOVE,0,1.0,0.013725491,441190483,179.0,1125.0
MOVE,0,1.0,0.013725491,441190491,179.0,1125.0
MOVE,0,1.0,0.013725491,441190499,179.0,1125.0
MOVE,0,1.0,0.013725491,441190506,179.0,1126.5
MOVE,0,1.0,0.013725491,441190524,179.0,1126.5
MOVE,0,1.0,0.013725491,441190531,179.0,1127.5
MOVE,0,1.0,0.013725491,441190549,179.0,1127.5
MOVE,0,1.0,0.013725491,441190558,179.0,1127.5
MOVE,0,1.0,0.013725491,441190566,179.0,1127.5
MOVE,0,1.0,0.013725491,441190574,179.0,1127.5
MOVE,0,1.0,0.013725491,441190583,179.0,1127.5
MOVE,0,1.0,0.013725491,441190591,179.0,1127.5
MOVE,0,1.0,0.013725491,441190599,179.0,1127.5
MOVE,0,1.0,0.013725491,441190608,179.0,1127.5
MOVE,0,1.0,0.013725491,441190616,179.0,1127.5
MOVE,0,1.0,0.013725491,441190624,179.0,1127.5
MOVE,0,1.0,0.013725491,441190633,179.0,1127.5
MOVE,0,1.0,0.013725491,441190641,179.0,1127.5
MOVE,0,1.0,0.013725491,441190649,179.0,1127.5
MOVE,0,1.0,0.013725491,441190658,179.0,1127.5
MOVE,0,1.0,0.013725491,441190666,179.0,1127.5
MOVE,0,1.0,0.013725491,441190674,179.0,1127.5
MOVE,0,1.0,0.013725491,441190683,179.0,1127.5
MOVE,0,1.0,0.013725491,441190691,179.0,1127.5
MOVE,0,1.0,0.013725491,441190699,179.0,1127.5
MOVE,0,1.0,0.013725491,441190708,179.0,1127.5
MOVE,0,1.0,0.013725491,441190716,179.0,1127.5
MOVE,0,1.0,0.013725491,441190724,179.0,1127.5
MOVE,0,1.0,0.013725491,441190733,179.0,1127.5
MOVE,0,1.0,0.013725491,441190741,179.7207,1126.0
MOVE,0,1.0,0.013725491,441190747,180.5,1126.0
MOVE,0,1.0,0.013725491,441190766,181.0,1125.0
MOVE,0,1.0,0.013725491,441190774,181.0,1125.0
MOVE,0,1.0,0.013725491,441190781,182.5,1123.5
MOVE,0,1.0,0.013725491,441190799,182.5,1123.5
MOVE,0,1.0,0.013725491,441190808,182.5,1123.5
MOVE,0,1.0,0.013725491,441190816,183.0,1124.0
MOVE,0,1.0,0.013725491,441190824,183.0,1124.0
MOVE,0,1.0,0.013725491,441190833,183.0,1124.0
MOVE,0,1.0,0.013725491,441190841,182.0,1124.0
MOVE,0,1.0,0.013725491,441190849,182.0,1124.0
MOVE,0,1.0,0.013725491,441190858,180.28516,1124.7148
MOVE,0,1.0,0.013725491,441190866,180.0,1125.7139
MOVE,0,1.0,0.013725491,441190874,179.28027,1126.0
MOVE,0,1.0,0.013725491,441190881,178.5,1126.0
MOVE,0,1.0,0.013725491,441190899,178.5,1126.0
MOVE,0,1.0,0.013725491,441190908,178.5,1126.0
MOVE,0,1.0,0.013725491,441190916,179.0,1124.2588
MOVE,0,1.0,0.013725491,441190924,179.73438,1123.2656
MOVE,0,1.0,0.015686275,441190933,180.0,1122.2783
MOVE,0,1.0,0.015686275,441190941,180.0,1121.2812
MOVE,0,1.0,0.015686275,441190949,180.0,1120.2812
MOVE,0,1.0,0.015686275,441190958,180.70898,1119.291
MOVE,0,1.0,0.015686275,441190966,181.71582,1118.2842
MOVE,0,1.0,0.015686275,441190974,182.72168,1117.2783
MOVE,0,1.0,0.015686275,441190983,183.0,1117.0
MOVE,0,1.0,0.015686275,441190991,183.0,1117.0
MOVE,0,1.0,0.015686275,441190999,184.0,1116.2705
MOVE,0,1.0,0.015686275,441191006,184.0,1115.5
MOVE,0,1.0,0.015686275,441191024,185.0,1116.0
MOVE,0,1.0,0.015686275,441191033,185.0,1116.0
MOVE,0,1.0,0.015686275,441191041,185.0,1116.0
MOVE,0,1.0,0.015686275,441191049,185.0,1116.0
MOVE,0,1.0,0.015686275,441191058,185.0,1116.0
MOVE,0,1.0,0.015686275,441191066,185.0,1116.0
MOVE,0,1.0,0.015686275,441191074,185.0,1116.0
MOVE,0,1.0,0.015686275,441191083,185.0,1116.0
MOVE,0,1.0,0.015686275,441191091,185.0,1116.0
MOVE,0,1.0,0.015686275,441191099,185.0,1116.0
MOVE,0,1.0,0.015686275,441191108,185.0,1116.0
MOVE,0,1.0,0.013725491,441191116,184.0,1116.0
MOVE,0,1.0,0.013725491,441191124,184.0,1116.0
MOVE,0,1.0,0.013725491,441191133,184.0,1116.0
MOVE,0,1.0,0.013725491,441191141,184.0,1116.0
MOVE,0,1.0,0.013725491,441191149,184.0,1116.0
MOVE,0,1.0,0.013725491,441191158,184.0,1116.0
MOVE,0,1.0,0.013725491,441191166,184.0,1116.0
MOVE,0,1.0,0.013725491,441191174,184.0,1116.0
MOVE,0,1.0,0.013725491,441191183,184.0,1116.0
MOVE,0,1.0,0.013725491,441191191,184.0,1116.0
MOVE,0,1.0,0.013725491,441191199,184.0,1116.0
MOVE,0,1.0,0.013725491,441191208,184.0,1116.0
MOVE,0,1.0,0.013725491,441191216,184.0,1116.0
MOVE,0,1.0,0.013725491,441191224,184.0,1116.0
MOVE,0,1.0,0.013725491,441191233,184.0,1116.0
MOVE,0,1.0,0.013725491,441191241,184.0,1116.0
MOVE,0,1.0,0.013725491,441191249,184.0,1116.0
MOVE,0,1.0,0.013725491,441191258,184.0,1116.0
MOVE,0,1.0,0.015686275,441191266,185.0,1116.0
MOVE,0,1.0,0.015686275,441191274,185.0,1116.0
MOVE,0,1.0,0.015686275,441191283,185.0,1116.0
MOVE,0,1.0,0.015686275,441191291,185.0,1116.0
MOVE,0,1.0,0.015686275,441191299,185.0,1116.0
MOVE,0,1.0,0.013725491,441191308,186.0,1116.0
MOVE,0,1.0,0.013725491,441191316,186.0,1116.0
MOVE,0,1.0,0.013725491,441191324,186.0,1116.0
MOVE,0,1.0,0.013725491,441191333,186.0,1116.0
MOVE,0,1.0,0.013725491,441191341,186.0,1116.0
MOVE,0,1.0,0.013725491,441191349,186.0,1116.0
MOVE,0,1.0,0.013725491,441191358,186.0,1116.0
MOVE,0,1.0,0.013725491,441191366,186.0,1116.0
MOVE,0,1.0,0.013725491,441191374,186.0,1116.0
MOVE,0,1.0,0.013725491,441191383,186.0,1116.0
MOVE,0,1.0,0.013725491,441191391,186.0,1116.0
MOVE,0,1.0,0.013725491,441191399,186.0,1116.0
MOVE,0,1.0,0.013725491,441191408,186.0,1116.0
MOVE,0,1.0,0.013725491,441191416,186.0,1116.0
MOVE,0,1.0,0.013725491,441191424,186.0,1116.0
MOVE,0,1.0,0.013725491,441191433,186.0,1116.0
MOVE,0,1.0,0.013725491,441191441,186.0,1116.0
MOVE,0,1.0,0.013725491,441191449,186.0,1116.0
MOVE,0,1.0,0.013725491,441191458,186.0,1116.0
MOVE,0,1.0,0.013725491,441191466,186.0,1116.0
MOVE,0,1.0,0.013725491,441191474,186.0,1116.0
MOVE,0,1.0,0.013725491,441191482,186.0,1116.0
MOVE,0,1.0,0.013725491,441191491,186.0,1116.0
MOVE,0,1.0,0.013725491,441191499,186.0,1116.0
MOVE,0,1.0,0.013725491,441191507,186.0,1116.0
MOVE,0,1.0,0.013725491,441191516,186.0,1116.0
MOVE,0,1.0,0.013725491,441191524,186.0,1116.0
MOVE,0,1.0,0.013725491,441191532,186.0,1116.0
MOVE,0,1.0,0.013725491,441191541,186.0,1116.0
MOVE,0,1.0,0.013725491,441191549,186.0,1116.0
MOVE,0,1.0,0.013725491,441191557,186.0,1116.0
MOVE,0,1.0,0.013725491,441191566,186.0,1116.0
MOVE,0,1.0,0.013725491,441191574,186.0,1116.0
MOVE,0,1.0,0.015686275,441191581,187.5,1116.0
MOVE,0,1.0,0.015686275,441191599,187.5,1116.0
MOVE,0,1.0,0.013725491,441191606,188.5,1116.0
MOVE,0,1.0,0.013725491,441191624,188.5,1116.0
MOVE,0,1.0,0.015686275,441191631,189.5,1116.0
MOVE,0,1.0,0.015686275,441191649,189.5,1116.0
MOVE,0,1.0,0.015686275,441191657,189.5,1116.0
MOVE,0,1.0,0.015686275,441191666,189.5,1116.0
MOVE,0,1.0,0.015686275,441191674,189.5,1116.0
MOVE,0,1.0,0.015686275,441191682,189.5,1116.0
MOVE,0,1.0,0.015686275,441191691,189.5,1116.0
MOVE,0,1.0,0.015686275,441191699,189.5,1116.0
MOVE,0,1.0,0.015686275,441191707,189.5,1116.0
MOVE,0,1.0,0.015686275,441191716,189.5,1116.0
MOVE,0,1.0,0.015686275,441191724,189.5,1116.0
MOVE,0,1.0,0.015686275,441191732,189.5,1116.0
MOVE,0,1.0,0.015686275,441191741,189.5,1116.0
MOVE,0,1.0,0.015686275,441191749,189.5,1116.0
MOVE,0,1.0,0.015686275,441191757,189.5,1116.0
MOVE,0,1.0,0.015686275,441191766,189.5,1116.0
MOVE,0,1.0,0.015686275,441191774,189.5,1116.0
MOVE,0,1.0,0.015686275,441191782,189.5,1116.0
MOVE,0,1.0,0.015686275,441191791,189.5,1116.0
MOVE,0,1.0,0.015686275,441191799,189.5,1116.0
MOVE,0,1.0,0.015686275,441191807,189.5,1116.0
MOVE,0,1.0,0.015686275,441191816,189.5,1116.0
MOVE,0,1.0,0.013725491,441191824,187.29688,1116.0
MOVE,0,1.0,0.015686275,441191831,186.5,1116.0
MOVE,0,1.0,0.015686275,441191849,186.0,1116.0
MOVE,0,1.0,0.015686275,441191857,186.0,1116.0
MOVE,0,1.0,0.013725491,441191866,185.0,1116.7119
MOVE,0,1.0,0.013725491,441191874,185.0,1117.0
MOVE,0,1.0,0.013725491,441191882,185.0,1117.0
MOVE,0,1.0,0.015686275,441191891,185.0,1116.0
MOVE,0,1.0,0.015686275,441191899,185.0,1116.0
MOVE,0,1.0,0.015686275,441191907,185.0,1114.2803
MOVE,0,1.0,0.015686275,441191914,185.0,1113.5
MOVE,0,1.0,0.015686275,441191932,182.54102,1114.0
MOVE,0,1.0,0.015686275,441191941,181.27148,1115.457
MOVE,0,1.0,0.013725491,441191949,179.54785,1117.4521
MOVE,0,1.0,0.013725491,441191957,179.0,1118.7227
MOVE,0,1.0,0.013725491,441191966,179.0,1119.7197
MOVE,0,1.0,0.013725491,441191974,179.0,1120.0
MOVE,0,1.0,0.013725491,441191982,179.0,1120.0
MOVE,0,1.0,0.013725491,441191991,179.0,1120.0
MOVE,0,1.0,0.015686275,441191999,180.71484,1118.2852
MOVE,0,1.0,0.015686275,441192007,181.0,1118.0
MOVE,0,1.0,0.015686275,441192016,181.0,1118.0
MOVE,0,1.0,0.015686275,441192022,181.0,1116.5
MOVE,0,1.0,0.015686275,441192041,181.0,1116.5
MOVE,0,1.0,0.015686275,441192049,181.0,1116.5
MOVE,0,1.0,0.015686275,441192057,180.0,1117.0
MOVE,0,1.0,0.015686275,441192066,180.0,1117.0
MOVE,0,1.0,0.015686275,441192074,180.0,1117.0
MOVE,0,1.0,0.015686275,441192082,180.73047,1116.0
MOVE,0,1.0,0.015686275,441192091,181.73145,1115.2686
MOVE,0,1.0,0.015686275,441192099,182.69727,1114.3027
MOVE,0,1.0,0.015686275,441192107,184.42188,1113.2891
MOVE,0,1.0,0.015686275,441192116,185.0,1113.0
MOVE,0,1.0,0.015686275,441192124,185.0,1113.0
MOVE,0,1.0,0.015686275,441192132,186.0,1111.2637
MOVE,0,1.0,0.015686275,441192139,186.0,1110.5
MOVE,0,1.0,0.015686275,441192157,186.0,1110.5
MOVE,0,1.0,0.015686275,441192166,186.0,1110.5
MOVE,0,1.0,0.015686275,441192174,186.0,1110.5
MOVE,0,1.0,0.015686275,441192182,186.0,1110.5
MOVE,0,1.0,0.015686275,441192191,186.0,1110.5
MOVE,0,1.0,0.015686275,441192197,186.0,1112.5
MOVE,0,1.0,0.015686275,441192216,185.29004,1113.0
MOVE,0,1.0,0.015686275,441192224,185.0,1113.0
MOVE,0,1.0,0.015686275,441192232,185.0,1113.0
MOVE,0,1.0,0.015686275,441192241,184.0,1113.7188
MOVE,0,1.0,0.015686275,441192249,183.28125,1114.0
MOVE,0,1.0,0.015686275,441192256,182.5,1114.0
MOVE,0,1.0,0.015686275,441192274,182.5,1114.0
MOVE,0,1.0,0.015686275,441192282,182.5,1114.0
MOVE,0,1.0,0.015686275,441192291,182.5,1114.0
MOVE,0,1.0,0.015686275,441192297,181.5,1114.0
MOVE,0,1.0,0.015686275,441192316,181.5,1114.0
MOVE,0,1.0,0.015686275,441192324,181.5,1114.0
MOVE,0,1.0,0.015686275,441192332,181.5,1114.0
MOVE,0,1.0,0.015686275,441192341,181.5,1114.0
MOVE,0,1.0,0.015686275,441192349,181.5,1114.0
MOVE,0,1.0,0.015686275,441192357,181.5,1114.0
MOVE,0,1.0,0.015686275,441192366,181.5,1114.0
MOVE,0,1.0,0.015686275,441192374,181.5,1114.0
MOVE,0,1.0,0.015686275,441192382,181.5,1114.0
MOVE,0,1.0,0.015686275,441192391,181.5,1114.0
MOVE,0,1.0,0.015686275,441192399,181.5,1114.0
MOVE,0,1.0,0.015686275,441192407,181.5,1114.0
MOVE,0,1.0,0.015686275,441192416,181.5,1114.0
MOVE,0,1.0,0.015686275,441192424,181.5,1114.0
MOVE,0,1.0,0.015686275,441192432,181.5,1114.0
MOVE,0,1.0,0.015686275,441192441,181.5,1114.0
MOVE,0,1.0,0.015686275,441192449,181.5,1114.0
MOVE,0,1.0,0.015686275,441192457,181.5,1114.0
MOVE,0,1.0,0.015686275,441192466,181.5,1114.0
MOVE,0,1.0,0.015686275,441192472,182.0,1115.5
MOVE,0,1.0,0.015686275,441192491,181.0,1115.6855
MOVE,0,1.0,0.015686275,441192499,181.0,1116.0
MOVE,0,1.0,0.015686275,441192507,181.0,1116.0
MOVE,0,1.0,0.015686275,441192514,181.0,1117.5
MOVE,0,1.0,0.015686275,441192532,181.0,1117.5
MOVE,0,1.0,0.015686275,441192541,181.0,1117.5
MOVE,0,1.0,0.015686275,441192549,181.0,1117.5
MOVE,0,1.0,0.015686275,441192557,182.73047,1117.0
MOVE,0,1.0,0.015686275,441192566,183.72852,1116.2715
MOVE,0,1.0,0.015686275,441192574,184.72559,1115.2744
MOVE,0,1.0,0.015686275,441192581,185.5,1114.5
MOVE,0,1.0,0.015686275,441192599,186.0,1114.0
MOVE,0,1.0,0.015686275,441192607,186.0,1114.0
MOVE,0,1.0,0.015686275,441192614,186.0,1112.5
MOVE,0,1.0,0.015686275,441192632,186.0,1112.5
MOVE,0,1.0,0.015686275,441192641,186.0,1112.5
MOVE,0,1.0,0.015686275,441192649,186.0,1112.5
MOVE,0,1.0,0.015686275,441192657,186.0,1112.5
MOVE,0,1.0,0.015686275,441192666,186.0,1112.5
MOVE,0,1.0,0.015686275,441192672,184.5,1113.0
MOVE,0,1.0,0.015686275,441192691,184.5,1113.0
MOVE,0,1.0,0.015686275,441192699,184.5,1113.0
MOVE,0,1.0,0.015686275,441192707,184.5,1113.0
MOVE,0,1.0,0.015686275,441192716,184.5,1113.0
MOVE,0,1.0,0.015686275,441192724,184.5,1113.0
MOVE,0,1.0,0.015686275,441192732,184.5,1113.0
MOVE,0,1.0,0.015686275,441192741,184.5,1113.0
MOVE,0,1.0,0.015686275,441192749,184.5,1113.0
MOVE,0,1.0,0.015686275,441192757,184.5,1113.0
MOVE,0,1.0,0.015686275,441192766,184.5,1113.0
MOVE,0,1.0,0.015686275,441192774,184.5,1113.0
MOVE,0,1.0,0.015686275,441192781,185.0,1111.5
MOVE,0,1.0,0.015686275,441192799,185.0,1111.5
MOVE,0,1.0,0.015686275,441192807,185.0,1111.5
MOVE,0,1.0,0.015686275,441192816,185.0,1111.5
MOVE,0,1.0,0.015686275,441192822,186.5,1112.0
MOVE,0,1.0,0.015686275,441192841,186.71191,1111.0
MOVE,0,1.0,0.015686275,441192849,187.0,1111.0
MOVE,0,1.0,0.015686275,441192857,187.0,1111.0
MOVE,0,1.0,0.015686275,441192866,187.0,1111.0
MOVE,0,1.0,0.015686275,441192874,187.0,1111.0
MOVE,0,1.0,0.015686275,441192881,188.5,1111.0
MOVE,0,1.0,0.015686275,441192899,188.5,1111.0
MOVE,0,1.0,0.015686275,441192907,188.5,1111.0
MOVE,0,1.0,0.015686275,441192916,188.5,1111.0
MOVE,0,1.0,0.015686275,441192924,188.5,1111.0
MOVE,0,1.0,0.015686275,441192932,188.5,1111.0
MOVE,0,1.0,0.015686275,441192941,188.5,1111.0
MOVE,0,1.0,0.015686275,441192949,188.5,1111.0
MOVE,0,1.0,0.015686275,441192957,188.5,1111.0
MOVE,0,1.0,0.015686275,441192966,188.5,1111.0
MOVE,0,1.0,0.015686275,441192974,188.5,1111.0
MOVE,0,1.0,0.015686275,441192982,188.5,1111.0
MOVE,0,1.0,0.015686275,441192991,188.5,1111.0
MOVE,0,1.0,0.015686275,441192999,188.5,1111.0
MOVE,0,1.0,0.015686275,441193007,188.5,1111.0
MOVE,0,1.0,0.015686275,441193016,188.0,1110.0
MOVE,0,1.0,0.015686275,441193024,188.0,1110.0
MOVE,0,1.0,0.015686275,441193032,188.0,1110.0
MOVE,0,1.0,0.015686275,441193041,189.72559,1108.2744
MOVE,0,1.0,0.015686275,441193049,190.73438,1108.0
MOVE,0,1.0,0.015686275,441193057,191.72656,1108.0
MOVE,0,1.0,0.015686275,441193066,192.72949,1108.0
MOVE,0,1.0,0.015686275,441193074,193.0,1108.0
MOVE,0,1.0,0.015686275,441193082,193.0,1108.0
MOVE,0,1.0,0.015686275,441193091,193.0,1108.0
MOVE,0,1.0,0.013725491,441193099,192.28027,1110.4385
MOVE,0,1.0,0.013725491,441193107,190.58105,1111.71
MOVE,0,1.0,0.013725491,441193116,188.58301,1112.709
MOVE,0,1.0,0.015686275,441193124,187.27344,1113.0
MOVE,0,1.0,0.015686275,441193132,186.26855,1113.0
MOVE,0,1.0,0.013725491,441193141,185.27637,1113.0
MOVE,0,1.0,0.015686275,441193149,185.0,1113.0
MOVE,0,1.0,0.015686275,441193157,185.0,1113.0
MOVE,0,1.0,0.015686275,441193166,181.53711,1112.0
MOVE,0,1.0,0.01764706,441193174,179.54688,1112.0
MOVE,0,1.0,0.01764706,441193182,178.27344,1111.2734
MOVE,0,1.0,0.01764706,441193191,177.28027,1111.0
MOVE,0,1.0,0.01764706,441193199,176.28027,1111.0
MOVE,0,1.0,0.01764706,441193206,175.5,1111.0
MOVE,0,1.0,0.01764706,441193224,175.5,1111.0
MOVE,0,1.0,0.015686275,441193232,177.71484,1109.2852
MOVE,0,1.0,0.015686275,441193241,179.43945,1108.2803
MOVE,0,1.0,0.015686275,441193249,181.44434,1107.2773
MOVE,0,1.0,0.015686275,441193257,182.70898,1106.292
MOVE,0,1.0,0.015686275,441193266,183.7168,1105.2832
MOVE,0,1.0,0.015686275,441193274,185.44922,1104.2754
MOVE,0,1.0,0.015686275,441193282,186.71973,1104.0
MOVE,0,1.0,0.015686275,441193289,187.5,1104.0
MOVE,0,1.0,0.015686275,441193307,187.0,1103.0
MOVE,0,1.0,0.015686275,441193316,187.0,1103.0
MOVE,0,1.0,0.015686275,441193322,188.5,1103.0
MOVE,0,1.0,0.015686275,441193341,188.5,1103.0
MOVE,0,1.0,0.015686275,441193349,188.5,1103.0
MOVE,0,1.0,0.015686275,441193357,188.5,1103.0
MOVE,0,1.0,0.015686275,441193366,188.5,1103.0
MOVE,0,1.0,0.015686275,441193374,188.5,1103.0
MOVE,0,1.0,0.015686275,441193382,188.5,1103.0
MOVE,0,1.0,0.015686275,441193391,188.5,1103.0
MOVE,0,1.0,0.015686275,441193399,188.5,1103.0
MOVE,0,1.0,0.015686275,441193407,188.5,1103.0
MOVE,0,1.0,0.015686275,441193416,188.5,1103.0
MOVE,0,1.0,0.015686275,441193424,188.5,1103.0
MOVE,0,1.0,0.015686275,441193431,189.5,1103.0
MOVE,0,1.0,0.015686275,441193449,189.5,1103.0
MOVE,0,1.0,0.015686275,441193457,189.5,1103.0
MOVE,0,1.0,0.015686275,441193466,189.5,1103.0
MOVE,0,1.0,0.015686275,441193474,189.5,1103.0
MOVE,0,1.0,0.015686275,441193482,189.5,1103.0
MOVE,0,1.0,0.015686275,441193491,189.5,1103.0
MOVE,0,1.0,0.015686275,441193499,189.5,1103.0
MOVE,0,1.0,0.015686275,441193507,189.5,1103.0
MOVE,0,1.0,0.015686275,441193516,189.5,1103.0
MOVE,0,1.0,0.015686275,441193524,189.5,1103.0
MOVE,0,1.0,0.015686275,441193532,189.5,1103.0
MOVE,0,1.0,0.015686275,441193541,189.5,1103.0
MOVE,0,1.0,0.015686275,441193549,189.5,1103.0
MOVE,0,1.0,0.015686275,441193557,189.5,1103.0
MOVE,0,1.0,0.015686275,441193566,189.5,1103.0
MOVE,0,1.0,0.015686275,441193574,189.5,1103.0
MOVE,0,1.0,0.015686275,441193582,189.5,1103.0
MOVE,0,1.0,0.015686275,441193591,189.5,1103.0
MOVE,0,1.0,0.015686275,441193599,189.5,1103.0
MOVE,0,1.0,0.015686275,441193607,189.5,1103.0
MOVE,0,1.0,0.015686275,441193616,190.0,1104.0
MOVE,0,1.0,0.015686275,441193624,190.0,1104.0
MOVE,0,1.0,0.015686275,441193632,190.0,1104.0
MOVE,0,1.0,0.015686275,441193641,190.0,1104.0
MOVE,0,1.0,0.015686275,441193649,190.0,1104.0
MOVE,0,1.0,0.015686275,441193657,190.0,1104.0
MOVE,0,1.0,0.015686275,441193666,190.0,1104.0
MOVE,0,1.0,0.015686275,441193674,190.0,1104.0
MOVE,0,1.0,0.015686275,441193682,190.0,1104.0
MOVE,0,1.0,0.015686275,441193691,190.0,1104.0
MOVE,0,1.0,0.015686275,441193699,190.0,1104.0
MOVE,0,1.0,0.015686275,441193707,190.0,1104.0
MOVE,0,1.0,0.015686275,441193716,190.0,1104.0
MOVE,0,1.0,0.015686275,441193724,190.0,1104.0
MOVE,0,1.0,0.015686275,441193732,190.0,1104.0
MOVE,0,1.0,0.015686275,441193741,190.0,1104.0
MOVE,0,1.0,0.015686275,441193749,190.0,1104.0
MOVE,0,1.0,0.015686275,441193757,190.0,1104.0
MOVE,0,1.0,0.015686275,441193766,190.0,1104.0
MOVE,0,1.0,0.015686275,441193774,191.0,1103.2764
MOVE,0,1.0,0.015686275,441193782,191.0,1103.0
MOVE,0,1.0,0.015686275,441193791,191.0,1103.0
MOVE,0,1.0,0.015686275,441193797,192.5,1103.0
MOVE,0,1.0,0.015686275,441193816,192.0,1102.0
MOVE,0,1.0,0.015686275,441193824,192.0,1102.0
MOVE,0,1.0,0.015686275,441193832,192.0,1102.0
MOVE,0,1.0,0.015686275,441193841,192.0,1102.0
MOVE,0,1.0,0.015686275,441193849,192.0,1102.0
MOVE,0,1.0,0.015686275,441193857,192.0,1102.0
MOVE,0,1.0,0.015686275,441193866,192.0,1102.0
MOVE,0,1.0,0.015686275,441193874,192.0,1102.0
MOVE,0,1.0,0.015686275,441193882,192.0,1102.0
MOVE,0,1.0,0.015686275,441193891,192.0,1102.0
MOVE,0,1.0,0.015686275,441193899,192.0,1102.0
MOVE,0,1.0,0.015686275,441193907,192.0,1102.0
MOVE,0,1.0,0.015686275,441193916,192.0,1102.0
MOVE,0,1.0,0.015686275,441193924,192.0,1102.0
MOVE,0,1.0,0.015686275,441193932,192.0,1102.0
MOVE,0,1.0,0.015686275,441193941,192.0,1102.0
MOVE,0,1.0,0.015686275,441193949,192.0,1102.0
MOVE,0,1.0,0.015686275,441193957,192.0,1102.0
MOVE,0,1.0,0.015686275,441193966,192.0,1102.0
MOVE,0,1.0,0.015686275,441193974,192.0,1102.0
MOVE,0,1.0,0.015686275,441193982,192.0,1102.0
MOVE,0,1.0,0.015686275,441193991,192.0,1102.0
MOVE,0,1.0,0.015686275,441193997,192.0,1100.5
MOVE,0,1.0,0.015686275,441194016,190.29004,1100.29
MOVE,0,1.0,0.015686275,441194024,189.27539,1100.0
MOVE,0,1.0,0.015686275,441194032,187.5332,1100.0
MOVE,0,1.0,0.015686275,441194041,185.5293,1100.0
MOVE,0,1.0,0.015686275,441194049,182.04492,1098.5225
MOVE,0,1.0,0.01764706,441194057,178.82324,1096.5488
MOVE,0,1.0,0.01764706,441194066,175.81934,1093.8193
MOVE,0,1.0,0.01764706,441194074,172.1084,1090.831
MOVE,0,1.0,0.01764706,441194082,169.54199,1086.3564
MOVE,0,1.0,0.01764706,441194091,166.83789,1079.9541
MOVE,0,1.0,0.015686275,441194099,163.82031,1072.9141
MOVE,0,1.0,0.015686275,441194107,160.82227,1064.4678
MOVE,0,1.0,0.015686275,441194116,157.80957,1054.7002
MOVE,0,1.0,0.01764706,441194124,154.81836,1044.7285
MOVE,0,1.0,0.01764706,441194132,152.56738,1033.4062
MOVE,0,1.0,0.015686275,441194141,149.87012,1022.18945
MOVE,0,1.0,0.015686275,441194149,146.83496,1013.2256
MOVE,0,1.0,0.015686275,441194157,145.27344,1004.45996
MOVE,0,1.0,0.015686275,441194166,144.26172,994.61523
MOVE,0,1.0,0.015686275,441194174,143.26465,986.11523
MOVE,0,1.0,0.015686275,441194182,142.27344,978.18945
MOVE,0,1.0,0.015686275,441194191,141.2666,970.8633
MOVE,0,1.0,0.015686275,441194199,139.5498,963.9248
MOVE,0,1.0,0.015686275,441194207,137.53906,957.6162
MOVE,0,1.0,0.015686275,441194216,134.79785,950.8623
MOVE,0,1.0,0.015686275,441194224,131.83789,944.6758
MOVE,0,1.0,0.01764706,441194232,128.85938,938.71875
MOVE,0,1.0,0.015686275,441194241,125.12891,932.69336
MOVE,0,1.0,0.015686275,441194249,120.396484,925.9551
MOVE,0,1.0,0.015686275,441194257,114.74512,919.03613
MOVE,0,1.0,0.015686275,441194266,108.0791,910.67285
MOVE,0,1.0,0.013725491,441194274,101.02637,901.60547
MOVE,0,1.0,0.013725491,441194282,93.25293,891.09766
MOVE,0,1.0,0.011764707,441194291,85.21094,880.04004
MOVE,0,1.0,0.015686275,441194299,77.288086,868.43164
MOVE,0,1.0,0.013725491,441194307,69.94922,857.0625
MOVE,0,1.0,0.013725491,441194316,63.67285,846.0674
MOVE,0,1.0,0.011764707,441194324,58.381836,835.76465
MOVE,0,1.0,0.011764707,441194332,54.118164,827.2363
MOVE,0,1.0,0.011764707,441194341,51.566406,819.98145
MOVE,0,1.0,0.011764707,441194349,49.59668,814.4912
MOVE,0,1.0,0.009803922,441194357,47.567383,809.41895
MOVE,0,1.0,0.009803922,441194366,46.277344,805.83203
MOVE,0,1.0,0.009803922,441194374,46.0,802.875
MOVE,0,1.0,0.009803922,441194382,46.0,800.55664
MOVE,0,1.0,0.011764707,441194391,46.0,798.54297
MOVE,0,1.0,0.011764707,441194399,46.0,797.30566
MOVE,0,1.0,0.011764707,441194407,46.708008,795.58496
MOVE,0,1.0,0.011764707,441194416,47.726562,794.27344
MOVE,0,1.0,0.011764707,441194424,48.722656,793.27734
MOVE,0,1.0,0.011764707,441194432,49.713867,792.2871
MOVE,0,1.0,0.011764707,441194441,50.72168,791.2783
MOVE,0,1.0,0.011764707,441194449,51.0,789.54785
MOVE,0,1.0,0.011764707,441194457,51.0,788.29395
MOVE,0,1.0,0.011764707,441194466,51.0,787.2871
MOVE,0,1.0,0.011764707,441194474,51.0,785.55176
MOVE,0,1.0,0.011764707,441194482,51.0,784.26953
MOVE,0,1.0,0.011764707,441194491,51.0,783.26855
MOVE,0,1.0,0.011764707,441194499,51.0,781.5342
MOVE,0,1.0,0.011764707,441194507,50.282227,780.2822
MOVE,0,1.0,0.011764707,441194516,49.28125,778.5625
MOVE,0,1.0,0.011764707,441194524,48.277344,777.27734
MOVE,0,1.0,0.011764707,441194532,48.0,775.5469
MOVE,0,1.0,0.011764707,441194541,48.0,773.5586
MOVE,0,1.0,0.011764707,441194549,48.0,771.5615
MOVE,0,1.0,0.011764707,441194557,48.0,770.28516
MOVE,0,1.0,0.011764707,441194566,48.0,769.28125
MOVE,0,1.0,0.011764707,441194574,48.0,768.2871
MOVE,0,1.0,0.011764707,441194582,48.0,767.291
MOVE,0,1.0,0.011764707,441194591,48.0,765.58203
MOVE,0,1.0,0.011764707,441194599,48.0,764.2783
MOVE,0,1.0,0.011764707,441194607,48.0,762.54004
MOVE,0,1.0,0.011764707,441194616,47.26465,760.5303
MOVE,0,1.0,0.011764707,441194624,45.52539,757.0498
MOVE,0,1.0,0.011764707,441194632,42.780273,752.3008
MOVE,0,1.0,0.009803922,441194641,37.5791,746.5791
MOVE,0,1.0,0.011764707,441194649,31.673828,739.2324
MOVE,0,1.0,0.011764707,441194657,23.463867,729.7373
MOVE,0,1.0,0.011764707,441194666,12.395508,718.3955
MOVE,0,1.0,0.007843138,441194674,8.2890625,706.4668
MOVE,0,1.0,0.007843138,441194676,8.0,703.0
UP,0,1.0,0.007843138,441194685,8.0,703.0
DOWN,0,1.0,0.009803922,441195035,722.0,1593.0
MOVE,0,1.0,0.013725491,441195049,718.0947,1591.5469
MOVE,0,1.0,0.013725491,441195057,714.8301,1590.2764
MOVE,0,1.0,0.013725491,441195066,712.5791,1589.29
MOVE,0,1.0,0.013725491,441195074,711.292,1587.585
MOVE,0,1.0,0.013725491,441195082,711.0,1584.9336
MOVE,0,1.0,0.013725491,441195091,711.0,1581.2119
MOVE,0,1.0,0.013725491,441195099,711.69434,1577.918
MOVE,0,1.0,0.013725491,441195107,712.0,1574.9141
MOVE,0,1.0,0.013725491,441195116,713.4082,1565.5488
MOVE,0,1.0,0.013725491,441195124,717.5996,1544.7207
MOVE,0,1.0,0.015686275,441195132,723.33105,1515.6211
MOVE,0,1.0,0.011764707,441195141,729.3203,1483.957
MOVE,0,1.0,0.011764707,441195149,736.0469,1454.0928
MOVE,0,1.0,0.015686275,441195157,742.3242,1426.54
MOVE,0,1.0,0.011764707,441195166,747.4844,1402.9717
MOVE,0,1.0,0.015686275,441195174,752.5586,1381.7666
MOVE,0,1.0,0.015686275,441195182,756.85254,1364.5908
MOVE,0,1.0,0.015686275,441195191,760.8291,1350.0996
MOVE,0,1.0,0.015686275,441195199,764.8662,1338.1172
MOVE,0,1.0,0.015686275,441195207,769.5801,1328.5557
MOVE,0,1.0,0.015686275,441195216,773.86914,1319.544
MOVE,0,1.0,0.015686275,441195224,777.80273,1311.3945
MOVE,0,1.0,0.015686275,441195232,782.3711,1303.6074
MOVE,0,1.0,0.015686275,441195241,786.1172,1296.0586
MOVE,0,1.0,0.015686275,441195249,789.8662,1290.417
MOVE,0,1.0,0.013725491,441195257,793.1338,1284.7324
MOVE,0,1.0,0.011764707,441195266,796.1738,1278.6533
MOVE,0,1.0,0.011764707,441195274,799.1865,1273.3564
MOVE,0,1.0,0.011764707,441195282,802.1836,1267.6338
MOVE,0,1.0,0.011764707,441195291,805.18164,1262.3633
MOVE,0,1.0,0.011764707,441195299,807.4502,1257.375
MOVE,0,1.0,0.013725491,441195307,809.4385,1253.123
MOVE,0,1.0,0.013725491,441195316,811.458,1249.8135
MOVE,0,1.0,0.015686275,441195324,812.7217,1246.834
MOVE,0,1.0,0.015686275,441195332,813.0,1243.8379
MOVE,0,1.0,0.015686275,441195341,813.0,1240.8262
MOVE,0,1.0,0.015686275,441195349,813.7256,1238.5488
MOVE,0,1.0,0.015686275,441195357,814.0,1236.543
MOVE,0,1.0,0.015686275,441195366,814.71875,1234.5625
MOVE,0,1.0,0.015686275,441195374,815.7158,1233.2842
MOVE,0,1.0,0.015686275,441195382,816.7207,1231.5586
MOVE,0,1.0,0.015686275,441195391,817.7158,1229.5684
MOVE,0,1.0,0.015686275,441195399,819.45996,1228.2695
MOVE,0,1.0,0.015686275,441195407,820.7256,1226.5479
MOVE,0,1.0,0.015686275,441195416,822.4297,1224.5703
MOVE,0,1.0,0.015686275,441195424,824.4248,1222.5752
MOVE,0,1.0,0.015686275,441195432,826.44336,1221.2783
MOVE,0,1.0,0.015686275,441195441,827.73047,1220.2695
MOVE,0,1.0,0.015686275,441195449,830.1875,1218.541
MOVE,0,1.0,0.015686275,441195457,832.44336,1216.5566
MOVE,0,1.0,0.015686275,441195466,834.44336,1215.2783
MOVE,0,1.0,0.01764706,441195474,836.4424,1213.5576
MOVE,0,1.0,0.01764706,441195482,837.7207,1211.5576
MOVE,0,1.0,0.01764706,441195491,839.42676,1209.5732
MOVE,0,1.0,0.01764706,441195499,840.71875,1207.5625
MOVE,0,1.0,0.01764706,441195507,841.7256,1204.8242
MOVE,0,1.0,0.01764706,441195516,842.72266,1202.5537
MOVE,0,1.0,0.015686275,441195524,843.0,1199.8252
MOVE,0,1.0,0.015686275,441195532,844.459,1196.8125
MOVE,0,1.0,0.015686275,441195541,845.7256,1194.5498
MOVE,0,1.0,0.015686275,441195549,846.72656,1192.5459
MOVE,0,1.0,0.015686275,441195557,848.43945,1190.5605
MOVE,0,1.0,0.015686275,441195566,850.4414,1187.8379
MOVE,0,1.0,0.013725491,441195574,852.41797,1184.873
MOVE,0,1.0,0.013725491,441195582,854.4336,1182.5664
MOVE,0,1.0,0.013725491,441195591,856.44727,1180.5527
MOVE,0,1.0,0.013725491,441195599,858.4531,1178.5469
MOVE,0,1.0,0.013725491,441195607,859.7295,1175.8115
MOVE,0,1.0,0.013725491,441195616,862.83203,1173.584
MOVE,0,1.0,0.013725491,441195624,866.1328,1172.2891
MOVE,0,1.0,0.013725491,441195632,869.8623,1170.5693
MOVE,0,1.0,0.015686275,441195641,873.1455,1168.5693
MOVE,0,1.0,0.015686275,441195649,876.88965,1166.5547
MOVE,0,1.0,0.015686275,441195657,880.87695,1163.8428
MOVE,0,1.0,0.015686275,441195666,884.1709,1161.5527
MOVE,0,1.0,0.015686275,441195674,887.91797,1159.541
MOVE,0,1.0,0.015686275,441195682,891.1875,1157.541
MOVE,0,1.0,0.015686275,441195691,894.16406,1156.2783
MOVE,0,1.0,0.015686275,441195699,897.1709,1155.2764
MOVE,0,1.0,0.013725491,441195707,899.4512,1154.2744
MOVE,0,1.0,0.01764706,441195716,901.46387,1153.2676
MOVE,0,1.0,0.01764706,441195724,903.46875,1151.5312
MOVE,0,1.0,0.01764706,441195732,905.46387,1149.5361
MOVE,0,1.0,0.015686275,441195741,907.458,1147.542
MOVE,0,1.0,0.015686275,441195749,909.459,1144.8115
MOVE,0,1.0,0.015686275,441195757,910.72656,1141.8203
MOVE,0,1.0,0.015686275,441195766,911.72754,1139.544
MOVE,0,1.0,0.015686275,441195774,912.7168,1137.5674
MOVE,0,1.0,0.015686275,441195782,914.4453,1134.833
MOVE,0,1.0,0.013725491,441195791,915.72266,1132.5547
MOVE,0,1.0,0.013725491,441195799,916.7207,1131.2793
MOVE,0,1.0,0.013725491,441195807,917.7178,1130.2822
MOVE,0,1.0,0.013725491,441195816,918.7197,1128.5596
MOVE,0,1.0,0.013725491,441195824,920.459,1127.2705
MOVE,0,1.0,0.013725491,441195832,921.73145,1125.5371
MOVE,0,1.0,0.013725491,441195841,922.73047,1124.2695
MOVE,0,1.0,0.013725491,441195849,923.0,1123.2666
MOVE,0,1.0,0.013725491,441195855,923.0,1122.5
MOVE,0,1.0,0.013725491,441195874,923.0,1122.5
MOVE,0,1.0,0.011764707,441195882,910.00195,1138.1787
MOVE,0,1.0,0.015686275,441195891,891.14355,1160.0186
MOVE,0,1.0,0.011764707,441195899,861.99023,1194.3242
MOVE,0,1.0,0.015686275,441195907,830.10547,1240.9766
MOVE,0,1.0,0.013725491,441195916,793.834,1303.499
MOVE,0,1.0,0.015686275,441195924,758.39844,1367.2832
MOVE,0,1.0,0.015686275,441195927,748.0,1386.0
UP,0,1.0,0.015686275,441195935,748.0,1386.0
DOWN,0,1.0,0.011764707,441196292,888.0,1197.0
MOVE,0,1.0,0.011764707,441196307,883.8242,1200.9697
MOVE,0,1.0,0.015686275,441196316,879.3594,1207.9209
MOVE,0,1.0,0.011764707,441196324,873.1748,1222.3408
MOVE,0,1.0,0.011764707,441196332,863.09766,1245.6787
MOVE,0,1.0,0.015686275,441196341,850.02734,1281.4922
MOVE,0,1.0,0.015686275,441196349,833.70215,1332.7891
MOVE,0,1.0,0.011764707,441196357,817.4717,1396.2764
MOVE,0,1.0,0.009803922,441196366,801.4629,1469.8018
MOVE,0,1.0,0.015686275,441196374,757.0537,1680.0312
MOVE,0,1.0,0.015686275,441196376,741.0,1756.0
UP,0,1.0,0.015686275,441196385,741.0,1756.0
MOVE,0,1.0,0.013725491,441196924,764.6074,1539.5723
MOVE,0,1.0,0.013725491,441196932,774.1211,1504.3643
MOVE,0,1.0,0.011764707,441196941,786.333,1463.8467
MOVE,0,1.0,0.009803922,441196949,803.7705,1415.7617
MOVE,0,1.0,0.015686275,441196957,827.499,1361.4443
MOVE,0,1.0,0.013725491,441196966,898.66504,1204.2305
MOVE,0,1.0,0.013725491,441196968,925.0,1146.0
UP,0,1.0,0.013725491,441196977,925.0,1146.0
DOWN,0,1.0,0.011764707,441197200,783.0,1366.0
MOVE,0,1.0,0.015686275,441197216,783.0,1366.0
MOVE,0,1.0,0.015686275,441197224,783.0,1366.0
MOVE,0,1.0,0.015686275,441197232,783.0,1366.0
MOVE,0,1.0,0.015686275,441197241,783.0,1366.0
MOVE,0,1.0,0.015686275,441197249,783.0,1366.0
MOVE,0,1.0,0.015686275,441197257,783.0,1366.0
MOVE,0,1.0,0.015686275,441197266,783.0,1366.0
MOVE,0,1.0,0.015686275,441197274,783.0,1366.0
MOVE,0,1.0,0.015686275,441197282,783.0,1366.0
MOVE,0,1.0,0.015686275,441197291,783.0,1366.0
MOVE,0,1.0,0.015686275,441197299,783.0,1366.0
MOVE,0,1.0,0.015686275,441197307,783.0,1366.0
MOVE,0,1.0,0.015686275,441197316,783.0,1366.0
MOVE,0,1.0,0.015686275,441197324,783.0,1366.0
MOVE,0,1.0,0.015686275,441197332,783.0,1366.0
MOVE,0,1.0,0.015686275,441197341,783.0,1366.0
MOVE,0,1.0,0.015686275,441197349,783.0,1366.0
MOVE,0,1.0,0.015686275,441197357,783.0,1366.0
MOVE,0,1.0,0.015686275,441197366,783.0,1366.0
MOVE,0,1.0,0.015686275,441197374,783.0,1366.0
MOVE,0,1.0,0.015686275,441197382,783.0,1366.0
MOVE,0,1.0,0.015686275,441197391,783.0,1366.0
MOVE,0,1.0,0.015686275,441197399,783.0,1366.0
MOVE,0,1.0,0.015686275,441197407,783.0,1366.0
MOVE,0,1.0,0.015686275,441197416,783.0,1366.0
MOVE,0,1.0,0.015686275,441197424,783.0,1366.0
MOVE,0,1.0,0.015686275,441197432,783.0,1366.0
MOVE,0,1.0,0.015686275,441197441,783.0,1366.0
MOVE,0,1.0,0.015686275,441197449,783.0,1366.0
MOVE,0,1.0,0.015686275,441197457,783.0,1366.0
MOVE,0,1.0,0.015686275,441197466,783.0,1366.0
MOVE,0,1.0,0.015686275,441197474,783.0,1366.0
MOVE,0,1.0,0.015686275,441197482,783.0,1366.0
MOVE,0,1.0,0.015686275,441197491,783.0,1366.0
MOVE,0,1.0,0.015686275,441197499,783.0,1366.0
MOVE,0,1.0,0.015686275,441197507,783.0,1366.0
MOVE,0,1.0,0.015686275,441197516,783.0,1366.0
MOVE,0,1.0,0.015686275,441197524,783.0,1366.0
MOVE,0,1.0,0.015686275,441197532,783.0,1366.0
MOVE,0,1.0,0.015686275,441197541,783.0,1366.0
MOVE,0,1.0,0.015686275,441197549,783.0,1366.0
MOVE,0,1.0,0.015686275,441197557,783.0,1366.0
MOVE,0,1.0,0.015686275,441197566,783.0,1366.0
MOVE,0,1.0,0.015686275,441197574,783.0,1366.0
MOVE,0,1.0,0.015686275,441197582,783.0,1366.0
MOVE,0,1.0,0.015686275,441197591,783.0,1366.0
MOVE,0,1.0,0.015686275,441197599,783.0,1366.0
MOVE,0,1.0,0.015686275,441197607,783.0,1366.0
MOVE,0,1.0,0.015686275,441197616,783.0,1366.0
MOVE,0,1.0,0.015686275,441197624,783.0,1366.0
MOVE,0,1.0,0.015686275,441197632,783.0,1366.0
MOVE,0,1.0,0.015686275,441197641,783.0,1366.0
MOVE,0,1.0,0.015686275,441197649,783.0,1366.0
MOVE,0,1.0,0.015686275,441197657,783.0,1366.0
MOVE,0,1.0,0.015686275,441197666,783.0,1366.0
MOVE,0,1.0,0.015686275,441197674,783.0,1365.0
MOVE,0,1.0,0.015686275,441197682,783.0,1365.0
MOVE,0,1.0,0.015686275,441197691,783.0,1362.6016
MOVE,0,1.0,0.015686275,441197699,783.71484,1360.5703
MOVE,0,1.0,0.015686275,441197707,785.4512,1357.0977
MOVE,0,1.0,0.015686275,441197716,787.44824,1353.1045
MOVE,0,1.0,0.011764707,441197724,790.14746,1349.1377
MOVE,0,1.0,0.011764707,441197732,792.4463,1345.1074
MOVE,0,1.0,0.011764707,441197741,794.4453,1341.832
MOVE,0,1.0,0.011764707,441197749,797.0967,1336.8066
MOVE,0,1.0,0.011764707,441197757,800.82324,1329.3535
MOVE,0,1.0,0.011764707,441197766,805.66113,1320.4102
MOVE,0,1.0,0.015686275,441197774,810.64746,1311.4336
MOVE,0,1.0,0.015686275,441197782,815.62695,1302.4717
MOVE,0,1.0,0.015686275,441197791,821.3291,1293.5059
MOVE,0,1.0,0.015686275,441197799,826.6123,1285.2207
MOVE,0,1.0,0.015686275,441197807,831.5791,1277.2734
MOVE,0,1.0,0.013725491,441197816,837.32227,1270.6787
MOVE,0,1.0,0.011764707,441197824,842.6035,1264.6758
MOVE,0,1.0,0.011764707,441197832,847.6426,1259.3574
MOVE,0,1.0,0.011764707,441197841,852.6582,1255.8057
MOVE,0,1.0,0.011764707,441197849,856.8906,1252.832
MOVE,0,1.0,0.011764707,441197857,860.875,1249.8438
MOVE,0,1.0,0.011764707,441197866,863.4336,1247.5664
MOVE,0,1.0,0.013725491,441197874,865.4336,1244.8496
MOVE,0,1.0,0.013725491,441197882,868.15234,1241.8477
MOVE,0,1.0,0.013725491,441197891,870.42676,1238.8604
MOVE,0,1.0,0.015686275,441197899,873.14844,1236.5674
MOVE,0,1.0,0.015686275,441197907,875.45215,1233.8223
MOVE,0,1.0,0.015686275,441197916,876.72754,1231.5459
MOVE,0,1.0,0.015686275,441197924,877.65234,1229.044
MOVE,0,1.0,0.015686275,441197932,879.3721,1225.2559
MOVE,0,1.0,0.015686275,441197935,880.0,1224.0
UP,0,1.0,0.015686275,441197943,880.0,1224.0
DOWN,0,1.0,0.009803922,441202379,735.0,1589.0
MOVE,0,1.0,0.011764707,441202399,735.0,1589.0
MOVE,0,1.0,0.011764707,441202408,735.0,1589.0
MOVE,0,1.0,0.011764707,441202416,735.0,1589.0
MOVE,0,1.0,0.009803922,441202424,737.42285,1586.8652
MOVE,0,1.0,0.011764707,441202433,740.8574,1580.2852
MOVE,0,1.0,0.011764707,441202441,744.14355,1571.5693
MOVE,0,1.0,0.009803922,441202449,747.1494,1558.9707
MOVE,0,1.0,0.009803922,441202458,752.26855,1539.3496
MOVE,0,1.0,0.013725491,441202466,757.4385,1517.1816
MOVE,0,1.0,0.013725491,441202474,761.81445,1494.5186
MOVE,0,1.0,0.013725491,441202483,765.1221,1473.1436
MOVE,0,1.0,0.013725491,441202491,768.1299,1454.2197
MOVE,0,1.0,0.013725491,441202499,771.13965,1436.8779
MOVE,0,1.0,0.015686275,441202508,773.4336,1421.9639
MOVE,0,1.0,0.013725491,441202516,775.4365,1408.6611
MOVE,0,1.0,0.013725491,441202524,777.4297,1395.709
MOVE,0,1.0,0.011764707,441202533,780.12305,1383.5088
MOVE,0,1.0,0.011764707,441202541,783.13477,1371.46
MOVE,0,1.0,0.015686275,441202549,786.1338,1360.8877
MOVE,0,1.0,0.015686275,441202558,789.13477,1353.7305
MOVE,0,1.0,0.009803922,441202566,791.4287,1348.4277
MOVE,0,1.0,0.011764707,441202574,792.0,1344.8574
MOVE,0,1.0,0.011764707,441202583,792.0,1342.543
MOVE,0,1.0,0.011764707,441202591,792.0,1339.8135
MOVE,0,1.0,0.011764707,441202599,792.0,1337.5566
MOVE,0,1.0,0.011764707,441202608,792.7041,1335.5918
MOVE,0,1.0,0.011764707,441202616,793.0,1334.2871
MOVE,0,1.0,0.011764707,441202624,794.4375,1331.8447
MOVE,0,1.0,0.011764707,441202633,796.4414,1329.5586
MOVE,0,1.0,0.011764707,441202641,797.0,1327.54
MOVE,0,1.0,0.011764707,441202649,797.72656,1324.8203
MOVE,0,1.0,0.011764707,441202658,798.7158,1322.5684
MOVE,0,1.0,0.011764707,441202666,799.0,1320.5693
MOVE,0,1.0,0.011764707,441202674,799.0,1318.5518
MOVE,0,1.0,0.011764707,441202683,799.0,1316.5762
MOVE,0,1.0,0.011764707,441202691,799.6885,1314.624
MOVE,0,1.0,0.011764707,441202699,800.0,1313.291
MOVE,0,1.0,0.011764707,441202708,800.709,1312.291
MOVE,0,1.0,0.011764707,441202716,801.0,1310.5742
MOVE,0,1.0,0.011764707,441202724,801.7178,1309.2832
MOVE,0,1.0,0.011764707,441202733,803.4531,1306.8203
MOVE,0,1.0,0.011764707,441202741,806.16406,1303.8359
MOVE,0,1.0,0.015686275,441202749,809.18066,1300.0928
MOVE,0,1.0,0.015686275,441202758,813.5791,1294.706
MOVE,0,1.0,0.015686275,441202766,820.0625,1287.9375
MOVE,0,1.0,0.015686275,441202774,827.0381,1278.083
MOVE,0,1.0,0.013725491,441202783,833.9414,1267.2344
MOVE,0,1.0,0.011764707,441202791,842.38965,1254.7705
MOVE,0,1.0,0.011764707,441202799,852.96875,1240.8584
MOVE,0,1.0,0.013725491,441202808,864.06836,1225.2646
MOVE,0,1.0,0.011764707,441202816,876.5791,1208.4736
MOVE,0,1.0,0.013725491,441202824,889.50195,1191.5752
MOVE,0,1.0,0.015686275,441202833,902.4717,1176.0703
MOVE,0,1.0,0.013725491,441202841,914.0449,1161.7607
MOVE,0,1.0,0.011764707,441202849,924.23926,1148.5898
MOVE,0,1.0,0.011764707,441202858,934.2539,1136.2959
MOVE,0,1.0,0.011764707,441202866,944.1553,1125.1299
MOVE,0,1.0,0.013725491,441202874,953.4717,1114.8096
MOVE,0,1.0,0.015686275,441202883,961.8418,1108.1055
MOVE,0,1.0,0.015686275,441202891,967.0293,1102.6172
MOVE,0,1.0,0.013725491,441202893,968.0,1101.0
UP,0,1.0,0.013725491,441202902,968.0,1101.0
DOWN,0,1.0,0.011764707,441203772,681.0,1531.0
MOVE,0,1.0,0.011764707,441203782,681.0,1531.0
MOVE,0,1.0,0.011764707,441203791,681.0,1531.0
MOVE,0,1.0,0.011764707,441203799,681.0,1531.0
MOVE,0,1.0,0.011764707,441203807,682.71875,1524.4082
MOVE,0,1.0,0.011764707,441203816,684.4326,1518.7031
MOVE,0,1.0,0.011764707,441203824,686.4404,1514.1182
MOVE,0,1.0,0.013725491,441203831,688.0,1511.0
MOVE,0,1.0,0.013725491,441203849,688.4238,1506.7295
MOVE,0,1.0,0.015686275,441203857,691.1221,1500.0498
MOVE,0,1.0,0.013725491,441203866,694.0791,1491.7617
MOVE,0,1.0,0.013725491,441203874,697.0801,1484.1475
MOVE,0,1.0,0.013725491,441203883,700.1172,1477.0605
MOVE,0,1.0,0.013725491,441203891,703.1172,1470.7656
MOVE,0,1.0,0.013725491,441203899,705.40137,1465.4971
MOVE,0,1.0,0.011764707,441203908,707.40137,1460.4961
MOVE,0,1.0,0.011764707,441203916,709.4219,1456.1562
MOVE,0,1.0,0.011764707,441203924,711.4033,1452.8955
MOVE,0,1.0,0.011764707,441203933,712.71484,1450.5703
MOVE,0,1.0,0.011764707,441203941,713.7178,1448.5654
MOVE,0,1.0,0.011764707,441203949,715.42285,1445.8662
MOVE,0,1.0,0.011764707,441203958,716.7129,1443.5752
MOVE,0,1.0,0.011764707,441203966,717.7158,1441.5684
MOVE,0,1.0,0.011764707,441203974,718.7197,1438.8418
MOVE,0,1.0,0.011764707,441203983,719.71875,1436.5635
MOVE,0,1.0,0.011764707,441203991,720.7285,1433.8135
MOVE,0,1.0,0.011764707,441203999,721.73047,1431.54
MOVE,0,1.0,0.011764707,441204008,723.4551,1428.8174
MOVE,0,1.0,0.011764707,441204016,725.4512,1426.5498
MOVE,0,1.0,0.015686275,441204024,726.0,1424.5625
MOVE,0,1.0,0.015686275,441204033,726.0,1423.2773
MOVE,0,1.0,0.015686275,441204041,725.2656,1422.2656
MOVE,0,1.0,0.013725491,441204049,725.0,1421.2705
MOVE,0,1.0,0.013725491,441204058,725.72363,1420.2764
MOVE,0,1.0,0.013725491,441204066,726.7217,1420.0
MOVE,0,1.0,0.013725491,441204074,727.0,1420.0
MOVE,0,1.0,0.013725491,441204083,727.0,1420.0
MOVE,0,1.0,0.013725491,441204091,727.0,1420.0
MOVE,0,1.0,0.013725491,441204099,726.0,1420.0
MOVE,0,1.0,0.013725491,441204108,726.0,1420.0
MOVE,0,1.0,0.013725491,441204116,726.0,1420.0
MOVE,0,1.0,0.013725491,441204124,726.0,1420.0
MOVE,0,1.0,0.013725491,441204133,725.0,1420.0
MOVE,0,1.0,0.013725491,441204141,725.0,1420.0
MOVE,0,1.0,0.015686275,441204149,724.0,1420.0
MOVE,0,1.0,0.015686275,441204158,724.0,1420.0
MOVE,0,1.0,0.013725491,441204166,722.2705,1420.0
MOVE,0,1.0,0.015686275,441204174,721.27637,1420.0
MOVE,0,1.0,0.015686275,441204183,720.27637,1420.0
MOVE,0,1.0,0.013725491,441204191,719.2754,1419.2754
MOVE,0,1.0,0.013725491,441204199,718.2871,1418.2871
MOVE,0,1.0,0.015686275,441204208,717.2822,1417.2822
MOVE,0,1.0,0.015686275,441204216,716.2803,1416.2803
MOVE,0,1.0,0.013725491,441204224,715.2744,1415.2744
MOVE,0,1.0,0.013725491,441204233,714.26953,1415.0
MOVE,0,1.0,0.013725491,441204241,714.0,1415.0
MOVE,0,1.0,0.013725491,441204249,714.0,1415.0
MOVE,0,1.0,0.013725491,441204258,714.0,1415.0
MOVE,0,1.0,0.015686275,441204266,712.3965,1414.6035
MOVE,0,1.0,0.015686275,441204269,712.0,1415.0
UP,0,1.0,0.015686275,441204277,712.0,1415.0
DOWN,0,1.0,0.011764707,441207664,804.0,1446.0
MOVE,0,1.0,0.013725491,441207674,802.9404,1443.3516
MOVE,0,1.0,0.013725491,441207691,799.26465,1427.3213
MOVE,0,1.0,0.009803922,441207699,799.0,1425.2705
MOVE,0,1.0,0.011764707,441207707,800.45996,1419.1592
MOVE,0,1.0,0.011764707,441207716,804.6123,1404.7178
MOVE,0,1.0,0.013725491,441207724,811.08105,1386.9346
MOVE,0,1.0,0.013725491,441207732,817.2324,1369.3047
MOVE,0,1.0,0.013725491,441207740,823.25977,1351.9307
MOVE,0,1.0,0.013725491,441207749,830.0332,1332.6182
MOVE,0,1.0,0.015686275,441207757,836.3379,1313.2627
MOVE,0,1.0,0.013725491,441207765,841.57324,1296.5664
MOVE,0,1.0,0.013725491,441207774,846.4131,1283.126
MOVE,0,1.0,0.011764707,441207782,850.7871,1271.335
MOVE,0,1.0,0.011764707,441207790,854.87695,1260.8076
MOVE,0,1.0,0.015686275,441207799,858.88184,1252.2363
MOVE,0,1.0,0.01764706,441207807,862.14355,1244.2842
MOVE,0,1.0,0.015686275,441207815,865.8535,1237.7207
MOVE,0,1.0,0.015686275,441207824,869.1074,1231.083
MOVE,0,1.0,0.015686275,441207832,872.8242,1224.0586
MOVE,0,1.0,0.015686275,441207840,876.8369,1217.0352
MOVE,0,1.0,0.011764707,441207849,880.8721,1209.2559
MOVE,0,1.0,0.013725491,441207857,884.9131,1201.9023
MOVE,0,1.0,0.013725491,441207866,887.44336,1194.9482
MOVE,0,1.0,0.015686275,441207874,888.71484,1188.71
MOVE,0,1.0,0.015686275,441207882,890.41113,1184.1777
MOVE,0,1.0,0.015686275,441207891,891.7168,1180.8506
MOVE,0,1.0,0.015686275,441207899,893.4365,1177.8447
MOVE,0,1.0,0.015686275,441207907,894.0,1175.5449
MOVE,0,1.0,0.015686275,441207916,894.7285,1172.8145
MOVE,0,1.0,0.015686275,441207924,896.46387,1170.5361
MOVE,0,1.0,0.015686275,441207932,899.917,1168.542
MOVE,0,1.0,0.015686275,441207941,903.76953,1165.2305
MOVE,0,1.0,0.015686275,441207949,908.5537,1161.8682
MOVE,0,1.0,0.013725491,441207957,915.0322,1156.6875
MOVE,0,1.0,0.011764707,441207966,923.46094,1149.2568
MOVE,0,1.0,0.011764707,441207974,935.4199,1137.5801
MOVE,0,1.0,0.015686275,441207982,949.17773,1121.7871
MOVE,0,1.0,0.015686275,441207991,965.1797,1103.4229
MOVE,0,1.0,0.015686275,441207993,970.0,1098.0
UP,0,1.0,0.015686275,441208001,970.0,1098.0
DOWN,0,1.0,0.011764707,441208420,750.0,1320.0
MOVE,0,1.0,0.013725491,441208432,750.0,1320.0
MOVE,0,1.0,0.013725491,441208440,750.0,1320.0
MOVE,0,1.0,0.013725491,441208447,750.0,1320.0
MOVE,0,1.0,0.013725491,441208465,751.4209,1317.5791
MOVE,0,1.0,0.013725491,441208474,754.1465,1315.5693
MOVE,0,1.0,0.013725491,441208482,756.42676,1313.5732
MOVE,0,1.0,0.013725491,441208490,759.1328,1310.1562
MOVE,0,1.0,0.015686275,441208499,761.3965,1306.207
MOVE,0,1.0,0.015686275,441208507,762.0,1305.0
MOVE,0,1.0,0.015686275,441208515,762.0,1305.0
MOVE,0,1.0,0.013725491,441208524,764.31836,1299.7041
MOVE,0,1.0,0.013725491,441208532,767.00977,1292.6396
MOVE,0,1.0,0.013725491,441208540,770.1045,1284.3877
MOVE,0,1.0,0.013725491,441208549,773.8369,1277.0361
MOVE,0,1.0,0.015686275,441208557,776.4414,1270.6758
MOVE,0,1.0,0.015686275,441208565,778.4404,1266.1191
MOVE,0,1.0,0.015686275,441208574,780.41016,1262.1807
MOVE,0,1.0,0.015686275,441208582,782.4043,1258.8936
MOVE,0,1.0,0.015686275,441208590,784.4424,1255.1152
MOVE,0,1.0,0.015686275,441208599,786.4375,1250.4053
MOVE,0,1.0,0.015686275,441208607,789.1367,1245.4395
MOVE,0,1.0,0.015686275,441208615,792.1201,1240.4658
MOVE,0,1.0,0.01764706,441208624,795.1387,1234.7236
MOVE,0,1.0,0.015686275,441208632,798.8721,1228.6914
MOVE,0,1.0,0.011764707,441208640,802.88477,1221.9512
MOVE,0,1.0,0.011764707,441208649,806.1719,1214.9336
MOVE,0,1.0,0.011764707,441208657,809.1211,1207.3428
MOVE,0,1.0,0.011764707,441208665,812.06445,1200.1826
MOVE,0,1.0,0.013725491,441208674,815.13184,1193.7363
MOVE,0,1.0,0.015686275,441208682,818.89453,1188.3818
MOVE,0,1.0,0.015686275,441208690,822.03516,1184.9648
MOVE,0,1.0,0.015686275,441208699,823.6924,1181.2324
MOVE,0,1.0,0.015686275,441208707,825.4287,1177.8574
MOVE,0,1.0,0.015686275,441208715,826.72363,1174.1055
MOVE,0,1.0,0.015686275,441208724,829.15625,1170.125
MOVE,0,1.0,0.015686275,441208732,832.15625,1166.8438
MOVE,0,1.0,0.015686275,441208740,834.4258,1163.1484
MOVE,0,1.0,0.015686275,441208749,836.43066,1159.1396
MOVE,0,1.0,0.015686275,441208757,838.4287,1156.5713
MOVE,0,1.0,0.015686275,441208765,840.4004,1156.0
MOVE,0,1.0,0.015686275,441208772,842.0,1156.0
MOVE,0,1.0,0.015686275,441208790,842.7256,1158.4512
MOVE,0,1.0,0.015686275,441208799,843.72754,1162.6396
MOVE,0,1.0,0.015686275,441208807,842.5469,1170.54
MOVE,0,1.0,0.015686275,441208815,838.33496,1183.9951
MOVE,0,1.0,0.013725491,441208824,831.13184,1205.6064
MOVE,0,1.0,0.013725491,441208832,820.1582,1240.0
MOVE,0,1.0,0.011764707,441208840,806.6826,1288.3213
MOVE,0,1.0,0.013725491,441208849,793.45703,1350.4502
MOVE,0,1.0,0.011764707,441208857,786.31934,1423.2139
MOVE,0,1.0,0.013725491,441208865,781.3408,1498.6133
MOVE,0,1.0,0.013725491,441208868,780.0,1519.0
UP,0,1.0,0.013725491,441208876,780.0,1519.0
DOWN,0,1.0,0.011764707,441209134,841.0,1176.0
MOVE,0,1.0,0.015686275,441209149,837.3877,1179.168
MOVE,0,1.0,0.013725491,441209157,833.12305,1182.1582
MOVE,0,1.0,0.013725491,441209165,828.37305,1190.2539
MOVE,0,1.0,0.015686275,441209174,819.73535,1211.8877
MOVE,0,1.0,0.011764707,441209182,808.5674,1249.2168
MOVE,0,1.0,0.011764707,441209190,796.1719,1304.7812
MOVE,0,1.0,0.013725491,441209199,783.1875,1379.2285
MOVE,0,1.0,0.013725491,441209207,748.38086,1599.1514
MOVE,0,1.0,0.013725491,441209210,735.0,1684.0
UP,0,1.0,0.013725491,441209218,735.0,1684.0
DOWN,0,1.0,0.011764707,441209428,755.0,1449.0
MOVE,0,1.0,0.013725491,441209440,755.0,1449.0
MOVE,0,1.0,0.013725491,441209449,755.0,1449.0
MOVE,0,1.0,0.013725491,441209457,755.0,1449.0
MOVE,0,1.0,0.013725491,441209465,755.0,1449.0
MOVE,0,1.0,0.013725491,441209472,755.0,1449.0
MOVE,0,1.0,0.013725491,441209490,755.0,1447.3115
MOVE,0,1.0,0.013725491,441209499,755.0,1445.5996
MOVE,0,1.0,0.013725491,441209507,756.40625,1442.1885
MOVE,0,1.0,0.013725491,441209515,758.4326,1436.7031
MOVE,0,1.0,0.013725491,441209524,759.0,1432.1035
MOVE,0,1.0,0.013725491,441209532,759.71484,1430.2861
MOVE,0,1.0,0.013725491,441209540,760.70996,1425.0312
MOVE,0,1.0,0.013725491,441209549,763.1299,1414.4785
MOVE,0,1.0,0.013725491,441209557,765.4424,1400.1826
MOVE,0,1.0,0.013725491,441209565,767.4336,1385.9658
MOVE,0,1.0,0.015686275,441209574,770.0762,1372.3096
MOVE,0,1.0,0.013725491,441209582,771.70996,1358.0664
MOVE,0,1.0,0.013725491,441209590,774.14453,1342.5605
MOVE,0,1.0,0.015686275,441209599,777.1377,1325.1768
MOVE,0,1.0,0.015686275,441209607,782.29004,1305.7012
MOVE,0,1.0,0.013725491,441209615,790.52734,1281.1426
MOVE,0,1.0,0.015686275,441209624,803.77734,1251.0078
MOVE,0,1.0,0.015686275,441209632,823.9463,1214.9609
MOVE,0,1.0,0.015686275,441209640,853.74414,1171.7266
MOVE,0,1.0,0.015686275,441209649,888.73047,1128.2666
MOVE,0,1.0,0.015686275,441209657,989.83594,1006.9971
MOVE,0,1.0,0.015686275,441209659,1024.0,966.0
UP,0,1.0,0.015686275,441209668,1024.0,966.0
DOWN,0,1.0,0.011764707,441210153,691.0,1456.0
MOVE,0,1.0,0.013725491,441210174,691.0,1456.0
MOVE,0,1.0,0.013725491,441210190,693.4336,1456.0
MOVE,0,1.0,0.013725491,441210199,696.1494,1455.2832
MOVE,0,1.0,0.013725491,441210207,699.8594,1454.2852
MOVE,0,1.0,0.013725491,441210215,703.10156,1453.2998
MOVE,0,1.0,0.013725491,441210224,705.40137,1453.0
MOVE,0,1.0,0.013725491,441210232,707.44434,1451.5557
MOVE,0,1.0,0.013725491,441210240,710.16016,1448.8398
MOVE,0,1.0,0.013725491,441210249,711.71484,1446.5693
MOVE,0,1.0,0.013725491,441210257,712.0,1446.0
MOVE,0,1.0,0.013725491,441210265,712.0,1446.0
MOVE,0,1.0,0.013725491,441210274,712.7129,1443.5742
MOVE,0,1.0,0.013725491,441210282,713.7197,1438.6797
MOVE,0,1.0,0.013725491,441210290,716.1328,1433.4453
MOVE,0,1.0,0.013725491,441210299,718.40234,1427.793
MOVE,0,1.0,0.013725491,441210307,720.4199,1422.4512
MOVE,0,1.0,0.013725491,441210315,721.7119,1417.4404
MOVE,0,1.0,0.013725491,441210324,723.4297,1413.1396
MOVE,0,1.0,0.013725491,441210332,724.71875,1409.126
MOVE,0,1.0,0.013725491,441210340,726.4463,1405.1074
MOVE,0,1.0,0.013725491,441210349,728.4512,1401.0977
MOVE,0,1.0,0.013725491,441210357,731.166,1396.3906
MOVE,0,1.0,0.011764707,441210365,733.4453,1392.1084
MOVE,0,1.0,0.011764707,441210374,734.73145,1388.0732
MOVE,0,1.0,0.011764707,441210382,736.45703,1384.0869
MOVE,0,1.0,0.011764707,441210390,739.1699,1380.8301
MOVE,0,1.0,0.011764707,441210399,742.14355,1377.1426
MOVE,0,1.0,0.013725491,441210407,746.54785,1373.8711
MOVE,0,1.0,0.013725491,441210415,749.4258,1371.5742
MOVE,0,1.0,0.01764706,441210424,751.4375,1369.5625
MOVE,0,1.0,0.01764706,441210432,752.0,1368.2793
MOVE,0,1.0,0.01764706,441210440,752.72656,1366.5479
MOVE,0,1.0,0.01764706,441210449,753.0,1364.5488
MOVE,0,1.0,0.01764706,441210457,753.7285,1361.8154
MOVE,0,1.0,0.01764706,441210465,754.7295,1358.8125
MOVE,0,1.0,0.01764706,441210474,755.7285,1355.0869
MOVE,0,1.0,0.015686275,441210482,757.4619,1349.6152
MOVE,0,1.0,0.015686275,441210490,759.44727,1342.21
MOVE,0,1.0,0.011764707,441210499,761.41113,1334.3555
MOVE,0,1.0,0.013725491,441210507,766.3135,1325.5303
MOVE,0,1.0,0.015686275,441210515,771.65137,1315.6973
MOVE,0,1.0,0.015686275,441210524,776.6006,1306.5195
MOVE,0,1.0,0.015686275,441210532,782.3213,1296.7979
MOVE,0,1.0,0.015686275,441210540,788.3867,1286.6895
MOVE,0,1.0,0.013725491,441210549,793.5664,1276.8672
MOVE,0,1.0,0.011764707,441210557,799.2959,1266.8408
MOVE,0,1.0,0.011764707,441210565,805.31055,1256.0977
MOVE,0,1.0,0.01764706,441210574,812.08984,1245.7295
MOVE,0,1.0,0.015686275,441210582,819.75586,1235.085
MOVE,0,1.0,0.015686275,441210590,826.9404,1224.2373
MOVE,0,1.0,0.015686275,441210599,833.2744,1213.1641
MOVE,0,1.0,0.015686275,441210607,839.32227,1202.7959
MOVE,0,1.0,0.015686275,441210615,845.25586,1194.3252
MOVE,0,1.0,0.015686275,441210624,850.30664,1186.0488
MOVE,0,1.0,0.015686275,441210632,856.1924,1176.7109
MOVE,0,1.0,0.015686275,441210640,862.3584,1168.1895
MOVE,0,1.0,0.015686275,441210649,868.1992,1161.8008
MOVE,0,1.0,0.015686275,441210657,874.30566,1154.9775
MOVE,0,1.0,0.015686275,441210665,881.1123,1147.1572
MOVE,0,1.0,0.01764706,441210674,888.0078,1138.5615
MOVE,0,1.0,0.01764706,441210682,896.45703,1128.8252
MOVE,0,1.0,0.015686275,441210690,906.2129,1118.0654
MOVE,0,1.0,0.015686275,441210699,916.40137,1107.5986
MOVE,0,1.0,0.015686275,441210707,928.38086,1095.6191
MOVE,0,1.0,0.011764707,441210715,942.0459,1081.9541
MOVE,0,1.0,0.01764706,441210724,956.1377,1068.5869
MOVE,0,1.0,0.013725491,441210732,971.73535,1055.4648
MOVE,0,1.0,0.013725491,441210740,987.65625,1043.2578
MOVE,0,1.0,0.013725491,441210749,1033.1895,1008.92773
MOVE,0,1.0,0.013725491,441210751,1049.0,997.0
UP,0,1.0,0.013725491,441210759,1049.0,997.0
DOWN,0,1.0,0.011764707,441211235,658.0,1506.0
MOVE,0,1.0,0.013725491,441211249,658.0,1504.5615
MOVE,0,1.0,0.011764707,441211257,658.0,1500.376
MOVE,0,1.0,0.011764707,441211265,658.7158,1496.1367
MOVE,0,1.0,0.009803922,441211274,661.0801,1491.5322
MOVE,0,1.0,0.011764707,441211282,662.7158,1488.5684
MOVE,0,1.0,0.013725491,441211290,663.0,1488.0
MOVE,0,1.0,0.013725491,441211299,663.0,1488.0
MOVE,0,1.0,0.013725491,441211307,663.0,1488.0
MOVE,0,1.0,0.011764707,441211315,666.1875,1478.4365
MOVE,0,1.0,0.011764707,441211324,672.0469,1466.627
MOVE,0,1.0,0.013725491,441211332,679.6279,1450.3369
MOVE,0,1.0,0.015686275,441211340,686.95605,1432.2549
MOVE,0,1.0,0.011764707,441211349,693.3242,1414.0264
MOVE,0,1.0,0.013725491,441211357,699.0713,1396.7861
MOVE,0,1.0,0.013725491,441211365,705.1914,1381.2197
MOVE,0,1.0,0.015686275,441211374,709.8633,1367.6934
MOVE,0,1.0,0.013725491,441211382,713.8545,1356.1514
MOVE,0,1.0,0.013725491,441211390,718.5293,1345.9424
MOVE,0,1.0,0.013725491,441211399,722.834,1335.916
MOVE,0,1.0,0.011764707,441211407,726.86035,1327.2793
MOVE,0,1.0,0.011764707,441211415,730.80664,1318.6865
MOVE,0,1.0,0.015686275,441211424,734.8262,1311.0547
MOVE,0,1.0,0.01764706,441211432,740.31836,1303.2422
MOVE,0,1.0,0.015686275,441211440,745.5947,1295.249
MOVE,0,1.0,0.015686275,441211449,750.6035,1287.9551
MOVE,0,1.0,0.011764707,441211457,753.4414,1280.9551
MOVE,0,1.0,0.011764707,441211465,756.1592,1274.6816
MOVE,0,1.0,0.011764707,441211474,759.90625,1269.3672
MOVE,0,1.0,0.013725491,441211482,763.8877,1265.1123
MOVE,0,1.0,0.013725491,441211490,767.166,1261.834
MOVE,0,1.0,0.013725491,441211499,769.4199,1259.5801
MOVE,0,1.0,0.013725491,441211507,770.7256,1257.5488
MOVE,0,1.0,0.015686275,441211515,771.0,1256.2734
MOVE,0,1.0,0.013725491,441211524,771.0,1256.0
MOVE,0,1.0,0.013725491,441211532,771.0,1256.0
MOVE,0,1.0,0.015686275,441211540,771.0,1254.2549
MOVE,0,1.0,0.015686275,441211549,771.0,1254.0
MOVE,0,1.0,0.015686275,441211557,771.0,1254.0
MOVE,0,1.0,0.013725491,441211565,771.74023,1253.0
MOVE,0,1.0,0.015686275,441211574,772.0,1252.2676
MOVE,0,1.0,0.015686275,441211582,772.71875,1252.0
MOVE,0,1.0,0.013725491,441211589,773.5,1252.0
MOVE,0,1.0,0.015686275,441211607,774.0,1252.0
MOVE,0,1.0,0.015686275,441211615,774.0,1252.0
MOVE,0,1.0,0.015686275,441211624,774.0,1252.0
MOVE,0,1.0,0.015686275,441211632,775.0,1252.0
MOVE,0,1.0,0.015686275,441211640,775.0,1252.0
MOVE,0,1.0,0.015686275,441211649,775.0,1252.0
MOVE,0,1.0,0.015686275,441211657,775.0,1252.0
MOVE,0,1.0,0.015686275,441211665,775.0,1252.0
MOVE,0,1.0,0.015686275,441211674,775.0,1252.0
MOVE,0,1.0,0.015686275,441211682,775.0,1252.0
MOVE,0,1.0,0.015686275,441211690,776.0,1251.2656
MOVE,0,1.0,0.015686275,441211699,776.72266,1250.2773
MOVE,0,1.0,0.015686275,441211707,777.0,1250.0
MOVE,0,1.0,0.015686275,441211715,777.0,1250.0
MOVE,0,1.0,0.015686275,441211724,777.7363,1248.2637
MOVE,0,1.0,0.015686275,441211730,778.5,1247.5
MOVE,0,1.0,0.015686275,441211749,779.73145,1246.2695
MOVE,0,1.0,0.015686275,441211757,781.46387,1245.2686
MOVE,0,1.0,0.015686275,441211765,782.7207,1244.2793
MOVE,0,1.0,0.015686275,441211774,783.7256,1244.0
MOVE,0,1.0,0.015686275,441211782,784.7383,1243.2617
MOVE,0,1.0,0.015686275,441211790,786.47363,1242.2627
MOVE,0,1.0,0.015686275,441211799,788.4541,1241.2725
MOVE,0,1.0,0.015686275,441211807,789.7285,1239.544
MOVE,0,1.0,0.015686275,441211815,791.4697,1237.5303
MOVE,0,1.0,0.015686275,441211824,792.7217,1234.8359
MOVE,0,1.0,0.015686275,441211832,793.7217,1231.834
MOVE,0,1.0,0.015686275,441211840,794.0,1229.544
MOVE,0,1.0,0.01764706,441211849,795.4746,1227.5254
MOVE,0,1.0,0.01764706,441211857,796.69336,1225.6143
MOVE,0,1.0,0.01764706,441211865,797.7158,1222.8535
MOVE,0,1.0,0.01764706,441211874,798.7285,1220.543
MOVE,0,1.0,0.01764706,441211882,800.46094,1217.8086
MOVE,0,1.0,0.015686275,441211890,801.7295,1214.8115
MOVE,0,1.0,0.015686275,441211899,803.4678,1212.5322
MOVE,0,1.0,0.015686275,441211907,805.44336,1209.835
MOVE,0,1.0,0.015686275,441211915,808.1826,1207.5449
MOVE,0,1.0,0.015686275,441211924,811.9248,1205.5381
MOVE,0,1.0,0.015686275,441211932,814.4551,1202.8184
MOVE,0,1.0,0.015686275,441211940,817.1543,1199.8457
MOVE,0,1.0,0.015686275,441211949,819.44434,1196.833
MOVE,0,1.0,0.01764706,441211957,821.4365,1194.5635
MOVE,0,1.0,0.01764706,441211965,823.4385,1191.8418
MOVE,0,1.0,0.01764706,441211974,824.70996,1189.5801
MOVE,0,1.0,0.01764706,441211982,825.7129,1187.5742
MOVE,0,1.0,0.015686275,441211990,826.0,1186.2793
MOVE,0,1.0,0.015686275,441211999,826.72266,1184.5547
MOVE,0,1.0,0.015686275,441212007,827.0,1183.2881
MOVE,0,1.0,0.015686275,441212015,827.0,1182.2812
MOVE,0,1.0,0.015686275,441212024,827.0,1181.2773
MOVE,0,1.0,0.015686275,441212032,827.0,1180.2764
MOVE,0,1.0,0.015686275,441212040,827.72363,1180.0
MOVE,0,1.0,0.015686275,441212049,828.0,1179.2832
MOVE,0,1.0,0.015686275,441212057,828.0,1179.0
MOVE,0,1.0,0.015686275,441212065,828.0,1179.0
MOVE,0,1.0,0.015686275,441212074,828.72656,1178.0
MOVE,0,1.0,0.015686275,441212080,829.5,1178.0
MOVE,0,1.0,0.015686275,441212099,830.0,1177.0
MOVE,0,1.0,0.015686275,441212107,830.0,1177.0
MOVE,0,1.0,0.015686275,441212115,831.0,1176.2842
MOVE,0,1.0,0.015686275,441212122,831.0,1175.5
MOVE,0,1.0,0.015686275,441212140,831.0,1175.5
MOVE,0,1.0,0.015686275,441212147,831.0,1174.5
MOVE,0,1.0,0.015686275,441212165,831.0,1174.0
MOVE,0,1.0,0.015686275,441212174,831.0,1174.0
MOVE,0,1.0,0.015686275,441212182,831.0,1174.0
MOVE,0,1.0,0.015686275,441212190,831.0,1174.0
MOVE,0,1.0,0.015686275,441212197,832.5,1172.5
MOVE,0,1.0,0.015686275,441212215,833.7041,1172.0
MOVE,0,1.0,0.015686275,441212224,835.4053,1170.5947
MOVE,0,1.0,0.015686275,441212232,838.1572,1167.124
MOVE,0,1.0,0.015686275,441212240,842.54785,1163.1621
MOVE,0,1.0,0.015686275,441212249,847.5713,1157.7139
MOVE,0,1.0,0.019607844,441212257,853.99805,1151.002
MOVE,0,1.0,0.019607844,441212265,861.6797,1142.6113
MOVE,0,1.0,0.01764706,441212274,870.501,1133.499
MOVE,0,1.0,0.01764706,441212282,878.73047,1123.8369
MOVE,0,1.0,0.015686275,441212290,887.4912,1113.7871
MOVE,0,1.0,0.015686275,441212299,896.4248,1105.2891
MOVE,0,1.0,0.015686275,441212307,904.72266,1097.9922
MOVE,0,1.0,0.01764706,441212315,912.8379,1090.8916
MOVE,0,1.0,0.013725491,441212324,921.41895,1084.0068
MOVE,0,1.0,0.015686275,441212332,929.791,1076.9326
MOVE,0,1.0,0.013725491,441212340,937.1162,1069.8838
MOVE,0,1.0,0.01764706,441212349,944.01855,1063.6992
MOVE,0,1.0,0.01764706,441212357,952.42285,1057.7178
MOVE,0,1.0,0.015686275,441212365,962.91895,1050.2412
MOVE,0,1.0,0.013725491,441212374,974.64746,1042.2354
MOVE,0,1.0,0.013725491,441212382,989.0908,1032.375
MOVE,0,1.0,0.011764707,441212390,1005.3213,1019.8008
MOVE,0,1.0,0.015686275,441212399,1021.43164,1006.7119
MOVE,0,1.0,0.015686275,441212401,1026.0,1003.0
UP,0,1.0,0.015686275,441212409,1026.0,1003.0
DOWN,0,1.0,0.011764707,441212977,647.0,1424.0
MOVE,0,1.0,0.013725491,441212990,647.0,1423.3076
MOVE,0,1.0,0.011764707,441212999,647.0,1422.2959
MOVE,0,1.0,0.013725491,441213007,647.70605,1420.5879
MOVE,0,1.0,0.013725491,441213015,650.09766,1417.9023
MOVE,0,1.0,0.013725491,441213024,653.08984,1414.2139
MOVE,0,1.0,0.013725491,441213032,656.16113,1410.8389
MOVE,0,1.0,0.013725491,441213040,658.4551,1407.8164
MOVE,0,1.0,0.013725491,441213049,659.72266,1405.5557
MOVE,0,1.0,0.013725491,441213055,660.5,1404.0
MOVE,0,1.0,0.013725491,441213074,660.5,1404.0
MOVE,0,1.0,0.011764707,441213082,664.19727,1395.874
MOVE,0,1.0,0.011764707,441213090,668.666,1387.4023
MOVE,0,1.0,0.01764706,441213099,672.91406,1379.1719
MOVE,0,1.0,0.015686275,441213107,676.90137,1371.1982
MOVE,0,1.0,0.015686275,441213115,680.9053,1363.917
MOVE,0,1.0,0.011764707,441213124,684.19727,1356.8721
MOVE,0,1.0,0.011764707,441213132,687.1963,1349.1426
MOVE,0,1.0,0.011764707,441213140,690.91406,1340.4434
MOVE,0,1.0,0.013725491,441213149,695.5713,1332.2861
MOVE,0,1.0,0.013725491,441213157,700.6094,1324.2256
MOVE,0,1.0,0.015686275,441213165,704.87305,1316.2529
MOVE,0,1.0,0.015686275,441213174,709.584,1308.2666
MOVE,0,1.0,0.015686275,441213182,713.8613,1300.2773
MOVE,0,1.0,0.013725491,441213190,717.8916,1292.2168
MOVE,0,1.0,0.013725491,441213199,721.9043,1284.918
MOVE,0,1.0,0.013725491,441213207,725.1367,1278.0146
MOVE,0,1.0,0.011764707,441213215,728.1211,1271.7588
MOVE,0,1.0,0.011764707,441213224,730.9971,1266.0068
MOVE,0,1.0,0.011764707,441213232,734.75977,1259.8604
MOVE,0,1.0,0.011764707,441213240,738.91113,1254.3613
MOVE,0,1.0,0.011764707,441213249,742.22266,1249.2949
MOVE,0,1.0,0.011764707,441213257,745.21484,1244.3086
MOVE,0,1.0,0.015686275,441213265,748.20703,1239.3223
MOVE,0,1.0,0.015686275,441213274,751.2031,1235.0625
MOVE,0,1.0,0.015686275,441213282,753.4668,1231.0664
MOVE,0,1.0,0.015686275,441213290,756.16406,1227.1152
MOVE,0,1.0,0.015686275,441213299,758.4424,1224.5586
MOVE,0,1.0,0.015686275,441213307,759.7119,1221.8652
MOVE,0,1.0,0.015686275,441213315,760.71387,1219.5732
MOVE,0,1.0,0.015686275,441213324,761.73145,1218.2686
MOVE,0,1.0,0.015686275,441213332,763.4082,1217.2959
MOVE,0,1.0,0.015686275,441213340,764.71094,1215.5791
MOVE,0,1.0,0.015686275,441213349,765.0,1214.2812
MOVE,0,1.0,0.015686275,441213357,766.4385,1213.2803
MOVE,0,1.0,0.015686275,441213365,769.1738,1212.2754
MOVE,0,1.0,0.015686275,441213374,772.16113,1210.5596
MOVE,0,1.0,0.015686275,441213382,775.18555,1208.543
MOVE,0,1.0,0.015686275,441213390,778.16504,1205.835
MOVE,0,1.0,0.015686275,441213399,781.876,1203.5615
MOVE,0,1.0,0.015686275,441213407,785.1328,1200.8672
MOVE,0,1.0,0.015686275,441213415,788.1621,1197.1172
MOVE,0,1.0,0.015686275,441213424,791.8926,1194.5537
MOVE,0,1.0,0.015686275,441213432,795.18164,1191.8184
MOVE,0,1.0,0.015686275,441213440,797.4492,1189.5508
MOVE,0,1.0,0.015686275,441213449,799.43555,1187.5645
MOVE,0,1.0,0.013725491,441213457,800.7158,1185.5693
MOVE,0,1.0,0.011764707,441213465,801.0,1184.2979
MOVE,0,1.0,0.011764707,441213474,801.7129,1183.2871
MOVE,0,1.0,0.011764707,441213482,802.0,1182.2861
MOVE,0,1.0,0.013725491,441213490,802.69824,1179.9043
MOVE,0,1.0,0.013725491,441213499,803.0,1178.2793
MOVE,0,1.0,0.013725491,441213507,803.0,1176.542
MOVE,0,1.0,0.013725491,441213515,805.1914,1175.2695
MOVE,0,1.0,0.013725491,441213524,807.4502,1173.5498
MOVE,0,1.0,0.015686275,441213532,811.25684,1171.6973
MOVE,0,1.0,0.015686275,441213540,817.0049,1167.6621
MOVE,0,1.0,0.015686275,441213543,819.0,1166.0
UP,0,1.0,0.015686275,441213551,819.0,1166.0
MOVE,0,1.0,0.015686275,441214307,727.95703,1275.2598
MOVE,0,1.0,0.011764707,441214315,724.22754,1296.248
MOVE,0,1.0,0.013725491,441214324,720.1631,1320.7334
MOVE,0,1.0,0.013725491,441214332,716.1289,1344.5068
MOVE,0,1.0,0.013725491,441214340,712.8594,1368.1289
MOVE,0,1.0,0.015686275,441214349,711.28906,1390.6328
MOVE,0,1.0,0.013725491,441214357,710.2822,1411.3564
MOVE,0,1.0,0.013725491,441214365,710.0,1429.1064
MOVE,0,1.0,0.013725491,441214374,710.0,1445.2451
MOVE,0,1.0,0.015686275,441214382,710.0,1459.8398
MOVE,0,1.0,0.013725491,441214390,710.0,1473.8115
MOVE,0,1.0,0.013725491,441214399,710.0,1487.1152
MOVE,0,1.0,0.013725491,441214407,709.28613,1499.5703
MOVE,0,1.0,0.013725491,441214415,708.2793,1510.9258
MOVE,0,1.0,0.013725491,441214424,708.0,1520.79
MOVE,0,1.0,0.011764707,441214432,707.2949,1530.3467
MOVE,0,1.0,0.013725491,441214440,706.2744,1540.2559
MOVE,0,1.0,0.013725491,441214449,705.2783,1550.9443
MOVE,0,1.0,0.013725491,441214457,704.26953,1562.7705
MOVE,0,1.0,0.013725491,441214465,702.5615,1573.9111
MOVE,0,1.0,0.013725491,441214474,700.5586,1582.7646
MOVE,0,1.0,0.013725491,441214482,698.5537,1589.3389
MOVE,0,1.0,0.011764707,441214490,697.2949,1593.8213
MOVE,0,1.0,0.011764707,441214499,696.2871,1597.1387
MOVE,0,1.0,0.013725491,441214507,696.0,1600.1426
MOVE,0,1.0,0.011764707,441214515,696.0,1601.7275
MOVE,0,1.0,0.011764707,441214522,696.0,1602.5
MOVE,0,1.0,0.013725491,441214540,696.0,1603.7236
MOVE,0,1.0,0.011764707,441214549,696.0,1604.0
MOVE,0,1.0,0.011764707,441214557,696.0,1604.0
MOVE,0,1.0,0.011764707,441214565,696.0,1604.0
MOVE,0,1.0,0.013725491,441214574,696.0,1605.0
MOVE,0,1.0,0.013725491,441214582,696.0,1605.0
MOVE,0,1.0,0.013725491,441214590,696.0,1606.7266
MOVE,0,1.0,0.013725491,441214599,696.0,1607.7344
MOVE,0,1.0,0.013725491,441214607,696.7344,1608.7344
MOVE,0,1.0,0.013725491,441214615,697.0,1609.7402
MOVE,0,1.0,0.013725491,441214624,697.7373,1610.7373
MOVE,0,1.0,0.013725491,441214632,698.0,1612.4746
MOVE,0,1.0,0.013725491,441214640,698.0,1614.4658
MOVE,0,1.0,0.013725491,441214649,698.0,1617.1885
MOVE,0,1.0,0.013725491,441214657,698.0,1619.3838
MOVE,0,1.0,0.013725491,441214665,698.70996,1621.4209
MOVE,0,1.0,0.013725491,441214674,699.0,1623.457
MOVE,0,1.0,0.013725491,441214682,699.0,1626.1865
MOVE,0,1.0,0.013725491,441214690,699.0,1629.9268
MOVE,0,1.0,0.013725491,441214699,699.0,1633.1973
MOVE,0,1.0,0.013725491,441214707,699.0,1636.8711
MOVE,0,1.0,0.013725491,441214715,699.0,1640.1826
MOVE,0,1.0,0.013725491,441214724,699.72656,1644.6309
MOVE,0,1.0,0.013725491,441214732,700.72363,1649.6191
MOVE,0,1.0,0.013725491,441214740,701.0,1653.9053
MOVE,0,1.0,0.011764707,441214749,701.7256,1657.9033
MOVE,0,1.0,0.011764707,441214757,702.0,1660.4395
MOVE,0,1.0,0.011764707,441214765,702.0,1663.1494
MOVE,0,1.0,0.011764707,441214774,702.72363,1665.4473
MOVE,0,1.0,0.011764707,441214782,703.0,1668.168
MOVE,0,1.0,0.011764707,441214790,703.7002,1670.4004
MOVE,0,1.0,0.011764707,441214799,704.70996,1672.4199
MOVE,0,1.0,0.013725491,441214807,705.7256,1674.4502
MOVE,0,1.0,0.013725491,441214815,706.0,1677.1826
MOVE,0,1.0,0.013725491,441214824,706.7168,1679.4326
MOVE,0,1.0,0.013725491,441214832,707.0,1682.1475
MOVE,0,1.0,0.013725491,441214840,707.71484,1684.4297
MOVE,0,1.0,0.013725491,441214849,709.43945,1687.8799
MOVE,0,1.0,0.013725491,441214857,710.7207,1691.8809
MOVE,0,1.0,0.013725491,441214865,712.45215,1697.3564
MOVE,0,1.0,0.011764707,441214874,714.4492,1704.7959
MOVE,0,1.0,0.011764707,441214882,716.4512,1713.5322
MOVE,0,1.0,0.009803922,441214890,719.16016,1721.7598
MOVE,0,1.0,0.009803922,441214899,722.15137,1729.0195
MOVE,0,1.0,0.009803922,441214907,725.15137,1735.3027
MOVE,0,1.0,0.011764707,441214915,727.4453,1741.3369
MOVE,0,1.0,0.011764707,441214924,730.1738,1745.8984
MOVE,0,1.0,0.011764707,441214932,731.7207,1749.8818
MOVE,0,1.0,0.011764707,441214940,733.47656,1752.4766
MOVE,0,1.0,0.011764707,441214949,734.7373,1753.0
MOVE,0,1.0,0.011764707,441214957,736.4541,1753.0
MOVE,0,1.0,0.011764707,441214959,737.0,1753.0
UP,0,1.0,0.011764707,441214968,737.0,1753.0
DOWN,0,1.0,0.011764707,441215301,750.0,1638.0
MOVE,0,1.0,0.015686275,441215315,750.0,1638.0
MOVE,0,1.0,0.015686275,441215324,750.0,1638.0
MOVE,0,1.0,0.013725491,441215332,750.7119,1633.8643
MOVE,0,1.0,0.013725491,441215340,751.0,1630.1602
MOVE,0,1.0,0.013725491,441215349,752.4209,1624.7373
MOVE,0,1.0,0.013725491,441215357,753.71484,1620.1406
MOVE,0,1.0,0.011764707,441215365,754.709,1616.874
MOVE,0,1.0,0.013725491,441215374,757.8291,1606.8057
MOVE,0,1.0,0.013725491,441215382,763.92773,1588.2178
MOVE,0,1.0,0.011764707,441215390,770.19434,1566.6211
MOVE,0,1.0,0.013725491,441215399,776.2451,1544.4355
MOVE,0,1.0,0.011764707,441215407,782.9912,1522.3125
MOVE,0,1.0,0.015686275,441215415,789.89355,1498.5225
MOVE,0,1.0,0.011764707,441215424,796.86426,1472.9326
MOVE,0,1.0,0.011764707,441215432,803.9697,1445.1211
MOVE,0,1.0,0.011764707,441215440,811.73145,1418.373
MOVE,0,1.0,0.013725491,441215449,818.22754,1394.7959
MOVE,0,1.0,0.015686275,441215457,824.1924,1376.8193
MOVE,0,1.0,0.015686275,441215465,828.0166,1364.6055
MOVE,0,1.0,0.015686275,441215474,830.3164,1355.7324
MOVE,0,1.0,0.015686275,441215482,831.69727,1348.8154
MOVE,0,1.0,0.013725491,441215490,832.709,1342.748
MOVE,0,1.0,0.013725491,441215499,833.7051,1338.1816
MOVE,0,1.0,0.013725491,441215507,834.7158,1334.1377
MOVE,0,1.0,0.013725491,441215515,835.0,1330.1504
MOVE,0,1.0,0.013725491,441215524,835.71875,1326.127
MOVE,0,1.0,0.011764707,441215532,836.7207,1322.1162
MOVE,0,1.0,0.011764707,441215540,837.72656,1318.8203
MOVE,0,1.0,0.011764707,441215549,838.0,1315.8174
MOVE,0,1.0,0.011764707,441215557,838.709,1312.8721
MOVE,0,1.0,0.011764707,441215565,839.7158,1311.2842
MOVE,0,1.0,0.015686275,441215574,839.2793,1309.5596
MOVE,0,1.0,0.015686275,441215582,838.28613,1307.5713
MOVE,0,1.0,0.015686275,441215590,838.0,1306.2861
MOVE,0,1.0,0.015686275,441215599,838.0,1306.0
MOVE,0,1.0,0.015686275,441215607,838.0,1306.0
MOVE,0,1.0,0.015686275,441215613,838.0,1304.5
MOVE,0,1.0,0.015686275,441215632,838.0,1304.5
MOVE,0,1.0,0.015686275,441215640,838.0,1304.5
MOVE,0,1.0,0.015686275,441215649,838.0,1304.0
MOVE,0,1.0,0.015686275,441215657,838.0,1304.0
MOVE,0,1.0,0.015686275,441215665,838.0,1304.0
MOVE,0,1.0,0.015686275,441215674,838.0,1304.0
MOVE,0,1.0,0.015686275,441215682,838.0,1304.0
MOVE,0,1.0,0.015686275,441215690,838.0,1304.0
MOVE,0,1.0,0.015686275,441215699,838.0,1304.0
MOVE,0,1.0,0.015686275,441215707,838.0,1304.0
MOVE,0,1.0,0.015686275,441215714,838.0,1305.5
MOVE,0,1.0,0.015686275,441215732,838.0,1305.5
MOVE,0,1.0,0.015686275,441215740,838.0,1305.5
MOVE,0,1.0,0.015686275,441215749,838.0,1305.5
MOVE,0,1.0,0.015686275,441215755,838.0,1306.5
MOVE,0,1.0,0.015686275,441215774,838.0,1306.5
MOVE,0,1.0,0.015686275,441215782,838.0,1306.5
MOVE,0,1.0,0.015686275,441215790,838.0,1306.5
MOVE,0,1.0,0.015686275,441215799,838.0,1307.7109
MOVE,0,1.0,0.011764707,441215807,838.0,1312.2656
MOVE,0,1.0,0.013725491,441215815,836.5713,1323.999
MOVE,0,1.0,0.015686275,441215824,833.1631,1344.3125
MOVE,0,1.0,0.013725491,441215832,829.126,1373.9951
MOVE,0,1.0,0.015686275,441215840,824.50195,1413.0879
MOVE,0,1.0,0.011764707,441215849,817.5742,1457.8789
MOVE,0,1.0,0.011764707,441215857,809.33984,1506.2539
MOVE,0,1.0,0.011764707,441215865,802.67285,1551.7305
MOVE,0,1.0,0.009803922,441215874,799.5498,1590.1074
MOVE,0,1.0,0.011764707,441215882,800.43066,1620.751
MOVE,0,1.0,0.011764707,441215890,803.125,1644.583
MOVE,0,1.0,0.009803922,441215899,806.83887,1665.1963
MOVE,0,1.0,0.011764707,441215907,809.4199,1683.7773
MOVE,0,1.0,0.011764707,441215915,813.58203,1697.5967
MOVE,0,1.0,0.013725491,441215924,818.6035,1708.208
MOVE,0,1.0,0.013725491,441215932,822.167,1718.2236
MOVE,0,1.0,0.013725491,441215940,825.1504,1727.4521
MOVE,0,1.0,0.013725491,441215949,826.0,1735.0801
MOVE,0,1.0,0.011764707,441215957,826.7285,1741.3711
MOVE,0,1.0,0.013725491,441215965,828.46387,1745.1963
MOVE,0,1.0,0.013725491,441215974,830.4531,1747.4531
MOVE,0,1.0,0.013725491,441215982,832.43164,1749.4326
MOVE,0,1.0,0.013725491,441215990,833.7158,1751.4316
MOVE,0,1.0,0.013725491,441215997,834.5,1753.0
MOVE,0,1.0,0.013725491,441216015,834.5,1753.0
MOVE,0,1.0,0.013725491,441216024,834.5,1753.0
MOVE,0,1.0,0.013725491,441216032,835.0,1752.0
MOVE,0,1.0,0.013725491,441216040,835.0,1752.0
MOVE,0,1.0,0.013725491,441216049,835.0,1752.0
MOVE,0,1.0,0.013725491,441216057,835.0,1752.0
MOVE,0,1.0,0.013725491,441216065,835.0,1752.0
MOVE,0,1.0,0.013725491,441216074,835.0,1752.0
MOVE,0,1.0,0.013725491,441216082,835.0,1752.0
MOVE,0,1.0,0.013725491,441216090,835.0,1752.0
MOVE,0,1.0,0.013725491,441216097,835.0,1753.5
MOVE,0,1.0,0.013725491,441216115,835.0,1753.5
MOVE,0,1.0,0.013725491,441216124,835.0,1753.5
MOVE,0,1.0,0.013725491,441216132,835.0,1753.5
MOVE,0,1.0,0.013725491,441216140,835.0,1753.5
MOVE,0,1.0,0.013725491,441216149,835.0,1753.5
MOVE,0,1.0,0.013725491,441216157,835.0,1753.5
MOVE,0,1.0,0.013725491,441216165,835.0,1754.0
MOVE,0,1.0,0.013725491,441216174,835.0,1754.0
MOVE,0,1.0,0.013725491,441216182,835.0,1754.0
MOVE,0,1.0,0.013725491,441216190,835.0,1755.0
MOVE,0,1.0,0.015686275,441216193,835.0,1755.0
UP,0,1.0,0.015686275,441216201,835.0,1755.0
DOWN,0,1.0,0.011764707,441217669,793.0,1697.0
MOVE,0,1.0,0.013725491,441217690,793.0,1698.4219
MOVE,0,1.0,0.011764707,441217698,793.71875,1699.7188
MOVE,0,1.0,0.011764707,441217707,794.0,1700.0
MOVE,0,1.0,0.011764707,441217715,794.0,1700.0
MOVE,0,1.0,0.011764707,441217723,798.8789,1700.0
MOVE,0,1.0,0.011764707,441217732,802.8779,1696.4023
MOVE,0,1.0,0.011764707,441217740,805.4375,1692.8438
MOVE,0,1.0,0.009803922,441217748,806.7197,1686.9609
MOVE,0,1.0,0.009803922,441217757,807.71875,1674.2139
MOVE,0,1.0,0.011764707,441217765,808.72266,1654.8301
MOVE,0,1.0,0.009803922,441217773,811.13965,1633.3115
MOVE,0,1.0,0.009803922,441217782,814.1221,1612.8525
MOVE,0,1.0,0.011764707,441217790,816.416,1594.9648
MOVE,0,1.0,0.013725491,441217798,819.1455,1579.9863
MOVE,0,1.0,0.013725491,441217807,822.16504,1566.6191
MOVE,0,1.0,0.011764707,441217815,825.8418,1554.4736
MOVE,0,1.0,0.013725491,441217823,829.85547,1541.7197
MOVE,0,1.0,0.013725491,441217832,833.8154,1529.5547
MOVE,0,1.0,0.013725491,441217840,837.124,1516.0889
MOVE,0,1.0,0.013725491,441217848,840.1455,1501.9863
MOVE,0,1.0,0.013725491,441217857,843.12305,1487.3877
MOVE,0,1.0,0.013725491,441217865,846.8545,1471.582
MOVE,0,1.0,0.011764707,441217873,850.15137,1455.5254
MOVE,0,1.0,0.011764707,441217882,853.8867,1438.7314
MOVE,0,1.0,0.013725491,441217890,858.5947,1423.2168
MOVE,0,1.0,0.011764707,441217898,863.6211,1408.8623
MOVE,0,1.0,0.011764707,441217907,867.8662,1395.6846
MOVE,0,1.0,0.011764707,441217915,872.6133,1384.7725
MOVE,0,1.0,0.011764707,441217923,876.88965,1375.4971
MOVE,0,1.0,0.013725491,441217932,880.1572,1367.248
MOVE,0,1.0,0.015686275,441217940,882.4453,1360.665
MOVE,0,1.0,0.015686275,441217948,883.7207,1354.6777
MOVE,0,1.0,0.015686275,441217957,884.7217,1348.6699
MOVE,0,1.0,0.015686275,441217965,886.4346,1342.6973
MOVE,0,1.0,0.015686275,441217973,887.71875,1336.6895
MOVE,0,1.0,0.013725491,441217982,889.43164,1330.7051
MOVE,0,1.0,0.013725491,441217990,890.7168,1324.7002
MOVE,0,1.0,0.013725491,441217998,891.7217,1318.6719
MOVE,0,1.0,0.015686275,441218007,892.72656,1313.3691
MOVE,0,1.0,0.015686275,441218015,894.4404,1308.3975
MOVE,0,1.0,0.015686275,441218023,895.7168,1303.417
MOVE,0,1.0,0.015686275,441218032,896.7119,1298.4424
MOVE,0,1.0,0.015686275,441218040,897.7158,1294.1357
MOVE,0,1.0,0.015686275,441218048,898.72363,1289.3809
MOVE,0,1.0,0.015686275,441218057,899.7295,1284.3516
MOVE,0,1.0,0.015686275,441218065,901.4404,1279.4004
MOVE,0,1.0,0.013725491,441218073,904.0752,1273.8486
MOVE,0,1.0,0.011764707,441218082,907.83594,1267.0371
MOVE,0,1.0,0.011764707,441218090,912.4531,1259.4756
MOVE,0,1.0,0.011764707,441218098,917.53516,1251.3438
MOVE,0,1.0,0.011764707,441218107,921.8721,1242.5391
MOVE,0,1.0,0.013725491,441218115,926.57227,1234.999
MOVE,0,1.0,0.015686275,441218123,932.2998,1227.2666
MOVE,0,1.0,0.011764707,441218132,938.36816,1219.9033
MOVE,0,1.0,0.015686275,441218140,942.9121,1213.6318
MOVE,0,1.0,0.011764707,441218148,946.92773,1208.3408
MOVE,0,1.0,0.015686275,441218157,950.166,1204.834
MOVE,0,1.0,0.015686275,441218165,952.43555,1201.8467
MOVE,0,1.0,0.015686275,441218173,954.4453,1200.2773
MOVE,0,1.0,0.015686275,441218182,956.44434,1199.2783
MOVE,0,1.0,0.015686275,441218190,957.72266,1199.0
MOVE,0,1.0,0.013725491,441218198,958.7178,1198.2822
MOVE,0,1.0,0.015686275,441218207,959.72266,1197.2773
MOVE,0,1.0,0.015686275,441218215,960.72363,1196.2773
MOVE,0,1.0,0.011764707,441218223,962.4404,1195.2803
MOVE,0,1.0,0.011764707,441218232,963.7217,1194.2783
MOVE,0,1.0,0.011764707,441218240,964.7041,1192.5908
MOVE,0,1.0,0.011764707,441218248,966.42285,1190.5781
MOVE,0,1.0,0.011764707,441218257,968.4385,1188.5615
MOVE,0,1.0,0.011764707,441218265,969.7324,1186.5352
MOVE,0,1.0,0.013725491,441218273,970.0,1183.7998
MOVE,0,1.0,0.011764707,441218282,970.71484,1180.8574
MOVE,0,1.0,0.011764707,441218290,971.7051,1178.5898
MOVE,0,1.0,0.011764707,441218298,972.72754,1175.8164
MOVE,0,1.0,0.011764707,441218307,974.4668,1173.5332
MOVE,0,1.0,0.013725491,441218315,975.73047,1171.5391
MOVE,0,1.0,0.013725491,441218323,976.72266,1169.5547
MOVE,0,1.0,0.013725491,441218332,977.72363,1167.5527
MOVE,0,1.0,0.013725491,441218340,978.7246,1166.2754
MOVE,0,1.0,0.013725491,441218348,979.7207,1164.5586
MOVE,0,1.0,0.013725491,441218357,980.66895,1163.332
MOVE,0,1.0,0.013725491,441218365,981.0,1161.6016
MOVE,0,1.0,0.013725491,441218373,981.72754,1160.2734
MOVE,0,1.0,0.013725491,441218382,982.71875,1159.2812
MOVE,0,1.0,0.013725491,441218390,984.4414,1157.5586
MOVE,0,1.0,0.013725491,441218398,986.44336,1155.5566
MOVE,0,1.0,0.013725491,441218407,989.8711,1152.8467
MOVE,0,1.0,0.011764707,441218415,996.02637,1148.4102
MOVE,0,1.0,0.011764707,441218423,1004.49316,1141.2285
MOVE,0,1.0,0.013725491,441218432,1013.5322,1132.4678
MOVE,0,1.0,0.013725491,441218434,1016.0,1130.0
UP,0,1.0,0.013725491,441218442,1016.0,1130.0
DOWN,0,1.0,0.011764707,441219030,784.0,1615.0
MOVE,0,1.0,0.013725491,441219048,784.0,1615.0
MOVE,0,1.0,0.013725491,441219057,784.0,1615.0
MOVE,0,1.0,0.013725491,441219065,784.0,1615.0
MOVE,0,1.0,0.013725491,441219073,784.0,1615.0
MOVE,0,1.0,0.009803922,441219082,787.4326,1604.7021
MOVE,0,1.0,0.011764707,441219090,791.5713,1596.5713
MOVE,0,1.0,0.011764707,441219098,799.3779,1578.4102
MOVE,0,1.0,0.009803922,441219107,807.6074,1555.8799
MOVE,0,1.0,0.011764707,441219115,814.93066,1532.8008
MOVE,0,1.0,0.013725491,441219123,820.61816,1511.5264
MOVE,0,1.0,0.013725491,441219132,825.5322,1491.873
MOVE,0,1.0,0.013725491,441219140,830.53613,1473.9756
MOVE,0,1.0,0.011764707,441219148,834.8662,1456.8203
MOVE,0,1.0,0.015686275,441219157,838.90137,1441.8447
MOVE,0,1.0,0.013725491,441219165,842.88184,1429.3545
MOVE,0,1.0,0.013725491,441219173,846.0459,1419.1816
MOVE,0,1.0,0.011764707,441219182,849.09766,1409.706
MOVE,0,1.0,0.011764707,441219190,851.42285,1402.0215
MOVE,0,1.0,0.011764707,441219198,854.12695,1394.3281
MOVE,0,1.0,0.011764707,441219207,855.70215,1387.7891
MOVE,0,1.0,0.011764707,441219215,857.41895,1382.4531
MOVE,0,1.0,0.011764707,441219223,858.7168,1378.1338
MOVE,0,1.0,0.011764707,441219232,859.0,1373.4297
MOVE,0,1.0,0.011764707,441219240,859.0,1368.3945
MOVE,0,1.0,0.011764707,441219248,859.0,1364.8232
MOVE,0,1.0,0.015686275,441219257,859.0,1362.54
MOVE,0,1.0,0.013725491,441219265,859.0,1359.8018
MOVE,0,1.0,0.015686275,441219273,858.27344,1357.5469
MOVE,0,1.0,0.015686275,441219282,857.27637,1356.2764
MOVE,0,1.0,0.011764707,441219290,857.0,1355.2773
MOVE,0,1.0,0.015686275,441219298,857.0,1355.0
MOVE,0,1.0,0.015686275,441219307,857.0,1355.0
MOVE,0,1.0,0.015686275,441219315,857.0,1355.0
MOVE,0,1.0,0.015686275,441219323,857.0,1355.0
MOVE,0,1.0,0.015686275,441219332,857.0,1355.0
MOVE,0,1.0,0.015686275,441219340,857.0,1355.0
MOVE,0,1.0,0.015686275,441219348,857.0,1355.0
MOVE,0,1.0,0.015686275,441219357,857.0,1355.0
MOVE,0,1.0,0.015686275,441219365,857.0,1355.0
MOVE,0,1.0,0.015686275,441219373,857.0,1355.0
MOVE,0,1.0,0.015686275,441219382,857.0,1355.0
MOVE,0,1.0,0.015686275,441219390,857.0,1355.0
MOVE,0,1.0,0.015686275,441219398,857.0,1355.0
MOVE,0,1.0,0.013725491,441219405,857.0,1353.5
MOVE,0,1.0,0.013725491,441219423,857.0,1353.5
MOVE,0,1.0,0.011764707,441219432,857.0,1353.0
MOVE,0,1.0,0.011764707,441219440,857.0,1353.0
MOVE,0,1.0,0.011764707,441219448,857.0,1351.2783
MOVE,0,1.0,0.009803922,441219457,857.0,1350.2715
MOVE,0,1.0,0.011764707,441219465,857.0,1349.2773
MOVE,0,1.0,0.011764707,441219473,857.0,1348.2812
MOVE,0,1.0,0.011764707,441219482,857.0,1346.5469
MOVE,0,1.0,0.011764707,441219490,857.0,1345.2666
MOVE,0,1.0,0.011764707,441219498,857.0,1344.2764
MOVE,0,1.0,0.011764707,441219507,857.0,1343.2783
MOVE,0,1.0,0.011764707,441219515,857.0,1342.2852
MOVE,0,1.0,0.011764707,441219522,857.0,1341.5
MOVE,0,1.0,0.011764707,441219540,857.0,1339.54
MOVE,0,1.0,0.011764707,441219548,857.0,1338.2949
MOVE,0,1.0,0.011764707,441219557,857.0,1337.2803
MOVE,0,1.0,0.011764707,441219565,857.0,1336.2822
MOVE,0,1.0,0.011764707,441219573,857.0,1335.2881
MOVE,0,1.0,0.011764707,441219582,857.0,1333.5879
MOVE,0,1.0,0.011764707,441219590,857.0,1332.292
MOVE,0,1.0,0.011764707,441219598,857.0,1331.2861
MOVE,0,1.0,0.011764707,441219607,857.0,1331.0
MOVE,0,1.0,0.011764707,441219615,857.0,1331.0
MOVE,0,1.0,0.011764707,441219621,857.0,1329.5
MOVE,0,1.0,0.011764707,441219640,857.0,1329.0
MOVE,0,1.0,0.011764707,441219648,857.0,1329.0
MOVE,0,1.0,0.011764707,441219655,857.0,1327.5
MOVE,0,1.0,0.011764707,441219673,857.0,1327.5
MOVE,0,1.0,0.011764707,441219682,857.0,1327.5
MOVE,0,1.0,0.011764707,441219690,857.0,1327.0
MOVE,0,1.0,0.011764707,441219698,857.0,1327.0
MOVE,0,1.0,0.011764707,441219707,857.0,1327.0
MOVE,0,1.0,0.011764707,441219715,857.0,1326.0
MOVE,0,1.0,0.011764707,441219723,857.0,1326.0
MOVE,0,1.0,0.011764707,441219731,857.0,1326.0
MOVE,0,1.0,0.011764707,441219740,857.0,1326.0
MOVE,0,1.0,0.011764707,441219748,857.0,1326.0
MOVE,0,1.0,0.011764707,441219756,857.0,1326.0
MOVE,0,1.0,0.011764707,441219765,857.0,1326.0
MOVE,0,1.0,0.011764707,441219773,857.0,1326.0
MOVE,0,1.0,0.011764707,441219781,857.0,1326.0
MOVE,0,1.0,0.011764707,441219790,857.0,1326.0
MOVE,0,1.0,0.011764707,441219798,857.0,1326.0
MOVE,0,1.0,0.011764707,441219806,856.0,1326.0
MOVE,0,1.0,0.011764707,441219815,856.0,1326.0
MOVE,0,1.0,0.011764707,441219821,854.5,1326.0
MOVE,0,1.0,0.011764707,441219840,854.0,1326.0
MOVE,0,1.0,0.011764707,441219848,854.0,1326.0
MOVE,0,1.0,0.011764707,441219856,854.0,1326.0
MOVE,0,1.0,0.011764707,441219865,852.2842,1326.0
MOVE,0,1.0,0.011764707,441219873,851.2842,1326.0
MOVE,0,1.0,0.011764707,441219875,851.0,1326.0
UP,0,1.0,0.011764707,441219884,851.0,1326.0
DOWN,0,1.0,0.011764707,441220493,652.0,1202.0
MOVE,0,1.0,0.011764707,441220515,652.0,1202.0
MOVE,0,1.0,0.011764707,441220523,652.0,1202.0
MOVE,0,1.0,0.011764707,441220531,655.1572,1205.1572
MOVE,0,1.0,0.013725491,441220540,658.16406,1211.0498
MOVE,0,1.0,0.015686275,441220548,660.43945,1216.5996
MOVE,0,1.0,0.015686275,441220556,661.0,1220.8662
MOVE,0,1.0,0.011764707,441220565,660.2793,1231.3701
MOVE,0,1.0,0.013725491,441220573,660.0,1248.9922
MOVE,0,1.0,0.015686275,441220581,659.31445,1270.7715
MOVE,0,1.0,0.011764707,441220590,656.916,1295.3643
MOVE,0,1.0,0.013725491,441220598,653.16504,1321.4287
MOVE,0,1.0,0.013725491,441220607,649.12305,1349.1357
MOVE,0,1.0,0.013725491,441220615,644.41504,1377.793
MOVE,0,1.0,0.013725491,441220623,640.1201,1406.8779
MOVE,0,1.0,0.013725491,441220632,635.4346,1434.251
MOVE,0,1.0,0.013725491,441220640,631.1367,1460.6104
MOVE,0,1.0,0.013725491,441220648,627.8535,1484.457
MOVE,0,1.0,0.013725491,441220657,625.5635,1505.3633
MOVE,0,1.0,0.013725491,441220665,625.0,1522.5488
MOVE,0,1.0,0.013725491,441220673,625.0,1536.3662
MOVE,0,1.0,0.013725491,441220682,626.42285,1548.5391
MOVE,0,1.0,0.013725491,441220690,628.42285,1559.8262
MOVE,0,1.0,0.013725491,441220698,630.45215,1570.9854
MOVE,0,1.0,0.013725491,441220707,633.1914,1582.0361
MOVE,0,1.0,0.011764707,441220715,636.8926,1592.2314
MOVE,0,1.0,0.011764707,441220723,639.46094,1601.5732
MOVE,0,1.0,0.013725491,441220732,641.4531,1610.5391
MOVE,0,1.0,0.013725491,441220740,644.1719,1619.5146
MOVE,0,1.0,0.013725491,441220748,647.1699,1627.7861
MOVE,0,1.0,0.013725491,441220757,650.16406,1634.3281
MOVE,0,1.0,0.013725491,441220765,652.4502,1640.3496
MOVE,0,1.0,0.013725491,441220773,653.72656,1644.9062
MOVE,0,1.0,0.013725491,441220782,654.72363,1648.8936
MOVE,0,1.0,0.013725491,441220790,655.0,1652.1729
MOVE,0,1.0,0.013725491,441220798,655.7129,1654.4248
MOVE,0,1.0,0.011764707,441220807,656.7246,1655.7246
MOVE,0,1.0,0.011764707,441220815,657.0,1656.7314
MOVE,0,1.0,0.011764707,441220823,657.0,1657.709
MOVE,0,1.0,0.011764707,441220832,657.0,1658.7148
MOVE,0,1.0,0.011764707,441220840,656.27734,1659.7236
MOVE,0,1.0,0.011764707,441220848,655.27734,1660.7227
MOVE,0,1.0,0.011764707,441220856,655.0,1661.7207
MOVE,0,1.0,0.011764707,441220865,653.55566,1662.7217
MOVE,0,1.0,0.011764707,441220873,652.2793,1663.7207
MOVE,0,1.0,0.011764707,441220881,650.56055,1665.4395
MOVE,0,1.0,0.011764707,441220890,649.2832,1667.4326
MOVE,0,1.0,0.013725491,441220898,650.44727,1669.4473
MOVE,0,1.0,0.015686275,441220900,651.0,1670.0
UP,0,1.0,0.015686275,441220909,651.0,1670.0
DOWN,0,1.0,0.011764707,441222754,755.0,1253.0
MOVE,0,1.0,0.015686275,441222765,754.3672,1253.6338
MOVE,0,1.0,0.011764707,441222773,753.3174,1256.7314
MOVE,0,1.0,0.011764707,441222781,751.62305,1262.8193
MOVE,0,1.0,0.015686275,441222790,750.3291,1267.6836
MOVE,0,1.0,0.015686275,441222798,749.3242,1270.3516
MOVE,0,1.0,0.015686275,441222806,747.67773,1278.2705
MOVE,0,1.0,0.013725491,441222815,743.6709,1294.6494
MOVE,0,1.0,0.013725491,441222823,739.1875,1315.7646
MOVE,0,1.0,0.01764706,441222832,735.2256,1335.8701
MOVE,0,1.0,0.013725491,441222840,731.86523,1355.5176
MOVE,0,1.0,0.013725491,441222848,729.55566,1375.4443
MOVE,0,1.0,0.015686275,441222857,728.2803,1393.958
MOVE,0,1.0,0.013725491,441222865,727.29785,1410.2275
MOVE,0,1.0,0.011764707,441222873,726.2871,1424.9873
MOVE,0,1.0,0.013725491,441222882,726.0,1439.0645
MOVE,0,1.0,0.013725491,441222890,726.0,1451.5664
MOVE,0,1.0,0.011764707,441222899,726.0,1463.5137
MOVE,0,1.0,0.013725491,441222907,725.2949,1474.7529
MOVE,0,1.0,0.013725491,441222915,725.0,1485.8574
MOVE,0,1.0,0.013725491,441222924,725.0,1496.8262
MOVE,0,1.0,0.013725491,441222932,724.28613,1507.1396
MOVE,0,1.0,0.013725491,441222940,724.0,1517.1445
MOVE,0,1.0,0.011764707,441222949,724.0,1525.7168
MOVE,0,1.0,0.011764707,441222957,724.0,1533.8057
MOVE,0,1.0,0.011764707,441222965,724.0,1541.8467
MOVE,0,1.0,0.013725491,441222974,724.0,1549.7998
MOVE,0,1.0,0.013725491,441222982,724.0,1557.7832
MOVE,0,1.0,0.013725491,441222990,724.0,1565.8066
MOVE,0,1.0,0.013725491,441222998,724.73145,1572.3887
MOVE,0,1.0,0.011764707,441223007,726.4297,1577.5732
MOVE,0,1.0,0.011764707,441223015,727.71875,1581.874
MOVE,0,1.0,0.011764707,441223023,728.7256,1585.9014
MOVE,0,1.0,0.009803922,441223032,729.7285,1588.458
MOVE,0,1.0,0.009803922,441223040,730.73047,1590.4619
MOVE,0,1.0,0.009803922,441223047,731.5,1592.0
MOVE,0,1.0,0.009803922,441223065,731.73535,1592.0
MOVE,0,1.0,0.009803922,441223073,732.0,1592.0
MOVE,0,1.0,0.009803922,441223082,732.0,1592.0
MOVE,0,1.0,0.009803922,441223088,732.0,1593.5
MOVE,0,1.0,0.009803922,441223107,732.0,1594.7139
MOVE,0,1.0,0.009803922,441223115,732.72363,1596.4463
MOVE,0,1.0,0.009803922,441223123,733.0,1597.7236
MOVE,0,1.0,0.009803922,441223132,733.0,1598.7227
MOVE,0,1.0,0.009803922,441223140,733.0,1599.0
MOVE,0,1.0,0.009803922,441223148,733.0,1599.0
MOVE,0,1.0,0.009803922,441223155,733.0,1600.5
MOVE,0,1.0,0.009803922,441223173,733.0,1600.5
MOVE,0,1.0,0.009803922,441223180,731.5,1601.5
MOVE,0,1.0,0.009803922,441223198,730.27637,1601.0
MOVE,0,1.0,0.009803922,441223207,729.27734,1599.5557
MOVE,0,1.0,0.009803922,441223215,728.2803,1595.4033
MOVE,0,1.0,0.009803922,441223223,727.27734,1588.9414
MOVE,0,1.0,0.011764707,441223232,725.56445,1581.9746
MOVE,0,1.0,0.011764707,441223240,724.2822,1574.2588
MOVE,0,1.0,0.011764707,441223248,724.7256,1566.1982
MOVE,0,1.0,0.011764707,441223257,725.7207,1558.2334
MOVE,0,1.0,0.009803922,441223265,726.0,1549.5361
MOVE,0,1.0,0.011764707,441223273,726.0,1540.5752
MOVE,0,1.0,0.013725491,441223282,726.7158,1531.5547
MOVE,0,1.0,0.011764707,441223290,727.0,1520.2637
MOVE,0,1.0,0.011764707,441223298,728.4531,1508.2803
MOVE,0,1.0,0.011764707,441223307,731.1123,1495.1445
MOVE,0,1.0,0.013725491,441223315,734.8672,1480.9639
MOVE,0,1.0,0.009803922,441223323,738.16113,1466.915
MOVE,0,1.0,0.011764707,441223332,741.1699,1452.875
MOVE,0,1.0,0.011764707,441223340,744.1963,1438.75
MOVE,0,1.0,0.013725491,441223348,747.9385,1424.7158
MOVE,0,1.0,0.013725491,441223357,751.17773,1410.8359
MOVE,0,1.0,0.011764707,441223365,754.1846,1397.5322
MOVE,0,1.0,0.013725491,441223373,757.9053,1384.5576
MOVE,0,1.0,0.013725491,441223382,761.1885,1371.5186
MOVE,0,1.0,0.015686275,441223390,764.9209,1359.9668
MOVE,0,1.0,0.015686275,441223398,768.05176,1349.4775
MOVE,0,1.0,0.013725491,441223407,771.124,1339.6289
MOVE,0,1.0,0.013725491,441223415,774.93066,1330.4072
MOVE,0,1.0,0.013725491,441223423,778.9199,1322.1602
MOVE,0,1.0,0.011764707,441223432,782.9248,1314.8818
MOVE,0,1.0,0.015686275,441223440,786.9053,1307.915
MOVE,0,1.0,0.015686275,441223448,790.1865,1301.627
MOVE,0,1.0,0.015686275,441223457,792.46387,1295.6084
MOVE,0,1.0,0.01764706,441223465,794.45605,1289.6309
MOVE,0,1.0,0.013725491,441223473,796.42285,1285.1543
MOVE,0,1.0,0.011764707,441223482,798.43164,1281.1357
MOVE,0,1.0,0.011764707,441223490,800.4365,1277.127
MOVE,0,1.0,0.011764707,441223498,801.72363,1273.1074
MOVE,0,1.0,0.011764707,441223507,802.0,1269.8291
MOVE,0,1.0,0.011764707,441223515,802.7207,1267.5576
MOVE,0,1.0,0.011764707,441223523,803.0,1264.8145
MOVE,0,1.0,0.011764707,441223532,803.0,1261.8115
MOVE,0,1.0,0.011764707,441223540,803.0,1259.5498
MOVE,0,1.0,0.011764707,441223548,803.7285,1256.8154
MOVE,0,1.0,0.011764707,441223557,804.0,1254.5381
MOVE,0,1.0,0.011764707,441223565,804.0,1251.8467
MOVE,0,1.0,0.011764707,441223573,804.7168,1248.8496
MOVE,0,1.0,0.011764707,441223582,805.7207,1245.8369
MOVE,0,1.0,0.011764707,441223590,806.7217,1242.8359
MOVE,0,1.0,0.015686275,441223598,808.4414,1239.8379
MOVE,0,1.0,0.015686275,441223607,810.3916,1236.2178
MOVE,0,1.0,0.015686275,441223615,812.4346,1232.1318
MOVE,0,1.0,0.015686275,441223623,815.9209,1227.3496
MOVE,0,1.0,0.015686275,441223632,819.1826,1222.3633
MOVE,0,1.0,0.015686275,441223640,822.93066,1217.3369
MOVE,0,1.0,0.015686275,441223648,825.459,1212.3525
MOVE,0,1.0,0.015686275,441223657,828.875,1207.4072
MOVE,0,1.0,0.015686275,441223665,832.86816,1203.1318
MOVE,0,1.0,0.013725491,441223673,835.4258,1199.1484
MOVE,0,1.0,0.013725491,441223682,837.41406,1195.8799
MOVE,0,1.0,0.011764707,441223690,839.4238,1193.5762
MOVE,0,1.0,0.011764707,441223698,840.7178,1191.5654
MOVE,0,1.0,0.011764707,441223707,841.7178,1189.5654
MOVE,0,1.0,0.011764707,441223715,842.71875,1187.5625
MOVE,0,1.0,0.015686275,441223723,843.0,1185.5674
MOVE,0,1.0,0.015686275,441223732,843.72266,1184.2773
MOVE,0,1.0,0.015686275,441223740,844.0,1182.5547
MOVE,0,1.0,0.015686275,441223748,844.0,1181.2783
MOVE,0,1.0,0.015686275,441223757,844.72266,1180.2773
MOVE,0,1.0,0.015686275,441223765,845.0,1180.0
MOVE,0,1.0,0.015686275,441223773,845.0,1180.0
MOVE,0,1.0,0.015686275,441223782,845.0,1178.2734
MOVE,0,1.0,0.015686275,441223788,845.0,1177.5
MOVE,0,1.0,0.015686275,441223807,845.0,1177.5
MOVE,0,1.0,0.015686275,441223815,845.0,1177.5
MOVE,0,1.0,0.015686275,441223823,845.0,1177.5
MOVE,0,1.0,0.015686275,441223826,845.0,1177.5
UP,0,1.0,0.015686275,441223834,845.0,1177.5
DOWN,0,1.0,0.011764707,441224402,677.0,1561.0
MOVE,0,1.0,0.011764707,441224415,682.96387,1557.0361
MOVE,0,1.0,0.013725491,441224423,686.93164,1552.4248
MOVE,0,1.0,0.013725491,441224432,689.4043,1549.5957
MOVE,0,1.0,0.013725491,441224440,695.7988,1539.5771
MOVE,0,1.0,0.011764707,441224448,706.4453,1520.5176
MOVE,0,1.0,0.013725491,441224457,720.63574,1494.8564
MOVE,0,1.0,0.011764707,441224465,735.0947,1466.0889
MOVE,0,1.0,0.013725491,441224473,747.6543,1437.085
MOVE,0,1.0,0.013725491,441224482,758.94336,1408.7822
MOVE,0,1.0,0.013725491,441224490,768.48145,1381.5557
MOVE,0,1.0,0.013725491,441224498,776.00977,1356.1084
MOVE,0,1.0,0.011764707,441224507,783.74316,1333.9229
MOVE,0,1.0,0.011764707,441224515,790.22363,1315.3281
MOVE,0,1.0,0.013725491,441224523,795.5254,1299.4238
MOVE,0,1.0,0.011764707,441224532,800.53906,1286.5068
MOVE,0,1.0,0.011764707,441224540,804.15137,1274.3955
MOVE,0,1.0,0.011764707,441224548,807.86035,1263.8496
MOVE,0,1.0,0.013725491,441224557,812.5342,1253.9316
MOVE,0,1.0,0.015686275,441224565,816.7969,1245.4062
MOVE,0,1.0,0.015686275,441224573,820.82227,1236.6494
MOVE,0,1.0,0.015686275,441224582,824.875,1227.5312
MOVE,0,1.0,0.015686275,441224590,829.5078,1217.9834
MOVE,0,1.0,0.013725491,441224598,835.2324,1207.9463
MOVE,0,1.0,0.011764707,441224607,842.7832,1197.0479
MOVE,0,1.0,0.011764707,441224615,851.4863,1186.0723
MOVE,0,1.0,0.013725491,441224623,861.26953,1175.0029
MOVE,0,1.0,0.015686275,441224632,870.51074,1164.043
MOVE,0,1.0,0.015686275,441224640,878.78613,1153.044
MOVE,0,1.0,0.015686275,441224648,885.11523,1143.8262
MOVE,0,1.0,0.01764706,441224657,891.2383,1134.6436
MOVE,0,1.0,0.015686275,441224665,896.6123,1126.2207
MOVE,0,1.0,0.015686275,441224673,901.59766,1118.2441
MOVE,0,1.0,0.015686275,441224682,906.60156,1110.958
MOVE,0,1.0,0.013725491,441224690,912.22754,1104.7725
MOVE,0,1.0,0.013725491,441224698,917.625,1099.375
MOVE,0,1.0,0.013725491,441224707,922.65625,1094.3447
MOVE,0,1.0,0.011764707,441224715,926.85645,1089.4287
MOVE,0,1.0,0.011764707,441224723,930.8926,1085.831
MOVE,0,1.0,0.011764707,441224732,934.916,1082.084
MOVE,0,1.0,0.011764707,441224740,939.6533,1078.8076
MOVE,0,1.0,0.015686275,441224748,945.3594,1075.8203
MOVE,0,1.0,0.013725491,441224757,950.51855,1072.1855
MOVE,0,1.0,0.015686275,441224765,956.3281,1068.1143
MOVE,0,1.0,0.015686275,441224773,962.3047,1064.8477
MOVE,0,1.0,0.015686275,441224776,964.0,1064.0
UP,0,1.0,0.015686275,441224784,964.0,1064.0
DOWN,0,1.0,0.011764707,441224976,742.0,1304.0
MOVE,0,1.0,0.011764707,441224998,742.0,1307.6348
MOVE,0,1.0,0.011764707,441225007,742.0,1314.3799
MOVE,0,1.0,0.011764707,441225015,742.0,1319.8086
MOVE,0,1.0,0.011764707,441225023,742.0,1321.7188
MOVE,0,1.0,0.013725491,441225032,740.5469,1326.3594
MOVE,0,1.0,0.015686275,441225040,737.83203,1338.1162
MOVE,0,1.0,0.011764707,441225048,734.88184,1352.5898
MOVE,0,1.0,0.011764707,441225057,731.1631,1367.6377
MOVE,0,1.0,0.013725491,441225065,727.124,1382.7842
MOVE,0,1.0,0.011764707,441225073,723.1045,1399.3037
MOVE,0,1.0,0.013725491,441225082,719.13965,1416.8721
MOVE,0,1.0,0.013725491,441225090,715.97656,1433.4688
MOVE,0,1.0,0.013725491,441225098,712.9121,1450.1338
MOVE,0,1.0,0.011764707,441225107,711.2881,1466.3984
MOVE,0,1.0,0.013725491,441225115,710.29297,1483.0156
MOVE,0,1.0,0.013725491,441225123,710.0,1500.0283
MOVE,0,1.0,0.011764707,441225132,710.0,1516.3438
MOVE,0,1.0,0.011764707,441225140,710.0,1531.8389
MOVE,0,1.0,0.013725491,441225148,710.0,1544.706
MOVE,0,1.0,0.013725491,441225157,710.0,1554.2139
MOVE,0,1.0,0.013725491,441225165,710.69824,1563.2842
MOVE,0,1.0,0.013725491,441225173,712.4287,1571.7129
MOVE,0,1.0,0.013725491,441225182,714.4463,1579.7852
MOVE,0,1.0,0.009803922,441225190,715.6953,1586.8643
MOVE,0,1.0,0.009803922,441225198,717.4297,1593.2881
MOVE,0,1.0,0.009803922,441225207,719.42773,1598.5684
MOVE,0,1.0,0.011764707,441225215,721.4238,1602.8486
MOVE,0,1.0,0.009803922,441225223,722.73047,1606.9209
MOVE,0,1.0,0.009803922,441225232,723.7246,1610.1738
MOVE,0,1.0,0.011764707,441225240,724.7207,1613.8838
MOVE,0,1.0,0.011764707,441225248,724.2705,1619.3799
MOVE,0,1.0,0.011764707,441225257,723.2637,1625.417
MOVE,0,1.0,0.011764707,441225265,723.0,1631.4238
MOVE,0,1.0,0.011764707,441225273,723.0,1635.9326
MOVE,0,1.0,0.011764707,441225282,724.3887,1639.7773
MOVE,0,1.0,0.013725491,441225284,725.0,1641.0
UP,0,1.0,0.013725491,441225292,725.0,1641.0
DOWN,0,1.0,0.009803922,441225628,762.0,1539.0
MOVE,0,1.0,0.011764707,441225640,762.66895,1538.332
MOVE,0,1.0,0.011764707,441225648,765.8506,1535.8623
MOVE,0,1.0,0.011764707,441225657,771.31836,1529.2422
MOVE,0,1.0,0.013725491,441225665,775.86523,1523.419
MOVE,0,1.0,0.011764707,441225673,779.04004,1515.8799
MOVE,0,1.0,0.013725491,441225682,784.8135,1498.5605
MOVE,0,1.0,0.011764707,441225690,791.2207,1473.0088
MOVE,0,1.0,0.011764707,441225698,797.999,1445.0059
MOVE,0,1.0,0.011764707,441225707,804.22656,1418.6865
MOVE,0,1.0,0.011764707,441225715,810.19336,1394.2256
MOVE,0,1.0,0.013725491,441225723,814.8096,1373.6543
MOVE,0,1.0,0.011764707,441225732,818.8291,1358.8066
MOVE,0,1.0,0.013725491,441225740,822.1172,1348.6484
MOVE,0,1.0,0.013725491,441225748,825.14746,1340.9902
MOVE,0,1.0,0.013725491,441225757,828.1465,1334.706
MOVE,0,1.0,0.013725491,441225765,831.1416,1328.7178
MOVE,0,1.0,0.011764707,441225773,834.11816,1322.0586
MOVE,0,1.0,0.015686275,441225782,837.0996,1315.1006
MOVE,0,1.0,0.015686275,441225790,840.8301,1306.6328
MOVE,0,1.0,0.015686275,441225798,844.8613,1296.1309
MOVE,0,1.0,0.013725491,441225807,850.25,1283.791
MOVE,0,1.0,0.011764707,441225815,856.22754,1269.4316
MOVE,0,1.0,0.011764707,441225823,861.51074,1255.1699
MOVE,0,1.0,0.011764707,441225832,867.26953,1242.4609
MOVE,0,1.0,0.015686275,441225840,874.0205,1231.8281
MOVE,0,1.0,0.015686275,441225848,879.60156,1221.0771
MOVE,0,1.0,0.011764707,441225857,884.6172,1210.7666
MOVE,0,1.0,0.013725491,441225865,889.6416,1201.4463
MOVE,0,1.0,0.013725491,441225873,896.0088,1193.2754
MOVE,0,1.0,0.015686275,441225882,903.0586,1184.4961
MOVE,0,1.0,0.015686275,441225890,908.6221,1175.4805
MOVE,0,1.0,0.013725491,441225898,914.9971,1165.1475
MOVE,0,1.0,0.011764707,441225907,923.4785,1153.3623
MOVE,0,1.0,0.011764707,441225915,933.07227,1141.5137
MOVE,0,1.0,0.011764707,441225923,945.3418,1126.502
MOVE,0,1.0,0.015686275,441225932,961.999,1107.5576
MOVE,0,1.0,0.011764707,441225940,984.3262,1086.8389
MOVE,0,1.0,0.011764707,441225948,1007.5596,1065.8799
MOVE,0,1.0,0.011764707,441225951,1014.0,1060.0
UP,0,1.0,0.011764707,441225959,1014.0,1060.0
DOWN,0,1.0,0.011764707,441226190,843.0,1214.0
MOVE,0,1.0,0.013725491,441226198,843.0,1214.0
MOVE,0,1.0,0.013725491,441226207,843.0,1214.0
MOVE,0,1.0,0.013725491,441226215,843.0,1214.0
MOVE,0,1.0,0.013725491,441226223,843.0,1214.0
MOVE,0,1.0,0.013725491,441226232,843.0,1214.0
MOVE,0,1.0,0.013725491,441226240,843.0,1214.0
MOVE,0,1.0,0.013725491,441226248,843.0,1214.0
MOVE,0,1.0,0.013725491,441226257,843.0,1214.0
MOVE,0,1.0,0.013725491,441226265,843.0,1214.0
MOVE,0,1.0,0.013725491,441226273,843.0,1214.0
MOVE,0,1.0,0.013725491,441226282,843.0,1214.0
MOVE,0,1.0,0.013725491,441226290,843.0,1214.0
MOVE,0,1.0,0.013725491,441226298,843.0,1214.0
MOVE,0,1.0,0.013725491,441226307,843.0,1214.0
MOVE,0,1.0,0.013725491,441226315,843.0,1214.0
MOVE,0,1.0,0.013725491,441226323,843.0,1214.0
MOVE,0,1.0,0.013725491,441226332,843.0,1214.0
MOVE,0,1.0,0.013725491,441226340,843.0,1214.0
MOVE,0,1.0,0.013725491,441226348,843.0,1214.0
MOVE,0,1.0,0.013725491,441226357,843.0,1214.0
MOVE,0,1.0,0.013725491,441226365,843.0,1214.0
MOVE,0,1.0,0.015686275,441226367,843.0,1215.0
UP,0,1.0,0.015686275,441226376,843.0,1215.0
MOVE,0,1.0,0.015686275,441229440,865.4131,1163.043
MOVE,0,1.0,0.011764707,441229448,858.96387,1181.3906
MOVE,0,1.0,0.015686275,441229456,850.6084,1204.7549
MOVE,0,1.0,0.013725491,441229465,841.64746,1231.0586
MOVE,0,1.0,0.013725491,441229473,831.27344,1260.0732
MOVE,0,1.0,0.013725491,441229481,821.626,1290.248
MOVE,0,1.0,0.011764707,441229490,813.31934,1319.5918
MOVE,0,1.0,0.011764707,441229498,807.48047,1349.1172
MOVE,0,1.0,0.011764707,441229506,802.45215,1376.4502
MOVE,0,1.0,0.009803922,441229515,797.45996,1401.7002
MOVE,0,1.0,0.011764707,441229523,793.875,1424.5859
MOVE,0,1.0,0.011764707,441229531,790.8633,1445.2461
MOVE,0,1.0,0.011764707,441229540,789.2881,1462.3906
MOVE,0,1.0,0.013725491,441229548,789.0,1477.0078
MOVE,0,1.0,0.011764707,441229556,789.0,1490.5938
MOVE,0,1.0,0.011764707,441229565,789.7051,1504.8662
MOVE,0,1.0,0.009803922,441229573,791.416,1518.2041
MOVE,0,1.0,0.009803922,441229581,792.709,1530.5039
MOVE,0,1.0,0.009803922,441229590,793.0,1542.6074
MOVE,0,1.0,0.011764707,441229598,793.70605,1553.7617
MOVE,0,1.0,0.011764707,441229606,795.43164,1563.4424
MOVE,0,1.0,0.011764707,441229615,796.71875,1571.7529
MOVE,0,1.0,0.011764707,441229623,797.7197,1579.7549
MOVE,0,1.0,0.009803922,441229631,798.7197,1587.7578
MOVE,0,1.0,0.009803922,441229640,799.71387,1595.7109
MOVE,0,1.0,0.013725491,441229648,802.1455,1605.1523
MOVE,0,1.0,0.011764707,441229656,804.4414,1615.9248
MOVE,0,1.0,0.011764707,441229665,807.8613,1627.584
MOVE,0,1.0,0.011764707,441229673,813.28906,1638.8633
MOVE,0,1.0,0.013725491,441229681,818.6084,1651.3818
MOVE,0,1.0,0.013725491,441229690,822.8867,1665.8242
MOVE,0,1.0,0.011764707,441229698,826.16895,1680.123
MOVE,0,1.0,0.013725491,441229706,832.8115,1691.2637
MOVE,0,1.0,0.013725491,441229715,840.11914,1702.044
MOVE,0,1.0,0.013725491,441229717,842.0,1705.0
UP,0,1.0,0.013725491,441229725,842.0,1705.0
DOWN,0,1.0,0.011764707,441230118,984.0,1086.0
MOVE,0,1.0,0.015686275,441230131,983.29395,1086.0
MOVE,0,1.0,0.013725491,441230140,981.57715,1088.1338
MOVE,0,1.0,0.013725491,441230148,978.23145,1093.1523
MOVE,0,1.0,0.015686275,441230156,973.4795,1099.2246
MOVE,0,1.0,0.015686275,441230165,970.5576,1103.8848
MOVE,0,1.0,0.015686275,441230173,969.292,1105.708
MOVE,0,1.0,0.015686275,441230181,966.18066,1110.9346
MOVE,0,1.0,0.015686275,441230190,960.10547,1121.3916
MOVE,0,1.0,0.015686275,441230198,952.41016,1134.7822
MOVE,0,1.0,0.015686275,441230206,944.28613,1150.4277
MOVE,0,1.0,0.01764706,441230215,935.6123,1165.6465
MOVE,0,1.0,0.011764707,441230223,926.6279,1182.7451
MOVE,0,1.0,0.013725491,441230231,917.5127,1200.9746
MOVE,0,1.0,0.015686275,441230240,907.8799,1218.8164
MOVE,0,1.0,0.013725491,441230248,899.3584,1235.9883
MOVE,0,1.0,0.013725491,441230256,891.92285,1251.8789
MOVE,0,1.0,0.011764707,441230265,886.3496,1266.2217
MOVE,0,1.0,0.015686275,441230273,881.34766,1279.4961
MOVE,0,1.0,0.013725491,441230281,877.8252,1292.4238
MOVE,0,1.0,0.013725491,441230290,874.83496,1305.3809
MOVE,0,1.0,0.011764707,441230298,871.81836,1319.1807
MOVE,0,1.0,0.011764707,441230306,868.10547,1332.4082
MOVE,0,1.0,0.009803922,441230315,865.5654,1345.3281
MOVE,0,1.0,0.013725491,441230323,863.55664,1358.3809
MOVE,0,1.0,0.011764707,441230331,860.8125,1371.4785
MOVE,0,1.0,0.011764707,441230340,857.8174,1383.7305
MOVE,0,1.0,0.011764707,441230348,854.8203,1394.2666
MOVE,0,1.0,0.013725491,441230356,852.55664,1402.7734
MOVE,0,1.0,0.013725491,441230365,850.5488,1409.3525
MOVE,0,1.0,0.011764707,441230373,849.2744,1413.1777
MOVE,0,1.0,0.011764707,441230381,848.28613,1415.4277
MOVE,0,1.0,0.011764707,441230390,847.2969,1416.0
MOVE,0,1.0,0.011764707,441230398,846.29395,1416.0
MOVE,0,1.0,0.011764707,441230406,844.5713,1413.8564
MOVE,0,1.0,0.013725491,441230415,841.82715,1407.9307
MOVE,0,1.0,0.013725491,441230423,838.8291,1395.1445
MOVE,0,1.0,0.013725491,441230431,837.2842,1374.5264
MOVE,0,1.0,0.015686275,441230440,839.1494,1347.2227
MOVE,0,1.0,0.011764707,441230448,844.3291,1316.6328
MOVE,0,1.0,0.015686275,441230456,852.4873,1285.6543
MOVE,0,1.0,0.011764707,441230465,862.9004,1255.4541
MOVE,0,1.0,0.015686275,441230473,875.7666,1225.374
MOVE,0,1.0,0.013725491,441230481,892.66016,1192.79
MOVE,0,1.0,0.013725491,441230490,915.1738,1157.9551
MOVE,0,1.0,0.011764707,441230498,943.16016,1124.8564
MOVE,0,1.0,0.013725491,441230506,978.5322,1089.1494
MOVE,0,1.0,0.011764707,441230515,1014.65234,1053.3486
MOVE,0,1.0,0.011764707,441230517,1025.0,1043.0
UP,0,1.0,0.011764707,441230526,1025.0,1043.0
DOWN,0,1.0,0.011764707,441230794,787.0,1364.0
MOVE,0,1.0,0.013725491,441230806,787.0,1364.0
MOVE,0,1.0,0.013725491,441230815,787.0,1364.0
MOVE,0,1.0,0.013725491,441230823,787.0,1364.0
MOVE,0,1.0,0.013725491,441230831,787.0,1364.0
MOVE,0,1.0,0.013725491,441230840,787.0,1364.0
MOVE,0,1.0,0.013725491,441230848,787.0,1364.0
MOVE,0,1.0,0.013725491,441230856,787.0,1364.0
MOVE,0,1.0,0.013725491,441230865,787.0,1364.0
MOVE,0,1.0,0.013725491,441230873,787.0,1364.0
MOVE,0,1.0,0.013725491,441230881,787.0,1364.0
MOVE,0,1.0,0.013725491,441230890,787.0,1364.0
MOVE,0,1.0,0.013725491,441230898,787.0,1364.0
MOVE,0,1.0,0.013725491,441230906,787.0,1364.0
MOVE,0,1.0,0.013725491,441230915,787.0,1364.0
MOVE,0,1.0,0.013725491,441230923,787.0,1364.0
MOVE,0,1.0,0.013725491,441230931,787.0,1364.0
MOVE,0,1.0,0.013725491,441230940,787.0,1364.0
MOVE,0,1.0,0.013725491,441230948,787.0,1364.0
MOVE,0,1.0,0.013725491,441230956,787.0,1364.0
MOVE,0,1.0,0.013725491,441230965,787.0,1364.0
MOVE,0,1.0,0.013725491,441230973,787.0,1364.0
MOVE,0,1.0,0.013725491,441230981,789.1084,1360.1885
MOVE,0,1.0,0.009803922,441230990,792.0908,1354.8184
MOVE,0,1.0,0.011764707,441230998,795.77637,1348.1406
MOVE,0,1.0,0.011764707,441231006,799.84766,1339.5918
MOVE,0,1.0,0.011764707,441231015,805.99316,1327.7266
MOVE,0,1.0,0.013725491,441231023,813.8008,1312.3975
MOVE,0,1.0,0.015686275,441231031,821.7383,1295.0898
MOVE,0,1.0,0.013725491,441231040,831.19336,1277.7715
MOVE,0,1.0,0.011764707,441231048,840.43164,1260.8506
MOVE,0,1.0,0.015686275,441231056,848.7217,1246.7031
MOVE,0,1.0,0.015686275,441231065,854.61816,1235.0391
MOVE,0,1.0,0.013725491,441231073,858.88965,1226.2207
MOVE,0,1.0,0.011764707,441231081,862.14844,1218.9873
MOVE,0,1.0,0.011764707,441231090,865.167,1212.666
MOVE,0,1.0,0.011764707,441231098,868.1885,1207.3525
MOVE,0,1.0,0.011764707,441231106,870.44727,1203.1055
MOVE,0,1.0,0.011764707,441231115,872.4053,1199.8926
MOVE,0,1.0,0.011764707,441231123,874.4414,1196.8379
MOVE,0,1.0,0.011764707,441231131,875.7256,1194.5498
MOVE,0,1.0,0.011764707,441231140,877.4512,1192.5488
MOVE,0,1.0,0.013725491,441231148,879.4629,1190.5371
MOVE,0,1.0,0.015686275,441231156,880.7324,1188.5361
MOVE,0,1.0,0.015686275,441231165,882.4258,1186.5742
MOVE,0,1.0,0.015686275,441231173,883.7217,1184.5576
MOVE,0,1.0,0.015686275,441231181,885.43945,1181.8418
MOVE,0,1.0,0.015686275,441231190,886.71387,1179.5732
MOVE,0,1.0,0.015686275,441231198,888.43164,1176.1367
MOVE,0,1.0,0.015686275,441231206,889.7158,1172.1377
MOVE,0,1.0,0.015686275,441231215,890.6787,1168.9629
MOVE,0,1.0,0.015686275,441231223,893.124,1165.876
MOVE,0,1.0,0.015686275,441231231,894.73047,1162.8076
MOVE,0,1.0,0.015686275,441231240,896.4463,1159.1064
MOVE,0,1.0,0.015686275,441231248,899.1494,1155.8506
MOVE,0,1.0,0.015686275,441231256,902.1797,1152.8203
MOVE,0,1.0,0.015686275,441231265,905.9209,1149.8096
MOVE,0,1.0,0.011764707,441231273,910.63184,1146.8213
MOVE,0,1.0,0.011764707,441231281,914.8867,1143.835
MOVE,0,1.0,0.011764707,441231290,919.5996,1141.5596
MOVE,0,1.0,0.011764707,441231298,923.1426,1138.8574
MOVE,0,1.0,0.011764707,441231306,926.8584,1135.8555
MOVE,0,1.0,0.011764707,441231315,929.4326,1132.8516
MOVE,0,1.0,0.011764707,441231323,931.45996,1129.0791
MOVE,0,1.0,0.013725491,441231331,934.2031,1125.0625
MOVE,0,1.0,0.013725491,441231340,937.93164,1120.3359
MOVE,0,1.0,0.013725491,441231348,941.1787,1115.3691
MOVE,0,1.0,0.015686275,441231356,945.6543,1108.8848
MOVE,0,1.0,0.015686275,441231365,951.3789,1101.1621
MOVE,0,1.0,0.015686275,441231373,959.5654,1093.1641
MOVE,0,1.0,0.013725491,441231381,971.45703,1083.7246
MOVE,0,1.0,0.011764707,441231390,985.1084,1073.0576
MOVE,0,1.0,0.011764707,441231398,1001.2256,1061.3701
MOVE,0,1.0,0.013725491,441231406,1018.19727,1048.6729
MOVE,0,1.0,0.013725491,441231415,1057.8232,1013.73047
MOVE,0,1.0,0.013725491,441231417,1072.0,1001.0
UP,0,1.0,0.013725491,441231425,1072.0,1001.0
DOWN,0,1.0,0.009803922,441231886,764.0,1418.0
MOVE,0,1.0,0.015686275,441231898,764.0,1418.0
MOVE,0,1.0,0.015686275,441231906,764.0,1418.0
MOVE,0,1.0,0.015686275,441231915,764.0,1418.0
MOVE,0,1.0,0.013725491,441231923,766.42773,1417.2861
MOVE,0,1.0,0.011764707,441231931,767.7217,1417.0
MOVE,0,1.0,0.013725491,441231940,769.42773,1417.0
MOVE,0,1.0,0.013725491,441231948,771.44824,1417.0
MOVE,0,1.0,0.013725491,441231956,773.45605,1417.0
MOVE,0,1.0,0.013725491,441231965,774.7256,1417.0
MOVE,0,1.0,0.013725491,441231973,776.4502,1417.7256
MOVE,0,1.0,0.013725491,441231981,777.71387,1418.7139
MOVE,0,1.0,0.013725491,441231990,779.42773,1420.4277
MOVE,0,1.0,0.011764707,441231998,780.7031,1422.4053
MOVE,0,1.0,0.011764707,441232006,782.416,1425.123
MOVE,0,1.0,0.011764707,441232015,783.70996,1428.1299
MOVE,0,1.0,0.011764707,441232023,784.7168,1430.4326
MOVE,0,1.0,0.013725491,441232029,785.5,1432.0
MOVE,0,1.0,0.013725491,441232048,785.5,1432.0
MOVE,0,1.0,0.013725491,441232056,785.5,1432.0
MOVE,0,1.0,0.013725491,441232065,785.5,1432.0
MOVE,0,1.0,0.013725491,441232073,785.5,1432.0
MOVE,0,1.0,0.013725491,441232081,785.0,1433.4258
MOVE,0,1.0,0.013725491,441232090,785.0,1435.4473
MOVE,0,1.0,0.013725491,441232098,785.0,1437.4482
MOVE,0,1.0,0.013725491,441232106,785.0,1439.4365
MOVE,0,1.0,0.013725491,441232115,785.0,1440.7109
MOVE,0,1.0,0.013725491,441232123,785.0,1441.7051
MOVE,0,1.0,0.013725491,441232131,785.0,1443.4404
MOVE,0,1.0,0.013725491,441232140,785.0,1446.1582
MOVE,0,1.0,0.013725491,441232148,785.0,1448.4434
MOVE,0,1.0,0.013725491,441232156,785.0,1449.7168
MOVE,0,1.0,0.013725491,441232165,785.0,1450.7178
MOVE,0,1.0,0.013725491,441232173,785.0,1451.7227
MOVE,0,1.0,0.013725491,441232181,785.0,1453.4316
MOVE,0,1.0,0.013725491,441232190,785.71875,1454.7188
MOVE,0,1.0,0.013725491,441232198,786.0,1456.4434
MOVE,0,1.0,0.013725491,441232206,786.0,1458.4443
MOVE,0,1.0,0.013725491,441232215,786.0,1460.4355
MOVE,0,1.0,0.013725491,441232223,786.71387,1463.1406
MOVE,0,1.0,0.011764707,441232231,787.70996,1466.1299
MOVE,0,1.0,0.011764707,441232240,788.0,1469.1299
MOVE,0,1.0,0.011764707,441232248,788.0,1472.1572
MOVE,0,1.0,0.011764707,441232256,788.0,1474.4521
MOVE,0,1.0,0.011764707,441232265,788.72754,1476.4551
MOVE,0,1.0,0.011764707,441232273,789.0,1478.419
MOVE,0,1.0,0.011764707,441232281,789.0,1479.7139
MOVE,0,1.0,0.011764707,441232290,789.0,1480.7344
MOVE,0,1.0,0.011764707,441232298,789.0,1481.7354
MOVE,0,1.0,0.013725491,441232306,788.2744,1482.7256
MOVE,0,1.0,0.013725491,441232315,787.27734,1483.7227
MOVE,0,1.0,0.011764707,441232323,786.2715,1484.0
MOVE,0,1.0,0.013725491,441232331,785.26855,1484.0
MOVE,0,1.0,0.013725491,441232340,783.5371,1484.7314
MOVE,0,1.0,0.013725491,441232348,779.33594,1485.7334
MOVE,0,1.0,0.013725491,441232356,775.8447,1486.7188
MOVE,0,1.0,0.013725491,441232365,775.6865,1487.0
MOVE,0,1.0,0.015686275,441232367,776.0,1487.0
UP,0,1.0,0.015686275,441232375,776.0,1487.0
MOVE,0,1.0,0.009803922,441240291,738.99414,1439.7246
MOVE,0,1.0,0.011764707,441240299,744.5879,1426.6719
MOVE,0,1.0,0.011764707,441240307,750.26465,1413.0488
MOVE,0,1.0,0.013725491,441240316,756.2637,1398.3408
MOVE,0,1.0,0.013725491,441240324,762.2676,1384.043
MOVE,0,1.0,0.015686275,441240332,768.31445,1371.3711
MOVE,0,1.0,0.013725491,441240341,773.6035,1359.3506
MOVE,0,1.0,0.013725491,441240349,778.5078,1348.9834
MOVE,0,1.0,0.011764707,441240357,783.4697,1339.0605
MOVE,0,1.0,0.011764707,441240366,787.7578,1330.4844
MOVE,0,1.0,0.011764707,441240374,791.74414,1323.8838
MOVE,0,1.0,0.011764707,441240382,795.1201,1317.7598
MOVE,0,1.0,0.011764707,441240391,798.1221,1312.4629
MOVE,0,1.0,0.011764707,441240399,800.4248,1308.1504
MOVE,0,1.0,0.011764707,441240407,802.42676,1304.1465
MOVE,0,1.0,0.011764707,441240416,804.42285,1300.8652
MOVE,0,1.0,0.015686275,441240424,805.7158,1298.5693
MOVE,0,1.0,0.015686275,441240432,807.4346,1295.8486
MOVE,0,1.0,0.015686275,441240441,809.4463,1294.2764
MOVE,0,1.0,0.015686275,441240449,810.7129,1292.5742
MOVE,0,1.0,0.015686275,441240457,811.0,1291.2852
MOVE,0,1.0,0.011764707,441240466,811.0,1291.0
MOVE,0,1.0,0.011764707,441240474,811.0,1291.0
MOVE,0,1.0,0.011764707,441240482,811.0,1291.0
MOVE,0,1.0,0.011764707,441240491,811.0,1291.0
MOVE,0,1.0,0.011764707,441240499,811.0,1291.0
MOVE,0,1.0,0.011764707,441240507,811.0,1291.0
MOVE,0,1.0,0.011764707,441240516,811.0,1291.0
MOVE,0,1.0,0.015686275,441240522,811.0,1289.5
MOVE,0,1.0,0.015686275,441240541,811.0,1289.5
MOVE,0,1.0,0.015686275,441240549,811.0,1289.5
MOVE,0,1.0,0.015686275,441240557,811.0,1289.5
MOVE,0,1.0,0.015686275,441240566,811.0,1289.5
MOVE,0,1.0,0.015686275,441240574,811.0,1289.5
MOVE,0,1.0,0.015686275,441240582,811.0,1289.5
MOVE,0,1.0,0.015686275,441240591,811.0,1289.5
MOVE,0,1.0,0.015686275,441240599,811.0,1289.5
MOVE,0,1.0,0.015686275,441240607,811.0,1289.5
MOVE,0,1.0,0.015686275,441240616,811.0,1289.5
MOVE,0,1.0,0.015686275,441240624,811.0,1289.5
MOVE,0,1.0,0.015686275,441240632,811.0,1289.5
MOVE,0,1.0,0.015686275,441240641,811.0,1289.5
MOVE,0,1.0,0.015686275,441240649,811.0,1289.5
MOVE,0,1.0,0.015686275,441240657,811.0,1289.5
MOVE,0,1.0,0.015686275,441240666,811.0,1289.5
MOVE,0,1.0,0.015686275,441240674,811.0,1289.5
MOVE,0,1.0,0.015686275,441240682,811.0,1289.5
MOVE,0,1.0,0.015686275,441240691,811.0,1289.5
MOVE,0,1.0,0.015686275,441240699,811.0,1289.5
MOVE,0,1.0,0.015686275,441240707,811.0,1289.5
MOVE,0,1.0,0.015686275,441240716,811.0,1289.5
MOVE,0,1.0,0.015686275,441240724,811.0,1289.5
MOVE,0,1.0,0.015686275,441240732,811.0,1289.5
MOVE,0,1.0,0.015686275,441240741,811.0,1289.5
MOVE,0,1.0,0.015686275,441240749,811.0,1289.5
MOVE,0,1.0,0.015686275,441240757,811.0,1289.5
MOVE,0,1.0,0.015686275,441240766,811.0,1289.5
MOVE,0,1.0,0.015686275,441240774,811.0,1289.5
MOVE,0,1.0,0.015686275,441240782,811.0,1289.5
MOVE,0,1.0,0.015686275,441240791,811.0,1289.5
MOVE,0,1.0,0.015686275,441240799,811.0,1289.5
MOVE,0,1.0,0.015686275,441240807,811.0,1289.5
MOVE,0,1.0,0.013725491,441240816,811.0,1291.708
MOVE,0,1.0,0.013725491,441240824,810.2969,1296.2197
MOVE,0,1.0,0.011764707,441240832,810.0,1305.1133
MOVE,0,1.0,0.011764707,441240841,809.27637,1317.4062
MOVE,0,1.0,0.011764707,441240849,807.53613,1331.25
MOVE,0,1.0,0.009803922,441240857,804.8203,1345.8975
MOVE,0,1.0,0.011764707,441240866,801.83984,1361.5234
MOVE,0,1.0,0.011764707,441240874,799.54297,1378.3887
MOVE,0,1.0,0.011764707,441240882,796.81836,1394.6357
MOVE,0,1.0,0.009803922,441240891,794.57324,1408.9902
MOVE,0,1.0,0.013725491,441240899,792.542,1423.2031
MOVE,0,1.0,0.011764707,441240907,791.2656,1436.5459
MOVE,0,1.0,0.011764707,441240916,790.27344,1449.4502
MOVE,0,1.0,0.011764707,441240924,790.0,1460.9492
MOVE,0,1.0,0.009803922,441240932,790.7256,1472.7119
MOVE,0,1.0,0.011764707,441240941,791.71875,1483.1846
MOVE,0,1.0,0.011764707,441240949,792.0,1492.4619
MOVE,0,1.0,0.011764707,441240957,791.2783,1500.7744
MOVE,0,1.0,0.011764707,441240966,791.0,1507.376
MOVE,0,1.0,0.011764707,441240974,791.0,1512.6318
MOVE,0,1.0,0.011764707,441240982,791.0,1516.8711
MOVE,0,1.0,0.009803922,441240991,791.0,1520.1328
MOVE,0,1.0,0.009803922,441240999,791.0,1523.1484
MOVE,0,1.0,0.009803922,441241007,791.0,1525.4453
MOVE,0,1.0,0.009803922,441241016,791.0,1526.7168
MOVE,0,1.0,0.009803922,441241024,791.71387,1527.7139
MOVE,0,1.0,0.009803922,441241032,792.0,1528.7139
MOVE,0,1.0,0.009803922,441241041,792.0,1530.418
MOVE,0,1.0,0.009803922,441241049,792.0,1531.7158
MOVE,0,1.0,0.009803922,441241055,792.0,1532.5
MOVE,0,1.0,0.009803922,441241074,792.0,1533.0
MOVE,0,1.0,0.009803922,441241082,792.0,1533.0
MOVE,0,1.0,0.009803922,441241089,792.0,1534.5
MOVE,0,1.0,0.009803922,441241107,793.0,1535.7256
MOVE,0,1.0,0.009803922,441241116,793.0,1536.0
MOVE,0,1.0,0.009803922,441241124,793.0,1536.0
MOVE,0,1.0,0.009803922,441241132,792.0,1537.0
MOVE,0,1.0,0.009803922,441241141,792.0,1537.0
MOVE,0,1.0,0.011764707,441241149,791.0,1537.7285
MOVE,0,1.0,0.011764707,441241157,790.2754,1538.0
MOVE,0,1.0,0.011764707,441241166,790.0,1538.0
MOVE,0,1.0,0.011764707,441241174,790.0,1538.0
MOVE,0,1.0,0.011764707,441241182,786.56836,1538.7158
MOVE,0,1.0,0.011764707,441241191,784.5908,1539.0
MOVE,0,1.0,0.015686275,441241193,784.0,1539.0
UP,0,1.0,0.015686275,441241201,784.0,1539.0
MOVE,0,1.0,0.011764707,441256755,739.54785,1388.2285
MOVE,0,1.0,0.011764707,441256764,745.3252,1368.584
MOVE,0,1.0,0.011764707,441256772,751.3242,1350.0283
MOVE,0,1.0,0.015686275,441256780,758.04004,1331.3193
MOVE,0,1.0,0.015686275,441256789,765.7295,1313.1084
MOVE,0,1.0,0.015686275,441256797,773.0029,1296.5654
MOVE,0,1.0,0.011764707,441256805,779.91504,1282.1709
MOVE,0,1.0,0.011764707,441256814,786.2002,1269.5986
MOVE,0,1.0,0.011764707,441256822,792.68555,1258.6377
MOVE,0,1.0,0.015686275,441256830,799.12695,1247.4336
MOVE,0,1.0,0.015686275,441256839,805.22266,1237.667
MOVE,0,1.0,0.011764707,441256847,810.56934,1228.5752
MOVE,0,1.0,0.011764707,441256855,814.8252,1220.3496
MOVE,0,1.0,0.011764707,441256864,818.1367,1213.7266
MOVE,0,1.0,0.013725491,441256872,821.1572,1209.124
MOVE,0,1.0,0.013725491,441256880,823.43066,1205.8535
MOVE,0,1.0,0.013725491,441256889,824.71484,1202.8564
MOVE,0,1.0,0.013725491,441256897,825.7041,1200.5928
MOVE,0,1.0,0.015686275,441256905,827.41895,1198.582
MOVE,0,1.0,0.015686275,441256914,828.6865,1197.3135
MOVE,0,1.0,0.015686275,441256922,829.70703,1196.293
MOVE,0,1.0,0.015686275,441256928,830.5,1195.5
MOVE,0,1.0,0.015686275,441256947,830.5,1195.5
MOVE,0,1.0,0.015686275,441256954,830.0,1194.5
MOVE,0,1.0,0.015686275,441256972,830.0,1194.5
MOVE,0,1.0,0.015686275,441256980,830.0,1194.5
MOVE,0,1.0,0.015686275,441256989,830.0,1194.5
MOVE,0,1.0,0.015686275,441256995,831.5,1195.0
MOVE,0,1.0,0.015686275,441257014,831.5,1195.0
MOVE,0,1.0,0.015686275,441257022,831.5,1195.0
MOVE,0,1.0,0.015686275,441257030,832.0,1195.0
MOVE,0,1.0,0.015686275,441257039,832.0,1195.0
MOVE,0,1.0,0.015686275,441257047,832.0,1195.0
MOVE,0,1.0,0.015686275,441257055,832.0,1195.0
MOVE,0,1.0,0.015686275,441257064,832.0,1195.0
MOVE,0,1.0,0.015686275,441257072,833.0,1196.0
MOVE,0,1.0,0.015686275,441257080,833.0,1196.0
MOVE,0,1.0,0.015686275,441257087,834.5,1197.5
MOVE,0,1.0,0.015686275,441257105,834.5,1197.5
MOVE,0,1.0,0.013725491,441257114,834.7158,1198.0
MOVE,0,1.0,0.015686275,441257122,835.0,1198.7217
MOVE,0,1.0,0.013725491,441257130,835.0,1199.7227
MOVE,0,1.0,0.013725491,441257139,835.72656,1202.1787
MOVE,0,1.0,0.015686275,441257147,835.2832,1208.0176
MOVE,0,1.0,0.015686275,441257155,832.86914,1217.1025
MOVE,0,1.0,0.015686275,441257164,829.1211,1228.6357
MOVE,0,1.0,0.015686275,441257172,825.08203,1240.7539
MOVE,0,1.0,0.013725491,441257180,821.0713,1252.7852
MOVE,0,1.0,0.011764707,441257189,816.37695,1264.6963
MOVE,0,1.0,0.011764707,441257197,812.16895,1277.9072
MOVE,0,1.0,0.015686275,441257205,808.0957,1292.166
MOVE,0,1.0,0.011764707,441257214,804.8701,1305.9375
MOVE,0,1.0,0.011764707,441257222,801.88184,1319.8857
MOVE,0,1.0,0.011764707,441257230,798.09863,1333.4287
MOVE,0,1.0,0.009803922,441257239,794.8467,1346.3291
MOVE,0,1.0,0.015686275,441257247,793.26953,1358.0322
MOVE,0,1.0,0.011764707,441257255,792.2754,1368.251
MOVE,0,1.0,0.011764707,441257264,792.0,1379.0215
MOVE,0,1.0,0.011764707,441257272,792.0,1388.5264
MOVE,0,1.0,0.011764707,441257280,792.7256,1395.3535
MOVE,0,1.0,0.011764707,441257289,793.0,1400.627
MOVE,0,1.0,0.013725491,441257297,792.2803,1404.1592
MOVE,0,1.0,0.013725491,441257305,792.0,1407.126
MOVE,0,1.0,0.013725491,441257314,792.0,1410.1152
MOVE,0,1.0,0.015686275,441257322,792.0,1411.7178
MOVE,0,1.0,0.015686275,441257330,792.0,1412.7227
MOVE,0,1.0,0.011764707,441257339,791.26953,1413.0
MOVE,0,1.0,0.013725491,441257347,791.0,1413.7324
MOVE,0,1.0,0.013725491,441257353,791.0,1414.5
MOVE,0,1.0,0.013725491,441257372,791.0,1414.5
MOVE,0,1.0,0.013725491,441257379,789.5,1414.0
MOVE,0,1.0,0.013725491,441257397,789.5,1414.0
MOVE,0,1.0,0.013725491,441257405,789.5,1414.0
MOVE,0,1.0,0.015686275,441257414,789.0,1414.0
MOVE,0,1.0,0.015686275,441257422,789.0,1414.0
MOVE,0,1.0,0.015686275,441257430,789.0,1414.0
MOVE,0,1.0,0.015686275,441257439,789.0,1414.0
MOVE,0,1.0,0.013725491,441257447,788.0,1414.0
MOVE,0,1.0,0.013725491,441257455,788.0,1414.0
MOVE,0,1.0,0.013725491,441257464,788.0,1414.0
MOVE,0,1.0,0.011764707,441257472,788.0,1420.332
MOVE,0,1.0,0.011764707,441257480,788.72363,1431.4092
MOVE,0,1.0,0.011764707,441257489,789.0,1447.168
MOVE,0,1.0,0.009803922,441257497,789.7207,1465.6934
MOVE,0,1.0,0.009803922,441257505,790.0,1484.8633
MOVE,0,1.0,0.011764707,441257514,789.2715,1502.3916
MOVE,0,1.0,0.011764707,441257522,788.28613,1516.9902
MOVE,0,1.0,0.009803922,441257530,788.0,1528.8574
MOVE,0,1.0,0.009803922,441257539,788.0,1539.1309
MOVE,0,1.0,0.009803922,441257547,788.0,1548.4688
MOVE,0,1.0,0.011764707,441257555,789.4424,1557.4912
MOVE,0,1.0,0.011764707,441257564,791.4326,1565.0146
MOVE,0,1.0,0.011764707,441257572,792.0,1572.1182
MOVE,0,1.0,0.011764707,441257580,792.0,1579.1777
MOVE,0,1.0,0.009803922,441257589,792.7373,1585.4219
MOVE,0,1.0,0.009803922,441257597,793.0,1589.9229
MOVE,0,1.0,0.009803922,441257605,793.0,1593.8711
MOVE,0,1.0,0.009803922,441257614,793.0,1597.8281
MOVE,0,1.0,0.013725491,441257622,793.708,1601.124
MOVE,0,1.0,0.009803922,441257630,794.6963,1604.0879
MOVE,0,1.0,0.009803922,441257639,795.7119,1607.1348
MOVE,0,1.0,0.009803922,441257647,796.0,1610.1699
MOVE,0,1.0,0.009803922,441257655,796.0,1612.4375
MOVE,0,1.0,0.011764707,441257664,796.72266,1614.4463
MOVE,0,1.0,0.011764707,441257670,797.5,1616.0
MOVE,0,1.0,0.011764707,441257689,797.5,1616.0
MOVE,0,1.0,0.011764707,441257697,797.5,1616.0
MOVE,0,1.0,0.011764707,441257705,797.5,1616.0
MOVE,0,1.0,0.011764707,441257712,797.0,1616.5
MOVE,0,1.0,0.011764707,441257730,797.0,1616.5
MOVE,0,1.0,0.011764707,441257739,798.4629,1620.1943
MOVE,0,1.0,0.011764707,441257747,800.4453,1625.335
MOVE,0,1.0,0.011764707,441257755,803.87305,1632.7471
MOVE,0,1.0,0.009803922,441257764,808.62695,1641.5283
MOVE,0,1.0,0.013725491,441257772,813.6875,1649.9004
MOVE,0,1.0,0.013725491,441257780,817.2207,1657.9219
MOVE,0,1.0,0.013725491,441257789,818.7344,1665.8721
MOVE,0,1.0,0.009803922,441257797,819.0,1673.1396
MOVE,0,1.0,0.011764707,441257805,819.0,1679.3252
MOVE,0,1.0,0.011764707,441257814,819.0,1683.1982
MOVE,0,1.0,0.015686275,441257816,819.0,1684.0
UP,0,1.0,0.015686275,441257825,819.0,1684.0
DOWN,0,1.0,0.011764707,441258134,777.0,1330.0
MOVE,0,1.0,0.015686275,441258147,777.0,1330.0
MOVE,0,1.0,0.015686275,441258155,777.0,1330.0
MOVE,0,1.0,0.015686275,441258164,777.0,1330.0
MOVE,0,1.0,0.015686275,441258172,777.0,1330.0
MOVE,0,1.0,0.015686275,441258180,777.0,1330.0
MOVE,0,1.0,0.013725491,441258189,778.7256,1340.5264
MOVE,0,1.0,0.015686275,441258197,779.7217,1347.3281
MOVE,0,1.0,0.011764707,441258205,780.0,1350.3926
MOVE,0,1.0,0.011764707,441258214,780.0,1355.7021
MOVE,0,1.0,0.013725491,441258222,780.0,1366.251
MOVE,0,1.0,0.013725491,441258230,780.0,1378.5166
MOVE,0,1.0,0.011764707,441258239,780.0,1389.1504
MOVE,0,1.0,0.013725491,441258247,780.0,1397.7393
MOVE,0,1.0,0.013725491,441258255,780.0,1405.7344
MOVE,0,1.0,0.011764707,441258264,780.0,1418.8867
MOVE,0,1.0,0.013725491,441258272,780.0,1435.291
MOVE,0,1.0,0.013725491,441258280,778.56836,1445.0098
MOVE,0,1.0,0.013725491,441258289,779.37695,1449.7529
MOVE,0,1.0,0.013725491,441258297,780.0,1454.5068
MOVE,0,1.0,0.013725491,441258305,780.0,1458.8691
MOVE,0,1.0,0.013725491,441258314,780.0,1462.0938
MOVE,0,1.0,0.013725491,441258322,780.0,1465.8242
MOVE,0,1.0,0.013725491,441258330,780.0,1469.1758
MOVE,0,1.0,0.011764707,441258339,779.2744,1472.1768
MOVE,0,1.0,0.011764707,441258347,779.7168,1474.4336
MOVE,0,1.0,0.011764707,441258355,780.0,1476.4473
MOVE,0,1.0,0.011764707,441258364,780.0,1478.459
MOVE,0,1.0,0.011764707,441258372,780.0,1479.7324
MOVE,0,1.0,0.011764707,441258380,779.2705,1481.459
MOVE,0,1.0,0.013725491,441258389,779.0,1483.4541
MOVE,0,1.0,0.013725491,441258397,779.0,1485.3818
MOVE,0,1.0,0.013725491,441258405,779.0,1488.1182
MOVE,0,1.0,0.013725491,441258414,779.71484,1490.4297
MOVE,0,1.0,0.013725491,441258422,780.7178,1493.1543
MOVE,0,1.0,0.013725491,441258430,781.0,1495.4346
MOVE,0,1.0,0.013725491,441258439,781.0,1498.1367
MOVE,0,1.0,0.013725491,441258447,781.0,1499.7256
MOVE,0,1.0,0.013725491,441258453,781.0,1500.5
MOVE,0,1.0,0.013725491,441258472,781.0,1500.5
MOVE,0,1.0,0.013725491,441258480,781.0,1500.5
MOVE,0,1.0,0.013725491,441258489,780.0,1501.0
MOVE,0,1.0,0.013725491,441258497,780.0,1501.0
MOVE,0,1.0,0.013725491,441258505,779.0,1498.5557
MOVE,0,1.0,0.013725491,441258514,778.27344,1494.3652
MOVE,0,1.0,0.013725491,441258522,775.8379,1487.2354
MOVE,0,1.0,0.013725491,441258530,773.57227,1477.8594
MOVE,0,1.0,0.011764707,441258539,773.0,1468.1328
MOVE,0,1.0,0.013725491,441258547,773.0,1457.3262
MOVE,0,1.0,0.013725491,441258555,777.2207,1446.2617
MOVE,0,1.0,0.013725491,441258564,780.43066,1433.6992
MOVE,0,1.0,0.011764707,441258572,783.9033,1421.291
MOVE,0,1.0,0.015686275,441258580,786.4629,1409.2236
MOVE,0,1.0,0.013725491,441258589,790.6719,1397.1885
MOVE,0,1.0,0.011764707,441258597,796.3828,1383.7725
MOVE,0,1.0,0.011764707,441258605,801.5664,1371.4404
MOVE,0,1.0,0.011764707,441258614,805.1465,1359.4141
MOVE,0,1.0,0.013725491,441258622,808.8887,1348.7773
MOVE,0,1.0,0.011764707,441258630,812.1328,1340.3125
MOVE,0,1.0,0.011764707,441258639,814.4336,1333.6982
MOVE,0,1.0,0.011764707,441258647,816.41895,1326.3232
MOVE,0,1.0,0.011764707,441258655,817.6836,1320.583
MOVE,0,1.0,0.013725491,441258664,819.376,1315.5615
MOVE,0,1.0,0.013725491,441258672,821.4336,1311.8496
MOVE,0,1.0,0.013725491,441258680,822.7207,1308.1172
MOVE,0,1.0,0.015686275,441258689,825.16504,1304.835
MOVE,0,1.0,0.015686275,441258697,826.0,1301.8545
MOVE,0,1.0,0.015686275,441258705,826.7129,1298.8613
MOVE,0,1.0,0.015686275,441258714,828.4297,1296.5703
MOVE,0,1.0,0.015686275,441258722,829.0,1293.8467
MOVE,0,1.0,0.015686275,441258730,829.71875,1292.2812
MOVE,0,1.0,0.015686275,441258739,830.0,1290.5605
MOVE,0,1.0,0.015686275,441258747,830.0,1289.2832
MOVE,0,1.0,0.015686275,441258755,830.0,1288.2773
MOVE,0,1.0,0.015686275,441258764,830.7246,1287.2754
MOVE,0,1.0,0.015686275,441258770,831.5,1286.5
MOVE,0,1.0,0.015686275,441258789,831.73047,1285.0
MOVE,0,1.0,0.015686275,441258797,832.0,1284.2676
MOVE,0,1.0,0.015686275,441258805,832.0,1283.2783
MOVE,0,1.0,0.015686275,441258814,832.0,1282.2832
MOVE,0,1.0,0.015686275,441258822,832.0,1282.0
MOVE,0,1.0,0.015686275,441258830,832.0,1282.0
MOVE,0,1.0,0.015686275,441258837,833.5,1280.5
MOVE,0,1.0,0.015686275,441258855,834.7051,1281.0
MOVE,0,1.0,0.015686275,441258864,835.0,1281.0
MOVE,0,1.0,0.015686275,441258872,835.0,1281.0
MOVE,0,1.0,0.015686275,441258880,835.0,1281.0
MOVE,0,1.0,0.015686275,441258889,835.0,1281.0
MOVE,0,1.0,0.015686275,441258897,835.0,1281.0
MOVE,0,1.0,0.015686275,441258905,835.0,1281.0
MOVE,0,1.0,0.015686275,441258914,835.0,1279.2852
MOVE,0,1.0,0.015686275,441258920,835.0,1278.5
MOVE,0,1.0,0.015686275,441258939,835.0,1278.5
MOVE,0,1.0,0.015686275,441258947,835.0,1278.5
MOVE,0,1.0,0.015686275,441258955,835.0,1278.0
MOVE,0,1.0,0.015686275,441258964,835.0,1278.0
MOVE,0,1.0,0.015686275,441258972,835.0,1277.0
MOVE,0,1.0,0.015686275,441258980,835.0,1277.0
MOVE,0,1.0,0.015686275,441258989,834.0,1275.2793
MOVE,0,1.0,0.013725491,441258997,834.0,1274.2812
MOVE,0,1.0,0.015686275,441259005,834.0,1274.0
MOVE,0,1.0,0.015686275,441259014,834.0,1274.0
MOVE,0,1.0,0.015686275,441259020,835.5,1274.0
MOVE,0,1.0,0.015686275,441259039,835.5,1274.0
MOVE,0,1.0,0.015686275,441259047,835.5,1274.0
MOVE,0,1.0,0.015686275,441259055,835.5,1274.0
MOVE,0,1.0,0.015686275,441259064,835.5,1274.0
MOVE,0,1.0,0.015686275,441259072,835.5,1274.0
MOVE,0,1.0,0.013725491,441259080,837.7168,1273.2832
MOVE,0,1.0,0.013725491,441259089,838.72363,1272.2764
MOVE,0,1.0,0.013725491,441259097,839.7256,1272.0
MOVE,0,1.0,0.013725491,441259105,841.43164,1271.2842
MOVE,0,1.0,0.013725491,441259112,843.0,1270.5
MOVE,0,1.0,0.013725491,441259130,842.0,1269.2773
MOVE,0,1.0,0.013725491,441259139,842.0,1269.0
MOVE,0,1.0,0.013725491,441259147,842.0,1269.0
MOVE,0,1.0,0.013725491,441259153,843.5,1269.0
MOVE,0,1.0,0.013725491,441259172,843.5,1269.0
MOVE,0,1.0,0.013725491,441259180,843.5,1269.0
MOVE,0,1.0,0.013725491,441259189,843.5,1269.0
MOVE,0,1.0,0.013725491,441259197,843.5,1269.0
MOVE,0,1.0,0.013725491,441259205,843.5,1269.0
MOVE,0,1.0,0.013725491,441259212,843.0,1267.5
MOVE,0,1.0,0.013725491,441259230,843.0,1267.5
MOVE,0,1.0,0.013725491,441259239,843.0,1267.5
MOVE,0,1.0,0.013725491,441259247,843.0,1267.5
MOVE,0,1.0,0.013725491,441259255,843.0,1267.5
MOVE,0,1.0,0.013725491,441259264,843.0,1267.5
MOVE,0,1.0,0.013725491,441259272,843.0,1267.5
MOVE,0,1.0,0.013725491,441259280,843.0,1267.5
MOVE,0,1.0,0.013725491,441259289,843.0,1267.5
MOVE,0,1.0,0.013725491,441259297,843.0,1267.5
MOVE,0,1.0,0.013725491,441259305,843.0,1267.5
MOVE,0,1.0,0.013725491,441259314,843.0,1267.5
MOVE,0,1.0,0.013725491,441259322,844.0,1267.2754
MOVE,0,1.0,0.013725491,441259328,844.0,1266.5
MOVE,0,1.0,0.013725491,441259347,844.0,1266.5
MOVE,0,1.0,0.011764707,441259354,844.0,1265.5
MOVE,0,1.0,0.011764707,441259372,844.0,1265.5
MOVE,0,1.0,0.011764707,441259378,844.0,1264.5
MOVE,0,1.0,0.011764707,441259397,844.0,1264.5
MOVE,0,1.0,0.011764707,441259403,842.5,1263.5
MOVE,0,1.0,0.011764707,441259422,842.5,1263.5
MOVE,0,1.0,0.011764707,441259430,842.5,1263.5
MOVE,0,1.0,0.011764707,441259439,842.5,1263.5
MOVE,0,1.0,0.011764707,441259447,842.5,1263.5
MOVE,0,1.0,0.011764707,441259455,842.5,1263.5
MOVE,0,1.0,0.011764707,441259464,842.5,1263.5
MOVE,0,1.0,0.011764707,441259472,842.5,1263.5
MOVE,0,1.0,0.011764707,441259480,842.5,1263.5
MOVE,0,1.0,0.011764707,441259489,842.5,1263.5
MOVE,0,1.0,0.011764707,441259497,842.5,1263.5
MOVE,0,1.0,0.011764707,441259505,842.5,1263.5
MOVE,0,1.0,0.011764707,441259514,842.5,1263.5
MOVE,0,1.0,0.011764707,441259522,842.5,1263.5
MOVE,0,1.0,0.011764707,441259528,844.5,1264.0
MOVE,0,1.0,0.011764707,441259547,844.5,1264.0
MOVE,0,1.0,0.011764707,441259555,844.5,1264.0
MOVE,0,1.0,0.011764707,441259564,844.5,1264.0
MOVE,0,1.0,0.011764707,441259572,844.5,1264.0
MOVE,0,1.0,0.011764707,441259580,844.5,1264.0
MOVE,0,1.0,0.011764707,441259589,844.5,1264.0
MOVE,0,1.0,0.011764707,441259597,844.5,1264.0
MOVE,0,1.0,0.011764707,441259605,844.5,1264.0
MOVE,0,1.0,0.011764707,441259614,845.0,1263.2842
MOVE,0,1.0,0.011764707,441259622,845.0,1263.0
MOVE,0,1.0,0.011764707,441259630,845.0,1263.0
MOVE,0,1.0,0.011764707,441259637,845.0,1261.5
MOVE,0,1.0,0.011764707,441259655,845.0,1261.5
MOVE,0,1.0,0.011764707,441259664,845.0,1261.5
MOVE,0,1.0,0.011764707,441259672,848.0,1264.0
MOVE,0,1.0,0.011764707,441259680,848.0,1264.0
MOVE,0,1.0,0.011764707,441259689,848.28516,1264.0
MOVE,0,1.0,0.011764707,441259695,847.5,1264.0
MOVE,0,1.0,0.011764707,441259714,845.0,1262.0
MOVE,0,1.0,0.011764707,441259722,845.0,1262.0
MOVE,0,1.0,0.011764707,441259730,844.7197,1260.2803
MOVE,0,1.0,0.011764707,441259739,843.626,1258.626
MOVE,0,1.0,0.011764707,441259747,843.708,1258.0
MOVE,0,1.0,0.011764707,441259755,844.0,1257.2725
MOVE,0,1.0,0.011764707,441259764,844.0,1256.2695
MOVE,0,1.0,0.011764707,441259770,844.0,1255.5
MOVE,0,1.0,0.011764707,441259789,844.0,1255.0
MOVE,0,1.0,0.011764707,441259797,844.0,1255.0
MOVE,0,1.0,0.011764707,441259805,847.1914,1253.2695
MOVE,0,1.0,0.011764707,441259814,848.72363,1252.2764
MOVE,0,1.0,0.011764707,441259822,851.14355,1250.5703
MOVE,0,1.0,0.011764707,441259830,854.13184,1250.0
MOVE,0,1.0,0.011764707,441259839,857.1699,1247.1074
MOVE,0,1.0,0.011764707,441259847,860.16895,1243.831
MOVE,0,1.0,0.011764707,441259855,863.1504,1240.1318
MOVE,0,1.0,0.013725491,441259864,867.6074,1235.3926
MOVE,0,1.0,0.015686275,441259872,871.1426,1230.4287
MOVE,0,1.0,0.015686275,441259880,876.34375,1224.6562
MOVE,0,1.0,0.015686275,441259889,880.16895,1219.3857
MOVE,0,1.0,0.015686275,441259897,884.61914,1213.6572
MOVE,0,1.0,0.015686275,441259905,888.1738,1207.6533
MOVE,0,1.0,0.015686275,441259914,891.86426,1202.4199
MOVE,0,1.0,0.015686275,441259922,895.16504,1198.1133
MOVE,0,1.0,0.015686275,441259930,898.8965,1194.8281
MOVE,0,1.0,0.015686275,441259939,902.14746,1191.1367
MOVE,0,1.0,0.015686275,441259947,905.16016,1187.1191
MOVE,0,1.0,0.015686275,441259955,908.88965,1183.1104
MOVE,0,1.0,0.013725491,441259964,912.16797,1180.5547
MOVE,0,1.0,0.013725491,441259972,913.7295,1177.8125
MOVE,0,1.0,0.013725491,441259980,914.7295,1174.8125
MOVE,0,1.0,0.013725491,441259989,915.7256,1172.5488
MOVE,0,1.0,0.013725491,441259997,916.7178,1170.5635
MOVE,0,1.0,0.013725491,441260005,917.71875,1168.5635
MOVE,0,1.0,0.013725491,441260014,918.0,1167.2793
MOVE,0,1.0,0.013725491,441260022,918.0,1165.5557
MOVE,0,1.0,0.013725491,441260028,918.0,1164.0
MOVE,0,1.0,0.013725491,441260047,918.0,1164.0
MOVE,0,1.0,0.013725491,441260055,918.0,1164.0
MOVE,0,1.0,0.013725491,441260064,919.72656,1165.0
MOVE,0,1.0,0.013725491,441260072,920.0,1165.0
MOVE,0,1.0,0.013725491,441260080,920.0,1165.0
MOVE,0,1.0,0.013725491,441260089,920.0,1165.0
MOVE,0,1.0,0.013725491,441260097,920.0,1165.0
MOVE,0,1.0,0.013725491,441260105,920.0,1165.0
MOVE,0,1.0,0.013725491,441260114,920.0,1165.0
MOVE,0,1.0,0.013725491,441260122,920.0,1165.0
MOVE,0,1.0,0.013725491,441260130,920.0,1165.0
MOVE,0,1.0,0.013725491,441260139,920.0,1165.0
MOVE,0,1.0,0.013725491,441260147,920.0,1165.0
MOVE,0,1.0,0.013725491,441260155,920.0,1165.0
MOVE,0,1.0,0.013725491,441260164,920.0,1165.0
MOVE,0,1.0,0.013725491,441260170,920.0,1166.5
MOVE,0,1.0,0.013725491,441260189,920.0,1166.5
MOVE,0,1.0,0.013725491,441260197,920.0,1166.5
MOVE,0,1.0,0.013725491,441260205,919.0,1166.0
MOVE,0,1.0,0.013725491,441260214,919.0,1166.0
MOVE,0,1.0,0.013725491,441260222,919.0,1166.0
MOVE,0,1.0,0.013725491,441260230,919.0,1166.0
MOVE,0,1.0,0.013725491,441260239,919.0,1166.0
MOVE,0,1.0,0.013725491,441260247,918.2998,1165.0
MOVE,0,1.0,0.013725491,441260255,918.0,1165.0
MOVE,0,1.0,0.013725491,441260264,918.0,1165.0
MOVE,0,1.0,0.013725491,441260272,917.0,1164.2881
MOVE,0,1.0,0.013725491,441260280,916.2715,1164.0
MOVE,0,1.0,0.013725491,441260289,914.5801,1164.0
MOVE,0,1.0,0.013725491,441260297,912.56836,1164.7158
MOVE,0,1.0,0.015686275,441260305,909.8428,1165.7197
MOVE,0,1.0,0.015686275,441260314,909.88574,1166.0
MOVE,0,1.0,0.015686275,441260314,910.0,1166.0
UP,0,1.0,0.015686275,441260323,910.0,1166.0
DOWN,0,1.0,0.011764707,441261242,649.0,1301.0
MOVE,0,1.0,0.013725491,441261255,649.0,1302.5605
MOVE,0,1.0,0.011764707,441261264,650.28613,1310.0059
MOVE,0,1.0,0.011764707,441261272,651.0,1316.8252
MOVE,0,1.0,0.013725491,441261278,651.0,1319.5
MOVE,0,1.0,0.015686275,441261297,653.41504,1329.0742
MOVE,0,1.0,0.013725491,441261305,656.125,1339.082
MOVE,0,1.0,0.011764707,441261314,657.6914,1348.2256
MOVE,0,1.0,0.011764707,441261322,659.4053,1357.3232
MOVE,0,1.0,0.011764707,441261330,660.71387,1366.4209
MOVE,0,1.0,0.011764707,441261339,661.7002,1375.3047
MOVE,0,1.0,0.013725491,441261347,662.7031,1385.0312
MOVE,0,1.0,0.013725491,441261355,663.70996,1394.3926
MOVE,0,1.0,0.015686275,441261364,664.7168,1404.1631
MOVE,0,1.0,0.011764707,441261372,665.71387,1414.8535
MOVE,0,1.0,0.011764707,441261380,666.7168,1426.6006
MOVE,0,1.0,0.011764707,441261389,667.0,1439.2871
MOVE,0,1.0,0.013725491,441261397,667.0,1451.6172
MOVE,0,1.0,0.013725491,441261405,667.0,1462.8535
MOVE,0,1.0,0.013725491,441261414,667.0,1473.791
MOVE,0,1.0,0.011764707,441261422,667.0,1484.877
MOVE,0,1.0,0.011764707,441261430,667.0,1495.9482
MOVE,0,1.0,0.011764707,441261439,667.0,1506.1094
MOVE,0,1.0,0.011764707,441261447,667.7129,1515.415
MOVE,0,1.0,0.011764707,441261455,668.7285,1523.8281
MOVE,0,1.0,0.009803922,441261464,669.7246,1531.0693
MOVE,0,1.0,0.009803922,441261472,670.7256,1536.627
MOVE,0,1.0,0.009803922,441261480,671.7285,1541.6445
MOVE,0,1.0,0.009803922,441261489,672.73047,1545.9209
MOVE,0,1.0,0.011764707,441261497,673.7295,1549.1885
MOVE,0,1.0,0.011764707,441261505,674.0,1552.1953
MOVE,0,1.0,0.011764707,441261514,674.0,1555.1484
MOVE,0,1.0,0.011764707,441261522,674.0,1557.4336
MOVE,0,1.0,0.011764707,441261530,674.0,1558.7207
MOVE,0,1.0,0.011764707,441261539,674.0,1559.7217
MOVE,0,1.0,0.011764707,441261547,674.0,1560.7197
MOVE,0,1.0,0.011764707,441261555,674.0,1561.0
MOVE,0,1.0,0.011764707,441261564,674.0,1561.0
MOVE,0,1.0,0.011764707,441261572,674.0,1561.0
MOVE,0,1.0,0.011764707,441261580,673.0,1561.0
MOVE,0,1.0,0.011764707,441261589,673.0,1561.0
MOVE,0,1.0,0.011764707,441261597,670.5342,1562.0
MOVE,0,1.0,0.011764707,441261605,668.54395,1562.0
MOVE,0,1.0,0.011764707,441261614,666.5508,1561.2754
MOVE,0,1.0,0.011764707,441261622,663.1377,1560.2842
MOVE,0,1.0,0.011764707,441261630,659.13574,1557.8516
MOVE,0,1.0,0.011764707,441261639,657.2803,1554.8398
MOVE,0,1.0,0.015686275,441261641,657.0,1554.0
UP,0,1.0,0.015686275,441261649,657.0,1554.0
DOWN,0,1.0,0.011764707,441264837,753.0,1511.0
MOVE,0,1.0,0.013725491,441264847,753.5449,1509.9102
MOVE,0,1.0,0.013725491,441264855,756.751,1504.873
MOVE,0,1.0,0.013725491,441264863,760.1836,1500.0889
MOVE,0,1.0,0.013725491,441264872,763.1758,1493.9238
MOVE,0,1.0,0.013725491,441264880,772.02637,1476.6777
MOVE,0,1.0,0.011764707,441264888,785.9453,1452.0283
MOVE,0,1.0,0.009803922,441264897,800.19336,1423.8867
MOVE,0,1.0,0.011764707,441264905,812.54395,1395.3525
MOVE,0,1.0,0.015686275,441264913,825.47266,1365.8691
MOVE,0,1.0,0.011764707,441264922,837.7617,1336.8252
MOVE,0,1.0,0.013725491,441264930,849.06934,1309.1924
MOVE,0,1.0,0.011764707,441264938,858.60254,1285.127
MOVE,0,1.0,0.011764707,441264947,866.22363,1267.2471
MOVE,0,1.0,0.015686275,441264955,874.20996,1249.9287
MOVE,0,1.0,0.015686275,441264958,877.0,1244.0
UP,0,1.0,0.015686275,441264965,877.0,1244.0
DOWN,0,1.0,0.011764707,441265125,819.0,1282.0
MOVE,0,1.0,0.013725491,441265138,819.0,1282.0
MOVE,0,1.0,0.013725491,441265147,819.0,1282.0
MOVE,0,1.0,0.013725491,441265155,819.0,1282.0
MOVE,0,1.0,0.013725491,441265163,819.0,1282.0
MOVE,0,1.0,0.013725491,441265172,819.0,1282.0
MOVE,0,1.0,0.013725491,441265180,819.0,1282.0
MOVE,0,1.0,0.013725491,441265188,819.0,1282.0
MOVE,0,1.0,0.013725491,441265197,819.0,1282.0
MOVE,0,1.0,0.013725491,441265205,819.0,1282.0
MOVE,0,1.0,0.013725491,441265213,819.0,1282.0
MOVE,0,1.0,0.013725491,441265222,819.0,1282.0
MOVE,0,1.0,0.015686275,441265228,820.5,1282.0
MOVE,0,1.0,0.015686275,441265246,821.0,1282.0
MOVE,0,1.0,0.015686275,441265255,821.0,1282.0
MOVE,0,1.0,0.015686275,441265263,821.0,1282.0
MOVE,0,1.0,0.015686275,441265271,822.0,1282.0
MOVE,0,1.0,0.015686275,441265280,822.0,1282.0
MOVE,0,1.0,0.015686275,441265288,822.0,1282.0
MOVE,0,1.0,0.015686275,441265296,822.0,1282.0
MOVE,0,1.0,0.015686275,441265305,822.0,1282.0
MOVE,0,1.0,0.015686275,441265313,822.0,1282.0
MOVE,0,1.0,0.015686275,441265321,822.0,1282.0
MOVE,0,1.0,0.015686275,441265330,822.0,1282.0
MOVE,0,1.0,0.015686275,441265338,822.0,1282.0
MOVE,0,1.0,0.01764706,441265340,822.0,1282.0
UP,0,1.0,0.01764706,441265349,822.0,1282.0
DOWN,0,1.0,0.011764707,441267230,718.0,1506.0
MOVE,0,1.0,0.013725491,441267238,718.0,1506.0
MOVE,0,1.0,0.013725491,441267247,718.0,1506.0
MOVE,0,1.0,0.013725491,441267255,718.0,1506.0
MOVE,0,1.0,0.011764707,441267263,721.1221,1512.2432
MOVE,0,1.0,0.009803922,441267272,723.41113,1517.5273
MOVE,0,1.0,0.009803922,441267280,726.12695,1524.6729
MOVE,0,1.0,0.011764707,441267288,731.9844,1539.8174
MOVE,0,1.0,0.009803922,441267297,739.6875,1560.6416
MOVE,0,1.0,0.011764707,441267305,747.64355,1584.6348
MOVE,0,1.0,0.013725491,441267313,756.3457,1609.6279
MOVE,0,1.0,0.013725491,441267322,764.63184,1633.8955
MOVE,0,1.0,0.013725491,441267330,773.05273,1657.8135
MOVE,0,1.0,0.011764707,441267338,782.2949,1682.0869
MOVE,0,1.0,0.009803922,441267347,789.9922,1703.9756
MOVE,0,1.0,0.009803922,441267355,796.9365,1723.4004
MOVE,0,1.0,0.011764707,441267363,803.166,1739.416
MOVE,0,1.0,0.011764707,441267372,809.2656,1753.2432
MOVE,0,1.0,0.013725491,441267380,813.8789,1764.1982
MOVE,0,1.0,0.013725491,441267388,817.88574,1773.4922
MOVE,0,1.0,0.013725491,441267397,821.11914,1781.6514
MOVE,0,1.0,0.013725491,441267405,824.1631,1789.7695
MOVE,0,1.0,0.013725491,441267413,827.1748,1796.3496
MOVE,0,1.0,0.013725491,441267422,830.16406,1801.6074
MOVE,0,1.0,0.013725491,441267430,833.1406,1806.5684
MOVE,0,1.0,0.011764707,441267438,836.876,1811.5947
MOVE,0,1.0,0.011764707,441267447,840.18555,1815.9141
MOVE,0,1.0,0.011764707,441267455,843.1738,1819.8984
MOVE,0,1.0,0.011764707,441267463,846.1904,1823.1904
MOVE,0,1.0,0.011764707,441267472,848.44434,1825.4443
MOVE,0,1.0,0.011764707,441267480,850.4404,1827.4404
MOVE,0,1.0,0.011764707,441267488,851.7246,1828.0
MOVE,0,1.0,0.011764707,441267497,852.72363,1828.0
MOVE,0,1.0,0.011764707,441267505,853.69434,1828.0
MOVE,0,1.0,0.011764707,441267512,854.5,1828.0
MOVE,0,1.0,0.011764707,441267530,854.5,1828.0
MOVE,0,1.0,0.011764707,441267538,854.5,1828.0
MOVE,0,1.0,0.011764707,441267547,854.5,1828.0
MOVE,0,1.0,0.011764707,441267555,854.5,1828.0
MOVE,0,1.0,0.011764707,441267563,852.26953,1828.7305
MOVE,0,1.0,0.011764707,441267572,852.0,1829.7275
MOVE,0,1.0,0.011764707,441267580,851.27344,1830.0
MOVE,0,1.0,0.011764707,441267588,850.2881,1830.7119
MOVE,0,1.0,0.011764707,441267597,850.0,1831.0
MOVE,0,1.0,0.011764707,441267605,850.0,1831.0
MOVE,0,1.0,0.011764707,441267613,850.0,1831.0
MOVE,0,1.0,0.011764707,441267622,850.0,1831.0
MOVE,0,1.0,0.011764707,441267630,850.0,1831.0
MOVE,0,1.0,0.011764707,441267638,850.0,1831.0
MOVE,0,1.0,0.011764707,441267641,850.0,1830.0
UP,0,1.0,0.011764707,441267649,850.0,1830.0
DOWN,0,1.0,0.011764707,441267884,800.0,1264.0
MOVE,0,1.0,0.013725491,441267897,800.0,1264.0
MOVE,0,1.0,0.013725491,441267905,800.0,1264.0
MOVE,0,1.0,0.013725491,441267913,800.0,1264.0
MOVE,0,1.0,0.013725491,441267922,800.0,1264.0
MOVE,0,1.0,0.013725491,441267930,800.0,1264.0
MOVE,0,1.0,0.011764707,441267938,801.7119,1262.2881
MOVE,0,1.0,0.011764707,441267947,802.70996,1260.5801
MOVE,0,1.0,0.011764707,441267955,804.42285,1257.8652
MOVE,0,1.0,0.011764707,441267963,805.7168,1255.5664
MOVE,0,1.0,0.015686275,441267972,807.4336,1252.8486
MOVE,0,1.0,0.015686275,441267980,809.4258,1249.1484
MOVE,0,1.0,0.015686275,441267988,814.29785,1239.4043
MOVE,0,1.0,0.015686275,441267995,819.0,1230.0
MOVE,0,1.0,0.015686275,441268005,835.874,1198.7793
MOVE,0,1.0,0.015686275,441268013,849.86426,1177.9092
MOVE,0,1.0,0.011764707,441268022,862.3623,1158.7588
MOVE,0,1.0,0.01764706,441268030,873.7617,1141.7109
MOVE,0,1.0,0.015686275,441268038,884.0879,1127.0762
MOVE,0,1.0,0.015686275,441268047,893.26074,1113.957
MOVE,0,1.0,0.013725491,441268055,900.76465,1103.1934
MOVE,0,1.0,0.011764707,441268072,914.91895,1083.6748
MOVE,0,1.0,0.013725491,441268088,925.501,1067.0986
MOVE,0,1.0,0.013725491,441268097,929.7246,1061.5938
MOVE,0,1.0,0.01764706,441268113,936.0967,1052.9033
MOVE,0,1.0,0.01764706,441268122,938.3838,1050.6162
MOVE,0,1.0,0.01764706,441268130,940.3672,1049.3164
MOVE,0,1.0,0.013725491,441268138,942.3887,1048.3057
MOVE,0,1.0,0.013725491,441268147,943.69336,1047.3066
MOVE,0,1.0,0.013725491,441268155,944.708,1046.292
MOVE,0,1.0,0.013725491,441268163,945.0,1046.0
MOVE,0,1.0,0.013725491,441268172,945.0,1046.0
MOVE,0,1.0,0.015686275,441268180,946.0,1045.294
MOVE,0,1.0,0.015686275,441268188,946.6924,1045.0
MOVE,0,1.0,0.015686275,441268197,947.0,1045.0
MOVE,0,1.0,0.015686275,441268205,947.0,1045.0
MOVE,0,1.0,0.015686275,441268211,948.5,1043.5
MOVE,0,1.0,0.015686275,441268230,949.0,1043.2676
MOVE,0,1.0,0.015686275,441268238,949.0,1043.0
MOVE,0,1.0,0.015686275,441268247,949.0,1043.0
MOVE,0,1.0,0.015686275,441268255,949.0,1043.0
MOVE,0,1.0,0.015686275,441268263,950.73047,1042.2695
MOVE,0,1.0,0.015686275,441268265,951.0,1042.0
UP,0,1.0,0.015686275,441268274,951.0,1042.0
MOVE,0,1.0,0.013725491,441277279,750.0371,1494.0479
MOVE,0,1.0,0.013725491,441277288,757.7256,1473.9697
MOVE,0,1.0,0.013725491,441277296,765.4834,1453.6074
MOVE,0,1.0,0.013725491,441277305,772.86426,1433.1035
MOVE,0,1.0,0.011764707,441277313,781.374,1412.8359
MOVE,0,1.0,0.011764707,441277321,790.14746,1394.0215
MOVE,0,1.0,0.011764707,441277330,798.6074,1373.9824
MOVE,0,1.0,0.011764707,441277338,807.3711,1353.8418
MOVE,0,1.0,0.013725491,441277346,816.33594,1333.9209
MOVE,0,1.0,0.015686275,441277355,824.64355,1313.8916
MOVE,0,1.0,0.015686275,441277363,833.3242,1295.3506
MOVE,0,1.0,0.011764707,441277371,842.38965,1277.2207
MOVE,0,1.0,0.011764707,441277380,851.4717,1260.4961
MOVE,0,1.0,0.013725491,441277388,860.499,1244.4473
MOVE,0,1.0,0.011764707,441277396,868.8281,1229.8018
MOVE,0,1.0,0.011764707,441277405,875.374,1217.252
MOVE,0,1.0,0.011764707,441277413,880.6279,1206.7441
MOVE,0,1.0,0.013725491,441277421,885.59375,1197.5322
MOVE,0,1.0,0.015686275,441277430,889.83105,1189.3389
MOVE,0,1.0,0.015686275,441277438,894.56055,1182.0146
MOVE,0,1.0,0.015686275,441277446,900.32324,1174.2354
MOVE,0,1.0,0.013725491,441277455,907.0498,1166.2285
MOVE,0,1.0,0.013725491,441277463,913.2969,1158.2705
MOVE,0,1.0,0.011764707,441277471,919.36523,1150.1797
MOVE,0,1.0,0.011764707,441277480,926.0508,1142.2275
MOVE,0,1.0,0.011764707,441277488,933.0879,1134.1846
MOVE,0,1.0,0.013725491,441277496,940.874,1126.126
MOVE,0,1.0,0.013725491,441277505,948.8838,1118.8516
MOVE,0,1.0,0.015686275,441277513,956.8164,1110.457
MOVE,0,1.0,0.015686275,441277521,964.8096,1101.4648
MOVE,0,1.0,0.013725491,441277530,973.4756,1093.2441
MOVE,0,1.0,0.011764707,441277538,981.7207,1085.2793
MOVE,0,1.0,0.011764707,441277546,989.79297,1077.207
MOVE,0,1.0,0.011764707,441277555,997.53125,1070.1602
MOVE,0,1.0,0.011764707,441277563,1006.30273,1062.3975
MOVE,0,1.0,0.013725491,441277571,1014.0137,1055.7031
MOVE,0,1.0,0.013725491,441277580,1019.49023,1049.8125
MOVE,0,1.0,0.013725491,441277588,1024.5449,1043.7461
MOVE,0,1.0,0.013725491,441277590,1026.0,1042.0
UP,0,1.0,0.013725491,441277599,1026.0,1042.0
MOVE,0,1.0,0.009803922,441284621,794.4072,1496.8506
MOVE,0,1.0,0.011764707,441284629,796.4238,1480.8955
MOVE,0,1.0,0.011764707,441284638,799.14746,1464.5449
MOVE,0,1.0,0.011764707,441284646,802.1621,1448.4668
MOVE,0,1.0,0.013725491,441284654,805.86914,1432.5244
MOVE,0,1.0,0.011764707,441284663,809.1338,1418.041
MOVE,0,1.0,0.011764707,441284671,812.8115,1405.5654
MOVE,0,1.0,0.013725491,441284679,816.875,1394.0938
MOVE,0,1.0,0.013725491,441284688,820.1699,1383.043
MOVE,0,1.0,0.015686275,441284696,823.833,1372.917
MOVE,0,1.0,0.015686275,441284704,827.11914,1362.2314
MOVE,0,1.0,0.015686275,441284713,830.8457,1351.8867
MOVE,0,1.0,0.013725491,441284721,834.1162,1341.9453
MOVE,0,1.0,0.013725491,441284729,837.1416,1331.8633
MOVE,0,1.0,0.011764707,441284738,839.4258,1322.585
MOVE,0,1.0,0.015686275,441284746,841.4326,1314.2686
MOVE,0,1.0,0.015686275,441284754,842.72266,1306.9404
MOVE,0,1.0,0.015686275,441284763,844.4531,1299.1895
MOVE,0,1.0,0.015686275,441284771,845.7246,1291.9307
MOVE,0,1.0,0.015686275,441284779,846.7246,1286.376
MOVE,0,1.0,0.013725491,441284788,847.708,1281.4609
MOVE,0,1.0,0.013725491,441284796,848.7178,1277.8477
MOVE,0,1.0,0.013725491,441284804,849.0,1274.8545
MOVE,0,1.0,0.013725491,441284813,849.7217,1272.5566
MOVE,0,1.0,0.011764707,441284821,850.0,1271.2842
MOVE,0,1.0,0.011764707,441284829,850.7168,1270.2832
MOVE,0,1.0,0.011764707,441284838,851.72656,1270.0
MOVE,0,1.0,0.011764707,441284846,852.72363,1270.0
MOVE,0,1.0,0.011764707,441284854,853.73145,1270.0
MOVE,0,1.0,0.011764707,441284863,855.4512,1270.0
MOVE,0,1.0,0.011764707,441284871,856.7217,1270.0
MOVE,0,1.0,0.011764707,441284879,857.0,1270.0
MOVE,0,1.0,0.011764707,441284888,857.0,1270.0
MOVE,0,1.0,0.011764707,441284896,857.0,1270.0
MOVE,0,1.0,0.011764707,441284904,857.0,1270.0
MOVE,0,1.0,0.011764707,441284911,858.5,1271.5
MOVE,0,1.0,0.011764707,441284929,858.5,1271.5
MOVE,0,1.0,0.011764707,441284938,858.5,1271.5
MOVE,0,1.0,0.011764707,441284946,858.5,1271.5
MOVE,0,1.0,0.011764707,441284954,858.5,1271.5
MOVE,0,1.0,0.011764707,441284963,858.5,1271.5
MOVE,0,1.0,0.011764707,441284971,858.5,1271.5
MOVE,0,1.0,0.011764707,441284979,858.5,1271.5
MOVE,0,1.0,0.011764707,441284988,857.0,1270.2656
MOVE,0,1.0,0.011764707,441284996,856.2676,1270.0
MOVE,0,1.0,0.011764707,441285002,855.5,1270.0
MOVE,0,1.0,0.011764707,441285021,856.0,1268.2744
MOVE,0,1.0,0.011764707,441285029,856.72656,1267.2734
MOVE,0,1.0,0.011764707,441285038,858.4326,1264.1348
MOVE,0,1.0,0.011764707,441285046,861.15137,1258.6982
MOVE,0,1.0,0.011764707,441285054,865.5791,1252.7051
MOVE,0,1.0,0.011764707,441285063,871.3115,1245.9697
MOVE,0,1.0,0.015686275,441285071,877.92773,1239.0723
MOVE,0,1.0,0.015686275,441285079,884.98535,1231.3027
MOVE,0,1.0,0.015686275,441285088,892.7119,1221.8604
MOVE,0,1.0,0.015686275,441285096,903.3154,1211.3779
MOVE,0,1.0,0.011764707,441285104,916.8838,1199.5283
MOVE,0,1.0,0.011764707,441285113,931.6621,1186.7588
MOVE,0,1.0,0.015686275,441285121,946.8467,1171.4307
MOVE,0,1.0,0.015686275,441285129,963.26855,1153.2881
MOVE,0,1.0,0.011764707,441285138,982.52637,1132.7471
MOVE,0,1.0,0.013725491,441285146,1003.16016,1109.6748
MOVE,0,1.0,0.011764707,441285154,1024.9482,1086.3271
MOVE,0,1.0,0.009803922,441285163,1046.5732,1065.1348
MOVE,0,1.0,0.009803922,441285171,1066.415,1040.6426
MOVE,0,1.0,0.009803922,441285173,1072.0,1033.0
UP,0,1.0,0.009803922,441285182,1072.0,1033.0
DOWN,0,1.0,0.011764707,441285408,871.0,1226.0
MOVE,0,1.0,0.015686275,441285421,871.0,1226.0
MOVE,0,1.0,0.015686275,441285429,871.0,1226.0
MOVE,0,1.0,0.015686275,441285438,871.0,1226.0
MOVE,0,1.0,0.015686275,441285446,871.0,1226.0
MOVE,0,1.0,0.015686275,441285454,871.0,1226.0
MOVE,0,1.0,0.015686275,441285463,871.0,1226.0
MOVE,0,1.0,0.015686275,441285471,871.0,1226.0
MOVE,0,1.0,0.015686275,441285479,871.0,1226.0
MOVE,0,1.0,0.015686275,441285488,871.0,1226.0
MOVE,0,1.0,0.015686275,441285496,871.0,1226.0
MOVE,0,1.0,0.015686275,441285504,871.0,1226.0
MOVE,0,1.0,0.015686275,441285513,871.0,1226.0
MOVE,0,1.0,0.015686275,441285521,871.0,1226.0
MOVE,0,1.0,0.015686275,441285529,871.0,1226.0
MOVE,0,1.0,0.015686275,441285538,871.0,1226.0
MOVE,0,1.0,0.015686275,441285546,871.0,1226.0
MOVE,0,1.0,0.015686275,441285554,871.0,1226.0
MOVE,0,1.0,0.015686275,441285563,871.0,1226.0
MOVE,0,1.0,0.015686275,441285571,871.0,1226.0
MOVE,0,1.0,0.015686275,441285579,871.0,1226.0
MOVE,0,1.0,0.015686275,441285588,871.0,1226.0
MOVE,0,1.0,0.015686275,441285596,871.0,1226.0
MOVE,0,1.0,0.015686275,441285604,871.0,1226.0
MOVE,0,1.0,0.015686275,441285613,871.0,1226.0
MOVE,0,1.0,0.015686275,441285619,872.5,1226.0
MOVE,0,1.0,0.015686275,441285638,872.5,1226.0
MOVE,0,1.0,0.015686275,441285646,872.5,1226.0
MOVE,0,1.0,0.015686275,441285654,872.5,1226.0
MOVE,0,1.0,0.015686275,441285663,872.5,1226.0
MOVE,0,1.0,0.015686275,441285671,872.5,1226.0
MOVE,0,1.0,0.015686275,441285679,872.5,1226.0
MOVE,0,1.0,0.015686275,441285688,872.5,1226.0
MOVE,0,1.0,0.015686275,441285696,872.5,1226.0
MOVE,0,1.0,0.015686275,441285704,872.5,1226.0
MOVE,0,1.0,0.015686275,441285713,872.5,1226.0
MOVE,0,1.0,0.015686275,441285721,872.5,1226.0
MOVE,0,1.0,0.015686275,441285729,872.5,1226.0
MOVE,0,1.0,0.015686275,441285738,872.5,1226.0
MOVE,0,1.0,0.015686275,441285746,872.5,1226.0
MOVE,0,1.0,0.015686275,441285754,872.5,1226.0
MOVE,0,1.0,0.015686275,441285763,872.5,1226.0
MOVE,0,1.0,0.015686275,441285771,872.5,1226.0
MOVE,0,1.0,0.015686275,441285779,872.5,1226.0
MOVE,0,1.0,0.015686275,441285788,872.5,1226.0
MOVE,0,1.0,0.015686275,441285796,872.5,1226.0
MOVE,0,1.0,0.015686275,441285804,872.5,1226.0
MOVE,0,1.0,0.015686275,441285813,872.5,1226.0
MOVE,0,1.0,0.015686275,441285821,872.5,1226.0
MOVE,0,1.0,0.015686275,441285829,872.5,1226.0
MOVE,0,1.0,0.015686275,441285837,872.5,1226.0
MOVE,0,1.0,0.015686275,441285846,872.5,1226.0
MOVE,0,1.0,0.015686275,441285854,872.5,1226.0
MOVE,0,1.0,0.015686275,441285862,872.5,1226.0
MOVE,0,1.0,0.015686275,441285871,872.5,1226.0
MOVE,0,1.0,0.015686275,441285879,872.5,1226.0
MOVE,0,1.0,0.015686275,441285887,872.5,1226.0
MOVE,0,1.0,0.015686275,441285896,872.5,1226.0
MOVE,0,1.0,0.015686275,441285904,870.2803,1229.8809
MOVE,0,1.0,0.011764707,441285912,868.55273,1236.0664
MOVE,0,1.0,0.011764707,441285921,866.55176,1243.0703
MOVE,0,1.0,0.011764707,441285929,864.57715,1250.6914
MOVE,0,1.0,0.011764707,441285937,861.20605,1262.0791
MOVE,0,1.0,0.01764706,441285946,856.4707,1277.2949
MOVE,0,1.0,0.015686275,441285954,852.1094,1295.0068
MOVE,0,1.0,0.013725491,441285962,847.3916,1313.7109
MOVE,0,1.0,0.013725491,441285971,843.1582,1332.4971
MOVE,0,1.0,0.015686275,441285979,839.1455,1351.5615
MOVE,0,1.0,0.013725491,441285987,835.0967,1370.793
MOVE,0,1.0,0.013725491,441285996,831.8457,1388.209
MOVE,0,1.0,0.013725491,441286004,830.2705,1403.9365
MOVE,0,1.0,0.011764707,441286012,828.53613,1418.2471
MOVE,0,1.0,0.013725491,441286021,825.84863,1430.6064
MOVE,0,1.0,0.013725491,441286029,823.541,1441.294
MOVE,0,1.0,0.013725491,441286037,822.291,1450.3809
MOVE,0,1.0,0.013725491,441286046,822.0,1458.7656
MOVE,0,1.0,0.011764707,441286054,822.0,1464.6006
MOVE,0,1.0,0.011764707,441286062,822.7129,1469.5635
MOVE,0,1.0,0.011764707,441286071,823.0,1473.8105
MOVE,0,1.0,0.013725491,441286079,823.0,1477.1211
MOVE,0,1.0,0.011764707,441286087,823.0,1479.4297
MOVE,0,1.0,0.013725491,441286096,823.0,1480.6865
MOVE,0,1.0,0.011764707,441286104,823.0,1481.7158
MOVE,0,1.0,0.013725491,441286112,823.0,1482.0
MOVE,0,1.0,0.013725491,441286121,823.0,1482.0
MOVE,0,1.0,0.013725491,441286127,821.5,1483.5
MOVE,0,1.0,0.013725491,441286146,821.5,1483.5
MOVE,0,1.0,0.013725491,441286154,821.5,1483.5
MOVE,0,1.0,0.013725491,441286162,821.5,1483.5
MOVE,0,1.0,0.013725491,441286169,822.0,1484.5
MOVE,0,1.0,0.013725491,441286187,822.0,1484.5
MOVE,0,1.0,0.013725491,441286196,822.0,1484.5
MOVE,0,1.0,0.013725491,441286204,822.0,1485.0
MOVE,0,1.0,0.013725491,441286212,822.0,1485.0
MOVE,0,1.0,0.013725491,441286221,822.0,1485.0
MOVE,0,1.0,0.013725491,441286229,821.0,1486.0
MOVE,0,1.0,0.013725491,441286237,821.0,1486.0
MOVE,0,1.0,0.013725491,441286246,820.2744,1487.7256
MOVE,0,1.0,0.013725491,441286254,819.26953,1488.7305
MOVE,0,1.0,0.013725491,441286262,818.3164,1489.6846
MOVE,0,1.0,0.013725491,441286271,817.3008,1490.6992
MOVE,0,1.0,0.013725491,441286279,817.0,1491.0
MOVE,0,1.0,0.013725491,441286287,817.0,1491.0
MOVE,0,1.0,0.011764707,441286296,815.0,1492.7324
MOVE,0,1.0,0.011764707,441286304,814.26465,1493.7354
MOVE,0,1.0,0.011764707,441286312,813.2656,1494.7344
MOVE,0,1.0,0.011764707,441286321,813.0,1495.7314
MOVE,0,1.0,0.011764707,441286329,813.0,1496.7295
MOVE,0,1.0,0.011764707,441286337,813.0,1497.0
MOVE,0,1.0,0.011764707,441286346,813.0,1497.0
MOVE,0,1.0,0.011764707,441286354,813.0,1498.7344
MOVE,0,1.0,0.011764707,441286362,813.0,1499.7354
MOVE,0,1.0,0.011764707,441286371,813.72656,1500.7266
MOVE,0,1.0,0.011764707,441286379,814.0,1501.7266
MOVE,0,1.0,0.013725491,441286387,814.0,1502.6914
MOVE,0,1.0,0.011764707,441286396,814.0,1503.7188
MOVE,0,1.0,0.011764707,441286404,814.0,1504.7314
MOVE,0,1.0,0.011764707,441286411,814.0,1505.5
MOVE,0,1.0,0.011764707,441286429,814.0,1505.5
MOVE,0,1.0,0.011764707,441286437,814.0,1505.5
MOVE,0,1.0,0.011764707,441286446,814.0,1505.5
MOVE,0,1.0,0.011764707,441286452,814.0,1506.5
MOVE,0,1.0,0.011764707,441286471,814.0,1506.5
MOVE,0,1.0,0.011764707,441286479,814.0,1506.5
MOVE,0,1.0,0.011764707,441286487,814.0,1507.0
MOVE,0,1.0,0.011764707,441286496,814.0,1507.0
MOVE,0,1.0,0.011764707,441286504,814.0,1507.0
MOVE,0,1.0,0.011764707,441286512,814.0,1507.0
MOVE,0,1.0,0.011764707,441286521,814.0,1507.0
MOVE,0,1.0,0.011764707,441286529,815.0,1507.706
MOVE,0,1.0,0.011764707,441286537,815.0,1508.0
MOVE,0,1.0,0.011764707,441286546,815.0,1508.0
MOVE,0,1.0,0.011764707,441286554,814.2949,1509.0
MOVE,0,1.0,0.011764707,441286562,814.0,1509.7148
MOVE,0,1.0,0.011764707,441286571,814.0,1511.4385
MOVE,0,1.0,0.011764707,441286579,813.2754,1513.4482
MOVE,0,1.0,0.011764707,441286587,813.0,1514.7217
MOVE,0,1.0,0.011764707,441286596,813.0,1515.7197
MOVE,0,1.0,0.011764707,441286604,812.28613,1516.7139
MOVE,0,1.0,0.011764707,441286611,811.5,1517.5
MOVE,0,1.0,0.011764707,441286629,811.5,1517.5
MOVE,0,1.0,0.011764707,441286637,811.5,1517.5
MOVE,0,1.0,0.011764707,441286646,812.0,1518.0
MOVE,0,1.0,0.011764707,441286654,812.0,1518.0
MOVE,0,1.0,0.011764707,441286662,812.0,1518.0
MOVE,0,1.0,0.011764707,441286671,811.0,1518.0
MOVE,0,1.0,0.011764707,441286679,811.0,1518.0
MOVE,0,1.0,0.011764707,441286687,811.0,1518.0
MOVE,0,1.0,0.011764707,441286696,810.27246,1519.0
MOVE,0,1.0,0.009803922,441286704,809.27246,1519.0
MOVE,0,1.0,0.009803922,441286712,809.0,1519.7197
MOVE,0,1.0,0.011764707,441286721,809.7256,1519.2754
MOVE,0,1.0,0.011764707,441286723,810.0,1519.0
UP,0,1.0,0.011764707,441286732,810.0,1519.0
MOVE,0,1.0,0.013725491,441302037,895.0,667.06055
MOVE,0,1.0,0.013725491,441302045,897.16895,650.709
MOVE,0,1.0,0.011764707,441302053,900.87695,633.7715
MOVE,0,1.0,0.013725491,441302062,904.8721,616.79395
MOVE,0,1.0,0.011764707,441302070,911.00977,599.11816
MOVE,0,1.0,0.011764707,441302078,917.9785,581.19824
MOVE,0,1.0,0.011764707,441302087,924.1045,564.36914
MOVE,0,1.0,0.015686275,441302095,929.93066,549.1738
MOVE,0,1.0,0.011764707,441302103,936.0762,535.16895
MOVE,0,1.0,0.013725491,441302112,941.33496,522.9971
MOVE,0,1.0,0.013725491,441302120,946.4668,511.37402
MOVE,0,1.0,0.013725491,441302128,950.8291,500.21973
MOVE,0,1.0,0.015686275,441302137,954.82715,489.22656
MOVE,0,1.0,0.015686275,441302145,958.751,479.12207
MOVE,0,1.0,0.015686275,441302153,962.0625,469.8125
MOVE,0,1.0,0.011764707,441302162,965.0791,460.0713
MOVE,0,1.0,0.011764707,441302170,968.0762,450.08105
MOVE,0,1.0,0.011764707,441302178,971.08887,440.73438
MOVE,0,1.0,0.011764707,441302187,973.3965,431.71387
MOVE,0,1.0,0.011764707,441302195,975.3877,424.14258
MOVE,0,1.0,0.011764707,441302203,976.69336,417.84277
MOVE,0,1.0,0.013725491,441302212,977.69434,411.833
MOVE,0,1.0,0.013725491,441302220,979.39746,405.80664
MOVE,0,1.0,0.013725491,441302228,980.7012,400.49512
MOVE,0,1.0,0.011764707,441302237,981.6924,395.5371
MOVE,0,1.0,0.011764707,441302245,982.6553,390.7246
MOVE,0,1.0,0.011764707,441302253,984.3779,385.55566
MOVE,0,1.0,0.011764707,441302262,985.7197,380.40234
MOVE,0,1.0,0.011764707,441302270,986.73145,375.34375
MOVE,0,1.0,0.011764707,441302278,987.7246,370.37695
MOVE,0,1.0,0.011764707,441302287,988.73047,365.34766
MOVE,0,1.0,0.011764707,441302295,989.7285,361.0869
MOVE,0,1.0,0.011764707,441302303,990.0,357.07227
MOVE,0,1.0,0.011764707,441302312,990.7334,353.06445
MOVE,0,1.0,0.013725491,441302320,991.7334,349.06543
MOVE,0,1.0,0.013725491,441302328,992.73535,345.79492
MOVE,0,1.0,0.013725491,441302337,993.0,342.79297
MOVE,0,1.0,0.013725491,441302345,993.72363,339.82812
MOVE,0,1.0,0.013725491,441302353,994.0,336.80664
MOVE,0,1.0,0.011764707,441302362,994.0,333.7871
MOVE,0,1.0,0.011764707,441302370,994.73535,330.79492
MOVE,0,1.0,0.011764707,441302378,995.0,328.53516
MOVE,0,1.0,0.011764707,441302387,995.73145,325.80566
MOVE,0,1.0,0.011764707,441302395,996.0,322.8086
MOVE,0,1.0,0.011764707,441302403,996.7295,319.81152
MOVE,0,1.0,0.011764707,441302412,997.73047,316.8086
MOVE,0,1.0,0.011764707,441302420,998.0,314.53027
MOVE,0,1.0,0.011764707,441302428,998.0,311.0537
MOVE,0,1.0,0.011764707,441302437,998.0,307.792
MOVE,0,1.0,0.011764707,441302445,998.0,304.7959
MOVE,0,1.0,0.011764707,441302453,998.0,302.52734
MOVE,0,1.0,0.011764707,441302462,998.0,299.79785
MOVE,0,1.0,0.011764707,441302470,998.0,296.79395
MOVE,0,1.0,0.011764707,441302478,998.0,294.54785
MOVE,0,1.0,0.013725491,441302487,998.0,291.80273
MOVE,0,1.0,0.013725491,441302495,998.0,289.52344
MOVE,0,1.0,0.013725491,441302503,998.0,286.79004
MOVE,0,1.0,0.013725491,441302512,998.0,285.2793
MOVE,0,1.0,0.013725491,441302520,998.0,283.53613
MOVE,0,1.0,0.013725491,441302528,998.0,282.26367
MOVE,0,1.0,0.013725491,441302537,998.0,280.53125
MOVE,0,1.0,0.013725491,441302545,998.0,277.8037
MOVE,0,1.0,0.011764707,441302553,998.0,275.53906
MOVE,0,1.0,0.011764707,441302562,998.0,273.5547
MOVE,0,1.0,0.011764707,441302570,998.0,270.88086
MOVE,0,1.0,0.011764707,441302578,998.0,268.60645
MOVE,0,1.0,0.011764707,441302587,998.0,266.61328
MOVE,0,1.0,0.011764707,441302595,998.0,264.63184
MOVE,0,1.0,0.011764707,441302603,998.0,263.30664
MOVE,0,1.0,0.011764707,441302612,998.0,261.5918
MOVE,0,1.0,0.011764707,441302620,998.0,258.875
MOVE,0,1.0,0.011764707,441302628,998.0,256.57324
MOVE,0,1.0,0.011764707,441302637,998.69824,254.60352
MOVE,0,1.0,0.011764707,441302645,999.7158,251.85352
MOVE,0,1.0,0.011764707,441302653,1000.70703,249.58691
MOVE,0,1.0,0.011764707,441302662,1001.6846,247.63086
MOVE,0,1.0,0.011764707,441302670,1003.38086,245.61914
MOVE,0,1.0,0.011764707,441302678,1005.4072,242.88867
MOVE,0,1.0,0.011764707,441302687,1006.6953,240.60938
MOVE,0,1.0,0.011764707,441302695,1008.3877,237.91895
MOVE,0,1.0,0.011764707,441302703,1009.69434,234.91699
MOVE,0,1.0,0.013725491,441302712,1011.36914,231.26074
MOVE,0,1.0,0.013725491,441302720,1014.70996,227.29004
MOVE,0,1.0,0.013725491,441302728,1020.0596,223.29395
MOVE,0,1.0,0.013725491,441302737,1025.3867,218.61328
MOVE,0,1.0,0.011764707,441302745,1031.2344,213.47168
MOVE,0,1.0,0.011764707,441302753,1037.2432,207.75781
MOVE,0,1.0,0.009803922,441302762,1041.8086,202.48926
MOVE,0,1.0,0.009803922,441302770,1047.1924,198.20508
MOVE,0,1.0,0.009803922,441302778,1053.916,194.19043
MOVE,0,1.0,0.009803922,441302781,1056.0,193.0
UP,0,1.0,0.009803922,441302789,1056.0,193.0
DOWN,0,1.0,0.015686275,441303032,898.0,530.0
MOVE,0,1.0,0.01764706,441303045,898.0,530.0
MOVE,0,1.0,0.01764706,441303053,898.0,530.0
MOVE,0,1.0,0.01764706,441303061,898.0,530.0
MOVE,0,1.0,0.01764706,441303070,898.0,530.0
MOVE,0,1.0,0.01764706,441303078,898.0,530.0
MOVE,0,1.0,0.015686275,441303085,896.5,530.0
MOVE,0,1.0,0.015686275,441303103,894.5674,526.85156
MOVE,0,1.0,0.013725491,441303111,893.29004,521.7373
MOVE,0,1.0,0.013725491,441303120,893.6953,513.7412
MOVE,0,1.0,0.013725491,441303128,894.0,507.4668
MOVE,0,1.0,0.011764707,441303136,894.69727,503.2119
MOVE,0,1.0,0.011764707,441303145,897.1172,496.35352
MOVE,0,1.0,0.013725491,441303153,901.5762,485.417
MOVE,0,1.0,0.011764707,441303161,906.5488,472.77246
MOVE,0,1.0,0.011764707,441303170,911.4951,459.9121
MOVE,0,1.0,0.011764707,441303178,915.8203,447.54004
MOVE,0,1.0,0.011764707,441303186,919.83203,435.50488
MOVE,0,1.0,0.013725491,441303195,922.40137,425.69238
MOVE,0,1.0,0.013725491,441303203,925.1006,416.69922
MOVE,0,1.0,0.011764707,441303211,927.4072,407.66504
MOVE,0,1.0,0.011764707,441303220,930.0596,398.82227
MOVE,0,1.0,0.011764707,441303228,933.1465,390.27637
MOVE,0,1.0,0.011764707,441303236,935.4551,382.18066
MOVE,0,1.0,0.011764707,441303245,937.46387,374.1455
MOVE,0,1.0,0.013725491,441303253,939.459,366.89453
MOVE,0,1.0,0.015686275,441303261,940.7168,359.9834
MOVE,0,1.0,0.015686275,441303270,942.4326,353.70312
MOVE,0,1.0,0.015686275,441303278,944.4297,347.70996
MOVE,0,1.0,0.015686275,441303286,946.45215,342.36914
MOVE,0,1.0,0.015686275,441303295,947.7256,337.37402
MOVE,0,1.0,0.015686275,441303303,948.7246,333.1006
MOVE,0,1.0,0.015686275,441303311,950.43945,329.84082
MOVE,0,1.0,0.013725491,441303320,951.71094,326.8672
MOVE,0,1.0,0.013725491,441303328,952.7168,323.84863
MOVE,0,1.0,0.013725491,441303336,953.7168,320.8506
MOVE,0,1.0,0.013725491,441303345,954.70215,319.29785
MOVE,0,1.0,0.013725491,441303353,955.69824,317.60352
MOVE,0,1.0,0.013725491,441303361,956.70215,314.89453
MOVE,0,1.0,0.013725491,441303370,957.7158,312.56738
MOVE,0,1.0,0.013725491,441303378,958.7217,309.83496
MOVE,0,1.0,0.011764707,441303386,959.69434,307.6123
MOVE,0,1.0,0.011764707,441303395,960.7051,304.8838
MOVE,0,1.0,0.011764707,441303403,961.7168,302.56738
MOVE,0,1.0,0.011764707,441303411,963.4287,301.28516
MOVE,0,1.0,0.011764707,441303420,966.1279,299.58203
MOVE,0,1.0,0.011764707,441303428,967.70703,298.29297
MOVE,0,1.0,0.011764707,441303436,968.6924,296.61523
MOVE,0,1.0,0.011764707,441303445,969.0,295.29883
MOVE,0,1.0,0.011764707,441303453,969.7012,294.29883
MOVE,0,1.0,0.011764707,441303461,970.6875,293.3125
MOVE,0,1.0,0.011764707,441303470,972.41113,291.58887
MOVE,0,1.0,0.011764707,441303478,975.834,288.875
MOVE,0,1.0,0.013725491,441303486,979.86035,284.4248
MOVE,0,1.0,0.013725491,441303495,983.8125,280.1875
MOVE,0,1.0,0.013725491,441303497,985.0,279.0
UP,0,1.0,0.013725491,441303506,985.0,279.0
MOVE,0,1.0,0.011764707,441317519,871.70703,468.4004
MOVE,0,1.0,0.011764707,441317527,873.42676,454.0127
MOVE,0,1.0,0.015686275,441317535,876.1504,438.53027
MOVE,0,1.0,0.015686275,441317544,880.56055,421.89453
MOVE,0,1.0,0.013725491,441317552,884.84863,403.46875
MOVE,0,1.0,0.013725491,441317560,891.02246,382.93164
MOVE,0,1.0,0.015686275,441317569,896.50684,362.97363
MOVE,0,1.0,0.013725491,441317577,901.4541,343.18164
MOVE,0,1.0,0.011764707,441317585,906.4531,323.18555
MOVE,0,1.0,0.011764707,441317594,911.9912,304.36133
MOVE,0,1.0,0.013725491,441317602,916.47656,285.61914
MOVE,0,1.0,0.011764707,441317610,921.2588,264.9668
MOVE,0,1.0,0.011764707,441317619,926.4209,244.31738
MOVE,0,1.0,0.015686275,441317627,930.8174,223.91406
MOVE,0,1.0,0.011764707,441317635,934.84375,203.78027
MOVE,0,1.0,0.013725491,441317644,938.83594,184.52832
MOVE,0,1.0,0.015686275,441317652,941.41504,167.6836
MOVE,0,1.0,0.015686275,441317660,944.11816,151.70215
MOVE,0,1.0,0.013725491,441317669,946.39355,136.54883
MOVE,0,1.0,0.013725491,441317677,947.6924,122.31152
MOVE,0,1.0,0.013725491,441317685,949.4092,110.24805
MOVE,0,1.0,0.015686275,441317694,951.38965,100.74609
MOVE,0,1.0,0.015686275,441317702,953.376,92.49609
MOVE,0,1.0,0.015686275,441317710,954.67773,85.25879
MOVE,0,1.0,0.015686275,441317719,956.3262,79.02051
MOVE,0,1.0,0.013725491,441317727,957.67676,73.61719
MOVE,0,1.0,0.013725491,441317735,958.667,69.99805
MOVE,0,1.0,0.013725491,441317744,960.1787,67.23242
MOVE,0,1.0,0.013725491,441317752,961.0,64.69629
MOVE,0,1.0,0.013725491,441317760,961.7031,62.59375
MOVE,0,1.0,0.013725491,441317769,962.7168,60.566406
MOVE,0,1.0,0.013725491,441317777,963.0,57.841797
MOVE,0,1.0,0.011764707,441317785,963.69727,55.606445
MOVE,0,1.0,0.011764707,441317794,964.69434,53.612305
MOVE,0,1.0,0.011764707,441317802,965.0,51.597656
MOVE,0,1.0,0.011764707,441317810,965.0,48.89453
MOVE,0,1.0,0.011764707,441317819,965.69336,46.614258
MOVE,0,1.0,0.011764707,441317827,966.67676,44.646484
MOVE,0,1.0,0.011764707,441317835,967.0,42.621094
MOVE,0,1.0,0.011764707,441317844,967.7051,40.589844
MOVE,0,1.0,0.015686275,441317852,968.7119,38.57617
MOVE,0,1.0,0.015686275,441317860,969.0,35.88672
MOVE,0,1.0,0.015686275,441317869,969.6865,33.626953
MOVE,0,1.0,0.015686275,441317877,970.0,31.605469
MOVE,0,1.0,0.015686275,441317885,970.7012,30.298828
MOVE,0,1.0,0.015686275,441317894,971.0,28.56836
MOVE,0,1.0,0.015686275,441317902,971.0,26.585938
MOVE,0,1.0,0.013725491,441317910,971.0,25.31543
MOVE,0,1.0,0.013725491,441317919,971.0,24.311523
MOVE,0,1.0,0.013725491,441317927,971.0,23.32129
MOVE,0,1.0,0.013725491,441317935,971.0,23.0
MOVE,0,1.0,0.013725491,441317944,971.0,23.0
MOVE,0,1.0,0.013725491,441317952,971.0,21.291992
MOVE,0,1.0,0.013725491,441317959,971.0,20.5
MOVE,0,1.0,0.013725491,441317977,971.0,20.5
MOVE,0,1.0,0.013725491,441317984,972.5,19.5
MOVE,0,1.0,0.013725491,441318002,976.77637,20.694336
MOVE,0,1.0,0.013725491,441318010,980.8115,21.703125
MOVE,0,1.0,0.013725491,441318019,986.1582,24.079102
MOVE,0,1.0,0.013725491,441318027,992.35156,25.0
MOVE,0,1.0,0.013725491,441318031,995.0,25.0
UP,0,1.0,0.013725491,441318038,995.0,25.0
DOWN,0,1.0,0.011764707,441324350,863.0,428.0
MOVE,0,1.0,0.011764707,441324368,859.13086,435.45508
MOVE,0,1.0,0.011764707,441324376,856.5381,442.38574
MOVE,0,1.0,0.013725491,441324385,853.8154,452.0088
MOVE,0,1.0,0.011764707,441324393,847.46094,472.31055
MOVE,0,1.0,0.013725491,441324401,840.85645,498.64746
MOVE,0,1.0,0.015686275,441324410,835.4756,526.73535
MOVE,0,1.0,0.013725491,441324418,830.5049,554.57324
MOVE,0,1.0,0.015686275,441324426,826.86523,580.791
MOVE,0,1.0,0.013725491,441324435,824.5664,604.48535
MOVE,0,1.0,0.013725491,441324443,823.2803,628.2676
MOVE,0,1.0,0.013725491,441324445,823.0,635.0
UP,0,1.0,0.013725491,441324454,823.0,635.0
DOWN,0,1.0,0.011764707,441324839,805.0,775.0
MOVE,0,1.0,0.013725491,441324851,805.0,775.0
MOVE,0,1.0,0.013725491,441324860,805.0,775.0
MOVE,0,1.0,0.013725491,441324868,804.2959,776.7041
MOVE,0,1.0,0.013725491,441324875,803.5,777.5
MOVE,0,1.0,0.013725491,441324893,803.5,777.5
MOVE,0,1.0,0.013725491,441324900,803.5,777.5
MOVE,0,1.0,0.013725491,441324918,803.5,777.5
MOVE,0,1.0,0.011764707,441324926,805.4502,768.47656
MOVE,0,1.0,0.011764707,441324935,807.4209,760.3164
MOVE,0,1.0,0.011764707,441324943,810.13477,752.30566
MOVE,0,1.0,0.015686275,441324951,814.5801,740.6924
MOVE,0,1.0,0.013725491,441324960,822.4951,724.00977
MOVE,0,1.0,0.011764707,441324968,831.5,705.2783
MOVE,0,1.0,0.011764707,441324976,839.81055,686.9258
MOVE,0,1.0,0.013725491,441324985,846.3506,671.12305
MOVE,0,1.0,0.011764707,441324993,850.9131,656.8037
MOVE,0,1.0,0.011764707,441325001,854.1572,643.65137
MOVE,0,1.0,0.011764707,441325010,856.4287,632.14453
MOVE,0,1.0,0.011764707,441325018,857.7197,621.0879
MOVE,0,1.0,0.013725491,441325026,858.7178,610.1084
MOVE,0,1.0,0.011764707,441325035,859.69336,599.3779
MOVE,0,1.0,0.011764707,441325043,860.71387,588.8594
MOVE,0,1.0,0.011764707,441325051,862.4336,577.4004
MOVE,0,1.0,0.011764707,441325060,865.2031,565.1865
MOVE,0,1.0,0.011764707,441325068,869.6924,551.66016
MOVE,0,1.0,0.015686275,441325076,874.63184,537.83203
MOVE,0,1.0,0.011764707,441325085,879.66113,523.0166
MOVE,0,1.0,0.013725491,441325093,885.4082,507.24512
MOVE,0,1.0,0.013725491,441325101,890.6631,492.00977
MOVE,0,1.0,0.015686275,441325110,894.93945,477.7119
MOVE,0,1.0,0.015686275,441325118,899.6533,464.50098
MOVE,0,1.0,0.011764707,441325126,902.459,452.24805
MOVE,0,1.0,0.011764707,441325135,905.19824,440.93945
MOVE,0,1.0,0.011764707,441325143,908.2002,429.93262
MOVE,0,1.0,0.011764707,441325151,911.2051,418.9131
MOVE,0,1.0,0.013725491,441325160,914.9199,407.9707
MOVE,0,1.0,0.011764707,441325168,918.90137,395.56934
MOVE,0,1.0,0.011764707,441325176,923.6426,381.7998
MOVE,0,1.0,0.011764707,441325185,929.2715,367.32227
MOVE,0,1.0,0.011764707,441325193,934.48535,353.2412
MOVE,0,1.0,0.015686275,441325201,939.57324,339.70996
MOVE,0,1.0,0.013725491,441325210,944.61426,326.60352
MOVE,0,1.0,0.013725491,441325218,948.7793,313.27344
MOVE,0,1.0,0.015686275,441325226,952.874,299.65918
MOVE,0,1.0,0.015686275,441325235,956.18164,288.0
MOVE,0,1.0,0.015686275,441325243,959.2051,276.1787
MOVE,0,1.0,0.013725491,441325251,962.9512,264.88477
MOVE,0,1.0,0.011764707,441325260,966.16797,254.0498
MOVE,0,1.0,0.011764707,441325268,970.6533,242.23145
MOVE,0,1.0,0.011764707,441325276,975.68164,230.16309
MOVE,0,1.0,0.013725491,441325285,981.2422,219.22266
MOVE,0,1.0,0.013725491,441325293,987.2949,207.41016
MOVE,0,1.0,0.011764707,441325301,992.6846,195.89453
MOVE,0,1.0,0.011764707,441325310,996.94727,184.89551
MOVE,0,1.0,0.011764707,441325318,1000.8994,174.75195
MOVE,0,1.0,0.013725491,441325326,1004.85156,165.58496
MOVE,0,1.0,0.013725491,441325335,1008.85156,156.58496
MOVE,0,1.0,0.013725491,441325343,1012.1289,147.6123
MOVE,0,1.0,0.013725491,441325351,1015.7529,138.80664
MOVE,0,1.0,0.011764707,441325360,1021.2949,129.55762
MOVE,0,1.0,0.009803922,441325368,1027.4414,118.85742
MOVE,0,1.0,0.009803922,441325376,1034.8789,107.18164
MOVE,0,1.0,0.009803922,441325385,1042.8545,94.48633
MOVE,0,1.0,0.011764707,441325393,1053.0576,81.47754
MOVE,0,1.0,0.009803922,441325401,1063.2373,69.31543
MOVE,0,1.0,0.009803922,441325404,1066.0,66.0
UP,0,1.0,0.009803922,441325412,1066.0,66.0
DOWN,0,1.0,0.011764707,441329688,123.0,1495.0
MOVE,0,1.0,0.013725491,441329701,123.0,1494.2891
MOVE,0,1.0,0.011764707,441329710,123.70508,1490.4736
MOVE,0,1.0,0.011764707,441329718,124.72754,1483.9082
MOVE,0,1.0,0.011764707,441329726,125.7334,1479.0674
MOVE,0,1.0,0.013725491,441329735,126.0,1478.0
MOVE,0,1.0,0.013725491,441329743,126.0,1478.0
MOVE,0,1.0,0.013725491,441329751,127.42578,1465.1572
MOVE,0,1.0,0.013725491,441329760,128.7168,1452.6826
MOVE,0,1.0,0.011764707,441329768,129.72754,1439.542
MOVE,0,1.0,0.013725491,441329776,131.45703,1426.5322
MOVE,0,1.0,0.013725491,441329785,132.0,1412.8516
MOVE,0,1.0,0.013725491,441329793,132.73047,1399.5088
MOVE,0,1.0,0.013725491,441329801,133.0,1385.9795
MOVE,0,1.0,0.013725491,441329810,133.72168,1372.624
MOVE,0,1.0,0.015686275,441329818,134.0,1361.0244
MOVE,0,1.0,0.013725491,441329826,134.0,1350.6904
MOVE,0,1.0,0.013725491,441329835,134.0,1340.6885
MOVE,0,1.0,0.013725491,441329843,133.27246,1332.1777
MOVE,0,1.0,0.013725491,441329851,133.0,1324.251
MOVE,0,1.0,0.015686275,441329860,132.27734,1316.9434
MOVE,0,1.0,0.015686275,441329868,131.26855,1310.6113
MOVE,0,1.0,0.015686275,441329876,130.27051,1306.081
MOVE,0,1.0,0.015686275,441329885,129.27246,1300.6338
MOVE,0,1.0,0.015686275,441329893,128.27441,1294.6445
MOVE,0,1.0,0.015686275,441329901,127.28125,1287.9707
MOVE,0,1.0,0.015686275,441329910,126.27246,1280.1777
MOVE,0,1.0,0.015686275,441329918,125.26953,1270.6973
MOVE,0,1.0,0.015686275,441329926,125.0,1262.1562
MOVE,0,1.0,0.013725491,441329935,124.293945,1257.1777
MOVE,0,1.0,0.013725491,441329943,124.0,1251.8281
MOVE,0,1.0,0.015686275,441329951,124.0,1246.4082
MOVE,0,1.0,0.011764707,441329960,124.0,1241.3721
MOVE,0,1.0,0.011764707,441329968,124.72754,1237.0918
MOVE,0,1.0,0.011764707,441329976,125.0,1233.8203
MOVE,0,1.0,0.015686275,441329985,125.0,1230.8135
MOVE,0,1.0,0.011764707,441329993,125.0,1227.1699
MOVE,0,1.0,0.015686275,441330001,125.0,1224.6289
MOVE,0,1.0,0.015686275,441330010,125.0,1222.5957
MOVE,0,1.0,0.015686275,441330018,125.0,1220.6113
MOVE,0,1.0,0.015686275,441330025,125.0,1219.0
MOVE,0,1.0,0.015686275,441330043,124.0,1220.0
MOVE,0,1.0,0.015686275,441330051,124.0,1220.0
MOVE,0,1.0,0.015686275,441330060,124.0,1220.0
MOVE,0,1.0,0.015686275,441330068,124.0,1220.0
MOVE,0,1.0,0.015686275,441330076,123.0,1220.7275
MOVE,0,1.0,0.015686275,441330083,123.0,1221.5
MOVE,0,1.0,0.015686275,441330101,123.0,1221.5
MOVE,0,1.0,0.015686275,441330110,123.0,1221.5
MOVE,0,1.0,0.015686275,441330118,124.450195,1219.2754
MOVE,0,1.0,0.015686275,441330126,125.0,1219.0
MOVE,0,1.0,0.015686275,441330135,125.0,1219.0
MOVE,0,1.0,0.015686275,441330143,125.0,1219.0
MOVE,0,1.0,0.015686275,441330151,125.0,1219.0
MOVE,0,1.0,0.015686275,441330158,123.5,1220.5
MOVE,0,1.0,0.011764707,441330176,122.28516,1223.7148
MOVE,0,1.0,0.015686275,441330185,122.89746,1222.2051
MOVE,0,1.0,0.015686275,441330186,123.0,1222.0
UP,0,1.0,0.015686275,441330195,123.0,1222.0
DOWN,0,1.0,0.011764707,441335680,98.0,1209.0
MOVE,0,1.0,0.015686275,441335702,103.887695,1217.4795
MOVE,0,1.0,0.015686275,441335710,107.240234,1224.0996
MOVE,0,1.0,0.015686275,441335718,109.39453,1227.3945
MOVE,0,1.0,0.015686275,441335727,110.0,1228.0
MOVE,0,1.0,0.015686275,441335735,110.0,1228.0
MOVE,0,1.0,0.015686275,441335743,110.0,1228.0
MOVE,0,1.0,0.015686275,441335752,112.44824,1233.6201
MOVE,0,1.0,0.015686275,441335760,115.87891,1241.4775
MOVE,0,1.0,0.015686275,441335768,120.58594,1251.8896
MOVE,0,1.0,0.015686275,441335777,126.2832,1264.2812
MOVE,0,1.0,0.015686275,441335785,131.63672,1276.7285
MOVE,0,1.0,0.01764706,441335793,135.86719,1287.8857
MOVE,0,1.0,0.013725491,441335802,139.89453,1298.2363
MOVE,0,1.0,0.011764707,441335810,144.62305,1308.9717
MOVE,0,1.0,0.011764707,441335818,148.89355,1319.957
MOVE,0,1.0,0.01764706,441335827,152.13379,1330.8242
MOVE,0,1.0,0.01764706,441335835,155.07227,1341.5967
MOVE,0,1.0,0.01764706,441335843,158.15234,1354.3262
MOVE,0,1.0,0.011764707,441335852,160.42188,1366.5312
MOVE,0,1.0,0.013725491,441335860,161.72168,1377.2158
MOVE,0,1.0,0.013725491,441335868,162.73438,1387.3398
MOVE,0,1.0,0.013725491,441335877,163.0,1395.1436
MOVE,0,1.0,0.01764706,441335885,163.0,1401.4297
MOVE,0,1.0,0.01764706,441335893,163.0,1406.7051
MOVE,0,1.0,0.01764706,441335902,163.0,1410.1807
MOVE,0,1.0,0.01764706,441335910,163.0,1413.1914
MOVE,0,1.0,0.01764706,441335918,163.0,1414.7217
MOVE,0,1.0,0.01764706,441335927,163.0,1415.7275
MOVE,0,1.0,0.01764706,441335935,163.72559,1416.7256
MOVE,0,1.0,0.01764706,441335943,164.0,1417.0
MOVE,0,1.0,0.01764706,441335952,164.0,1417.0
MOVE,0,1.0,0.01764706,441335960,164.0,1417.0
MOVE,0,1.0,0.01764706,441335968,164.0,1417.0
MOVE,0,1.0,0.01764706,441335975,165.5,1418.5
MOVE,0,1.0,0.01764706,441335993,165.5,1418.5
MOVE,0,1.0,0.01764706,441336002,165.5,1418.5
MOVE,0,1.0,0.01764706,441336010,165.5,1418.5
MOVE,0,1.0,0.01764706,441336018,165.5,1418.5
MOVE,0,1.0,0.01764706,441336027,166.0,1418.0
MOVE,0,1.0,0.01764706,441336035,166.0,1418.0
MOVE,0,1.0,0.01764706,441336043,166.0,1418.0
MOVE,0,1.0,0.01764706,441336052,166.0,1418.0
MOVE,0,1.0,0.01764706,441336060,166.0,1418.0
MOVE,0,1.0,0.01764706,441336068,166.0,1418.0
MOVE,0,1.0,0.01764706,441336077,166.0,1418.0
MOVE,0,1.0,0.01764706,441336085,166.0,1418.0
MOVE,0,1.0,0.01764706,441336093,166.0,1418.0
MOVE,0,1.0,0.01764706,441336102,166.0,1418.0
MOVE,0,1.0,0.01764706,441336110,166.0,1418.0
MOVE,0,1.0,0.01764706,441336118,166.0,1418.0
MOVE,0,1.0,0.01764706,441336127,166.0,1418.0
MOVE,0,1.0,0.01764706,441336135,166.0,1418.0
MOVE,0,1.0,0.01764706,441336143,166.0,1418.0
MOVE,0,1.0,0.01764706,441336152,166.0,1418.0
MOVE,0,1.0,0.01764706,441336160,166.0,1418.0
MOVE,0,1.0,0.01764706,441336168,166.0,1418.0
MOVE,0,1.0,0.01764706,441336177,166.0,1418.0
MOVE,0,1.0,0.01764706,441336185,167.0,1418.0
MOVE,0,1.0,0.01764706,441336193,167.0,1418.0
MOVE,0,1.0,0.01764706,441336202,167.0,1418.0
MOVE,0,1.0,0.01764706,441336210,167.0,1418.0
MOVE,0,1.0,0.01764706,441336218,167.0,1418.0
MOVE,0,1.0,0.01764706,441336227,167.0,1418.0
MOVE,0,1.0,0.01764706,441336235,167.0,1418.0
MOVE,0,1.0,0.01764706,441336243,167.0,1418.0
MOVE,0,1.0,0.013725491,441336252,168.71484,1414.8555
MOVE,0,1.0,0.01764706,441336260,170.41504,1411.8779
MOVE,0,1.0,0.01764706,441336268,171.69043,1407.5488
MOVE,0,1.0,0.013725491,441336277,172.70898,1402.456
MOVE,0,1.0,0.013725491,441336285,173.70996,1398.1582
MOVE,0,1.0,0.013725491,441336293,174.71875,1394.8438
MOVE,0,1.0,0.013725491,441336302,175.0,1392.6074
MOVE,0,1.0,0.013725491,441336310,175.0,1389.8652
MOVE,0,1.0,0.013725491,441336318,175.0,1388.2842
MOVE,0,1.0,0.013725491,441336327,175.0,1387.2852
MOVE,0,1.0,0.013725491,441336335,175.0,1386.2725
MOVE,0,1.0,0.013725491,441336341,175.0,1385.5
MOVE,0,1.0,0.013725491,441336360,176.0,1385.0
MOVE,0,1.0,0.013725491,441336368,176.0,1385.0
MOVE,0,1.0,0.015686275,441336377,176.0,1383.2695
MOVE,0,1.0,0.015686275,441336379,176.0,1383.0
UP,0,1.0,0.015686275,441336387,176.0,1383.0
MOVE,0,1.0,0.011764707,441348725,782.28516,656.55566
MOVE,0,1.0,0.011764707,441348734,782.0,639.0918
MOVE,0,1.0,0.013725491,441348742,782.0,621.8701
MOVE,0,1.0,0.011764707,441348750,782.0,604.7451
MOVE,0,1.0,0.011764707,441348759,782.71094,589.3379
MOVE,0,1.0,0.011764707,441348767,783.71387,574.29395
MOVE,0,1.0,0.011764707,441348775,785.43945,559.9219
MOVE,0,1.0,0.013725491,441348784,787.40137,547.5928
MOVE,0,1.0,0.011764707,441348792,790.10156,536.9951
MOVE,0,1.0,0.011764707,441348800,793.0127,526.61914
MOVE,0,1.0,0.011764707,441348809,796.7832,517.4326
MOVE,0,1.0,0.011764707,441348817,800.1328,508.60352
MOVE,0,1.0,0.011764707,441348825,803.11816,501.05762
MOVE,0,1.0,0.011764707,441348834,806.09766,494.10547
MOVE,0,1.0,0.011764707,441348842,808.2881,488.77832
MOVE,0,1.0,0.013725491,441348850,810.33887,483.65234
MOVE,0,1.0,0.015686275,441348859,811.68945,479.2412
MOVE,0,1.0,0.015686275,441348867,813.3047,475.3916
MOVE,0,1.0,0.015686275,441348875,815.32715,472.0088
MOVE,0,1.0,0.015686275,441348884,816.69824,469.60254
MOVE,0,1.0,0.015686275,441348892,818.4004,467.5996
MOVE,0,1.0,0.015686275,441348900,819.69824,465.60254
MOVE,0,1.0,0.015686275,441348909,820.7051,463.59082
MOVE,0,1.0,0.011764707,441348917,822.4131,461.5869
MOVE,0,1.0,0.013725491,441348925,823.69824,460.30176
MOVE,0,1.0,0.013725491,441348934,825.3887,458.61133
MOVE,0,1.0,0.013725491,441348942,827.3994,455.9004
MOVE,0,1.0,0.013725491,441348950,828.69336,453.6123
MOVE,0,1.0,0.013725491,441348959,830.375,450.9375
MOVE,0,1.0,0.013725491,441348967,832.36816,448.63184
MOVE,0,1.0,0.013725491,441348975,834.3838,445.9248
MOVE,0,1.0,0.013725491,441348984,835.6992,442.90332
MOVE,0,1.0,0.013725491,441348992,836.7158,440.56934
MOVE,0,1.0,0.011764707,441349000,837.72656,437.81934
MOVE,0,1.0,0.011764707,441349009,838.7334,434.79883
MOVE,0,1.0,0.011764707,441349017,839.7285,431.81348
MOVE,0,1.0,0.011764707,441349025,840.7158,428.85254
MOVE,0,1.0,0.011764707,441349034,841.709,425.1621
MOVE,0,1.0,0.011764707,441349042,842.7158,421.8545
MOVE,0,1.0,0.011764707,441349050,843.7207,418.83887
MOVE,0,1.0,0.013725491,441349059,844.72363,415.10352
MOVE,0,1.0,0.013725491,441349067,845.0,411.85352
MOVE,0,1.0,0.013725491,441349075,845.0,408.92773
MOVE,0,1.0,0.013725491,441349084,845.6914,406.61816
MOVE,0,1.0,0.013725491,441349092,846.69727,404.60547
MOVE,0,1.0,0.013725491,441349100,847.0,402.6006
MOVE,0,1.0,0.013725491,441349109,847.0,401.28906
MOVE,0,1.0,0.011764707,441349117,847.0,399.58984
MOVE,0,1.0,0.011764707,441349125,847.0,398.30176
MOVE,0,1.0,0.011764707,441349134,847.6924,397.30762
MOVE,0,1.0,0.011764707,441349142,848.69434,396.30566
MOVE,0,1.0,0.011764707,441349150,849.0,395.30566
MOVE,0,1.0,0.011764707,441349159,849.6875,394.3125
MOVE,0,1.0,0.011764707,441349167,850.0,393.33398
MOVE,0,1.0,0.011764707,441349175,850.67676,392.32324
MOVE,0,1.0,0.011764707,441349184,852.38184,390.61816
MOVE,0,1.0,0.011764707,441349192,853.6826,388.63477
MOVE,0,1.0,0.011764707,441349200,854.69727,387.30273
MOVE,0,1.0,0.011764707,441349209,855.69824,385.6045
MOVE,0,1.0,0.011764707,441349217,856.70703,383.58594
MOVE,0,1.0,0.011764707,441349225,858.4209,380.86914
MOVE,0,1.0,0.011764707,441349234,859.70703,377.87793
MOVE,0,1.0,0.011764707,441349242,861.38965,375.61035
MOVE,0,1.0,0.011764707,441349250,862.6924,372.9248
MOVE,0,1.0,0.011764707,441349259,864.4033,369.8955
MOVE,0,1.0,0.011764707,441349267,866.36914,366.9463
MOVE,0,1.0,0.011764707,441349275,869.07227,363.92773
MOVE,0,1.0,0.011764707,441349284,870.70215,360.19238
MOVE,0,1.0,0.011764707,441349292,872.4199,356.87012
MOVE,0,1.0,0.013725491,441349300,875.11523,353.88477
MOVE,0,1.0,0.013725491,441349309,878.1387,350.14844
MOVE,0,1.0,0.015686275,441349317,880.3916,346.9121
MOVE,0,1.0,0.015686275,441349325,882.39453,343.21094
MOVE,0,1.0,0.015686275,441349334,883.69434,339.2207
MOVE,0,1.0,0.011764707,441349342,885.3584,335.28418
MOVE,0,1.0,0.013725491,441349350,886.6963,331.91016
MOVE,0,1.0,0.013725491,441349359,888.39746,328.9043
MOVE,0,1.0,0.013725491,441349367,889.6963,325.21582
MOVE,0,1.0,0.013725491,441349375,891.3965,321.9043
MOVE,0,1.0,0.013725491,441349384,893.41113,318.1787
MOVE,0,1.0,0.013725491,441349392,895.40137,314.89844
MOVE,0,1.0,0.013725491,441349400,897.3838,311.23242
MOVE,0,1.0,0.011764707,441349409,900.05176,307.94824
MOVE,0,1.0,0.011764707,441349417,903.08594,304.21875
MOVE,0,1.0,0.011764707,441349425,905.3584,300.28223
MOVE,0,1.0,0.011764707,441349434,908.07715,296.23047
MOVE,0,1.0,0.011764707,441349442,911.09375,292.90625
MOVE,0,1.0,0.013725491,441349450,913.40137,289.1963
MOVE,0,1.0,0.013725491,441349459,916.08984,285.2129
MOVE,0,1.0,0.013725491,441349467,918.3867,281.22656
MOVE,0,1.0,0.013725491,441349475,921.0654,277.93457
MOVE,0,1.0,0.013725491,441349484,923.41504,274.87793
MOVE,0,1.0,0.011764707,441349492,924.70605,271.8838
MOVE,0,1.0,0.011764707,441349500,926.4121,268.8828
MOVE,0,1.0,0.011764707,441349509,927.7129,266.5752
MOVE,0,1.0,0.011764707,441349517,928.70703,264.58496
MOVE,0,1.0,0.011764707,441349525,929.708,262.58398
MOVE,0,1.0,0.011764707,441349534,930.0,260.59766
MOVE,0,1.0,0.011764707,441349542,930.7051,258.58984
MOVE,0,1.0,0.011764707,441349550,931.7041,256.59277
MOVE,0,1.0,0.011764707,441349559,932.0,255.32422
MOVE,0,1.0,0.011764707,441349567,932.0,254.32324
MOVE,0,1.0,0.011764707,441349575,932.6758,253.32422
MOVE,0,1.0,0.011764707,441349584,933.6699,252.33008
MOVE,0,1.0,0.011764707,441349592,934.0,251.30469
MOVE,0,1.0,0.011764707,441349600,934.7012,250.29883
MOVE,0,1.0,0.011764707,441349609,935.0,249.29395
MOVE,0,1.0,0.011764707,441349617,935.7002,248.2998
MOVE,0,1.0,0.011764707,441349625,936.69727,246.60645
MOVE,0,1.0,0.011764707,441349634,937.69824,244.60449
MOVE,0,1.0,0.011764707,441349642,938.6924,242.61523
MOVE,0,1.0,0.013725491,441349650,940.3779,239.9336
MOVE,0,1.0,0.013725491,441349659,942.3418,236.9873
MOVE,0,1.0,0.013725491,441349667,943.6621,234.67578
MOVE,0,1.0,0.013725491,441349675,944.0,231.92285
MOVE,0,1.0,0.015686275,441349684,944.67773,228.96875
MOVE,0,1.0,0.015686275,441349692,945.70215,225.89453
MOVE,0,1.0,0.015686275,441349700,946.0,222.86914
MOVE,0,1.0,0.015686275,441349709,946.7031,219.18652
MOVE,0,1.0,0.015686275,441349717,947.71484,215.85645
MOVE,0,1.0,0.015686275,441349725,948.71484,212.13965
MOVE,0,1.0,0.015686275,441349734,950.42676,208.85938
MOVE,0,1.0,0.015686275,441349742,951.69434,205.22461
MOVE,0,1.0,0.015686275,441349750,952.6924,201.92383
MOVE,0,1.0,0.013725491,441349759,954.38086,198.92871
MOVE,0,1.0,0.013725491,441349767,955.66406,195.34375
MOVE,0,1.0,0.013725491,441349775,957.3203,192.02051
MOVE,0,1.0,0.013725491,441349784,959.3789,188.93164
MOVE,0,1.0,0.011764707,441349792,961.40625,185.89062
MOVE,0,1.0,0.011764707,441349800,962.708,182.875
MOVE,0,1.0,0.011764707,441349809,964.41406,179.1709
MOVE,0,1.0,0.011764707,441349817,967.08984,175.21289
MOVE,0,1.0,0.011764707,441349825,969.4033,171.89551
MOVE,0,1.0,0.011764707,441349834,971.3867,168.91992
MOVE,0,1.0,0.011764707,441349842,973.4043,165.1914
MOVE,0,1.0,0.011764707,441349850,975.4072,161.88867
MOVE,0,1.0,0.013725491,441349859,976.66797,158.99512
MOVE,0,1.0,0.013725491,441349867,978.31836,155.36328
MOVE,0,1.0,0.013725491,441349875,979.68945,151.24219
MOVE,0,1.0,0.013725491,441349884,981.4199,147.16016
MOVE,0,1.0,0.011764707,441349892,982.7119,143.86523
MOVE,0,1.0,0.011764707,441349900,983.70996,140.87012
MOVE,0,1.0,0.011764707,441349909,984.70605,137.17383
MOVE,0,1.0,0.011764707,441349917,985.7031,133.89062
MOVE,0,1.0,0.011764707,441349925,986.70996,130.16211
MOVE,0,1.0,0.011764707,441349934,987.0,127.06543
MOVE,0,1.0,0.011764707,441349942,987.66895,123.32422
MOVE,0,1.0,0.011764707,441349950,988.0,118.54883
MOVE,0,1.0,0.011764707,441349959,988.0,114.29199
MOVE,0,1.0,0.011764707,441349967,988.0,110.25586
MOVE,0,1.0,0.011764707,441349975,988.0,106.18164
MOVE,0,1.0,0.011764707,441349983,988.7197,102.8418
MOVE,0,1.0,0.013725491,441349992,989.70703,99.17285
MOVE,0,1.0,0.013725491,441350000,990.70215,95.89453
MOVE,0,1.0,0.013725491,441350008,991.0,92.15625
MOVE,0,1.0,0.013725491,441350017,991.0,88.231445
MOVE,0,1.0,0.011764707,441350025,991.0,84.23828
MOVE,0,1.0,0.011764707,441350033,991.0,79.55957
MOVE,0,1.0,0.011764707,441350042,991.0,75.20996
MOVE,0,1.0,0.011764707,441350050,991.70703,70.46777
MOVE,0,1.0,0.011764707,441350058,992.0,66.546875
MOVE,0,1.0,0.011764707,441350067,992.0,61.782227
MOVE,0,1.0,0.011764707,441350075,991.2959,57.183594
MOVE,0,1.0,0.011764707,441350084,991.0,53.19043
MOVE,0,1.0,0.011764707,441350092,991.0,49.15918
MOVE,0,1.0,0.011764707,441350100,991.0,46.58789
MOVE,0,1.0,0.011764707,441350109,991.0,43.884766
MOVE,0,1.0,0.011764707,441350117,990.3047,41.609375
MOVE,0,1.0,0.011764707,441350125,990.0,39.600586
MOVE,0,1.0,0.013725491,441350134,990.0,38.29004
MOVE,0,1.0,0.013725491,441350142,990.0,36.606445
MOVE,0,1.0,0.013725491,441350150,990.0,34.623047
MOVE,0,1.0,0.013725491,441350159,990.0,32.601562
MOVE,0,1.0,0.013725491,441350167,990.0,31.307617
MOVE,0,1.0,0.013725491,441350175,990.70703,30.292969
MOVE,0,1.0,0.013725491,441350184,991.0,28.570312
MOVE,0,1.0,0.013725491,441350192,991.0,26.583984
MOVE,0,1.0,0.013725491,441350200,991.71094,24.578125
MOVE,0,1.0,0.013725491,441350208,992.7119,23.288086
MOVE,0,1.0,0.013725491,441350217,993.0,21.598633
MOVE,0,1.0,0.011764707,441350225,993.69824,20.301758
MOVE,0,1.0,0.011764707,441350233,994.6992,18.601562
MOVE,0,1.0,0.011764707,441350242,995.0,16.551758
MOVE,0,1.0,0.011764707,441350250,995.73535,14.529297
MOVE,0,1.0,0.011764707,441350258,996.7363,12.527344
MOVE,0,1.0,0.011764707,441350267,997.7324,10.535156
MOVE,0,1.0,0.011764707,441350275,998.72266,8.553711
MOVE,0,1.0,0.011764707,441350283,999.7207,6.5595703
MOVE,0,1.0,0.011764707,441350292,1000.70996,4.5791016
MOVE,0,1.0,0.011764707,441350300,1002.4551,1.8173828
MOVE,0,1.0,0.011764707,441350309,1003.7285,-0.4560547
MOVE,0,1.0,0.011764707,441350317,1004.0,-2.4414062
MOVE,0,1.0,0.011764707,441350325,1004.0,-5.1103516
MOVE,0,1.0,0.011764707,441350334,1004.69824,-7.395508
MOVE,0,1.0,0.011764707,441350342,1005.6992,-8.699219
MOVE,0,1.0,0.011764707,441350350,1006.0,-10.396484
MOVE,0,1.0,0.011764707,441350359,1006.0,-12.390625
MOVE,0,1.0,0.011764707,441350367,1006.69434,-13.694336
MOVE,0,1.0,0.011764707,441350375,1007.0,-15.416016
MOVE,0,1.0,0.011764707,441350384,1007.6846,-17.368164
MOVE,0,1.0,0.011764707,441350392,1008.0,-18.6875
MOVE,0,1.0,0.011764707,441350400,1008.0,-19.698242
MOVE,0,1.0,0.011764707,441350408,1008.0,-20.676758
MOVE,0,1.0,0.013725491,441350417,1008.0,-21.69336
MOVE,0,1.0,0.013725491,441350425,1008.68555,-23.371094
MOVE,0,1.0,0.013725491,441350433,1009.0,-24.688477
MOVE,0,1.0,0.013725491,441350442,1009.6963,-26.392578
MOVE,0,1.0,0.013725491,441350450,1010.0,-28.404297
MOVE,0,1.0,0.013725491,441350458,1010.0,-31.083984
MOVE,0,1.0,0.013725491,441350467,1010.708,-33.416016
MOVE,0,1.0,0.013725491,441350475,1011.0,-35.441406
MOVE,0,1.0,0.013725491,441350483,1011.0,-36.71875
MOVE,0,1.0,0.013725491,441350492,1011.0,-38.418945
MOVE,0,1.0,0.013725491,441350500,1011.0,-39.710938
MOVE,0,1.0,0.013725491,441350508,1011.0,-41.44336
MOVE,0,1.0,0.013725491,441350517,1011.0,-42.708008
MOVE,0,1.0,0.013725491,441350525,1011.6924,-44.384766
MOVE,0,1.0,0.013725491,441350533,1012.0,-45.69336
MOVE,0,1.0,0.013725491,441350542,1012.0,-46.0
MOVE,0,1.0,0.013725491,441350550,1012.0,-46.0
MOVE,0,1.0,0.013725491,441350558,1014.38965,-47.694336
MOVE,0,1.0,0.013725491,441350567,1017.0869,-48.695312
MOVE,0,1.0,0.013725491,441350575,1020.05176,-49.683594
MOVE,0,1.0,0.013725491,441350583,1023.75977,-51.379883
MOVE,0,1.0,0.013725491,441350586,1025.0,-52.0
UP,0,1.0,0.013725491,441350594,1025.0,-52.0
DOWN,0,1.0,0.011764707,441356780,790.0,684.0
MOVE,0,1.0,0.011764707,441356801,790.0,662.374
MOVE,0,1.0,0.011764707,441356809,792.13477,641.91895
MOVE,0,1.0,0.013725491,441356817,797.2471,615.88574
MOVE,0,1.0,0.011764707,441356826,805.5049,587.7637
MOVE,0,1.0,0.015686275,441356834,813.69336,560.07227
MOVE,0,1.0,0.013725491,441356842,823.08203,532.8779
MOVE,0,1.0,0.011764707,441356851,833.0469,507.38184
MOVE,0,1.0,0.013725491,441356859,841.6035,484.58984
MOVE,0,1.0,0.011764707,441356867,848.9463,463.86914
MOVE,0,1.0,0.011764707,441356876,854.56055,445.18262
MOVE,0,1.0,0.013725491,441356884,858.1211,427.98242
MOVE,0,1.0,0.013725491,441356892,861.1221,413.09668
MOVE,0,1.0,0.011764707,441356901,863.4258,400.44727
MOVE,0,1.0,0.011764707,441356909,865.4492,389.7539
MOVE,0,1.0,0.011764707,441356917,866.7158,379.84375
MOVE,0,1.0,0.011764707,441356926,868.4326,371.26953
MOVE,0,1.0,0.013725491,441356934,869.7119,363.3047
MOVE,0,1.0,0.013725491,441356942,871.4219,356.02246
MOVE,0,1.0,0.015686275,441356951,873.42676,349.00684
MOVE,0,1.0,0.011764707,441356959,875.4375,341.96973
MOVE,0,1.0,0.011764707,441356967,878.10645,334.3838
MOVE,0,1.0,0.013725491,441356976,881.0586,327.19727
MOVE,0,1.0,0.013725491,441356984,884.1133,320.0703
MOVE,0,1.0,0.013725491,441356992,886.4346,312.26074
MOVE,0,1.0,0.013725491,441357001,889.13477,305.01953
MOVE,0,1.0,0.015686275,441357009,892.1465,297.27734
MOVE,0,1.0,0.015686275,441357017,894.4385,289.24805
MOVE,0,1.0,0.015686275,441357026,897.14355,281.28418
MOVE,0,1.0,0.015686275,441357034,899.4424,273.2295
MOVE,0,1.0,0.013725491,441357042,901.44727,265.2119
MOVE,0,1.0,0.013725491,441357051,902.7217,257.9453
MOVE,0,1.0,0.011764707,441357059,903.7334,250.86328
MOVE,0,1.0,0.011764707,441357067,905.4385,244.6836
MOVE,0,1.0,0.011764707,441357076,906.7168,240.13184
MOVE,0,1.0,0.011764707,441357084,907.71094,236.1582
MOVE,0,1.0,0.011764707,441357092,909.2949,232.41113
MOVE,0,1.0,0.011764707,441357101,910.67676,228.29199
MOVE,0,1.0,0.013725491,441357109,911.70996,224.87012
MOVE,0,1.0,0.015686275,441357117,912.71094,221.86621
MOVE,0,1.0,0.013725491,441357125,913.70703,218.87793
MOVE,0,1.0,0.013725491,441357134,914.0,215.9043
MOVE,0,1.0,0.013725491,441357142,914.0,212.87793
MOVE,0,1.0,0.013725491,441357150,915.3535,210.64648
MOVE,0,1.0,0.013725491,441357159,916.70605,208.58789
MOVE,0,1.0,0.011764707,441357167,917.7207,205.83789
MOVE,0,1.0,0.011764707,441357176,918.0,203.5957
MOVE,0,1.0,0.011764707,441357184,918.0,201.60645
MOVE,0,1.0,0.011764707,441357192,918.708,200.29199
MOVE,0,1.0,0.011764707,441357201,919.0,199.28809
MOVE,0,1.0,0.011764707,441357209,919.0,198.29395
MOVE,0,1.0,0.011764707,441357217,919.708,197.29199
MOVE,0,1.0,0.011764707,441357226,920.7041,197.0
MOVE,0,1.0,0.011764707,441357234,921.0,196.28906
MOVE,0,1.0,0.011764707,441357242,921.0,196.0
MOVE,0,1.0,0.011764707,441357251,921.0,196.0
MOVE,0,1.0,0.011764707,441357257,922.5,194.5
MOVE,0,1.0,0.011764707,441357276,923.0,194.0
MOVE,0,1.0,0.011764707,441357284,923.0,194.0
MOVE,0,1.0,0.011764707,441357292,924.70215,193.0
MOVE,0,1.0,0.011764707,441357301,925.0,192.34766
MOVE,0,1.0,0.011764707,441357309,925.69434,192.0
MOVE,0,1.0,0.011764707,441357317,927.4385,191.28125
MOVE,0,1.0,0.011764707,441357326,928.7002,189.59961
MOVE,0,1.0,0.011764707,441357334,931.0547,187.62988
MOVE,0,1.0,0.011764707,441357342,934.77734,185.61133
MOVE,0,1.0,0.011764707,441357351,939.5176,182.88965
MOVE,0,1.0,0.013725491,441357359,945.3125,179.84375
MOVE,0,1.0,0.013725491,441357367,953.4072,175.44043
MOVE,0,1.0,0.011764707,441357376,960.8164,169.8711
MOVE,0,1.0,0.015686275,441357384,967.89453,164.5039
MOVE,0,1.0,0.015686275,441357386,970.0,163.0
UP,0,1.0,0.015686275,441357395,970.0,163.0
DOWN,1,1.0,0.013725491,441371704,680.0,280.0
MOVE,1,1.0,0.013725491,441371717,680.0,280.0
MOVE,1,1.0,0.011764707,441371742,710.91406,286.0752
MOVE,1,1.0,0.009803922,441371750,721.8408,288.06152
MOVE,1,1.0,0.009803922,441371754,727.0,289.0
UP,1,1.0,0.009803922,441371761,727.0,289.0
MOVE,0,1.0,0.011764707,441385842,805.41895,601.1621
MOVE,0,1.0,0.013725491,441385850,814.4746,580.8926
MOVE,0,1.0,0.015686275,441385858,824.18164,560.6377
MOVE,0,1.0,0.013725491,441385867,834.1826,541.3535
MOVE,0,1.0,0.011764707,441385875,843.4619,523.07715
MOVE,0,1.0,0.011764707,441385883,852.2471,506.89355
MOVE,0,1.0,0.013725491,441385892,859.78613,491.74512
MOVE,0,1.0,0.013725491,441385900,866.88965,477.2207
MOVE,0,1.0,0.011764707,441385908,873.13965,464.03027
MOVE,0,1.0,0.013725491,441385917,879.18066,450.94238
MOVE,0,1.0,0.013725491,441385925,884.5293,438.5293
MOVE,0,1.0,0.015686275,441385933,888.78125,427.3506
MOVE,0,1.0,0.015686275,441385942,892.66895,417.32715
MOVE,0,1.0,0.015686275,441385950,896.6953,407.93652
MOVE,0,1.0,0.013725491,441385958,900.0703,398.78906
MOVE,0,1.0,0.011764707,441385967,903.07715,390.4619
MOVE,0,1.0,0.011764707,441385975,906.1133,383.06934
MOVE,0,1.0,0.011764707,441385983,908.42773,376.7168
MOVE,0,1.0,0.011764707,441385992,911.1074,370.78516
MOVE,0,1.0,0.011764707,441386000,913.38477,364.84668
MOVE,0,1.0,0.011764707,441386008,916.0996,360.20117
MOVE,0,1.0,0.011764707,441386017,918.3789,356.2422
MOVE,0,1.0,0.013725491,441386025,920.2842,353.07422
MOVE,0,1.0,0.013725491,441386033,921.6572,350.68652
MOVE,0,1.0,0.013725491,441386042,923.36426,347.9541
MOVE,0,1.0,0.013725491,441386050,924.70215,345.59668
MOVE,0,1.0,0.013725491,441386058,925.70605,344.29395
MOVE,0,1.0,0.013725491,441386067,926.7031,342.59375
MOVE,0,1.0,0.013725491,441386075,927.0,341.31738
MOVE,0,1.0,0.013725491,441386083,927.6914,339.6162
MOVE,0,1.0,0.013725491,441386092,928.0,338.29297
MOVE,0,1.0,0.013725491,441386100,928.0,338.0
MOVE,0,1.0,0.013725491,441386108,928.0,338.0
MOVE,0,1.0,0.011764707,441386117,929.0,337.2793
MOVE,0,1.0,0.011764707,441386125,929.0,336.28418
MOVE,0,1.0,0.011764707,441386133,929.0,335.2871
MOVE,0,1.0,0.011764707,441386142,929.0,335.0
MOVE,0,1.0,0.011764707,441386150,929.0,335.0
MOVE,0,1.0,0.011764707,441386158,930.0,333.29883
MOVE,0,1.0,0.011764707,441386167,930.7031,332.29688
MOVE,0,1.0,0.011764707,441386175,931.0,331.31445
MOVE,0,1.0,0.011764707,441386183,931.0,330.30078
MOVE,0,1.0,0.011764707,441386192,931.7041,329.2959
MOVE,0,1.0,0.011764707,441386200,932.0,328.3086
MOVE,0,1.0,0.011764707,441386208,932.6924,327.30762
MOVE,0,1.0,0.011764707,441386217,933.0,326.30566
MOVE,0,1.0,0.011764707,441386225,933.7012,325.29883
MOVE,0,1.0,0.011764707,441386233,934.69727,323.60645
MOVE,0,1.0,0.011764707,441386242,936.3887,321.61133
MOVE,0,1.0,0.011764707,441386250,937.7041,320.2959
MOVE,0,1.0,0.011764707,441386258,938.6963,317.91113
MOVE,0,1.0,0.011764707,441386267,939.0,315.63477
MOVE,0,1.0,0.011764707,441386275,939.6953,313.6084
MOVE,0,1.0,0.011764707,441386283,940.6875,310.9375
MOVE,0,1.0,0.011764707,441386292,941.68555,307.94336
MOVE,0,1.0,0.013725491,441386300,942.0,304.91895
MOVE,0,1.0,0.013725491,441386308,942.70215,301.19238
MOVE,0,1.0,0.013725491,441386317,943.7051,297.1787
MOVE,0,1.0,0.015686275,441386325,945.3799,293.24023
MOVE,0,1.0,0.015686275,441386333,947.35156,288.62012
MOVE,0,1.0,0.015686275,441386342,948.6914,284.23242
MOVE,0,1.0,0.015686275,441386350,950.3994,279.50098
MOVE,0,1.0,0.015686275,441386358,952.39453,273.8164
MOVE,0,1.0,0.013725491,441386367,955.1045,267.79102
MOVE,0,1.0,0.013725491,441386375,957.3789,263.24316
MOVE,0,1.0,0.013725491,441386383,959.375,258.5625
MOVE,0,1.0,0.013725491,441386392,961.4043,253.49023
MOVE,0,1.0,0.013725491,441386400,962.709,248.45508
MOVE,0,1.0,0.011764707,441386408,963.6787,244.28418
MOVE,0,1.0,0.011764707,441386417,964.6953,240.91504
MOVE,0,1.0,0.011764707,441386425,965.7041,237.88867
MOVE,0,1.0,0.011764707,441386433,966.7031,234.8916
MOVE,0,1.0,0.011764707,441386442,967.6748,232.65039
MOVE,0,1.0,0.011764707,441386450,968.6836,231.3164
MOVE,0,1.0,0.011764707,441386458,969.0,230.30176
MOVE,0,1.0,0.011764707,441386467,969.0,229.30078
MOVE,0,1.0,0.011764707,441386475,969.0,228.30371
MOVE,0,1.0,0.013725491,441386483,969.0,227.29785
MOVE,0,1.0,0.013725491,441386492,969.0,226.29688
MOVE,0,1.0,0.013725491,441386500,969.0,225.29883
MOVE,0,1.0,0.013725491,441386507,969.0,224.5
MOVE,0,1.0,0.013725491,441386525,969.0,224.5
MOVE,0,1.0,0.013725491,441386533,969.0,224.5
MOVE,0,1.0,0.013725491,441386542,969.0,224.5
MOVE,0,1.0,0.013725491,441386550,969.0,224.5
MOVE,0,1.0,0.013725491,441386558,969.0,224.5
MOVE,0,1.0,0.013725491,441386567,969.0,224.5
MOVE,0,1.0,0.013725491,441386575,969.0,224.5
MOVE,0,1.0,0.013725491,441386582,969.0,223.5
MOVE,0,1.0,0.015686275,441386600,970.0,223.0
MOVE,0,1.0,0.015686275,441386608,970.0,223.0
MOVE,0,1.0,0.015686275,441386617,970.0,221.29688
MOVE,0,1.0,0.015686275,441386625,970.709,220.29102
MOVE,0,1.0,0.015686275,441386633,971.0,218.60547
MOVE,0,1.0,0.013725491,441386642,971.6914,215.9248
MOVE,0,1.0,0.013725491,441386650,972.69336,213.61328
MOVE,0,1.0,0.013725491,441386658,973.68945,210.93066
MOVE,0,1.0,0.013725491,441386667,974.6963,207.91113
MOVE,0,1.0,0.011764707,441386675,975.0,204.87988
MOVE,0,1.0,0.011764707,441386683,976.38477,201.92383
MOVE,0,1.0,0.011764707,441386692,977.7002,198.19824
MOVE,0,1.0,0.011764707,441386700,978.7002,194.89844
MOVE,0,1.0,0.011764707,441386708,979.69336,191.22559
MOVE,0,1.0,0.011764707,441386717,980.7002,187.89941
MOVE,0,1.0,0.011764707,441386725,981.70605,184.88281
MOVE,0,1.0,0.011764707,441386733,982.70605,181.88281
MOVE,0,1.0,0.011764707,441386742,983.0,178.89355
MOVE,0,1.0,0.011764707,441386750,983.7012,176.59863
MOVE,0,1.0,0.011764707,441386758,984.7031,173.8916
MOVE,0,1.0,0.011764707,441386767,985.0,170.91309
MOVE,0,1.0,0.011764707,441386775,985.69434,168.6123
MOVE,0,1.0,0.011764707,441386783,986.6885,166.62402
MOVE,0,1.0,0.013725491,441386792,987.0,163.95801
MOVE,0,1.0,0.013725491,441386800,988.3965,161.60352
MOVE,0,1.0,0.013725491,441386808,989.7051,159.58887
MOVE,0,1.0,0.013725491,441386817,990.0,157.57422
MOVE,0,1.0,0.013725491,441386825,990.708,154.875
MOVE,0,1.0,0.013725491,441386833,991.708,152.58496
MOVE,0,1.0,0.013725491,441386842,992.6963,150.60645
MOVE,0,1.0,0.013725491,441386850,993.69434,148.6123
MOVE,0,1.0,0.013725491,441386858,994.0,147.30273
MOVE,0,1.0,0.011764707,441386867,994.68164,145.63672
MOVE,0,1.0,0.011764707,441386875,995.67676,144.32324
MOVE,0,1.0,0.011764707,441386883,996.0,142.60938
MOVE,0,1.0,0.011764707,441386892,996.7031,140.59375
MOVE,0,1.0,0.011764707,441386900,997.6904,139.30957
MOVE,0,1.0,0.011764707,441386908,998.0,137.58984
MOVE,0,1.0,0.011764707,441386917,998.6953,136.30469
MOVE,0,1.0,0.011764707,441386925,999.6963,134.60742
MOVE,0,1.0,0.011764707,441386933,1000.6885,133.31152
MOVE,0,1.0,0.011764707,441386942,1001.0,131.59863
MOVE,0,1.0,0.011764707,441386950,1001.6865,130.31348
MOVE,0,1.0,0.011764707,441386958,1002.666,128.66699
MOVE,0,1.0,0.011764707,441386967,1003.0,125.96973
MOVE,0,1.0,0.011764707,441386975,1003.0,123.606445
MOVE,0,1.0,0.011764707,441386983,1003.6992,121.600586
MOVE,0,1.0,0.011764707,441386992,1004.70996,118.86914
MOVE,0,1.0,0.011764707,441387000,1005.0,116.5918
MOVE,0,1.0,0.011764707,441387008,1005.0,114.58301
MOVE,0,1.0,0.011764707,441387017,1005.7041,113.2959
MOVE,0,1.0,0.011764707,441387025,1006.0,111.646484
MOVE,0,1.0,0.011764707,441387033,1006.0,109.640625
MOVE,0,1.0,0.011764707,441387040,1006.0,108.0
MOVE,0,1.0,0.011764707,441387058,1006.70215,107.29785
MOVE,0,1.0,0.011764707,441387067,1007.0,106.29883
MOVE,0,1.0,0.011764707,441387075,1007.0,105.31152
MOVE,0,1.0,0.013725491,441387083,1007.0,104.31836
MOVE,0,1.0,0.013725491,441387092,1007.0,103.305664
MOVE,0,1.0,0.013725491,441387100,1007.0,102.29297
MOVE,0,1.0,0.013725491,441387108,1007.0,100.600586
MOVE,0,1.0,0.013725491,441387117,1007.0,99.29785
MOVE,0,1.0,0.013725491,441387125,1007.0,97.59277
MOVE,0,1.0,0.013725491,441387133,1007.0,95.59961
MOVE,0,1.0,0.013725491,441387142,1007.0,94.29883
MOVE,0,1.0,0.013725491,441387150,1007.0,92.62793
MOVE,0,1.0,0.013725491,441387158,1007.0,89.92871
MOVE,0,1.0,0.013725491,441387167,1007.0,87.60547
MOVE,0,1.0,0.013725491,441387175,1007.0,85.61719
MOVE,0,1.0,0.013725491,441387183,1007.0,82.975586
MOVE,0,1.0,0.013725491,441387192,1007.0,80.61328
MOVE,0,1.0,0.011764707,441387200,1007.0,78.60449
MOVE,0,1.0,0.011764707,441387208,1007.0,75.8916
MOVE,0,1.0,0.011764707,441387217,1007.0,73.5918
MOVE,0,1.0,0.011764707,441387225,1007.0,71.59766
MOVE,0,1.0,0.011764707,441387233,1007.0,69.59473
MOVE,0,1.0,0.011764707,441387242,1007.0,66.8916
MOVE,0,1.0,0.011764707,441387250,1007.0,64.581055
MOVE,0,1.0,0.011764707,441387258,1007.0,62.588867
MOVE,0,1.0,0.011764707,441387267,1007.0,60.606445
MOVE,0,1.0,0.011764707,441387275,1007.0,59.307617
MOVE,0,1.0,0.011764707,441387283,1007.0,57.594727
MOVE,0,1.0,0.011764707,441387292,1007.0,56.289062
MOVE,0,1.0,0.011764707,441387300,1007.0,55.299805
MOVE,0,1.0,0.011764707,441387308,1007.0,54.29492
MOVE,0,1.0,0.011764707,441387317,1007.0,53.29883
MOVE,0,1.0,0.011764707,441387325,1007.70215,52.29785
MOVE,0,1.0,0.011764707,441387333,1008.0,51.320312
MOVE,0,1.0,0.011764707,441387342,1008.0,51.0
MOVE,0,1.0,0.011764707,441387350,1008.0,51.0
MOVE,0,1.0,0.011764707,441387356,1008.0,49.5
MOVE,0,1.0,0.011764707,441387375,1009.0,49.302734
MOVE,0,1.0,0.011764707,441387383,1009.0,49.0
MOVE,0,1.0,0.011764707,441387392,1009.0,49.0
MOVE,0,1.0,0.011764707,441387400,1009.6953,48.0
MOVE,0,1.0,0.011764707,441387408,1011.4121,46.588867
MOVE,0,1.0,0.011764707,441387417,1013.4209,44.5791
MOVE,0,1.0,0.013725491,441387425,1016.08594,42.609375
MOVE,0,1.0,0.013725491,441387428,1017.0,42.0
UP,0,1.0,0.013725491,441387436,1017.0,42.0
DOWN,0,1.0,0.011764707,441387670,807.0,546.0
MOVE,0,1.0,0.013725491,441387681,807.0,546.0
UP,0,1.0,0.013725491,441387694,807.0,546.0
MOVE,0,1.0,0.013725491,441392892,794.2793,624.41504
MOVE,0,1.0,0.011764707,441392900,795.45605,600.5332
MOVE,0,1.0,0.011764707,441392908,798.875,576.0342
MOVE,0,1.0,0.015686275,441392917,804.33203,550.9512
MOVE,0,1.0,0.011764707,441392925,811.03613,525.2949
MOVE,0,1.0,0.013725491,441392933,818.02344,500.0586
MOVE,0,1.0,0.015686275,441392942,826.46875,475.03125
MOVE,0,1.0,0.011764707,441392950,836.22266,450.66504
MOVE,0,1.0,0.011764707,441392958,846.2578,426.58105
MOVE,0,1.0,0.011764707,441392967,855.4365,404.98047
MOVE,0,1.0,0.011764707,441392975,863.65234,386.28223
MOVE,0,1.0,0.011764707,441392983,870.95605,368.96484
MOVE,0,1.0,0.015686275,441392992,877.6406,353.39355
MOVE,0,1.0,0.015686275,441393000,884.7285,337.1914
MOVE,0,1.0,0.013725491,441393008,891.86914,320.8711
MOVE,0,1.0,0.011764707,441393017,897.9795,305.38672
MOVE,0,1.0,0.015686275,441393025,904.8594,290.28125
MOVE,0,1.0,0.011764707,441393033,913.34375,273.31152
MOVE,0,1.0,0.011764707,441393042,921.68164,256.63672
MOVE,0,1.0,0.011764707,441393050,928.9414,242.11816
MOVE,0,1.0,0.013725491,441393058,935.22363,229.55273
MOVE,0,1.0,0.015686275,441393067,939.7637,219.78125
MOVE,0,1.0,0.015686275,441393075,943.0449,211.54785
MOVE,0,1.0,0.015686275,441393083,946.06836,203.48535
MOVE,0,1.0,0.013725491,441393092,948.37695,196.18262
MOVE,0,1.0,0.013725491,441393100,951.11035,189.78027
MOVE,0,1.0,0.013725491,441393108,953.4131,183.75977
MOVE,0,1.0,0.013725491,441393117,956.1074,178.48828
MOVE,0,1.0,0.013725491,441393125,958.4072,173.48242
MOVE,0,1.0,0.015686275,441393133,960.3965,168.50879
MOVE,0,1.0,0.015686275,441393142,962.4121,163.4707
MOVE,0,1.0,0.015686275,441393150,964.3701,159.26074
MOVE,0,1.0,0.015686275,441393158,966.37695,155.24707
MOVE,0,1.0,0.013725491,441393167,968.41016,151.88477
MOVE,0,1.0,0.013725491,441393175,969.708,148.87695
MOVE,0,1.0,0.013725491,441393183,970.69336,145.9209
MOVE,0,1.0,0.013725491,441393192,971.0,143.58789
MOVE,0,1.0,0.013725491,441393200,971.0,142.28223
MOVE,0,1.0,0.013725491,441393208,971.71484,141.28516
MOVE,0,1.0,0.011764707,441393217,972.7051,140.29492
MOVE,0,1.0,0.011764707,441393225,973.70703,139.29297
MOVE,0,1.0,0.011764707,441393233,974.70605,139.0
MOVE,0,1.0,0.011764707,441393242,975.7012,138.29883
MOVE,0,1.0,0.011764707,441393250,976.709,137.29102
MOVE,0,1.0,0.011764707,441393258,977.708,136.29199
MOVE,0,1.0,0.011764707,441393267,978.6924,135.30762
MOVE,0,1.0,0.011764707,441393275,979.0,134.31445
MOVE,0,1.0,0.011764707,441393283,979.6963,133.30371
MOVE,0,1.0,0.011764707,441393292,980.0,132.29883
MOVE,0,1.0,0.011764707,441393300,980.69336,131.30664
MOVE,0,1.0,0.011764707,441393308,981.0,131.0
MOVE,0,1.0,0.011764707,441393317,981.0,131.0
MOVE,0,1.0,0.011764707,441393325,981.0,131.0
MOVE,0,1.0,0.011764707,441393333,981.0,130.0
MOVE,0,1.0,0.011764707,441393342,981.0,130.0
MOVE,0,1.0,0.011764707,441393350,981.0,128.29492
MOVE,0,1.0,0.011764707,441393357,981.0,127.5
MOVE,0,1.0,0.011764707,441393375,982.0,126.29297
MOVE,0,1.0,0.011764707,441393383,982.0,125.31348
MOVE,0,1.0,0.011764707,441393392,982.0,123.61035
MOVE,0,1.0,0.011764707,441393400,982.71094,122.28906
MOVE,0,1.0,0.011764707,441393408,983.0,120.58008
MOVE,0,1.0,0.011764707,441393417,983.69336,119.30664
MOVE,0,1.0,0.011764707,441393425,984.0,118.299805
MOVE,0,1.0,0.011764707,441393433,984.69727,116.60449
MOVE,0,1.0,0.011764707,441393442,985.0,115.31641
MOVE,0,1.0,0.011764707,441393450,985.6875,113.625
MOVE,0,1.0,0.011764707,441393458,986.69824,111.60254
MOVE,0,1.0,0.011764707,441393467,987.0,110.30664
MOVE,0,1.0,0.011764707,441393475,987.69727,108.60547
MOVE,0,1.0,0.013725491,441393483,989.37305,106.62695
MOVE,0,1.0,0.013725491,441393492,990.70215,104.5957
MOVE,0,1.0,0.013725491,441393500,992.41016,102.58984
MOVE,0,1.0,0.013725491,441393508,993.6992,100.60254
MOVE,0,1.0,0.013725491,441393517,995.4121,97.88086
MOVE,0,1.0,0.013725491,441393525,996.71094,94.86719
MOVE,0,1.0,0.013725491,441393533,997.70215,91.89453
MOVE,0,1.0,0.013725491,441393542,999.3994,89.600586
MOVE,0,1.0,0.013725491,441393550,1000.67676,86.96973
MOVE,0,1.0,0.013725491,441393558,1001.67676,84.64551
MOVE,0,1.0,0.013725491,441393567,1003.3887,82.61133
MOVE,0,1.0,0.013725491,441393575,1004.6904,81.30957
MOVE,0,1.0,0.013725491,441393583,1005.66797,79.663086
MOVE,0,1.0,0.013725491,441393592,1006.0,78.333984
MOVE,0,1.0,0.013725491,441393600,1006.6836,77.31641
MOVE,0,1.0,0.013725491,441393608,1007.0,77.0
MOVE,0,1.0,0.013725491,441393617,1007.0,77.0
MOVE,0,1.0,0.013725491,441393625,1007.0,77.0
MOVE,0,1.0,0.013725491,441393633,1007.6826,75.31836
MOVE,0,1.0,0.013725491,441393642,1008.0,74.30078
MOVE,0,1.0,0.013725491,441393650,1008.71875,73.28125
MOVE,0,1.0,0.013725491,441393658,1009.0,73.0
MOVE,0,1.0,0.013725491,441393667,1009.0,73.0
MOVE,0,1.0,0.013725491,441393675,1010.0,72.268555
MOVE,0,1.0,0.013725491,441393683,1010.7363,71.26367
MOVE,0,1.0,0.013725491,441393690,1011.5,70.5
MOVE,0,1.0,0.013725491,441393708,1011.5,70.5
MOVE,0,1.0,0.013725491,441393715,1012.5,69.5
MOVE,0,1.0,0.013725491,441393733,1012.5,69.5
MOVE,0,1.0,0.013725491,441393742,1012.0,68.268555
MOVE,0,1.0,0.013725491,441393750,1012.0,67.262695
MOVE,0,1.0,0.013725491,441393758,1012.0,65.5459
MOVE,0,1.0,0.013725491,441393767,1012.0,62.816406
MOVE,0,1.0,0.011764707,441393775,1012.7256,60.54883
MOVE,0,1.0,0.011764707,441393783,1013.7285,57.813477
MOVE,0,1.0,0.011764707,441393792,1014.0,54.80371
MOVE,0,1.0,0.013725491,441393800,1014.0,51.783203
MOVE,0,1.0,0.013725491,441393808,1014.7363,48.791016
MOVE,0,1.0,0.013725491,441393817,1015.7344,45.0625
MOVE,0,1.0,0.013725491,441393825,1016.7344,41.796875
MOVE,0,1.0,0.013725491,441393833,1017.0,38.060547
MOVE,0,1.0,0.013725491,441393842,1017.72266,34.833008
MOVE,0,1.0,0.013725491,441393850,1018.0,31.076172
MOVE,0,1.0,0.013725491,441393858,1019.47266,27.054688
MOVE,0,1.0,0.011764707,441393867,1024.3857,20.882812
MOVE,0,1.0,0.011764707,441393875,1031.8623,10.938477
MOVE,0,1.0,0.009803922,441393883,1039.1729,-1.6064453
MOVE,0,1.0,0.009803922,441393892,1046.1484,-14.5625
MOVE,0,1.0,0.009803922,441393894,1048.0,-18.0
UP,0,1.0,0.009803922,441393902,1048.0,-18.0
DOWN,0,1.0,0.013725491,441394262,941.0,221.0
MOVE,0,1.0,0.013725491,441394275,935.2256,224.08105
MOVE,0,1.0,0.011764707,441394283,931.1133,227.16504
MOVE,0,1.0,0.011764707,441394292,927.81055,230.18945
MOVE,0,1.0,0.011764707,441394300,926.27637,232.44727
MOVE,0,1.0,0.011764707,441394308,924.5488,234.45117
MOVE,0,1.0,0.011764707,441394317,923.2754,235.72461
MOVE,0,1.0,0.011764707,441394325,923.0,236.72656
MOVE,0,1.0,0.011764707,441394333,923.0,237.0
MOVE,0,1.0,0.011764707,441394342,923.0,237.0
MOVE,0,1.0,0.011764707,441394350,923.0,237.0
MOVE,0,1.0,0.011764707,441394358,923.0,237.0
MOVE,0,1.0,0.011764707,441394367,923.0,237.0
MOVE,0,1.0,0.011764707,441394375,923.0,237.0
MOVE,0,1.0,0.011764707,441394383,923.0,237.0
MOVE,0,1.0,0.011764707,441394392,920.584,241.12402
MOVE,0,1.0,0.011764707,441394400,919.2832,245.58301
MOVE,0,1.0,0.011764707,441394408,917.5801,249.84082
MOVE,0,1.0,0.013725491,441394417,915.57227,254.56836
MOVE,0,1.0,0.013725491,441394425,914.28613,258.85547
MOVE,0,1.0,0.013725491,441394433,913.28516,262.1455
MOVE,0,1.0,0.013725491,441394442,913.0,265.11816
MOVE,0,1.0,0.013725491,441394450,912.2881,268.13672
MOVE,0,1.0,0.015686275,441394458,912.0,271.1543
MOVE,0,1.0,0.015686275,441394467,912.0,274.07422
MOVE,0,1.0,0.015686275,441394475,912.0,276.37402
MOVE,0,1.0,0.015686275,441394483,911.3086,278.38184
MOVE,0,1.0,0.015686275,441394492,911.0,280.42188
MOVE,0,1.0,0.015686275,441394500,910.2783,282.44238
MOVE,0,1.0,0.015686275,441394508,910.0,283.72266
MOVE,0,1.0,0.015686275,441394517,909.28125,285.4375
MOVE,0,1.0,0.015686275,441394525,909.0,286.71484
MOVE,0,1.0,0.015686275,441394533,909.0,287.0
MOVE,0,1.0,0.015686275,441394542,909.0,287.0
MOVE,0,1.0,0.015686275,441394550,909.0,287.0
MOVE,0,1.0,0.015686275,441394558,908.0,288.0
MOVE,0,1.0,0.015686275,441394567,908.0,288.0
MOVE,0,1.0,0.015686275,441394575,908.0,288.0
MOVE,0,1.0,0.015686275,441394583,908.0,288.0
MOVE,0,1.0,0.015686275,441394591,908.0,289.72852
MOVE,0,1.0,0.011764707,441394600,908.0,290.72168
MOVE,0,1.0,0.011764707,441394608,908.0,291.67188
MOVE,0,1.0,0.011764707,441394616,908.6719,293.34375
MOVE,0,1.0,0.011764707,441394625,909.68164,295.36426
MOVE,0,1.0,0.011764707,441394633,910.7168,298.1494
MOVE,0,1.0,0.011764707,441394641,911.0,301.18457
MOVE,0,1.0,0.011764707,441394650,911.71387,304.14258
MOVE,0,1.0,0.011764707,441394658,911.2822,307.87012
MOVE,0,1.0,0.011764707,441394666,910.2754,313.34668
MOVE,0,1.0,0.011764707,441394675,907.916,319.167
MOVE,0,1.0,0.013725491,441394683,904.9072,325.88184
MOVE,0,1.0,0.015686275,441394691,901.83203,333.05957
MOVE,0,1.0,0.015686275,441394700,898.84375,340.03223
MOVE,0,1.0,0.015686275,441394708,895.1875,346.9209
MOVE,0,1.0,0.015686275,441394716,890.38086,354.06738
MOVE,0,1.0,0.015686275,441394725,886.08887,360.3672
MOVE,0,1.0,0.013725491,441394733,881.4531,366.25684
MOVE,0,1.0,0.013725491,441394741,876.39844,372.32227
MOVE,0,1.0,0.011764707,441394750,871.4346,378.2793
MOVE,0,1.0,0.011764707,441394758,866.3838,385.0625
MOVE,0,1.0,0.011764707,441394766,860.0664,391.9336
MOVE,0,1.0,0.013725491,441394775,853.74805,399.66992
MOVE,0,1.0,0.015686275,441394783,847.18164,408.1953
MOVE,0,1.0,0.015686275,441394791,840.8701,417.1953
MOVE,0,1.0,0.013725491,441394800,834.0508,427.0703
MOVE,0,1.0,0.013725491,441394808,826.91895,437.2588
MOVE,0,1.0,0.011764707,441394816,820.01465,447.1211
MOVE,0,1.0,0.011764707,441394825,812.2959,456.41797
MOVE,0,1.0,0.013725491,441394833,805.751,465.37402
MOVE,0,1.0,0.013725491,441394841,801.2549,474.86328
MOVE,0,1.0,0.011764707,441394850,798.61816,484.91016
MOVE,0,1.0,0.011764707,441394858,797.30664,497.01953
MOVE,0,1.0,0.011764707,441394866,797.0,509.98828
MOVE,0,1.0,0.011764707,441394875,796.30566,523.0215
MOVE,0,1.0,0.013725491,441394883,796.70996,536.93555
MOVE,0,1.0,0.011764707,441394891,799.7578,549.96387
MOVE,0,1.0,0.011764707,441394900,803.8047,563.8154
MOVE,0,1.0,0.011764707,441394908,808.41406,577.5596
MOVE,0,1.0,0.011764707,441394916,813.35645,590.72754
MOVE,0,1.0,0.013725491,441394925,819.2197,603.43945
MOVE,0,1.0,0.013725491,441394933,825.90234,616.1045
MOVE,0,1.0,0.013725491,441394941,834.23047,629.6914
MOVE,0,1.0,0.013725491,441394950,843.99023,644.4863
MOVE,0,1.0,0.013725491,441394958,855.6113,659.7637
MOVE,0,1.0,0.011764707,441394966,866.8164,675.36816
MOVE,0,1.0,0.011764707,441394975,877.72363,691.93555
MOVE,0,1.0,0.013725491,441394983,888.1279,708.4053
MOVE,0,1.0,0.013725491,441394991,898.8711,725.16406
MOVE,0,1.0,0.011764707,441395000,910.3047,739.6885
MOVE,0,1.0,0.011764707,441395008,922.501,754.62695
MOVE,0,1.0,0.011764707,441395010,926.0,759.0
UP,0,1.0,0.011764707,441395019,926.0,759.0
DOWN,0,1.0,0.011764707,441395262,269.0,1383.0
MOVE,0,1.0,0.013725491,441395275,269.0,1381.5361
MOVE,0,1.0,0.011764707,441395283,269.0,1378.1963
MOVE,0,1.0,0.011764707,441395291,269.0,1373.4707
MOVE,0,1.0,0.009803922,441395300,269.0,1369.1182
MOVE,0,1.0,0.009803922,441395308,269.0,1365.8057
MOVE,0,1.0,0.009803922,441395316,269.0,1362.8154
MOVE,0,1.0,0.01764706,441395325,268.27637,1360.5527
MOVE,0,1.0,0.011764707,441395333,268.0,1359.2793
MOVE,0,1.0,0.011764707,441395341,267.29688,1357.5938
MOVE,0,1.0,0.013725491,441395350,264.1377,1350.5596
MOVE,0,1.0,0.013725491,441395358,258.70898,1335.8418
MOVE,0,1.0,0.013725491,441395366,251.97852,1315.2188
MOVE,0,1.0,0.013725491,441395375,245.03125,1290.5449
MOVE,0,1.0,0.013725491,441395383,238.73633,1263.8145
MOVE,0,1.0,0.01764706,441395391,232.83203,1237.9404
MOVE,0,1.0,0.011764707,441395400,228.16309,1213.6885
MOVE,0,1.0,0.015686275,441395408,224.13281,1192.666
MOVE,0,1.0,0.01764706,441395416,221.5586,1174.0234
MOVE,0,1.0,0.011764707,441395425,219.56348,1156.7891
MOVE,0,1.0,0.011764707,441395433,217.55957,1141.915
MOVE,0,1.0,0.013725491,441395441,215.57812,1128.0459
MOVE,0,1.0,0.01764706,441395450,212.84375,1115.375
MOVE,0,1.0,0.015686275,441395458,209.8916,1102.8633
MOVE,0,1.0,0.015686275,441395466,206.22754,1090.6816
MOVE,0,1.0,0.011764707,441395475,202.12207,1079.8057
MOVE,0,1.0,0.013725491,441395483,198.0957,1069.7402
MOVE,0,1.0,0.015686275,441395491,193.44824,1059.1855
MOVE,0,1.0,0.015686275,441395500,188.3877,1048.7744
MOVE,0,1.0,0.015686275,441395508,182.62695,1039.4414
MOVE,0,1.0,0.015686275,441395516,176.6377,1030.456
MOVE,0,1.0,0.013725491,441395525,172.15039,1022.3008
MOVE,0,1.0,0.013725491,441395533,168.8291,1016.38086
MOVE,0,1.0,0.011764707,441395541,166.54492,1012.08887
MOVE,0,1.0,0.011764707,441395550,165.27441,1008.82324
MOVE,0,1.0,0.011764707,441395558,165.0,1007.27246
MOVE,0,1.0,0.011764707,441395566,165.0,1005.5508
MOVE,0,1.0,0.015686275,441395575,165.68262,1004.3174
MOVE,0,1.0,0.015686275,441395582,166.5,1003.5
MOVE,0,1.0,0.015686275,441395600,166.0,1002.2676
MOVE,0,1.0,0.015686275,441395608,166.0,1002.0
MOVE,0,1.0,0.015686275,441395616,166.0,1002.0
MOVE,0,1.0,0.015686275,441395625,166.0,1002.0
MOVE,0,1.0,0.015686275,441395633,166.0,1002.0
MOVE,0,1.0,0.015686275,441395641,166.0,1002.0
MOVE,0,1.0,0.015686275,441395650,166.0,1002.0
MOVE,0,1.0,0.015686275,441395658,166.0,1002.0
MOVE,0,1.0,0.015686275,441395666,166.0,1002.0
MOVE,0,1.0,0.015686275,441395675,166.0,1002.0
MOVE,0,1.0,0.015686275,441395683,166.0,1002.0
MOVE,0,1.0,0.015686275,441395691,166.0,1002.0
MOVE,0,1.0,0.015686275,441395700,166.0,1002.0
MOVE,0,1.0,0.015686275,441395708,166.0,1002.0
MOVE,0,1.0,0.015686275,441395716,166.0,1002.0
MOVE,0,1.0,0.015686275,441395725,166.0,1002.0
MOVE,0,1.0,0.015686275,441395733,166.0,1002.0
MOVE,0,1.0,0.015686275,441395741,166.0,1002.0
MOVE,0,1.0,0.015686275,441395750,167.0,1002.0
MOVE,0,1.0,0.015686275,441395758,167.0,1002.0
MOVE,0,1.0,0.015686275,441395765,168.5,1002.0
MOVE,0,1.0,0.015686275,441395783,168.72559,1001.0
MOVE,0,1.0,0.015686275,441395791,169.0,1001.0
MOVE,0,1.0,0.015686275,441395800,169.0,1001.0
MOVE,0,1.0,0.015686275,441395808,169.0,1001.0
MOVE,0,1.0,0.015686275,441395816,169.0,1001.0
MOVE,0,1.0,0.015686275,441395825,169.0,1001.0
MOVE,0,1.0,0.015686275,441395833,169.0,1001.0
MOVE,0,1.0,0.015686275,441395841,170.0,1000.2969
MOVE,0,1.0,0.015686275,441395850,170.0,999.28125
MOVE,0,1.0,0.015686275,441395858,170.0,998.28516
MOVE,0,1.0,0.015686275,441395866,170.0,995.8457
MOVE,0,1.0,0.015686275,441395875,170.0,992.83203
MOVE,0,1.0,0.015686275,441395883,170.0,989.12695
MOVE,0,1.0,0.015686275,441395891,170.0,984.4004
MOVE,0,1.0,0.015686275,441395900,169.27441,978.64453
MOVE,0,1.0,0.015686275,441395908,168.27441,972.6455
MOVE,0,1.0,0.01764706,441395916,166.56445,965.25684
MOVE,0,1.0,0.011764707,441395925,163.12207,957.96387
MOVE,0,1.0,0.011764707,441395933,159.08496,950.1699
MOVE,0,1.0,0.011764707,441395941,155.80078,942.13477
MOVE,0,1.0,0.011764707,441395950,152.0957,934.1914
MOVE,0,1.0,0.015686275,441395958,147.4375,925.5879
MOVE,0,1.0,0.015686275,441395966,142.42188,916.5596
MOVE,0,1.0,0.015686275,441395975,136.68262,908.96387
MOVE,0,1.0,0.015686275,441395983,131.35254,901.89355
MOVE,0,1.0,0.015686275,441395991,126.45215,896.45215
MOVE,0,1.0,0.015686275,441396000,120.66992,892.1133
MOVE,0,1.0,0.015686275,441396008,114.603516,888.80176
MOVE,0,1.0,0.011764707,441396016,109.36719,885.8203
MOVE,0,1.0,0.011764707,441396025,105.15234,883.5762
MOVE,0,1.0,0.011764707,441396027,104.0,883.0
UP,0,1.0,0.011764707,441396036,104.0,883.0
DOWN,0,1.0,0.013725491,441411878,80.0,864.0
MOVE,0,1.0,0.015686275,441411908,104.731445,908.1904
MOVE,0,1.0,0.015686275,441411917,118.168945,936.791
MOVE,0,1.0,0.015686275,441411925,133.58301,973.95703
MOVE,0,1.0,0.01764706,441411933,150.61719,1020.749
MOVE,0,1.0,0.013725491,441411942,168.7793,1079.3096
MOVE,0,1.0,0.013725491,441411950,185.92285,1145.3916
MOVE,0,1.0,0.013725491,441411958,199.47656,1215.4482
MOVE,0,1.0,0.013725491,441411967,207.28613,1283.1445
MOVE,0,1.0,0.011764707,441411975,208.2793,1342.3379
MOVE,0,1.0,0.013725491,441411983,205.86133,1389.3604
MOVE,0,1.0,0.011764707,441411992,200.69336,1426.4033
MOVE,0,1.0,0.013725491,441412000,192.58008,1453.834
MOVE,0,1.0,0.013725491,441412008,184.99316,1476.7354
MOVE,0,1.0,0.013725491,441412017,178.71191,1495.1484
MOVE,0,1.0,0.015686275,441412025,162.41016,1540.2959
MOVE,0,1.0,0.015686275,441412028,156.0,1558.0
UP,0,1.0,0.015686275,441412036,156.0,1558.0
DOWN,0,1.0,0.011764707,441412212,177.0,1200.0
MOVE,0,1.0,0.015686275,441412225,177.0,1200.0
MOVE,0,1.0,0.015686275,441412233,177.0,1200.0
MOVE,0,1.0,0.015686275,441412242,177.0,1200.0
MOVE,0,1.0,0.015686275,441412250,177.0,1200.0
MOVE,0,1.0,0.015686275,441412258,177.0,1200.0
MOVE,0,1.0,0.015686275,441412267,177.0,1200.0
MOVE,0,1.0,0.015686275,441412275,177.0,1200.0
MOVE,0,1.0,0.015686275,441412283,177.0,1200.0
MOVE,0,1.0,0.015686275,441412292,177.0,1200.0
MOVE,0,1.0,0.015686275,441412300,177.0,1200.0
MOVE,0,1.0,0.015686275,441412308,177.0,1200.0
MOVE,0,1.0,0.015686275,441412317,177.0,1200.0
MOVE,0,1.0,0.015686275,441412325,177.0,1200.0
MOVE,0,1.0,0.013725491,441412333,175.2832,1202.1494
MOVE,0,1.0,0.015686275,441412342,172.14844,1210.8408
MOVE,0,1.0,0.015686275,441412350,168.86133,1226.8301
MOVE,0,1.0,0.015686275,441412358,165.86035,1251.2588
MOVE,0,1.0,0.015686275,441412367,163.57422,1278.251
MOVE,0,1.0,0.015686275,441412375,161.5791,1302.3389
MOVE,0,1.0,0.015686275,441412383,159.61133,1321.501
MOVE,0,1.0,0.015686275,441412392,159.0,1335.9697
MOVE,0,1.0,0.015686275,441412400,159.0,1347.3896
MOVE,0,1.0,0.015686275,441412408,159.0,1356.6055
MOVE,0,1.0,0.015686275,441412417,159.72363,1364.0664
MOVE,0,1.0,0.015686275,441412425,160.71973,1369.6006
MOVE,0,1.0,0.013725491,441412433,162.43652,1373.1543
MOVE,0,1.0,0.013725491,441412442,163.71777,1376.1533
MOVE,0,1.0,0.013725491,441412450,165.44336,1377.7217
MOVE,0,1.0,0.013725491,441412458,166.71777,1378.7178
MOVE,0,1.0,0.013725491,441412467,167.0,1379.7158
MOVE,0,1.0,0.013725491,441412475,168.44043,1379.2793
MOVE,0,1.0,0.013725491,441412483,171.9043,1376.8213
MOVE,0,1.0,0.013725491,441412492,175.92285,1371.6162
MOVE,0,1.0,0.013725491,441412500,179.17285,1363.4814
MOVE,0,1.0,0.011764707,441412508,182.88867,1353.0566
MOVE,0,1.0,0.011764707,441412517,185.42969,1340.7041
MOVE,0,1.0,0.013725491,441412525,186.71191,1326.3154
MOVE,0,1.0,0.013725491,441412533,187.7168,1311.2539
MOVE,0,1.0,0.011764707,441412542,188.0,1296.1602
MOVE,0,1.0,0.011764707,441412550,188.0,1280.5596
MOVE,0,1.0,0.013725491,441412558,188.0,1263.292
MOVE,0,1.0,0.013725491,441412567,188.0,1244.1768
MOVE,0,1.0,0.011764707,441412575,188.0,1224.1426
MOVE,0,1.0,0.013725491,441412583,187.28809,1203.042
MOVE,0,1.0,0.013725491,441412592,185.5586,1179.7012
MOVE,0,1.0,0.013725491,441412600,183.54688,1155.5645
MOVE,0,1.0,0.013725491,441412608,180.08301,1130.7715
MOVE,0,1.0,0.015686275,441412617,176.09277,1105.831
MOVE,0,1.0,0.01764706,441412625,172.8291,1081.6328
MOVE,0,1.0,0.015686275,441412633,169.15527,1058.6436
MOVE,0,1.0,0.01764706,441412642,165.84766,1036.9307
MOVE,0,1.0,0.01764706,441412650,162.84375,1018.0654
MOVE,0,1.0,0.011764707,441412658,160.56445,1000.8008
MOVE,0,1.0,0.01764706,441412667,157.85742,984.5703
MOVE,0,1.0,0.015686275,441412675,154.11816,969.1914
MOVE,0,1.0,0.015686275,441412683,150.12402,954.9336
MOVE,0,1.0,0.015686275,441412692,146.8418,941.64746
MOVE,0,1.0,0.01764706,441412700,143.89648,930.9883
MOVE,0,1.0,0.015686275,441412708,140.14551,922.291
MOVE,0,1.0,0.015686275,441412717,136.1211,914.2422
MOVE,0,1.0,0.015686275,441412725,132.1084,906.9404
MOVE,0,1.0,0.015686275,441412733,128.84375,899.96875
MOVE,0,1.0,0.015686275,441412742,125.081055,892.8916
MOVE,0,1.0,0.01764706,441412750,121.118164,886.67676
MOVE,0,1.0,0.01764706,441412758,117.11719,880.67676
MOVE,0,1.0,0.015686275,441412767,113.87305,876.16504
MOVE,0,1.0,0.015686275,441412775,110.85254,871.4209
MOVE,0,1.0,0.015686275,441412783,107.856445,867.85645
MOVE,0,1.0,0.015686275,441412792,104.875,864.167
MOVE,0,1.0,0.013725491,441412800,100.42871,860.1426
MOVE,0,1.0,0.013725491,441412808,96.85156,857.56836
MOVE,0,1.0,0.013725491,441412817,93.84668,854.8467
MOVE,0,1.0,0.013725491,441412825,89.41406,851.13184
MOVE,0,1.0,0.013725491,441412833,83.71582,846.4297
MOVE,0,1.0,0.013725491,441412842,76.29297,839.29297
MOVE,0,1.0,0.013725491,441412850,66.833984,829.834
MOVE,0,1.0,0.015686275,441412858,54.664062,817.66406
MOVE,0,1.0,0.009803922,441412867,40.26367,803.9795
MOVE,0,1.0,0.009803922,441412875,23.867188,790.0088
MOVE,0,1.0,0.011764707,441412883,11.036133,778.76074
MOVE,0,1.0,0.011764707,441412892,8.0,768.7959
MOVE,0,1.0,0.011764707,441412894,8.0,766.0
UP,0,1.0,0.011764707,441412902,8.0,766.0
DOWN,0,1.0,0.011764707,441413370,114.0,920.0
MOVE,0,1.0,0.015686275,441413383,117.11621,926.2324
MOVE,0,1.0,0.015686275,441413392,120.881836,933.04297
MOVE,0,1.0,0.015686275,441413400,123.41504,937.83105
MOVE,0,1.0,0.015686275,441413408,124.0,939.0
MOVE,0,1.0,0.015686275,441413417,124.0,939.0
MOVE,0,1.0,0.015686275,441413425,127.14746,946.72656
MOVE,0,1.0,0.015686275,441413433,131.54004,957.4961
MOVE,0,1.0,0.015686275,441413442,136.52148,970.15625
MOVE,0,1.0,0.013725491,441413450,142.94531,985.3037
MOVE,0,1.0,0.01764706,441413458,149.95605,1004.16016
MOVE,0,1.0,0.01764706,441413467,158.23145,1026.6162
MOVE,0,1.0,0.013725491,441413475,167.34961,1053.7549
MOVE,0,1.0,0.01764706,441413483,177.85742,1084.8594
MOVE,0,1.0,0.013725491,441413492,188.69043,1115.6738
MOVE,0,1.0,0.015686275,441413500,197.66699,1146.25
MOVE,0,1.0,0.013725491,441413508,204.29688,1173.6211
MOVE,0,1.0,0.011764707,441413517,208.13477,1195.2324
MOVE,0,1.0,0.009803922,441413525,209.70898,1210.9277
MOVE,0,1.0,0.01764706,441413533,210.0,1222.1553
MOVE,0,1.0,0.013725491,441413542,209.28516,1230.002
MOVE,0,1.0,0.013725491,441413550,209.0,1235.5117
MOVE,0,1.0,0.013725491,441413558,208.29297,1239.8281
MOVE,0,1.0,0.013725491,441413567,206.56348,1243.1553
MOVE,0,1.0,0.013725491,441413575,205.28516,1244.7148
MOVE,0,1.0,0.013725491,441413583,205.0,1245.7266
MOVE,0,1.0,0.013725491,441413590,205.0,1246.5
MOVE,0,1.0,0.013725491,441413608,206.72852,1242.8154
MOVE,0,1.0,0.013725491,441413617,207.72852,1238.3564
MOVE,0,1.0,0.013725491,441413625,208.72949,1231.1611
MOVE,0,1.0,0.013725491,441413633,209.0,1222.4268
MOVE,0,1.0,0.011764707,441413642,208.27539,1212.75
MOVE,0,1.0,0.011764707,441413644,208.0,1210.0
UP,0,1.0,0.011764707,441413652,208.0,1210.0
DOWN,0,1.0,0.013725491,441413870,135.0,930.0
MOVE,0,1.0,0.015686275,441413883,137.44824,938.34375
MOVE,0,1.0,0.015686275,441413892,142.27148,954.2373
MOVE,0,1.0,0.011764707,441413900,150.43066,987.15234
MOVE,0,1.0,0.01764706,441413908,159.50098,1031.9512
MOVE,0,1.0,0.01764706,441413917,167.72949,1085.1035
MOVE,0,1.0,0.01764706,441413925,174.9873,1154.4326
MOVE,0,1.0,0.013725491,441413933,193.79883,1359.3857
MOVE,0,1.0,0.013725491,441413936,201.0,1438.0
UP,0,1.0,0.013725491,441413944,201.0,1438.0
DOWN,0,1.0,0.011764707,441414272,123.0,1478.0
MOVE,0,1.0,0.013725491,441414283,132.15332,1459.3193
MOVE,0,1.0,0.015686275,441414292,152.37598,1412.2588
MOVE,0,1.0,0.013725491,441414300,170.47656,1340.7686
MOVE,0,1.0,0.013725491,441414308,177.14258,1251.8711
MOVE,0,1.0,0.01764706,441414317,165.30664,1154.4834
MOVE,0,1.0,0.015686275,441414325,133.3584,1053.4893
MOVE,0,1.0,0.013725491,441414333,41.64746,791.81055
MOVE,0,1.0,0.013725491,441414336,8.0,695.0
UP,0,1.0,0.013725491,441414344,8.0,695.0
DOWN,0,1.0,0.011764707,441414910,180.0,1085.0
MOVE,0,1.0,0.013725491,441414925,180.0,1085.0
MOVE,0,1.0,0.013725491,441414933,180.0,1085.0
MOVE,0,1.0,0.015686275,441414941,182.9541,1092.2109
MOVE,0,1.0,0.015686275,441414950,184.71582,1098.5771
MOVE,0,1.0,0.013725491,441414958,186.40039,1108.4053
MOVE,0,1.0,0.013725491,441414966,190.50488,1132.3271
MOVE,0,1.0,0.013725491,441414975,195.4707,1168.7646
MOVE,0,1.0,0.01764706,441414983,199.7666,1218.3496
MOVE,0,1.0,0.013725491,441414991,202.39941,1279.7715
MOVE,0,1.0,0.013725491,441415000,200.85156,1344.8428
MOVE,0,1.0,0.015686275,441415008,192.8164,1523.917
MOVE,0,1.0,0.015686275,441415010,190.0,1587.0
UP,0,1.0,0.015686275,441415019,190.0,1587.0
DOWN,0,1.0,0.011764707,441415387,172.0,1130.0
MOVE,0,1.0,0.015686275,441415408,172.0,1130.0
MOVE,0,1.0,0.015686275,441415416,172.0,1130.0
MOVE,0,1.0,0.015686275,441415425,172.0,1130.0
MOVE,0,1.0,0.015686275,441415433,172.0,1130.0
MOVE,0,1.0,0.015686275,441415441,172.0,1130.0
MOVE,0,1.0,0.015686275,441415450,172.0,1130.0
MOVE,0,1.0,0.015686275,441415458,172.0,1130.0
MOVE,0,1.0,0.015686275,441415466,172.0,1130.0
MOVE,0,1.0,0.015686275,441415475,172.0,1130.0
MOVE,0,1.0,0.015686275,441415483,172.0,1130.0
MOVE,0,1.0,0.015686275,441415491,172.0,1130.0
MOVE,0,1.0,0.015686275,441415500,172.0,1130.0
MOVE,0,1.0,0.015686275,441415508,172.0,1130.0
MOVE,0,1.0,0.015686275,441415516,172.0,1130.0
MOVE,0,1.0,0.015686275,441415525,172.0,1130.0
MOVE,0,1.0,0.015686275,441415533,172.0,1130.0
MOVE,0,1.0,0.015686275,441415541,172.0,1130.0
MOVE,0,1.0,0.013725491,441415550,171.30176,1131.6982
MOVE,0,1.0,0.013725491,441415557,170.5,1132.5
MOVE,0,1.0,0.013725491,441415575,171.0,1133.7109
MOVE,0,1.0,0.013725491,441415583,171.0,1134.0
MOVE,0,1.0,0.013725491,441415591,171.0,1134.0
MOVE,0,1.0,0.013725491,441415600,171.0,1136.4521
MOVE,0,1.0,0.013725491,441415608,171.0,1141.3701
MOVE,0,1.0,0.01764706,441415616,171.72559,1150.2549
MOVE,0,1.0,0.013725491,441415625,173.44238,1165.9824
MOVE,0,1.0,0.013725491,441415633,176.17676,1191.3193
MOVE,0,1.0,0.011764707,441415641,179.85938,1223.3076
MOVE,0,1.0,0.013725491,441415650,183.86621,1259.5127
MOVE,0,1.0,0.013725491,441415658,187.77246,1296.3369
MOVE,0,1.0,0.011764707,441415666,191.04102,1334.5352
MOVE,0,1.0,0.013725491,441415675,192.68457,1371.6416
MOVE,0,1.0,0.015686275,441415683,194.40918,1404.1309
MOVE,0,1.0,0.013725491,441415691,199.97363,1487.6113
MOVE,0,1.0,0.013725491,441415694,202.0,1518.0
UP,0,1.0,0.013725491,441415702,202.0,1518.0
DOWN,0,1.0,0.011764707,441415812,205.0,1326.0
MOVE,0,1.0,0.013725491,441415823,205.0,1326.0
MOVE,0,1.0,0.013725491,441415841,206.0,1326.0
MOVE,0,1.0,0.013725491,441415850,206.0,1326.0
MOVE,0,1.0,0.013725491,441415858,206.0,1326.0
MOVE,0,1.0,0.013725491,441415866,206.0,1326.0
MOVE,0,1.0,0.013725491,441415875,206.0,1326.0
MOVE,0,1.0,0.013725491,441415883,206.0,1326.0
MOVE,0,1.0,0.013725491,441415891,206.0,1326.0
MOVE,0,1.0,0.013725491,441415900,206.0,1326.0
MOVE,0,1.0,0.013725491,441415908,206.0,1326.0
MOVE,0,1.0,0.013725491,441415916,206.0,1326.0
MOVE,0,1.0,0.013725491,441415925,206.0,1326.0
MOVE,0,1.0,0.013725491,441415933,206.0,1326.0
MOVE,0,1.0,0.013725491,441415941,206.0,1326.0
MOVE,0,1.0,0.013725491,441415950,206.0,1326.0
MOVE,0,1.0,0.013725491,441415958,206.0,1326.0
MOVE,0,1.0,0.013725491,441415966,206.0,1326.0
MOVE,0,1.0,0.013725491,441415975,206.0,1326.0
MOVE,0,1.0,0.013725491,441415983,206.0,1326.0
MOVE,0,1.0,0.013725491,441415991,206.0,1326.0
MOVE,0,1.0,0.013725491,441416000,206.0,1326.0
MOVE,0,1.0,0.013725491,441416008,206.0,1326.0
MOVE,0,1.0,0.013725491,441416016,206.0,1326.0
MOVE,0,1.0,0.013725491,441416025,206.0,1326.0
MOVE,0,1.0,0.013725491,441416033,206.0,1326.0
MOVE,0,1.0,0.013725491,441416041,206.0,1326.0
MOVE,0,1.0,0.013725491,441416050,205.28418,1319.9873
MOVE,0,1.0,0.015686275,441416058,203.57031,1307.9902
MOVE,0,1.0,0.013725491,441416066,200.17285,1287.0371
MOVE,0,1.0,0.013725491,441416075,196.19531,1263.1699
MOVE,0,1.0,0.013725491,441416083,192.11328,1240.123
MOVE,0,1.0,0.013725491,441416091,188.8125,1219.415
MOVE,0,1.0,0.013725491,441416100,185.85254,1200.3975
MOVE,0,1.0,0.013725491,441416108,182.84375,1182.7822
MOVE,0,1.0,0.015686275,441416116,179.86816,1167.3428
MOVE,0,1.0,0.01764706,441416125,177.56836,1152.9766
MOVE,0,1.0,0.013725491,441416133,174.84668,1138.2334
MOVE,0,1.0,0.015686275,441416141,171.8711,1124.0625
MOVE,0,1.0,0.015686275,441416150,168.85254,1109.9805
MOVE,0,1.0,0.01764706,441416158,165.11914,1096.6387
MOVE,0,1.0,0.01764706,441416166,161.83887,1083.6348
MOVE,0,1.0,0.011764707,441416175,159.5664,1070.6797
MOVE,0,1.0,0.015686275,441416183,156.85742,1059.1436
MOVE,0,1.0,0.01764706,441416191,154.55273,1047.3145
MOVE,0,1.0,0.01764706,441416200,151.84863,1036.1113
MOVE,0,1.0,0.015686275,441416208,148.8418,1025.8066
MOVE,0,1.0,0.015686275,441416216,145.83984,1015.0801
MOVE,0,1.0,0.015686275,441416225,143.55566,1004.7793
MOVE,0,1.0,0.015686275,441416233,141.54785,995.4658
MOVE,0,1.0,0.015686275,441416241,139.56543,985.8252
MOVE,0,1.0,0.015686275,441416250,137.5586,976.5117
MOVE,0,1.0,0.015686275,441416258,135.55273,967.48926
MOVE,0,1.0,0.015686275,441416266,134.27832,959.9492
MOVE,0,1.0,0.015686275,441416275,132.56445,952.97363
MOVE,0,1.0,0.015686275,441416283,131.28027,946.6797
MOVE,0,1.0,0.01764706,441416291,129.56738,941.41797
MOVE,0,1.0,0.01764706,441416300,128.27734,937.1074
MOVE,0,1.0,0.015686275,441416308,126.55664,933.83496
MOVE,0,1.0,0.015686275,441416316,124.572266,930.8574
MOVE,0,1.0,0.015686275,441416325,123.28027,928.5596
MOVE,0,1.0,0.015686275,441416333,122.28125,926.5635
MOVE,0,1.0,0.015686275,441416341,122.0,925.2793
MOVE,0,1.0,0.015686275,441416350,121.28125,923.5625
MOVE,0,1.0,0.015686275,441416358,120.296875,922.2969
MOVE,0,1.0,0.015686275,441416366,120.0,921.291
MOVE,0,1.0,0.015686275,441416375,119.30371,920.3037
MOVE,0,1.0,0.015686275,441416383,119.0,919.29785
MOVE,0,1.0,0.015686275,441416391,119.0,918.2793
MOVE,0,1.0,0.015686275,441416400,119.0,916.5459
MOVE,0,1.0,0.015686275,441416408,119.0,914.5615
MOVE,0,1.0,0.015686275,441416416,118.27832,913.2783
MOVE,0,1.0,0.015686275,441416425,118.0,912.2744
MOVE,0,1.0,0.015686275,441416433,117.28125,912.0
MOVE,0,1.0,0.015686275,441416441,117.0,911.2793
MOVE,0,1.0,0.015686275,441416450,117.0,911.0
MOVE,0,1.0,0.015686275,441416458,117.0,911.0
MOVE,0,1.0,0.015686275,441416466,117.0,911.0
MOVE,0,1.0,0.015686275,441416475,117.0,911.0
MOVE,0,1.0,0.015686275,441416481,115.5,911.0
MOVE,0,1.0,0.015686275,441416500,111.09961,911.7256
MOVE,0,1.0,0.011764707,441416508,104.930664,912.0
MOVE,0,1.0,0.013725491,441416516,98.668945,911.2783
MOVE,0,1.0,0.013725491,441416519,97.0,911.0
UP,0,1.0,0.013725491,441416527,97.0,911.0
MOVE,0,1.0,0.011764707,441418916,91.54297,1140.3447
MOVE,0,1.0,0.013725491,441418925,89.569336,1125.9844
MOVE,0,1.0,0.011764707,441418933,87.62891,1112.3994
MOVE,0,1.0,0.011764707,441418941,85.5918,1098.8457
MOVE,0,1.0,0.011764707,441418950,84.29785,1085.8701
MOVE,0,1.0,0.011764707,441418958,82.634766,1073.126
MOVE,0,1.0,0.013725491,441418966,80.58984,1061.2441
MOVE,0,1.0,0.013725491,441418975,79.27539,1050.0303
MOVE,0,1.0,0.013725491,441418983,77.57617,1039.8818
MOVE,0,1.0,0.011764707,441418991,75.56836,1030.5566
MOVE,0,1.0,0.013725491,441419000,74.28516,1022.2803
MOVE,0,1.0,0.011764707,441419008,73.31641,1015.2168
MOVE,0,1.0,0.011764707,441419016,73.0,1008.9961
MOVE,0,1.0,0.013725491,441419025,72.32129,1002.9258
MOVE,0,1.0,0.013725491,441419033,71.305664,996.834
MOVE,0,1.0,0.013725491,441419041,70.30176,990.8096
MOVE,0,1.0,0.013725491,441419050,70.0,984.7012
MOVE,0,1.0,0.013725491,441419058,70.0,978.6338
MOVE,0,1.0,0.013725491,441419066,69.268555,972.61426
MOVE,0,1.0,0.013725491,441419075,69.0,967.37305
MOVE,0,1.0,0.013725491,441419083,69.0,962.39355
MOVE,0,1.0,0.013725491,441419091,68.27539,958.10254
MOVE,0,1.0,0.013725491,441419100,68.0,954.83203
MOVE,0,1.0,0.013725491,441419108,68.0,951.80566
MOVE,0,1.0,0.013725491,441419116,68.0,948.8281
MOVE,0,1.0,0.013725491,441419125,68.0,945.8047
MOVE,0,1.0,0.013725491,441419133,68.0,942.1162
MOVE,0,1.0,0.011764707,441419141,68.0,938.82715
MOVE,0,1.0,0.013725491,441419150,68.71484,935.8545
MOVE,0,1.0,0.013725491,441419158,69.0,932.8779
MOVE,0,1.0,0.013725491,441419166,69.0,930.5869
MOVE,0,1.0,0.013725491,441419175,69.0,929.2783
MOVE,0,1.0,0.013725491,441419183,69.0,929.0
MOVE,0,1.0,0.013725491,441419191,69.0,929.0
MOVE,0,1.0,0.013725491,441419200,69.0,927.2627
MOVE,0,1.0,0.013725491,441419208,69.0,926.2676
MOVE,0,1.0,0.013725491,441419216,69.0,925.2871
MOVE,0,1.0,0.013725491,441419225,69.71582,924.2842
MOVE,0,1.0,0.013725491,441419233,70.0,923.28516
MOVE,0,1.0,0.013725491,441419241,70.72168,921.55664
MOVE,0,1.0,0.013725491,441419248,71.5,920.0
MOVE,0,1.0,0.013725491,441419266,71.5,920.0
MOVE,0,1.0,0.013725491,441419273,71.0,919.5
MOVE,0,1.0,0.013725491,441419291,71.0,919.5
MOVE,0,1.0,0.013725491,441419300,70.26172,921.7383
MOVE,0,1.0,0.013725491,441419308,69.271484,922.7285
MOVE,0,1.0,0.013725491,441419316,69.0,923.6914
MOVE,0,1.0,0.013725491,441419325,68.29297,924.70703
MOVE,0,1.0,0.013725491,441419331,67.5,925.5
MOVE,0,1.0,0.013725491,441419350,67.5,925.5
MOVE,0,1.0,0.013725491,441419358,68.73828,921.5244
MOVE,0,1.0,0.013725491,441419366,69.72461,918.82715
MOVE,0,1.0,0.013725491,441419375,70.0,915.80273
MOVE,0,1.0,0.013725491,441419383,70.0,912.834
MOVE,0,1.0,0.013725491,441419391,70.0,910.5508
MOVE,0,1.0,0.013725491,441419400,70.0,908.52734
MOVE,0,1.0,0.013725491,441419408,70.0,906.54297
MOVE,0,1.0,0.013725491,441419416,70.0,904.55273
MOVE,0,1.0,0.013725491,441419425,70.0,901.8154
MOVE,0,1.0,0.013725491,441419433,69.268555,898.80566
MOVE,0,1.0,0.013725491,441419441,69.0,895.84863
MOVE,0,1.0,0.013725491,441419450,68.31152,892.93555
MOVE,0,1.0,0.013725491,441419458,68.0,889.874
MOVE,0,1.0,0.013725491,441419466,68.0,886.1035
MOVE,0,1.0,0.013725491,441419475,68.0,883.54785
MOVE,0,1.0,0.015686275,441419483,68.0,880.8584
MOVE,0,1.0,0.015686275,441419491,68.0,879.29785
MOVE,0,1.0,0.015686275,441419500,68.0,878.2842
MOVE,0,1.0,0.015686275,441419506,68.0,877.5
MOVE,0,1.0,0.015686275,441419524,68.0,877.5
MOVE,0,1.0,0.015686275,441419533,68.0,877.5
MOVE,0,1.0,0.015686275,441419541,68.0,877.5
MOVE,0,1.0,0.015686275,441419549,68.0,877.5
MOVE,0,1.0,0.015686275,441419558,68.0,877.5
MOVE,0,1.0,0.013725491,441419566,64.79883,881.4678
MOVE,0,1.0,0.015686275,441419574,62.541992,883.458
MOVE,0,1.0,0.015686275,441419577,62.0,884.0
UP,0,1.0,0.015686275,441419585,62.0,884.0
MOVE,0,1.0,0.013725491,441420541,128.45215,1284.7617
MOVE,0,1.0,0.011764707,441420549,129.72852,1248.3301
MOVE,0,1.0,0.013725491,441420558,129.27344,1207.4785
MOVE,0,1.0,0.013725491,441420566,126.08789,1163.9668
MOVE,0,1.0,0.015686275,441420574,121.396484,1121.7275
MOVE,0,1.0,0.011764707,441420583,114.94824,1084.0215
MOVE,0,1.0,0.015686275,441420591,108.64746,1052.9648
MOVE,0,1.0,0.011764707,441420599,103.38379,1027.6426
MOVE,0,1.0,0.011764707,441420608,99.09961,1006.501
MOVE,0,1.0,0.013725491,441420616,95.09082,988.6367
MOVE,0,1.0,0.011764707,441420624,91.82031,973.10254
MOVE,0,1.0,0.011764707,441420633,89.54785,959.5625
MOVE,0,1.0,0.011764707,441420641,88.27344,948.73047
MOVE,0,1.0,0.011764707,441420649,86.54785,940.916
MOVE,0,1.0,0.013725491,441420658,85.265625,933.8584
MOVE,0,1.0,0.013725491,441420666,85.0,927.58887
MOVE,0,1.0,0.013725491,441420674,85.0,923.0371
MOVE,0,1.0,0.013725491,441420683,85.0,919.7959
MOVE,0,1.0,0.013725491,441420691,85.0,917.5449
MOVE,0,1.0,0.013725491,441420699,85.0,915.5625
MOVE,0,1.0,0.013725491,441420708,85.0,914.2715
MOVE,0,1.0,0.013725491,441420716,84.268555,913.26855
MOVE,0,1.0,0.013725491,441420724,84.0,912.2744
MOVE,0,1.0,0.013725491,441420731,84.0,911.5
MOVE,0,1.0,0.013725491,441420749,84.0,911.5
MOVE,0,1.0,0.013725491,441420758,84.0,911.5
MOVE,0,1.0,0.013725491,441420766,83.0,912.0
MOVE,0,1.0,0.013725491,441420774,83.0,912.0
MOVE,0,1.0,0.013725491,441420783,83.0,912.0
MOVE,0,1.0,0.013725491,441420791,83.0,912.0
MOVE,0,1.0,0.013725491,441420799,83.0,912.0
MOVE,0,1.0,0.013725491,441420808,82.0,912.7334
MOVE,0,1.0,0.013725491,441420816,80.52734,914.47266
MOVE,0,1.0,0.013725491,441420824,78.53906,915.73047
MOVE,0,1.0,0.013725491,441420827,78.0,916.0
UP,0,1.0,0.013725491,441420835,78.0,916.0
MOVE,0,1.0,0.013725491,441423241,138.28516,1198.8447
MOVE,0,1.0,0.015686275,441423250,136.56738,1181.1064
MOVE,0,1.0,0.013725491,441423258,133.88379,1163.3008
MOVE,0,1.0,0.013725491,441423266,130.38965,1146.9082
MOVE,0,1.0,0.015686275,441423275,126.95801,1130.1074
MOVE,0,1.0,0.015686275,441423283,123.85449,1114.9863
MOVE,0,1.0,0.013725491,441423291,120.85742,1101.0
MOVE,0,1.0,0.013725491,441423300,117.86035,1086.3027
MOVE,0,1.0,0.011764707,441423308,115.58496,1071.3838
MOVE,0,1.0,0.015686275,441423316,113.56445,1057.6699
MOVE,0,1.0,0.015686275,441423325,111.55664,1044.6152
MOVE,0,1.0,0.013725491,441423333,109.55762,1030.9014
MOVE,0,1.0,0.011764707,441423341,107.569336,1017.7012
MOVE,0,1.0,0.011764707,441423350,104.868164,1005.47363
MOVE,0,1.0,0.011764707,441423358,102.575195,993.45215
MOVE,0,1.0,0.013725491,441423366,100.575195,982.87695
MOVE,0,1.0,0.013725491,441423375,98.57324,972.1543
MOVE,0,1.0,0.011764707,441423383,96.61035,962.0537
MOVE,0,1.0,0.011764707,441423391,95.30469,952.74023
MOVE,0,1.0,0.011764707,441423400,92.87891,945.05176
MOVE,0,1.0,0.011764707,441423408,90.56543,937.97754
MOVE,0,1.0,0.011764707,441423416,87.82422,931.64746
MOVE,0,1.0,0.013725491,441423425,84.82324,925.6455
MOVE,0,1.0,0.013725491,441423433,82.543945,918.9033
MOVE,0,1.0,0.013725491,441423441,79.81055,911.8916
MOVE,0,1.0,0.013725491,441423450,77.5459,906.36523
MOVE,0,1.0,0.013725491,441423458,74.825195,900.6494
MOVE,0,1.0,0.013725491,441423466,73.2832,895.416
MOVE,0,1.0,0.013725491,441423475,71.55762,890.39355
MOVE,0,1.0,0.013725491,441423483,69.59082,885.4785
MOVE,0,1.0,0.013725491,441423491,68.28613,881.14453
MOVE,0,1.0,0.013725491,441423500,67.268555,877.80664
MOVE,0,1.0,0.015686275,441423508,66.265625,874.06055
MOVE,0,1.0,0.013725491,441423516,65.28027,871.56055
MOVE,0,1.0,0.013725491,441423525,64.2793,868.8369
MOVE,0,1.0,0.013725491,441423533,63.27246,866.5449
MOVE,0,1.0,0.013725491,441423541,63.0,864.55566
MOVE,0,1.0,0.013725491,441423550,63.0,862.5654
MOVE,0,1.0,0.013725491,441423558,63.0,861.27734
MOVE,0,1.0,0.013725491,441423566,62.280273,859.56055
MOVE,0,1.0,0.013725491,441423575,62.0,858.2822
MOVE,0,1.0,0.013725491,441423581,62.0,857.5
MOVE,0,1.0,0.013725491,441423600,62.0,856.27246
MOVE,0,1.0,0.013725491,441423608,62.0,855.26953
MOVE,0,1.0,0.013725491,441423616,62.0,855.0
MOVE,0,1.0,0.013725491,441423625,62.0,855.0
MOVE,0,1.0,0.013725491,441423633,62.0,855.0
MOVE,0,1.0,0.013725491,441423641,62.0,855.0
MOVE,0,1.0,0.013725491,441423650,62.0,855.0
MOVE,0,1.0,0.013725491,441423658,62.0,855.0
MOVE,0,1.0,0.013725491,441423666,62.0,855.0
MOVE,0,1.0,0.013725491,441423675,62.0,855.0
MOVE,0,1.0,0.013725491,441423683,62.0,855.0
MOVE,0,1.0,0.013725491,441423691,62.0,855.0
MOVE,0,1.0,0.013725491,441423700,62.0,855.0
MOVE,0,1.0,0.013725491,441423708,62.0,855.0
MOVE,0,1.0,0.013725491,441423715,62.0,856.5
MOVE,0,1.0,0.013725491,441423733,62.0,856.5
MOVE,0,1.0,0.013725491,441423741,62.0,856.5
MOVE,0,1.0,0.013725491,441423750,62.0,856.5
MOVE,0,1.0,0.013725491,441423758,62.0,856.5
MOVE,0,1.0,0.013725491,441423766,62.0,856.5
MOVE,0,1.0,0.013725491,441423775,62.0,856.5
MOVE,0,1.0,0.013725491,441423783,63.728516,857.7285
MOVE,0,1.0,0.013725491,441423791,64.72461,860.1738
MOVE,0,1.0,0.013725491,441423800,66.41113,863.8213
MOVE,0,1.0,0.013725491,441423808,67.70508,867.8203
MOVE,0,1.0,0.015686275,441423816,69.43555,871.8711
MOVE,0,1.0,0.013725491,441423825,71.44141,876.60254
MOVE,0,1.0,0.013725491,441423833,72.72754,880.91016
MOVE,0,1.0,0.013725491,441423841,73.72461,885.624
MOVE,0,1.0,0.013725491,441423850,74.72656,889.1787
MOVE,0,1.0,0.013725491,441423858,75.7207,893.60254
MOVE,0,1.0,0.013725491,441423866,76.71484,898.5752
MOVE,0,1.0,0.013725491,441423875,77.0,904.34766
MOVE,0,1.0,0.013725491,441423883,78.4541,910.3613
MOVE,0,1.0,0.013725491,441423891,79.71875,916.3135
MOVE,0,1.0,0.013725491,441423900,81.43164,923.0117
MOVE,0,1.0,0.011764707,441423908,83.45508,930.81836
MOVE,0,1.0,0.011764707,441423916,85.37695,937.81836
MOVE,0,1.0,0.011764707,441423925,88.10254,944.2051
MOVE,0,1.0,0.011764707,441423933,89.71973,948.87695
MOVE,0,1.0,0.011764707,441423941,90.711914,952.8496
MOVE,0,1.0,0.011764707,441423950,91.71289,955.4258
MOVE,0,1.0,0.013725491,441423958,92.70215,957.4053
MOVE,0,1.0,0.013725491,441423966,93.70996,958.71094
MOVE,0,1.0,0.013725491,441423975,94.0,959.0
MOVE,0,1.0,0.013725491,441423983,94.0,959.0
MOVE,0,1.0,0.013725491,441423989,94.0,960.5
MOVE,0,1.0,0.013725491,441424008,95.0,961.0
MOVE,0,1.0,0.013725491,441424016,95.0,961.0
MOVE,0,1.0,0.013725491,441424025,95.0,961.0
MOVE,0,1.0,0.013725491,441424033,95.0,961.0
MOVE,0,1.0,0.013725491,441424039,95.0,962.5
MOVE,0,1.0,0.013725491,441424058,95.0,963.7168
MOVE,0,1.0,0.013725491,441424066,94.28906,965.4209
MOVE,0,1.0,0.013725491,441424075,92.59668,968.8076
MOVE,0,1.0,0.013725491,441424083,92.0,974.2666
MOVE,0,1.0,0.013725491,441424091,92.0,981.00684
MOVE,0,1.0,0.013725491,441424094,92.0,983.0
UP,0,1.0,0.013725491,441424102,92.0,983.0
MOVE,0,1.0,0.013725491,441426250,138.88477,1399.5254
MOVE,0,1.0,0.013725491,441426258,142.88574,1371.0791
MOVE,0,1.0,0.013725491,441426266,145.4248,1340.9229
MOVE,0,1.0,0.015686275,441426275,147.41699,1308.6162
MOVE,0,1.0,0.013725491,441426283,148.0,1277.8936
MOVE,0,1.0,0.01764706,441426291,147.28516,1248.9932
MOVE,0,1.0,0.013725491,441426300,144.8252,1223.5986
MOVE,0,1.0,0.013725491,441426308,142.55664,1201.8398
MOVE,0,1.0,0.013725491,441426316,139.83301,1181.5547
MOVE,0,1.0,0.013725491,441426325,137.56445,1163.8018
MOVE,0,1.0,0.013725491,441426333,135.54785,1145.9316
MOVE,0,1.0,0.013725491,441426341,134.28125,1128.0557
MOVE,0,1.0,0.015686275,441426350,132.58105,1111.6445
MOVE,0,1.0,0.015686275,441426358,131.28809,1097.0381
MOVE,0,1.0,0.013725491,441426366,130.28418,1082.9834
MOVE,0,1.0,0.015686275,441426375,130.0,1068.9082
MOVE,0,1.0,0.015686275,441426383,129.28027,1055.6494
MOVE,0,1.0,0.015686275,441426391,128.29297,1044.2197
MOVE,0,1.0,0.015686275,441426400,128.0,1033.7773
MOVE,0,1.0,0.015686275,441426408,127.271484,1023.7178
MOVE,0,1.0,0.015686275,441426416,127.0,1015.9785
MOVE,0,1.0,0.013725491,441426425,127.0,1009.7637
MOVE,0,1.0,0.015686275,441426433,127.0,1004.38965
MOVE,0,1.0,0.015686275,441426441,127.0,1000.05664
MOVE,0,1.0,0.015686275,441426450,127.0,996.0967
MOVE,0,1.0,0.015686275,441426458,125.55176,992.8281
MOVE,0,1.0,0.015686275,441426466,124.2793,989.1162
MOVE,0,1.0,0.015686275,441426475,123.27539,984.3779
MOVE,0,1.0,0.015686275,441426483,122.28418,980.1367
MOVE,0,1.0,0.015686275,441426491,121.28027,975.4033
MOVE,0,1.0,0.015686275,441426500,119.575195,970.4375
MOVE,0,1.0,0.015686275,441426508,118.28223,965.4121
MOVE,0,1.0,0.015686275,441426516,117.274414,959.6455
MOVE,0,1.0,0.01764706,441426525,115.546875,954.3662
MOVE,0,1.0,0.01764706,441426533,113.58887,950.17773
MOVE,0,1.0,0.015686275,441426541,112.2959,946.1846
MOVE,0,1.0,0.015686275,441426550,110.572266,942.1455
MOVE,0,1.0,0.015686275,441426558,108.55078,937.376
MOVE,0,1.0,0.015686275,441426566,106.55762,933.1162
MOVE,0,1.0,0.015686275,441426575,104.552734,929.10547
MOVE,0,1.0,0.015686275,441426583,102.55859,924.39746
MOVE,0,1.0,0.013725491,441426591,99.82617,919.3779
MOVE,0,1.0,0.013725491,441426600,97.538086,913.61523
MOVE,0,1.0,0.013725491,441426608,94.83203,907.6631
MOVE,0,1.0,0.013725491,441426616,91.8418,902.40234
MOVE,0,1.0,0.013725491,441426625,88.11035,896.66504
MOVE,0,1.0,0.013725491,441426633,84.83301,890.666
MOVE,0,1.0,0.011764707,441426641,81.83301,884.66504
MOVE,0,1.0,0.013725491,441426650,78.11328,878.6709
MOVE,0,1.0,0.015686275,441426658,73.40625,871.96875
MOVE,0,1.0,0.015686275,441426666,68.44824,864.3174
MOVE,0,1.0,0.013725491,441426675,61.3291,854.20215
MOVE,0,1.0,0.011764707,441426683,51.368164,841.28613
MOVE,0,1.0,0.011764707,441426691,37.942383,826.22363
MOVE,0,1.0,0.009803922,441426700,21.672852,809.67285
MOVE,0,1.0,0.009803922,441426708,10.53125,793.501
MOVE,0,1.0,0.009803922,441426710,8.0,789.0
UP,0,1.0,0.009803922,441426719,8.0,789.0
DOWN,0,1.0,0.011764707,441427303,131.0,947.0
MOVE,0,1.0,0.015686275,441427316,132.50586,948.50586
MOVE,0,1.0,0.015686275,441427324,135.33301,956.3281
MOVE,0,1.0,0.015686275,441427333,136.67578,963.70215
MOVE,0,1.0,0.015686275,441427341,137.0,965.71094
MOVE,0,1.0,0.013725491,441427349,138.41504,972.36816
MOVE,0,1.0,0.013725491,441427358,141.12402,985.61816
MOVE,0,1.0,0.015686275,441427366,143.39453,1000.46094
MOVE,0,1.0,0.01764706,441427374,146.09668,1015.4844
MOVE,0,1.0,0.01764706,441427383,148.4209,1030.6562
MOVE,0,1.0,0.013725491,441427391,150.4209,1045.6562
MOVE,0,1.0,0.011764707,441427399,152.4248,1059.2627
MOVE,0,1.0,0.01764706,441427408,154.43262,1071.5986
MOVE,0,1.0,0.01764706,441427416,156.34473,1082.3965
MOVE,0,1.0,0.01764706,441427424,157.68457,1091.4766
MOVE,0,1.0,0.01764706,441427433,158.71094,1098.9756
MOVE,0,1.0,0.011764707,441427441,159.72363,1105.3438
MOVE,0,1.0,0.011764707,441427449,160.70898,1110.5449
MOVE,0,1.0,0.011764707,441427458,161.0,1115.5342
MOVE,0,1.0,0.011764707,441427466,161.71094,1119.8418
MOVE,0,1.0,0.011764707,441427474,162.0,1123.8535
MOVE,0,1.0,0.013725491,441427483,162.70801,1127.8301
MOVE,0,1.0,0.013725491,441427491,163.71484,1131.8604
MOVE,0,1.0,0.013725491,441427499,164.0,1135.168
MOVE,0,1.0,0.013725491,441427508,164.0,1138.9121
MOVE,0,1.0,0.013725491,441427516,164.0,1141.4658
MOVE,0,1.0,0.013725491,441427524,164.0,1143.4609
MOVE,0,1.0,0.013725491,441427533,164.73047,1145.46
MOVE,0,1.0,0.013725491,441427541,165.0,1146.0
MOVE,0,1.0,0.013725491,441427549,165.0,1146.0
MOVE,0,1.0,0.013725491,441427556,165.0,1147.5
MOVE,0,1.0,0.013725491,441427574,165.0,1147.5
MOVE,0,1.0,0.013725491,441427583,165.0,1148.71
MOVE,0,1.0,0.013725491,441427591,165.0,1149.7207
MOVE,0,1.0,0.013725491,441427599,165.0,1151.4434
MOVE,0,1.0,0.01764706,441427608,165.70703,1153.4131
MOVE,0,1.0,0.01764706,441427616,166.0,1155.4473
MOVE,0,1.0,0.01764706,441427624,166.7207,1157.4414
MOVE,0,1.0,0.01764706,441427633,167.7207,1159.4404
MOVE,0,1.0,0.01764706,441427641,168.0,1160.7207
MOVE,0,1.0,0.01764706,441427649,168.0,1161.7158
MOVE,0,1.0,0.01764706,441427658,168.0,1162.7217
MOVE,0,1.0,0.01764706,441427666,168.0,1163.7207
MOVE,0,1.0,0.015686275,441427674,168.0,1164.0
MOVE,0,1.0,0.015686275,441427683,168.0,1164.0
MOVE,0,1.0,0.015686275,441427691,168.0,1164.0
MOVE,0,1.0,0.015686275,441427699,168.0,1164.0
MOVE,0,1.0,0.01764706,441427708,168.0,1165.0
MOVE,0,1.0,0.01764706,441427716,168.0,1165.0
MOVE,0,1.0,0.01764706,441427724,168.0,1165.0
MOVE,0,1.0,0.01764706,441427733,168.0,1165.0
MOVE,0,1.0,0.015686275,441427741,168.0,1166.0
MOVE,0,1.0,0.015686275,441427749,168.0,1166.0
MOVE,0,1.0,0.013725491,441427758,168.0,1167.709
MOVE,0,1.0,0.015686275,441427766,168.0,1168.7051
MOVE,0,1.0,0.015686275,441427769,168.0,1169.0
UP,0,1.0,0.015686275,441427777,168.0,1169.0
MOVE,0,1.0,0.013725491,441432250,130.71387,1347.4424
MOVE,0,1.0,0.013725491,441432258,131.0,1318.4736
MOVE,0,1.0,0.011764707,441432266,129.59473,1285.1064
MOVE,0,1.0,0.013725491,441432275,129.0,1261.5986
MOVE,0,1.0,0.013725491,441432283,127.634766,1245.4434
MOVE,0,1.0,0.013725491,441432291,126.30469,1231.2666
MOVE,0,1.0,0.011764707,441432300,124.58301,1216.3721
MOVE,0,1.0,0.013725491,441432308,123.30957,1202.3369
MOVE,0,1.0,0.013725491,441432316,121.615234,1188.999
MOVE,0,1.0,0.011764707,441432325,119.63086,1176.7852
MOVE,0,1.0,0.013725491,441432333,116.89453,1164.5791
MOVE,0,1.0,0.013725491,441432341,115.3291,1154.2949
MOVE,0,1.0,0.013725491,441432350,113.61328,1142.6807
MOVE,0,1.0,0.013725491,441432358,113.0,1129.7119
MOVE,0,1.0,0.011764707,441432366,112.2793,1117.3545
MOVE,0,1.0,0.011764707,441432375,112.0,1105.3662
MOVE,0,1.0,0.015686275,441432383,112.0,1094.8623
MOVE,0,1.0,0.015686275,441432391,110.58203,1084.2021
MOVE,0,1.0,0.013725491,441432400,110.0,1073.5342
MOVE,0,1.0,0.011764707,441432408,108.5918,1061.5498
MOVE,0,1.0,0.011764707,441432416,105.868164,1050.8955
MOVE,0,1.0,0.011764707,441432425,104.30176,1042.4111
MOVE,0,1.0,0.015686275,441432433,100.490234,1035.0859
MOVE,0,1.0,0.015686275,441432441,96.81543,1029.3604
MOVE,0,1.0,0.013725491,441432450,93.05371,1023.5801
MOVE,0,1.0,0.011764707,441432458,87.69043,1016.97266
MOVE,0,1.0,0.011764707,441432466,83.10254,1010.6533
MOVE,0,1.0,0.011764707,441432475,81.27734,1004.667
MOVE,0,1.0,0.011764707,441432483,81.0,1000.1699
MOVE,0,1.0,0.011764707,441432491,81.0,996.14844
MOVE,0,1.0,0.011764707,441432500,82.44824,991.3789
MOVE,0,1.0,0.011764707,441432508,83.0,987.8301
MOVE,0,1.0,0.013725491,441432516,83.0,984.1465
MOVE,0,1.0,0.013725491,441432525,83.0,979.94434
MOVE,0,1.0,0.013725491,441432533,83.73633,976.05664
MOVE,0,1.0,0.013725491,441432541,83.30176,972.9043
MOVE,0,1.0,0.013725491,441432550,81.48633,968.21484
MOVE,0,1.0,0.013725491,441432558,81.0,964.6533
MOVE,0,1.0,0.013725491,441432566,79.578125,959.7334
MOVE,0,1.0,0.013725491,441432575,79.0,955.9121
MOVE,0,1.0,0.011764707,441432583,78.29199,952.166
MOVE,0,1.0,0.011764707,441432591,77.28613,948.8574
MOVE,0,1.0,0.013725491,441432600,77.0,944.99805
MOVE,0,1.0,0.013725491,441432608,76.23242,941.69727
MOVE,0,1.0,0.013725491,441432616,74.52637,939.52734
MOVE,0,1.0,0.013725491,441432625,74.0,937.5674
MOVE,0,1.0,0.013725491,441432633,74.0,935.59766
MOVE,0,1.0,0.015686275,441432641,73.2793,934.2793
MOVE,0,1.0,0.015686275,441432650,72.28125,934.0
MOVE,0,1.0,0.015686275,441432658,71.28027,932.5615
MOVE,0,1.0,0.015686275,441432666,71.0,931.27344
MOVE,0,1.0,0.015686275,441432675,71.0,930.27637
MOVE,0,1.0,0.015686275,441432683,71.0,927.84375
MOVE,0,1.0,0.013725491,441432691,71.0,924.83984
MOVE,0,1.0,0.013725491,441432700,71.0,921.83594
MOVE,0,1.0,0.013725491,441432708,70.274414,918.0967
MOVE,0,1.0,0.013725491,441432716,70.0,914.11523
MOVE,0,1.0,0.013725491,441432725,70.0,910.83105
MOVE,0,1.0,0.013725491,441432733,70.0,906.38477
MOVE,0,1.0,0.013725491,441432741,69.274414,901.374
MOVE,0,1.0,0.013725491,441432750,69.0,896.3838
MOVE,0,1.0,0.013725491,441432758,69.0,892.1123
MOVE,0,1.0,0.013725491,441432766,69.0,887.22266
MOVE,0,1.0,0.013725491,441432775,68.27051,881.625
MOVE,0,1.0,0.015686275,441432783,67.28516,877.1416
MOVE,0,1.0,0.015686275,441432791,65.46875,872.1709
MOVE,0,1.0,0.015686275,441432800,63.526367,866.5781
MOVE,0,1.0,0.013725491,441432808,61.554688,859.9404
MOVE,0,1.0,0.013725491,441432816,56.666992,852.22266
MOVE,0,1.0,0.011764707,441432825,48.473633,841.2988
MOVE,0,1.0,0.011764707,441432833,30.74121,823.4678
MOVE,0,1.0,0.009803922,441432841,13.168945,802.68945
MOVE,0,1.0,0.009803922,441432850,14.457031,805.6846
MOVE,0,1.0,0.009803922,441432851,16.0,808.0
UP,0,1.0,0.009803922,441432859,16.0,808.0
DOWN,0,1.0,0.011764707,441433510,99.0,929.0
MOVE,0,1.0,0.013725491,441433525,99.70508,931.11426
MOVE,0,1.0,0.011764707,441433533,100.7207,936.32227
MOVE,0,1.0,0.011764707,441433541,101.725586,943.0801
MOVE,0,1.0,0.011764707,441433550,102.71289,947.85156
MOVE,0,1.0,0.015686275,441433556,103.5,951.0
MOVE,0,1.0,0.011764707,441433575,106.15527,961.90234
MOVE,0,1.0,0.011764707,441433583,109.131836,971.3955
MOVE,0,1.0,0.013725491,441433591,111.41797,979.6738
MOVE,0,1.0,0.013725491,441433600,113.42285,986.26953
MOVE,0,1.0,0.013725491,441433608,115.44531,991.6123
MOVE,0,1.0,0.015686275,441433616,116.72656,995.9072
MOVE,0,1.0,0.015686275,441433625,117.71973,999.16016
MOVE,0,1.0,0.013725491,441433633,118.71777,1001.43555
MOVE,0,1.0,0.015686275,441433641,119.711914,1003.42285
MOVE,0,1.0,0.015686275,441433650,120.72168,1004.7217
MOVE,0,1.0,0.013725491,441433658,121.0,1006.4346
MOVE,0,1.0,0.013725491,441433666,121.71387,1007.71387
MOVE,0,1.0,0.013725491,441433675,122.70703,1008.70703
MOVE,0,1.0,0.015686275,441433683,123.708984,1010.41797
MOVE,0,1.0,0.015686275,441433691,124.71484,1011.71484
MOVE,0,1.0,0.015686275,441433700,125.72266,1013.44434
MOVE,0,1.0,0.013725491,441433708,127.44141,1014.7207
MOVE,0,1.0,0.015686275,441433716,128.71875,1016.4375
MOVE,0,1.0,0.015686275,441433725,129.72461,1019.17285
MOVE,0,1.0,0.015686275,441433733,130.72559,1022.1758
MOVE,0,1.0,0.015686275,441433741,131.0,1025.1475
MOVE,0,1.0,0.015686275,441433750,131.71582,1028.1484
MOVE,0,1.0,0.015686275,441433758,132.0,1031.1553
MOVE,0,1.0,0.015686275,441433766,132.0,1033.4443
MOVE,0,1.0,0.015686275,441433775,132.71191,1035.4248
MOVE,0,1.0,0.015686275,441433783,133.0,1037.4199
MOVE,0,1.0,0.013725491,441433791,133.71289,1040.1396
MOVE,0,1.0,0.013725491,441433800,134.71582,1042.4316
MOVE,0,1.0,0.015686275,441433808,135.0,1045.1621
MOVE,0,1.0,0.013725491,441433816,135.0,1047.4414
MOVE,0,1.0,0.013725491,441433825,135.0,1048.7217
MOVE,0,1.0,0.013725491,441433833,135.72363,1050.4473
MOVE,0,1.0,0.013725491,441433841,136.72266,1052.4453
MOVE,0,1.0,0.013725491,441433850,137.72168,1053.7217
MOVE,0,1.0,0.013725491,441433858,138.0,1055.4316
MOVE,0,1.0,0.013725491,441433866,138.68066,1057.3623
MOVE,0,1.0,0.013725491,441433875,139.6709,1059.3408
MOVE,0,1.0,0.013725491,441433883,140.0,1061.415
MOVE,0,1.0,0.013725491,441433891,140.72363,1063.4473
MOVE,0,1.0,0.013725491,441433900,141.72949,1065.459
MOVE,0,1.0,0.013725491,441433908,142.72852,1067.457
MOVE,0,1.0,0.011764707,441433916,143.73145,1069.4619
MOVE,0,1.0,0.011764707,441433925,144.72754,1071.4541
MOVE,0,1.0,0.011764707,441433933,145.72168,1074.165
MOVE,0,1.0,0.011764707,441433941,146.73047,1076.4609
MOVE,0,1.0,0.011764707,441433950,147.7168,1079.1523
MOVE,0,1.0,0.011764707,441433958,148.0,1082.1455
MOVE,0,1.0,0.011764707,441433966,148.71582,1085.1465
MOVE,0,1.0,0.015686275,441433975,149.72656,1088.1787
MOVE,0,1.0,0.013725491,441433983,150.0,1091.8936
MOVE,0,1.0,0.013725491,441433991,151.44434,1095.8887
MOVE,0,1.0,0.013725491,441434000,153.43848,1099.1582
MOVE,0,1.0,0.01764706,441434008,154.72559,1102.1768
MOVE,0,1.0,0.01764706,441434016,155.0,1105.8936
MOVE,0,1.0,0.013725491,441434025,155.0,1109.9004
MOVE,0,1.0,0.013725491,441434033,155.0,1113.1621
MOVE,0,1.0,0.013725491,441434041,155.0,1116.1738
MOVE,0,1.0,0.013725491,441434050,155.72559,1118.4521
MOVE,0,1.0,0.011764707,441434058,156.72363,1119.7236
MOVE,0,1.0,0.011764707,441434066,157.0,1121.4395
MOVE,0,1.0,0.011764707,441434075,157.7002,1122.7002
MOVE,0,1.0,0.011764707,441434083,158.0,1123.6934
MOVE,0,1.0,0.011764707,441434091,158.72266,1124.0
MOVE,0,1.0,0.011764707,441434100,159.0,1124.0
MOVE,0,1.0,0.011764707,441434108,159.0,1124.0
MOVE,0,1.0,0.011764707,441434116,160.73828,1124.0
MOVE,0,1.0,0.011764707,441434123,161.5,1124.0
MOVE,0,1.0,0.011764707,441434141,162.0,1124.0
MOVE,0,1.0,0.011764707,441434150,162.0,1124.0
MOVE,0,1.0,0.011764707,441434158,162.0,1124.0
MOVE,0,1.0,0.011764707,441434166,162.0,1124.0
MOVE,0,1.0,0.011764707,441434173,163.5,1124.0
MOVE,0,1.0,0.011764707,441434191,163.5,1124.0
MOVE,0,1.0,0.011764707,441434200,163.5,1124.0
MOVE,0,1.0,0.011764707,441434208,163.5,1124.0
MOVE,0,1.0,0.011764707,441434216,163.5,1124.0
MOVE,0,1.0,0.011764707,441434225,163.5,1124.0
MOVE,0,1.0,0.011764707,441434233,164.71777,1124.0
MOVE,0,1.0,0.011764707,441434241,165.0,1124.7148
MOVE,0,1.0,0.011764707,441434250,165.72656,1125.0
MOVE,0,1.0,0.011764707,441434258,166.7207,1125.0
MOVE,0,1.0,0.011764707,441434264,167.5,1125.0
MOVE,0,1.0,0.011764707,441434283,167.5,1125.0
MOVE,0,1.0,0.011764707,441434291,167.5,1125.0
MOVE,0,1.0,0.011764707,441434300,167.5,1125.0
MOVE,0,1.0,0.011764707,441434308,167.5,1125.0
MOVE,0,1.0,0.011764707,441434316,167.5,1125.0
MOVE,0,1.0,0.011764707,441434325,165.27832,1126.0
MOVE,0,1.0,0.011764707,441434333,163.55078,1126.7246
MOVE,0,1.0,0.011764707,441434341,162.26562,1127.0
MOVE,0,1.0,0.011764707,441434350,161.26855,1127.0
MOVE,0,1.0,0.011764707,441434358,160.29199,1127.0
MOVE,0,1.0,0.011764707,441434365,159.5,1127.0
MOVE,0,1.0,0.011764707,441434383,160.0,1126.0
MOVE,0,1.0,0.011764707,441434391,160.0,1126.0
MOVE,0,1.0,0.011764707,441434400,160.0,1126.0
MOVE,0,1.0,0.011764707,441434408,160.0,1125.0
MOVE,0,1.0,0.011764707,441434416,160.0,1125.0
MOVE,0,1.0,0.011764707,441434425,160.0,1125.0
MOVE,0,1.0,0.011764707,441434433,160.0,1125.0
MOVE,0,1.0,0.011764707,441434439,160.0,1123.5
MOVE,0,1.0,0.011764707,441434458,160.0,1123.5
MOVE,0,1.0,0.011764707,441434466,160.0,1123.5
MOVE,0,1.0,0.011764707,441434475,160.0,1123.5
MOVE,0,1.0,0.011764707,441434483,160.0,1123.5
MOVE,0,1.0,0.011764707,441434491,160.0,1123.5
MOVE,0,1.0,0.011764707,441434500,160.0,1123.5
MOVE,0,1.0,0.011764707,441434508,160.0,1125.0
MOVE,0,1.0,0.011764707,441434516,160.0,1125.0
MOVE,0,1.0,0.011764707,441434525,160.0,1125.0
MOVE,0,1.0,0.011764707,441434533,161.0,1124.2686
MOVE,0,1.0,0.011764707,441434541,161.73438,1124.0
MOVE,0,1.0,0.011764707,441434550,163.44043,1122.5596
MOVE,0,1.0,0.011764707,441434558,164.71582,1121.2852
MOVE,0,1.0,0.011764707,441434566,165.7207,1120.2793
MOVE,0,1.0,0.011764707,441434575,166.0,1119.2832
MOVE,0,1.0,0.011764707,441434583,166.71973,1118.2803
MOVE,0,1.0,0.015686275,441434591,167.0,1118.0
MOVE,0,1.0,0.015686275,441434600,167.0,1118.0
MOVE,0,1.0,0.015686275,441434608,167.0,1118.0
MOVE,0,1.0,0.015686275,441434616,167.0,1118.0
MOVE,0,1.0,0.011764707,441434625,168.0,1118.0
MOVE,0,1.0,0.011764707,441434633,168.0,1118.0
MOVE,0,1.0,0.011764707,441434641,168.0,1118.0
MOVE,0,1.0,0.015686275,441434650,168.0,1117.0
MOVE,0,1.0,0.015686275,441434658,168.0,1117.0
MOVE,0,1.0,0.015686275,441434666,168.0,1117.0
MOVE,0,1.0,0.015686275,441434675,168.0,1117.0
MOVE,0,1.0,0.015686275,441434683,168.0,1117.0
MOVE,0,1.0,0.015686275,441434691,168.0,1117.0
MOVE,0,1.0,0.015686275,441434700,168.0,1117.0
MOVE,0,1.0,0.015686275,441434708,168.0,1117.0
MOVE,0,1.0,0.015686275,441434716,168.0,1117.0
MOVE,0,1.0,0.015686275,441434725,168.0,1117.0
MOVE,0,1.0,0.015686275,441434733,168.0,1117.0
MOVE,0,1.0,0.015686275,441434741,168.0,1117.0
MOVE,0,1.0,0.015686275,441434750,168.0,1117.0
MOVE,0,1.0,0.015686275,441434758,168.0,1117.0
MOVE,0,1.0,0.015686275,441434766,168.0,1117.0
MOVE,0,1.0,0.015686275,441434775,168.0,1117.0
MOVE,0,1.0,0.015686275,441434783,168.0,1117.0
MOVE,0,1.0,0.015686275,441434791,168.0,1117.0
MOVE,0,1.0,0.015686275,441434800,168.0,1117.0
MOVE,0,1.0,0.015686275,441434808,168.0,1117.0
MOVE,0,1.0,0.015686275,441434816,168.0,1117.0
MOVE,0,1.0,0.015686275,441434825,168.0,1117.0
MOVE,0,1.0,0.015686275,441434833,168.0,1117.0
MOVE,0,1.0,0.015686275,441434841,168.0,1117.0
MOVE,0,1.0,0.015686275,441434850,168.0,1117.0
MOVE,0,1.0,0.015686275,441434858,168.0,1117.0
MOVE,0,1.0,0.015686275,441434866,168.0,1117.0
MOVE,0,1.0,0.015686275,441434875,168.0,1117.0
MOVE,0,1.0,0.015686275,441434883,168.0,1117.0
MOVE,0,1.0,0.015686275,441434891,168.0,1117.0
MOVE,0,1.0,0.011764707,441434900,167.0,1117.0
MOVE,0,1.0,0.011764707,441434908,167.0,1117.0
MOVE,0,1.0,0.011764707,441434916,167.0,1117.0
MOVE,0,1.0,0.011764707,441434925,166.0,1117.0
MOVE,0,1.0,0.011764707,441434933,166.0,1117.0
MOVE,0,1.0,0.011764707,441434941,166.0,1117.0
MOVE,0,1.0,0.011764707,441434950,166.0,1117.0
MOVE,0,1.0,0.011764707,441434958,166.0,1117.0
MOVE,0,1.0,0.015686275,441434966,167.0,1116.2617
MOVE,0,1.0,0.015686275,441434975,168.4541,1115.2734
MOVE,0,1.0,0.015686275,441434983,170.43262,1114.2842
MOVE,0,1.0,0.015686275,441434991,171.70898,1113.291
MOVE,0,1.0,0.015686275,441435000,172.73438,1112.2656
MOVE,0,1.0,0.015686275,441435008,173.0,1112.0
MOVE,0,1.0,0.015686275,441435016,173.0,1112.0
MOVE,0,1.0,0.015686275,441435025,173.0,1112.0
MOVE,0,1.0,0.015686275,441435033,173.0,1112.0
MOVE,0,1.0,0.015686275,441435041,173.0,1112.0
MOVE,0,1.0,0.013725491,441435050,174.0,1112.0
MOVE,0,1.0,0.013725491,441435058,174.0,1112.0
MOVE,0,1.0,0.015686275,441435064,175.5,1112.0
MOVE,0,1.0,0.015686275,441435083,176.73438,1111.2656
MOVE,0,1.0,0.015686275,441435091,177.0,1111.0
MOVE,0,1.0,0.015686275,441435100,177.0,1111.0
MOVE,0,1.0,0.015686275,441435108,177.0,1111.0
MOVE,0,1.0,0.011764707,441435116,173.81836,1113.4551
MOVE,0,1.0,0.011764707,441435125,171.54102,1116.919
MOVE,0,1.0,0.011764707,441435133,168.82812,1122.3438
MOVE,0,1.0,0.011764707,441435141,167.27832,1128.331
MOVE,0,1.0,0.011764707,441435149,167.0,1132.874
MOVE,0,1.0,0.011764707,441435158,167.0,1135.3682
MOVE,0,1.0,0.011764707,441435166,167.0,1136.6943
MOVE,0,1.0,0.013725491,441435174,167.71289,1137.0
MOVE,0,1.0,0.013725491,441435183,168.7002,1136.2998
MOVE,0,1.0,0.013725491,441435191,169.71289,1134.5752
MOVE,0,1.0,0.013725491,441435199,171.43164,1132.5684
MOVE,0,1.0,0.013725491,441435208,173.4502,1130.5498
MOVE,0,1.0,0.013725491,441435216,175.45605,1128.544
MOVE,0,1.0,0.013725491,441435224,177.44531,1125.832
MOVE,0,1.0,0.013725491,441435233,178.72852,1124.2715
MOVE,0,1.0,0.013725491,441435241,179.71973,1123.2803
MOVE,0,1.0,0.013725491,441435250,180.0,1122.2773
MOVE,0,1.0,0.013725491,441435258,180.72559,1121.2744
MOVE,0,1.0,0.013725491,441435266,181.0,1120.2764
MOVE,0,1.0,0.013725491,441435275,181.0,1119.2754
MOVE,0,1.0,0.015686275,441435283,181.0,1118.3037
MOVE,0,1.0,0.015686275,441435291,180.29395,1115.8818
MOVE,0,1.0,0.015686275,441435300,177.8125,1112.083
MOVE,0,1.0,0.015686275,441435308,174.14258,1106.0
MOVE,0,1.0,0.01764706,441435316,169.5,1097.7002
MOVE,0,1.0,0.01764706,441435325,162.96875,1084.9365
MOVE,0,1.0,0.011764707,441435333,154.3877,1067.041
MOVE,0,1.0,0.015686275,441435341,144.66992,1045.874
MOVE,0,1.0,0.015686275,441435350,133.33398,1024.1123
MOVE,0,1.0,0.015686275,441435358,121.44922,1001.6113
MOVE,0,1.0,0.015686275,441435366,107.336914,977.22754
MOVE,0,1.0,0.011764707,441435375,90.72363,949.7803
MOVE,0,1.0,0.013725491,441435383,71.60449,920.40625
MOVE,0,1.0,0.011764707,441435391,47.99414,886.791
MOVE,0,1.0,0.009803922,441435400,23.988281,852.1914
MOVE,0,1.0,0.009803922,441435402,17.0,842.0
UP,0,1.0,0.009803922,441435410,17.0,842.0
DOWN,0,1.0,0.011764707,441435595,128.0,979.0
MOVE,0,1.0,0.015686275,441435608,128.0,979.0
MOVE,0,1.0,0.015686275,441435616,128.0,979.0
MOVE,0,1.0,0.015686275,441435625,128.0,979.0
MOVE,0,1.0,0.015686275,441435633,128.0,979.0
MOVE,0,1.0,0.015686275,441435641,128.0,979.0
MOVE,0,1.0,0.015686275,441435650,128.0,979.0
MOVE,0,1.0,0.015686275,441435658,128.0,979.0
MOVE,0,1.0,0.015686275,441435666,128.0,979.0
MOVE,0,1.0,0.015686275,441435675,128.0,979.0
MOVE,0,1.0,0.015686275,441435683,128.0,979.0
MOVE,0,1.0,0.015686275,441435691,128.0,979.0
MOVE,0,1.0,0.015686275,441435700,128.0,979.0
MOVE,0,1.0,0.015686275,441435708,128.0,979.0
MOVE,0,1.0,0.015686275,441435716,128.0,979.0
MOVE,0,1.0,0.015686275,441435725,128.0,979.0
MOVE,0,1.0,0.015686275,441435733,128.0,979.0
MOVE,0,1.0,0.015686275,441435741,128.0,979.0
MOVE,0,1.0,0.015686275,441435750,128.0,979.0
MOVE,0,1.0,0.015686275,441435758,128.0,979.0
MOVE,0,1.0,0.015686275,441435766,128.0,979.0
MOVE,0,1.0,0.015686275,441435775,128.0,979.0
MOVE,0,1.0,0.015686275,441435783,128.0,979.0
MOVE,0,1.0,0.015686275,441435791,128.0,979.0
MOVE,0,1.0,0.015686275,441435800,128.0,979.0
MOVE,0,1.0,0.015686275,441435808,128.0,979.0
MOVE,0,1.0,0.015686275,441435816,128.0,979.0
MOVE,0,1.0,0.015686275,441435825,128.0,979.0
MOVE,0,1.0,0.015686275,441435833,128.0,979.0
MOVE,0,1.0,0.015686275,441435841,128.0,979.0
MOVE,0,1.0,0.015686275,441435850,128.0,979.0
MOVE,0,1.0,0.015686275,441435858,126.27246,978.27246
MOVE,0,1.0,0.015686275,441435866,123.81738,975.8174
MOVE,0,1.0,0.015686275,441435875,120.83789,971.39746
MOVE,0,1.0,0.015686275,441435883,117.8418,966.40234
MOVE,0,1.0,0.015686275,441435891,115.549805,962.8252
MOVE,0,1.0,0.011764707,441435900,112.072266,957.6084
MOVE,0,1.0,0.011764707,441435908,106.58887,950.11816
MOVE,0,1.0,0.011764707,441435916,99.89258,940.7041
MOVE,0,1.0,0.013725491,441435925,92.9209,930.01953
MOVE,0,1.0,0.013725491,441435933,85.19238,919.7412
MOVE,0,1.0,0.013725491,441435941,77.25781,909.10547
MOVE,0,1.0,0.013725491,441435950,69.296875,898.8711
MOVE,0,1.0,0.013725491,441435958,62.04492,888.9219
MOVE,0,1.0,0.013725491,441435966,54.33496,878.21094
MOVE,0,1.0,0.009803922,441435975,44.80664,866.36816
MOVE,0,1.0,0.011764707,441435983,31.984375,853.6992
MOVE,0,1.0,0.011764707,441435991,17.92871,839.9297
MOVE,0,1.0,0.009803922,441436000,9.722656,825.30664
MOVE,0,1.0,0.009803922,441436002,8.0,821.0
UP,0,1.0,0.009803922,441436010,8.0,821.0
DOWN,0,1.0,0.011764707,441436259,98.0,940.0
MOVE,0,1.0,0.013725491,441436275,99.40137,940.7002
MOVE,0,1.0,0.011764707,441436283,100.71875,941.71875
MOVE,0,1.0,0.011764707,441436291,101.71094,942.0
MOVE,0,1.0,0.011764707,441436298,102.5,942.0
MOVE,0,1.0,0.011764707,441436316,102.72949,943.0
MOVE,0,1.0,0.011764707,441436325,103.0,943.0
MOVE,0,1.0,0.011764707,441436333,103.0,943.0
MOVE,0,1.0,0.011764707,441436341,103.0,943.0
MOVE,0,1.0,0.011764707,441436350,103.0,943.0
MOVE,0,1.0,0.011764707,441436358,103.0,943.0
MOVE,0,1.0,0.011764707,441436366,104.0,943.0
MOVE,0,1.0,0.011764707,441436374,104.0,943.0
MOVE,0,1.0,0.011764707,441436383,104.0,943.0
MOVE,0,1.0,0.013725491,441436391,104.0,944.708
MOVE,0,1.0,0.013725491,441436399,104.69922,948.4971
MOVE,0,1.0,0.015686275,441436408,106.38379,953.459
MOVE,0,1.0,0.015686275,441436416,107.0,957.8291
MOVE,0,1.0,0.015686275,441436425,109.14551,965.43555
MOVE,0,1.0,0.015686275,441436433,112.87598,978.78516
MOVE,0,1.0,0.013725491,441436441,117.581055,993.74414
MOVE,0,1.0,0.015686275,441436450,121.802734,1007.81055
MOVE,0,1.0,0.015686275,441436458,125.86719,1021.31836
MOVE,0,1.0,0.013725491,441436466,129.89062,1032.2275
MOVE,0,1.0,0.013725491,441436475,132.44434,1040.7783
MOVE,0,1.0,0.013725491,441436483,134.43652,1049.4658
MOVE,0,1.0,0.013725491,441436491,136.4248,1056.9863
MOVE,0,1.0,0.013725491,441436500,138.43262,1064.0156
MOVE,0,1.0,0.011764707,441436508,139.7168,1069.5859
MOVE,0,1.0,0.013725491,441436516,140.7168,1074.585
MOVE,0,1.0,0.013725491,441436525,142.43457,1078.8682
MOVE,0,1.0,0.015686275,441436533,143.71387,1082.1406
MOVE,0,1.0,0.015686275,441436541,144.71973,1084.4404
MOVE,0,1.0,0.015686275,441436550,146.43066,1085.7148
MOVE,0,1.0,0.015686275,441436558,147.70996,1086.71
MOVE,0,1.0,0.013725491,441436566,149.42285,1087.0
MOVE,0,1.0,0.015686275,441436575,150.71875,1087.7188
MOVE,0,1.0,0.015686275,441436583,151.71289,1088.0
MOVE,0,1.0,0.013725491,441436591,152.71289,1088.0
MOVE,0,1.0,0.015686275,441436600,153.0,1088.0
MOVE,0,1.0,0.015686275,441436608,153.0,1088.0
MOVE,0,1.0,0.01764706,441436616,153.0,1087.0
MOVE,0,1.0,0.01764706,441436625,153.0,1087.0
MOVE,0,1.0,0.01764706,441436633,153.0,1087.0
MOVE,0,1.0,0.01764706,441436641,153.0,1087.0
MOVE,0,1.0,0.01764706,441436650,153.0,1087.0
MOVE,0,1.0,0.01764706,441436658,153.0,1087.0
MOVE,0,1.0,0.01764706,441436666,153.0,1087.0
MOVE,0,1.0,0.01764706,441436675,153.0,1087.0
MOVE,0,1.0,0.01764706,441436683,153.0,1087.0
MOVE,0,1.0,0.01764706,441436691,153.0,1087.0
MOVE,0,1.0,0.01764706,441436700,153.0,1087.0
MOVE,0,1.0,0.01764706,441436708,153.0,1087.0
MOVE,0,1.0,0.01764706,441436716,153.0,1087.0
MOVE,0,1.0,0.01764706,441436725,153.0,1087.0
MOVE,0,1.0,0.01764706,441436733,153.0,1087.0
MOVE,0,1.0,0.013725491,441436739,153.0,1085.5
MOVE,0,1.0,0.013725491,441436758,153.0,1085.0
MOVE,0,1.0,0.013725491,441436766,153.0,1085.0
MOVE,0,1.0,0.013725491,441436775,153.0,1085.0
MOVE,0,1.0,0.013725491,441436783,153.0,1085.0
MOVE,0,1.0,0.013725491,441436791,153.0,1085.0
MOVE,0,1.0,0.013725491,441436800,152.0,1084.0
MOVE,0,1.0,0.013725491,441436808,152.0,1084.0
MOVE,0,1.0,0.013725491,441436814,150.5,1084.0
MOVE,0,1.0,0.013725491,441436833,150.5,1084.0
MOVE,0,1.0,0.013725491,441436841,150.5,1084.0
MOVE,0,1.0,0.013725491,441436849,150.5,1084.0
MOVE,0,1.0,0.015686275,441436858,149.27051,1084.0
MOVE,0,1.0,0.015686275,441436864,148.5,1084.0
UP,0,1.0,0.015686275,441436877,149.0,1084.0
MOVE,0,1.0,0.01764706,441441450,147.33887,895.4619
MOVE,0,1.0,0.015686275,441441458,152.53711,917.27246
MOVE,0,1.0,0.01764706,441441467,158.1709,940.6836
MOVE,0,1.0,0.01764706,441441475,164.21094,966.249
MOVE,0,1.0,0.013725491,441441483,169.51562,991.5781
MOVE,0,1.0,0.015686275,441441492,174.5791,1018.3291
MOVE,0,1.0,0.013725491,441441500,179.60742,1044.7598
MOVE,0,1.0,0.013725491,441441508,184.56055,1069.8027
MOVE,0,1.0,0.013725491,441441517,188.85938,1092.7256
MOVE,0,1.0,0.013725491,441441525,191.41699,1113.8809
MOVE,0,1.0,0.013725491,441441533,193.39844,1132.584
MOVE,0,1.0,0.011764707,441441542,195.41113,1150.6992
MOVE,0,1.0,0.013725491,441441550,197.41113,1168.7031
MOVE,0,1.0,0.013725491,441441558,199.38379,1186.457
MOVE,0,1.0,0.011764707,441441567,202.10449,1203.2236
MOVE,0,1.0,0.011764707,441441575,205.12695,1217.9248
MOVE,0,1.0,0.009803922,441441583,207.41992,1229.8076
MOVE,0,1.0,0.011764707,441441592,209.38281,1239.9131
MOVE,0,1.0,0.011764707,441441600,211.43066,1248.0078
MOVE,0,1.0,0.011764707,441441608,212.72363,1253.6162
MOVE,0,1.0,0.011764707,441441617,214.4209,1258.5518
MOVE,0,1.0,0.011764707,441441625,215.0,1262.1846
MOVE,0,1.0,0.011764707,441441633,215.7334,1265.2012
MOVE,0,1.0,0.011764707,441441642,216.72461,1267.4492
MOVE,0,1.0,0.009803922,441441650,217.0,1269.4473
MOVE,0,1.0,0.009803922,441441658,217.0,1271.4502
MOVE,0,1.0,0.009803922,441441667,216.28516,1273.4297
MOVE,0,1.0,0.009803922,441441675,216.0,1274.6758
MOVE,0,1.0,0.009803922,441441683,215.29785,1275.0
MOVE,0,1.0,0.009803922,441441692,215.0,1275.7314
MOVE,0,1.0,0.009803922,441441698,215.0,1276.5
MOVE,0,1.0,0.009803922,441441717,214.0,1277.0
MOVE,0,1.0,0.009803922,441441725,214.0,1277.0
MOVE,0,1.0,0.009803922,441441733,214.0,1277.0
MOVE,0,1.0,0.009803922,441441742,214.0,1277.0
MOVE,0,1.0,0.009803922,441441750,214.0,1277.0
MOVE,0,1.0,0.009803922,441441758,214.0,1277.0
MOVE,0,1.0,0.009803922,441441765,212.5,1277.0
MOVE,0,1.0,0.011764707,441441783,213.0,1259.3398
MOVE,0,1.0,0.011764707,441441792,211.56738,1237.0898
MOVE,0,1.0,0.009803922,441441800,207.4414,1208.6475
MOVE,0,1.0,0.013725491,441441808,201.76465,1176.707
MOVE,0,1.0,0.013725491,441441817,195.06152,1143.0117
MOVE,0,1.0,0.013725491,441441825,187.30664,1108.8018
MOVE,0,1.0,0.013725491,441441833,180.70996,1076.833
MOVE,0,1.0,0.013725491,441441842,173.29102,1047.3047
MOVE,0,1.0,0.013725491,441441850,164.54102,1020.3418
MOVE,0,1.0,0.011764707,441441858,155.54297,995.06445
MOVE,0,1.0,0.015686275,441441867,145.80957,971.4629
MOVE,0,1.0,0.011764707,441441875,136.51465,949.14746
MOVE,0,1.0,0.013725491,441441883,126.85449,929.4238
MOVE,0,1.0,0.015686275,441441892,116.80469,910.3281
MOVE,0,1.0,0.011764707,441441900,105.325195,893.4326
MOVE,0,1.0,0.011764707,441441908,93.29297,876.66504
MOVE,0,1.0,0.011764707,441441917,79.555664,857.6387
MOVE,0,1.0,0.013725491,441441925,65.06152,834.18555
MOVE,0,1.0,0.011764707,441441933,50.972656,810.52637
MOVE,0,1.0,0.011764707,441441936,47.0,804.0
UP,0,1.0,0.011764707,441441944,47.0,804.0
DOWN,0,1.0,0.011764707,441442294,122.0,938.0
MOVE,0,1.0,0.013725491,441442308,122.0,938.0
MOVE,0,1.0,0.013725491,441442317,122.0,938.0
MOVE,0,1.0,0.013725491,441442325,122.0,938.0
MOVE,0,1.0,0.013725491,441442333,122.0,941.95703
MOVE,0,1.0,0.013725491,441442342,122.72656,948.81055
MOVE,0,1.0,0.015686275,441442350,123.71777,955.3047
MOVE,0,1.0,0.015686275,441442358,124.70801,962.66504
MOVE,0,1.0,0.013725491,441442367,126.41406,979.85254
MOVE,0,1.0,0.015686275,441442375,129.15723,1006.1387
MOVE,0,1.0,0.013725491,441442383,132.14648,1035.4609
MOVE,0,1.0,0.013725491,441442392,135.12988,1067.4268
MOVE,0,1.0,0.013725491,441442400,139.58496,1102.0977
MOVE,0,1.0,0.011764707,441442408,144.60352,1135.7812
MOVE,0,1.0,0.013725491,441442417,150.22754,1168.958
MOVE,0,1.0,0.009803922,441442425,155.32324,1198.9375
MOVE,0,1.0,0.011764707,441442433,158.39941,1228.5869
MOVE,0,1.0,0.011764707,441442442,159.72168,1255.7529
MOVE,0,1.0,0.01764706,441442450,162.1543,1327.6338
MOVE,0,1.0,0.01764706,441442452,163.0,1353.0
UP,0,1.0,0.01764706,441442461,163.0,1353.0
DOWN,0,1.0,0.011764707,441442787,95.0,857.0
MOVE,0,1.0,0.011764707,441442808,99.16016,865.03906
MOVE,0,1.0,0.011764707,441442817,102.890625,872.7822
MOVE,0,1.0,0.011764707,441442825,104.71777,877.87305
MOVE,0,1.0,0.013725491,441442833,105.0,879.0
MOVE,0,1.0,0.013725491,441442842,105.0,879.0
MOVE,0,1.0,0.015686275,441442850,109.17676,893.7051
MOVE,0,1.0,0.015686275,441442858,112.16406,906.3779
MOVE,0,1.0,0.013725491,441442867,115.828125,919.8994
MOVE,0,1.0,0.013725491,441442875,119.13867,934.69336
MOVE,0,1.0,0.015686275,441442883,122.819336,949.57324
MOVE,0,1.0,0.013725491,441442892,126.84961,965.3994
MOVE,0,1.0,0.013725491,441442900,130.14062,980.70215
MOVE,0,1.0,0.013725491,441442908,133.15137,994.32227
MOVE,0,1.0,0.013725491,441442917,135.43945,1005.91895
MOVE,0,1.0,0.015686275,441442925,137.41699,1014.6699
MOVE,0,1.0,0.013725491,441442933,139.41016,1023.3457
MOVE,0,1.0,0.01764706,441442942,141.42383,1032.4082
MOVE,0,1.0,0.013725491,441442950,143.4209,1043.5254
MOVE,0,1.0,0.013725491,441442958,144.71484,1055.5732
MOVE,0,1.0,0.013725491,441442967,146.4248,1068.9727
MOVE,0,1.0,0.011764707,441442975,148.41406,1082.1904
MOVE,0,1.0,0.01764706,441442983,150.41699,1094.5
MOVE,0,1.0,0.01764706,441442992,152.42676,1105.8496
MOVE,0,1.0,0.013725491,441443000,154.43164,1116.875
MOVE,0,1.0,0.013725491,441443008,157.08203,1125.5518
MOVE,0,1.0,0.011764707,441443017,158.70508,1132.2285
MOVE,0,1.0,0.011764707,441443025,159.70996,1136.8398
MOVE,0,1.0,0.013725491,441443033,160.72266,1140.8926
MOVE,0,1.0,0.013725491,441443042,162.43945,1144.1592
MOVE,0,1.0,0.013725491,441443050,163.71777,1145.7178
MOVE,0,1.0,0.013725491,441443058,164.71777,1146.7178
MOVE,0,1.0,0.013725491,441443067,165.0,1147.7217
MOVE,0,1.0,0.013725491,441443073,165.0,1148.5
MOVE,0,1.0,0.013725491,441443092,166.72559,1149.0
MOVE,0,1.0,0.013725491,441443100,167.72754,1148.2725
MOVE,0,1.0,0.013725491,441443108,169.44336,1145.1143
MOVE,0,1.0,0.013725491,441443117,171.43848,1138.9648
MOVE,0,1.0,0.013725491,441443125,172.0,1127.5928
MOVE,0,1.0,0.013725491,441443133,170.56836,1110.3965
MOVE,0,1.0,0.01764706,441443142,165.69531,1085.627
MOVE,0,1.0,0.011764707,441443150,156.86621,1053.0312
MOVE,0,1.0,0.013725491,441443158,143.20117,1013.4834
MOVE,0,1.0,0.015686275,441443167,127.58887,969.19336
MOVE,0,1.0,0.011764707,441443175,108.58984,921.41504
MOVE,0,1.0,0.011764707,441443183,86.4209,871.959
MOVE,0,1.0,0.013725491,441443192,60.479492,821.85156
MOVE,0,1.0,0.009803922,441443200,32.64258,771.64746
MOVE,0,1.0,0.009803922,441443202,25.0,758.0
UP,0,1.0,0.009803922,441443211,25.0,758.0
DOWN,0,1.0,0.011764707,441443460,140.0,1054.0
MOVE,0,1.0,0.013725491,441443475,140.0,1054.0
MOVE,0,1.0,0.013725491,441443483,140.0,1054.0
MOVE,0,1.0,0.013725491,441443491,140.0,1054.0
MOVE,0,1.0,0.013725491,441443500,140.0,1054.0
MOVE,0,1.0,0.013725491,441443508,140.0,1054.0
MOVE,0,1.0,0.013725491,441443516,140.0,1054.0
MOVE,0,1.0,0.013725491,441443525,140.0,1054.0
MOVE,0,1.0,0.013725491,441443533,140.0,1054.0
MOVE,0,1.0,0.013725491,441443541,140.0,1054.0
MOVE,0,1.0,0.013725491,441443550,140.0,1054.0
MOVE,0,1.0,0.013725491,441443558,140.0,1054.0
MOVE,0,1.0,0.013725491,441443566,140.0,1054.0
MOVE,0,1.0,0.013725491,441443575,140.0,1054.0
MOVE,0,1.0,0.015686275,441443583,140.0,1053.0
MOVE,0,1.0,0.015686275,441443591,140.0,1053.0
MOVE,0,1.0,0.013725491,441443600,140.0,1051.2891
MOVE,0,1.0,0.015686275,441443608,140.0,1049.5645
MOVE,0,1.0,0.015686275,441443617,140.0,1046.8633
MOVE,0,1.0,0.015686275,441443625,140.0,1043.1816
MOVE,0,1.0,0.015686275,441443633,140.0,1039.169
MOVE,0,1.0,0.015686275,441443642,140.0,1035.167
MOVE,0,1.0,0.013725491,441443650,140.0,1031.8467
MOVE,0,1.0,0.011764707,441443658,139.28027,1028.1201
MOVE,0,1.0,0.013725491,441443667,137.5918,1019.959
MOVE,0,1.0,0.013725491,441443675,133.46973,1006.4082
MOVE,0,1.0,0.015686275,441443683,128.40625,990.5
MOVE,0,1.0,0.015686275,441443692,121.97168,973.06934
MOVE,0,1.0,0.013725491,441443700,114.94629,955.0049
MOVE,0,1.0,0.011764707,441443708,107.200195,936.2256
MOVE,0,1.0,0.015686275,441443717,98.46777,915.75684
MOVE,0,1.0,0.011764707,441443725,87.93945,893.8789
MOVE,0,1.0,0.011764707,441443733,76.21777,870.4346
MOVE,0,1.0,0.013725491,441443742,63.68457,845.36914
MOVE,0,1.0,0.009803922,441443750,51.79785,820.9121
MOVE,0,1.0,0.009803922,441443758,41.041992,797.6924
MOVE,0,1.0,0.011764707,441443767,16.362305,736.1846
MOVE,0,1.0,0.011764707,441443769,8.0,715.0
UP,0,1.0,0.011764707,441443777,8.0,715.0
DOWN,0,1.0,0.011764707,441444079,103.0,1006.0
MOVE,0,1.0,0.013725491,441444091,103.6543,1006.0
MOVE,0,1.0,0.011764707,441444100,104.706055,1005.29395
MOVE,0,1.0,0.011764707,441444106,105.5,1004.5
MOVE,0,1.0,0.011764707,441444125,105.5,1004.5
MOVE,0,1.0,0.011764707,441444133,105.5,1004.5
MOVE,0,1.0,0.011764707,441444141,105.5,1004.5
MOVE,0,1.0,0.011764707,441444150,105.5,1004.5
MOVE,0,1.0,0.011764707,441444158,105.5,1004.5
MOVE,0,1.0,0.011764707,441444166,105.5,1004.5
MOVE,0,1.0,0.011764707,441444175,105.5,1004.5
MOVE,0,1.0,0.011764707,441444183,105.5,1004.5
MOVE,0,1.0,0.011764707,441444191,105.5,1004.5
MOVE,0,1.0,0.011764707,441444200,105.5,1004.5
MOVE,0,1.0,0.011764707,441444208,105.5,1004.5
MOVE,0,1.0,0.011764707,441444216,105.5,1004.5
MOVE,0,1.0,0.011764707,441444225,105.5,1004.5
MOVE,0,1.0,0.011764707,441444233,106.0,1001.86426
MOVE,0,1.0,0.011764707,441444241,106.71094,997.4463
MOVE,0,1.0,0.011764707,441444250,107.0,991.80566
MOVE,0,1.0,0.011764707,441444258,107.0,987.1865
MOVE,0,1.0,0.015686275,441444266,107.0,983.84863
MOVE,0,1.0,0.015686275,441444275,106.28027,979.40137
MOVE,0,1.0,0.011764707,441444283,105.2832,972.2637
MOVE,0,1.0,0.011764707,441444291,103.546875,964.18945
MOVE,0,1.0,0.011764707,441444300,101.54492,956.9072
MOVE,0,1.0,0.011764707,441444308,100.27734,949.94434
MOVE,0,1.0,0.011764707,441444316,98.56152,943.68555
MOVE,0,1.0,0.011764707,441444325,97.27734,937.666
MOVE,0,1.0,0.011764707,441444333,96.28027,932.4043
MOVE,0,1.0,0.011764707,441444341,94.57129,927.42773
MOVE,0,1.0,0.011764707,441444350,94.0,923.16113
MOVE,0,1.0,0.011764707,441444358,93.2793,919.83887
MOVE,0,1.0,0.013725491,441444366,93.0,917.541
MOVE,0,1.0,0.013725491,441444375,92.27051,915.542
MOVE,0,1.0,0.013725491,441444383,92.0,914.27246
MOVE,0,1.0,0.013725491,441444391,92.0,913.2793
MOVE,0,1.0,0.013725491,441444400,92.0,911.5625
MOVE,0,1.0,0.013725491,441444408,92.0,910.28125
MOVE,0,1.0,0.013725491,441444416,92.0,908.56934
MOVE,0,1.0,0.013725491,441444425,92.0,907.2842
MOVE,0,1.0,0.013725491,441444433,92.71777,906.2822
MOVE,0,1.0,0.013725491,441444440,93.5,905.5
MOVE,0,1.0,0.013725491,441444458,93.5,905.5
MOVE,0,1.0,0.013725491,441444466,92.0,904.26855
MOVE,0,1.0,0.013725491,441444469,92.0,904.0
UP,0,1.0,0.013725491,441444477,92.0,904.0
MOVE,0,1.0,0.013725491,441449383,132.5664,1094.9834
MOVE,0,1.0,0.013725491,441449391,131.29883,1089.4961
MOVE,0,1.0,0.013725491,441449400,130.29785,1083.7861
MOVE,0,1.0,0.013725491,441449408,129.29688,1078.4824
MOVE,0,1.0,0.011764707,441449416,128.2793,1073.3945
MOVE,0,1.0,0.011764707,441449425,127.288086,1068.4414
MOVE,0,1.0,0.011764707,441449433,126.29883,1062.791
MOVE,0,1.0,0.015686275,441449441,125.28125,1056.6855
MOVE,0,1.0,0.015686275,441449450,124.27734,1051.3877
MOVE,0,1.0,0.013725491,441449458,123.28613,1045.7188
MOVE,0,1.0,0.013725491,441449466,122.28418,1039.7021
MOVE,0,1.0,0.013725491,441449475,121.29004,1033.7383
MOVE,0,1.0,0.013725491,441449483,121.0,1027.7705
MOVE,0,1.0,0.013725491,441449491,120.2832,1023.13184
MOVE,0,1.0,0.011764707,441449500,119.27637,1019.10645
MOVE,0,1.0,0.011764707,441449508,118.27832,1015.834
MOVE,0,1.0,0.011764707,441449516,117.27637,1012.8291
MOVE,0,1.0,0.011764707,441449525,117.0,1009.0908
MOVE,0,1.0,0.011764707,441449533,117.0,1005.8076
MOVE,0,1.0,0.011764707,441449541,117.0,1003.5586
MOVE,0,1.0,0.011764707,441449550,116.28027,1001.56055
MOVE,0,1.0,0.011764707,441449558,115.27637,999.5537
MOVE,0,1.0,0.011764707,441449566,115.0,997.5596
MOVE,0,1.0,0.011764707,441449575,114.27832,996.2783
MOVE,0,1.0,0.011764707,441449583,113.268555,995.26855
MOVE,0,1.0,0.011764707,441449591,112.274414,993.54785
MOVE,0,1.0,0.011764707,441449600,111.271484,992.2715
MOVE,0,1.0,0.011764707,441449608,110.27832,990.55566
MOVE,0,1.0,0.011764707,441449616,109.2793,988.5576
MOVE,0,1.0,0.011764707,441449625,109.0,985.83594
MOVE,0,1.0,0.011764707,441449633,109.0,983.5703
MOVE,0,1.0,0.011764707,441449641,108.28613,981.57324
MOVE,0,1.0,0.011764707,441449650,108.0,979.5664
MOVE,0,1.0,0.011764707,441449658,108.0,978.2822
MOVE,0,1.0,0.015686275,441449666,108.0,976.57324
MOVE,0,1.0,0.015686275,441449675,108.0,975.3242
MOVE,0,1.0,0.015686275,441449683,108.0,974.2949
MOVE,0,1.0,0.015686275,441449691,108.0,973.28516
MOVE,0,1.0,0.015686275,441449700,108.0,972.28613
MOVE,0,1.0,0.015686275,441449708,108.0,971.2803
MOVE,0,1.0,0.015686275,441449716,108.0,970.2783
MOVE,0,1.0,0.015686275,441449725,107.2793,969.2793
MOVE,0,1.0,0.013725491,441449733,106.2666,968.2666
MOVE,0,1.0,0.011764707,441449741,106.0,968.0
MOVE,0,1.0,0.011764707,441449750,106.0,968.0
MOVE,0,1.0,0.013725491,441449758,106.0,966.28125
MOVE,0,1.0,0.013725491,441449766,106.0,965.27637
MOVE,0,1.0,0.011764707,441449775,105.27734,964.27734
MOVE,0,1.0,0.011764707,441449783,105.0,963.28516
MOVE,0,1.0,0.011764707,441449791,104.28516,963.0
MOVE,0,1.0,0.011764707,441449800,104.0,962.2715
MOVE,0,1.0,0.011764707,441449808,104.0,961.26855
MOVE,0,1.0,0.011764707,441449816,104.0,960.2754
MOVE,0,1.0,0.011764707,441449825,104.0,959.2793
MOVE,0,1.0,0.011764707,441449831,104.0,958.5
MOVE,0,1.0,0.011764707,441449850,104.0,958.0
MOVE,0,1.0,0.011764707,441449858,104.0,958.0
MOVE,0,1.0,0.011764707,441449866,103.0,957.2754
MOVE,0,1.0,0.011764707,441449873,103.0,956.5
MOVE,0,1.0,0.011764707,441449891,103.0,956.0
MOVE,0,1.0,0.011764707,441449900,103.0,956.0
MOVE,0,1.0,0.011764707,441449906,103.0,954.5
MOVE,0,1.0,0.011764707,441449925,102.0,953.2754
MOVE,0,1.0,0.011764707,441449933,102.0,953.0
MOVE,0,1.0,0.011764707,441449941,102.0,953.0
MOVE,0,1.0,0.011764707,441449950,101.0,951.26953
MOVE,0,1.0,0.011764707,441449956,101.0,950.5
MOVE,0,1.0,0.011764707,441449975,101.0,950.0
MOVE,0,1.0,0.011764707,441449983,101.0,950.0
MOVE,0,1.0,0.011764707,441449990,101.0,948.5
MOVE,0,1.0,0.011764707,441450008,100.28613,948.0
MOVE,0,1.0,0.011764707,441450016,100.0,947.28125
MOVE,0,1.0,0.011764707,441450025,100.0,946.2803
MOVE,0,1.0,0.011764707,441450033,100.0,946.0
MOVE,0,1.0,0.011764707,441450041,100.0,946.0
MOVE,0,1.0,0.011764707,441450050,100.0,944.27637
MOVE,0,1.0,0.011764707,441450056,100.0,943.5
MOVE,0,1.0,0.011764707,441450075,100.0,942.28516
MOVE,0,1.0,0.011764707,441450083,99.27344,942.0
MOVE,0,1.0,0.011764707,441450091,99.0,942.0
MOVE,0,1.0,0.011764707,441450100,99.0,942.0
MOVE,0,1.0,0.011764707,441450106,99.0,940.5
MOVE,0,1.0,0.011764707,441450125,99.0,940.0
MOVE,0,1.0,0.011764707,441450133,99.0,940.0
MOVE,0,1.0,0.011764707,441450139,99.0,938.5
MOVE,0,1.0,0.011764707,441450158,99.0,937.291
MOVE,0,1.0,0.011764707,441450166,99.0,937.0
MOVE,0,1.0,0.011764707,441450175,99.0,937.0
MOVE,0,1.0,0.011764707,441450181,99.0,935.5
MOVE,0,1.0,0.011764707,441450200,99.0,935.5
MOVE,0,1.0,0.011764707,441450206,99.0,934.5
MOVE,0,1.0,0.011764707,441450225,99.0,933.2803
MOVE,0,1.0,0.011764707,441450233,99.0,933.0
MOVE,0,1.0,0.011764707,441450241,99.0,933.0
MOVE,0,1.0,0.011764707,441450250,98.26953,932.0
MOVE,0,1.0,0.011764707,441450258,98.0,931.2715
MOVE,0,1.0,0.011764707,441450264,98.0,930.5
MOVE,0,1.0,0.011764707,441450283,98.0,929.2783
MOVE,0,1.0,0.011764707,441450291,97.27246,928.27246
MOVE,0,1.0,0.011764707,441450300,97.0,928.0
MOVE,0,1.0,0.011764707,441450308,97.0,928.0
MOVE,0,1.0,0.011764707,441450316,96.27051,926.2705
MOVE,0,1.0,0.011764707,441450325,96.0,925.26855
MOVE,0,1.0,0.011764707,441450331,96.0,924.5
MOVE,0,1.0,0.011764707,441450350,96.0,923.2783
MOVE,0,1.0,0.011764707,441450358,96.0,922.2803
MOVE,0,1.0,0.011764707,441450366,96.0,922.0
MOVE,0,1.0,0.011764707,441450375,96.0,922.0
MOVE,0,1.0,0.011764707,441450381,96.0,920.5
MOVE,0,1.0,0.011764707,441450400,96.0,920.0
MOVE,0,1.0,0.011764707,441450408,96.0,920.0
MOVE,0,1.0,0.011764707,441450416,96.0,920.0
MOVE,0,1.0,0.013725491,441450425,96.0,919.0
MOVE,0,1.0,0.013725491,441450433,96.0,919.0
MOVE,0,1.0,0.013725491,441450441,95.0,917.27637
MOVE,0,1.0,0.013725491,441450448,95.0,916.5
MOVE,0,1.0,0.013725491,441450466,95.0,915.292
MOVE,0,1.0,0.013725491,441450475,95.0,914.2783
MOVE,0,1.0,0.013725491,441450483,95.0,913.2744
MOVE,0,1.0,0.013725491,441450491,95.0,912.27637
MOVE,0,1.0,0.013725491,441450500,94.28418,911.2842
MOVE,0,1.0,0.013725491,441450508,94.0,909.5576
MOVE,0,1.0,0.013725491,441450516,94.0,907.55664
MOVE,0,1.0,0.013725491,441450525,93.27832,904.11426
MOVE,0,1.0,0.011764707,441450533,91.61719,900.23535
MOVE,0,1.0,0.011764707,441450541,88.865234,895.4414
MOVE,0,1.0,0.011764707,441450550,85.09277,888.9131
MOVE,0,1.0,0.011764707,441450558,79.71875,879.86523
MOVE,0,1.0,0.011764707,441450566,73.03027,867.0615
MOVE,0,1.0,0.013725491,441450575,63.057617,849.28125
MOVE,0,1.0,0.011764707,441450583,49.993164,826.8457
MOVE,0,1.0,0.009803922,441450591,32.710938,800.417
MOVE,0,1.0,0.011764707,441450600,13.703125,762.60645
MOVE,0,1.0,0.011764707,441450602,8.0,750.0
UP,0,1.0,0.011764707,441450610,8.0,750.0
DOWN,0,1.0,0.011764707,441450986,96.0,957.0
MOVE,0,1.0,0.013725491,441451008,96.0,957.0
MOVE,0,1.0,0.013725491,441451016,96.0,957.0
MOVE,0,1.0,0.013725491,441451025,96.0,957.0
MOVE,0,1.0,0.013725491,441451033,96.0,957.0
MOVE,0,1.0,0.013725491,441451041,96.0,957.0
MOVE,0,1.0,0.013725491,441451050,96.0,957.0
MOVE,0,1.0,0.013725491,441451058,96.0,957.0
MOVE,0,1.0,0.013725491,441451066,96.0,957.0
MOVE,0,1.0,0.013725491,441451075,96.0,957.0
MOVE,0,1.0,0.013725491,441451083,96.0,957.0
MOVE,0,1.0,0.011764707,441451091,96.0,955.27734
MOVE,0,1.0,0.011764707,441451100,96.663086,952.34863
MOVE,0,1.0,0.011764707,441451108,97.0,948.2969
MOVE,0,1.0,0.011764707,441451116,97.0,944.1924
MOVE,0,1.0,0.011764707,441451125,97.0,940.8447
MOVE,0,1.0,0.011764707,441451133,97.0,937.13477
MOVE,0,1.0,0.011764707,441451141,97.0,935.2822
MOVE,0,1.0,0.011764707,441451150,97.0,935.0
MOVE,0,1.0,0.011764707,441451158,97.0,935.0
MOVE,0,1.0,0.011764707,441451166,97.0,935.0
MOVE,0,1.0,0.011764707,441451175,97.0,935.0
MOVE,0,1.0,0.011764707,441451183,97.0,935.0
MOVE,0,1.0,0.013725491,441451191,95.56152,931.124
MOVE,0,1.0,0.013725491,441451200,94.28223,925.6924
MOVE,0,1.0,0.011764707,441451208,92.578125,919.0244
MOVE,0,1.0,0.011764707,441451216,89.87695,912.0459
MOVE,0,1.0,0.011764707,441451225,86.86719,905.02246
MOVE,0,1.0,0.011764707,441451233,84.57031,897.99805
MOVE,0,1.0,0.011764707,441451241,81.84375,891.6865
MOVE,0,1.0,0.011764707,441451250,78.82129,884.917
MOVE,0,1.0,0.011764707,441451258,75.81641,877.9043
MOVE,0,1.0,0.013725491,441451266,72.80957,871.61914
MOVE,0,1.0,0.013725491,441451275,69.831055,865.6621
MOVE,0,1.0,0.013725491,441451283,66.96875,859.9375
MOVE,0,1.0,0.013725491,441451291,63.865234,854.4414
MOVE,0,1.0,0.013725491,441451300,59.551758,848.17285
MOVE,0,1.0,0.011764707,441451308,55.17871,838.2422
MOVE,0,1.0,0.011764707,441451316,50.396484,827.79395
MOVE,0,1.0,0.011764707,441451319,49.0,825.0
UP,0,1.0,0.011764707,441451327,49.0,825.0
DOWN,0,1.0,0.011764707,441451911,120.0,1040.0
MOVE,0,1.0,0.015686275,441451924,120.0,1038.5586
MOVE,0,1.0,0.013725491,441451933,119.27344,1034.3672
MOVE,0,1.0,0.013725491,441451941,118.28613,1027.291
MOVE,0,1.0,0.013725491,441451949,118.0,1022.1582
MOVE,0,1.0,0.011764707,441451958,117.2793,1018.11523
MOVE,0,1.0,0.011764707,441451966,114.8584,1008.43164
MOVE,0,1.0,0.015686275,441451974,111.1543,994.3281
MOVE,0,1.0,0.011764707,441451983,106.48535,978.7539
MOVE,0,1.0,0.011764707,441451991,101.45996,963.38086
MOVE,0,1.0,0.011764707,441451999,97.17871,948.41895
MOVE,0,1.0,0.013725491,441452008,93.14551,934.7217
MOVE,0,1.0,0.013725491,441452016,89.856445,923.1416
MOVE,0,1.0,0.011764707,441452024,86.87988,914.3467
MOVE,0,1.0,0.011764707,441452033,84.5625,906.9697
MOVE,0,1.0,0.011764707,441452041,83.28613,901.43164
MOVE,0,1.0,0.011764707,441452049,82.299805,897.2002
MOVE,0,1.0,0.011764707,441452058,81.28613,893.14355
MOVE,0,1.0,0.011764707,441452066,80.2793,888.3965
MOVE,0,1.0,0.011764707,441452074,79.28516,884.1416
MOVE,0,1.0,0.011764707,441452083,78.293945,880.1738
MOVE,0,1.0,0.013725491,441452091,77.29297,876.8779
MOVE,0,1.0,0.013725491,441452099,77.0,872.5039
MOVE,0,1.0,0.013725491,441452108,76.29004,868.8701
MOVE,0,1.0,0.013725491,441452116,75.27734,865.1084
MOVE,0,1.0,0.013725491,441452125,75.0,861.83496
MOVE,0,1.0,0.013725491,441452133,73.54785,858.82227
MOVE,0,1.0,0.013725491,441452141,72.274414,855.82324
MOVE,0,1.0,0.013725491,441452150,71.28223,853.5654
MOVE,0,1.0,0.013725491,441452158,71.0,851.5762
MOVE,0,1.0,0.013725491,441452166,71.0,850.3164
MOVE,0,1.0,0.013725491,441452175,70.29199,848.58496
MOVE,0,1.0,0.013725491,441452183,70.0,846.5498
MOVE,0,1.0,0.013725491,441452191,69.29492,844.58984
MOVE,0,1.0,0.013725491,441452199,68.28223,843.2822
MOVE,0,1.0,0.013725491,441452208,67.27734,841.5537
MOVE,0,1.0,0.013725491,441452216,67.0,840.2744
MOVE,0,1.0,0.013725491,441452224,67.0,839.2783
MOVE,0,1.0,0.013725491,441452233,67.0,839.0
MOVE,0,1.0,0.013725491,441452241,67.0,839.0
MOVE,0,1.0,0.013725491,441452249,66.28613,837.28613
MOVE,0,1.0,0.013725491,441452258,65.274414,835.5498
MOVE,0,1.0,0.013725491,441452266,64.28223,833.56445
MOVE,0,1.0,0.011764707,441452274,61.853516,830.8535
MOVE,0,1.0,0.011764707,441452283,59.58008,828.5801
MOVE,0,1.0,0.011764707,441452291,57.55957,825.83984
MOVE,0,1.0,0.011764707,441452299,56.283203,823.5664
MOVE,0,1.0,0.009803922,441452308,53.836914,820.1162
MOVE,0,1.0,0.009803922,441452316,50.1084,816.1084
MOVE,0,1.0,0.009803922,441452324,47.56836,810.7051
MOVE,0,1.0,0.009803922,441452333,45.56543,803.9795
MOVE,0,1.0,0.009803922,441452341,43.581055,797.0332
MOVE,0,1.0,0.009803922,441452344,43.0,795.0
UP,0,1.0,0.009803922,441452352,43.0,795.0
MOVE,0,1.0,0.015686275,441454824,101.177734,890.9844
MOVE,0,1.0,0.015686275,441454833,104.1416,901.1377
MOVE,0,1.0,0.011764707,441454841,106.41699,911.08496
MOVE,0,1.0,0.013725491,441454849,108.39551,921.6758
MOVE,0,1.0,0.013725491,441454858,110.40723,932.0381
MOVE,0,1.0,0.013725491,441454866,112.42383,940.69434
MOVE,0,1.0,0.015686275,441454874,113.71582,948.0078
MOVE,0,1.0,0.015686275,441454883,114.70508,954.2295
MOVE,0,1.0,0.015686275,441454891,115.7041,960.22363
MOVE,0,1.0,0.015686275,441454899,116.0,965.5674
MOVE,0,1.0,0.015686275,441454908,116.71582,969.86523
MOVE,0,1.0,0.011764707,441454916,117.0,973.14453
MOVE,0,1.0,0.011764707,441454924,117.71094,976.1338
MOVE,0,1.0,0.011764707,441454933,118.0,977.7158
MOVE,0,1.0,0.011764707,441454941,118.0,978.7168
MOVE,0,1.0,0.011764707,441454949,118.71387,980.4287
MOVE,0,1.0,0.011764707,441454958,119.70996,982.4209
MOVE,0,1.0,0.011764707,441454966,120.0,984.4297
MOVE,0,1.0,0.011764707,441454974,121.43457,986.4346
MOVE,0,1.0,0.011764707,441454983,122.71484,989.14453
MOVE,0,1.0,0.015686275,441454991,123.72461,991.4492
MOVE,0,1.0,0.013725491,441454999,124.71875,993.4375
MOVE,0,1.0,0.013725491,441455008,125.71973,994.7197
MOVE,0,1.0,0.013725491,441455014,126.5,995.5
MOVE,0,1.0,0.013725491,441455033,126.5,995.5
MOVE,0,1.0,0.013725491,441455039,126.0,996.5
MOVE,0,1.0,0.013725491,441455058,126.0,996.5
MOVE,0,1.0,0.015686275,441455066,127.0,994.5449
MOVE,0,1.0,0.015686275,441455074,127.0,989.61035
MOVE,0,1.0,0.015686275,441455083,125.56543,980.11035
MOVE,0,1.0,0.015686275,441455091,122.174805,967.1113
MOVE,0,1.0,0.013725491,441455099,118.15137,951.6074
MOVE,0,1.0,0.011764707,441455108,112.65625,933.9678
MOVE,0,1.0,0.011764707,441455116,105.21875,915.26855
MOVE,0,1.0,0.011764707,441455124,96.48633,894.07715
MOVE,0,1.0,0.011764707,441455133,84.413086,868.8262
MOVE,0,1.0,0.013725491,441455141,67.74219,839.167
MOVE,0,1.0,0.009803922,441455149,50.54785,808.29297
MOVE,0,1.0,0.009803922,441455152,46.0,800.0
UP,0,1.0,0.009803922,441455160,46.0,800.0
